Year,Province,District,Month,ATMs_Number
2020,Niassa,Chimbunhila,Dezembro,1.0
2020,Zambézia,Cidade de Quelimane,Abril,61.0
2020,Zambézia,Cidade de Quelimane,Julho,58.0
2020,Niassa,Muembe,Março,0.0
2020,Niassa,Nipepe,Setembro,1.0
2020,Niassa,Chimbunhila,Outubro,0.0
2020,Niassa,Chimbunhila,Setembro,0.0
2020,Niassa,Chimbunhila,Agosto,0.0
2020,Niassa,Chimbunhila,Julho,0.0
2020,Niassa,Chimbunhila,Junho,0.0
2020,Niassa,Chimbunhila,Maio,0.0
2020,Niassa,Chimbunhila,Abril,0.0
2020,Niassa,Chimbunhila,Março,0.0
2020,Niassa,Chimbunhila,Fevereiro,0.0
2020,Niassa,Chimbunhila,Janeiro,0.0
2020,Niassa,Sanga,Dezembro,0.0
2020,Niassa,Sanga,Novembro,0.0
2020,Niassa,Sanga,Outubro,0.0
2020,Niassa,Sanga,Setembro,0.0
2020,Niassa,Sanga,Agosto,0.0
2020,Niassa,Sanga,Julho,0.0
2020,Niassa,Sanga,Junho,0.0
2020,Niassa,Sanga,Maio,0.0
2020,Niassa,Sanga,Abril,0.0
2020,Niassa,Sanga,Março,0.0
2020,Niassa,Sanga,Fevereiro,0.0
2020,Niassa,Sanga,Janeiro,0.0
2020,Niassa,Muembe,Agosto,0.0
2020,Niassa,Nipepe,Agosto,1.0
2020,Niassa,Muembe,Maio,0.0
2020,Niassa,Nipepe,Junho,1.0
2020,Niassa,Muembe,Junho,0.0
2020,Niassa,Maúa,Maio,2.0
2020,Niassa,Nipepe,Julho,1.0
2020,Niassa,Nipepe,Maio,1.0
2020,Niassa,Nipepe,Abril,1.0
2020,Niassa,Nipepe,Março,1.0
2020,Niassa,Nipepe,Fevereiro,1.0
2020,Niassa,Nipepe,Janeiro,1.0
2020,Niassa,N´gauma,Dezembro,0.0
2020,Niassa,N´gauma,Novembro,0.0
2020,Niassa,N´gauma,Outubro,0.0
2020,Niassa,N´gauma,Setembro,0.0
2020,Niassa,N´gauma,Agosto,0.0
2020,Niassa,N´gauma,Julho,0.0
2020,Niassa,N´gauma,Junho,0.0
2020,Niassa,N´gauma,Maio,0.0
2020,Niassa,N´gauma,Abril,0.0
2020,Niassa,N´gauma,Março,0.0
2020,Niassa,N´gauma,Fevereiro,0.0
2020,Niassa,N´gauma,Janeiro,0.0
2020,Niassa,Muembe,Dezembro,0.0
2020,Niassa,Muembe,Novembro,0.0
2020,Niassa,Muembe,Outubro,0.0
2020,Niassa,Muembe,Setembro,0.0
2020,Niassa,Nipepe,Dezembro,1.0
2020,Niassa,Muembe,Julho,0.0
2020,Niassa,Nipepe,Novembro,1.0
2020,Niassa,Maúa,Setembro,2.0
2020,Niassa,Muembe,Abril,0.0
2020,Niassa,Muembe,Fevereiro,0.0
2020,Niassa,Muembe,Janeiro,0.0
2020,Niassa,Mecanhelas,Novembro,3.0
2020,Niassa,Metarica,Dezembro,0.0
2020,Niassa,Metarica,Novembro,0.0
2020,Niassa,Metarica,Outubro,0.0
2020,Niassa,Metarica,Setembro,0.0
2020,Niassa,Metarica,Agosto,0.0
2020,Niassa,Metarica,Julho,0.0
2020,Niassa,Metarica,Junho,0.0
2020,Niassa,Metarica,Maio,0.0
2020,Niassa,Metarica,Abril,0.0
2020,Niassa,Metarica,Março,0.0
2020,Niassa,Metarica,Fevereiro,0.0
2020,Niassa,Metarica,Janeiro,0.0
2020,Niassa,Mecula,Dezembro,2.0
2020,Niassa,Mecula,Novembro,2.0
2020,Niassa,Mecula,Outubro,2.0
2020,Niassa,Mecula,Setembro,2.0
2020,Niassa,Mecula,Agosto,2.0
2020,Niassa,Mecula,Julho,2.0
2020,Niassa,Mecula,Junho,2.0
2020,Niassa,Mecula,Maio,2.0
2020,Niassa,Mecula,Abril,2.0
2020,Niassa,Mecula,Março,2.0
2020,Niassa,Maúa,Outubro,2.0
2020,Niassa,Maúa,Abril,2.0
2020,Niassa,Nipepe,Outubro,1.0
2020,Niassa,Mecanhelas,Agosto,3.0
2020,Niassa,Maúa,Agosto,2.0
2020,Niassa,Maúa,Junho,2.0
2020,Niassa,Mecanhelas,Setembro,3.0
2020,Niassa,Mecanhelas,Julho,3.0
2020,Niassa,Mecanhelas,Junho,3.0
2020,Niassa,Mecanhelas,Maio,3.0
2020,Niassa,Mecanhelas,Abril,3.0
2020,Niassa,Mecanhelas,Março,3.0
2020,Niassa,Mecanhelas,Fevereiro,3.0
2020,Niassa,Mecanhelas,Janeiro,3.0
2020,Niassa,Mavago,Dezembro,2.0
2020,Niassa,Mavago,Novembro,2.0
2020,Niassa,Mavago,Outubro,2.0
2020,Niassa,Mavago,Setembro,2.0
2020,Niassa,Mavago,Agosto,2.0
2020,Niassa,Mavago,Julho,2.0
2020,Niassa,Mavago,Junho,2.0
2020,Niassa,Mavago,Maio,2.0
2020,Niassa,Mavago,Abril,2.0
2020,Niassa,Mavago,Março,2.0
2020,Niassa,Mavago,Fevereiro,2.0
2020,Niassa,Mavago,Janeiro,2.0
2020,Niassa,Maúa,Dezembro,2.0
2020,Niassa,Maúa,Novembro,2.0
2020,Niassa,Mecula,Fevereiro,2.0
2020,Niassa,Cuamba,Julho,16.0
2020,Niassa,Mecanhelas,Outubro,3.0
2020,Niassa,Maúa,Julho,2.0
2020,Niassa,Maúa,Março,2.0
2020,Cabo Delgado,Quissanga,Abril,0.0
2020,Niassa,Manjune,Dezembro,1.0
2020,Niassa,Mandimba,Janeiro,2.0
2020,Niassa,Maúa,Fevereiro,2.0
2020,Niassa,Maúa,Janeiro,2.0
2020,Niassa,Marrupa,Dezembro,2.0
2020,Niassa,Marrupa,Novembro,2.0
2020,Niassa,Marrupa,Outubro,2.0
2020,Niassa,Marrupa,Setembro,2.0
2020,Niassa,Marrupa,Agosto,2.0
2020,Niassa,Marrupa,Julho,2.0
2020,Niassa,Marrupa,Junho,2.0
2020,Niassa,Marrupa,Maio,2.0
2020,Niassa,Marrupa,Abril,2.0
2020,Niassa,Marrupa,Março,2.0
2020,Niassa,Marrupa,Fevereiro,2.0
2020,Niassa,Marrupa,Janeiro,2.0
2020,Niassa,Mandimba,Dezembro,2.0
2020,Niassa,Mandimba,Novembro,2.0
2020,Niassa,Mandimba,Outubro,2.0
2020,Niassa,Mandimba,Setembro,2.0
2020,Niassa,Mandimba,Agosto,2.0
2020,Niassa,Mandimba,Julho,2.0
2020,Niassa,Mandimba,Junho,2.0
2020,Niassa,Mandimba,Maio,2.0
2020,Niassa,Mandimba,Março,2.0
2020,Niassa,Mandimba,Abril,2.0
2020,Niassa,Manjune,Novembro,1.0
2020,Niassa,Lago,Setembro,3.0
2020,Niassa,Manjune,Setembro,0.0
2020,Niassa,Manjune,Agosto,0.0
2020,Niassa,Manjune,Julho,0.0
2020,Niassa,Manjune,Junho,0.0
2020,Niassa,Manjune,Maio,0.0
2020,Niassa,Manjune,Abril,0.0
2020,Niassa,Manjune,Março,0.0
2020,Niassa,Manjune,Fevereiro,0.0
2020,Niassa,Manjune,Janeiro,0.0
2020,Niassa,Lago,Dezembro,3.0
2020,Niassa,Mecanhelas,Dezembro,3.0
2020,Cabo Delgado,Nangade,Setembro,2.0
2020,Niassa,Lago,Agosto,3.0
2020,Nampula,Nacaroa,Maio,1.0
2020,Niassa,Lago,Julho,3.0
2020,Niassa,Lago,Junho,3.0
2020,Niassa,Lago,Maio,3.0
2020,Niassa,Lago,Abril,5.0
2020,Niassa,Lago,Março,3.0
2020,Niassa,Lago,Fevereiro,3.0
2020,Niassa,Lago,Janeiro,3.0
2020,Niassa,Cuamba,Dezembro,16.0
2020,Niassa,Cuamba,Novembro,16.0
2020,Niassa,Cuamba,Outubro,16.0
2020,Niassa,Cuamba,Agosto,16.0
2020,Cabo Delgado,Nangade,Outubro,2.0
2020,Niassa,Mecula,Janeiro,2.0
2020,Niassa,Cuamba,Junho,16.0
2020,Niassa,Cuamba,Abril,16.0
2020,Cabo Delgado,Quissanga,Fevereiro,0.0
2020,Niassa,Cuamba,Março,16.0
2020,Niassa,Cuamba,Fevereiro,16.0
2020,Niassa,Cuamba,Janeiro,16.0
2020,Niassa,Cidade de Lichinga,Dezembro,30.0
2020,Niassa,Cidade de Lichinga,Novembro,30.0
2020,Niassa,Cidade de Lichinga,Outubro,30.0
2020,Niassa,Cidade de Lichinga,Setembro,30.0
2020,Niassa,Cidade de Lichinga,Agosto,31.0
2020,Niassa,Cidade de Lichinga,Julho,31.0
2020,Niassa,Cidade de Lichinga,Junho,31.0
2020,Niassa,Cidade de Lichinga,Maio,31.0
2020,Niassa,Cidade de Lichinga,Abril,31.0
2020,Niassa,Cidade de Lichinga,Março,30.0
2020,Niassa,Cidade de Lichinga,Fevereiro,30.0
2020,Niassa,Cidade de Lichinga,Janeiro,30.0
2020,Cabo Delgado,Quissanga,Dezembro,0.0
2020,Cabo Delgado,Quissanga,Novembro,0.0
2020,Cabo Delgado,Quissanga,Outubro,0.0
2020,Cabo Delgado,Quissanga,Setembro,0.0
2020,Cabo Delgado,Quissanga,Agosto,0.0
2020,Cabo Delgado,Quissanga,Julho,0.0
2020,Cabo Delgado,Quissanga,Junho,0.0
2020,Cabo Delgado,Quissanga,Maio,0.0
2020,Cabo Delgado,Quissanga,Janeiro,0.0
2020,Cabo Delgado,Quissanga,Março,0.0
2020,Cabo Delgado,Pemba-Metuge,Novembro,2.0
2020,Cabo Delgado,Nangade,Novembro,2.0
2020,Niassa,Cuamba,Maio,16.0
2020,Cabo Delgado,Pemba-Metuge,Dezembro,2.0
2020,Cabo Delgado,Pemba-Metuge,Outubro,2.0
2020,Cabo Delgado,Pemba-Metuge,Setembro,2.0
2020,Cabo Delgado,Pemba-Metuge,Agosto,2.0
2020,Cabo Delgado,Pemba-Metuge,Julho,0.0
2020,Cabo Delgado,Pemba-Metuge,Junho,0.0
2020,Cabo Delgado,Pemba-Metuge,Maio,0.0
2020,Cabo Delgado,Pemba-Metuge,Abril,0.0
2020,Cabo Delgado,Pemba-Metuge,Março,0.0
2020,Cabo Delgado,Pemba-Metuge,Fevereiro,0.0
2020,Cabo Delgado,Pemba-Metuge,Janeiro,0.0
2020,Cabo Delgado,Palma,Dezembro,10.0
2020,Cabo Delgado,Palma,Novembro,10.0
2020,Cabo Delgado,Palma,Outubro,10.0
2020,Cabo Delgado,Palma,Setembro,10.0
2020,Cabo Delgado,Palma,Agosto,10.0
2020,Cabo Delgado,Palma,Julho,10.0
2020,Cabo Delgado,Palma,Junho,10.0
2020,Cabo Delgado,Palma,Maio,10.0
2020,Cabo Delgado,Palma,Abril,10.0
2020,Cabo Delgado,Palma,Março,10.0
2020,Cabo Delgado,Palma,Fevereiro,10.0
2020,Cabo Delgado,Palma,Janeiro,10.0
2020,Cabo Delgado,Nangade,Dezembro,2.0
2020,Niassa,Mandimba,Fevereiro,2.0
2020,Nampula,Nacaroa,Março,1.0
2020,Nampula,Nacaroa,Fevereiro,1.0
2020,Cabo Delgado,Nangade,Agosto,2.0
2020,Cabo Delgado,Nangade,Abril,2.0
2020,Cabo Delgado,Nangade,Março,2.0
2020,Cabo Delgado,Nangade,Fevereiro,2.0
2020,Cabo Delgado,Nangade,Janeiro,2.0
2020,Cabo Delgado,Namuno,Dezembro,2.0
2020,Cabo Delgado,Namuno,Novembro,2.0
2020,Cabo Delgado,Namuno,Outubro,2.0
2020,Cabo Delgado,Namuno,Setembro,2.0
2020,Cabo Delgado,Namuno,Agosto,2.0
2020,Cabo Delgado,Namuno,Julho,2.0
2020,Cabo Delgado,Namuno,Junho,2.0
2020,Cabo Delgado,Namuno,Maio,2.0
2020,Cabo Delgado,Namuno,Abril,2.0
2020,Cabo Delgado,Namuno,Março,2.0
2020,Cabo Delgado,Namuno,Fevereiro,2.0
2020,Cabo Delgado,Namuno,Janeiro,2.0
2020,Cabo Delgado,Muidumbe,Dezembro,0.0
2020,Cabo Delgado,Muidumbe,Novembro,0.0
2020,Cabo Delgado,Muidumbe,Outubro,0.0
2020,Cabo Delgado,Muidumbe,Setembro,0.0
2020,Cabo Delgado,Muidumbe,Agosto,0.0
2020,Cabo Delgado,Muidumbe,Julho,0.0
2020,Cabo Delgado,Muidumbe,Junho,0.0
2020,Cabo Delgado,Mocimboa da Praia,Outubro,2.0
2020,Cabo Delgado,Muidumbe,Maio,0.0
2020,Cabo Delgado,Nangade,Junho,2.0
2020,Cabo Delgado,Mocimboa da Praia,Dezembro,2.0
2020,Cabo Delgado,Ibo,Janeiro,1.0
2020,Cabo Delgado,Mueda,Dezembro,6.0
2020,Cabo Delgado,Mueda,Novembro,6.0
2020,Cabo Delgado,Mueda,Outubro,6.0
2020,Cabo Delgado,Mueda,Setembro,4.0
2020,Cabo Delgado,Mueda,Agosto,4.0
2020,Cabo Delgado,Mueda,Julho,4.0
2020,Cabo Delgado,Mueda,Junho,4.0
2020,Cabo Delgado,Mueda,Maio,4.0
2020,Cabo Delgado,Mueda,Abril,4.0
2020,Cabo Delgado,Mueda,Março,3.0
2020,Cabo Delgado,Mueda,Fevereiro,4.0
2020,Cabo Delgado,Mueda,Janeiro,4.0
2020,Cabo Delgado,Montepuez,Dezembro,10.0
2020,Cabo Delgado,Montepuez,Novembro,10.0
2020,Cabo Delgado,Montepuez,Outubro,10.0
2020,Cabo Delgado,Montepuez,Setembro,10.0
2020,Cabo Delgado,Montepuez,Agosto,10.0
2020,Cabo Delgado,Montepuez,Julho,10.0
2020,Cabo Delgado,Montepuez,Junho,10.0
2020,Cabo Delgado,Montepuez,Maio,10.0
2020,Cabo Delgado,Montepuez,Abril,10.0
2020,Cabo Delgado,Montepuez,Março,10.0
2020,Cabo Delgado,Montepuez,Fevereiro,10.0
2020,Cabo Delgado,Montepuez,Janeiro,10.0
2020,Cabo Delgado,Muidumbe,Janeiro,2.0
2020,Cabo Delgado,Muidumbe,Março,2.0
2020,Cabo Delgado,Mocimboa da Praia,Novembro,2.0
2020,Cabo Delgado,Muidumbe,Fevereiro,2.0
2020,Cabo Delgado,Ibo,Fevereiro,1.0
2020,Cabo Delgado,Mecufi,Abril,1.0
2020,Cabo Delgado,Mocimboa da Praia,Junho,4.0
2020,Cabo Delgado,Mocimboa da Praia,Maio,4.0
2020,Cabo Delgado,Mocimboa da Praia,Abril,4.0
2020,Cabo Delgado,Mocimboa da Praia,Março,6.0
2020,Cabo Delgado,Mocimboa da Praia,Fevereiro,6.0
2020,Cabo Delgado,Mocimboa da Praia,Janeiro,6.0
2020,Cabo Delgado,Meluco,Dezembro,0.0
2020,Cabo Delgado,Meluco,Novembro,0.0
2020,Cabo Delgado,Meluco,Outubro,0.0
2020,Cabo Delgado,Meluco,Setembro,0.0
2020,Cabo Delgado,Meluco,Agosto,0.0
2020,Cabo Delgado,Meluco,Julho,0.0
2020,Cabo Delgado,Meluco,Junho,0.0
2020,Cabo Delgado,Meluco,Maio,0.0
2020,Cabo Delgado,Meluco,Abril,0.0
2020,Cabo Delgado,Meluco,Março,0.0
2020,Cabo Delgado,Meluco,Fevereiro,0.0
2020,Cabo Delgado,Meluco,Janeiro,0.0
2020,Cabo Delgado,Mecufi,Dezembro,1.0
2020,Cabo Delgado,Mecufi,Novembro,1.0
2020,Cabo Delgado,Mecufi,Outubro,1.0
2020,Cabo Delgado,Mecufi,Setembro,1.0
2020,Cabo Delgado,Mecufi,Agosto,1.0
2020,Cabo Delgado,Mocimboa da Praia,Agosto,2.0
2020,Cabo Delgado,Mocimboa da Praia,Setembro,2.0
2020,Cabo Delgado,Chiúre,Dezembro,4.0
2020,Cabo Delgado,Chiúre,Outubro,4.0
2020,Cabo Delgado,Mocimboa da Praia,Julho,4.0
2020,Cabo Delgado,Mecufi,Fevereiro,1.0
2020,Cabo Delgado,Mecufi,Janeiro,1.0
2020,Cabo Delgado,Macomia,Dezembro,0.0
2020,Cabo Delgado,Macomia,Novembro,0.0
2020,Cabo Delgado,Macomia,Outubro,0.0
2020,Cabo Delgado,Macomia,Setembro,0.0
2020,Cabo Delgado,Macomia,Agosto,0.0
2020,Cabo Delgado,Macomia,Julho,0.0
2020,Cabo Delgado,Macomia,Junho,0.0
2020,Cabo Delgado,Macomia,Maio,0.0
2020,Cabo Delgado,Macomia,Abril,0.0
2020,Cabo Delgado,Macomia,Março,2.0
2020,Cabo Delgado,Macomia,Fevereiro,2.0
2020,Cabo Delgado,Macomia,Janeiro,2.0
2020,Cabo Delgado,Ibo,Dezembro,0.0
2020,Cabo Delgado,Ibo,Novembro,0.0
2020,Cabo Delgado,Ibo,Outubro,0.0
2020,Cabo Delgado,Ibo,Setembro,0.0
2020,Cabo Delgado,Ibo,Agosto,0.0
2020,Cabo Delgado,Ibo,Julho,0.0
2020,Cabo Delgado,Ibo,Junho,0.0
2020,Cabo Delgado,Ibo,Maio,0.0
2020,Cabo Delgado,Ibo,Abril,0.0
2020,Cabo Delgado,Ibo,Março,1.0
2020,Cabo Delgado,Mecufi,Março,1.0
2020,Cabo Delgado,Mecufi,Maio,1.0
2020,Cabo Delgado,Mecufi,Junho,1.0
2020,Nampula,Rapale-Nampula,Novembro,1.0
2020,Nampula,Larde,Fevereiro,0.0
2020,Cabo Delgado,Ancuabe,Outubro,1.0
2020,Cabo Delgado,Ancuabe,Julho,1.0
2020,Cabo Delgado,Ancuabe,Agosto,1.0
2020,Cabo Delgado,Chiúre,Setembro,4.0
2020,Cabo Delgado,Chiúre,Agosto,4.0
2020,Cabo Delgado,Chiúre,Julho,4.0
2020,Cabo Delgado,Chiúre,Junho,4.0
2020,Cabo Delgado,Chiúre,Maio,4.0
2020,Cabo Delgado,Chiúre,Abril,4.0
2020,Cabo Delgado,Chiúre,Março,4.0
2020,Cabo Delgado,Chiúre,Fevereiro,4.0
2020,Cabo Delgado,Chiúre,Janeiro,4.0
2020,Cabo Delgado,Balama,Dezembro,5.0
2020,Cabo Delgado,Balama,Novembro,5.0
2020,Cabo Delgado,Balama,Outubro,5.0
2020,Cabo Delgado,Balama,Setembro,5.0
2020,Cabo Delgado,Balama,Agosto,5.0
2020,Cabo Delgado,Balama,Julho,5.0
2020,Cabo Delgado,Balama,Junho,5.0
2020,Cabo Delgado,Balama,Maio,5.0
2020,Cabo Delgado,Balama,Abril,5.0
2020,Cabo Delgado,Balama,Março,5.0
2020,Cabo Delgado,Balama,Fevereiro,5.0
2020,Cabo Delgado,Balama,Janeiro,5.0
2020,Cabo Delgado,Ancuabe,Dezembro,1.0
2020,Cabo Delgado,Ancuabe,Novembro,1.0
2020,Nampula,Larde,Maio,0.0
2020,Cabo Delgado,Ancuabe,Maio,1.0
2020,Cabo Delgado,Ancuabe,Setembro,1.0
2020,Nampula,Larde,Março,0.0
2020,Cabo Delgado,Ancuabe,Abril,1.0
2020,Cabo Delgado,Ancuabe,Março,1.0
2020,Cabo Delgado,Ancuabe,Fevereiro,1.0
2020,Cabo Delgado,Ancuabe,Janeiro,1.0
2020,Cabo Delgado,Cidade de Pemba,Dezembro,46.0
2020,Cabo Delgado,Cidade de Pemba,Novembro,46.0
2020,Cabo Delgado,Cidade de Pemba,Outubro,46.0
2020,Cabo Delgado,Cidade de Pemba,Setembro,48.0
2020,Cabo Delgado,Cidade de Pemba,Agosto,48.0
2020,Cabo Delgado,Cidade de Pemba,Julho,48.0
2020,Cabo Delgado,Cidade de Pemba,Junho,48.0
2020,Cabo Delgado,Cidade de Pemba,Abril,48.0
2020,Cabo Delgado,Cidade de Pemba,Março,48.0
2020,Cabo Delgado,Cidade de Pemba,Maio,48.0
2020,Cabo Delgado,Cidade de Pemba,Fevereiro,48.0
2020,Cabo Delgado,Cidade de Pemba,Janeiro,48.0
2020,Nampula,Larde,Dezembro,0.0
2020,Nampula,Larde,Novembro,0.0
2020,Nampula,Larde,Outubro,0.0
2020,Nampula,Larde,Setembro,0.0
2020,Nampula,Larde,Agosto,0.0
2020,Nampula,Larde,Julho,0.0
2020,Nampula,Larde,Junho,0.0
2020,Nampula,Larde,Abril,0.0
2020,Cabo Delgado,Nangade,Julho,2.0
2020,Cabo Delgado,Ancuabe,Junho,1.0
2020,Nampula,Larde,Janeiro,0.0
2020,Nampula,Rapale-Nampula,Outubro,1.0
2020,Nampula,Liupo,Outubro,0.0
2020,Nampula,Liupo,Agosto,0.0
2020,Nampula,Liupo,Julho,0.0
2020,Nampula,Liupo,Junho,0.0
2020,Nampula,Liupo,Maio,0.0
2020,Nampula,Liupo,Abril,0.0
2020,Nampula,Liupo,Março,0.0
2020,Nampula,Liupo,Fevereiro,0.0
2020,Nampula,Liupo,Janeiro,0.0
2020,Nampula,Ribaué,Dezembro,6.0
2020,Nampula,Ribaué,Novembro,6.0
2020,Nampula,Ribaué,Outubro,6.0
2020,Nampula,Ribaué,Setembro,6.0
2020,Nampula,Ribaué,Agosto,6.0
2020,Nampula,Ribaué,Julho,6.0
2020,Nampula,Ribaué,Junho,6.0
2020,Nampula,Ribaué,Maio,6.0
2020,Nampula,Ribaué,Abril,6.0
2020,Nampula,Ribaué,Março,6.0
2020,Nampula,Ribaué,Fevereiro,6.0
2020,Nampula,Ribaué,Janeiro,6.0
2020,Nampula,Rapale-Nampula,Dezembro,1.0
2020,Nampula,Liupo,Dezembro,0.0
2020,Nampula,Rapale-Nampula,Setembro,1.0
2020,Nampula,Rapale-Nampula,Julho,1.0
2020,Nampula,Liupo,Novembro,0.0
2020,Nampula,Nacaroa,Junho,1.0
2020,Nampula,Liupo,Setembro,0.0
2020,Nampula,Rapale-Nampula,Agosto,1.0
2020,Nampula,Rapale-Nampula,Junho,1.0
2020,Cabo Delgado,Chiúre,Novembro,4.0
2020,Nampula,Rapale-Nampula,Maio,1.0
2020,Nampula,Rapale-Nampula,Abril,1.0
2020,Nampula,Rapale-Nampula,Março,1.0
2020,Nampula,Rapale-Nampula,Fevereiro,1.0
2020,Nampula,Rapale-Nampula,Janeiro,1.0
2020,Nampula,Namapa-Erati,Dezembro,2.0
2020,Nampula,Namapa-Erati,Novembro,2.0
2020,Nampula,Namapa-Erati,Outubro,2.0
2020,Nampula,Namapa-Erati,Setembro,2.0
2020,Nampula,Nacaroa,Abril,1.0
2020,Niassa,Cuamba,Setembro,16.0
2020,Niassa,Manjune,Outubro,0.0
2020,Nampula,Namapa-Erati,Agosto,2.0
2020,Nampula,Namapa-Erati,Abril,2.0
2020,Nampula,Namapa-Erati,Março,2.0
2020,Nampula,Namapa-Erati,Fevereiro,2.0
2020,Nampula,Namapa-Erati,Janeiro,2.0
2020,Nampula,Nacaroa,Dezembro,1.0
2020,Nampula,Nacaroa,Novembro,1.0
2020,Nampula,Nacaroa,Outubro,1.0
2020,Nampula,Nacaroa,Setembro,1.0
2020,Nampula,Nacaroa,Agosto,1.0
2020,Nampula,Nacaroa,Julho,1.0
2020,Nampula,Namapa-Erati,Julho,2.0
2020,Nampula,Namapa-Erati,Junho,2.0
2020,Nampula,Namapa-Erati,Maio,2.0
2020,Cabo Delgado,Muidumbe,Abril,0.0
2020,Cabo Delgado,Nangade,Maio,2.0
2020,Zambézia,Morrumbala,Outubro,2.0
2020,Nampula,Angoche,Setembro,4.0
2020,Nampula,Nacaroa,Janeiro,0.0
2020,Nampula,Nacala-Velha,Dezembro,4.0
2020,Nampula,Nacala-Velha,Novembro,4.0
2020,Nampula,Nacala-Velha,Outubro,4.0
2020,Nampula,Nacala-Velha,Setembro,4.0
2020,Nampula,Nacala-Velha,Agosto,4.0
2020,Nampula,Nacala-Velha,Julho,4.0
2020,Nampula,Nacala-Velha,Junho,4.0
2020,Nampula,Nacala-Velha,Maio,4.0
2020,Nampula,Nacala-Velha,Abril,4.0
2020,Nampula,Nacala-Velha,Março,4.0
2020,Nampula,Nacala-Velha,Fevereiro,4.0
2020,Nampula,Nacala-Velha,Janeiro,4.0
2020,Nampula,Murrupula,Dezembro,2.0
2020,Nampula,Murrupula,Novembro,2.0
2020,Nampula,Murrupula,Outubro,2.0
2020,Nampula,Murrupula,Setembro,2.0
2020,Nampula,Murrupula,Agosto,2.0
2020,Nampula,Murrupula,Julho,2.0
2020,Nampula,Murrupula,Junho,2.0
2020,Nampula,Murrupula,Maio,2.0
2020,Nampula,Murrupula,Abril,2.0
2020,Nampula,Murrupula,Março,1.0
2020,Nampula,Murrupula,Fevereiro,1.0
2020,Nampula,Monapo,Junho,5.0
2020,Nampula,Murrupula,Janeiro,1.0
2020,Nampula,Muecate,Novembro,1.0
2020,Nampula,Monapo,Agosto,5.0
2020,Nampula,Muecate,Outubro,1.0
2020,Nampula,Muecate,Agosto,1.0
2020,Nampula,Muecate,Julho,1.0
2020,Nampula,Muecate,Junho,1.0
2020,Nampula,Muecate,Maio,1.0
2020,Nampula,Muecate,Abril,1.0
2020,Nampula,Muecate,Março,1.0
2020,Nampula,Muecate,Fevereiro,1.0
2020,Nampula,Muecate,Janeiro,1.0
2020,Nampula,Mossuril,Dezembro,3.0
2020,Nampula,Mossuril,Novembro,3.0
2020,Nampula,Mossuril,Outubro,3.0
2020,Nampula,Mossuril,Setembro,3.0
2020,Nampula,Mossuril,Agosto,3.0
2020,Nampula,Mossuril,Julho,3.0
2020,Nampula,Mossuril,Junho,3.0
2020,Nampula,Mossuril,Maio,3.0
2020,Nampula,Mossuril,Abril,3.0
2020,Nampula,Mossuril,Março,3.0
2020,Nampula,Mossuril,Fevereiro,3.0
2020,Nampula,Mossuril,Janeiro,3.0
2020,Nampula,Monapo,Dezembro,5.0
2020,Nampula,Monapo,Novembro,5.0
2020,Nampula,Monapo,Outubro,5.0
2020,Nampula,Monapo,Setembro,5.0
2020,Nampula,Muecate,Setembro,1.0
2020,Nampula,Mecuburi,Agosto,3.0
2020,Nampula,Monapo,Julho,5.0
2020,Nampula,Mogincual,Dezembro,1.0
2020,Nampula,Mogovolas,Fevereiro,2.0
2020,Nampula,Monapo,Janeiro,5.0
2020,Nampula,Moma,Dezembro,4.0
2020,Nampula,Moma,Novembro,4.0
2020,Nampula,Moma,Outubro,4.0
2020,Nampula,Moma,Setembro,4.0
2020,Nampula,Moma,Agosto,4.0
2020,Nampula,Moma,Julho,4.0
2020,Nampula,Moma,Junho,4.0
2020,Nampula,Moma,Maio,4.0
2020,Nampula,Moma,Abril,4.0
2020,Nampula,Moma,Março,4.0
2020,Nampula,Moma,Fevereiro,4.0
2020,Nampula,Moma,Janeiro,4.0
2020,Nampula,Mogovolas,Dezembro,2.0
2020,Nampula,Mogovolas,Novembro,2.0
2020,Nampula,Mogovolas,Outubro,2.0
2020,Nampula,Mogovolas,Setembro,2.0
2020,Nampula,Mogovolas,Agosto,2.0
2020,Nampula,Mogovolas,Julho,2.0
2020,Nampula,Mogovolas,Junho,2.0
2020,Nampula,Mogovolas,Maio,2.0
2020,Nampula,Mogovolas,Abril,2.0
2020,Nampula,Monapo,Abril,5.0
2020,Nampula,Monapo,Maio,5.0
2020,Nampula,Mecuburi,Julho,3.0
2020,Nampula,Mecuburi,Junho,3.0
2020,Nampula,Mecuburi,Outubro,3.0
2020,Nampula,Mogincual,Outubro,1.0
2020,Nampula,Mogincual,Setembro,1.0
2020,Nampula,Mogincual,Agosto,1.0
2020,Nampula,Mogincual,Julho,1.0
2020,Nampula,Mogincual,Junho,1.0
2020,Nampula,Mogincual,Maio,1.0
2020,Nampula,Mogincual,Abril,1.0
2020,Nampula,Mogincual,Março,1.0
2020,Nampula,Mogincual,Fevereiro,1.0
2020,Nampula,Mogincual,Janeiro,1.0
2020,Nampula,Memba,Dezembro,2.0
2020,Nampula,Memba,Novembro,2.0
2020,Nampula,Memba,Outubro,2.0
2020,Nampula,Memba,Setembro,1.0
2020,Nampula,Memba,Agosto,1.0
2020,Nampula,Memba,Julho,1.0
2020,Nampula,Memba,Junho,1.0
2020,Nampula,Memba,Maio,1.0
2020,Nampula,Memba,Abril,1.0
2020,Nampula,Memba,Março,1.0
2020,Nampula,Memba,Fevereiro,1.0
2020,Nampula,Memba,Janeiro,0.0
2020,Nampula,Mecuburi,Dezembro,3.0
2020,Nampula,Mecuburi,Novembro,3.0
2020,Nampula,Mogincual,Novembro,1.0
2020,Nampula,Mogovolas,Janeiro,2.0
2020,Nampula,Mecuburi,Setembro,3.0
2020,Nampula,Monapo,Março,5.0
2020,Nampula,Monapo,Fevereiro,5.0
2020,Nampula,Malema,Maio,4.0
2020,Zambézia,Luabo,Março,0.0
2020,Nampula,Malema,Abril,4.0
2020,Nampula,Mecuburi,Maio,3.0
2020,Nampula,Mecuburi,Abril,3.0
2020,Nampula,Mecuburi,Março,3.0
2020,Nampula,Mecuburi,Fevereiro,3.0
2020,Nampula,Mecuburi,Janeiro,3.0
2020,Nampula,Meconta (Namialo),Dezembro,5.0
2020,Nampula,Meconta (Namialo),Novembro,5.0
2020,Nampula,Meconta (Namialo),Outubro,5.0
2020,Nampula,Meconta (Namialo),Setembro,5.0
2020,Nampula,Meconta (Namialo),Agosto,5.0
2020,Nampula,Meconta (Namialo),Julho,5.0
2020,Nampula,Meconta (Namialo),Junho,5.0
2020,Nampula,Meconta (Namialo),Maio,5.0
2020,Nampula,Meconta (Namialo),Fevereiro,5.0
2020,Nampula,Meconta (Namialo),Janeiro,5.0
2020,Nampula,Malema,Dezembro,4.0
2020,Nampula,Malema,Novembro,4.0
2020,Nampula,Malema,Outubro,4.0
2020,Nampula,Malema,Setembro,4.0
2020,Nampula,Malema,Agosto,4.0
2020,Nampula,Malema,Julho,4.0
2020,Nampula,Malema,Fevereiro,4.0
2020,Nampula,Malema,Junho,4.0
2020,Nampula,Angoche,Novembro,2.0
2020,Nampula,Meconta (Namialo),Abril,5.0
2020,Nampula,Malema,Janeiro,4.0
2020,Nampula,Lalaua,Julho,2.0
2020,Nampula,Lalaua,Agosto,2.0
2020,Nampula,Lalaua,Janeiro,2.0
2020,Nampula,Lalaua,Novembro,2.0
2020,Nampula,Lalaua,Outubro,2.0
2020,Nampula,Lalaua,Setembro,2.0
2020,Nampula,Lalaua,Março,2.0
2020,Nampula,Lalaua,Dezembro,2.0
2020,Nampula,Lalaua,Junho,2.0
2020,Nampula,Lalaua,Maio,2.0
2020,Nampula,Lalaua,Abril,2.0
2020,Nampula,Ilha de Moçambique,Janeiro,5.0
2020,Nampula,Lalaua,Fevereiro,2.0
2020,Nampula,Angoche,Dezembro,2.0
2020,Nampula,Ilha de Moçambique,Novembro,5.0
2020,Zambézia,Mulevala,Novembro,0.0
2020,Nampula,Ilha de Moçambique,Outubro,5.0
2020,Nampula,Ilha de Moçambique,Setembro,5.0
2020,Nampula,Ilha de Moçambique,Agosto,5.0
2020,Nampula,Ilha de Moçambique,Julho,5.0
2020,Nampula,Ilha de Moçambique,Junho,5.0
2020,Nampula,Ilha de Moçambique,Maio,5.0
2020,Nampula,Ilha de Moçambique,Abril,5.0
2020,Nampula,Ilha de Moçambique,Março,5.0
2020,Nampula,Ilha de Moçambique,Fevereiro,5.0
2020,Nampula,Ilha de Moçambique,Dezembro,5.0
2020,Nampula,Meconta (Namialo),Março,5.0
2020,Nampula,Cidade de Nampula,Junho,100.0
2020,Nampula,Angoche,Outubro,2.0
2020,Nampula,Muecate,Dezembro,1.0
2020,Nampula,Cidade de Nampula,Maio,101.0
2020,Nampula,Angoche,Junho,4.0
2020,Nampula,Angoche,Maio,4.0
2020,Nampula,Angoche,Abril,4.0
2020,Nampula,Angoche,Março,4.0
2020,Nampula,Angoche,Fevereiro,4.0
2020,Nampula,Angoche,Janeiro,4.0
2020,Nampula,Cidade de Nacala-Porto,Dezembro,35.0
2020,Nampula,Cidade de Nacala-Porto,Novembro,37.0
2020,Nampula,Cidade de Nacala-Porto,Outubro,37.0
2020,Nampula,Cidade de Nacala-Porto,Setembro,49.0
2020,Nampula,Cidade de Nacala-Porto,Agosto,48.0
2020,Nampula,Cidade de Nacala-Porto,Julho,48.0
2020,Nampula,Cidade de Nacala-Porto,Junho,42.0
2020,Nampula,Cidade de Nacala-Porto,Maio,44.0
2020,Nampula,Cidade de Nacala-Porto,Abril,44.0
2020,Nampula,Cidade de Nacala-Porto,Março,49.0
2020,Nampula,Cidade de Nacala-Porto,Fevereiro,49.0
2020,Nampula,Cidade de Nacala-Porto,Janeiro,49.0
2020,Nampula,Cidade de Nampula,Dezembro,107.0
2020,Nampula,Cidade de Nampula,Novembro,107.0
2020,Nampula,Cidade de Nampula,Outubro,107.0
2020,Nampula,Cidade de Nampula,Setembro,93.0
2020,Nampula,Cidade de Nampula,Agosto,95.0
2020,Nampula,Cidade de Nampula,Julho,97.0
2020,Nampula,Angoche,Julho,4.0
2020,Nampula,Cidade de Nampula,Abril,101.0
2020,Nampula,Cidade de Nampula,Fevereiro,101.0
2020,Zambézia,Luabo,Janeiro,0.0
2020,Nampula,Angoche,Agosto,4.0
2020,Nampula,Cidade de Nampula,Março,100.0
2020,Nampula,Cidade de Nampula,Janeiro,101.0
2020,Zambézia,Derre,Dezembro,0.0
2020,Zambézia,Derre,Novembro,0.0
2020,Zambézia,Derre,Outubro,0.0
2020,Zambézia,Derre,Setembro,0.0
2020,Zambézia,Derre,Agosto,0.0
2020,Zambézia,Derre,Julho,0.0
2020,Zambézia,Derre,Junho,0.0
2020,Zambézia,Derre,Maio,0.0
2020,Zambézia,Derre,Abril,0.0
2020,Zambézia,Derre,Fevereiro,0.0
2020,Zambézia,Derre,Março,0.0
2020,Zambézia,Derre,Janeiro,0.0
2020,Zambézia,Luabo,Dezembro,0.0
2020,Zambézia,Luabo,Novembro,0.0
2020,Zambézia,Luabo,Outubro,0.0
2020,Zambézia,Luabo,Setembro,0.0
2020,Zambézia,Luabo,Agosto,0.0
2020,Zambézia,Luabo,Julho,0.0
2020,Zambézia,Luabo,Junho,0.0
2020,Zambézia,Luabo,Maio,0.0
2020,Zambézia,Luabo,Abril,0.0
2020,Nampula,Malema,Março,4.0
2020,Zambézia,Luabo,Fevereiro,0.0
2020,Nampula,Mogovolas,Março,2.0
2020,Zambézia,Alto Molócuè,Outubro,6.0
2020,Zambézia,Mocuba,Julho,16.0
2020,Zambézia,Lugela,Junho,0.0
2020,Zambézia,Lugela,Agosto,0.0
2020,Província de Maputo,Cidade de Maputo,Janeiro,572.0
2020,Zambézia,Molumbo,Julho,2.0
2020,Zambézia,Mulevala,Agosto,0.0
2020,Zambézia,Mulevala,Julho,0.0
2020,Zambézia,Mulevala,Junho,0.0
2020,Zambézia,Mulevala,Maio,0.0
2020,Zambézia,Mulevala,Abril,0.0
2020,Zambézia,Mulevala,Março,0.0
2020,Zambézia,Mulevala,Fevereiro,0.0
2020,Zambézia,Mulevala,Janeiro,0.0
2020,Zambézia,Mocubela,Dezembro,0.0
2020,Zambézia,Mocubela,Novembro,0.0
2020,Zambézia,Mocubela,Outubro,0.0
2020,Zambézia,Mocubela,Setembro,0.0
2020,Zambézia,Mocubela,Agosto,0.0
2020,Zambézia,Mocubela,Julho,0.0
2020,Zambézia,Mocubela,Junho,0.0
2020,Zambézia,Mocubela,Maio,0.0
2020,Zambézia,Mocubela,Abril,0.0
2020,Zambézia,Mocubela,Março,0.0
2020,Zambézia,Mocubela,Fevereiro,0.0
2020,Zambézia,Mocubela,Janeiro,0.0
2020,Zambézia,Molumbo,Dezembro,2.0
2020,Zambézia,Molumbo,Novembro,2.0
2020,Zambézia,Molumbo,Outubro,2.0
2020,Zambézia,Nicoadala,Maio,4.0
2020,Zambézia,Nicoadala,Janeiro,4.0
2020,Zambézia,Molumbo,Abril,0.0
2020,Zambézia,Molumbo,Junho,2.0
2020,Zambézia,Nicoadala,Março,4.0
2020,Zambézia,Molumbo,Maio,2.0
2020,Zambézia,Molumbo,Março,0.0
2020,Zambézia,Molumbo,Fevereiro,0.0
2020,Zambézia,Molumbo,Janeiro,0.0
2020,Zambézia,Pebane,Dezembro,1.0
2020,Zambézia,Pebane,Novembro,1.0
2020,Zambézia,Pebane,Outubro,1.0
2020,Zambézia,Pebane,Setembro,1.0
2020,Zambézia,Pebane,Agosto,1.0
2020,Zambézia,Pebane,Julho,1.0
2020,Zambézia,Pebane,Junho,1.0
2020,Zambézia,Pebane,Maio,1.0
2020,Zambézia,Pebane,Abril,1.0
2020,Zambézia,Pebane,Março,1.0
2020,Zambézia,Pebane,Fevereiro,1.0
2020,Zambézia,Pebane,Janeiro,1.0
2020,Zambézia,Nicoadala,Dezembro,4.0
2020,Zambézia,Nicoadala,Novembro,4.0
2020,Zambézia,Nicoadala,Outubro,4.0
2020,Zambézia,Nicoadala,Setembro,4.0
2020,Zambézia,Nicoadala,Agosto,4.0
2020,Zambézia,Nicoadala,Julho,4.0
2020,Zambézia,Nicoadala,Junho,4.0
2020,Zambézia,Molumbo,Setembro,2.0
2020,Zambézia,Nicoadala,Abril,4.0
2020,Zambézia,Molumbo,Agosto,2.0
2020,Zambézia,Morrumbala,Junho,2.0
2020,Zambézia,Namarroi,Dezembro,0.0
2020,Zambézia,Mocuba,Abril,16.0
2020,Zambézia,Morrumbala,Setembro,2.0
2020,Zambézia,Namarroi,Outubro,0.0
2020,Zambézia,Namarroi,Setembro,0.0
2020,Zambézia,Namarroi,Agosto,0.0
2020,Zambézia,Namarroi,Julho,0.0
2020,Zambézia,Namarroi,Junho,0.0
2020,Zambézia,Namarroi,Maio,0.0
2020,Zambézia,Namarroi,Abril,0.0
2020,Zambézia,Namarroi,Março,0.0
2020,Zambézia,Namarroi,Fevereiro,0.0
2020,Zambézia,Namarroi,Janeiro,0.0
2020,Zambézia,Namacurra,Dezembro,2.0
2020,Zambézia,Namacurra,Novembro,2.0
2020,Zambézia,Namacurra,Outubro,2.0
2020,Zambézia,Namacurra,Setembro,2.0
2020,Zambézia,Namacurra,Agosto,2.0
2020,Zambézia,Namacurra,Julho,2.0
2020,Zambézia,Namacurra,Junho,2.0
2020,Zambézia,Namacurra,Maio,2.0
2020,Zambézia,Namacurra,Abril,2.0
2020,Zambézia,Namacurra,Março,2.0
2020,Zambézia,Namacurra,Fevereiro,2.0
2020,Zambézia,Namacurra,Janeiro,2.0
2020,Zambézia,Morrumbala,Dezembro,2.0
2020,Zambézia,Namarroi,Novembro,0.0
2020,Zambézia,Mocuba,Março,16.0
2020,Zambézia,Nicoadala,Fevereiro,4.0
2020,Zambézia,Morrumbala,Agosto,2.0
2020,Zambézia,Mocuba,Maio,16.0
2020,Zambézia,Morrumbala,Julho,2.0
2020,Zambézia,Morrumbala,Maio,2.0
2020,Zambézia,Morrumbala,Abril,2.0
2020,Zambézia,Morrumbala,Março,2.0
2020,Zambézia,Morrumbala,Fevereiro,2.0
2020,Zambézia,Morrumbala,Janeiro,2.0
2020,Zambézia,Mopeia,Dezembro,2.0
2020,Zambézia,Mopeia,Novembro,2.0
2020,Zambézia,Mopeia,Outubro,2.0
2020,Zambézia,Mopeia,Setembro,2.0
2020,Zambézia,Mopeia,Agosto,2.0
2020,Zambézia,Mopeia,Julho,2.0
2020,Zambézia,Mopeia,Junho,2.0
2020,Zambézia,Mopeia,Maio,2.0
2020,Zambézia,Mopeia,Abril,2.0
2020,Zambézia,Mopeia,Março,2.0
2020,Zambézia,Mopeia,Fevereiro,2.0
2020,Zambézia,Mopeia,Janeiro,2.0
2020,Zambézia,Mocuba,Dezembro,16.0
2020,Zambézia,Mocuba,Novembro,16.0
2020,Zambézia,Mocuba,Outubro,16.0
2020,Zambézia,Mocuba,Setembro,16.0
2020,Zambézia,Mocuba,Agosto,16.0
2020,Zambézia,Morrumbala,Novembro,2.0
2020,Zambézia,Mocuba,Fevereiro,16.0
2020,Zambézia,Mocuba,Janeiro,16.0
2020,Zambézia,Gurúè,Janeiro,7.0
2020,Zambézia,Maganja da Costa,Janeiro,2.0
2020,Zambézia,Gilé,Setembro,2.0
2020,Zambézia,Gilé,Outubro,2.0
2020,Zambézia,Gilé,Novembro,2.0
2020,Zambézia,Milange,Dezembro,7.0
2020,Zambézia,Milange,Novembro,7.0
2020,Zambézia,Milange,Outubro,7.0
2020,Zambézia,Milange,Setembro,7.0
2020,Zambézia,Milange,Agosto,7.0
2020,Zambézia,Milange,Julho,7.0
2020,Zambézia,Milange,Junho,7.0
2020,Zambézia,Milange,Maio,7.0
2020,Zambézia,Milange,Abril,7.0
2020,Zambézia,Milange,Março,7.0
2020,Zambézia,Milange,Fevereiro,7.0
2020,Zambézia,Milange,Janeiro,7.0
2020,Zambézia,Maganja da Costa,Dezembro,2.0
2020,Zambézia,Maganja da Costa,Novembro,2.0
2020,Zambézia,Maganja da Costa,Outubro,2.0
2020,Zambézia,Maganja da Costa,Setembro,2.0
2020,Zambézia,Maganja da Costa,Agosto,2.0
2020,Zambézia,Maganja da Costa,Julho,2.0
2020,Zambézia,Maganja da Costa,Junho,2.0
2020,Zambézia,Maganja da Costa,Maio,2.0
2020,Zambézia,Maganja da Costa,Abril,2.0
2020,Zambézia,Maganja da Costa,Fevereiro,2.0
2020,Zambézia,Maganja da Costa,Março,2.0
2020,Zambézia,Gilé,Agosto,2.0
2020,Zambézia,Inhassunge,Julho,0.0
2020,Zambézia,Lugela,Julho,0.0
2020,Zambézia,Gilé,Julho,2.0
2020,Zambézia,Gilé,Junho,2.0
2020,Zambézia,Gilé,Maio,2.0
2020,Zambézia,Gilé,Abril,2.0
2020,Zambézia,Gilé,Março,2.0
2020,Zambézia,Gilé,Fevereiro,2.0
2020,Zambézia,Gilé,Janeiro,2.0
2020,Zambézia,Lugela,Dezembro,0.0
2020,Zambézia,Lugela,Novembro,0.0
2020,Zambézia,Lugela,Outubro,0.0
2020,Zambézia,Lugela,Setembro,0.0
2020,Zambézia,Mulevala,Dezembro,0.0
2020,Zambézia,Mocuba,Junho,16.0
2020,Zambézia,Mulevala,Setembro,0.0
2020,Zambézia,Lugela,Maio,0.0
2020,Zambézia,Lugela,Abril,0.0
2020,Zambézia,Lugela,Março,0.0
2020,Zambézia,Lugela,Fevereiro,0.0
2020,Zambézia,Lugela,Janeiro,0.0
2020,Zambézia,Inhassunge,Dezembro,0.0
2020,Zambézia,Inhassunge,Novembro,0.0
2020,Zambézia,Inhassunge,Outubro,0.0
2020,Zambézia,Inhassunge,Setembro,0.0
2020,Zambézia,Inhassunge,Agosto,0.0
2020,Zambézia,Inhassunge,Junho,0.0
2020,Zambézia,Gilé,Dezembro,2.0
2020,Zambézia,Inhassunge,Maio,0.0
2020,Zambézia,Inhassunge,Abril,0.0
2020,Zambézia,Ile,Dezembro,1.0
2020,Zambézia,Ile,Novembro,1.0
2020,Zambézia,Ile,Outubro,1.0
2020,Zambézia,Ile,Setembro,1.0
2020,Zambézia,Ile,Agosto,1.0
2020,Zambézia,Ile,Julho,1.0
2020,Zambézia,Ile,Junho,1.0
2020,Zambézia,Ile,Maio,1.0
2020,Zambézia,Ile,Abril,1.0
2020,Zambézia,Ile,Março,0.0
2020,Zambézia,Ile,Fevereiro,0.0
2020,Zambézia,Ile,Janeiro,0.0
2020,Zambézia,Gurúè,Dezembro,7.0
2020,Zambézia,Gurúè,Novembro,7.0
2020,Zambézia,Gurúè,Outubro,7.0
2020,Zambézia,Gurúè,Setembro,7.0
2020,Zambézia,Gurúè,Agosto,7.0
2020,Zambézia,Gurúè,Julho,7.0
2020,Zambézia,Gurúè,Junho,7.0
2020,Zambézia,Gurúè,Maio,7.0
2020,Zambézia,Gurúè,Abril,7.0
2020,Zambézia,Gurúè,Março,7.0
2020,Zambézia,Gurúè,Fevereiro,7.0
2020,Zambézia,Inhassunge,Fevereiro,0.0
2020,Zambézia,Chinde,Novembro,0.0
2020,Zambézia,Chinde,Dezembro,0.0
2020,Zambézia,Inhassunge,Janeiro,0.0
2020,Zambézia,Chinde,Setembro,0.0
2020,Zambézia,Cidade de Quelimane,Agosto,58.0
2020,Zambézia,Inhassunge,Março,0.0
2020,Zambézia,Chinde,Outubro,0.0
2020,Zambézia,Chinde,Agosto,0.0
2020,Zambézia,Chinde,Julho,0.0
2020,Zambézia,Chinde,Junho,0.0
2020,Zambézia,Chinde,Maio,0.0
2020,Zambézia,Chinde,Abril,0.0
2020,Zambézia,Chinde,Março,0.0
2020,Zambézia,Chinde,Fevereiro,0.0
2020,Zambézia,Chinde,Janeiro,0.0
2020,Zambézia,Alto Molócuè,Dezembro,6.0
2020,Zambézia,Alto Molócuè,Novembro,6.0
2020,Zambézia,Alto Molócuè,Setembro,6.0
2020,Cabo Delgado,Mecufi,Julho,1.0
2020,Zambézia,Alto Molócuè,Agosto,6.0
2020,Zambézia,Alto Molócuè,Julho,6.0
2020,Zambézia,Alto Molócuè,Junho,6.0
2020,Zambézia,Alto Molócuè,Maio,6.0
2020,Zambézia,Alto Molócuè,Abril,6.0
2020,Zambézia,Alto Molócuè,Março,6.0
2020,Zambézia,Alto Molócuè,Fevereiro,6.0
2020,Zambézia,Alto Molócuè,Janeiro,6.0
2020,Zambézia,Cidade de Quelimane,Dezembro,57.0
2020,Zambézia,Cidade de Quelimane,Novembro,57.0
2020,Zambézia,Cidade de Quelimane,Outubro,57.0
2020,Zambézia,Cidade de Quelimane,Setembro,58.0
2020,Zambézia,Mulevala,Outubro,0.0
2020,Sofala,Caia,Outubro,3.0
2020,Niassa,Lago,Outubro,3.0
2020,Sofala,Buzi,Agosto,2.0
2020,Tete,Chiuta,Outubro,2.0
2020,Tete,Mutarara,Agosto,2.0
2020,Tete,Doa,Fevereiro,0.0
2020,Zambézia,Cidade de Quelimane,Março,61.0
2020,Zambézia,Cidade de Quelimane,Fevereiro,61.0
2020,Zambézia,Cidade de Quelimane,Janeiro,61.0
2020,Tete,Marara,Dezembro,0.0
2020,Tete,Marara,Novembro,0.0
2020,Tete,Marara,Outubro,0.0
2020,Tete,Marara,Setembro,0.0
2020,Tete,Marara,Agosto,0.0
2020,Tete,Marara,Julho,0.0
2020,Tete,Marara,Junho,0.0
2020,Tete,Marara,Maio,0.0
2020,Tete,Marara,Abril,0.0
2020,Tete,Marara,Março,0.0
2020,Tete,Marara,Fevereiro,0.0
2020,Tete,Marara,Janeiro,0.0
2020,Tete,Doa,Dezembro,0.0
2020,Tete,Doa,Novembro,0.0
2020,Tete,Doa,Outubro,0.0
2020,Tete,Doa,Setembro,0.0
2020,Tete,Doa,Agosto,0.0
2020,Tete,Doa,Julho,0.0
2020,Tete,Doa,Junho,0.0
2020,Zambézia,Cidade de Quelimane,Junho,58.0
2020,Tete,Doa,Maio,0.0
2020,Tete,Doa,Abril,0.0
2020,Tete,Mutarara,Dezembro,2.0
2020,Tete,Doa,Março,0.0
2020,Tete,Doa,Janeiro,0.0
2020,Tete,Zumbo,Dezembro,0.0
2020,Tete,Zumbo,Outubro,0.0
2020,Tete,Zumbo,Setembro,0.0
2020,Tete,Zumbo,Agosto,0.0
2020,Tete,Zumbo,Julho,0.0
2020,Tete,Zumbo,Junho,0.0
2020,Tete,Zumbo,Maio,0.0
2020,Tete,Zumbo,Abril,0.0
2020,Tete,Zumbo,Março,0.0
2020,Tete,Zumbo,Fevereiro,0.0
2020,Tete,Zumbo,Janeiro,0.0
2020,Tete,Tsangano,Dezembro,1.0
2020,Tete,Tsangano,Novembro,1.0
2020,Tete,Tsangano,Outubro,1.0
2020,Tete,Tsangano,Setembro,1.0
2020,Tete,Tsangano,Agosto,1.0
2020,Tete,Tsangano,Julho,1.0
2020,Tete,Tsangano,Junho,1.0
2020,Tete,Tsangano,Maio,1.0
2020,Tete,Tsangano,Abril,1.0
2020,Tete,Tsangano,Março,1.0
2020,Tete,Tsangano,Fevereiro,1.0
2020,Tete,Tsangano,Janeiro,0.0
2020,Tete,Mutarara,Novembro,2.0
2020,Tete,Chiuta,Setembro,2.0
2020,Tete,Mutarara,Outubro,2.0
2020,Tete,Chiuta,Dezembro,2.0
2020,Tete,Chiuta,Novembro,2.0
2020,Tete,Mutarara,Junho,2.0
2020,Tete,Maravia,Abril,2.0
2020,Tete,Mutarara,Maio,2.0
2020,Tete,Mutarara,Abril,2.0
2020,Tete,Mutarara,Março,2.0
2020,Tete,Mutarara,Fevereiro,2.0
2020,Tete,Mutarara,Janeiro,2.0
2020,Tete,Moatize,Dezembro,12.0
2020,Tete,Moatize,Novembro,12.0
2020,Tete,Moatize,Outubro,12.0
2020,Tete,Moatize,Setembro,12.0
2020,Tete,Moatize,Agosto,11.0
2020,Tete,Moatize,Julho,11.0
2020,Tete,Moatize,Junho,11.0
2020,Tete,Moatize,Maio,11.0
2020,Tete,Moatize,Abril,11.0
2020,Tete,Moatize,Março,11.0
2020,Tete,Moatize,Fevereiro,11.0
2020,Tete,Moatize,Janeiro,11.0
2020,Tete,Maravia,Dezembro,2.0
2020,Tete,Maravia,Novembro,2.0
2020,Tete,Maravia,Outubro,2.0
2020,Tete,Maravia,Setembro,2.0
2020,Tete,Maravia,Agosto,2.0
2020,Tete,Maravia,Janeiro,2.0
2020,Tete,Zumbo,Novembro,0.0
2020,Tete,Mutarara,Setembro,2.0
2020,Tete,Macanga,Fevereiro,2.0
2020,Tete,Mutarara,Julho,2.0
2020,Tete,Maravia,Março,2.0
2020,Tete,Maravia,Fevereiro,2.0
2020,Tete,Mágoe,Dezembro,0.0
2020,Tete,Mágoe,Novembro,0.0
2020,Tete,Mágoe,Outubro,0.0
2020,Tete,Mágoe,Setembro,0.0
2020,Tete,Mágoe,Agosto,0.0
2020,Tete,Mágoe,Julho,0.0
2020,Tete,Mágoe,Junho,0.0
2020,Tete,Mágoe,Maio,0.0
2020,Tete,Mágoe,Abril,0.0
2020,Tete,Mágoe,Março,0.0
2020,Tete,Mágoe,Fevereiro,0.0
2020,Tete,Mágoe,Janeiro,0.0
2020,Tete,Macanga,Dezembro,5.0
2020,Tete,Macanga,Novembro,5.0
2020,Tete,Macanga,Outubro,5.0
2020,Tete,Macanga,Setembro,5.0
2020,Tete,Macanga,Agosto,5.0
2020,Tete,Macanga,Julho,5.0
2020,Tete,Macanga,Junho,5.0
2020,Tete,Macanga,Maio,2.0
2020,Tete,Macanga,Abril,2.0
2020,Tete,Macanga,Março,2.0
2020,Tete,Macanga,Janeiro,2.0
2020,Manica,Macate,Agosto,0.0
2020,Tete,Cidade de Tete,Setembro,67.0
2020,Manica,Macate,Julho,0.0
2020,Tete,Changara,Setembro,2.0
2020,Tete,Changara,Abril,2.0
2020,Tete,Changara,Julho,2.0
2020,Tete,Changara,Maio,2.0
2020,Tete,Changara,Junho,2.0
2020,Tete,Chiuta,Julho,2.0
2020,Tete,Chiuta,Junho,2.0
2020,Tete,Chiuta,Maio,2.0
2020,Tete,Chiuta,Abril,2.0
2020,Tete,Chiuta,Março,2.0
2020,Tete,Chiuta,Fevereiro,2.0
2020,Tete,Chiuta,Janeiro,2.0
2020,Tete,Chifunde,Dezembro,2.0
2020,Tete,Chifunde,Novembro,2.0
2020,Tete,Chifunde,Outubro,2.0
2020,Tete,Chifunde,Setembro,2.0
2020,Tete,Chifunde,Agosto,2.0
2020,Tete,Chifunde,Julho,2.0
2020,Tete,Chifunde,Junho,2.0
2020,Tete,Chifunde,Maio,2.0
2020,Tete,Chifunde,Abril,2.0
2020,Tete,Chifunde,Março,2.0
2020,Tete,Chifunde,Fevereiro,2.0
2020,Tete,Chifunde,Janeiro,2.0
2020,Tete,Changara,Dezembro,2.0
2020,Tete,Angónia,Janeiro,7.0
2020,Tete,Changara,Novembro,2.0
2020,Tete,Angónia,Fevereiro,9.0
2020,Tete,Angónia,Março,9.0
2020,Tete,Cahora-Bassa,Março,7.0
2020,Tete,Cahora-Bassa,Janeiro,7.0
2020,Tete,Changara,Fevereiro,2.0
2020,Tete,Changara,Janeiro,2.0
2020,Tete,Cahora-Bassa,Dezembro,7.0
2020,Tete,Cahora-Bassa,Novembro,7.0
2020,Tete,Cahora-Bassa,Outubro,7.0
2020,Tete,Cahora-Bassa,Setembro,7.0
2020,Tete,Cahora-Bassa,Agosto,7.0
2020,Tete,Cahora-Bassa,Julho,7.0
2020,Tete,Cahora-Bassa,Junho,7.0
2020,Tete,Cahora-Bassa,Maio,7.0
2020,Tete,Cahora-Bassa,Abril,7.0
2020,Sofala,Buzi,Outubro,2.0
2020,Sofala,Cheringoma,Janeiro,2.0
2020,Sofala,Caia,Novembro,3.0
2020,Tete,Angónia,Dezembro,8.0
2020,Tete,Angónia,Novembro,8.0
2020,Tete,Angónia,Outubro,8.0
2020,Tete,Angónia,Setembro,8.0
2020,Tete,Angónia,Agosto,8.0
2020,Tete,Angónia,Julho,8.0
2020,Tete,Angónia,Junho,8.0
2020,Tete,Angónia,Maio,8.0
2020,Tete,Angónia,Abril,7.0
2020,Tete,Changara,Março,2.0
2020,Tete,Changara,Outubro,2.0
2020,Tete,Changara,Agosto,2.0
2020,Tete,Chiuta,Agosto,2.0
2020,Manica,Macate,Junho,0.0
2020,Tete,Cidade de Tete,Agosto,68.0
2020,Tete,Cidade de Tete,Julho,65.0
2020,Tete,Cidade de Tete,Junho,64.0
2020,Tete,Cidade de Tete,Maio,62.0
2020,Tete,Cidade de Tete,Abril,64.0
2020,Tete,Cidade de Tete,Março,63.0
2020,Tete,Cidade de Tete,Fevereiro,63.0
2020,Tete,Cidade de Tete,Janeiro,67.0
2020,Manica,Vanduzi,Dezembro,2.0
2020,Manica,Vanduzi,Novembro,2.0
2020,Manica,Vanduzi,Outubro,2.0
2020,Manica,Vanduzi,Setembro,2.0
2020,Manica,Vanduzi,Agosto,2.0
2020,Manica,Vanduzi,Julho,2.0
2020,Manica,Vanduzi,Junho,2.0
2020,Manica,Vanduzi,Maio,2.0
2020,Manica,Vanduzi,Abril,2.0
2020,Manica,Vanduzi,Março,2.0
2020,Manica,Vanduzi,Fevereiro,2.0
2020,Manica,Vanduzi,Janeiro,2.0
2020,Manica,Macate,Dezembro,0.0
2020,Manica,Macate,Novembro,0.0
2020,Manica,Macate,Outubro,0.0
2020,Manica,Macate,Setembro,0.0
2020,Tete,Cidade de Tete,Novembro,66.0
2020,Manica,Macate,Maio,0.0
2020,Tete,Cidade de Tete,Outubro,67.0
2020,Manica,Sussundenga,Abril,2.0
2020,Tete,Cidade de Tete,Dezembro,66.0
2020,Manica,Macate,Abril,0.0
2020,Manica,Sussundenga,Março,1.0
2020,Manica,Macate,Março,0.0
2020,Manica,Macate,Fevereiro,0.0
2020,Manica,Macate,Janeiro,0.0
2020,Manica,Tambara,Dezembro,1.0
2020,Manica,Tambara,Novembro,1.0
2020,Manica,Tambara,Outubro,1.0
2020,Manica,Tambara,Setembro,1.0
2020,Manica,Tambara,Agosto,1.0
2020,Manica,Tambara,Julho,1.0
2020,Manica,Tambara,Abril,1.0
2020,Manica,Tambara,Junho,1.0
2020,Manica,Tambara,Maio,1.0
2020,Manica,Tambara,Março,1.0
2020,Manica,Tambara,Fevereiro,1.0
2020,Manica,Tambara,Janeiro,1.0
2020,Manica,Sussundenga,Dezembro,2.0
2020,Manica,Sussundenga,Novembro,2.0
2020,Manica,Sussundenga,Outubro,2.0
2020,Manica,Sussundenga,Setembro,2.0
2020,Manica,Sussundenga,Agosto,2.0
2020,Manica,Sussundenga,Julho,2.0
2020,Manica,Sussundenga,Junho,2.0
2020,Manica,Sussundenga,Maio,2.0
2020,Manica,Sussundenga,Fevereiro,2.0
2020,Sofala,Buzi,Julho,2.0
2020,Tete,Maravia,Maio,2.0
2020,Sofala,Dondo,Junho,13.0
2020,Manica,Mossurize,Julho,2.0
2020,Manica,Mossurize,Junho,2.0
2020,Manica,Mossurize,Maio,2.0
2020,Manica,Mossurize,Abril,2.0
2020,Manica,Mossurize,Março,2.0
2020,Manica,Mossurize,Fevereiro,2.0
2020,Manica,Mossurize,Janeiro,2.0
2020,Manica,Manica,Dezembro,6.0
2020,Manica,Manica,Novembro,6.0
2020,Manica,Manica,Outubro,6.0
2020,Manica,Manica,Setembro,6.0
2020,Manica,Manica,Agosto,6.0
2020,Manica,Manica,Julho,6.0
2020,Manica,Manica,Junho,6.0
2020,Manica,Manica,Maio,6.0
2020,Manica,Manica,Abril,6.0
2020,Manica,Manica,Março,6.0
2020,Manica,Manica,Fevereiro,6.0
2020,Manica,Manica,Janeiro,6.0
2020,Manica,Macossa,Dezembro,0.0
2020,Manica,Macossa,Novembro,0.0
2020,Manica,Macossa,Outubro,0.0
2020,Manica,Macossa,Setembro,0.0
2020,Manica,Macossa,Julho,0.0
2020,Manica,Guro,Fevereiro,2.0
2020,Manica,Mossurize,Agosto,2.0
2020,Manica,Mossurize,Novembro,2.0
2020,Manica,Mossurize,Setembro,2.0
2020,Manica,Cidade de Chimoio,Setembro,42.0
2020,Manica,Macossa,Fevereiro,0.0
2020,Manica,Macossa,Janeiro,0.0
2020,Manica,Machaze,Dezembro,1.0
2020,Manica,Machaze,Novembro,1.0
2020,Manica,Machaze,Outubro,1.0
2020,Manica,Machaze,Setembro,1.0
2020,Manica,Machaze,Agosto,1.0
2020,Manica,Machaze,Julho,1.0
2020,Manica,Machaze,Junho,1.0
2020,Manica,Machaze,Maio,1.0
2020,Manica,Machaze,Abril,1.0
2020,Manica,Machaze,Março,1.0
2020,Manica,Machaze,Fevereiro,0.0
2020,Manica,Machaze,Janeiro,0.0
2020,Manica,Guro,Dezembro,2.0
2020,Manica,Guro,Novembro,2.0
2020,Manica,Guro,Outubro,2.0
2020,Manica,Guro,Setembro,2.0
2020,Manica,Guro,Agosto,2.0
2020,Manica,Guro,Julho,2.0
2020,Manica,Guro,Junho,2.0
2020,Manica,Guro,Maio,2.0
2020,Manica,Macossa,Agosto,0.0
2020,Manica,Macossa,Maio,0.0
2020,Manica,Guro,Março,2.0
2020,Manica,Macossa,Abril,0.0
2020,Manica,Macossa,Março,0.0
2020,Manica,Gondola,Dezembro,4.0
2020,Manica,Cidade de Chimoio,Maio,40.0
2020,Manica,Gondola,Setembro,4.0
2020,Manica,Gondola,Agosto,4.0
2020,Manica,Gondola,Julho,4.0
2020,Manica,Gondola,Junho,4.0
2020,Manica,Gondola,Maio,4.0
2020,Manica,Gondola,Abril,4.0
2020,Manica,Gondola,Março,4.0
2020,Manica,Gondola,Fevereiro,5.0
2020,Manica,Gondola,Janeiro,5.0
2020,Manica,Bárue,Dezembro,2.0
2020,Manica,Bárue,Novembro,2.0
2020,Manica,Bárue,Outubro,2.0
2020,Manica,Bárue,Setembro,2.0
2020,Manica,Bárue,Agosto,2.0
2020,Manica,Bárue,Julho,2.0
2020,Manica,Bárue,Junho,2.0
2020,Manica,Bárue,Maio,2.0
2020,Manica,Bárue,Abril,2.0
2020,Manica,Bárue,Março,2.0
2020,Manica,Bárue,Fevereiro,2.0
2020,Manica,Bárue,Janeiro,2.0
2020,Manica,Cidade de Chimoio,Dezembro,42.0
2020,Manica,Cidade de Chimoio,Novembro,42.0
2020,Niassa,Chimbunhila,Novembro,1.0
2020,Niassa,Lago,Novembro,3.0
2020,Manica,Gondola,Outubro,4.0
2020,Sofala,Muanza,Junho,1.0
2020,Manica,Gondola,Novembro,4.0
2020,Manica,Cidade de Chimoio,Agosto,42.0
2020,Manica,Cidade de Chimoio,Abril,41.0
2020,Manica,Cidade de Chimoio,Março,42.0
2020,Manica,Cidade de Chimoio,Fevereiro,42.0
2020,Manica,Cidade de Chimoio,Janeiro,42.0
2020,Sofala,Nhamatanda,Dezembro,5.0
2020,Sofala,Nhamatanda,Novembro,5.0
2020,Sofala,Nhamatanda,Outubro,5.0
2020,Sofala,Nhamatanda,Setembro,5.0
2020,Sofala,Nhamatanda,Agosto,4.0
2020,Sofala,Nhamatanda,Julho,4.0
2020,Sofala,Nhamatanda,Junho,4.0
2020,Sofala,Nhamatanda,Maio,4.0
2020,Sofala,Nhamatanda,Abril,4.0
2020,Sofala,Nhamatanda,Março,4.0
2020,Sofala,Nhamatanda,Fevereiro,4.0
2020,Sofala,Nhamatanda,Janeiro,4.0
2020,Sofala,Muanza,Dezembro,1.0
2020,Sofala,Muanza,Novembro,1.0
2020,Sofala,Muanza,Outubro,1.0
2020,Sofala,Muanza,Setembro,1.0
2020,Sofala,Muanza,Agosto,1.0
2020,Sofala,Muanza,Julho,1.0
2020,Manica,Cidade de Chimoio,Outubro,42.0
2020,Manica,Cidade de Chimoio,Julho,43.0
2020,Manica,Guro,Janeiro,2.0
2020,Manica,Cidade de Chimoio,Junho,41.0
2020,Manica,Guro,Abril,2.0
2020,Sofala,Dondo,Setembro,13.0
2020,Manica,Macossa,Junho,0.0
2020,Sofala,Muanza,Fevereiro,1.0
2020,Sofala,Muanza,Janeiro,1.0
2020,Sofala,Marromeu,Dezembro,3.0
2020,Sofala,Marromeu,Novembro,3.0
2020,Sofala,Marromeu,Outubro,3.0
2020,Sofala,Marromeu,Setembro,3.0
2020,Sofala,Marromeu,Agosto,3.0
2020,Sofala,Marromeu,Julho,3.0
2020,Sofala,Marromeu,Junho,3.0
2020,Sofala,Marromeu,Maio,3.0
2020,Sofala,Marromeu,Abril,3.0
2020,Sofala,Marromeu,Março,3.0
2020,Sofala,Marromeu,Fevereiro,3.0
2020,Sofala,Marromeu,Janeiro,3.0
2020,Sofala,Maringue,Dezembro,0.0
2020,Sofala,Maringue,Novembro,0.0
2020,Sofala,Maringue,Outubro,0.0
2020,Sofala,Maringue,Setembro,0.0
2020,Sofala,Maringue,Agosto,0.0
2020,Sofala,Maringue,Julho,0.0
2020,Sofala,Maringue,Junho,0.0
2020,Sofala,Maringue,Maio,0.0
2020,Sofala,Maringue,Abril,0.0
2020,Sofala,Maringue,Março,0.0
2020,Sofala,Dondo,Julho,14.0
2020,Sofala,Maringue,Fevereiro,0.0
2020,Sofala,Machanga,Dezembro,1.0
2020,Sofala,Muanza,Abril,1.0
2020,Sofala,Machanga,Novembro,1.0
2020,Sofala,Machanga,Setembro,1.0
2020,Sofala,Machanga,Agosto,1.0
2020,Sofala,Machanga,Julho,1.0
2020,Sofala,Machanga,Junho,1.0
2020,Sofala,Machanga,Maio,1.0
2020,Sofala,Machanga,Abril,1.0
2020,Sofala,Machanga,Março,1.0
2020,Sofala,Machanga,Fevereiro,1.0
2020,Sofala,Machanga,Janeiro,1.0
2020,Sofala,Gorongoza,Dezembro,2.0
2020,Sofala,Gorongoza,Novembro,2.0
2020,Sofala,Gorongoza,Outubro,2.0
2020,Sofala,Gorongoza,Setembro,2.0
2020,Sofala,Gorongoza,Agosto,2.0
2020,Sofala,Gorongoza,Julho,2.0
2020,Sofala,Gorongoza,Junho,2.0
2020,Sofala,Gorongoza,Maio,2.0
2020,Sofala,Gorongoza,Abril,2.0
2020,Sofala,Gorongoza,Março,2.0
2020,Sofala,Gorongoza,Fevereiro,2.0
2020,Sofala,Gorongoza,Janeiro,2.0
2020,Sofala,Dondo,Dezembro,12.0
2020,Sofala,Dondo,Novembro,12.0
2020,Sofala,Dondo,Outubro,13.0
2020,Sofala,Machanga,Outubro,1.0
2020,Sofala,Dondo,Agosto,14.0
2020,Sofala,Muanza,Março,1.0
2020,Manica,Mossurize,Outubro,2.0
2020,Sofala,Dondo,Abril,13.0
2020,Sofala,Dondo,Janeiro,14.0
2020,Sofala,Chibabava,Dezembro,4.0
2020,Sofala,Chibabava,Novembro,4.0
2020,Sofala,Chibabava,Outubro,4.0
2020,Sofala,Chibabava,Setembro,4.0
2020,Sofala,Chibabava,Agosto,4.0
2020,Sofala,Chibabava,Julho,4.0
2020,Sofala,Chibabava,Junho,4.0
2020,Sofala,Chibabava,Maio,4.0
2020,Sofala,Chibabava,Abril,5.0
2020,Sofala,Chibabava,Março,5.0
2020,Sofala,Chibabava,Fevereiro,5.0
2020,Sofala,Chibabava,Janeiro,5.0
2020,Sofala,Cheringoma,Dezembro,2.0
2020,Sofala,Cheringoma,Novembro,2.0
2020,Sofala,Cheringoma,Outubro,2.0
2020,Sofala,Cheringoma,Setembro,2.0
2020,Sofala,Cheringoma,Agosto,2.0
2020,Sofala,Cheringoma,Julho,2.0
2020,Sofala,Cheringoma,Junho,2.0
2020,Sofala,Cheringoma,Maio,2.0
2020,Sofala,Cheringoma,Abril,2.0
2020,Sofala,Cheringoma,Março,2.0
2020,Sofala,Maringue,Janeiro,0.0
2020,Sofala,Muanza,Maio,1.0
2020,Sofala,Dondo,Fevereiro,14.0
2020,Sofala,Dondo,Março,13.0
2020,Sofala,Chemba,Dezembro,2.0
2020,Sofala,Dondo,Maio,13.0
2020,Sofala,Chemba,Novembro,2.0
2020,Sofala,Chemba,Outubro,2.0
2020,Sofala,Chemba,Setembro,2.0
2020,Sofala,Chemba,Agosto,2.0
2020,Sofala,Chemba,Julho,2.0
2020,Sofala,Chemba,Junho,2.0
2020,Sofala,Chemba,Maio,2.0
2020,Sofala,Chemba,Abril,2.0
2020,Sofala,Chemba,Março,2.0
2020,Sofala,Chemba,Fevereiro,2.0
2020,Sofala,Chemba,Janeiro,2.0
2020,Tete,Cahora-Bassa,Fevereiro,7.0
2020,Manica,Sussundenga,Janeiro,2.0
2020,Manica,Mossurize,Dezembro,2.0
2020,Sofala,Caia,Setembro,3.0
2020,Sofala,Caia,Agosto,3.0
2020,Sofala,Caia,Julho,3.0
2020,Sofala,Caia,Junho,3.0
2020,Sofala,Caia,Maio,3.0
2020,Sofala,Caia,Abril,3.0
2020,Sofala,Caia,Março,3.0
2020,Sofala,Caia,Fevereiro,3.0
2020,Sofala,Caia,Janeiro,3.0
2020,Sofala,Buzi,Dezembro,2.0
2020,Sofala,Buzi,Novembro,2.0
2020,Sofala,Cheringoma,Fevereiro,2.0
2020,Sofala,Caia,Dezembro,3.0
2020,Tete,Maravia,Junho,2.0
2020,Tete,Maravia,Julho,2.0
2020,Inhambane,Zavala (Quissico),Maio,4.0
2020,Sofala,Buzi,Abril,2.0
2020,Sofala,Buzi,Março,2.0
2020,Sofala,Buzi,Fevereiro,2.0
2020,Sofala,Buzi,Janeiro,2.0
2020,Sofala,Cidade da Beira,Dezembro,109.0
2020,Sofala,Cidade da Beira,Novembro,109.0
2020,Sofala,Cidade da Beira,Outubro,108.0
2020,Sofala,Cidade da Beira,Setembro,109.0
2020,Sofala,Cidade da Beira,Agosto,110.0
2020,Sofala,Cidade da Beira,Julho,110.0
2020,Sofala,Cidade da Beira,Junho,107.0
2020,Sofala,Cidade da Beira,Maio,108.0
2020,Sofala,Cidade da Beira,Abril,108.0
2020,Sofala,Cidade da Beira,Março,105.0
2020,Sofala,Cidade da Beira,Fevereiro,102.0
2020,Sofala,Cidade da Beira,Janeiro,101.0
2020,Inhambane,Zavala (Quissico),Dezembro,4.0
2020,Inhambane,Zavala (Quissico),Novembro,4.0
2020,Inhambane,Zavala (Quissico),Outubro,4.0
2020,Inhambane,Zavala (Quissico),Setembro,4.0
2020,Inhambane,Zavala (Quissico),Agosto,4.0
2020,Inhambane,Zavala (Quissico),Julho,4.0
2020,Inhambane,Morrumbene,Novembro,5.0
2020,Inhambane,Inhassoro,Janeiro,5.0
2020,Inhambane,Morrumbene,Dezembro,5.0
2020,Sofala,Buzi,Maio,2.0
2020,Inhambane,Inharrime,Dezembro,5.0
2020,Sofala,Buzi,Junho,2.0
2020,Inhambane,Inhassoro,Fevereiro,5.0
2020,Inhambane,Vilankulo,Novembro,9.0
2020,Inhambane,Vilankulo,Outubro,9.0
2020,Inhambane,Vilankulo,Setembro,9.0
2020,Inhambane,Vilankulo,Agosto,9.0
2020,Inhambane,Vilankulo,Julho,9.0
2020,Inhambane,Vilankulo,Junho,9.0
2020,Inhambane,Vilankulo,Maio,9.0
2020,Inhambane,Vilankulo,Abril,9.0
2020,Inhambane,Vilankulo,Março,9.0
2020,Inhambane,Vilankulo,Fevereiro,9.0
2020,Inhambane,Vilankulo,Janeiro,9.0
2020,Inhambane,Panda,Dezembro,1.0
2020,Inhambane,Panda,Novembro,1.0
2020,Inhambane,Panda,Outubro,1.0
2020,Inhambane,Panda,Setembro,1.0
2020,Inhambane,Panda,Agosto,1.0
2020,Inhambane,Panda,Julho,1.0
2020,Inhambane,Panda,Junho,1.0
2020,Inhambane,Panda,Maio,1.0
2020,Inhambane,Panda,Abril,1.0
2020,Inhambane,Panda,Março,1.0
2020,Inhambane,Panda,Fevereiro,1.0
2020,Inhambane,Zavala (Quissico),Fevereiro,4.0
2020,Inhambane,Zavala (Quissico),Março,4.0
2020,Inhambane,Zavala (Quissico),Abril,4.0
2020,Inhambane,Panda,Janeiro,1.0
2020,Inhambane,Zavala (Quissico),Junho,4.0
2020,Inhambane,Mabote,Julho,2.0
2020,Inhambane,Mabote,Fevereiro,2.0
2020,Inhambane,Morrumbene,Junho,5.0
2020,Inhambane,Morrumbene,Maio,5.0
2020,Inhambane,Morrumbene,Abril,5.0
2020,Inhambane,Morrumbene,Março,5.0
2020,Inhambane,Morrumbene,Fevereiro,5.0
2020,Inhambane,Morrumbene,Janeiro,5.0
2020,Inhambane,Massinga,Dezembro,6.0
2020,Inhambane,Massinga,Novembro,6.0
2020,Inhambane,Massinga,Outubro,6.0
2020,Inhambane,Massinga,Setembro,6.0
2020,Inhambane,Massinga,Agosto,6.0
2020,Inhambane,Massinga,Julho,6.0
2020,Inhambane,Massinga,Junho,6.0
2020,Inhambane,Massinga,Maio,6.0
2020,Inhambane,Massinga,Abril,6.0
2020,Inhambane,Massinga,Março,6.0
2020,Inhambane,Massinga,Fevereiro,6.0
2020,Inhambane,Massinga,Janeiro,6.0
2020,Inhambane,Mabote,Dezembro,2.0
2020,Inhambane,Mabote,Novembro,2.0
2020,Inhambane,Mabote,Outubro,2.0
2020,Inhambane,Mabote,Setembro,2.0
2020,Inhambane,Morrumbene,Setembro,5.0
2020,Gaza,Massingir,Maio,2.0
2020,Gaza,Chonguene,Junho,4.0
2020,Inhambane,Morrumbene,Julho,5.0
2020,Inhambane,Morrumbene,Outubro,5.0
2020,Inhambane,Morrumbene,Agosto,5.0
2020,Inhambane,Inhassoro,Março,5.0
2020,Inhambane,Mabote,Janeiro,2.0
2020,Inhambane,Jangamo,Dezembro,2.0
2020,Inhambane,Jangamo,Novembro,2.0
2020,Inhambane,Jangamo,Outubro,2.0
2020,Inhambane,Jangamo,Setembro,2.0
2020,Inhambane,Jangamo,Agosto,2.0
2020,Inhambane,Jangamo,Julho,2.0
2020,Inhambane,Jangamo,Junho,2.0
2020,Inhambane,Jangamo,Maio,2.0
2020,Inhambane,Jangamo,Abril,2.0
2020,Inhambane,Jangamo,Março,2.0
2020,Inhambane,Jangamo,Fevereiro,2.0
2020,Inhambane,Jangamo,Janeiro,2.0
2020,Inhambane,Inhassoro,Dezembro,5.0
2020,Inhambane,Inhassoro,Novembro,5.0
2020,Inhambane,Inhassoro,Outubro,5.0
2020,Inhambane,Inhassoro,Setembro,5.0
2020,Inhambane,Inhassoro,Agosto,5.0
2020,Inhambane,Inhassoro,Julho,5.0
2020,Inhambane,Inhassoro,Junho,5.0
2020,Inhambane,Inhassoro,Maio,5.0
2020,Inhambane,Inhassoro,Abril,5.0
2020,Inhambane,Mabote,Abril,2.0
2020,Inhambane,Mabote,Maio,2.0
2020,Inhambane,Mabote,Junho,2.0
2020,Inhambane,Mabote,Março,2.0
2020,Inhambane,Inharrime,Novembro,5.0
2020,Gaza,Mapai,Novembro,1.0
2020,Inhambane,Govuro,Agosto,2.0
2020,Inhambane,Govuro,Junho,2.0
2020,Inhambane,Govuro,Novembro,2.0
2020,Inhambane,Govuro,Setembro,2.0
2020,Inhambane,Inharrime,Outubro,5.0
2020,Inhambane,Inharrime,Setembro,5.0
2020,Inhambane,Inharrime,Agosto,4.0
2020,Inhambane,Inharrime,Julho,4.0
2020,Inhambane,Inharrime,Junho,4.0
2020,Inhambane,Inharrime,Maio,4.0
2020,Inhambane,Inharrime,Abril,4.0
2020,Inhambane,Inharrime,Março,4.0
2020,Inhambane,Inharrime,Fevereiro,4.0
2020,Inhambane,Inharrime,Janeiro,4.0
2020,Inhambane,Homoine,Dezembro,2.0
2020,Inhambane,Homoine,Novembro,2.0
2020,Inhambane,Homoine,Outubro,2.0
2020,Inhambane,Homoine,Setembro,2.0
2020,Inhambane,Homoine,Agosto,2.0
2020,Inhambane,Homoine,Julho,2.0
2020,Inhambane,Homoine,Junho,2.0
2020,Inhambane,Homoine,Maio,2.0
2020,Inhambane,Homoine,Abril,2.0
2020,Inhambane,Homoine,Março,2.0
2020,Inhambane,Homoine,Fevereiro,2.0
2020,Inhambane,Homoine,Janeiro,2.0
2020,Inhambane,Govuro,Julho,2.0
2020,Inhambane,Govuro,Dezembro,2.0
2020,Inhambane,Cidade de Maxixe,Maio,21.0
2020,Sofala,Buzi,Setembro,2.0
2020,Inhambane,Govuro,Maio,2.0
2020,Inhambane,Govuro,Abril,2.0
2020,Inhambane,Govuro,Março,2.0
2020,Inhambane,Govuro,Fevereiro,2.0
2020,Inhambane,Govuro,Janeiro,2.0
2020,Inhambane,Funhaloro,Dezembro,2.0
2020,Inhambane,Funhaloro,Novembro,2.0
2020,Inhambane,Funhaloro,Outubro,2.0
2020,Inhambane,Funhaloro,Setembro,2.0
2020,Inhambane,Funhaloro,Agosto,2.0
2020,Inhambane,Funhaloro,Julho,2.0
2020,Inhambane,Funhaloro,Junho,2.0
2020,Inhambane,Funhaloro,Maio,2.0
2020,Zambézia,Cidade de Quelimane,Maio,58.0
2020,Inhambane,Funhaloro,Março,2.0
2020,Inhambane,Funhaloro,Fevereiro,2.0
2020,Inhambane,Funhaloro,Janeiro,2.0
2020,Inhambane,Cidade de Maxixe,Dezembro,21.0
2020,Inhambane,Cidade de Maxixe,Novembro,21.0
2020,Inhambane,Cidade de Maxixe,Outubro,21.0
2020,Inhambane,Cidade de Maxixe,Setembro,19.0
2020,Inhambane,Cidade de Maxixe,Agosto,21.0
2020,Inhambane,Cidade de Maxixe,Julho,21.0
2020,Inhambane,Cidade de Maxixe,Junho,21.0
2020,Inhambane,Cidade de Maxixe,Abril,21.0
2020,Inhambane,Govuro,Outubro,2.0
2020,Inhambane,Cidade de Maxixe,Março,21.0
2020,Inhambane,Cidade de Maxixe,Fevereiro,21.0
2020,Gaza,Mapai,Outubro,1.0
2020,Inhambane,Cidade de Inhambane,Setembro,19.0
2020,Inhambane,Cidade de Inhambane,Agosto,17.0
2020,Inhambane,Cidade de Inhambane,Julho,17.0
2020,Inhambane,Cidade de Inhambane,Junho,17.0
2020,Inhambane,Cidade de Inhambane,Maio,17.0
2020,Inhambane,Cidade de Inhambane,Abril,17.0
2020,Inhambane,Cidade de Inhambane,Março,17.0
2020,Inhambane,Cidade de Inhambane,Fevereiro,17.0
2020,Inhambane,Cidade de Inhambane,Janeiro,17.0
2020,Gaza,Limpopo,Dezembro,0.0
2020,Gaza,Limpopo,Novembro,0.0
2020,Gaza,Limpopo,Outubro,0.0
2020,Gaza,Limpopo,Setembro,0.0
2020,Gaza,Limpopo,Agosto,0.0
2020,Gaza,Limpopo,Julho,0.0
2020,Gaza,Limpopo,Junho,0.0
2020,Gaza,Limpopo,Maio,0.0
2020,Gaza,Limpopo,Abril,0.0
2020,Gaza,Limpopo,Março,0.0
2020,Gaza,Limpopo,Fevereiro,0.0
2020,Gaza,Limpopo,Janeiro,0.0
2020,Gaza,Mapai,Dezembro,1.0
2020,Inhambane,Cidade de Inhambane,Dezembro,17.0
2020,Gaza,Mapai,Setembro,1.0
2020,Gaza,Mapai,Julho,1.0
2020,Inhambane,Cidade de Inhambane,Novembro,17.0
2020,Inhambane,Cidade de Inhambane,Outubro,17.0
2020,Gaza,Massingir,Junho,2.0
2020,Inhambane,Cidade de Maxixe,Janeiro,21.0
2020,Gaza,Mapai,Agosto,1.0
2020,Gaza,Mapai,Junho,1.0
2020,Gaza,Mapai,Maio,1.0
2020,Gaza,Mapai,Abril,1.0
2020,Gaza,Mapai,Março,1.0
2020,Gaza,Mapai,Fevereiro,0.0
2020,Gaza,Mapai,Janeiro,0.0
2020,Gaza,Chonguene,Dezembro,4.0
2020,Gaza,Chonguene,Novembro,4.0
2020,Gaza,Chonguene,Outubro,4.0
2020,Gaza,Chonguene,Setembro,4.0
2020,Inhambane,Mabote,Agosto,2.0
2020,Inhambane,Zavala (Quissico),Janeiro,4.0
2020,Gaza,Massingir,Março,2.0
2020,Gaza,Chonguene,Maio,4.0
2020,Gaza,Chonguene,Abril,4.0
2020,Gaza,Chonguene,Março,4.0
2020,Gaza,Chonguene,Fevereiro,5.0
2020,Gaza,Chonguene,Janeiro,5.0
2020,Gaza,Massingir,Dezembro,2.0
2020,Gaza,Massingir,Novembro,2.0
2020,Gaza,Massingir,Outubro,2.0
2020,Gaza,Massingir,Setembro,2.0
2020,Gaza,Massingir,Agosto,2.0
2020,Gaza,Massingir,Julho,2.0
2020,Gaza,Chonguene,Julho,4.0
2020,Gaza,Chonguene,Agosto,4.0
2020,Inhambane,Funhaloro,Abril,2.0
2020,Inhambane,Vilankulo,Dezembro,9.0
2020,Província de Maputo,Marracuene,Dezembro,13.0
2020,Gaza,Chókwè,Maio,14.0
2020,Gaza,Chókwè,Julho,14.0
2020,Gaza,Massangena,Dezembro,0.0
2020,Gaza,Massangena,Novembro,0.0
2020,Gaza,Massangena,Outubro,0.0
2020,Gaza,Massangena,Setembro,0.0
2020,Gaza,Massangena,Agosto,0.0
2020,Gaza,Massangena,Julho,0.0
2020,Gaza,Massangena,Junho,0.0
2020,Gaza,Massangena,Maio,0.0
2020,Gaza,Massangena,Abril,0.0
2020,Gaza,Massangena,Março,0.0
2020,Gaza,Massangena,Fevereiro,0.0
2020,Gaza,Massangena,Janeiro,0.0
2020,Gaza,Manjacaze,Dezembro,4.0
2020,Gaza,Manjacaze,Novembro,4.0
2020,Gaza,Manjacaze,Outubro,4.0
2020,Gaza,Manjacaze,Setembro,4.0
2020,Gaza,Manjacaze,Agosto,2.0
2020,Gaza,Manjacaze,Julho,2.0
2020,Gaza,Manjacaze,Junho,2.0
2020,Gaza,Manjacaze,Maio,2.0
2020,Gaza,Manjacaze,Abril,2.0
2020,Gaza,Manjacaze,Março,2.0
2020,Gaza,Mabalane,Dezembro,2.0
2020,Gaza,Manjacaze,Janeiro,2.0
2020,Gaza,Mabalane,Agosto,2.0
2020,Gaza,Mabalane,Outubro,2.0
2020,Gaza,Chókwè,Agosto,13.0
2020,Gaza,Chókwè,Junho,14.0
2020,Gaza,Mabalane,Setembro,2.0
2020,Gaza,Mabalane,Julho,2.0
2020,Gaza,Mabalane,Junho,2.0
2020,Gaza,Mabalane,Maio,2.0
2020,Gaza,Mabalane,Abril,2.0
2020,Gaza,Mabalane,Março,2.0
2020,Gaza,Mabalane,Fevereiro,2.0
2020,Gaza,Mabalane,Janeiro,2.0
2020,Gaza,Guijá,Dezembro,1.0
2020,Gaza,Guijá,Novembro,1.0
2020,Gaza,Guijá,Outubro,1.0
2020,Gaza,Guijá,Setembro,1.0
2020,Gaza,Guijá,Agosto,1.0
2020,Gaza,Guijá,Julho,1.0
2020,Gaza,Guijá,Junho,1.0
2020,Gaza,Guijá,Maio,1.0
2020,Gaza,Guijá,Abril,1.0
2020,Gaza,Guijá,Março,1.0
2020,Gaza,Guijá,Fevereiro,1.0
2020,Gaza,Guijá,Janeiro,1.0
2020,Gaza,Chókwè,Dezembro,13.0
2020,Gaza,Chókwè,Novembro,13.0
2020,Gaza,Chókwè,Outubro,13.0
2020,Gaza,Chókwè,Setembro,13.0
2020,Gaza,Mabalane,Novembro,2.0
2020,Gaza,Cidade de Xai-Xai,Junho,34.0
2020,Gaza,Chibuto,Dezembro,6.0
2020,Gaza,Chókwè,Março,15.0
2020,Gaza,Chókwè,Fevereiro,15.0
2020,Gaza,Chókwè,Janeiro,15.0
2020,Gaza,Chigubo,Dezembro,1.0
2020,Gaza,Chigubo,Novembro,1.0
2020,Gaza,Chigubo,Outubro,1.0
2020,Gaza,Chigubo,Setembro,0.0
2020,Gaza,Chigubo,Agosto,0.0
2020,Gaza,Chigubo,Julho,0.0
2020,Gaza,Chigubo,Junho,0.0
2020,Gaza,Chigubo,Maio,0.0
2020,Gaza,Chigubo,Abril,1.0
2020,Gaza,Chigubo,Março,1.0
2020,Gaza,Chigubo,Fevereiro,1.0
2020,Gaza,Chigubo,Janeiro,1.0
2020,Gaza,Chicualacuala,Dezembro,2.0
2020,Gaza,Chicualacuala,Novembro,2.0
2020,Gaza,Chicualacuala,Outubro,2.0
2020,Gaza,Chicualacuala,Setembro,2.0
2020,Gaza,Chicualacuala,Agosto,2.0
2020,Gaza,Chicualacuala,Julho,2.0
2020,Gaza,Chicualacuala,Junho,2.0
2020,Gaza,Chicualacuala,Maio,2.0
2020,Gaza,Chicualacuala,Abril,2.0
2020,Gaza,Chicualacuala,Março,2.0
2020,Província de Maputo,Namaacha,Fevereiro,2.0
2020,Gaza,Cidade de Xai-Xai,Setembro,32.0
2020,Gaza,Chókwè,Abril,15.0
2020,Gaza,Chibuto,Novembro,6.0
2020,Gaza,Chibuto,Outubro,6.0
2020,Gaza,Chibuto,Setembro,7.0
2020,Gaza,Chibuto,Agosto,7.0
2020,Gaza,Chibuto,Julho,7.0
2020,Gaza,Chibuto,Junho,7.0
2020,Gaza,Chibuto,Maio,7.0
2020,Gaza,Chibuto,Abril,6.0
2020,Gaza,Chibuto,Março,6.0
2020,Gaza,Chibuto,Fevereiro,5.0
2020,Gaza,Chibuto,Janeiro,5.0
2020,Gaza,Bilene-Macia,Dezembro,13.0
2020,Gaza,Bilene-Macia,Novembro,13.0
2020,Gaza,Bilene-Macia,Outubro,13.0
2020,Gaza,Bilene-Macia,Setembro,13.0
2020,Gaza,Bilene-Macia,Agosto,15.0
2020,Gaza,Bilene-Macia,Julho,13.0
2020,Gaza,Bilene-Macia,Junho,13.0
2020,Gaza,Bilene-Macia,Maio,13.0
2020,Gaza,Bilene-Macia,Abril,13.0
2020,Gaza,Bilene-Macia,Março,13.0
2020,Gaza,Bilene-Macia,Fevereiro,13.0
2020,Gaza,Bilene-Macia,Janeiro,13.0
2020,Gaza,Cidade de Xai-Xai,Dezembro,32.0
2020,Gaza,Cidade de Xai-Xai,Novembro,32.0
2020,Gaza,Cidade de Xai-Xai,Outubro,32.0
2020,Gaza,Chicualacuala,Janeiro,2.0
2020,Gaza,Massingir,Fevereiro,2.0
2020,Gaza,Massingir,Abril,2.0
2020,Gaza,Manjacaze,Fevereiro,2.0
2020,Província de Maputo,Manhiça,Julho,18.0
2020,Gaza,Cidade de Xai-Xai,Maio,34.0
2020,Gaza,Cidade de Xai-Xai,Abril,35.0
2020,Gaza,Cidade de Xai-Xai,Março,34.0
2020,Gaza,Cidade de Xai-Xai,Fevereiro,35.0
2020,Gaza,Cidade de Xai-Xai,Janeiro,35.0
2020,Província de Maputo,Moamba,Dezembro,13.0
2020,Província de Maputo,Moamba,Novembro,13.0
2020,Província de Maputo,Moamba,Outubro,13.0
2020,Província de Maputo,Moamba,Setembro,13.0
2020,Província de Maputo,Moamba,Agosto,13.0
2020,Província de Maputo,Moamba,Julho,13.0
2020,Província de Maputo,Moamba,Junho,13.0
2020,Província de Maputo,Moamba,Maio,13.0
2020,Província de Maputo,Moamba,Abril,13.0
2020,Província de Maputo,Moamba,Março,13.0
2020,Província de Maputo,Moamba,Fevereiro,13.0
2020,Província de Maputo,Moamba,Janeiro,13.0
2020,Província de Maputo,Namaacha,Dezembro,2.0
2020,Província de Maputo,Namaacha,Novembro,2.0
2020,Província de Maputo,Namaacha,Outubro,2.0
2020,Província de Maputo,Namaacha,Setembro,2.0
2020,Província de Maputo,Namaacha,Agosto,2.0
2020,Província de Maputo,Namaacha,Julho,2.0
2020,Província de Maputo,Namaacha,Junho,2.0
2020,Província de Maputo,Manhiça,Outubro,18.0
2020,Província de Maputo,Namaacha,Maio,2.0
2020,Província de Maputo,Namaacha,Março,2.0
2020,Província de Maputo,Manhiça,Dezembro,18.0
2020,Gaza,Cidade de Xai-Xai,Agosto,30.0
2020,Província de Maputo,Matutuíne,Dezembro,5.0
2020,Província de Maputo,Manhiça,Agosto,18.0
2020,Província de Maputo,Matutuíne,Outubro,5.0
2020,Província de Maputo,Matutuíne,Setembro,5.0
2020,Província de Maputo,Matutuíne,Agosto,5.0
2020,Província de Maputo,Matutuíne,Julho,5.0
2020,Província de Maputo,Matutuíne,Junho,5.0
2020,Província de Maputo,Matutuíne,Maio,5.0
2020,Província de Maputo,Matutuíne,Abril,5.0
2020,Província de Maputo,Matutuíne,Março,5.0
2020,Província de Maputo,Matutuíne,Fevereiro,5.0
2020,Província de Maputo,Matutuíne,Janeiro,5.0
2020,Gaza,Massingir,Janeiro,2.0
2020,Província de Maputo,Marracuene,Novembro,13.0
2020,Província de Maputo,Marracuene,Outubro,13.0
2020,Província de Maputo,Marracuene,Setembro,11.0
2020,Província de Maputo,Marracuene,Agosto,11.0
2020,Província de Maputo,Marracuene,Julho,11.0
2020,Província de Maputo,Marracuene,Junho,11.0
2020,Província de Maputo,Marracuene,Maio,11.0
2020,Província de Maputo,Marracuene,Abril,11.0
2020,Província de Maputo,Marracuene,Março,11.0
2020,Província de Maputo,Marracuene,Fevereiro,11.0
2020,Província de Maputo,Marracuene,Janeiro,11.0
2020,Província de Maputo,Namaacha,Janeiro,2.0
2020,Província de Maputo,Manhiça,Novembro,18.0
2020,Gaza,Chicualacuala,Fevereiro,2.0
2020,Gaza,Cidade de Xai-Xai,Julho,33.0
2020,Província de Maputo,Namaacha,Abril,2.0
2020,Província de Maputo,Magude,Agosto,2.0
2020,Província de Maputo,Manhiça,Junho,18.0
2020,Província de Maputo,Boane,Julho,18.0
2020,Província de Maputo,Manhiça,Maio,18.0
2020,Província de Maputo,Manhiça,Abril,23.0
2020,Província de Maputo,Manhiça,Março,23.0
2020,Província de Maputo,Manhiça,Fevereiro,23.0
2020,Província de Maputo,Manhiça,Janeiro,22.0
2020,Província de Maputo,Magude,Dezembro,2.0
2020,Província de Maputo,Magude,Novembro,2.0
2020,Província de Maputo,Magude,Outubro,2.0
2020,Província de Maputo,Magude,Julho,2.0
2020,Província de Maputo,Magude,Junho,2.0
2020,Província de Maputo,Magude,Maio,2.0
2020,Província de Maputo,Magude,Abril,2.0
2020,Província de Maputo,Magude,Março,2.0
2020,Província de Maputo,Magude,Fevereiro,2.0
2020,Província de Maputo,Magude,Janeiro,2.0
2020,Província de Maputo,Boane,Dezembro,17.0
2020,Província de Maputo,Boane,Novembro,17.0
2020,Província de Maputo,Boane,Outubro,16.0
2020,Província de Maputo,Boane,Setembro,17.0
2020,Província de Maputo,Boane,Agosto,17.0
2020,Província de Maputo,Manhiça,Setembro,18.0
2020,Província de Maputo,Boane,Junho,18.0
2020,Província de Maputo,Matutuíne,Novembro,5.0
2020,Província de Maputo,Boane,Abril,19.0
2020,Província de Maputo,Boane,Março,20.0
2020,Província de Maputo,Magude,Setembro,2.0
2020,Província de Maputo,Cidade de Maputo,Fevereiro,572.0
2020,Província de Maputo,Cidade de Maputo,Julho,554.0
2020,Província de Maputo,Cidade da Matola,Dezembro,155.0
2020,Província de Maputo,Cidade da Matola,Novembro,154.0
2020,Província de Maputo,Cidade da Matola,Outubro,154.0
2020,Província de Maputo,Cidade da Matola,Setembro,148.0
2020,Província de Maputo,Boane,Maio,18.0
2020,Província de Maputo,Cidade da Matola,Julho,148.0
2020,Província de Maputo,Cidade da Matola,Junho,148.0
2020,Província de Maputo,Cidade da Matola,Maio,147.0
2020,Província de Maputo,Cidade da Matola,Abril,151.0
2020,Província de Maputo,Cidade da Matola,Março,157.0
2020,Província de Maputo,Cidade da Matola,Agosto,148.0
2020,Província de Maputo,Boane,Fevereiro,22.0
2020,Província de Maputo,Cidade da Matola,Fevereiro,156.0
2020,Província de Maputo,Boane,Janeiro,22.0
2020,Província de Maputo,Cidade de Maputo,Abril,564.0
2020,Província de Maputo,Cidade de Maputo,Maio,557.0
2020,Província de Maputo,Cidade de Maputo,Junho,556.0
2020,Província de Maputo,Cidade de Maputo,Dezembro,538.0
2020,Província de Maputo,Cidade de Maputo,Março,571.0
2020,Província de Maputo,Cidade de Maputo,Setembro,554.0
2020,Província de Maputo,Cidade de Maputo,Outubro,545.0
2020,Província de Maputo,Cidade de Maputo,Novembro,538.0
2020,Província de Maputo,Cidade da Matola,Janeiro,156.0
2020,Província de Maputo,Cidade de Maputo,Agosto,553.0
2021,Manica,Bárue,Setembro,4.0
2021,Manica,Bárue,Julho,2.0
2021,Manica,Bárue,Junho,2.0
2021,Manica,Bárue,Novembro,4.0
2021,Manica,Bárue,Maio,2.0
2021,Manica,Bárue,Janeiro,2.0
2021,Manica,Bárue,Outubro,4.0
2021,Manica,Cidade de Chimoio,Dezembro,40.0
2021,Manica,Cidade de Chimoio,Novembro,40.0
2021,Manica,Bárue,Março,2.0
2021,Manica,Bárue,Fevereiro,2.0
2021,Manica,Gondola,Novembro,4.0
2021,Manica,Gondola,Maio,4.0
2021,Manica,Bárue,Dezembro,4.0
2021,Manica,Gondola,Janeiro,4.0
2021,Manica,Gondola,Fevereiro,4.0
2021,Manica,Gondola,Março,4.0
2021,Manica,Gondola,Junho,4.0
2021,Manica,Gondola,Julho,4.0
2021,Manica,Gondola,Agosto,4.0
2021,Manica,Gondola,Setembro,4.0
2021,Manica,Gondola,Outubro,4.0
2021,Sofala,Nhamatanda,Setembro,4.0
2021,Zambézia,Cidade de Quelimane,Julho,54.0
2021,Manica,Gondola,Abril,4.0
2021,Manica,Guro,Março,2.0
2021,Sofala,Muanza,Setembro,1.0
2021,Sofala,Muanza,Agosto,1.0
2021,Manica,Cidade de Chimoio,Outubro,40.0
2021,Sofala,Nhamatanda,Agosto,4.0
2021,Sofala,Muanza,Outubro,1.0
2021,Sofala,Muanza,Novembro,1.0
2021,Sofala,Muanza,Dezembro,1.0
2021,Sofala,Nhamatanda,Janeiro,6.0
2021,Sofala,Nhamatanda,Fevereiro,6.0
2021,Sofala,Nhamatanda,Março,5.0
2021,Sofala,Nhamatanda,Abril,5.0
2021,Sofala,Nhamatanda,Maio,4.0
2021,Sofala,Nhamatanda,Junho,4.0
2021,Manica,Cidade de Chimoio,Agosto,41.0
2021,Manica,Macossa,Junho,0.0
2021,Sofala,Nhamatanda,Julho,4.0
2021,Sofala,Nhamatanda,Novembro,4.0
2021,Sofala,Nhamatanda,Dezembro,4.0
2021,Manica,Cidade de Chimoio,Janeiro,42.0
2021,Manica,Cidade de Chimoio,Fevereiro,41.0
2021,Manica,Cidade de Chimoio,Março,42.0
2021,Manica,Cidade de Chimoio,Abril,42.0
2021,Manica,Cidade de Chimoio,Maio,42.0
2021,Manica,Cidade de Chimoio,Junho,42.0
2021,Manica,Cidade de Chimoio,Julho,41.0
2021,Manica,Cidade de Chimoio,Setembro,41.0
2021,Manica,Guro,Janeiro,2.0
2021,Manica,Gondola,Dezembro,4.0
2021,Sofala,Nhamatanda,Outubro,4.0
2021,Manica,Macossa,Julho,0.0
2021,Sofala,Muanza,Junho,1.0
2021,Manica,Macossa,Novembro,0.0
2021,Manica,Manica,Janeiro,6.0
2021,Manica,Manica,Fevereiro,6.0
2021,Manica,Manica,Março,6.0
2021,Manica,Manica,Abril,6.0
2021,Manica,Manica,Maio,6.0
2021,Manica,Manica,Junho,6.0
2021,Manica,Manica,Julho,6.0
2021,Manica,Manica,Agosto,6.0
2021,Manica,Manica,Setembro,6.0
2021,Manica,Manica,Outubro,6.0
2021,Manica,Manica,Novembro,6.0
2021,Manica,Manica,Dezembro,6.0
2021,Manica,Mossurize,Janeiro,2.0
2021,Manica,Mossurize,Fevereiro,2.0
2021,Manica,Mossurize,Março,2.0
2021,Manica,Mossurize,Abril,2.0
2021,Manica,Mossurize,Maio,2.0
2021,Manica,Mossurize,Junho,2.0
2021,Manica,Mossurize,Julho,2.0
2021,Manica,Mossurize,Agosto,2.0
2021,Manica,Mossurize,Setembro,2.0
2021,Manica,Mossurize,Outubro,2.0
2021,Manica,Macossa,Setembro,0.0
2021,Sofala,Muanza,Abril,1.0
2021,Sofala,Muanza,Julho,1.0
2021,Manica,Macossa,Dezembro,0.0
2021,Manica,Macossa,Maio,0.0
2021,Manica,Macossa,Agosto,0.0
2021,Manica,Macossa,Outubro,0.0
2021,Manica,Guro,Abril,2.0
2021,Manica,Guro,Junho,2.0
2021,Manica,Guro,Julho,2.0
2021,Manica,Guro,Agosto,2.0
2021,Manica,Guro,Setembro,2.0
2021,Manica,Guro,Outubro,2.0
2021,Manica,Guro,Novembro,2.0
2021,Manica,Guro,Dezembro,2.0
2021,Manica,Machaze,Janeiro,1.0
2021,Manica,Machaze,Fevereiro,1.0
2021,Manica,Machaze,Março,1.0
2021,Manica,Machaze,Abril,1.0
2021,Manica,Machaze,Maio,1.0
2021,Manica,Machaze,Junho,1.0
2021,Manica,Machaze,Julho,1.0
2021,Manica,Machaze,Agosto,1.0
2021,Manica,Machaze,Setembro,1.0
2021,Manica,Machaze,Outubro,1.0
2021,Manica,Machaze,Novembro,1.0
2021,Manica,Machaze,Dezembro,1.0
2021,Manica,Macossa,Janeiro,0.0
2021,Manica,Macossa,Fevereiro,0.0
2021,Manica,Macossa,Março,0.0
2021,Manica,Macossa,Abril,0.0
2021,Manica,Guro,Maio,2.0
2021,Sofala,Buzi,Novembro,2.0
2021,Sofala,Cheringoma,Abril,2.0
2021,Manica,Guro,Fevereiro,2.0
2021,Sofala,Machanga,Dezembro,1.0
2021,Manica,Mossurize,Novembro,2.0
2021,Sofala,Chemba,Dezembro,2.0
2021,Sofala,Cheringoma,Fevereiro,2.0
2021,Sofala,Cheringoma,Junho,2.0
2021,Sofala,Cheringoma,Julho,2.0
2021,Sofala,Cheringoma,Agosto,2.0
2021,Sofala,Cheringoma,Setembro,2.0
2021,Sofala,Cheringoma,Outubro,2.0
2021,Sofala,Cheringoma,Novembro,2.0
2021,Sofala,Cheringoma,Dezembro,2.0
2021,Sofala,Chibabava,Janeiro,4.0
2021,Sofala,Chibabava,Fevereiro,4.0
2021,Sofala,Chibabava,Março,4.0
2021,Sofala,Chibabava,Abril,4.0
2021,Sofala,Chibabava,Maio,4.0
2021,Sofala,Chibabava,Junho,4.0
2021,Sofala,Chibabava,Julho,4.0
2021,Sofala,Chibabava,Agosto,4.0
2021,Sofala,Chibabava,Setembro,4.0
2021,Sofala,Chibabava,Outubro,4.0
2021,Sofala,Chibabava,Novembro,4.0
2021,Sofala,Chibabava,Dezembro,4.0
2021,Sofala,Dondo,Janeiro,13.0
2021,Sofala,Dondo,Fevereiro,13.0
2021,Sofala,Dondo,Março,13.0
2021,Sofala,Cheringoma,Março,2.0
2021,Sofala,Dondo,Abril,13.0
2021,Sofala,Buzi,Dezembro,2.0
2021,Sofala,Dondo,Julho,12.0
2021,Sofala,Gorongoza,Novembro,2.0
2021,Sofala,Caia,Janeiro,3.0
2021,Sofala,Caia,Fevereiro,3.0
2021,Sofala,Caia,Março,3.0
2021,Sofala,Caia,Abril,3.0
2021,Sofala,Caia,Maio,3.0
2021,Sofala,Caia,Junho,3.0
2021,Sofala,Caia,Julho,3.0
2021,Sofala,Caia,Agosto,3.0
2021,Sofala,Caia,Setembro,3.0
2021,Sofala,Caia,Outubro,3.0
2021,Sofala,Caia,Novembro,3.0
2021,Sofala,Chemba,Fevereiro,2.0
2021,Tete,Chiuta,Julho,2.0
2021,Província de Maputo,Cidade de Maputo,Fevereiro,539.0
2021,Sofala,Chemba,Março,2.0
2021,Sofala,Chemba,Abril,2.0
2021,Sofala,Chemba,Maio,2.0
2021,Sofala,Chemba,Junho,2.0
2021,Sofala,Chemba,Julho,2.0
2021,Sofala,Chemba,Agosto,2.0
2021,Sofala,Chemba,Setembro,2.0
2021,Sofala,Chemba,Outubro,2.0
2021,Sofala,Chemba,Novembro,2.0
2021,Sofala,Cheringoma,Janeiro,2.0
2021,Sofala,Dondo,Junho,12.0
2021,Sofala,Dondo,Maio,12.0
2021,Sofala,Dondo,Agosto,12.0
2021,Sofala,Maringue,Março,0.0
2021,Sofala,Maringue,Junho,0.0
2021,Sofala,Maringue,Julho,0.0
2021,Sofala,Maringue,Agosto,0.0
2021,Sofala,Maringue,Setembro,0.0
2021,Sofala,Maringue,Outubro,0.0
2021,Sofala,Maringue,Novembro,0.0
2021,Sofala,Maringue,Dezembro,0.0
2021,Sofala,Marromeu,Janeiro,3.0
2021,Sofala,Marromeu,Fevereiro,3.0
2021,Sofala,Marromeu,Março,3.0
2021,Sofala,Marromeu,Abril,3.0
2021,Sofala,Marromeu,Maio,3.0
2021,Sofala,Marromeu,Junho,3.0
2021,Sofala,Marromeu,Julho,3.0
2021,Sofala,Marromeu,Agosto,3.0
2021,Sofala,Marromeu,Setembro,3.0
2021,Sofala,Marromeu,Outubro,3.0
2021,Sofala,Marromeu,Novembro,3.0
2021,Sofala,Marromeu,Dezembro,3.0
2021,Sofala,Muanza,Janeiro,1.0
2021,Sofala,Muanza,Fevereiro,1.0
2021,Sofala,Muanza,Março,1.0
2021,Sofala,Maringue,Fevereiro,0.0
2021,Sofala,Maringue,Janeiro,0.0
2021,Sofala,Maringue,Maio,0.0
2021,Sofala,Dondo,Setembro,13.0
2021,Sofala,Machanga,Novembro,1.0
2021,Sofala,Dondo,Novembro,13.0
2021,Sofala,Maringue,Abril,0.0
2021,Manica,Mossurize,Dezembro,2.0
2021,Sofala,Dondo,Outubro,13.0
2021,Sofala,Dondo,Dezembro,12.0
2021,Sofala,Gorongoza,Janeiro,2.0
2021,Sofala,Gorongoza,Fevereiro,2.0
2021,Sofala,Gorongoza,Março,2.0
2021,Sofala,Gorongoza,Abril,2.0
2021,Sofala,Gorongoza,Maio,2.0
2021,Sofala,Gorongoza,Junho,2.0
2021,Sofala,Gorongoza,Julho,2.0
2021,Sofala,Gorongoza,Agosto,2.0
2021,Sofala,Muanza,Maio,1.0
2021,Sofala,Chemba,Janeiro,2.0
2021,Sofala,Cheringoma,Maio,2.0
2021,Sofala,Gorongoza,Dezembro,2.0
2021,Sofala,Machanga,Janeiro,1.0
2021,Sofala,Machanga,Fevereiro,1.0
2021,Sofala,Machanga,Março,1.0
2021,Sofala,Machanga,Abril,1.0
2021,Sofala,Machanga,Maio,1.0
2021,Sofala,Machanga,Junho,1.0
2021,Sofala,Machanga,Julho,1.0
2021,Sofala,Machanga,Agosto,1.0
2021,Sofala,Machanga,Setembro,1.0
2021,Sofala,Machanga,Outubro,1.0
2021,Sofala,Gorongoza,Outubro,2.0
2021,Sofala,Gorongoza,Setembro,2.0
2021,Tete,Mutarara,Agosto,2.0
2021,Sofala,Buzi,Agosto,2.0
2021,Manica,Tambara,Abril,1.0
2021,Tete,Maravia,Julho,2.0
2021,Tete,Maravia,Agosto,2.0
2021,Tete,Maravia,Setembro,2.0
2021,Tete,Maravia,Outubro,2.0
2021,Tete,Maravia,Novembro,2.0
2021,Tete,Maravia,Dezembro,2.0
2021,Tete,Moatize,Janeiro,12.0
2021,Tete,Moatize,Fevereiro,11.0
2021,Tete,Moatize,Março,12.0
2021,Tete,Moatize,Abril,12.0
2021,Tete,Moatize,Maio,12.0
2021,Tete,Moatize,Junho,12.0
2021,Tete,Moatize,Julho,13.0
2021,Tete,Moatize,Agosto,13.0
2021,Tete,Moatize,Setembro,13.0
2021,Tete,Moatize,Outubro,13.0
2021,Tete,Moatize,Novembro,13.0
2021,Tete,Moatize,Dezembro,13.0
2021,Tete,Mutarara,Janeiro,2.0
2021,Tete,Mutarara,Fevereiro,2.0
2021,Tete,Mutarara,Março,2.0
2021,Tete,Mutarara,Abril,2.0
2021,Tete,Mutarara,Maio,2.0
2021,Tete,Maravia,Abril,2.0
2021,Tete,Mutarara,Junho,2.0
2021,Tete,Maravia,Março,2.0
2021,Tete,Maravia,Janeiro,2.0
2021,Tete,Chiuta,Dezembro,2.0
2021,Tete,Macanga,Janeiro,5.0
2021,Tete,Macanga,Fevereiro,5.0
2021,Tete,Macanga,Março,5.0
2021,Tete,Macanga,Abril,5.0
2021,Tete,Macanga,Maio,5.0
2021,Tete,Macanga,Junho,5.0
2021,Tete,Macanga,Julho,5.0
2021,Tete,Macanga,Agosto,5.0
2021,Tete,Macanga,Setembro,5.0
2021,Tete,Macanga,Outubro,5.0
2021,Tete,Macanga,Novembro,5.0
2021,Tete,Macanga,Dezembro,5.0
2021,Tete,Mágoe,Janeiro,0.0
2021,Tete,Mágoe,Fevereiro,0.0
2021,Tete,Mágoe,Março,0.0
2021,Tete,Mágoe,Abril,0.0
2021,Tete,Mágoe,Maio,0.0
2021,Tete,Mágoe,Junho,0.0
2021,Tete,Mágoe,Julho,0.0
2021,Tete,Mágoe,Agosto,0.0
2021,Tete,Mágoe,Setembro,0.0
2021,Tete,Mágoe,Outubro,0.0
2021,Tete,Mágoe,Novembro,0.0
2021,Tete,Mágoe,Dezembro,0.0
2021,Tete,Maravia,Fevereiro,2.0
2021,Tete,Chiuta,Novembro,2.0
2021,Tete,Mutarara,Julho,2.0
2021,Tete,Mutarara,Setembro,2.0
2021,Tete,Doa,Março,0.0
2021,Tete,Doa,Abril,0.0
2021,Tete,Doa,Maio,0.0
2021,Tete,Doa,Junho,0.0
2021,Tete,Doa,Julho,0.0
2021,Tete,Doa,Agosto,0.0
2021,Tete,Doa,Setembro,0.0
2021,Tete,Doa,Outubro,0.0
2021,Tete,Doa,Novembro,0.0
2021,Tete,Doa,Dezembro,0.0
2021,Tete,Marara,Janeiro,0.0
2021,Tete,Marara,Fevereiro,0.0
2021,Tete,Marara,Março,0.0
2021,Tete,Marara,Abril,0.0
2021,Tete,Marara,Maio,0.0
2021,Tete,Marara,Junho,0.0
2021,Tete,Marara,Julho,0.0
2021,Tete,Marara,Agosto,0.0
2021,Tete,Marara,Setembro,0.0
2021,Tete,Marara,Outubro,0.0
2021,Tete,Marara,Novembro,0.0
2021,Tete,Marara,Dezembro,0.0
2021,Zambézia,Cidade de Quelimane,Janeiro,57.0
2021,Zambézia,Cidade de Quelimane,Fevereiro,57.0
2021,Zambézia,Cidade de Quelimane,Março,54.0
2021,Tete,Doa,Fevereiro,0.0
2021,Sofala,Caia,Dezembro,3.0
2021,Tete,Doa,Janeiro,0.0
2021,Tete,Zumbo,Novembro,1.0
2021,Tete,Mutarara,Outubro,2.0
2021,Tete,Mutarara,Novembro,2.0
2021,Tete,Mutarara,Dezembro,2.0
2021,Tete,Tsangano,Janeiro,1.0
2021,Tete,Tsangano,Fevereiro,1.0
2021,Tete,Tsangano,Março,1.0
2021,Tete,Tsangano,Abril,1.0
2021,Tete,Tsangano,Maio,1.0
2021,Tete,Tsangano,Junho,1.0
2021,Tete,Tsangano,Julho,1.0
2021,Tete,Tsangano,Agosto,1.0
2021,Tete,Tsangano,Setembro,1.0
2021,Tete,Tsangano,Outubro,1.0
2021,Tete,Tsangano,Novembro,1.0
2021,Tete,Tsangano,Dezembro,1.0
2021,Tete,Zumbo,Janeiro,0.0
2021,Tete,Zumbo,Fevereiro,0.0
2021,Tete,Zumbo,Março,0.0
2021,Tete,Zumbo,Abril,0.0
2021,Tete,Zumbo,Maio,0.0
2021,Tete,Zumbo,Junho,0.0
2021,Tete,Zumbo,Julho,1.0
2021,Tete,Zumbo,Agosto,1.0
2021,Tete,Zumbo,Setembro,1.0
2021,Tete,Zumbo,Outubro,1.0
2021,Tete,Zumbo,Dezembro,1.0
2021,Manica,Sussundenga,Janeiro,2.0
2021,Tete,Chiuta,Outubro,2.0
2021,Tete,Maravia,Junho,2.0
2021,Tete,Chiuta,Agosto,2.0
2021,Manica,Macate,Setembro,0.0
2021,Tete,Cidade de Tete,Dezembro,62.0
2021,Manica,Macate,Junho,0.0
2021,Manica,Macate,Outubro,0.0
2021,Manica,Macate,Novembro,0.0
2021,Manica,Macate,Dezembro,0.0
2021,Manica,Vanduzi,Janeiro,2.0
2021,Manica,Vanduzi,Fevereiro,2.0
2021,Manica,Vanduzi,Março,2.0
2021,Manica,Vanduzi,Abril,2.0
2021,Manica,Vanduzi,Maio,2.0
2021,Manica,Vanduzi,Junho,2.0
2021,Manica,Vanduzi,Julho,2.0
2021,Manica,Vanduzi,Agosto,2.0
2021,Manica,Vanduzi,Setembro,2.0
2021,Manica,Vanduzi,Outubro,2.0
2021,Manica,Vanduzi,Novembro,2.0
2021,Manica,Vanduzi,Dezembro,2.0
2021,Tete,Cidade de Tete,Janeiro,66.0
2021,Tete,Cidade de Tete,Fevereiro,65.0
2021,Tete,Cidade de Tete,Março,65.0
2021,Tete,Cidade de Tete,Abril,65.0
2021,Tete,Cidade de Tete,Maio,65.0
2021,Tete,Cidade de Tete,Junho,64.0
2021,Tete,Cidade de Tete,Julho,64.0
2021,Tete,Cidade de Tete,Agosto,63.0
2021,Tete,Cidade de Tete,Setembro,63.0
2021,Manica,Macate,Julho,0.0
2021,Manica,Macate,Abril,0.0
2021,Manica,Sussundenga,Abril,2.0
2021,Manica,Sussundenga,Março,2.0
2021,Manica,Sussundenga,Maio,2.0
2021,Manica,Sussundenga,Junho,2.0
2021,Manica,Sussundenga,Julho,2.0
2021,Manica,Sussundenga,Agosto,2.0
2021,Manica,Sussundenga,Setembro,2.0
2021,Manica,Sussundenga,Outubro,2.0
2021,Manica,Sussundenga,Novembro,2.0
2021,Manica,Sussundenga,Dezembro,2.0
2021,Manica,Tambara,Janeiro,1.0
2021,Manica,Tambara,Fevereiro,1.0
2021,Manica,Tambara,Março,1.0
2021,Manica,Tambara,Maio,1.0
2021,Tete,Maravia,Maio,2.0
2021,Manica,Tambara,Junho,1.0
2021,Manica,Tambara,Julho,1.0
2021,Manica,Tambara,Agosto,1.0
2021,Manica,Tambara,Setembro,1.0
2021,Manica,Tambara,Outubro,1.0
2021,Manica,Tambara,Novembro,1.0
2021,Manica,Tambara,Dezembro,1.0
2021,Manica,Macate,Janeiro,0.0
2021,Manica,Macate,Fevereiro,0.0
2021,Manica,Macate,Março,0.0
2021,Manica,Macate,Maio,0.0
2021,Tete,Chiuta,Setembro,2.0
2021,Tete,Cidade de Tete,Outubro,63.0
2021,Tete,Changara,Junho,2.0
2021,Manica,Macate,Agosto,0.0
2021,Tete,Changara,Setembro,2.0
2021,Tete,Changara,Outubro,2.0
2021,Tete,Changara,Novembro,2.0
2021,Tete,Changara,Dezembro,2.0
2021,Tete,Chifunde,Janeiro,2.0
2021,Tete,Chifunde,Fevereiro,2.0
2021,Tete,Chifunde,Março,2.0
2021,Tete,Chifunde,Abril,2.0
2021,Tete,Chifunde,Maio,2.0
2021,Tete,Chifunde,Junho,2.0
2021,Tete,Chifunde,Julho,2.0
2021,Tete,Chifunde,Agosto,2.0
2021,Tete,Chifunde,Setembro,2.0
2021,Tete,Chifunde,Outubro,2.0
2021,Tete,Chifunde,Novembro,2.0
2021,Tete,Chifunde,Dezembro,2.0
2021,Tete,Chiuta,Janeiro,2.0
2021,Tete,Chiuta,Fevereiro,2.0
2021,Tete,Chiuta,Março,2.0
2021,Tete,Chiuta,Abril,2.0
2021,Tete,Chiuta,Maio,2.0
2021,Tete,Chiuta,Junho,2.0
2021,Tete,Changara,Maio,2.0
2021,Tete,Cidade de Tete,Novembro,63.0
2021,Tete,Changara,Abril,2.0
2021,Tete,Changara,Julho,2.0
2021,Tete,Changara,Agosto,2.0
2021,Tete,Changara,Fevereiro,2.0
2021,Tete,Angónia,Janeiro,8.0
2021,Tete,Angónia,Fevereiro,8.0
2021,Tete,Angónia,Março,8.0
2021,Tete,Angónia,Abril,8.0
2021,Tete,Angónia,Maio,8.0
2021,Tete,Angónia,Junho,8.0
2021,Tete,Angónia,Julho,8.0
2021,Tete,Angónia,Agosto,8.0
2021,Tete,Angónia,Setembro,8.0
2021,Tete,Angónia,Outubro,8.0
2021,Tete,Angónia,Novembro,8.0
2021,Tete,Angónia,Dezembro,8.0
2021,Tete,Cahora-Bassa,Janeiro,7.0
2021,Tete,Cahora-Bassa,Março,7.0
2021,Manica,Sussundenga,Fevereiro,2.0
2021,Tete,Cahora-Bassa,Abril,7.0
2021,Tete,Cahora-Bassa,Maio,7.0
2021,Tete,Cahora-Bassa,Junho,7.0
2021,Tete,Cahora-Bassa,Julho,7.0
2021,Tete,Cahora-Bassa,Agosto,6.0
2021,Tete,Cahora-Bassa,Setembro,6.0
2021,Tete,Cahora-Bassa,Outubro,5.0
2021,Tete,Cahora-Bassa,Novembro,5.0
2021,Tete,Cahora-Bassa,Dezembro,5.0
2021,Tete,Changara,Janeiro,2.0
2021,Tete,Changara,Março,2.0
2021,Sofala,Buzi,Outubro,2.0
2021,Tete,Cahora-Bassa,Fevereiro,7.0
2021,Manica,Bárue,Agosto,4.0
2021,Província de Maputo,Cidade de Maputo,Maio,539.0
2021,Inhambane,Morrumbene,Dezembro,5.0
2021,Gaza,Chókwè,Junho,13.0
2021,Gaza,Chókwè,Maio,13.0
2021,Gaza,Massingir,Junho,2.0
2021,Gaza,Chicualacuala,Junho,2.0
2021,Gaza,Chicualacuala,Julho,2.0
2021,Gaza,Chicualacuala,Agosto,2.0
2021,Gaza,Chicualacuala,Setembro,2.0
2021,Gaza,Chicualacuala,Outubro,2.0
2021,Gaza,Chicualacuala,Novembro,2.0
2021,Gaza,Chicualacuala,Dezembro,2.0
2021,Gaza,Chigubo,Janeiro,1.0
2021,Gaza,Chigubo,Fevereiro,1.0
2021,Gaza,Chigubo,Março,1.0
2021,Gaza,Chigubo,Abril,1.0
2021,Gaza,Chigubo,Maio,1.0
2021,Gaza,Chigubo,Junho,1.0
2021,Gaza,Chigubo,Julho,1.0
2021,Gaza,Chigubo,Agosto,1.0
2021,Gaza,Chigubo,Setembro,1.0
2021,Gaza,Chigubo,Outubro,1.0
2021,Gaza,Chigubo,Novembro,1.0
2021,Gaza,Chigubo,Dezembro,1.0
2021,Gaza,Chókwè,Janeiro,13.0
2021,Gaza,Chókwè,Fevereiro,13.0
2021,Gaza,Chókwè,Março,13.0
2021,Gaza,Cidade de Xai-Xai,Julho,31.0
2021,Gaza,Chókwè,Abril,13.0
2021,Gaza,Chicualacuala,Março,2.0
2021,Gaza,Chibuto,Novembro,6.0
2021,Gaza,Chicualacuala,Fevereiro,2.0
2021,Gaza,Chibuto,Dezembro,6.0
2021,Gaza,Cidade de Xai-Xai,Dezembro,34.0
2021,Gaza,Bilene-Macia,Janeiro,13.0
2021,Gaza,Bilene-Macia,Fevereiro,13.0
2021,Gaza,Bilene-Macia,Março,13.0
2021,Gaza,Bilene-Macia,Abril,13.0
2021,Gaza,Bilene-Macia,Maio,13.0
2021,Gaza,Bilene-Macia,Junho,13.0
2021,Gaza,Bilene-Macia,Julho,12.0
2021,Gaza,Bilene-Macia,Agosto,12.0
2021,Gaza,Bilene-Macia,Setembro,12.0
2021,Gaza,Bilene-Macia,Outubro,12.0
2021,Gaza,Bilene-Macia,Novembro,12.0
2021,Gaza,Bilene-Macia,Dezembro,12.0
2021,Gaza,Chibuto,Janeiro,6.0
2021,Gaza,Chibuto,Fevereiro,6.0
2021,Gaza,Chibuto,Março,6.0
2021,Gaza,Chibuto,Abril,6.0
2021,Gaza,Chibuto,Maio,6.0
2021,Gaza,Chibuto,Junho,6.0
2021,Gaza,Chibuto,Julho,6.0
2021,Gaza,Chibuto,Agosto,6.0
2021,Gaza,Chibuto,Setembro,6.0
2021,Gaza,Chibuto,Outubro,6.0
2021,Gaza,Chicualacuala,Janeiro,2.0
2021,Gaza,Manjacaze,Março,4.0
2021,Gaza,Cidade de Xai-Xai,Novembro,34.0
2021,Gaza,Chókwè,Outubro,13.0
2021,Gaza,Manjacaze,Fevereiro,4.0
2021,Gaza,Chicualacuala,Maio,2.0
2021,Gaza,Manjacaze,Abril,4.0
2021,Gaza,Manjacaze,Maio,4.0
2021,Gaza,Manjacaze,Junho,4.0
2021,Gaza,Manjacaze,Julho,4.0
2021,Gaza,Manjacaze,Agosto,4.0
2021,Gaza,Manjacaze,Setembro,4.0
2021,Gaza,Manjacaze,Outubro,5.0
2021,Gaza,Manjacaze,Novembro,5.0
2021,Gaza,Manjacaze,Dezembro,5.0
2021,Gaza,Massangena,Janeiro,0.0
2021,Gaza,Massangena,Fevereiro,0.0
2021,Gaza,Massangena,Março,0.0
2021,Gaza,Massangena,Abril,0.0
2021,Gaza,Massangena,Maio,0.0
2021,Gaza,Massangena,Junho,0.0
2021,Gaza,Massangena,Julho,0.0
2021,Gaza,Massangena,Agosto,0.0
2021,Gaza,Massangena,Setembro,0.0
2021,Gaza,Massangena,Outubro,0.0
2021,Gaza,Massangena,Novembro,0.0
2021,Gaza,Massangena,Dezembro,0.0
2021,Gaza,Massingir,Janeiro,2.0
2021,Gaza,Massingir,Fevereiro,2.0
2021,Gaza,Cidade de Xai-Xai,Agosto,32.0
2021,Gaza,Cidade de Xai-Xai,Outubro,34.0
2021,Gaza,Chókwè,Agosto,13.0
2021,Gaza,Mabalane,Novembro,2.0
2021,Gaza,Mabalane,Outubro,2.0
2021,Gaza,Chókwè,Setembro,13.0
2021,Gaza,Chókwè,Novembro,13.0
2021,Gaza,Chókwè,Dezembro,13.0
2021,Gaza,Guijá,Janeiro,1.0
2021,Gaza,Guijá,Fevereiro,1.0
2021,Gaza,Guijá,Março,1.0
2021,Gaza,Guijá,Abril,1.0
2021,Gaza,Guijá,Maio,1.0
2021,Gaza,Guijá,Junho,1.0
2021,Gaza,Guijá,Julho,1.0
2021,Gaza,Guijá,Agosto,1.0
2021,Gaza,Guijá,Setembro,1.0
2021,Gaza,Guijá,Outubro,1.0
2021,Gaza,Guijá,Novembro,1.0
2021,Gaza,Guijá,Dezembro,1.0
2021,Gaza,Mabalane,Janeiro,2.0
2021,Gaza,Mabalane,Fevereiro,2.0
2021,Gaza,Mabalane,Março,2.0
2021,Gaza,Mabalane,Abril,2.0
2021,Gaza,Mabalane,Maio,2.0
2021,Gaza,Mabalane,Junho,2.0
2021,Gaza,Mabalane,Julho,2.0
2021,Gaza,Mabalane,Agosto,2.0
2021,Gaza,Mabalane,Setembro,2.0
2021,Gaza,Cidade de Xai-Xai,Setembro,33.0
2021,Gaza,Mabalane,Dezembro,2.0
2021,Província de Maputo,Namaacha,Abril,2.0
2021,Província de Maputo,Namaacha,Fevereiro,2.0
2021,Província de Maputo,Boane,Maio,18.0
2021,Zambézia,Cidade de Quelimane,Abril,54.0
2021,Sofala,Buzi,Setembro,2.0
2021,Província de Maputo,Boane,Outubro,18.0
2021,Província de Maputo,Boane,Novembro,18.0
2021,Província de Maputo,Boane,Dezembro,18.0
2021,Província de Maputo,Magude,Janeiro,2.0
2021,Província de Maputo,Magude,Fevereiro,2.0
2021,Província de Maputo,Magude,Março,2.0
2021,Província de Maputo,Magude,Abril,2.0
2021,Província de Maputo,Magude,Maio,2.0
2021,Província de Maputo,Magude,Junho,2.0
2021,Província de Maputo,Magude,Julho,2.0
2021,Província de Maputo,Magude,Agosto,2.0
2021,Província de Maputo,Magude,Setembro,2.0
2021,Província de Maputo,Magude,Outubro,2.0
2021,Província de Maputo,Magude,Novembro,2.0
2021,Província de Maputo,Manhiça,Novembro,18.0
2021,Província de Maputo,Manhiça,Janeiro,18.0
2021,Província de Maputo,Manhiça,Fevereiro,18.0
2021,Província de Maputo,Manhiça,Março,18.0
2021,Província de Maputo,Manhiça,Abril,18.0
2021,Província de Maputo,Manhiça,Maio,18.0
2021,Província de Maputo,Manhiça,Junho,18.0
2021,Província de Maputo,Manhiça,Julho,18.0
2021,Província de Maputo,Boane,Março,17.0
2021,Província de Maputo,Boane,Junho,17.0
2021,Província de Maputo,Cidade de Maputo,Março,535.0
2021,Província de Maputo,Manhiça,Outubro,17.0
2021,Inhambane,Funhaloro,Julho,2.0
2021,Província de Maputo,Cidade de Maputo,Junho,537.0
2021,Província de Maputo,Cidade de Maputo,Julho,531.0
2021,Província de Maputo,Cidade de Maputo,Agosto,528.0
2021,Província de Maputo,Cidade de Maputo,Setembro,524.0
2021,Província de Maputo,Cidade de Maputo,Outubro,521.0
2021,Nampula,Nacaroa,Fevereiro,1.0
2021,Província de Maputo,Cidade de Maputo,Dezembro,515.0
2021,Província de Maputo,Cidade da Matola,Janeiro,158.0
2021,Província de Maputo,Cidade da Matola,Fevereiro,154.0
2021,Província de Maputo,Cidade da Matola,Março,154.0
2021,Província de Maputo,Cidade da Matola,Abril,153.0
2021,Província de Maputo,Cidade da Matola,Maio,153.0
2021,Província de Maputo,Cidade da Matola,Outubro,148.0
2021,Província de Maputo,Cidade da Matola,Novembro,141.0
2021,Província de Maputo,Cidade da Matola,Junho,153.0
2021,Província de Maputo,Cidade da Matola,Julho,151.0
2021,Província de Maputo,Cidade da Matola,Agosto,151.0
2021,Província de Maputo,Cidade da Matola,Setembro,148.0
2021,Província de Maputo,Magude,Dezembro,2.0
2021,Província de Maputo,Cidade da Matola,Dezembro,148.0
2021,Província de Maputo,Boane,Janeiro,17.0
2021,Província de Maputo,Boane,Fevereiro,18.0
2021,Província de Maputo,Boane,Abril,18.0
2021,Província de Maputo,Manhiça,Setembro,17.0
2021,Província de Maputo,Cidade de Maputo,Abril,538.0
2021,Província de Maputo,Manhiça,Agosto,18.0
2021,Província de Maputo,Boane,Setembro,17.0
2021,Província de Maputo,Matutuíne,Janeiro,5.0
2021,Província de Maputo,Manhiça,Dezembro,18.0
2021,Província de Maputo,Namaacha,Agosto,2.0
2021,Província de Maputo,Namaacha,Setembro,2.0
2021,Província de Maputo,Namaacha,Outubro,2.0
2021,Província de Maputo,Namaacha,Novembro,2.0
2021,Província de Maputo,Namaacha,Dezembro,2.0
2021,Província de Maputo,Moamba,Janeiro,13.0
2021,Província de Maputo,Moamba,Fevereiro,13.0
2021,Província de Maputo,Moamba,Março,13.0
2021,Província de Maputo,Moamba,Abril,13.0
2021,Província de Maputo,Moamba,Maio,13.0
2021,Província de Maputo,Moamba,Junho,13.0
2021,Província de Maputo,Moamba,Julho,12.0
2021,Província de Maputo,Moamba,Agosto,11.0
2021,Província de Maputo,Moamba,Setembro,11.0
2021,Província de Maputo,Moamba,Outubro,11.0
2021,Província de Maputo,Moamba,Novembro,11.0
2021,Província de Maputo,Moamba,Dezembro,11.0
2021,Gaza,Cidade de Xai-Xai,Janeiro,32.0
2021,Gaza,Cidade de Xai-Xai,Fevereiro,31.0
2021,Gaza,Cidade de Xai-Xai,Março,31.0
2021,Gaza,Cidade de Xai-Xai,Abril,31.0
2021,Gaza,Cidade de Xai-Xai,Maio,31.0
2021,Gaza,Cidade de Xai-Xai,Junho,31.0
2021,Província de Maputo,Namaacha,Maio,2.0
2021,Província de Maputo,Namaacha,Março,2.0
2021,Província de Maputo,Marracuene,Janeiro,14.0
2021,Província de Maputo,Matutuíne,Fevereiro,5.0
2021,Província de Maputo,Boane,Agosto,17.0
2021,Província de Maputo,Namaacha,Junho,2.0
2021,Província de Maputo,Boane,Julho,17.0
2021,Província de Maputo,Marracuene,Fevereiro,14.0
2021,Província de Maputo,Marracuene,Março,14.0
2021,Província de Maputo,Marracuene,Abril,14.0
2021,Província de Maputo,Marracuene,Maio,14.0
2021,Província de Maputo,Marracuene,Junho,14.0
2021,Província de Maputo,Marracuene,Julho,14.0
2021,Província de Maputo,Marracuene,Agosto,13.0
2021,Província de Maputo,Marracuene,Setembro,13.0
2021,Província de Maputo,Marracuene,Outubro,13.0
2021,Província de Maputo,Marracuene,Novembro,14.0
2021,Gaza,Manjacaze,Janeiro,4.0
2021,Gaza,Massingir,Março,2.0
2021,Província de Maputo,Marracuene,Dezembro,14.0
2021,Província de Maputo,Namaacha,Julho,2.0
2021,Província de Maputo,Matutuíne,Abril,5.0
2021,Província de Maputo,Matutuíne,Maio,5.0
2021,Província de Maputo,Matutuíne,Junho,5.0
2021,Província de Maputo,Matutuíne,Julho,5.0
2021,Província de Maputo,Matutuíne,Agosto,3.0
2021,Província de Maputo,Matutuíne,Setembro,3.0
2021,Província de Maputo,Matutuíne,Outubro,3.0
2021,Província de Maputo,Matutuíne,Novembro,3.0
2021,Província de Maputo,Matutuíne,Dezembro,3.0
2021,Província de Maputo,Namaacha,Janeiro,2.0
2021,Gaza,Chókwè,Julho,13.0
2021,Manica,Bárue,Abril,2.0
2021,Província de Maputo,Matutuíne,Março,5.0
2021,Gaza,Massingir,Abril,2.0
2021,Inhambane,Mabote,Julho,2.0
2021,Inhambane,Mabote,Novembro,2.0
2021,Inhambane,Mabote,Dezembro,2.0
2021,Inhambane,Massinga,Janeiro,6.0
2021,Inhambane,Massinga,Fevereiro,6.0
2021,Inhambane,Massinga,Março,6.0
2021,Inhambane,Massinga,Abril,6.0
2021,Inhambane,Massinga,Maio,6.0
2021,Inhambane,Massinga,Junho,6.0
2021,Inhambane,Massinga,Julho,6.0
2021,Inhambane,Massinga,Agosto,6.0
2021,Inhambane,Massinga,Setembro,6.0
2021,Inhambane,Massinga,Outubro,6.0
2021,Inhambane,Massinga,Novembro,6.0
2021,Inhambane,Massinga,Dezembro,7.0
2021,Inhambane,Morrumbene,Janeiro,5.0
2021,Inhambane,Morrumbene,Fevereiro,5.0
2021,Inhambane,Morrumbene,Março,5.0
2021,Inhambane,Morrumbene,Abril,5.0
2021,Inhambane,Morrumbene,Maio,5.0
2021,Inhambane,Morrumbene,Junho,5.0
2021,Inhambane,Morrumbene,Julho,5.0
2021,Inhambane,Morrumbene,Agosto,5.0
2021,Inhambane,Morrumbene,Setembro,5.0
2021,Inhambane,Mabote,Agosto,2.0
2021,Inhambane,Panda,Janeiro,1.0
2021,Inhambane,Inhassoro,Maio,6.0
2021,Inhambane,Inharrime,Dezembro,4.0
2021,Inhambane,Inhassoro,Março,6.0
2021,Inhambane,Inhassoro,Abril,6.0
2021,Inhambane,Inhassoro,Junho,6.0
2021,Inhambane,Inhassoro,Julho,6.0
2021,Inhambane,Inhassoro,Agosto,6.0
2021,Inhambane,Inhassoro,Setembro,6.0
2021,Inhambane,Inhassoro,Outubro,6.0
2021,Inhambane,Inhassoro,Novembro,6.0
2021,Inhambane,Inhassoro,Dezembro,6.0
2021,Inhambane,Jangamo,Janeiro,2.0
2021,Inhambane,Jangamo,Fevereiro,2.0
2021,Inhambane,Jangamo,Março,2.0
2021,Inhambane,Jangamo,Abril,2.0
2021,Inhambane,Jangamo,Maio,2.0
2021,Inhambane,Jangamo,Junho,2.0
2021,Inhambane,Jangamo,Julho,2.0
2021,Inhambane,Jangamo,Agosto,2.0
2021,Inhambane,Jangamo,Setembro,2.0
2021,Inhambane,Jangamo,Outubro,2.0
2021,Inhambane,Jangamo,Novembro,2.0
2021,Inhambane,Jangamo,Dezembro,2.0
2021,Inhambane,Mabote,Janeiro,2.0
2021,Inhambane,Mabote,Fevereiro,2.0
2021,Inhambane,Mabote,Março,2.0
2021,Inhambane,Mabote,Abril,2.0
2021,Inhambane,Mabote,Junho,2.0
2021,Inhambane,Morrumbene,Outubro,5.0
2021,Inhambane,Mabote,Maio,2.0
2021,Inhambane,Morrumbene,Novembro,5.0
2021,Inhambane,Zavala (Quissico),Março,4.0
2021,Inhambane,Zavala (Quissico),Maio,4.0
2021,Inhambane,Zavala (Quissico),Setembro,4.0
2021,Inhambane,Zavala (Quissico),Outubro,4.0
2021,Inhambane,Zavala (Quissico),Novembro,4.0
2021,Inhambane,Zavala (Quissico),Dezembro,4.0
2021,Sofala,Cidade da Beira,Janeiro,108.0
2021,Sofala,Cidade da Beira,Fevereiro,108.0
2021,Sofala,Cidade da Beira,Março,107.0
2021,Sofala,Cidade da Beira,Abril,107.0
2021,Sofala,Cidade da Beira,Maio,106.0
2021,Sofala,Cidade da Beira,Junho,106.0
2021,Sofala,Cidade da Beira,Julho,107.0
2021,Sofala,Cidade da Beira,Agosto,106.0
2021,Sofala,Cidade da Beira,Setembro,102.0
2021,Sofala,Cidade da Beira,Outubro,102.0
2021,Sofala,Cidade da Beira,Novembro,99.0
2021,Sofala,Cidade da Beira,Dezembro,99.0
2021,Sofala,Buzi,Janeiro,2.0
2021,Sofala,Buzi,Fevereiro,2.0
2021,Sofala,Buzi,Março,2.0
2021,Sofala,Buzi,Abril,2.0
2021,Sofala,Buzi,Maio,2.0
2021,Sofala,Buzi,Junho,2.0
2021,Sofala,Buzi,Julho,2.0
2021,Inhambane,Zavala (Quissico),Junho,4.0
2021,Inhambane,Zavala (Quissico),Agosto,4.0
2021,Inhambane,Panda,Março,1.0
2021,Gaza,Chicualacuala,Abril,2.0
2021,Inhambane,Inhassoro,Fevereiro,6.0
2021,Inhambane,Panda,Fevereiro,1.0
2021,Inhambane,Panda,Abril,1.0
2021,Inhambane,Panda,Maio,1.0
2021,Inhambane,Panda,Junho,1.0
2021,Inhambane,Panda,Julho,1.0
2021,Inhambane,Panda,Agosto,1.0
2021,Inhambane,Panda,Setembro,1.0
2021,Inhambane,Panda,Outubro,1.0
2021,Inhambane,Panda,Novembro,1.0
2021,Inhambane,Panda,Dezembro,1.0
2021,Inhambane,Vilankulo,Janeiro,9.0
2021,Inhambane,Vilankulo,Fevereiro,9.0
2021,Inhambane,Vilankulo,Março,9.0
2021,Inhambane,Vilankulo,Abril,9.0
2021,Inhambane,Vilankulo,Maio,9.0
2021,Inhambane,Vilankulo,Junho,9.0
2021,Inhambane,Vilankulo,Julho,10.0
2021,Inhambane,Vilankulo,Agosto,10.0
2021,Inhambane,Vilankulo,Setembro,10.0
2021,Inhambane,Vilankulo,Outubro,10.0
2021,Inhambane,Vilankulo,Novembro,10.0
2021,Inhambane,Vilankulo,Dezembro,10.0
2021,Inhambane,Zavala (Quissico),Janeiro,4.0
2021,Inhambane,Zavala (Quissico),Fevereiro,4.0
2021,Inhambane,Zavala (Quissico),Abril,4.0
2021,Inhambane,Zavala (Quissico),Julho,4.0
2021,Inhambane,Mabote,Setembro,2.0
2021,Gaza,Mapai,Dezembro,1.0
2021,Inhambane,Govuro,Agosto,2.0
2021,Gaza,Massingir,Julho,2.0
2021,Gaza,Mapai,Agosto,1.0
2021,Gaza,Mapai,Outubro,1.0
2021,Gaza,Limpopo,Fevereiro,0.0
2021,Gaza,Limpopo,Março,0.0
2021,Gaza,Limpopo,Abril,0.0
2021,Gaza,Limpopo,Maio,0.0
2021,Gaza,Limpopo,Junho,0.0
2021,Gaza,Limpopo,Julho,0.0
2021,Gaza,Limpopo,Agosto,0.0
2021,Gaza,Limpopo,Setembro,0.0
2021,Gaza,Limpopo,Outubro,0.0
2021,Gaza,Limpopo,Novembro,0.0
2021,Gaza,Limpopo,Dezembro,0.0
2021,Inhambane,Cidade de Inhambane,Janeiro,17.0
2021,Inhambane,Cidade de Inhambane,Fevereiro,17.0
2021,Inhambane,Cidade de Inhambane,Março,18.0
2021,Inhambane,Cidade de Inhambane,Abril,18.0
2021,Inhambane,Cidade de Inhambane,Maio,18.0
2021,Inhambane,Cidade de Inhambane,Junho,17.0
2021,Inhambane,Cidade de Inhambane,Julho,17.0
2021,Inhambane,Cidade de Inhambane,Agosto,17.0
2021,Inhambane,Cidade de Inhambane,Setembro,17.0
2021,Inhambane,Cidade de Inhambane,Outubro,17.0
2021,Inhambane,Cidade de Inhambane,Novembro,17.0
2021,Inhambane,Cidade de Maxixe,Janeiro,21.0
2021,Inhambane,Cidade de Inhambane,Dezembro,17.0
2021,Gaza,Mapai,Novembro,1.0
2021,Gaza,Mapai,Setembro,1.0
2021,Gaza,Massingir,Agosto,2.0
2021,Gaza,Chonguene,Setembro,3.0
2021,Gaza,Massingir,Setembro,2.0
2021,Gaza,Massingir,Outubro,2.0
2021,Gaza,Massingir,Novembro,2.0
2021,Gaza,Massingir,Dezembro,2.0
2021,Gaza,Chonguene,Janeiro,4.0
2021,Gaza,Chonguene,Fevereiro,4.0
2021,Gaza,Chonguene,Março,4.0
2021,Gaza,Chonguene,Abril,4.0
2021,Gaza,Chonguene,Maio,4.0
2021,Gaza,Chonguene,Junho,4.0
2021,Gaza,Chonguene,Julho,3.0
2021,Gaza,Chonguene,Agosto,3.0
2021,Gaza,Chonguene,Outubro,3.0
2021,Inhambane,Mabote,Outubro,2.0
2021,Gaza,Chonguene,Novembro,3.0
2021,Gaza,Chonguene,Dezembro,3.0
2021,Gaza,Mapai,Janeiro,1.0
2021,Gaza,Mapai,Fevereiro,1.0
2021,Gaza,Mapai,Março,1.0
2021,Gaza,Mapai,Abril,1.0
2021,Gaza,Mapai,Maio,1.0
2021,Gaza,Mapai,Junho,1.0
2021,Gaza,Mapai,Julho,1.0
2021,Inhambane,Cidade de Maxixe,Fevereiro,21.0
2021,Inhambane,Cidade de Maxixe,Março,21.0
2021,Inhambane,Cidade de Maxixe,Abril,21.0
2021,Gaza,Limpopo,Janeiro,0.0
2021,Inhambane,Govuro,Julho,2.0
2021,Inhambane,Homoine,Fevereiro,2.0
2021,Inhambane,Homoine,Março,2.0
2021,Inhambane,Homoine,Abril,2.0
2021,Inhambane,Homoine,Maio,2.0
2021,Inhambane,Homoine,Junho,2.0
2021,Inhambane,Homoine,Julho,2.0
2021,Inhambane,Homoine,Agosto,2.0
2021,Inhambane,Homoine,Setembro,2.0
2021,Inhambane,Homoine,Outubro,2.0
2021,Inhambane,Homoine,Novembro,2.0
2021,Inhambane,Homoine,Dezembro,2.0
2021,Inhambane,Inharrime,Janeiro,5.0
2021,Inhambane,Inharrime,Fevereiro,5.0
2021,Inhambane,Inharrime,Março,4.0
2021,Inhambane,Inharrime,Abril,4.0
2021,Inhambane,Inharrime,Maio,4.0
2021,Inhambane,Inharrime,Junho,4.0
2021,Inhambane,Inharrime,Julho,4.0
2021,Inhambane,Inharrime,Agosto,4.0
2021,Inhambane,Inharrime,Setembro,4.0
2021,Inhambane,Inharrime,Outubro,4.0
2021,Inhambane,Inharrime,Novembro,4.0
2021,Inhambane,Govuro,Outubro,2.0
2021,Inhambane,Govuro,Setembro,2.0
2021,Inhambane,Homoine,Janeiro,2.0
2021,Inhambane,Govuro,Novembro,2.0
2021,Inhambane,Cidade de Maxixe,Maio,21.0
2021,Zambézia,Cidade de Quelimane,Maio,54.0
2021,Inhambane,Cidade de Maxixe,Julho,19.0
2021,Inhambane,Govuro,Dezembro,2.0
2021,Inhambane,Cidade de Maxixe,Junho,21.0
2021,Inhambane,Cidade de Maxixe,Agosto,19.0
2021,Inhambane,Cidade de Maxixe,Setembro,20.0
2021,Inhambane,Cidade de Maxixe,Outubro,20.0
2021,Inhambane,Cidade de Maxixe,Novembro,20.0
2021,Inhambane,Cidade de Maxixe,Dezembro,20.0
2021,Inhambane,Funhaloro,Janeiro,2.0
2021,Inhambane,Funhaloro,Fevereiro,2.0
2021,Inhambane,Funhaloro,Março,2.0
2021,Inhambane,Funhaloro,Abril,2.0
2021,Inhambane,Funhaloro,Junho,2.0
2021,Gaza,Massingir,Maio,2.0
2021,Inhambane,Funhaloro,Maio,2.0
2021,Inhambane,Funhaloro,Agosto,2.0
2021,Inhambane,Funhaloro,Setembro,2.0
2021,Inhambane,Funhaloro,Outubro,2.0
2021,Inhambane,Funhaloro,Novembro,2.0
2021,Inhambane,Funhaloro,Dezembro,2.0
2021,Inhambane,Govuro,Janeiro,2.0
2021,Inhambane,Govuro,Fevereiro,2.0
2021,Inhambane,Govuro,Março,2.0
2021,Inhambane,Govuro,Abril,2.0
2021,Inhambane,Govuro,Maio,2.0
2021,Inhambane,Govuro,Junho,2.0
2021,Inhambane,Inhassoro,Janeiro,5.0
2021,Província de Maputo,Cidade de Maputo,Novembro,520.0
2021,Nampula,Lalaua,Outubro,2.0
2021,Nampula,Mogovolas,Março,2.0
2021,Niassa,Manjune,Janeiro,1.0
2021,Cabo Delgado,Mecufi,Novembro,1.0
2021,Cabo Delgado,Mecufi,Dezembro,1.0
2021,Cabo Delgado,Meluco,Janeiro,0.0
2021,Cabo Delgado,Meluco,Fevereiro,0.0
2021,Cabo Delgado,Meluco,Março,0.0
2021,Cabo Delgado,Meluco,Abril,0.0
2021,Cabo Delgado,Meluco,Maio,0.0
2021,Cabo Delgado,Meluco,Junho,0.0
2021,Cabo Delgado,Meluco,Julho,0.0
2021,Cabo Delgado,Meluco,Agosto,0.0
2021,Cabo Delgado,Meluco,Setembro,0.0
2021,Cabo Delgado,Meluco,Outubro,0.0
2021,Cabo Delgado,Meluco,Novembro,0.0
2021,Cabo Delgado,Meluco,Dezembro,0.0
2021,Cabo Delgado,Mocimboa da Praia,Janeiro,2.0
2021,Cabo Delgado,Mocimboa da Praia,Fevereiro,2.0
2021,Cabo Delgado,Mocimboa da Praia,Março,2.0
2021,Cabo Delgado,Mocimboa da Praia,Abril,2.0
2021,Cabo Delgado,Mocimboa da Praia,Maio,2.0
2021,Cabo Delgado,Mocimboa da Praia,Junho,2.0
2021,Cabo Delgado,Mocimboa da Praia,Julho,2.0
2021,Cabo Delgado,Mocimboa da Praia,Agosto,2.0
2021,Cabo Delgado,Mecufi,Julho,1.0
2021,Cabo Delgado,Mocimboa da Praia,Setembro,2.0
2021,Cabo Delgado,Mecufi,Junho,1.0
2021,Cabo Delgado,Mecufi,Abril,1.0
2021,Cabo Delgado,Ibo,Março,0.0
2021,Cabo Delgado,Ibo,Abril,0.0
2021,Cabo Delgado,Ibo,Maio,0.0
2021,Cabo Delgado,Ibo,Junho,0.0
2021,Cabo Delgado,Ibo,Julho,0.0
2021,Cabo Delgado,Ibo,Agosto,0.0
2021,Cabo Delgado,Ibo,Setembro,0.0
2021,Cabo Delgado,Ibo,Outubro,0.0
2021,Cabo Delgado,Ibo,Novembro,0.0
2021,Cabo Delgado,Ibo,Dezembro,0.0
2021,Cabo Delgado,Macomia,Janeiro,0.0
2021,Cabo Delgado,Macomia,Fevereiro,0.0
2021,Cabo Delgado,Macomia,Março,0.0
2021,Cabo Delgado,Macomia,Abril,0.0
2021,Cabo Delgado,Macomia,Maio,0.0
2021,Cabo Delgado,Macomia,Junho,0.0
2021,Cabo Delgado,Macomia,Julho,0.0
2021,Cabo Delgado,Macomia,Agosto,0.0
2021,Cabo Delgado,Macomia,Setembro,0.0
2021,Cabo Delgado,Macomia,Outubro,0.0
2021,Cabo Delgado,Macomia,Novembro,0.0
2021,Cabo Delgado,Macomia,Dezembro,0.0
2021,Cabo Delgado,Mecufi,Janeiro,1.0
2021,Cabo Delgado,Mecufi,Fevereiro,1.0
2021,Cabo Delgado,Mecufi,Março,1.0
2021,Cabo Delgado,Mecufi,Maio,1.0
2021,Cabo Delgado,Ibo,Fevereiro,0.0
2021,Cabo Delgado,Mocimboa da Praia,Outubro,2.0
2021,Cabo Delgado,Mocimboa da Praia,Dezembro,2.0
2021,Cabo Delgado,Muidumbe,Junho,0.0
2021,Cabo Delgado,Muidumbe,Julho,0.0
2021,Cabo Delgado,Muidumbe,Agosto,0.0
2021,Cabo Delgado,Muidumbe,Setembro,0.0
2021,Cabo Delgado,Muidumbe,Outubro,0.0
2021,Cabo Delgado,Muidumbe,Novembro,0.0
2021,Cabo Delgado,Muidumbe,Dezembro,0.0
2021,Cabo Delgado,Namuno,Janeiro,2.0
2021,Cabo Delgado,Namuno,Fevereiro,2.0
2021,Cabo Delgado,Namuno,Março,2.0
2021,Cabo Delgado,Namuno,Abril,2.0
2021,Cabo Delgado,Namuno,Maio,2.0
2021,Cabo Delgado,Namuno,Junho,2.0
2021,Cabo Delgado,Namuno,Julho,2.0
2021,Cabo Delgado,Namuno,Agosto,2.0
2021,Cabo Delgado,Namuno,Setembro,2.0
2021,Cabo Delgado,Namuno,Outubro,2.0
2021,Cabo Delgado,Namuno,Novembro,2.0
2021,Cabo Delgado,Namuno,Dezembro,2.0
2021,Cabo Delgado,Nangade,Janeiro,2.0
2021,Cabo Delgado,Nangade,Fevereiro,0.0
2021,Cabo Delgado,Nangade,Março,0.0
2021,Cabo Delgado,Nangade,Abril,0.0
2021,Cabo Delgado,Nangade,Maio,0.0
2021,Cabo Delgado,Nangade,Junho,0.0
2021,Cabo Delgado,Muidumbe,Maio,0.0
2021,Cabo Delgado,Mocimboa da Praia,Novembro,2.0
2021,Cabo Delgado,Muidumbe,Abril,0.0
2021,Cabo Delgado,Muidumbe,Fevereiro,0.0
2021,Cabo Delgado,Montepuez,Janeiro,10.0
2021,Cabo Delgado,Montepuez,Fevereiro,10.0
2021,Cabo Delgado,Montepuez,Março,10.0
2021,Cabo Delgado,Montepuez,Abril,10.0
2021,Cabo Delgado,Montepuez,Maio,10.0
2021,Cabo Delgado,Montepuez,Junho,10.0
2021,Cabo Delgado,Montepuez,Julho,10.0
2021,Cabo Delgado,Montepuez,Agosto,10.0
2021,Cabo Delgado,Montepuez,Setembro,10.0
2021,Cabo Delgado,Montepuez,Outubro,10.0
2021,Cabo Delgado,Montepuez,Novembro,10.0
2021,Cabo Delgado,Montepuez,Dezembro,10.0
2021,Cabo Delgado,Mueda,Janeiro,6.0
2021,Cabo Delgado,Mueda,Fevereiro,6.0
2021,Cabo Delgado,Mueda,Março,6.0
2021,Cabo Delgado,Mueda,Abril,6.0
2021,Cabo Delgado,Mueda,Maio,7.0
2021,Cabo Delgado,Mueda,Junho,7.0
2021,Cabo Delgado,Mueda,Julho,7.0
2021,Cabo Delgado,Mueda,Agosto,7.0
2021,Cabo Delgado,Mueda,Setembro,7.0
2021,Cabo Delgado,Mueda,Outubro,7.0
2021,Cabo Delgado,Mueda,Novembro,7.0
2021,Cabo Delgado,Mueda,Dezembro,7.0
2021,Cabo Delgado,Muidumbe,Janeiro,0.0
2021,Cabo Delgado,Muidumbe,Março,0.0
2021,Cabo Delgado,Nangade,Julho,0.0
2021,Cabo Delgado,Ibo,Janeiro,0.0
2021,Cabo Delgado,Chiúre,Novembro,4.0
2021,Nampula,Rapale-Nampula,Dezembro,1.0
2021,Nampula,Ribaué,Janeiro,6.0
2021,Nampula,Rapale-Nampula,Agosto,1.0
2021,Nampula,Rapale-Nampula,Outubro,1.0
2021,Nampula,Ribaué,Fevereiro,6.0
2021,Nampula,Ribaué,Março,6.0
2021,Nampula,Ribaué,Abril,6.0
2021,Nampula,Ribaué,Maio,6.0
2021,Nampula,Ribaué,Junho,6.0
2021,Nampula,Ribaué,Julho,6.0
2021,Nampula,Ribaué,Agosto,6.0
2021,Nampula,Ribaué,Setembro,6.0
2021,Nampula,Ribaué,Outubro,6.0
2021,Nampula,Ribaué,Novembro,6.0
2021,Nampula,Ribaué,Dezembro,6.0
2021,Nampula,Liupo,Janeiro,0.0
2021,Nampula,Liupo,Fevereiro,0.0
2021,Nampula,Liupo,Março,0.0
2021,Nampula,Liupo,Abril,0.0
2021,Nampula,Liupo,Maio,0.0
2021,Nampula,Liupo,Junho,0.0
2021,Nampula,Liupo,Julho,0.0
2021,Nampula,Liupo,Agosto,0.0
2021,Nampula,Liupo,Setembro,0.0
2021,Nampula,Liupo,Outubro,0.0
2021,Nampula,Liupo,Novembro,0.0
2021,Nampula,Liupo,Dezembro,0.0
2021,Nampula,Larde,Janeiro,0.0
2021,Nampula,Rapale-Nampula,Novembro,1.0
2021,Nampula,Nacaroa,Julho,1.0
2021,Nampula,Nacaroa,Agosto,1.0
2021,Nampula,Nacaroa,Setembro,1.0
2021,Nampula,Nacaroa,Outubro,1.0
2021,Nampula,Nacaroa,Novembro,1.0
2021,Nampula,Nacaroa,Dezembro,1.0
2021,Nampula,Namapa-Erati,Janeiro,2.0
2021,Nampula,Namapa-Erati,Fevereiro,2.0
2021,Nampula,Namapa-Erati,Março,2.0
2021,Nampula,Namapa-Erati,Abril,2.0
2021,Nampula,Namapa-Erati,Maio,2.0
2021,Nampula,Namapa-Erati,Junho,2.0
2021,Nampula,Namapa-Erati,Julho,2.0
2021,Nampula,Namapa-Erati,Agosto,2.0
2021,Niassa,Mecula,Janeiro,2.0
2021,Nampula,Namapa-Erati,Setembro,2.0
2021,Nampula,Namapa-Erati,Novembro,2.0
2021,Nampula,Namapa-Erati,Dezembro,2.0
2021,Nampula,Rapale-Nampula,Janeiro,1.0
2021,Nampula,Rapale-Nampula,Fevereiro,1.0
2021,Nampula,Rapale-Nampula,Março,1.0
2021,Nampula,Rapale-Nampula,Abril,1.0
2021,Nampula,Rapale-Nampula,Maio,1.0
2021,Nampula,Rapale-Nampula,Junho,1.0
2021,Nampula,Rapale-Nampula,Julho,1.0
2021,Nampula,Rapale-Nampula,Setembro,1.0
2021,Cabo Delgado,Chiúre,Dezembro,4.0
2021,Nampula,Larde,Fevereiro,0.0
2021,Nampula,Larde,Abril,0.0
2021,Cabo Delgado,Ancuabe,Outubro,1.0
2021,Cabo Delgado,Ancuabe,Novembro,1.0
2021,Cabo Delgado,Balama,Fevereiro,5.0
2021,Cabo Delgado,Balama,Março,5.0
2021,Cabo Delgado,Balama,Abril,5.0
2021,Cabo Delgado,Balama,Maio,5.0
2021,Cabo Delgado,Balama,Junho,5.0
2021,Cabo Delgado,Balama,Julho,5.0
2021,Cabo Delgado,Balama,Agosto,5.0
2021,Cabo Delgado,Balama,Setembro,5.0
2021,Cabo Delgado,Balama,Outubro,5.0
2021,Cabo Delgado,Balama,Novembro,5.0
2021,Cabo Delgado,Balama,Dezembro,5.0
2021,Cabo Delgado,Chiúre,Janeiro,4.0
2021,Cabo Delgado,Chiúre,Fevereiro,4.0
2021,Cabo Delgado,Chiúre,Março,4.0
2021,Cabo Delgado,Chiúre,Abril,4.0
2021,Cabo Delgado,Chiúre,Maio,4.0
2021,Cabo Delgado,Chiúre,Junho,4.0
2021,Cabo Delgado,Chiúre,Julho,4.0
2021,Cabo Delgado,Chiúre,Agosto,4.0
2021,Cabo Delgado,Chiúre,Setembro,4.0
2021,Cabo Delgado,Chiúre,Outubro,4.0
2021,Cabo Delgado,Ancuabe,Setembro,1.0
2021,Nampula,Larde,Março,0.0
2021,Cabo Delgado,Ancuabe,Agosto,1.0
2021,Cabo Delgado,Ancuabe,Junho,1.0
2021,Cabo Delgado,Ancuabe,Dezembro,1.0
2021,Cabo Delgado,Balama,Janeiro,5.0
2021,Nampula,Larde,Maio,0.0
2021,Nampula,Larde,Junho,0.0
2021,Nampula,Larde,Julho,0.0
2021,Nampula,Larde,Agosto,0.0
2021,Nampula,Larde,Setembro,0.0
2021,Nampula,Larde,Outubro,0.0
2021,Nampula,Larde,Novembro,0.0
2021,Nampula,Larde,Dezembro,0.0
2021,Cabo Delgado,Cidade de Pemba,Janeiro,47.0
2021,Cabo Delgado,Cidade de Pemba,Fevereiro,47.0
2021,Cabo Delgado,Cidade de Pemba,Março,46.0
2021,Cabo Delgado,Cidade de Pemba,Abril,46.0
2021,Cabo Delgado,Cidade de Pemba,Maio,46.0
2021,Cabo Delgado,Cidade de Pemba,Junho,46.0
2021,Cabo Delgado,Cidade de Pemba,Agosto,46.0
2021,Cabo Delgado,Nangade,Outubro,0.0
2021,Cabo Delgado,Cidade de Pemba,Setembro,45.0
2021,Cabo Delgado,Cidade de Pemba,Outubro,44.0
2021,Cabo Delgado,Cidade de Pemba,Novembro,44.0
2021,Cabo Delgado,Cidade de Pemba,Dezembro,45.0
2021,Cabo Delgado,Ancuabe,Janeiro,1.0
2021,Cabo Delgado,Ancuabe,Fevereiro,1.0
2021,Cabo Delgado,Ancuabe,Março,1.0
2021,Cabo Delgado,Ancuabe,Abril,1.0
2021,Cabo Delgado,Ancuabe,Maio,1.0
2021,Cabo Delgado,Ancuabe,Julho,1.0
2021,Cabo Delgado,Nangade,Agosto,0.0
2021,Cabo Delgado,Nangade,Setembro,0.0
2021,Cabo Delgado,Cidade de Pemba,Julho,46.0
2021,Nampula,Namapa-Erati,Outubro,2.0
2021,Nampula,Nacaroa,Março,1.0
2021,Cabo Delgado,Pemba-Metuge,Março,2.0
2021,Niassa,Muembe,Julho,0.0
2021,Niassa,Maúa,Abril,2.0
2021,Niassa,Mecula,Abril,2.0
2021,Niassa,Mecula,Maio,2.0
2021,Niassa,Mecula,Junho,2.0
2021,Niassa,Mecula,Julho,2.0
2021,Niassa,Mecula,Agosto,2.0
2021,Niassa,Mecula,Setembro,2.0
2021,Niassa,Mecula,Outubro,2.0
2021,Niassa,Mecula,Novembro,2.0
2021,Niassa,Mecula,Dezembro,2.0
2021,Niassa,Metarica,Janeiro,0.0
2021,Niassa,Metarica,Fevereiro,0.0
2021,Niassa,Metarica,Março,0.0
2021,Niassa,Metarica,Abril,0.0
2021,Niassa,Metarica,Maio,0.0
2021,Niassa,Metarica,Junho,0.0
2021,Niassa,Metarica,Julho,0.0
2021,Niassa,Metarica,Agosto,0.0
2021,Niassa,Metarica,Setembro,0.0
2021,Niassa,Metarica,Outubro,0.0
2021,Niassa,Metarica,Novembro,0.0
2021,Niassa,Metarica,Dezembro,0.0
2021,Niassa,Muembe,Janeiro,0.0
2021,Niassa,Mecanhelas,Dezembro,3.0
2021,Niassa,Muembe,Fevereiro,0.0
2021,Niassa,Mecanhelas,Setembro,3.0
2021,Niassa,Maúa,Agosto,2.0
2021,Niassa,Nipepe,Novembro,1.0
2021,Niassa,Maúa,Setembro,2.0
2021,Niassa,Maúa,Dezembro,2.0
2021,Niassa,Mavago,Janeiro,2.0
2021,Niassa,Mavago,Fevereiro,2.0
2021,Niassa,Mavago,Março,2.0
2021,Niassa,Mavago,Abril,2.0
2021,Niassa,Mavago,Maio,2.0
2021,Niassa,Mavago,Junho,2.0
2021,Niassa,Mavago,Julho,2.0
2021,Niassa,Mavago,Agosto,2.0
2021,Niassa,Mavago,Setembro,2.0
2021,Niassa,Mavago,Outubro,2.0
2021,Niassa,Mavago,Novembro,2.0
2021,Niassa,Mavago,Dezembro,2.0
2021,Niassa,Mecanhelas,Janeiro,3.0
2021,Niassa,Mecanhelas,Fevereiro,3.0
2021,Niassa,Mecanhelas,Março,3.0
2021,Niassa,Mecanhelas,Abril,3.0
2021,Niassa,Mecanhelas,Maio,3.0
2021,Niassa,Mecanhelas,Junho,3.0
2021,Niassa,Mecanhelas,Julho,3.0
2021,Niassa,Mecanhelas,Agosto,3.0
2021,Niassa,Mecanhelas,Outubro,3.0
2021,Niassa,Maúa,Julho,2.0
2021,Niassa,Muembe,Março,0.0
2021,Niassa,Mecanhelas,Novembro,3.0
2021,Niassa,Muembe,Maio,0.0
2021,Niassa,Maúa,Outubro,2.0
2021,Niassa,N´gauma,Julho,0.0
2021,Niassa,Sanga,Setembro,0.0
2021,Cabo Delgado,Mecufi,Agosto,1.0
2021,Niassa,Nipepe,Setembro,1.0
2021,Niassa,Sanga,Março,0.0
2021,Niassa,Sanga,Abril,0.0
2021,Niassa,Sanga,Maio,0.0
2021,Niassa,Sanga,Junho,0.0
2021,Niassa,Sanga,Julho,0.0
2021,Niassa,Sanga,Outubro,0.0
2021,Niassa,Sanga,Novembro,0.0
2021,Niassa,Sanga,Dezembro,0.0
2021,Niassa,Chimbunhila,Janeiro,2.0
2021,Niassa,Sanga,Agosto,0.0
2021,Niassa,Chimbunhila,Março,1.0
2021,Niassa,Chimbunhila,Outubro,1.0
2021,Niassa,Chimbunhila,Setembro,1.0
2021,Niassa,Chimbunhila,Junho,1.0
2021,Niassa,Chimbunhila,Julho,1.0
2021,Niassa,Sanga,Fevereiro,0.0
2021,Niassa,Chimbunhila,Agosto,1.0
2021,Província de Maputo,Cidade de Maputo,Janeiro,534.0
2021,Niassa,Chimbunhila,Fevereiro,1.0
2021,Niassa,Nipepe,Outubro,1.0
2021,Niassa,Muembe,Abril,0.0
2021,Niassa,Chimbunhila,Dezembro,1.0
2021,Niassa,Nipepe,Julho,1.0
2021,Niassa,Maúa,Novembro,2.0
2021,Niassa,Nipepe,Agosto,1.0
2021,Niassa,Sanga,Janeiro,0.0
2021,Niassa,Maúa,Maio,2.0
2021,Niassa,Muembe,Agosto,0.0
2021,Niassa,Muembe,Setembro,0.0
2021,Niassa,Muembe,Outubro,0.0
2021,Niassa,Muembe,Novembro,0.0
2021,Niassa,Muembe,Dezembro,0.0
2021,Niassa,N´gauma,Janeiro,0.0
2021,Niassa,N´gauma,Fevereiro,0.0
2021,Niassa,N´gauma,Março,0.0
2021,Niassa,N´gauma,Abril,0.0
2021,Niassa,N´gauma,Maio,0.0
2021,Niassa,N´gauma,Junho,0.0
2021,Niassa,N´gauma,Setembro,0.0
2021,Niassa,Nipepe,Dezembro,1.0
2021,Niassa,Muembe,Junho,0.0
2021,Niassa,N´gauma,Outubro,0.0
2021,Niassa,N´gauma,Novembro,0.0
2021,Niassa,N´gauma,Dezembro,0.0
2021,Niassa,Nipepe,Janeiro,1.0
2021,Niassa,Nipepe,Fevereiro,1.0
2021,Niassa,Nipepe,Março,1.0
2021,Niassa,Nipepe,Abril,1.0
2021,Niassa,Nipepe,Maio,1.0
2021,Niassa,Nipepe,Junho,1.0
2021,Niassa,N´gauma,Agosto,0.0
2021,Niassa,Maúa,Junho,2.0
2021,Cabo Delgado,Quissanga,Abril,0.0
2021,Niassa,Mecula,Março,2.0
2021,Cabo Delgado,Quissanga,Junho,0.0
2021,Cabo Delgado,Nangade,Novembro,0.0
2021,Cabo Delgado,Pemba-Metuge,Dezembro,2.0
2021,Cabo Delgado,Quissanga,Julho,0.0
2021,Cabo Delgado,Quissanga,Agosto,0.0
2021,Cabo Delgado,Quissanga,Setembro,0.0
2021,Cabo Delgado,Quissanga,Outubro,0.0
2021,Cabo Delgado,Quissanga,Novembro,0.0
2021,Cabo Delgado,Quissanga,Dezembro,0.0
2021,Niassa,Cidade de Lichinga,Janeiro,30.0
2021,Niassa,Cidade de Lichinga,Fevereiro,30.0
2021,Niassa,Cidade de Lichinga,Março,30.0
2021,Niassa,Cidade de Lichinga,Abril,30.0
2021,Niassa,Cidade de Lichinga,Maio,29.0
2021,Niassa,Cidade de Lichinga,Junho,29.0
2021,Niassa,Cidade de Lichinga,Julho,29.0
2021,Niassa,Cidade de Lichinga,Agosto,29.0
2021,Niassa,Cidade de Lichinga,Setembro,29.0
2021,Niassa,Cidade de Lichinga,Outubro,29.0
2021,Niassa,Cidade de Lichinga,Novembro,29.0
2021,Niassa,Cidade de Lichinga,Dezembro,29.0
2021,Niassa,Cuamba,Janeiro,16.0
2021,Niassa,Cuamba,Fevereiro,16.0
2021,Niassa,Cuamba,Março,16.0
2021,Niassa,Cuamba,Abril,16.0
2021,Cabo Delgado,Quissanga,Março,0.0
2021,Cabo Delgado,Quissanga,Fevereiro,0.0
2021,Niassa,Cuamba,Maio,16.0
2021,Cabo Delgado,Nangade,Dezembro,0.0
2021,Cabo Delgado,Palma,Janeiro,10.0
2021,Cabo Delgado,Palma,Fevereiro,10.0
2021,Cabo Delgado,Palma,Março,10.0
2021,Cabo Delgado,Palma,Abril,8.0
2021,Cabo Delgado,Palma,Maio,8.0
2021,Cabo Delgado,Palma,Junho,8.0
2021,Cabo Delgado,Palma,Julho,8.0
2021,Cabo Delgado,Palma,Agosto,8.0
2021,Cabo Delgado,Palma,Setembro,5.0
2021,Cabo Delgado,Palma,Outubro,5.0
2021,Cabo Delgado,Palma,Novembro,5.0
2021,Cabo Delgado,Palma,Dezembro,5.0
2021,Cabo Delgado,Pemba-Metuge,Janeiro,2.0
2021,Cabo Delgado,Quissanga,Maio,0.0
2021,Nampula,Nacaroa,Abril,1.0
2021,Cabo Delgado,Pemba-Metuge,Abril,2.0
2021,Cabo Delgado,Pemba-Metuge,Maio,2.0
2021,Cabo Delgado,Pemba-Metuge,Junho,2.0
2021,Cabo Delgado,Pemba-Metuge,Julho,2.0
2021,Cabo Delgado,Pemba-Metuge,Agosto,2.0
2021,Cabo Delgado,Pemba-Metuge,Setembro,2.0
2021,Cabo Delgado,Pemba-Metuge,Outubro,2.0
2021,Cabo Delgado,Pemba-Metuge,Novembro,2.0
2021,Cabo Delgado,Quissanga,Janeiro,0.0
2021,Niassa,Cuamba,Junho,16.0
2021,Niassa,Cuamba,Julho,16.0
2021,Niassa,Cuamba,Agosto,16.0
2021,Niassa,Mandimba,Março,2.0
2021,Niassa,Mandimba,Abril,2.0
2021,Niassa,Mandimba,Maio,2.0
2021,Niassa,Mandimba,Agosto,2.0
2021,Niassa,Mandimba,Setembro,2.0
2021,Niassa,Mandimba,Outubro,3.0
2021,Niassa,Mandimba,Novembro,4.0
2021,Niassa,Mandimba,Dezembro,4.0
2021,Niassa,Marrupa,Janeiro,2.0
2021,Niassa,Marrupa,Fevereiro,2.0
2021,Niassa,Marrupa,Março,2.0
2021,Niassa,Marrupa,Abril,2.0
2021,Niassa,Marrupa,Maio,2.0
2021,Niassa,Marrupa,Junho,2.0
2021,Niassa,Marrupa,Julho,2.0
2021,Niassa,Marrupa,Agosto,2.0
2021,Niassa,Marrupa,Setembro,2.0
2021,Niassa,Marrupa,Outubro,2.0
2021,Niassa,Marrupa,Novembro,2.0
2021,Niassa,Marrupa,Dezembro,2.0
2021,Niassa,Maúa,Janeiro,2.0
2021,Niassa,Maúa,Fevereiro,2.0
2021,Niassa,Maúa,Março,2.0
2021,Niassa,Mandimba,Fevereiro,2.0
2021,Niassa,Mandimba,Janeiro,2.0
2021,Niassa,Manjune,Dezembro,1.0
2021,Niassa,Manjune,Novembro,1.0
2021,Niassa,Cuamba,Setembro,16.0
2021,Niassa,Mandimba,Junho,2.0
2021,Niassa,Mandimba,Julho,2.0
2021,Niassa,Cuamba,Outubro,16.0
2021,Niassa,Cuamba,Novembro,16.0
2021,Niassa,Cuamba,Dezembro,16.0
2021,Niassa,Lago,Janeiro,3.0
2021,Niassa,Lago,Fevereiro,3.0
2021,Niassa,Lago,Março,3.0
2021,Niassa,Lago,Abril,3.0
2021,Niassa,Lago,Maio,3.0
2021,Niassa,Lago,Junho,3.0
2021,Niassa,Lago,Julho,3.0
2021,Niassa,Lago,Agosto,3.0
2021,Nampula,Nacaroa,Junho,1.0
2021,Niassa,Lago,Setembro,3.0
2021,Niassa,Lago,Novembro,3.0
2021,Cabo Delgado,Mecufi,Outubro,1.0
2021,Niassa,Mecula,Fevereiro,2.0
2021,Niassa,Manjune,Fevereiro,1.0
2021,Niassa,Manjune,Março,1.0
2021,Niassa,Manjune,Abril,1.0
2021,Niassa,Manjune,Maio,1.0
2021,Niassa,Manjune,Junho,1.0
2021,Niassa,Manjune,Julho,1.0
2021,Niassa,Manjune,Agosto,1.0
2021,Niassa,Manjune,Setembro,1.0
2021,Niassa,Manjune,Outubro,1.0
2021,Niassa,Lago,Outubro,3.0
2021,Nampula,Nacaroa,Maio,1.0
2021,Cabo Delgado,Pemba-Metuge,Fevereiro,2.0
2021,Niassa,Lago,Dezembro,3.0
2021,Zambézia,Morrumbala,Outubro,2.0
2021,Niassa,Chimbunhila,Abril,1.0
2021,Zambézia,Morrumbala,Dezembro,2.0
2021,Zambézia,Namacurra,Janeiro,2.0
2021,Zambézia,Namacurra,Fevereiro,2.0
2021,Zambézia,Namacurra,Março,2.0
2021,Zambézia,Namacurra,Abril,2.0
2021,Zambézia,Namacurra,Maio,2.0
2021,Zambézia,Namacurra,Junho,2.0
2021,Zambézia,Namacurra,Julho,2.0
2021,Zambézia,Namacurra,Agosto,2.0
2021,Zambézia,Namacurra,Setembro,2.0
2021,Zambézia,Namacurra,Outubro,2.0
2021,Zambézia,Namacurra,Novembro,2.0
2021,Zambézia,Namacurra,Dezembro,2.0
2021,Zambézia,Namarroi,Janeiro,0.0
2021,Zambézia,Namarroi,Fevereiro,0.0
2021,Zambézia,Namarroi,Março,0.0
2021,Zambézia,Namarroi,Abril,0.0
2021,Zambézia,Namarroi,Maio,0.0
2021,Zambézia,Namarroi,Junho,0.0
2021,Zambézia,Namarroi,Julho,0.0
2021,Zambézia,Namarroi,Agosto,0.0
2021,Zambézia,Namarroi,Setembro,0.0
2021,Zambézia,Namarroi,Outubro,0.0
2021,Zambézia,Morrumbala,Setembro,2.0
2021,Zambézia,Namarroi,Novembro,0.0
2021,Zambézia,Morrumbala,Agosto,2.0
2021,Zambézia,Morrumbala,Junho,2.0
2021,Zambézia,Mocuba,Maio,16.0
2021,Zambézia,Mocuba,Junho,16.0
2021,Zambézia,Mocuba,Julho,16.0
2021,Zambézia,Mocuba,Agosto,16.0
2021,Zambézia,Mocuba,Setembro,16.0
2021,Zambézia,Mocuba,Outubro,16.0
2021,Zambézia,Mocuba,Novembro,16.0
2021,Zambézia,Mocuba,Dezembro,16.0
2021,Zambézia,Mopeia,Janeiro,2.0
2021,Zambézia,Mopeia,Fevereiro,2.0
2021,Zambézia,Mopeia,Março,2.0
2021,Zambézia,Mopeia,Abril,2.0
2021,Zambézia,Mopeia,Maio,2.0
2021,Zambézia,Mopeia,Junho,2.0
2021,Zambézia,Mopeia,Julho,2.0
2021,Zambézia,Mopeia,Agosto,2.0
2021,Zambézia,Mopeia,Setembro,2.0
2021,Zambézia,Mopeia,Outubro,2.0
2021,Zambézia,Mopeia,Novembro,2.0
2021,Zambézia,Mopeia,Dezembro,2.0
2021,Zambézia,Morrumbala,Janeiro,2.0
2021,Zambézia,Morrumbala,Fevereiro,2.0
2021,Zambézia,Morrumbala,Março,2.0
2021,Zambézia,Morrumbala,Abril,2.0
2021,Zambézia,Morrumbala,Maio,2.0
2021,Zambézia,Morrumbala,Julho,2.0
2021,Zambézia,Mocuba,Abril,16.0
2021,Zambézia,Namarroi,Dezembro,0.0
2021,Zambézia,Nicoadala,Fevereiro,4.0
2021,Zambézia,Molumbo,Agosto,2.0
2021,Zambézia,Molumbo,Setembro,2.0
2021,Zambézia,Molumbo,Outubro,2.0
2021,Zambézia,Molumbo,Novembro,2.0
2021,Zambézia,Molumbo,Dezembro,2.0
2021,Zambézia,Mocubela,Janeiro,0.0
2021,Zambézia,Mocubela,Fevereiro,0.0
2021,Zambézia,Mocubela,Março,0.0
2021,Zambézia,Mocubela,Abril,0.0
2021,Zambézia,Mocubela,Maio,0.0
2021,Zambézia,Mocubela,Junho,0.0
2021,Zambézia,Mocubela,Julho,0.0
2021,Zambézia,Mocubela,Agosto,0.0
2021,Zambézia,Mocubela,Setembro,0.0
2021,Zambézia,Mocubela,Outubro,0.0
2021,Zambézia,Mocubela,Novembro,0.0
2021,Zambézia,Mocubela,Dezembro,0.0
2021,Zambézia,Mulevala,Janeiro,0.0
2021,Zambézia,Mulevala,Fevereiro,0.0
2021,Zambézia,Mulevala,Março,0.0
2021,Zambézia,Mulevala,Abril,0.0
2021,Zambézia,Mulevala,Maio,0.0
2021,Zambézia,Mulevala,Junho,0.0
2021,Zambézia,Mulevala,Julho,0.0
2021,Zambézia,Mulevala,Agosto,0.0
2021,Zambézia,Molumbo,Julho,2.0
2021,Zambézia,Nicoadala,Janeiro,4.0
2021,Zambézia,Molumbo,Junho,2.0
2021,Zambézia,Molumbo,Abril,2.0
2021,Zambézia,Nicoadala,Março,3.0
2021,Zambézia,Nicoadala,Abril,3.0
2021,Zambézia,Nicoadala,Maio,3.0
2021,Zambézia,Nicoadala,Junho,3.0
2021,Zambézia,Nicoadala,Julho,3.0
2021,Zambézia,Nicoadala,Agosto,3.0
2021,Zambézia,Nicoadala,Setembro,3.0
2021,Zambézia,Nicoadala,Outubro,3.0
2021,Zambézia,Nicoadala,Novembro,3.0
2021,Zambézia,Nicoadala,Dezembro,3.0
2021,Zambézia,Pebane,Janeiro,1.0
2021,Zambézia,Pebane,Fevereiro,1.0
2021,Zambézia,Pebane,Março,1.0
2021,Zambézia,Pebane,Abril,1.0
2021,Zambézia,Pebane,Maio,1.0
2021,Zambézia,Pebane,Junho,1.0
2021,Zambézia,Pebane,Julho,1.0
2021,Zambézia,Pebane,Agosto,1.0
2021,Zambézia,Pebane,Setembro,1.0
2021,Zambézia,Pebane,Outubro,1.0
2021,Zambézia,Pebane,Novembro,1.0
2021,Zambézia,Pebane,Dezembro,1.0
2021,Zambézia,Molumbo,Janeiro,2.0
2021,Zambézia,Molumbo,Fevereiro,2.0
2021,Zambézia,Molumbo,Março,2.0
2021,Zambézia,Molumbo,Maio,2.0
2021,Zambézia,Mocuba,Março,16.0
2021,Zambézia,Mocuba,Fevereiro,16.0
2021,Zambézia,Mocuba,Janeiro,16.0
2021,Nampula,Mogovolas,Abril,2.0
2021,Zambézia,Mulevala,Dezembro,0.0
2021,Zambézia,Gurúè,Março,7.0
2021,Zambézia,Gurúè,Abril,7.0
2021,Zambézia,Gurúè,Maio,7.0
2021,Zambézia,Gurúè,Junho,7.0
2021,Zambézia,Gurúè,Julho,7.0
2021,Zambézia,Gurúè,Agosto,7.0
2021,Zambézia,Gurúè,Setembro,7.0
2021,Zambézia,Gurúè,Outubro,7.0
2021,Zambézia,Gurúè,Novembro,7.0
2021,Zambézia,Gurúè,Dezembro,7.0
2021,Zambézia,Ile,Janeiro,1.0
2021,Zambézia,Ile,Fevereiro,1.0
2021,Zambézia,Ile,Março,1.0
2021,Zambézia,Ile,Abril,1.0
2021,Zambézia,Ile,Maio,1.0
2021,Zambézia,Ile,Junho,1.0
2021,Zambézia,Ile,Julho,1.0
2021,Zambézia,Ile,Agosto,1.0
2021,Zambézia,Ile,Setembro,1.0
2021,Zambézia,Ile,Outubro,1.0
2021,Zambézia,Ile,Novembro,1.0
2021,Zambézia,Ile,Dezembro,1.0
2021,Zambézia,Inhassunge,Janeiro,0.0
2021,Zambézia,Chinde,Dezembro,0.0
2021,Zambézia,Inhassunge,Fevereiro,0.0
2021,Zambézia,Chinde,Novembro,0.0
2021,Zambézia,Chinde,Setembro,0.0
2021,Zambézia,Gurúè,Fevereiro,7.0
2021,Zambézia,Gilé,Dezembro,2.0
2021,Zambézia,Cidade de Quelimane,Outubro,53.0
2021,Zambézia,Alto Molócuè,Janeiro,6.0
2021,Zambézia,Alto Molócuè,Fevereiro,6.0
2021,Zambézia,Alto Molócuè,Março,6.0
2021,Zambézia,Alto Molócuè,Abril,6.0
2021,Zambézia,Alto Molócuè,Maio,6.0
2021,Zambézia,Alto Molócuè,Junho,6.0
2021,Zambézia,Alto Molócuè,Julho,6.0
2021,Zambézia,Alto Molócuè,Agosto,6.0
2021,Zambézia,Alto Molócuè,Setembro,6.0
2021,Zambézia,Alto Molócuè,Outubro,6.0
2021,Zambézia,Alto Molócuè,Dezembro,6.0
2021,Zambézia,Chinde,Janeiro,0.0
2021,Zambézia,Cidade de Quelimane,Novembro,53.0
2021,Zambézia,Chinde,Fevereiro,0.0
2021,Zambézia,Chinde,Março,0.0
2021,Zambézia,Chinde,Abril,0.0
2021,Zambézia,Chinde,Maio,0.0
2021,Zambézia,Chinde,Junho,0.0
2021,Zambézia,Chinde,Julho,0.0
2021,Zambézia,Chinde,Agosto,0.0
2021,Zambézia,Chinde,Outubro,0.0
2021,Zambézia,Inhassunge,Março,0.0
2021,Zambézia,Inhassunge,Abril,0.0
2021,Zambézia,Inhassunge,Maio,0.0
2021,Zambézia,Cidade de Quelimane,Setembro,53.0
2021,Zambézia,Cidade de Quelimane,Agosto,53.0
2021,Zambézia,Gurúè,Janeiro,7.0
2021,Zambézia,Maganja da Costa,Janeiro,2.0
2021,Zambézia,Inhassunge,Setembro,0.0
2021,Zambézia,Maganja da Costa,Maio,2.0
2021,Zambézia,Maganja da Costa,Junho,2.0
2021,Zambézia,Maganja da Costa,Julho,2.0
2021,Zambézia,Maganja da Costa,Agosto,2.0
2021,Zambézia,Maganja da Costa,Setembro,2.0
2021,Zambézia,Maganja da Costa,Outubro,2.0
2021,Zambézia,Maganja da Costa,Novembro,2.0
2021,Zambézia,Maganja da Costa,Dezembro,2.0
2021,Zambézia,Milange,Janeiro,7.0
2021,Zambézia,Milange,Fevereiro,6.0
2021,Zambézia,Milange,Março,6.0
2021,Zambézia,Milange,Abril,6.0
2021,Zambézia,Milange,Maio,6.0
2021,Zambézia,Milange,Junho,6.0
2021,Zambézia,Milange,Julho,6.0
2021,Zambézia,Milange,Agosto,6.0
2021,Zambézia,Milange,Setembro,6.0
2021,Zambézia,Milange,Outubro,6.0
2021,Zambézia,Milange,Novembro,6.0
2021,Zambézia,Milange,Dezembro,6.0
2021,Zambézia,Gilé,Novembro,2.0
2021,Zambézia,Gilé,Outubro,2.0
2021,Zambézia,Gilé,Setembro,2.0
2021,Zambézia,Gilé,Agosto,2.0
2021,Zambézia,Inhassunge,Junho,0.0
2021,Zambézia,Maganja da Costa,Fevereiro,2.0
2021,Zambézia,Inhassunge,Agosto,0.0
2021,Zambézia,Maganja da Costa,Abril,2.0
2021,Zambézia,Inhassunge,Outubro,0.0
2021,Zambézia,Inhassunge,Novembro,0.0
2021,Zambézia,Inhassunge,Dezembro,0.0
2021,Zambézia,Lugela,Janeiro,0.0
2021,Zambézia,Lugela,Fevereiro,0.0
2021,Zambézia,Lugela,Março,0.0
2021,Zambézia,Lugela,Abril,0.0
2021,Zambézia,Lugela,Maio,0.0
2021,Zambézia,Mulevala,Setembro,0.0
2021,Zambézia,Lugela,Junho,0.0
2021,Zambézia,Lugela,Agosto,0.0
2021,Zambézia,Lugela,Setembro,0.0
2021,Zambézia,Lugela,Outubro,0.0
2021,Zambézia,Lugela,Novembro,0.0
2021,Zambézia,Lugela,Dezembro,0.0
2021,Zambézia,Gilé,Janeiro,2.0
2021,Zambézia,Gilé,Fevereiro,2.0
2021,Zambézia,Gilé,Março,2.0
2021,Zambézia,Gilé,Abril,2.0
2021,Zambézia,Gilé,Maio,2.0
2021,Zambézia,Gilé,Junho,2.0
2021,Zambézia,Gilé,Julho,2.0
2021,Zambézia,Lugela,Julho,0.0
2021,Zambézia,Cidade de Quelimane,Junho,54.0
2021,Zambézia,Mulevala,Outubro,0.0
2021,Zambézia,Inhassunge,Julho,0.0
2021,Zambézia,Maganja da Costa,Março,2.0
2021,Zambézia,Derre,Abril,1.0
2021,Zambézia,Cidade de Quelimane,Dezembro,51.0
2021,Nampula,Mogovolas,Maio,2.0
2021,Nampula,Mogovolas,Julho,2.0
2021,Nampula,Mogovolas,Agosto,2.0
2021,Nampula,Mogovolas,Setembro,2.0
2021,Nampula,Mogovolas,Outubro,2.0
2021,Nampula,Mogovolas,Novembro,2.0
2021,Nampula,Mogovolas,Dezembro,2.0
2021,Nampula,Moma,Janeiro,4.0
2021,Nampula,Moma,Fevereiro,4.0
2021,Nampula,Moma,Março,4.0
2021,Nampula,Moma,Abril,4.0
2021,Nampula,Moma,Maio,4.0
2021,Nampula,Moma,Junho,4.0
2021,Nampula,Moma,Julho,4.0
2021,Nampula,Moma,Agosto,4.0
2021,Nampula,Moma,Setembro,4.0
2021,Nampula,Moma,Outubro,4.0
2021,Nampula,Moma,Novembro,4.0
2021,Nampula,Moma,Dezembro,4.0
2021,Nampula,Monapo,Janeiro,5.0
2021,Nampula,Monapo,Fevereiro,5.0
2021,Nampula,Monapo,Março,5.0
2021,Nampula,Mogovolas,Fevereiro,2.0
2021,Nampula,Monapo,Abril,5.0
2021,Zambézia,Morrumbala,Novembro,2.0
2021,Niassa,Chimbunhila,Maio,1.0
2021,Nampula,Monapo,Julho,5.0
2021,Nampula,Mecuburi,Novembro,3.0
2021,Nampula,Murrupula,Fevereiro,2.0
2021,Nampula,Memba,Janeiro,1.0
2021,Nampula,Memba,Fevereiro,1.0
2021,Nampula,Memba,Março,1.0
2021,Nampula,Memba,Abril,1.0
2021,Nampula,Memba,Maio,1.0
2021,Nampula,Memba,Junho,1.0
2021,Nampula,Memba,Julho,1.0
2021,Nampula,Memba,Agosto,1.0
2021,Nampula,Memba,Setembro,1.0
2021,Nampula,Memba,Outubro,1.0
2021,Nampula,Memba,Novembro,1.0
2021,Nampula,Memba,Dezembro,1.0
2021,Nampula,Mogincual,Janeiro,1.0
2021,Nampula,Mogincual,Fevereiro,1.0
2021,Nampula,Mogincual,Março,1.0
2021,Nampula,Mogincual,Abril,1.0
2021,Nampula,Mogincual,Maio,1.0
2021,Nampula,Mogincual,Junho,1.0
2021,Nampula,Mogincual,Julho,1.0
2021,Nampula,Mogincual,Agosto,1.0
2021,Nampula,Mogincual,Setembro,1.0
2021,Nampula,Mogincual,Outubro,1.0
2021,Nampula,Mogincual,Dezembro,1.0
2021,Nampula,Mecuburi,Setembro,3.0
2021,Nampula,Monapo,Maio,5.0
2021,Nampula,Mecuburi,Outubro,3.0
2021,Nampula,Murrupula,Janeiro,2.0
2021,Nampula,Mecuburi,Dezembro,3.0
2021,Nampula,Monapo,Setembro,5.0
2021,Nampula,Monapo,Outubro,5.0
2021,Nampula,Murrupula,Maio,2.0
2021,Nampula,Murrupula,Junho,2.0
2021,Nampula,Murrupula,Julho,2.0
2021,Nampula,Murrupula,Agosto,2.0
2021,Nampula,Murrupula,Setembro,2.0
2021,Nampula,Murrupula,Outubro,2.0
2021,Nampula,Murrupula,Novembro,2.0
2021,Nampula,Murrupula,Dezembro,2.0
2021,Nampula,Nacala-Velha,Janeiro,4.0
2021,Nampula,Nacala-Velha,Fevereiro,4.0
2021,Nampula,Nacala-Velha,Março,4.0
2021,Nampula,Nacala-Velha,Abril,4.0
2021,Nampula,Nacala-Velha,Maio,4.0
2021,Nampula,Nacala-Velha,Junho,4.0
2021,Nampula,Nacala-Velha,Julho,4.0
2021,Nampula,Nacala-Velha,Agosto,4.0
2021,Nampula,Nacala-Velha,Setembro,4.0
2021,Nampula,Nacala-Velha,Outubro,4.0
2021,Nampula,Nacala-Velha,Novembro,4.0
2021,Nampula,Nacala-Velha,Dezembro,4.0
2021,Nampula,Nacaroa,Janeiro,1.0
2021,Nampula,Muecate,Dezembro,1.0
2021,Nampula,Monapo,Junho,5.0
2021,Nampula,Muecate,Novembro,1.0
2021,Nampula,Muecate,Setembro,1.0
2021,Nampula,Mecuburi,Junho,3.0
2021,Nampula,Cidade de Nampula,Junho,103.0
2021,Nampula,Murrupula,Abril,2.0
2021,Nampula,Monapo,Novembro,5.0
2021,Nampula,Monapo,Dezembro,5.0
2021,Nampula,Mossuril,Janeiro,3.0
2021,Nampula,Mossuril,Fevereiro,3.0
2021,Nampula,Mossuril,Março,3.0
2021,Nampula,Mossuril,Abril,3.0
2021,Nampula,Mossuril,Maio,3.0
2021,Nampula,Mossuril,Junho,3.0
2021,Nampula,Mossuril,Julho,3.0
2021,Nampula,Mossuril,Agosto,3.0
2021,Nampula,Mossuril,Setembro,3.0
2021,Nampula,Mossuril,Outubro,3.0
2021,Nampula,Mossuril,Novembro,3.0
2021,Nampula,Mossuril,Dezembro,3.0
2021,Nampula,Muecate,Janeiro,1.0
2021,Nampula,Muecate,Fevereiro,1.0
2021,Nampula,Muecate,Março,1.0
2021,Nampula,Muecate,Abril,1.0
2021,Nampula,Muecate,Maio,1.0
2021,Nampula,Muecate,Junho,1.0
2021,Nampula,Muecate,Julho,1.0
2021,Nampula,Muecate,Agosto,1.0
2021,Nampula,Muecate,Outubro,1.0
2021,Nampula,Mecuburi,Agosto,3.0
2021,Nampula,Mecuburi,Julho,3.0
2021,Nampula,Monapo,Agosto,5.0
2021,Nampula,Murrupula,Março,2.0
2021,Nampula,Mogovolas,Janeiro,2.0
2021,Nampula,Mogincual,Novembro,1.0
2021,Nampula,Cidade de Nampula,Fevereiro,106.0
2021,Nampula,Cidade de Nampula,Abril,104.0
2021,Nampula,Cidade de Nampula,Setembro,102.0
2021,Nampula,Cidade de Nampula,Outubro,100.0
2021,Nampula,Cidade de Nampula,Novembro,98.0
2021,Nampula,Cidade de Nampula,Dezembro,96.0
2021,Nampula,Cidade de Nacala-Porto,Janeiro,34.0
2021,Nampula,Cidade de Nacala-Porto,Fevereiro,32.0
2021,Nampula,Cidade de Nacala-Porto,Março,33.0
2021,Nampula,Cidade de Nacala-Porto,Abril,34.0
2021,Nampula,Cidade de Nacala-Porto,Maio,34.0
2021,Nampula,Cidade de Nacala-Porto,Junho,34.0
2021,Nampula,Cidade de Nacala-Porto,Julho,34.0
2021,Nampula,Cidade de Nacala-Porto,Agosto,34.0
2021,Nampula,Cidade de Nacala-Porto,Setembro,34.0
2021,Nampula,Cidade de Nacala-Porto,Outubro,33.0
2021,Nampula,Cidade de Nacala-Porto,Novembro,33.0
2021,Nampula,Cidade de Nacala-Porto,Dezembro,32.0
2021,Nampula,Angoche,Janeiro,2.0
2021,Nampula,Angoche,Fevereiro,2.0
2021,Nampula,Angoche,Março,2.0
2021,Nampula,Angoche,Abril,2.0
2021,Nampula,Angoche,Maio,2.0
2021,Nampula,Angoche,Junho,2.0
2021,Nampula,Cidade de Nampula,Maio,104.0
2021,Nampula,Angoche,Julho,2.0
2021,Zambézia,Luabo,Fevereiro,0.0
2021,Zambézia,Luabo,Janeiro,0.0
2021,Nampula,Angoche,Outubro,2.0
2021,Nampula,Malema,Maio,4.0
2021,Nampula,Cidade de Nampula,Agosto,103.0
2021,Zambézia,Luabo,Junho,0.0
2021,Zambézia,Luabo,Julho,0.0
2021,Zambézia,Luabo,Agosto,0.0
2021,Zambézia,Luabo,Setembro,0.0
2021,Zambézia,Luabo,Outubro,0.0
2021,Zambézia,Luabo,Novembro,0.0
2021,Zambézia,Luabo,Dezembro,0.0
2021,Zambézia,Derre,Janeiro,1.0
2021,Zambézia,Derre,Fevereiro,1.0
2021,Zambézia,Derre,Março,1.0
2021,Zambézia,Derre,Maio,1.0
2021,Zambézia,Derre,Junho,1.0
2021,Nampula,Mogovolas,Junho,2.0
2021,Zambézia,Derre,Julho,1.0
2021,Zambézia,Derre,Agosto,1.0
2021,Zambézia,Derre,Setembro,1.0
2021,Zambézia,Derre,Outubro,1.0
2021,Zambézia,Derre,Novembro,1.0
2021,Zambézia,Derre,Dezembro,1.0
2021,Nampula,Cidade de Nampula,Janeiro,107.0
2021,Nampula,Cidade de Nampula,Março,103.0
2021,Nampula,Angoche,Agosto,2.0
2021,Nampula,Angoche,Setembro,2.0
2021,Zambézia,Luabo,Março,0.0
2021,Nampula,Cidade de Nampula,Julho,103.0
2021,Zambézia,Luabo,Abril,0.0
2021,Zambézia,Luabo,Maio,0.0
2021,Nampula,Malema,Setembro,4.0
2021,Nampula,Malema,Novembro,4.0
2021,Nampula,Malema,Dezembro,4.0
2021,Nampula,Meconta (Namialo),Janeiro,5.0
2021,Nampula,Meconta (Namialo),Fevereiro,5.0
2021,Nampula,Meconta (Namialo),Março,5.0
2021,Nampula,Meconta (Namialo),Abril,5.0
2021,Nampula,Meconta (Namialo),Maio,5.0
2021,Nampula,Meconta (Namialo),Junho,5.0
2021,Nampula,Meconta (Namialo),Julho,5.0
2021,Nampula,Meconta (Namialo),Agosto,5.0
2021,Nampula,Meconta (Namialo),Setembro,5.0
2021,Nampula,Meconta (Namialo),Outubro,5.0
2021,Nampula,Meconta (Namialo),Novembro,5.0
2021,Nampula,Meconta (Namialo),Dezembro,5.0
2021,Nampula,Mecuburi,Janeiro,3.0
2021,Nampula,Mecuburi,Fevereiro,3.0
2021,Nampula,Mecuburi,Março,3.0
2021,Nampula,Mecuburi,Abril,3.0
2021,Nampula,Mecuburi,Maio,3.0
2021,Nampula,Malema,Abril,4.0
2021,Nampula,Malema,Março,4.0
2021,Nampula,Malema,Fevereiro,4.0
2021,Nampula,Malema,Junho,4.0
2021,Nampula,Angoche,Novembro,2.0
2021,Nampula,Malema,Julho,4.0
2021,Nampula,Malema,Janeiro,4.0
2021,Nampula,Malema,Outubro,4.0
2021,Nampula,Malema,Agosto,4.0
2021,Nampula,Ilha de Moçambique,Março,5.0
2021,Nampula,Ilha de Moçambique,Janeiro,5.0
2021,Nampula,Ilha de Moçambique,Abril,5.0
2021,Nampula,Ilha de Moçambique,Maio,5.0
2021,Nampula,Ilha de Moçambique,Junho,5.0
2021,Nampula,Ilha de Moçambique,Julho,5.0
2021,Nampula,Ilha de Moçambique,Agosto,5.0
2021,Nampula,Angoche,Dezembro,2.0
2021,Nampula,Ilha de Moçambique,Fevereiro,5.0
2021,Zambézia,Mulevala,Novembro,0.0
2021,Nampula,Ilha de Moçambique,Novembro,5.0
2021,Nampula,Lalaua,Janeiro,2.0
2021,Nampula,Lalaua,Fevereiro,2.0
2021,Nampula,Ilha de Moçambique,Setembro,5.0
2021,Nampula,Ilha de Moçambique,Outubro,5.0
2021,Nampula,Lalaua,Março,2.0
2021,Nampula,Lalaua,Abril,2.0
2021,Nampula,Lalaua,Maio,2.0
2021,Nampula,Lalaua,Junho,2.0
2021,Nampula,Lalaua,Julho,2.0
2021,Nampula,Lalaua,Agosto,2.0
2021,Zambézia,Alto Molócuè,Novembro,6.0
2021,Cabo Delgado,Mecufi,Setembro,1.0
2021,Nampula,Lalaua,Novembro,2.0
2021,Nampula,Lalaua,Dezembro,2.0
2021,Nampula,Ilha de Moçambique,Dezembro,5.0
2021,Niassa,Chimbunhila,Novembro,1.0
2021,Nampula,Lalaua,Setembro,2.0
2022,Niassa,Nipepe,Agosto,1.0
2022,Niassa,Muembe,Março,0.0
2022,Niassa,Chimbunhila,Outubro,0.0
2022,Niassa,Nipepe,Setembro,1.0
2022,Niassa,Chimbunhila,Junho,1.0
2022,Niassa,Chimbunhila,Julho,1.0
2022,Niassa,Chimbunhila,Maio,1.0
2022,Niassa,Muembe,Maio,0.0
2022,Niassa,Maúa,Setembro,2.0
2022,Niassa,Chimbunhila,Agosto,1.0
2022,Niassa,Nipepe,Junho,1.0
2022,Niassa,Sanga,Abril,0.0
2022,Niassa,Chimbunhila,Abril,1.0
2022,Niassa,Sanga,Fevereiro,0.0
2022,Niassa,Chimbunhila,Fevereiro,1.0
2022,Niassa,Chimbunhila,Janeiro,1.0
2022,Niassa,Sanga,Dezembro,0.0
2022,Niassa,Sanga,Novembro,0.0
2022,Niassa,Sanga,Outubro,0.0
2022,Niassa,Sanga,Setembro,0.0
2022,Niassa,Sanga,Agosto,0.0
2022,Niassa,Sanga,Julho,0.0
2022,Niassa,Sanga,Junho,0.0
2022,Niassa,Sanga,Maio,0.0
2022,Niassa,Chimbunhila,Setembro,0.0
2022,Niassa,N´gauma,Junho,0.0
2022,Niassa,N´gauma,Julho,0.0
2022,Niassa,Muembe,Junho,0.0
2022,Niassa,Sanga,Março,0.0
2022,Niassa,Muembe,Julho,0.0
2022,Niassa,Maúa,Abril,2.0
2022,Niassa,Maúa,Maio,2.0
2022,Niassa,Nipepe,Julho,1.0
2022,Niassa,Nipepe,Maio,1.0
2022,Niassa,Nipepe,Abril,1.0
2022,Niassa,Nipepe,Março,1.0
2022,Niassa,Nipepe,Fevereiro,1.0
2022,Niassa,Nipepe,Janeiro,1.0
2022,Niassa,N´gauma,Dezembro,0.0
2022,Niassa,N´gauma,Novembro,0.0
2022,Niassa,N´gauma,Outubro,0.0
2022,Niassa,N´gauma,Setembro,0.0
2022,Niassa,N´gauma,Agosto,0.0
2022,Niassa,N´gauma,Maio,0.0
2022,Niassa,N´gauma,Abril,0.0
2022,Niassa,N´gauma,Março,0.0
2022,Niassa,N´gauma,Fevereiro,0.0
2022,Niassa,N´gauma,Janeiro,0.0
2022,Niassa,Muembe,Dezembro,0.0
2022,Niassa,Muembe,Novembro,0.0
2022,Niassa,Muembe,Outubro,0.0
2022,Niassa,Muembe,Setembro,0.0
2022,Niassa,Muembe,Agosto,0.0
2022,Niassa,Sanga,Janeiro,0.0
2022,Niassa,Chimbunhila,Março,1.0
2022,Niassa,Maúa,Agosto,2.0
2022,Niassa,Nipepe,Outubro,1.0
2022,Niassa,Nipepe,Novembro,1.0
2022,Niassa,Muembe,Janeiro,0.0
2022,Niassa,Mecanhelas,Novembro,3.0
2022,Niassa,Metarica,Dezembro,0.0
2022,Niassa,Metarica,Novembro,0.0
2022,Niassa,Metarica,Outubro,0.0
2022,Niassa,Metarica,Setembro,0.0
2022,Niassa,Metarica,Agosto,0.0
2022,Niassa,Metarica,Julho,0.0
2022,Niassa,Metarica,Junho,0.0
2022,Niassa,Metarica,Maio,0.0
2022,Niassa,Metarica,Abril,0.0
2022,Niassa,Metarica,Março,0.0
2022,Niassa,Metarica,Fevereiro,0.0
2022,Niassa,Metarica,Janeiro,0.0
2022,Niassa,Mecula,Dezembro,2.0
2022,Niassa,Mecula,Novembro,2.0
2022,Niassa,Mecula,Outubro,2.0
2022,Niassa,Mecula,Setembro,2.0
2022,Niassa,Mecula,Agosto,2.0
2022,Niassa,Mecula,Julho,2.0
2022,Niassa,Mecula,Junho,2.0
2022,Niassa,Mecula,Maio,2.0
2022,Niassa,Mecula,Abril,2.0
2022,Niassa,Mecula,Março,2.0
2022,Niassa,Mecanhelas,Outubro,3.0
2022,Niassa,Nipepe,Dezembro,1.0
2022,Niassa,Maúa,Julho,2.0
2022,Niassa,Maúa,Novembro,2.0
2022,Niassa,Maúa,Março,2.0
2022,Niassa,Maúa,Outubro,2.0
2022,Niassa,Muembe,Fevereiro,0.0
2022,Niassa,Maúa,Junho,2.0
2022,Niassa,Mecanhelas,Setembro,3.0
2022,Niassa,Mecanhelas,Julho,3.0
2022,Niassa,Mecanhelas,Junho,3.0
2022,Niassa,Mecanhelas,Maio,3.0
2022,Niassa,Mecanhelas,Abril,3.0
2022,Niassa,Mecanhelas,Março,3.0
2022,Niassa,Mecanhelas,Fevereiro,3.0
2022,Niassa,Mecanhelas,Janeiro,3.0
2022,Niassa,Mavago,Dezembro,2.0
2022,Niassa,Mavago,Novembro,2.0
2022,Niassa,Mavago,Outubro,2.0
2022,Niassa,Mavago,Setembro,2.0
2022,Niassa,Mavago,Agosto,2.0
2022,Niassa,Mavago,Julho,2.0
2022,Niassa,Mavago,Junho,2.0
2022,Niassa,Mavago,Maio,2.0
2022,Niassa,Mavago,Abril,2.0
2022,Niassa,Mavago,Março,2.0
2022,Niassa,Mavago,Fevereiro,2.0
2022,Niassa,Mavago,Janeiro,2.0
2022,Niassa,Maúa,Dezembro,2.0
2022,Niassa,Muembe,Abril,0.0
2022,Nampula,Nacaroa,Abril,1.0
2022,Niassa,Lago,Setembro,4.0
2022,Niassa,Manjune,Novembro,1.0
2022,Niassa,Mandimba,Abril,2.0
2022,Niassa,Manjune,Dezembro,1.0
2022,Niassa,Mandimba,Janeiro,4.0
2022,Niassa,Maúa,Fevereiro,2.0
2022,Niassa,Maúa,Janeiro,2.0
2022,Niassa,Marrupa,Dezembro,2.0
2022,Niassa,Marrupa,Novembro,2.0
2022,Niassa,Marrupa,Outubro,2.0
2022,Niassa,Marrupa,Setembro,2.0
2022,Niassa,Marrupa,Agosto,2.0
2022,Niassa,Marrupa,Julho,2.0
2022,Niassa,Marrupa,Junho,2.0
2022,Niassa,Marrupa,Maio,2.0
2022,Niassa,Marrupa,Abril,2.0
2022,Niassa,Marrupa,Março,2.0
2022,Niassa,Marrupa,Fevereiro,2.0
2022,Niassa,Marrupa,Janeiro,2.0
2022,Niassa,Mandimba,Dezembro,2.0
2022,Niassa,Mandimba,Novembro,2.0
2022,Niassa,Mandimba,Outubro,2.0
2022,Niassa,Mandimba,Setembro,2.0
2022,Niassa,Mandimba,Agosto,2.0
2022,Niassa,Mandimba,Julho,2.0
2022,Niassa,Mandimba,Junho,2.0
2022,Niassa,Mandimba,Maio,2.0
2022,Niassa,Cuamba,Agosto,16.0
2022,Niassa,Manjune,Outubro,1.0
2022,Niassa,Cuamba,Outubro,16.0
2022,Niassa,Mandimba,Março,2.0
2022,Niassa,Mecanhelas,Agosto,3.0
2022,Niassa,Manjune,Setembro,1.0
2022,Niassa,Manjune,Agosto,1.0
2022,Niassa,Manjune,Julho,1.0
2022,Niassa,Manjune,Junho,1.0
2022,Niassa,Manjune,Maio,1.0
2022,Niassa,Manjune,Abril,1.0
2022,Niassa,Manjune,Março,1.0
2022,Niassa,Manjune,Fevereiro,1.0
2022,Niassa,Manjune,Janeiro,1.0
2022,Niassa,Lago,Dezembro,3.0
2022,Niassa,Lago,Novembro,3.0
2022,Niassa,Lago,Agosto,3.0
2022,Nampula,Rapale-Nampula,Dezembro,0.0
2022,Nampula,Nacaroa,Maio,1.0
2022,Niassa,Lago,Julho,3.0
2022,Niassa,Lago,Junho,3.0
2022,Niassa,Lago,Maio,3.0
2022,Niassa,Lago,Abril,3.0
2022,Niassa,Lago,Março,3.0
2022,Niassa,Lago,Fevereiro,3.0
2022,Niassa,Lago,Janeiro,3.0
2022,Niassa,Cuamba,Dezembro,16.0
2022,Niassa,Cuamba,Novembro,16.0
2022,Niassa,Cuamba,Setembro,16.0
2022,Niassa,Mecula,Fevereiro,2.0
2022,Niassa,Mandimba,Fevereiro,4.0
2022,Niassa,Cuamba,Julho,16.0
2022,Niassa,Cuamba,Abril,16.0
2022,Niassa,Cuamba,Março,16.0
2022,Niassa,Cuamba,Fevereiro,16.0
2022,Niassa,Cuamba,Janeiro,16.0
2022,Niassa,Cidade de Lichinga,Dezembro,28.0
2022,Niassa,Cidade de Lichinga,Novembro,28.0
2022,Niassa,Cidade de Lichinga,Outubro,28.0
2022,Niassa,Cidade de Lichinga,Setembro,28.0
2022,Niassa,Cidade de Lichinga,Agosto,28.0
2022,Niassa,Cidade de Lichinga,Julho,28.0
2022,Niassa,Cidade de Lichinga,Junho,28.0
2022,Niassa,Cidade de Lichinga,Maio,29.0
2022,Niassa,Cidade de Lichinga,Abril,29.0
2022,Niassa,Cidade de Lichinga,Março,29.0
2022,Niassa,Cidade de Lichinga,Fevereiro,29.0
2022,Niassa,Cidade de Lichinga,Janeiro,29.0
2022,Cabo Delgado,Quissanga,Dezembro,0.0
2022,Cabo Delgado,Quissanga,Novembro,0.0
2022,Cabo Delgado,Quissanga,Outubro,0.0
2022,Cabo Delgado,Quissanga,Setembro,0.0
2022,Cabo Delgado,Quissanga,Agosto,0.0
2022,Cabo Delgado,Quissanga,Julho,0.0
2022,Cabo Delgado,Quissanga,Junho,0.0
2022,Cabo Delgado,Quissanga,Maio,0.0
2022,Cabo Delgado,Quissanga,Janeiro,0.0
2022,Cabo Delgado,Pemba-Metuge,Novembro,2.0
2022,Cabo Delgado,Nangade,Outubro,0.0
2022,Cabo Delgado,Quissanga,Fevereiro,0.0
2022,Cabo Delgado,Nangade,Novembro,0.0
2022,Niassa,Cuamba,Maio,16.0
2022,Niassa,Cuamba,Junho,16.0
2022,Cabo Delgado,Pemba-Metuge,Dezembro,2.0
2022,Cabo Delgado,Pemba-Metuge,Outubro,2.0
2022,Cabo Delgado,Pemba-Metuge,Setembro,2.0
2022,Cabo Delgado,Pemba-Metuge,Agosto,2.0
2022,Cabo Delgado,Pemba-Metuge,Julho,2.0
2022,Cabo Delgado,Pemba-Metuge,Junho,2.0
2022,Cabo Delgado,Pemba-Metuge,Maio,2.0
2022,Cabo Delgado,Pemba-Metuge,Abril,2.0
2022,Cabo Delgado,Pemba-Metuge,Março,2.0
2022,Cabo Delgado,Pemba-Metuge,Fevereiro,2.0
2022,Cabo Delgado,Quissanga,Março,0.0
2022,Cabo Delgado,Quissanga,Abril,0.0
2022,Cabo Delgado,Pemba-Metuge,Janeiro,2.0
2022,Cabo Delgado,Palma,Outubro,4.0
2022,Cabo Delgado,Palma,Setembro,4.0
2022,Cabo Delgado,Palma,Agosto,2.0
2022,Cabo Delgado,Palma,Julho,2.0
2022,Cabo Delgado,Palma,Junho,2.0
2022,Cabo Delgado,Palma,Maio,0.0
2022,Cabo Delgado,Palma,Abril,0.0
2022,Cabo Delgado,Palma,Março,0.0
2022,Cabo Delgado,Palma,Fevereiro,0.0
2022,Cabo Delgado,Palma,Janeiro,0.0
2022,Cabo Delgado,Nangade,Dezembro,0.0
2022,Cabo Delgado,Palma,Dezembro,6.0
2022,Cabo Delgado,Palma,Novembro,4.0
2022,Niassa,Mecula,Janeiro,2.0
2022,Nampula,Rapale-Nampula,Julho,0.0
2022,Província de Maputo,Cidade de Maputo,Janeiro,510.0
2022,Cabo Delgado,Nangade,Maio,0.0
2022,Cabo Delgado,Nangade,Abril,0.0
2022,Cabo Delgado,Nangade,Março,0.0
2022,Cabo Delgado,Nangade,Fevereiro,0.0
2022,Cabo Delgado,Nangade,Janeiro,0.0
2022,Cabo Delgado,Namuno,Dezembro,2.0
2022,Cabo Delgado,Namuno,Novembro,2.0
2022,Cabo Delgado,Namuno,Outubro,2.0
2022,Cabo Delgado,Namuno,Setembro,2.0
2022,Cabo Delgado,Namuno,Agosto,2.0
2022,Cabo Delgado,Namuno,Julho,2.0
2022,Cabo Delgado,Namuno,Junho,2.0
2022,Cabo Delgado,Namuno,Maio,2.0
2022,Cabo Delgado,Namuno,Abril,2.0
2022,Cabo Delgado,Namuno,Março,2.0
2022,Cabo Delgado,Namuno,Fevereiro,2.0
2022,Cabo Delgado,Namuno,Janeiro,2.0
2022,Cabo Delgado,Muidumbe,Dezembro,0.0
2022,Cabo Delgado,Muidumbe,Novembro,0.0
2022,Cabo Delgado,Muidumbe,Outubro,0.0
2022,Cabo Delgado,Muidumbe,Setembro,0.0
2022,Cabo Delgado,Muidumbe,Agosto,0.0
2022,Cabo Delgado,Muidumbe,Julho,0.0
2022,Cabo Delgado,Muidumbe,Junho,0.0
2022,Cabo Delgado,Mocimboa da Praia,Outubro,0.0
2022,Cabo Delgado,Muidumbe,Maio,0.0
2022,Cabo Delgado,Nangade,Junho,0.0
2022,Cabo Delgado,Mocimboa da Praia,Novembro,0.0
2022,Cabo Delgado,Muidumbe,Fevereiro,0.0
2022,Cabo Delgado,Mueda,Dezembro,7.0
2022,Cabo Delgado,Mueda,Novembro,7.0
2022,Cabo Delgado,Mueda,Outubro,7.0
2022,Cabo Delgado,Mueda,Setembro,7.0
2022,Cabo Delgado,Mueda,Agosto,6.0
2022,Cabo Delgado,Mueda,Julho,6.0
2022,Cabo Delgado,Mueda,Junho,6.0
2022,Cabo Delgado,Mueda,Maio,6.0
2022,Cabo Delgado,Mueda,Abril,6.0
2022,Cabo Delgado,Mueda,Março,7.0
2022,Cabo Delgado,Mueda,Fevereiro,7.0
2022,Cabo Delgado,Mueda,Janeiro,7.0
2022,Cabo Delgado,Montepuez,Dezembro,10.0
2022,Cabo Delgado,Montepuez,Novembro,10.0
2022,Cabo Delgado,Montepuez,Outubro,10.0
2022,Cabo Delgado,Montepuez,Setembro,10.0
2022,Cabo Delgado,Montepuez,Agosto,10.0
2022,Cabo Delgado,Montepuez,Julho,10.0
2022,Cabo Delgado,Montepuez,Junho,10.0
2022,Cabo Delgado,Montepuez,Maio,10.0
2022,Cabo Delgado,Montepuez,Abril,10.0
2022,Cabo Delgado,Montepuez,Março,10.0
2022,Cabo Delgado,Montepuez,Fevereiro,10.0
2022,Cabo Delgado,Montepuez,Janeiro,10.0
2022,Cabo Delgado,Muidumbe,Janeiro,0.0
2022,Cabo Delgado,Muidumbe,Março,0.0
2022,Cabo Delgado,Mocimboa da Praia,Dezembro,0.0
2022,Cabo Delgado,Ibo,Janeiro,0.0
2022,Cabo Delgado,Ibo,Fevereiro,0.0
2022,Cabo Delgado,Mocimboa da Praia,Julho,0.0
2022,Cabo Delgado,Mocimboa da Praia,Junho,0.0
2022,Cabo Delgado,Mocimboa da Praia,Maio,2.0
2022,Cabo Delgado,Mocimboa da Praia,Abril,0.0
2022,Cabo Delgado,Mocimboa da Praia,Março,2.0
2022,Cabo Delgado,Mocimboa da Praia,Fevereiro,2.0
2022,Cabo Delgado,Mocimboa da Praia,Janeiro,2.0
2022,Cabo Delgado,Meluco,Dezembro,0.0
2022,Cabo Delgado,Meluco,Novembro,0.0
2022,Cabo Delgado,Meluco,Outubro,0.0
2022,Cabo Delgado,Meluco,Setembro,0.0
2022,Cabo Delgado,Meluco,Agosto,0.0
2022,Cabo Delgado,Meluco,Julho,0.0
2022,Cabo Delgado,Meluco,Junho,0.0
2022,Cabo Delgado,Meluco,Maio,0.0
2022,Cabo Delgado,Meluco,Abril,0.0
2022,Cabo Delgado,Meluco,Março,0.0
2022,Cabo Delgado,Meluco,Fevereiro,0.0
2022,Cabo Delgado,Meluco,Janeiro,0.0
2022,Cabo Delgado,Mecufi,Dezembro,1.0
2022,Cabo Delgado,Mecufi,Novembro,1.0
2022,Cabo Delgado,Mecufi,Outubro,1.0
2022,Cabo Delgado,Mecufi,Setembro,1.0
2022,Nampula,Nacaroa,Março,1.0
2022,Niassa,Lago,Outubro,4.0
2022,Cabo Delgado,Mocimboa da Praia,Setembro,0.0
2022,Cabo Delgado,Chiúre,Dezembro,4.0
2022,Cabo Delgado,Mecufi,Junho,1.0
2022,Cabo Delgado,Mecufi,Abril,1.0
2022,Cabo Delgado,Mecufi,Fevereiro,1.0
2022,Cabo Delgado,Mecufi,Janeiro,1.0
2022,Cabo Delgado,Macomia,Dezembro,0.0
2022,Cabo Delgado,Macomia,Novembro,0.0
2022,Cabo Delgado,Macomia,Outubro,0.0
2022,Cabo Delgado,Macomia,Setembro,0.0
2022,Cabo Delgado,Macomia,Agosto,0.0
2022,Cabo Delgado,Macomia,Julho,0.0
2022,Cabo Delgado,Macomia,Junho,0.0
2022,Cabo Delgado,Macomia,Maio,0.0
2022,Cabo Delgado,Macomia,Abril,0.0
2022,Cabo Delgado,Macomia,Março,0.0
2022,Cabo Delgado,Macomia,Fevereiro,0.0
2022,Cabo Delgado,Macomia,Janeiro,0.0
2022,Cabo Delgado,Ibo,Dezembro,0.0
2022,Cabo Delgado,Ibo,Novembro,0.0
2022,Cabo Delgado,Ibo,Outubro,0.0
2022,Cabo Delgado,Ibo,Setembro,0.0
2022,Cabo Delgado,Ibo,Agosto,0.0
2022,Cabo Delgado,Ibo,Julho,0.0
2022,Cabo Delgado,Ibo,Junho,0.0
2022,Cabo Delgado,Ibo,Maio,0.0
2022,Cabo Delgado,Ibo,Abril,0.0
2022,Cabo Delgado,Ibo,Março,0.0
2022,Cabo Delgado,Mecufi,Março,1.0
2022,Cabo Delgado,Mecufi,Maio,1.0
2022,Cabo Delgado,Chiúre,Outubro,4.0
2022,Nampula,Rapale-Nampula,Novembro,0.0
2022,Cabo Delgado,Ancuabe,Julho,1.0
2022,Nampula,Larde,Abril,0.0
2022,Cabo Delgado,Ancuabe,Novembro,1.0
2022,Nampula,Larde,Fevereiro,0.0
2022,Cabo Delgado,Ancuabe,Agosto,1.0
2022,Cabo Delgado,Chiúre,Setembro,4.0
2022,Cabo Delgado,Chiúre,Agosto,4.0
2022,Cabo Delgado,Chiúre,Julho,4.0
2022,Cabo Delgado,Chiúre,Junho,4.0
2022,Cabo Delgado,Chiúre,Maio,4.0
2022,Cabo Delgado,Chiúre,Abril,4.0
2022,Cabo Delgado,Chiúre,Março,4.0
2022,Cabo Delgado,Chiúre,Fevereiro,4.0
2022,Cabo Delgado,Chiúre,Janeiro,4.0
2022,Cabo Delgado,Balama,Dezembro,5.0
2022,Cabo Delgado,Balama,Novembro,5.0
2022,Cabo Delgado,Balama,Outubro,5.0
2022,Cabo Delgado,Balama,Setembro,5.0
2022,Cabo Delgado,Balama,Agosto,5.0
2022,Cabo Delgado,Balama,Julho,5.0
2022,Cabo Delgado,Balama,Junho,5.0
2022,Cabo Delgado,Balama,Maio,5.0
2022,Cabo Delgado,Balama,Abril,5.0
2022,Cabo Delgado,Balama,Março,5.0
2022,Cabo Delgado,Balama,Fevereiro,5.0
2022,Cabo Delgado,Balama,Janeiro,5.0
2022,Nampula,Larde,Junho,0.0
2022,Cabo Delgado,Ancuabe,Dezembro,1.0
2022,Cabo Delgado,Nangade,Agosto,0.0
2022,Nampula,Larde,Maio,0.0
2022,Cabo Delgado,Cidade de Pemba,Junho,43.0
2022,Cabo Delgado,Nangade,Julho,0.0
2022,Cabo Delgado,Ancuabe,Junho,1.0
2022,Cabo Delgado,Ancuabe,Abril,1.0
2022,Cabo Delgado,Ancuabe,Março,1.0
2022,Cabo Delgado,Ancuabe,Fevereiro,1.0
2022,Cabo Delgado,Ancuabe,Janeiro,1.0
2022,Cabo Delgado,Cidade de Pemba,Dezembro,42.0
2022,Cabo Delgado,Cidade de Pemba,Novembro,42.0
2022,Cabo Delgado,Cidade de Pemba,Outubro,42.0
2022,Cabo Delgado,Cidade de Pemba,Setembro,42.0
2022,Cabo Delgado,Cidade de Pemba,Agosto,43.0
2022,Cabo Delgado,Cidade de Pemba,Julho,43.0
2022,Cabo Delgado,Cidade de Pemba,Maio,45.0
2022,Cabo Delgado,Muidumbe,Abril,0.0
2022,Cabo Delgado,Cidade de Pemba,Abril,45.0
2022,Cabo Delgado,Cidade de Pemba,Março,45.0
2022,Cabo Delgado,Cidade de Pemba,Fevereiro,45.0
2022,Cabo Delgado,Cidade de Pemba,Janeiro,45.0
2022,Nampula,Larde,Dezembro,0.0
2022,Nampula,Larde,Novembro,0.0
2022,Nampula,Larde,Outubro,0.0
2022,Nampula,Larde,Setembro,0.0
2022,Nampula,Larde,Agosto,0.0
2022,Nampula,Larde,Julho,0.0
2022,Cabo Delgado,Ancuabe,Outubro,1.0
2022,Cabo Delgado,Ancuabe,Maio,1.0
2022,Cabo Delgado,Ancuabe,Setembro,1.0
2022,Nampula,Larde,Março,0.0
2022,Nampula,Nacaroa,Junho,1.0
2022,Nampula,Liupo,Novembro,0.0
2022,Nampula,Liupo,Outubro,0.0
2022,Nampula,Liupo,Setembro,0.0
2022,Nampula,Liupo,Agosto,0.0
2022,Nampula,Liupo,Julho,0.0
2022,Nampula,Liupo,Junho,0.0
2022,Nampula,Liupo,Maio,0.0
2022,Nampula,Liupo,Abril,0.0
2022,Nampula,Liupo,Março,0.0
2022,Nampula,Liupo,Fevereiro,0.0
2022,Nampula,Liupo,Janeiro,0.0
2022,Nampula,Ribaué,Dezembro,6.0
2022,Nampula,Ribaué,Novembro,6.0
2022,Nampula,Ribaué,Outubro,6.0
2022,Nampula,Ribaué,Setembro,6.0
2022,Nampula,Ribaué,Agosto,6.0
2022,Nampula,Ribaué,Julho,6.0
2022,Nampula,Ribaué,Junho,6.0
2022,Nampula,Ribaué,Maio,6.0
2022,Nampula,Ribaué,Abril,6.0
2022,Nampula,Ribaué,Março,6.0
2022,Nampula,Ribaué,Fevereiro,6.0
2022,Nampula,Ribaué,Janeiro,6.0
2022,Nampula,Rapale-Nampula,Setembro,0.0
2022,Nampula,Rapale-Nampula,Outubro,0.0
2022,Nampula,Nacaroa,Julho,1.0
2022,Cabo Delgado,Chiúre,Novembro,4.0
2022,Nampula,Namapa-Erati,Agosto,2.0
2022,Nampula,Liupo,Dezembro,0.0
2022,Nampula,Larde,Janeiro,0.0
2022,Nampula,Rapale-Nampula,Agosto,0.0
2022,Nampula,Rapale-Nampula,Junho,0.0
2022,Nampula,Rapale-Nampula,Maio,0.0
2022,Nampula,Rapale-Nampula,Abril,0.0
2022,Nampula,Rapale-Nampula,Março,0.0
2022,Nampula,Rapale-Nampula,Fevereiro,0.0
2022,Nampula,Rapale-Nampula,Janeiro,1.0
2022,Nampula,Namapa-Erati,Dezembro,2.0
2022,Nampula,Namapa-Erati,Novembro,2.0
2022,Nampula,Namapa-Erati,Outubro,2.0
2022,Cabo Delgado,Nangade,Setembro,0.0
2022,Niassa,Mecanhelas,Dezembro,3.0
2022,Nampula,Namapa-Erati,Julho,2.0
2022,Nampula,Namapa-Erati,Junho,2.0
2022,Nampula,Namapa-Erati,Maio,2.0
2022,Nampula,Namapa-Erati,Abril,2.0
2022,Nampula,Namapa-Erati,Março,2.0
2022,Nampula,Namapa-Erati,Fevereiro,2.0
2022,Nampula,Namapa-Erati,Janeiro,2.0
2022,Nampula,Nacaroa,Dezembro,1.0
2022,Nampula,Nacaroa,Novembro,1.0
2022,Nampula,Nacaroa,Outubro,1.0
2022,Nampula,Nacaroa,Setembro,1.0
2022,Nampula,Nacaroa,Agosto,1.0
2022,Nampula,Namapa-Erati,Setembro,2.0
2022,Zambézia,Mulevala,Outubro,0.0
2022,Zambézia,Lugela,Junho,0.0
2022,Nampula,Monapo,Junho,5.0
2022,Nampula,Mogovolas,Março,2.0
2022,Nampula,Nacaroa,Janeiro,1.0
2022,Nampula,Nacala-Velha,Dezembro,4.0
2022,Nampula,Nacala-Velha,Novembro,4.0
2022,Nampula,Nacala-Velha,Outubro,4.0
2022,Nampula,Nacala-Velha,Setembro,4.0
2022,Nampula,Nacala-Velha,Agosto,4.0
2022,Nampula,Nacala-Velha,Julho,4.0
2022,Nampula,Nacala-Velha,Junho,4.0
2022,Nampula,Nacala-Velha,Maio,4.0
2022,Nampula,Nacala-Velha,Abril,4.0
2022,Nampula,Nacala-Velha,Março,4.0
2022,Nampula,Nacala-Velha,Fevereiro,4.0
2022,Nampula,Nacala-Velha,Janeiro,4.0
2022,Nampula,Murrupula,Dezembro,2.0
2022,Nampula,Murrupula,Novembro,2.0
2022,Nampula,Murrupula,Outubro,2.0
2022,Nampula,Murrupula,Setembro,2.0
2022,Nampula,Murrupula,Agosto,2.0
2022,Nampula,Murrupula,Julho,2.0
2022,Nampula,Murrupula,Junho,2.0
2022,Nampula,Murrupula,Maio,2.0
2022,Nampula,Murrupula,Abril,2.0
2022,Nampula,Murrupula,Março,2.0
2022,Nampula,Muecate,Novembro,1.0
2022,Nampula,Murrupula,Fevereiro,2.0
2022,Nampula,Mecuburi,Julho,3.0
2022,Nampula,Murrupula,Janeiro,2.0
2022,Nampula,Mecuburi,Agosto,3.0
2022,Nampula,Muecate,Outubro,1.0
2022,Nampula,Muecate,Agosto,1.0
2022,Nampula,Muecate,Julho,1.0
2022,Nampula,Muecate,Junho,1.0
2022,Nampula,Muecate,Maio,1.0
2022,Nampula,Muecate,Abril,1.0
2022,Nampula,Muecate,Março,1.0
2022,Nampula,Muecate,Fevereiro,1.0
2022,Nampula,Muecate,Janeiro,1.0
2022,Nampula,Mossuril,Dezembro,3.0
2022,Nampula,Mossuril,Novembro,3.0
2022,Nampula,Mossuril,Outubro,3.0
2022,Nampula,Mossuril,Setembro,3.0
2022,Nampula,Mossuril,Agosto,3.0
2022,Nampula,Mossuril,Julho,3.0
2022,Nampula,Mossuril,Junho,3.0
2022,Nampula,Mossuril,Maio,3.0
2022,Nampula,Mossuril,Abril,3.0
2022,Nampula,Mossuril,Março,3.0
2022,Nampula,Mossuril,Fevereiro,3.0
2022,Nampula,Mossuril,Janeiro,3.0
2022,Nampula,Monapo,Dezembro,5.0
2022,Nampula,Monapo,Novembro,5.0
2022,Nampula,Monapo,Outubro,5.0
2022,Nampula,Monapo,Agosto,5.0
2022,Nampula,Muecate,Setembro,1.0
2022,Nampula,Monapo,Setembro,5.0
2022,Nampula,Monapo,Maio,5.0
2022,Nampula,Mecuburi,Setembro,3.0
2022,Nampula,Mogovolas,Fevereiro,2.0
2022,Nampula,Monapo,Fevereiro,5.0
2022,Nampula,Monapo,Janeiro,5.0
2022,Nampula,Moma,Dezembro,4.0
2022,Nampula,Moma,Novembro,4.0
2022,Nampula,Moma,Outubro,4.0
2022,Nampula,Moma,Setembro,4.0
2022,Nampula,Moma,Agosto,4.0
2022,Nampula,Moma,Julho,4.0
2022,Nampula,Moma,Junho,4.0
2022,Nampula,Moma,Maio,4.0
2022,Nampula,Moma,Abril,3.0
2022,Nampula,Moma,Março,4.0
2022,Nampula,Moma,Fevereiro,4.0
2022,Nampula,Moma,Janeiro,4.0
2022,Nampula,Mogovolas,Dezembro,2.0
2022,Nampula,Mogovolas,Novembro,2.0
2022,Nampula,Mogovolas,Outubro,2.0
2022,Nampula,Mogovolas,Setembro,2.0
2022,Nampula,Mogovolas,Agosto,2.0
2022,Nampula,Mogovolas,Julho,2.0
2022,Nampula,Mogovolas,Junho,2.0
2022,Nampula,Mogovolas,Maio,2.0
2022,Nampula,Mogovolas,Janeiro,2.0
2022,Nampula,Monapo,Julho,5.0
2022,Nampula,Mogincual,Novembro,1.0
2022,Nampula,Cidade de Nampula,Junho,97.0
2022,Nampula,Monapo,Abril,5.0
2022,Nampula,Mogincual,Dezembro,1.0
2022,Nampula,Mogincual,Outubro,1.0
2022,Nampula,Mogincual,Setembro,1.0
2022,Nampula,Mogincual,Agosto,1.0
2022,Nampula,Mogincual,Julho,1.0
2022,Nampula,Mogincual,Junho,1.0
2022,Nampula,Mogincual,Maio,1.0
2022,Nampula,Mogincual,Abril,1.0
2022,Nampula,Mogincual,Março,1.0
2022,Nampula,Mogincual,Fevereiro,1.0
2022,Nampula,Mogincual,Janeiro,1.0
2022,Nampula,Memba,Dezembro,1.0
2022,Nampula,Memba,Novembro,1.0
2022,Nampula,Memba,Outubro,1.0
2022,Nampula,Memba,Setembro,1.0
2022,Nampula,Memba,Agosto,1.0
2022,Nampula,Memba,Julho,1.0
2022,Nampula,Memba,Junho,1.0
2022,Nampula,Memba,Maio,1.0
2022,Nampula,Memba,Abril,1.0
2022,Nampula,Memba,Março,1.0
2022,Nampula,Memba,Fevereiro,1.0
2022,Nampula,Memba,Janeiro,1.0
2022,Nampula,Mecuburi,Dezembro,3.0
2022,Nampula,Mecuburi,Outubro,3.0
2022,Nampula,Mecuburi,Junho,3.0
2022,Nampula,Mecuburi,Novembro,3.0
2022,Nampula,Cidade de Nampula,Julho,97.0
2022,Nampula,Monapo,Março,5.0
2022,Nampula,Malema,Março,4.0
2022,Nampula,Malema,Maio,4.0
2022,Nampula,Malema,Abril,4.0
2022,Nampula,Mecuburi,Maio,3.0
2022,Nampula,Mecuburi,Abril,3.0
2022,Nampula,Mecuburi,Março,3.0
2022,Nampula,Mecuburi,Fevereiro,3.0
2022,Nampula,Mecuburi,Janeiro,3.0
2022,Nampula,Meconta (Namialo),Dezembro,5.0
2022,Nampula,Meconta (Namialo),Novembro,5.0
2022,Nampula,Meconta (Namialo),Outubro,5.0
2022,Nampula,Meconta (Namialo),Setembro,5.0
2022,Nampula,Meconta (Namialo),Agosto,5.0
2022,Nampula,Meconta (Namialo),Julho,5.0
2022,Nampula,Meconta (Namialo),Junho,5.0
2022,Nampula,Meconta (Namialo),Maio,5.0
2022,Nampula,Meconta (Namialo),Abril,5.0
2022,Nampula,Meconta (Namialo),Março,5.0
2022,Nampula,Meconta (Namialo),Fevereiro,5.0
2022,Nampula,Meconta (Namialo),Janeiro,5.0
2022,Nampula,Malema,Dezembro,4.0
2022,Nampula,Malema,Novembro,4.0
2022,Nampula,Malema,Outubro,4.0
2022,Nampula,Malema,Setembro,4.0
2022,Nampula,Malema,Agosto,4.0
2022,Nampula,Malema,Janeiro,4.0
2022,Nampula,Malema,Julho,4.0
2022,Nampula,Malema,Junho,4.0
2022,Nampula,Angoche,Novembro,2.0
2022,Niassa,Chimbunhila,Novembro,0.0
2022,Nampula,Lalaua,Março,2.0
2022,Nampula,Lalaua,Abril,2.0
2022,Nampula,Lalaua,Maio,2.0
2022,Nampula,Lalaua,Junho,2.0
2022,Nampula,Lalaua,Julho,2.0
2022,Nampula,Ilha de Moçambique,Dezembro,4.0
2022,Nampula,Lalaua,Setembro,2.0
2022,Nampula,Lalaua,Outubro,2.0
2022,Nampula,Lalaua,Novembro,2.0
2022,Nampula,Lalaua,Dezembro,2.0
2022,Nampula,Lalaua,Janeiro,2.0
2022,Nampula,Lalaua,Fevereiro,2.0
2022,Nampula,Ilha de Moçambique,Agosto,4.0
2022,Nampula,Ilha de Moçambique,Novembro,4.0
2022,Zambézia,Mulevala,Novembro,0.0
2022,Nampula,Ilha de Moçambique,Outubro,4.0
2022,Nampula,Ilha de Moçambique,Setembro,4.0
2022,Nampula,Ilha de Moçambique,Janeiro,4.0
2022,Nampula,Ilha de Moçambique,Julho,4.0
2022,Nampula,Ilha de Moçambique,Junho,4.0
2022,Nampula,Ilha de Moçambique,Maio,4.0
2022,Nampula,Ilha de Moçambique,Abril,4.0
2022,Nampula,Ilha de Moçambique,Março,4.0
2022,Nampula,Ilha de Moçambique,Fevereiro,4.0
2022,Nampula,Angoche,Dezembro,2.0
2022,Nampula,Muecate,Dezembro,1.0
2022,Zambézia,Luabo,Março,0.0
2022,Nampula,Angoche,Outubro,2.0
2022,Zambézia,Derre,Abril,1.0
2022,Nampula,Cidade de Nampula,Maio,98.0
2022,Nampula,Angoche,Junho,2.0
2022,Nampula,Angoche,Maio,2.0
2022,Nampula,Angoche,Abril,2.0
2022,Nampula,Angoche,Março,2.0
2022,Nampula,Angoche,Fevereiro,2.0
2022,Nampula,Angoche,Janeiro,2.0
2022,Nampula,Cidade de Nacala-Porto,Dezembro,30.0
2022,Nampula,Cidade de Nacala-Porto,Novembro,30.0
2022,Nampula,Cidade de Nacala-Porto,Outubro,31.0
2022,Nampula,Cidade de Nacala-Porto,Setembro,31.0
2022,Nampula,Cidade de Nacala-Porto,Agosto,32.0
2022,Nampula,Cidade de Nacala-Porto,Julho,32.0
2022,Nampula,Cidade de Nacala-Porto,Junho,32.0
2022,Nampula,Cidade de Nacala-Porto,Maio,32.0
2022,Nampula,Cidade de Nacala-Porto,Abril,32.0
2022,Nampula,Cidade de Nacala-Porto,Março,32.0
2022,Nampula,Cidade de Nacala-Porto,Fevereiro,32.0
2022,Nampula,Cidade de Nacala-Porto,Janeiro,32.0
2022,Nampula,Cidade de Nampula,Dezembro,98.0
2022,Nampula,Cidade de Nampula,Novembro,98.0
2022,Nampula,Cidade de Nampula,Outubro,96.0
2022,Nampula,Cidade de Nampula,Setembro,96.0
2022,Nampula,Cidade de Nampula,Agosto,97.0
2022,Nampula,Cidade de Nampula,Abril,97.0
2022,Nampula,Cidade de Nampula,Fevereiro,98.0
2022,Zambézia,Luabo,Janeiro,0.0
2022,Zambézia,Luabo,Fevereiro,0.0
2022,Nampula,Angoche,Setembro,2.0
2022,Nampula,Angoche,Agosto,2.0
2022,Nampula,Cidade de Nampula,Março,98.0
2022,Nampula,Cidade de Nampula,Janeiro,97.0
2022,Zambézia,Derre,Dezembro,1.0
2022,Zambézia,Derre,Novembro,1.0
2022,Zambézia,Derre,Outubro,1.0
2022,Zambézia,Derre,Setembro,1.0
2022,Zambézia,Derre,Agosto,1.0
2022,Zambézia,Derre,Julho,1.0
2022,Zambézia,Derre,Junho,1.0
2022,Zambézia,Derre,Maio,1.0
2022,Nampula,Mogovolas,Abril,2.0
2022,Zambézia,Morrumbala,Outubro,2.0
2022,Zambézia,Derre,Fevereiro,1.0
2022,Zambézia,Derre,Janeiro,1.0
2022,Zambézia,Luabo,Dezembro,0.0
2022,Zambézia,Luabo,Novembro,0.0
2022,Zambézia,Luabo,Outubro,0.0
2022,Zambézia,Luabo,Setembro,0.0
2022,Zambézia,Luabo,Agosto,0.0
2022,Zambézia,Luabo,Julho,0.0
2022,Zambézia,Luabo,Junho,0.0
2022,Zambézia,Luabo,Maio,0.0
2022,Zambézia,Luabo,Abril,0.0
2022,Nampula,Malema,Fevereiro,4.0
2022,Zambézia,Derre,Março,1.0
2022,Nampula,Angoche,Julho,2.0
2022,Niassa,Chimbunhila,Dezembro,0.0
2022,Zambézia,Mocuba,Janeiro,16.0
2022,Cabo Delgado,Mocimboa da Praia,Agosto,2.0
2022,Zambézia,Molumbo,Julho,2.0
2022,Zambézia,Mulevala,Agosto,0.0
2022,Zambézia,Mulevala,Julho,0.0
2022,Zambézia,Mulevala,Junho,0.0
2022,Zambézia,Mulevala,Maio,0.0
2022,Zambézia,Mulevala,Abril,0.0
2022,Zambézia,Mulevala,Março,0.0
2022,Zambézia,Mulevala,Fevereiro,0.0
2022,Zambézia,Mulevala,Janeiro,0.0
2022,Zambézia,Mocubela,Dezembro,0.0
2022,Zambézia,Mocubela,Novembro,0.0
2022,Zambézia,Mocubela,Outubro,0.0
2022,Zambézia,Mocubela,Setembro,0.0
2022,Zambézia,Mocubela,Agosto,0.0
2022,Zambézia,Mocubela,Julho,0.0
2022,Zambézia,Mocubela,Junho,0.0
2022,Zambézia,Mocubela,Maio,0.0
2022,Zambézia,Mocubela,Abril,0.0
2022,Zambézia,Mocubela,Março,0.0
2022,Zambézia,Mocubela,Fevereiro,0.0
2022,Zambézia,Mocubela,Janeiro,0.0
2022,Zambézia,Molumbo,Dezembro,2.0
2022,Zambézia,Molumbo,Novembro,2.0
2022,Zambézia,Molumbo,Outubro,2.0
2022,Zambézia,Molumbo,Junho,2.0
2022,Zambézia,Molumbo,Setembro,2.0
2022,Zambézia,Mocuba,Fevereiro,16.0
2022,Zambézia,Molumbo,Agosto,2.0
2022,Zambézia,Mocuba,Março,16.0
2022,Zambézia,Molumbo,Maio,2.0
2022,Zambézia,Molumbo,Março,2.0
2022,Zambézia,Molumbo,Fevereiro,2.0
2022,Zambézia,Molumbo,Janeiro,2.0
2022,Zambézia,Pebane,Dezembro,3.0
2022,Zambézia,Pebane,Novembro,3.0
2022,Zambézia,Pebane,Outubro,3.0
2022,Zambézia,Pebane,Setembro,3.0
2022,Zambézia,Pebane,Agosto,3.0
2022,Zambézia,Pebane,Julho,1.0
2022,Zambézia,Pebane,Junho,1.0
2022,Zambézia,Pebane,Maio,1.0
2022,Zambézia,Pebane,Abril,1.0
2022,Zambézia,Pebane,Março,1.0
2022,Zambézia,Pebane,Fevereiro,1.0
2022,Zambézia,Pebane,Janeiro,1.0
2022,Zambézia,Nicoadala,Dezembro,3.0
2022,Zambézia,Nicoadala,Novembro,3.0
2022,Zambézia,Nicoadala,Outubro,3.0
2022,Zambézia,Nicoadala,Setembro,3.0
2022,Zambézia,Nicoadala,Agosto,3.0
2022,Zambézia,Nicoadala,Julho,3.0
2022,Zambézia,Nicoadala,Junho,3.0
2022,Zambézia,Nicoadala,Maio,3.0
2022,Zambézia,Nicoadala,Março,3.0
2022,Zambézia,Molumbo,Abril,2.0
2022,Zambézia,Nicoadala,Abril,3.0
2022,Zambézia,Namarroi,Dezembro,0.0
2022,Zambézia,Mocuba,Junho,16.0
2022,Zambézia,Morrumbala,Setembro,2.0
2022,Zambézia,Namarroi,Outubro,0.0
2022,Zambézia,Namarroi,Setembro,0.0
2022,Zambézia,Namarroi,Agosto,0.0
2022,Zambézia,Namarroi,Julho,0.0
2022,Zambézia,Namarroi,Junho,0.0
2022,Zambézia,Namarroi,Maio,0.0
2022,Zambézia,Namarroi,Abril,0.0
2022,Zambézia,Namarroi,Março,0.0
2022,Zambézia,Namarroi,Fevereiro,0.0
2022,Zambézia,Namarroi,Janeiro,0.0
2022,Zambézia,Namacurra,Dezembro,2.0
2022,Zambézia,Namacurra,Novembro,2.0
2022,Zambézia,Namacurra,Outubro,2.0
2022,Zambézia,Namacurra,Setembro,2.0
2022,Zambézia,Namacurra,Agosto,2.0
2022,Zambézia,Namacurra,Julho,2.0
2022,Zambézia,Namacurra,Junho,2.0
2022,Zambézia,Namacurra,Maio,2.0
2022,Zambézia,Namacurra,Abril,2.0
2022,Zambézia,Namacurra,Março,2.0
2022,Zambézia,Namacurra,Fevereiro,2.0
2022,Zambézia,Namacurra,Janeiro,2.0
2022,Zambézia,Morrumbala,Dezembro,2.0
2022,Zambézia,Morrumbala,Agosto,2.0
2022,Zambézia,Nicoadala,Fevereiro,3.0
2022,Zambézia,Gurúè,Janeiro,7.0
2022,Zambézia,Namarroi,Novembro,0.0
2022,Zambézia,Mocuba,Abril,16.0
2022,Zambézia,Morrumbala,Julho,2.0
2022,Zambézia,Morrumbala,Maio,2.0
2022,Zambézia,Morrumbala,Abril,2.0
2022,Zambézia,Morrumbala,Março,2.0
2022,Zambézia,Morrumbala,Fevereiro,2.0
2022,Zambézia,Morrumbala,Janeiro,2.0
2022,Zambézia,Mopeia,Dezembro,2.0
2022,Zambézia,Mopeia,Novembro,2.0
2022,Zambézia,Mopeia,Outubro,2.0
2022,Zambézia,Mopeia,Setembro,2.0
2022,Zambézia,Mopeia,Agosto,2.0
2022,Zambézia,Mopeia,Julho,2.0
2022,Zambézia,Mopeia,Junho,2.0
2022,Zambézia,Mopeia,Maio,2.0
2022,Zambézia,Mopeia,Abril,2.0
2022,Zambézia,Mopeia,Março,2.0
2022,Zambézia,Mopeia,Fevereiro,2.0
2022,Zambézia,Mopeia,Janeiro,2.0
2022,Zambézia,Mocuba,Dezembro,17.0
2022,Zambézia,Mocuba,Novembro,17.0
2022,Zambézia,Mocuba,Outubro,16.0
2022,Zambézia,Mocuba,Setembro,16.0
2022,Zambézia,Mocuba,Agosto,16.0
2022,Zambézia,Mocuba,Julho,16.0
2022,Zambézia,Mocuba,Maio,16.0
2022,Zambézia,Morrumbala,Junho,2.0
2022,Zambézia,Gurúè,Fevereiro,7.0
2022,Zambézia,Gilé,Setembro,2.0
2022,Zambézia,Gilé,Outubro,2.0
2022,Zambézia,Inhassunge,Junho,0.0
2022,Zambézia,Gilé,Novembro,2.0
2022,Zambézia,Milange,Dezembro,6.0
2022,Zambézia,Milange,Novembro,6.0
2022,Zambézia,Milange,Outubro,6.0
2022,Zambézia,Milange,Setembro,6.0
2022,Zambézia,Milange,Agosto,6.0
2022,Zambézia,Milange,Julho,6.0
2022,Zambézia,Milange,Junho,6.0
2022,Zambézia,Milange,Maio,6.0
2022,Zambézia,Milange,Abril,6.0
2022,Zambézia,Milange,Março,6.0
2022,Zambézia,Milange,Fevereiro,6.0
2022,Zambézia,Milange,Janeiro,6.0
2022,Zambézia,Maganja da Costa,Dezembro,2.0
2022,Zambézia,Maganja da Costa,Novembro,2.0
2022,Zambézia,Maganja da Costa,Outubro,2.0
2022,Zambézia,Maganja da Costa,Setembro,2.0
2022,Zambézia,Maganja da Costa,Agosto,2.0
2022,Zambézia,Maganja da Costa,Julho,2.0
2022,Zambézia,Maganja da Costa,Junho,2.0
2022,Zambézia,Maganja da Costa,Maio,2.0
2022,Zambézia,Maganja da Costa,Abril,2.0
2022,Zambézia,Maganja da Costa,Março,2.0
2022,Zambézia,Gilé,Agosto,2.0
2022,Zambézia,Inhassunge,Agosto,0.0
2022,Zambézia,Maganja da Costa,Fevereiro,2.0
2022,Zambézia,Cidade de Quelimane,Junho,50.0
2022,Zambézia,Gilé,Dezembro,2.0
2022,Zambézia,Gilé,Julho,2.0
2022,Zambézia,Gilé,Junho,2.0
2022,Zambézia,Gilé,Maio,2.0
2022,Zambézia,Gilé,Abril,2.0
2022,Zambézia,Gilé,Março,2.0
2022,Zambézia,Gilé,Fevereiro,2.0
2022,Zambézia,Gilé,Janeiro,2.0
2022,Zambézia,Lugela,Dezembro,0.0
2022,Zambézia,Lugela,Novembro,0.0
2022,Zambézia,Lugela,Outubro,0.0
2022,Zambézia,Lugela,Setembro,0.0
2022,Zambézia,Lugela,Agosto,0.0
2022,Zambézia,Mulevala,Setembro,0.0
2022,Zambézia,Nicoadala,Janeiro,3.0
2022,Zambézia,Lugela,Maio,0.0
2022,Zambézia,Lugela,Abril,0.0
2022,Zambézia,Lugela,Março,0.0
2022,Zambézia,Lugela,Fevereiro,0.0
2022,Zambézia,Lugela,Janeiro,0.0
2022,Zambézia,Inhassunge,Dezembro,0.0
2022,Zambézia,Inhassunge,Novembro,0.0
2022,Zambézia,Inhassunge,Outubro,0.0
2022,Zambézia,Inhassunge,Setembro,0.0
2022,Zambézia,Inhassunge,Julho,0.0
2022,Zambézia,Maganja da Costa,Janeiro,2.0
2022,Zambézia,Lugela,Julho,0.0
2022,Zambézia,Inhassunge,Maio,0.0
2022,Zambézia,Inhassunge,Fevereiro,0.0
2022,Zambézia,Chinde,Dezembro,0.0
2022,Zambézia,Ile,Dezembro,1.0
2022,Zambézia,Ile,Novembro,1.0
2022,Zambézia,Ile,Outubro,1.0
2022,Zambézia,Ile,Setembro,1.0
2022,Zambézia,Ile,Agosto,1.0
2022,Zambézia,Ile,Julho,1.0
2022,Zambézia,Ile,Junho,1.0
2022,Zambézia,Ile,Maio,1.0
2022,Zambézia,Ile,Abril,1.0
2022,Zambézia,Ile,Março,1.0
2022,Zambézia,Ile,Fevereiro,1.0
2022,Zambézia,Ile,Janeiro,1.0
2022,Zambézia,Gurúè,Dezembro,7.0
2022,Zambézia,Gurúè,Novembro,7.0
2022,Zambézia,Gurúè,Outubro,7.0
2022,Zambézia,Gurúè,Setembro,7.0
2022,Zambézia,Gurúè,Agosto,7.0
2022,Zambézia,Gurúè,Julho,7.0
2022,Zambézia,Gurúè,Junho,7.0
2022,Zambézia,Gurúè,Maio,7.0
2022,Zambézia,Gurúè,Abril,7.0
2022,Zambézia,Gurúè,Março,7.0
2022,Zambézia,Chinde,Novembro,0.0
2022,Zambézia,Chinde,Setembro,0.0
2022,Zambézia,Cidade de Quelimane,Agosto,49.0
2022,Zambézia,Cidade de Quelimane,Setembro,48.0
2022,Zambézia,Inhassunge,Janeiro,0.0
2022,Zambézia,Inhassunge,Abril,0.0
2022,Zambézia,Chinde,Outubro,0.0
2022,Zambézia,Inhassunge,Março,0.0
2022,Zambézia,Chinde,Agosto,0.0
2022,Zambézia,Chinde,Julho,0.0
2022,Zambézia,Chinde,Junho,0.0
2022,Zambézia,Chinde,Maio,0.0
2022,Zambézia,Chinde,Abril,0.0
2022,Zambézia,Chinde,Março,0.0
2022,Zambézia,Chinde,Fevereiro,0.0
2022,Zambézia,Chinde,Janeiro,0.0
2022,Zambézia,Alto Molócuè,Dezembro,6.0
2022,Zambézia,Mulevala,Dezembro,0.0
2022,Zambézia,Alto Molócuè,Novembro,6.0
2022,Cabo Delgado,Mecufi,Agosto,1.0
2022,Zambézia,Alto Molócuè,Setembro,6.0
2022,Zambézia,Alto Molócuè,Julho,6.0
2022,Zambézia,Alto Molócuè,Junho,6.0
2022,Zambézia,Alto Molócuè,Maio,6.0
2022,Zambézia,Alto Molócuè,Abril,6.0
2022,Zambézia,Alto Molócuè,Março,6.0
2022,Zambézia,Alto Molócuè,Fevereiro,6.0
2022,Zambézia,Alto Molócuè,Janeiro,6.0
2022,Zambézia,Cidade de Quelimane,Dezembro,48.0
2022,Zambézia,Cidade de Quelimane,Novembro,48.0
2022,Zambézia,Cidade de Quelimane,Outubro,48.0
2022,Zambézia,Alto Molócuè,Outubro,6.0
2022,Zambézia,Morrumbala,Novembro,2.0
2022,Zambézia,Alto Molócuè,Agosto,6.0
2022,Cabo Delgado,Mecufi,Julho,1.0
2022,Nampula,Lalaua,Agosto,2.0
2022,Nampula,Nacaroa,Fevereiro,1.0
2022,Tete,Mutarara,Agosto,2.0
2022,Sofala,Caia,Dezembro,3.0
2022,Sofala,Buzi,Outubro,2.0
2022,Zambézia,Cidade de Quelimane,Fevereiro,51.0
2022,Zambézia,Cidade de Quelimane,Janeiro,51.0
2022,Tete,Marara,Dezembro,0.0
2022,Tete,Marara,Novembro,0.0
2022,Tete,Marara,Outubro,0.0
2022,Tete,Marara,Setembro,0.0
2022,Tete,Marara,Agosto,0.0
2022,Tete,Marara,Julho,0.0
2022,Tete,Marara,Junho,0.0
2022,Tete,Marara,Maio,0.0
2022,Tete,Marara,Abril,0.0
2022,Tete,Marara,Março,0.0
2022,Tete,Marara,Fevereiro,0.0
2022,Tete,Marara,Janeiro,0.0
2022,Tete,Doa,Dezembro,0.0
2022,Tete,Doa,Novembro,0.0
2022,Tete,Doa,Outubro,0.0
2022,Tete,Doa,Setembro,0.0
2022,Tete,Doa,Agosto,0.0
2022,Tete,Doa,Julho,0.0
2022,Tete,Doa,Junho,0.0
2022,Tete,Doa,Maio,0.0
2022,Tete,Chiuta,Outubro,2.0
2022,Tete,Doa,Abril,0.0
2022,Tete,Doa,Março,0.0
2022,Tete,Mutarara,Novembro,2.0
2022,Tete,Doa,Janeiro,0.0
2022,Tete,Zumbo,Dezembro,1.0
2022,Tete,Zumbo,Outubro,1.0
2022,Tete,Zumbo,Setembro,1.0
2022,Tete,Zumbo,Agosto,1.0
2022,Tete,Zumbo,Julho,1.0
2022,Tete,Zumbo,Junho,1.0
2022,Tete,Zumbo,Maio,1.0
2022,Tete,Zumbo,Abril,1.0
2022,Tete,Zumbo,Março,1.0
2022,Tete,Zumbo,Fevereiro,1.0
2022,Tete,Zumbo,Janeiro,1.0
2022,Tete,Tsangano,Dezembro,1.0
2022,Tete,Tsangano,Novembro,1.0
2022,Tete,Tsangano,Outubro,1.0
2022,Tete,Tsangano,Setembro,1.0
2022,Tete,Tsangano,Agosto,1.0
2022,Tete,Tsangano,Julho,1.0
2022,Tete,Tsangano,Junho,1.0
2022,Tete,Tsangano,Maio,1.0
2022,Tete,Tsangano,Abril,1.0
2022,Tete,Tsangano,Março,1.0
2022,Tete,Tsangano,Fevereiro,1.0
2022,Tete,Tsangano,Janeiro,1.0
2022,Tete,Mutarara,Dezembro,2.0
2022,Tete,Mutarara,Outubro,2.0
2022,Tete,Chiuta,Setembro,2.0
2022,Tete,Zumbo,Novembro,1.0
2022,Tete,Maravia,Janeiro,2.0
2022,Tete,Mutarara,Junho,2.0
2022,Tete,Maravia,Abril,2.0
2022,Tete,Mutarara,Maio,2.0
2022,Tete,Mutarara,Abril,2.0
2022,Tete,Mutarara,Março,2.0
2022,Tete,Mutarara,Fevereiro,2.0
2022,Tete,Mutarara,Janeiro,2.0
2022,Tete,Moatize,Dezembro,11.0
2022,Tete,Moatize,Novembro,11.0
2022,Tete,Moatize,Outubro,11.0
2022,Tete,Moatize,Setembro,11.0
2022,Tete,Moatize,Agosto,13.0
2022,Tete,Moatize,Julho,13.0
2022,Tete,Moatize,Junho,13.0
2022,Tete,Moatize,Maio,13.0
2022,Tete,Moatize,Abril,13.0
2022,Tete,Moatize,Março,13.0
2022,Tete,Moatize,Fevereiro,13.0
2022,Tete,Moatize,Janeiro,13.0
2022,Tete,Maravia,Dezembro,2.0
2022,Tete,Maravia,Novembro,2.0
2022,Tete,Maravia,Outubro,2.0
2022,Tete,Maravia,Setembro,2.0
2022,Tete,Maravia,Agosto,2.0
2022,Tete,Maravia,Julho,2.0
2022,Tete,Chiuta,Novembro,2.0
2022,Tete,Mutarara,Setembro,2.0
2022,Tete,Mutarara,Julho,2.0
2022,Tete,Macanga,Janeiro,5.0
2022,Tete,Maravia,Março,2.0
2022,Tete,Maravia,Fevereiro,2.0
2022,Tete,Mágoe,Dezembro,0.0
2022,Tete,Mágoe,Novembro,0.0
2022,Tete,Mágoe,Outubro,0.0
2022,Tete,Mágoe,Setembro,0.0
2022,Tete,Mágoe,Agosto,0.0
2022,Tete,Mágoe,Julho,0.0
2022,Tete,Mágoe,Junho,0.0
2022,Tete,Mágoe,Maio,0.0
2022,Tete,Mágoe,Abril,0.0
2022,Tete,Mágoe,Março,0.0
2022,Tete,Mágoe,Fevereiro,0.0
2022,Tete,Mágoe,Janeiro,0.0
2022,Tete,Macanga,Dezembro,5.0
2022,Tete,Macanga,Novembro,5.0
2022,Tete,Macanga,Outubro,5.0
2022,Tete,Macanga,Setembro,5.0
2022,Tete,Macanga,Agosto,5.0
2022,Tete,Macanga,Julho,5.0
2022,Tete,Macanga,Junho,5.0
2022,Tete,Macanga,Maio,5.0
2022,Tete,Macanga,Abril,5.0
2022,Tete,Macanga,Março,5.0
2022,Tete,Macanga,Fevereiro,5.0
2022,Tete,Chiuta,Dezembro,2.0
2022,Tete,Chiuta,Agosto,2.0
2022,Manica,Macate,Agosto,0.0
2022,Manica,Macate,Junho,0.0
2022,Tete,Changara,Março,2.0
2022,Tete,Changara,Agosto,2.0
2022,Tete,Changara,Junho,2.0
2022,Tete,Chiuta,Julho,2.0
2022,Tete,Chiuta,Junho,2.0
2022,Tete,Chiuta,Maio,2.0
2022,Tete,Chiuta,Abril,2.0
2022,Tete,Chiuta,Março,2.0
2022,Tete,Chiuta,Fevereiro,2.0
2022,Tete,Chiuta,Janeiro,2.0
2022,Tete,Chifunde,Dezembro,2.0
2022,Tete,Chifunde,Novembro,2.0
2022,Tete,Chifunde,Outubro,2.0
2022,Tete,Chifunde,Setembro,2.0
2022,Tete,Chifunde,Agosto,2.0
2022,Tete,Chifunde,Julho,2.0
2022,Tete,Chifunde,Junho,2.0
2022,Tete,Chifunde,Maio,2.0
2022,Tete,Chifunde,Abril,2.0
2022,Tete,Chifunde,Março,2.0
2022,Tete,Chifunde,Fevereiro,2.0
2022,Tete,Chifunde,Janeiro,2.0
2022,Tete,Changara,Dezembro,2.0
2022,Tete,Changara,Novembro,2.0
2022,Tete,Changara,Outubro,2.0
2022,Tete,Angónia,Fevereiro,8.0
2022,Tete,Changara,Setembro,2.0
2022,Tete,Cahora-Bassa,Fevereiro,5.0
2022,Tete,Angónia,Janeiro,8.0
2022,Tete,Cahora-Bassa,Janeiro,5.0
2022,Tete,Changara,Fevereiro,2.0
2022,Tete,Changara,Janeiro,2.0
2022,Tete,Cahora-Bassa,Dezembro,5.0
2022,Tete,Cahora-Bassa,Novembro,5.0
2022,Tete,Cahora-Bassa,Outubro,5.0
2022,Tete,Cahora-Bassa,Setembro,5.0
2022,Tete,Cahora-Bassa,Agosto,5.0
2022,Tete,Cahora-Bassa,Julho,5.0
2022,Tete,Cahora-Bassa,Junho,5.0
2022,Tete,Cahora-Bassa,Maio,5.0
2022,Tete,Cahora-Bassa,Abril,5.0
2022,Tete,Cahora-Bassa,Março,5.0
2022,Manica,Sussundenga,Janeiro,2.0
2022,Manica,Sussundenga,Fevereiro,2.0
2022,Tete,Angónia,Dezembro,8.0
2022,Tete,Angónia,Novembro,8.0
2022,Tete,Angónia,Outubro,8.0
2022,Tete,Angónia,Setembro,8.0
2022,Tete,Angónia,Agosto,8.0
2022,Tete,Angónia,Julho,8.0
2022,Tete,Angónia,Junho,8.0
2022,Tete,Angónia,Maio,8.0
2022,Tete,Angónia,Abril,8.0
2022,Tete,Angónia,Março,8.0
2022,Tete,Changara,Julho,2.0
2022,Tete,Changara,Abril,2.0
2022,Tete,Cidade de Tete,Dezembro,58.0
2022,Tete,Cidade de Tete,Novembro,58.0
2022,Manica,Macate,Abril,0.0
2022,Tete,Cidade de Tete,Julho,59.0
2022,Tete,Cidade de Tete,Junho,59.0
2022,Tete,Cidade de Tete,Maio,60.0
2022,Tete,Cidade de Tete,Abril,60.0
2022,Tete,Cidade de Tete,Março,60.0
2022,Tete,Cidade de Tete,Fevereiro,61.0
2022,Tete,Cidade de Tete,Janeiro,61.0
2022,Manica,Vanduzi,Dezembro,3.0
2022,Manica,Vanduzi,Novembro,3.0
2022,Manica,Vanduzi,Outubro,3.0
2022,Manica,Vanduzi,Setembro,3.0
2022,Manica,Vanduzi,Agosto,2.0
2022,Manica,Vanduzi,Julho,2.0
2022,Manica,Vanduzi,Junho,2.0
2022,Manica,Vanduzi,Maio,2.0
2022,Manica,Vanduzi,Abril,2.0
2022,Manica,Vanduzi,Março,2.0
2022,Manica,Vanduzi,Fevereiro,2.0
2022,Manica,Vanduzi,Janeiro,2.0
2022,Manica,Macate,Dezembro,0.0
2022,Manica,Macate,Novembro,0.0
2022,Manica,Macate,Outubro,0.0
2022,Manica,Macate,Setembro,0.0
2022,Tete,Cidade de Tete,Setembro,61.0
2022,Tete,Cidade de Tete,Agosto,59.0
2022,Manica,Sussundenga,Março,2.0
2022,Manica,Macate,Maio,0.0
2022,Manica,Tambara,Abril,1.0
2022,Manica,Macate,Julho,0.0
2022,Tete,Cidade de Tete,Outubro,59.0
2022,Manica,Macate,Março,0.0
2022,Manica,Macate,Fevereiro,0.0
2022,Manica,Macate,Janeiro,0.0
2022,Manica,Tambara,Dezembro,1.0
2022,Manica,Tambara,Novembro,1.0
2022,Manica,Tambara,Outubro,1.0
2022,Manica,Tambara,Setembro,1.0
2022,Manica,Tambara,Agosto,1.0
2022,Manica,Tambara,Julho,1.0
2022,Manica,Tambara,Junho,1.0
2022,Tete,Maravia,Junho,2.0
2022,Tete,Maravia,Maio,2.0
2022,Manica,Tambara,Março,1.0
2022,Manica,Tambara,Fevereiro,1.0
2022,Manica,Tambara,Janeiro,1.0
2022,Manica,Sussundenga,Dezembro,2.0
2022,Manica,Sussundenga,Novembro,2.0
2022,Manica,Sussundenga,Outubro,2.0
2022,Manica,Sussundenga,Setembro,2.0
2022,Manica,Sussundenga,Agosto,2.0
2022,Manica,Sussundenga,Julho,2.0
2022,Manica,Sussundenga,Junho,2.0
2022,Manica,Sussundenga,Maio,2.0
2022,Manica,Sussundenga,Abril,2.0
2022,Manica,Tambara,Maio,1.0
2022,Gaza,Massingir,Maio,2.0
2022,Sofala,Buzi,Setembro,2.0
2022,Manica,Mossurize,Dezembro,2.0
2022,Manica,Guro,Abril,2.0
2022,Manica,Mossurize,Outubro,2.0
2022,Manica,Mossurize,Setembro,2.0
2022,Manica,Mossurize,Agosto,2.0
2022,Manica,Mossurize,Julho,2.0
2022,Manica,Mossurize,Junho,2.0
2022,Manica,Mossurize,Maio,2.0
2022,Manica,Mossurize,Abril,2.0
2022,Manica,Mossurize,Março,2.0
2022,Manica,Mossurize,Fevereiro,2.0
2022,Manica,Mossurize,Janeiro,2.0
2022,Manica,Manica,Dezembro,8.0
2022,Manica,Manica,Novembro,8.0
2022,Manica,Manica,Outubro,7.0
2022,Manica,Manica,Setembro,7.0
2022,Manica,Manica,Agosto,6.0
2022,Manica,Manica,Julho,6.0
2022,Manica,Manica,Junho,6.0
2022,Manica,Manica,Maio,6.0
2022,Manica,Manica,Abril,6.0
2022,Manica,Manica,Março,6.0
2022,Manica,Manica,Fevereiro,6.0
2022,Manica,Manica,Janeiro,6.0
2022,Manica,Macossa,Dezembro,0.0
2022,Manica,Macossa,Novembro,0.0
2022,Sofala,Nhamatanda,Agosto,4.0
2022,Manica,Macossa,Outubro,0.0
2022,Manica,Guro,Março,2.0
2022,Manica,Macossa,Agosto,0.0
2022,Manica,Macossa,Junho,0.0
2022,Manica,Macossa,Março,0.0
2022,Manica,Macossa,Fevereiro,0.0
2022,Manica,Macossa,Janeiro,0.0
2022,Manica,Machaze,Dezembro,1.0
2022,Manica,Machaze,Novembro,1.0
2022,Manica,Machaze,Outubro,1.0
2022,Manica,Machaze,Setembro,1.0
2022,Manica,Machaze,Agosto,1.0
2022,Manica,Machaze,Julho,1.0
2022,Manica,Machaze,Junho,1.0
2022,Manica,Machaze,Maio,1.0
2022,Manica,Machaze,Abril,1.0
2022,Manica,Machaze,Março,1.0
2022,Manica,Machaze,Fevereiro,1.0
2022,Manica,Machaze,Janeiro,1.0
2022,Manica,Guro,Dezembro,2.0
2022,Manica,Guro,Novembro,2.0
2022,Manica,Guro,Outubro,2.0
2022,Manica,Guro,Setembro,2.0
2022,Manica,Guro,Agosto,2.0
2022,Manica,Guro,Julho,2.0
2022,Manica,Guro,Junho,2.0
2022,Manica,Guro,Maio,2.0
2022,Manica,Macossa,Setembro,0.0
2022,Manica,Macossa,Abril,0.0
2022,Sofala,Muanza,Junho,1.0
2022,Manica,Macossa,Julho,0.0
2022,Manica,Bárue,Dezembro,4.0
2022,Manica,Cidade de Chimoio,Dezembro,38.0
2022,Manica,Gondola,Setembro,3.0
2022,Manica,Gondola,Agosto,4.0
2022,Manica,Gondola,Julho,4.0
2022,Manica,Gondola,Junho,4.0
2022,Manica,Gondola,Maio,4.0
2022,Manica,Gondola,Abril,4.0
2022,Manica,Gondola,Março,4.0
2022,Manica,Gondola,Fevereiro,4.0
2022,Manica,Gondola,Janeiro,4.0
2022,Manica,Gondola,Dezembro,3.0
2022,Manica,Bárue,Novembro,4.0
2022,Manica,Bárue,Maio,4.0
2022,Manica,Gondola,Outubro,3.0
2022,Manica,Bárue,Janeiro,4.0
2022,Manica,Bárue,Julho,4.0
2022,Manica,Guro,Fevereiro,2.0
2022,Manica,Cidade de Chimoio,Novembro,38.0
2022,Manica,Bárue,Outubro,4.0
2022,Manica,Bárue,Agosto,4.0
2022,Manica,Bárue,Setembro,4.0
2022,Manica,Bárue,Junho,4.0
2022,Manica,Bárue,Março,4.0
2022,Manica,Bárue,Abril,4.0
2022,Manica,Bárue,Fevereiro,4.0
2022,Sofala,Muanza,Julho,1.0
2022,Manica,Macossa,Maio,0.0
2022,Sofala,Nhamatanda,Setembro,4.0
2022,Manica,Gondola,Novembro,3.0
2022,Manica,Guro,Janeiro,2.0
2022,Manica,Cidade de Chimoio,Julho,39.0
2022,Manica,Cidade de Chimoio,Junho,40.0
2022,Manica,Cidade de Chimoio,Maio,40.0
2022,Manica,Cidade de Chimoio,Abril,40.0
2022,Manica,Cidade de Chimoio,Março,40.0
2022,Manica,Cidade de Chimoio,Fevereiro,40.0
2022,Manica,Cidade de Chimoio,Janeiro,40.0
2022,Sofala,Nhamatanda,Dezembro,4.0
2022,Sofala,Nhamatanda,Novembro,4.0
2022,Sofala,Nhamatanda,Outubro,4.0
2022,Sofala,Nhamatanda,Julho,4.0
2022,Manica,Cidade de Chimoio,Outubro,38.0
2022,Sofala,Nhamatanda,Junho,4.0
2022,Sofala,Nhamatanda,Maio,4.0
2022,Sofala,Nhamatanda,Abril,4.0
2022,Sofala,Nhamatanda,Março,4.0
2022,Sofala,Nhamatanda,Fevereiro,4.0
2022,Sofala,Nhamatanda,Janeiro,4.0
2022,Sofala,Muanza,Dezembro,1.0
2022,Sofala,Muanza,Novembro,1.0
2022,Sofala,Muanza,Outubro,1.0
2022,Sofala,Muanza,Setembro,1.0
2022,Sofala,Muanza,Agosto,1.0
2022,Manica,Cidade de Chimoio,Setembro,38.0
2022,Manica,Cidade de Chimoio,Agosto,39.0
2022,Sofala,Buzi,Dezembro,2.0
2022,Sofala,Muanza,Abril,1.0
2022,Sofala,Cheringoma,Abril,2.0
2022,Sofala,Maringue,Março,1.0
2022,Sofala,Dondo,Agosto,12.0
2022,Sofala,Maringue,Fevereiro,1.0
2022,Sofala,Muanza,Março,1.0
2022,Sofala,Muanza,Fevereiro,1.0
2022,Sofala,Muanza,Janeiro,1.0
2022,Sofala,Marromeu,Dezembro,3.0
2022,Sofala,Marromeu,Novembro,3.0
2022,Sofala,Marromeu,Outubro,3.0
2022,Sofala,Marromeu,Setembro,3.0
2022,Sofala,Marromeu,Agosto,3.0
2022,Sofala,Marromeu,Julho,3.0
2022,Sofala,Marromeu,Junho,3.0
2022,Sofala,Marromeu,Maio,3.0
2022,Sofala,Marromeu,Abril,3.0
2022,Sofala,Marromeu,Março,3.0
2022,Sofala,Marromeu,Fevereiro,3.0
2022,Sofala,Marromeu,Janeiro,3.0
2022,Sofala,Maringue,Dezembro,1.0
2022,Sofala,Maringue,Novembro,1.0
2022,Sofala,Maringue,Outubro,1.0
2022,Sofala,Maringue,Setembro,1.0
2022,Sofala,Maringue,Agosto,1.0
2022,Sofala,Maringue,Julho,1.0
2022,Sofala,Maringue,Junho,1.0
2022,Sofala,Maringue,Janeiro,0.0
2022,Sofala,Maringue,Maio,1.0
2022,Sofala,Dondo,Outubro,13.0
2022,Sofala,Dondo,Novembro,13.0
2022,Sofala,Gorongoza,Novembro,2.0
2022,Sofala,Machanga,Dezembro,1.0
2022,Sofala,Machanga,Outubro,1.0
2022,Sofala,Machanga,Setembro,1.0
2022,Sofala,Machanga,Agosto,1.0
2022,Sofala,Machanga,Julho,1.0
2022,Sofala,Machanga,Junho,1.0
2022,Sofala,Machanga,Maio,1.0
2022,Sofala,Machanga,Abril,1.0
2022,Sofala,Machanga,Março,1.0
2022,Sofala,Machanga,Fevereiro,1.0
2022,Sofala,Machanga,Janeiro,1.0
2022,Sofala,Gorongoza,Dezembro,2.0
2022,Sofala,Gorongoza,Outubro,2.0
2022,Sofala,Buzi,Novembro,2.0
2022,Sofala,Gorongoza,Setembro,2.0
2022,Sofala,Gorongoza,Agosto,2.0
2022,Sofala,Gorongoza,Julho,2.0
2022,Sofala,Gorongoza,Junho,2.0
2022,Sofala,Gorongoza,Maio,2.0
2022,Sofala,Gorongoza,Abril,2.0
2022,Sofala,Gorongoza,Março,2.0
2022,Sofala,Gorongoza,Fevereiro,2.0
2022,Sofala,Gorongoza,Janeiro,2.0
2022,Sofala,Dondo,Dezembro,13.0
2022,Sofala,Machanga,Novembro,1.0
2022,Sofala,Maringue,Abril,1.0
2022,Sofala,Dondo,Setembro,13.0
2022,Sofala,Dondo,Julho,12.0
2022,Sofala,Dondo,Junho,12.0
2022,Sofala,Dondo,Abril,12.0
2022,Sofala,Dondo,Março,12.0
2022,Sofala,Dondo,Fevereiro,12.0
2022,Sofala,Dondo,Janeiro,12.0
2022,Sofala,Chibabava,Dezembro,4.0
2022,Sofala,Chibabava,Novembro,4.0
2022,Sofala,Chibabava,Outubro,4.0
2022,Sofala,Chibabava,Setembro,4.0
2022,Sofala,Chibabava,Agosto,4.0
2022,Sofala,Chibabava,Julho,4.0
2022,Sofala,Chibabava,Junho,4.0
2022,Sofala,Chibabava,Maio,4.0
2022,Sofala,Chibabava,Abril,4.0
2022,Sofala,Chibabava,Março,4.0
2022,Sofala,Chibabava,Fevereiro,4.0
2022,Sofala,Chibabava,Janeiro,4.0
2022,Sofala,Cheringoma,Dezembro,2.0
2022,Sofala,Cheringoma,Novembro,2.0
2022,Sofala,Cheringoma,Outubro,2.0
2022,Sofala,Cheringoma,Setembro,2.0
2022,Sofala,Cheringoma,Agosto,2.0
2022,Sofala,Cheringoma,Julho,2.0
2022,Sofala,Cheringoma,Junho,2.0
2022,Sofala,Cheringoma,Maio,2.0
2022,Sofala,Dondo,Maio,12.0
2022,Sofala,Cheringoma,Março,2.0
2022,Sofala,Cheringoma,Fevereiro,2.0
2022,Manica,Mossurize,Novembro,2.0
2022,Sofala,Muanza,Maio,1.0
2022,Sofala,Cheringoma,Janeiro,2.0
2022,Sofala,Chemba,Dezembro,2.0
2022,Sofala,Chemba,Novembro,2.0
2022,Sofala,Chemba,Outubro,2.0
2022,Sofala,Chemba,Setembro,2.0
2022,Sofala,Chemba,Agosto,2.0
2022,Sofala,Chemba,Julho,2.0
2022,Sofala,Chemba,Junho,2.0
2022,Sofala,Chemba,Maio,2.0
2022,Sofala,Chemba,Abril,2.0
2022,Sofala,Chemba,Março,2.0
2022,Tete,Changara,Maio,2.0
2022,Sofala,Chemba,Fevereiro,2.0
2022,Sofala,Chemba,Janeiro,2.0
2022,Sofala,Caia,Novembro,3.0
2022,Sofala,Caia,Outubro,3.0
2022,Sofala,Caia,Setembro,3.0
2022,Sofala,Caia,Agosto,3.0
2022,Sofala,Caia,Julho,3.0
2022,Sofala,Caia,Junho,3.0
2022,Sofala,Caia,Maio,3.0
2022,Sofala,Caia,Abril,3.0
2022,Sofala,Caia,Março,3.0
2022,Sofala,Caia,Fevereiro,3.0
2022,Sofala,Caia,Janeiro,3.0
2022,Zambézia,Cidade de Quelimane,Março,51.0
2022,Gaza,Chonguene,Agosto,2.0
2022,Província de Maputo,Cidade da Matola,Fevereiro,146.0
2022,Gaza,Chicualacuala,Março,2.0
2022,Inhambane,Zavala (Quissico),Abril,4.0
2022,Inhambane,Morrumbene,Novembro,5.0
2022,Inhambane,Zavala (Quissico),Maio,4.0
2022,Sofala,Buzi,Junho,2.0
2022,Sofala,Buzi,Maio,2.0
2022,Sofala,Buzi,Abril,2.0
2022,Sofala,Buzi,Março,2.0
2022,Sofala,Buzi,Fevereiro,2.0
2022,Sofala,Buzi,Janeiro,2.0
2022,Sofala,Cidade da Beira,Dezembro,97.0
2022,Sofala,Cidade da Beira,Novembro,96.0
2022,Sofala,Cidade da Beira,Outubro,96.0
2022,Sofala,Cidade da Beira,Setembro,95.0
2022,Sofala,Cidade da Beira,Agosto,98.0
2022,Sofala,Cidade da Beira,Julho,98.0
2022,Sofala,Cidade da Beira,Junho,98.0
2022,Sofala,Cidade da Beira,Maio,97.0
2022,Sofala,Cidade da Beira,Abril,96.0
2022,Sofala,Cidade da Beira,Março,96.0
2022,Sofala,Cidade da Beira,Fevereiro,96.0
2022,Sofala,Cidade da Beira,Janeiro,99.0
2022,Inhambane,Zavala (Quissico),Dezembro,4.0
2022,Inhambane,Zavala (Quissico),Novembro,4.0
2022,Inhambane,Zavala (Quissico),Outubro,4.0
2022,Inhambane,Zavala (Quissico),Setembro,4.0
2022,Inhambane,Inharrime,Dezembro,5.0
2022,Inhambane,Zavala (Quissico),Agosto,4.0
2022,Inhambane,Zavala (Quissico),Julho,4.0
2022,Inhambane,Panda,Março,1.0
2022,Inhambane,Zavala (Quissico),Fevereiro,4.0
2022,Inhambane,Inhassoro,Janeiro,6.0
2022,Inhambane,Zavala (Quissico),Março,4.0
2022,Inhambane,Zavala (Quissico),Janeiro,4.0
2022,Inhambane,Vilankulo,Dezembro,8.0
2022,Inhambane,Vilankulo,Novembro,8.0
2022,Inhambane,Vilankulo,Outubro,8.0
2022,Inhambane,Vilankulo,Setembro,8.0
2022,Inhambane,Vilankulo,Agosto,10.0
2022,Inhambane,Vilankulo,Julho,10.0
2022,Inhambane,Vilankulo,Junho,10.0
2022,Inhambane,Vilankulo,Maio,10.0
2022,Inhambane,Vilankulo,Abril,10.0
2022,Inhambane,Vilankulo,Março,10.0
2022,Inhambane,Vilankulo,Fevereiro,10.0
2022,Inhambane,Vilankulo,Janeiro,10.0
2022,Inhambane,Panda,Dezembro,1.0
2022,Inhambane,Panda,Novembro,1.0
2022,Inhambane,Panda,Outubro,1.0
2022,Inhambane,Panda,Setembro,1.0
2022,Inhambane,Panda,Agosto,1.0
2022,Inhambane,Panda,Julho,1.0
2022,Inhambane,Panda,Junho,1.0
2022,Inhambane,Panda,Maio,1.0
2022,Inhambane,Panda,Abril,1.0
2022,Inhambane,Panda,Fevereiro,1.0
2022,Gaza,Chicualacuala,Fevereiro,2.0
2022,Inhambane,Panda,Janeiro,1.0
2022,Inhambane,Inhassoro,Março,6.0
2022,Inhambane,Mabote,Junho,2.0
2022,Inhambane,Morrumbene,Setembro,5.0
2022,Inhambane,Mabote,Julho,2.0
2022,Inhambane,Morrumbene,Agosto,5.0
2022,Inhambane,Morrumbene,Julho,5.0
2022,Inhambane,Morrumbene,Junho,5.0
2022,Inhambane,Morrumbene,Maio,5.0
2022,Inhambane,Morrumbene,Abril,5.0
2022,Inhambane,Morrumbene,Março,5.0
2022,Inhambane,Morrumbene,Fevereiro,5.0
2022,Inhambane,Morrumbene,Janeiro,5.0
2022,Inhambane,Massinga,Dezembro,7.0
2022,Inhambane,Massinga,Novembro,7.0
2022,Inhambane,Massinga,Outubro,7.0
2022,Inhambane,Massinga,Setembro,7.0
2022,Inhambane,Massinga,Agosto,7.0
2022,Inhambane,Massinga,Julho,7.0
2022,Inhambane,Massinga,Junho,7.0
2022,Inhambane,Massinga,Maio,7.0
2022,Inhambane,Massinga,Abril,7.0
2022,Inhambane,Massinga,Março,7.0
2022,Inhambane,Massinga,Fevereiro,7.0
2022,Inhambane,Massinga,Janeiro,7.0
2022,Inhambane,Mabote,Dezembro,2.0
2022,Inhambane,Mabote,Novembro,2.0
2022,Inhambane,Morrumbene,Outubro,5.0
2022,Inhambane,Zavala (Quissico),Junho,4.0
2022,Inhambane,Morrumbene,Dezembro,5.0
2022,Inhambane,Inhassoro,Maio,6.0
2022,Inhambane,Mabote,Abril,2.0
2022,Inhambane,Inhassoro,Fevereiro,6.0
2022,Inhambane,Mabote,Maio,2.0
2022,Inhambane,Mabote,Março,2.0
2022,Inhambane,Mabote,Fevereiro,2.0
2022,Inhambane,Mabote,Janeiro,2.0
2022,Inhambane,Jangamo,Dezembro,2.0
2022,Inhambane,Jangamo,Novembro,2.0
2022,Inhambane,Jangamo,Outubro,2.0
2022,Inhambane,Jangamo,Setembro,2.0
2022,Inhambane,Jangamo,Agosto,2.0
2022,Inhambane,Jangamo,Julho,2.0
2022,Inhambane,Jangamo,Junho,2.0
2022,Inhambane,Jangamo,Maio,2.0
2022,Inhambane,Jangamo,Abril,2.0
2022,Inhambane,Jangamo,Março,2.0
2022,Inhambane,Jangamo,Fevereiro,2.0
2022,Inhambane,Jangamo,Janeiro,2.0
2022,Inhambane,Inhassoro,Dezembro,5.0
2022,Inhambane,Inhassoro,Novembro,5.0
2022,Inhambane,Inhassoro,Outubro,5.0
2022,Inhambane,Inhassoro,Setembro,5.0
2022,Inhambane,Inhassoro,Agosto,6.0
2022,Inhambane,Inhassoro,Julho,6.0
2022,Inhambane,Inhassoro,Junho,6.0
2022,Inhambane,Inhassoro,Abril,6.0
2022,Gaza,Mapai,Novembro,1.0
2022,Gaza,Mapai,Dezembro,1.0
2022,Gaza,Mapai,Setembro,1.0
2022,Inhambane,Govuro,Dezembro,2.0
2022,Inhambane,Govuro,Junho,2.0
2022,Inhambane,Govuro,Julho,2.0
2022,Inhambane,Govuro,Agosto,2.0
2022,Inhambane,Govuro,Setembro,2.0
2022,Inhambane,Inharrime,Outubro,5.0
2022,Inhambane,Inharrime,Setembro,4.0
2022,Inhambane,Inharrime,Agosto,4.0
2022,Inhambane,Inharrime,Julho,4.0
2022,Inhambane,Inharrime,Junho,4.0
2022,Inhambane,Inharrime,Maio,4.0
2022,Inhambane,Inharrime,Abril,4.0
2022,Inhambane,Inharrime,Março,4.0
2022,Inhambane,Inharrime,Fevereiro,4.0
2022,Inhambane,Inharrime,Janeiro,4.0
2022,Inhambane,Homoine,Dezembro,2.0
2022,Inhambane,Homoine,Novembro,2.0
2022,Inhambane,Homoine,Outubro,2.0
2022,Inhambane,Homoine,Setembro,2.0
2022,Inhambane,Homoine,Agosto,2.0
2022,Inhambane,Homoine,Julho,2.0
2022,Inhambane,Homoine,Junho,2.0
2022,Inhambane,Homoine,Maio,2.0
2022,Inhambane,Homoine,Abril,2.0
2022,Inhambane,Homoine,Março,2.0
2022,Inhambane,Cidade de Maxixe,Abril,20.0
2022,Inhambane,Homoine,Fevereiro,2.0
2022,Inhambane,Cidade de Maxixe,Junho,19.0
2022,Inhambane,Cidade de Maxixe,Julho,19.0
2022,Inhambane,Funhaloro,Julho,2.0
2022,Sofala,Buzi,Julho,2.0
2022,Inhambane,Funhaloro,Maio,2.0
2022,Inhambane,Govuro,Maio,2.0
2022,Inhambane,Govuro,Abril,2.0
2022,Inhambane,Govuro,Março,2.0
2022,Inhambane,Govuro,Fevereiro,2.0
2022,Inhambane,Govuro,Janeiro,2.0
2022,Inhambane,Funhaloro,Dezembro,2.0
2022,Inhambane,Funhaloro,Novembro,2.0
2022,Inhambane,Funhaloro,Outubro,2.0
2022,Inhambane,Funhaloro,Setembro,2.0
2022,Inhambane,Funhaloro,Agosto,2.0
2022,Inhambane,Funhaloro,Junho,2.0
2022,Inhambane,Mabote,Agosto,2.0
2022,Inhambane,Funhaloro,Abril,2.0
2022,Sofala,Buzi,Agosto,2.0
2022,Inhambane,Funhaloro,Março,2.0
2022,Inhambane,Funhaloro,Fevereiro,2.0
2022,Inhambane,Funhaloro,Janeiro,2.0
2022,Inhambane,Cidade de Maxixe,Dezembro,19.0
2022,Inhambane,Cidade de Maxixe,Novembro,19.0
2022,Inhambane,Cidade de Maxixe,Outubro,19.0
2022,Inhambane,Cidade de Maxixe,Setembro,19.0
2022,Inhambane,Cidade de Maxixe,Agosto,19.0
2022,Inhambane,Cidade de Maxixe,Maio,19.0
2022,Inhambane,Homoine,Janeiro,2.0
2022,Inhambane,Govuro,Novembro,2.0
2022,Inhambane,Govuro,Outubro,2.0
2022,Gaza,Mapai,Julho,1.0
2022,Gaza,Mapai,Outubro,1.0
2022,Inhambane,Cidade de Inhambane,Novembro,18.0
2022,Inhambane,Cidade de Inhambane,Outubro,18.0
2022,Inhambane,Cidade de Inhambane,Setembro,18.0
2022,Inhambane,Cidade de Inhambane,Agosto,17.0
2022,Inhambane,Cidade de Inhambane,Julho,17.0
2022,Inhambane,Cidade de Inhambane,Junho,17.0
2022,Inhambane,Cidade de Inhambane,Maio,17.0
2022,Inhambane,Cidade de Inhambane,Abril,17.0
2022,Inhambane,Cidade de Inhambane,Março,17.0
2022,Inhambane,Cidade de Inhambane,Fevereiro,17.0
2022,Inhambane,Cidade de Inhambane,Janeiro,17.0
2022,Gaza,Limpopo,Dezembro,0.0
2022,Gaza,Limpopo,Novembro,0.0
2022,Gaza,Limpopo,Outubro,0.0
2022,Gaza,Limpopo,Setembro,0.0
2022,Gaza,Limpopo,Agosto,0.0
2022,Gaza,Limpopo,Julho,0.0
2022,Gaza,Limpopo,Junho,0.0
2022,Gaza,Limpopo,Maio,0.0
2022,Gaza,Limpopo,Abril,0.0
2022,Gaza,Limpopo,Março,0.0
2022,Gaza,Limpopo,Fevereiro,0.0
2022,Gaza,Limpopo,Janeiro,0.0
2022,Inhambane,Cidade de Inhambane,Dezembro,18.0
2022,Gaza,Massingir,Junho,2.0
2022,Inhambane,Cidade de Maxixe,Fevereiro,20.0
2022,Gaza,Massingir,Agosto,2.0
2022,Inhambane,Cidade de Maxixe,Março,20.0
2022,Gaza,Massingir,Julho,2.0
2022,Inhambane,Cidade de Maxixe,Janeiro,20.0
2022,Gaza,Mapai,Agosto,1.0
2022,Gaza,Mapai,Junho,1.0
2022,Gaza,Mapai,Maio,1.0
2022,Gaza,Mapai,Abril,1.0
2022,Gaza,Mapai,Março,1.0
2022,Gaza,Mapai,Fevereiro,1.0
2022,Gaza,Mapai,Janeiro,1.0
2022,Gaza,Chonguene,Dezembro,2.0
2022,Gaza,Chonguene,Novembro,2.0
2022,Inhambane,Mabote,Outubro,2.0
2022,Gaza,Chonguene,Outubro,2.0
2022,Gaza,Chonguene,Setembro,2.0
2022,Gaza,Chonguene,Julho,2.0
2022,Gaza,Chonguene,Junho,2.0
2022,Gaza,Chonguene,Maio,3.0
2022,Gaza,Chonguene,Abril,3.0
2022,Gaza,Chonguene,Março,3.0
2022,Gaza,Chonguene,Fevereiro,3.0
2022,Gaza,Chonguene,Janeiro,3.0
2022,Gaza,Massingir,Dezembro,2.0
2022,Gaza,Massingir,Novembro,2.0
2022,Gaza,Massingir,Outubro,2.0
2022,Gaza,Massingir,Setembro,2.0
2022,Inhambane,Mabote,Setembro,2.0
2022,Tete,Doa,Fevereiro,0.0
2022,Inhambane,Inharrime,Novembro,5.0
2022,Zambézia,Cidade de Quelimane,Julho,49.0
2022,Gaza,Chókwè,Maio,13.0
2022,Gaza,Mabalane,Novembro,2.0
2022,Gaza,Massangena,Dezembro,0.0
2022,Gaza,Massangena,Novembro,0.0
2022,Gaza,Massangena,Outubro,0.0
2022,Gaza,Massangena,Setembro,0.0
2022,Gaza,Massangena,Agosto,0.0
2022,Gaza,Massangena,Julho,0.0
2022,Gaza,Massangena,Junho,0.0
2022,Gaza,Massangena,Maio,0.0
2022,Gaza,Massangena,Abril,0.0
2022,Gaza,Massangena,Março,0.0
2022,Gaza,Massangena,Fevereiro,0.0
2022,Gaza,Massangena,Janeiro,0.0
2022,Gaza,Manjacaze,Dezembro,5.0
2022,Gaza,Manjacaze,Novembro,5.0
2022,Gaza,Manjacaze,Outubro,5.0
2022,Gaza,Manjacaze,Setembro,5.0
2022,Gaza,Manjacaze,Agosto,5.0
2022,Gaza,Manjacaze,Julho,5.0
2022,Gaza,Manjacaze,Junho,5.0
2022,Gaza,Manjacaze,Maio,5.0
2022,Gaza,Manjacaze,Abril,5.0
2022,Gaza,Manjacaze,Março,5.0
2022,Gaza,Manjacaze,Fevereiro,5.0
2022,Gaza,Massingir,Janeiro,2.0
2022,Gaza,Mabalane,Agosto,2.0
2022,Gaza,Mabalane,Dezembro,2.0
2022,Gaza,Chókwè,Agosto,13.0
2022,Gaza,Mabalane,Outubro,2.0
2022,Gaza,Mabalane,Setembro,2.0
2022,Gaza,Mabalane,Julho,2.0
2022,Gaza,Mabalane,Junho,2.0
2022,Gaza,Mabalane,Maio,2.0
2022,Gaza,Mabalane,Abril,2.0
2022,Gaza,Mabalane,Março,2.0
2022,Gaza,Mabalane,Fevereiro,2.0
2022,Gaza,Mabalane,Janeiro,2.0
2022,Gaza,Guijá,Dezembro,1.0
2022,Gaza,Guijá,Novembro,1.0
2022,Gaza,Guijá,Outubro,1.0
2022,Gaza,Guijá,Setembro,1.0
2022,Gaza,Guijá,Agosto,1.0
2022,Gaza,Guijá,Julho,1.0
2022,Gaza,Guijá,Junho,1.0
2022,Gaza,Guijá,Maio,1.0
2022,Gaza,Guijá,Abril,1.0
2022,Gaza,Guijá,Março,1.0
2022,Gaza,Guijá,Fevereiro,1.0
2022,Gaza,Guijá,Janeiro,1.0
2022,Gaza,Chókwè,Dezembro,13.0
2022,Gaza,Chókwè,Novembro,13.0
2022,Gaza,Chókwè,Outubro,13.0
2022,Gaza,Chókwè,Setembro,13.0
2022,Gaza,Chókwè,Julho,13.0
2022,Gaza,Cidade de Xai-Xai,Julho,34.0
2022,Gaza,Chókwè,Junho,13.0
2022,Gaza,Chibuto,Dezembro,5.0
2022,Gaza,Chicualacuala,Janeiro,2.0
2022,Gaza,Chókwè,Fevereiro,13.0
2022,Gaza,Chókwè,Janeiro,13.0
2022,Gaza,Chigubo,Dezembro,1.0
2022,Gaza,Chigubo,Novembro,1.0
2022,Gaza,Chigubo,Outubro,1.0
2022,Gaza,Chigubo,Setembro,1.0
2022,Gaza,Chigubo,Agosto,1.0
2022,Gaza,Chigubo,Julho,1.0
2022,Gaza,Chigubo,Junho,1.0
2022,Gaza,Chigubo,Maio,1.0
2022,Gaza,Chigubo,Abril,1.0
2022,Gaza,Chigubo,Março,1.0
2022,Gaza,Chigubo,Fevereiro,1.0
2022,Gaza,Chigubo,Janeiro,1.0
2022,Gaza,Chicualacuala,Dezembro,2.0
2022,Gaza,Chicualacuala,Novembro,2.0
2022,Gaza,Chicualacuala,Outubro,2.0
2022,Gaza,Chicualacuala,Setembro,2.0
2022,Gaza,Chicualacuala,Agosto,2.0
2022,Gaza,Chicualacuala,Julho,2.0
2022,Gaza,Chicualacuala,Junho,2.0
2022,Gaza,Chicualacuala,Maio,2.0
2022,Gaza,Chicualacuala,Abril,2.0
2022,Zambézia,Cidade de Quelimane,Maio,50.0
2022,Gaza,Chókwè,Março,13.0
2022,Gaza,Chibuto,Outubro,5.0
2022,Gaza,Cidade de Xai-Xai,Agosto,34.0
2022,Gaza,Cidade de Xai-Xai,Setembro,33.0
2022,Gaza,Chibuto,Novembro,5.0
2022,Gaza,Chibuto,Setembro,5.0
2022,Gaza,Chibuto,Agosto,5.0
2022,Gaza,Chibuto,Julho,5.0
2022,Gaza,Chibuto,Junho,6.0
2022,Gaza,Chibuto,Maio,6.0
2022,Gaza,Chibuto,Abril,6.0
2022,Gaza,Chibuto,Março,6.0
2022,Gaza,Chibuto,Fevereiro,6.0
2022,Gaza,Chibuto,Janeiro,6.0
2022,Gaza,Bilene-Macia,Dezembro,13.0
2022,Gaza,Bilene-Macia,Novembro,13.0
2022,Gaza,Bilene-Macia,Outubro,12.0
2022,Gaza,Bilene-Macia,Setembro,12.0
2022,Gaza,Bilene-Macia,Agosto,12.0
2022,Gaza,Bilene-Macia,Julho,12.0
2022,Gaza,Bilene-Macia,Junho,12.0
2022,Gaza,Bilene-Macia,Maio,12.0
2022,Gaza,Bilene-Macia,Abril,12.0
2022,Gaza,Bilene-Macia,Março,12.0
2022,Gaza,Bilene-Macia,Fevereiro,12.0
2022,Gaza,Bilene-Macia,Janeiro,12.0
2022,Gaza,Cidade de Xai-Xai,Dezembro,33.0
2022,Gaza,Cidade de Xai-Xai,Novembro,33.0
2022,Gaza,Cidade de Xai-Xai,Outubro,33.0
2022,Gaza,Chókwè,Abril,13.0
2022,Gaza,Manjacaze,Janeiro,5.0
2022,Gaza,Massingir,Abril,2.0
2022,Província de Maputo,Boane,Julho,18.0
2022,Província de Maputo,Matutuíne,Dezembro,3.0
2022,Província de Maputo,Namaacha,Fevereiro,2.0
2022,Província de Maputo,Namaacha,Março,2.0
2022,Gaza,Cidade de Xai-Xai,Abril,34.0
2022,Gaza,Cidade de Xai-Xai,Março,33.0
2022,Gaza,Cidade de Xai-Xai,Fevereiro,34.0
2022,Gaza,Cidade de Xai-Xai,Janeiro,34.0
2022,Província de Maputo,Moamba,Dezembro,10.0
2022,Província de Maputo,Moamba,Novembro,10.0
2022,Província de Maputo,Moamba,Outubro,10.0
2022,Província de Maputo,Moamba,Setembro,10.0
2022,Província de Maputo,Moamba,Agosto,11.0
2022,Província de Maputo,Moamba,Julho,11.0
2022,Província de Maputo,Moamba,Junho,11.0
2022,Província de Maputo,Moamba,Maio,11.0
2022,Província de Maputo,Moamba,Abril,11.0
2022,Província de Maputo,Moamba,Março,11.0
2022,Província de Maputo,Moamba,Fevereiro,11.0
2022,Província de Maputo,Moamba,Janeiro,11.0
2022,Província de Maputo,Namaacha,Dezembro,2.0
2022,Província de Maputo,Namaacha,Novembro,2.0
2022,Província de Maputo,Namaacha,Outubro,2.0
2022,Província de Maputo,Namaacha,Setembro,2.0
2022,Província de Maputo,Namaacha,Agosto,2.0
2022,Província de Maputo,Namaacha,Julho,2.0
2022,Província de Maputo,Namaacha,Maio,2.0
2022,Província de Maputo,Manhiça,Novembro,16.0
2022,Província de Maputo,Marracuene,Janeiro,14.0
2022,Província de Maputo,Manhiça,Dezembro,16.0
2022,Província de Maputo,Boane,Junho,18.0
2022,Gaza,Massingir,Fevereiro,2.0
2022,Gaza,Cidade de Xai-Xai,Maio,34.0
2022,Província de Maputo,Namaacha,Janeiro,2.0
2022,Província de Maputo,Matutuíne,Novembro,3.0
2022,Província de Maputo,Matutuíne,Outubro,3.0
2022,Província de Maputo,Matutuíne,Setembro,3.0
2022,Província de Maputo,Matutuíne,Agosto,3.0
2022,Província de Maputo,Matutuíne,Julho,3.0
2022,Província de Maputo,Matutuíne,Junho,3.0
2022,Província de Maputo,Matutuíne,Maio,3.0
2022,Província de Maputo,Matutuíne,Abril,3.0
2022,Província de Maputo,Namaacha,Junho,2.0
2022,Província de Maputo,Matutuíne,Março,3.0
2022,Gaza,Massingir,Março,2.0
2022,Província de Maputo,Marracuene,Dezembro,14.0
2022,Província de Maputo,Marracuene,Novembro,14.0
2022,Província de Maputo,Marracuene,Outubro,13.0
2022,Província de Maputo,Marracuene,Setembro,16.0
2022,Província de Maputo,Marracuene,Agosto,17.0
2022,Província de Maputo,Marracuene,Julho,14.0
2022,Província de Maputo,Marracuene,Junho,14.0
2022,Província de Maputo,Marracuene,Maio,14.0
2022,Província de Maputo,Marracuene,Abril,13.0
2022,Província de Maputo,Marracuene,Março,14.0
2022,Província de Maputo,Marracuene,Fevereiro,14.0
2022,Província de Maputo,Matutuíne,Janeiro,3.0
2022,Província de Maputo,Namaacha,Abril,2.0
2022,Província de Maputo,Matutuíne,Fevereiro,3.0
2022,Província de Maputo,Manhiça,Outubro,16.0
2022,Província de Maputo,Manhiça,Julho,18.0
2022,Província de Maputo,Magude,Julho,2.0
2022,Província de Maputo,Boane,Maio,18.0
2022,Província de Maputo,Manhiça,Junho,18.0
2022,Província de Maputo,Manhiça,Maio,18.0
2022,Província de Maputo,Manhiça,Abril,18.0
2022,Província de Maputo,Manhiça,Março,18.0
2022,Província de Maputo,Manhiça,Fevereiro,18.0
2022,Província de Maputo,Manhiça,Janeiro,18.0
2022,Província de Maputo,Magude,Dezembro,2.0
2022,Província de Maputo,Manhiça,Setembro,16.0
2022,Província de Maputo,Magude,Outubro,2.0
2022,Província de Maputo,Magude,Setembro,2.0
2022,Província de Maputo,Boane,Abril,18.0
2022,Província de Maputo,Magude,Agosto,2.0
2022,Província de Maputo,Magude,Junho,2.0
2022,Província de Maputo,Magude,Maio,2.0
2022,Província de Maputo,Magude,Abril,2.0
2022,Província de Maputo,Magude,Março,2.0
2022,Província de Maputo,Magude,Fevereiro,2.0
2022,Província de Maputo,Magude,Janeiro,2.0
2022,Província de Maputo,Boane,Dezembro,19.0
2022,Província de Maputo,Boane,Novembro,18.0
2022,Província de Maputo,Boane,Outubro,17.0
2022,Província de Maputo,Boane,Setembro,17.0
2022,Província de Maputo,Boane,Fevereiro,18.0
2022,Província de Maputo,Cidade de Maputo,Fevereiro,513.0
2022,Província de Maputo,Magude,Novembro,2.0
2022,Província de Maputo,Cidade de Maputo,Abril,509.0
2022,Província de Maputo,Cidade de Maputo,Março,508.0
2022,Província de Maputo,Manhiça,Agosto,18.0
2022,Província de Maputo,Boane,Agosto,18.0
2022,Zambézia,Cidade de Quelimane,Abril,51.0
2022,Província de Maputo,Boane,Março,17.0
2022,Província de Maputo,Boane,Janeiro,18.0
2022,Província de Maputo,Cidade da Matola,Dezembro,143.0
2022,Província de Maputo,Cidade da Matola,Outubro,144.0
2022,Província de Maputo,Cidade da Matola,Setembro,143.0
2022,Província de Maputo,Cidade da Matola,Agosto,146.0
2022,Província de Maputo,Cidade da Matola,Julho,146.0
2022,Província de Maputo,Cidade da Matola,Junho,146.0
2022,Província de Maputo,Cidade da Matola,Novembro,143.0
2022,Província de Maputo,Cidade da Matola,Abril,145.0
2022,Província de Maputo,Cidade da Matola,Maio,145.0
2022,Província de Maputo,Cidade de Maputo,Junho,506.0
2022,Província de Maputo,Cidade de Maputo,Julho,499.0
2022,Província de Maputo,Cidade de Maputo,Agosto,497.0
2022,Província de Maputo,Cidade de Maputo,Setembro,486.0
2022,Província de Maputo,Cidade de Maputo,Outubro,484.0
2022,Província de Maputo,Cidade de Maputo,Maio,507.0
2022,Província de Maputo,Cidade de Maputo,Dezembro,478.0
2022,Província de Maputo,Cidade da Matola,Janeiro,143.0
2022,Gaza,Cidade de Xai-Xai,Junho,34.0
2022,Província de Maputo,Cidade da Matola,Março,146.0
2022,Província de Maputo,Cidade de Maputo,Novembro,486.0
2023,Manica,Bárue,Março,4.0
2023,Manica,Bárue,Abril,4.0
2023,Manica,Bárue,Maio,4.0
2023,Manica,Bárue,Junho,4.0
2023,Manica,Bárue,Fevereiro,4.0
2023,Manica,Bárue,Novembro,4.0
2023,Manica,Bárue,Setembro,4.0
2023,Zambézia,Cidade de Quelimane,Julho,48.0
2023,Manica,Cidade de Chimoio,Dezembro,36.0
2023,Manica,Mossurize,Dezembro,2.0
2023,Manica,Bárue,Agosto,4.0
2023,Manica,Guro,Janeiro,2.0
2023,Manica,Gondola,Dezembro,2.0
2023,Manica,Bárue,Dezembro,4.0
2023,Manica,Gondola,Junho,2.0
2023,Manica,Gondola,Fevereiro,3.0
2023,Manica,Gondola,Março,3.0
2023,Manica,Gondola,Abril,2.0
2023,Manica,Gondola,Maio,2.0
2023,Manica,Gondola,Julho,2.0
2023,Manica,Gondola,Agosto,2.0
2023,Manica,Gondola,Setembro,2.0
2023,Manica,Gondola,Outubro,2.0
2023,Manica,Gondola,Novembro,2.0
2023,Manica,Bárue,Julho,4.0
2023,Sofala,Nhamatanda,Outubro,4.0
2023,Sofala,Caia,Janeiro,3.0
2023,Manica,Cidade de Chimoio,Novembro,37.0
2023,Manica,Bárue,Janeiro,4.0
2023,Manica,Cidade de Chimoio,Outubro,37.0
2023,Sofala,Muanza,Setembro,1.0
2023,Sofala,Muanza,Outubro,1.0
2023,Sofala,Muanza,Novembro,1.0
2023,Sofala,Muanza,Dezembro,1.0
2023,Sofala,Nhamatanda,Janeiro,4.0
2023,Sofala,Nhamatanda,Fevereiro,4.0
2023,Sofala,Nhamatanda,Março,4.0
2023,Sofala,Nhamatanda,Abril,4.0
2023,Sofala,Nhamatanda,Maio,4.0
2023,Sofala,Nhamatanda,Junho,4.0
2023,Manica,Guro,Fevereiro,2.0
2023,Sofala,Nhamatanda,Julho,4.0
2023,Sofala,Nhamatanda,Setembro,4.0
2023,Sofala,Nhamatanda,Novembro,4.0
2023,Sofala,Nhamatanda,Dezembro,4.0
2023,Manica,Cidade de Chimoio,Janeiro,36.0
2023,Manica,Cidade de Chimoio,Fevereiro,36.0
2023,Manica,Cidade de Chimoio,Março,36.0
2023,Manica,Cidade de Chimoio,Abril,36.0
2023,Manica,Cidade de Chimoio,Maio,36.0
2023,Manica,Cidade de Chimoio,Junho,37.0
2023,Manica,Cidade de Chimoio,Julho,37.0
2023,Manica,Cidade de Chimoio,Agosto,37.0
2023,Manica,Cidade de Chimoio,Setembro,37.0
2023,Sofala,Nhamatanda,Agosto,4.0
2023,Manica,Gondola,Janeiro,3.0
2023,Manica,Macossa,Agosto,0.0
2023,Manica,Guro,Maio,2.0
2023,Manica,Guro,Abril,2.0
2023,Manica,Macossa,Dezembro,0.0
2023,Manica,Manica,Janeiro,8.0
2023,Manica,Manica,Fevereiro,8.0
2023,Manica,Manica,Março,8.0
2023,Manica,Manica,Abril,8.0
2023,Manica,Manica,Maio,8.0
2023,Manica,Manica,Junho,8.0
2023,Manica,Manica,Julho,8.0
2023,Manica,Manica,Agosto,8.0
2023,Manica,Manica,Setembro,8.0
2023,Manica,Manica,Outubro,8.0
2023,Manica,Manica,Novembro,8.0
2023,Manica,Manica,Dezembro,8.0
2023,Manica,Mossurize,Janeiro,2.0
2023,Manica,Mossurize,Fevereiro,2.0
2023,Manica,Mossurize,Março,2.0
2023,Manica,Mossurize,Abril,2.0
2023,Manica,Mossurize,Maio,2.0
2023,Manica,Mossurize,Junho,2.0
2023,Manica,Mossurize,Julho,2.0
2023,Manica,Mossurize,Agosto,2.0
2023,Manica,Mossurize,Setembro,2.0
2023,Manica,Mossurize,Outubro,2.0
2023,Manica,Mossurize,Novembro,2.0
2023,Manica,Macossa,Novembro,0.0
2023,Manica,Guro,Março,2.0
2023,Manica,Macossa,Setembro,0.0
2023,Manica,Macossa,Junho,0.0
2023,Sofala,Muanza,Agosto,1.0
2023,Manica,Macossa,Julho,0.0
2023,Manica,Guro,Julho,2.0
2023,Manica,Guro,Agosto,2.0
2023,Manica,Guro,Setembro,2.0
2023,Manica,Guro,Outubro,2.0
2023,Manica,Guro,Novembro,2.0
2023,Manica,Guro,Dezembro,2.0
2023,Manica,Machaze,Janeiro,1.0
2023,Manica,Machaze,Fevereiro,1.0
2023,Manica,Machaze,Março,1.0
2023,Manica,Machaze,Abril,1.0
2023,Manica,Machaze,Maio,1.0
2023,Manica,Machaze,Junho,1.0
2023,Manica,Machaze,Julho,1.0
2023,Manica,Machaze,Agosto,1.0
2023,Manica,Machaze,Setembro,1.0
2023,Manica,Machaze,Outubro,1.0
2023,Manica,Machaze,Novembro,1.0
2023,Manica,Machaze,Dezembro,1.0
2023,Manica,Macossa,Janeiro,0.0
2023,Manica,Macossa,Fevereiro,0.0
2023,Manica,Macossa,Março,0.0
2023,Manica,Macossa,Abril,0.0
2023,Manica,Macossa,Maio,0.0
2023,Manica,Guro,Junho,2.0
2023,Sofala,Muanza,Junho,1.0
2023,Sofala,Chemba,Fevereiro,2.0
2023,Sofala,Maringue,Março,1.0
2023,Sofala,Dondo,Julho,11.0
2023,Sofala,Cheringoma,Julho,2.0
2023,Sofala,Cheringoma,Agosto,2.0
2023,Sofala,Cheringoma,Setembro,2.0
2023,Sofala,Cheringoma,Outubro,2.0
2023,Sofala,Cheringoma,Novembro,2.0
2023,Sofala,Cheringoma,Dezembro,2.0
2023,Sofala,Chibabava,Janeiro,4.0
2023,Sofala,Chibabava,Fevereiro,4.0
2023,Sofala,Chibabava,Março,4.0
2023,Sofala,Chibabava,Abril,4.0
2023,Sofala,Chibabava,Maio,4.0
2023,Sofala,Chibabava,Junho,4.0
2023,Sofala,Chibabava,Julho,4.0
2023,Sofala,Chibabava,Agosto,4.0
2023,Sofala,Chibabava,Setembro,4.0
2023,Sofala,Chibabava,Outubro,4.0
2023,Sofala,Chibabava,Novembro,4.0
2023,Sofala,Chibabava,Dezembro,4.0
2023,Sofala,Dondo,Janeiro,13.0
2023,Sofala,Dondo,Fevereiro,13.0
2023,Sofala,Dondo,Março,13.0
2023,Sofala,Dondo,Abril,13.0
2023,Sofala,Dondo,Maio,13.0
2023,Sofala,Dondo,Junho,12.0
2023,Sofala,Cheringoma,Abril,2.0
2023,Sofala,Cheringoma,Maio,2.0
2023,Sofala,Cheringoma,Fevereiro,2.0
2023,Sofala,Dondo,Agosto,11.0
2023,Sofala,Caia,Fevereiro,3.0
2023,Sofala,Caia,Março,3.0
2023,Sofala,Caia,Abril,3.0
2023,Sofala,Caia,Maio,3.0
2023,Sofala,Caia,Junho,3.0
2023,Sofala,Caia,Julho,3.0
2023,Sofala,Caia,Agosto,3.0
2023,Sofala,Caia,Setembro,3.0
2023,Sofala,Caia,Outubro,3.0
2023,Sofala,Caia,Novembro,3.0
2023,Sofala,Caia,Dezembro,3.0
2023,Sofala,Chemba,Janeiro,2.0
2023,Sofala,Chemba,Março,2.0
2023,Tete,Chiuta,Julho,2.0
2023,Sofala,Chemba,Abril,2.0
2023,Sofala,Chemba,Maio,2.0
2023,Sofala,Chemba,Junho,2.0
2023,Sofala,Chemba,Julho,2.0
2023,Sofala,Chemba,Agosto,2.0
2023,Sofala,Chemba,Setembro,2.0
2023,Sofala,Chemba,Outubro,2.0
2023,Sofala,Chemba,Novembro,2.0
2023,Sofala,Chemba,Dezembro,2.0
2023,Sofala,Cheringoma,Janeiro,2.0
2023,Sofala,Cheringoma,Março,2.0
2023,Sofala,Buzi,Dezembro,2.0
2023,Sofala,Cheringoma,Junho,2.0
2023,Sofala,Dondo,Setembro,11.0
2023,Sofala,Maringue,Maio,1.0
2023,Sofala,Maringue,Fevereiro,1.0
2023,Sofala,Maringue,Julho,1.0
2023,Sofala,Maringue,Agosto,1.0
2023,Sofala,Maringue,Setembro,1.0
2023,Sofala,Maringue,Outubro,1.0
2023,Sofala,Maringue,Novembro,1.0
2023,Sofala,Maringue,Dezembro,1.0
2023,Sofala,Marromeu,Janeiro,3.0
2023,Sofala,Marromeu,Fevereiro,3.0
2023,Sofala,Marromeu,Março,3.0
2023,Sofala,Marromeu,Abril,3.0
2023,Sofala,Marromeu,Maio,3.0
2023,Sofala,Marromeu,Junho,3.0
2023,Sofala,Marromeu,Julho,3.0
2023,Sofala,Marromeu,Agosto,3.0
2023,Sofala,Marromeu,Setembro,3.0
2023,Sofala,Marromeu,Outubro,3.0
2023,Sofala,Marromeu,Novembro,3.0
2023,Sofala,Marromeu,Dezembro,3.0
2023,Sofala,Muanza,Janeiro,1.0
2023,Sofala,Muanza,Fevereiro,1.0
2023,Sofala,Muanza,Março,1.0
2023,Sofala,Muanza,Abril,1.0
2023,Sofala,Muanza,Maio,1.0
2023,Sofala,Maringue,Abril,1.0
2023,Sofala,Maringue,Junho,1.0
2023,Sofala,Dondo,Outubro,11.0
2023,Sofala,Maringue,Janeiro,1.0
2023,Sofala,Gorongoza,Dezembro,2.0
2023,Sofala,Dondo,Novembro,11.0
2023,Sofala,Gorongoza,Janeiro,2.0
2023,Sofala,Gorongoza,Fevereiro,2.0
2023,Sofala,Gorongoza,Março,2.0
2023,Sofala,Gorongoza,Abril,2.0
2023,Sofala,Gorongoza,Maio,2.0
2023,Sofala,Gorongoza,Junho,2.0
2023,Sofala,Gorongoza,Julho,2.0
2023,Sofala,Gorongoza,Agosto,2.0
2023,Sofala,Gorongoza,Setembro,2.0
2023,Sofala,Gorongoza,Outubro,2.0
2023,Sofala,Muanza,Julho,1.0
2023,Sofala,Gorongoza,Novembro,2.0
2023,Sofala,Machanga,Janeiro,1.0
2023,Sofala,Machanga,Fevereiro,1.0
2023,Sofala,Machanga,Março,1.0
2023,Sofala,Machanga,Abril,1.0
2023,Sofala,Machanga,Maio,1.0
2023,Sofala,Machanga,Junho,1.0
2023,Sofala,Machanga,Julho,1.0
2023,Sofala,Machanga,Agosto,1.0
2023,Sofala,Machanga,Setembro,1.0
2023,Sofala,Machanga,Outubro,1.0
2023,Sofala,Machanga,Novembro,1.0
2023,Sofala,Machanga,Dezembro,1.0
2023,Sofala,Dondo,Dezembro,11.0
2023,Manica,Macossa,Outubro,0.0
2023,Sofala,Buzi,Novembro,2.0
2023,Manica,Sussundenga,Março,2.0
2023,Tete,Mutarara,Agosto,2.0
2023,Tete,Mutarara,Julho,2.0
2023,Tete,Maravia,Julho,2.0
2023,Tete,Maravia,Agosto,2.0
2023,Tete,Maravia,Setembro,2.0
2023,Tete,Maravia,Outubro,2.0
2023,Tete,Maravia,Novembro,2.0
2023,Tete,Maravia,Dezembro,2.0
2023,Tete,Moatize,Janeiro,11.0
2023,Tete,Moatize,Fevereiro,11.0
2023,Tete,Moatize,Março,11.0
2023,Tete,Moatize,Abril,11.0
2023,Tete,Moatize,Maio,11.0
2023,Tete,Moatize,Junho,11.0
2023,Tete,Moatize,Julho,11.0
2023,Tete,Moatize,Agosto,11.0
2023,Tete,Moatize,Setembro,11.0
2023,Tete,Moatize,Outubro,11.0
2023,Tete,Moatize,Novembro,13.0
2023,Tete,Moatize,Dezembro,13.0
2023,Tete,Mutarara,Janeiro,2.0
2023,Tete,Mutarara,Fevereiro,2.0
2023,Tete,Mutarara,Março,2.0
2023,Tete,Mutarara,Abril,2.0
2023,Tete,Mutarara,Maio,2.0
2023,Tete,Maravia,Abril,2.0
2023,Tete,Mutarara,Junho,2.0
2023,Tete,Macanga,Janeiro,5.0
2023,Tete,Maravia,Janeiro,2.0
2023,Tete,Chiuta,Novembro,2.0
2023,Tete,Maravia,Fevereiro,2.0
2023,Tete,Macanga,Fevereiro,5.0
2023,Tete,Macanga,Março,5.0
2023,Tete,Macanga,Abril,5.0
2023,Tete,Macanga,Maio,5.0
2023,Tete,Macanga,Junho,5.0
2023,Tete,Macanga,Julho,5.0
2023,Tete,Macanga,Agosto,5.0
2023,Tete,Macanga,Setembro,2.0
2023,Tete,Macanga,Outubro,2.0
2023,Tete,Macanga,Novembro,2.0
2023,Tete,Macanga,Dezembro,2.0
2023,Tete,Mágoe,Janeiro,0.0
2023,Tete,Mágoe,Fevereiro,0.0
2023,Tete,Mágoe,Março,0.0
2023,Tete,Mágoe,Abril,0.0
2023,Tete,Mágoe,Maio,0.0
2023,Tete,Mágoe,Junho,0.0
2023,Tete,Mágoe,Julho,0.0
2023,Tete,Mágoe,Agosto,0.0
2023,Tete,Mágoe,Setembro,0.0
2023,Tete,Mágoe,Outubro,0.0
2023,Tete,Mágoe,Novembro,0.0
2023,Tete,Mágoe,Dezembro,0.0
2023,Tete,Maravia,Março,2.0
2023,Tete,Maravia,Maio,2.0
2023,Tete,Chiuta,Dezembro,2.0
2023,Tete,Mutarara,Outubro,2.0
2023,Tete,Mutarara,Setembro,2.0
2023,Tete,Doa,Maio,0.0
2023,Tete,Doa,Junho,0.0
2023,Tete,Doa,Julho,0.0
2023,Tete,Doa,Agosto,0.0
2023,Tete,Doa,Setembro,0.0
2023,Tete,Doa,Outubro,0.0
2023,Tete,Doa,Novembro,0.0
2023,Tete,Doa,Dezembro,0.0
2023,Tete,Marara,Janeiro,0.0
2023,Tete,Marara,Fevereiro,0.0
2023,Tete,Marara,Março,0.0
2023,Tete,Marara,Abril,0.0
2023,Tete,Marara,Maio,0.0
2023,Tete,Marara,Junho,0.0
2023,Tete,Marara,Julho,0.0
2023,Tete,Marara,Agosto,0.0
2023,Tete,Marara,Setembro,0.0
2023,Tete,Marara,Outubro,0.0
2023,Tete,Marara,Novembro,0.0
2023,Tete,Marara,Dezembro,0.0
2023,Zambézia,Cidade de Quelimane,Janeiro,46.0
2023,Zambézia,Cidade de Quelimane,Fevereiro,46.0
2023,Zambézia,Cidade de Quelimane,Março,46.0
2023,Sofala,Buzi,Agosto,2.0
2023,Tete,Doa,Abril,0.0
2023,Tete,Doa,Fevereiro,0.0
2023,Tete,Mutarara,Novembro,2.0
2023,Tete,Doa,Janeiro,0.0
2023,Manica,Sussundenga,Fevereiro,2.0
2023,Tete,Zumbo,Dezembro,1.0
2023,Tete,Mutarara,Dezembro,2.0
2023,Tete,Tsangano,Janeiro,1.0
2023,Tete,Tsangano,Fevereiro,1.0
2023,Tete,Tsangano,Março,1.0
2023,Tete,Tsangano,Abril,1.0
2023,Tete,Tsangano,Maio,1.0
2023,Tete,Tsangano,Junho,1.0
2023,Tete,Tsangano,Julho,1.0
2023,Tete,Tsangano,Agosto,1.0
2023,Tete,Tsangano,Setembro,1.0
2023,Tete,Chiuta,Setembro,2.0
2023,Tete,Tsangano,Outubro,1.0
2023,Tete,Tsangano,Dezembro,1.0
2023,Tete,Zumbo,Janeiro,1.0
2023,Tete,Zumbo,Fevereiro,1.0
2023,Tete,Zumbo,Março,1.0
2023,Tete,Zumbo,Abril,1.0
2023,Tete,Zumbo,Maio,1.0
2023,Tete,Zumbo,Junho,1.0
2023,Tete,Zumbo,Julho,1.0
2023,Tete,Zumbo,Agosto,1.0
2023,Tete,Zumbo,Setembro,1.0
2023,Tete,Zumbo,Outubro,1.0
2023,Tete,Zumbo,Novembro,1.0
2023,Tete,Tsangano,Novembro,1.0
2023,Manica,Sussundenga,Janeiro,2.0
2023,Manica,Macate,Setembro,0.0
2023,Tete,Changara,Junho,2.0
2023,Manica,Macate,Maio,0.0
2023,Manica,Macate,Julho,0.0
2023,Tete,Cidade de Tete,Outubro,55.0
2023,Manica,Macate,Outubro,0.0
2023,Manica,Macate,Novembro,0.0
2023,Manica,Macate,Dezembro,0.0
2023,Manica,Vanduzi,Janeiro,3.0
2023,Manica,Vanduzi,Fevereiro,3.0
2023,Manica,Vanduzi,Março,3.0
2023,Manica,Vanduzi,Abril,3.0
2023,Manica,Vanduzi,Maio,3.0
2023,Manica,Vanduzi,Junho,3.0
2023,Manica,Vanduzi,Julho,3.0
2023,Manica,Vanduzi,Agosto,3.0
2023,Manica,Vanduzi,Setembro,3.0
2023,Manica,Vanduzi,Outubro,3.0
2023,Manica,Vanduzi,Novembro,3.0
2023,Manica,Vanduzi,Dezembro,3.0
2023,Tete,Cidade de Tete,Janeiro,58.0
2023,Tete,Cidade de Tete,Fevereiro,58.0
2023,Tete,Cidade de Tete,Março,58.0
2023,Tete,Cidade de Tete,Abril,56.0
2023,Tete,Cidade de Tete,Maio,55.0
2023,Tete,Cidade de Tete,Junho,55.0
2023,Tete,Cidade de Tete,Julho,54.0
2023,Manica,Sussundenga,Abril,2.0
2023,Tete,Cidade de Tete,Agosto,52.0
2023,Tete,Chiuta,Outubro,2.0
2023,Manica,Macate,Abril,0.0
2023,Gaza,Massingir,Junho,2.0
2023,Manica,Tambara,Maio,1.0
2023,Manica,Sussundenga,Maio,2.0
2023,Manica,Sussundenga,Junho,2.0
2023,Manica,Sussundenga,Julho,2.0
2023,Manica,Sussundenga,Agosto,2.0
2023,Manica,Sussundenga,Setembro,2.0
2023,Manica,Sussundenga,Outubro,2.0
2023,Manica,Sussundenga,Novembro,2.0
2023,Manica,Sussundenga,Dezembro,2.0
2023,Manica,Tambara,Janeiro,1.0
2023,Manica,Tambara,Fevereiro,1.0
2023,Manica,Tambara,Março,1.0
2023,Manica,Tambara,Abril,1.0
2023,Manica,Tambara,Junho,1.0
2023,Tete,Maravia,Junho,2.0
2023,Manica,Tambara,Julho,1.0
2023,Manica,Tambara,Agosto,1.0
2023,Manica,Tambara,Setembro,1.0
2023,Manica,Tambara,Outubro,1.0
2023,Manica,Tambara,Novembro,1.0
2023,Manica,Tambara,Dezembro,1.0
2023,Manica,Macate,Janeiro,0.0
2023,Manica,Macate,Fevereiro,0.0
2023,Manica,Macate,Março,0.0
2023,Manica,Macate,Junho,0.0
2023,Tete,Cidade de Tete,Setembro,50.0
2023,Manica,Macate,Agosto,0.0
2023,Tete,Cidade de Tete,Novembro,52.0
2023,Tete,Changara,Agosto,2.0
2023,Tete,Changara,Maio,2.0
2023,Tete,Changara,Setembro,2.0
2023,Tete,Changara,Outubro,2.0
2023,Tete,Changara,Novembro,2.0
2023,Tete,Changara,Dezembro,2.0
2023,Tete,Chifunde,Janeiro,2.0
2023,Tete,Chifunde,Fevereiro,2.0
2023,Tete,Chifunde,Março,2.0
2023,Tete,Chifunde,Abril,2.0
2023,Tete,Chifunde,Maio,2.0
2023,Tete,Chifunde,Junho,2.0
2023,Tete,Chifunde,Julho,2.0
2023,Tete,Chifunde,Agosto,2.0
2023,Tete,Chifunde,Setembro,2.0
2023,Tete,Chifunde,Outubro,2.0
2023,Tete,Chifunde,Novembro,2.0
2023,Tete,Chifunde,Dezembro,2.0
2023,Tete,Chiuta,Janeiro,2.0
2023,Tete,Chiuta,Fevereiro,2.0
2023,Tete,Chiuta,Março,2.0
2023,Tete,Chiuta,Abril,2.0
2023,Tete,Chiuta,Maio,2.0
2023,Tete,Chiuta,Junho,2.0
2023,Tete,Chiuta,Agosto,2.0
2023,Tete,Changara,Março,2.0
2023,Tete,Angónia,Março,6.0
2023,Sofala,Buzi,Outubro,2.0
2023,Tete,Changara,Abril,2.0
2023,Tete,Angónia,Janeiro,6.0
2023,Tete,Changara,Julho,2.0
2023,Tete,Angónia,Fevereiro,6.0
2023,Tete,Angónia,Abril,6.0
2023,Tete,Angónia,Maio,6.0
2023,Tete,Angónia,Junho,8.0
2023,Tete,Angónia,Julho,8.0
2023,Tete,Angónia,Agosto,7.0
2023,Tete,Angónia,Setembro,7.0
2023,Tete,Angónia,Outubro,7.0
2023,Tete,Angónia,Novembro,7.0
2023,Tete,Angónia,Dezembro,7.0
2023,Tete,Cidade de Tete,Dezembro,47.0
2023,Tete,Cahora-Bassa,Janeiro,5.0
2023,Tete,Cahora-Bassa,Março,5.0
2023,Tete,Cahora-Bassa,Abril,5.0
2023,Tete,Cahora-Bassa,Maio,5.0
2023,Tete,Cahora-Bassa,Junho,5.0
2023,Tete,Cahora-Bassa,Julho,5.0
2023,Tete,Cahora-Bassa,Agosto,5.0
2023,Tete,Cahora-Bassa,Setembro,5.0
2023,Tete,Cahora-Bassa,Outubro,5.0
2023,Tete,Cahora-Bassa,Novembro,5.0
2023,Tete,Cahora-Bassa,Dezembro,5.0
2023,Tete,Changara,Janeiro,2.0
2023,Tete,Changara,Fevereiro,2.0
2023,Tete,Cahora-Bassa,Fevereiro,5.0
2023,Manica,Bárue,Outubro,4.0
2023,Inhambane,Mabote,Setembro,2.0
2023,Inhambane,Morrumbene,Dezembro,5.0
2023,Gaza,Chókwè,Agosto,13.0
2023,Gaza,Chicualacuala,Fevereiro,2.0
2023,Zambézia,Cidade de Quelimane,Abril,46.0
2023,Gaza,Chicualacuala,Julho,2.0
2023,Gaza,Chicualacuala,Agosto,2.0
2023,Gaza,Chicualacuala,Setembro,2.0
2023,Gaza,Chicualacuala,Outubro,2.0
2023,Gaza,Chicualacuala,Novembro,2.0
2023,Gaza,Chicualacuala,Dezembro,2.0
2023,Gaza,Chigubo,Janeiro,1.0
2023,Gaza,Chigubo,Fevereiro,1.0
2023,Gaza,Chigubo,Março,1.0
2023,Gaza,Chigubo,Abril,1.0
2023,Gaza,Chigubo,Maio,0.0
2023,Gaza,Chigubo,Junho,1.0
2023,Gaza,Chigubo,Julho,1.0
2023,Gaza,Chigubo,Agosto,1.0
2023,Gaza,Chigubo,Setembro,1.0
2023,Gaza,Chigubo,Outubro,1.0
2023,Gaza,Chigubo,Novembro,1.0
2023,Gaza,Chigubo,Dezembro,1.0
2023,Gaza,Chókwè,Janeiro,13.0
2023,Gaza,Chókwè,Fevereiro,13.0
2023,Gaza,Chókwè,Março,13.0
2023,Gaza,Chókwè,Abril,13.0
2023,Gaza,Chibuto,Dezembro,5.0
2023,Gaza,Chicualacuala,Março,2.0
2023,Gaza,Cidade de Xai-Xai,Dezembro,34.0
2023,Gaza,Chicualacuala,Janeiro,2.0
2023,Gaza,Cidade de Xai-Xai,Julho,35.0
2023,Gaza,Cidade de Xai-Xai,Novembro,34.0
2023,Gaza,Bilene-Macia,Janeiro,13.0
2023,Gaza,Bilene-Macia,Fevereiro,13.0
2023,Gaza,Bilene-Macia,Março,13.0
2023,Gaza,Bilene-Macia,Abril,13.0
2023,Gaza,Bilene-Macia,Maio,13.0
2023,Gaza,Bilene-Macia,Junho,13.0
2023,Gaza,Bilene-Macia,Julho,13.0
2023,Gaza,Bilene-Macia,Agosto,12.0
2023,Gaza,Bilene-Macia,Setembro,13.0
2023,Gaza,Bilene-Macia,Outubro,13.0
2023,Gaza,Bilene-Macia,Novembro,13.0
2023,Gaza,Bilene-Macia,Dezembro,13.0
2023,Gaza,Chibuto,Janeiro,5.0
2023,Gaza,Chibuto,Fevereiro,5.0
2023,Gaza,Chibuto,Março,5.0
2023,Gaza,Chibuto,Abril,5.0
2023,Gaza,Chibuto,Maio,5.0
2023,Gaza,Chibuto,Junho,5.0
2023,Gaza,Chibuto,Julho,5.0
2023,Gaza,Chibuto,Agosto,5.0
2023,Gaza,Chibuto,Setembro,5.0
2023,Gaza,Chibuto,Outubro,5.0
2023,Gaza,Chibuto,Novembro,5.0
2023,Gaza,Cidade de Xai-Xai,Outubro,34.0
2023,Gaza,Chicualacuala,Junho,2.0
2023,Gaza,Chókwè,Maio,13.0
2023,Gaza,Manjacaze,Fevereiro,5.0
2023,Gaza,Manjacaze,Março,5.0
2023,Gaza,Mabalane,Dezembro,2.0
2023,Gaza,Manjacaze,Abril,5.0
2023,Gaza,Manjacaze,Maio,5.0
2023,Gaza,Manjacaze,Junho,5.0
2023,Gaza,Manjacaze,Julho,5.0
2023,Gaza,Manjacaze,Agosto,5.0
2023,Gaza,Manjacaze,Setembro,5.0
2023,Gaza,Manjacaze,Outubro,5.0
2023,Gaza,Manjacaze,Novembro,5.0
2023,Gaza,Manjacaze,Dezembro,5.0
2023,Gaza,Massangena,Janeiro,0.0
2023,Gaza,Massangena,Fevereiro,0.0
2023,Gaza,Massangena,Março,0.0
2023,Gaza,Massangena,Abril,0.0
2023,Gaza,Massangena,Maio,0.0
2023,Gaza,Massangena,Junho,0.0
2023,Gaza,Massangena,Julho,0.0
2023,Gaza,Massangena,Agosto,0.0
2023,Gaza,Massangena,Setembro,0.0
2023,Gaza,Massangena,Outubro,0.0
2023,Gaza,Massangena,Novembro,0.0
2023,Gaza,Massangena,Dezembro,0.0
2023,Gaza,Massingir,Janeiro,2.0
2023,Gaza,Massingir,Fevereiro,2.0
2023,Gaza,Mabalane,Outubro,2.0
2023,Gaza,Chókwè,Junho,13.0
2023,Gaza,Chókwè,Outubro,13.0
2023,Gaza,Mabalane,Novembro,2.0
2023,Gaza,Cidade de Xai-Xai,Agosto,34.0
2023,Gaza,Chókwè,Setembro,13.0
2023,Gaza,Chókwè,Novembro,13.0
2023,Gaza,Chókwè,Dezembro,13.0
2023,Gaza,Guijá,Janeiro,1.0
2023,Gaza,Guijá,Fevereiro,1.0
2023,Gaza,Guijá,Março,1.0
2023,Gaza,Guijá,Abril,1.0
2023,Gaza,Guijá,Maio,1.0
2023,Gaza,Guijá,Junho,1.0
2023,Gaza,Guijá,Julho,1.0
2023,Gaza,Guijá,Agosto,1.0
2023,Gaza,Guijá,Setembro,1.0
2023,Gaza,Guijá,Outubro,1.0
2023,Gaza,Guijá,Novembro,1.0
2023,Gaza,Guijá,Dezembro,1.0
2023,Gaza,Mabalane,Janeiro,2.0
2023,Gaza,Mabalane,Fevereiro,2.0
2023,Gaza,Mabalane,Março,2.0
2023,Gaza,Mabalane,Abril,2.0
2023,Gaza,Mabalane,Maio,2.0
2023,Gaza,Mabalane,Junho,2.0
2023,Gaza,Mabalane,Julho,2.0
2023,Gaza,Mabalane,Agosto,2.0
2023,Gaza,Mabalane,Setembro,2.0
2023,Gaza,Cidade de Xai-Xai,Setembro,34.0
2023,Província de Maputo,Boane,Agosto,19.0
2023,Província de Maputo,Namaacha,Fevereiro,2.0
2023,Província de Maputo,Namaacha,Abril,2.0
2023,Província de Maputo,Cidade de Maputo,Fevereiro,464.0
2023,Província de Maputo,Magude,Setembro,2.0
2023,Província de Maputo,Boane,Setembro,19.0
2023,Província de Maputo,Namaacha,Junho,2.0
2023,Província de Maputo,Boane,Novembro,19.0
2023,Província de Maputo,Boane,Dezembro,19.0
2023,Província de Maputo,Magude,Janeiro,2.0
2023,Província de Maputo,Magude,Fevereiro,2.0
2023,Província de Maputo,Magude,Março,2.0
2023,Província de Maputo,Magude,Abril,2.0
2023,Província de Maputo,Magude,Maio,2.0
2023,Província de Maputo,Magude,Junho,2.0
2023,Província de Maputo,Magude,Julho,2.0
2023,Província de Maputo,Magude,Agosto,2.0
2023,Província de Maputo,Magude,Outubro,2.0
2023,Província de Maputo,Boane,Março,19.0
2023,Província de Maputo,Magude,Novembro,2.0
2023,Província de Maputo,Magude,Dezembro,2.0
2023,Província de Maputo,Manhiça,Janeiro,16.0
2023,Província de Maputo,Manhiça,Fevereiro,16.0
2023,Província de Maputo,Manhiça,Março,16.0
2023,Província de Maputo,Manhiça,Abril,16.0
2023,Província de Maputo,Manhiça,Maio,16.0
2023,Província de Maputo,Manhiça,Junho,15.0
2023,Província de Maputo,Manhiça,Julho,16.0
2023,Província de Maputo,Boane,Outubro,19.0
2023,Província de Maputo,Boane,Junho,19.0
2023,Província de Maputo,Cidade de Maputo,Abril,454.0
2023,Província de Maputo,Boane,Abril,19.0
2023,Tete,Doa,Março,0.0
2023,Província de Maputo,Cidade de Maputo,Setembro,442.0
2023,Província de Maputo,Cidade da Matola,Fevereiro,137.0
2023,Província de Maputo,Cidade da Matola,Janeiro,138.0
2023,Província de Maputo,Cidade de Maputo,Dezembro,439.0
2023,Província de Maputo,Cidade de Maputo,Novembro,444.0
2023,Província de Maputo,Cidade de Maputo,Outubro,446.0
2023,Província de Maputo,Manhiça,Outubro,16.0
2023,Província de Maputo,Cidade de Maputo,Agosto,439.0
2023,Província de Maputo,Cidade de Maputo,Julho,449.0
2023,Província de Maputo,Cidade de Maputo,Junho,453.0
2023,Província de Maputo,Cidade de Maputo,Maio,456.0
2023,Província de Maputo,Cidade da Matola,Abril,133.0
2023,Província de Maputo,Cidade da Matola,Março,133.0
2023,Província de Maputo,Cidade da Matola,Setembro,138.0
2023,Província de Maputo,Cidade da Matola,Maio,133.0
2023,Província de Maputo,Cidade da Matola,Junho,139.0
2023,Província de Maputo,Cidade da Matola,Julho,138.0
2023,Província de Maputo,Cidade da Matola,Agosto,134.0
2023,Província de Maputo,Cidade de Maputo,Março,462.0
2023,Província de Maputo,Cidade da Matola,Outubro,138.0
2023,Província de Maputo,Cidade da Matola,Novembro,137.0
2023,Província de Maputo,Cidade da Matola,Dezembro,132.0
2023,Província de Maputo,Boane,Janeiro,19.0
2023,Província de Maputo,Boane,Fevereiro,19.0
2023,Província de Maputo,Manhiça,Setembro,16.0
2023,Província de Maputo,Manhiça,Agosto,15.0
2023,Província de Maputo,Boane,Maio,19.0
2023,Província de Maputo,Manhiça,Novembro,16.0
2023,Província de Maputo,Namaacha,Agosto,2.0
2023,Província de Maputo,Manhiça,Dezembro,16.0
2023,Província de Maputo,Namaacha,Setembro,2.0
2023,Província de Maputo,Namaacha,Outubro,2.0
2023,Província de Maputo,Namaacha,Novembro,2.0
2023,Província de Maputo,Namaacha,Dezembro,2.0
2023,Província de Maputo,Moamba,Janeiro,10.0
2023,Província de Maputo,Moamba,Fevereiro,10.0
2023,Província de Maputo,Moamba,Março,10.0
2023,Província de Maputo,Moamba,Abril,10.0
2023,Província de Maputo,Moamba,Maio,10.0
2023,Província de Maputo,Moamba,Junho,10.0
2023,Província de Maputo,Moamba,Julho,10.0
2023,Província de Maputo,Moamba,Agosto,10.0
2023,Província de Maputo,Moamba,Setembro,10.0
2023,Província de Maputo,Moamba,Outubro,10.0
2023,Província de Maputo,Moamba,Novembro,10.0
2023,Província de Maputo,Moamba,Dezembro,10.0
2023,Gaza,Cidade de Xai-Xai,Janeiro,33.0
2023,Gaza,Cidade de Xai-Xai,Fevereiro,33.0
2023,Gaza,Cidade de Xai-Xai,Março,33.0
2023,Gaza,Cidade de Xai-Xai,Abril,33.0
2023,Gaza,Cidade de Xai-Xai,Maio,33.0
2023,Gaza,Cidade de Xai-Xai,Junho,31.0
2023,Província de Maputo,Namaacha,Maio,2.0
2023,Província de Maputo,Marracuene,Janeiro,11.0
2023,Província de Maputo,Marracuene,Março,11.0
2023,Província de Maputo,Boane,Julho,19.0
2023,Sofala,Buzi,Setembro,2.0
2023,Província de Maputo,Namaacha,Março,2.0
2023,Província de Maputo,Namaacha,Julho,2.0
2023,Província de Maputo,Marracuene,Fevereiro,11.0
2023,Província de Maputo,Marracuene,Abril,11.0
2023,Província de Maputo,Marracuene,Maio,11.0
2023,Província de Maputo,Marracuene,Junho,13.0
2023,Província de Maputo,Marracuene,Julho,13.0
2023,Província de Maputo,Marracuene,Agosto,11.0
2023,Província de Maputo,Marracuene,Setembro,11.0
2023,Província de Maputo,Marracuene,Outubro,11.0
2023,Província de Maputo,Marracuene,Novembro,10.0
2023,Gaza,Massingir,Março,2.0
2023,Gaza,Manjacaze,Janeiro,5.0
2023,Província de Maputo,Marracuene,Dezembro,10.0
2023,Província de Maputo,Matutuíne,Março,3.0
2023,Província de Maputo,Matutuíne,Abril,3.0
2023,Província de Maputo,Matutuíne,Maio,3.0
2023,Província de Maputo,Matutuíne,Junho,3.0
2023,Província de Maputo,Matutuíne,Julho,3.0
2023,Província de Maputo,Matutuíne,Agosto,3.0
2023,Província de Maputo,Matutuíne,Setembro,3.0
2023,Província de Maputo,Matutuíne,Outubro,3.0
2023,Província de Maputo,Matutuíne,Novembro,3.0
2023,Província de Maputo,Matutuíne,Dezembro,3.0
2023,Província de Maputo,Namaacha,Janeiro,2.0
2023,Província de Maputo,Matutuíne,Janeiro,3.0
2023,Província de Maputo,Matutuíne,Fevereiro,3.0
2023,Gaza,Chicualacuala,Maio,2.0
2023,Gaza,Chókwè,Julho,13.0
2023,Zambézia,Cidade de Quelimane,Maio,46.0
2023,Inhambane,Mabote,Julho,2.0
2023,Inhambane,Mabote,Novembro,2.0
2023,Inhambane,Mabote,Dezembro,2.0
2023,Inhambane,Massinga,Janeiro,7.0
2023,Inhambane,Massinga,Fevereiro,7.0
2023,Inhambane,Massinga,Março,7.0
2023,Inhambane,Massinga,Abril,7.0
2023,Inhambane,Massinga,Maio,7.0
2023,Inhambane,Massinga,Junho,7.0
2023,Inhambane,Massinga,Julho,7.0
2023,Inhambane,Massinga,Agosto,7.0
2023,Inhambane,Massinga,Setembro,7.0
2023,Inhambane,Massinga,Outubro,7.0
2023,Inhambane,Massinga,Novembro,7.0
2023,Inhambane,Massinga,Dezembro,5.0
2023,Inhambane,Morrumbene,Janeiro,5.0
2023,Inhambane,Morrumbene,Fevereiro,5.0
2023,Inhambane,Morrumbene,Março,5.0
2023,Inhambane,Morrumbene,Abril,5.0
2023,Inhambane,Morrumbene,Maio,5.0
2023,Inhambane,Morrumbene,Junho,5.0
2023,Inhambane,Morrumbene,Julho,5.0
2023,Inhambane,Morrumbene,Agosto,5.0
2023,Inhambane,Morrumbene,Setembro,5.0
2023,Inhambane,Mabote,Agosto,2.0
2023,Inhambane,Panda,Janeiro,1.0
2023,Inhambane,Morrumbene,Outubro,5.0
2023,Inhambane,Mabote,Maio,2.0
2023,Inhambane,Inhassoro,Março,5.0
2023,Inhambane,Inhassoro,Abril,5.0
2023,Inhambane,Inhassoro,Junho,5.0
2023,Inhambane,Inhassoro,Julho,5.0
2023,Inhambane,Inhassoro,Agosto,5.0
2023,Inhambane,Inhassoro,Setembro,5.0
2023,Inhambane,Inhassoro,Outubro,5.0
2023,Inhambane,Inhassoro,Novembro,5.0
2023,Inhambane,Inhassoro,Dezembro,5.0
2023,Inhambane,Jangamo,Janeiro,2.0
2023,Inhambane,Jangamo,Fevereiro,2.0
2023,Inhambane,Jangamo,Março,2.0
2023,Inhambane,Jangamo,Abril,2.0
2023,Inhambane,Jangamo,Maio,2.0
2023,Inhambane,Jangamo,Junho,2.0
2023,Inhambane,Jangamo,Julho,2.0
2023,Inhambane,Jangamo,Agosto,2.0
2023,Inhambane,Jangamo,Setembro,2.0
2023,Inhambane,Jangamo,Outubro,2.0
2023,Inhambane,Jangamo,Novembro,2.0
2023,Inhambane,Jangamo,Dezembro,2.0
2023,Inhambane,Mabote,Janeiro,2.0
2023,Inhambane,Mabote,Fevereiro,2.0
2023,Inhambane,Mabote,Março,2.0
2023,Inhambane,Mabote,Abril,2.0
2023,Inhambane,Mabote,Junho,2.0
2023,Inhambane,Inhassoro,Maio,5.0
2023,Inhambane,Inharrime,Dezembro,5.0
2023,Inhambane,Morrumbene,Novembro,5.0
2023,Inhambane,Inhassoro,Janeiro,5.0
2023,Inhambane,Zavala (Quissico),Maio,4.0
2023,Inhambane,Zavala (Quissico),Setembro,4.0
2023,Inhambane,Zavala (Quissico),Outubro,4.0
2023,Inhambane,Zavala (Quissico),Novembro,4.0
2023,Inhambane,Zavala (Quissico),Dezembro,4.0
2023,Sofala,Cidade da Beira,Janeiro,96.0
2023,Sofala,Cidade da Beira,Fevereiro,96.0
2023,Sofala,Cidade da Beira,Março,96.0
2023,Sofala,Cidade da Beira,Abril,95.0
2023,Sofala,Cidade da Beira,Maio,94.0
2023,Sofala,Cidade da Beira,Junho,91.0
2023,Sofala,Cidade da Beira,Julho,91.0
2023,Sofala,Cidade da Beira,Agosto,87.0
2023,Sofala,Cidade da Beira,Setembro,88.0
2023,Sofala,Cidade da Beira,Outubro,88.0
2023,Sofala,Cidade da Beira,Novembro,88.0
2023,Sofala,Cidade da Beira,Dezembro,85.0
2023,Sofala,Buzi,Janeiro,2.0
2023,Sofala,Buzi,Fevereiro,2.0
2023,Sofala,Buzi,Março,2.0
2023,Sofala,Buzi,Abril,2.0
2023,Sofala,Buzi,Maio,2.0
2023,Sofala,Buzi,Junho,2.0
2023,Sofala,Buzi,Julho,2.0
2023,Inhambane,Zavala (Quissico),Junho,4.0
2023,Inhambane,Zavala (Quissico),Agosto,4.0
2023,Inhambane,Zavala (Quissico),Julho,4.0
2023,Inhambane,Zavala (Quissico),Março,4.0
2023,Inhambane,Inhassoro,Fevereiro,5.0
2023,Inhambane,Panda,Fevereiro,1.0
2023,Inhambane,Panda,Abril,1.0
2023,Inhambane,Panda,Maio,1.0
2023,Inhambane,Panda,Junho,1.0
2023,Inhambane,Panda,Julho,1.0
2023,Inhambane,Panda,Agosto,1.0
2023,Inhambane,Panda,Setembro,1.0
2023,Inhambane,Panda,Outubro,1.0
2023,Inhambane,Panda,Novembro,1.0
2023,Inhambane,Panda,Dezembro,1.0
2023,Inhambane,Vilankulo,Janeiro,8.0
2023,Inhambane,Vilankulo,Fevereiro,8.0
2023,Inhambane,Vilankulo,Março,8.0
2023,Inhambane,Vilankulo,Abril,8.0
2023,Inhambane,Vilankulo,Maio,8.0
2023,Inhambane,Vilankulo,Junho,8.0
2023,Inhambane,Vilankulo,Julho,9.0
2023,Inhambane,Vilankulo,Agosto,8.0
2023,Inhambane,Vilankulo,Setembro,8.0
2023,Inhambane,Vilankulo,Outubro,8.0
2023,Inhambane,Vilankulo,Novembro,8.0
2023,Inhambane,Vilankulo,Dezembro,8.0
2023,Inhambane,Zavala (Quissico),Janeiro,4.0
2023,Inhambane,Zavala (Quissico),Fevereiro,4.0
2023,Inhambane,Zavala (Quissico),Abril,4.0
2023,Inhambane,Panda,Março,1.0
2023,Gaza,Mapai,Dezembro,1.0
2023,Gaza,Limpopo,Janeiro,0.0
2023,Inhambane,Govuro,Agosto,2.0
2023,Gaza,Mapai,Agosto,1.0
2023,Gaza,Mapai,Outubro,1.0
2023,Gaza,Limpopo,Fevereiro,0.0
2023,Gaza,Limpopo,Março,0.0
2023,Gaza,Limpopo,Abril,0.0
2023,Gaza,Limpopo,Maio,0.0
2023,Gaza,Limpopo,Junho,0.0
2023,Gaza,Limpopo,Julho,0.0
2023,Gaza,Limpopo,Agosto,0.0
2023,Gaza,Limpopo,Setembro,0.0
2023,Gaza,Limpopo,Outubro,0.0
2023,Gaza,Limpopo,Novembro,0.0
2023,Gaza,Limpopo,Dezembro,0.0
2023,Inhambane,Cidade de Inhambane,Janeiro,18.0
2023,Inhambane,Cidade de Inhambane,Fevereiro,18.0
2023,Inhambane,Cidade de Inhambane,Março,18.0
2023,Inhambane,Cidade de Inhambane,Abril,18.0
2023,Inhambane,Cidade de Inhambane,Maio,18.0
2023,Inhambane,Cidade de Inhambane,Junho,18.0
2023,Inhambane,Cidade de Inhambane,Julho,19.0
2023,Inhambane,Cidade de Inhambane,Agosto,19.0
2023,Inhambane,Cidade de Inhambane,Setembro,19.0
2023,Inhambane,Cidade de Inhambane,Outubro,19.0
2023,Inhambane,Cidade de Inhambane,Novembro,19.0
2023,Inhambane,Cidade de Inhambane,Dezembro,19.0
2023,Gaza,Massingir,Julho,2.0
2023,Gaza,Mapai,Novembro,1.0
2023,Gaza,Massingir,Agosto,2.0
2023,Inhambane,Cidade de Maxixe,Fevereiro,19.0
2023,Gaza,Chonguene,Setembro,0.0
2023,Gaza,Massingir,Setembro,2.0
2023,Gaza,Massingir,Outubro,2.0
2023,Gaza,Massingir,Novembro,2.0
2023,Gaza,Massingir,Dezembro,2.0
2023,Gaza,Chonguene,Janeiro,2.0
2023,Gaza,Chonguene,Fevereiro,2.0
2023,Gaza,Chonguene,Março,2.0
2023,Gaza,Chonguene,Abril,2.0
2023,Gaza,Chonguene,Maio,2.0
2023,Gaza,Chonguene,Junho,4.0
2023,Gaza,Chonguene,Julho,0.0
2023,Gaza,Chonguene,Agosto,0.0
2023,Gaza,Chonguene,Outubro,0.0
2023,Inhambane,Mabote,Outubro,2.0
2023,Gaza,Chonguene,Novembro,0.0
2023,Gaza,Chonguene,Dezembro,0.0
2023,Gaza,Mapai,Janeiro,1.0
2023,Gaza,Mapai,Fevereiro,1.0
2023,Gaza,Mapai,Março,1.0
2023,Gaza,Mapai,Abril,1.0
2023,Gaza,Mapai,Maio,0.0
2023,Gaza,Mapai,Junho,1.0
2023,Gaza,Mapai,Julho,1.0
2023,Gaza,Mapai,Setembro,1.0
2023,Inhambane,Cidade de Maxixe,Março,19.0
2023,Inhambane,Cidade de Maxixe,Janeiro,19.0
2023,Inhambane,Cidade de Maxixe,Abril,19.0
2023,Inhambane,Govuro,Novembro,2.0
2023,Inhambane,Govuro,Julho,2.0
2023,Inhambane,Homoine,Fevereiro,2.0
2023,Inhambane,Homoine,Março,2.0
2023,Inhambane,Homoine,Abril,2.0
2023,Inhambane,Homoine,Maio,2.0
2023,Inhambane,Homoine,Junho,2.0
2023,Inhambane,Homoine,Julho,2.0
2023,Inhambane,Homoine,Agosto,2.0
2023,Inhambane,Homoine,Setembro,2.0
2023,Inhambane,Homoine,Outubro,2.0
2023,Inhambane,Homoine,Novembro,2.0
2023,Inhambane,Homoine,Dezembro,2.0
2023,Inhambane,Inharrime,Janeiro,5.0
2023,Inhambane,Inharrime,Fevereiro,5.0
2023,Inhambane,Inharrime,Março,5.0
2023,Inhambane,Inharrime,Abril,5.0
2023,Inhambane,Inharrime,Maio,5.0
2023,Inhambane,Inharrime,Junho,5.0
2023,Inhambane,Inharrime,Julho,5.0
2023,Inhambane,Inharrime,Agosto,5.0
2023,Inhambane,Inharrime,Setembro,5.0
2023,Inhambane,Inharrime,Outubro,5.0
2023,Inhambane,Inharrime,Novembro,5.0
2023,Inhambane,Govuro,Outubro,2.0
2023,Inhambane,Govuro,Setembro,2.0
2023,Inhambane,Homoine,Janeiro,2.0
2023,Inhambane,Cidade de Maxixe,Maio,19.0
2023,Inhambane,Cidade de Maxixe,Julho,19.0
2023,Gaza,Chicualacuala,Abril,2.0
2023,Inhambane,Govuro,Dezembro,2.0
2023,Inhambane,Cidade de Maxixe,Junho,19.0
2023,Inhambane,Cidade de Maxixe,Agosto,19.0
2023,Inhambane,Cidade de Maxixe,Setembro,19.0
2023,Inhambane,Cidade de Maxixe,Outubro,19.0
2023,Inhambane,Cidade de Maxixe,Novembro,19.0
2023,Inhambane,Cidade de Maxixe,Dezembro,17.0
2023,Inhambane,Funhaloro,Janeiro,2.0
2023,Inhambane,Funhaloro,Fevereiro,2.0
2023,Inhambane,Funhaloro,Março,2.0
2023,Inhambane,Funhaloro,Abril,2.0
2023,Gaza,Massingir,Maio,2.0
2023,Gaza,Massingir,Abril,2.0
2023,Inhambane,Funhaloro,Maio,2.0
2023,Inhambane,Funhaloro,Agosto,2.0
2023,Inhambane,Funhaloro,Setembro,2.0
2023,Inhambane,Funhaloro,Outubro,2.0
2023,Inhambane,Funhaloro,Novembro,2.0
2023,Inhambane,Funhaloro,Dezembro,2.0
2023,Inhambane,Govuro,Janeiro,2.0
2023,Inhambane,Govuro,Fevereiro,2.0
2023,Inhambane,Govuro,Março,2.0
2023,Inhambane,Govuro,Abril,2.0
2023,Inhambane,Govuro,Maio,2.0
2023,Inhambane,Govuro,Junho,2.0
2023,Inhambane,Funhaloro,Junho,2.0
2023,Inhambane,Funhaloro,Julho,2.0
2023,Zambézia,Mulevala,Setembro,0.0
2023,Nampula,Nacaroa,Abril,1.0
2023,Cabo Delgado,Mecufi,Julho,1.0
2023,Cabo Delgado,Mocimboa da Praia,Novembro,1.0
2023,Cabo Delgado,Mecufi,Maio,1.0
2023,Província de Maputo,Cidade de Maputo,Janeiro,465.0
2023,Cabo Delgado,Mecufi,Outubro,1.0
2023,Cabo Delgado,Mecufi,Novembro,1.0
2023,Cabo Delgado,Mecufi,Dezembro,1.0
2023,Cabo Delgado,Meluco,Janeiro,0.0
2023,Cabo Delgado,Meluco,Fevereiro,0.0
2023,Cabo Delgado,Meluco,Março,0.0
2023,Cabo Delgado,Meluco,Abril,0.0
2023,Cabo Delgado,Meluco,Maio,0.0
2023,Cabo Delgado,Meluco,Junho,0.0
2023,Cabo Delgado,Meluco,Julho,0.0
2023,Cabo Delgado,Meluco,Agosto,0.0
2023,Cabo Delgado,Meluco,Setembro,0.0
2023,Cabo Delgado,Meluco,Outubro,0.0
2023,Cabo Delgado,Meluco,Novembro,0.0
2023,Cabo Delgado,Meluco,Dezembro,0.0
2023,Cabo Delgado,Mocimboa da Praia,Janeiro,0.0
2023,Cabo Delgado,Mocimboa da Praia,Fevereiro,0.0
2023,Cabo Delgado,Mocimboa da Praia,Março,0.0
2023,Cabo Delgado,Mocimboa da Praia,Abril,0.0
2023,Cabo Delgado,Mocimboa da Praia,Maio,0.0
2023,Cabo Delgado,Mocimboa da Praia,Junho,0.0
2023,Cabo Delgado,Mocimboa da Praia,Julho,0.0
2023,Cabo Delgado,Mecufi,Março,1.0
2023,Cabo Delgado,Mecufi,Junho,1.0
2023,Cabo Delgado,Ibo,Março,0.0
2023,Cabo Delgado,Mecufi,Abril,1.0
2023,Cabo Delgado,Chiúre,Outubro,4.0
2023,Cabo Delgado,Ibo,Fevereiro,0.0
2023,Cabo Delgado,Ibo,Abril,0.0
2023,Cabo Delgado,Ibo,Maio,0.0
2023,Cabo Delgado,Ibo,Junho,0.0
2023,Cabo Delgado,Ibo,Julho,0.0
2023,Cabo Delgado,Ibo,Agosto,0.0
2023,Cabo Delgado,Ibo,Setembro,0.0
2023,Cabo Delgado,Ibo,Outubro,0.0
2023,Cabo Delgado,Ibo,Novembro,0.0
2023,Cabo Delgado,Ibo,Dezembro,0.0
2023,Cabo Delgado,Macomia,Janeiro,0.0
2023,Cabo Delgado,Macomia,Fevereiro,0.0
2023,Cabo Delgado,Macomia,Março,0.0
2023,Cabo Delgado,Macomia,Abril,0.0
2023,Cabo Delgado,Macomia,Maio,0.0
2023,Cabo Delgado,Macomia,Junho,0.0
2023,Cabo Delgado,Macomia,Julho,0.0
2023,Cabo Delgado,Macomia,Agosto,0.0
2023,Cabo Delgado,Macomia,Setembro,0.0
2023,Cabo Delgado,Macomia,Outubro,0.0
2023,Cabo Delgado,Macomia,Novembro,0.0
2023,Cabo Delgado,Macomia,Dezembro,0.0
2023,Cabo Delgado,Mecufi,Janeiro,1.0
2023,Cabo Delgado,Mecufi,Fevereiro,1.0
2023,Cabo Delgado,Ibo,Janeiro,0.0
2023,Nampula,Rapale-Nampula,Novembro,0.0
2023,Cabo Delgado,Mocimboa da Praia,Agosto,0.0
2023,Cabo Delgado,Muidumbe,Maio,0.0
2023,Cabo Delgado,Muidumbe,Junho,0.0
2023,Cabo Delgado,Muidumbe,Março,0.0
2023,Cabo Delgado,Muidumbe,Julho,0.0
2023,Cabo Delgado,Muidumbe,Agosto,0.0
2023,Cabo Delgado,Muidumbe,Setembro,0.0
2023,Cabo Delgado,Muidumbe,Outubro,0.0
2023,Cabo Delgado,Muidumbe,Novembro,0.0
2023,Cabo Delgado,Muidumbe,Dezembro,0.0
2023,Cabo Delgado,Namuno,Janeiro,2.0
2023,Cabo Delgado,Namuno,Fevereiro,2.0
2023,Cabo Delgado,Namuno,Março,2.0
2023,Cabo Delgado,Namuno,Abril,2.0
2023,Cabo Delgado,Namuno,Maio,2.0
2023,Cabo Delgado,Namuno,Junho,2.0
2023,Cabo Delgado,Namuno,Julho,2.0
2023,Cabo Delgado,Namuno,Agosto,2.0
2023,Cabo Delgado,Namuno,Setembro,2.0
2023,Cabo Delgado,Namuno,Outubro,2.0
2023,Cabo Delgado,Namuno,Novembro,2.0
2023,Cabo Delgado,Namuno,Dezembro,2.0
2023,Cabo Delgado,Nangade,Janeiro,0.0
2023,Cabo Delgado,Nangade,Fevereiro,0.0
2023,Cabo Delgado,Nangade,Março,0.0
2023,Cabo Delgado,Nangade,Abril,0.0
2023,Cabo Delgado,Nangade,Maio,0.0
2023,Cabo Delgado,Muidumbe,Janeiro,0.0
2023,Cabo Delgado,Mocimboa da Praia,Setembro,0.0
2023,Cabo Delgado,Montepuez,Janeiro,10.0
2023,Cabo Delgado,Muidumbe,Fevereiro,0.0
2023,Cabo Delgado,Chiúre,Dezembro,4.0
2023,Cabo Delgado,Mocimboa da Praia,Dezembro,1.0
2023,Cabo Delgado,Montepuez,Fevereiro,10.0
2023,Cabo Delgado,Montepuez,Março,10.0
2023,Cabo Delgado,Montepuez,Abril,10.0
2023,Cabo Delgado,Montepuez,Maio,9.0
2023,Cabo Delgado,Montepuez,Junho,9.0
2023,Cabo Delgado,Montepuez,Julho,9.0
2023,Cabo Delgado,Montepuez,Agosto,9.0
2023,Cabo Delgado,Montepuez,Setembro,9.0
2023,Cabo Delgado,Montepuez,Outubro,9.0
2023,Cabo Delgado,Montepuez,Novembro,9.0
2023,Cabo Delgado,Montepuez,Dezembro,9.0
2023,Cabo Delgado,Mueda,Janeiro,7.0
2023,Cabo Delgado,Mueda,Fevereiro,7.0
2023,Cabo Delgado,Mueda,Março,7.0
2023,Cabo Delgado,Mueda,Abril,7.0
2023,Cabo Delgado,Mueda,Maio,7.0
2023,Cabo Delgado,Mueda,Junho,6.0
2023,Cabo Delgado,Mueda,Julho,6.0
2023,Cabo Delgado,Mueda,Agosto,6.0
2023,Cabo Delgado,Mueda,Setembro,6.0
2023,Cabo Delgado,Mueda,Outubro,6.0
2023,Cabo Delgado,Mueda,Novembro,6.0
2023,Cabo Delgado,Mueda,Dezembro,6.0
2023,Cabo Delgado,Nangade,Junho,0.0
2023,Cabo Delgado,Muidumbe,Abril,0.0
2023,Nampula,Rapale-Nampula,Dezembro,0.0
2023,Nampula,Larde,Fevereiro,0.0
2023,Nampula,Rapale-Nampula,Julho,0.0
2023,Nampula,Rapale-Nampula,Setembro,0.0
2023,Nampula,Ribaué,Janeiro,6.0
2023,Nampula,Ribaué,Fevereiro,6.0
2023,Nampula,Ribaué,Março,6.0
2023,Nampula,Ribaué,Abril,6.0
2023,Nampula,Ribaué,Maio,6.0
2023,Nampula,Ribaué,Junho,6.0
2023,Nampula,Ribaué,Julho,6.0
2023,Nampula,Ribaué,Agosto,6.0
2023,Nampula,Ribaué,Setembro,6.0
2023,Nampula,Ribaué,Outubro,6.0
2023,Nampula,Ribaué,Novembro,6.0
2023,Nampula,Ribaué,Dezembro,6.0
2023,Nampula,Liupo,Janeiro,0.0
2023,Nampula,Liupo,Fevereiro,0.0
2023,Nampula,Liupo,Março,0.0
2023,Nampula,Liupo,Abril,0.0
2023,Nampula,Liupo,Maio,0.0
2023,Nampula,Liupo,Junho,0.0
2023,Nampula,Liupo,Julho,0.0
2023,Nampula,Liupo,Agosto,0.0
2023,Nampula,Liupo,Setembro,0.0
2023,Nampula,Liupo,Outubro,0.0
2023,Nampula,Liupo,Novembro,0.0
2023,Nampula,Nacaroa,Junho,1.0
2023,Nampula,Rapale-Nampula,Outubro,0.0
2023,Nampula,Nacaroa,Julho,1.0
2023,Cabo Delgado,Chiúre,Novembro,4.0
2023,Nampula,Namapa-Erati,Agosto,2.0
2023,Nampula,Nacaroa,Agosto,1.0
2023,Nampula,Nacaroa,Setembro,1.0
2023,Nampula,Nacaroa,Outubro,1.0
2023,Nampula,Nacaroa,Novembro,1.0
2023,Nampula,Nacaroa,Dezembro,1.0
2023,Nampula,Namapa-Erati,Janeiro,2.0
2023,Nampula,Namapa-Erati,Fevereiro,2.0
2023,Nampula,Namapa-Erati,Março,2.0
2023,Nampula,Namapa-Erati,Abril,2.0
2023,Nampula,Namapa-Erati,Maio,2.0
2023,Nampula,Namapa-Erati,Junho,2.0
2023,Nampula,Namapa-Erati,Julho,2.0
2023,Nampula,Namapa-Erati,Setembro,2.0
2023,Niassa,Mecanhelas,Dezembro,3.0
2023,Nampula,Namapa-Erati,Outubro,2.0
2023,Nampula,Namapa-Erati,Novembro,2.0
2023,Nampula,Namapa-Erati,Dezembro,2.0
2023,Nampula,Rapale-Nampula,Janeiro,0.0
2023,Nampula,Rapale-Nampula,Fevereiro,0.0
2023,Nampula,Rapale-Nampula,Março,0.0
2023,Nampula,Rapale-Nampula,Abril,0.0
2023,Nampula,Rapale-Nampula,Maio,0.0
2023,Nampula,Rapale-Nampula,Junho,0.0
2023,Nampula,Rapale-Nampula,Agosto,0.0
2023,Nampula,Larde,Janeiro,0.0
2023,Cabo Delgado,Ancuabe,Julho,1.0
2023,Nampula,Liupo,Dezembro,0.0
2023,Cabo Delgado,Ancuabe,Setembro,1.0
2023,Cabo Delgado,Ancuabe,Novembro,1.0
2023,Cabo Delgado,Ancuabe,Maio,1.0
2023,Cabo Delgado,Ancuabe,Dezembro,1.0
2023,Cabo Delgado,Balama,Janeiro,5.0
2023,Cabo Delgado,Balama,Fevereiro,5.0
2023,Cabo Delgado,Balama,Março,5.0
2023,Cabo Delgado,Balama,Abril,5.0
2023,Cabo Delgado,Balama,Maio,5.0
2023,Cabo Delgado,Balama,Junho,5.0
2023,Cabo Delgado,Balama,Julho,5.0
2023,Cabo Delgado,Balama,Agosto,5.0
2023,Cabo Delgado,Balama,Setembro,5.0
2023,Cabo Delgado,Balama,Outubro,5.0
2023,Cabo Delgado,Balama,Novembro,5.0
2023,Cabo Delgado,Balama,Dezembro,5.0
2023,Cabo Delgado,Chiúre,Janeiro,4.0
2023,Cabo Delgado,Chiúre,Fevereiro,4.0
2023,Cabo Delgado,Chiúre,Março,4.0
2023,Cabo Delgado,Chiúre,Abril,4.0
2023,Cabo Delgado,Chiúre,Maio,4.0
2023,Cabo Delgado,Chiúre,Junho,4.0
2023,Cabo Delgado,Chiúre,Julho,4.0
2023,Cabo Delgado,Chiúre,Agosto,4.0
2023,Cabo Delgado,Chiúre,Setembro,4.0
2023,Cabo Delgado,Ancuabe,Agosto,1.0
2023,Nampula,Larde,Abril,0.0
2023,Nampula,Larde,Março,0.0
2023,Nampula,Larde,Junho,0.0
2023,Cabo Delgado,Nangade,Julho,0.0
2023,Cabo Delgado,Ancuabe,Outubro,1.0
2023,Nampula,Larde,Maio,0.0
2023,Nampula,Larde,Julho,0.0
2023,Nampula,Larde,Agosto,0.0
2023,Nampula,Larde,Setembro,0.0
2023,Nampula,Larde,Outubro,0.0
2023,Nampula,Larde,Novembro,0.0
2023,Nampula,Larde,Dezembro,0.0
2023,Cabo Delgado,Cidade de Pemba,Janeiro,41.0
2023,Cabo Delgado,Cidade de Pemba,Fevereiro,40.0
2023,Cabo Delgado,Cidade de Pemba,Março,41.0
2023,Cabo Delgado,Cidade de Pemba,Abril,41.0
2023,Cabo Delgado,Cidade de Pemba,Maio,40.0
2023,Cabo Delgado,Cidade de Pemba,Junho,40.0
2023,Cabo Delgado,Cidade de Pemba,Julho,40.0
2023,Cabo Delgado,Cidade de Pemba,Agosto,40.0
2023,Cabo Delgado,Cidade de Pemba,Setembro,40.0
2023,Cabo Delgado,Cidade de Pemba,Outubro,40.0
2023,Cabo Delgado,Cidade de Pemba,Novembro,40.0
2023,Cabo Delgado,Cidade de Pemba,Dezembro,40.0
2023,Cabo Delgado,Ancuabe,Janeiro,1.0
2023,Cabo Delgado,Ancuabe,Fevereiro,1.0
2023,Cabo Delgado,Ancuabe,Março,1.0
2023,Cabo Delgado,Ancuabe,Abril,1.0
2023,Cabo Delgado,Ancuabe,Junho,1.0
2023,Cabo Delgado,Nangade,Agosto,0.0
2023,Cabo Delgado,Nangade,Setembro,0.0
2023,Cabo Delgado,Mecufi,Setembro,1.0
2023,Niassa,Mecula,Janeiro,2.0
2023,Niassa,Mecanhelas,Outubro,3.0
2023,Niassa,Maúa,Abril,2.0
2023,Niassa,Mecula,Março,2.0
2023,Niassa,Mecula,Abril,2.0
2023,Niassa,Mecula,Maio,2.0
2023,Niassa,Mecula,Junho,2.0
2023,Niassa,Mecula,Julho,2.0
2023,Niassa,Mecula,Agosto,2.0
2023,Niassa,Mecula,Setembro,2.0
2023,Niassa,Mecula,Outubro,2.0
2023,Niassa,Mecula,Novembro,2.0
2023,Niassa,Mecula,Dezembro,2.0
2023,Niassa,Metarica,Janeiro,0.0
2023,Niassa,Metarica,Fevereiro,0.0
2023,Niassa,Metarica,Março,0.0
2023,Niassa,Metarica,Abril,0.0
2023,Niassa,Metarica,Maio,0.0
2023,Niassa,Metarica,Junho,0.0
2023,Niassa,Metarica,Julho,0.0
2023,Niassa,Metarica,Agosto,0.0
2023,Niassa,Metarica,Setembro,0.0
2023,Niassa,Metarica,Outubro,0.0
2023,Niassa,Metarica,Novembro,0.0
2023,Niassa,Metarica,Dezembro,0.0
2023,Niassa,Mecanhelas,Novembro,3.0
2023,Niassa,Nipepe,Outubro,1.0
2023,Niassa,Muembe,Janeiro,0.0
2023,Niassa,Mecanhelas,Agosto,3.0
2023,Niassa,Muembe,Fevereiro,0.0
2023,Niassa,Maúa,Julho,2.0
2023,Niassa,Maúa,Outubro,2.0
2023,Niassa,Maúa,Novembro,2.0
2023,Niassa,Maúa,Dezembro,2.0
2023,Niassa,Mavago,Janeiro,2.0
2023,Niassa,Mavago,Fevereiro,2.0
2023,Niassa,Mavago,Março,2.0
2023,Niassa,Mavago,Abril,2.0
2023,Niassa,Mavago,Maio,2.0
2023,Niassa,Mavago,Junho,2.0
2023,Niassa,Mavago,Julho,2.0
2023,Niassa,Mavago,Agosto,2.0
2023,Niassa,Mavago,Setembro,2.0
2023,Niassa,Mavago,Outubro,2.0
2023,Niassa,Mavago,Novembro,2.0
2023,Niassa,Mavago,Dezembro,2.0
2023,Niassa,Mecanhelas,Janeiro,3.0
2023,Niassa,Mecanhelas,Fevereiro,9.0
2023,Niassa,Mecanhelas,Março,3.0
2023,Niassa,Mecanhelas,Abril,3.0
2023,Niassa,Mecanhelas,Maio,3.0
2023,Niassa,Mecanhelas,Junho,3.0
2023,Niassa,Mecanhelas,Julho,3.0
2023,Niassa,Mecanhelas,Setembro,3.0
2023,Niassa,Maúa,Junho,2.0
2023,Niassa,Maúa,Agosto,2.0
2023,Niassa,Maúa,Março,2.0
2023,Niassa,Muembe,Abril,0.0
2023,Niassa,Nipepe,Novembro,1.0
2023,Niassa,Chimbunhila,Janeiro,0.0
2023,Niassa,Maúa,Maio,2.0
2023,Niassa,Sanga,Fevereiro,0.0
2023,Niassa,Sanga,Março,0.0
2023,Niassa,Sanga,Abril,0.0
2023,Niassa,Sanga,Maio,0.0
2023,Niassa,Sanga,Junho,0.0
2023,Niassa,Sanga,Julho,0.0
2023,Niassa,Sanga,Agosto,0.0
2023,Niassa,Sanga,Setembro,0.0
2023,Niassa,Sanga,Outubro,0.0
2023,Niassa,Sanga,Novembro,0.0
2023,Niassa,Sanga,Dezembro,0.0
2023,Niassa,Sanga,Janeiro,0.0
2023,Niassa,Chimbunhila,Fevereiro,0.0
2023,Niassa,Chimbunhila,Julho,0.0
2023,Niassa,Muembe,Março,0.0
2023,Niassa,Nipepe,Setembro,1.0
2023,Niassa,Chimbunhila,Outubro,1.0
2023,Niassa,Chimbunhila,Agosto,1.0
2023,Niassa,Chimbunhila,Setembro,1.0
2023,Niassa,Chimbunhila,Junho,0.0
2023,Niassa,Chimbunhila,Maio,0.0
2023,Niassa,Chimbunhila,Abril,0.0
2023,Niassa,Chimbunhila,Março,0.0
2023,Niassa,Nipepe,Agosto,1.0
2023,Niassa,Maúa,Setembro,2.0
2023,Niassa,N´gauma,Maio,0.0
2023,Niassa,Nipepe,Dezembro,1.0
2023,Niassa,Nipepe,Junho,1.0
2023,Niassa,Muembe,Junho,0.0
2023,Niassa,Muembe,Julho,1.0
2023,Niassa,Muembe,Agosto,1.0
2023,Niassa,Muembe,Setembro,1.0
2023,Niassa,Muembe,Outubro,1.0
2023,Niassa,Muembe,Novembro,1.0
2023,Niassa,Muembe,Dezembro,1.0
2023,Niassa,N´gauma,Janeiro,0.0
2023,Niassa,N´gauma,Fevereiro,6.0
2023,Niassa,N´gauma,Março,0.0
2023,Niassa,N´gauma,Abril,0.0
2023,Niassa,N´gauma,Junho,0.0
2023,Niassa,N´gauma,Julho,0.0
2023,Niassa,N´gauma,Agosto,0.0
2023,Niassa,N´gauma,Setembro,0.0
2023,Niassa,N´gauma,Outubro,0.0
2023,Niassa,N´gauma,Novembro,0.0
2023,Niassa,N´gauma,Dezembro,0.0
2023,Niassa,Nipepe,Janeiro,1.0
2023,Niassa,Nipepe,Fevereiro,1.0
2023,Niassa,Nipepe,Março,1.0
2023,Niassa,Nipepe,Abril,1.0
2023,Niassa,Nipepe,Maio,1.0
2023,Niassa,Nipepe,Julho,1.0
2023,Niassa,Muembe,Maio,0.0
2023,Zambézia,Cidade de Quelimane,Junho,48.0
2023,Cabo Delgado,Quissanga,Abril,0.0
2023,Niassa,Manjune,Novembro,1.0
2023,Cabo Delgado,Pemba-Metuge,Novembro,2.0
2023,Cabo Delgado,Quissanga,Janeiro,0.0
2023,Cabo Delgado,Quissanga,Maio,0.0
2023,Cabo Delgado,Quissanga,Junho,0.0
2023,Cabo Delgado,Quissanga,Julho,0.0
2023,Cabo Delgado,Quissanga,Agosto,0.0
2023,Cabo Delgado,Quissanga,Setembro,0.0
2023,Cabo Delgado,Quissanga,Outubro,0.0
2023,Cabo Delgado,Quissanga,Novembro,0.0
2023,Cabo Delgado,Quissanga,Dezembro,0.0
2023,Niassa,Cidade de Lichinga,Janeiro,28.0
2023,Niassa,Cidade de Lichinga,Fevereiro,29.0
2023,Niassa,Cidade de Lichinga,Março,29.0
2023,Niassa,Cidade de Lichinga,Abril,29.0
2023,Niassa,Cidade de Lichinga,Maio,28.0
2023,Niassa,Cidade de Lichinga,Junho,30.0
2023,Niassa,Cidade de Lichinga,Julho,31.0
2023,Niassa,Cidade de Lichinga,Agosto,34.0
2023,Niassa,Cidade de Lichinga,Setembro,34.0
2023,Niassa,Cidade de Lichinga,Outubro,34.0
2023,Niassa,Cidade de Lichinga,Novembro,32.0
2023,Niassa,Cidade de Lichinga,Dezembro,33.0
2023,Niassa,Cuamba,Janeiro,16.0
2023,Niassa,Cuamba,Fevereiro,16.0
2023,Niassa,Cuamba,Março,16.0
2023,Cabo Delgado,Nangade,Outubro,0.0
2023,Cabo Delgado,Quissanga,Fevereiro,0.0
2023,Cabo Delgado,Nangade,Novembro,0.0
2023,Niassa,Cuamba,Maio,16.0
2023,Cabo Delgado,Palma,Dezembro,8.0
2023,Cabo Delgado,Nangade,Dezembro,0.0
2023,Cabo Delgado,Palma,Janeiro,6.0
2023,Cabo Delgado,Palma,Fevereiro,6.0
2023,Cabo Delgado,Palma,Março,6.0
2023,Cabo Delgado,Palma,Abril,6.0
2023,Cabo Delgado,Palma,Maio,6.0
2023,Cabo Delgado,Palma,Junho,6.0
2023,Cabo Delgado,Palma,Julho,5.0
2023,Cabo Delgado,Palma,Agosto,9.0
2023,Cabo Delgado,Palma,Setembro,9.0
2023,Cabo Delgado,Palma,Outubro,9.0
2023,Cabo Delgado,Palma,Novembro,8.0
2023,Cabo Delgado,Pemba-Metuge,Janeiro,2.0
2023,Cabo Delgado,Quissanga,Março,0.0
2023,Cabo Delgado,Pemba-Metuge,Fevereiro,2.0
2023,Cabo Delgado,Pemba-Metuge,Março,2.0
2023,Cabo Delgado,Pemba-Metuge,Abril,2.0
2023,Cabo Delgado,Pemba-Metuge,Maio,2.0
2023,Cabo Delgado,Pemba-Metuge,Junho,2.0
2023,Cabo Delgado,Pemba-Metuge,Julho,2.0
2023,Cabo Delgado,Pemba-Metuge,Agosto,2.0
2023,Cabo Delgado,Pemba-Metuge,Setembro,2.0
2023,Cabo Delgado,Pemba-Metuge,Outubro,2.0
2023,Cabo Delgado,Pemba-Metuge,Dezembro,2.0
2023,Niassa,Cuamba,Junho,16.0
2023,Niassa,Cuamba,Abril,16.0
2023,Niassa,Cuamba,Julho,16.0
2023,Niassa,Mandimba,Fevereiro,2.0
2023,Niassa,Manjune,Outubro,1.0
2023,Niassa,Mandimba,Maio,2.0
2023,Niassa,Mandimba,Junho,2.0
2023,Niassa,Mandimba,Julho,2.0
2023,Niassa,Mandimba,Agosto,2.0
2023,Niassa,Mandimba,Setembro,2.0
2023,Niassa,Mandimba,Outubro,2.0
2023,Niassa,Mandimba,Novembro,2.0
2023,Niassa,Mandimba,Dezembro,2.0
2023,Niassa,Marrupa,Janeiro,2.0
2023,Niassa,Marrupa,Fevereiro,2.0
2023,Niassa,Marrupa,Março,2.0
2023,Niassa,Marrupa,Abril,2.0
2023,Niassa,Marrupa,Maio,2.0
2023,Niassa,Marrupa,Junho,2.0
2023,Niassa,Marrupa,Julho,2.0
2023,Niassa,Marrupa,Agosto,2.0
2023,Niassa,Marrupa,Setembro,2.0
2023,Niassa,Marrupa,Outubro,2.0
2023,Niassa,Marrupa,Novembro,2.0
2023,Niassa,Marrupa,Dezembro,2.0
2023,Niassa,Maúa,Janeiro,2.0
2023,Niassa,Maúa,Fevereiro,2.0
2023,Niassa,Mandimba,Janeiro,2.0
2023,Niassa,Manjune,Dezembro,1.0
2023,Niassa,Mandimba,Abril,2.0
2023,Niassa,Cuamba,Agosto,16.0
2023,Niassa,Cuamba,Outubro,15.0
2023,Niassa,Mecula,Fevereiro,2.0
2023,Niassa,Mandimba,Março,2.0
2023,Niassa,Cuamba,Setembro,16.0
2023,Niassa,Cuamba,Novembro,16.0
2023,Niassa,Cuamba,Dezembro,16.0
2023,Niassa,Lago,Janeiro,3.0
2023,Niassa,Lago,Fevereiro,3.0
2023,Niassa,Lago,Março,3.0
2023,Niassa,Lago,Abril,3.0
2023,Niassa,Lago,Maio,3.0
2023,Niassa,Lago,Junho,3.0
2023,Niassa,Lago,Julho,3.0
2023,Nampula,Nacaroa,Maio,1.0
2023,Zambézia,Morrumbala,Setembro,2.0
2023,Niassa,Lago,Agosto,3.0
2023,Niassa,Lago,Novembro,3.0
2023,Niassa,Lago,Dezembro,3.0
2023,Niassa,Manjune,Janeiro,1.0
2023,Niassa,Manjune,Fevereiro,1.0
2023,Niassa,Manjune,Março,1.0
2023,Niassa,Manjune,Abril,1.0
2023,Niassa,Manjune,Maio,0.0
2023,Niassa,Manjune,Junho,1.0
2023,Niassa,Manjune,Julho,1.0
2023,Niassa,Manjune,Agosto,1.0
2023,Niassa,Manjune,Setembro,1.0
2023,Niassa,Lago,Setembro,3.0
2023,Niassa,Lago,Outubro,3.0
2023,Nampula,Mogovolas,Março,2.0
2023,Cabo Delgado,Mocimboa da Praia,Outubro,0.0
2023,Nampula,Monapo,Agosto,5.0
2023,Zambézia,Morrumbala,Maio,2.0
2023,Zambézia,Morrumbala,Dezembro,2.0
2023,Zambézia,Namacurra,Janeiro,2.0
2023,Zambézia,Namacurra,Fevereiro,2.0
2023,Zambézia,Namacurra,Março,2.0
2023,Zambézia,Namacurra,Abril,2.0
2023,Zambézia,Namacurra,Maio,2.0
2023,Zambézia,Namacurra,Junho,2.0
2023,Zambézia,Namacurra,Julho,2.0
2023,Zambézia,Namacurra,Agosto,2.0
2023,Zambézia,Namacurra,Setembro,2.0
2023,Zambézia,Namacurra,Outubro,2.0
2023,Zambézia,Namacurra,Novembro,2.0
2023,Zambézia,Namacurra,Dezembro,2.0
2023,Zambézia,Namarroi,Janeiro,0.0
2023,Zambézia,Namarroi,Fevereiro,0.0
2023,Zambézia,Namarroi,Março,0.0
2023,Zambézia,Namarroi,Abril,0.0
2023,Zambézia,Namarroi,Maio,0.0
2023,Zambézia,Namarroi,Junho,0.0
2023,Zambézia,Namarroi,Julho,0.0
2023,Zambézia,Namarroi,Agosto,0.0
2023,Zambézia,Namarroi,Setembro,0.0
2023,Zambézia,Morrumbala,Agosto,2.0
2023,Zambézia,Namarroi,Outubro,0.0
2023,Zambézia,Molumbo,Julho,2.0
2023,Zambézia,Morrumbala,Julho,2.0
2023,Zambézia,Mocuba,Abril,17.0
2023,Zambézia,Namarroi,Novembro,0.0
2023,Zambézia,Mocuba,Maio,17.0
2023,Zambézia,Mocuba,Julho,16.0
2023,Zambézia,Mocuba,Agosto,16.0
2023,Zambézia,Mocuba,Setembro,16.0
2023,Zambézia,Mocuba,Outubro,16.0
2023,Zambézia,Mocuba,Novembro,16.0
2023,Zambézia,Mocuba,Dezembro,16.0
2023,Zambézia,Mopeia,Janeiro,2.0
2023,Zambézia,Mopeia,Fevereiro,2.0
2023,Zambézia,Mopeia,Março,2.0
2023,Zambézia,Mopeia,Abril,2.0
2023,Zambézia,Mopeia,Maio,2.0
2023,Zambézia,Mopeia,Junho,2.0
2023,Zambézia,Mopeia,Julho,2.0
2023,Zambézia,Mopeia,Agosto,2.0
2023,Zambézia,Mopeia,Setembro,2.0
2023,Zambézia,Mopeia,Outubro,2.0
2023,Zambézia,Mopeia,Novembro,2.0
2023,Zambézia,Mopeia,Dezembro,2.0
2023,Zambézia,Morrumbala,Janeiro,2.0
2023,Zambézia,Morrumbala,Fevereiro,2.0
2023,Zambézia,Morrumbala,Março,2.0
2023,Zambézia,Morrumbala,Abril,2.0
2023,Zambézia,Morrumbala,Junho,2.0
2023,Zambézia,Mocuba,Março,17.0
2023,Zambézia,Mocuba,Junho,16.0
2023,Zambézia,Gurúè,Janeiro,7.0
2023,Zambézia,Nicoadala,Janeiro,3.0
2023,Zambézia,Milange,Dezembro,6.0
2023,Zambézia,Molumbo,Março,2.0
2023,Zambézia,Molumbo,Outubro,2.0
2023,Zambézia,Molumbo,Novembro,2.0
2023,Zambézia,Molumbo,Dezembro,2.0
2023,Zambézia,Mocubela,Janeiro,0.0
2023,Zambézia,Mocubela,Fevereiro,0.0
2023,Zambézia,Mocubela,Março,0.0
2023,Zambézia,Mocubela,Abril,0.0
2023,Zambézia,Mocubela,Maio,0.0
2023,Zambézia,Mocubela,Junho,0.0
2023,Zambézia,Mocubela,Julho,0.0
2023,Zambézia,Mocubela,Agosto,0.0
2023,Zambézia,Mocubela,Setembro,0.0
2023,Zambézia,Mocubela,Outubro,0.0
2023,Zambézia,Mocubela,Novembro,0.0
2023,Zambézia,Mocubela,Dezembro,0.0
2023,Zambézia,Mulevala,Janeiro,0.0
2023,Zambézia,Mulevala,Fevereiro,0.0
2023,Zambézia,Mulevala,Março,0.0
2023,Zambézia,Mulevala,Abril,0.0
2023,Zambézia,Mulevala,Maio,0.0
2023,Zambézia,Mulevala,Junho,0.0
2023,Zambézia,Mulevala,Julho,0.0
2023,Zambézia,Molumbo,Junho,2.0
2023,Zambézia,Namarroi,Dezembro,0.0
2023,Zambézia,Molumbo,Setembro,2.0
2023,Zambézia,Molumbo,Agosto,2.0
2023,Zambézia,Nicoadala,Fevereiro,3.0
2023,Zambézia,Mocuba,Fevereiro,17.0
2023,Zambézia,Nicoadala,Março,3.0
2023,Zambézia,Nicoadala,Maio,3.0
2023,Zambézia,Nicoadala,Junho,3.0
2023,Zambézia,Nicoadala,Julho,3.0
2023,Zambézia,Nicoadala,Agosto,3.0
2023,Zambézia,Nicoadala,Setembro,3.0
2023,Zambézia,Nicoadala,Outubro,3.0
2023,Zambézia,Nicoadala,Novembro,3.0
2023,Zambézia,Nicoadala,Dezembro,3.0
2023,Zambézia,Pebane,Janeiro,3.0
2023,Zambézia,Pebane,Fevereiro,3.0
2023,Zambézia,Pebane,Março,3.0
2023,Zambézia,Pebane,Abril,3.0
2023,Zambézia,Pebane,Maio,3.0
2023,Zambézia,Pebane,Junho,3.0
2023,Zambézia,Pebane,Julho,3.0
2023,Zambézia,Pebane,Agosto,3.0
2023,Zambézia,Pebane,Setembro,3.0
2023,Zambézia,Pebane,Outubro,3.0
2023,Zambézia,Pebane,Novembro,3.0
2023,Zambézia,Pebane,Dezembro,3.0
2023,Zambézia,Molumbo,Janeiro,2.0
2023,Zambézia,Molumbo,Fevereiro,2.0
2023,Zambézia,Molumbo,Abril,2.0
2023,Zambézia,Mulevala,Agosto,0.0
2023,Zambézia,Nicoadala,Abril,3.0
2023,Zambézia,Gurúè,Fevereiro,7.0
2023,Zambézia,Gurúè,Março,7.0
2023,Zambézia,Gilé,Julho,2.0
2023,Zambézia,Cidade de Quelimane,Agosto,48.0
2023,Zambézia,Chinde,Setembro,0.0
2023,Zambézia,Gurúè,Abril,7.0
2023,Zambézia,Gurúè,Maio,7.0
2023,Zambézia,Gurúè,Junho,7.0
2023,Zambézia,Gurúè,Julho,7.0
2023,Zambézia,Gurúè,Agosto,7.0
2023,Zambézia,Gurúè,Setembro,7.0
2023,Zambézia,Gurúè,Outubro,7.0
2023,Zambézia,Gurúè,Novembro,7.0
2023,Zambézia,Gurúè,Dezembro,7.0
2023,Zambézia,Ile,Janeiro,1.0
2023,Zambézia,Ile,Fevereiro,1.0
2023,Zambézia,Ile,Março,1.0
2023,Zambézia,Ile,Abril,1.0
2023,Zambézia,Ile,Maio,1.0
2023,Zambézia,Ile,Junho,1.0
2023,Zambézia,Ile,Julho,1.0
2023,Zambézia,Ile,Agosto,1.0
2023,Zambézia,Ile,Setembro,1.0
2023,Zambézia,Ile,Outubro,1.0
2023,Zambézia,Ile,Novembro,1.0
2023,Zambézia,Ile,Dezembro,1.0
2023,Zambézia,Inhassunge,Janeiro,0.0
2023,Zambézia,Chinde,Dezembro,0.0
2023,Zambézia,Cidade de Quelimane,Setembro,45.0
2023,Zambézia,Inhassunge,Fevereiro,0.0
2023,Zambézia,Cidade de Quelimane,Outubro,45.0
2023,Zambézia,Inhassunge,Março,0.0
2023,Zambézia,Morrumbala,Novembro,2.0
2023,Zambézia,Cidade de Quelimane,Novembro,43.0
2023,Zambézia,Cidade de Quelimane,Dezembro,42.0
2023,Zambézia,Alto Molócuè,Janeiro,6.0
2023,Zambézia,Alto Molócuè,Fevereiro,6.0
2023,Zambézia,Alto Molócuè,Março,6.0
2023,Zambézia,Alto Molócuè,Abril,6.0
2023,Zambézia,Alto Molócuè,Maio,6.0
2023,Zambézia,Alto Molócuè,Junho,6.0
2023,Zambézia,Alto Molócuè,Julho,6.0
2023,Zambézia,Alto Molócuè,Agosto,6.0
2023,Zambézia,Alto Molócuè,Setembro,6.0
2023,Zambézia,Alto Molócuè,Outubro,6.0
2023,Zambézia,Alto Molócuè,Dezembro,6.0
2023,Nampula,Mogovolas,Maio,2.0
2023,Zambézia,Chinde,Janeiro,0.0
2023,Zambézia,Chinde,Fevereiro,0.0
2023,Zambézia,Chinde,Março,0.0
2023,Zambézia,Chinde,Abril,0.0
2023,Zambézia,Chinde,Maio,0.0
2023,Zambézia,Chinde,Junho,0.0
2023,Zambézia,Chinde,Julho,0.0
2023,Zambézia,Chinde,Agosto,0.0
2023,Zambézia,Chinde,Outubro,0.0
2023,Zambézia,Mocuba,Janeiro,17.0
2023,Zambézia,Inhassunge,Maio,0.0
2023,Zambézia,Chinde,Novembro,0.0
2023,Zambézia,Gilé,Novembro,2.0
2023,Zambézia,Gilé,Dezembro,2.0
2023,Zambézia,Inhassunge,Junho,0.0
2023,Zambézia,Maganja da Costa,Março,2.0
2023,Zambézia,Maganja da Costa,Abril,2.0
2023,Zambézia,Maganja da Costa,Maio,2.0
2023,Zambézia,Maganja da Costa,Junho,2.0
2023,Zambézia,Maganja da Costa,Julho,2.0
2023,Zambézia,Maganja da Costa,Agosto,2.0
2023,Zambézia,Maganja da Costa,Setembro,2.0
2023,Zambézia,Maganja da Costa,Outubro,2.0
2023,Zambézia,Maganja da Costa,Novembro,2.0
2023,Zambézia,Maganja da Costa,Dezembro,2.0
2023,Zambézia,Milange,Janeiro,6.0
2023,Zambézia,Milange,Fevereiro,6.0
2023,Zambézia,Milange,Março,6.0
2023,Zambézia,Milange,Abril,6.0
2023,Zambézia,Milange,Maio,6.0
2023,Zambézia,Milange,Junho,6.0
2023,Zambézia,Milange,Julho,6.0
2023,Zambézia,Milange,Agosto,6.0
2023,Zambézia,Milange,Setembro,6.0
2023,Zambézia,Milange,Outubro,6.0
2023,Zambézia,Milange,Novembro,6.0
2023,Zambézia,Gilé,Outubro,2.0
2023,Zambézia,Inhassunge,Abril,0.0
2023,Zambézia,Gilé,Setembro,2.0
2023,Zambézia,Maganja da Costa,Fevereiro,2.0
2023,Zambézia,Inhassunge,Julho,0.0
2023,Zambézia,Inhassunge,Setembro,0.0
2023,Zambézia,Mulevala,Dezembro,0.0
2023,Zambézia,Maganja da Costa,Janeiro,2.0
2023,Zambézia,Inhassunge,Agosto,0.0
2023,Zambézia,Inhassunge,Outubro,0.0
2023,Zambézia,Inhassunge,Novembro,0.0
2023,Zambézia,Inhassunge,Dezembro,0.0
2023,Zambézia,Lugela,Janeiro,0.0
2023,Zambézia,Lugela,Fevereiro,0.0
2023,Zambézia,Lugela,Março,0.0
2023,Zambézia,Lugela,Abril,0.0
2023,Zambézia,Lugela,Maio,0.0
2023,Zambézia,Lugela,Junho,0.0
2023,Zambézia,Lugela,Julho,0.0
2023,Zambézia,Molumbo,Maio,2.0
2023,Zambézia,Lugela,Agosto,0.0
2023,Zambézia,Lugela,Outubro,0.0
2023,Zambézia,Lugela,Novembro,0.0
2023,Zambézia,Lugela,Dezembro,0.0
2023,Zambézia,Gilé,Janeiro,2.0
2023,Zambézia,Gilé,Fevereiro,2.0
2023,Zambézia,Gilé,Março,2.0
2023,Zambézia,Gilé,Abril,2.0
2023,Zambézia,Gilé,Maio,2.0
2023,Zambézia,Gilé,Junho,2.0
2023,Zambézia,Gilé,Agosto,2.0
2023,Zambézia,Mulevala,Outubro,0.0
2023,Zambézia,Mulevala,Novembro,0.0
2023,Zambézia,Lugela,Setembro,0.0
2023,Nampula,Mogovolas,Abril,2.0
2023,Zambézia,Alto Molócuè,Novembro,6.0
2023,Nampula,Muecate,Setembro,1.0
2023,Nampula,Murrupula,Março,2.0
2023,Nampula,Mecuburi,Novembro,3.0
2023,Nampula,Mogovolas,Agosto,2.0
2023,Nampula,Mogovolas,Setembro,2.0
2023,Nampula,Mogovolas,Outubro,2.0
2023,Nampula,Mogovolas,Novembro,2.0
2023,Nampula,Mogovolas,Dezembro,2.0
2023,Nampula,Moma,Janeiro,4.0
2023,Nampula,Moma,Fevereiro,4.0
2023,Nampula,Moma,Março,4.0
2023,Nampula,Moma,Abril,4.0
2023,Nampula,Moma,Maio,4.0
2023,Nampula,Moma,Junho,4.0
2023,Nampula,Moma,Julho,4.0
2023,Nampula,Moma,Agosto,4.0
2023,Nampula,Moma,Setembro,4.0
2023,Nampula,Moma,Outubro,4.0
2023,Nampula,Moma,Novembro,4.0
2023,Nampula,Moma,Dezembro,4.0
2023,Nampula,Monapo,Janeiro,5.0
2023,Nampula,Monapo,Fevereiro,5.0
2023,Nampula,Monapo,Março,5.0
2023,Nampula,Mogovolas,Fevereiro,2.0
2023,Nampula,Monapo,Abril,5.0
2023,Nampula,Mogovolas,Janeiro,2.0
2023,Nampula,Mecuburi,Dezembro,3.0
2023,Nampula,Mecuburi,Outubro,3.0
2023,Nampula,Memba,Fevereiro,1.0
2023,Nampula,Monapo,Julho,5.0
2023,Nampula,Cidade de Nampula,Agosto,95.0
2023,Nampula,Memba,Janeiro,1.0
2023,Nampula,Memba,Março,1.0
2023,Nampula,Memba,Abril,1.0
2023,Nampula,Memba,Maio,1.0
2023,Nampula,Memba,Junho,1.0
2023,Nampula,Memba,Julho,1.0
2023,Nampula,Memba,Agosto,1.0
2023,Nampula,Memba,Setembro,1.0
2023,Nampula,Memba,Outubro,1.0
2023,Nampula,Memba,Novembro,1.0
2023,Nampula,Memba,Dezembro,1.0
2023,Nampula,Mogincual,Janeiro,1.0
2023,Nampula,Mogincual,Fevereiro,1.0
2023,Nampula,Mogincual,Março,1.0
2023,Nampula,Mogincual,Abril,1.0
2023,Nampula,Mogincual,Maio,1.0
2023,Nampula,Mogincual,Junho,1.0
2023,Nampula,Mogincual,Julho,1.0
2023,Nampula,Mogincual,Agosto,1.0
2023,Nampula,Mogincual,Setembro,1.0
2023,Nampula,Mogincual,Outubro,1.0
2023,Nampula,Mogincual,Dezembro,1.0
2023,Nampula,Mecuburi,Setembro,3.0
2023,Nampula,Monapo,Maio,5.0
2023,Nampula,Murrupula,Janeiro,2.0
2023,Nampula,Cidade de Nampula,Setembro,93.0
2023,Nampula,Murrupula,Fevereiro,2.0
2023,Nampula,Cidade de Nampula,Julho,95.0
2023,Nampula,Monapo,Setembro,5.0
2023,Nampula,Murrupula,Junho,2.0
2023,Nampula,Murrupula,Julho,2.0
2023,Nampula,Murrupula,Agosto,2.0
2023,Nampula,Murrupula,Setembro,2.0
2023,Nampula,Murrupula,Outubro,2.0
2023,Nampula,Murrupula,Novembro,2.0
2023,Nampula,Murrupula,Dezembro,2.0
2023,Nampula,Nacala-Velha,Janeiro,4.0
2023,Nampula,Nacala-Velha,Fevereiro,4.0
2023,Nampula,Nacala-Velha,Março,4.0
2023,Nampula,Nacala-Velha,Abril,4.0
2023,Nampula,Nacala-Velha,Maio,4.0
2023,Nampula,Nacala-Velha,Junho,4.0
2023,Nampula,Nacala-Velha,Julho,4.0
2023,Nampula,Nacala-Velha,Agosto,4.0
2023,Nampula,Nacala-Velha,Setembro,4.0
2023,Nampula,Nacala-Velha,Outubro,4.0
2023,Nampula,Nacala-Velha,Novembro,4.0
2023,Nampula,Nacala-Velha,Dezembro,4.0
2023,Nampula,Nacaroa,Janeiro,1.0
2023,Nampula,Muecate,Dezembro,1.0
2023,Nampula,Monapo,Junho,5.0
2023,Nampula,Muecate,Novembro,1.0
2023,Nampula,Mogovolas,Junho,2.0
2023,Nampula,Murrupula,Maio,2.0
2023,Nampula,Murrupula,Abril,2.0
2023,Nampula,Monapo,Outubro,5.0
2023,Nampula,Cidade de Nampula,Junho,96.0
2023,Nampula,Monapo,Novembro,5.0
2023,Nampula,Mossuril,Janeiro,3.0
2023,Nampula,Mossuril,Fevereiro,3.0
2023,Nampula,Mossuril,Março,3.0
2023,Nampula,Mossuril,Abril,3.0
2023,Nampula,Mossuril,Maio,3.0
2023,Nampula,Mossuril,Junho,2.0
2023,Nampula,Mossuril,Julho,2.0
2023,Nampula,Mossuril,Agosto,2.0
2023,Nampula,Mossuril,Setembro,2.0
2023,Nampula,Mossuril,Outubro,2.0
2023,Nampula,Mossuril,Novembro,2.0
2023,Nampula,Mossuril,Dezembro,2.0
2023,Nampula,Muecate,Janeiro,1.0
2023,Nampula,Muecate,Fevereiro,1.0
2023,Nampula,Muecate,Março,1.0
2023,Nampula,Muecate,Abril,1.0
2023,Nampula,Muecate,Maio,1.0
2023,Nampula,Muecate,Junho,1.0
2023,Nampula,Muecate,Julho,1.0
2023,Nampula,Muecate,Agosto,1.0
2023,Nampula,Muecate,Outubro,1.0
2023,Nampula,Mecuburi,Agosto,3.0
2023,Nampula,Mecuburi,Julho,3.0
2023,Nampula,Mecuburi,Junho,3.0
2023,Nampula,Monapo,Dezembro,5.0
2023,Nampula,Cidade de Nampula,Outubro,95.0
2023,Nampula,Mogincual,Novembro,1.0
2023,Nampula,Angoche,Novembro,2.0
2023,Zambézia,Luabo,Abril,0.0
2023,Zambézia,Luabo,Fevereiro,0.0
2023,Nampula,Cidade de Nampula,Novembro,94.0
2023,Nampula,Cidade de Nampula,Dezembro,91.0
2023,Nampula,Cidade de Nacala-Porto,Janeiro,30.0
2023,Nampula,Cidade de Nacala-Porto,Fevereiro,30.0
2023,Nampula,Cidade de Nacala-Porto,Março,30.0
2023,Nampula,Cidade de Nacala-Porto,Abril,29.0
2023,Nampula,Cidade de Nacala-Porto,Maio,27.0
2023,Nampula,Cidade de Nacala-Porto,Junho,27.0
2023,Nampula,Cidade de Nacala-Porto,Julho,26.0
2023,Nampula,Cidade de Nacala-Porto,Agosto,26.0
2023,Nampula,Cidade de Nacala-Porto,Setembro,27.0
2023,Nampula,Cidade de Nacala-Porto,Outubro,27.0
2023,Nampula,Cidade de Nacala-Porto,Novembro,27.0
2023,Nampula,Cidade de Nacala-Porto,Dezembro,27.0
2023,Nampula,Angoche,Janeiro,2.0
2023,Nampula,Angoche,Fevereiro,2.0
2023,Nampula,Angoche,Março,2.0
2023,Nampula,Angoche,Abril,2.0
2023,Nampula,Angoche,Maio,2.0
2023,Nampula,Angoche,Junho,2.0
2023,Nampula,Cidade de Nampula,Maio,97.0
2023,Nampula,Angoche,Julho,2.0
2023,Nampula,Cidade de Nampula,Abril,98.0
2023,Zambézia,Luabo,Maio,0.0
2023,Nampula,Cidade de Nampula,Fevereiro,98.0
2023,Nampula,Malema,Junho,4.0
2023,Nampula,Angoche,Outubro,2.0
2023,Nampula,Angoche,Dezembro,4.0
2023,Zambézia,Derre,Junho,2.0
2023,Zambézia,Luabo,Junho,0.0
2023,Zambézia,Luabo,Julho,0.0
2023,Zambézia,Luabo,Agosto,0.0
2023,Zambézia,Luabo,Setembro,0.0
2023,Zambézia,Luabo,Outubro,0.0
2023,Zambézia,Luabo,Novembro,0.0
2023,Zambézia,Luabo,Dezembro,0.0
2023,Zambézia,Derre,Janeiro,1.0
2023,Zambézia,Derre,Fevereiro,1.0
2023,Zambézia,Derre,Março,1.0
2023,Zambézia,Derre,Abril,1.0
2023,Zambézia,Derre,Maio,0.0
2023,Zambézia,Derre,Julho,1.0
2023,Nampula,Mogovolas,Julho,2.0
2023,Zambézia,Derre,Agosto,1.0
2023,Zambézia,Derre,Setembro,1.0
2023,Zambézia,Derre,Outubro,1.0
2023,Zambézia,Derre,Novembro,1.0
2023,Zambézia,Derre,Dezembro,1.0
2023,Nampula,Cidade de Nampula,Janeiro,98.0
2023,Nampula,Cidade de Nampula,Março,98.0
2023,Nampula,Angoche,Agosto,2.0
2023,Nampula,Angoche,Setembro,4.0
2023,Nampula,Malema,Maio,4.0
2023,Zambézia,Luabo,Janeiro,0.0
2023,Zambézia,Luabo,Março,0.0
2023,Zambézia,Morrumbala,Outubro,2.0
2023,Nampula,Ilha de Moçambique,Fevereiro,4.0
2023,Nampula,Malema,Outubro,2.0
2023,Nampula,Ilha de Moçambique,Janeiro,4.0
2023,Nampula,Malema,Novembro,2.0
2023,Nampula,Malema,Dezembro,2.0
2023,Nampula,Meconta (Namialo),Janeiro,5.0
2023,Nampula,Meconta (Namialo),Fevereiro,5.0
2023,Nampula,Meconta (Namialo),Março,5.0
2023,Nampula,Meconta (Namialo),Abril,5.0
2023,Nampula,Meconta (Namialo),Maio,5.0
2023,Nampula,Meconta (Namialo),Junho,5.0
2023,Nampula,Meconta (Namialo),Julho,5.0
2023,Nampula,Ilha de Moçambique,Abril,4.0
2023,Nampula,Meconta (Namialo),Agosto,5.0
2023,Nampula,Meconta (Namialo),Outubro,5.0
2023,Nampula,Meconta (Namialo),Novembro,5.0
2023,Nampula,Meconta (Namialo),Dezembro,5.0
2023,Nampula,Mecuburi,Janeiro,3.0
2023,Nampula,Mecuburi,Fevereiro,3.0
2023,Nampula,Mecuburi,Março,3.0
2023,Nampula,Mecuburi,Abril,3.0
2023,Nampula,Mecuburi,Maio,3.0
2023,Nampula,Malema,Abril,4.0
2023,Nampula,Malema,Março,4.0
2023,Nampula,Malema,Julho,4.0
2023,Nampula,Malema,Janeiro,4.0
2023,Nampula,Meconta (Namialo),Setembro,5.0
2023,Cabo Delgado,Mecufi,Agosto,1.0
2023,Nampula,Malema,Fevereiro,4.0
2023,Niassa,Chimbunhila,Dezembro,1.0
2023,Niassa,Chimbunhila,Novembro,1.0
2023,Nampula,Malema,Setembro,4.0
2023,Nampula,Ilha de Moçambique,Março,4.0
2023,Nampula,Ilha de Moçambique,Maio,4.0
2023,Nampula,Ilha de Moçambique,Junho,4.0
2023,Nampula,Ilha de Moçambique,Julho,4.0
2023,Nampula,Ilha de Moçambique,Agosto,4.0
2023,Nampula,Ilha de Moçambique,Setembro,4.0
2023,Nampula,Ilha de Moçambique,Outubro,4.0
2023,Nampula,Nacaroa,Março,1.0
2023,Nampula,Ilha de Moçambique,Novembro,4.0
2023,Nampula,Lalaua,Janeiro,2.0
2023,Nampula,Lalaua,Fevereiro,2.0
2023,Nampula,Malema,Agosto,4.0
2023,Nampula,Lalaua,Abril,2.0
2023,Nampula,Lalaua,Maio,2.0
2023,Nampula,Lalaua,Junho,2.0
2023,Nampula,Lalaua,Julho,2.0
2023,Nampula,Lalaua,Agosto,2.0
2023,Nampula,Lalaua,Setembro,2.0
2023,Nampula,Lalaua,Outubro,2.0
2023,Nampula,Lalaua,Novembro,2.0
2023,Nampula,Lalaua,Dezembro,2.0
2023,Nampula,Ilha de Moçambique,Dezembro,4.0
2023,Nampula,Nacaroa,Fevereiro,1.0
2023,Nampula,Lalaua,Março,2.0
2024,Niassa,Chimbunhila,Maio,1.0
2024,Niassa,Chimbunhila,Junho,1.0
2024,Niassa,Chimbunhila,Julho,1.0
2024,Niassa,Chimbunhila,Agosto,1.0
2024,Niassa,Nipepe,Junho,1.0
2024,Província de Maputo,Cidade de Maputo,Fevereiro,434.0
2024,Niassa,Nipepe,Setembro,1.0
2024,Niassa,Muembe,Março,1.0
2024,Niassa,Nipepe,Agosto,1.0
2024,Niassa,Sanga,Março,0.0
2024,Niassa,Chimbunhila,Setembro,1.0
2024,Niassa,Chimbunhila,Abril,1.0
2024,Niassa,Sanga,Outubro,0.0
2024,Niassa,Chimbunhila,Fevereiro,1.0
2024,Niassa,Chimbunhila,Janeiro,1.0
2024,Niassa,Sanga,Dezembro,0.0
2024,Niassa,Sanga,Novembro,0.0
2024,Niassa,Sanga,Setembro,0.0
2024,Niassa,Sanga,Agosto,0.0
2024,Niassa,Sanga,Julho,0.0
2024,Niassa,Sanga,Junho,0.0
2024,Niassa,Sanga,Maio,0.0
2024,Niassa,Sanga,Abril,0.0
2024,Niassa,Muembe,Maio,1.0
2024,Niassa,Chimbunhila,Março,1.0
2024,Niassa,Muembe,Junho,1.0
2024,Niassa,N´gauma,Agosto,0.0
2024,Niassa,Muembe,Agosto,0.0
2024,Niassa,Sanga,Fevereiro,0.0
2024,Niassa,Maúa,Março,2.0
2024,Niassa,Maúa,Abril,2.0
2024,Niassa,Maúa,Maio,2.0
2024,Niassa,Nipepe,Julho,1.0
2024,Niassa,Nipepe,Maio,1.0
2024,Niassa,Nipepe,Abril,1.0
2024,Niassa,Nipepe,Março,1.0
2024,Niassa,Nipepe,Fevereiro,1.0
2024,Niassa,Nipepe,Janeiro,1.0
2024,Niassa,N´gauma,Dezembro,0.0
2024,Niassa,N´gauma,Novembro,0.0
2024,Niassa,N´gauma,Outubro,0.0
2024,Niassa,N´gauma,Setembro,0.0
2024,Niassa,N´gauma,Julho,0.0
2024,Niassa,N´gauma,Junho,0.0
2024,Niassa,N´gauma,Maio,0.0
2024,Niassa,N´gauma,Abril,0.0
2024,Niassa,N´gauma,Março,0.0
2024,Niassa,N´gauma,Fevereiro,0.0
2024,Niassa,N´gauma,Janeiro,0.0
2024,Niassa,Muembe,Dezembro,0.0
2024,Niassa,Muembe,Novembro,0.0
2024,Niassa,Muembe,Outubro,0.0
2024,Niassa,Muembe,Setembro,0.0
2024,Niassa,Muembe,Julho,0.0
2024,Niassa,Sanga,Janeiro,0.0
2024,Niassa,Mecula,Abril,2.0
2024,Niassa,Nipepe,Novembro,1.0
2024,Niassa,Mecanhelas,Agosto,3.0
2024,Niassa,Mecanhelas,Outubro,3.0
2024,Niassa,Muembe,Janeiro,1.0
2024,Niassa,Mecanhelas,Novembro,3.0
2024,Niassa,Metarica,Dezembro,0.0
2024,Niassa,Metarica,Novembro,0.0
2024,Niassa,Metarica,Outubro,0.0
2024,Niassa,Metarica,Setembro,0.0
2024,Niassa,Metarica,Agosto,0.0
2024,Niassa,Metarica,Julho,0.0
2024,Niassa,Metarica,Junho,0.0
2024,Niassa,Metarica,Maio,0.0
2024,Niassa,Metarica,Abril,0.0
2024,Niassa,Metarica,Março,0.0
2024,Niassa,Metarica,Fevereiro,0.0
2024,Niassa,Metarica,Janeiro,0.0
2024,Niassa,Mecula,Dezembro,2.0
2024,Niassa,Mecula,Novembro,2.0
2024,Niassa,Mecula,Outubro,2.0
2024,Niassa,Mecula,Setembro,2.0
2024,Niassa,Mecula,Agosto,2.0
2024,Niassa,Mecula,Julho,2.0
2024,Niassa,Mecula,Junho,2.0
2024,Niassa,Mecula,Maio,2.0
2024,Cabo Delgado,Quissanga,Março,0.0
2024,Niassa,Maúa,Julho,2.0
2024,Niassa,Maúa,Agosto,2.0
2024,Niassa,Maúa,Setembro,2.0
2024,Niassa,Maúa,Outubro,2.0
2024,Niassa,Nipepe,Outubro,1.0
2024,Niassa,Muembe,Abril,1.0
2024,Niassa,Muembe,Fevereiro,1.0
2024,Niassa,Maúa,Junho,2.0
2024,Niassa,Mecanhelas,Setembro,3.0
2024,Niassa,Mecanhelas,Julho,3.0
2024,Niassa,Mecanhelas,Junho,3.0
2024,Niassa,Mecanhelas,Maio,3.0
2024,Niassa,Mecanhelas,Abril,3.0
2024,Niassa,Mecanhelas,Março,3.0
2024,Niassa,Mecanhelas,Fevereiro,3.0
2024,Niassa,Mecanhelas,Janeiro,3.0
2024,Niassa,Nipepe,Dezembro,1.0
2024,Niassa,Mavago,Dezembro,2.0
2024,Niassa,Mavago,Outubro,2.0
2024,Niassa,Mavago,Setembro,2.0
2024,Niassa,Mavago,Agosto,2.0
2024,Niassa,Mavago,Julho,2.0
2024,Niassa,Mavago,Junho,2.0
2024,Niassa,Mavago,Maio,2.0
2024,Niassa,Mavago,Abril,2.0
2024,Niassa,Mavago,Março,2.0
2024,Niassa,Mavago,Fevereiro,2.0
2024,Niassa,Mavago,Janeiro,2.0
2024,Niassa,Maúa,Dezembro,2.0
2024,Niassa,Maúa,Novembro,2.0
2024,Niassa,Mavago,Novembro,2.0
2024,Cabo Delgado,Quissanga,Abril,0.0
2024,Niassa,Chimbunhila,Outubro,1.0
2024,Cabo Delgado,Quissanga,Junho,0.0
2024,Niassa,Cuamba,Agosto,15.0
2024,Niassa,Manjune,Outubro,1.0
2024,Niassa,Manjune,Novembro,1.0
2024,Niassa,Manjune,Dezembro,1.0
2024,Niassa,Mandimba,Janeiro,2.0
2024,Niassa,Maúa,Fevereiro,2.0
2024,Niassa,Maúa,Janeiro,2.0
2024,Niassa,Marrupa,Dezembro,2.0
2024,Niassa,Marrupa,Novembro,2.0
2024,Niassa,Marrupa,Outubro,2.0
2024,Niassa,Marrupa,Setembro,2.0
2024,Niassa,Marrupa,Agosto,2.0
2024,Niassa,Marrupa,Julho,2.0
2024,Niassa,Marrupa,Junho,2.0
2024,Niassa,Marrupa,Maio,2.0
2024,Niassa,Marrupa,Abril,2.0
2024,Niassa,Marrupa,Março,2.0
2024,Niassa,Marrupa,Fevereiro,2.0
2024,Niassa,Marrupa,Janeiro,2.0
2024,Niassa,Mandimba,Dezembro,2.0
2024,Niassa,Mandimba,Novembro,2.0
2024,Niassa,Mandimba,Outubro,2.0
2024,Niassa,Mandimba,Setembro,2.0
2024,Niassa,Mandimba,Agosto,2.0
2024,Niassa,Mandimba,Julho,2.0
2024,Niassa,Cuamba,Setembro,15.0
2024,Niassa,Mandimba,Junho,2.0
2024,Niassa,Cuamba,Outubro,15.0
2024,Niassa,Cuamba,Dezembro,15.0
2024,Niassa,Mecula,Março,2.0
2024,Nampula,Nacaroa,Abril,1.0
2024,Zambézia,Cidade de Quelimane,Julho,41.0
2024,Niassa,Lago,Setembro,3.0
2024,Niassa,Manjune,Setembro,1.0
2024,Niassa,Manjune,Agosto,1.0
2024,Niassa,Manjune,Julho,1.0
2024,Niassa,Manjune,Junho,1.0
2024,Niassa,Manjune,Maio,1.0
2024,Niassa,Manjune,Abril,1.0
2024,Niassa,Manjune,Março,1.0
2024,Niassa,Manjune,Fevereiro,1.0
2024,Niassa,Manjune,Janeiro,1.0
2024,Niassa,Lago,Dezembro,3.0
2024,Niassa,Lago,Novembro,3.0
2024,Niassa,Lago,Outubro,3.0
2024,Niassa,Lago,Agosto,3.0
2024,Nampula,Nacaroa,Maio,1.0
2024,Niassa,Lago,Julho,3.0
2024,Niassa,Lago,Junho,3.0
2024,Niassa,Lago,Maio,3.0
2024,Niassa,Lago,Abril,3.0
2024,Niassa,Lago,Março,3.0
2024,Niassa,Lago,Fevereiro,3.0
2024,Niassa,Lago,Janeiro,3.0
2024,Niassa,Cuamba,Novembro,15.0
2024,Niassa,Mandimba,Maio,2.0
2024,Niassa,Mandimba,Abril,2.0
2024,Niassa,Mandimba,Março,2.0
2024,Cabo Delgado,Pemba-Metuge,Novembro,0.0
2024,Cabo Delgado,Quissanga,Janeiro,0.0
2024,Niassa,Cuamba,Abril,16.0
2024,Cabo Delgado,Quissanga,Fevereiro,0.0
2024,Niassa,Cuamba,Março,16.0
2024,Niassa,Cuamba,Fevereiro,16.0
2024,Niassa,Cuamba,Janeiro,16.0
2024,Niassa,Cidade de Lichinga,Dezembro,26.0
2024,Niassa,Cidade de Lichinga,Novembro,26.0
2024,Niassa,Cidade de Lichinga,Outubro,26.0
2024,Niassa,Cidade de Lichinga,Setembro,26.0
2024,Niassa,Cidade de Lichinga,Agosto,26.0
2024,Niassa,Cidade de Lichinga,Julho,27.0
2024,Niassa,Cidade de Lichinga,Junho,34.0
2024,Niassa,Cidade de Lichinga,Maio,34.0
2024,Niassa,Cidade de Lichinga,Abril,34.0
2024,Niassa,Cidade de Lichinga,Março,33.0
2024,Niassa,Cidade de Lichinga,Fevereiro,33.0
2024,Niassa,Cidade de Lichinga,Janeiro,33.0
2024,Cabo Delgado,Quissanga,Dezembro,2.0
2024,Cabo Delgado,Quissanga,Novembro,2.0
2024,Cabo Delgado,Quissanga,Outubro,0.0
2024,Cabo Delgado,Quissanga,Setembro,0.0
2024,Cabo Delgado,Quissanga,Agosto,0.0
2024,Cabo Delgado,Quissanga,Julho,0.0
2024,Cabo Delgado,Nangade,Outubro,0.0
2024,Cabo Delgado,Nangade,Novembro,0.0
2024,Cabo Delgado,Nangade,Dezembro,0.0
2024,Cabo Delgado,Palma,Janeiro,8.0
2024,Niassa,Mandimba,Fevereiro,2.0
2024,Niassa,Cuamba,Julho,15.0
2024,Niassa,Cuamba,Junho,16.0
2024,Niassa,Cuamba,Maio,16.0
2024,Cabo Delgado,Pemba-Metuge,Dezembro,0.0
2024,Cabo Delgado,Pemba-Metuge,Outubro,2.0
2024,Cabo Delgado,Pemba-Metuge,Setembro,2.0
2024,Cabo Delgado,Pemba-Metuge,Agosto,2.0
2024,Cabo Delgado,Pemba-Metuge,Julho,2.0
2024,Cabo Delgado,Pemba-Metuge,Junho,2.0
2024,Cabo Delgado,Pemba-Metuge,Maio,2.0
2024,Cabo Delgado,Pemba-Metuge,Abril,2.0
2024,Cabo Delgado,Quissanga,Maio,0.0
2024,Cabo Delgado,Pemba-Metuge,Março,2.0
2024,Cabo Delgado,Pemba-Metuge,Janeiro,2.0
2024,Cabo Delgado,Palma,Dezembro,10.0
2024,Cabo Delgado,Palma,Novembro,10.0
2024,Cabo Delgado,Palma,Outubro,8.0
2024,Cabo Delgado,Palma,Setembro,8.0
2024,Cabo Delgado,Palma,Agosto,8.0
2024,Cabo Delgado,Palma,Julho,8.0
2024,Cabo Delgado,Palma,Junho,8.0
2024,Cabo Delgado,Palma,Maio,10.0
2024,Cabo Delgado,Palma,Abril,10.0
2024,Cabo Delgado,Palma,Março,8.0
2024,Cabo Delgado,Palma,Fevereiro,8.0
2024,Cabo Delgado,Pemba-Metuge,Fevereiro,2.0
2024,Niassa,Mecula,Fevereiro,2.0
2024,Nampula,Ribaué,Janeiro,6.0
2024,Niassa,Mecanhelas,Dezembro,3.0
2024,Cabo Delgado,Mocimboa da Praia,Outubro,1.0
2024,Cabo Delgado,Muidumbe,Abril,0.0
2024,Cabo Delgado,Nangade,Maio,0.0
2024,Cabo Delgado,Nangade,Abril,0.0
2024,Cabo Delgado,Nangade,Março,0.0
2024,Cabo Delgado,Nangade,Fevereiro,0.0
2024,Cabo Delgado,Nangade,Janeiro,0.0
2024,Cabo Delgado,Namuno,Dezembro,2.0
2024,Cabo Delgado,Namuno,Novembro,2.0
2024,Cabo Delgado,Namuno,Outubro,2.0
2024,Cabo Delgado,Namuno,Setembro,2.0
2024,Cabo Delgado,Namuno,Agosto,2.0
2024,Cabo Delgado,Namuno,Julho,2.0
2024,Cabo Delgado,Namuno,Junho,2.0
2024,Cabo Delgado,Namuno,Maio,2.0
2024,Cabo Delgado,Namuno,Abril,2.0
2024,Cabo Delgado,Namuno,Março,2.0
2024,Cabo Delgado,Namuno,Fevereiro,2.0
2024,Cabo Delgado,Namuno,Janeiro,2.0
2024,Cabo Delgado,Muidumbe,Dezembro,0.0
2024,Cabo Delgado,Muidumbe,Novembro,0.0
2024,Cabo Delgado,Muidumbe,Outubro,0.0
2024,Cabo Delgado,Muidumbe,Setembro,0.0
2024,Cabo Delgado,Muidumbe,Agosto,0.0
2024,Cabo Delgado,Muidumbe,Julho,0.0
2024,Cabo Delgado,Muidumbe,Março,0.0
2024,Cabo Delgado,Muidumbe,Junho,0.0
2024,Cabo Delgado,Muidumbe,Janeiro,0.0
2024,Cabo Delgado,Montepuez,Janeiro,9.0
2024,Cabo Delgado,Nangade,Junho,0.0
2024,Cabo Delgado,Muidumbe,Fevereiro,0.0
2024,Cabo Delgado,Mueda,Dezembro,6.0
2024,Cabo Delgado,Mueda,Novembro,5.0
2024,Cabo Delgado,Mueda,Outubro,6.0
2024,Cabo Delgado,Mueda,Setembro,5.0
2024,Cabo Delgado,Mueda,Agosto,5.0
2024,Cabo Delgado,Mueda,Julho,6.0
2024,Cabo Delgado,Mueda,Junho,6.0
2024,Cabo Delgado,Mueda,Maio,6.0
2024,Cabo Delgado,Mueda,Abril,6.0
2024,Cabo Delgado,Mueda,Março,6.0
2024,Cabo Delgado,Mueda,Fevereiro,6.0
2024,Cabo Delgado,Mueda,Janeiro,6.0
2024,Cabo Delgado,Montepuez,Dezembro,9.0
2024,Cabo Delgado,Montepuez,Novembro,10.0
2024,Cabo Delgado,Montepuez,Outubro,9.0
2024,Cabo Delgado,Montepuez,Setembro,10.0
2024,Cabo Delgado,Montepuez,Agosto,10.0
2024,Cabo Delgado,Montepuez,Julho,9.0
2024,Cabo Delgado,Montepuez,Junho,9.0
2024,Cabo Delgado,Montepuez,Maio,9.0
2024,Cabo Delgado,Montepuez,Abril,9.0
2024,Cabo Delgado,Montepuez,Março,9.0
2024,Cabo Delgado,Montepuez,Fevereiro,9.0
2024,Cabo Delgado,Mocimboa da Praia,Dezembro,1.0
2024,Cabo Delgado,Chiúre,Dezembro,4.0
2024,Cabo Delgado,Muidumbe,Maio,0.0
2024,Cabo Delgado,Mocimboa da Praia,Setembro,1.0
2024,Cabo Delgado,Mocimboa da Praia,Agosto,1.0
2024,Cabo Delgado,Mecufi,Junho,1.0
2024,Cabo Delgado,Mocimboa da Praia,Julho,1.0
2024,Cabo Delgado,Mocimboa da Praia,Junho,1.0
2024,Cabo Delgado,Mocimboa da Praia,Maio,0.0
2024,Cabo Delgado,Mocimboa da Praia,Abril,0.0
2024,Cabo Delgado,Mocimboa da Praia,Março,1.0
2024,Cabo Delgado,Mocimboa da Praia,Fevereiro,1.0
2024,Cabo Delgado,Mocimboa da Praia,Janeiro,1.0
2024,Cabo Delgado,Meluco,Dezembro,0.0
2024,Cabo Delgado,Meluco,Novembro,0.0
2024,Cabo Delgado,Meluco,Outubro,0.0
2024,Cabo Delgado,Meluco,Setembro,0.0
2024,Cabo Delgado,Meluco,Agosto,0.0
2024,Cabo Delgado,Meluco,Julho,0.0
2024,Cabo Delgado,Meluco,Junho,0.0
2024,Cabo Delgado,Meluco,Maio,0.0
2024,Cabo Delgado,Meluco,Abril,0.0
2024,Cabo Delgado,Meluco,Março,0.0
2024,Cabo Delgado,Meluco,Fevereiro,0.0
2024,Cabo Delgado,Meluco,Janeiro,0.0
2024,Cabo Delgado,Mecufi,Dezembro,1.0
2024,Cabo Delgado,Mecufi,Novembro,1.0
2024,Cabo Delgado,Mecufi,Outubro,1.0
2024,Cabo Delgado,Mecufi,Setembro,1.0
2024,Cabo Delgado,Mecufi,Maio,1.0
2024,Cabo Delgado,Mocimboa da Praia,Novembro,1.0
2024,Cabo Delgado,Mecufi,Março,1.0
2024,Cabo Delgado,Ibo,Março,0.0
2024,Cabo Delgado,Ibo,Janeiro,0.0
2024,Cabo Delgado,Mecufi,Abril,1.0
2024,Cabo Delgado,Mecufi,Fevereiro,1.0
2024,Cabo Delgado,Mecufi,Janeiro,1.0
2024,Cabo Delgado,Macomia,Dezembro,0.0
2024,Cabo Delgado,Macomia,Novembro,0.0
2024,Cabo Delgado,Macomia,Outubro,0.0
2024,Cabo Delgado,Macomia,Setembro,0.0
2024,Cabo Delgado,Macomia,Agosto,0.0
2024,Cabo Delgado,Macomia,Julho,0.0
2024,Cabo Delgado,Macomia,Junho,0.0
2024,Cabo Delgado,Macomia,Maio,0.0
2024,Cabo Delgado,Macomia,Abril,0.0
2024,Cabo Delgado,Macomia,Março,0.0
2024,Cabo Delgado,Macomia,Fevereiro,0.0
2024,Cabo Delgado,Macomia,Janeiro,0.0
2024,Cabo Delgado,Ibo,Dezembro,0.0
2024,Cabo Delgado,Ibo,Novembro,0.0
2024,Cabo Delgado,Ibo,Outubro,0.0
2024,Cabo Delgado,Ibo,Setembro,0.0
2024,Cabo Delgado,Ibo,Agosto,0.0
2024,Cabo Delgado,Ibo,Julho,0.0
2024,Cabo Delgado,Ibo,Junho,0.0
2024,Cabo Delgado,Ibo,Maio,0.0
2024,Cabo Delgado,Ibo,Abril,0.0
2024,Cabo Delgado,Ibo,Fevereiro,0.0
2024,Cabo Delgado,Chiúre,Outubro,4.0
2024,Nampula,Rapale-Nampula,Novembro,0.0
2024,Nampula,Rapale-Nampula,Dezembro,0.0
2024,Cabo Delgado,Ancuabe,Maio,1.0
2024,Cabo Delgado,Ancuabe,Julho,1.0
2024,Nampula,Larde,Fevereiro,0.0
2024,Cabo Delgado,Ancuabe,Agosto,1.0
2024,Cabo Delgado,Chiúre,Setembro,4.0
2024,Cabo Delgado,Chiúre,Agosto,4.0
2024,Cabo Delgado,Chiúre,Julho,4.0
2024,Cabo Delgado,Chiúre,Junho,4.0
2024,Cabo Delgado,Chiúre,Maio,4.0
2024,Cabo Delgado,Chiúre,Abril,4.0
2024,Cabo Delgado,Chiúre,Março,4.0
2024,Cabo Delgado,Chiúre,Fevereiro,4.0
2024,Cabo Delgado,Chiúre,Janeiro,4.0
2024,Cabo Delgado,Balama,Dezembro,5.0
2024,Cabo Delgado,Balama,Novembro,5.0
2024,Cabo Delgado,Balama,Outubro,5.0
2024,Cabo Delgado,Balama,Setembro,5.0
2024,Cabo Delgado,Balama,Agosto,5.0
2024,Cabo Delgado,Balama,Julho,5.0
2024,Cabo Delgado,Balama,Junho,5.0
2024,Cabo Delgado,Balama,Maio,5.0
2024,Cabo Delgado,Balama,Abril,5.0
2024,Cabo Delgado,Balama,Março,5.0
2024,Cabo Delgado,Balama,Fevereiro,5.0
2024,Cabo Delgado,Balama,Janeiro,5.0
2024,Nampula,Larde,Abril,0.0
2024,Cabo Delgado,Ancuabe,Dezembro,1.0
2024,Nampula,Larde,Maio,0.0
2024,Nampula,Larde,Julho,0.0
2024,Cabo Delgado,Nangade,Setembro,0.0
2024,Cabo Delgado,Nangade,Agosto,0.0
2024,Cabo Delgado,Nangade,Julho,0.0
2024,Cabo Delgado,Ancuabe,Junho,1.0
2024,Cabo Delgado,Ancuabe,Abril,1.0
2024,Cabo Delgado,Ancuabe,Março,1.0
2024,Cabo Delgado,Ancuabe,Fevereiro,1.0
2024,Cabo Delgado,Ancuabe,Janeiro,1.0
2024,Cabo Delgado,Cidade de Pemba,Dezembro,38.0
2024,Cabo Delgado,Cidade de Pemba,Novembro,36.0
2024,Cabo Delgado,Cidade de Pemba,Outubro,37.0
2024,Cabo Delgado,Cidade de Pemba,Setembro,36.0
2024,Cabo Delgado,Cidade de Pemba,Agosto,36.0
2024,Cabo Delgado,Cidade de Pemba,Julho,39.0
2024,Cabo Delgado,Cidade de Pemba,Junho,39.0
2024,Cabo Delgado,Cidade de Pemba,Maio,40.0
2024,Cabo Delgado,Cidade de Pemba,Abril,39.0
2024,Cabo Delgado,Cidade de Pemba,Março,40.0
2024,Cabo Delgado,Cidade de Pemba,Fevereiro,39.0
2024,Cabo Delgado,Cidade de Pemba,Janeiro,39.0
2024,Nampula,Larde,Dezembro,0.0
2024,Nampula,Larde,Novembro,0.0
2024,Nampula,Larde,Outubro,0.0
2024,Nampula,Larde,Setembro,0.0
2024,Nampula,Larde,Agosto,0.0
2024,Nampula,Larde,Junho,0.0
2024,Cabo Delgado,Ancuabe,Novembro,1.0
2024,Cabo Delgado,Ancuabe,Outubro,1.0
2024,Cabo Delgado,Ancuabe,Setembro,1.0
2024,Nampula,Rapale-Nampula,Setembro,0.0
2024,Nampula,Liupo,Dezembro,0.0
2024,Nampula,Rapale-Nampula,Outubro,0.0
2024,Nampula,Liupo,Novembro,0.0
2024,Nampula,Liupo,Outubro,0.0
2024,Nampula,Liupo,Setembro,0.0
2024,Nampula,Liupo,Agosto,0.0
2024,Nampula,Liupo,Julho,0.0
2024,Nampula,Liupo,Junho,0.0
2024,Nampula,Liupo,Maio,0.0
2024,Nampula,Liupo,Abril,0.0
2024,Nampula,Liupo,Março,0.0
2024,Nampula,Liupo,Fevereiro,0.0
2024,Nampula,Liupo,Janeiro,0.0
2024,Nampula,Ribaué,Dezembro,6.0
2024,Nampula,Ribaué,Novembro,6.0
2024,Nampula,Ribaué,Outubro,6.0
2024,Nampula,Ribaué,Setembro,6.0
2024,Nampula,Ribaué,Agosto,6.0
2024,Nampula,Ribaué,Julho,6.0
2024,Nampula,Ribaué,Junho,6.0
2024,Nampula,Ribaué,Maio,6.0
2024,Nampula,Ribaué,Abril,6.0
2024,Nampula,Ribaué,Março,6.0
2024,Nampula,Ribaué,Fevereiro,6.0
2024,Nampula,Rapale-Nampula,Julho,0.0
2024,Nampula,Nacaroa,Junho,1.0
2024,Nampula,Nacaroa,Julho,1.0
2024,Nampula,Nacaroa,Agosto,1.0
2024,Nampula,Larde,Março,0.0
2024,Nampula,Larde,Janeiro,0.0
2024,Cabo Delgado,Chiúre,Novembro,4.0
2024,Nampula,Rapale-Nampula,Agosto,0.0
2024,Nampula,Rapale-Nampula,Junho,0.0
2024,Nampula,Rapale-Nampula,Maio,0.0
2024,Nampula,Rapale-Nampula,Abril,0.0
2024,Nampula,Rapale-Nampula,Março,0.0
2024,Nampula,Rapale-Nampula,Fevereiro,0.0
2024,Nampula,Rapale-Nampula,Janeiro,0.0
2024,Nampula,Namapa-Erati,Dezembro,2.0
2024,Nampula,Namapa-Erati,Novembro,2.0
2024,Niassa,Mecula,Janeiro,2.0
2024,Nampula,Namapa-Erati,Outubro,2.0
2024,Nampula,Namapa-Erati,Agosto,2.0
2024,Nampula,Namapa-Erati,Julho,2.0
2024,Nampula,Namapa-Erati,Junho,2.0
2024,Nampula,Namapa-Erati,Maio,2.0
2024,Nampula,Namapa-Erati,Abril,2.0
2024,Nampula,Namapa-Erati,Março,2.0
2024,Nampula,Namapa-Erati,Fevereiro,2.0
2024,Nampula,Namapa-Erati,Janeiro,2.0
2024,Nampula,Nacaroa,Dezembro,1.0
2024,Nampula,Nacaroa,Novembro,1.0
2024,Nampula,Nacaroa,Outubro,1.0
2024,Nampula,Nacaroa,Setembro,1.0
2024,Nampula,Namapa-Erati,Setembro,2.0
2024,Niassa,Chimbunhila,Novembro,1.0
2024,Niassa,Chimbunhila,Dezembro,1.0
2024,Zambézia,Morrumbala,Novembro,2.0
2024,Nampula,Muecate,Novembro,1.0
2024,Nampula,Monapo,Junho,5.0
2024,Nampula,Muecate,Dezembro,1.0
2024,Nampula,Nacaroa,Janeiro,1.0
2024,Nampula,Nacala-Velha,Dezembro,4.0
2024,Nampula,Nacala-Velha,Novembro,4.0
2024,Nampula,Nacala-Velha,Outubro,4.0
2024,Nampula,Nacala-Velha,Setembro,4.0
2024,Nampula,Nacala-Velha,Agosto,4.0
2024,Nampula,Nacala-Velha,Julho,4.0
2024,Nampula,Nacala-Velha,Junho,4.0
2024,Nampula,Nacala-Velha,Maio,4.0
2024,Nampula,Nacala-Velha,Abril,4.0
2024,Nampula,Nacala-Velha,Março,4.0
2024,Nampula,Nacala-Velha,Fevereiro,4.0
2024,Nampula,Nacala-Velha,Janeiro,4.0
2024,Nampula,Murrupula,Dezembro,2.0
2024,Nampula,Murrupula,Novembro,2.0
2024,Nampula,Murrupula,Outubro,2.0
2024,Nampula,Murrupula,Setembro,2.0
2024,Nampula,Murrupula,Agosto,2.0
2024,Nampula,Murrupula,Julho,2.0
2024,Nampula,Murrupula,Junho,2.0
2024,Nampula,Murrupula,Maio,2.0
2024,Nampula,Murrupula,Abril,2.0
2024,Nampula,Muecate,Setembro,1.0
2024,Nampula,Murrupula,Março,2.0
2024,Nampula,Monapo,Agosto,5.0
2024,Nampula,Monapo,Outubro,5.0
2024,Nampula,Mecuburi,Julho,3.0
2024,Nampula,Mecuburi,Agosto,3.0
2024,Nampula,Muecate,Outubro,1.0
2024,Nampula,Muecate,Agosto,1.0
2024,Nampula,Muecate,Julho,1.0
2024,Nampula,Muecate,Junho,1.0
2024,Nampula,Muecate,Maio,1.0
2024,Nampula,Muecate,Abril,1.0
2024,Nampula,Muecate,Março,1.0
2024,Nampula,Muecate,Fevereiro,1.0
2024,Nampula,Muecate,Janeiro,1.0
2024,Nampula,Mossuril,Dezembro,2.0
2024,Nampula,Mossuril,Novembro,2.0
2024,Nampula,Mossuril,Outubro,2.0
2024,Nampula,Mossuril,Setembro,2.0
2024,Nampula,Mossuril,Agosto,2.0
2024,Nampula,Mossuril,Julho,2.0
2024,Nampula,Mossuril,Junho,2.0
2024,Nampula,Mossuril,Maio,2.0
2024,Nampula,Mossuril,Abril,2.0
2024,Nampula,Mossuril,Março,2.0
2024,Nampula,Mossuril,Fevereiro,2.0
2024,Nampula,Mossuril,Janeiro,2.0
2024,Nampula,Monapo,Dezembro,5.0
2024,Nampula,Monapo,Novembro,5.0
2024,Nampula,Monapo,Setembro,5.0
2024,Nampula,Mecuburi,Junho,3.0
2024,Nampula,Murrupula,Fevereiro,2.0
2024,Nampula,Monapo,Julho,5.0
2024,Nampula,Mogovolas,Janeiro,2.0
2024,Nampula,Monapo,Abril,5.0
2024,Nampula,Mogovolas,Fevereiro,2.0
2024,Nampula,Monapo,Março,5.0
2024,Nampula,Monapo,Fevereiro,5.0
2024,Nampula,Monapo,Janeiro,5.0
2024,Nampula,Moma,Dezembro,4.0
2024,Nampula,Moma,Novembro,3.0
2024,Nampula,Moma,Outubro,4.0
2024,Nampula,Moma,Setembro,3.0
2024,Nampula,Moma,Agosto,3.0
2024,Nampula,Moma,Julho,4.0
2024,Nampula,Moma,Junho,4.0
2024,Nampula,Moma,Maio,4.0
2024,Nampula,Moma,Abril,4.0
2024,Nampula,Moma,Março,4.0
2024,Nampula,Moma,Fevereiro,4.0
2024,Nampula,Moma,Janeiro,4.0
2024,Nampula,Mogovolas,Dezembro,2.0
2024,Nampula,Mogovolas,Novembro,3.0
2024,Nampula,Mogovolas,Outubro,2.0
2024,Nampula,Mogovolas,Setembro,3.0
2024,Nampula,Mogovolas,Agosto,3.0
2024,Nampula,Mogovolas,Julho,2.0
2024,Nampula,Mogovolas,Junho,2.0
2024,Nampula,Mogincual,Novembro,1.0
2024,Nampula,Murrupula,Janeiro,2.0
2024,Nampula,Mecuburi,Outubro,3.0
2024,Nampula,Mecuburi,Dezembro,3.0
2024,Nampula,Monapo,Maio,5.0
2024,Nampula,Mecuburi,Setembro,3.0
2024,Nampula,Mogincual,Dezembro,1.0
2024,Nampula,Mogincual,Outubro,1.0
2024,Nampula,Mogincual,Setembro,1.0
2024,Nampula,Mogincual,Agosto,1.0
2024,Nampula,Mogincual,Julho,1.0
2024,Nampula,Mogincual,Junho,1.0
2024,Nampula,Mogincual,Maio,1.0
2024,Nampula,Mogincual,Abril,1.0
2024,Nampula,Mogincual,Março,1.0
2024,Nampula,Mogincual,Fevereiro,1.0
2024,Nampula,Mogincual,Janeiro,1.0
2024,Nampula,Memba,Dezembro,1.0
2024,Nampula,Memba,Novembro,1.0
2024,Nampula,Memba,Outubro,1.0
2024,Nampula,Memba,Setembro,1.0
2024,Nampula,Memba,Agosto,1.0
2024,Nampula,Memba,Julho,1.0
2024,Nampula,Memba,Junho,1.0
2024,Nampula,Memba,Maio,1.0
2024,Nampula,Memba,Abril,1.0
2024,Nampula,Memba,Março,1.0
2024,Nampula,Memba,Fevereiro,1.0
2024,Nampula,Memba,Janeiro,1.0
2024,Nampula,Mecuburi,Novembro,3.0
2024,Nampula,Cidade de Nampula,Junho,90.0
2024,Nampula,Cidade de Nampula,Julho,90.0
2024,Nampula,Cidade de Nampula,Agosto,83.0
2024,Nampula,Malema,Janeiro,2.0
2024,Nampula,Malema,Fevereiro,2.0
2024,Nampula,Malema,Março,2.0
2024,Nampula,Malema,Abril,2.0
2024,Nampula,Mecuburi,Maio,2.0
2024,Nampula,Mecuburi,Abril,3.0
2024,Nampula,Mecuburi,Março,3.0
2024,Nampula,Mecuburi,Fevereiro,3.0
2024,Nampula,Mecuburi,Janeiro,3.0
2024,Nampula,Meconta (Namialo),Dezembro,5.0
2024,Nampula,Meconta (Namialo),Novembro,5.0
2024,Nampula,Meconta (Namialo),Outubro,5.0
2024,Nampula,Meconta (Namialo),Setembro,5.0
2024,Nampula,Meconta (Namialo),Agosto,5.0
2024,Nampula,Meconta (Namialo),Julho,5.0
2024,Nampula,Meconta (Namialo),Junho,5.0
2024,Nampula,Meconta (Namialo),Maio,5.0
2024,Nampula,Meconta (Namialo),Abril,5.0
2024,Nampula,Meconta (Namialo),Março,5.0
2024,Nampula,Meconta (Namialo),Fevereiro,5.0
2024,Nampula,Meconta (Namialo),Janeiro,5.0
2024,Nampula,Malema,Dezembro,2.0
2024,Nampula,Malema,Novembro,2.0
2024,Nampula,Malema,Outubro,2.0
2024,Nampula,Malema,Setembro,2.0
2024,Nampula,Angoche,Novembro,4.0
2024,Nampula,Malema,Agosto,2.0
2024,Nampula,Angoche,Dezembro,4.0
2024,Nampula,Ilha de Moçambique,Fevereiro,4.0
2024,Cabo Delgado,Mecufi,Agosto,1.0
2024,Província de Maputo,Cidade de Maputo,Janeiro,427.0
2024,Nampula,Ilha de Moçambique,Dezembro,4.0
2024,Nampula,Lalaua,Dezembro,2.0
2024,Nampula,Lalaua,Novembro,2.0
2024,Nampula,Lalaua,Outubro,2.0
2024,Nampula,Lalaua,Setembro,2.0
2024,Nampula,Lalaua,Agosto,2.0
2024,Nampula,Lalaua,Julho,2.0
2024,Nampula,Lalaua,Junho,2.0
2024,Nampula,Lalaua,Maio,2.0
2024,Nampula,Lalaua,Abril,2.0
2024,Nampula,Lalaua,Março,2.0
2024,Nampula,Lalaua,Fevereiro,2.0
2024,Nampula,Lalaua,Janeiro,2.0
2024,Nampula,Ilha de Moçambique,Novembro,4.0
2024,Nampula,Nacaroa,Março,1.0
2024,Nampula,Ilha de Moçambique,Outubro,4.0
2024,Nampula,Ilha de Moçambique,Setembro,4.0
2024,Nampula,Ilha de Moçambique,Agosto,4.0
2024,Nampula,Ilha de Moçambique,Julho,4.0
2024,Nampula,Ilha de Moçambique,Junho,4.0
2024,Nampula,Ilha de Moçambique,Maio,4.0
2024,Nampula,Ilha de Moçambique,Abril,4.0
2024,Nampula,Ilha de Moçambique,Março,4.0
2024,Nampula,Ilha de Moçambique,Janeiro,4.0
2024,Nampula,Malema,Julho,2.0
2024,Nampula,Malema,Junho,2.0
2024,Nampula,Malema,Maio,2.0
2024,Nampula,Cidade de Nampula,Abril,88.0
2024,Nampula,Angoche,Julho,2.0
2024,Nampula,Cidade de Nampula,Maio,86.0
2024,Nampula,Angoche,Junho,2.0
2024,Nampula,Angoche,Maio,4.0
2024,Nampula,Angoche,Abril,4.0
2024,Nampula,Angoche,Março,4.0
2024,Nampula,Angoche,Fevereiro,4.0
2024,Nampula,Angoche,Janeiro,4.0
2024,Nampula,Cidade de Nacala-Porto,Dezembro,26.0
2024,Nampula,Cidade de Nacala-Porto,Novembro,24.0
2024,Nampula,Cidade de Nacala-Porto,Outubro,26.0
2024,Nampula,Cidade de Nacala-Porto,Setembro,24.0
2024,Nampula,Cidade de Nacala-Porto,Agosto,24.0
2024,Nampula,Cidade de Nacala-Porto,Julho,27.0
2024,Nampula,Cidade de Nacala-Porto,Junho,29.0
2024,Nampula,Cidade de Nacala-Porto,Maio,28.0
2024,Nampula,Cidade de Nacala-Porto,Abril,28.0
2024,Nampula,Cidade de Nacala-Porto,Março,28.0
2024,Nampula,Cidade de Nacala-Porto,Fevereiro,28.0
2024,Nampula,Cidade de Nacala-Porto,Janeiro,27.0
2024,Nampula,Cidade de Nampula,Dezembro,82.0
2024,Nampula,Cidade de Nampula,Novembro,78.0
2024,Nampula,Cidade de Nampula,Outubro,81.0
2024,Nampula,Cidade de Nampula,Setembro,78.0
2024,Nampula,Cidade de Nampula,Fevereiro,88.0
2024,Zambézia,Luabo,Janeiro,0.0
2024,Zambézia,Luabo,Fevereiro,0.0
2024,Zambézia,Luabo,Março,0.0
2024,Nampula,Angoche,Outubro,4.0
2024,Nampula,Angoche,Setembro,4.0
2024,Nampula,Angoche,Agosto,4.0
2024,Nampula,Cidade de Nampula,Março,86.0
2024,Nampula,Cidade de Nampula,Janeiro,89.0
2024,Zambézia,Derre,Dezembro,1.0
2024,Zambézia,Derre,Novembro,1.0
2024,Zambézia,Derre,Outubro,1.0
2024,Zambézia,Derre,Setembro,1.0
2024,Zambézia,Derre,Agosto,1.0
2024,Zambézia,Derre,Julho,1.0
2024,Zambézia,Derre,Junho,1.0
2024,Nampula,Mogovolas,Maio,2.0
2024,Zambézia,Derre,Maio,1.0
2024,Zambézia,Derre,Março,1.0
2024,Zambézia,Derre,Fevereiro,1.0
2024,Zambézia,Derre,Janeiro,1.0
2024,Zambézia,Luabo,Dezembro,0.0
2024,Zambézia,Luabo,Novembro,0.0
2024,Zambézia,Luabo,Outubro,0.0
2024,Zambézia,Luabo,Setembro,0.0
2024,Zambézia,Luabo,Agosto,0.0
2024,Zambézia,Luabo,Julho,0.0
2024,Zambézia,Luabo,Junho,0.0
2024,Zambézia,Luabo,Maio,0.0
2024,Zambézia,Luabo,Abril,0.0
2024,Zambézia,Derre,Abril,1.0
2024,Zambézia,Morrumbala,Outubro,2.0
2024,Nampula,Mogovolas,Abril,2.0
2024,Zambézia,Mulevala,Dezembro,0.0
2024,Zambézia,Nicoadala,Janeiro,3.0
2024,Zambézia,Molumbo,Julho,2.0
2024,Zambézia,Mulevala,Agosto,0.0
2024,Zambézia,Mulevala,Julho,0.0
2024,Zambézia,Mulevala,Junho,0.0
2024,Zambézia,Mulevala,Maio,0.0
2024,Zambézia,Mulevala,Abril,0.0
2024,Zambézia,Mulevala,Março,0.0
2024,Zambézia,Mulevala,Fevereiro,0.0
2024,Zambézia,Mulevala,Janeiro,0.0
2024,Zambézia,Mocubela,Dezembro,0.0
2024,Zambézia,Mocubela,Novembro,0.0
2024,Zambézia,Mocubela,Outubro,0.0
2024,Zambézia,Mocubela,Setembro,0.0
2024,Zambézia,Mocubela,Agosto,0.0
2024,Zambézia,Mocubela,Julho,0.0
2024,Zambézia,Mocubela,Junho,0.0
2024,Zambézia,Mocubela,Maio,0.0
2024,Zambézia,Mocubela,Abril,0.0
2024,Zambézia,Mocubela,Março,0.0
2024,Zambézia,Mocubela,Fevereiro,0.0
2024,Zambézia,Mocubela,Janeiro,0.0
2024,Zambézia,Molumbo,Dezembro,2.0
2024,Zambézia,Molumbo,Novembro,2.0
2024,Zambézia,Molumbo,Outubro,2.0
2024,Zambézia,Molumbo,Junho,2.0
2024,Zambézia,Molumbo,Setembro,2.0
2024,Zambézia,Molumbo,Abril,2.0
2024,Zambézia,Nicoadala,Abril,3.0
2024,Zambézia,Mulevala,Setembro,0.0
2024,Zambézia,Molumbo,Maio,2.0
2024,Zambézia,Molumbo,Março,2.0
2024,Zambézia,Molumbo,Fevereiro,2.0
2024,Zambézia,Molumbo,Janeiro,2.0
2024,Zambézia,Pebane,Dezembro,3.0
2024,Zambézia,Pebane,Novembro,3.0
2024,Zambézia,Pebane,Outubro,3.0
2024,Zambézia,Pebane,Setembro,3.0
2024,Zambézia,Pebane,Agosto,3.0
2024,Zambézia,Pebane,Julho,3.0
2024,Zambézia,Pebane,Junho,3.0
2024,Zambézia,Pebane,Maio,3.0
2024,Zambézia,Pebane,Abril,3.0
2024,Zambézia,Pebane,Março,3.0
2024,Zambézia,Pebane,Fevereiro,3.0
2024,Zambézia,Pebane,Janeiro,3.0
2024,Zambézia,Nicoadala,Dezembro,3.0
2024,Zambézia,Nicoadala,Novembro,3.0
2024,Zambézia,Nicoadala,Outubro,3.0
2024,Zambézia,Nicoadala,Setembro,3.0
2024,Zambézia,Nicoadala,Agosto,3.0
2024,Zambézia,Nicoadala,Julho,3.0
2024,Zambézia,Nicoadala,Junho,3.0
2024,Zambézia,Nicoadala,Maio,3.0
2024,Zambézia,Nicoadala,Março,3.0
2024,Zambézia,Mocuba,Março,16.0
2024,Zambézia,Molumbo,Agosto,2.0
2024,Zambézia,Namarroi,Dezembro,0.0
2024,Zambézia,Namarroi,Novembro,0.0
2024,Zambézia,Morrumbala,Setembro,2.0
2024,Zambézia,Namarroi,Outubro,0.0
2024,Zambézia,Namarroi,Setembro,0.0
2024,Zambézia,Namarroi,Agosto,0.0
2024,Zambézia,Namarroi,Julho,0.0
2024,Zambézia,Namarroi,Junho,0.0
2024,Zambézia,Namarroi,Maio,0.0
2024,Zambézia,Namarroi,Abril,0.0
2024,Zambézia,Namarroi,Março,0.0
2024,Zambézia,Namarroi,Fevereiro,0.0
2024,Zambézia,Namarroi,Janeiro,0.0
2024,Zambézia,Namacurra,Dezembro,2.0
2024,Zambézia,Namacurra,Novembro,2.0
2024,Zambézia,Namacurra,Outubro,2.0
2024,Zambézia,Namacurra,Setembro,2.0
2024,Zambézia,Namacurra,Agosto,2.0
2024,Zambézia,Namacurra,Julho,2.0
2024,Zambézia,Namacurra,Junho,2.0
2024,Zambézia,Namacurra,Maio,2.0
2024,Zambézia,Namacurra,Abril,2.0
2024,Zambézia,Namacurra,Março,2.0
2024,Zambézia,Namacurra,Fevereiro,2.0
2024,Zambézia,Namacurra,Janeiro,2.0
2024,Zambézia,Morrumbala,Dezembro,2.0
2024,Zambézia,Morrumbala,Agosto,2.0
2024,Zambézia,Nicoadala,Fevereiro,3.0
2024,Zambézia,Morrumbala,Junho,2.0
2024,Zambézia,Mocuba,Junho,16.0
2024,Zambézia,Mocuba,Abril,16.0
2024,Zambézia,Morrumbala,Julho,2.0
2024,Zambézia,Morrumbala,Maio,2.0
2024,Zambézia,Morrumbala,Abril,2.0
2024,Zambézia,Morrumbala,Março,2.0
2024,Zambézia,Morrumbala,Fevereiro,2.0
2024,Zambézia,Morrumbala,Janeiro,2.0
2024,Zambézia,Mopeia,Dezembro,2.0
2024,Zambézia,Mopeia,Novembro,2.0
2024,Zambézia,Mopeia,Outubro,2.0
2024,Zambézia,Mopeia,Setembro,2.0
2024,Zambézia,Mopeia,Agosto,2.0
2024,Zambézia,Mopeia,Julho,2.0
2024,Zambézia,Mopeia,Junho,2.0
2024,Zambézia,Mopeia,Maio,2.0
2024,Zambézia,Mopeia,Abril,2.0
2024,Zambézia,Mopeia,Março,2.0
2024,Zambézia,Mopeia,Fevereiro,2.0
2024,Zambézia,Mopeia,Janeiro,2.0
2024,Zambézia,Mocuba,Dezembro,15.0
2024,Zambézia,Mocuba,Novembro,13.0
2024,Zambézia,Mocuba,Outubro,15.0
2024,Zambézia,Mocuba,Setembro,13.0
2024,Zambézia,Mocuba,Agosto,13.0
2024,Zambézia,Mocuba,Julho,16.0
2024,Zambézia,Mocuba,Maio,16.0
2024,Zambézia,Mocuba,Janeiro,16.0
2024,Zambézia,Gurúè,Fevereiro,7.0
2024,Zambézia,Gurúè,Março,7.0
2024,Zambézia,Gilé,Outubro,2.0
2024,Zambézia,Inhassunge,Maio,0.0
2024,Zambézia,Gilé,Novembro,2.0
2024,Zambézia,Milange,Dezembro,6.0
2024,Zambézia,Milange,Novembro,8.0
2024,Zambézia,Milange,Outubro,6.0
2024,Zambézia,Milange,Setembro,8.0
2024,Zambézia,Milange,Agosto,8.0
2024,Zambézia,Milange,Julho,6.0
2024,Zambézia,Milange,Junho,6.0
2024,Zambézia,Milange,Maio,6.0
2024,Zambézia,Milange,Abril,6.0
2024,Zambézia,Milange,Março,6.0
2024,Zambézia,Milange,Fevereiro,6.0
2024,Zambézia,Milange,Janeiro,6.0
2024,Zambézia,Maganja da Costa,Dezembro,2.0
2024,Zambézia,Maganja da Costa,Novembro,2.0
2024,Zambézia,Maganja da Costa,Outubro,2.0
2024,Zambézia,Maganja da Costa,Setembro,2.0
2024,Zambézia,Maganja da Costa,Agosto,2.0
2024,Zambézia,Maganja da Costa,Julho,2.0
2024,Zambézia,Maganja da Costa,Junho,2.0
2024,Zambézia,Maganja da Costa,Maio,2.0
2024,Zambézia,Maganja da Costa,Abril,2.0
2024,Zambézia,Maganja da Costa,Março,2.0
2024,Zambézia,Gilé,Agosto,2.0
2024,Zambézia,Maganja da Costa,Fevereiro,2.0
2024,Zambézia,Inhassunge,Julho,0.0
2024,Zambézia,Inhassunge,Setembro,0.0
2024,Zambézia,Mulevala,Novembro,0.0
2024,Zambézia,Mulevala,Outubro,0.0
2024,Zambézia,Gilé,Setembro,2.0
2024,Zambézia,Gilé,Julho,2.0
2024,Zambézia,Gilé,Junho,2.0
2024,Zambézia,Gilé,Maio,2.0
2024,Zambézia,Gilé,Abril,2.0
2024,Zambézia,Gilé,Março,2.0
2024,Zambézia,Gilé,Fevereiro,2.0
2024,Zambézia,Gilé,Janeiro,2.0
2024,Zambézia,Lugela,Dezembro,0.0
2024,Zambézia,Lugela,Novembro,0.0
2024,Zambézia,Lugela,Outubro,0.0
2024,Zambézia,Lugela,Setembro,0.0
2024,Zambézia,Lugela,Agosto,0.0
2024,Zambézia,Lugela,Julho,0.0
2024,Zambézia,Lugela,Junho,0.0
2024,Zambézia,Lugela,Maio,0.0
2024,Zambézia,Lugela,Abril,0.0
2024,Zambézia,Lugela,Março,0.0
2024,Zambézia,Lugela,Fevereiro,0.0
2024,Zambézia,Lugela,Janeiro,0.0
2024,Zambézia,Inhassunge,Dezembro,0.0
2024,Zambézia,Inhassunge,Novembro,0.0
2024,Zambézia,Inhassunge,Outubro,0.0
2024,Zambézia,Inhassunge,Agosto,0.0
2024,Zambézia,Maganja da Costa,Janeiro,2.0
2024,Zambézia,Gilé,Dezembro,2.0
2024,Zambézia,Inhassunge,Junho,0.0
2024,Zambézia,Inhassunge,Março,0.0
2024,Zambézia,Gurúè,Janeiro,7.0
2024,Zambézia,Inhassunge,Fevereiro,0.0
2024,Zambézia,Inhassunge,Janeiro,0.0
2024,Zambézia,Ile,Dezembro,1.0
2024,Zambézia,Ile,Novembro,1.0
2024,Zambézia,Ile,Outubro,1.0
2024,Zambézia,Ile,Setembro,1.0
2024,Zambézia,Ile,Agosto,1.0
2024,Zambézia,Ile,Julho,1.0
2024,Zambézia,Ile,Junho,1.0
2024,Zambézia,Ile,Maio,1.0
2024,Zambézia,Ile,Abril,1.0
2024,Zambézia,Ile,Março,1.0
2024,Zambézia,Ile,Fevereiro,1.0
2024,Zambézia,Ile,Janeiro,1.0
2024,Zambézia,Gurúè,Dezembro,7.0
2024,Zambézia,Gurúè,Novembro,7.0
2024,Zambézia,Gurúè,Outubro,7.0
2024,Zambézia,Gurúè,Setembro,7.0
2024,Zambézia,Gurúè,Agosto,7.0
2024,Zambézia,Gurúè,Julho,7.0
2024,Zambézia,Gurúè,Junho,7.0
2024,Zambézia,Gurúè,Maio,7.0
2024,Zambézia,Gurúè,Abril,7.0
2024,Zambézia,Chinde,Dezembro,0.0
2024,Zambézia,Chinde,Outubro,0.0
2024,Zambézia,Cidade de Quelimane,Setembro,39.0
2024,Zambézia,Cidade de Quelimane,Outubro,40.0
2024,Zambézia,Inhassunge,Abril,0.0
2024,Zambézia,Mocuba,Fevereiro,16.0
2024,Zambézia,Chinde,Novembro,0.0
2024,Zambézia,Chinde,Setembro,0.0
2024,Zambézia,Chinde,Agosto,0.0
2024,Zambézia,Chinde,Julho,0.0
2024,Zambézia,Chinde,Junho,0.0
2024,Zambézia,Chinde,Maio,0.0
2024,Zambézia,Chinde,Abril,0.0
2024,Zambézia,Chinde,Março,0.0
2024,Zambézia,Chinde,Fevereiro,0.0
2024,Zambézia,Chinde,Janeiro,0.0
2024,Nampula,Mogovolas,Março,2.0
2024,Zambézia,Alto Molócuè,Dezembro,5.0
2024,Zambézia,Alto Molócuè,Outubro,5.0
2024,Zambézia,Alto Molócuè,Setembro,5.0
2024,Zambézia,Alto Molócuè,Agosto,5.0
2024,Zambézia,Alto Molócuè,Julho,5.0
2024,Zambézia,Alto Molócuè,Junho,6.0
2024,Zambézia,Alto Molócuè,Maio,6.0
2024,Zambézia,Alto Molócuè,Abril,6.0
2024,Zambézia,Alto Molócuè,Março,6.0
2024,Zambézia,Alto Molócuè,Fevereiro,6.0
2024,Zambézia,Alto Molócuè,Janeiro,6.0
2024,Zambézia,Cidade de Quelimane,Dezembro,40.0
2024,Zambézia,Cidade de Quelimane,Novembro,39.0
2024,Zambézia,Alto Molócuè,Novembro,5.0
2024,Cabo Delgado,Mecufi,Julho,1.0
2024,Gaza,Chicualacuala,Abril,2.0
2024,Nampula,Nacaroa,Fevereiro,1.0
2024,Tete,Doa,Fevereiro,0.0
2024,Sofala,Buzi,Novembro,2.0
2024,Zambézia,Cidade de Quelimane,Fevereiro,40.0
2024,Zambézia,Cidade de Quelimane,Janeiro,40.0
2024,Tete,Marara,Dezembro,1.0
2024,Tete,Marara,Novembro,0.0
2024,Tete,Marara,Outubro,1.0
2024,Tete,Marara,Setembro,0.0
2024,Tete,Marara,Agosto,0.0
2024,Tete,Marara,Julho,1.0
2024,Tete,Marara,Junho,1.0
2024,Tete,Marara,Maio,1.0
2024,Tete,Marara,Abril,1.0
2024,Tete,Marara,Março,1.0
2024,Tete,Marara,Fevereiro,1.0
2024,Tete,Marara,Janeiro,1.0
2024,Tete,Doa,Dezembro,0.0
2024,Tete,Doa,Novembro,1.0
2024,Tete,Doa,Outubro,0.0
2024,Tete,Doa,Setembro,1.0
2024,Tete,Doa,Agosto,1.0
2024,Tete,Doa,Julho,0.0
2024,Tete,Doa,Junho,0.0
2024,Tete,Doa,Maio,0.0
2024,Tete,Doa,Abril,0.0
2024,Tete,Mutarara,Agosto,2.0
2024,Tete,Doa,Março,0.0
2024,Tete,Doa,Janeiro,0.0
2024,Tete,Mutarara,Outubro,2.0
2024,Tete,Zumbo,Dezembro,1.0
2024,Tete,Zumbo,Outubro,1.0
2024,Tete,Zumbo,Setembro,1.0
2024,Tete,Zumbo,Agosto,1.0
2024,Tete,Zumbo,Julho,1.0
2024,Tete,Zumbo,Junho,1.0
2024,Tete,Zumbo,Maio,1.0
2024,Tete,Zumbo,Abril,1.0
2024,Tete,Zumbo,Março,1.0
2024,Tete,Zumbo,Fevereiro,1.0
2024,Tete,Zumbo,Janeiro,1.0
2024,Tete,Tsangano,Dezembro,1.0
2024,Tete,Tsangano,Novembro,1.0
2024,Tete,Tsangano,Outubro,1.0
2024,Tete,Tsangano,Setembro,1.0
2024,Tete,Tsangano,Agosto,1.0
2024,Tete,Tsangano,Julho,1.0
2024,Tete,Tsangano,Junho,1.0
2024,Tete,Tsangano,Maio,1.0
2024,Tete,Tsangano,Abril,1.0
2024,Tete,Tsangano,Março,1.0
2024,Tete,Tsangano,Fevereiro,1.0
2024,Tete,Tsangano,Janeiro,1.0
2024,Tete,Mutarara,Dezembro,2.0
2024,Tete,Mutarara,Novembro,2.0
2024,Tete,Zumbo,Novembro,1.0
2024,Manica,Sussundenga,Janeiro,2.0
2024,Tete,Mutarara,Setembro,2.0
2024,Tete,Chiuta,Novembro,2.0
2024,Tete,Maravia,Abril,2.0
2024,Tete,Mutarara,Maio,2.0
2024,Tete,Mutarara,Abril,2.0
2024,Tete,Mutarara,Março,2.0
2024,Tete,Mutarara,Fevereiro,2.0
2024,Tete,Mutarara,Janeiro,2.0
2024,Tete,Moatize,Dezembro,13.0
2024,Tete,Moatize,Novembro,11.0
2024,Tete,Moatize,Outubro,13.0
2024,Tete,Moatize,Setembro,11.0
2024,Tete,Moatize,Agosto,10.0
2024,Tete,Moatize,Julho,13.0
2024,Tete,Moatize,Junho,13.0
2024,Tete,Moatize,Maio,13.0
2024,Tete,Moatize,Abril,13.0
2024,Tete,Moatize,Março,13.0
2024,Tete,Moatize,Fevereiro,13.0
2024,Tete,Moatize,Janeiro,13.0
2024,Tete,Maravia,Dezembro,2.0
2024,Tete,Maravia,Novembro,4.0
2024,Tete,Maravia,Outubro,2.0
2024,Tete,Maravia,Setembro,4.0
2024,Tete,Maravia,Agosto,4.0
2024,Tete,Maravia,Julho,2.0
2024,Tete,Maravia,Junho,2.0
2024,Tete,Mutarara,Junho,2.0
2024,Tete,Mutarara,Julho,2.0
2024,Tete,Maravia,Março,2.0
2024,Tete,Chiuta,Dezembro,2.0
2024,Tete,Maravia,Fevereiro,2.0
2024,Tete,Mágoe,Dezembro,0.0
2024,Tete,Mágoe,Novembro,0.0
2024,Tete,Mágoe,Outubro,0.0
2024,Tete,Mágoe,Setembro,0.0
2024,Tete,Mágoe,Agosto,0.0
2024,Tete,Mágoe,Julho,0.0
2024,Tete,Mágoe,Junho,0.0
2024,Tete,Mágoe,Maio,0.0
2024,Tete,Mágoe,Abril,0.0
2024,Tete,Mágoe,Março,0.0
2024,Tete,Mágoe,Fevereiro,0.0
2024,Tete,Mágoe,Janeiro,0.0
2024,Tete,Macanga,Dezembro,2.0
2024,Tete,Macanga,Novembro,2.0
2024,Tete,Macanga,Outubro,2.0
2024,Tete,Macanga,Setembro,2.0
2024,Tete,Macanga,Agosto,2.0
2024,Tete,Macanga,Julho,2.0
2024,Tete,Macanga,Junho,2.0
2024,Tete,Macanga,Maio,2.0
2024,Tete,Macanga,Abril,2.0
2024,Tete,Macanga,Março,2.0
2024,Tete,Macanga,Fevereiro,2.0
2024,Tete,Macanga,Janeiro,5.0
2024,Tete,Maravia,Janeiro,2.0
2024,Manica,Sussundenga,Fevereiro,2.0
2024,Tete,Chiuta,Outubro,2.0
2024,Manica,Macate,Agosto,0.0
2024,Tete,Changara,Maio,2.0
2024,Tete,Chiuta,Junho,2.0
2024,Tete,Chiuta,Maio,2.0
2024,Tete,Chiuta,Abril,2.0
2024,Tete,Chiuta,Março,2.0
2024,Tete,Chiuta,Fevereiro,2.0
2024,Tete,Chiuta,Janeiro,2.0
2024,Tete,Chifunde,Dezembro,2.0
2024,Tete,Chifunde,Novembro,2.0
2024,Tete,Chifunde,Outubro,2.0
2024,Tete,Chifunde,Setembro,2.0
2024,Tete,Chifunde,Agosto,2.0
2024,Tete,Chifunde,Julho,2.0
2024,Tete,Chifunde,Junho,2.0
2024,Tete,Chifunde,Maio,2.0
2024,Tete,Chifunde,Abril,2.0
2024,Tete,Chifunde,Março,2.0
2024,Tete,Chifunde,Fevereiro,2.0
2024,Tete,Chifunde,Janeiro,2.0
2024,Tete,Changara,Dezembro,2.0
2024,Tete,Changara,Novembro,2.0
2024,Tete,Changara,Outubro,2.0
2024,Tete,Changara,Setembro,2.0
2024,Tete,Changara,Agosto,2.0
2024,Tete,Changara,Julho,2.0
2024,Tete,Cidade de Tete,Novembro,45.0
2024,Tete,Changara,Junho,2.0
2024,Tete,Changara,Abril,2.0
2024,Tete,Angónia,Janeiro,7.0
2024,Tete,Changara,Março,2.0
2024,Tete,Changara,Janeiro,2.0
2024,Tete,Cahora-Bassa,Dezembro,5.0
2024,Tete,Cahora-Bassa,Novembro,5.0
2024,Tete,Cahora-Bassa,Outubro,5.0
2024,Tete,Cahora-Bassa,Setembro,5.0
2024,Tete,Cahora-Bassa,Agosto,5.0
2024,Tete,Cahora-Bassa,Julho,5.0
2024,Tete,Cahora-Bassa,Junho,5.0
2024,Tete,Cahora-Bassa,Maio,5.0
2024,Tete,Cahora-Bassa,Abril,5.0
2024,Tete,Cahora-Bassa,Março,5.0
2024,Tete,Cahora-Bassa,Fevereiro,5.0
2024,Tete,Cahora-Bassa,Janeiro,5.0
2024,Tete,Angónia,Dezembro,7.0
2024,Tete,Angónia,Novembro,7.0
2024,Tete,Angónia,Outubro,7.0
2024,Tete,Angónia,Setembro,7.0
2024,Tete,Angónia,Agosto,7.0
2024,Tete,Angónia,Julho,7.0
2024,Tete,Angónia,Junho,7.0
2024,Tete,Angónia,Maio,7.0
2024,Tete,Angónia,Abril,7.0
2024,Tete,Angónia,Março,7.0
2024,Tete,Angónia,Fevereiro,7.0
2024,Tete,Changara,Fevereiro,2.0
2024,Tete,Chiuta,Agosto,2.0
2024,Tete,Cidade de Tete,Dezembro,47.0
2024,Tete,Chiuta,Setembro,2.0
2024,Manica,Macate,Julho,0.0
2024,Tete,Cidade de Tete,Agosto,47.0
2024,Tete,Cidade de Tete,Julho,50.0
2024,Tete,Cidade de Tete,Junho,52.0
2024,Tete,Cidade de Tete,Maio,52.0
2024,Tete,Cidade de Tete,Abril,52.0
2024,Tete,Cidade de Tete,Março,52.0
2024,Tete,Cidade de Tete,Fevereiro,51.0
2024,Tete,Cidade de Tete,Janeiro,53.0
2024,Manica,Vanduzi,Dezembro,3.0
2024,Manica,Vanduzi,Novembro,3.0
2024,Manica,Vanduzi,Outubro,3.0
2024,Manica,Vanduzi,Setembro,3.0
2024,Manica,Vanduzi,Agosto,3.0
2024,Manica,Vanduzi,Julho,3.0
2024,Manica,Vanduzi,Junho,3.0
2024,Manica,Vanduzi,Maio,3.0
2024,Manica,Vanduzi,Abril,3.0
2024,Manica,Vanduzi,Março,3.0
2024,Manica,Vanduzi,Fevereiro,3.0
2024,Manica,Vanduzi,Janeiro,3.0
2024,Manica,Macate,Dezembro,0.0
2024,Manica,Macate,Novembro,0.0
2024,Manica,Macate,Outubro,0.0
2024,Manica,Macate,Setembro,0.0
2024,Tete,Cidade de Tete,Setembro,46.0
2024,Tete,Cidade de Tete,Outubro,48.0
2024,Manica,Macate,Junho,0.0
2024,Manica,Sussundenga,Março,2.0
2024,Manica,Macate,Maio,0.0
2024,Manica,Macate,Março,0.0
2024,Manica,Macate,Fevereiro,0.0
2024,Manica,Macate,Janeiro,0.0
2024,Manica,Tambara,Dezembro,1.0
2024,Manica,Tambara,Novembro,1.0
2024,Manica,Tambara,Outubro,1.0
2024,Manica,Tambara,Setembro,1.0
2024,Manica,Tambara,Agosto,1.0
2024,Manica,Tambara,Julho,1.0
2024,Manica,Tambara,Junho,1.0
2024,Manica,Tambara,Maio,1.0
2024,Manica,Tambara,Abril,1.0
2024,Manica,Tambara,Março,1.0
2024,Manica,Tambara,Fevereiro,1.0
2024,Manica,Tambara,Janeiro,1.0
2024,Manica,Sussundenga,Dezembro,2.0
2024,Manica,Sussundenga,Novembro,2.0
2024,Manica,Sussundenga,Outubro,2.0
2024,Manica,Sussundenga,Setembro,2.0
2024,Manica,Sussundenga,Agosto,2.0
2024,Manica,Sussundenga,Julho,2.0
2024,Manica,Sussundenga,Junho,2.0
2024,Manica,Sussundenga,Maio,2.0
2024,Manica,Sussundenga,Abril,2.0
2024,Manica,Macate,Abril,0.0
2024,Tete,Chiuta,Julho,2.0
2024,Manica,Mossurize,Dezembro,2.0
2024,Sofala,Gorongoza,Novembro,2.0
2024,Manica,Mossurize,Outubro,2.0
2024,Manica,Mossurize,Setembro,2.0
2024,Manica,Mossurize,Agosto,2.0
2024,Manica,Mossurize,Julho,2.0
2024,Manica,Mossurize,Junho,2.0
2024,Manica,Mossurize,Maio,2.0
2024,Manica,Mossurize,Abril,2.0
2024,Manica,Mossurize,Março,2.0
2024,Manica,Mossurize,Fevereiro,2.0
2024,Manica,Mossurize,Janeiro,2.0
2024,Manica,Manica,Dezembro,7.0
2024,Manica,Manica,Novembro,7.0
2024,Manica,Manica,Outubro,7.0
2024,Manica,Manica,Setembro,7.0
2024,Manica,Manica,Agosto,7.0
2024,Manica,Manica,Julho,8.0
2024,Manica,Manica,Junho,8.0
2024,Manica,Manica,Maio,8.0
2024,Manica,Manica,Abril,8.0
2024,Manica,Manica,Março,8.0
2024,Manica,Manica,Fevereiro,13.0
2024,Manica,Manica,Janeiro,13.0
2024,Manica,Macossa,Dezembro,0.0
2024,Manica,Macossa,Novembro,0.0
2024,Manica,Macossa,Outubro,0.0
2024,Manica,Macossa,Setembro,0.0
2024,Manica,Guro,Abril,2.0
2024,Manica,Guro,Março,2.0
2024,Manica,Macossa,Junho,0.0
2024,Manica,Macossa,Maio,0.0
2024,Manica,Macossa,Abril,0.0
2024,Manica,Macossa,Março,0.0
2024,Manica,Macossa,Fevereiro,0.0
2024,Manica,Macossa,Janeiro,0.0
2024,Manica,Machaze,Dezembro,1.0
2024,Manica,Machaze,Novembro,1.0
2024,Manica,Machaze,Outubro,1.0
2024,Manica,Machaze,Setembro,1.0
2024,Manica,Machaze,Agosto,1.0
2024,Manica,Machaze,Julho,1.0
2024,Manica,Machaze,Junho,1.0
2024,Manica,Machaze,Maio,1.0
2024,Manica,Machaze,Abril,1.0
2024,Manica,Machaze,Março,1.0
2024,Manica,Machaze,Fevereiro,1.0
2024,Manica,Machaze,Janeiro,1.0
2024,Manica,Guro,Dezembro,2.0
2024,Manica,Guro,Novembro,2.0
2024,Manica,Guro,Outubro,2.0
2024,Manica,Guro,Setembro,2.0
2024,Manica,Guro,Agosto,2.0
2024,Manica,Guro,Julho,2.0
2024,Manica,Guro,Junho,2.0
2024,Manica,Guro,Maio,2.0
2024,Manica,Macossa,Agosto,0.0
2024,Manica,Macossa,Julho,0.0
2024,Manica,Mossurize,Novembro,2.0
2024,Manica,Cidade de Chimoio,Outubro,33.0
2024,Manica,Cidade de Chimoio,Dezembro,33.0
2024,Manica,Gondola,Novembro,2.0
2024,Manica,Gondola,Outubro,2.0
2024,Manica,Gondola,Setembro,2.0
2024,Manica,Gondola,Agosto,2.0
2024,Manica,Gondola,Julho,2.0
2024,Manica,Gondola,Junho,2.0
2024,Manica,Gondola,Maio,2.0
2024,Manica,Gondola,Abril,2.0
2024,Manica,Gondola,Março,2.0
2024,Manica,Gondola,Fevereiro,2.0
2024,Manica,Gondola,Janeiro,2.0
2024,Manica,Gondola,Dezembro,2.0
2024,Manica,Bárue,Novembro,4.0
2024,Manica,Bárue,Junho,4.0
2024,Manica,Bárue,Janeiro,4.0
2024,Manica,Bárue,Fevereiro,4.0
2024,Manica,Bárue,Março,4.0
2024,Manica,Bárue,Maio,4.0
2024,Manica,Bárue,Abril,4.0
2024,Manica,Bárue,Julho,4.0
2024,Manica,Bárue,Agosto,4.0
2024,Manica,Bárue,Setembro,4.0
2024,Manica,Bárue,Outubro,4.0
2024,Zambézia,Cidade de Quelimane,Agosto,39.0
2024,Manica,Bárue,Dezembro,4.0
2024,Manica,Guro,Fevereiro,2.0
2024,Manica,Cidade de Chimoio,Novembro,33.0
2024,Manica,Cidade de Chimoio,Setembro,33.0
2024,Manica,Cidade de Chimoio,Agosto,33.0
2024,Manica,Cidade de Chimoio,Julho,36.0
2024,Manica,Cidade de Chimoio,Junho,36.0
2024,Manica,Cidade de Chimoio,Maio,35.0
2024,Manica,Cidade de Chimoio,Abril,35.0
2024,Manica,Cidade de Chimoio,Março,35.0
2024,Manica,Cidade de Chimoio,Fevereiro,36.0
2024,Manica,Cidade de Chimoio,Janeiro,36.0
2024,Sofala,Nhamatanda,Dezembro,4.0
2024,Sofala,Nhamatanda,Novembro,4.0
2024,Sofala,Nhamatanda,Setembro,4.0
2024,Sofala,Nhamatanda,Agosto,4.0
2024,Sofala,Nhamatanda,Julho,4.0
2024,Sofala,Nhamatanda,Junho,4.0
2024,Sofala,Nhamatanda,Maio,4.0
2024,Sofala,Nhamatanda,Abril,4.0
2024,Sofala,Nhamatanda,Março,4.0
2024,Sofala,Nhamatanda,Fevereiro,4.0
2024,Sofala,Nhamatanda,Janeiro,4.0
2024,Sofala,Muanza,Dezembro,2.0
2024,Sofala,Muanza,Novembro,2.0
2024,Sofala,Muanza,Outubro,2.0
2024,Sofala,Muanza,Setembro,2.0
2024,Sofala,Muanza,Agosto,2.0
2024,Manica,Guro,Janeiro,2.0
2024,Sofala,Nhamatanda,Outubro,4.0
2024,Sofala,Muanza,Julho,2.0
2024,Sofala,Dondo,Outubro,11.0
2024,Sofala,Muanza,Maio,2.0
2024,Sofala,Maringue,Março,1.0
2024,Sofala,Muanza,Abril,2.0
2024,Sofala,Muanza,Março,1.0
2024,Sofala,Muanza,Fevereiro,1.0
2024,Sofala,Muanza,Janeiro,1.0
2024,Sofala,Marromeu,Dezembro,2.0
2024,Sofala,Marromeu,Novembro,2.0
2024,Sofala,Marromeu,Outubro,2.0
2024,Sofala,Marromeu,Setembro,2.0
2024,Sofala,Marromeu,Agosto,2.0
2024,Sofala,Marromeu,Julho,2.0
2024,Sofala,Marromeu,Junho,2.0
2024,Sofala,Marromeu,Maio,2.0
2024,Sofala,Marromeu,Abril,2.0
2024,Sofala,Marromeu,Março,2.0
2024,Sofala,Marromeu,Fevereiro,2.0
2024,Sofala,Marromeu,Janeiro,2.0
2024,Sofala,Maringue,Dezembro,1.0
2024,Sofala,Maringue,Novembro,1.0
2024,Sofala,Maringue,Outubro,1.0
2024,Sofala,Maringue,Setembro,1.0
2024,Sofala,Maringue,Agosto,1.0
2024,Sofala,Maringue,Julho,1.0
2024,Sofala,Maringue,Junho,1.0
2024,Sofala,Maringue,Maio,1.0
2024,Sofala,Maringue,Fevereiro,1.0
2024,Sofala,Maringue,Abril,1.0
2024,Sofala,Maringue,Janeiro,1.0
2024,Sofala,Dondo,Setembro,11.0
2024,Sofala,Machanga,Novembro,1.0
2024,Sofala,Machanga,Outubro,1.0
2024,Sofala,Machanga,Setembro,1.0
2024,Sofala,Machanga,Agosto,1.0
2024,Sofala,Machanga,Julho,1.0
2024,Sofala,Machanga,Junho,1.0
2024,Sofala,Machanga,Maio,1.0
2024,Sofala,Machanga,Abril,1.0
2024,Sofala,Machanga,Março,1.0
2024,Sofala,Machanga,Fevereiro,1.0
2024,Sofala,Machanga,Janeiro,1.0
2024,Sofala,Gorongoza,Dezembro,2.0
2024,Sofala,Gorongoza,Outubro,2.0
2024,Sofala,Muanza,Junho,2.0
2024,Sofala,Gorongoza,Setembro,2.0
2024,Sofala,Gorongoza,Agosto,2.0
2024,Sofala,Gorongoza,Julho,2.0
2024,Sofala,Gorongoza,Junho,2.0
2024,Sofala,Gorongoza,Maio,2.0
2024,Sofala,Gorongoza,Abril,2.0
2024,Sofala,Gorongoza,Março,2.0
2024,Sofala,Gorongoza,Fevereiro,2.0
2024,Sofala,Gorongoza,Janeiro,2.0
2024,Sofala,Dondo,Dezembro,11.0
2024,Sofala,Dondo,Novembro,11.0
2024,Sofala,Machanga,Dezembro,1.0
2024,Sofala,Dondo,Agosto,11.0
2024,Sofala,Dondo,Julho,11.0
2024,Sofala,Dondo,Junho,11.0
2024,Sofala,Dondo,Abril,11.0
2024,Sofala,Dondo,Março,11.0
2024,Sofala,Dondo,Fevereiro,11.0
2024,Sofala,Dondo,Janeiro,12.0
2024,Sofala,Chibabava,Dezembro,4.0
2024,Sofala,Chibabava,Novembro,4.0
2024,Sofala,Chibabava,Outubro,4.0
2024,Sofala,Chibabava,Setembro,4.0
2024,Sofala,Chibabava,Agosto,4.0
2024,Sofala,Chibabava,Julho,4.0
2024,Sofala,Chibabava,Junho,4.0
2024,Sofala,Chibabava,Maio,4.0
2024,Sofala,Chibabava,Abril,4.0
2024,Sofala,Chibabava,Março,4.0
2024,Sofala,Chibabava,Fevereiro,4.0
2024,Sofala,Chibabava,Janeiro,4.0
2024,Sofala,Cheringoma,Dezembro,2.0
2024,Sofala,Cheringoma,Novembro,2.0
2024,Sofala,Cheringoma,Outubro,2.0
2024,Sofala,Cheringoma,Setembro,2.0
2024,Sofala,Cheringoma,Agosto,2.0
2024,Sofala,Cheringoma,Julho,2.0
2024,Sofala,Cheringoma,Junho,2.0
2024,Sofala,Cheringoma,Maio,2.0
2024,Sofala,Cheringoma,Abril,2.0
2024,Sofala,Cheringoma,Março,2.0
2024,Sofala,Dondo,Maio,11.0
2024,Sofala,Cheringoma,Fevereiro,2.0
2024,Sofala,Chemba,Dezembro,2.0
2024,Sofala,Cheringoma,Janeiro,2.0
2024,Sofala,Chemba,Novembro,2.0
2024,Sofala,Chemba,Outubro,2.0
2024,Sofala,Chemba,Setembro,2.0
2024,Sofala,Chemba,Agosto,2.0
2024,Sofala,Chemba,Julho,2.0
2024,Sofala,Chemba,Junho,2.0
2024,Sofala,Chemba,Maio,2.0
2024,Sofala,Chemba,Abril,2.0
2024,Sofala,Chemba,Março,2.0
2024,Sofala,Chemba,Fevereiro,2.0
2024,Sofala,Chemba,Janeiro,2.0
2024,Zambézia,Cidade de Quelimane,Março,40.0
2024,Sofala,Caia,Dezembro,3.0
2024,Sofala,Caia,Outubro,3.0
2024,Sofala,Caia,Setembro,3.0
2024,Sofala,Caia,Agosto,3.0
2024,Sofala,Caia,Julho,3.0
2024,Sofala,Caia,Junho,3.0
2024,Sofala,Caia,Maio,3.0
2024,Sofala,Caia,Abril,3.0
2024,Sofala,Caia,Março,3.0
2024,Sofala,Caia,Fevereiro,3.0
2024,Sofala,Caia,Janeiro,3.0
2024,Zambézia,Cidade de Quelimane,Abril,40.0
2024,Sofala,Buzi,Dezembro,2.0
2024,Sofala,Caia,Novembro,3.0
2024,Gaza,Massingir,Julho,2.0
2024,Tete,Maravia,Maio,2.0
2024,Gaza,Chicualacuala,Maio,2.0
2024,Inhambane,Zavala (Quissico),Julho,4.0
2024,Sofala,Buzi,Agosto,2.0
2024,Sofala,Buzi,Julho,2.0
2024,Sofala,Buzi,Junho,2.0
2024,Sofala,Buzi,Maio,2.0
2024,Sofala,Buzi,Abril,2.0
2024,Sofala,Buzi,Março,2.0
2024,Sofala,Buzi,Fevereiro,2.0
2024,Sofala,Buzi,Janeiro,2.0
2024,Sofala,Cidade da Beira,Dezembro,80.0
2024,Sofala,Cidade da Beira,Novembro,79.0
2024,Sofala,Cidade da Beira,Outubro,79.0
2024,Sofala,Cidade da Beira,Setembro,79.0
2024,Sofala,Cidade da Beira,Agosto,79.0
2024,Sofala,Cidade da Beira,Julho,84.0
2024,Sofala,Cidade da Beira,Junho,86.0
2024,Sofala,Cidade da Beira,Maio,85.0
2024,Sofala,Cidade da Beira,Abril,87.0
2024,Sofala,Cidade da Beira,Março,86.0
2024,Sofala,Cidade da Beira,Fevereiro,87.0
2024,Sofala,Cidade da Beira,Janeiro,85.0
2024,Inhambane,Zavala (Quissico),Dezembro,4.0
2024,Inhambane,Zavala (Quissico),Novembro,4.0
2024,Inhambane,Zavala (Quissico),Outubro,4.0
2024,Inhambane,Zavala (Quissico),Setembro,4.0
2024,Inhambane,Panda,Janeiro,1.0
2024,Inhambane,Zavala (Quissico),Agosto,4.0
2024,Inhambane,Zavala (Quissico),Junho,4.0
2024,Inhambane,Panda,Março,1.0
2024,Inhambane,Zavala (Quissico),Maio,4.0
2024,Inhambane,Zavala (Quissico),Março,4.0
2024,Inhambane,Zavala (Quissico),Fevereiro,4.0
2024,Inhambane,Zavala (Quissico),Janeiro,4.0
2024,Inhambane,Vilankulo,Dezembro,7.0
2024,Inhambane,Vilankulo,Novembro,7.0
2024,Inhambane,Vilankulo,Outubro,7.0
2024,Inhambane,Vilankulo,Setembro,7.0
2024,Inhambane,Vilankulo,Agosto,7.0
2024,Inhambane,Vilankulo,Julho,8.0
2024,Inhambane,Vilankulo,Junho,9.0
2024,Inhambane,Vilankulo,Maio,9.0
2024,Inhambane,Vilankulo,Abril,8.0
2024,Inhambane,Vilankulo,Março,9.0
2024,Inhambane,Vilankulo,Fevereiro,9.0
2024,Inhambane,Vilankulo,Janeiro,9.0
2024,Inhambane,Panda,Dezembro,1.0
2024,Inhambane,Panda,Novembro,1.0
2024,Inhambane,Panda,Outubro,1.0
2024,Inhambane,Panda,Setembro,1.0
2024,Inhambane,Panda,Agosto,1.0
2024,Inhambane,Panda,Julho,1.0
2024,Inhambane,Panda,Junho,1.0
2024,Inhambane,Panda,Maio,1.0
2024,Inhambane,Panda,Abril,1.0
2024,Inhambane,Zavala (Quissico),Abril,4.0
2024,Inhambane,Inhassoro,Fevereiro,5.0
2024,Inhambane,Panda,Fevereiro,1.0
2024,Inhambane,Inhassoro,Abril,5.0
2024,Inhambane,Mabote,Setembro,2.0
2024,Inhambane,Morrumbene,Outubro,5.0
2024,Inhambane,Morrumbene,Setembro,5.0
2024,Inhambane,Morrumbene,Agosto,5.0
2024,Inhambane,Morrumbene,Julho,5.0
2024,Inhambane,Morrumbene,Junho,5.0
2024,Inhambane,Morrumbene,Maio,5.0
2024,Inhambane,Morrumbene,Abril,5.0
2024,Inhambane,Morrumbene,Março,5.0
2024,Inhambane,Morrumbene,Fevereiro,5.0
2024,Inhambane,Morrumbene,Janeiro,5.0
2024,Inhambane,Massinga,Dezembro,6.0
2024,Inhambane,Massinga,Novembro,6.0
2024,Inhambane,Massinga,Outubro,6.0
2024,Inhambane,Massinga,Setembro,6.0
2024,Inhambane,Massinga,Agosto,6.0
2024,Inhambane,Massinga,Julho,7.0
2024,Inhambane,Massinga,Junho,7.0
2024,Inhambane,Massinga,Maio,7.0
2024,Inhambane,Massinga,Abril,5.0
2024,Inhambane,Massinga,Março,5.0
2024,Inhambane,Massinga,Fevereiro,5.0
2024,Inhambane,Massinga,Janeiro,5.0
2024,Inhambane,Mabote,Dezembro,2.0
2024,Inhambane,Mabote,Novembro,2.0
2024,Inhambane,Morrumbene,Novembro,5.0
2024,Inhambane,Morrumbene,Dezembro,5.0
2024,Inhambane,Mabote,Agosto,2.0
2024,Inhambane,Inhassoro,Maio,5.0
2024,Inhambane,Mabote,Julho,2.0
2024,Inhambane,Mabote,Maio,2.0
2024,Inhambane,Mabote,Abril,2.0
2024,Inhambane,Mabote,Março,2.0
2024,Inhambane,Mabote,Fevereiro,2.0
2024,Inhambane,Mabote,Janeiro,2.0
2024,Inhambane,Jangamo,Dezembro,2.0
2024,Inhambane,Jangamo,Novembro,2.0
2024,Inhambane,Jangamo,Outubro,2.0
2024,Inhambane,Jangamo,Setembro,2.0
2024,Inhambane,Jangamo,Agosto,2.0
2024,Inhambane,Jangamo,Julho,2.0
2024,Inhambane,Jangamo,Junho,2.0
2024,Inhambane,Jangamo,Maio,2.0
2024,Inhambane,Jangamo,Abril,2.0
2024,Inhambane,Jangamo,Março,2.0
2024,Inhambane,Jangamo,Fevereiro,2.0
2024,Inhambane,Jangamo,Janeiro,2.0
2024,Inhambane,Inhassoro,Dezembro,5.0
2024,Inhambane,Inhassoro,Novembro,5.0
2024,Inhambane,Inhassoro,Outubro,5.0
2024,Inhambane,Inhassoro,Setembro,5.0
2024,Inhambane,Inhassoro,Agosto,5.0
2024,Inhambane,Inhassoro,Julho,5.0
2024,Inhambane,Inhassoro,Junho,5.0
2024,Inhambane,Mabote,Junho,2.0
2024,Inhambane,Inhassoro,Janeiro,5.0
2024,Gaza,Limpopo,Janeiro,0.0
2024,Gaza,Limpopo,Fevereiro,0.0
2024,Inhambane,Govuro,Setembro,2.0
2024,Inhambane,Govuro,Outubro,2.0
2024,Inhambane,Govuro,Novembro,2.0
2024,Inhambane,Inharrime,Dezembro,5.0
2024,Inhambane,Inharrime,Novembro,5.0
2024,Inhambane,Inharrime,Outubro,5.0
2024,Inhambane,Inharrime,Setembro,5.0
2024,Inhambane,Inharrime,Agosto,5.0
2024,Inhambane,Inharrime,Julho,5.0
2024,Inhambane,Inharrime,Junho,5.0
2024,Inhambane,Inharrime,Maio,5.0
2024,Inhambane,Inharrime,Abril,5.0
2024,Inhambane,Inharrime,Março,5.0
2024,Inhambane,Inharrime,Fevereiro,5.0
2024,Inhambane,Inharrime,Janeiro,5.0
2024,Inhambane,Homoine,Dezembro,2.0
2024,Inhambane,Homoine,Novembro,2.0
2024,Inhambane,Homoine,Outubro,2.0
2024,Inhambane,Homoine,Setembro,2.0
2024,Inhambane,Homoine,Agosto,2.0
2024,Inhambane,Homoine,Julho,2.0
2024,Inhambane,Homoine,Junho,2.0
2024,Inhambane,Homoine,Maio,2.0
2024,Inhambane,Homoine,Abril,2.0
2024,Inhambane,Homoine,Março,2.0
2024,Inhambane,Govuro,Agosto,2.0
2024,Inhambane,Homoine,Fevereiro,2.0
2024,Inhambane,Cidade de Maxixe,Junho,17.0
2024,Inhambane,Cidade de Maxixe,Agosto,16.0
2024,Sofala,Buzi,Setembro,2.0
2024,Inhambane,Funhaloro,Julho,2.0
2024,Inhambane,Govuro,Julho,2.0
2024,Inhambane,Govuro,Junho,2.0
2024,Inhambane,Govuro,Maio,2.0
2024,Inhambane,Govuro,Abril,2.0
2024,Inhambane,Govuro,Março,2.0
2024,Inhambane,Govuro,Fevereiro,2.0
2024,Inhambane,Govuro,Janeiro,2.0
2024,Inhambane,Funhaloro,Dezembro,2.0
2024,Inhambane,Funhaloro,Novembro,2.0
2024,Inhambane,Funhaloro,Outubro,2.0
2024,Inhambane,Funhaloro,Setembro,2.0
2024,Inhambane,Funhaloro,Agosto,2.0
2024,Inhambane,Funhaloro,Junho,2.0
2024,Gaza,Massingir,Maio,2.0
2024,Inhambane,Funhaloro,Maio,2.0
2024,Inhambane,Funhaloro,Abril,2.0
2024,Inhambane,Funhaloro,Março,2.0
2024,Inhambane,Funhaloro,Fevereiro,2.0
2024,Inhambane,Funhaloro,Janeiro,2.0
2024,Inhambane,Cidade de Maxixe,Dezembro,16.0
2024,Inhambane,Cidade de Maxixe,Novembro,16.0
2024,Inhambane,Cidade de Maxixe,Outubro,16.0
2024,Inhambane,Cidade de Maxixe,Setembro,16.0
2024,Inhambane,Cidade de Maxixe,Julho,17.0
2024,Inhambane,Homoine,Janeiro,2.0
2024,Inhambane,Govuro,Dezembro,2.0
2024,Inhambane,Cidade de Maxixe,Maio,17.0
2024,Inhambane,Cidade de Maxixe,Fevereiro,17.0
2024,Gaza,Mapai,Dezembro,1.0
2024,Inhambane,Cidade de Maxixe,Janeiro,17.0
2024,Inhambane,Cidade de Inhambane,Dezembro,17.0
2024,Inhambane,Cidade de Inhambane,Novembro,17.0
2024,Inhambane,Cidade de Inhambane,Outubro,16.0
2024,Inhambane,Cidade de Inhambane,Setembro,16.0
2024,Inhambane,Cidade de Inhambane,Agosto,16.0
2024,Inhambane,Cidade de Inhambane,Julho,17.0
2024,Inhambane,Cidade de Inhambane,Junho,17.0
2024,Inhambane,Cidade de Inhambane,Maio,17.0
2024,Inhambane,Cidade de Inhambane,Abril,17.0
2024,Inhambane,Cidade de Inhambane,Março,17.0
2024,Inhambane,Cidade de Inhambane,Fevereiro,17.0
2024,Inhambane,Cidade de Inhambane,Janeiro,17.0
2024,Gaza,Limpopo,Dezembro,0.0
2024,Gaza,Limpopo,Novembro,0.0
2024,Gaza,Limpopo,Outubro,0.0
2024,Gaza,Limpopo,Setembro,0.0
2024,Gaza,Limpopo,Agosto,0.0
2024,Gaza,Limpopo,Julho,0.0
2024,Gaza,Limpopo,Junho,0.0
2024,Gaza,Limpopo,Maio,0.0
2024,Gaza,Limpopo,Abril,0.0
2024,Gaza,Limpopo,Março,0.0
2024,Gaza,Mapai,Novembro,1.0
2024,Gaza,Mapai,Setembro,1.0
2024,Gaza,Massingir,Agosto,2.0
2024,Gaza,Massingir,Setembro,2.0
2024,Inhambane,Cidade de Maxixe,Abril,17.0
2024,Inhambane,Cidade de Maxixe,Março,17.0
2024,Gaza,Mapai,Outubro,1.0
2024,Gaza,Mapai,Agosto,1.0
2024,Gaza,Mapai,Julho,1.0
2024,Gaza,Mapai,Junho,1.0
2024,Gaza,Mapai,Maio,1.0
2024,Gaza,Mapai,Abril,1.0
2024,Gaza,Mapai,Março,1.0
2024,Gaza,Mapai,Fevereiro,1.0
2024,Gaza,Mapai,Janeiro,1.0
2024,Gaza,Chonguene,Dezembro,0.0
2024,Inhambane,Mabote,Outubro,2.0
2024,Gaza,Chonguene,Novembro,0.0
2024,Gaza,Chonguene,Setembro,0.0
2024,Gaza,Chonguene,Agosto,0.0
2024,Gaza,Chonguene,Julho,0.0
2024,Gaza,Chonguene,Junho,0.0
2024,Gaza,Chonguene,Maio,0.0
2024,Gaza,Chonguene,Abril,0.0
2024,Gaza,Chonguene,Março,0.0
2024,Gaza,Chonguene,Fevereiro,0.0
2024,Gaza,Chonguene,Janeiro,0.0
2024,Gaza,Massingir,Dezembro,2.0
2024,Gaza,Massingir,Novembro,2.0
2024,Gaza,Massingir,Outubro,2.0
2024,Gaza,Chonguene,Outubro,0.0
2024,Gaza,Massingir,Junho,2.0
2024,Inhambane,Inhassoro,Março,5.0
2024,Zambézia,Cidade de Quelimane,Junho,43.0
2024,Gaza,Mabalane,Dezembro,2.0
2024,Gaza,Chókwè,Julho,13.0
2024,Gaza,Manjacaze,Janeiro,5.0
2024,Gaza,Massingir,Fevereiro,2.0
2024,Gaza,Massingir,Janeiro,2.0
2024,Gaza,Massangena,Dezembro,0.0
2024,Gaza,Massangena,Novembro,0.0
2024,Gaza,Massangena,Outubro,0.0
2024,Gaza,Massangena,Setembro,0.0
2024,Gaza,Massangena,Agosto,0.0
2024,Gaza,Massangena,Julho,0.0
2024,Gaza,Massangena,Junho,0.0
2024,Gaza,Massangena,Maio,0.0
2024,Gaza,Massangena,Abril,0.0
2024,Gaza,Massangena,Março,0.0
2024,Gaza,Massangena,Fevereiro,0.0
2024,Gaza,Massangena,Janeiro,0.0
2024,Gaza,Manjacaze,Dezembro,4.0
2024,Gaza,Manjacaze,Novembro,4.0
2024,Gaza,Manjacaze,Outubro,4.0
2024,Gaza,Manjacaze,Setembro,4.0
2024,Gaza,Manjacaze,Agosto,4.0
2024,Gaza,Manjacaze,Julho,5.0
2024,Gaza,Manjacaze,Junho,5.0
2024,Gaza,Manjacaze,Maio,5.0
2024,Gaza,Mabalane,Outubro,2.0
2024,Gaza,Manjacaze,Abril,5.0
2024,Gaza,Chókwè,Setembro,12.0
2024,Gaza,Chókwè,Novembro,12.0
2024,Gaza,Cidade de Xai-Xai,Agosto,32.0
2024,Gaza,Cidade de Xai-Xai,Setembro,32.0
2024,Gaza,Mabalane,Novembro,2.0
2024,Gaza,Mabalane,Setembro,2.0
2024,Gaza,Mabalane,Agosto,2.0
2024,Gaza,Mabalane,Julho,2.0
2024,Gaza,Mabalane,Junho,2.0
2024,Gaza,Mabalane,Maio,2.0
2024,Gaza,Mabalane,Abril,2.0
2024,Gaza,Mabalane,Março,2.0
2024,Gaza,Mabalane,Fevereiro,2.0
2024,Gaza,Mabalane,Janeiro,2.0
2024,Gaza,Guijá,Dezembro,1.0
2024,Gaza,Guijá,Novembro,1.0
2024,Gaza,Guijá,Outubro,1.0
2024,Gaza,Guijá,Setembro,1.0
2024,Gaza,Guijá,Agosto,1.0
2024,Gaza,Guijá,Julho,1.0
2024,Gaza,Guijá,Junho,1.0
2024,Gaza,Guijá,Maio,1.0
2024,Gaza,Guijá,Abril,1.0
2024,Gaza,Guijá,Março,1.0
2024,Gaza,Guijá,Fevereiro,1.0
2024,Gaza,Guijá,Janeiro,1.0
2024,Gaza,Chókwè,Dezembro,12.0
2024,Gaza,Chókwè,Outubro,12.0
2024,Gaza,Manjacaze,Março,5.0
2024,Gaza,Manjacaze,Fevereiro,5.0
2024,Gaza,Chókwè,Agosto,12.0
2024,Gaza,Chókwè,Maio,13.0
2024,Gaza,Chicualacuala,Março,2.0
2024,Gaza,Chókwè,Abril,13.0
2024,Gaza,Chókwè,Março,13.0
2024,Gaza,Chókwè,Fevereiro,13.0
2024,Gaza,Chókwè,Janeiro,13.0
2024,Gaza,Chigubo,Dezembro,1.0
2024,Gaza,Chigubo,Novembro,1.0
2024,Gaza,Chigubo,Outubro,1.0
2024,Gaza,Chigubo,Setembro,1.0
2024,Gaza,Chigubo,Agosto,1.0
2024,Gaza,Chigubo,Julho,1.0
2024,Gaza,Chigubo,Junho,1.0
2024,Gaza,Chigubo,Maio,1.0
2024,Gaza,Chigubo,Abril,1.0
2024,Gaza,Chigubo,Março,1.0
2024,Gaza,Chigubo,Fevereiro,1.0
2024,Gaza,Chigubo,Janeiro,1.0
2024,Gaza,Chicualacuala,Dezembro,2.0
2024,Gaza,Chicualacuala,Novembro,2.0
2024,Gaza,Chicualacuala,Outubro,2.0
2024,Gaza,Chicualacuala,Setembro,2.0
2024,Gaza,Chicualacuala,Agosto,2.0
2024,Gaza,Chicualacuala,Julho,2.0
2024,Gaza,Massingir,Abril,2.0
2024,Gaza,Chicualacuala,Fevereiro,2.0
2024,Gaza,Chibuto,Dezembro,4.0
2024,Gaza,Cidade de Xai-Xai,Novembro,32.0
2024,Gaza,Cidade de Xai-Xai,Dezembro,32.0
2024,Gaza,Chókwè,Junho,13.0
2024,Gaza,Cidade de Xai-Xai,Outubro,32.0
2024,Gaza,Chicualacuala,Janeiro,2.0
2024,Gaza,Chibuto,Novembro,4.0
2024,Gaza,Chibuto,Outubro,4.0
2024,Gaza,Chibuto,Setembro,4.0
2024,Gaza,Chibuto,Agosto,4.0
2024,Gaza,Chibuto,Julho,5.0
2024,Gaza,Chibuto,Junho,5.0
2024,Gaza,Chibuto,Maio,5.0
2024,Gaza,Chibuto,Abril,5.0
2024,Gaza,Chibuto,Março,5.0
2024,Gaza,Cidade de Xai-Xai,Julho,34.0
2024,Gaza,Chibuto,Fevereiro,5.0
2024,Gaza,Bilene-Macia,Dezembro,10.0
2024,Gaza,Bilene-Macia,Novembro,10.0
2024,Gaza,Bilene-Macia,Outubro,10.0
2024,Gaza,Bilene-Macia,Setembro,10.0
2024,Gaza,Bilene-Macia,Agosto,10.0
2024,Gaza,Bilene-Macia,Julho,11.0
2024,Gaza,Bilene-Macia,Junho,11.0
2024,Gaza,Bilene-Macia,Maio,13.0
2024,Gaza,Bilene-Macia,Abril,13.0
2024,Gaza,Bilene-Macia,Março,13.0
2024,Gaza,Bilene-Macia,Fevereiro,13.0
2024,Gaza,Bilene-Macia,Janeiro,13.0
2024,Gaza,Chibuto,Janeiro,5.0
2024,Província de Maputo,Boane,Julho,17.0
2024,Gaza,Chicualacuala,Junho,2.0
2024,Província de Maputo,Boane,Setembro,16.0
2024,Província de Maputo,Namaacha,Março,2.0
2024,Província de Maputo,Namaacha,Abril,2.0
2024,Província de Maputo,Namaacha,Maio,2.0
2024,Gaza,Cidade de Xai-Xai,Junho,34.0
2024,Gaza,Cidade de Xai-Xai,Maio,34.0
2024,Gaza,Cidade de Xai-Xai,Abril,34.0
2024,Gaza,Cidade de Xai-Xai,Março,35.0
2024,Gaza,Cidade de Xai-Xai,Fevereiro,34.0
2024,Gaza,Cidade de Xai-Xai,Janeiro,33.0
2024,Província de Maputo,Moamba,Dezembro,10.0
2024,Província de Maputo,Moamba,Novembro,11.0
2024,Província de Maputo,Moamba,Outubro,11.0
2024,Província de Maputo,Moamba,Setembro,11.0
2024,Província de Maputo,Moamba,Agosto,11.0
2024,Província de Maputo,Moamba,Julho,11.0
2024,Província de Maputo,Moamba,Junho,11.0
2024,Província de Maputo,Moamba,Maio,11.0
2024,Província de Maputo,Moamba,Abril,11.0
2024,Província de Maputo,Moamba,Março,11.0
2024,Província de Maputo,Moamba,Fevereiro,11.0
2024,Província de Maputo,Moamba,Janeiro,11.0
2024,Província de Maputo,Namaacha,Dezembro,2.0
2024,Província de Maputo,Namaacha,Novembro,2.0
2024,Província de Maputo,Namaacha,Outubro,2.0
2024,Província de Maputo,Namaacha,Setembro,2.0
2024,Província de Maputo,Namaacha,Fevereiro,2.0
2024,Província de Maputo,Namaacha,Agosto,2.0
2024,Província de Maputo,Manhiça,Dezembro,14.0
2024,Província de Maputo,Marracuene,Fevereiro,12.0
2024,Província de Maputo,Boane,Agosto,16.0
2024,Província de Maputo,Matutuíne,Janeiro,3.0
2024,Província de Maputo,Namaacha,Janeiro,2.0
2024,Província de Maputo,Matutuíne,Dezembro,3.0
2024,Província de Maputo,Matutuíne,Novembro,3.0
2024,Província de Maputo,Matutuíne,Outubro,3.0
2024,Província de Maputo,Matutuíne,Setembro,3.0
2024,Província de Maputo,Matutuíne,Agosto,3.0
2024,Província de Maputo,Matutuíne,Julho,3.0
2024,Província de Maputo,Matutuíne,Junho,3.0
2024,Província de Maputo,Matutuíne,Maio,3.0
2024,Província de Maputo,Matutuíne,Abril,3.0
2024,Província de Maputo,Matutuíne,Março,3.0
2024,Província de Maputo,Matutuíne,Fevereiro,3.0
2024,Província de Maputo,Marracuene,Dezembro,10.0
2024,Gaza,Massingir,Março,2.0
2024,Província de Maputo,Marracuene,Novembro,10.0
2024,Província de Maputo,Marracuene,Outubro,10.0
2024,Província de Maputo,Marracuene,Setembro,12.0
2024,Província de Maputo,Marracuene,Agosto,10.0
2024,Província de Maputo,Marracuene,Julho,11.0
2024,Província de Maputo,Marracuene,Junho,12.0
2024,Província de Maputo,Marracuene,Maio,12.0
2024,Província de Maputo,Marracuene,Abril,12.0
2024,Província de Maputo,Marracuene,Março,12.0
2024,Província de Maputo,Marracuene,Janeiro,12.0
2024,Província de Maputo,Namaacha,Julho,2.0
2024,Sofala,Buzi,Outubro,2.0
2024,Província de Maputo,Manhiça,Novembro,14.0
2024,Província de Maputo,Boane,Maio,17.0
2024,Província de Maputo,Manhiça,Agosto,14.0
2024,Província de Maputo,Boane,Junho,17.0
2024,Província de Maputo,Manhiça,Julho,15.0
2024,Província de Maputo,Manhiça,Junho,15.0
2024,Província de Maputo,Manhiça,Maio,17.0
2024,Província de Maputo,Manhiça,Abril,16.0
2024,Província de Maputo,Manhiça,Março,16.0
2024,Província de Maputo,Manhiça,Fevereiro,17.0
2024,Província de Maputo,Manhiça,Janeiro,17.0
2024,Província de Maputo,Namaacha,Junho,2.0
2024,Província de Maputo,Magude,Novembro,2.0
2024,Província de Maputo,Magude,Outubro,2.0
2024,Província de Maputo,Magude,Setembro,2.0
2024,Província de Maputo,Magude,Agosto,2.0
2024,Província de Maputo,Magude,Julho,2.0
2024,Província de Maputo,Magude,Junho,2.0
2024,Província de Maputo,Magude,Maio,2.0
2024,Província de Maputo,Magude,Abril,2.0
2024,Província de Maputo,Magude,Março,2.0
2024,Província de Maputo,Magude,Fevereiro,2.0
2024,Província de Maputo,Magude,Janeiro,2.0
2024,Província de Maputo,Boane,Dezembro,16.0
2024,Província de Maputo,Boane,Novembro,16.0
2024,Província de Maputo,Boane,Outubro,16.0
2024,Província de Maputo,Boane,Março,17.0
2024,Província de Maputo,Cidade de Maputo,Março,438.0
2024,Província de Maputo,Magude,Dezembro,2.0
2024,Província de Maputo,Cidade de Maputo,Abril,436.0
2024,Zambézia,Cidade de Quelimane,Maio,43.0
2024,Província de Maputo,Manhiça,Outubro,14.0
2024,Província de Maputo,Manhiça,Setembro,14.0
2024,Província de Maputo,Boane,Abril,17.0
2024,Província de Maputo,Boane,Fevereiro,17.0
2024,Província de Maputo,Boane,Janeiro,16.0
2024,Província de Maputo,Cidade da Matola,Dezembro,132.0
2024,Província de Maputo,Cidade da Matola,Outubro,131.0
2024,Província de Maputo,Cidade da Matola,Setembro,131.0
2024,Província de Maputo,Cidade da Matola,Agosto,132.0
2024,Província de Maputo,Cidade da Matola,Julho,131.0
2024,Província de Maputo,Cidade da Matola,Junho,138.0
2024,Província de Maputo,Cidade da Matola,Novembro,131.0
2024,Província de Maputo,Cidade da Matola,Abril,137.0
2024,Província de Maputo,Cidade da Matola,Maio,138.0
2024,Província de Maputo,Cidade de Maputo,Junho,434.0
2024,Província de Maputo,Cidade de Maputo,Julho,430.0
2024,Província de Maputo,Cidade de Maputo,Agosto,415.0
2024,Província de Maputo,Cidade de Maputo,Setembro,416.0
2024,Província de Maputo,Cidade de Maputo,Outubro,416.0
2024,Província de Maputo,Cidade de Maputo,Maio,434.0
2024,Província de Maputo,Cidade de Maputo,Dezembro,414.0
2024,Província de Maputo,Cidade da Matola,Janeiro,137.0
2024,Província de Maputo,Cidade da Matola,Fevereiro,137.0
2024,Província de Maputo,Cidade da Matola,Março,136.0
2024,Província de Maputo,Cidade de Maputo,Novembro,414.0
2025,Nampula,Lalaua,Janeiro,2.0
2025,Nampula,Lalaua,Fevereiro,2.0
2025,Nampula,Lalaua,Março,2.0
2025,Nampula,Lalaua,Abril,2.0
2025,Nampula,Lalaua,Maio,2.0
2025,Nampula,Lalaua,Agosto,2.0
2025,Nampula,Lalaua,Julho,2.0
2025,Nampula,Lalaua,Setembro,2.0
2025,Nampula,Lalaua,Outubro,2.0
2025,Nampula,Lalaua,Novembro,2.0
2025,Nampula,Lalaua,Junho,2.0
2025,Nampula,Ilha de Moçambique,Dezembro,4.0
2025,Nampula,Angoche,Novembro,4.0
2025,Nampula,Ilha de Moçambique,Outubro,4.0
2025,Nampula,Ilha de Moçambique,Setembro,4.0
2025,Nampula,Ilha de Moçambique,Agosto,4.0
2025,Nampula,Ilha de Moçambique,Julho,4.0
2025,Nampula,Ilha de Moçambique,Junho,4.0
2025,Nampula,Ilha de Moçambique,Maio,4.0
2025,Nampula,Ilha de Moçambique,Abril,4.0
2025,Nampula,Ilha de Moçambique,Março,4.0
2025,Nampula,Ilha de Moçambique,Fevereiro,4.0
2025,Nampula,Ilha de Moçambique,Janeiro,4.0
2025,Nampula,Angoche,Dezembro,4.0
2025,Nampula,Ilha de Moçambique,Novembro,4.0
2025,Nampula,Lalaua,Dezembro,2.0
2025,Nampula,Mecuburi,Abril,3.0
2025,Nampula,Malema,Fevereiro,2.0
2025,Zambézia,Luabo,Janeiro,0.0
2025,Nampula,Mecuburi,Março,3.0
2025,Nampula,Mecuburi,Fevereiro,3.0
2025,Nampula,Mecuburi,Janeiro,3.0
2025,Nampula,Meconta (Namialo),Dezembro,5.0
2025,Nampula,Meconta (Namialo),Novembro,5.0
2025,Nampula,Meconta (Namialo),Outubro,5.0
2025,Nampula,Meconta (Namialo),Setembro,5.0
2025,Nampula,Meconta (Namialo),Agosto,5.0
2025,Nampula,Meconta (Namialo),Julho,5.0
2025,Nampula,Meconta (Namialo),Junho,5.0
2025,Nampula,Meconta (Namialo),Maio,5.0
2025,Nampula,Malema,Janeiro,2.0
2025,Nampula,Meconta (Namialo),Abril,5.0
2025,Nampula,Meconta (Namialo),Fevereiro,5.0
2025,Nampula,Meconta (Namialo),Janeiro,5.0
2025,Nampula,Malema,Dezembro,2.0
2025,Nampula,Malema,Novembro,2.0
2025,Nampula,Malema,Outubro,2.0
2025,Nampula,Malema,Setembro,2.0
2025,Nampula,Malema,Agosto,2.0
2025,Nampula,Malema,Julho,2.0
2025,Nampula,Malema,Junho,2.0
2025,Nampula,Malema,Maio,2.0
2025,Nampula,Malema,Abril,2.0
2025,Nampula,Malema,Março,2.0
2025,Nampula,Meconta (Namialo),Março,5.0
2025,Nampula,Angoche,Outubro,4.0
2025,Nampula,Cidade de Nampula,Junho,85.0
2025,Nampula,Angoche,Agosto,4.0
2025,Nampula,Cidade de Nampula,Janeiro,82.0
2025,Zambézia,Derre,Dezembro,1.0
2025,Zambézia,Derre,Novembro,1.0
2025,Zambézia,Derre,Outubro,1.0
2025,Zambézia,Derre,Setembro,1.0
2025,Zambézia,Derre,Agosto,1.0
2025,Zambézia,Derre,Julho,1.0
2025,Zambézia,Derre,Junho,1.0
2025,Zambézia,Derre,Maio,1.0
2025,Zambézia,Derre,Abril,1.0
2025,Zambézia,Derre,Março,1.0
2025,Zambézia,Derre,Fevereiro,1.0
2025,Zambézia,Derre,Janeiro,1.0
2025,Zambézia,Luabo,Dezembro,0.0
2025,Zambézia,Luabo,Novembro,0.0
2025,Zambézia,Luabo,Outubro,0.0
2025,Zambézia,Luabo,Setembro,0.0
2025,Zambézia,Luabo,Agosto,0.0
2025,Zambézia,Luabo,Julho,0.0
2025,Zambézia,Luabo,Junho,0.0
2025,Zambézia,Luabo,Maio,0.0
2025,Zambézia,Luabo,Abril,0.0
2025,Zambézia,Luabo,Março,0.0
2025,Zambézia,Luabo,Fevereiro,0.0
2025,Nampula,Mecuburi,Maio,3.0
2025,Nampula,Cidade de Nampula,Fevereiro,82.0
2025,Nampula,Angoche,Setembro,4.0
2025,Nampula,Cidade de Nampula,Março,85.0
2025,Nampula,Cidade de Nampula,Maio,85.0
2025,Nampula,Angoche,Julho,4.0
2025,Nampula,Angoche,Junho,4.0
2025,Nampula,Angoche,Maio,4.0
2025,Nampula,Angoche,Abril,4.0
2025,Nampula,Angoche,Março,4.0
2025,Nampula,Angoche,Fevereiro,4.0
2025,Nampula,Angoche,Janeiro,4.0
2025,Nampula,Cidade de Nacala-Porto,Dezembro,24.0
2025,Nampula,Cidade de Nacala-Porto,Novembro,26.0
2025,Nampula,Cidade de Nacala-Porto,Outubro,26.0
2025,Nampula,Cidade de Nacala-Porto,Setembro,24.0
2025,Nampula,Cidade de Nacala-Porto,Agosto,24.0
2025,Nampula,Cidade de Nacala-Porto,Julho,24.0
2025,Nampula,Cidade de Nacala-Porto,Junho,26.0
2025,Nampula,Cidade de Nacala-Porto,Maio,26.0
2025,Nampula,Cidade de Nacala-Porto,Abril,24.0
2025,Nampula,Cidade de Nacala-Porto,Março,26.0
2025,Nampula,Cidade de Nacala-Porto,Fevereiro,26.0
2025,Nampula,Cidade de Nacala-Porto,Janeiro,26.0
2025,Nampula,Cidade de Nampula,Dezembro,82.0
2025,Nampula,Cidade de Nampula,Novembro,84.0
2025,Nampula,Cidade de Nampula,Outubro,84.0
2025,Nampula,Cidade de Nampula,Setembro,82.0
2025,Nampula,Cidade de Nampula,Agosto,82.0
2025,Nampula,Cidade de Nampula,Julho,82.0
2025,Nampula,Cidade de Nampula,Abril,82.0
2025,Nampula,Mecuburi,Junho,3.0
2025,Nampula,Monapo,Março,5.0
2025,Nampula,Mecuburi,Agosto,3.0
2025,Nampula,Muecate,Agosto,1.0
2025,Nampula,Muecate,Julho,1.0
2025,Nampula,Muecate,Junho,1.0
2025,Nampula,Muecate,Maio,1.0
2025,Nampula,Muecate,Abril,1.0
2025,Nampula,Muecate,Março,1.0
2025,Nampula,Muecate,Fevereiro,1.0
2025,Nampula,Muecate,Janeiro,1.0
2025,Nampula,Mossuril,Dezembro,2.0
2025,Nampula,Mossuril,Novembro,2.0
2025,Nampula,Mossuril,Outubro,2.0
2025,Nampula,Mossuril,Setembro,2.0
2025,Nampula,Mossuril,Agosto,2.0
2025,Nampula,Mossuril,Julho,2.0
2025,Nampula,Mossuril,Junho,2.0
2025,Nampula,Mossuril,Maio,2.0
2025,Nampula,Mossuril,Abril,2.0
2025,Nampula,Mossuril,Março,2.0
2025,Nampula,Mossuril,Fevereiro,2.0
2025,Nampula,Mossuril,Janeiro,2.0
2025,Nampula,Monapo,Dezembro,5.0
2025,Nampula,Monapo,Novembro,5.0
2025,Nampula,Monapo,Outubro,5.0
2025,Nampula,Monapo,Setembro,5.0
2025,Nampula,Monapo,Agosto,5.0
2025,Nampula,Muecate,Setembro,1.0
2025,Nampula,Monapo,Julho,5.0
2025,Nampula,Muecate,Outubro,1.0
2025,Nampula,Muecate,Dezembro,1.0
2025,Zambézia,Mulevala,Dezembro,0.0
2025,Nampula,Nacala-Velha,Dezembro,4.0
2025,Nampula,Nacala-Velha,Novembro,4.0
2025,Nampula,Nacala-Velha,Outubro,4.0
2025,Nampula,Nacala-Velha,Setembro,4.0
2025,Nampula,Nacala-Velha,Agosto,4.0
2025,Nampula,Nacala-Velha,Julho,4.0
2025,Nampula,Nacala-Velha,Junho,4.0
2025,Nampula,Nacala-Velha,Maio,4.0
2025,Nampula,Nacala-Velha,Abril,4.0
2025,Nampula,Nacala-Velha,Março,4.0
2025,Nampula,Nacala-Velha,Fevereiro,4.0
2025,Nampula,Nacala-Velha,Janeiro,4.0
2025,Nampula,Murrupula,Dezembro,2.0
2025,Nampula,Murrupula,Novembro,2.0
2025,Nampula,Murrupula,Outubro,2.0
2025,Nampula,Murrupula,Setembro,2.0
2025,Nampula,Murrupula,Agosto,2.0
2025,Nampula,Murrupula,Julho,2.0
2025,Nampula,Murrupula,Junho,2.0
2025,Nampula,Murrupula,Maio,2.0
2025,Nampula,Murrupula,Abril,2.0
2025,Nampula,Murrupula,Março,2.0
2025,Nampula,Murrupula,Fevereiro,2.0
2025,Nampula,Murrupula,Janeiro,2.0
2025,Nampula,Muecate,Novembro,1.0
2025,Nampula,Mecuburi,Julho,3.0
2025,Nampula,Monapo,Junho,5.0
2025,Nampula,Monapo,Abril,5.0
2025,Nampula,Mogincual,Setembro,1.0
2025,Nampula,Mogincual,Agosto,1.0
2025,Nampula,Mogincual,Julho,1.0
2025,Nampula,Mogincual,Junho,1.0
2025,Nampula,Mogincual,Maio,1.0
2025,Nampula,Mogincual,Abril,1.0
2025,Nampula,Mogincual,Março,1.0
2025,Nampula,Mogincual,Fevereiro,1.0
2025,Nampula,Mogincual,Janeiro,1.0
2025,Nampula,Memba,Dezembro,1.0
2025,Nampula,Memba,Novembro,1.0
2025,Nampula,Memba,Outubro,1.0
2025,Nampula,Memba,Setembro,1.0
2025,Nampula,Memba,Agosto,1.0
2025,Nampula,Memba,Julho,1.0
2025,Nampula,Memba,Junho,1.0
2025,Nampula,Memba,Maio,1.0
2025,Nampula,Memba,Abril,1.0
2025,Nampula,Memba,Março,1.0
2025,Nampula,Memba,Fevereiro,1.0
2025,Nampula,Memba,Janeiro,1.0
2025,Nampula,Mecuburi,Dezembro,3.0
2025,Nampula,Mecuburi,Novembro,3.0
2025,Nampula,Mecuburi,Outubro,3.0
2025,Nampula,Mecuburi,Setembro,3.0
2025,Nampula,Mogincual,Outubro,1.0
2025,Nampula,Monapo,Maio,5.0
2025,Nampula,Mogincual,Novembro,1.0
2025,Nampula,Mogovolas,Janeiro,2.0
2025,Nampula,Monapo,Fevereiro,5.0
2025,Nampula,Monapo,Janeiro,5.0
2025,Nampula,Moma,Dezembro,3.0
2025,Nampula,Moma,Novembro,4.0
2025,Nampula,Moma,Outubro,4.0
2025,Nampula,Moma,Setembro,3.0
2025,Nampula,Moma,Agosto,3.0
2025,Nampula,Moma,Julho,3.0
2025,Nampula,Moma,Junho,4.0
2025,Nampula,Moma,Maio,4.0
2025,Nampula,Moma,Abril,3.0
2025,Nampula,Moma,Março,4.0
2025,Nampula,Moma,Fevereiro,4.0
2025,Nampula,Moma,Janeiro,4.0
2025,Nampula,Mogovolas,Dezembro,3.0
2025,Nampula,Mogovolas,Novembro,2.0
2025,Nampula,Mogovolas,Outubro,2.0
2025,Nampula,Mogovolas,Setembro,3.0
2025,Nampula,Mogovolas,Agosto,3.0
2025,Nampula,Mogovolas,Julho,3.0
2025,Nampula,Mogovolas,Junho,2.0
2025,Nampula,Mogovolas,Maio,2.0
2025,Nampula,Mogovolas,Abril,3.0
2025,Nampula,Mogovolas,Março,2.0
2025,Nampula,Mogovolas,Fevereiro,2.0
2025,Nampula,Mogincual,Dezembro,1.0
2025,Zambézia,Mulevala,Novembro,0.0
2025,Zambézia,Cidade de Quelimane,Agosto,38.0
2025,Zambézia,Mulevala,Setembro,0.0
2025,Zambézia,Gilé,Junho,2.0
2025,Zambézia,Gilé,Maio,2.0
2025,Zambézia,Gilé,Abril,2.0
2025,Zambézia,Gilé,Março,2.0
2025,Zambézia,Gilé,Fevereiro,2.0
2025,Zambézia,Gilé,Janeiro,2.0
2025,Zambézia,Lugela,Dezembro,0.0
2025,Zambézia,Lugela,Novembro,0.0
2025,Zambézia,Lugela,Outubro,0.0
2025,Zambézia,Lugela,Setembro,0.0
2025,Zambézia,Lugela,Agosto,0.0
2025,Zambézia,Lugela,Julho,0.0
2025,Zambézia,Lugela,Junho,0.0
2025,Zambézia,Lugela,Maio,0.0
2025,Zambézia,Lugela,Abril,0.0
2025,Zambézia,Lugela,Março,0.0
2025,Zambézia,Lugela,Fevereiro,0.0
2025,Zambézia,Lugela,Janeiro,0.0
2025,Zambézia,Inhassunge,Dezembro,0.0
2025,Zambézia,Inhassunge,Novembro,0.0
2025,Zambézia,Inhassunge,Outubro,0.0
2025,Zambézia,Inhassunge,Setembro,0.0
2025,Zambézia,Inhassunge,Agosto,0.0
2025,Zambézia,Inhassunge,Julho,0.0
2025,Zambézia,Inhassunge,Junho,0.0
2025,Zambézia,Gilé,Julho,2.0
2025,Zambézia,Inhassunge,Maio,0.0
2025,Zambézia,Gilé,Agosto,2.0
2025,Zambézia,Gilé,Outubro,2.0
2025,Zambézia,Milange,Novembro,6.0
2025,Zambézia,Milange,Outubro,6.0
2025,Zambézia,Milange,Setembro,8.0
2025,Zambézia,Milange,Agosto,8.0
2025,Zambézia,Milange,Julho,8.0
2025,Zambézia,Milange,Junho,6.0
2025,Zambézia,Milange,Maio,6.0
2025,Zambézia,Milange,Abril,8.0
2025,Zambézia,Milange,Março,6.0
2025,Zambézia,Milange,Fevereiro,6.0
2025,Zambézia,Milange,Janeiro,6.0
2025,Zambézia,Maganja da Costa,Dezembro,2.0
2025,Zambézia,Maganja da Costa,Novembro,2.0
2025,Zambézia,Maganja da Costa,Outubro,2.0
2025,Zambézia,Maganja da Costa,Setembro,2.0
2025,Zambézia,Maganja da Costa,Agosto,2.0
2025,Zambézia,Maganja da Costa,Julho,2.0
2025,Zambézia,Maganja da Costa,Junho,2.0
2025,Zambézia,Maganja da Costa,Maio,2.0
2025,Zambézia,Maganja da Costa,Abril,2.0
2025,Zambézia,Maganja da Costa,Março,2.0
2025,Zambézia,Maganja da Costa,Fevereiro,2.0
2025,Zambézia,Maganja da Costa,Janeiro,2.0
2025,Zambézia,Gilé,Dezembro,2.0
2025,Zambézia,Gilé,Novembro,2.0
2025,Zambézia,Gilé,Setembro,2.0
2025,Zambézia,Milange,Dezembro,8.0
2025,Zambézia,Inhassunge,Abril,0.0
2025,Zambézia,Inhassunge,Fevereiro,0.0
2025,Zambézia,Chinde,Agosto,0.0
2025,Zambézia,Chinde,Julho,0.0
2025,Zambézia,Chinde,Junho,0.0
2025,Zambézia,Chinde,Maio,0.0
2025,Zambézia,Chinde,Abril,0.0
2025,Zambézia,Chinde,Março,0.0
2025,Zambézia,Chinde,Fevereiro,0.0
2025,Zambézia,Chinde,Janeiro,0.0
2025,Zambézia,Alto Molócuè,Dezembro,4.0
2025,Zambézia,Alto Molócuè,Novembro,4.0
2025,Zambézia,Alto Molócuè,Outubro,4.0
2025,Zambézia,Alto Molócuè,Setembro,4.0
2025,Zambézia,Alto Molócuè,Agosto,4.0
2025,Zambézia,Alto Molócuè,Julho,4.0
2025,Zambézia,Alto Molócuè,Junho,4.0
2025,Zambézia,Alto Molócuè,Maio,4.0
2025,Zambézia,Alto Molócuè,Abril,4.0
2025,Zambézia,Alto Molócuè,Março,4.0
2025,Zambézia,Alto Molócuè,Fevereiro,4.0
2025,Zambézia,Alto Molócuè,Janeiro,4.0
2025,Zambézia,Cidade de Quelimane,Dezembro,38.0
2025,Zambézia,Cidade de Quelimane,Novembro,39.0
2025,Zambézia,Cidade de Quelimane,Outubro,39.0
2025,Zambézia,Cidade de Quelimane,Setembro,38.0
2025,Nampula,Nacaroa,Janeiro,1.0
2025,Zambézia,Chinde,Setembro,0.0
2025,Zambézia,Inhassunge,Março,0.0
2025,Zambézia,Chinde,Outubro,0.0
2025,Zambézia,Chinde,Dezembro,0.0
2025,Zambézia,Inhassunge,Janeiro,0.0
2025,Zambézia,Ile,Dezembro,1.0
2025,Zambézia,Ile,Novembro,1.0
2025,Zambézia,Ile,Outubro,1.0
2025,Zambézia,Ile,Setembro,1.0
2025,Zambézia,Ile,Agosto,1.0
2025,Zambézia,Ile,Julho,1.0
2025,Zambézia,Ile,Junho,1.0
2025,Zambézia,Ile,Maio,1.0
2025,Zambézia,Ile,Abril,1.0
2025,Zambézia,Ile,Março,1.0
2025,Zambézia,Ile,Fevereiro,1.0
2025,Zambézia,Ile,Janeiro,1.0
2025,Zambézia,Gurúè,Dezembro,7.0
2025,Zambézia,Gurúè,Novembro,7.0
2025,Zambézia,Gurúè,Outubro,7.0
2025,Zambézia,Gurúè,Setembro,7.0
2025,Zambézia,Gurúè,Agosto,7.0
2025,Zambézia,Gurúè,Julho,7.0
2025,Zambézia,Gurúè,Junho,7.0
2025,Zambézia,Gurúè,Maio,7.0
2025,Zambézia,Gurúè,Abril,7.0
2025,Zambézia,Gurúè,Março,7.0
2025,Zambézia,Gurúè,Fevereiro,7.0
2025,Zambézia,Gurúè,Janeiro,7.0
2025,Zambézia,Chinde,Novembro,0.0
2025,Zambézia,Mocuba,Janeiro,15.0
2025,Zambézia,Mocuba,Fevereiro,15.0
2025,Zambézia,Mocuba,Março,15.0
2025,Zambézia,Molumbo,Março,2.0
2025,Zambézia,Molumbo,Fevereiro,2.0
2025,Zambézia,Molumbo,Janeiro,2.0
2025,Zambézia,Pebane,Dezembro,3.0
2025,Zambézia,Pebane,Novembro,3.0
2025,Zambézia,Pebane,Outubro,3.0
2025,Zambézia,Pebane,Setembro,3.0
2025,Zambézia,Pebane,Agosto,3.0
2025,Zambézia,Pebane,Julho,3.0
2025,Zambézia,Pebane,Junho,3.0
2025,Zambézia,Pebane,Maio,3.0
2025,Zambézia,Pebane,Abril,3.0
2025,Zambézia,Pebane,Março,3.0
2025,Zambézia,Pebane,Fevereiro,3.0
2025,Zambézia,Pebane,Janeiro,3.0
2025,Zambézia,Nicoadala,Dezembro,3.0
2025,Zambézia,Nicoadala,Novembro,3.0
2025,Zambézia,Nicoadala,Outubro,3.0
2025,Zambézia,Nicoadala,Setembro,3.0
2025,Zambézia,Nicoadala,Agosto,3.0
2025,Zambézia,Nicoadala,Julho,3.0
2025,Zambézia,Nicoadala,Junho,3.0
2025,Zambézia,Nicoadala,Maio,3.0
2025,Zambézia,Nicoadala,Abril,3.0
2025,Zambézia,Nicoadala,Março,3.0
2025,Zambézia,Molumbo,Abril,2.0
2025,Zambézia,Nicoadala,Fevereiro,3.0
2025,Zambézia,Molumbo,Maio,2.0
2025,Zambézia,Molumbo,Julho,2.0
2025,Zambézia,Mulevala,Agosto,0.0
2025,Zambézia,Mulevala,Julho,0.0
2025,Zambézia,Mulevala,Junho,0.0
2025,Zambézia,Mulevala,Maio,0.0
2025,Zambézia,Mulevala,Abril,0.0
2025,Zambézia,Mulevala,Março,0.0
2025,Zambézia,Mulevala,Fevereiro,0.0
2025,Zambézia,Mulevala,Janeiro,0.0
2025,Zambézia,Mocubela,Dezembro,0.0
2025,Zambézia,Mocubela,Novembro,0.0
2025,Zambézia,Mocubela,Outubro,0.0
2025,Zambézia,Mocubela,Setembro,0.0
2025,Zambézia,Mocubela,Agosto,0.0
2025,Zambézia,Mocubela,Julho,0.0
2025,Zambézia,Mocubela,Junho,0.0
2025,Zambézia,Mocubela,Maio,0.0
2025,Zambézia,Mocubela,Abril,0.0
2025,Zambézia,Mocubela,Março,0.0
2025,Zambézia,Mocubela,Fevereiro,0.0
2025,Zambézia,Mocubela,Janeiro,0.0
2025,Zambézia,Molumbo,Dezembro,2.0
2025,Zambézia,Molumbo,Novembro,2.0
2025,Zambézia,Molumbo,Outubro,2.0
2025,Zambézia,Molumbo,Setembro,2.0
2025,Zambézia,Molumbo,Agosto,2.0
2025,Zambézia,Molumbo,Junho,2.0
2025,Zambézia,Nicoadala,Janeiro,3.0
2025,Zambézia,Namarroi,Dezembro,0.0
2025,Zambézia,Namarroi,Novembro,0.0
2025,Zambézia,Morrumbala,Abril,4.0
2025,Zambézia,Morrumbala,Março,3.0
2025,Zambézia,Morrumbala,Fevereiro,2.0
2025,Zambézia,Morrumbala,Janeiro,2.0
2025,Zambézia,Mopeia,Dezembro,2.0
2025,Zambézia,Mopeia,Novembro,2.0
2025,Zambézia,Mopeia,Outubro,2.0
2025,Zambézia,Mopeia,Setembro,2.0
2025,Zambézia,Mopeia,Agosto,2.0
2025,Zambézia,Mopeia,Julho,2.0
2025,Zambézia,Mopeia,Junho,2.0
2025,Zambézia,Mopeia,Maio,2.0
2025,Zambézia,Mopeia,Abril,2.0
2025,Zambézia,Mopeia,Março,2.0
2025,Zambézia,Mopeia,Fevereiro,2.0
2025,Zambézia,Mopeia,Janeiro,2.0
2025,Zambézia,Mocuba,Dezembro,13.0
2025,Zambézia,Mocuba,Novembro,15.0
2025,Zambézia,Mocuba,Outubro,15.0
2025,Zambézia,Mocuba,Setembro,13.0
2025,Zambézia,Mocuba,Agosto,13.0
2025,Zambézia,Mocuba,Julho,13.0
2025,Zambézia,Mocuba,Junho,15.0
2025,Zambézia,Mocuba,Maio,15.0
2025,Zambézia,Mocuba,Abril,13.0
2025,Zambézia,Morrumbala,Maio,4.0
2025,Zambézia,Morrumbala,Junho,4.0
2025,Zambézia,Morrumbala,Julho,4.0
2025,Zambézia,Morrumbala,Agosto,4.0
2025,Zambézia,Namarroi,Outubro,0.0
2025,Zambézia,Namarroi,Setembro,0.0
2025,Zambézia,Namarroi,Agosto,0.0
2025,Zambézia,Namarroi,Julho,0.0
2025,Zambézia,Namarroi,Junho,0.0
2025,Zambézia,Namarroi,Maio,0.0
2025,Zambézia,Namarroi,Abril,0.0
2025,Zambézia,Namarroi,Março,0.0
2025,Zambézia,Namarroi,Fevereiro,0.0
2025,Zambézia,Namarroi,Janeiro,0.0
2025,Zambézia,Namacurra,Dezembro,2.0
2025,Zambézia,Namacurra,Novembro,2.0
2025,Zambézia,Mulevala,Outubro,0.0
2025,Zambézia,Namacurra,Outubro,2.0
2025,Zambézia,Namacurra,Agosto,2.0
2025,Zambézia,Namacurra,Julho,2.0
2025,Zambézia,Namacurra,Junho,2.0
2025,Zambézia,Namacurra,Maio,2.0
2025,Zambézia,Namacurra,Abril,2.0
2025,Zambézia,Namacurra,Março,2.0
2025,Zambézia,Namacurra,Fevereiro,2.0
2025,Zambézia,Namacurra,Janeiro,2.0
2025,Zambézia,Morrumbala,Dezembro,3.0
2025,Zambézia,Morrumbala,Novembro,3.0
2025,Zambézia,Morrumbala,Outubro,3.0
2025,Zambézia,Morrumbala,Setembro,4.0
2025,Zambézia,Namacurra,Setembro,2.0
2025,Nampula,Nacaroa,Fevereiro,1.0
2025,Niassa,Chimbunhila,Outubro,1.0
2025,Nampula,Nacaroa,Abril,1.0
2025,Niassa,Manjune,Agosto,1.0
2025,Niassa,Manjune,Julho,1.0
2025,Niassa,Manjune,Junho,1.0
2025,Niassa,Manjune,Maio,1.0
2025,Niassa,Manjune,Abril,1.0
2025,Niassa,Manjune,Março,1.0
2025,Niassa,Manjune,Fevereiro,1.0
2025,Niassa,Manjune,Janeiro,1.0
2025,Niassa,Lago,Dezembro,5.0
2025,Niassa,Lago,Novembro,4.0
2025,Niassa,Lago,Outubro,5.0
2025,Niassa,Lago,Setembro,4.0
2025,Niassa,Lago,Agosto,4.0
2025,Niassa,Lago,Julho,3.0
2025,Niassa,Lago,Junho,3.0
2025,Niassa,Lago,Maio,3.0
2025,Niassa,Lago,Abril,3.0
2025,Niassa,Lago,Março,3.0
2025,Niassa,Lago,Fevereiro,3.0
2025,Niassa,Lago,Janeiro,3.0
2025,Niassa,Cuamba,Dezembro,20.0
2025,Niassa,Cuamba,Novembro,16.0
2025,Niassa,Cuamba,Outubro,20.0
2025,Niassa,Cuamba,Setembro,15.0
2025,Niassa,Cuamba,Agosto,15.0
2025,Niassa,Manjune,Setembro,1.0
2025,Niassa,Cuamba,Julho,15.0
2025,Niassa,Manjune,Outubro,4.0
2025,Niassa,Manjune,Dezembro,4.0
2025,Niassa,Maúa,Janeiro,2.0
2025,Niassa,Marrupa,Dezembro,0.0
2025,Niassa,Marrupa,Novembro,2.0
2025,Niassa,Marrupa,Outubro,0.0
2025,Niassa,Marrupa,Setembro,2.0
2025,Niassa,Marrupa,Agosto,2.0
2025,Niassa,Marrupa,Julho,2.0
2025,Niassa,Marrupa,Junho,2.0
2025,Niassa,Marrupa,Maio,2.0
2025,Niassa,Marrupa,Abril,2.0
2025,Niassa,Marrupa,Março,2.0
2025,Niassa,Marrupa,Fevereiro,2.0
2025,Niassa,Marrupa,Janeiro,2.0
2025,Niassa,Mandimba,Dezembro,2.0
2025,Niassa,Mandimba,Novembro,2.0
2025,Niassa,Mandimba,Outubro,2.0
2025,Niassa,Mandimba,Setembro,2.0
2025,Niassa,Mandimba,Agosto,2.0
2025,Niassa,Mandimba,Julho,2.0
2025,Niassa,Mandimba,Junho,2.0
2025,Niassa,Mandimba,Maio,2.0
2025,Niassa,Mandimba,Abril,2.0
2025,Niassa,Mandimba,Março,2.0
2025,Niassa,Mandimba,Fevereiro,2.0
2025,Niassa,Mandimba,Janeiro,2.0
2025,Niassa,Manjune,Novembro,1.0
2025,Niassa,Maúa,Fevereiro,2.0
2025,Niassa,Cuamba,Junho,15.0
2025,Niassa,Cuamba,Abril,15.0
2025,Cabo Delgado,Pemba-Metuge,Outubro,2.0
2025,Cabo Delgado,Pemba-Metuge,Setembro,2.0
2025,Cabo Delgado,Pemba-Metuge,Agosto,2.0
2025,Cabo Delgado,Pemba-Metuge,Julho,0.0
2025,Cabo Delgado,Pemba-Metuge,Junho,2.0
2025,Cabo Delgado,Pemba-Metuge,Maio,2.0
2025,Cabo Delgado,Pemba-Metuge,Abril,2.0
2025,Cabo Delgado,Pemba-Metuge,Março,0.0
2025,Cabo Delgado,Pemba-Metuge,Fevereiro,0.0
2025,Cabo Delgado,Pemba-Metuge,Janeiro,0.0
2025,Cabo Delgado,Palma,Dezembro,10.0
2025,Cabo Delgado,Palma,Novembro,9.0
2025,Cabo Delgado,Palma,Outubro,10.0
2025,Cabo Delgado,Palma,Setembro,10.0
2025,Cabo Delgado,Palma,Agosto,10.0
2025,Cabo Delgado,Palma,Julho,12.0
2025,Cabo Delgado,Palma,Junho,10.0
2025,Cabo Delgado,Palma,Maio,10.0
2025,Cabo Delgado,Palma,Abril,10.0
2025,Cabo Delgado,Palma,Março,11.0
2025,Cabo Delgado,Palma,Fevereiro,10.0
2025,Cabo Delgado,Palma,Janeiro,10.0
2025,Cabo Delgado,Nangade,Dezembro,0.0
2025,Cabo Delgado,Nangade,Novembro,0.0
2025,Cabo Delgado,Nangade,Outubro,0.0
2025,Cabo Delgado,Pemba-Metuge,Novembro,2.0
2025,Niassa,Cuamba,Maio,15.0
2025,Cabo Delgado,Pemba-Metuge,Dezembro,2.0
2025,Cabo Delgado,Quissanga,Fevereiro,2.0
2025,Niassa,Cuamba,Março,15.0
2025,Niassa,Cuamba,Fevereiro,15.0
2025,Niassa,Cuamba,Janeiro,15.0
2025,Niassa,Cidade de Lichinga,Dezembro,41.0
2025,Niassa,Cidade de Lichinga,Novembro,23.0
2025,Niassa,Cidade de Lichinga,Outubro,44.0
2025,Niassa,Cidade de Lichinga,Setembro,26.0
2025,Niassa,Cidade de Lichinga,Agosto,26.0
2025,Niassa,Cidade de Lichinga,Julho,26.0
2025,Niassa,Cidade de Lichinga,Junho,26.0
2025,Niassa,Cidade de Lichinga,Maio,26.0
2025,Niassa,Cidade de Lichinga,Abril,26.0
2025,Niassa,Cidade de Lichinga,Março,26.0
2025,Niassa,Cidade de Lichinga,Fevereiro,26.0
2025,Niassa,Cidade de Lichinga,Janeiro,26.0
2025,Cabo Delgado,Quissanga,Dezembro,2.0
2025,Cabo Delgado,Quissanga,Novembro,0.0
2025,Cabo Delgado,Quissanga,Outubro,2.0
2025,Cabo Delgado,Quissanga,Setembro,2.0
2025,Cabo Delgado,Quissanga,Agosto,2.0
2025,Cabo Delgado,Quissanga,Julho,2.0
2025,Cabo Delgado,Quissanga,Junho,2.0
2025,Cabo Delgado,Quissanga,Maio,2.0
2025,Cabo Delgado,Quissanga,Abril,2.0
2025,Cabo Delgado,Quissanga,Março,2.0
2025,Cabo Delgado,Quissanga,Janeiro,2.0
2025,Niassa,Maúa,Março,2.0
2025,Niassa,Maúa,Abril,2.0
2025,Niassa,Maúa,Maio,2.0
2025,Niassa,Nipepe,Maio,1.0
2025,Niassa,Nipepe,Abril,1.0
2025,Niassa,Nipepe,Março,1.0
2025,Niassa,Nipepe,Fevereiro,1.0
2025,Niassa,Nipepe,Janeiro,1.0
2025,Niassa,N´gauma,Dezembro,0.0
2025,Niassa,N´gauma,Novembro,0.0
2025,Niassa,N´gauma,Outubro,0.0
2025,Niassa,N´gauma,Setembro,0.0
2025,Niassa,N´gauma,Agosto,0.0
2025,Niassa,N´gauma,Julho,0.0
2025,Niassa,N´gauma,Junho,0.0
2025,Niassa,N´gauma,Maio,0.0
2025,Niassa,N´gauma,Abril,0.0
2025,Niassa,N´gauma,Março,0.0
2025,Niassa,N´gauma,Fevereiro,0.0
2025,Niassa,N´gauma,Janeiro,0.0
2025,Niassa,Muembe,Dezembro,0.0
2025,Niassa,Muembe,Novembro,0.0
2025,Niassa,Muembe,Outubro,0.0
2025,Niassa,Muembe,Setembro,0.0
2025,Niassa,Muembe,Agosto,0.0
2025,Niassa,Muembe,Julho,0.0
2025,Niassa,Muembe,Junho,0.0
2025,Niassa,Muembe,Maio,0.0
2025,Niassa,Nipepe,Junho,1.0
2025,Niassa,Muembe,Abril,0.0
2025,Niassa,Nipepe,Julho,1.0
2025,Niassa,Nipepe,Setembro,1.0
2025,Zambézia,Cidade de Quelimane,Julho,38.0
2025,Niassa,Chimbunhila,Setembro,1.0
2025,Niassa,Chimbunhila,Agosto,1.0
2025,Niassa,Chimbunhila,Julho,1.0
2025,Niassa,Chimbunhila,Junho,1.0
2025,Niassa,Chimbunhila,Maio,1.0
2025,Niassa,Chimbunhila,Abril,1.0
2025,Niassa,Chimbunhila,Março,1.0
2025,Niassa,Chimbunhila,Fevereiro,1.0
2025,Niassa,Chimbunhila,Janeiro,1.0
2025,Niassa,Sanga,Dezembro,0.0
2025,Niassa,Sanga,Novembro,0.0
2025,Niassa,Sanga,Outubro,0.0
2025,Niassa,Sanga,Setembro,0.0
2025,Niassa,Sanga,Agosto,0.0
2025,Niassa,Sanga,Julho,0.0
2025,Niassa,Sanga,Junho,0.0
2025,Niassa,Sanga,Maio,0.0
2025,Niassa,Sanga,Abril,0.0
2025,Niassa,Sanga,Março,0.0
2025,Niassa,Sanga,Fevereiro,0.0
2025,Niassa,Sanga,Janeiro,0.0
2025,Niassa,Nipepe,Dezembro,1.0
2025,Niassa,Nipepe,Novembro,1.0
2025,Niassa,Nipepe,Outubro,1.0
2025,Niassa,Nipepe,Agosto,1.0
2025,Niassa,Muembe,Março,0.0
2025,Niassa,Muembe,Fevereiro,0.0
2025,Niassa,Muembe,Janeiro,0.0
2025,Niassa,Mecanhelas,Junho,3.0
2025,Niassa,Mecanhelas,Maio,3.0
2025,Niassa,Mecanhelas,Abril,3.0
2025,Niassa,Mecanhelas,Março,3.0
2025,Niassa,Mecanhelas,Fevereiro,3.0
2025,Niassa,Mecanhelas,Janeiro,3.0
2025,Niassa,Mavago,Dezembro,2.0
2025,Niassa,Mavago,Novembro,2.0
2025,Niassa,Mavago,Outubro,2.0
2025,Niassa,Mavago,Setembro,2.0
2025,Niassa,Mavago,Agosto,2.0
2025,Niassa,Mavago,Julho,2.0
2025,Niassa,Mavago,Junho,2.0
2025,Niassa,Mavago,Maio,2.0
2025,Niassa,Mavago,Abril,2.0
2025,Niassa,Mavago,Março,2.0
2025,Niassa,Mavago,Fevereiro,2.0
2025,Niassa,Mavago,Janeiro,2.0
2025,Niassa,Maúa,Dezembro,2.0
2025,Niassa,Maúa,Novembro,2.0
2025,Niassa,Maúa,Outubro,2.0
2025,Niassa,Maúa,Setembro,2.0
2025,Niassa,Maúa,Agosto,2.0
2025,Niassa,Maúa,Julho,2.0
2025,Niassa,Maúa,Junho,2.0
2025,Niassa,Mecanhelas,Julho,3.0
2025,Niassa,Mecanhelas,Agosto,3.0
2025,Niassa,Mecanhelas,Setembro,3.0
2025,Niassa,Mecanhelas,Outubro,2.0
2025,Niassa,Metarica,Dezembro,2.0
2025,Niassa,Metarica,Novembro,0.0
2025,Niassa,Metarica,Outubro,2.0
2025,Niassa,Metarica,Setembro,0.0
2025,Niassa,Metarica,Agosto,0.0
2025,Niassa,Metarica,Julho,0.0
2025,Niassa,Metarica,Junho,0.0
2025,Niassa,Metarica,Maio,0.0
2025,Niassa,Metarica,Abril,0.0
2025,Niassa,Metarica,Março,0.0
2025,Niassa,Metarica,Fevereiro,0.0
2025,Niassa,Metarica,Janeiro,0.0
2025,Cabo Delgado,Nangade,Setembro,0.0
2025,Niassa,Mecula,Dezembro,3.0
2025,Niassa,Mecula,Outubro,3.0
2025,Niassa,Mecula,Setembro,2.0
2025,Niassa,Mecula,Agosto,2.0
2025,Niassa,Mecula,Julho,2.0
2025,Niassa,Mecula,Junho,2.0
2025,Niassa,Mecula,Maio,2.0
2025,Niassa,Mecula,Abril,2.0
2025,Niassa,Mecula,Março,2.0
2025,Niassa,Mecula,Fevereiro,2.0
2025,Niassa,Mecula,Janeiro,2.0
2025,Niassa,Mecanhelas,Dezembro,2.0
2025,Niassa,Mecanhelas,Novembro,3.0
2025,Niassa,Mecula,Novembro,2.0
2025,Nampula,Nacaroa,Março,1.0
2025,Cabo Delgado,Nangade,Agosto,0.0
2025,Cabo Delgado,Nangade,Junho,0.0
2025,Cabo Delgado,Ancuabe,Março,1.0
2025,Cabo Delgado,Ancuabe,Fevereiro,1.0
2025,Cabo Delgado,Ancuabe,Janeiro,1.0
2025,Cabo Delgado,Cidade de Pemba,Dezembro,37.0
2025,Cabo Delgado,Cidade de Pemba,Novembro,39.0
2025,Cabo Delgado,Cidade de Pemba,Outubro,38.0
2025,Cabo Delgado,Cidade de Pemba,Setembro,37.0
2025,Cabo Delgado,Cidade de Pemba,Agosto,37.0
2025,Cabo Delgado,Cidade de Pemba,Julho,38.0
2025,Cabo Delgado,Cidade de Pemba,Junho,38.0
2025,Cabo Delgado,Cidade de Pemba,Maio,37.0
2025,Cabo Delgado,Cidade de Pemba,Abril,36.0
2025,Cabo Delgado,Cidade de Pemba,Março,37.0
2025,Cabo Delgado,Cidade de Pemba,Fevereiro,38.0
2025,Cabo Delgado,Cidade de Pemba,Janeiro,38.0
2025,Nampula,Larde,Dezembro,0.0
2025,Nampula,Larde,Novembro,0.0
2025,Nampula,Larde,Outubro,0.0
2025,Nampula,Larde,Setembro,0.0
2025,Nampula,Larde,Agosto,0.0
2025,Nampula,Larde,Julho,0.0
2025,Nampula,Larde,Junho,0.0
2025,Nampula,Larde,Maio,0.0
2025,Nampula,Larde,Abril,0.0
2025,Nampula,Larde,Março,0.0
2025,Cabo Delgado,Ancuabe,Abril,1.0
2025,Nampula,Larde,Fevereiro,0.0
2025,Cabo Delgado,Ancuabe,Maio,1.0
2025,Cabo Delgado,Ancuabe,Julho,1.0
2025,Cabo Delgado,Chiúre,Agosto,4.0
2025,Cabo Delgado,Chiúre,Julho,4.0
2025,Cabo Delgado,Chiúre,Junho,4.0
2025,Cabo Delgado,Chiúre,Maio,4.0
2025,Cabo Delgado,Chiúre,Abril,4.0
2025,Cabo Delgado,Chiúre,Março,4.0
2025,Cabo Delgado,Chiúre,Fevereiro,4.0
2025,Cabo Delgado,Chiúre,Janeiro,4.0
2025,Cabo Delgado,Balama,Dezembro,5.0
2025,Cabo Delgado,Balama,Novembro,5.0
2025,Cabo Delgado,Balama,Outubro,5.0
2025,Cabo Delgado,Balama,Setembro,5.0
2025,Cabo Delgado,Balama,Agosto,5.0
2025,Cabo Delgado,Balama,Julho,5.0
2025,Cabo Delgado,Balama,Junho,5.0
2025,Cabo Delgado,Balama,Maio,5.0
2025,Cabo Delgado,Balama,Abril,5.0
2025,Cabo Delgado,Balama,Março,5.0
2025,Cabo Delgado,Balama,Fevereiro,5.0
2025,Cabo Delgado,Balama,Janeiro,5.0
2025,Cabo Delgado,Ancuabe,Dezembro,1.0
2025,Cabo Delgado,Ancuabe,Novembro,1.0
2025,Cabo Delgado,Ancuabe,Outubro,1.0
2025,Cabo Delgado,Ancuabe,Setembro,1.0
2025,Cabo Delgado,Ancuabe,Agosto,1.0
2025,Cabo Delgado,Ancuabe,Junho,1.0
2025,Cabo Delgado,Chiúre,Setembro,4.0
2025,Nampula,Larde,Janeiro,0.0
2025,Nampula,Liupo,Novembro,0.0
2025,Nampula,Rapale-Nampula,Maio,0.0
2025,Nampula,Rapale-Nampula,Abril,0.0
2025,Nampula,Rapale-Nampula,Março,0.0
2025,Nampula,Rapale-Nampula,Fevereiro,0.0
2025,Nampula,Rapale-Nampula,Janeiro,0.0
2025,Nampula,Namapa-Erati,Dezembro,2.0
2025,Nampula,Namapa-Erati,Novembro,2.0
2025,Nampula,Namapa-Erati,Outubro,2.0
2025,Nampula,Namapa-Erati,Setembro,2.0
2025,Nampula,Namapa-Erati,Agosto,2.0
2025,Nampula,Namapa-Erati,Julho,2.0
2025,Nampula,Namapa-Erati,Junho,2.0
2025,Nampula,Namapa-Erati,Maio,2.0
2025,Nampula,Namapa-Erati,Abril,2.0
2025,Nampula,Namapa-Erati,Março,2.0
2025,Nampula,Namapa-Erati,Fevereiro,2.0
2025,Nampula,Namapa-Erati,Janeiro,2.0
2025,Nampula,Nacaroa,Dezembro,1.0
2025,Nampula,Nacaroa,Novembro,1.0
2025,Nampula,Nacaroa,Outubro,1.0
2025,Nampula,Nacaroa,Setembro,1.0
2025,Nampula,Nacaroa,Agosto,1.0
2025,Nampula,Nacaroa,Julho,1.0
2025,Nampula,Nacaroa,Junho,1.0
2025,Nampula,Nacaroa,Maio,1.0
2025,Nampula,Rapale-Nampula,Junho,0.0
2025,Nampula,Liupo,Dezembro,0.0
2025,Nampula,Rapale-Nampula,Julho,0.0
2025,Nampula,Rapale-Nampula,Setembro,0.0
2025,Nampula,Liupo,Outubro,0.0
2025,Nampula,Liupo,Setembro,0.0
2025,Nampula,Liupo,Agosto,0.0
2025,Nampula,Liupo,Julho,0.0
2025,Nampula,Liupo,Junho,0.0
2025,Nampula,Liupo,Maio,0.0
2025,Nampula,Liupo,Abril,0.0
2025,Nampula,Liupo,Março,0.0
2025,Nampula,Liupo,Fevereiro,0.0
2025,Nampula,Liupo,Janeiro,0.0
2025,Nampula,Ribaué,Dezembro,6.0
2025,Nampula,Ribaué,Novembro,6.0
2025,Nampula,Ribaué,Outubro,6.0
2025,Nampula,Ribaué,Setembro,6.0
2025,Nampula,Ribaué,Agosto,6.0
2025,Nampula,Ribaué,Julho,6.0
2025,Nampula,Ribaué,Junho,6.0
2025,Nampula,Ribaué,Maio,6.0
2025,Nampula,Ribaué,Abril,6.0
2025,Nampula,Ribaué,Março,6.0
2025,Nampula,Ribaué,Fevereiro,6.0
2025,Nampula,Ribaué,Janeiro,6.0
2025,Nampula,Rapale-Nampula,Dezembro,0.0
2025,Nampula,Rapale-Nampula,Novembro,0.0
2025,Nampula,Rapale-Nampula,Outubro,0.0
2025,Nampula,Rapale-Nampula,Agosto,0.0
2025,Cabo Delgado,Chiúre,Outubro,4.0
2025,Cabo Delgado,Chiúre,Novembro,4.0
2025,Cabo Delgado,Chiúre,Dezembro,4.0
2025,Cabo Delgado,Mueda,Dezembro,5.0
2025,Cabo Delgado,Mueda,Novembro,6.0
2025,Cabo Delgado,Mueda,Outubro,6.0
2025,Cabo Delgado,Mueda,Setembro,5.0
2025,Cabo Delgado,Mueda,Agosto,5.0
2025,Cabo Delgado,Mueda,Julho,5.0
2025,Cabo Delgado,Mueda,Junho,6.0
2025,Cabo Delgado,Mueda,Maio,6.0
2025,Cabo Delgado,Mueda,Abril,5.0
2025,Cabo Delgado,Mueda,Março,6.0
2025,Cabo Delgado,Mueda,Fevereiro,6.0
2025,Cabo Delgado,Mueda,Janeiro,6.0
2025,Cabo Delgado,Montepuez,Dezembro,9.0
2025,Cabo Delgado,Montepuez,Novembro,8.0
2025,Cabo Delgado,Montepuez,Outubro,8.0
2025,Cabo Delgado,Montepuez,Setembro,9.0
2025,Cabo Delgado,Montepuez,Agosto,9.0
2025,Cabo Delgado,Montepuez,Julho,9.0
2025,Cabo Delgado,Montepuez,Junho,8.0
2025,Cabo Delgado,Montepuez,Maio,8.0
2025,Cabo Delgado,Montepuez,Abril,9.0
2025,Cabo Delgado,Montepuez,Março,9.0
2025,Cabo Delgado,Montepuez,Fevereiro,9.0
2025,Cabo Delgado,Montepuez,Janeiro,9.0
2025,Cabo Delgado,Mocimboa da Praia,Dezembro,1.0
2025,Cabo Delgado,Muidumbe,Janeiro,0.0
2025,Cabo Delgado,Mocimboa da Praia,Novembro,1.0
2025,Cabo Delgado,Muidumbe,Fevereiro,0.0
2025,Cabo Delgado,Muidumbe,Abril,0.0
2025,Cabo Delgado,Nangade,Maio,0.0
2025,Cabo Delgado,Nangade,Abril,0.0
2025,Cabo Delgado,Nangade,Março,0.0
2025,Cabo Delgado,Nangade,Fevereiro,0.0
2025,Cabo Delgado,Nangade,Janeiro,0.0
2025,Cabo Delgado,Namuno,Dezembro,2.0
2025,Cabo Delgado,Namuno,Novembro,2.0
2025,Cabo Delgado,Namuno,Outubro,2.0
2025,Cabo Delgado,Namuno,Setembro,2.0
2025,Cabo Delgado,Namuno,Agosto,2.0
2025,Cabo Delgado,Namuno,Julho,2.0
2025,Cabo Delgado,Namuno,Junho,2.0
2025,Cabo Delgado,Namuno,Maio,2.0
2025,Cabo Delgado,Namuno,Abril,2.0
2025,Cabo Delgado,Namuno,Março,2.0
2025,Cabo Delgado,Namuno,Fevereiro,2.0
2025,Cabo Delgado,Namuno,Janeiro,2.0
2025,Cabo Delgado,Muidumbe,Dezembro,0.0
2025,Cabo Delgado,Muidumbe,Novembro,0.0
2025,Cabo Delgado,Muidumbe,Outubro,0.0
2025,Cabo Delgado,Muidumbe,Setembro,0.0
2025,Cabo Delgado,Muidumbe,Agosto,0.0
2025,Cabo Delgado,Muidumbe,Julho,0.0
2025,Cabo Delgado,Muidumbe,Junho,0.0
2025,Cabo Delgado,Muidumbe,Maio,0.0
2025,Cabo Delgado,Muidumbe,Março,0.0
2025,Cabo Delgado,Mocimboa da Praia,Outubro,1.0
2025,Cabo Delgado,Mocimboa da Praia,Setembro,1.0
2025,Cabo Delgado,Mocimboa da Praia,Agosto,1.0
2025,Cabo Delgado,Mecufi,Janeiro,1.0
2025,Cabo Delgado,Macomia,Dezembro,0.0
2025,Cabo Delgado,Macomia,Novembro,0.0
2025,Cabo Delgado,Macomia,Outubro,0.0
2025,Cabo Delgado,Macomia,Setembro,0.0
2025,Cabo Delgado,Macomia,Agosto,0.0
2025,Cabo Delgado,Macomia,Julho,0.0
2025,Cabo Delgado,Macomia,Junho,0.0
2025,Cabo Delgado,Macomia,Maio,0.0
2025,Cabo Delgado,Macomia,Abril,0.0
2025,Cabo Delgado,Macomia,Março,0.0
2025,Cabo Delgado,Macomia,Fevereiro,0.0
2025,Cabo Delgado,Macomia,Janeiro,0.0
2025,Cabo Delgado,Ibo,Dezembro,0.0
2025,Cabo Delgado,Ibo,Novembro,0.0
2025,Cabo Delgado,Ibo,Outubro,0.0
2025,Cabo Delgado,Ibo,Setembro,0.0
2025,Cabo Delgado,Ibo,Agosto,0.0
2025,Cabo Delgado,Ibo,Julho,0.0
2025,Cabo Delgado,Ibo,Junho,0.0
2025,Cabo Delgado,Ibo,Maio,0.0
2025,Cabo Delgado,Ibo,Abril,0.0
2025,Cabo Delgado,Ibo,Março,0.0
2025,Cabo Delgado,Ibo,Fevereiro,0.0
2025,Cabo Delgado,Ibo,Janeiro,0.0
2025,Cabo Delgado,Mecufi,Fevereiro,1.0
2025,Cabo Delgado,Mecufi,Março,1.0
2025,Cabo Delgado,Mecufi,Abril,0.0
2025,Cabo Delgado,Mecufi,Maio,0.0
2025,Cabo Delgado,Mocimboa da Praia,Julho,0.0
2025,Cabo Delgado,Mocimboa da Praia,Junho,1.0
2025,Cabo Delgado,Mocimboa da Praia,Maio,1.0
2025,Cabo Delgado,Mocimboa da Praia,Abril,1.0
2025,Cabo Delgado,Mocimboa da Praia,Março,1.0
2025,Cabo Delgado,Mocimboa da Praia,Fevereiro,1.0
2025,Cabo Delgado,Mocimboa da Praia,Janeiro,1.0
2025,Cabo Delgado,Meluco,Dezembro,0.0
2025,Cabo Delgado,Meluco,Novembro,0.0
2025,Cabo Delgado,Meluco,Outubro,0.0
2025,Cabo Delgado,Meluco,Setembro,0.0
2025,Cabo Delgado,Meluco,Agosto,0.0
2025,Cabo Delgado,Nangade,Julho,0.0
2025,Cabo Delgado,Meluco,Julho,0.0
2025,Cabo Delgado,Meluco,Maio,0.0
2025,Cabo Delgado,Meluco,Abril,0.0
2025,Cabo Delgado,Meluco,Março,0.0
2025,Cabo Delgado,Meluco,Fevereiro,0.0
2025,Cabo Delgado,Meluco,Janeiro,0.0
2025,Cabo Delgado,Mecufi,Dezembro,1.0
2025,Cabo Delgado,Mecufi,Novembro,1.0
2025,Cabo Delgado,Mecufi,Outubro,1.0
2025,Cabo Delgado,Mecufi,Setembro,1.0
2025,Cabo Delgado,Mecufi,Agosto,1.0
2025,Cabo Delgado,Mecufi,Julho,1.0
2025,Cabo Delgado,Mecufi,Junho,1.0
2025,Cabo Delgado,Meluco,Junho,0.0
2025,Zambézia,Cidade de Quelimane,Junho,40.0
2025,Sofala,Buzi,Outubro,2.0
2025,Zambézia,Cidade de Quelimane,Abril,38.0
2025,Inhambane,Govuro,Março,2.0
2025,Inhambane,Govuro,Fevereiro,2.0
2025,Inhambane,Govuro,Janeiro,2.0
2025,Inhambane,Funhaloro,Dezembro,2.0
2025,Inhambane,Funhaloro,Novembro,2.0
2025,Inhambane,Funhaloro,Outubro,2.0
2025,Inhambane,Funhaloro,Setembro,2.0
2025,Inhambane,Funhaloro,Agosto,2.0
2025,Inhambane,Funhaloro,Julho,2.0
2025,Inhambane,Funhaloro,Junho,2.0
2025,Inhambane,Funhaloro,Maio,2.0
2025,Inhambane,Funhaloro,Abril,2.0
2025,Inhambane,Funhaloro,Março,2.0
2025,Inhambane,Funhaloro,Fevereiro,2.0
2025,Inhambane,Funhaloro,Janeiro,2.0
2025,Inhambane,Cidade de Maxixe,Dezembro,16.0
2025,Inhambane,Cidade de Maxixe,Novembro,16.0
2025,Inhambane,Cidade de Maxixe,Outubro,16.0
2025,Inhambane,Cidade de Maxixe,Setembro,16.0
2025,Inhambane,Cidade de Maxixe,Agosto,16.0
2025,Inhambane,Cidade de Maxixe,Julho,16.0
2025,Inhambane,Cidade de Maxixe,Junho,16.0
2025,Inhambane,Cidade de Maxixe,Maio,16.0
2025,Inhambane,Cidade de Maxixe,Abril,16.0
2025,Inhambane,Cidade de Maxixe,Março,16.0
2025,Inhambane,Govuro,Abril,2.0
2025,Inhambane,Cidade de Maxixe,Fevereiro,16.0
2025,Inhambane,Govuro,Maio,2.0
2025,Inhambane,Govuro,Julho,2.0
2025,Inhambane,Inharrime,Agosto,4.0
2025,Inhambane,Inharrime,Julho,4.0
2025,Inhambane,Inharrime,Junho,4.0
2025,Inhambane,Inharrime,Maio,4.0
2025,Inhambane,Inharrime,Abril,4.0
2025,Inhambane,Inharrime,Março,5.0
2025,Inhambane,Inharrime,Fevereiro,5.0
2025,Inhambane,Inharrime,Janeiro,5.0
2025,Inhambane,Homoine,Dezembro,2.0
2025,Inhambane,Homoine,Novembro,2.0
2025,Inhambane,Homoine,Outubro,2.0
2025,Inhambane,Homoine,Setembro,2.0
2025,Inhambane,Homoine,Agosto,2.0
2025,Inhambane,Homoine,Julho,2.0
2025,Inhambane,Homoine,Junho,2.0
2025,Inhambane,Homoine,Maio,2.0
2025,Inhambane,Homoine,Abril,2.0
2025,Inhambane,Homoine,Março,2.0
2025,Inhambane,Homoine,Fevereiro,2.0
2025,Inhambane,Homoine,Janeiro,2.0
2025,Inhambane,Govuro,Dezembro,2.0
2025,Inhambane,Govuro,Novembro,2.0
2025,Inhambane,Govuro,Outubro,2.0
2025,Inhambane,Govuro,Setembro,2.0
2025,Inhambane,Govuro,Agosto,2.0
2025,Inhambane,Govuro,Junho,2.0
2025,Inhambane,Inharrime,Setembro,4.0
2025,Inhambane,Cidade de Maxixe,Janeiro,16.0
2025,Inhambane,Cidade de Inhambane,Novembro,16.0
2025,Gaza,Mapai,Maio,1.0
2025,Gaza,Mapai,Abril,1.0
2025,Gaza,Mapai,Março,1.0
2025,Gaza,Mapai,Fevereiro,1.0
2025,Gaza,Mapai,Janeiro,1.0
2025,Gaza,Chonguene,Dezembro,0.0
2025,Gaza,Chonguene,Novembro,0.0
2025,Gaza,Chonguene,Outubro,0.0
2025,Gaza,Chonguene,Setembro,0.0
2025,Gaza,Chonguene,Agosto,0.0
2025,Gaza,Chonguene,Julho,0.0
2025,Gaza,Chonguene,Junho,0.0
2025,Gaza,Chonguene,Maio,0.0
2025,Gaza,Chonguene,Abril,0.0
2025,Gaza,Chonguene,Março,0.0
2025,Gaza,Chonguene,Fevereiro,0.0
2025,Gaza,Chonguene,Janeiro,0.0
2025,Gaza,Massingir,Dezembro,2.0
2025,Gaza,Massingir,Novembro,2.0
2025,Gaza,Massingir,Outubro,2.0
2025,Gaza,Massingir,Setembro,2.0
2025,Gaza,Massingir,Agosto,2.0
2025,Gaza,Massingir,Julho,2.0
2025,Gaza,Massingir,Junho,2.0
2025,Gaza,Massingir,Maio,2.0
2025,Gaza,Mapai,Junho,1.0
2025,Inhambane,Cidade de Inhambane,Dezembro,16.0
2025,Gaza,Mapai,Julho,1.0
2025,Gaza,Mapai,Setembro,1.0
2025,Inhambane,Cidade de Inhambane,Outubro,16.0
2025,Inhambane,Cidade de Inhambane,Setembro,17.0
2025,Inhambane,Cidade de Inhambane,Agosto,17.0
2025,Inhambane,Cidade de Inhambane,Julho,17.0
2025,Inhambane,Cidade de Inhambane,Junho,17.0
2025,Inhambane,Cidade de Inhambane,Maio,17.0
2025,Inhambane,Cidade de Inhambane,Abril,17.0
2025,Inhambane,Cidade de Inhambane,Março,17.0
2025,Inhambane,Cidade de Inhambane,Fevereiro,17.0
2025,Inhambane,Cidade de Inhambane,Janeiro,17.0
2025,Gaza,Limpopo,Dezembro,0.0
2025,Gaza,Limpopo,Novembro,0.0
2025,Gaza,Limpopo,Outubro,0.0
2025,Gaza,Limpopo,Setembro,0.0
2025,Gaza,Limpopo,Agosto,0.0
2025,Gaza,Limpopo,Julho,0.0
2025,Gaza,Limpopo,Junho,0.0
2025,Gaza,Limpopo,Maio,0.0
2025,Gaza,Limpopo,Abril,0.0
2025,Gaza,Limpopo,Março,0.0
2025,Gaza,Limpopo,Fevereiro,0.0
2025,Gaza,Limpopo,Janeiro,0.0
2025,Gaza,Mapai,Dezembro,1.0
2025,Gaza,Mapai,Novembro,1.0
2025,Gaza,Mapai,Outubro,1.0
2025,Gaza,Mapai,Agosto,1.0
2025,Gaza,Massingir,Abril,2.0
2025,Inhambane,Inharrime,Outubro,4.0
2025,Inhambane,Inharrime,Dezembro,4.0
2025,Inhambane,Vilankulo,Novembro,8.0
2025,Inhambane,Vilankulo,Outubro,7.0
2025,Inhambane,Vilankulo,Setembro,7.0
2025,Inhambane,Vilankulo,Agosto,7.0
2025,Inhambane,Vilankulo,Julho,7.0
2025,Inhambane,Vilankulo,Junho,7.0
2025,Inhambane,Vilankulo,Maio,7.0
2025,Inhambane,Vilankulo,Abril,7.0
2025,Inhambane,Vilankulo,Março,7.0
2025,Inhambane,Vilankulo,Fevereiro,7.0
2025,Inhambane,Vilankulo,Janeiro,7.0
2025,Inhambane,Panda,Dezembro,1.0
2025,Inhambane,Panda,Novembro,1.0
2025,Inhambane,Panda,Outubro,1.0
2025,Inhambane,Panda,Setembro,1.0
2025,Inhambane,Panda,Agosto,1.0
2025,Inhambane,Panda,Julho,1.0
2025,Inhambane,Panda,Junho,1.0
2025,Inhambane,Panda,Maio,1.0
2025,Inhambane,Panda,Abril,1.0
2025,Inhambane,Panda,Março,1.0
2025,Inhambane,Panda,Fevereiro,1.0
2025,Inhambane,Panda,Janeiro,1.0
2025,Inhambane,Morrumbene,Dezembro,5.0
2025,Inhambane,Morrumbene,Novembro,5.0
2025,Inhambane,Vilankulo,Dezembro,8.0
2025,Inhambane,Morrumbene,Outubro,5.0
2025,Inhambane,Zavala (Quissico),Janeiro,4.0
2025,Inhambane,Zavala (Quissico),Março,4.0
2025,Sofala,Buzi,Abril,2.0
2025,Sofala,Buzi,Março,2.0
2025,Sofala,Buzi,Fevereiro,2.0
2025,Sofala,Buzi,Janeiro,2.0
2025,Sofala,Cidade da Beira,Dezembro,77.0
2025,Sofala,Cidade da Beira,Novembro,77.0
2025,Sofala,Cidade da Beira,Outubro,77.0
2025,Sofala,Cidade da Beira,Setembro,77.0
2025,Sofala,Cidade da Beira,Agosto,77.0
2025,Sofala,Cidade da Beira,Julho,77.0
2025,Sofala,Cidade da Beira,Junho,79.0
2025,Sofala,Cidade da Beira,Maio,80.0
2025,Sofala,Cidade da Beira,Abril,80.0
2025,Sofala,Cidade da Beira,Março,80.0
2025,Sofala,Cidade da Beira,Fevereiro,80.0
2025,Sofala,Cidade da Beira,Janeiro,80.0
2025,Inhambane,Zavala (Quissico),Dezembro,4.0
2025,Inhambane,Zavala (Quissico),Novembro,4.0
2025,Inhambane,Zavala (Quissico),Outubro,4.0
2025,Inhambane,Zavala (Quissico),Setembro,4.0
2025,Inhambane,Zavala (Quissico),Agosto,4.0
2025,Inhambane,Zavala (Quissico),Julho,4.0
2025,Inhambane,Zavala (Quissico),Junho,4.0
2025,Inhambane,Zavala (Quissico),Maio,4.0
2025,Inhambane,Zavala (Quissico),Abril,4.0
2025,Inhambane,Zavala (Quissico),Fevereiro,4.0
2025,Inhambane,Inharrime,Novembro,4.0
2025,Inhambane,Morrumbene,Setembro,5.0
2025,Inhambane,Morrumbene,Julho,5.0
2025,Inhambane,Mabote,Janeiro,2.0
2025,Inhambane,Jangamo,Dezembro,2.0
2025,Inhambane,Jangamo,Novembro,2.0
2025,Inhambane,Jangamo,Outubro,2.0
2025,Inhambane,Jangamo,Setembro,2.0
2025,Inhambane,Jangamo,Agosto,2.0
2025,Inhambane,Jangamo,Julho,2.0
2025,Inhambane,Jangamo,Junho,2.0
2025,Inhambane,Jangamo,Maio,2.0
2025,Inhambane,Jangamo,Abril,2.0
2025,Inhambane,Jangamo,Março,2.0
2025,Inhambane,Jangamo,Fevereiro,2.0
2025,Inhambane,Jangamo,Janeiro,2.0
2025,Inhambane,Inhassoro,Dezembro,6.0
2025,Inhambane,Inhassoro,Novembro,6.0
2025,Inhambane,Inhassoro,Outubro,6.0
2025,Inhambane,Inhassoro,Setembro,5.0
2025,Inhambane,Inhassoro,Agosto,5.0
2025,Inhambane,Inhassoro,Julho,5.0
2025,Inhambane,Inhassoro,Junho,5.0
2025,Inhambane,Inhassoro,Maio,5.0
2025,Inhambane,Inhassoro,Abril,5.0
2025,Inhambane,Inhassoro,Março,5.0
2025,Inhambane,Inhassoro,Fevereiro,5.0
2025,Inhambane,Inhassoro,Janeiro,5.0
2025,Inhambane,Mabote,Fevereiro,2.0
2025,Inhambane,Morrumbene,Agosto,5.0
2025,Inhambane,Mabote,Março,2.0
2025,Inhambane,Mabote,Maio,2.0
2025,Inhambane,Morrumbene,Junho,5.0
2025,Inhambane,Morrumbene,Maio,5.0
2025,Inhambane,Morrumbene,Abril,5.0
2025,Inhambane,Morrumbene,Março,5.0
2025,Inhambane,Morrumbene,Fevereiro,5.0
2025,Inhambane,Morrumbene,Janeiro,5.0
2025,Inhambane,Massinga,Dezembro,7.0
2025,Inhambane,Massinga,Novembro,7.0
2025,Inhambane,Massinga,Outubro,7.0
2025,Inhambane,Massinga,Setembro,6.0
2025,Inhambane,Massinga,Agosto,6.0
2025,Inhambane,Massinga,Julho,6.0
2025,Inhambane,Massinga,Junho,6.0
2025,Inhambane,Massinga,Maio,6.0
2025,Inhambane,Massinga,Abril,6.0
2025,Inhambane,Massinga,Março,6.0
2025,Inhambane,Massinga,Fevereiro,6.0
2025,Inhambane,Massinga,Janeiro,6.0
2025,Inhambane,Mabote,Dezembro,2.0
2025,Inhambane,Mabote,Novembro,2.0
2025,Inhambane,Mabote,Outubro,2.0
2025,Inhambane,Mabote,Setembro,2.0
2025,Inhambane,Mabote,Agosto,2.0
2025,Inhambane,Mabote,Julho,2.0
2025,Inhambane,Mabote,Junho,2.0
2025,Inhambane,Mabote,Abril,2.0
2025,Gaza,Massingir,Março,2.0
2025,Gaza,Massingir,Fevereiro,2.0
2025,Gaza,Massingir,Janeiro,2.0
2025,Província de Maputo,Matutuíne,Outubro,3.0
2025,Província de Maputo,Matutuíne,Setembro,3.0
2025,Província de Maputo,Matutuíne,Agosto,3.0
2025,Província de Maputo,Matutuíne,Julho,3.0
2025,Província de Maputo,Matutuíne,Junho,3.0
2025,Província de Maputo,Matutuíne,Maio,3.0
2025,Província de Maputo,Matutuíne,Abril,3.0
2025,Província de Maputo,Matutuíne,Março,3.0
2025,Província de Maputo,Matutuíne,Fevereiro,3.0
2025,Província de Maputo,Matutuíne,Janeiro,3.0
2025,Província de Maputo,Marracuene,Dezembro,8.0
2025,Província de Maputo,Marracuene,Novembro,8.0
2025,Província de Maputo,Marracuene,Outubro,8.0
2025,Província de Maputo,Marracuene,Setembro,8.0
2025,Província de Maputo,Marracuene,Agosto,9.0
2025,Província de Maputo,Marracuene,Julho,9.0
2025,Província de Maputo,Marracuene,Junho,9.0
2025,Província de Maputo,Marracuene,Maio,9.0
2025,Província de Maputo,Marracuene,Abril,9.0
2025,Província de Maputo,Marracuene,Março,9.0
2025,Província de Maputo,Marracuene,Fevereiro,9.0
2025,Província de Maputo,Marracuene,Janeiro,10.0
2025,Província de Maputo,Manhiça,Dezembro,11.0
2025,Província de Maputo,Manhiça,Novembro,11.0
2025,Província de Maputo,Manhiça,Outubro,11.0
2025,Província de Maputo,Matutuíne,Novembro,3.0
2025,Província de Maputo,Manhiça,Setembro,11.0
2025,Província de Maputo,Matutuíne,Dezembro,3.0
2025,Província de Maputo,Namaacha,Fevereiro,2.0
2025,Gaza,Cidade de Xai-Xai,Março,31.0
2025,Gaza,Cidade de Xai-Xai,Fevereiro,31.0
2025,Gaza,Cidade de Xai-Xai,Janeiro,32.0
2025,Província de Maputo,Moamba,Dezembro,10.0
2025,Província de Maputo,Moamba,Novembro,10.0
2025,Província de Maputo,Moamba,Outubro,10.0
2025,Província de Maputo,Moamba,Setembro,10.0
2025,Província de Maputo,Moamba,Agosto,10.0
2025,Província de Maputo,Moamba,Julho,10.0
2025,Província de Maputo,Moamba,Junho,10.0
2025,Província de Maputo,Moamba,Maio,10.0
2025,Província de Maputo,Moamba,Abril,10.0
2025,Província de Maputo,Moamba,Março,10.0
2025,Província de Maputo,Moamba,Fevereiro,10.0
2025,Província de Maputo,Moamba,Janeiro,10.0
2025,Província de Maputo,Namaacha,Dezembro,2.0
2025,Província de Maputo,Namaacha,Novembro,2.0
2025,Província de Maputo,Namaacha,Outubro,2.0
2025,Província de Maputo,Namaacha,Setembro,2.0
2025,Província de Maputo,Namaacha,Agosto,2.0
2025,Província de Maputo,Namaacha,Julho,2.0
2025,Província de Maputo,Namaacha,Junho,2.0
2025,Província de Maputo,Namaacha,Maio,2.0
2025,Província de Maputo,Namaacha,Abril,2.0
2025,Província de Maputo,Namaacha,Março,2.0
2025,Província de Maputo,Namaacha,Janeiro,2.0
2025,Gaza,Cidade de Xai-Xai,Abril,31.0
2025,Província de Maputo,Manhiça,Agosto,11.0
2025,Província de Maputo,Manhiça,Junho,11.0
2025,Província de Maputo,Cidade da Matola,Dezembro,123.0
2025,Província de Maputo,Cidade da Matola,Novembro,123.0
2025,Província de Maputo,Cidade da Matola,Outubro,123.0
2025,Província de Maputo,Cidade da Matola,Setembro,123.0
2025,Província de Maputo,Cidade da Matola,Agosto,123.0
2025,Província de Maputo,Cidade da Matola,Julho,123.0
2025,Província de Maputo,Cidade da Matola,Junho,122.0
2025,Província de Maputo,Cidade da Matola,Maio,122.0
2025,Província de Maputo,Cidade da Matola,Abril,122.0
2025,Província de Maputo,Cidade da Matola,Março,128.0
2025,Província de Maputo,Cidade da Matola,Fevereiro,126.0
2025,Província de Maputo,Cidade da Matola,Janeiro,126.0
2025,Província de Maputo,Cidade de Maputo,Dezembro,400.0
2025,Província de Maputo,Cidade de Maputo,Novembro,405.0
2025,Província de Maputo,Cidade de Maputo,Outubro,399.0
2025,Província de Maputo,Cidade de Maputo,Setembro,397.0
2025,Província de Maputo,Cidade de Maputo,Agosto,396.0
2025,Província de Maputo,Cidade de Maputo,Julho,403.0
2025,Província de Maputo,Cidade de Maputo,Junho,401.0
2025,Província de Maputo,Cidade de Maputo,Maio,406.0
2025,Província de Maputo,Cidade de Maputo,Abril,407.0
2025,Província de Maputo,Cidade de Maputo,Março,412.0
2025,Província de Maputo,Cidade de Maputo,Fevereiro,412.0
2025,Província de Maputo,Cidade de Maputo,Janeiro,413.0
2025,Niassa,Chimbunhila,Novembro,1.0
2025,Província de Maputo,Boane,Janeiro,15.0
2025,Província de Maputo,Manhiça,Julho,11.0
2025,Província de Maputo,Boane,Fevereiro,14.0
2025,Província de Maputo,Boane,Abril,14.0
2025,Província de Maputo,Manhiça,Maio,11.0
2025,Província de Maputo,Manhiça,Abril,13.0
2025,Província de Maputo,Manhiça,Março,14.0
2025,Província de Maputo,Manhiça,Fevereiro,13.0
2025,Província de Maputo,Manhiça,Janeiro,13.0
2025,Província de Maputo,Magude,Dezembro,2.0
2025,Província de Maputo,Magude,Novembro,2.0
2025,Província de Maputo,Magude,Outubro,2.0
2025,Província de Maputo,Magude,Setembro,2.0
2025,Província de Maputo,Magude,Agosto,2.0
2025,Província de Maputo,Magude,Julho,2.0
2025,Província de Maputo,Magude,Junho,2.0
2025,Província de Maputo,Magude,Maio,2.0
2025,Província de Maputo,Magude,Abril,2.0
2025,Província de Maputo,Magude,Março,2.0
2025,Província de Maputo,Magude,Fevereiro,2.0
2025,Província de Maputo,Magude,Janeiro,2.0
2025,Província de Maputo,Boane,Dezembro,15.0
2025,Província de Maputo,Boane,Novembro,15.0
2025,Província de Maputo,Boane,Outubro,15.0
2025,Província de Maputo,Boane,Setembro,14.0
2025,Província de Maputo,Boane,Agosto,14.0
2025,Província de Maputo,Boane,Julho,14.0
2025,Província de Maputo,Boane,Junho,14.0
2025,Província de Maputo,Boane,Maio,14.0
2025,Província de Maputo,Boane,Março,14.0
2025,Gaza,Cidade de Xai-Xai,Maio,31.0
2025,Gaza,Cidade de Xai-Xai,Junho,31.0
2025,Gaza,Cidade de Xai-Xai,Julho,31.0
2025,Gaza,Mabalane,Julho,2.0
2025,Gaza,Mabalane,Junho,2.0
2025,Gaza,Mabalane,Maio,2.0
2025,Gaza,Mabalane,Abril,2.0
2025,Gaza,Mabalane,Março,2.0
2025,Gaza,Mabalane,Fevereiro,2.0
2025,Gaza,Mabalane,Janeiro,2.0
2025,Gaza,Guijá,Dezembro,1.0
2025,Gaza,Guijá,Novembro,1.0
2025,Gaza,Guijá,Outubro,1.0
2025,Gaza,Guijá,Setembro,1.0
2025,Gaza,Guijá,Agosto,1.0
2025,Gaza,Guijá,Julho,1.0
2025,Gaza,Guijá,Junho,1.0
2025,Gaza,Guijá,Maio,1.0
2025,Gaza,Guijá,Abril,1.0
2025,Gaza,Guijá,Março,1.0
2025,Gaza,Guijá,Fevereiro,1.0
2025,Gaza,Guijá,Janeiro,1.0
2025,Gaza,Chókwè,Dezembro,12.0
2025,Gaza,Chókwè,Novembro,12.0
2025,Gaza,Chókwè,Outubro,12.0
2025,Gaza,Chókwè,Setembro,12.0
2025,Gaza,Chókwè,Agosto,12.0
2025,Gaza,Chókwè,Julho,12.0
2025,Gaza,Mabalane,Agosto,2.0
2025,Gaza,Chókwè,Junho,12.0
2025,Gaza,Mabalane,Setembro,2.0
2025,Gaza,Mabalane,Novembro,2.0
2025,Gaza,Massangena,Dezembro,0.0
2025,Gaza,Massangena,Novembro,0.0
2025,Gaza,Massangena,Outubro,0.0
2025,Gaza,Massangena,Setembro,0.0
2025,Gaza,Massangena,Agosto,0.0
2025,Gaza,Massangena,Julho,0.0
2025,Gaza,Massangena,Junho,0.0
2025,Gaza,Massangena,Maio,0.0
2025,Gaza,Massangena,Abril,0.0
2025,Gaza,Massangena,Março,0.0
2025,Gaza,Massangena,Fevereiro,0.0
2025,Gaza,Massangena,Janeiro,0.0
2025,Gaza,Manjacaze,Dezembro,4.0
2025,Gaza,Manjacaze,Novembro,4.0
2025,Gaza,Manjacaze,Outubro,4.0
2025,Gaza,Manjacaze,Setembro,4.0
2025,Gaza,Manjacaze,Agosto,4.0
2025,Gaza,Manjacaze,Julho,4.0
2025,Gaza,Manjacaze,Junho,4.0
2025,Gaza,Manjacaze,Maio,4.0
2025,Gaza,Manjacaze,Abril,4.0
2025,Gaza,Manjacaze,Março,4.0
2025,Gaza,Manjacaze,Fevereiro,4.0
2025,Gaza,Manjacaze,Janeiro,4.0
2025,Gaza,Mabalane,Dezembro,2.0
2025,Gaza,Mabalane,Outubro,2.0
2025,Gaza,Chókwè,Maio,12.0
2025,Gaza,Chókwè,Abril,12.0
2025,Gaza,Chókwè,Março,12.0
2025,Gaza,Chibuto,Agosto,4.0
2025,Gaza,Chibuto,Julho,4.0
2025,Gaza,Chibuto,Junho,4.0
2025,Gaza,Chibuto,Maio,4.0
2025,Gaza,Chibuto,Abril,4.0
2025,Gaza,Chibuto,Março,4.0
2025,Gaza,Chibuto,Fevereiro,4.0
2025,Gaza,Chibuto,Janeiro,4.0
2025,Gaza,Bilene-Macia,Dezembro,9.0
2025,Gaza,Bilene-Macia,Novembro,10.0
2025,Gaza,Bilene-Macia,Outubro,10.0
2025,Gaza,Bilene-Macia,Setembro,10.0
2025,Gaza,Bilene-Macia,Agosto,10.0
2025,Gaza,Bilene-Macia,Julho,10.0
2025,Gaza,Bilene-Macia,Junho,10.0
2025,Gaza,Bilene-Macia,Maio,10.0
2025,Gaza,Bilene-Macia,Abril,10.0
2025,Gaza,Bilene-Macia,Março,10.0
2025,Gaza,Bilene-Macia,Fevereiro,10.0
2025,Gaza,Bilene-Macia,Janeiro,10.0
2025,Gaza,Cidade de Xai-Xai,Dezembro,30.0
2025,Gaza,Cidade de Xai-Xai,Novembro,30.0
2025,Gaza,Cidade de Xai-Xai,Outubro,31.0
2025,Gaza,Cidade de Xai-Xai,Setembro,31.0
2025,Gaza,Cidade de Xai-Xai,Agosto,31.0
2025,Gaza,Chibuto,Setembro,4.0
2025,Gaza,Chibuto,Outubro,4.0
2025,Gaza,Chibuto,Novembro,4.0
2025,Gaza,Chibuto,Dezembro,4.0
2025,Gaza,Chókwè,Fevereiro,12.0
2025,Gaza,Chókwè,Janeiro,12.0
2025,Gaza,Chigubo,Dezembro,1.0
2025,Gaza,Chigubo,Novembro,1.0
2025,Gaza,Chigubo,Outubro,1.0
2025,Gaza,Chigubo,Setembro,1.0
2025,Gaza,Chigubo,Agosto,1.0
2025,Gaza,Chigubo,Julho,1.0
2025,Gaza,Chigubo,Junho,1.0
2025,Gaza,Chigubo,Maio,1.0
2025,Gaza,Chigubo,Abril,1.0
2025,Gaza,Chigubo,Março,1.0
2025,Sofala,Buzi,Maio,2.0
2025,Gaza,Chigubo,Fevereiro,1.0
2025,Gaza,Chicualacuala,Dezembro,2.0
2025,Gaza,Chicualacuala,Novembro,2.0
2025,Gaza,Chicualacuala,Outubro,2.0
2025,Gaza,Chicualacuala,Setembro,2.0
2025,Gaza,Chicualacuala,Agosto,2.0
2025,Gaza,Chicualacuala,Julho,2.0
2025,Gaza,Chicualacuala,Junho,2.0
2025,Gaza,Chicualacuala,Maio,2.0
2025,Gaza,Chicualacuala,Abril,2.0
2025,Gaza,Chicualacuala,Março,2.0
2025,Gaza,Chicualacuala,Fevereiro,2.0
2025,Gaza,Chicualacuala,Janeiro,2.0
2025,Gaza,Chigubo,Janeiro,1.0
2025,Sofala,Buzi,Junho,2.0
2025,Sofala,Buzi,Julho,2.0
2025,Sofala,Buzi,Agosto,2.0
2025,Tete,Changara,Janeiro,2.0
2025,Tete,Cahora-Bassa,Dezembro,5.0
2025,Tete,Cahora-Bassa,Novembro,5.0
2025,Tete,Cahora-Bassa,Outubro,5.0
2025,Tete,Cahora-Bassa,Setembro,5.0
2025,Tete,Cahora-Bassa,Agosto,5.0
2025,Tete,Cahora-Bassa,Julho,5.0
2025,Tete,Cahora-Bassa,Junho,5.0
2025,Tete,Cahora-Bassa,Maio,5.0
2025,Tete,Cahora-Bassa,Abril,5.0
2025,Tete,Cahora-Bassa,Março,5.0
2025,Tete,Cahora-Bassa,Fevereiro,5.0
2025,Tete,Cahora-Bassa,Janeiro,5.0
2025,Tete,Angónia,Dezembro,7.0
2025,Tete,Angónia,Novembro,7.0
2025,Tete,Angónia,Outubro,7.0
2025,Tete,Angónia,Setembro,7.0
2025,Tete,Angónia,Agosto,7.0
2025,Tete,Angónia,Julho,7.0
2025,Tete,Angónia,Junho,7.0
2025,Tete,Angónia,Maio,7.0
2025,Tete,Angónia,Abril,7.0
2025,Tete,Angónia,Março,7.0
2025,Tete,Angónia,Fevereiro,7.0
2025,Tete,Angónia,Janeiro,7.0
2025,Tete,Changara,Fevereiro,2.0
2025,Tete,Cidade de Tete,Dezembro,49.0
2025,Tete,Changara,Março,2.0
2025,Tete,Changara,Maio,2.0
2025,Tete,Chiuta,Junho,2.0
2025,Tete,Chiuta,Maio,2.0
2025,Tete,Chiuta,Abril,2.0
2025,Tete,Chiuta,Março,2.0
2025,Tete,Chiuta,Fevereiro,2.0
2025,Tete,Chiuta,Janeiro,2.0
2025,Tete,Chifunde,Dezembro,2.0
2025,Tete,Chifunde,Novembro,2.0
2025,Tete,Chifunde,Outubro,2.0
2025,Tete,Chifunde,Setembro,2.0
2025,Tete,Chifunde,Agosto,2.0
2025,Tete,Chifunde,Julho,2.0
2025,Tete,Chifunde,Junho,2.0
2025,Tete,Chifunde,Maio,2.0
2025,Tete,Chifunde,Abril,2.0
2025,Tete,Chifunde,Março,2.0
2025,Tete,Chifunde,Fevereiro,2.0
2025,Tete,Chifunde,Janeiro,2.0
2025,Tete,Changara,Dezembro,2.0
2025,Tete,Changara,Novembro,2.0
2025,Tete,Changara,Outubro,2.0
2025,Tete,Changara,Setembro,2.0
2025,Tete,Changara,Agosto,2.0
2025,Tete,Changara,Julho,2.0
2025,Tete,Changara,Junho,2.0
2025,Tete,Changara,Abril,2.0
2025,Tete,Chiuta,Julho,2.0
2025,Tete,Cidade de Tete,Novembro,51.0
2025,Tete,Cidade de Tete,Setembro,48.0
2025,Manica,Macate,Março,0.0
2025,Manica,Macate,Fevereiro,0.0
2025,Manica,Macate,Janeiro,0.0
2025,Manica,Tambara,Dezembro,0.0
2025,Manica,Tambara,Novembro,1.0
2025,Manica,Tambara,Outubro,1.0
2025,Manica,Tambara,Setembro,1.0
2025,Manica,Tambara,Agosto,1.0
2025,Manica,Tambara,Julho,0.0
2025,Manica,Tambara,Junho,0.0
2025,Manica,Tambara,Maio,0.0
2025,Manica,Tambara,Abril,0.0
2025,Manica,Tambara,Março,0.0
2025,Manica,Tambara,Fevereiro,0.0
2025,Manica,Tambara,Janeiro,0.0
2025,Manica,Sussundenga,Dezembro,2.0
2025,Manica,Sussundenga,Novembro,2.0
2025,Manica,Sussundenga,Outubro,2.0
2025,Manica,Sussundenga,Setembro,2.0
2025,Manica,Sussundenga,Agosto,2.0
2025,Manica,Sussundenga,Julho,2.0
2025,Manica,Sussundenga,Junho,2.0
2025,Manica,Sussundenga,Maio,2.0
2025,Manica,Sussundenga,Abril,2.0
2025,Manica,Sussundenga,Março,2.0
2025,Manica,Macate,Abril,0.0
2025,Tete,Cidade de Tete,Outubro,51.0
2025,Manica,Macate,Maio,0.0
2025,Manica,Macate,Julho,0.0
2025,Tete,Cidade de Tete,Agosto,48.0
2025,Tete,Cidade de Tete,Julho,45.0
2025,Tete,Cidade de Tete,Junho,50.0
2025,Tete,Cidade de Tete,Maio,45.0
2025,Tete,Cidade de Tete,Abril,45.0
2025,Tete,Cidade de Tete,Março,48.0
2025,Tete,Cidade de Tete,Fevereiro,48.0
2025,Tete,Cidade de Tete,Janeiro,47.0
2025,Manica,Vanduzi,Dezembro,3.0
2025,Manica,Vanduzi,Novembro,3.0
2025,Manica,Vanduzi,Outubro,3.0
2025,Manica,Vanduzi,Setembro,3.0
2025,Manica,Vanduzi,Agosto,3.0
2025,Manica,Vanduzi,Julho,3.0
2025,Manica,Vanduzi,Junho,3.0
2025,Manica,Vanduzi,Maio,3.0
2025,Manica,Vanduzi,Abril,3.0
2025,Manica,Vanduzi,Março,3.0
2025,Manica,Vanduzi,Fevereiro,3.0
2025,Manica,Vanduzi,Janeiro,3.0
2025,Manica,Macate,Dezembro,0.0
2025,Manica,Macate,Novembro,0.0
2025,Manica,Macate,Outubro,0.0
2025,Manica,Macate,Setembro,0.0
2025,Manica,Macate,Agosto,0.0
2025,Manica,Macate,Junho,0.0
2025,Tete,Chiuta,Agosto,2.0
2025,Tete,Chiuta,Setembro,2.0
2025,Tete,Chiuta,Outubro,2.0
2025,Tete,Zumbo,Outubro,1.0
2025,Tete,Zumbo,Setembro,1.0
2025,Tete,Zumbo,Agosto,1.0
2025,Tete,Zumbo,Julho,1.0
2025,Tete,Zumbo,Junho,1.0
2025,Tete,Zumbo,Maio,1.0
2025,Tete,Zumbo,Abril,1.0
2025,Tete,Zumbo,Março,1.0
2025,Tete,Zumbo,Fevereiro,1.0
2025,Tete,Zumbo,Janeiro,1.0
2025,Tete,Tsangano,Dezembro,1.0
2025,Tete,Tsangano,Novembro,1.0
2025,Tete,Tsangano,Outubro,1.0
2025,Tete,Tsangano,Setembro,1.0
2025,Tete,Tsangano,Agosto,1.0
2025,Tete,Tsangano,Julho,1.0
2025,Tete,Tsangano,Junho,1.0
2025,Tete,Tsangano,Maio,1.0
2025,Tete,Tsangano,Abril,1.0
2025,Tete,Tsangano,Março,1.0
2025,Tete,Tsangano,Fevereiro,1.0
2025,Tete,Tsangano,Janeiro,1.0
2025,Tete,Mutarara,Dezembro,2.0
2025,Tete,Mutarara,Novembro,2.0
2025,Tete,Mutarara,Outubro,2.0
2025,Tete,Zumbo,Novembro,1.0
2025,Tete,Mutarara,Setembro,2.0
2025,Tete,Zumbo,Dezembro,1.0
2025,Tete,Doa,Fevereiro,0.0
2025,Zambézia,Cidade de Quelimane,Março,40.0
2025,Zambézia,Cidade de Quelimane,Fevereiro,40.0
2025,Zambézia,Cidade de Quelimane,Janeiro,40.0
2025,Tete,Marara,Dezembro,0.0
2025,Tete,Marara,Novembro,1.0
2025,Tete,Marara,Outubro,1.0
2025,Tete,Marara,Setembro,0.0
2025,Tete,Marara,Agosto,0.0
2025,Tete,Marara,Julho,0.0
2025,Tete,Marara,Junho,1.0
2025,Tete,Marara,Maio,1.0
2025,Tete,Marara,Abril,0.0
2025,Tete,Marara,Março,1.0
2025,Tete,Marara,Fevereiro,1.0
2025,Tete,Marara,Janeiro,1.0
2025,Tete,Doa,Dezembro,1.0
2025,Tete,Doa,Novembro,0.0
2025,Tete,Doa,Outubro,0.0
2025,Tete,Doa,Setembro,1.0
2025,Tete,Doa,Agosto,1.0
2025,Tete,Doa,Julho,1.0
2025,Tete,Doa,Junho,0.0
2025,Tete,Doa,Maio,0.0
2025,Tete,Doa,Abril,1.0
2025,Tete,Doa,Março,0.0
2025,Tete,Doa,Janeiro,0.0
2025,Tete,Mutarara,Agosto,2.0
2025,Tete,Mutarara,Julho,3.0
2025,Tete,Mutarara,Junho,2.0
2025,Tete,Mágoe,Novembro,0.0
2025,Tete,Mágoe,Outubro,0.0
2025,Tete,Mágoe,Setembro,0.0
2025,Tete,Mágoe,Agosto,0.0
2025,Tete,Mágoe,Julho,0.0
2025,Tete,Mágoe,Junho,0.0
2025,Tete,Mágoe,Maio,0.0
2025,Tete,Mágoe,Abril,0.0
2025,Tete,Mágoe,Março,0.0
2025,Tete,Mágoe,Fevereiro,0.0
2025,Tete,Mágoe,Janeiro,0.0
2025,Tete,Macanga,Dezembro,2.0
2025,Tete,Macanga,Novembro,2.0
2025,Tete,Macanga,Outubro,2.0
2025,Tete,Macanga,Setembro,2.0
2025,Tete,Macanga,Agosto,2.0
2025,Tete,Macanga,Julho,2.0
2025,Tete,Macanga,Junho,2.0
2025,Tete,Macanga,Maio,2.0
2025,Tete,Macanga,Abril,2.0
2025,Tete,Macanga,Março,2.0
2025,Tete,Macanga,Fevereiro,2.0
2025,Tete,Macanga,Janeiro,2.0
2025,Tete,Chiuta,Dezembro,2.0
2025,Tete,Chiuta,Novembro,2.0
2025,Tete,Mágoe,Dezembro,0.0
2025,Tete,Maravia,Janeiro,2.0
2025,Tete,Maravia,Fevereiro,2.0
2025,Tete,Maravia,Março,2.0
2025,Tete,Mutarara,Maio,2.0
2025,Tete,Mutarara,Abril,2.0
2025,Tete,Mutarara,Março,2.0
2025,Tete,Mutarara,Fevereiro,2.0
2025,Tete,Mutarara,Janeiro,2.0
2025,Tete,Moatize,Dezembro,11.0
2025,Tete,Moatize,Novembro,13.0
2025,Tete,Moatize,Outubro,13.0
2025,Tete,Moatize,Setembro,11.0
2025,Tete,Moatize,Agosto,11.0
2025,Tete,Moatize,Julho,11.0
2025,Tete,Moatize,Junho,13.0
2025,Manica,Sussundenga,Fevereiro,2.0
2025,Tete,Moatize,Maio,13.0
2025,Tete,Moatize,Março,13.0
2025,Tete,Moatize,Fevereiro,13.0
2025,Tete,Moatize,Janeiro,13.0
2025,Tete,Maravia,Dezembro,4.0
2025,Tete,Maravia,Novembro,2.0
2025,Tete,Maravia,Outubro,2.0
2025,Tete,Maravia,Setembro,4.0
2025,Tete,Maravia,Agosto,4.0
2025,Tete,Maravia,Julho,4.0
2025,Tete,Maravia,Junho,2.0
2025,Tete,Maravia,Maio,2.0
2025,Tete,Maravia,Abril,4.0
2025,Tete,Moatize,Abril,11.0
2025,Zambézia,Cidade de Quelimane,Maio,39.0
2025,Manica,Sussundenga,Janeiro,2.0
2025,Manica,Mossurize,Novembro,2.0
2025,Sofala,Machanga,Agosto,1.0
2025,Sofala,Machanga,Julho,1.0
2025,Sofala,Machanga,Junho,1.0
2025,Sofala,Machanga,Maio,1.0
2025,Sofala,Machanga,Abril,1.0
2025,Sofala,Machanga,Março,1.0
2025,Sofala,Machanga,Fevereiro,1.0
2025,Sofala,Machanga,Janeiro,1.0
2025,Sofala,Gorongoza,Dezembro,2.0
2025,Sofala,Gorongoza,Novembro,2.0
2025,Sofala,Gorongoza,Outubro,2.0
2025,Sofala,Gorongoza,Setembro,2.0
2025,Sofala,Gorongoza,Agosto,2.0
2025,Sofala,Gorongoza,Julho,2.0
2025,Sofala,Gorongoza,Junho,2.0
2025,Sofala,Gorongoza,Maio,2.0
2025,Sofala,Gorongoza,Abril,2.0
2025,Sofala,Gorongoza,Março,2.0
2025,Sofala,Gorongoza,Fevereiro,2.0
2025,Sofala,Gorongoza,Janeiro,2.0
2025,Sofala,Dondo,Dezembro,11.0
2025,Sofala,Dondo,Novembro,11.0
2025,Sofala,Dondo,Outubro,11.0
2025,Sofala,Dondo,Setembro,11.0
2025,Sofala,Dondo,Agosto,11.0
2025,Sofala,Machanga,Setembro,1.0
2025,Sofala,Dondo,Julho,11.0
2025,Sofala,Machanga,Outubro,1.0
2025,Sofala,Machanga,Dezembro,1.0
2025,Sofala,Muanza,Janeiro,2.0
2025,Sofala,Marromeu,Dezembro,2.0
2025,Sofala,Marromeu,Novembro,2.0
2025,Sofala,Marromeu,Outubro,2.0
2025,Sofala,Marromeu,Setembro,2.0
2025,Sofala,Marromeu,Agosto,2.0
2025,Sofala,Marromeu,Julho,2.0
2025,Sofala,Marromeu,Junho,2.0
2025,Sofala,Marromeu,Maio,2.0
2025,Sofala,Marromeu,Abril,2.0
2025,Sofala,Marromeu,Março,2.0
2025,Sofala,Marromeu,Fevereiro,2.0
2025,Sofala,Marromeu,Janeiro,2.0
2025,Sofala,Maringue,Dezembro,1.0
2025,Sofala,Maringue,Novembro,1.0
2025,Sofala,Maringue,Outubro,1.0
2025,Sofala,Maringue,Setembro,1.0
2025,Sofala,Maringue,Agosto,1.0
2025,Sofala,Maringue,Julho,1.0
2025,Sofala,Maringue,Junho,1.0
2025,Sofala,Maringue,Maio,1.0
2025,Sofala,Maringue,Abril,1.0
2025,Sofala,Maringue,Março,1.0
2025,Sofala,Maringue,Fevereiro,1.0
2025,Sofala,Maringue,Janeiro,1.0
2025,Sofala,Machanga,Novembro,1.0
2025,Sofala,Muanza,Fevereiro,2.0
2025,Sofala,Dondo,Junho,11.0
2025,Sofala,Dondo,Abril,11.0
2025,Sofala,Chemba,Outubro,2.0
2025,Sofala,Chemba,Setembro,2.0
2025,Sofala,Chemba,Agosto,2.0
2025,Sofala,Chemba,Julho,2.0
2025,Sofala,Chemba,Junho,2.0
2025,Sofala,Chemba,Maio,2.0
2025,Sofala,Chemba,Abril,2.0
2025,Sofala,Chemba,Março,2.0
2025,Sofala,Chemba,Fevereiro,2.0
2025,Sofala,Chemba,Janeiro,2.0
2025,Sofala,Caia,Dezembro,3.0
2025,Sofala,Caia,Novembro,3.0
2025,Sofala,Caia,Outubro,3.0
2025,Sofala,Caia,Setembro,3.0
2025,Sofala,Caia,Agosto,3.0
2025,Sofala,Caia,Julho,3.0
2025,Sofala,Caia,Junho,3.0
2025,Sofala,Caia,Maio,3.0
2025,Sofala,Caia,Abril,3.0
2025,Sofala,Caia,Março,3.0
2025,Sofala,Caia,Fevereiro,3.0
2025,Sofala,Caia,Janeiro,3.0
2025,Sofala,Buzi,Dezembro,2.0
2025,Sofala,Buzi,Novembro,2.0
2025,Sofala,Buzi,Setembro,2.0
2025,Sofala,Chemba,Novembro,2.0
2025,Sofala,Dondo,Maio,11.0
2025,Sofala,Chemba,Dezembro,2.0
2025,Sofala,Cheringoma,Fevereiro,2.0
2025,Sofala,Dondo,Março,11.0
2025,Sofala,Dondo,Fevereiro,11.0
2025,Sofala,Dondo,Janeiro,11.0
2025,Sofala,Chibabava,Dezembro,2.0
2025,Sofala,Chibabava,Novembro,2.0
2025,Sofala,Chibabava,Outubro,2.0
2025,Sofala,Chibabava,Setembro,2.0
2025,Sofala,Chibabava,Agosto,2.0
2025,Sofala,Chibabava,Julho,2.0
2025,Sofala,Chibabava,Junho,4.0
2025,Sofala,Chibabava,Maio,4.0
2025,Sofala,Chibabava,Abril,4.0
2025,Sofala,Chibabava,Março,4.0
2025,Sofala,Chibabava,Fevereiro,4.0
2025,Sofala,Chibabava,Janeiro,4.0
2025,Sofala,Cheringoma,Dezembro,2.0
2025,Sofala,Cheringoma,Novembro,2.0
2025,Sofala,Cheringoma,Outubro,2.0
2025,Sofala,Cheringoma,Setembro,2.0
2025,Sofala,Cheringoma,Agosto,2.0
2025,Sofala,Cheringoma,Julho,2.0
2025,Sofala,Cheringoma,Junho,2.0
2025,Sofala,Cheringoma,Maio,2.0
2025,Sofala,Cheringoma,Abril,2.0
2025,Sofala,Cheringoma,Março,2.0
2025,Sofala,Cheringoma,Janeiro,2.0
2025,Sofala,Muanza,Março,2.0
2025,Sofala,Muanza,Abril,2.0
2025,Sofala,Muanza,Maio,2.0
2025,Manica,Macossa,Maio,0.0
2025,Manica,Macossa,Abril,0.0
2025,Manica,Macossa,Março,0.0
2025,Manica,Macossa,Fevereiro,0.0
2025,Manica,Macossa,Janeiro,0.0
2025,Manica,Machaze,Dezembro,1.0
2025,Manica,Machaze,Novembro,1.0
2025,Manica,Machaze,Outubro,1.0
2025,Manica,Machaze,Setembro,1.0
2025,Manica,Machaze,Agosto,1.0
2025,Manica,Machaze,Julho,1.0
2025,Manica,Machaze,Junho,1.0
2025,Manica,Machaze,Maio,1.0
2025,Manica,Machaze,Abril,1.0
2025,Manica,Machaze,Março,1.0
2025,Manica,Machaze,Fevereiro,1.0
2025,Manica,Machaze,Janeiro,1.0
2025,Manica,Guro,Dezembro,2.0
2025,Manica,Guro,Novembro,2.0
2025,Manica,Guro,Outubro,2.0
2025,Manica,Guro,Setembro,2.0
2025,Manica,Guro,Agosto,2.0
2025,Manica,Guro,Julho,2.0
2025,Manica,Guro,Junho,2.0
2025,Manica,Guro,Maio,2.0
2025,Manica,Macossa,Junho,0.0
2025,Manica,Guro,Abril,2.0
2025,Manica,Macossa,Julho,0.0
2025,Manica,Macossa,Setembro,0.0
2025,Manica,Mossurize,Outubro,2.0
2025,Manica,Mossurize,Setembro,2.0
2025,Manica,Mossurize,Agosto,2.0
2025,Manica,Mossurize,Julho,2.0
2025,Manica,Mossurize,Junho,2.0
2025,Manica,Mossurize,Maio,2.0
2025,Manica,Mossurize,Abril,2.0
2025,Manica,Mossurize,Março,2.0
2025,Manica,Mossurize,Fevereiro,2.0
2025,Manica,Mossurize,Janeiro,2.0
2025,Manica,Manica,Dezembro,6.0
2025,Manica,Manica,Novembro,6.0
2025,Manica,Manica,Outubro,7.0
2025,Manica,Manica,Setembro,7.0
2025,Manica,Manica,Agosto,7.0
2025,Manica,Manica,Julho,7.0
2025,Manica,Manica,Junho,7.0
2025,Manica,Manica,Maio,7.0
2025,Manica,Manica,Abril,7.0
2025,Manica,Manica,Março,7.0
2025,Manica,Manica,Fevereiro,7.0
2025,Manica,Manica,Janeiro,7.0
2025,Manica,Macossa,Dezembro,0.0
2025,Manica,Macossa,Novembro,0.0
2025,Manica,Macossa,Outubro,0.0
2025,Manica,Macossa,Agosto,0.0
2025,Manica,Guro,Março,2.0
2025,Manica,Guro,Fevereiro,2.0
2025,Manica,Guro,Janeiro,2.0
2025,Manica,Cidade de Chimoio,Junho,35.0
2025,Manica,Cidade de Chimoio,Maio,35.0
2025,Manica,Cidade de Chimoio,Abril,35.0
2025,Manica,Cidade de Chimoio,Março,34.0
2025,Manica,Cidade de Chimoio,Fevereiro,34.0
2025,Manica,Cidade de Chimoio,Janeiro,34.0
2025,Sofala,Nhamatanda,Dezembro,4.0
2025,Sofala,Nhamatanda,Novembro,4.0
2025,Sofala,Nhamatanda,Outubro,4.0
2025,Sofala,Nhamatanda,Setembro,4.0
2025,Sofala,Nhamatanda,Agosto,4.0
2025,Sofala,Nhamatanda,Julho,4.0
2025,Sofala,Nhamatanda,Junho,4.0
2025,Sofala,Nhamatanda,Maio,4.0
2025,Sofala,Nhamatanda,Abril,4.0
2025,Sofala,Nhamatanda,Março,4.0
2025,Sofala,Nhamatanda,Fevereiro,4.0
2025,Sofala,Nhamatanda,Janeiro,4.0
2025,Sofala,Muanza,Dezembro,2.0
2025,Sofala,Muanza,Novembro,2.0
2025,Sofala,Muanza,Outubro,2.0
2025,Sofala,Muanza,Setembro,2.0
2025,Sofala,Muanza,Agosto,2.0
2025,Sofala,Muanza,Julho,2.0
2025,Sofala,Muanza,Junho,2.0
2025,Manica,Cidade de Chimoio,Julho,34.0
2025,Manica,Cidade de Chimoio,Agosto,33.0
2025,Manica,Cidade de Chimoio,Setembro,33.0
2025,Manica,Cidade de Chimoio,Outubro,33.0
2025,Manica,Gondola,Dezembro,2.0
2025,Manica,Gondola,Novembro,2.0
2025,Manica,Gondola,Outubro,2.0
2025,Manica,Gondola,Setembro,2.0
2025,Manica,Gondola,Agosto,2.0
2025,Manica,Gondola,Julho,2.0
2025,Manica,Gondola,Junho,2.0
2025,Manica,Gondola,Maio,2.0
2025,Manica,Gondola,Abril,2.0
2025,Manica,Gondola,Março,2.0
2025,Manica,Gondola,Fevereiro,2.0
2025,Manica,Gondola,Janeiro,2.0
2025,Manica,Mossurize,Dezembro,2.0
2025,Manica,Bárue,Dezembro,4.0
2025,Manica,Bárue,Outubro,4.0
2025,Manica,Bárue,Setembro,4.0
2025,Manica,Bárue,Agosto,4.0
2025,Manica,Bárue,Julho,4.0
2025,Manica,Bárue,Junho,4.0
2025,Manica,Bárue,Maio,4.0
2025,Manica,Bárue,Abril,4.0
2025,Manica,Bárue,Março,4.0
2025,Manica,Bárue,Fevereiro,4.0
2025,Manica,Bárue,Janeiro,4.0
2025,Manica,Cidade de Chimoio,Dezembro,30.0
2025,Manica,Cidade de Chimoio,Novembro,33.0
2025,Manica,Bárue,Novembro,4.0
2025,Niassa,Chimbunhila,Dezembro,1.0
