Table,Indicator,Period,Year,Quarter,Value
TABELA 1: INDICADORES DE ACESSO GEOGRÁFICO,"Contas Bancarias (por 10,000 km2)",2020Q1,2020,Q1,62532.61594312585
TABELA 1: INDICADORES DE ACESSO GEOGRÁFICO,"Contas Bancarias (por 10,000 km2)",2020Q2,2020,Q2,62912.01044811035
TABELA 1: INDICADORES DE ACESSO GEOGRÁFICO,"Contas Bancarias (por 10,000 km2)",2020Q3,2020,Q3,63416.06421985066
TABELA 1: INDICADORES DE ACESSO GEOGRÁFICO,"Contas Bancarias (por 10,000 km2)",2020,2020,,64008.94944700824
TABELA 1: INDICADORES DE ACESSO GEOGRÁFICO,"Contas Bancarias (por 10,000 km2)",2021Q1,2021,Q1,64573.66280575297
TABELA 1: INDICADORES DE ACESSO GEOGRÁFICO,"Contas Bancarias (por 10,000 km2)",2021Q2,2021,Q2,65513.06701827294
TABELA 1: INDICADORES DE ACESSO GEOGRÁFICO,"Contas Bancarias (por 10,000 km2)",2021Q3,2021,Q3,66022.32482964902
TABELA 1: INDICADORES DE ACESSO GEOGRÁFICO,"Contas Bancarias (por 10,000 km2)",2021,2021,,64728.02012562251
TABELA 1: INDICADORES DE ACESSO GEOGRÁFICO,"Contas Bancarias (por 10,000 km2)",2022Q1,2022,Q1,64894.211631779166
TABELA 1: INDICADORES DE ACESSO GEOGRÁFICO,"Contas Bancarias (por 10,000 km2)",2022Q2,2022,Q2,67870.67210922479
TABELA 1: INDICADORES DE ACESSO GEOGRÁFICO,"Contas Bancarias (por 10,000 km2)",2022Q3,2022,Q3,67153.26522212868
TABELA 1: INDICADORES DE ACESSO GEOGRÁFICO,"Contas Bancarias (por 10,000 km2)",2022,2022,,66627.91992284011
TABELA 1: INDICADORES DE ACESSO GEOGRÁFICO,"Contas Bancarias (por 10,000 km2)",2023Q1,2023,Q1,67305.48338147487
TABELA 1: INDICADORES DE ACESSO GEOGRÁFICO,"Contas Bancarias (por 10,000 km2)",2023Q2,2023,Q2,67781.33053116166
TABELA 1: INDICADORES DE ACESSO GEOGRÁFICO,"Contas Bancarias (por 10,000 km2)",2023Q3,2023,Q3,68847.11901723836
TABELA 1: INDICADORES DE ACESSO GEOGRÁFICO,"Contas Bancarias (por 10,000 km2)",2023Q4,2023,Q4,69779.00372788911
TABELA 1: INDICADORES DE ACESSO GEOGRÁFICO,"Contas Bancarias (por 10,000 km2)",2024Q1,2024,Q1,70377.69271185169
TABELA 1: INDICADORES DE ACESSO GEOGRÁFICO,"Contas Bancarias (por 10,000 km2)",2024Q2,2024,Q2,72270.98501338538
TABELA 1: INDICADORES DE ACESSO GEOGRÁFICO,"Contas Bancarias (por 10,000 km2)",2024Q3,2024,Q3,75921.15139232906
TABELA 1: INDICADORES DE ACESSO GEOGRÁFICO,"Contas Bancarias (por 10,000 km2)",2024Q4,2024,Q4,77067.902624534
TABELA 1: INDICADORES DE ACESSO GEOGRÁFICO,"Contas Bancarias (por 10,000 km2)",2025Q1,2025,Q1,78189.23415647127
TABELA 1: INDICADORES DE ACESSO GEOGRÁFICO,"Contas Bancarias (por 10,000 km2)",2025Q2,2025,Q2,79218.54437188822
TABELA 1: INDICADORES DE ACESSO GEOGRÁFICO,"Contas Bancarias (por 10,000 km2)",2025Q3,2025,Q3,80352.3855988391
TABELA 1: INDICADORES DE ACESSO GEOGRÁFICO,Contas bancárias com titular mulher (por 10.000 km2),2020Q1,2020,Q1,20201.318773698084
TABELA 1: INDICADORES DE ACESSO GEOGRÁFICO,Contas bancárias com titular mulher (por 10.000 km2),2020Q2,2020,Q2,21038.831392868717
TABELA 1: INDICADORES DE ACESSO GEOGRÁFICO,Contas bancárias com titular mulher (por 10.000 km2),2020Q3,2020,Q3,21104.194631082377
TABELA 1: INDICADORES DE ACESSO GEOGRÁFICO,Contas bancárias com titular mulher (por 10.000 km2),2020,2020,,21272.888079371613
TABELA 1: INDICADORES DE ACESSO GEOGRÁFICO,Contas bancárias com titular mulher (por 10.000 km2),2021Q1,2021,Q1,21327.255281912585
TABELA 1: INDICADORES DE ACESSO GEOGRÁFICO,Contas bancárias com titular mulher (por 10.000 km2),2021Q2,2021,Q2,21365.40989943444
TABELA 1: INDICADORES DE ACESSO GEOGRÁFICO,Contas bancárias com titular mulher (por 10.000 km2),2021Q3,2021,Q3,21938.029395318117
TABELA 1: INDICADORES DE ACESSO GEOGRÁFICO,Contas bancárias com titular mulher (por 10.000 km2),2021,2021,,20941.455805068686
TABELA 1: INDICADORES DE ACESSO GEOGRÁFICO,Contas bancárias com titular mulher (por 10.000 km2),2022Q1,2022,Q1,21219.67177021163
TABELA 1: INDICADORES DE ACESSO GEOGRÁFICO,Contas bancárias com titular mulher (por 10.000 km2),2022Q2,2022,Q2,22221.136657330255
TABELA 1: INDICADORES DE ACESSO GEOGRÁFICO,Contas bancárias com titular mulher (por 10.000 km2),2022Q3,2022,Q3,22056.54639413845
TABELA 1: INDICADORES DE ACESSO GEOGRÁFICO,Contas bancárias com titular mulher (por 10.000 km2),2022,2022,,21865.54813173726
TABELA 1: INDICADORES DE ACESSO GEOGRÁFICO,Contas bancárias com titular mulher (por 10.000 km2),2023Q1,2023,Q1,22033.928837259926
TABELA 1: INDICADORES DE ACESSO GEOGRÁFICO,Contas bancárias com titular mulher (por 10.000 km2),2023Q2,2023,Q2,22033.901273486954
TABELA 1: INDICADORES DE ACESSO GEOGRÁFICO,Contas bancárias com titular mulher (por 10.000 km2),2023Q3,2023,Q3,22610.473116665416
TABELA 1: INDICADORES DE ACESSO GEOGRÁFICO,Contas bancárias com titular mulher (por 10.000 km2),2023Q4,2023,Q4,23015.361905476744
TABELA 1: INDICADORES DE ACESSO GEOGRÁFICO,Contas bancárias com titular mulher (por 10.000 km2),2024Q1,2024,Q1,23325.840026020167
TABELA 1: INDICADORES DE ACESSO GEOGRÁFICO,Contas bancárias com titular mulher (por 10.000 km2),2024Q2,2024,Q2,23832.970552177936
TABELA 1: INDICADORES DE ACESSO GEOGRÁFICO,Contas bancárias com titular mulher (por 10.000 km2),2024Q3,2024,Q3,25163.47669443819
TABELA 1: INDICADORES DE ACESSO GEOGRÁFICO,Contas bancárias com titular mulher (por 10.000 km2),2024Q4,2024,Q4,25663.564262303287
TABELA 1: INDICADORES DE ACESSO GEOGRÁFICO,Contas bancárias com titular mulher (por 10.000 km2),2025Q1,2025,Q1,26115.20178138057
TABELA 1: INDICADORES DE ACESSO GEOGRÁFICO,Contas bancárias com titular mulher (por 10.000 km2),2025Q2,2025,Q2,26554.74242537967
TABELA 1: INDICADORES DE ACESSO GEOGRÁFICO,Contas bancárias com titular mulher (por 10.000 km2),2025Q3,2025,Q3,27031.96227075984
TABELA 1: INDICADORES DE ACESSO GEOGRÁFICO,Contas bancárias com titular homem (por 10.000 km2),2020Q1,2020,Q1,40244.95264449029
TABELA 1: INDICADORES DE ACESSO GEOGRÁFICO,Contas bancárias com titular homem (por 10.000 km2),2020Q2,2020,Q2,39798.468561220645
TABELA 1: INDICADORES DE ACESSO GEOGRÁFICO,Contas bancárias com titular homem (por 10.000 km2),2020Q3,2020,Q3,40368.32341104782
TABELA 1: INDICADORES DE ACESSO GEOGRÁFICO,Contas bancárias com titular homem (por 10.000 km2),2020,2020,,40719.32087282753
TABELA 1: INDICADORES DE ACESSO GEOGRÁFICO,Contas bancárias com titular homem (por 10.000 km2),2021Q1,2021,Q1,40880.045635424496
TABELA 1: INDICADORES DE ACESSO GEOGRÁFICO,Contas bancárias com titular homem (por 10.000 km2),2021Q2,2021,Q2,41012.0606120501
TABELA 1: INDICADORES DE ACESSO GEOGRÁFICO,Contas bancárias com titular homem (por 10.000 km2),2021Q3,2021,Q3,41604.03263032929
TABELA 1: INDICADORES DE ACESSO GEOGRÁFICO,Contas bancárias com titular homem (por 10.000 km2),2021,2021,,41258.32677616
TABELA 1: INDICADORES DE ACESSO GEOGRÁFICO,Contas bancárias com titular homem (por 10.000 km2),2022Q1,2022,Q1,41510.885324733325
TABELA 1: INDICADORES DE ACESSO GEOGRÁFICO,Contas bancárias com titular homem (por 10.000 km2),2022Q2,2022,Q2,43308.76843149495
TABELA 1: INDICADORES DE ACESSO GEOGRÁFICO,Contas bancárias com titular homem (por 10.000 km2),2022Q3,2022,Q3,42934.928238044784
TABELA 1: INDICADORES DE ACESSO GEOGRÁFICO,Contas bancárias com titular homem (por 10.000 km2),2022,2022,,42558.56108304071
TABELA 1: INDICADORES DE ACESSO GEOGRÁFICO,Contas bancárias com titular homem (por 10.000 km2),2023Q1,2023,Q1,43040.18494356244
TABELA 1: INDICADORES DE ACESSO GEOGRÁFICO,Contas bancárias com titular homem (por 10.000 km2),2023Q2,2023,Q2,43426.73071630514
TABELA 1: INDICADORES DE ACESSO GEOGRÁFICO,Contas bancárias com titular homem (por 10.000 km2),2023Q3,2023,Q3,44037.10375541045
TABELA 1: INDICADORES DE ACESSO GEOGRÁFICO,Contas bancárias com titular homem (por 10.000 km2),2023Q4,2023,Q4,44516.988165828516
TABELA 1: INDICADORES DE ACESSO GEOGRÁFICO,Contas bancárias com titular homem (por 10.000 km2),2024Q1,2024,Q1,44784.60807125522
TABELA 1: INDICADORES DE ACESSO GEOGRÁFICO,Contas bancárias com titular homem (por 10.000 km2),2024Q2,2024,Q2,45764.10468112788
TABELA 1: INDICADORES DE ACESSO GEOGRÁFICO,Contas bancárias com titular homem (por 10.000 km2),2024Q3,2024,Q3,47979.23390627736
TABELA 1: INDICADORES DE ACESSO GEOGRÁFICO,Contas bancárias com titular homem (por 10.000 km2),2024Q4,2024,Q4,48603.17996447247
TABELA 1: INDICADORES DE ACESSO GEOGRÁFICO,Contas bancárias com titular homem (por 10.000 km2),2025Q1,2025,Q1,49238.359728789816
TABELA 1: INDICADORES DE ACESSO GEOGRÁFICO,Contas bancárias com titular homem (por 10.000 km2),2025Q2,2025,Q2,49792.13890765343
TABELA 1: INDICADORES DE ACESSO GEOGRÁFICO,Contas bancárias com titular homem (por 10.000 km2),2025Q3,2025,Q3,50433.87375215792
TABELA 1: INDICADORES DE ACESSO GEOGRÁFICO,"Contas IME (por 10,000 km2)",2020Q1,2020,Q1,116038.27471074421
TABELA 1: INDICADORES DE ACESSO GEOGRÁFICO,"Contas IME (por 10,000 km2)",2020Q2,2020,Q2,121353.00026645685
TABELA 1: INDICADORES DE ACESSO GEOGRÁFICO,"Contas IME (por 10,000 km2)",2020Q3,2020,Q3,126684.81408693499
TABELA 1: INDICADORES DE ACESSO GEOGRÁFICO,"Contas IME (por 10,000 km2)",2020,2020,,135527.71588945918
TABELA 1: INDICADORES DE ACESSO GEOGRÁFICO,"Contas IME (por 10,000 km2)",2021Q1,2021,Q1,137933.32074022462
TABELA 1: INDICADORES DE ACESSO GEOGRÁFICO,"Contas IME (por 10,000 km2)",2021Q2,2021,Q2,150038.79261276565
TABELA 1: INDICADORES DE ACESSO GEOGRÁFICO,"Contas IME (por 10,000 km2)",2021Q3,2021,Q3,165935.5950056231
TABELA 1: INDICADORES DE ACESSO GEOGRÁFICO,"Contas IME (por 10,000 km2)",2021,2021,,143414.9695287937
TABELA 1: INDICADORES DE ACESSO GEOGRÁFICO,"Contas IME (por 10,000 km2)",2022Q1,2022,Q1,147862.25955217212
TABELA 1: INDICADORES DE ACESSO GEOGRÁFICO,"Contas IME (por 10,000 km2)",2022Q2,2022,Q2,129990.15856869597
TABELA 1: INDICADORES DE ACESSO GEOGRÁFICO,"Contas IME (por 10,000 km2)",2022Q3,2022,Q3,124907.71633379294
TABELA 1: INDICADORES DE ACESSO GEOGRÁFICO,"Contas IME (por 10,000 km2)",2022,2022,,149153.51063493904
TABELA 1: INDICADORES DE ACESSO GEOGRÁFICO,"Contas IME (por 10,000 km2)",2023Q1,2023,Q1,168213.70692041857
TABELA 1: INDICADORES DE ACESSO GEOGRÁFICO,"Contas IME (por 10,000 km2)",2023Q2,2023,Q2,186827.47879606695
TABELA 1: INDICADORES DE ACESSO GEOGRÁFICO,"Contas IME (por 10,000 km2)",2023Q3,2023,Q3,201774.9505867047
TABELA 1: INDICADORES DE ACESSO GEOGRÁFICO,"Contas IME (por 10,000 km2)",2023Q4,2023,Q4,210130.63874502742
TABELA 1: INDICADORES DE ACESSO GEOGRÁFICO,"Contas IME (por 10,000 km2)",2024Q1,2024,Q1,212622.14466211316
TABELA 1: INDICADORES DE ACESSO GEOGRÁFICO,"Contas IME (por 10,000 km2)",2024Q2,2024,Q2,220854.38715004126
TABELA 1: INDICADORES DE ACESSO GEOGRÁFICO,"Contas IME (por 10,000 km2)",2024Q3,2024,Q3,231844.64209762568
TABELA 1: INDICADORES DE ACESSO GEOGRÁFICO,"Contas IME (por 10,000 km2)",2024Q4,2024,Q4,255584.5602842203
TABELA 1: INDICADORES DE ACESSO GEOGRÁFICO,"Contas IME (por 10,000 km2)",2025Q1,2025,Q1,265889.9959968976
TABELA 1: INDICADORES DE ACESSO GEOGRÁFICO,"Contas IME (por 10,000 km2)",2025Q2,2025,Q2,287518.52685831516
TABELA 1: INDICADORES DE ACESSO GEOGRÁFICO,"Contas IME (por 10,000 km2)",2025Q3,2025,Q3,299992.44414421177
TABELA 1: INDICADORES DE ACESSO GEOGRÁFICO,Contas IME com titular mulher (por 10.000 km2),2020Q1,2020,Q1,45172.42911804039
TABELA 1: INDICADORES DE ACESSO GEOGRÁFICO,Contas IME com titular mulher (por 10.000 km2),2020Q2,2020,Q2,47241.393552798894
TABELA 1: INDICADORES DE ACESSO GEOGRÁFICO,Contas IME com titular mulher (por 10.000 km2),2020Q3,2020,Q3,49317.01026182461
TABELA 1: INDICADORES DE ACESSO GEOGRÁFICO,Contas IME com titular mulher (por 10.000 km2),2020,2020,,52759.45505745832
TABELA 1: INDICADORES DE ACESSO GEOGRÁFICO,Contas IME com titular mulher (por 10.000 km2),2021Q1,2021,Q1,53695.93067188894
TABELA 1: INDICADORES DE ACESSO GEOGRÁFICO,Contas IME com titular mulher (por 10.000 km2),2021Q2,2021,Q2,58408.458253550416
TABELA 1: INDICADORES DE ACESSO GEOGRÁFICO,Contas IME com titular mulher (por 10.000 km2),2021Q3,2021,Q3,64596.909271844976
TABELA 1: INDICADORES DE ACESSO GEOGRÁFICO,Contas IME com titular mulher (por 10.000 km2),2021,2021,,56374.43439247619
TABELA 1: INDICADORES DE ACESSO GEOGRÁFICO,Contas IME com titular mulher (por 10.000 km2),2022Q1,2022,Q1,59062.869423993885
TABELA 1: INDICADORES DE ACESSO GEOGRÁFICO,Contas IME com titular mulher (por 10.000 km2),2022Q2,2022,Q2,52828.58708384837
TABELA 1: INDICADORES DE ACESSO GEOGRÁFICO,Contas IME com titular mulher (por 10.000 km2),2022Q3,2022,Q3,51620.61584600977
TABELA 1: INDICADORES DE ACESSO GEOGRÁFICO,Contas IME com titular mulher (por 10.000 km2),2022,2022,,62238.61865301343
TABELA 1: INDICADORES DE ACESSO GEOGRÁFICO,Contas IME com titular mulher (por 10.000 km2),2023Q1,2023,Q1,74994.76727896539
TABELA 1: INDICADORES DE ACESSO GEOGRÁFICO,Contas IME com titular mulher (por 10.000 km2),2023Q2,2023,Q2,84438.67747504315
TABELA 1: INDICADORES DE ACESSO GEOGRÁFICO,Contas IME com titular mulher (por 10.000 km2),2023Q3,2023,Q3,92226.17528584653
TABELA 1: INDICADORES DE ACESSO GEOGRÁFICO,Contas IME com titular mulher (por 10.000 km2),2023Q4,2023,Q4,96558.40776601867
TABELA 1: INDICADORES DE ACESSO GEOGRÁFICO,Contas IME com titular mulher (por 10.000 km2),2024Q1,2024,Q1,98837.89937201331
TABELA 1: INDICADORES DE ACESSO GEOGRÁFICO,Contas IME com titular mulher (por 10.000 km2),2024Q2,2024,Q2,101081.30050789361
TABELA 1: INDICADORES DE ACESSO GEOGRÁFICO,Contas IME com titular mulher (por 10.000 km2),2024Q3,2024,Q3,103765.60584452952
TABELA 1: INDICADORES DE ACESSO GEOGRÁFICO,Contas IME com titular mulher (por 10.000 km2),2024Q4,2024,Q4,114227.43376116491
TABELA 1: INDICADORES DE ACESSO GEOGRÁFICO,Contas IME com titular mulher (por 10.000 km2),2025Q1,2025,Q1,122035.71517926393
TABELA 1: INDICADORES DE ACESSO GEOGRÁFICO,Contas IME com titular mulher (por 10.000 km2),2025Q2,2025,Q2,131770.4470964998
TABELA 1: INDICADORES DE ACESSO GEOGRÁFICO,Contas IME com titular mulher (por 10.000 km2),2025Q3,2025,Q3,137367.0594710901
TABELA 1: INDICADORES DE ACESSO GEOGRÁFICO,Contas IME com titular homem (por 10.000 km2),2020Q1,2020,Q1,70444.7930164958
TABELA 1: INDICADORES DE ACESSO GEOGRÁFICO,Contas IME com titular homem (por 10.000 km2),2020Q2,2020,Q2,73671.26930326353
TABELA 1: INDICADORES DE ACESSO GEOGRÁFICO,Contas IME com titular homem (por 10.000 km2),2020Q3,2020,Q3,76908.11957462748
TABELA 1: INDICADORES DE ACESSO GEOGRÁFICO,Contas IME com titular homem (por 10.000 km2),2020,2020,,82276.48952580821
TABELA 1: INDICADORES DE ACESSO GEOGRÁFICO,Contas IME com titular homem (por 10.000 km2),2021Q1,2021,Q1,83736.88986538647
TABELA 1: INDICADORES DE ACESSO GEOGRÁFICO,Contas IME com titular homem (por 10.000 km2),2021Q2,2021,Q2,91085.90864866221
TABELA 1: INDICADORES DE ACESSO GEOGRÁFICO,Contas IME com titular homem (por 10.000 km2),2021Q3,2021,Q3,100736.57742136232
TABELA 1: INDICADORES DE ACESSO GEOGRÁFICO,Contas IME com titular homem (por 10.000 km2),2021,2021,,86543.83036310492
TABELA 1: INDICADORES DE ACESSO GEOGRÁFICO,Contas IME com titular homem (por 10.000 km2),2022Q1,2022,Q1,88508.90292876473
TABELA 1: INDICADORES DE ACESSO GEOGRÁFICO,Contas IME com titular homem (por 10.000 km2),2022Q2,2022,Q2,76926.95211098617
TABELA 1: INDICADORES DE ACESSO GEOGRÁFICO,Contas IME com titular homem (por 10.000 km2),2022Q3,2022,Q3,73078.82998486346
TABELA 1: INDICADORES DE ACESSO GEOGRÁFICO,Contas IME com titular homem (por 10.000 km2),2022,2022,,86681.41182745172
TABELA 1: INDICADORES DE ACESSO GEOGRÁFICO,Contas IME com titular homem (por 10.000 km2),2023Q1,2023,Q1,93044.05541625844
TABELA 1: INDICADORES DE ACESSO GEOGRÁFICO,Contas IME com titular homem (por 10.000 km2),2023Q2,2023,Q2,102217.16830543672
TABELA 1: INDICADORES DE ACESSO GEOGRÁFICO,Contas IME com titular homem (por 10.000 km2),2023Q3,2023,Q3,109392.51670044284
TABELA 1: INDICADORES DE ACESSO GEOGRÁFICO,Contas IME com titular homem (por 10.000 km2),2023Q4,2023,Q4,112134.82949285697
TABELA 1: INDICADORES DE ACESSO GEOGRÁFICO,Contas IME com titular homem (por 10.000 km2),2024Q1,2024,Q1,113625.02189196627
TABELA 1: INDICADORES DE ACESSO GEOGRÁFICO,Contas IME com titular homem (por 10.000 km2),2024Q2,2024,Q2,116595.79924441442
TABELA 1: INDICADORES DE ACESSO GEOGRÁFICO,Contas IME com titular homem (por 10.000 km2),2024Q3,2024,Q3,123833.27078485826
TABELA 1: INDICADORES DE ACESSO GEOGRÁFICO,Contas IME com titular homem (por 10.000 km2),2024Q4,2024,Q4,136197.19007230602
TABELA 1: INDICADORES DE ACESSO GEOGRÁFICO,Contas IME com titular homem (por 10.000 km2),2025Q1,2025,Q1,143693.0183392129
TABELA 1: INDICADORES DE ACESSO GEOGRÁFICO,Contas IME com titular homem (por 10.000 km2),2025Q2,2025,Q2,155573.7696714954
TABELA 1: INDICADORES DE ACESSO GEOGRÁFICO,Contas IME com titular homem (por 10.000 km2),2025Q3,2025,Q3,162453.51397332933
TABELA 1: INDICADORES DE ACESSO GEOGRÁFICO,"Cartões Bancários (por 10,000 km2)",2020Q1,2020,Q1,39683.47007321026
TABELA 1: INDICADORES DE ACESSO GEOGRÁFICO,"Cartões Bancários (por 10,000 km2)",2020Q2,2020,Q2,41813.6078130649
TABELA 1: INDICADORES DE ACESSO GEOGRÁFICO,"Cartões Bancários (por 10,000 km2)",2020Q3,2020,Q3,39702.80680378144
TABELA 1: INDICADORES DE ACESSO GEOGRÁFICO,"Cartões Bancários (por 10,000 km2)",2020,2020,,39957.889947895026
TABELA 1: INDICADORES DE ACESSO GEOGRÁFICO,"Cartões Bancários (por 10,000 km2)",2021Q1,2021,Q1,41118.30558471013
TABELA 1: INDICADORES DE ACESSO GEOGRÁFICO,"Cartões Bancários (por 10,000 km2)",2021Q2,2021,Q2,40755.09864532343
TABELA 1: INDICADORES DE ACESSO GEOGRÁFICO,"Cartões Bancários (por 10,000 km2)",2021Q3,2021,Q3,41406.17904648483
TABELA 1: INDICADORES DE ACESSO GEOGRÁFICO,"Cartões Bancários (por 10,000 km2)",2021,2021,,41379.670969590145
TABELA 1: INDICADORES DE ACESSO GEOGRÁFICO,"Cartões Bancários (por 10,000 km2)",2022Q1,2022,Q1,41106.146145945786
TABELA 1: INDICADORES DE ACESSO GEOGRÁFICO,"Cartões Bancários (por 10,000 km2)",2022Q2,2022,Q2,40955.967069437655
TABELA 1: INDICADORES DE ACESSO GEOGRÁFICO,"Cartões Bancários (por 10,000 km2)",2022Q3,2022,Q3,38903.086020523435
TABELA 1: INDICADORES DE ACESSO GEOGRÁFICO,"Cartões Bancários (por 10,000 km2)",2022,2022,,38148.28760825591
TABELA 1: INDICADORES DE ACESSO GEOGRÁFICO,"Cartões Bancários (por 10,000 km2)",2023Q1,2023,Q1,43678.16767765978
TABELA 1: INDICADORES DE ACESSO GEOGRÁFICO,"Cartões Bancários (por 10,000 km2)",2023Q2,2023,Q2,41589.58192599265
TABELA 1: INDICADORES DE ACESSO GEOGRÁFICO,"Cartões Bancários (por 10,000 km2)",2023Q3,2023,Q3,47615.151742600516
TABELA 1: INDICADORES DE ACESSO GEOGRÁFICO,"Cartões Bancários (por 10,000 km2)",2023Q4,2023,Q4,41338.26215316871
TABELA 1: INDICADORES DE ACESSO GEOGRÁFICO,"Cartões Bancários (por 10,000 km2)",2024Q1,2024,Q1,43119.12982561485
TABELA 1: INDICADORES DE ACESSO GEOGRÁFICO,"Cartões Bancários (por 10,000 km2)",2024Q2,2024,Q2,44364.92031324276
TABELA 1: INDICADORES DE ACESSO GEOGRÁFICO,"Cartões Bancários (por 10,000 km2)",2024Q3,2024,Q3,39807.43826465511
TABELA 1: INDICADORES DE ACESSO GEOGRÁFICO,"Cartões Bancários (por 10,000 km2)",2024Q4,2024,Q4,39404.10067802547
TABELA 1: INDICADORES DE ACESSO GEOGRÁFICO,"Cartões Bancários (por 10,000 km2)",2025Q1,2025,Q1,41381.85343641323
TABELA 1: INDICADORES DE ACESSO GEOGRÁFICO,"Cartões Bancários (por 10,000 km2)",2025Q2,2025,Q2,42374.077409992744
TABELA 1: INDICADORES DE ACESSO GEOGRÁFICO,"Cartões Bancários (por 10,000 km2)",2025Q3,2025,Q3,43753.76792013811
TABELA 1: INDICADORES DE ACESSO GEOGRÁFICO,Cartões bancários com titular mulher (por 10.000 km2),2020Q1,2020,Q1,13807.855848102088
TABELA 1: INDICADORES DE ACESSO GEOGRÁFICO,Cartões bancários com titular mulher (por 10.000 km2),2020Q2,2020,Q2,14371.08055127793
TABELA 1: INDICADORES DE ACESSO GEOGRÁFICO,Cartões bancários com titular mulher (por 10.000 km2),2020Q3,2020,Q3,13566.781213917302
TABELA 1: INDICADORES DE ACESSO GEOGRÁFICO,Cartões bancários com titular mulher (por 10.000 km2),2020,2020,,13474.872369676963
TABELA 1: INDICADORES DE ACESSO GEOGRÁFICO,Cartões bancários com titular mulher (por 10.000 km2),2021Q1,2021,Q1,24449.87921874355
TABELA 1: INDICADORES DE ACESSO GEOGRÁFICO,Cartões bancários com titular mulher (por 10.000 km2),2021Q2,2021,Q2,23598.705995529028
TABELA 1: INDICADORES DE ACESSO GEOGRÁFICO,Cartões bancários com titular mulher (por 10.000 km2),2021Q3,2021,Q3,13691.25283501318
TABELA 1: INDICADORES DE ACESSO GEOGRÁFICO,Cartões bancários com titular mulher (por 10.000 km2),2021,2021,,13598.030471153234
TABELA 1: INDICADORES DE ACESSO GEOGRÁFICO,Cartões bancários com titular mulher (por 10.000 km2),2022Q1,2022,Q1,13324.755841722137
TABELA 1: INDICADORES DE ACESSO GEOGRÁFICO,Cartões bancários com titular mulher (por 10.000 km2),2022Q2,2022,Q2,13264.971934464127
TABELA 1: INDICADORES DE ACESSO GEOGRÁFICO,Cartões bancários com titular mulher (por 10.000 km2),2022Q3,2022,Q3,12620.571718796717
TABELA 1: INDICADORES DE ACESSO GEOGRÁFICO,Cartões bancários com titular mulher (por 10.000 km2),2022,2022,,12751.660976833267
TABELA 1: INDICADORES DE ACESSO GEOGRÁFICO,Cartões bancários com titular mulher (por 10.000 km2),2023Q1,2023,Q1,14181.545925024298
TABELA 1: INDICADORES DE ACESSO GEOGRÁFICO,Cartões bancários com titular mulher (por 10.000 km2),2023Q2,2023,Q2,13860.3667842578
TABELA 1: INDICADORES DE ACESSO GEOGRÁFICO,Cartões bancários com titular mulher (por 10.000 km2),2023Q3,2023,Q3,16031.912231979784
TABELA 1: INDICADORES DE ACESSO GEOGRÁFICO,Cartões bancários com titular mulher (por 10.000 km2),2023Q4,2023,Q4,14817.59613700618
TABELA 1: INDICADORES DE ACESSO GEOGRÁFICO,Cartões bancários com titular mulher (por 10.000 km2),2024Q1,2024,Q1,15564.512497185318
TABELA 1: INDICADORES DE ACESSO GEOGRÁFICO,Cartões bancários com titular mulher (por 10.000 km2),2024Q2,2024,Q2,15717.74375140734
TABELA 1: INDICADORES DE ACESSO GEOGRÁFICO,Cartões bancários com titular mulher (por 10.000 km2),2024Q3,2024,Q3,14312.004303335085
TABELA 1: INDICADORES DE ACESSO GEOGRÁFICO,Cartões bancários com titular mulher (por 10.000 km2),2024Q4,2024,Q4,14228.389501863945
TABELA 1: INDICADORES DE ACESSO GEOGRÁFICO,Cartões bancários com titular mulher (por 10.000 km2),2025Q1,2025,Q1,14882.383847481799
TABELA 1: INDICADORES DE ACESSO GEOGRÁFICO,Cartões bancários com titular mulher (por 10.000 km2),2025Q2,2025,Q2,15279.429057519577
TABELA 1: INDICADORES DE ACESSO GEOGRÁFICO,Cartões bancários com titular mulher (por 10.000 km2),2025Q3,2025,Q3,15786.6971903225
TABELA 1: INDICADORES DE ACESSO GEOGRÁFICO,Cartões bancários com titular homem (por 10.000 km2),2020Q1,2020,Q1,24071.18525755618
TABELA 1: INDICADORES DE ACESSO GEOGRÁFICO,Cartões bancários com titular homem (por 10.000 km2),2020Q2,2020,Q2,25339.144510926606
TABELA 1: INDICADORES DE ACESSO GEOGRÁFICO,Cartões bancários com titular homem (por 10.000 km2),2020Q3,2020,Q3,23671.3498853485
TABELA 1: INDICADORES DE ACESSO GEOGRÁFICO,Cartões bancários com titular homem (por 10.000 km2),2020,2020,,23858.670292814797
TABELA 1: INDICADORES DE ACESSO GEOGRÁFICO,Cartões bancários com titular homem (por 10.000 km2),2021Q1,2021,Q1,13789.24139863569
TABELA 1: INDICADORES DE ACESSO GEOGRÁFICO,Cartões bancários com titular homem (por 10.000 km2),2021Q2,2021,Q2,13459.623032378884
TABELA 1: INDICADORES DE ACESSO GEOGRÁFICO,Cartões bancários com titular homem (por 10.000 km2),2021Q3,2021,Q3,24091.425969408756
TABELA 1: INDICADORES DE ACESSO GEOGRÁFICO,Cartões bancários com titular homem (por 10.000 km2),2021,2021,,23502.75651474457
TABELA 1: INDICADORES DE ACESSO GEOGRÁFICO,Cartões bancários com titular homem (por 10.000 km2),2022Q1,2022,Q1,24141.277166400418
TABELA 1: INDICADORES DE ACESSO GEOGRÁFICO,Cartões bancários com titular homem (por 10.000 km2),2022Q2,2022,Q2,23940.18356749427
TABELA 1: INDICADORES DE ACESSO GEOGRÁFICO,Cartões bancários com titular homem (por 10.000 km2),2022Q3,2022,Q3,22364.547980369764
TABELA 1: INDICADORES DE ACESSO GEOGRÁFICO,Cartões bancários com titular homem (por 10.000 km2),2022,2022,,22571.09581312494
TABELA 1: INDICADORES DE ACESSO GEOGRÁFICO,Cartões bancários com titular homem (por 10.000 km2),2023Q1,2023,Q1,25290.043896574716
TABELA 1: INDICADORES DE ACESSO GEOGRÁFICO,Cartões bancários com titular homem (por 10.000 km2),2023Q2,2023,Q2,24596.11198678976
TABELA 1: INDICADORES DE ACESSO GEOGRÁFICO,Cartões bancários com titular homem (por 10.000 km2),2023Q3,2023,Q3,27801.04581050314
TABELA 1: INDICADORES DE ACESSO GEOGRÁFICO,Cartões bancários com titular homem (por 10.000 km2),2023Q4,2023,Q4,25478.583402136654
TABELA 1: INDICADORES DE ACESSO GEOGRÁFICO,Cartões bancários com titular homem (por 10.000 km2),2024Q1,2024,Q1,26302.94728414521
TABELA 1: INDICADORES DE ACESSO GEOGRÁFICO,Cartões bancários com titular homem (por 10.000 km2),2024Q2,2024,Q2,26960.819635217296
TABELA 1: INDICADORES DE ACESSO GEOGRÁFICO,Cartões bancários com titular homem (por 10.000 km2),2024Q3,2024,Q3,24143.56125997648
TABELA 1: INDICADORES DE ACESSO GEOGRÁFICO,Cartões bancários com titular homem (por 10.000 km2),2024Q4,2024,Q4,23905.601841427106
TABELA 1: INDICADORES DE ACESSO GEOGRÁFICO,Cartões bancários com titular homem (por 10.000 km2),2025Q1,2025,Q1,24516.7004428432
TABELA 1: INDICADORES DE ACESSO GEOGRÁFICO,Cartões bancários com titular homem (por 10.000 km2),2025Q2,2025,Q2,25521.84192749381
TABELA 1: INDICADORES DE ACESSO GEOGRÁFICO,Cartões bancários com titular homem (por 10.000 km2),2025Q3,2025,Q3,26248.05474242538
TABELA 1: INDICADORES DE ACESSO GEOGRÁFICO,"Cartões de débito (por 10,000 km2)",2020Q1,2020,Q1,36480.58055065245
TABELA 1: INDICADORES DE ACESSO GEOGRÁFICO,"Cartões de débito (por 10,000 km2)",2020Q2,2020,Q2,38267.76785479728
TABELA 1: INDICADORES DE ACESSO GEOGRÁFICO,"Cartões de débito (por 10,000 km2)",2020Q3,2020,Q3,36091.028160609676
TABELA 1: INDICADORES DE ACESSO GEOGRÁFICO,"Cartões de débito (por 10,000 km2)",2020,2020,,36375.46145195208
TABELA 1: INDICADORES DE ACESSO GEOGRÁFICO,"Cartões de débito (por 10,000 km2)",2021Q1,2021,Q1,37119.41394507486
TABELA 1: INDICADORES DE ACESSO GEOGRÁFICO,"Cartões de débito (por 10,000 km2)",2021Q2,2021,Q2,35908.29881695666
TABELA 1: INDICADORES DE ACESSO GEOGRÁFICO,"Cartões de débito (por 10,000 km2)",2021Q3,2021,Q3,36573.865463065704
TABELA 1: INDICADORES DE ACESSO GEOGRÁFICO,"Cartões de débito (por 10,000 km2)",2021,2021,,36628.770583165184
TABELA 1: INDICADORES DE ACESSO GEOGRÁFICO,"Cartões de débito (por 10,000 km2)",2022Q1,2022,Q1,36066.133836390494
TABELA 1: INDICADORES DE ACESSO GEOGRÁFICO,"Cartões de débito (por 10,000 km2)",2022Q2,2022,Q2,36015.719702419
TABELA 1: INDICADORES DE ACESSO GEOGRÁFICO,"Cartões de débito (por 10,000 km2)",2022Q3,2022,Q3,33648.28197888611
TABELA 1: INDICADORES DE ACESSO GEOGRÁFICO,"Cartões de débito (por 10,000 km2)",2022,2022,,33378.78528207521
TABELA 1: INDICADORES DE ACESSO GEOGRÁFICO,"Cartões de débito (por 10,000 km2)",2023Q1,2023,Q1,38447.18212512463
TABELA 1: INDICADORES DE ACESSO GEOGRÁFICO,"Cartões de débito (por 10,000 km2)",2023Q2,2023,Q2,36786.08421526683
TABELA 1: INDICADORES DE ACESSO GEOGRÁFICO,"Cartões de débito (por 10,000 km2)",2023Q3,2023,Q3,42799.869899171856
TABELA 1: INDICADORES DE ACESSO GEOGRÁFICO,"Cartões de débito (por 10,000 km2)",2023Q4,2023,Q4,39044.97235357402
TABELA 1: INDICADORES DE ACESSO GEOGRÁFICO,"Cartões de débito (por 10,000 km2)",2024Q1,2024,Q1,40586.379444069156
TABELA 1: INDICADORES DE ACESSO GEOGRÁFICO,"Cartões de débito (por 10,000 km2)",2024Q2,2024,Q2,41648.81533188221
TABELA 1: INDICADORES DE ACESSO GEOGRÁFICO,"Cartões de débito (por 10,000 km2)",2024Q3,2024,Q3,37371.82566489029
TABELA 1: INDICADORES DE ACESSO GEOGRÁFICO,"Cartões de débito (por 10,000 km2)",2024Q4,2024,Q4,37283.45717931397
TABELA 1: INDICADORES DE ACESSO GEOGRÁFICO,"Cartões de débito (por 10,000 km2)",2025Q1,2025,Q1,38529.055017638675
TABELA 1: INDICADORES DE ACESSO GEOGRÁFICO,"Cartões de débito (por 10,000 km2)",2025Q2,2025,Q2,39460.819635217296
TABELA 1: INDICADORES DE ACESSO GEOGRÁFICO,"Cartões de débito (por 10,000 km2)",2025Q3,2025,Q3,40709.183367109516
TABELA 1: INDICADORES DE ACESSO GEOGRÁFICO,"Cartões de crédito (por 10,000 km2)",2020Q1,2020,Q1,1550.0657385295335
TABELA 1: INDICADORES DE ACESSO GEOGRÁFICO,"Cartões de crédito (por 10,000 km2)",2020Q2,2020,Q2,1639.2474658453623
TABELA 1: INDICADORES DE ACESSO GEOGRÁFICO,"Cartões de crédito (por 10,000 km2)",2020Q3,2020,Q3,1517.9157821258752
TABELA 1: INDICADORES DE ACESSO GEOGRÁFICO,"Cartões de crédito (por 10,000 km2)",2020,2020,,1552.8804234286868
TABELA 1: INDICADORES DE ACESSO GEOGRÁFICO,"Cartões de crédito (por 10,000 km2)",2021Q1,2021,Q1,1853.4762609475606
TABELA 1: INDICADORES DE ACESSO GEOGRÁFICO,"Cartões de crédito (por 10,000 km2)",2021Q2,2021,Q2,1940.4812986080444
TABELA 1: INDICADORES DE ACESSO GEOGRÁFICO,"Cartões de crédito (por 10,000 km2)",2021Q3,2021,Q3,1938.5548031659575
TABELA 1: INDICADORES DE ACESSO GEOGRÁFICO,"Cartões de crédito (por 10,000 km2)",2021,2021,,1453.3531653946377
TABELA 1: INDICADORES DE ACESSO GEOGRÁFICO,"Cartões de crédito (por 10,000 km2)",2022Q1,2022,Q1,1551.141573646543
TABELA 1: INDICADORES DE ACESSO GEOGRÁFICO,"Cartões de crédito (por 10,000 km2)",2022Q2,2022,Q2,1346.1699644348926
TABELA 1: INDICADORES DE ACESSO GEOGRÁFICO,"Cartões de crédito (por 10,000 km2)",2022Q3,2022,Q3,1534.7538526781416
TABELA 1: INDICADORES DE ACESSO GEOGRÁFICO,"Cartões de crédito (por 10,000 km2)",2022,2022,,1469.8034349163538
TABELA 1: INDICADORES DE ACESSO GEOGRÁFICO,"Cartões de crédito (por 10,000 km2)",2023Q1,2023,Q1,1445.1718146210997
TABELA 1: INDICADORES DE ACESSO GEOGRÁFICO,"Cartões de crédito (por 10,000 km2)",2023Q2,2023,Q2,1352.0103079886915
TABELA 1: INDICADORES DE ACESSO GEOGRÁFICO,"Cartões de crédito (por 10,000 km2)",2023Q3,2023,Q3,1555.918336710951
TABELA 1: INDICADORES DE ACESSO GEOGRÁFICO,"Cartões de crédito (por 10,000 km2)",2023Q4,2023,Q4,1203.1699567164553
TABELA 1: INDICADORES DE ACESSO GEOGRÁFICO,"Cartões de crédito (por 10,000 km2)",2024Q1,2024,Q1,1352.973554504741
TABELA 1: INDICADORES DE ACESSO GEOGRÁFICO,"Cartões de crédito (por 10,000 km2)",2024Q2,2024,Q2,1371.587980685031
TABELA 1: INDICADORES DE ACESSO GEOGRÁFICO,"Cartões de crédito (por 10,000 km2)",2024Q3,2024,Q3,1292.151417348445
TABELA 1: INDICADORES DE ACESSO GEOGRÁFICO,"Cartões de crédito (por 10,000 km2)",2024Q4,2024,Q4,1274.8379994495735
TABELA 1: INDICADORES DE ACESSO GEOGRÁFICO,"Cartões de crédito (por 10,000 km2)",2025Q1,2025,Q1,1270.8849358252646
TABELA 1: INDICADORES DE ACESSO GEOGRÁFICO,"Cartões de crédito (por 10,000 km2)",2025Q2,2025,Q2,1258.6754734919562
TABELA 1: INDICADORES DE ACESSO GEOGRÁFICO,"Cartões de crédito (por 10,000 km2)",2025Q3,2025,Q3,1272.173434411669
TABELA 1: INDICADORES DE ACESSO GEOGRÁFICO,"Agências Bancárias (por 10,000 km2)",2020Q1,2020,Q1,8.49409354011051
TABELA 1: INDICADORES DE ACESSO GEOGRÁFICO,"Agências Bancárias (por 10,000 km2)",2020Q2,2020,Q2,8.444054697458903
TABELA 1: INDICADORES DE ACESSO GEOGRÁFICO,"Agências Bancárias (por 10,000 km2)",2020Q3,2020,Q3,8.55664209342502
TABELA 1: INDICADORES DE ACESSO GEOGRÁFICO,"Agências Bancárias (por 10,000 km2)",2020,2020,,8.55664209342502
TABELA 1: INDICADORES DE ACESSO GEOGRÁFICO,"Agências Bancárias (por 10,000 km2)",2021Q1,2021,Q1,8.419035276133098
TABELA 1: INDICADORES DE ACESSO GEOGRÁFICO,"Agências Bancárias (por 10,000 km2)",2021Q2,2021,Q2,8.431544986796
TABELA 1: INDICADORES DE ACESSO GEOGRÁFICO,"Agências Bancárias (por 10,000 km2)",2021Q3,2021,Q3,9.469850971816873
TABELA 1: INDICADORES DE ACESSO GEOGRÁFICO,"Agências Bancárias (por 10,000 km2)",2021,2021,,9.432321839828166
TABELA 1: INDICADORES DE ACESSO GEOGRÁFICO,"Agências Bancárias (por 10,000 km2)",2022Q1,2022,Q1,9.28220531187334
TABELA 1: INDICADORES DE ACESSO GEOGRÁFICO,"Agências Bancárias (por 10,000 km2)",2022Q2,2022,Q2,9.28220531187334
TABELA 1: INDICADORES DE ACESSO GEOGRÁFICO,"Agências Bancárias (por 10,000 km2)",2022Q3,2022,Q3,9.307224733199146
TABELA 1: INDICADORES DE ACESSO GEOGRÁFICO,"Agências Bancárias (por 10,000 km2)",2022,2022,,9.307224733199146
TABELA 1: INDICADORES DE ACESSO GEOGRÁFICO,"Agências Bancárias (por 10,000 km2)",2023Q1,2023,Q1,9.207147047895928
TABELA 1: INDICADORES DE ACESSO GEOGRÁFICO,"Agências Bancárias (por 10,000 km2)",2023Q2,2023,Q2,9.044509494858515
TABELA 1: INDICADORES DE ACESSO GEOGRÁFICO,"Agências Bancárias (por 10,000 km2)",2023Q3,2023,Q3,9.1445870549676
TABELA 1: INDICADORES DE ACESSO GEOGRÁFICO,"Agências Bancárias (por 10,000 km2)",2023Q4,2023,Q4,9.1445870549676
TABELA 1: INDICADORES DE ACESSO GEOGRÁFICO,"Agências Bancárias (por 10,000 km2)",2024Q1,2024,Q1,9.1445870549676
TABELA 1: INDICADORES DE ACESSO GEOGRÁFICO,"Agências Bancárias (por 10,000 km2)",2024Q2,2024,Q2,9.1445870549676
TABELA 1: INDICADORES DE ACESSO GEOGRÁFICO,"Agências Bancárias (por 10,000 km2)",2024Q3,2024,Q3,9.1445870549676
TABELA 1: INDICADORES DE ACESSO GEOGRÁFICO,"Agências Bancárias (por 10,000 km2)",2024Q4,2024,Q4,9.169606444994871
TABELA 1: INDICADORES DE ACESSO GEOGRÁFICO,"Agências Bancárias (por 10,000 km2)",2025Q1,2025,Q1,9.1445870549676
TABELA 1: INDICADORES DE ACESSO GEOGRÁFICO,"Agências Bancárias (por 10,000 km2)",2025Q2,2025,Q2,9.1445870549676
TABELA 1: INDICADORES DE ACESSO GEOGRÁFICO,"Agências Bancárias (por 10,000 km2)",2025Q3,2025,Q3,9.119567664940329
TABELA 1: INDICADORES DE ACESSO GEOGRÁFICO,Urbano (por 10.000 km2),2020Q1,2020,Q1,1269.7516930022573
TABELA 1: INDICADORES DE ACESSO GEOGRÁFICO,Urbano (por 10.000 km2),2020Q2,2020,Q2,1269.7516930022573
TABELA 1: INDICADORES DE ACESSO GEOGRÁFICO,Urbano (por 10.000 km2),2020Q3,2020,Q3,1286.6817155756207
TABELA 1: INDICADORES DE ACESSO GEOGRÁFICO,Urbano (por 10.000 km2),2020,2020,,1272.5733634311512
TABELA 1: INDICADORES DE ACESSO GEOGRÁFICO,Urbano (por 10.000 km2),2021Q1,2021,Q1,1241.5349887133182
TABELA 1: INDICADORES DE ACESSO GEOGRÁFICO,Urbano (por 10.000 km2),2021Q2,2021,Q2,1255.6433408577877
TABELA 1: INDICADORES DE ACESSO GEOGRÁFICO,Urbano (por 10.000 km2),2021Q3,2021,Q3,1154.0632054176072
TABELA 1: INDICADORES DE ACESSO GEOGRÁFICO,Urbano (por 10.000 km2),2021,2021,,1379.7968397291197
TABELA 1: INDICADORES DE ACESSO GEOGRÁFICO,Urbano (por 10.000 km2),2022Q1,2022,Q1,1376.9751693002258
TABELA 1: INDICADORES DE ACESSO GEOGRÁFICO,Urbano (por 10.000 km2),2022Q2,2022,Q2,1379.7968397291197
TABELA 1: INDICADORES DE ACESSO GEOGRÁFICO,Urbano (por 10.000 km2),2022Q3,2022,Q3,1385.4401805869074
TABELA 1: INDICADORES DE ACESSO GEOGRÁFICO,Urbano (por 10.000 km2),2022,2022,,1385.4401805869074
TABELA 1: INDICADORES DE ACESSO GEOGRÁFICO,Urbano (por 10.000 km2),2023Q1,2023,Q1,1365.6884875846501
TABELA 1: INDICADORES DE ACESSO GEOGRÁFICO,Urbano (por 10.000 km2),2023Q2,2023,Q2,1308.8857545839212
TABELA 1: INDICADORES DE ACESSO GEOGRÁFICO,Urbano (por 10.000 km2),2023Q3,2023,Q3,1328.6318758815232
TABELA 1: INDICADORES DE ACESSO GEOGRÁFICO,Urbano (por 10.000 km2),2023Q4,2023,Q4,1334.2736248236952
TABELA 1: INDICADORES DE ACESSO GEOGRÁFICO,Urbano (por 10.000 km2),2024Q1,2024,Q1,1331.4527503526094
TABELA 1: INDICADORES DE ACESSO GEOGRÁFICO,Urbano (por 10.000 km2),2024Q2,2024,Q2,1331.4527503526094
TABELA 1: INDICADORES DE ACESSO GEOGRÁFICO,Urbano (por 10.000 km2),2024Q3,2024,Q3,1331.4527503526094
TABELA 1: INDICADORES DE ACESSO GEOGRÁFICO,Urbano (por 10.000 km2),2024Q4,2024,Q4,1331.4527503526094
TABELA 1: INDICADORES DE ACESSO GEOGRÁFICO,Urbano (por 10.000 km2),2025Q1,2025,Q1,1331.4527503526094
TABELA 1: INDICADORES DE ACESSO GEOGRÁFICO,Urbano (por 10.000 km2),2025Q2,2025,Q2,1331.4527503526094
TABELA 1: INDICADORES DE ACESSO GEOGRÁFICO,Urbano (por 10.000 km2),2025Q3,2025,Q3,1325.811001410437
TABELA 1: INDICADORES DE ACESSO GEOGRÁFICO,Rural (por 10.000 km2),2020Q1,2020,Q1,2.877480884856786
TABELA 1: INDICADORES DE ACESSO GEOGRÁFICO,Rural (por 10.000 km2),2020Q2,2020,Q2,2.827219210012126
TABELA 1: INDICADORES DE ACESSO GEOGRÁFICO,Rural (por 10.000 km2),2020Q3,2020,Q3,2.864915466145621
TABELA 1: INDICADORES DE ACESSO GEOGRÁFICO,Rural (por 10.000 km2),2020,2020,,2.927742559701446
TABELA 1: INDICADORES DE ACESSO GEOGRÁFICO,Rural (por 10.000 km2),2021Q1,2021,Q1,2.927742559701446
TABELA 1: INDICADORES DE ACESSO GEOGRÁFICO,Rural (por 10.000 km2),2021Q2,2021,Q2,2.877480884856786
TABELA 1: INDICADORES DE ACESSO GEOGRÁFICO,Rural (por 10.000 km2),2021Q3,2021,Q3,4.372765711485421
TABELA 1: INDICADORES DE ACESSO GEOGRÁFICO,Rural (por 10.000 km2),2021,2021,,3.3298359584587254
TABELA 1: INDICADORES DE ACESSO GEOGRÁFICO,Rural (por 10.000 km2),2022Q1,2022,Q1,3.1916163526359105
TABELA 1: INDICADORES DE ACESSO GEOGRÁFICO,Rural (por 10.000 km2),2022Q2,2022,Q2,3.1790509339247457
TABELA 1: INDICADORES DE ACESSO GEOGRÁFICO,Rural (por 10.000 km2),2022Q3,2022,Q3,3.1790509339247457
TABELA 1: INDICADORES DE ACESSO GEOGRÁFICO,Rural (por 10.000 km2),2022,2022,,3.1790509339247457
TABELA 1: INDICADORES DE ACESSO GEOGRÁFICO,Rural (por 10.000 km2),2023Q1,2023,Q1,3.166485515213581
TABELA 1: INDICADORES DE ACESSO GEOGRÁFICO,Rural (por 10.000 km2),2023Q2,2023,Q2,3.2544393568524166
TABELA 1: INDICADORES DE ACESSO GEOGRÁFICO,Rural (por 10.000 km2),2023Q3,2023,Q3,3.2670047597746272
TABELA 1: INDICADORES DE ACESSO GEOGRÁFICO,Rural (por 10.000 km2),2023Q4,2023,Q4,3.2418739539302064
TABELA 1: INDICADORES DE ACESSO GEOGRÁFICO,Rural (por 10.000 km2),2024Q1,2024,Q1,3.2544393568524166
TABELA 1: INDICADORES DE ACESSO GEOGRÁFICO,Rural (por 10.000 km2),2024Q2,2024,Q2,3.2544393568524166
TABELA 1: INDICADORES DE ACESSO GEOGRÁFICO,Rural (por 10.000 km2),2024Q3,2024,Q3,3.2544393568524166
TABELA 1: INDICADORES DE ACESSO GEOGRÁFICO,Rural (por 10.000 km2),2024Q4,2024,Q4,3.279570162696837
TABELA 1: INDICADORES DE ACESSO GEOGRÁFICO,Rural (por 10.000 km2),2025Q1,2025,Q1,3.2544393568524166
TABELA 1: INDICADORES DE ACESSO GEOGRÁFICO,Rural (por 10.000 km2),2025Q2,2025,Q2,3.2544393568524166
TABELA 1: INDICADORES DE ACESSO GEOGRÁFICO,Rural (por 10.000 km2),2025Q3,2025,Q3,3.2544393568524166
TABELA 1: INDICADORES DE ACESSO GEOGRÁFICO,"Agentes Bancários (por 10,000 km2)",2020Q1,2020,Q1,12.784924297485924
TABELA 1: INDICADORES DE ACESSO GEOGRÁFICO,"Agentes Bancários (por 10,000 km2)",2020Q2,2020,Q2,12.784924297485924
TABELA 1: INDICADORES DE ACESSO GEOGRÁFICO,"Agentes Bancários (por 10,000 km2)",2020Q3,2020,Q3,12.872492272126237
TABELA 1: INDICADORES DE ACESSO GEOGRÁFICO,"Agentes Bancários (por 10,000 km2)",2020,2020,,16.8505802629291
TABELA 1: INDICADORES DE ACESSO GEOGRÁFICO,"Agentes Bancários (por 10,000 km2)",2021Q1,2021,Q1,16.97567736955812
TABELA 1: INDICADORES DE ACESSO GEOGRÁFICO,"Agentes Bancários (por 10,000 km2)",2021Q2,2021,Q2,17.08826476552424
TABELA 1: INDICADORES DE ACESSO GEOGRÁFICO,"Agentes Bancários (por 10,000 km2)",2021Q3,2021,Q3,17.00069679088392
TABELA 1: INDICADORES DE ACESSO GEOGRÁFICO,"Agentes Bancários (por 10,000 km2)",2021,2021,,13.748172018529385
TABELA 1: INDICADORES DE ACESSO GEOGRÁFICO,"Agentes Bancários (por 10,000 km2)",2022Q1,2022,Q1,14.361147841011586
TABELA 1: INDICADORES DE ACESSO GEOGRÁFICO,"Agentes Bancários (por 10,000 km2)",2022Q2,2022,Q2,28.046771306226457
TABELA 1: INDICADORES DE ACESSO GEOGRÁFICO,"Agentes Bancários (por 10,000 km2)",2022Q3,2022,Q3,28.046771306226457
TABELA 1: INDICADORES DE ACESSO GEOGRÁFICO,"Agentes Bancários (por 10,000 km2)",2022,2022,,28.046771306226457
TABELA 1: INDICADORES DE ACESSO GEOGRÁFICO,"Agentes Bancários (por 10,000 km2)",2023Q1,2023,Q1,23.505746335593003
TABELA 1: INDICADORES DE ACESSO GEOGRÁFICO,"Agentes Bancários (por 10,000 km2)",2023Q2,2023,Q2,20.040531411844178
TABELA 1: INDICADORES DE ACESSO GEOGRÁFICO,"Agentes Bancários (por 10,000 km2)",2023Q3,2023,Q3,12.547224098676475
TABELA 1: INDICADORES DE ACESSO GEOGRÁFICO,"Agentes Bancários (por 10,000 km2)",2023Q4,2023,Q4,12.547224098676475
TABELA 1: INDICADORES DE ACESSO GEOGRÁFICO,"Agentes Bancários (por 10,000 km2)",2024Q1,2024,Q1,12.759888913908279
TABELA 1: INDICADORES DE ACESSO GEOGRÁFICO,"Agentes Bancários (por 10,000 km2)",2024Q2,2024,Q2,12.759888913908279
TABELA 1: INDICADORES DE ACESSO GEOGRÁFICO,"Agentes Bancários (por 10,000 km2)",2024Q3,2024,Q3,12.759888913908279
TABELA 1: INDICADORES DE ACESSO GEOGRÁFICO,"Agentes Bancários (por 10,000 km2)",2024Q4,2024,Q4,12.759888913908279
TABELA 1: INDICADORES DE ACESSO GEOGRÁFICO,"Agentes Bancários (por 10,000 km2)",2025Q1,2025,Q1,12.759888913908279
TABELA 1: INDICADORES DE ACESSO GEOGRÁFICO,"Agentes Bancários (por 10,000 km2)",2025Q2,2025,Q2,12.759888913908279
TABELA 1: INDICADORES DE ACESSO GEOGRÁFICO,"Agentes Bancários (por 10,000 km2)",2025Q3,2025,Q3,3.7529085040906702
TABELA 1: INDICADORES DE ACESSO GEOGRÁFICO,Urbano (por 10.000 km2),2020Q1,2020,Q1,2378.668171557562
TABELA 1: INDICADORES DE ACESSO GEOGRÁFICO,Urbano (por 10.000 km2),2020Q2,2020,Q2,2378.668171557562
TABELA 1: INDICADORES DE ACESSO GEOGRÁFICO,Urbano (por 10.000 km2),2020Q3,2020,Q3,2322.7990970654632
TABELA 1: INDICADORES DE ACESSO GEOGRÁFICO,Urbano (por 10.000 km2),2020,2020,,2748.306997742664
TABELA 1: INDICADORES DE ACESSO GEOGRÁFICO,Urbano (por 10.000 km2),2021Q1,2021,Q1,2768.7101677333294
TABELA 1: INDICADORES DE ACESSO GEOGRÁFICO,Urbano (por 10.000 km2),2021Q2,2021,Q2,2816.027088036117
TABELA 1: INDICADORES DE ACESSO GEOGRÁFICO,Urbano (por 10.000 km2),2021Q3,2021,Q3,2514.10835214447
TABELA 1: INDICADORES DE ACESSO GEOGRÁFICO,Urbano (por 10.000 km2),2021,2021,,2271.4446952595936
TABELA 1: INDICADORES DE ACESSO GEOGRÁFICO,Urbano (por 10.000 km2),2022Q1,2022,Q1,2040.0677200902933
TABELA 1: INDICADORES DE ACESSO GEOGRÁFICO,Urbano (por 10.000 km2),2022Q2,2022,Q2,4373.589164785553
TABELA 1: INDICADORES DE ACESSO GEOGRÁFICO,Urbano (por 10.000 km2),2022Q3,2022,Q3,4373.589164785553
TABELA 1: INDICADORES DE ACESSO GEOGRÁFICO,Urbano (por 10.000 km2),2022,2022,,4373.589164785553
TABELA 1: INDICADORES DE ACESSO GEOGRÁFICO,Urbano (por 10.000 km2),2023Q1,2023,Q1,3651.2415349887133
TABELA 1: INDICADORES DE ACESSO GEOGRÁFICO,Urbano (por 10.000 km2),2023Q2,2023,Q2,3125.5289139633287
TABELA 1: INDICADORES DE ACESSO GEOGRÁFICO,Urbano (por 10.000 km2),2023Q3,2023,Q3,1813.8222849083215
TABELA 1: INDICADORES DE ACESSO GEOGRÁFICO,Urbano (por 10.000 km2),2023Q4,2023,Q4,1811.0014104372353
TABELA 1: INDICADORES DE ACESSO GEOGRÁFICO,Urbano (por 10.000 km2),2024Q1,2024,Q1,1850.49365303244
TABELA 1: INDICADORES DE ACESSO GEOGRÁFICO,Urbano (por 10.000 km2),2024Q2,2024,Q2,1850.49365303244
TABELA 1: INDICADORES DE ACESSO GEOGRÁFICO,Urbano (por 10.000 km2),2024Q3,2024,Q3,1850.49365303244
TABELA 1: INDICADORES DE ACESSO GEOGRÁFICO,Urbano (por 10.000 km2),2024Q4,2024,Q4,1833.5684062059238
TABELA 1: INDICADORES DE ACESSO GEOGRÁFICO,Urbano (por 10.000 km2),2025Q1,2025,Q1,1850.49365303244
TABELA 1: INDICADORES DE ACESSO GEOGRÁFICO,Urbano (por 10.000 km2),2025Q2,2025,Q2,1850.49365303244
TABELA 1: INDICADORES DE ACESSO GEOGRÁFICO,Urbano (por 10.000 km2),2025Q3,2025,Q3,558.5331452750353
TABELA 1: INDICADORES DE ACESSO GEOGRÁFICO,Rural (por 10.000 km2),2020Q1,2020,Q1,2.2492099492985353
TABELA 1: INDICADORES DE ACESSO GEOGRÁFICO,Rural (por 10.000 km2),2020Q2,2020,Q2,2.2492099492985353
TABELA 1: INDICADORES DE ACESSO GEOGRÁFICO,Rural (por 10.000 km2),2020Q3,2020,Q3,2.5859631707577573
TABELA 1: INDICADORES DE ACESSO GEOGRÁFICO,Rural (por 10.000 km2),2020,2020,,4.686901179264546
TABELA 1: INDICADORES DE ACESSO GEOGRÁFICO,Rural (por 10.000 km2),2021Q1,2021,Q1,4.721696288242011
TABELA 1: INDICADORES DE ACESSO GEOGRÁFICO,Rural (por 10.000 km2),2021Q2,2021,Q2,4.624074085708721
TABELA 1: INDICADORES DE ACESSO GEOGRÁFICO,Rural (por 10.000 km2),2021Q3,2021,Q3,5.880615956825221
TABELA 1: INDICADORES DE ACESSO GEOGRÁFICO,Rural (por 10.000 km2),2021,2021,,3.694233101082511
TABELA 1: INDICADORES DE ACESSO GEOGRÁFICO,Rural (por 10.000 km2),2022Q1,2022,Q1,5.340302952245126
TABELA 1: INDICADORES DE ACESSO GEOGRÁFICO,Rural (por 10.000 km2),2022Q2,2022,Q2,8.695269748126183
TABELA 1: INDICADORES DE ACESSO GEOGRÁFICO,Rural (por 10.000 km2),2022Q3,2022,Q3,8.695269748126183
TABELA 1: INDICADORES DE ACESSO GEOGRÁFICO,Rural (por 10.000 km2),2022,2022,,8.695269748126183
TABELA 1: INDICADORES DE ACESSO GEOGRÁFICO,Rural (por 10.000 km2),2023Q1,2023,Q1,7.350769946031527
TABELA 1: INDICADORES DE ACESSO GEOGRÁFICO,Rural (por 10.000 km2),2023Q2,2023,Q2,6.207309043571791
TABELA 1: INDICADORES DE ACESSO GEOGRÁFICO,Rural (por 10.000 km2),2023Q3,2023,Q3,4.5235450519956375
TABELA 1: INDICADORES DE ACESSO GEOGRÁFICO,Rural (por 10.000 km2),2023Q4,2023,Q4,4.536110454917847
TABELA 1: INDICADORES DE ACESSO GEOGRÁFICO,Rural (por 10.000 km2),2024Q1,2024,Q1,4.573806663684478
TABELA 1: INDICADORES DE ACESSO GEOGRÁFICO,Rural (por 10.000 km2),2024Q2,2024,Q2,4.573806663684478
TABELA 1: INDICADORES DE ACESSO GEOGRÁFICO,Rural (por 10.000 km2),2024Q3,2024,Q3,4.573806663684478
TABELA 1: INDICADORES DE ACESSO GEOGRÁFICO,Rural (por 10.000 km2),2024Q4,2024,Q4,4.649199081217739
TABELA 1: INDICADORES DE ACESSO GEOGRÁFICO,Rural (por 10.000 km2),2025Q1,2025,Q1,4.573806663684478
TABELA 1: INDICADORES DE ACESSO GEOGRÁFICO,Rural (por 10.000 km2),2025Q2,2025,Q2,4.573806663684478
TABELA 1: INDICADORES DE ACESSO GEOGRÁFICO,Rural (por 10.000 km2),2025Q3,2025,Q3,1.2816710980654307
TABELA 1: INDICADORES DE ACESSO GEOGRÁFICO,"Agentes das IME (por 10,000 km2)",2020Q1,2020,Q1,753.4223440946034
TABELA 1: INDICADORES DE ACESSO GEOGRÁFICO,"Agentes das IME (por 10,000 km2)",2020Q2,2020,Q2,786.0101403714634
TABELA 1: INDICADORES DE ACESSO GEOGRÁFICO,"Agentes das IME (por 10,000 km2)",2020Q3,2020,Q3,823.1764907509455
TABELA 1: INDICADORES DE ACESSO GEOGRÁFICO,"Agentes das IME (por 10,000 km2)",2020,2020,,870.0253571835137
TABELA 1: INDICADORES DE ACESSO GEOGRÁFICO,"Agentes das IME (por 10,000 km2)",2021Q1,2021,Q1,911.770261665618
TABELA 1: INDICADORES DE ACESSO GEOGRÁFICO,"Agentes das IME (por 10,000 km2)",2021Q2,2021,Q2,1004.9926255255642
TABELA 1: INDICADORES DE ACESSO GEOGRÁFICO,"Agentes das IME (por 10,000 km2)",2021Q3,2021,Q3,1124.222677853684
TABELA 1: INDICADORES DE ACESSO GEOGRÁFICO,"Agentes das IME (por 10,000 km2)",2021,2021,,1184.632070644838
TABELA 1: INDICADORES DE ACESSO GEOGRÁFICO,"Agentes das IME (por 10,000 km2)",2022Q1,2022,Q1,1310.604857020262
TABELA 1: INDICADORES DE ACESSO GEOGRÁFICO,"Agentes das IME (por 10,000 km2)",2022Q2,2022,Q2,1493.2466326986323
TABELA 1: INDICADORES DE ACESSO GEOGRÁFICO,"Agentes das IME (por 10,000 km2)",2022Q3,2022,Q3,1589.1836037724283
TABELA 1: INDICADORES DE ACESSO GEOGRÁFICO,"Agentes das IME (por 10,000 km2)",2022,2022,,1845.4200072806516
TABELA 1: INDICADORES DE ACESSO GEOGRÁFICO,"Agentes das IME (por 10,000 km2)",2023Q1,2023,Q1,1999.814856282189
TABELA 1: INDICADORES DE ACESSO GEOGRÁFICO,"Agentes das IME (por 10,000 km2)",2023Q2,2023,Q2,2287.735495008632
TABELA 1: INDICADORES DE ACESSO GEOGRÁFICO,"Agentes das IME (por 10,000 km2)",2023Q3,2023,Q3,2542.470414571293
TABELA 1: INDICADORES DE ACESSO GEOGRÁFICO,"Agentes das IME (por 10,000 km2)",2023Q4,2023,Q4,2810.9785083439665
TABELA 1: INDICADORES DE ACESSO GEOGRÁFICO,"Agentes das IME (por 10,000 km2)",2024Q1,2024,Q1,3033.7261377567615
TABELA 1: INDICADORES DE ACESSO GEOGRÁFICO,"Agentes das IME (por 10,000 km2)",2024Q2,2024,Q2,3154.2445395181267
TABELA 1: INDICADORES DE ACESSO GEOGRÁFICO,"Agentes das IME (por 10,000 km2)",2024Q3,2024,Q3,3660.4493482448897
TABELA 1: INDICADORES DE ACESSO GEOGRÁFICO,"Agentes das IME (por 10,000 km2)",2024Q4,2024,Q4,3940.616477770272
TABELA 1: INDICADORES DE ACESSO GEOGRÁFICO,"Agentes das IME (por 10,000 km2)",2025Q1,2025,Q1,4402.424378893642
TABELA 1: INDICADORES DE ACESSO GEOGRÁFICO,"Agentes das IME (por 10,000 km2)",2025Q2,2025,Q2,4789.261677800295
TABELA 1: INDICADORES DE ACESSO GEOGRÁFICO,"Agentes das IME (por 10,000 km2)",2025Q3,2025,Q3,5199.40453851735
TABELA 1: INDICADORES DE ACESSO GEOGRÁFICO,Urbano (por 10.000 km2),2020Q1,2020,Q1,120485.32731376975
TABELA 1: INDICADORES DE ACESSO GEOGRÁFICO,Urbano (por 10.000 km2),2020Q2,2020,Q2,124833.52144469526
TABELA 1: INDICADORES DE ACESSO GEOGRÁFICO,Urbano (por 10.000 km2),2020Q3,2020,Q3,131046.83972911965
TABELA 1: INDICADORES DE ACESSO GEOGRÁFICO,Urbano (por 10.000 km2),2020,2020,,138465.01128668172
TABELA 1: INDICADORES DE ACESSO GEOGRÁFICO,Urbano (por 10.000 km2),2021Q1,2021,Q1,143851.5801354402
TABELA 1: INDICADORES DE ACESSO GEOGRÁFICO,Urbano (por 10.000 km2),2021Q2,2021,Q2,154771.4446952596
TABELA 1: INDICADORES DE ACESSO GEOGRÁFICO,Urbano (por 10.000 km2),2021Q3,2021,Q3,170129.79683972913
TABELA 1: INDICADORES DE ACESSO GEOGRÁFICO,Urbano (por 10.000 km2),2021,2021,,175603.83747178328
TABELA 1: INDICADORES DE ACESSO GEOGRÁFICO,Urbano (por 10.000 km2),2022Q1,2022,Q1,195634.87584650112
TABELA 1: INDICADORES DE ACESSO GEOGRÁFICO,Urbano (por 10.000 km2),2022Q2,2022,Q2,219585.21444695262
TABELA 1: INDICADORES DE ACESSO GEOGRÁFICO,Urbano (por 10.000 km2),2022Q3,2022,Q3,223538.37471783298
TABELA 1: INDICADORES DE ACESSO GEOGRÁFICO,Urbano (por 10.000 km2),2022,2022,,255414.78555304738
TABELA 1: INDICADORES DE ACESSO GEOGRÁFICO,Urbano (por 10.000 km2),2023Q1,2023,Q1,273535.5530474041
TABELA 1: INDICADORES DE ACESSO GEOGRÁFICO,Urbano (por 10.000 km2),2023Q2,2023,Q2,304036.67136812414
TABELA 1: INDICADORES DE ACESSO GEOGRÁFICO,Urbano (por 10.000 km2),2023Q3,2023,Q3,320118.47672778566
TABELA 1: INDICADORES DE ACESSO GEOGRÁFICO,Urbano (por 10.000 km2),2023Q4,2023,Q4,353585.3314527503
TABELA 1: INDICADORES DE ACESSO GEOGRÁFICO,Urbano (por 10.000 km2),2024Q1,2024,Q1,375159.3794076164
TABELA 1: INDICADORES DE ACESSO GEOGRÁFICO,Urbano (por 10.000 km2),2024Q2,2024,Q2,388815.2327221439
TABELA 1: INDICADORES DE ACESSO GEOGRÁFICO,Urbano (por 10.000 km2),2024Q3,2024,Q3,429847.67277856136
TABELA 1: INDICADORES DE ACESSO GEOGRÁFICO,Urbano (por 10.000 km2),2024Q4,2024,Q4,460112.8349788434
TABELA 1: INDICADORES DE ACESSO GEOGRÁFICO,Urbano (por 10.000 km2),2025Q1,2025,Q1,523929.4781382228
TABELA 1: INDICADORES DE ACESSO GEOGRÁFICO,Urbano (por 10.000 km2),2025Q2,2025,Q2,571726.3751763046
TABELA 1: INDICADORES DE ACESSO GEOGRÁFICO,Urbano (por 10.000 km2),2025Q3,2025,Q3,597599.4358251058
TABELA 1: INDICADORES DE ACESSO GEOGRÁFICO,Rural (por 10.000 km2),2020Q1,2020,Q1,220.234093750589
TABELA 1: INDICADORES DE ACESSO GEOGRÁFICO,Rural (por 10.000 km2),2020Q2,2020,Q2,233.60369925926858
TABELA 1: INDICADORES DE ACESSO GEOGRÁFICO,Rural (por 10.000 km2),2020Q3,2020,Q3,243.26650624815443
TABELA 1: INDICADORES DE ACESSO GEOGRÁFICO,Rural (por 10.000 km2),2020,2020,,257.2895135298146
TABELA 1: INDICADORES DE ACESSO GEOGRÁFICO,Rural (por 10.000 km2),2021Q1,2021,Q1,275.2329314493582
TABELA 1: INDICADORES DE ACESSO GEOGRÁFICO,Rural (por 10.000 km2),2021Q2,2021,Q2,320.24226127275125
TABELA 1: INDICADORES DE ACESSO GEOGRÁFICO,Rural (por 10.000 km2),2021Q3,2021,Q3,371.6096929639938
TABELA 1: INDICADORES DE ACESSO GEOGRÁFICO,Rural (por 10.000 km2),2021,2021,,407.91118762054947
TABELA 1: INDICADORES DE ACESSO GEOGRÁFICO,Rural (por 10.000 km2),2022Q1,2022,Q1,445.2430466114207
TABELA 1: INDICADORES DE ACESSO GEOGRÁFICO,Rural (por 10.000 km2),2022Q2,2022,Q2,522.0428857740611
TABELA 1: INDICADORES DE ACESSO GEOGRÁFICO,Rural (por 10.000 km2),2022Q3,2022,Q3,600.8029302556434
TABELA 1: INDICADORES DE ACESSO GEOGRÁFICO,Rural (por 10.000 km2),2022,2022,,716.2288665364051
TABELA 1: INDICADORES DE ACESSO GEOGRÁFICO,Rural (por 10.000 km2),2023Q1,2023,Q1,790.616145306502
TABELA 1: INDICADORES DE ACESSO GEOGRÁFICO,Rural (por 10.000 km2),2023Q2,2023,Q2,943.6114978462899
TABELA 1: INDICADORES DE ACESSO GEOGRÁFICO,Rural (por 10.000 km2),2023Q3,2023,Q3,1127.8454354917344
TABELA 1: INDICADORES DE ACESSO GEOGRÁFICO,Rural (por 10.000 km2),2023Q4,2023,Q4,1248.4733035449515
TABELA 1: INDICADORES DE ACESSO GEOGRÁFICO,Rural (por 10.000 km2),2024Q1,2024,Q1,1376.1126664287617
TABELA 1: INDICADORES DE ACESSO GEOGRÁFICO,Rural (por 10.000 km2),2024Q2,2024,Q2,1436.3386426349148
TABELA 1: INDICADORES DE ACESSO GEOGRÁFICO,Rural (por 10.000 km2),2024Q3,2024,Q3,1762.0213209756785
TABELA 1: INDICADORES DE ACESSO GEOGRÁFICO,Rural (por 10.000 km2),2024Q4,2024,Q4,1908.6218768691037
TABELA 1: INDICADORES DE ACESSO GEOGRÁFICO,Rural (por 10.000 km2),2025Q1,2025,Q1,2088.2191808362527
TABELA 1: INDICADORES DE ACESSO GEOGRÁFICO,Rural (por 10.000 km2),2025Q2,2025,Q2,2263.8709482858276
TABELA 1: INDICADORES DE ACESSO GEOGRÁFICO,Rural (por 10.000 km2),2025Q3,2025,Q3,2560.590372890897
TABELA 1: INDICADORES DE ACESSO GEOGRÁFICO,ATM (por 10.000 km2),2020Q1,2020,Q1,21.942032502730246
TABELA 1: INDICADORES DE ACESSO GEOGRÁFICO,ATM (por 10.000 km2),2020Q2,2020,Q2,21.454153786877065
TABELA 1: INDICADORES DE ACESSO GEOGRÁFICO,ATM (por 10.000 km2),2020Q3,2020,Q3,21.50419262952867
TABELA 1: INDICADORES DE ACESSO GEOGRÁFICO,ATM (por 10.000 km2),2020,2020,,21.39160523356255
TABELA 1: INDICADORES DE ACESSO GEOGRÁFICO,ATM (por 10.000 km2),2021Q1,2021,Q1,21.166430441630315
TABELA 1: INDICADORES DE ACESSO GEOGRÁFICO,ATM (por 10.000 km2),2021Q2,2021,Q2,21.103881888315804
TABELA 1: INDICADORES DE ACESSO GEOGRÁFICO,ATM (por 10.000 km2),2021Q3,2021,Q3,20.703571147102938
TABELA 1: INDICADORES DE ACESSO GEOGRÁFICO,ATM (por 10.000 km2),2021,2021,,20.478396355170702
TABELA 1: INDICADORES DE ACESSO GEOGRÁFICO,ATM (por 10.000 km2),2022Q1,2022,Q1,20.478396355170702
TABELA 1: INDICADORES DE ACESSO GEOGRÁFICO,ATM (por 10.000 km2),2022Q2,2022,Q2,20.05306619263203
TABELA 1: INDICADORES DE ACESSO GEOGRÁFICO,ATM (por 10.000 km2),2022Q3,2022,Q3,19.627736030093363
TABELA 1: INDICADORES DE ACESSO GEOGRÁFICO,ATM (por 10.000 km2),2022,2022,,19.590206898104654
TABELA 1: INDICADORES DE ACESSO GEOGRÁFICO,ATM (por 10.000 km2),2023Q1,2023,Q1,19.152367024903082
TABELA 1: INDICADORES DE ACESSO GEOGRÁFICO,ATM (por 10.000 km2),2023Q2,2023,Q2,18.727013435412445
TABELA 1: INDICADORES DE ACESSO GEOGRÁFICO,ATM (por 10.000 km2),2023Q3,2023,Q3,27.058470314493736
TABELA 1: INDICADORES DE ACESSO GEOGRÁFICO,ATM (por 10.000 km2),2023Q4,2023,Q4,18.48932923015337
TABELA 1: INDICADORES DE ACESSO GEOGRÁFICO,ATM (por 10.000 km2),2024Q1,2024,Q1,18.32670319497611
TABELA 1: INDICADORES DE ACESSO GEOGRÁFICO,ATM (por 10.000 km2),2024Q2,2024,Q2,18.51434862018064
TABELA 1: INDICADORES DE ACESSO GEOGRÁFICO,ATM (por 10.000 km2),2024Q3,2024,Q3,17.400985763967075
TABELA 1: INDICADORES DE ACESSO GEOGRÁFICO,ATM (por 10.000 km2),2024Q4,2024,Q4,17.400985763967075
TABELA 1: INDICADORES DE ACESSO GEOGRÁFICO,ATM (por 10.000 km2),2025Q1,2025,Q1,17.451024544021617
TABELA 1: INDICADORES DE ACESSO GEOGRÁFICO,ATM (por 10.000 km2),2025Q2,2025,Q2,17.23835972878981
TABELA 1: INDICADORES DE ACESSO GEOGRÁFICO,ATM (por 10.000 km2),2025Q3,2025,Q3,17.013185218544372
TABELA 1: INDICADORES DE ACESSO GEOGRÁFICO,Urbano (por 10.000 km2),2020Q1,2020,Q1,3465.011286681716
TABELA 1: INDICADORES DE ACESSO GEOGRÁFICO,Urbano (por 10.000 km2),2020Q2,2020,Q2,3397.291196388262
TABELA 1: INDICADORES DE ACESSO GEOGRÁFICO,Urbano (por 10.000 km2),2020Q3,2020,Q3,3386.0045146726866
TABELA 1: INDICADORES DE ACESSO GEOGRÁFICO,Urbano (por 10.000 km2),2020,2020,,3383.1828442437923
TABELA 1: INDICADORES DE ACESSO GEOGRÁFICO,Urbano (por 10.000 km2),2021Q1,2021,Q1,3343.6794582392777
TABELA 1: INDICADORES DE ACESSO GEOGRÁFICO,Urbano (por 10.000 km2),2021Q2,2021,Q2,3335.2144469525956
TABELA 1: INDICADORES DE ACESSO GEOGRÁFICO,Urbano (por 10.000 km2),2021Q3,2021,Q3,3264.6726862302485
TABELA 1: INDICADORES DE ACESSO GEOGRÁFICO,Urbano (por 10.000 km2),2021,2021,,3205.4176072234764
TABELA 1: INDICADORES DE ACESSO GEOGRÁFICO,Urbano (por 10.000 km2),2022Q1,2022,Q1,3188.4875846501127
TABELA 1: INDICADORES DE ACESSO GEOGRÁFICO,Urbano (por 10.000 km2),2022Q2,2022,Q2,3137.6975169300226
TABELA 1: INDICADORES DE ACESSO GEOGRÁFICO,Urbano (por 10.000 km2),2022Q3,2022,Q3,3053.0474040632057
TABELA 1: INDICADORES DE ACESSO GEOGRÁFICO,Urbano (por 10.000 km2),2022,2022,,3033.295711060948
TABELA 1: INDICADORES DE ACESSO GEOGRÁFICO,Urbano (por 10.000 km2),2023Q1,2023,Q1,2948.6455981941313
TABELA 1: INDICADORES DE ACESSO GEOGRÁFICO,Urbano (por 10.000 km2),2023Q2,2023,Q2,2874.4710860366713
TABELA 1: INDICADORES DE ACESSO GEOGRÁFICO,Urbano (por 10.000 km2),2023Q3,2023,Q3,4891.396332863188
TABELA 1: INDICADORES DE ACESSO GEOGRÁFICO,Urbano (por 10.000 km2),2023Q4,2023,Q4,2823.695345557123
TABELA 1: INDICADORES DE ACESSO GEOGRÁFICO,Urbano (por 10.000 km2),2024Q1,2024,Q1,2789.8448519040903
TABELA 1: INDICADORES DE ACESSO GEOGRÁFICO,Urbano (por 10.000 km2),2024Q2,2024,Q2,2829.3370944992944
TABELA 1: INDICADORES DE ACESSO GEOGRÁFICO,Urbano (por 10.000 km2),2024Q3,2024,Q3,2629.0550070521863
TABELA 1: INDICADORES DE ACESSO GEOGRÁFICO,Urbano (por 10.000 km2),2024Q4,2024,Q4,2629.0550070521863
TABELA 1: INDICADORES DE ACESSO GEOGRÁFICO,Urbano (por 10.000 km2),2025Q1,2025,Q1,2643.159379407616
TABELA 1: INDICADORES DE ACESSO GEOGRÁFICO,Urbano (por 10.000 km2),2025Q2,2025,Q2,2606.4880112834976
TABELA 1: INDICADORES DE ACESSO GEOGRÁFICO,Urbano (por 10.000 km2),2025Q3,2025,Q3,2564.174894217207
TABELA 1: INDICADORES DE ACESSO GEOGRÁFICO,Rural (por 10.000 km2),2020Q1,2020,Q1,6.609410242072792
TABELA 1: INDICADORES DE ACESSO GEOGRÁFICO,Rural (por 10.000 km2),2020Q2,2020,Q2,6.420928961405316
TABELA 1: INDICADORES DE ACESSO GEOGRÁFICO,Rural (por 10.000 km2),2020Q3,2020,Q3,6.521452311094636
TABELA 1: INDICADORES DE ACESSO GEOGRÁFICO,Rural (por 10.000 km2),2020,2020,,6.420928961405316
TABELA 1: INDICADORES DE ACESSO GEOGRÁFICO,Rural (por 10.000 km2),2021Q1,2021,Q1,6.370667286560656
TABELA 1: INDICADORES DE ACESSO GEOGRÁFICO,Rural (por 10.000 km2),2021Q2,2021,Q2,6.345536449138327
TABELA 1: INDICADORES DE ACESSO GEOGRÁFICO,Rural (por 10.000 km2),2021Q3,2021,Q3,6.257578518160171
TABELA 1: INDICADORES DE ACESSO GEOGRÁFICO,Rural (por 10.000 km2),2021,2021,,6.295274774293666
TABELA 1: INDICADORES DE ACESSO GEOGRÁFICO,Rural (por 10.000 km2),2022Q1,2022,Q1,6.194751424604346
TABELA 1: INDICADORES DE ACESSO GEOGRÁFICO,Rural (por 10.000 km2),2022Q2,2022,Q2,6.169620587182016
TABELA 1: INDICADORES DE ACESSO GEOGRÁFICO,Rural (por 10.000 km2),2022Q3,2022,Q3,6.119358912337357
TABELA 1: INDICADORES DE ACESSO GEOGRÁFICO,Rural (por 10.000 km2),2022,2022,,6.169620587182016
TABELA 1: INDICADORES DE ACESSO GEOGRÁFICO,Rural (por 10.000 km2),2023Q1,2023,Q1,6.106793493626192
TABELA 1: INDICADORES DE ACESSO GEOGRÁFICO,Rural (por 10.000 km2),2023Q2,2023,Q2,6.00626259681643
TABELA 1: INDICADORES DE ACESSO GEOGRÁFICO,Rural (por 10.000 km2),2023Q3,2023,Q3,5.390557853628134
TABELA 1: INDICADORES DE ACESSO GEOGRÁFICO,Rural (por 10.000 km2),2023Q4,2023,Q4,5.993697193894219
TABELA 1: INDICADORES DE ACESSO GEOGRÁFICO,Rural (por 10.000 km2),2024Q1,2024,Q1,5.981131790972009
TABELA 1: INDICADORES DE ACESSO GEOGRÁFICO,Rural (por 10.000 km2),2024Q2,2024,Q2,5.993697193894219
TABELA 1: INDICADORES DE ACESSO GEOGRÁFICO,Rural (por 10.000 km2),2024Q3,2024,Q3,5.767519941294437
TABELA 1: INDICADORES DE ACESSO GEOGRÁFICO,Rural (por 10.000 km2),2024Q4,2024,Q4,5.767519941294437
TABELA 1: INDICADORES DE ACESSO GEOGRÁFICO,Rural (por 10.000 km2),2025Q1,2025,Q1,5.754954538372227
TABELA 1: INDICADORES DE ACESSO GEOGRÁFICO,Rural (por 10.000 km2),2025Q2,2025,Q2,5.704692926683387
TABELA 1: INDICADORES DE ACESSO GEOGRÁFICO,Rural (por 10.000 km2),2025Q3,2025,Q3,5.666996717916757
TABELA 1: INDICADORES DE ACESSO GEOGRÁFICO,POS (por 10.000 km2),2020Q1,2020,Q1,454.08998735268256
TABELA 1: INDICADORES DE ACESSO GEOGRÁFICO,POS (por 10.000 km2),2020Q2,2020,Q2,452.3261181492133
TABELA 1: INDICADORES DE ACESSO GEOGRÁFICO,POS (por 10.000 km2),2020Q3,2020,Q3,431.2097265502346
TABELA 1: INDICADORES DE ACESSO GEOGRÁFICO,POS (por 10.000 km2),2020,2020,,457.104827622442
TABELA 1: INDICADORES DE ACESSO GEOGRÁFICO,POS (por 10.000 km2),2021Q1,2021,Q1,445.84608802583006
TABELA 1: INDICADORES DE ACESSO GEOGRÁFICO,POS (por 10.000 km2),2021Q2,2021,Q2,447.47235041200736
TABELA 1: INDICADORES DE ACESSO GEOGRÁFICO,POS (por 10.000 km2),2021Q3,2021,Q3,451.0626373722602
TABELA 1: INDICADORES DE ACESSO GEOGRÁFICO,POS (por 10.000 km2),2021,2021,,462.3213769688721
TABELA 1: INDICADORES DE ACESSO GEOGRÁFICO,POS (por 10.000 km2),2022Q1,2022,Q1,451.13769563623765
TABELA 1: INDICADORES DE ACESSO GEOGRÁFICO,POS (por 10.000 km2),2022Q2,2022,Q2,442.34336904021745
TABELA 1: INDICADORES DE ACESSO GEOGRÁFICO,POS (por 10.000 km2),2022Q3,2022,Q3,464.2353627002961
TABELA 1: INDICADORES DE ACESSO GEOGRÁFICO,POS (por 10.000 km2),2022,2022,,488.6292984929552
TABELA 1: INDICADORES DE ACESSO GEOGRÁFICO,POS (por 10.000 km2),2023Q1,2023,Q1,453.4019532662229
TABELA 1: INDICADORES DE ACESSO GEOGRÁFICO,POS (por 10.000 km2),2023Q2,2023,Q2,471.8281668292927
TABELA 1: INDICADORES DE ACESSO GEOGRÁFICO,POS (por 10.000 km2),2023Q3,2023,Q3,448.78530861417596
TABELA 1: INDICADORES DE ACESSO GEOGRÁFICO,POS (por 10.000 km2),2023Q4,2023,Q4,377.89286697190323
TABELA 1: INDICADORES DE ACESSO GEOGRÁFICO,POS (por 10.000 km2),2024Q1,2024,Q1,432.05984638094526
TABELA 1: INDICADORES DE ACESSO GEOGRÁFICO,POS (por 10.000 km2),2024Q2,2024,Q2,448.30994020365785
TABELA 1: INDICADORES DE ACESSO GEOGRÁFICO,POS (por 10.000 km2),2024Q3,2024,Q3,443.7188821336536
TABELA 1: INDICADORES DE ACESSO GEOGRÁFICO,POS (por 10.000 km2),2024Q4,2024,Q4,443.91903725387175
TABELA 1: INDICADORES DE ACESSO GEOGRÁFICO,POS (por 10.000 km2),2025Q1,2025,Q1,439.653231254222
TABELA 1: INDICADORES DE ACESSO GEOGRÁFICO,POS (por 10.000 km2),2025Q2,2025,Q2,436.3006329905677
TABELA 1: INDICADORES DE ACESSO GEOGRÁFICO,POS (por 10.000 km2),2025Q3,2025,Q3,410.39305461732846
TABELA 1: INDICADORES DE ACESSO GEOGRÁFICO,Urbano (por 10.000 km2),2020Q1,2020,Q1,80217.26862302482
TABELA 1: INDICADORES DE ACESSO GEOGRÁFICO,Urbano (por 10.000 km2),2020Q2,2020,Q2,79703.72460496615
TABELA 1: INDICADORES DE ACESSO GEOGRÁFICO,Urbano (por 10.000 km2),2020Q3,2020,Q3,66963.88261851016
TABELA 1: INDICADORES DE ACESSO GEOGRÁFICO,Urbano (por 10.000 km2),2020,2020,,71484.1986455982
TABELA 1: INDICADORES DE ACESSO GEOGRÁFICO,Urbano (por 10.000 km2),2021Q1,2021,Q1,79046.27539503385
TABELA 1: INDICADORES DE ACESSO GEOGRÁFICO,Urbano (por 10.000 km2),2021Q2,2021,Q2,79664.22121896163
TABELA 1: INDICADORES DE ACESSO GEOGRÁFICO,Urbano (por 10.000 km2),2021Q3,2021,Q3,80883.18284424378
TABELA 1: INDICADORES DE ACESSO GEOGRÁFICO,Urbano (por 10.000 km2),2021,2021,,77116.25282167044
TABELA 1: INDICADORES DE ACESSO GEOGRÁFICO,Urbano (por 10.000 km2),2022Q1,2022,Q1,80812.64108352145
TABELA 1: INDICADORES DE ACESSO GEOGRÁFICO,Urbano (por 10.000 km2),2022Q2,2022,Q2,79475.16930022572
TABELA 1: INDICADORES DE ACESSO GEOGRÁFICO,Urbano (por 10.000 km2),2022Q3,2022,Q3,80016.93002257338
TABELA 1: INDICADORES DE ACESSO GEOGRÁFICO,Urbano (por 10.000 km2),2022,2022,,83487.58465011287
TABELA 1: INDICADORES DE ACESSO GEOGRÁFICO,Urbano (por 10.000 km2),2023Q1,2023,Q1,83611.7381489842
TABELA 1: INDICADORES DE ACESSO GEOGRÁFICO,Urbano (por 10.000 km2),2023Q2,2023,Q2,81170.6629055007
TABELA 1: INDICADORES DE ACESSO GEOGRÁFICO,Urbano (por 10.000 km2),2023Q3,2023,Q3,76815.23272214386
TABELA 1: INDICADORES DE ACESSO GEOGRÁFICO,Urbano (por 10.000 km2),2023Q4,2023,Q4,71145.27503526093
TABELA 1: INDICADORES DE ACESSO GEOGRÁFICO,Urbano (por 10.000 km2),2024Q1,2024,Q1,81452.75035260932
TABELA 1: INDICADORES DE ACESSO GEOGRÁFICO,Urbano (por 10.000 km2),2024Q2,2024,Q2,84033.85049365304
TABELA 1: INDICADORES DE ACESSO GEOGRÁFICO,Urbano (por 10.000 km2),2024Q3,2024,Q3,82634.69675599436
TABELA 1: INDICADORES DE ACESSO GEOGRÁFICO,Urbano (por 10.000 km2),2024Q4,2024,Q4,82265.1622002821
TABELA 1: INDICADORES DE ACESSO GEOGRÁFICO,Urbano (por 10.000 km2),2025Q1,2025,Q1,81424.54160789844
TABELA 1: INDICADORES DE ACESSO GEOGRÁFICO,Urbano (por 10.000 km2),2025Q2,2025,Q2,80645.9802538787
TABELA 1: INDICADORES DE ACESSO GEOGRÁFICO,Urbano (por 10.000 km2),2025Q3,2025,Q3,76146.68547249648
TABELA 1: INDICADORES DE ACESSO GEOGRÁFICO,Rural (por 10.000 km2),2020Q1,2020,Q1,98.88984525686857
TABELA 1: INDICADORES DE ACESSO GEOGRÁFICO,Rural (por 10.000 km2),2020Q2,2020,Q2,99.40502742402634
TABELA 1: INDICADORES DE ACESSO GEOGRÁFICO,Rural (por 10.000 km2),2020Q3,2020,Q3,134.9274661204898
TABELA 1: INDICADORES DE ACESSO GEOGRÁFICO,Rural (por 10.000 km2),2020,2020,,140.80808207731502
TABELA 1: INDICADORES DE ACESSO GEOGRÁFICO,Rural (por 10.000 km2),2021Q1,2021,Q1,95.8238830913443
TABELA 1: INDICADORES DE ACESSO GEOGRÁFICO,Rural (por 10.000 km2),2021Q2,2021,Q2,94.70556082605063
TABELA 1: INDICADORES DE ACESSO GEOGRÁFICO,Rural (por 10.000 km2),2021Q3,2021,Q3,92.8835751129317
TABELA 1: INDICADORES DE ACESSO GEOGRÁFICO,Rural (por 10.000 km2),2021,2021,,120.96728593238548
TABELA 1: INDICADORES DE ACESSO GEOGRÁFICO,Rural (por 10.000 km2),2022Q1,2022,Q1,93.27310309297782
TABELA 1: INDICADORES DE ACESSO GEOGRÁFICO,Rural (por 10.000 km2),2022Q2,2022,Q2,90.39562220812103
TABELA 1: INDICADORES DE ACESSO GEOGRÁFICO,Rural (por 10.000 km2),2022Q3,2022,Q3,109.9725445601161
TABELA 1: INDICADORES DE ACESSO GEOGRÁFICO,Rural (por 10.000 km2),2022,2022,,119.01964603215491
TABELA 1: INDICADORES DE ACESSO GEOGRÁFICO,Rural (por 10.000 km2),2023Q1,2023,Q1,117.31074908743648
TABELA 1: INDICADORES DE ACESSO GEOGRÁFICO,Rural (por 10.000 km2),2023Q2,2023,Q2,112.35983293040275
TABELA 1: INDICADORES DE ACESSO GEOGRÁFICO,Rural (por 10.000 km2),2023Q3,2023,Q3,108.61534285958415
TABELA 1: INDICADORES DE ACESSO GEOGRÁFICO,Rural (por 10.000 km2),2023Q4,2023,Q4,62.66366437306179
TABELA 1: INDICADORES DE ACESSO GEOGRÁFICO,Rural (por 10.000 km2),2024Q1,2024,Q1,71.15787674847581
TABELA 1: INDICADORES DE ACESSO GEOGRÁFICO,Rural (por 10.000 km2),2024Q2,2024,Q2,75.9829914706045
TABELA 1: INDICADORES DE ACESSO GEOGRÁFICO,Rural (por 10.000 km2),2024Q3,2024,Q3,77.6039284475696
TABELA 1: INDICADORES DE ACESSO GEOGRÁFICO,Rural (por 10.000 km2),2024Q4,2024,Q4,79.45104267713448
TABELA 1: INDICADORES DE ACESSO GEOGRÁFICO,Rural (por 10.000 km2),2025Q1,2025,Q1,78.91073035147946
TABELA 1: INDICADORES DE ACESSO GEOGRÁFICO,Rural (por 10.000 km2),2025Q2,2025,Q2,79.01125357485714
TABELA 1: INDICADORES DE ACESSO GEOGRÁFICO,Rural (por 10.000 km2),2025Q3,2025,Q3,73.03012178388512
TABELA 1: INDICADORES DE ACESSO GEOGRÁFICO,Distritos cobertos por agências bancárias (Nº),2020Q1,2020,Q1,122.0
TABELA 1: INDICADORES DE ACESSO GEOGRÁFICO,Distritos cobertos por agências bancárias (Nº),2020Q2,2020,Q2,123.0
TABELA 1: INDICADORES DE ACESSO GEOGRÁFICO,Distritos cobertos por agências bancárias (Nº),2020Q3,2020,Q3,125.0
TABELA 1: INDICADORES DE ACESSO GEOGRÁFICO,Distritos cobertos por agências bancárias (Nº),2020,2020,,127.0
TABELA 1: INDICADORES DE ACESSO GEOGRÁFICO,Distritos cobertos por agências bancárias (Nº),2021Q1,2021,Q1,127.0
TABELA 1: INDICADORES DE ACESSO GEOGRÁFICO,Distritos cobertos por agências bancárias (Nº),2021Q2,2021,Q2,127.0
TABELA 1: INDICADORES DE ACESSO GEOGRÁFICO,Distritos cobertos por agências bancárias (Nº),2021Q3,2021,Q3,130.0
TABELA 1: INDICADORES DE ACESSO GEOGRÁFICO,Distritos cobertos por agências bancárias (Nº),2021,2021,,128.0
TABELA 1: INDICADORES DE ACESSO GEOGRÁFICO,Distritos cobertos por agências bancárias (Nº),2022Q1,2022,Q1,123.0
TABELA 1: INDICADORES DE ACESSO GEOGRÁFICO,Distritos cobertos por agências bancárias (Nº),2022Q2,2022,Q2,123.0
TABELA 1: INDICADORES DE ACESSO GEOGRÁFICO,Distritos cobertos por agências bancárias (Nº),2022Q3,2022,Q3,123.0
TABELA 1: INDICADORES DE ACESSO GEOGRÁFICO,Distritos cobertos por agências bancárias (Nº),2022,2022,,123.0
TABELA 1: INDICADORES DE ACESSO GEOGRÁFICO,Distritos cobertos por agências bancárias (Nº),2023Q1,2023,Q1,123.0
TABELA 1: INDICADORES DE ACESSO GEOGRÁFICO,Distritos cobertos por agências bancárias (Nº),2023Q2,2023,Q2,124.0
TABELA 1: INDICADORES DE ACESSO GEOGRÁFICO,Distritos cobertos por agências bancárias (Nº),2023Q3,2023,Q3,129.0
TABELA 1: INDICADORES DE ACESSO GEOGRÁFICO,Distritos cobertos por agências bancárias (Nº),2023Q4,2023,Q4,129.0
TABELA 1: INDICADORES DE ACESSO GEOGRÁFICO,Distritos cobertos por agências bancárias (Nº),2024Q1,2024,Q1,129.0
TABELA 1: INDICADORES DE ACESSO GEOGRÁFICO,Distritos cobertos por agências bancárias (Nº),2024Q2,2024,Q2,129.0
TABELA 1: INDICADORES DE ACESSO GEOGRÁFICO,Distritos cobertos por agências bancárias (Nº),2024Q3,2024,Q3,128.0
TABELA 1: INDICADORES DE ACESSO GEOGRÁFICO,Distritos cobertos por agências bancárias (Nº),2024Q4,2024,Q4,128.0
TABELA 1: INDICADORES DE ACESSO GEOGRÁFICO,Distritos cobertos por agências bancárias (Nº),2025Q1,2025,Q1,128.0
TABELA 1: INDICADORES DE ACESSO GEOGRÁFICO,Distritos cobertos por agências bancárias (Nº),2025Q2,2025,Q2,128.0
TABELA 1: INDICADORES DE ACESSO GEOGRÁFICO,Distritos cobertos por agências bancárias (Nº),2025Q3,2025,Q3,128.0
TABELA 1: INDICADORES DE ACESSO GEOGRÁFICO,Distritos cobertos por agências bancárias  (em proporção do total),2020Q1,2020,Q1,0.7870967741935484
TABELA 1: INDICADORES DE ACESSO GEOGRÁFICO,Distritos cobertos por agências bancárias  (em proporção do total),2020Q2,2020,Q2,0.7935483870967742
TABELA 1: INDICADORES DE ACESSO GEOGRÁFICO,Distritos cobertos por agências bancárias  (em proporção do total),2020Q3,2020,Q3,0.8064516129032258
TABELA 1: INDICADORES DE ACESSO GEOGRÁFICO,Distritos cobertos por agências bancárias  (em proporção do total),2020,2020,,0.8193548387096774
TABELA 1: INDICADORES DE ACESSO GEOGRÁFICO,Distritos cobertos por agências bancárias  (em proporção do total),2021Q1,2021,Q1,0.8193548387096774
TABELA 1: INDICADORES DE ACESSO GEOGRÁFICO,Distritos cobertos por agências bancárias  (em proporção do total),2021Q2,2021,Q2,0.8193548387096774
TABELA 1: INDICADORES DE ACESSO GEOGRÁFICO,Distritos cobertos por agências bancárias  (em proporção do total),2021Q3,2021,Q3,0.8387096774193549
TABELA 1: INDICADORES DE ACESSO GEOGRÁFICO,Distritos cobertos por agências bancárias  (em proporção do total),2021,2021,,0.8258064516129032
TABELA 1: INDICADORES DE ACESSO GEOGRÁFICO,Distritos cobertos por agências bancárias  (em proporção do total),2022Q1,2022,Q1,0.7935483870967742
TABELA 1: INDICADORES DE ACESSO GEOGRÁFICO,Distritos cobertos por agências bancárias  (em proporção do total),2022Q2,2022,Q2,0.7935483870967742
TABELA 1: INDICADORES DE ACESSO GEOGRÁFICO,Distritos cobertos por agências bancárias  (em proporção do total),2022Q3,2022,Q3,0.7935483870967742
TABELA 1: INDICADORES DE ACESSO GEOGRÁFICO,Distritos cobertos por agências bancárias  (em proporção do total),2022,2022,,0.7935483870967742
TABELA 1: INDICADORES DE ACESSO GEOGRÁFICO,Distritos cobertos por agências bancárias  (em proporção do total),2023Q1,2023,Q1,0.7935483870967742
TABELA 1: INDICADORES DE ACESSO GEOGRÁFICO,Distritos cobertos por agências bancárias  (em proporção do total),2023Q2,2023,Q2,0.8
TABELA 1: INDICADORES DE ACESSO GEOGRÁFICO,Distritos cobertos por agências bancárias  (em proporção do total),2023Q3,2023,Q3,0.832258064516129
TABELA 1: INDICADORES DE ACESSO GEOGRÁFICO,Distritos cobertos por agências bancárias  (em proporção do total),2023Q4,2023,Q4,0.832258064516129
TABELA 1: INDICADORES DE ACESSO GEOGRÁFICO,Distritos cobertos por agências bancárias  (em proporção do total),2024Q1,2024,Q1,0.832258064516129
TABELA 1: INDICADORES DE ACESSO GEOGRÁFICO,Distritos cobertos por agências bancárias  (em proporção do total),2024Q2,2024,Q2,0.832258064516129
TABELA 1: INDICADORES DE ACESSO GEOGRÁFICO,Distritos cobertos por agências bancárias  (em proporção do total),2024Q3,2024,Q3,0.8258064516129032
TABELA 1: INDICADORES DE ACESSO GEOGRÁFICO,Distritos cobertos por agências bancárias  (em proporção do total),2024Q4,2024,Q4,0.8258064516129032
TABELA 1: INDICADORES DE ACESSO GEOGRÁFICO,Distritos cobertos por agências bancárias  (em proporção do total),2025Q1,2025,Q1,0.8258064516129032
TABELA 1: INDICADORES DE ACESSO GEOGRÁFICO,Distritos cobertos por agências bancárias  (em proporção do total),2025Q2,2025,Q2,0.8258064516129032
TABELA 1: INDICADORES DE ACESSO GEOGRÁFICO,Distritos cobertos por agências bancárias  (em proporção do total),2025Q3,2025,Q3,0.8258064516129032
TABELA 2: INDICADORES DE ACESSO DEMOGRÁFICO,Contas bancárias (por 100 adultos),2020Q1,2020,Q1,30.252460605796514
TABELA 2: INDICADORES DE ACESSO DEMOGRÁFICO,Contas bancárias (por 100 adultos),2020Q2,2020,Q2,30.43600669839143
TABELA 2: INDICADORES DE ACESSO DEMOGRÁFICO,Contas bancárias (por 100 adultos),2020Q3,2020,Q3,30.679861311584744
TABELA 2: INDICADORES DE ACESSO DEMOGRÁFICO,Contas bancárias (por 100 adultos),2020,2020,,30.96669141948646
TABELA 2: INDICADORES DE ACESSO DEMOGRÁFICO,Contas bancárias (por 100 adultos),2021Q1,2021,Q1,30.27882017152443
TABELA 2: INDICADORES DE ACESSO DEMOGRÁFICO,Contas bancárias (por 100 adultos),2021Q2,2021,Q2,30.719310148139638
TABELA 2: INDICADORES DE ACESSO DEMOGRÁFICO,Contas bancárias (por 100 adultos),2021Q3,2021,Q3,30.958102947271776
TABELA 2: INDICADORES DE ACESSO DEMOGRÁFICO,Contas bancárias (por 100 adultos),2021,2021,,30.35119886784444
TABELA 2: INDICADORES DE ACESSO DEMOGRÁFICO,Contas bancárias (por 100 adultos),2022Q1,2022,Q1,29.80581401909615
TABELA 2: INDICADORES DE ACESSO DEMOGRÁFICO,Contas bancárias (por 100 adultos),2022Q2,2022,Q2,31.17289784976695
TABELA 2: INDICADORES DE ACESSO DEMOGRÁFICO,Contas bancárias (por 100 adultos),2022Q3,2022,Q3,30.84339394309904
TABELA 2: INDICADORES DE ACESSO DEMOGRÁFICO,Contas bancárias (por 100 adultos),2022,2022,,30.60210363549426
TABELA 2: INDICADORES DE ACESSO DEMOGRÁFICO,Contas bancárias (por 100 adultos),2023Q1,2023,Q1,29.840899643174374
TABELA 2: INDICADORES DE ACESSO DEMOGRÁFICO,Contas bancárias (por 100 adultos),2023Q2,2023,Q2,30.051909570236322
TABELA 2: INDICADORES DE ACESSO DEMOGRÁFICO,Contas bancárias (por 100 adultos),2023Q3,2023,Q3,30.524443510682524
TABELA 2: INDICADORES DE ACESSO DEMOGRÁFICO,Contas bancárias (por 100 adultos),2023Q4,2023,Q4,30.937609124796396
TABELA 2: INDICADORES DE ACESSO DEMOGRÁFICO,Contas bancárias (por 100 adultos),2024Q1,2024,Q1,30.109675746762083
TABELA 2: INDICADORES DE ACESSO DEMOGRÁFICO,Contas bancárias (por 100 adultos),2024Q2,2024,Q2,30.91968265515026
TABELA 2: INDICADORES DE ACESSO DEMOGRÁFICO,Contas bancárias (por 100 adultos),2024Q3,2024,Q3,32.481332687380124
TABELA 2: INDICADORES DE ACESSO DEMOGRÁFICO,Contas bancárias (por 100 adultos),2024Q4,2024,Q4,32.97194706295025
TABELA 2: INDICADORES DE ACESSO DEMOGRÁFICO,Contas bancárias (por 100 adultos),2025Q1,2025,Q1,32.275908472883565
TABELA 2: INDICADORES DE ACESSO DEMOGRÁFICO,Contas bancárias (por 100 adultos),2025Q2,2025,Q2,32.70079973395561
TABELA 2: INDICADORES DE ACESSO DEMOGRÁFICO,Contas bancárias (por 100 adultos),2025Q3,2025,Q3,33.168840584574696
TABELA 2: INDICADORES DE ACESSO DEMOGRÁFICO,Contas bancárias com titular mulher (por 100 adultos),2020Q1,2020,Q1,18.515041505610117
TABELA 2: INDICADORES DE ACESSO DEMOGRÁFICO,Contas bancárias com titular mulher (por 100 adultos),2020Q2,2020,Q2,19.2826439121226
TABELA 2: INDICADORES DE ACESSO DEMOGRÁFICO,Contas bancárias com titular mulher (por 100 adultos),2020Q3,2020,Q3,19.342551044029392
TABELA 2: INDICADORES DE ACESSO DEMOGRÁFICO,Contas bancárias com titular mulher (por 100 adultos),2020,2020,,19.49716303900797
TABELA 2: INDICADORES DE ACESSO DEMOGRÁFICO,Contas bancárias com titular mulher (por 100 adultos),2021Q1,2021,Q1,18.959214673024896
TABELA 2: INDICADORES DE ACESSO DEMOGRÁFICO,Contas bancárias com titular mulher (por 100 adultos),2021Q2,2021,Q2,18.993132848373858
TABELA 2: INDICADORES DE ACESSO DEMOGRÁFICO,Contas bancárias com titular mulher (por 100 adultos),2021Q3,2021,Q3,19.502172375725753
TABELA 2: INDICADORES DE ACESSO DEMOGRÁFICO,Contas bancárias com titular mulher (por 100 adultos),2021,2021,,18.616251877037385
TABELA 2: INDICADORES DE ACESSO DEMOGRÁFICO,Contas bancárias com titular mulher (por 100 adultos),2022Q1,2022,Q1,18.37908178052989
TABELA 2: INDICADORES DE ACESSO DEMOGRÁFICO,Contas bancárias com titular mulher (por 100 adultos),2022Q2,2022,Q2,19.246484691376082
TABELA 2: INDICADORES DE ACESSO DEMOGRÁFICO,Contas bancárias com titular mulher (por 100 adultos),2022Q3,2022,Q3,19.103927448255686
TABELA 2: INDICADORES DE ACESSO DEMOGRÁFICO,Contas bancárias com titular mulher (por 100 adultos),2022,2022,,18.938497335922918
TABELA 2: INDICADORES DE ACESSO DEMOGRÁFICO,Contas bancárias com titular mulher (por 100 adultos),2023Q1,2023,Q1,18.451304201713068
TABELA 2: INDICADORES DE ACESSO DEMOGRÁFICO,Contas bancárias com titular mulher (por 100 adultos),2023Q2,2023,Q2,18.451302268812938
TABELA 2: INDICADORES DE ACESSO DEMOGRÁFICO,Contas bancárias com titular mulher (por 100 adultos),2023Q3,2023,Q3,18.934126496176322
TABELA 2: INDICADORES DE ACESSO DEMOGRÁFICO,Contas bancárias com titular mulher (por 100 adultos),2023Q4,2023,Q4,19.273182450674987
TABELA 2: INDICADORES DE ACESSO DEMOGRÁFICO,Contas bancárias com titular mulher (por 100 adultos),2024Q1,2024,Q1,18.875179135539483
TABELA 2: INDICADORES DE ACESSO DEMOGRÁFICO,Contas bancárias com titular mulher (por 100 adultos),2024Q2,2024,Q2,19.285547187264545
TABELA 2: INDICADORES DE ACESSO DEMOGRÁFICO,Contas bancárias com titular mulher (por 100 adultos),2024Q3,2024,Q3,20.3621875889857
TABELA 2: INDICADORES DE ACESSO DEMOGRÁFICO,Contas bancárias com titular mulher (por 100 adultos),2024Q4,2024,Q4,20.766856506219995
TABELA 2: INDICADORES DE ACESSO DEMOGRÁFICO,Contas bancárias com titular mulher (por 100 adultos),2025Q1,2025,Q1,20.4153826354384
TABELA 2: INDICADORES DE ACESSO DEMOGRÁFICO,Contas bancárias com titular mulher (por 100 adultos),2025Q2,2025,Q2,20.758990565646563
TABELA 2: INDICADORES DE ACESSO DEMOGRÁFICO,Contas bancárias com titular mulher (por 100 adultos),2025Q3,2025,Q3,21.132053957085
TABELA 2: INDICADORES DE ACESSO DEMOGRÁFICO,Contas bancárias com titular homem (por 100 adultos),2020Q1,2020,Q1,41.23670758723569
TABELA 2: INDICADORES DE ACESSO DEMOGRÁFICO,Contas bancárias com titular homem (por 100 adultos),2020Q2,2020,Q2,40.77922081251425
TABELA 2: INDICADORES DE ACESSO DEMOGRÁFICO,Contas bancárias com titular homem (por 100 adultos),2020Q3,2020,Q3,41.36311857522435
TABELA 2: INDICADORES DE ACESSO DEMOGRÁFICO,Contas bancárias com titular homem (por 100 adultos),2020,2020,,41.72276565502413
TABELA 2: INDICADORES DE ACESSO DEMOGRÁFICO,Contas bancárias com titular homem (por 100 adultos),2021Q1,2021,Q1,40.5663510065352
TABELA 2: INDICADORES DE ACESSO DEMOGRÁFICO,Contas bancárias com titular homem (por 100 adultos),2021Q2,2021,Q2,40.69735296107493
TABELA 2: INDICADORES DE ACESSO DEMOGRÁFICO,Contas bancárias com titular homem (por 100 adultos),2021Q3,2021,Q3,41.28478245892146
TABELA 2: INDICADORES DE ACESSO DEMOGRÁFICO,Contas bancárias com titular homem (por 100 adultos),2021,2021,,40.941729392143735
TABELA 2: INDICADORES DE ACESSO DEMOGRÁFICO,Contas bancárias com titular homem (por 100 adultos),2022Q1,2022,Q1,40.590387533025705
TABELA 2: INDICADORES DE ACESSO DEMOGRÁFICO,Contas bancárias com titular homem (por 100 adultos),2022Q2,2022,Q2,42.348402845675594
TABELA 2: INDICADORES DE ACESSO DEMOGRÁFICO,Contas bancárias com titular homem (por 100 adultos),2022Q3,2022,Q3,41.98285250366633
TABELA 2: INDICADORES DE ACESSO DEMOGRÁFICO,Contas bancárias com titular homem (por 100 adultos),2022,2022,,41.61483123510487
TABELA 2: INDICADORES DE ACESSO DEMOGRÁFICO,Contas bancárias com titular homem (por 100 adultos),2023Q1,2023,Q1,40.5537831131653
TABELA 2: INDICADORES DE ACESSO DEMOGRÁFICO,Contas bancárias com titular homem (por 100 adultos),2023Q2,2023,Q2,40.91804476714718
TABELA 2: INDICADORES DE ACESSO DEMOGRÁFICO,Contas bancárias com titular homem (por 100 adultos),2023Q3,2023,Q3,41.4931576279777
TABELA 2: INDICADORES DE ACESSO DEMOGRÁFICO,Contas bancárias com titular homem (por 100 adultos),2023Q4,2023,Q4,41.94531995898113
TABELA 2: INDICADORES DE ACESSO DEMOGRÁFICO,Contas bancárias com titular homem (por 100 adultos),2024Q1,2024,Q1,40.654751920856185
TABELA 2: INDICADORES DE ACESSO DEMOGRÁFICO,Contas bancárias com titular homem (por 100 adultos),2024Q2,2024,Q2,41.543923299074656
TABELA 2: INDICADORES DE ACESSO DEMOGRÁFICO,Contas bancárias com titular homem (por 100 adultos),2024Q3,2024,Q3,43.55478223029065
TABELA 2: INDICADORES DE ACESSO DEMOGRÁFICO,Contas bancárias com titular homem (por 100 adultos),2024Q4,2024,Q4,44.121190496442225
TABELA 2: INDICADORES DE ACESSO DEMOGRÁFICO,Contas bancárias com titular homem (por 100 adultos),2025Q1,2025,Q1,43.0656019060828
TABELA 2: INDICADORES DE ACESSO DEMOGRÁFICO,Contas bancárias com titular homem (por 100 adultos),2025Q2,2025,Q2,43.54995666103767
TABELA 2: INDICADORES DE ACESSO DEMOGRÁFICO,Contas bancárias com titular homem (por 100 adultos),2025Q3,2025,Q3,44.11124053594573
TABELA 2: INDICADORES DE ACESSO DEMOGRÁFICO,Contas IME (por 100 adultos),2020Q1,2020,Q1,56.13779755582547
TABELA 2: INDICADORES DE ACESSO DEMOGRÁFICO,Contas IME (por 100 adultos),2020Q2,2020,Q2,58.708992172904196
TABELA 2: INDICADORES DE ACESSO DEMOGRÁFICO,Contas IME (por 100 adultos),2020Q3,2020,Q3,61.288453868672065
TABELA 2: INDICADORES DE ACESSO DEMOGRÁFICO,Contas IME (por 100 adultos),2020,2020,,65.56653394555711
TABELA 2: INDICADORES DE ACESSO DEMOGRÁFICO,Contas IME (por 100 adultos),2021Q1,2021,Q1,64.67742470979012
TABELA 2: INDICADORES DE ACESSO DEMOGRÁFICO,Contas IME (por 100 adultos),2021Q2,2021,Q2,70.35372352874857
TABELA 2: INDICADORES DE ACESSO DEMOGRÁFICO,Contas IME (por 100 adultos),2021Q3,2021,Q3,77.80779071405787
TABELA 2: INDICADORES DE ACESSO DEMOGRÁFICO,Contas IME (por 100 adultos),2021,2021,,67.24778932441363
TABELA 2: INDICADORES DE ACESSO DEMOGRÁFICO,Contas IME (por 100 adultos),2022Q1,2022,Q1,67.91291392308324
TABELA 2: INDICADORES DE ACESSO DEMOGRÁFICO,Contas IME (por 100 adultos),2022Q2,2022,Q2,59.7042847611083
TABELA 2: INDICADORES DE ACESSO DEMOGRÁFICO,Contas IME (por 100 adultos),2022Q3,2022,Q3,57.36992666957498
TABELA 2: INDICADORES DE ACESSO DEMOGRÁFICO,Contas IME (por 100 adultos),2022,2022,,68.50598360768451
TABELA 2: INDICADORES DE ACESSO DEMOGRÁFICO,Contas IME (por 100 adultos),2023Q1,2023,Q1,74.5800801751639
TABELA 2: INDICADORES DE ACESSO DEMOGRÁFICO,Contas IME (por 100 adultos),2023Q2,2023,Q2,82.83287527726296
TABELA 2: INDICADORES DE ACESSO DEMOGRÁFICO,Contas IME (por 100 adultos),2023Q3,2023,Q3,89.46006991973739
TABELA 2: INDICADORES DE ACESSO DEMOGRÁFICO,Contas IME (por 100 adultos),2023Q4,2023,Q4,93.16469452600072
TABELA 2: INDICADORES DE ACESSO DEMOGRÁFICO,Contas IME (por 100 adultos),2024Q1,2024,Q1,90.9660943073126
TABELA 2: INDICADORES DE ACESSO DEMOGRÁFICO,Contas IME (por 100 adultos),2024Q2,2024,Q2,94.48809314571005
TABELA 2: INDICADORES DE ACESSO DEMOGRÁFICO,Contas IME (por 100 adultos),2024Q3,2024,Q3,99.19005196383833
TABELA 2: INDICADORES DE ACESSO DEMOGRÁFICO,Contas IME (por 100 adultos),2024Q4,2024,Q4,109.34669693626793
TABELA 2: INDICADORES DE ACESSO DEMOGRÁFICO,Contas IME (por 100 adultos),2025Q1,2025,Q1,109.75732487003742
TABELA 2: INDICADORES DE ACESSO DEMOGRÁFICO,Contas IME (por 100 adultos),2025Q2,2025,Q2,118.68541439562432
TABELA 2: INDICADORES DE ACESSO DEMOGRÁFICO,Contas IME (por 100 adultos),2025Q3,2025,Q3,123.83455055178906
TABELA 2: INDICADORES DE ACESSO DEMOGRÁFICO,Contas IME com titular mulher (por 100 adultos),2020Q1,2020,Q1,41.40172279834985
TABELA 2: INDICADORES DE ACESSO DEMOGRÁFICO,Contas IME com titular mulher (por 100 adultos),2020Q2,2020,Q2,43.29798327581235
TABELA 2: INDICADORES DE ACESSO DEMOGRÁFICO,Contas IME com titular mulher (por 100 adultos),2020Q3,2020,Q3,45.20034073810757
TABELA 2: INDICADORES DE ACESSO DEMOGRÁFICO,Contas IME com titular mulher (por 100 adultos),2020,2020,,48.35543219455815
TABELA 2: INDICADORES DE ACESSO DEMOGRÁFICO,Contas IME com titular mulher (por 100 adultos),2021Q1,2021,Q1,47.73388151543284
TABELA 2: INDICADORES DE ACESSO DEMOGRÁFICO,Contas IME com titular mulher (por 100 adultos),2021Q2,2021,Q2,51.923160486977004
TABELA 2: INDICADORES DE ACESSO DEMOGRÁFICO,Contas IME com titular mulher (por 100 adultos),2021Q3,2021,Q3,57.42448589422953
TABELA 2: INDICADORES DE ACESSO DEMOGRÁFICO,Contas IME com titular mulher (por 100 adultos),2021,2021,,50.114981491489175
TABELA 2: INDICADORES DE ACESSO DEMOGRÁFICO,Contas IME com titular mulher (por 100 adultos),2022Q1,2022,Q1,51.1563665588931
TABELA 2: INDICADORES DE ACESSO DEMOGRÁFICO,Contas IME com titular mulher (por 100 adultos),2022Q2,2022,Q2,45.756641897115024
TABELA 2: INDICADORES DE ACESSO DEMOGRÁFICO,Contas IME com titular mulher (por 100 adultos),2022Q3,2022,Q3,44.71037678947419
TABELA 2: INDICADORES DE ACESSO DEMOGRÁFICO,Contas IME com titular mulher (por 100 adultos),2022,2022,,53.906991329467616
TABELA 2: INDICADORES DE ACESSO DEMOGRÁFICO,Contas IME com titular mulher (por 100 adultos),2023Q1,2023,Q1,62.800931909197686
TABELA 2: INDICADORES DE ACESSO DEMOGRÁFICO,Contas IME com titular mulher (por 100 adultos),2023Q2,2023,Q2,70.70938287018419
TABELA 2: INDICADORES DE ACESSO DEMOGRÁFICO,Contas IME com titular mulher (por 100 adultos),2023Q3,2023,Q3,77.23067359584208
TABELA 2: INDICADORES DE ACESSO DEMOGRÁFICO,Contas IME com titular mulher (por 100 adultos),2023Q4,2023,Q4,80.85850735974344
TABELA 2: INDICADORES DE ACESSO DEMOGRÁFICO,Contas IME com titular mulher (por 100 adultos),2024Q1,2024,Q1,79.97924421783324
TABELA 2: INDICADORES DE ACESSO DEMOGRÁFICO,Contas IME com titular mulher (por 100 adultos),2024Q2,2024,Q2,81.79459570208323
TABELA 2: INDICADORES DE ACESSO DEMOGRÁFICO,Contas IME com titular mulher (por 100 adultos),2024Q3,2024,Q3,83.96672515281118
TABELA 2: INDICADORES DE ACESSO DEMOGRÁFICO,Contas IME com titular mulher (por 100 adultos),2024Q4,2024,Q4,92.43239566205771
TABELA 2: INDICADORES DE ACESSO DEMOGRÁFICO,Contas IME com titular mulher (por 100 adultos),2025Q1,2025,Q1,95.40059622860568
TABELA 2: INDICADORES DE ACESSO DEMOGRÁFICO,Contas IME com titular mulher (por 100 adultos),2025Q2,2025,Q2,103.01065716581353
TABELA 2: INDICADORES DE ACESSO DEMOGRÁFICO,Contas IME com titular mulher (por 100 adultos),2025Q3,2025,Q3,107.38577109546934
TABELA 2: INDICADORES DE ACESSO DEMOGRÁFICO,Contas IME com titular homem (por 100 adultos),2020Q1,2020,Q1,72.18076155600286
TABELA 2: INDICADORES DE ACESSO DEMOGRÁFICO,Contas IME com titular homem (por 100 adultos),2020Q2,2020,Q2,75.48674778363994
TABELA 2: INDICADORES DE ACESSO DEMOGRÁFICO,Contas IME com titular homem (por 100 adultos),2020Q3,2020,Q3,78.80336364160823
TABELA 2: INDICADORES DE ACESSO DEMOGRÁFICO,Contas IME com titular homem (por 100 adultos),2020,2020,,84.3040261433754
TABELA 2: INDICADORES DE ACESSO DEMOGRÁFICO,Contas IME com titular homem (por 100 adultos),2021Q1,2021,Q1,83.09433156628555
TABELA 2: INDICADORES DE ACESSO DEMOGRÁFICO,Contas IME com titular homem (por 100 adultos),2021Q2,2021,Q2,90.38695736652795
TABELA 2: INDICADORES DE ACESSO DEMOGRÁFICO,Contas IME com titular homem (por 100 adultos),2021Q3,2021,Q3,99.96357135498972
TABELA 2: INDICADORES DE ACESSO DEMOGRÁFICO,Contas IME com titular homem (por 100 adultos),2021,2021,,85.87973289632306
TABELA 2: INDICADORES DE ACESSO DEMOGRÁFICO,Contas IME com titular homem (por 100 adultos),2022Q1,2022,Q1,86.54623099211372
TABELA 2: INDICADORES DE ACESSO DEMOGRÁFICO,Contas IME com titular homem (por 100 adultos),2022Q2,2022,Q2,75.22110823444594
TABELA 2: INDICADORES DE ACESSO DEMOGRÁFICO,Contas IME com titular homem (por 100 adultos),2022Q3,2022,Q3,71.45831765188359
TABELA 2: INDICADORES DE ACESSO DEMOGRÁFICO,Contas IME com titular homem (por 100 adultos),2022,2022,,84.75926423784763
TABELA 2: INDICADORES DE ACESSO DEMOGRÁFICO,Contas IME com titular homem (por 100 adultos),2023Q1,2023,Q1,87.66896444028065
TABELA 2: INDICADORES DE ACESSO DEMOGRÁFICO,Contas IME com titular homem (por 100 adultos),2023Q2,2023,Q2,96.31226204929337
TABELA 2: INDICADORES DE ACESSO DEMOGRÁFICO,Contas IME com titular homem (por 100 adultos),2023Q3,2023,Q3,103.0731031718903
TABELA 2: INDICADORES DE ACESSO DEMOGRÁFICO,Contas IME com titular homem (por 100 adultos),2023Q4,2023,Q4,105.65699737149188
TABELA 2: INDICADORES DE ACESSO DEMOGRÁFICO,Contas IME com titular homem (por 100 adultos),2024Q1,2024,Q1,103.14698008900693
TABELA 2: INDICADORES DE ACESSO DEMOGRÁFICO,Contas IME com titular homem (por 100 adultos),2024Q2,2024,Q2,105.84380432120106
TABELA 2: INDICADORES DE ACESSO DEMOGRÁFICO,Contas IME com titular homem (por 100 adultos),2024Q3,2024,Q3,112.41386539090719
TABELA 2: INDICADORES DE ACESSO DEMOGRÁFICO,Contas IME com titular homem (por 100 adultos),2024Q4,2024,Q4,123.63763384726896
TABELA 2: INDICADORES DE ACESSO DEMOGRÁFICO,Contas IME com titular homem (por 100 adultos),2025Q1,2025,Q1,125.67896978220668
TABELA 2: INDICADORES DE ACESSO DEMOGRÁFICO,Contas IME com titular homem (por 100 adultos),2025Q2,2025,Q2,136.07029293024559
TABELA 2: INDICADORES DE ACESSO DEMOGRÁFICO,Contas IME com titular homem (por 100 adultos),2025Q3,2025,Q3,142.08755936540643
TABELA 2: INDICADORES DE ACESSO DEMOGRÁFICO,Cartões bancários (por 100 adultos),2020Q1,2020,Q1,19.198343088397067
TABELA 2: INDICADORES DE ACESSO DEMOGRÁFICO,Cartões bancários (por 100 adultos),2020Q2,2020,Q2,20.22887582859913
TABELA 2: INDICADORES DE ACESSO DEMOGRÁFICO,Cartões bancários (por 100 adultos),2020Q3,2020,Q3,19.207697945394916
TABELA 2: INDICADORES DE ACESSO DEMOGRÁFICO,Cartões bancários (por 100 adultos),2020,2020,,19.33110382970204
TABELA 2: INDICADORES DE ACESSO DEMOGRÁFICO,Cartões bancários (por 100 adultos),2021Q1,2021,Q1,19.280519742273416
TABELA 2: INDICADORES DE ACESSO DEMOGRÁFICO,Cartões bancários (por 100 adultos),2021Q2,2021,Q2,19.1102107165051
TABELA 2: INDICADORES DE ACESSO DEMOGRÁFICO,Cartões bancários (por 100 adultos),2021Q3,2021,Q3,19.415504632436004
TABELA 2: INDICADORES DE ACESSO DEMOGRÁFICO,Cartões bancários (por 100 adultos),2021,2021,,19.403074900893568
TABELA 2: INDICADORES DE ACESSO DEMOGRÁFICO,Cartões bancários (por 100 adultos),2022Q1,2022,Q1,18.879991238969854
TABELA 2: INDICADORES DE ACESSO DEMOGRÁFICO,Cartões bancários (por 100 adultos),2022Q2,2022,Q2,18.81101421449562
TABELA 2: INDICADORES DE ACESSO DEMOGRÁFICO,Cartões bancários (por 100 adultos),2022Q3,2022,Q3,17.868129029381514
TABELA 2: INDICADORES DE ACESSO DEMOGRÁFICO,Cartões bancários (por 100 adultos),2022,2022,,17.521451251313895
TABELA 2: INDICADORES DE ACESSO DEMOGRÁFICO,Cartões bancários (por 100 adultos),2023Q1,2023,Q1,19.365373410653408
TABELA 2: INDICADORES DE ACESSO DEMOGRÁFICO,Cartões bancários (por 100 adultos),2023Q2,2023,Q2,18.439389509022167
TABELA 2: INDICADORES DE ACESSO DEMOGRÁFICO,Cartões bancários (por 100 adultos),2023Q3,2023,Q3,21.110919823030915
TABELA 2: INDICADORES DE ACESSO DEMOGRÁFICO,Cartões bancários (por 100 adultos),2023Q4,2023,Q4,18.32796296978294
TABELA 2: INDICADORES DE ACESSO DEMOGRÁFICO,Cartões bancários (por 100 adultos),2024Q1,2024,Q1,18.447649638749315
TABELA 2: INDICADORES DE ACESSO DEMOGRÁFICO,Cartões bancários (por 100 adultos),2024Q2,2024,Q2,18.980635961339573
TABELA 2: INDICADORES DE ACESSO DEMOGRÁFICO,Cartões bancários (por 100 adultos),2024Q3,2024,Q3,17.03080922765419
TABELA 2: INDICADORES DE ACESSO DEMOGRÁFICO,Cartões bancários (por 100 adultos),2024Q4,2024,Q4,16.858249379754334
TABELA 2: INDICADORES DE ACESSO DEMOGRÁFICO,Cartões bancários (por 100 adultos),2025Q1,2025,Q1,17.082107637467022
TABELA 2: INDICADORES DE ACESSO DEMOGRÁFICO,Cartões bancários (por 100 adultos),2025Q2,2025,Q2,17.49168998600065
TABELA 2: INDICADORES DE ACESSO DEMOGRÁFICO,Cartões bancários (por 100 adultos),2025Q3,2025,Q3,18.061215510924498
TABELA 2: INDICADORES DE ACESSO DEMOGRÁFICO,Cartões bancários com titular mulher (por 100 adultos),2020Q1,2020,Q1,12.65526409414168
TABELA 2: INDICADORES DE ACESSO DEMOGRÁFICO,Cartões bancários com titular mulher (por 100 adultos),2020Q2,2020,Q2,13.171474390761666
TABELA 2: INDICADORES DE ACESSO DEMOGRÁFICO,Cartões bancários com titular mulher (por 100 adultos),2020Q3,2020,Q3,12.434312833093685
TABELA 2: INDICADORES DE ACESSO DEMOGRÁFICO,Cartões bancários com titular mulher (por 100 adultos),2020,2020,,12.350075953070874
TABELA 2: INDICADORES DE ACESSO DEMOGRÁFICO,Cartões bancários com titular mulher (por 100 adultos),2021Q1,2021,Q1,21.73512262643667
TABELA 2: INDICADORES DE ACESSO DEMOGRÁFICO,Cartões bancários com titular mulher (por 100 adultos),2021Q2,2021,Q2,20.97845817761091
TABELA 2: INDICADORES DE ACESSO DEMOGRÁFICO,Cartões bancários com titular mulher (por 100 adultos),2021Q3,2021,Q3,12.171064593661928
TABELA 2: INDICADORES DE ACESSO DEMOGRÁFICO,Cartões bancários com titular mulher (por 100 adultos),2021,2021,,12.088193038678174
TABELA 2: INDICADORES DE ACESSO DEMOGRÁFICO,Cartões bancários com titular mulher (por 100 adultos),2022Q1,2022,Q1,11.541025703535759
TABELA 2: INDICADORES DE ACESSO DEMOGRÁFICO,Cartões bancários com titular mulher (por 100 adultos),2022Q2,2022,Q2,11.489244821505482
TABELA 2: INDICADORES DE ACESSO DEMOGRÁFICO,Cartões bancários com titular mulher (por 100 adultos),2022Q3,2022,Q3,10.931107806409496
TABELA 2: INDICADORES DE ACESSO DEMOGRÁFICO,Cartões bancários com titular mulher (por 100 adultos),2022,2022,,11.044648685839354
TABELA 2: INDICADORES DE ACESSO DEMOGRÁFICO,Cartões bancários com titular mulher (por 100 adultos),2023Q1,2023,Q1,11.875685895413286
TABELA 2: INDICADORES DE ACESSO DEMOGRÁFICO,Cartões bancários com titular mulher (por 100 adultos),2023Q2,2023,Q2,11.606742442868507
TABELA 2: INDICADORES DE ACESSO DEMOGRÁFICO,Cartões bancários com titular mulher (por 100 adultos),2023Q3,2023,Q3,13.42520577122135
TABELA 2: INDICADORES DE ACESSO DEMOGRÁFICO,Cartões bancários com titular mulher (por 100 adultos),2023Q4,2023,Q4,12.408331226848086
TABELA 2: INDICADORES DE ACESSO DEMOGRÁFICO,Cartões bancários com titular mulher (por 100 adultos),2024Q1,2024,Q1,12.594743049510695
TABELA 2: INDICADORES DE ACESSO DEMOGRÁFICO,Cartões bancários com titular mulher (por 100 adultos),2024Q2,2024,Q2,12.718737185172163
TABELA 2: INDICADORES DE ACESSO DEMOGRÁFICO,Cartões bancários com titular mulher (por 100 adultos),2024Q3,2024,Q3,11.581218284645546
TABELA 2: INDICADORES DE ACESSO DEMOGRÁFICO,Cartões bancários com titular mulher (por 100 adultos),2024Q4,2024,Q4,11.513557512112175
TABELA 2: INDICADORES DE ACESSO DEMOGRÁFICO,Cartões bancários com titular mulher (por 100 adultos),2025Q1,2025,Q1,11.634203071347933
TABELA 2: INDICADORES DE ACESSO DEMOGRÁFICO,Cartões bancários com titular mulher (por 100 adultos),2025Q2,2025,Q2,11.944590483030447
TABELA 2: INDICADORES DE ACESSO DEMOGRÁFICO,Cartões bancários com titular mulher (por 100 adultos),2025Q3,2025,Q3,12.341143920244155
TABELA 2: INDICADORES DE ACESSO DEMOGRÁFICO,Cartões bancários com titular homem (por 100 adultos),2020Q1,2020,Q1,24.664370623378446
TABELA 2: INDICADORES DE ACESSO DEMOGRÁFICO,Cartões bancários com titular homem (por 100 adultos),2020Q2,2020,Q2,25.963576151724975
TABELA 2: INDICADORES DE ACESSO DEMOGRÁFICO,Cartões bancários com titular homem (por 100 adultos),2020Q3,2020,Q3,24.2546821222536
TABELA 2: INDICADORES DE ACESSO DEMOGRÁFICO,Cartões bancários com titular homem (por 100 adultos),2020,2020,,24.446618659887147
TABELA 2: INDICADORES DE ACESSO DEMOGRÁFICO,Cartões bancários com titular homem (por 100 adultos),2021Q1,2021,Q1,13.683429115504051
TABELA 2: INDICADORES DE ACESSO DEMOGRÁFICO,Cartões bancários com titular homem (por 100 adultos),2021Q2,2021,Q2,13.356340088671178
TABELA 2: INDICADORES DE ACESSO DEMOGRÁFICO,Cartões bancários com titular homem (por 100 adultos),2021Q3,2021,Q3,23.906559470083252
TABELA 2: INDICADORES DE ACESSO DEMOGRÁFICO,Cartões bancários com titular homem (por 100 adultos),2021,2021,,23.322407193500673
TABELA 2: INDICADORES DE ACESSO DEMOGRÁFICO,Cartões bancários com titular homem (por 100 adultos),2022Q1,2022,Q1,23.605947887180427
TABELA 2: INDICADORES DE ACESSO DEMOGRÁFICO,Cartões bancários com titular homem (por 100 adultos),2022Q2,2022,Q2,23.409313509326097
TABELA 2: INDICADORES DE ACESSO DEMOGRÁFICO,Cartões bancários com titular homem (por 100 adultos),2022Q3,2022,Q3,21.868617410172952
TABELA 2: INDICADORES DE ACESSO DEMOGRÁFICO,Cartões bancários com titular homem (por 100 adultos),2022,2022,,22.07058507504094
TABELA 2: INDICADORES DE ACESSO DEMOGRÁFICO,Cartões bancários com titular homem (por 100 adultos),2023Q1,2023,Q1,23.829055484983968
TABELA 2: INDICADORES DE ACESSO DEMOGRÁFICO,Cartões bancários com titular homem (por 100 adultos),2023Q2,2023,Q2,23.175237803368734
TABELA 2: INDICADORES DE ACESSO DEMOGRÁFICO,Cartões bancários com titular homem (por 100 adultos),2023Q3,2023,Q3,26.19502822994142
TABELA 2: INDICADORES DE ACESSO DEMOGRÁFICO,Cartões bancários com titular homem (por 100 adultos),2023Q4,2023,Q4,24.00673039521918
TABELA 2: INDICADORES DE ACESSO DEMOGRÁFICO,Cartões bancários com titular homem (por 100 adultos),2024Q1,2024,Q1,23.87739544181993
TABELA 2: INDICADORES DE ACESSO DEMOGRÁFICO,Cartões bancários com titular homem (por 100 adultos),2024Q2,2024,Q2,24.47460145478474
TABELA 2: INDICADORES DE ACESSO DEMOGRÁFICO,Cartões bancários com titular homem (por 100 adultos),2024Q3,2024,Q3,21.917139298140718
TABELA 2: INDICADORES DE ACESSO DEMOGRÁFICO,Cartões bancários com titular homem (por 100 adultos),2024Q4,2024,Q4,21.701123538597532
TABELA 2: INDICADORES DE ACESSO DEMOGRÁFICO,Cartões bancários com titular homem (por 100 adultos),2025Q1,2025,Q1,21.443168845139745
TABELA 2: INDICADORES DE ACESSO DEMOGRÁFICO,Cartões bancários com titular homem (por 100 adultos),2025Q2,2025,Q2,22.32230095424495
TABELA 2: INDICADORES DE ACESSO DEMOGRÁFICO,Cartões bancários com titular homem (por 100 adultos),2025Q3,2025,Q3,22.957472234507005
TABELA 2: INDICADORES DE ACESSO DEMOGRÁFICO,Cartões de débito (por 100 adultos),2020Q1,2020,Q1,17.648827085515848
TABELA 2: INDICADORES DE ACESSO DEMOGRÁFICO,Cartões de débito (por 100 adultos),2020Q2,2020,Q2,18.513444896531396
TABELA 2: INDICADORES DE ACESSO DEMOGRÁFICO,Cartões de débito (por 100 adultos),2020Q3,2020,Q3,17.460366741167206
TABELA 2: INDICADORES DE ACESSO DEMOGRÁFICO,Cartões de débito (por 100 adultos),2020,2020,,17.597971842305775
TABELA 2: INDICADORES DE ACESSO DEMOGRÁFICO,Cartões de débito (por 100 adultos),2021Q1,2021,Q1,17.40542522880033
TABELA 2: INDICADORES DE ACESSO DEMOGRÁFICO,Cartões de débito (por 100 adultos),2021Q2,2021,Q2,16.837529037413198
TABELA 2: INDICADORES DE ACESSO DEMOGRÁFICO,Cartões de débito (por 100 adultos),2021Q3,2021,Q3,17.149615605126144
TABELA 2: INDICADORES DE ACESSO DEMOGRÁFICO,Cartões de débito (por 100 adultos),2021,2021,,17.175360811232675
TABELA 2: INDICADORES DE ACESSO DEMOGRÁFICO,Cartões de débito (por 100 adultos),2022Q1,2022,Q1,16.565121148476365
TABELA 2: INDICADORES DE ACESSO DEMOGRÁFICO,Cartões de débito (por 100 adultos),2022Q2,2022,Q2,16.541966012397133
TABELA 2: INDICADORES DE ACESSO DEMOGRÁFICO,Cartões de débito (por 100 adultos),2022Q3,2022,Q3,15.454605418669567
TABELA 2: INDICADORES DE ACESSO DEMOGRÁFICO,Cartões de débito (por 100 adultos),2022,2022,,15.330825990244046
TABELA 2: INDICADORES DE ACESSO DEMOGRÁFICO,Cartões de débito (por 100 adultos),2023Q1,2023,Q1,17.04613718998226
TABELA 2: INDICADORES DE ACESSO DEMOGRÁFICO,Cartões de débito (por 100 adultos),2023Q2,2023,Q2,16.30968391468887
TABELA 2: INDICADORES DE ACESSO DEMOGRÁFICO,Cartões de débito (por 100 adultos),2023Q3,2023,Q3,18.975989549754697
TABELA 2: INDICADORES DE ACESSO DEMOGRÁFICO,Cartões de débito (por 100 adultos),2023Q4,2023,Q4,17.311197185817093
TABELA 2: INDICADORES DE ACESSO DEMOGRÁFICO,Cartões de débito (por 100 adultos),2024Q1,2024,Q1,17.36406349380332
TABELA 2: INDICADORES DE ACESSO DEMOGRÁFICO,Cartões de débito (por 100 adultos),2024Q2,2024,Q2,17.818605250589098
TABELA 2: INDICADORES DE ACESSO DEMOGRÁFICO,Cartões de débito (por 100 adultos),2024Q3,2024,Q3,15.988781522598478
TABELA 2: INDICADORES DE ACESSO DEMOGRÁFICO,Cartões de débito (por 100 adultos),2024Q4,2024,Q4,15.950974849142597
TABELA 2: INDICADORES DE ACESSO DEMOGRÁFICO,Cartões de débito (por 100 adultos),2025Q1,2025,Q1,15.904494611207017
TABELA 2: INDICADORES DE ACESSO DEMOGRÁFICO,Cartões de débito (por 100 adultos),2025Q2,2025,Q2,16.289119807241757
TABELA 2: INDICADORES DE ACESSO DEMOGRÁFICO,Cartões de débito (por 100 adultos),2025Q3,2025,Q3,16.804434658270846
TABELA 2: INDICADORES DE ACESSO DEMOGRÁFICO,Cartões de crédito (por 100 adultos),2020Q1,2020,Q1,0.7499015031437292
TABELA 2: INDICADORES DE ACESSO DEMOGRÁFICO,Cartões de crédito (por 100 adultos),2020Q2,2020,Q2,0.7930464548091583
TABELA 2: INDICADORES DE ACESSO DEMOGRÁFICO,Cartões de crédito (por 100 adultos),2020Q3,2020,Q3,0.7343477753024957
TABELA 2: INDICADORES DE ACESSO DEMOGRÁFICO,Cartões de crédito (por 100 adultos),2020,2020,,0.7512632108341095
TABELA 2: INDICADORES DE ACESSO DEMOGRÁFICO,Cartões de crédito (por 100 adultos),2021Q1,2021,Q1,0.8691016113835928
TABELA 2: INDICADORES DE ACESSO DEMOGRÁFICO,Cartões de crédito (por 100 adultos),2021Q2,2021,Q2,0.9098985830106041
TABELA 2: INDICADORES DE ACESSO DEMOGRÁFICO,Cartões de crédito (por 100 adultos),2021Q3,2021,Q3,0.9089952424454626
TABELA 2: INDICADORES DE ACESSO DEMOGRÁFICO,Cartões de crédito (por 100 adultos),2021,2021,,0.6814824686819452
TABELA 2: INDICADORES DE ACESSO DEMOGRÁFICO,Cartões de crédito (por 100 adultos),2022Q1,2022,Q1,0.712436997058091
TABELA 2: INDICADORES DE ACESSO DEMOGRÁFICO,Cartões de crédito (por 100 adultos),2022Q2,2022,Q2,0.6182938445374506
TABELA 2: INDICADORES DE ACESSO DEMOGRÁFICO,Cartões de crédito (por 100 adultos),2022Q3,2022,Q3,0.7049101414095077
TABELA 2: INDICADORES DE ACESSO DEMOGRÁFICO,Cartões de crédito (por 100 adultos),2022,2022,,0.6750785119992444
TABELA 2: INDICADORES DE ACESSO DEMOGRÁFICO,Cartões de crédito (por 100 adultos),2023Q1,2023,Q1,0.6407386875572488
TABELA 2: INDICADORES DE ACESSO DEMOGRÁFICO,Cartões de crédito (por 100 adultos),2023Q2,2023,Q2,0.5994348472552354
TABELA 2: INDICADORES DE ACESSO DEMOGRÁFICO,Cartões de crédito (por 100 adultos),2023Q3,2023,Q3,0.6898406506200618
TABELA 2: INDICADORES DE ACESSO DEMOGRÁFICO,Cartões de crédito (por 100 adultos),2023Q4,2023,Q4,0.5334441571672167
TABELA 2: INDICADORES DE ACESSO DEMOGRÁFICO,Cartões de crédito (por 100 adultos),2024Q1,2024,Q1,0.5788424350152308
TABELA 2: INDICADORES DE ACESSO DEMOGRÁFICO,Cartões de crédito (por 100 adultos),2024Q2,2024,Q2,0.5868062416548618
TABELA 2: INDICADORES DE ACESSO DEMOGRÁFICO,Cartões de crédito (por 100 adultos),2024Q3,2024,Q3,0.5528209109010598
TABELA 2: INDICADORES DE ACESSO DEMOGRÁFICO,Cartões de crédito (por 100 adultos),2024Q4,2024,Q4,0.5454137144029082
TABELA 2: INDICADORES DE ACESSO DEMOGRÁFICO,Cartões de crédito (por 100 adultos),2025Q1,2025,Q1,0.5246114290642127
TABELA 2: INDICADORES DE ACESSO DEMOGRÁFICO,Cartões de crédito (por 100 adultos),2025Q2,2025,Q2,0.5195714578581465
TABELA 2: INDICADORES DE ACESSO DEMOGRÁFICO,Cartões de crédito (por 100 adultos),2025Q3,2025,Q3,0.5251433112714101
TABELA 2: INDICADORES DE ACESSO DEMOGRÁFICO,Agências bancárias (por 100 mil adultos),2020Q1,2020,Q1,4.10933120785893
TABELA 2: INDICADORES DE ACESSO DEMOGRÁFICO,Agências bancárias (por 100 mil adultos),2020Q2,2020,Q2,4.085123071141057
TABELA 2: INDICADORES DE ACESSO DEMOGRÁFICO,Agências bancárias (por 100 mil adultos),2020Q3,2020,Q3,4.139591378756271
TABELA 2: INDICADORES DE ACESSO DEMOGRÁFICO,Agências bancárias (por 100 mil adultos),2020,2020,,4.139591378756271
TABELA 2: INDICADORES DE ACESSO DEMOGRÁFICO,Agências bancárias (por 100 mil adultos),2021Q1,2021,Q1,3.947715586625257
TABELA 2: INDICADORES DE ACESSO DEMOGRÁFICO,Agências bancárias (por 100 mil adultos),2021Q2,2021,Q2,3.9535814344508515
TABELA 2: INDICADORES DE ACESSO DEMOGRÁFICO,Agências bancárias (por 100 mil adultos),2021Q3,2021,Q3,4.440446803975215
TABELA 2: INDICADORES DE ACESSO DEMOGRÁFICO,Agências bancárias (por 100 mil adultos),2021,2021,,4.422849260498431
TABELA 2: INDICADORES DE ACESSO DEMOGRÁFICO,Agências bancárias (por 100 mil adultos),2022Q1,2022,Q1,4.263302970418998
TABELA 2: INDICADORES DE ACESSO DEMOGRÁFICO,Agências bancárias (por 100 mil adultos),2022Q2,2022,Q2,4.263302970418998
TABELA 2: INDICADORES DE ACESSO DEMOGRÁFICO,Agências bancárias (por 100 mil adultos),2022Q3,2022,Q3,4.27479435308859
TABELA 2: INDICADORES DE ACESSO DEMOGRÁFICO,Agências bancárias (por 100 mil adultos),2022,2022,,4.27479435308859
TABELA 2: INDICADORES DE ACESSO DEMOGRÁFICO,Agências bancárias (por 100 mil adultos),2023Q1,2023,Q1,4.0821272985884764
TABELA 2: INDICADORES DE ACESSO DEMOGRÁFICO,Agências bancárias (por 100 mil adultos),2023Q2,2023,Q2,4.010024284218985
TABELA 2: INDICADORES DE ACESSO DEMOGRÁFICO,Agências bancárias (por 100 mil adultos),2023Q3,2023,Q3,4.054395230655709
TABELA 2: INDICADORES DE ACESSO DEMOGRÁFICO,Agências bancárias (por 100 mil adultos),2023Q4,2023,Q4,4.054395230655709
TABELA 2: INDICADORES DE ACESSO DEMOGRÁFICO,Agências bancárias (por 100 mil adultos),2024Q1,2024,Q1,3.9123270521306073
TABELA 2: INDICADORES DE ACESSO DEMOGRÁFICO,Agências bancárias (por 100 mil adultos),2024Q2,2024,Q2,3.9123270521306073
TABELA 2: INDICADORES DE ACESSO DEMOGRÁFICO,Agências bancárias (por 100 mil adultos),2024Q3,2024,Q3,3.9123270521306073
TABELA 2: INDICADORES DE ACESSO DEMOGRÁFICO,Agências bancárias (por 100 mil adultos),2024Q4,2024,Q4,3.923031093312907
TABELA 2: INDICADORES DE ACESSO DEMOGRÁFICO,Agências bancárias (por 100 mil adultos),2025Q1,2025,Q1,3.774814499625359
TABELA 2: INDICADORES DE ACESSO DEMOGRÁFICO,Agências bancárias (por 100 mil adultos),2025Q2,2025,Q2,3.774814499625359
TABELA 2: INDICADORES DE ACESSO DEMOGRÁFICO,Agências bancárias (por 100 mil adultos),2025Q3,2025,Q3,3.7644866897768625
TABELA 2: INDICADORES DE ACESSO DEMOGRÁFICO,Urbano (por 100 mil adultos),2020Q1,2020,Q1,7.35692617815042
TABELA 2: INDICADORES DE ACESSO DEMOGRÁFICO,Urbano (por 100 mil adultos),2020Q2,2020,Q2,7.35692617815042
TABELA 2: INDICADORES DE ACESSO DEMOGRÁFICO,Urbano (por 100 mil adultos),2020Q3,2020,Q3,7.455018527192425
TABELA 2: INDICADORES DE ACESSO DEMOGRÁFICO,Urbano (por 100 mil adultos),2020,2020,,7.373274902990754
TABELA 2: INDICADORES DE ACESSO DEMOGRÁFICO,Urbano (por 100 mil adultos),2021Q1,2021,Q1,6.902053894374105
TABELA 2: INDICADORES DE ACESSO DEMOGRÁFICO,Urbano (por 100 mil adultos),2021Q2,2021,Q2,6.980486324991992
TABELA 2: INDICADORES DE ACESSO DEMOGRÁFICO,Urbano (por 100 mil adultos),2021Q3,2021,Q3,6.415772824543202
TABELA 2: INDICADORES DE ACESSO DEMOGRÁFICO,Urbano (por 100 mil adultos),2021,2021,,7.670691714429403
TABELA 2: INDICADORES DE ACESSO DEMOGRÁFICO,Urbano (por 100 mil adultos),2022Q1,2022,Q1,7.498199495763288
TABELA 2: INDICADORES DE ACESSO DEMOGRÁFICO,Urbano (por 100 mil adultos),2022Q2,2022,Q2,7.513564658664442
TABELA 2: INDICADORES DE ACESSO DEMOGRÁFICO,Urbano (por 100 mil adultos),2022Q3,2022,Q3,7.544294984466751
TABELA 2: INDICADORES DE ACESSO DEMOGRÁFICO,Urbano (por 100 mil adultos),2022,2022,,7.544294984466751
TABELA 2: INDICADORES DE ACESSO DEMOGRÁFICO,Urbano (por 100 mil adultos),2023Q1,2023,Q1,7.1787519621056815
TABELA 2: INDICADORES DE ACESSO DEMOGRÁFICO,Urbano (por 100 mil adultos),2023Q2,2023,Q2,6.882108298280067
TABELA 2: INDICADORES DE ACESSO DEMOGRÁFICO,Urbano (por 100 mil adultos),2023Q3,2023,Q3,6.985933207952395
TABELA 2: INDICADORES DE ACESSO DEMOGRÁFICO,Urbano (por 100 mil adultos),2023Q4,2023,Q4,7.015597467858774
TABELA 2: INDICADORES DE ACESSO DEMOGRÁFICO,Urbano (por 100 mil adultos),2024Q1,2024,Q1,7.981132062710054
TABELA 2: INDICADORES DE ACESSO DEMOGRÁFICO,Urbano (por 100 mil adultos),2024Q2,2024,Q2,7.981132062710054
TABELA 2: INDICADORES DE ACESSO DEMOGRÁFICO,Urbano (por 100 mil adultos),2024Q3,2024,Q3,7.981132062710054
TABELA 2: INDICADORES DE ACESSO DEMOGRÁFICO,Urbano (por 100 mil adultos),2024Q4,2024,Q4,7.981132062710054
TABELA 2: INDICADORES DE ACESSO DEMOGRÁFICO,Urbano (por 100 mil adultos),2025Q1,2025,Q1,6.439912613660365
TABELA 2: INDICADORES DE ACESSO DEMOGRÁFICO,Urbano (por 100 mil adultos),2025Q2,2025,Q2,6.439912613660365
TABELA 2: INDICADORES DE ACESSO DEMOGRÁFICO,Urbano (por 100 mil adultos),2025Q3,2025,Q3,6.412624848348243
TABELA 2: INDICADORES DE ACESSO DEMOGRÁFICO,Rural (por 100 mil adultos),2020Q1,2020,Q1,2.2005086153755973
TABELA 2: INDICADORES DE ACESSO DEMOGRÁFICO,Rural (por 100 mil adultos),2020Q2,2020,Q2,2.16207178366598
TABELA 2: INDICADORES DE ACESSO DEMOGRÁFICO,Rural (por 100 mil adultos),2020Q3,2020,Q3,2.1908994074481933
TABELA 2: INDICADORES DE ACESSO DEMOGRÁFICO,Rural (por 100 mil adultos),2020,2020,,2.238945447085215
TABELA 2: INDICADORES DE ACESSO DEMOGRÁFICO,Rural (por 100 mil adultos),2021Q1,2021,Q1,2.1830951604621793
TABELA 2: INDICADORES DE ACESSO DEMOGRÁFICO,Rural (por 100 mil adultos),2021Q2,2021,Q2,2.1456171319563904
TABELA 2: INDICADORES DE ACESSO DEMOGRÁFICO,Rural (por 100 mil adultos),2021Q3,2021,Q3,3.2605884800035976
TABELA 2: INDICADORES DE ACESSO DEMOGRÁFICO,Rural (por 100 mil adultos),2021,2021,,2.482919388508487
TABELA 2: INDICADORES DE ACESSO DEMOGRÁFICO,Rural (por 100 mil adultos),2022Q1,2022,Q1,2.3311056759608104
TABELA 2: INDICADORES DE ACESSO DEMOGRÁFICO,Rural (por 100 mil adultos),2022Q2,2022,Q2,2.32192809455939
TABELA 2: INDICADORES DE ACESSO DEMOGRÁFICO,Rural (por 100 mil adultos),2022Q3,2022,Q3,2.32192809455939
TABELA 2: INDICADORES DE ACESSO DEMOGRÁFICO,Rural (por 100 mil adultos),2022,2022,,2.32192809455939
TABELA 2: INDICADORES DE ACESSO DEMOGRÁFICO,Rural (por 100 mil adultos),2023Q1,2023,Q1,2.232519373307006
TABELA 2: INDICADORES DE ACESSO DEMOGRÁFICO,Rural (por 100 mil adultos),2023Q2,2023,Q2,2.294533597065903
TABELA 2: INDICADORES DE ACESSO DEMOGRÁFICO,Rural (por 100 mil adultos),2023Q3,2023,Q3,2.3033928001433774
TABELA 2: INDICADORES DE ACESSO DEMOGRÁFICO,Rural (por 100 mil adultos),2023Q4,2023,Q4,2.2856743939884283
TABELA 2: INDICADORES DE ACESSO DEMOGRÁFICO,Rural (por 100 mil adultos),2024Q1,2024,Q1,2.0280983234596004
TABELA 2: INDICADORES DE ACESSO DEMOGRÁFICO,Rural (por 100 mil adultos),2024Q2,2024,Q2,2.0280983234596004
TABELA 2: INDICADORES DE ACESSO DEMOGRÁFICO,Rural (por 100 mil adultos),2024Q3,2024,Q3,2.0280983234596004
TABELA 2: INDICADORES DE ACESSO DEMOGRÁFICO,Rural (por 100 mil adultos),2024Q4,2024,Q4,2.0437593143743467
TABELA 2: INDICADORES DE ACESSO DEMOGRÁFICO,Rural (por 100 mil adultos),2025Q1,2025,Q1,2.151895936638878
TABELA 2: INDICADORES DE ACESSO DEMOGRÁFICO,Rural (por 100 mil adultos),2025Q2,2025,Q2,2.151895936638878
TABELA 2: INDICADORES DE ACESSO DEMOGRÁFICO,Rural (por 100 mil adultos),2025Q3,2025,Q3,2.151895936638878
TABELA 2: INDICADORES DE ACESSO DEMOGRÁFICO,Agentes bancários (por 100 mil adultos),2020Q1,2020,Q1,6.185178931416533
TABELA 2: INDICADORES DE ACESSO DEMOGRÁFICO,Agentes bancários (por 100 mil adultos),2020Q2,2020,Q2,6.185178931416533
TABELA 2: INDICADORES DE ACESSO DEMOGRÁFICO,Agentes bancários (por 100 mil adultos),2020Q3,2020,Q3,6.22754317067281
TABELA 2: INDICADORES DE ACESSO DEMOGRÁFICO,Agentes bancários (por 100 mil adultos),2020,2020,,8.152090039743708
TABELA 2: INDICADORES DE ACESSO DEMOGRÁFICO,Agentes bancários (por 100 mil adultos),2021Q1,2021,Q1,7.959955499332056
TABELA 2: INDICADORES DE ACESSO DEMOGRÁFICO,Agentes bancários (por 100 mil adultos),2021Q2,2021,Q2,8.012748129762409
TABELA 2: INDICADORES DE ACESSO DEMOGRÁFICO,Agentes bancários (por 100 mil adultos),2021Q3,2021,Q3,7.971687194983246
TABELA 2: INDICADORES DE ACESSO DEMOGRÁFICO,Agentes bancários (por 100 mil adultos),2021,2021,,6.446566760328614
TABELA 2: INDICADORES DE ACESSO DEMOGRÁFICO,Agentes bancários (por 100 mil adultos),2022Q1,2022,Q1,6.596053652346373
TABELA 2: INDICADORES DE ACESSO DEMOGRÁFICO,Agentes bancários (por 100 mil adultos),2022Q2,2022,Q2,12.881839972613736
TABELA 2: INDICADORES DE ACESSO DEMOGRÁFICO,Agentes bancários (por 100 mil adultos),2022Q3,2022,Q3,12.881839972613736
TABELA 2: INDICADORES DE ACESSO DEMOGRÁFICO,Agentes bancários (por 100 mil adultos),2022,2022,,12.881839972613736
TABELA 2: INDICADORES DE ACESSO DEMOGRÁFICO,Agentes bancários (por 100 mil adultos),2023Q1,2023,Q1,10.421626622347484
TABELA 2: INDICADORES DE ACESSO DEMOGRÁFICO,Agentes bancários (por 100 mil adultos),2023Q2,2023,Q2,8.8852820239541
TABELA 2: INDICADORES DE ACESSO DEMOGRÁFICO,Agentes bancários (por 100 mil adultos),2023Q3,2023,Q3,5.563007409504346
TABELA 2: INDICADORES DE ACESSO DEMOGRÁFICO,Agentes bancários (por 100 mil adultos),2023Q4,2023,Q4,5.563007409504346
TABELA 2: INDICADORES DE ACESSO DEMOGRÁFICO,Agentes bancários (por 100 mil adultos),2024Q1,2024,Q1,5.45906100297294
TABELA 2: INDICADORES DE ACESSO DEMOGRÁFICO,Agentes bancários (por 100 mil adultos),2024Q2,2024,Q2,5.45906100297294
TABELA 2: INDICADORES DE ACESSO DEMOGRÁFICO,Agentes bancários (por 100 mil adultos),2024Q3,2024,Q3,5.45906100297294
TABELA 2: INDICADORES DE ACESSO DEMOGRÁFICO,Agentes bancários (por 100 mil adultos),2024Q4,2024,Q4,5.45906100297294
TABELA 2: INDICADORES DE ACESSO DEMOGRÁFICO,Agentes bancários (por 100 mil adultos),2025Q1,2025,Q1,5.267183022733058
TABELA 2: INDICADORES DE ACESSO DEMOGRÁFICO,Agentes bancários (por 100 mil adultos),2025Q2,2025,Q2,5.267183022733058
TABELA 2: INDICADORES DE ACESSO DEMOGRÁFICO,Agentes bancários (por 100 mil adultos),2025Q3,2025,Q3,1.549171477274429
TABELA 2: INDICADORES DE ACESSO DEMOGRÁFICO,Urbano (por 100 mil adultos),2020Q1,2020,Q1,13.781975040401786
TABELA 2: INDICADORES DE ACESSO DEMOGRÁFICO,Urbano (por 100 mil adultos),2020Q2,2020,Q2,13.781975040401786
TABELA 2: INDICADORES DE ACESSO DEMOGRÁFICO,Urbano (por 100 mil adultos),2020Q3,2020,Q3,13.458270288563167
TABELA 2: INDICADORES DE ACESSO DEMOGRÁFICO,Urbano (por 100 mil adultos),2020,2020,,15.923657994485575
TABELA 2: INDICADORES DE ACESSO DEMOGRÁFICO,Urbano (por 100 mil adultos),2021Q1,2021,Q1,15.39206463718086
TABELA 2: INDICADORES DE ACESSO DEMOGRÁFICO,Urbano (por 100 mil adultos),2021Q2,2021,Q2,15.655113151330356
TABELA 2: INDICADORES DE ACESSO DEMOGRÁFICO,Urbano (por 100 mil adultos),2021Q3,2021,Q3,13.97665913610756
TABELA 2: INDICADORES DE ACESSO DEMOGRÁFICO,Urbano (por 100 mil adultos),2021,2021,,12.627621329479895
TABELA 2: INDICADORES DE ACESSO DEMOGRÁFICO,Urbano (por 100 mil adultos),2022Q1,2022,Q1,11.109012777534543
TABELA 2: INDICADORES DE ACESSO DEMOGRÁFICO,Urbano (por 100 mil adultos),2022Q2,2022,Q2,23.81600249678913
TABELA 2: INDICADORES DE ACESSO DEMOGRÁFICO,Urbano (por 100 mil adultos),2022Q3,2022,Q3,23.81600249678913
TABELA 2: INDICADORES DE ACESSO DEMOGRÁFICO,Urbano (por 100 mil adultos),2022,2022,,23.81600249678913
TABELA 2: INDICADORES DE ACESSO DEMOGRÁFICO,Urbano (por 100 mil adultos),2023Q1,2023,Q1,19.192779006125523
TABELA 2: INDICADORES DE ACESSO DEMOGRÁFICO,Urbano (por 100 mil adultos),2023Q2,2023,Q2,16.433999988134296
TABELA 2: INDICADORES DE ACESSO DEMOGRÁFICO,Urbano (por 100 mil adultos),2023Q3,2023,Q3,9.53705955990104
TABELA 2: INDICADORES DE ACESSO DEMOGRÁFICO,Urbano (por 100 mil adultos),2023Q4,2023,Q4,9.52222742994785
TABELA 2: INDICADORES DE ACESSO DEMOGRÁFICO,Urbano (por 100 mil adultos),2024Q1,2024,Q1,11.092420832919059
TABELA 2: INDICADORES DE ACESSO DEMOGRÁFICO,Urbano (por 100 mil adultos),2024Q2,2024,Q2,11.092420832919059
TABELA 2: INDICADORES DE ACESSO DEMOGRÁFICO,Urbano (por 100 mil adultos),2024Q3,2024,Q3,11.092420832919059
TABELA 2: INDICADORES DE ACESSO DEMOGRÁFICO,Urbano (por 100 mil adultos),2024Q4,2024,Q4,10.990965764325287
TABELA 2: INDICADORES DE ACESSO DEMOGRÁFICO,Urbano (por 100 mil adultos),2025Q1,2025,Q1,8.950387022375422
TABELA 2: INDICADORES DE ACESSO DEMOGRÁFICO,Urbano (por 100 mil adultos),2025Q2,2025,Q2,8.950387022375422
TABELA 2: INDICADORES DE ACESSO DEMOGRÁFICO,Urbano (por 100 mil adultos),2025Q3,2025,Q3,2.701488765899899
TABELA 2: INDICADORES DE ACESSO DEMOGRÁFICO,Rural (por 100 mil adultos),2020Q1,2020,Q1,1.7200482190053796
TABELA 2: INDICADORES DE ACESSO DEMOGRÁFICO,Rural (por 100 mil adultos),2020Q2,2020,Q2,1.7200482190053796
TABELA 2: INDICADORES DE ACESSO DEMOGRÁFICO,Rural (por 100 mil adultos),2020Q3,2020,Q3,1.9775749914598162
TABELA 2: INDICADORES DE ACESSO DEMOGRÁFICO,Rural (por 100 mil adultos),2020,2020,,3.5842345569218246
TABELA 2: INDICADORES DE ACESSO DEMOGRÁFICO,Rural (por 100 mil adultos),2021Q1,2021,Q1,3.5207714154636975
TABELA 2: INDICADORES DE ACESSO DEMOGRÁFICO,Rural (por 100 mil adultos),2021Q2,2021,Q2,3.44797862253254
TABELA 2: INDICADORES DE ACESSO DEMOGRÁFICO,Rural (por 100 mil adultos),2021Q3,2021,Q3,4.384929335177252
TABELA 2: INDICADORES DE ACESSO DEMOGRÁFICO,Rural (por 100 mil adultos),2021,2021,,2.7546350951754537
TABELA 2: INDICADORES DE ACESSO DEMOGRÁFICO,Rural (por 100 mil adultos),2022Q1,2022,Q1,3.900472095603718
TABELA 2: INDICADORES DE ACESSO DEMOGRÁFICO,Rural (por 100 mil adultos),2022Q2,2022,Q2,6.350886329782996
TABELA 2: INDICADORES DE ACESSO DEMOGRÁFICO,Rural (por 100 mil adultos),2022Q3,2022,Q3,6.350886329782996
TABELA 2: INDICADORES DE ACESSO DEMOGRÁFICO,Rural (por 100 mil adultos),2022,2022,,6.350886329782996
TABELA 2: INDICADORES DE ACESSO DEMOGRÁFICO,Rural (por 100 mil adultos),2023Q1,2023,Q1,5.182634259462693
TABELA 2: INDICADORES DE ACESSO DEMOGRÁFICO,Rural (por 100 mil adultos),2023Q2,2023,Q2,4.376446320272417
TABELA 2: INDICADORES DE ACESSO DEMOGRÁFICO,Rural (por 100 mil adultos),2023Q3,2023,Q3,3.1893131078908303
TABELA 2: INDICADORES DE ACESSO DEMOGRÁFICO,Rural (por 100 mil adultos),2023Q4,2023,Q4,3.1981723109683045
TABELA 2: INDICADORES DE ACESSO DEMOGRÁFICO,Rural (por 100 mil adultos),2024Q1,2024,Q1,2.850300346483763
TABELA 2: INDICADORES DE ACESSO DEMOGRÁFICO,Rural (por 100 mil adultos),2024Q2,2024,Q2,2.850300346483763
TABELA 2: INDICADORES DE ACESSO DEMOGRÁFICO,Rural (por 100 mil adultos),2024Q3,2024,Q3,2.850300346483763
TABELA 2: INDICADORES DE ACESSO DEMOGRÁFICO,Rural (por 100 mil adultos),2024Q4,2024,Q4,2.8972833192280008
TABELA 2: INDICADORES DE ACESSO DEMOGRÁFICO,Rural (por 100 mil adultos),2025Q1,2025,Q1,3.024286181222207
TABELA 2: INDICADORES DE ACESSO DEMOGRÁFICO,Rural (por 100 mil adultos),2025Q2,2025,Q2,3.024286181222207
TABELA 2: INDICADORES DE ACESSO DEMOGRÁFICO,Rural (por 100 mil adultos),2025Q3,2025,Q3,0.8474648090238054
TABELA 2: INDICADORES DE ACESSO DEMOGRÁFICO,Agentes de IME (por 100 mil adultos),2020Q1,2020,Q1,364.4958625268332
TABELA 2: INDICADORES DE ACESSO DEMOGRÁFICO,Agentes de IME (por 100 mil adultos),2020Q2,2020,Q2,380.26141156434795
TABELA 2: INDICADORES DE ACESSO DEMOGRÁFICO,Agentes de IME (por 100 mil adultos),2020Q3,2020,Q3,398.24200511154805
TABELA 2: INDICADORES DE ACESSO DEMOGRÁFICO,Agentes de IME (por 100 mil adultos),2020,2020,,420.9068731136566
TABELA 2: INDICADORES DE ACESSO DEMOGRÁFICO,Agentes de IME (por 100 mil adultos),2021Q1,2021,Q1,427.5323187684723
TABELA 2: INDICADORES DE ACESSO DEMOGRÁFICO,Agentes de IME (por 100 mil adultos),2021Q2,2021,Q2,471.2446167648043
TABELA 2: INDICADORES DE ACESSO DEMOGRÁFICO,Agentes de IME (por 100 mil adultos),2021Q3,2021,Q3,527.1520123905477
TABELA 2: INDICADORES DE ACESSO DEMOGRÁFICO,Agentes de IME (por 100 mil adultos),2021,2021,,555.4781915403447
TABELA 2: INDICADORES DE ACESSO DEMOGRÁFICO,Agentes de IME (por 100 mil adultos),2022Q1,2022,Q1,601.9588440726242
TABELA 2: INDICADORES DE ACESSO DEMOGRÁFICO,Agentes de IME (por 100 mil adultos),2022Q2,2022,Q2,685.8459375606529
TABELA 2: INDICADORES DE ACESSO DEMOGRÁFICO,Agentes de IME (por 100 mil adultos),2022Q3,2022,Q3,729.9096444072072
TABELA 2: INDICADORES DE ACESSO DEMOGRÁFICO,Agentes de IME (por 100 mil adultos),2022,2022,,847.5986400178439
TABELA 2: INDICADORES DE ACESSO DEMOGRÁFICO,Agentes de IME (por 100 mil adultos),2023Q1,2023,Q1,886.6480327169193
TABELA 2: INDICADORES DE ACESSO DEMOGRÁFICO,Agentes de IME (por 100 mil adultos),2023Q2,2023,Q2,1014.3031964386104
TABELA 2: INDICADORES DE ACESSO DEMOGRÁFICO,Agentes de IME (por 100 mil adultos),2023Q3,2023,Q3,1127.2438942249883
TABELA 2: INDICADORES DE ACESSO DEMOGRÁFICO,Agentes de IME (por 100 mil adultos),2023Q4,2023,Q4,1246.2911435147203
TABELA 2: INDICADORES DE ACESSO DEMOGRÁFICO,Agentes de IME (por 100 mil adultos),2024Q1,2024,Q1,1297.9185135597722
TABELA 2: INDICADORES DE ACESSO DEMOGRÁFICO,Agentes de IME (por 100 mil adultos),2024Q2,2024,Q2,1349.4798799349107
TABELA 2: INDICADORES DE ACESSO DEMOGRÁFICO,Agentes de IME (por 100 mil adultos),2024Q3,2024,Q3,1566.0493931557933
TABELA 2: INDICADORES DE ACESSO DEMOGRÁFICO,Agentes de IME (por 100 mil adultos),2024Q4,2024,Q4,1685.9132463151873
TABELA 2: INDICADORES DE ACESSO DEMOGRÁFICO,Agentes de IME (por 100 mil adultos),2025Q1,2025,Q1,1817.2865848463143
TABELA 2: INDICADORES DE ACESSO DEMOGRÁFICO,Agentes de IME (por 100 mil adultos),2025Q2,2025,Q2,1976.9700168188385
TABELA 2: INDICADORES DE ACESSO DEMOGRÁFICO,Agentes de IME (por 100 mil adultos),2025Q3,2025,Q3,2146.2738036652363
TABELA 2: INDICADORES DE ACESSO DEMOGRÁFICO,Urbano (por 100 mil adultos),2020Q1,2020,Q1,698.0905506822731
TABELA 2: INDICADORES DE ACESSO DEMOGRÁFICO,Urbano (por 100 mil adultos),2020Q2,2020,Q2,723.2839356612283
TABELA 2: INDICADORES DE ACESSO DEMOGRÁFICO,Urbano (por 100 mil adultos),2020Q3,2020,Q3,759.2838277596444
TABELA 2: INDICADORES DE ACESSO DEMOGRÁFICO,Urbano (por 100 mil adultos),2020,2020,,802.264625364883
TABELA 2: INDICADORES DE ACESSO DEMOGRÁFICO,Urbano (por 100 mil adultos),2021Q1,2021,Q1,799.712749066105
TABELA 2: INDICADORES DE ACESSO DEMOGRÁFICO,Urbano (por 100 mil adultos),2021Q2,2021,Q2,860.41945036435
TABELA 2: INDICADORES DE ACESSO DEMOGRÁFICO,Urbano (por 100 mil adultos),2021Q3,2021,Q3,945.8009943349823
TABELA 2: INDICADORES DE ACESSO DEMOGRÁFICO,Urbano (por 100 mil adultos),2021,2021,,976.2327774147228
TABELA 2: INDICADORES DE ACESSO DEMOGRÁFICO,Urbano (por 100 mil adultos),2022Q1,2022,Q1,1065.3128394257296
TABELA 2: INDICADORES DE ACESSO DEMOGRÁFICO,Urbano (por 100 mil adultos),2022Q2,2022,Q2,1195.7323421307271
TABELA 2: INDICADORES DE ACESSO DEMOGRÁFICO,Urbano (por 100 mil adultos),2022Q3,2022,Q3,1217.2589353552444
TABELA 2: INDICADORES DE ACESSO DEMOGRÁFICO,Urbano (por 100 mil adultos),2022,2022,,1390.8391806495843
TABELA 2: INDICADORES DE ACESSO DEMOGRÁFICO,Urbano (por 100 mil adultos),2023Q1,2023,Q1,1437.841723054725
TABELA 2: INDICADORES DE ACESSO DEMOGRÁFICO,Urbano (por 100 mil adultos),2023Q2,2023,Q2,1598.6217984847497
TABELA 2: INDICADORES DE ACESSO DEMOGRÁFICO,Urbano (por 100 mil adultos),2023Q3,2023,Q3,1683.1797713478848
TABELA 2: INDICADORES DE ACESSO DEMOGRÁFICO,Urbano (por 100 mil adultos),2023Q4,2023,Q4,1859.1481611125282
TABELA 2: INDICADORES DE ACESSO DEMOGRÁFICO,Urbano (por 100 mil adultos),2024Q1,2024,Q1,2248.8192320933495
TABELA 2: INDICADORES DE ACESSO DEMOGRÁFICO,Urbano (por 100 mil adultos),2024Q2,2024,Q2,2330.676563270424
TABELA 2: INDICADORES DE ACESSO DEMOGRÁFICO,Urbano (por 100 mil adultos),2024Q3,2024,Q3,2576.6374678979255
TABELA 2: INDICADORES DE ACESSO DEMOGRÁFICO,Urbano (por 100 mil adultos),2024Q4,2024,Q4,2758.0560397216886
TABELA 2: INDICADORES DE ACESSO DEMOGRÁFICO,Urbano (por 100 mil adultos),2025Q1,2025,Q1,2534.1192573580097
TABELA 2: INDICADORES DE ACESSO DEMOGRÁFICO,Urbano (por 100 mil adultos),2025Q2,2025,Q2,2765.3012050822917
TABELA 2: INDICADORES DE ACESSO DEMOGRÁFICO,Urbano (por 100 mil adultos),2025Q3,2025,Q3,2890.4428968036746
TABELA 2: INDICADORES DE ACESSO DEMOGRÁFICO,Rural (por 100 mil adultos),2020Q1,2020,Q1,168.42058734361615
TABELA 2: INDICADORES DE ACESSO DEMOGRÁFICO,Rural (por 100 mil adultos),2020Q2,2020,Q2,178.64478457837438
TABELA 2: INDICADORES DE ACESSO DEMOGRÁFICO,Rural (por 100 mil adultos),2020Q3,2020,Q3,186.03426547454833
TABELA 2: INDICADORES DE ACESSO DEMOGRÁFICO,Rural (por 100 mil adultos),2020,2020,,196.7581415215316
TABELA 2: INDICADORES DE ACESSO DEMOGRÁFICO,Rural (por 100 mil adultos),2021Q1,2021,Q1,205.2296840976977
TABELA 2: INDICADORES DE ACESSO DEMOGRÁFICO,Rural (por 100 mil adultos),2021Q2,2021,Q2,238.7912586246313
TABELA 2: INDICADORES DE ACESSO DEMOGRÁFICO,Rural (por 100 mil adultos),2021Q3,2021,Q3,277.09380375754716
TABELA 2: INDICADORES DE ACESSO DEMOGRÁFICO,Rural (por 100 mil adultos),2021,2021,,304.1623098458529
TABELA 2: INDICADORES DE ACESSO DEMOGRÁFICO,Rural (por 100 mil adultos),2022Q1,2022,Q1,325.1984193779345
TABELA 2: INDICADORES DE ACESSO DEMOGRÁFICO,Rural (por 100 mil adultos),2022Q2,2022,Q2,381.29179690341664
TABELA 2: INDICADORES DE ACESSO DEMOGRÁFICO,Rural (por 100 mil adultos),2022Q3,2022,Q3,438.8168771275204
TABELA 2: INDICADORES DE ACESSO DEMOGRÁFICO,Rural (por 100 mil adultos),2022,2022,,523.1221398809693
TABELA 2: INDICADORES DE ACESSO DEMOGRÁFICO,Rural (por 100 mil adultos),2023Q1,2023,Q1,557.4211070177652
TABELA 2: INDICADORES DE ACESSO DEMOGRÁFICO,Rural (por 100 mil adultos),2023Q2,2023,Q2,665.2907143060271
TABELA 2: INDICADORES DE ACESSO DEMOGRÁFICO,Rural (por 100 mil adultos),2023Q3,2023,Q3,795.1843498279588
TABELA 2: INDICADORES DE ACESSO DEMOGRÁFICO,Rural (por 100 mil adultos),2023Q4,2023,Q4,880.2326993717143
TABELA 2: INDICADORES DE ACESSO DEMOGRÁFICO,Rural (por 100 mil adultos),2024Q1,2024,Q1,857.5645405096589
TABELA 2: INDICADORES DE ACESSO DEMOGRÁFICO,Rural (por 100 mil adultos),2024Q2,2024,Q2,895.0961052368474
TABELA 2: INDICADORES DE ACESSO DEMOGRÁFICO,Rural (por 100 mil adultos),2024Q3,2024,Q3,1098.0547169964977
TABELA 2: INDICADORES DE ACESSO DEMOGRÁFICO,Rural (por 100 mil adultos),2024Q4,2024,Q4,1189.413107497668
TABELA 2: INDICADORES DE ACESSO DEMOGRÁFICO,Rural (por 100 mil adultos),2025Q1,2025,Q1,1380.769428255374
TABELA 2: INDICADORES DE ACESSO DEMOGRÁFICO,Rural (por 100 mil adultos),2025Q2,2025,Q2,1496.9136494842346
TABELA 2: INDICADORES DE ACESSO DEMOGRÁFICO,Rural (por 100 mil adultos),2025Q3,2025,Q3,1693.1100612517653
TABELA 2: INDICADORES DE ACESSO DEMOGRÁFICO,ATM (por 100 mil adultos),2020Q1,2020,Q1,10.61526795078728
TABELA 2: INDICADORES DE ACESSO DEMOGRÁFICO,ATM (por 100 mil adultos),2020Q2,2020,Q2,10.379238617788017
TABELA 2: INDICADORES DE ACESSO DEMOGRÁFICO,ATM (por 100 mil adultos),2020Q3,2020,Q3,10.40344675450589
TABELA 2: INDICADORES DE ACESSO DEMOGRÁFICO,ATM (por 100 mil adultos),2020,2020,,10.348978446890676
TABELA 2: INDICADORES DE ACESSO DEMOGRÁFICO,ATM (por 100 mil adultos),2021Q1,2021,Q1,9.925014520906293
TABELA 2: INDICADORES DE ACESSO DEMOGRÁFICO,ATM (por 100 mil adultos),2021Q2,2021,Q2,9.895685281778318
TABELA 2: INDICADORES DE ACESSO DEMOGRÁFICO,ATM (por 100 mil adultos),2021Q3,2021,Q3,9.707978151359287
TABELA 2: INDICADORES DE ACESSO DEMOGRÁFICO,ATM (por 100 mil adultos),2021,2021,,9.602392890498582
TABELA 2: INDICADORES DE ACESSO DEMOGRÁFICO,ATM (por 100 mil adultos),2022Q1,2022,Q1,9.40569671506186
TABELA 2: INDICADORES DE ACESSO DEMOGRÁFICO,ATM (por 100 mil adultos),2022Q2,2022,Q2,9.210343209678777
TABELA 2: INDICADORES DE ACESSO DEMOGRÁFICO,ATM (por 100 mil adultos),2022Q3,2022,Q3,9.014989704295697
TABELA 2: INDICADORES DE ACESSO DEMOGRÁFICO,ATM (por 100 mil adultos),2022,2022,,8.997752630291307
TABELA 2: INDICADORES DE ACESSO DEMOGRÁFICO,ATM (por 100 mil adultos),2023Q1,2023,Q1,8.491490345297496
TABELA 2: INDICADORES DE ACESSO DEMOGRÁFICO,ATM (por 100 mil adultos),2023Q2,2023,Q2,8.302913351972089
TABELA 2: INDICADORES DE ACESSO DEMOGRÁFICO,ATM (por 100 mil adultos),2023Q3,2023,Q3,11.99679464282941
TABELA 2: INDICADORES DE ACESSO DEMOGRÁFICO,ATM (por 100 mil adultos),2023Q4,2023,Q4,8.197532354184869
TABELA 2: INDICADORES DE ACESSO DEMOGRÁFICO,ATM (por 100 mil adultos),2024Q1,2024,Q1,7.840710166034664
TABELA 2: INDICADORES DE ACESSO DEMOGRÁFICO,ATM (por 100 mil adultos),2024Q2,2024,Q2,7.920990474901913
TABELA 2: INDICADORES DE ACESSO DEMOGRÁFICO,ATM (por 100 mil adultos),2024Q3,2024,Q3,7.444660642289569
TABELA 2: INDICADORES DE ACESSO DEMOGRÁFICO,ATM (por 100 mil adultos),2024Q4,2024,Q4,7.444660642289569
TABELA 2: INDICADORES DE ACESSO DEMOGRÁFICO,ATM (por 100 mil adultos),2025Q1,2025,Q1,7.203647369326095
TABELA 2: INDICADORES DE ACESSO DEMOGRÁFICO,ATM (por 100 mil adultos),2025Q2,2025,Q2,7.115860985613877
TABELA 2: INDICADORES DE ACESSO DEMOGRÁFICO,ATM (por 100 mil adultos),2025Q3,2025,Q3,7.022910696977411
TABELA 2: INDICADORES DE ACESSO DEMOGRÁFICO,Urbano (por 100 mil adultos),2020Q1,2020,Q1,20.076234103930478
TABELA 2: INDICADORES DE ACESSO DEMOGRÁFICO,Urbano (por 100 mil adultos),2020Q2,2020,Q2,19.683864707762456
TABELA 2: INDICADORES DE ACESSO DEMOGRÁFICO,Urbano (por 100 mil adultos),2020Q3,2020,Q3,19.61846980840112
TABELA 2: INDICADORES DE ACESSO DEMOGRÁFICO,Urbano (por 100 mil adultos),2020,2020,,19.602121083560785
TABELA 2: INDICADORES DE ACESSO DEMOGRÁFICO,Urbano (por 100 mil adultos),2021Q1,2021,Q1,18.58848605643935
TABELA 2: INDICADORES DE ACESSO DEMOGRÁFICO,Urbano (por 100 mil adultos),2021Q2,2021,Q2,18.541426598068615
TABELA 2: INDICADORES DE ACESSO DEMOGRÁFICO,Urbano (por 100 mil adultos),2021Q3,2021,Q3,18.149264444979178
TABELA 2: INDICADORES DE ACESSO DEMOGRÁFICO,Urbano (por 100 mil adultos),2021,2021,,17.81984823638405
TABELA 2: INDICADORES DE ACESSO DEMOGRÁFICO,Urbano (por 100 mil adultos),2022Q1,2022,Q1,17.362634078304335
TABELA 2: INDICADORES DE ACESSO DEMOGRÁFICO,Urbano (por 100 mil adultos),2022Q2,2022,Q2,17.08606114608356
TABELA 2: INDICADORES DE ACESSO DEMOGRÁFICO,Urbano (por 100 mil adultos),2022Q3,2022,Q3,16.62510625904893
TABELA 2: INDICADORES DE ACESSO DEMOGRÁFICO,Urbano (por 100 mil adultos),2022,2022,,16.51755011874085
TABELA 2: INDICADORES DE ACESSO DEMOGRÁFICO,Urbano (por 100 mil adultos),2023Q1,2023,Q1,15.499578100000905
TABELA 2: INDICADORES DE ACESSO DEMOGRÁFICO,Urbano (por 100 mil adultos),2023Q2,2023,Q2,15.113940422300404
TABELA 2: INDICADORES DE ACESSO DEMOGRÁFICO,Urbano (por 100 mil adultos),2023Q3,2023,Q3,25.718913338831108
TABELA 2: INDICADORES DE ACESSO DEMOGRÁFICO,Urbano (por 100 mil adultos),2023Q4,2023,Q4,14.846962083142989
TABELA 2: INDICADORES DE ACESSO DEMOGRÁFICO,Urbano (por 100 mil adultos),2024Q1,2024,Q1,16.723177139873396
TABELA 2: INDICADORES DE ACESSO DEMOGRÁFICO,Urbano (por 100 mil adultos),2024Q2,2024,Q2,16.959905633258863
TABELA 2: INDICADORES DE ACESSO DEMOGRÁFICO,Urbano (por 100 mil adultos),2024Q3,2024,Q3,15.759353988232565
TABELA 2: INDICADORES DE ACESSO DEMOGRÁFICO,Urbano (por 100 mil adultos),2024Q4,2024,Q4,15.759353988232565
TABELA 2: INDICADORES DE ACESSO DEMOGRÁFICO,Urbano (por 100 mil adultos),2025Q1,2025,Q1,12.78431804872831
TABELA 2: INDICADORES DE ACESSO DEMOGRÁFICO,Urbano (por 100 mil adultos),2025Q2,2025,Q2,12.606947574199529
TABELA 2: INDICADORES DE ACESSO DEMOGRÁFICO,Urbano (por 100 mil adultos),2025Q3,2025,Q3,12.402289334358626
TABELA 2: INDICADORES DE ACESSO DEMOGRÁFICO,Rural (por 100 mil adultos),2020Q1,2020,Q1,5.054443369814691
TABELA 2: INDICADORES DE ACESSO DEMOGRÁFICO,Rural (por 100 mil adultos),2020Q2,2020,Q2,4.910305250903626
TABELA 2: INDICADORES DE ACESSO DEMOGRÁFICO,Rural (por 100 mil adultos),2020Q3,2020,Q3,4.98717891432286
TABELA 2: INDICADORES DE ACESSO DEMOGRÁFICO,Rural (por 100 mil adultos),2020,2020,,4.910305250903626
TABELA 2: INDICADORES DE ACESSO DEMOGRÁFICO,Rural (por 100 mil adultos),2021Q1,2021,Q1,4.75034011310869
TABELA 2: INDICADORES DE ACESSO DEMOGRÁFICO,Rural (por 100 mil adultos),2021Q2,2021,Q2,4.731601098855796
TABELA 2: INDICADORES DE ACESSO DEMOGRÁFICO,Rural (por 100 mil adultos),2021Q3,2021,Q3,4.666014548970666
TABELA 2: INDICADORES DE ACESSO DEMOGRÁFICO,Rural (por 100 mil adultos),2021,2021,,4.694123070350008
TABELA 2: INDICADORES DE ACESSO DEMOGRÁFICO,Rural (por 100 mil adultos),2022Q1,2022,Q1,4.5245476309003125
TABELA 2: INDICADORES DE ACESSO DEMOGRÁFICO,Rural (por 100 mil adultos),2022Q2,2022,Q2,4.506192468097472
TABELA 2: INDICADORES DE ACESSO DEMOGRÁFICO,Rural (por 100 mil adultos),2022Q3,2022,Q3,4.46948214249179
TABELA 2: INDICADORES DE ACESSO DEMOGRÁFICO,Rural (por 100 mil adultos),2022,2022,,4.506192468097472
TABELA 2: INDICADORES DE ACESSO DEMOGRÁFICO,Rural (por 100 mil adultos),2023Q1,2023,Q1,4.305573077092084
TABELA 2: INDICADORES DE ACESSO DEMOGRÁFICO,Rural (por 100 mil adultos),2023Q2,2023,Q2,4.234699071032825
TABELA 2: INDICADORES DE ACESSO DEMOGRÁFICO,Rural (por 100 mil adultos),2023Q3,2023,Q3,3.800598120236573
TABELA 2: INDICADORES DE ACESSO DEMOGRÁFICO,Rural (por 100 mil adultos),2023Q4,2023,Q4,4.22583986795535
TABELA 2: INDICADORES DE ACESSO DEMOGRÁFICO,Rural (por 100 mil adultos),2024Q1,2024,Q1,3.727315837709536
TABELA 2: INDICADORES DE ACESSO DEMOGRÁFICO,Rural (por 100 mil adultos),2024Q2,2024,Q2,3.7351463331669095
TABELA 2: INDICADORES DE ACESSO DEMOGRÁFICO,Rural (por 100 mil adultos),2024Q3,2024,Q3,3.5941974149341958
TABELA 2: INDICADORES DE ACESSO DEMOGRÁFICO,Rural (por 100 mil adultos),2024Q4,2024,Q4,3.5941974149341958
TABELA 2: INDICADORES DE ACESSO DEMOGRÁFICO,Rural (por 100 mil adultos),2025Q1,2025,Q1,3.805283162087283
TABELA 2: INDICADORES DE ACESSO DEMOGRÁFICO,Rural (por 100 mil adultos),2025Q2,2025,Q2,3.7720492480079177
TABELA 2: INDICADORES DE ACESSO DEMOGRÁFICO,Rural (por 100 mil adultos),2025Q3,2025,Q3,3.7471238124483937
TABELA 2: INDICADORES DE ACESSO DEMOGRÁFICO,POS (por 100 mil adultos),2020Q1,2020,Q1,219.68278868051738
TABELA 2: INDICADORES DE ACESSO DEMOGRÁFICO,POS (por 100 mil adultos),2020Q2,2020,Q2,218.82945186121233
TABELA 2: INDICADORES DE ACESSO DEMOGRÁFICO,POS (por 100 mil adultos),2020Q3,2020,Q3,208.61361816626993
TABELA 2: INDICADORES DE ACESSO DEMOGRÁFICO,POS (por 100 mil adultos),2020,2020,,221.1413289177692
TABELA 2: INDICADORES DE ACESSO DEMOGRÁFICO,POS (por 100 mil adultos),2021Q1,2021,Q1,209.05881650419636
TABELA 2: INDICADORES DE ACESSO DEMOGRÁFICO,POS (por 100 mil adultos),2021Q2,2021,Q2,209.82137672152368
TABELA 2: INDICADORES DE ACESSO DEMOGRÁFICO,POS (por 100 mil adultos),2021Q3,2021,Q3,211.50487504746937
TABELA 2: INDICADORES DE ACESSO DEMOGRÁFICO,POS (por 100 mil adultos),2021,2021,,216.78413809050465
TABELA 2: INDICADORES DE ACESSO DEMOGRÁFICO,POS (por 100 mil adultos),2022Q1,2022,Q1,207.2068666067659
TABELA 2: INDICADORES DE ACESSO DEMOGRÁFICO,POS (por 100 mil adultos),2022Q2,2022,Q2,203.16764559840396
TABELA 2: INDICADORES DE ACESSO DEMOGRÁFICO,POS (por 100 mil adultos),2022Q3,2022,Q3,213.22260543429786
TABELA 2: INDICADORES DE ACESSO DEMOGRÁFICO,POS (por 100 mil adultos),2022,2022,,224.42670353715104
TABELA 2: INDICADORES DE ACESSO DEMOGRÁFICO,POS (por 100 mil adultos),2023Q1,2023,Q1,201.02258398103362
TABELA 2: INDICADORES DE ACESSO DEMOGRÁFICO,POS (por 100 mil adultos),2023Q2,2023,Q2,209.1923733442427
TABELA 2: INDICADORES DE ACESSO DEMOGRÁFICO,POS (por 100 mil adultos),2023Q3,2023,Q3,198.97596292718683
TABELA 2: INDICADORES DE ACESSO DEMOGRÁFICO,POS (por 100 mil adultos),2023Q4,2023,Q4,167.54469374507204
TABELA 2: INDICADORES DE ACESSO DEMOGRÁFICO,POS (por 100 mil adultos),2024Q1,2024,Q1,184.84808717713668
TABELA 2: INDICADORES DE ACESSO DEMOGRÁFICO,POS (por 100 mil adultos),2024Q2,2024,Q2,191.80036192504045
TABELA 2: INDICADORES DE ACESSO DEMOGRÁFICO,POS (por 100 mil adultos),2024Q3,2024,Q3,189.83617036808843
TABELA 2: INDICADORES DE ACESSO DEMOGRÁFICO,POS (por 100 mil adultos),2024Q4,2024,Q4,189.92180269754684
TABELA 2: INDICADORES DE ACESSO DEMOGRÁFICO,POS (por 100 mil adultos),2025Q1,2025,Q1,181.48543856269936
TABELA 2: INDICADORES DE ACESSO DEMOGRÁFICO,POS (por 100 mil adultos),2025Q2,2025,Q2,180.10151204300087
TABELA 2: INDICADORES DE ACESSO DEMOGRÁFICO,POS (por 100 mil adultos),2025Q3,2025,Q3,169.40706494488307
TABELA 2: INDICADORES DE ACESSO DEMOGRÁFICO,Urbano (por 100 mil adultos),2020Q1,2020,Q1,464.77789848586286
TABELA 2: INDICADORES DE ACESSO DEMOGRÁFICO,Urbano (por 100 mil adultos),2020Q2,2020,Q2,461.802430564922
TABELA 2: INDICADORES DE ACESSO DEMOGRÁFICO,Urbano (por 100 mil adultos),2020Q3,2020,Q3,387.9879379108128
TABELA 2: INDICADORES DE ACESSO DEMOGRÁFICO,Urbano (por 100 mil adultos),2020,2020,,414.1785951050283
TABELA 2: INDICADORES DE ACESSO DEMOGRÁFICO,Urbano (por 100 mil adultos),2021Q1,2021,Q1,439.44122226590036
TABELA 2: INDICADORES DE ACESSO DEMOGRÁFICO,Urbano (por 100 mil adultos),2021Q2,2021,Q2,442.87656272696387
TABELA 2: INDICADORES DE ACESSO DEMOGRÁFICO,Urbano (por 100 mil adultos),2021Q3,2021,Q3,449.6531247323493
TABELA 2: INDICADORES DE ACESSO DEMOGRÁFICO,Urbano (por 100 mil adultos),2021,2021,,428.7116657573734
TABELA 2: INDICADORES DE ACESSO DEMOGRÁFICO,Urbano (por 100 mil adultos),2022Q1,2022,Q1,440.05826548905856
TABELA 2: INDICADORES DE ACESSO DEMOGRÁFICO,Urbano (por 100 mil adultos),2022Q2,2022,Q2,432.7751782739114
TABELA 2: INDICADORES DE ACESSO DEMOGRÁFICO,Urbano (por 100 mil adultos),2022Q3,2022,Q3,435.72528955093304
TABELA 2: INDICADORES DE ACESSO DEMOGRÁFICO,Urbano (por 100 mil adultos),2022,2022,,454.62443991935277
TABELA 2: INDICADORES DE ACESSO DEMOGRÁFICO,Urbano (por 100 mil adultos),2023Q1,2023,Q1,439.5057399609826
TABELA 2: INDICADORES DE ACESSO DEMOGRÁFICO,Urbano (por 100 mil adultos),2023Q2,2023,Q2,426.7945394030364
TABELA 2: INDICADORES DE ACESSO DEMOGRÁFICO,Urbano (por 100 mil adultos),2023Q3,2023,Q3,403.893730755311
TABELA 2: INDICADORES DE ACESSO DEMOGRÁFICO,Urbano (por 100 mil adultos),2023Q4,2023,Q4,374.08114954939987
TABELA 2: INDICADORES DE ACESSO DEMOGRÁFICO,Urbano (por 100 mil adultos),2024Q1,2024,Q1,488.2525176075272
TABELA 2: INDICADORES DE ACESSO DEMOGRÁFICO,Urbano (por 100 mil adultos),2024Q2,2024,Q2,503.72441556807735
TABELA 2: INDICADORES DE ACESSO DEMOGRÁFICO,Urbano (por 100 mil adultos),2024Q3,2024,Q3,495.3374632309922
TABELA 2: INDICADORES DE ACESSO DEMOGRÁFICO,Urbano (por 100 mil adultos),2024Q4,2024,Q4,493.1223609000282
TABELA 2: INDICADORES DE ACESSO DEMOGRÁFICO,Urbano (por 100 mil adultos),2025Q1,2025,Q1,393.8306728671746
TABELA 2: INDICADORES DE ACESSO DEMOGRÁFICO,Urbano (por 100 mil adultos),2025Q2,2025,Q2,390.06496125410206
TABELA 2: INDICADORES DE ACESSO DEMOGRÁFICO,Urbano (por 100 mil adultos),2025Q3,2025,Q3,368.3029684176862
TABELA 2: INDICADORES DE ACESSO DEMOGRÁFICO,Rural (por 100 mil adultos),2020Q1,2020,Q1,75.62446638867229
TABELA 2: INDICADORES DE ACESSO DEMOGRÁFICO,Rural (por 100 mil adultos),2020Q2,2020,Q2,76.01844391369586
TABELA 2: INDICADORES DE ACESSO DEMOGRÁFICO,Rural (por 100 mil adultos),2020Q3,2020,Q3,103.18367472446798
TABELA 2: INDICADORES DE ACESSO DEMOGRÁFICO,Rural (por 100 mil adultos),2020,2020,,107.6807840344932
TABELA 2: INDICADORES DE ACESSO DEMOGRÁFICO,Rural (por 100 mil adultos),2021Q1,2021,Q1,71.45186134628574
TABELA 2: INDICADORES DE ACESSO DEMOGRÁFICO,Rural (por 100 mil adultos),2021Q2,2021,Q2,70.61797521203195
TABELA 2: INDICADORES DE ACESSO DEMOGRÁFICO,Rural (por 100 mil adultos),2021Q3,2021,Q3,69.25939667869712
TABELA 2: INDICADORES DE ACESSO DEMOGRÁFICO,Rural (por 100 mil adultos),2021,2021,,90.20024510630643
TABELA 2: INDICADORES DE ACESSO DEMOGRÁFICO,Rural (por 100 mil adultos),2022Q1,2022,Q1,68.12518674274446
TABELA 2: INDICADORES DE ACESSO DEMOGRÁFICO,Rural (por 100 mil adultos),2022Q2,2022,Q2,66.02352060181917
TABELA 2: INDICADORES DE ACESSO DEMOGRÁFICO,Rural (por 100 mil adultos),2022Q3,2022,Q3,80.32219242523233
TABELA 2: INDICADORES DE ACESSO DEMOGRÁFICO,Rural (por 100 mil adultos),2022,2022,,86.9300510342551
TABELA 2: INDICADORES DE ACESSO DEMOGRÁFICO,Rural (por 100 mil adultos),2023Q1,2023,Q1,82.70952725870717
TABELA 2: INDICADORES DE ACESSO DEMOGRÁFICO,Rural (por 100 mil adultos),2023Q2,2023,Q2,79.21899391877723
TABELA 2: INDICADORES DE ACESSO DEMOGRÁFICO,Rural (por 100 mil adultos),2023Q3,2023,Q3,76.57895140168982
TABELA 2: INDICADORES DE ACESSO DEMOGRÁFICO,Rural (por 100 mil adultos),2023Q4,2023,Q4,44.180845747365474
TABELA 2: INDICADORES DE ACESSO DEMOGRÁFICO,Rural (por 100 mil adultos),2024Q1,2024,Q1,44.34409577510316
TABELA 2: INDICADORES DE ACESSO DEMOGRÁFICO,Rural (por 100 mil adultos),2024Q2,2024,Q2,47.35100603073438
TABELA 2: INDICADORES DE ACESSO DEMOGRÁFICO,Rural (por 100 mil adultos),2024Q3,2024,Q3,48.3611399447355
TABELA 2: INDICADORES DE ACESSO DEMOGRÁFICO,Rural (por 100 mil adultos),2024Q4,2024,Q4,49.512222776969324
TABELA 2: INDICADORES DE ACESSO DEMOGRÁFICO,Rural (por 100 mil adultos),2025Q1,2025,Q1,52.17724510460292
TABELA 2: INDICADORES DE ACESSO DEMOGRÁFICO,Rural (por 100 mil adultos),2025Q2,2025,Q2,52.243712932761646
TABELA 2: INDICADORES DE ACESSO DEMOGRÁFICO,Rural (por 100 mil adultos),2025Q3,2025,Q3,48.288877157317216
TABELA 3: INDICADORES DE USO,Crédito / PIB (%) - Preços Correntes *,2020Q1,2020,Q1,0.23330942764117066
TABELA 3: INDICADORES DE USO,Crédito / PIB (%) - Preços Correntes *,2020Q2,2020,Q2,0.23552537252383002
TABELA 3: INDICADORES DE USO,Crédito / PIB (%) - Preços Correntes *,2020Q3,2020,Q3,0.23733565268149476
TABELA 3: INDICADORES DE USO,Crédito / PIB (%) - Preços Correntes *,2020,2020,,0.2623770837918088
TABELA 3: INDICADORES DE USO,Crédito / PIB (%) - Preços Correntes *,2021Q1,2021,Q1,0.2516321104596265
TABELA 3: INDICADORES DE USO,Crédito / PIB (%) - Preços Correntes *,2021Q2,2021,Q2,0.26551393554761726
TABELA 3: INDICADORES DE USO,Crédito / PIB (%) - Preços Correntes *,2021Q3,2021,Q3,0.2684688725083292
TABELA 3: INDICADORES DE USO,Crédito / PIB (%) - Preços Correntes *,2021,2021,,0.2575946595993006
TABELA 3: INDICADORES DE USO,Crédito / PIB (%) - Preços Correntes *,2022Q1,2022,Q1,0.2513874665256028
TABELA 3: INDICADORES DE USO,Crédito / PIB (%) - Preços Correntes *,2022Q2,2022,Q2,0.2559015783030123
TABELA 3: INDICADORES DE USO,Crédito / PIB (%) - Preços Correntes *,2022Q3,2022,Q3,0.22808948038353283
TABELA 3: INDICADORES DE USO,Crédito / PIB (%) - Preços Correntes *,2022,2022,,0.2351503717842668
TABELA 3: INDICADORES DE USO,Crédito / PIB (%) - Preços Correntes *,2023Q1,2023,Q1,0.21652568584398146
TABELA 3: INDICADORES DE USO,Crédito / PIB (%) - Preços Correntes *,2023Q2,2023,Q2,0.22171767338266848
TABELA 3: INDICADORES DE USO,Crédito / PIB (%) - Preços Correntes *,2023Q3,2023,Q3,0.21630527034446267
TABELA 3: INDICADORES DE USO,Crédito / PIB (%) - Preços Correntes *,2023,2023,,0.20685927423270964
TABELA 3: INDICADORES DE USO,Crédito / PIB (%) - Preços Correntes *,2024Q1,2024,Q1,0.18802782455093706
TABELA 3: INDICADORES DE USO,Crédito / PIB (%) - Preços Correntes *,2024Q2,2024,Q2,0.1931615348799458
TABELA 3: INDICADORES DE USO,Crédito / PIB (%) - Preços Correntes *,2024Q3,2024,Q3,0.19915342919072213
TABELA 3: INDICADORES DE USO,Crédito / PIB (%) - Preços Correntes *,2024Q4,2024,Q4,0.19700786478677687
TABELA 3: INDICADORES DE USO,Crédito / PIB (%) - Preços Correntes *,2025Q1,2025,Q1,0.19604807460394744
TABELA 3: INDICADORES DE USO,Crédito / PIB (%) - Preços Correntes *,2025Q2,2025,Q2,0.1932144582028981
TABELA 3: INDICADORES DE USO,Crédito / PIB (%) - Preços Correntes *,2025Q3,2025,Q3,0.20114747556076096
TABELA 3: INDICADORES DE USO,Crédito (milhões de MT) por 1000 adultos **,2020Q1,2020,Q1,13.760067581805687
TABELA 3: INDICADORES DE USO,Crédito (milhões de MT) por 1000 adultos **,2020Q2,2020,Q2,13.890759048718227
TABELA 3: INDICADORES DE USO,Crédito (milhões de MT) por 1000 adultos **,2020Q3,2020,Q3,13.997525318574151
TABELA 3: INDICADORES DE USO,Crédito (milhões de MT) por 1000 adultos **,2020,2020,,15.702312030333527
TABELA 3: INDICADORES DE USO,Crédito (milhões de MT) por 1000 adultos **,2021Q1,2021,Q1,14.59597741273173
TABELA 3: INDICADORES DE USO,Crédito (milhões de MT) por 1000 adultos **,2021Q2,2021,Q2,15.401195812965728
TABELA 3: INDICADORES DE USO,Crédito (milhões de MT) por 1000 adultos **,2021Q3,2021,Q3,15.572597598913543
TABELA 3: INDICADORES DE USO,Crédito (milhões de MT) por 1000 adultos **,2021,2021,,15.993172078563235
TABELA 3: INDICADORES DE USO,Crédito (milhões de MT) por 1000 adultos **,2022Q1,2022,Q1,15.288077496210569
TABELA 3: INDICADORES DE USO,Crédito (milhões de MT) por 1000 adultos **,2022Q2,2022,Q2,15.562602283119805
TABELA 3: INDICADORES DE USO,Crédito (milhões de MT) por 1000 adultos **,2022Q3,2022,Q3,13.871215221538137
TABELA 3: INDICADORES DE USO,Crédito (milhões de MT) por 1000 adultos **,2022,2022,,16.290622448925042
TABELA 3: INDICADORES DE USO,Crédito (milhões de MT) por 1000 adultos **,2023Q1,2023,Q1,16.05117407517542
TABELA 3: INDICADORES DE USO,Crédito (milhões de MT) por 1000 adultos **,2023Q2,2023,Q2,16.436058196747464
TABELA 3: INDICADORES DE USO,Crédito (milhões de MT) por 1000 adultos **,2023Q3,2023,Q3,16.034833657616257
TABELA 3: INDICADORES DE USO,Crédito (milhões de MT) por 1000 adultos **,2023,2023,,15.334596552245483
TABELA 3: INDICADORES DE USO,Crédito (milhões de MT) por 1000 adultos **,2024Q1,2024,Q1,14.627401902025918
TABELA 3: INDICADORES DE USO,Crédito (milhões de MT) por 1000 adultos **,2024Q2,2024,Q2,15.026772816465497
TABELA 3: INDICADORES DE USO,Crédito (milhões de MT) por 1000 adultos **,2024Q3,2024,Q3,15.4929051372936
TABELA 3: INDICADORES DE USO,Crédito (milhões de MT) por 1000 adultos **,2024Q4,2024,Q4,15.325993495795107
TABELA 3: INDICADORES DE USO,Crédito (milhões de MT) por 1000 adultos **,2025Q1,2025,Q1,14.715265974006838
TABELA 3: INDICADORES DE USO,Crédito (milhões de MT) por 1000 adultos **,2025Q2,2025,Q2,14.502576208529748
TABELA 3: INDICADORES DE USO,Crédito (milhões de MT) por 1000 adultos **,2025Q3,2025,Q3,15.098024343550676
TABELA 3: INDICADORES DE USO,Depósitos / PIB (%)  - Preços Correntes *,2020Q1,2020,Q1,0.4546380035059225
TABELA 3: INDICADORES DE USO,Depósitos / PIB (%)  - Preços Correntes *,2020Q2,2020,Q2,0.4706909722429013
TABELA 3: INDICADORES DE USO,Depósitos / PIB (%)  - Preços Correntes *,2020Q3,2020,Q3,0.4944258474413506
TABELA 3: INDICADORES DE USO,Depósitos / PIB (%)  - Preços Correntes *,2020,2020,,0.5369516358708198
TABELA 3: INDICADORES DE USO,Depósitos / PIB (%)  - Preços Correntes *,2021Q1,2021,Q1,0.5204662794132561
TABELA 3: INDICADORES DE USO,Depósitos / PIB (%)  - Preços Correntes *,2021Q2,2021,Q2,0.5294976525964247
TABELA 3: INDICADORES DE USO,Depósitos / PIB (%)  - Preços Correntes *,2021Q3,2021,Q3,0.5769156933064857
TABELA 3: INDICADORES DE USO,Depósitos / PIB (%)  - Preços Correntes *,2021,2021,,0.5085459845166852
TABELA 3: INDICADORES DE USO,Depósitos / PIB (%)  - Preços Correntes *,2022Q1,2022,Q1,0.5254997774779161
TABELA 3: INDICADORES DE USO,Depósitos / PIB (%)  - Preços Correntes *,2022Q2,2022,Q2,0.5309383096244812
TABELA 3: INDICADORES DE USO,Depósitos / PIB (%)  - Preços Correntes *,2022Q3,2022,Q3,0.5228992569623779
TABELA 3: INDICADORES DE USO,Depósitos / PIB (%)  - Preços Correntes *,2022,2022,,0.48373155353901837
TABELA 3: INDICADORES DE USO,Depósitos / PIB (%)  - Preços Correntes *,2023Q1,2023,Q1,0.44124811763938865
TABELA 3: INDICADORES DE USO,Depósitos / PIB (%)  - Preços Correntes *,2023Q2,2023,Q2,0.43455245239235507
TABELA 3: INDICADORES DE USO,Depósitos / PIB (%)  - Preços Correntes *,2023Q3,2023,Q3,0.43987400556823675
TABELA 3: INDICADORES DE USO,Depósitos / PIB (%)  - Preços Correntes *,2023,2023,,0.45362027414452977
TABELA 3: INDICADORES DE USO,Depósitos / PIB (%)  - Preços Correntes *,2024Q1,2024,Q1,0.43022787052300265
TABELA 3: INDICADORES DE USO,Depósitos / PIB (%)  - Preços Correntes *,2024Q2,2024,Q2,0.44209908797715686
TABELA 3: INDICADORES DE USO,Depósitos / PIB (%)  - Preços Correntes *,2024Q3,2024,Q3,0.4621991235919918
TABELA 3: INDICADORES DE USO,Depósitos / PIB (%)  - Preços Correntes *,2024Q4,2024,Q4,0.4860302977782151
TABELA 3: INDICADORES DE USO,Depósitos / PIB (%)  - Preços Correntes *,2025Q1,2025,Q1,0.502281551236918
TABELA 3: INDICADORES DE USO,Depósitos / PIB (%)  - Preços Correntes *,2025Q2,2025,Q2,0.5186055848239246
TABELA 3: INDICADORES DE USO,Depósitos / PIB (%)  - Preços Correntes *,2025Q3,2025,Q3,0.5170387384214445
TABELA 3: INDICADORES DE USO,Depósitos (milhões de MT) por 1000 adultos **,2020Q1,2020,Q1,26.813531355107457
TABELA 3: INDICADORES DE USO,Depósitos (milhões de MT) por 1000 adultos **,2020Q2,2020,Q2,27.760299503067476
TABELA 3: INDICADORES DE USO,Depósitos (milhões de MT) por 1000 adultos **,2020Q3,2020,Q3,29.160129291680587
TABELA 3: INDICADORES DE USO,Depósitos (milhões de MT) por 1000 adultos **,2020,2020,,32.1345980746237
TABELA 3: INDICADORES DE USO,Depósitos (milhões de MT) por 1000 adultos **,2021Q1,2021,Q1,30.18976411447804
TABELA 3: INDICADORES DE USO,Depósitos (milhões de MT) por 1000 adultos **,2021Q2,2021,Q2,30.71363095622052
TABELA 3: INDICADORES DE USO,Depósitos (milhões de MT) por 1000 adultos **,2021Q3,2021,Q3,33.46412511968735
TABELA 3: INDICADORES DE USO,Depósitos (milhões de MT) por 1000 adultos **,2021,2021,,31.57388221048269
TABELA 3: INDICADORES DE USO,Depósitos (milhões de MT) por 1000 adultos **,2022Q1,2022,Q1,31.958161770589196
TABELA 3: INDICADORES DE USO,Depósitos (milhões de MT) por 1000 adultos **,2022Q2,2022,Q2,32.28890499367606
TABELA 3: INDICADORES DE USO,Depósitos (milhões de MT) por 1000 adultos **,2022Q3,2022,Q3,31.80001164591708
TABELA 3: INDICADORES DE USO,Depósitos (milhões de MT) por 1000 adultos **,2022,2022,,33.51169741107492
TABELA 3: INDICADORES DE USO,Depósitos (milhões de MT) por 1000 adultos **,2023Q1,2023,Q1,32.70997765907861
TABELA 3: INDICADORES DE USO,Depósitos (milhões de MT) por 1000 adultos **,2023Q2,2023,Q2,32.21362234273918
TABELA 3: INDICADORES DE USO,Depósitos (milhões de MT) por 1000 adultos **,2023Q3,2023,Q3,32.60811212950922
TABELA 3: INDICADORES DE USO,Depósitos (milhões de MT) por 1000 adultos **,2023,2023,,33.62713089721082
TABELA 3: INDICADORES DE USO,Depósitos (milhões de MT) por 1000 adultos **,2024Q1,2024,Q1,33.469067605405996
TABELA 3: INDICADORES DE USO,Depósitos (milhões de MT) por 1000 adultos **,2024Q2,2024,Q2,34.392574906428976
TABELA 3: INDICADORES DE USO,Depósitos (milhões de MT) por 1000 adultos **,2024Q3,2024,Q3,35.956233369666556
TABELA 3: INDICADORES DE USO,Depósitos (milhões de MT) por 1000 adultos **,2024Q4,2024,Q4,37.81015133873098
TABELA 3: INDICADORES DE USO,Depósitos (milhões de MT) por 1000 adultos **,2025Q1,2025,Q1,32.29267901236041
TABELA 3: INDICADORES DE USO,Depósitos (milhões de MT) por 1000 adultos **,2025Q2,2025,Q2,38.926264038584726
TABELA 3: INDICADORES DE USO,Depósitos (milhões de MT) por 1000 adultos **,2025Q3,2025,Q3,38.80865736685644
TABELA 3: INDICADORES DE USO,Contas bancárias em % da População Adulta,2020Q1,2020,Q1,0.30252460605796516
TABELA 3: INDICADORES DE USO,Contas bancárias em % da População Adulta,2020Q2,2020,Q2,0.3043600669839143
TABELA 3: INDICADORES DE USO,Contas bancárias em % da População Adulta,2020Q3,2020,Q3,0.30679861311584744
TABELA 3: INDICADORES DE USO,Contas bancárias em % da População Adulta,2020,2020,,0.3096669141948646
TABELA 3: INDICADORES DE USO,Contas bancárias em % da População Adulta,2021Q1,2021,Q1,0.3027882017152443
TABELA 3: INDICADORES DE USO,Contas bancárias em % da População Adulta,2021Q2,2021,Q2,0.3071931014813964
TABELA 3: INDICADORES DE USO,Contas bancárias em % da População Adulta,2021Q3,2021,Q3,0.30958102947271776
TABELA 3: INDICADORES DE USO,Contas bancárias em % da População Adulta,2021,2021,,0.3035119886784444
TABELA 3: INDICADORES DE USO,Contas bancárias em % da População Adulta,2022Q1,2022,Q1,0.2980581401909615
TABELA 3: INDICADORES DE USO,Contas bancárias em % da População Adulta,2022Q2,2022,Q2,0.3117289784976695
TABELA 3: INDICADORES DE USO,Contas bancárias em % da População Adulta,2022Q3,2022,Q3,0.3084339394309904
TABELA 3: INDICADORES DE USO,Contas bancárias em % da População Adulta,2022,2022,,0.3060210363549426
TABELA 3: INDICADORES DE USO,Contas bancárias em % da População Adulta,2023Q1,2023,Q1,0.29840899643174373
TABELA 3: INDICADORES DE USO,Contas bancárias em % da População Adulta,2023Q2,2023,Q2,0.30051909570236324
TABELA 3: INDICADORES DE USO,Contas bancárias em % da População Adulta,2023Q3,2023,Q3,0.30524443510682525
TABELA 3: INDICADORES DE USO,Contas bancárias em % da População Adulta,2023,2023,,0.30937609124796395
TABELA 3: INDICADORES DE USO,Contas bancárias em % da População Adulta,2024Q1,2024,Q1,0.3010967574676208
TABELA 3: INDICADORES DE USO,Contas bancárias em % da População Adulta,2024Q2,2024,Q2,0.3091968265515026
TABELA 3: INDICADORES DE USO,Contas bancárias em % da População Adulta,2024Q3,2024,Q3,0.32481332687380127
TABELA 3: INDICADORES DE USO,Contas bancárias em % da População Adulta,2024Q4,2024,Q4,0.3297194706295025
TABELA 3: INDICADORES DE USO,Contas bancárias em % da População Adulta,2025Q1,2025,Q1,0.32275908472883563
TABELA 3: INDICADORES DE USO,Contas bancárias em % da População Adulta,2025Q2,2025,Q2,0.32700799733955616
TABELA 3: INDICADORES DE USO,Contas bancárias em % da População Adulta,2025Q3,2025,Q3,0.33168840584574694
TABELA 3: INDICADORES DE USO,Contas bancárias com titulares mulheres em % da População Adulta feminina,2020Q1,2020,Q1,0.18515041505610116
TABELA 3: INDICADORES DE USO,Contas bancárias com titulares mulheres em % da População Adulta feminina,2020Q2,2020,Q2,0.19282643912122602
TABELA 3: INDICADORES DE USO,Contas bancárias com titulares mulheres em % da População Adulta feminina,2020Q3,2020,Q3,0.1934255104402939
TABELA 3: INDICADORES DE USO,Contas bancárias com titulares mulheres em % da População Adulta feminina,2020,2020,,0.1949716303900797
TABELA 3: INDICADORES DE USO,Contas bancárias com titulares mulheres em % da População Adulta feminina,2021Q1,2021,Q1,0.18959214673024896
TABELA 3: INDICADORES DE USO,Contas bancárias com titulares mulheres em % da População Adulta feminina,2021Q2,2021,Q2,0.18993132848373856
TABELA 3: INDICADORES DE USO,Contas bancárias com titulares mulheres em % da População Adulta feminina,2021Q3,2021,Q3,0.19502172375725751
TABELA 3: INDICADORES DE USO,Contas bancárias com titulares mulheres em % da População Adulta feminina,2021,2021,,0.18616251877037385
TABELA 3: INDICADORES DE USO,Contas bancárias com titulares mulheres em % da População Adulta feminina,2022Q1,2022,Q1,0.1837908178052989
TABELA 3: INDICADORES DE USO,Contas bancárias com titulares mulheres em % da População Adulta feminina,2022Q2,2022,Q2,0.19246484691376084
TABELA 3: INDICADORES DE USO,Contas bancárias com titulares mulheres em % da População Adulta feminina,2022Q3,2022,Q3,0.19103927448255686
TABELA 3: INDICADORES DE USO,Contas bancárias com titulares mulheres em % da População Adulta feminina,2022,2022,,0.1893849733592292
TABELA 3: INDICADORES DE USO,Contas bancárias com titulares mulheres em % da População Adulta feminina,2023Q1,2023,Q1,0.18451304201713067
TABELA 3: INDICADORES DE USO,Contas bancárias com titulares mulheres em % da População Adulta feminina,2023Q2,2023,Q2,0.18451302268812939
TABELA 3: INDICADORES DE USO,Contas bancárias com titulares mulheres em % da População Adulta feminina,2023Q3,2023,Q3,0.18934126496176323
TABELA 3: INDICADORES DE USO,Contas bancárias com titulares mulheres em % da População Adulta feminina,2023,2023,,0.19273182450674986
TABELA 3: INDICADORES DE USO,Contas bancárias com titulares mulheres em % da População Adulta feminina,2024Q1,2024,Q1,0.18875179135539483
TABELA 3: INDICADORES DE USO,Contas bancárias com titulares mulheres em % da População Adulta feminina,2024Q2,2024,Q2,0.19285547187264543
TABELA 3: INDICADORES DE USO,Contas bancárias com titulares mulheres em % da População Adulta feminina,2024Q3,2024,Q3,0.203621875889857
TABELA 3: INDICADORES DE USO,Contas bancárias com titulares mulheres em % da População Adulta feminina,2024Q4,2024,Q4,0.20766856506219994
TABELA 3: INDICADORES DE USO,Contas bancárias com titulares mulheres em % da População Adulta feminina,2025Q1,2025,Q1,0.204153826354384
TABELA 3: INDICADORES DE USO,Contas bancárias com titulares mulheres em % da População Adulta feminina,2025Q2,2025,Q2,0.20758990565646562
TABELA 3: INDICADORES DE USO,Contas bancárias com titulares mulheres em % da População Adulta feminina,2025Q3,2025,Q3,0.21132053957084998
TABELA 3: INDICADORES DE USO,Contas bancárias com titulares homens em % da População Adulta masculina,2020Q1,2020,Q1,0.41236707587235694
TABELA 3: INDICADORES DE USO,Contas bancárias com titulares homens em % da População Adulta masculina,2020Q2,2020,Q2,0.4077922081251425
TABELA 3: INDICADORES DE USO,Contas bancárias com titulares homens em % da População Adulta masculina,2020Q3,2020,Q3,0.41363118575224345
TABELA 3: INDICADORES DE USO,Contas bancárias com titulares homens em % da População Adulta masculina,2020,2020,,0.4172276565502413
TABELA 3: INDICADORES DE USO,Contas bancárias com titulares homens em % da População Adulta masculina,2021Q1,2021,Q1,0.405663510065352
TABELA 3: INDICADORES DE USO,Contas bancárias com titulares homens em % da População Adulta masculina,2021Q2,2021,Q2,0.4069735296107493
TABELA 3: INDICADORES DE USO,Contas bancárias com titulares homens em % da População Adulta masculina,2021Q3,2021,Q3,0.4128478245892146
TABELA 3: INDICADORES DE USO,Contas bancárias com titulares homens em % da População Adulta masculina,2021,2021,,0.40941729392143733
TABELA 3: INDICADORES DE USO,Contas bancárias com titulares homens em % da População Adulta masculina,2022Q1,2022,Q1,0.40590387533025707
TABELA 3: INDICADORES DE USO,Contas bancárias com titulares homens em % da População Adulta masculina,2022Q2,2022,Q2,0.4234840284567559
TABELA 3: INDICADORES DE USO,Contas bancárias com titulares homens em % da População Adulta masculina,2022Q3,2022,Q3,0.4198285250366633
TABELA 3: INDICADORES DE USO,Contas bancárias com titulares homens em % da População Adulta masculina,2022,2022,,0.4161483123510487
TABELA 3: INDICADORES DE USO,Contas bancárias com titulares homens em % da População Adulta masculina,2023Q1,2023,Q1,0.40553783113165304
TABELA 3: INDICADORES DE USO,Contas bancárias com titulares homens em % da População Adulta masculina,2023Q2,2023,Q2,0.4091804476714718
TABELA 3: INDICADORES DE USO,Contas bancárias com titulares homens em % da População Adulta masculina,2023Q3,2023,Q3,0.414931576279777
TABELA 3: INDICADORES DE USO,Contas bancárias com titulares homens em % da População Adulta masculina,2023,2023,,0.4194531995898113
TABELA 3: INDICADORES DE USO,Contas bancárias com titulares homens em % da População Adulta masculina,2024Q1,2024,Q1,0.40654751920856186
TABELA 3: INDICADORES DE USO,Contas bancárias com titulares homens em % da População Adulta masculina,2024Q2,2024,Q2,0.4154392329907466
TABELA 3: INDICADORES DE USO,Contas bancárias com titulares homens em % da População Adulta masculina,2024Q3,2024,Q3,0.43554782230290645
TABELA 3: INDICADORES DE USO,Contas bancárias com titulares homens em % da População Adulta masculina,2024Q4,2024,Q4,0.44121190496442225
TABELA 3: INDICADORES DE USO,Contas bancárias com titulares homens em % da População Adulta masculina,2025Q1,2025,Q1,0.43065601906082795
TABELA 3: INDICADORES DE USO,Contas bancárias com titulares homens em % da População Adulta masculina,2025Q2,2025,Q2,0.4354995666103767
TABELA 3: INDICADORES DE USO,Contas bancárias com titulares homens em % da População Adulta masculina,2025Q3,2025,Q3,0.44111240535945734
TABELA 3: INDICADORES DE USO,Contas bancárias população urbana em % da População Adulta urbana,2020Q1,2020,Q1,0.5643767931898428
TABELA 3: INDICADORES DE USO,Contas bancárias população urbana em % da População Adulta urbana,2020Q2,2020,Q2,0.5692753229650515
TABELA 3: INDICADORES DE USO,Contas bancárias população urbana em % da População Adulta urbana,2020Q3,2020,Q3,0.5772837738088523
TABELA 3: INDICADORES DE USO,Contas bancárias população urbana em % da População Adulta urbana,2020,2020,,0.568731592357625
TABELA 3: INDICADORES DE USO,Contas bancárias população urbana em % da População Adulta urbana,2021Q1,2021,Q1,0.5497191020929851
TABELA 3: INDICADORES DE USO,Contas bancárias população urbana em % da População Adulta urbana,2021Q2,2021,Q2,0.557199830460458
TABELA 3: INDICADORES DE USO,Contas bancárias população urbana em % da População Adulta urbana,2021Q3,2021,Q3,0.5617663234358926
TABELA 3: INDICADORES DE USO,Contas bancárias população urbana em % da População Adulta urbana,2021,2021,,0.5505928393700683
TABELA 3: INDICADORES DE USO,Contas bancárias população urbana em % da População Adulta urbana,2022Q1,2022,Q1,0.5394283079582906
TABELA 3: INDICADORES DE USO,Contas bancárias população urbana em % da População Adulta urbana,2022Q2,2022,Q2,0.5669311812932116
TABELA 3: INDICADORES DE USO,Contas bancárias população urbana em % da População Adulta urbana,2022Q3,2022,Q3,0.557219322778279
TABELA 3: INDICADORES DE USO,Contas bancárias população urbana em % da População Adulta urbana,2022,2022,,0.5487875359846416
TABELA 3: INDICADORES DE USO,Contas bancárias população urbana em % da População Adulta urbana,2023Q1,2023,Q1,0.5341520966924493
TABELA 3: INDICADORES DE USO,Contas bancárias população urbana em % da População Adulta urbana,2023Q2,2023,Q2,0.5443179593362325
TABELA 3: INDICADORES DE USO,Contas bancárias população urbana em % da População Adulta urbana,2023Q3,2023,Q3,0.5501631534294851
TABELA 3: INDICADORES DE USO,Contas bancárias população urbana em % da População Adulta urbana,2023,2023,,0.5613097957319063
TABELA 3: INDICADORES DE USO,Contas bancárias população urbana em % da População Adulta urbana,2024Q1,2024,Q1,0.6509379182907932
TABELA 3: INDICADORES DE USO,Contas bancárias população urbana em % da População Adulta urbana,2024Q2,2024,Q2,0.6906357648055073
TABELA 3: INDICADORES DE USO,Contas bancárias população urbana em % da População Adulta urbana,2024Q3,2024,Q3,0.7195298301574515
TABELA 3: INDICADORES DE USO,Contas bancárias população urbana em % da População Adulta urbana,2024Q4,2024,Q4,0.7338280620661528
TABELA 3: INDICADORES DE USO,Contas bancárias população urbana em % da População Adulta urbana,2025Q1,2025,Q1,0.6004282541888084
TABELA 3: INDICADORES DE USO,Contas bancárias população urbana em % da População Adulta urbana,2025Q2,2025,Q2,0.6080127521184857
TABELA 3: INDICADORES DE USO,Contas bancárias população urbana em % da População Adulta urbana,2025Q3,2025,Q3,0.6148846300570369
TABELA 3: INDICADORES DE USO,Contas bancárias população rural em % da População Adulta rural,2020Q1,2020,Q1,0.1486170605478677
TABELA 3: INDICADORES DE USO,Contas bancárias população rural em % da População Adulta rural,2020Q2,2020,Q2,0.1486521568731555
TABELA 3: INDICADORES DE USO,Contas bancárias população rural em % da População Adulta rural,2020Q3,2020,Q3,0.14781690807399284
TABELA 3: INDICADORES DE USO,Contas bancárias população rural em % da População Adulta rural,2020,2020,,0.15739776883801135
TABELA 3: INDICADORES DE USO,Contas bancárias população rural em % da População Adulta rural,2021Q1,2021,Q1,0.15529686346379434
TABELA 3: INDICADORES DE USO,Contas bancárias população rural em % da População Adulta rural,2021Q2,2021,Q2,0.15786457689179717
TABELA 3: INDICADORES DE USO,Contas bancárias população rural em % da População Adulta rural,2021Q3,2021,Q3,0.15895125232832252
TABELA 3: INDICADORES DE USO,Contas bancárias população rural em % da População Adulta rural,2021,2021,,0.15593108540118356
TABELA 3: INDICADORES DE USO,Contas bancárias população rural em % da População Adulta rural,2022Q1,2022,Q1,0.15388821652599494
TABELA 3: INDICADORES DE USO,Contas bancárias população rural em % da População Adulta rural,2022Q2,2022,Q2,0.15929720767655015
TABELA 3: INDICADORES DE USO,Contas bancárias população rural em % da População Adulta rural,2022Q3,2022,Q3,0.15983492217085937
TABELA 3: INDICADORES DE USO,Contas bancárias população rural em % da População Adulta rural,2022,2022,,0.16101708643117635
TABELA 3: INDICADORES DE USO,Contas bancárias população rural em % da População Adulta rural,2023Q1,2023,Q1,0.1576000983725997
TABELA 3: INDICADORES DE USO,Contas bancárias população rural em % da População Adulta rural,2023Q2,2023,Q2,0.15489847043201108
TABELA 3: INDICADORES DE USO,Contas bancárias população rural em % da População Adulta rural,2023Q3,2023,Q3,0.1589549223371251
TABELA 3: INDICADORES DE USO,Contas bancárias população rural em % da População Adulta rural,2023,2023,,0.15889654018884455
TABELA 3: INDICADORES DE USO,Contas bancárias população rural em % da População Adulta rural,2024Q1,2024,Q1,0.13908831420708717
TABELA 3: INDICADORES DE USO,Contas bancárias população rural em % da População Adulta rural,2024Q2,2024,Q2,0.13255572337177376
TABELA 3: INDICADORES DE USO,Contas bancárias população rural em % da População Adulta rural,2024Q3,2024,Q3,0.14202349712432885
TABELA 3: INDICADORES DE USO,Contas bancárias população rural em % da População Adulta rural,2024Q4,2024,Q4,0.14258024535134806
TABELA 3: INDICADORES DE USO,Contas bancárias população rural em % da População Adulta rural,2025Q1,2025,Q1,0.1536717077529238
TABELA 3: INDICADORES DE USO,Contas bancárias população rural em % da População Adulta rural,2025Q2,2025,Q2,0.1558894068394398
TABELA 3: INDICADORES DE USO,Contas bancárias população rural em % da População Adulta rural,2025Q3,2025,Q3,0.15923531422416506
TABELA 3: INDICADORES DE USO,Contas IME em % da População Adulta,2020Q1,2020,Q1,0.5613779755582547
TABELA 3: INDICADORES DE USO,Contas IME em % da População Adulta,2020Q2,2020,Q2,0.587089921729042
TABELA 3: INDICADORES DE USO,Contas IME em % da População Adulta,2020Q3,2020,Q3,0.6128845386867207
TABELA 3: INDICADORES DE USO,Contas IME em % da População Adulta,2020,2020,,0.6556653394555712
TABELA 3: INDICADORES DE USO,Contas IME em % da População Adulta,2021Q1,2021,Q1,0.6467742470979011
TABELA 3: INDICADORES DE USO,Contas IME em % da População Adulta,2021Q2,2021,Q2,0.7035372352874858
TABELA 3: INDICADORES DE USO,Contas IME em % da População Adulta,2021Q3,2021,Q3,0.7780779071405787
TABELA 3: INDICADORES DE USO,Contas IME em % da População Adulta,2021,2021,,0.6724778932441363
TABELA 3: INDICADORES DE USO,Contas IME em % da População Adulta,2022Q1,2022,Q1,0.6791291392308324
TABELA 3: INDICADORES DE USO,Contas IME em % da População Adulta,2022Q2,2022,Q2,0.597042847611083
TABELA 3: INDICADORES DE USO,Contas IME em % da População Adulta,2022Q3,2022,Q3,0.5736992666957498
TABELA 3: INDICADORES DE USO,Contas IME em % da População Adulta,2022,2022,,0.6850598360768451
TABELA 3: INDICADORES DE USO,Contas IME em % da População Adulta,2023Q1,2023,Q1,0.745800801751639
TABELA 3: INDICADORES DE USO,Contas IME em % da População Adulta,2023Q2,2023,Q2,0.8283287527726295
TABELA 3: INDICADORES DE USO,Contas IME em % da População Adulta,2023Q3,2023,Q3,0.894600699197374
TABELA 3: INDICADORES DE USO,Contas IME em % da População Adulta,2023,2023,,0.9316469452600071
TABELA 3: INDICADORES DE USO,Contas IME em % da População Adulta,2024Q1,2024,Q1,0.909660943073126
TABELA 3: INDICADORES DE USO,Contas IME em % da População Adulta,2024Q2,2024,Q2,0.9448809314571005
TABELA 3: INDICADORES DE USO,Contas IME em % da População Adulta,2024Q3,2024,Q3,0.9919005196383832
TABELA 3: INDICADORES DE USO,Contas IME em % da População Adulta,2024Q4,2024,Q4,1.0934669693626793
TABELA 3: INDICADORES DE USO,Contas IME em % da População Adulta,2025Q1,2025,Q1,1.0975732487003742
TABELA 3: INDICADORES DE USO,Contas IME em % da População Adulta,2025Q2,2025,Q2,1.1868541439562432
TABELA 3: INDICADORES DE USO,Contas IME em % da População Adulta,2025Q3,2025,Q3,1.2383455055178907
TABELA 3: INDICADORES DE USO,Contas IME com titulares mulheres em % da População Adulta feminina,2020Q1,2020,Q1,0.4140172279834985
TABELA 3: INDICADORES DE USO,Contas IME com titulares mulheres em % da População Adulta feminina,2020Q2,2020,Q2,0.43297983275812346
TABELA 3: INDICADORES DE USO,Contas IME com titulares mulheres em % da População Adulta feminina,2020Q3,2020,Q3,0.4520034073810757
TABELA 3: INDICADORES DE USO,Contas IME com titulares mulheres em % da População Adulta feminina,2020,2020,,0.4835543219455815
TABELA 3: INDICADORES DE USO,Contas IME com titulares mulheres em % da População Adulta feminina,2021Q1,2021,Q1,0.4773388151543284
TABELA 3: INDICADORES DE USO,Contas IME com titulares mulheres em % da População Adulta feminina,2021Q2,2021,Q2,0.51923160486977
TABELA 3: INDICADORES DE USO,Contas IME com titulares mulheres em % da População Adulta feminina,2021Q3,2021,Q3,0.5742448589422953
TABELA 3: INDICADORES DE USO,Contas IME com titulares mulheres em % da População Adulta feminina,2021,2021,,0.5011498149148917
TABELA 3: INDICADORES DE USO,Contas IME com titulares mulheres em % da População Adulta feminina,2022Q1,2022,Q1,0.511563665588931
TABELA 3: INDICADORES DE USO,Contas IME com titulares mulheres em % da População Adulta feminina,2022Q2,2022,Q2,0.45756641897115025
TABELA 3: INDICADORES DE USO,Contas IME com titulares mulheres em % da População Adulta feminina,2022Q3,2022,Q3,0.4471037678947419
TABELA 3: INDICADORES DE USO,Contas IME com titulares mulheres em % da População Adulta feminina,2022,2022,,0.5390699132946761
TABELA 3: INDICADORES DE USO,Contas IME com titulares mulheres em % da População Adulta feminina,2023Q1,2023,Q1,0.6280093190919769
TABELA 3: INDICADORES DE USO,Contas IME com titulares mulheres em % da População Adulta feminina,2023Q2,2023,Q2,0.7070938287018419
TABELA 3: INDICADORES DE USO,Contas IME com titulares mulheres em % da População Adulta feminina,2023Q3,2023,Q3,0.7723067359584208
TABELA 3: INDICADORES DE USO,Contas IME com titulares mulheres em % da População Adulta feminina,2023,2023,,0.8085850735974344
TABELA 3: INDICADORES DE USO,Contas IME com titulares mulheres em % da População Adulta feminina,2024Q1,2024,Q1,0.7997924421783325
TABELA 3: INDICADORES DE USO,Contas IME com titulares mulheres em % da População Adulta feminina,2024Q2,2024,Q2,0.8179459570208323
TABELA 3: INDICADORES DE USO,Contas IME com titulares mulheres em % da População Adulta feminina,2024Q3,2024,Q3,0.8396672515281117
TABELA 3: INDICADORES DE USO,Contas IME com titulares mulheres em % da População Adulta feminina,2024Q4,2024,Q4,0.9243239566205771
TABELA 3: INDICADORES DE USO,Contas IME com titulares mulheres em % da População Adulta feminina,2025Q1,2025,Q1,0.9540059622860567
TABELA 3: INDICADORES DE USO,Contas IME com titulares mulheres em % da População Adulta feminina,2025Q2,2025,Q2,1.0301065716581352
TABELA 3: INDICADORES DE USO,Contas IME com titulares mulheres em % da População Adulta feminina,2025Q3,2025,Q3,1.0738577109546934
TABELA 3: INDICADORES DE USO,Contas IME com titulares homens em % da População Adulta masculina,2020Q1,2020,Q1,0.7218076155600287
TABELA 3: INDICADORES DE USO,Contas IME com titulares homens em % da População Adulta masculina,2020Q2,2020,Q2,0.7548674778363994
TABELA 3: INDICADORES DE USO,Contas IME com titulares homens em % da População Adulta masculina,2020Q3,2020,Q3,0.7880336364160823
TABELA 3: INDICADORES DE USO,Contas IME com titulares homens em % da População Adulta masculina,2020,2020,,0.843040261433754
TABELA 3: INDICADORES DE USO,Contas IME com titulares homens em % da População Adulta masculina,2021Q1,2021,Q1,0.8309433156628555
TABELA 3: INDICADORES DE USO,Contas IME com titulares homens em % da População Adulta masculina,2021Q2,2021,Q2,0.9038695736652795
TABELA 3: INDICADORES DE USO,Contas IME com titulares homens em % da População Adulta masculina,2021Q3,2021,Q3,0.9996357135498972
TABELA 3: INDICADORES DE USO,Contas IME com titulares homens em % da População Adulta masculina,2021,2021,,0.8587973289632306
TABELA 3: INDICADORES DE USO,Contas IME com titulares homens em % da População Adulta masculina,2022Q1,2022,Q1,0.8654623099211373
TABELA 3: INDICADORES DE USO,Contas IME com titulares homens em % da População Adulta masculina,2022Q2,2022,Q2,0.7522110823444593
TABELA 3: INDICADORES DE USO,Contas IME com titulares homens em % da População Adulta masculina,2022Q3,2022,Q3,0.714583176518836
TABELA 3: INDICADORES DE USO,Contas IME com titulares homens em % da População Adulta masculina,2022,2022,,0.8475926423784763
TABELA 3: INDICADORES DE USO,Contas IME com titulares homens em % da População Adulta masculina,2023Q1,2023,Q1,0.8766896444028065
TABELA 3: INDICADORES DE USO,Contas IME com titulares homens em % da População Adulta masculina,2023Q2,2023,Q2,0.9631226204929336
TABELA 3: INDICADORES DE USO,Contas IME com titulares homens em % da População Adulta masculina,2023Q3,2023,Q3,1.030731031718903
TABELA 3: INDICADORES DE USO,Contas IME com titulares homens em % da População Adulta masculina,2023,2023,,1.0565699737149188
TABELA 3: INDICADORES DE USO,Contas IME com titulares homens em % da População Adulta masculina,2024Q1,2024,Q1,1.0314698008900693
TABELA 3: INDICADORES DE USO,Contas IME com titulares homens em % da População Adulta masculina,2024Q2,2024,Q2,1.0584380432120106
TABELA 3: INDICADORES DE USO,Contas IME com titulares homens em % da População Adulta masculina,2024Q3,2024,Q3,1.1241386539090719
TABELA 3: INDICADORES DE USO,Contas IME com titulares homens em % da População Adulta masculina,2024Q4,2024,Q4,1.2363763384726896
TABELA 3: INDICADORES DE USO,Contas IME com titulares homens em % da População Adulta masculina,2025Q1,2025,Q1,1.2567896978220667
TABELA 3: INDICADORES DE USO,Contas IME com titulares homens em % da População Adulta masculina,2025Q2,2025,Q2,1.360702929302456
TABELA 3: INDICADORES DE USO,Contas IME com titulares homens em % da População Adulta masculina,2025Q3,2025,Q3,1.4208755936540642
TABELA 3: INDICADORES DE USO,Contas IME população urbana  em % da População Adulta urbana,2020Q1,2020,Q1,0.9692015886476617
TABELA 3: INDICADORES DE USO,Contas IME população urbana  em % da População Adulta urbana,2020Q2,2020,Q2,1.0099517059229401
TABELA 3: INDICADORES DE USO,Contas IME população urbana  em % da População Adulta urbana,2020Q3,2020,Q3,1.0539555994373924
TABELA 3: INDICADORES DE USO,Contas IME população urbana  em % da População Adulta urbana,2020,2020,,1.1163505858680145
TABELA 3: INDICADORES DE USO,Contas IME população urbana  em % da População Adulta urbana,2021Q1,2021,Q1,1.07315365660408
TABELA 3: INDICADORES DE USO,Contas IME população urbana  em % da População Adulta urbana,2021Q2,2021,Q2,1.175667848935993
TABELA 3: INDICADORES DE USO,Contas IME população urbana  em % da População Adulta urbana,2021Q3,2021,Q3,1.2649601882821415
TABELA 3: INDICADORES DE USO,Contas IME população urbana  em % da População Adulta urbana,2021,2021,,1.0823841746211424
TABELA 3: INDICADORES DE USO,Contas IME população urbana  em % da População Adulta urbana,2022Q1,2022,Q1,1.0925002722293065
TABELA 3: INDICADORES DE USO,Contas IME população urbana  em % da População Adulta urbana,2022Q2,2022,Q2,0.9781440689337247
TABELA 3: INDICADORES DE USO,Contas IME população urbana  em % da População Adulta urbana,2022Q3,2022,Q3,0.7323992440745609
TABELA 3: INDICADORES DE USO,Contas IME população urbana  em % da População Adulta urbana,2022,2022,,0.849090067359263
TABELA 3: INDICADORES DE USO,Contas IME população urbana  em % da População Adulta urbana,2023Q1,2023,Q1,0.9064715310360273
TABELA 3: INDICADORES DE USO,Contas IME população urbana  em % da População Adulta urbana,2023Q2,2023,Q2,0.9524484880126726
TABELA 3: INDICADORES DE USO,Contas IME população urbana  em % da População Adulta urbana,2023Q3,2023,Q3,0.9850447633681987
TABELA 3: INDICADORES DE USO,Contas IME população urbana  em % da População Adulta urbana,2023,2023,,1.021944284587044
TABELA 3: INDICADORES DE USO,Contas IME população urbana  em % da População Adulta urbana,2024Q1,2024,Q1,1.1719276192485968
TABELA 3: INDICADORES DE USO,Contas IME população urbana  em % da População Adulta urbana,2024Q2,2024,Q2,1.216703968313553
TABELA 3: INDICADORES DE USO,Contas IME população urbana  em % da População Adulta urbana,2024Q3,2024,Q3,1.2456063191627658
TABELA 3: INDICADORES DE USO,Contas IME população urbana  em % da População Adulta urbana,2024Q4,2024,Q4,1.3285688342203887
TABELA 3: INDICADORES DE USO,Contas IME população urbana  em % da População Adulta urbana,2025Q1,2025,Q1,1.108431209999547
TABELA 3: INDICADORES DE USO,Contas IME população urbana  em % da População Adulta urbana,2025Q2,2025,Q2,1.2308894228801364
TABELA 3: INDICADORES DE USO,Contas IME população urbana  em % da População Adulta urbana,2025Q3,2025,Q3,1.2614560860721609
TABELA 3: INDICADORES DE USO,Contas IME população rural  em % da População Adulta rural,2020Q1,2020,Q1,0.32167353780216057
TABELA 3: INDICADORES DE USO,Contas IME população rural  em % da População Adulta rural,2020Q2,2020,Q2,0.3385465736357678
TABELA 3: INDICADORES DE USO,Contas IME população rural  em % da População Adulta rural,2020Q3,2020,Q3,0.3536384155237997
TABELA 3: INDICADORES DE USO,Contas IME população rural  em % da População Adulta rural,2020,2020,,0.38489068485112243
TABELA 3: INDICADORES DE USO,Contas IME população rural  em % da População Adulta rural,2021Q1,2021,Q1,0.39209866937665216
TABELA 3: INDICADORES DE USO,Contas IME população rural  em % da População Adulta rural,2021Q2,2021,Q2,0.4215345538491859
TABELA 3: INDICADORES DE USO,Contas IME população rural  em % da População Adulta rural,2021Q3,2021,Q3,0.4872640838943363
TABELA 3: INDICADORES DE USO,Contas IME população rural  em % da População Adulta rural,2021,2021,,0.42764168236293265
TABELA 3: INDICADORES DE USO,Contas IME população rural  em % da População Adulta rural,2022Q1,2022,Q1,0.4322233793312142
TABELA 3: INDICADORES DE USO,Contas IME população rural  em % da População Adulta rural,2022Q2,2022,Q2,0.3694118421105445
TABELA 3: INDICADORES DE USO,Contas IME população rural  em % da População Adulta rural,2022Q3,2022,Q3,0.4789080841897564
TABELA 3: INDICADORES DE USO,Contas IME população rural  em % da População Adulta rural,2022,2022,,0.5870849034599488
TABELA 3: INDICADORES DE USO,Contas IME população rural  em % da População Adulta rural,2023Q1,2023,Q1,0.6498324857505589
TABELA 3: INDICADORES DE USO,Contas IME população rural  em % da População Adulta rural,2023Q2,2023,Q2,0.7541921970442687
TABELA 3: INDICADORES DE USO,Contas IME população rural  em % da População Adulta rural,2023Q3,2023,Q3,0.840578552028815
TABELA 3: INDICADORES DE USO,Contas IME população rural  em % da População Adulta rural,2023,2023,,0.8777124332802342
TABELA 3: INDICADORES DE USO,Contas IME população rural  em % da População Adulta rural,2024Q1,2024,Q1,0.7882074930950691
TABELA 3: INDICADORES DE USO,Contas IME população rural  em % da População Adulta rural,2024Q2,2024,Q2,0.8190020127505524
TABELA 3: INDICADORES DE USO,Contas IME população rural  em % da População Adulta rural,2024Q3,2024,Q3,0.8744115382663784
TABELA 3: INDICADORES DE USO,Contas IME população rural  em % da População Adulta rural,2024Q4,2024,Q4,0.9845933106896286
TABELA 3: INDICADORES DE USO,Contas IME população rural  em % da População Adulta rural,2025Q1,2025,Q1,1.0909612643776143
TABELA 3: INDICADORES DE USO,Contas IME população rural  em % da População Adulta rural,2025Q2,2025,Q2,1.1600387440970337
TABELA 3: INDICADORES DE USO,Contas IME população rural  em % da População Adulta rural,2025Q3,2025,Q3,1.224272256212208
TABELA 3: INDICADORES DE USO,Cartões em % da População Adulta,2020Q1,2020,Q1,0.19198343088397066
TABELA 3: INDICADORES DE USO,Cartões em % da População Adulta,2020Q2,2020,Q2,0.2022887582859913
TABELA 3: INDICADORES DE USO,Cartões em % da População Adulta,2020Q3,2020,Q3,0.19207697945394916
TABELA 3: INDICADORES DE USO,Cartões em % da População Adulta,2020,2020,,0.1933110382970204
TABELA 3: INDICADORES DE USO,Cartões em % da População Adulta,2021Q1,2021,Q1,0.19280519742273416
TABELA 3: INDICADORES DE USO,Cartões em % da População Adulta,2021Q2,2021,Q2,0.191102107165051
TABELA 3: INDICADORES DE USO,Cartões em % da População Adulta,2021Q3,2021,Q3,0.19415504632436004
TABELA 3: INDICADORES DE USO,Cartões em % da População Adulta,2021,2021,,0.1940307490089357
TABELA 3: INDICADORES DE USO,Cartões em % da População Adulta,2022Q1,2022,Q1,0.18879991238969854
TABELA 3: INDICADORES DE USO,Cartões em % da População Adulta,2022Q2,2022,Q2,0.18811014214495622
TABELA 3: INDICADORES DE USO,Cartões em % da População Adulta,2022Q3,2022,Q3,0.17868129029381513
TABELA 3: INDICADORES DE USO,Cartões em % da População Adulta,2022,2022,,0.17521451251313896
TABELA 3: INDICADORES DE USO,Cartões em % da População Adulta,2023Q1,2023,Q1,0.19365373410653408
TABELA 3: INDICADORES DE USO,Cartões em % da População Adulta,2023Q2,2023,Q2,0.18439389509022167
TABELA 3: INDICADORES DE USO,Cartões em % da População Adulta,2023Q3,2023,Q3,0.21110919823030916
TABELA 3: INDICADORES DE USO,Cartões em % da População Adulta,2023,2023,,0.1832796296978294
TABELA 3: INDICADORES DE USO,Cartões em % da População Adulta,2024Q1,2024,Q1,0.18447649638749314
TABELA 3: INDICADORES DE USO,Cartões em % da População Adulta,2024Q2,2024,Q2,0.18980635961339573
TABELA 3: INDICADORES DE USO,Cartões em % da População Adulta,2024Q3,2024,Q3,0.1703080922765419
TABELA 3: INDICADORES DE USO,Cartões em % da População Adulta,2024Q4,2024,Q4,0.16858249379754334
TABELA 3: INDICADORES DE USO,Cartões em % da População Adulta,2025Q1,2025,Q1,0.17082107637467023
TABELA 3: INDICADORES DE USO,Cartões em % da População Adulta,2025Q2,2025,Q2,0.17491689986000653
TABELA 3: INDICADORES DE USO,Cartões em % da População Adulta,2025Q3,2025,Q3,0.180612155109245
TABELA 3: INDICADORES DE USO,Cartões com titulares mulheres em % da População Adulta feminina,2020Q1,2020,Q1,0.1265526409414168
TABELA 3: INDICADORES DE USO,Cartões com titulares mulheres em % da População Adulta feminina,2020Q2,2020,Q2,0.13171474390761667
TABELA 3: INDICADORES DE USO,Cartões com titulares mulheres em % da População Adulta feminina,2020Q3,2020,Q3,0.12434312833093686
TABELA 3: INDICADORES DE USO,Cartões com titulares mulheres em % da População Adulta feminina,2020,2020,,0.12350075953070874
TABELA 3: INDICADORES DE USO,Cartões com titulares mulheres em % da População Adulta feminina,2021Q1,2021,Q1,0.2173512262643667
TABELA 3: INDICADORES DE USO,Cartões com titulares mulheres em % da População Adulta feminina,2021Q2,2021,Q2,0.20978458177610912
TABELA 3: INDICADORES DE USO,Cartões com titulares mulheres em % da População Adulta feminina,2021Q3,2021,Q3,0.12171064593661927
TABELA 3: INDICADORES DE USO,Cartões com titulares mulheres em % da População Adulta feminina,2021,2021,,0.12088193038678174
TABELA 3: INDICADORES DE USO,Cartões com titulares mulheres em % da População Adulta feminina,2022Q1,2022,Q1,0.1154102570353576
TABELA 3: INDICADORES DE USO,Cartões com titulares mulheres em % da População Adulta feminina,2022Q2,2022,Q2,0.11489244821505482
TABELA 3: INDICADORES DE USO,Cartões com titulares mulheres em % da População Adulta feminina,2022Q3,2022,Q3,0.10931107806409496
TABELA 3: INDICADORES DE USO,Cartões com titulares mulheres em % da População Adulta feminina,2022,2022,,0.11044648685839353
TABELA 3: INDICADORES DE USO,Cartões com titulares mulheres em % da População Adulta feminina,2023Q1,2023,Q1,0.11875685895413285
TABELA 3: INDICADORES DE USO,Cartões com titulares mulheres em % da População Adulta feminina,2023Q2,2023,Q2,0.11606742442868506
TABELA 3: INDICADORES DE USO,Cartões com titulares mulheres em % da População Adulta feminina,2023Q3,2023,Q3,0.1342520577122135
TABELA 3: INDICADORES DE USO,Cartões com titulares mulheres em % da População Adulta feminina,2023,2023,,0.12408331226848086
TABELA 3: INDICADORES DE USO,Cartões com titulares mulheres em % da População Adulta feminina,2024Q1,2024,Q1,0.12594743049510695
TABELA 3: INDICADORES DE USO,Cartões com titulares mulheres em % da População Adulta feminina,2024Q2,2024,Q2,0.12718737185172163
TABELA 3: INDICADORES DE USO,Cartões com titulares mulheres em % da População Adulta feminina,2024Q3,2024,Q3,0.11581218284645546
TABELA 3: INDICADORES DE USO,Cartões com titulares mulheres em % da População Adulta feminina,2024Q4,2024,Q4,0.11513557512112176
TABELA 3: INDICADORES DE USO,Cartões com titulares mulheres em % da População Adulta feminina,2025Q1,2025,Q1,0.11634203071347933
TABELA 3: INDICADORES DE USO,Cartões com titulares mulheres em % da População Adulta feminina,2025Q2,2025,Q2,0.11944590483030447
TABELA 3: INDICADORES DE USO,Cartões com titulares mulheres em % da População Adulta feminina,2025Q3,2025,Q3,0.12341143920244156
TABELA 3: INDICADORES DE USO,Cartões com titulares homens em % da População Adulta masculina,2020Q1,2020,Q1,0.24664370623378445
TABELA 3: INDICADORES DE USO,Cartões com titulares homens em % da População Adulta masculina,2020Q2,2020,Q2,0.25963576151724976
TABELA 3: INDICADORES DE USO,Cartões com titulares homens em % da População Adulta masculina,2020Q3,2020,Q3,0.242546821222536
TABELA 3: INDICADORES DE USO,Cartões com titulares homens em % da População Adulta masculina,2020,2020,,0.24446618659887148
TABELA 3: INDICADORES DE USO,Cartões com titulares homens em % da População Adulta masculina,2021Q1,2021,Q1,0.1368342911550405
TABELA 3: INDICADORES DE USO,Cartões com titulares homens em % da População Adulta masculina,2021Q2,2021,Q2,0.13356340088671179
TABELA 3: INDICADORES DE USO,Cartões com titulares homens em % da População Adulta masculina,2021Q3,2021,Q3,0.23906559470083252
TABELA 3: INDICADORES DE USO,Cartões com titulares homens em % da População Adulta masculina,2021,2021,,0.23322407193500674
TABELA 3: INDICADORES DE USO,Cartões com titulares homens em % da População Adulta masculina,2022Q1,2022,Q1,0.23605947887180428
TABELA 3: INDICADORES DE USO,Cartões com titulares homens em % da População Adulta masculina,2022Q2,2022,Q2,0.23409313509326096
TABELA 3: INDICADORES DE USO,Cartões com titulares homens em % da População Adulta masculina,2022Q3,2022,Q3,0.21868617410172952
TABELA 3: INDICADORES DE USO,Cartões com titulares homens em % da População Adulta masculina,2022,2022,,0.22070585075040938
TABELA 3: INDICADORES DE USO,Cartões com titulares homens em % da População Adulta masculina,2023Q1,2023,Q1,0.2382905548498397
TABELA 3: INDICADORES DE USO,Cartões com titulares homens em % da População Adulta masculina,2023Q2,2023,Q2,0.23175237803368734
TABELA 3: INDICADORES DE USO,Cartões com titulares homens em % da População Adulta masculina,2023Q3,2023,Q3,0.2619502822994142
TABELA 3: INDICADORES DE USO,Cartões com titulares homens em % da População Adulta masculina,2023,2023,,0.2400673039521918
TABELA 3: INDICADORES DE USO,Cartões com titulares homens em % da População Adulta masculina,2024Q1,2024,Q1,0.23877395441819932
TABELA 3: INDICADORES DE USO,Cartões com titulares homens em % da População Adulta masculina,2024Q2,2024,Q2,0.2447460145478474
TABELA 3: INDICADORES DE USO,Cartões com titulares homens em % da População Adulta masculina,2024Q3,2024,Q3,0.21917139298140717
TABELA 3: INDICADORES DE USO,Cartões com titulares homens em % da População Adulta masculina,2024Q4,2024,Q4,0.21701123538597533
TABELA 3: INDICADORES DE USO,Cartões com titulares homens em % da População Adulta masculina,2025Q1,2025,Q1,0.21443168845139746
TABELA 3: INDICADORES DE USO,Cartões com titulares homens em % da População Adulta masculina,2025Q2,2025,Q2,0.22322300954244953
TABELA 3: INDICADORES DE USO,Cartões com titulares homens em % da População Adulta masculina,2025Q3,2025,Q3,0.22957472234507004
TABELA 3: INDICADORES DE USO,Cartões população urbana  em % da População Adulta urbana,2020Q1,2020,Q1,0.36681082356951095
TABELA 3: INDICADORES DE USO,Cartões população urbana  em % da População Adulta urbana,2020Q2,2020,Q2,0.3861688152978288
TABELA 3: INDICADORES DE USO,Cartões população urbana  em % da População Adulta urbana,2020Q3,2020,Q3,0.3659544344689975
TABELA 3: INDICADORES DE USO,Cartões população urbana  em % da População Adulta urbana,2020,2020,,0.36574772802102
TABELA 3: INDICADORES DE USO,Cartões população urbana  em % da População Adulta urbana,2021Q1,2021,Q1,0.34472166997076353
TABELA 3: INDICADORES DE USO,Cartões população urbana  em % da População Adulta urbana,2021Q2,2021,Q2,0.33731341316918156
TABELA 3: INDICADORES DE USO,Cartões população urbana  em % da População Adulta urbana,2021Q3,2021,Q3,0.3444843334357138
TABELA 3: INDICADORES DE USO,Cartões população urbana  em % da População Adulta urbana,2021,2021,,0.3635500024000324
TABELA 3: INDICADORES DE USO,Cartões população urbana  em % da População Adulta urbana,2022Q1,2022,Q1,0.354378583164755
TABELA 3: INDICADORES DE USO,Cartões população urbana  em % da População Adulta urbana,2022Q2,2022,Q2,0.35158289177489
TABELA 3: INDICADORES DE USO,Cartões população urbana  em % da População Adulta urbana,2022Q3,2022,Q3,0.3286482350221111
TABELA 3: INDICADORES DE USO,Cartões população urbana  em % da População Adulta urbana,2022,2022,,0.31385127584504147
TABELA 3: INDICADORES DE USO,Cartões população urbana  em % da População Adulta urbana,2023Q1,2023,Q1,0.35624452787024374
TABELA 3: INDICADORES DE USO,Cartões população urbana  em % da População Adulta urbana,2023Q2,2023,Q2,0.33944085836502463
TABELA 3: INDICADORES DE USO,Cartões população urbana  em % da População Adulta urbana,2023Q3,2023,Q3,0.3858053549921983
TABELA 3: INDICADORES DE USO,Cartões população urbana  em % da População Adulta urbana,2023,2023,,0.33350845134764734
TABELA 3: INDICADORES DE USO,Cartões população urbana  em % da População Adulta urbana,2024Q1,2024,Q1,0.3986851084926685
TABELA 3: INDICADORES DE USO,Cartões população urbana  em % da População Adulta urbana,2024Q2,2024,Q2,0.4273612145389171
TABELA 3: INDICADORES DE USO,Cartões população urbana  em % da População Adulta urbana,2024Q3,2024,Q3,0.3742254750971771
TABELA 3: INDICADORES DE USO,Cartões população urbana  em % da População Adulta urbana,2024Q4,2024,Q4,0.3689012821891569
TABELA 3: INDICADORES DE USO,Cartões população urbana  em % da População Adulta urbana,2025Q1,2025,Q1,0.31407571154212444
TABELA 3: INDICADORES DE USO,Cartões população urbana  em % da População Adulta urbana,2025Q2,2025,Q2,0.3206991889530394
TABELA 3: INDICADORES DE USO,Cartões população urbana  em % da População Adulta urbana,2025Q3,2025,Q3,0.33097517468262966
TABELA 3: INDICADORES DE USO,Cartões população rural em % da População Adulta rural,2020Q1,2020,Q1,0.08922601193367528
TABELA 3: INDICADORES DE USO,Cartões população rural em % da População Adulta rural,2020Q2,2020,Q2,0.09421050026977851
TABELA 3: INDICADORES DE USO,Cartões população rural em % da População Adulta rural,2020Q3,2020,Q3,0.08987790059947044
TABELA 3: INDICADORES DE USO,Cartões população rural em % da População Adulta rural,2020,2020,,0.09195879082489622
TABELA 3: INDICADORES DE USO,Cartões população rural em % da População Adulta rural,2021Q1,2021,Q1,0.10206578893123906
TABELA 3: INDICADORES DE USO,Cartões população rural em % da População Adulta rural,2021Q2,2021,Q2,0.10377038336275358
TABELA 3: INDICADORES DE USO,Cartões população rural em % da População Adulta rural,2021Q3,2021,Q3,0.10436366055400022
TABELA 3: INDICADORES DE USO,Cartões população rural em % da População Adulta rural,2021,2021,,0.09277723434636444
TABELA 3: INDICADORES DE USO,Cartões população rural em % da População Adulta rural,2022Q1,2022,Q1,0.0899000999273828
TABELA 3: INDICADORES DE USO,Cartões população rural em % da População Adulta rural,2022Q2,2022,Q2,0.09046819221613074
TABELA 3: INDICADORES DE USO,Cartões população rural em % da População Adulta rural,2022Q3,2022,Q3,0.08910633091197395
TABELA 3: INDICADORES DE USO,Cartões população rural em % da População Adulta rural,2022,2022,,0.09240704806299484
TABELA 3: INDICADORES DE USO,Cartões população rural em % da População Adulta rural,2023Q1,2023,Q1,0.0965385673037261
TABELA 3: INDICADORES DE USO,Cartões população rural em % da População Adulta rural,2023Q2,2023,Q2,0.09178462178777477
TABELA 3: INDICADORES DE USO,Cartões população rural em % da População Adulta rural,2023Q3,2023,Q3,0.10676349657507639
TABELA 3: INDICADORES DE USO,Cartões população rural em % da População Adulta rural,2023,2023,,0.09354822334440763
TABELA 3: INDICADORES DE USO,Cartões população rural em % da População Adulta rural,2024Q1,2024,Q1,0.08527832399833868
TABELA 3: INDICADORES DE USO,Cartões população rural em % da População Adulta rural,2024Q2,2024,Q2,0.07979674226331387
TABELA 3: INDICADORES DE USO,Cartões população rural em % da População Adulta rural,2024Q3,2024,Q3,0.07587569996798893
TABELA 3: INDICADORES DE USO,Cartões população rural em % da População Adulta rural,2024Q4,2024,Q4,0.07581657972728577
TABELA 3: INDICADORES DE USO,Cartões população rural em % da População Adulta rural,2025Q1,2025,Q1,0.08358578645315871
TABELA 3: INDICADORES DE USO,Cartões população rural em % da População Adulta rural,2025Q2,2025,Q2,0.08614238837849905
TABELA 3: INDICADORES DE USO,Cartões população rural em % da População Adulta rural,2025Q3,2025,Q3,0.08904819565602833
