Year,Month,Province,District,Gender,Age,Subscribers
2025,Janeiro,Província de Maputo,Cidade de Maputo,Homens,0 a 16,2467.0
2025,Janeiro,Província de Maputo,Cidade de Maputo,Mulheres,0 a 16,2185.0
2025,Janeiro,Província de Maputo,Cidade de Maputo,Homens,17 a 21,137052.0
2025,Janeiro,Província de Maputo,Cidade de Maputo,Mulheres,17 a 21,115672.0
2025,Janeiro,Província de Maputo,Cidade de Maputo,Homens,22 a 60,871109.0
2025,Janeiro,Província de Maputo,Cidade de Maputo,Mulheres,22 a 60,673664.0
2025,Janeiro,Província de Maputo,Cidade de Maputo,Homens,Mais de 60,54025.0
2025,Janeiro,Província de Maputo,Cidade de Maputo,Mulheres,Mais de 60,49589.0
2025,Janeiro,Província de Maputo,Cidade de Maputo,Outros,N/A,2600.0
2025,Fevereiro,Província de Maputo,Cidade de Maputo,Homens,0 a 16,1909.0
2025,Fevereiro,Província de Maputo,Cidade de Maputo,Mulheres,0 a 16,1630.0
2025,Fevereiro,Província de Maputo,Cidade de Maputo,Homens,17 a 21,94964.0
2025,Fevereiro,Província de Maputo,Cidade de Maputo,Mulheres,17 a 21,91037.0
2025,Fevereiro,Província de Maputo,Cidade de Maputo,Homens,22 a 60,699126.0
2025,Fevereiro,Província de Maputo,Cidade de Maputo,Mulheres,22 a 60,609668.0
2025,Fevereiro,Província de Maputo,Cidade de Maputo,Homens,Mais de 60,50161.0
2025,Fevereiro,Província de Maputo,Cidade de Maputo,Mulheres,Mais de 60,49190.0
2025,Fevereiro,Província de Maputo,Cidade de Maputo,Outros,N/A,2843.0
2025,Março,Província de Maputo,Cidade de Maputo,Homens,0 a 16,2965.0
2025,Março,Província de Maputo,Cidade de Maputo,Mulheres,0 a 16,2823.0
2025,Março,Província de Maputo,Cidade de Maputo,Homens,17 a 21,148359.0
2025,Março,Província de Maputo,Cidade de Maputo,Mulheres,17 a 21,127141.0
2025,Março,Província de Maputo,Cidade de Maputo,Homens,22 a 60,921137.0
2025,Março,Província de Maputo,Cidade de Maputo,Mulheres,22 a 60,717411.0
2025,Março,Província de Maputo,Cidade de Maputo,Homens,Mais de 60,56805.0
2025,Março,Província de Maputo,Cidade de Maputo,Mulheres,Mais de 60,52538.0
2025,Março,Província de Maputo,Cidade de Maputo,Outros,N/A,3028.0
2025,Abril,Província de Maputo,Cidade de Maputo,Homens,0 a 16,3007.0
2025,Abril,Província de Maputo,Cidade de Maputo,Mulheres,0 a 16,2882.0
2025,Abril,Província de Maputo,Cidade de Maputo,Homens,17 a 21,150875.0
2025,Abril,Província de Maputo,Cidade de Maputo,Mulheres,17 a 21,129990.0
2025,Abril,Província de Maputo,Cidade de Maputo,Homens,22 a 60,941119.0
2025,Abril,Província de Maputo,Cidade de Maputo,Mulheres,22 a 60,736917.0
2025,Abril,Província de Maputo,Cidade de Maputo,Homens,Mais de 60,57709.0
2025,Abril,Província de Maputo,Cidade de Maputo,Mulheres,Mais de 60,53775.0
2025,Abril,Província de Maputo,Cidade de Maputo,Outros,N/A,3010.0
2025,Maio,Província de Maputo,Cidade de Maputo,Homens,0 a 16,3441.0
2025,Maio,Província de Maputo,Cidade de Maputo,Mulheres,0 a 16,3277.0
2025,Maio,Província de Maputo,Cidade de Maputo,Homens,17 a 21,155813.0
2025,Maio,Província de Maputo,Cidade de Maputo,Mulheres,17 a 21,135935.0
2025,Maio,Província de Maputo,Cidade de Maputo,Homens,22 a 60,959365.0
2025,Maio,Província de Maputo,Cidade de Maputo,Mulheres,22 a 60,754841.0
2025,Maio,Província de Maputo,Cidade de Maputo,Homens,Mais de 60,58857.0
2025,Maio,Província de Maputo,Cidade de Maputo,Mulheres,Mais de 60,55256.0
2025,Maio,Província de Maputo,Cidade de Maputo,Outros,N/A,3083.0
2025,Junho,Província de Maputo,Cidade de Maputo,Homens,0 a 16,3748.0
2025,Junho,Província de Maputo,Cidade de Maputo,Mulheres,0 a 16,3696.0
2025,Junho,Província de Maputo,Cidade de Maputo,Homens,17 a 21,161676.0
2025,Junho,Província de Maputo,Cidade de Maputo,Mulheres,17 a 21,141087.0
2025,Junho,Província de Maputo,Cidade de Maputo,Homens,22 a 60,992436.0
2025,Junho,Província de Maputo,Cidade de Maputo,Mulheres,22 a 60,781588.0
2025,Junho,Província de Maputo,Cidade de Maputo,Homens,Mais de 60,60242.0
2025,Junho,Província de Maputo,Cidade de Maputo,Mulheres,Mais de 60,56773.0
2025,Junho,Província de Maputo,Cidade de Maputo,Outros,N/A,3256.0
2025,Julho,Província de Maputo,Cidade de Maputo,Homens,0 a 16,3914.0
2025,Julho,Província de Maputo,Cidade de Maputo,Mulheres,0 a 16,3896.0
2025,Julho,Província de Maputo,Cidade de Maputo,Homens,17 a 21,163224.0
2025,Julho,Província de Maputo,Cidade de Maputo,Mulheres,17 a 21,143601.0
2025,Julho,Província de Maputo,Cidade de Maputo,Homens,22 a 60,982182.0
2025,Julho,Província de Maputo,Cidade de Maputo,Mulheres,22 a 60,776576.0
2025,Julho,Província de Maputo,Cidade de Maputo,Homens,Mais de 60,59601.0
2025,Julho,Província de Maputo,Cidade de Maputo,Mulheres,Mais de 60,56751.0
2025,Julho,Província de Maputo,Cidade de Maputo,Outros,N/A,3002.0
2025,Agosto,Província de Maputo,Cidade de Maputo,Homens,0 a 16,3991.0
2025,Agosto,Província de Maputo,Cidade de Maputo,Mulheres,0 a 16,3979.0
2025,Agosto,Província de Maputo,Cidade de Maputo,Homens,17 a 21,167759.0
2025,Agosto,Província de Maputo,Cidade de Maputo,Mulheres,17 a 21,147186.0
2025,Agosto,Província de Maputo,Cidade de Maputo,Homens,22 a 60,1007665.0
2025,Agosto,Província de Maputo,Cidade de Maputo,Mulheres,22 a 60,796856.0
2025,Agosto,Província de Maputo,Cidade de Maputo,Homens,Mais de 60,61206.0
2025,Agosto,Província de Maputo,Cidade de Maputo,Mulheres,Mais de 60,58327.0
2025,Agosto,Província de Maputo,Cidade de Maputo,Outros,N/A,2771.0
2025,Setembro,Província de Maputo,Cidade de Maputo,Homens,0 a 16,4187.0
2025,Setembro,Província de Maputo,Cidade de Maputo,Mulheres,0 a 16,4180.0
2025,Setembro,Província de Maputo,Cidade de Maputo,Homens,17 a 21,169848.0
2025,Setembro,Província de Maputo,Cidade de Maputo,Mulheres,17 a 21,149423.0
2025,Setembro,Província de Maputo,Cidade de Maputo,Homens,22 a 60,1019282.0
2025,Setembro,Província de Maputo,Cidade de Maputo,Mulheres,22 a 60,806426.0
2025,Setembro,Província de Maputo,Cidade de Maputo,Homens,Mais de 60,61667.0
2025,Setembro,Província de Maputo,Cidade de Maputo,Mulheres,Mais de 60,58637.0
2025,Setembro,Província de Maputo,Cidade de Maputo,Outros,N/A,2963.0
2025,Outubro,Província de Maputo,Cidade de Maputo,Homens,0 a 16,4263.0
2025,Outubro,Província de Maputo,Cidade de Maputo,Mulheres,0 a 16,4200.0
2025,Outubro,Província de Maputo,Cidade de Maputo,Homens,17 a 21,171864.0
2025,Outubro,Província de Maputo,Cidade de Maputo,Mulheres,17 a 21,151771.0
2025,Outubro,Província de Maputo,Cidade de Maputo,Homens,22 a 60,1040020.0
2025,Outubro,Província de Maputo,Cidade de Maputo,Mulheres,22 a 60,825176.0
2025,Outubro,Província de Maputo,Cidade de Maputo,Homens,Mais de 60,63255.0
2025,Outubro,Província de Maputo,Cidade de Maputo,Mulheres,Mais de 60,60485.0
2025,Outubro,Província de Maputo,Cidade de Maputo,Outros,N/A,3200.0
2025,Novembro,Província de Maputo,Cidade de Maputo,Homens,0 a 16,4306.0
2025,Novembro,Província de Maputo,Cidade de Maputo,Mulheres,0 a 16,4225.0
2025,Novembro,Província de Maputo,Cidade de Maputo,Homens,17 a 21,172009.0
2025,Novembro,Província de Maputo,Cidade de Maputo,Mulheres,17 a 21,154675.0
2025,Novembro,Província de Maputo,Cidade de Maputo,Homens,22 a 60,1004429.0
2025,Novembro,Província de Maputo,Cidade de Maputo,Mulheres,22 a 60,873539.0
2025,Novembro,Província de Maputo,Cidade de Maputo,Homens,Mais de 60,61116.0
2025,Novembro,Província de Maputo,Cidade de Maputo,Mulheres,Mais de 60,63699.0
2025,Novembro,Província de Maputo,Cidade de Maputo,Outros,N/A,992.0
2025,Dezembro,Província de Maputo,Cidade de Maputo,Homens,0 a 16,4305.0
2025,Dezembro,Província de Maputo,Cidade de Maputo,Mulheres,0 a 16,4144.0
2025,Dezembro,Província de Maputo,Cidade de Maputo,Homens,17 a 21,173478.0
2025,Dezembro,Província de Maputo,Cidade de Maputo,Mulheres,17 a 21,153363.0
2025,Dezembro,Província de Maputo,Cidade de Maputo,Homens,22 a 60,1052350.0
2025,Dezembro,Província de Maputo,Cidade de Maputo,Mulheres,22 a 60,838525.0
2025,Dezembro,Província de Maputo,Cidade de Maputo,Homens,Mais de 60,65583.0
2025,Dezembro,Província de Maputo,Cidade de Maputo,Mulheres,Mais de 60,62809.0
2025,Dezembro,Província de Maputo,Cidade de Maputo,Outros,N/A,982.0
2025,Janeiro,Província de Maputo,Cidade da Matola,Homens,0 a 16,1448.0
2025,Janeiro,Província de Maputo,Cidade da Matola,Mulheres,0 a 16,1225.0
2025,Janeiro,Província de Maputo,Cidade da Matola,Homens,17 a 21,91465.0
2025,Janeiro,Província de Maputo,Cidade da Matola,Mulheres,17 a 21,86861.0
2025,Janeiro,Província de Maputo,Cidade da Matola,Homens,22 a 60,644015.0
2025,Janeiro,Província de Maputo,Cidade da Matola,Mulheres,22 a 60,603005.0
2025,Janeiro,Província de Maputo,Cidade da Matola,Homens,Mais de 60,38728.0
2025,Janeiro,Província de Maputo,Cidade da Matola,Mulheres,Mais de 60,37296.0
2025,Janeiro,Província de Maputo,Cidade da Matola,Outros,N/A,1870.0
2025,Fevereiro,Província de Maputo,Cidade da Matola,Homens,0 a 16,1603.0
2025,Fevereiro,Província de Maputo,Cidade da Matola,Mulheres,0 a 16,1369.0
2025,Fevereiro,Província de Maputo,Cidade da Matola,Homens,17 a 21,93202.0
2025,Fevereiro,Província de Maputo,Cidade da Matola,Mulheres,17 a 21,89344.0
2025,Fevereiro,Província de Maputo,Cidade da Matola,Homens,22 a 60,647003.0
2025,Fevereiro,Província de Maputo,Cidade da Matola,Mulheres,22 a 60,608874.0
2025,Fevereiro,Província de Maputo,Cidade da Matola,Homens,Mais de 60,39165.0
2025,Fevereiro,Província de Maputo,Cidade da Matola,Mulheres,Mais de 60,38003.0
2025,Fevereiro,Província de Maputo,Cidade da Matola,Outros,N/A,1700.0
2025,Março,Província de Maputo,Cidade da Matola,Homens,0 a 16,1719.0
2025,Março,Província de Maputo,Cidade da Matola,Mulheres,0 a 16,1533.0
2025,Março,Província de Maputo,Cidade da Matola,Homens,17 a 21,100487.0
2025,Março,Província de Maputo,Cidade da Matola,Mulheres,17 a 21,95829.0
2025,Março,Província de Maputo,Cidade da Matola,Homens,22 a 60,699924.0
2025,Março,Província de Maputo,Cidade da Matola,Mulheres,22 a 60,659738.0
2025,Março,Província de Maputo,Cidade da Matola,Homens,Mais de 60,42545.0
2025,Março,Província de Maputo,Cidade da Matola,Mulheres,Mais de 60,41302.0
2025,Março,Província de Maputo,Cidade da Matola,Outros,N/A,1910.0
2025,Abril,Província de Maputo,Cidade da Matola,Homens,0 a 16,1410.0
2025,Abril,Província de Maputo,Cidade da Matola,Mulheres,0 a 16,1247.0
2025,Abril,Província de Maputo,Cidade da Matola,Homens,17 a 21,92440.0
2025,Abril,Província de Maputo,Cidade da Matola,Mulheres,17 a 21,88855.0
2025,Abril,Província de Maputo,Cidade da Matola,Homens,22 a 60,642559.0
2025,Abril,Província de Maputo,Cidade da Matola,Mulheres,22 a 60,605117.0
2025,Abril,Província de Maputo,Cidade da Matola,Homens,Mais de 60,39640.0
2025,Abril,Província de Maputo,Cidade da Matola,Mulheres,Mais de 60,38796.0
2025,Abril,Província de Maputo,Cidade da Matola,Outros,N/A,1887.0
2025,Maio,Província de Maputo,Cidade da Matola,Homens,0 a 16,1578.0
2025,Maio,Província de Maputo,Cidade da Matola,Mulheres,0 a 16,1386.0
2025,Maio,Província de Maputo,Cidade da Matola,Homens,17 a 21,95976.0
2025,Maio,Província de Maputo,Cidade da Matola,Mulheres,17 a 21,93211.0
2025,Maio,Província de Maputo,Cidade da Matola,Homens,22 a 60,665807.0
2025,Maio,Província de Maputo,Cidade da Matola,Mulheres,22 a 60,628506.0
2025,Maio,Província de Maputo,Cidade da Matola,Homens,Mais de 60,41039.0
2025,Maio,Província de Maputo,Cidade da Matola,Mulheres,Mais de 60,40340.0
2025,Maio,Província de Maputo,Cidade da Matola,Outros,N/A,1975.0
2025,Junho,Província de Maputo,Cidade da Matola,Homens,0 a 16,1617.0
2025,Junho,Província de Maputo,Cidade da Matola,Mulheres,0 a 16,1453.0
2025,Junho,Província de Maputo,Cidade da Matola,Homens,17 a 21,96359.0
2025,Junho,Província de Maputo,Cidade da Matola,Mulheres,17 a 21,94415.0
2025,Junho,Província de Maputo,Cidade da Matola,Homens,22 a 60,667536.0
2025,Junho,Província de Maputo,Cidade da Matola,Mulheres,22 a 60,632856.0
2025,Junho,Província de Maputo,Cidade da Matola,Homens,Mais de 60,41032.0
2025,Junho,Província de Maputo,Cidade da Matola,Mulheres,Mais de 60,40845.0
2025,Junho,Província de Maputo,Cidade da Matola,Outros,N/A,1940.0
2025,Julho,Província de Maputo,Cidade da Matola,Homens,0 a 16,1669.0
2025,Julho,Província de Maputo,Cidade da Matola,Mulheres,0 a 16,1561.0
2025,Julho,Província de Maputo,Cidade da Matola,Homens,17 a 21,99418.0
2025,Julho,Província de Maputo,Cidade da Matola,Mulheres,17 a 21,97702.0
2025,Julho,Província de Maputo,Cidade da Matola,Homens,22 a 60,698958.0
2025,Julho,Província de Maputo,Cidade da Matola,Mulheres,22 a 60,661013.0
2025,Julho,Província de Maputo,Cidade da Matola,Homens,Mais de 60,42813.0
2025,Julho,Província de Maputo,Cidade da Matola,Mulheres,Mais de 60,42547.0
2025,Julho,Província de Maputo,Cidade da Matola,Outros,N/A,2100.0
2025,Agosto,Província de Maputo,Cidade da Matola,Homens,0 a 16,1633.0
2025,Agosto,Província de Maputo,Cidade da Matola,Mulheres,0 a 16,1506.0
2025,Agosto,Província de Maputo,Cidade da Matola,Homens,17 a 21,98431.0
2025,Agosto,Província de Maputo,Cidade da Matola,Mulheres,17 a 21,96034.0
2025,Agosto,Província de Maputo,Cidade da Matola,Homens,22 a 60,688542.0
2025,Agosto,Província de Maputo,Cidade da Matola,Mulheres,22 a 60,648819.0
2025,Agosto,Província de Maputo,Cidade da Matola,Homens,Mais de 60,42416.0
2025,Agosto,Província de Maputo,Cidade da Matola,Mulheres,Mais de 60,42187.0
2025,Agosto,Província de Maputo,Cidade da Matola,Outros,N/A,1782.0
2025,Setembro,Província de Maputo,Cidade da Matola,Homens,0 a 16,1552.0
2025,Setembro,Província de Maputo,Cidade da Matola,Mulheres,0 a 16,1469.0
2025,Setembro,Província de Maputo,Cidade da Matola,Homens,17 a 21,97927.0
2025,Setembro,Província de Maputo,Cidade da Matola,Mulheres,17 a 21,95860.0
2025,Setembro,Província de Maputo,Cidade da Matola,Homens,22 a 60,689214.0
2025,Setembro,Província de Maputo,Cidade da Matola,Mulheres,22 a 60,650861.0
2025,Setembro,Província de Maputo,Cidade da Matola,Homens,Mais de 60,42310.0
2025,Setembro,Província de Maputo,Cidade da Matola,Mulheres,Mais de 60,42413.0
2025,Setembro,Província de Maputo,Cidade da Matola,Outros,N/A,1892.0
2025,Outubro,Província de Maputo,Cidade da Matola,Homens,0 a 16,1398.0
2025,Outubro,Província de Maputo,Cidade da Matola,Mulheres,0 a 16,1261.0
2025,Outubro,Província de Maputo,Cidade da Matola,Homens,17 a 21,93878.0
2025,Outubro,Província de Maputo,Cidade da Matola,Mulheres,17 a 21,92549.0
2025,Outubro,Província de Maputo,Cidade da Matola,Homens,22 a 60,656542.0
2025,Outubro,Província de Maputo,Cidade da Matola,Mulheres,22 a 60,625341.0
2025,Outubro,Província de Maputo,Cidade da Matola,Homens,Mais de 60,40264.0
2025,Outubro,Província de Maputo,Cidade da Matola,Mulheres,Mais de 60,40642.0
2025,Outubro,Província de Maputo,Cidade da Matola,Outros,N/A,1809.0
2025,Novembro,Província de Maputo,Cidade da Matola,Homens,0 a 16,1253.0
2025,Novembro,Província de Maputo,Cidade da Matola,Mulheres,0 a 16,1130.0
2025,Novembro,Província de Maputo,Cidade da Matola,Homens,17 a 21,90870.0
2025,Novembro,Província de Maputo,Cidade da Matola,Mulheres,17 a 21,91911.0
2025,Novembro,Província de Maputo,Cidade da Matola,Homens,22 a 60,623231.0
2025,Novembro,Província de Maputo,Cidade da Matola,Mulheres,22 a 60,656853.0
2025,Novembro,Província de Maputo,Cidade da Matola,Homens,Mais de 60,38849.0
2025,Novembro,Província de Maputo,Cidade da Matola,Mulheres,Mais de 60,43070.0
2025,Novembro,Província de Maputo,Cidade da Matola,Outros,N/A,519.0
2025,Dezembro,Província de Maputo,Cidade da Matola,Homens,0 a 16,1108.0
2025,Dezembro,Província de Maputo,Cidade da Matola,Mulheres,0 a 16,961.0
2025,Dezembro,Província de Maputo,Cidade da Matola,Homens,17 a 21,89662.0
2025,Dezembro,Província de Maputo,Cidade da Matola,Mulheres,17 a 21,88425.0
2025,Dezembro,Província de Maputo,Cidade da Matola,Homens,22 a 60,636011.0
2025,Dezembro,Província de Maputo,Cidade da Matola,Mulheres,22 a 60,605644.0
2025,Dezembro,Província de Maputo,Cidade da Matola,Homens,Mais de 60,39366.0
2025,Dezembro,Província de Maputo,Cidade da Matola,Mulheres,Mais de 60,40126.0
2025,Dezembro,Província de Maputo,Cidade da Matola,Outros,N/A,488.0
2025,Janeiro,Província de Maputo,Boane,Homens,0 a 16,361.0
2025,Janeiro,Província de Maputo,Boane,Mulheres,0 a 16,261.0
2025,Janeiro,Província de Maputo,Boane,Homens,17 a 21,20754.0
2025,Janeiro,Província de Maputo,Boane,Mulheres,17 a 21,18929.0
2025,Janeiro,Província de Maputo,Boane,Homens,22 a 60,162530.0
2025,Janeiro,Província de Maputo,Boane,Mulheres,22 a 60,142060.0
2025,Janeiro,Província de Maputo,Boane,Homens,Mais de 60,9050.0
2025,Janeiro,Província de Maputo,Boane,Mulheres,Mais de 60,8118.0
2025,Janeiro,Província de Maputo,Boane,Outros,N/A,417.0
2025,Fevereiro,Província de Maputo,Boane,Homens,0 a 16,367.0
2025,Fevereiro,Província de Maputo,Boane,Mulheres,0 a 16,302.0
2025,Fevereiro,Província de Maputo,Boane,Homens,17 a 21,21119.0
2025,Fevereiro,Província de Maputo,Boane,Mulheres,17 a 21,19257.0
2025,Fevereiro,Província de Maputo,Boane,Homens,22 a 60,163873.0
2025,Fevereiro,Província de Maputo,Boane,Mulheres,22 a 60,144053.0
2025,Fevereiro,Província de Maputo,Boane,Homens,Mais de 60,9251.0
2025,Fevereiro,Província de Maputo,Boane,Mulheres,Mais de 60,8213.0
2025,Fevereiro,Província de Maputo,Boane,Outros,N/A,390.0
2025,Março,Província de Maputo,Boane,Homens,0 a 16,332.0
2025,Março,Província de Maputo,Boane,Mulheres,0 a 16,322.0
2025,Março,Província de Maputo,Boane,Homens,17 a 21,20630.0
2025,Março,Província de Maputo,Boane,Mulheres,17 a 21,18814.0
2025,Março,Província de Maputo,Boane,Homens,22 a 60,160673.0
2025,Março,Província de Maputo,Boane,Mulheres,22 a 60,141290.0
2025,Março,Província de Maputo,Boane,Homens,Mais de 60,9111.0
2025,Março,Província de Maputo,Boane,Mulheres,Mais de 60,8081.0
2025,Março,Província de Maputo,Boane,Outros,N/A,374.0
2025,Abril,Província de Maputo,Boane,Homens,0 a 16,289.0
2025,Abril,Província de Maputo,Boane,Mulheres,0 a 16,307.0
2025,Abril,Província de Maputo,Boane,Homens,17 a 21,19948.0
2025,Abril,Província de Maputo,Boane,Mulheres,17 a 21,18229.0
2025,Abril,Província de Maputo,Boane,Homens,22 a 60,156972.0
2025,Abril,Província de Maputo,Boane,Mulheres,22 a 60,137644.0
2025,Abril,Província de Maputo,Boane,Homens,Mais de 60,9153.0
2025,Abril,Província de Maputo,Boane,Mulheres,Mais de 60,8256.0
2025,Abril,Província de Maputo,Boane,Outros,N/A,453.0
2025,Maio,Província de Maputo,Boane,Homens,0 a 16,348.0
2025,Maio,Província de Maputo,Boane,Mulheres,0 a 16,352.0
2025,Maio,Província de Maputo,Boane,Homens,17 a 21,21617.0
2025,Maio,Província de Maputo,Boane,Mulheres,17 a 21,19831.0
2025,Maio,Província de Maputo,Boane,Homens,22 a 60,165080.0
2025,Maio,Província de Maputo,Boane,Mulheres,22 a 60,145528.0
2025,Maio,Província de Maputo,Boane,Homens,Mais de 60,9433.0
2025,Maio,Província de Maputo,Boane,Mulheres,Mais de 60,8560.0
2025,Maio,Província de Maputo,Boane,Outros,N/A,472.0
2025,Junho,Província de Maputo,Boane,Homens,0 a 16,399.0
2025,Junho,Província de Maputo,Boane,Mulheres,0 a 16,390.0
2025,Junho,Província de Maputo,Boane,Homens,17 a 21,23735.0
2025,Junho,Província de Maputo,Boane,Mulheres,17 a 21,21757.0
2025,Junho,Província de Maputo,Boane,Homens,22 a 60,183731.0
2025,Junho,Província de Maputo,Boane,Mulheres,22 a 60,161250.0
2025,Junho,Província de Maputo,Boane,Homens,Mais de 60,10456.0
2025,Junho,Província de Maputo,Boane,Mulheres,Mais de 60,9537.0
2025,Junho,Província de Maputo,Boane,Outros,N/A,569.0
2025,Julho,Província de Maputo,Boane,Homens,0 a 16,414.0
2025,Julho,Província de Maputo,Boane,Mulheres,0 a 16,384.0
2025,Julho,Província de Maputo,Boane,Homens,17 a 21,24177.0
2025,Julho,Província de Maputo,Boane,Mulheres,17 a 21,22123.0
2025,Julho,Província de Maputo,Boane,Homens,22 a 60,186067.0
2025,Julho,Província de Maputo,Boane,Mulheres,22 a 60,163965.0
2025,Julho,Província de Maputo,Boane,Homens,Mais de 60,10529.0
2025,Julho,Província de Maputo,Boane,Mulheres,Mais de 60,9771.0
2025,Julho,Província de Maputo,Boane,Outros,N/A,552.0
2025,Agosto,Província de Maputo,Boane,Homens,0 a 16,393.0
2025,Agosto,Província de Maputo,Boane,Mulheres,0 a 16,390.0
2025,Agosto,Província de Maputo,Boane,Homens,17 a 21,23719.0
2025,Agosto,Província de Maputo,Boane,Mulheres,17 a 21,21560.0
2025,Agosto,Província de Maputo,Boane,Homens,22 a 60,179586.0
2025,Agosto,Província de Maputo,Boane,Mulheres,22 a 60,158777.0
2025,Agosto,Província de Maputo,Boane,Homens,Mais de 60,10264.0
2025,Agosto,Província de Maputo,Boane,Mulheres,Mais de 60,9556.0
2025,Agosto,Província de Maputo,Boane,Outros,N/A,480.0
2025,Setembro,Província de Maputo,Boane,Homens,0 a 16,387.0
2025,Setembro,Província de Maputo,Boane,Mulheres,0 a 16,351.0
2025,Setembro,Província de Maputo,Boane,Homens,17 a 21,23302.0
2025,Setembro,Província de Maputo,Boane,Mulheres,17 a 21,21229.0
2025,Setembro,Província de Maputo,Boane,Homens,22 a 60,176845.0
2025,Setembro,Província de Maputo,Boane,Mulheres,22 a 60,157809.0
2025,Setembro,Província de Maputo,Boane,Homens,Mais de 60,10074.0
2025,Setembro,Província de Maputo,Boane,Mulheres,Mais de 60,9482.0
2025,Setembro,Província de Maputo,Boane,Outros,N/A,488.0
2025,Outubro,Província de Maputo,Boane,Homens,0 a 16,353.0
2025,Outubro,Província de Maputo,Boane,Mulheres,0 a 16,359.0
2025,Outubro,Província de Maputo,Boane,Homens,17 a 21,23383.0
2025,Outubro,Província de Maputo,Boane,Mulheres,17 a 21,21354.0
2025,Outubro,Província de Maputo,Boane,Homens,22 a 60,179641.0
2025,Outubro,Província de Maputo,Boane,Mulheres,22 a 60,161585.0
2025,Outubro,Província de Maputo,Boane,Homens,Mais de 60,10396.0
2025,Outubro,Província de Maputo,Boane,Mulheres,Mais de 60,9841.0
2025,Outubro,Província de Maputo,Boane,Outros,N/A,506.0
2025,Novembro,Província de Maputo,Boane,Homens,0 a 16,415.0
2025,Novembro,Província de Maputo,Boane,Mulheres,0 a 16,386.0
2025,Novembro,Província de Maputo,Boane,Homens,17 a 21,24495.0
2025,Novembro,Província de Maputo,Boane,Mulheres,17 a 21,23030.0
2025,Novembro,Província de Maputo,Boane,Homens,22 a 60,181943.0
2025,Novembro,Província de Maputo,Boane,Mulheres,22 a 60,183772.0
2025,Novembro,Província de Maputo,Boane,Homens,Mais de 60,10850.0
2025,Novembro,Província de Maputo,Boane,Mulheres,Mais de 60,11178.0
2025,Novembro,Província de Maputo,Boane,Outros,N/A,112.0
2025,Dezembro,Província de Maputo,Boane,Homens,0 a 16,417.0
2025,Dezembro,Província de Maputo,Boane,Mulheres,0 a 16,354.0
2025,Dezembro,Província de Maputo,Boane,Homens,17 a 21,24106.0
2025,Dezembro,Província de Maputo,Boane,Mulheres,17 a 21,22089.0
2025,Dezembro,Província de Maputo,Boane,Homens,22 a 60,188010.0
2025,Dezembro,Província de Maputo,Boane,Mulheres,22 a 60,168954.0
2025,Dezembro,Província de Maputo,Boane,Homens,Mais de 60,11145.0
2025,Dezembro,Província de Maputo,Boane,Mulheres,Mais de 60,10730.0
2025,Dezembro,Província de Maputo,Boane,Outros,N/A,103.0
2025,Janeiro,Província de Maputo,Magude,Homens,0 a 16,50.0
2025,Janeiro,Província de Maputo,Magude,Mulheres,0 a 16,54.0
2025,Janeiro,Província de Maputo,Magude,Homens,17 a 21,2872.0
2025,Janeiro,Província de Maputo,Magude,Mulheres,17 a 21,3118.0
2025,Janeiro,Província de Maputo,Magude,Homens,22 a 60,16428.0
2025,Janeiro,Província de Maputo,Magude,Mulheres,22 a 60,17883.0
2025,Janeiro,Província de Maputo,Magude,Homens,Mais de 60,1320.0
2025,Janeiro,Província de Maputo,Magude,Mulheres,Mais de 60,1829.0
2025,Janeiro,Província de Maputo,Magude,Outros,N/A,14.0
2025,Fevereiro,Província de Maputo,Magude,Homens,0 a 16,55.0
2025,Fevereiro,Província de Maputo,Magude,Mulheres,0 a 16,58.0
2025,Fevereiro,Província de Maputo,Magude,Homens,17 a 21,2949.0
2025,Fevereiro,Província de Maputo,Magude,Mulheres,17 a 21,3221.0
2025,Fevereiro,Província de Maputo,Magude,Homens,22 a 60,16519.0
2025,Fevereiro,Província de Maputo,Magude,Mulheres,22 a 60,18359.0
2025,Fevereiro,Província de Maputo,Magude,Homens,Mais de 60,1596.0
2025,Fevereiro,Província de Maputo,Magude,Mulheres,Mais de 60,2806.0
2025,Fevereiro,Província de Maputo,Magude,Outros,N/A,12.0
2025,Março,Província de Maputo,Magude,Homens,0 a 16,49.0
2025,Março,Província de Maputo,Magude,Mulheres,0 a 16,56.0
2025,Março,Província de Maputo,Magude,Homens,17 a 21,2847.0
2025,Março,Província de Maputo,Magude,Mulheres,17 a 21,3044.0
2025,Março,Província de Maputo,Magude,Homens,22 a 60,15738.0
2025,Março,Província de Maputo,Magude,Mulheres,22 a 60,16884.0
2025,Março,Província de Maputo,Magude,Homens,Mais de 60,1556.0
2025,Março,Província de Maputo,Magude,Mulheres,Mais de 60,2822.0
2025,Março,Província de Maputo,Magude,Outros,N/A,9.0
2025,Abril,Província de Maputo,Magude,Homens,0 a 16,69.0
2025,Abril,Província de Maputo,Magude,Mulheres,0 a 16,64.0
2025,Abril,Província de Maputo,Magude,Homens,17 a 21,3174.0
2025,Abril,Província de Maputo,Magude,Mulheres,17 a 21,3384.0
2025,Abril,Província de Maputo,Magude,Homens,22 a 60,17501.0
2025,Abril,Província de Maputo,Magude,Mulheres,22 a 60,19184.0
2025,Abril,Província de Maputo,Magude,Homens,Mais de 60,1696.0
2025,Abril,Província de Maputo,Magude,Mulheres,Mais de 60,2879.0
2025,Abril,Província de Maputo,Magude,Outros,N/A,14.0
2025,Maio,Província de Maputo,Magude,Homens,0 a 16,68.0
2025,Maio,Província de Maputo,Magude,Mulheres,0 a 16,77.0
2025,Maio,Província de Maputo,Magude,Homens,17 a 21,3296.0
2025,Maio,Província de Maputo,Magude,Mulheres,17 a 21,3488.0
2025,Maio,Província de Maputo,Magude,Homens,22 a 60,18049.0
2025,Maio,Província de Maputo,Magude,Mulheres,22 a 60,19623.0
2025,Maio,Província de Maputo,Magude,Homens,Mais de 60,1725.0
2025,Maio,Província de Maputo,Magude,Mulheres,Mais de 60,3044.0
2025,Maio,Província de Maputo,Magude,Outros,N/A,14.0
2025,Junho,Província de Maputo,Magude,Homens,0 a 16,63.0
2025,Junho,Província de Maputo,Magude,Mulheres,0 a 16,74.0
2025,Junho,Província de Maputo,Magude,Homens,17 a 21,3118.0
2025,Junho,Província de Maputo,Magude,Mulheres,17 a 21,3314.0
2025,Junho,Província de Maputo,Magude,Homens,22 a 60,17235.0
2025,Junho,Província de Maputo,Magude,Mulheres,22 a 60,18865.0
2025,Junho,Província de Maputo,Magude,Homens,Mais de 60,1699.0
2025,Junho,Província de Maputo,Magude,Mulheres,Mais de 60,3063.0
2025,Junho,Província de Maputo,Magude,Outros,N/A,13.0
2025,Julho,Província de Maputo,Magude,Homens,0 a 16,71.0
2025,Julho,Província de Maputo,Magude,Mulheres,0 a 16,72.0
2025,Julho,Província de Maputo,Magude,Homens,17 a 21,3297.0
2025,Julho,Província de Maputo,Magude,Mulheres,17 a 21,3461.0
2025,Julho,Província de Maputo,Magude,Homens,22 a 60,18195.0
2025,Julho,Província de Maputo,Magude,Mulheres,22 a 60,19659.0
2025,Julho,Província de Maputo,Magude,Homens,Mais de 60,3637.0
2025,Julho,Província de Maputo,Magude,Mulheres,Mais de 60,3230.0
2025,Julho,Província de Maputo,Magude,Outros,N/A,19.0
2025,Agosto,Província de Maputo,Magude,Homens,0 a 16,69.0
2025,Agosto,Província de Maputo,Magude,Mulheres,0 a 16,75.0
2025,Agosto,Província de Maputo,Magude,Homens,17 a 21,3288.0
2025,Agosto,Província de Maputo,Magude,Mulheres,17 a 21,3453.0
2025,Agosto,Província de Maputo,Magude,Homens,22 a 60,18212.0
2025,Agosto,Província de Maputo,Magude,Mulheres,22 a 60,19602.0
2025,Agosto,Província de Maputo,Magude,Homens,Mais de 60,3624.0
2025,Agosto,Província de Maputo,Magude,Mulheres,Mais de 60,3195.0
2025,Agosto,Província de Maputo,Magude,Outros,N/A,12.0
2025,Setembro,Província de Maputo,Magude,Homens,0 a 16,65.0
2025,Setembro,Província de Maputo,Magude,Mulheres,0 a 16,66.0
2025,Setembro,Província de Maputo,Magude,Homens,17 a 21,3343.0
2025,Setembro,Província de Maputo,Magude,Mulheres,17 a 21,3543.0
2025,Setembro,Província de Maputo,Magude,Homens,22 a 60,18635.0
2025,Setembro,Província de Maputo,Magude,Mulheres,22 a 60,20121.0
2025,Setembro,Província de Maputo,Magude,Homens,Mais de 60,3669.0
2025,Setembro,Província de Maputo,Magude,Mulheres,Mais de 60,3247.0
2025,Setembro,Província de Maputo,Magude,Outros,N/A,16.0
2025,Outubro,Província de Maputo,Magude,Homens,0 a 16,51.0
2025,Outubro,Província de Maputo,Magude,Mulheres,0 a 16,83.0
2025,Outubro,Província de Maputo,Magude,Homens,17 a 21,3335.0
2025,Outubro,Província de Maputo,Magude,Mulheres,17 a 21,3560.0
2025,Outubro,Província de Maputo,Magude,Homens,22 a 60,18670.0
2025,Outubro,Província de Maputo,Magude,Mulheres,22 a 60,20254.0
2025,Outubro,Província de Maputo,Magude,Homens,Mais de 60,3632.0
2025,Outubro,Província de Maputo,Magude,Mulheres,Mais de 60,3157.0
2025,Outubro,Província de Maputo,Magude,Outros,N/A,20.0
2025,Novembro,Província de Maputo,Magude,Homens,0 a 16,48.0
2025,Novembro,Província de Maputo,Magude,Mulheres,0 a 16,92.0
2025,Novembro,Província de Maputo,Magude,Homens,17 a 21,3545.0
2025,Novembro,Província de Maputo,Magude,Mulheres,17 a 21,3783.0
2025,Novembro,Província de Maputo,Magude,Homens,22 a 60,19174.0
2025,Novembro,Província de Maputo,Magude,Mulheres,22 a 60,21916.0
2025,Novembro,Província de Maputo,Magude,Homens,Mais de 60,3691.0
2025,Novembro,Província de Maputo,Magude,Mulheres,Mais de 60,3398.0
2025,Novembro,Província de Maputo,Magude,Outros,N/A,5.0
2025,Dezembro,Província de Maputo,Magude,Homens,0 a 16,39.0
2025,Dezembro,Província de Maputo,Magude,Mulheres,0 a 16,91.0
2025,Dezembro,Província de Maputo,Magude,Homens,17 a 21,3604.0
2025,Dezembro,Província de Maputo,Magude,Mulheres,17 a 21,3846.0
2025,Dezembro,Província de Maputo,Magude,Homens,22 a 60,20325.0
2025,Dezembro,Província de Maputo,Magude,Mulheres,22 a 60,21940.0
2025,Dezembro,Província de Maputo,Magude,Homens,Mais de 60,3739.0
2025,Dezembro,Província de Maputo,Magude,Mulheres,Mais de 60,3349.0
2025,Dezembro,Província de Maputo,Magude,Outros,N/A,5.0
2025,Janeiro,Província de Maputo,Manhiça,Homens,0 a 16,276.0
2025,Janeiro,Província de Maputo,Manhiça,Mulheres,0 a 16,213.0
2025,Janeiro,Província de Maputo,Manhiça,Homens,17 a 21,14857.0
2025,Janeiro,Província de Maputo,Manhiça,Mulheres,17 a 21,13141.0
2025,Janeiro,Província de Maputo,Manhiça,Homens,22 a 60,85696.0
2025,Janeiro,Província de Maputo,Manhiça,Mulheres,22 a 60,82954.0
2025,Janeiro,Província de Maputo,Manhiça,Homens,Mais de 60,6311.0
2025,Janeiro,Província de Maputo,Manhiça,Mulheres,Mais de 60,6870.0
2025,Janeiro,Província de Maputo,Manhiça,Outros,N/A,152.0
2025,Fevereiro,Província de Maputo,Manhiça,Homens,0 a 16,298.0
2025,Fevereiro,Província de Maputo,Manhiça,Mulheres,0 a 16,237.0
2025,Fevereiro,Província de Maputo,Manhiça,Homens,17 a 21,14974.0
2025,Fevereiro,Província de Maputo,Manhiça,Mulheres,17 a 21,13345.0
2025,Fevereiro,Província de Maputo,Manhiça,Homens,22 a 60,85229.0
2025,Fevereiro,Província de Maputo,Manhiça,Mulheres,22 a 60,83851.0
2025,Fevereiro,Província de Maputo,Manhiça,Homens,Mais de 60,6371.0
2025,Fevereiro,Província de Maputo,Manhiça,Mulheres,Mais de 60,7129.0
2025,Fevereiro,Província de Maputo,Manhiça,Outros,N/A,155.0
2025,Março,Província de Maputo,Manhiça,Homens,0 a 16,278.0
2025,Março,Província de Maputo,Manhiça,Mulheres,0 a 16,223.0
2025,Março,Província de Maputo,Manhiça,Homens,17 a 21,14051.0
2025,Março,Província de Maputo,Manhiça,Mulheres,17 a 21,12716.0
2025,Março,Província de Maputo,Manhiça,Homens,22 a 60,79496.0
2025,Março,Província de Maputo,Manhiça,Mulheres,22 a 60,76185.0
2025,Março,Província de Maputo,Manhiça,Homens,Mais de 60,6084.0
2025,Março,Província de Maputo,Manhiça,Mulheres,Mais de 60,6743.0
2025,Março,Província de Maputo,Manhiça,Outros,N/A,114.0
2025,Abril,Província de Maputo,Manhiça,Homens,0 a 16,311.0
2025,Abril,Província de Maputo,Manhiça,Mulheres,0 a 16,279.0
2025,Abril,Província de Maputo,Manhiça,Homens,17 a 21,16172.0
2025,Abril,Província de Maputo,Manhiça,Mulheres,17 a 21,14865.0
2025,Abril,Província de Maputo,Manhiça,Homens,22 a 60,91587.0
2025,Abril,Província de Maputo,Manhiça,Mulheres,22 a 60,89401.0
2025,Abril,Província de Maputo,Manhiça,Homens,Mais de 60,6908.0
2025,Abril,Província de Maputo,Manhiça,Mulheres,Mais de 60,7633.0
2025,Abril,Província de Maputo,Manhiça,Outros,N/A,146.0
2025,Maio,Província de Maputo,Manhiça,Homens,0 a 16,294.0
2025,Maio,Província de Maputo,Manhiça,Mulheres,0 a 16,293.0
2025,Maio,Província de Maputo,Manhiça,Homens,17 a 21,15851.0
2025,Maio,Província de Maputo,Manhiça,Mulheres,17 a 21,14546.0
2025,Maio,Província de Maputo,Manhiça,Homens,22 a 60,90675.0
2025,Maio,Província de Maputo,Manhiça,Mulheres,22 a 60,89244.0
2025,Maio,Província de Maputo,Manhiça,Homens,Mais de 60,6864.0
2025,Maio,Província de Maputo,Manhiça,Mulheres,Mais de 60,7760.0
2025,Maio,Província de Maputo,Manhiça,Outros,N/A,138.0
2025,Junho,Província de Maputo,Manhiça,Homens,0 a 16,284.0
2025,Junho,Província de Maputo,Manhiça,Mulheres,0 a 16,275.0
2025,Junho,Província de Maputo,Manhiça,Homens,17 a 21,14928.0
2025,Junho,Província de Maputo,Manhiça,Mulheres,17 a 21,13773.0
2025,Junho,Província de Maputo,Manhiça,Homens,22 a 60,86205.0
2025,Junho,Província de Maputo,Manhiça,Mulheres,22 a 60,85546.0
2025,Junho,Província de Maputo,Manhiça,Homens,Mais de 60,6591.0
2025,Junho,Província de Maputo,Manhiça,Mulheres,Mais de 60,7355.0
2025,Junho,Província de Maputo,Manhiça,Outros,N/A,132.0
2025,Julho,Província de Maputo,Manhiça,Homens,0 a 16,318.0
2025,Julho,Província de Maputo,Manhiça,Mulheres,0 a 16,308.0
2025,Julho,Província de Maputo,Manhiça,Homens,17 a 21,15208.0
2025,Julho,Província de Maputo,Manhiça,Mulheres,17 a 21,14105.0
2025,Julho,Província de Maputo,Manhiça,Homens,22 a 60,88634.0
2025,Julho,Província de Maputo,Manhiça,Mulheres,22 a 60,87419.0
2025,Julho,Província de Maputo,Manhiça,Homens,Mais de 60,6681.0
2025,Julho,Província de Maputo,Manhiça,Mulheres,Mais de 60,7481.0
2025,Julho,Província de Maputo,Manhiça,Outros,N/A,165.0
2025,Agosto,Província de Maputo,Manhiça,Homens,0 a 16,323.0
2025,Agosto,Província de Maputo,Manhiça,Mulheres,0 a 16,312.0
2025,Agosto,Província de Maputo,Manhiça,Homens,17 a 21,15403.0
2025,Agosto,Província de Maputo,Manhiça,Mulheres,17 a 21,14283.0
2025,Agosto,Província de Maputo,Manhiça,Homens,22 a 60,90446.0
2025,Agosto,Província de Maputo,Manhiça,Mulheres,22 a 60,88417.0
2025,Agosto,Província de Maputo,Manhiça,Homens,Mais de 60,6930.0
2025,Agosto,Província de Maputo,Manhiça,Mulheres,Mais de 60,7674.0
2025,Agosto,Província de Maputo,Manhiça,Outros,N/A,153.0
2025,Setembro,Província de Maputo,Manhiça,Homens,0 a 16,305.0
2025,Setembro,Província de Maputo,Manhiça,Mulheres,0 a 16,269.0
2025,Setembro,Província de Maputo,Manhiça,Homens,17 a 21,15359.0
2025,Setembro,Província de Maputo,Manhiça,Mulheres,17 a 21,14314.0
2025,Setembro,Província de Maputo,Manhiça,Homens,22 a 60,90910.0
2025,Setembro,Província de Maputo,Manhiça,Mulheres,22 a 60,89347.0
2025,Setembro,Província de Maputo,Manhiça,Homens,Mais de 60,6995.0
2025,Setembro,Província de Maputo,Manhiça,Mulheres,Mais de 60,7875.0
2025,Setembro,Província de Maputo,Manhiça,Outros,N/A,144.0
2025,Outubro,Província de Maputo,Manhiça,Homens,0 a 16,284.0
2025,Outubro,Província de Maputo,Manhiça,Mulheres,0 a 16,242.0
2025,Outubro,Província de Maputo,Manhiça,Homens,17 a 21,15729.0
2025,Outubro,Província de Maputo,Manhiça,Mulheres,17 a 21,14594.0
2025,Outubro,Província de Maputo,Manhiça,Homens,22 a 60,93592.0
2025,Outubro,Província de Maputo,Manhiça,Mulheres,22 a 60,91844.0
2025,Outubro,Província de Maputo,Manhiça,Homens,Mais de 60,7305.0
2025,Outubro,Província de Maputo,Manhiça,Mulheres,Mais de 60,8083.0
2025,Outubro,Província de Maputo,Manhiça,Outros,N/A,143.0
2025,Novembro,Província de Maputo,Manhiça,Homens,0 a 16,305.0
2025,Novembro,Província de Maputo,Manhiça,Mulheres,0 a 16,271.0
2025,Novembro,Província de Maputo,Manhiça,Homens,17 a 21,16363.0
2025,Novembro,Província de Maputo,Manhiça,Mulheres,17 a 21,15290.0
2025,Novembro,Província de Maputo,Manhiça,Homens,22 a 60,92511.0
2025,Novembro,Província de Maputo,Manhiça,Mulheres,22 a 60,98657.0
2025,Novembro,Província de Maputo,Manhiça,Homens,Mais de 60,7058.0
2025,Novembro,Província de Maputo,Manhiça,Mulheres,Mais de 60,8417.0
2025,Novembro,Província de Maputo,Manhiça,Outros,N/A,50.0
2025,Dezembro,Província de Maputo,Manhiça,Homens,0 a 16,331.0
2025,Dezembro,Província de Maputo,Manhiça,Mulheres,0 a 16,289.0
2025,Dezembro,Província de Maputo,Manhiça,Homens,17 a 21,16988.0
2025,Dezembro,Província de Maputo,Manhiça,Mulheres,17 a 21,15897.0
2025,Dezembro,Província de Maputo,Manhiça,Homens,22 a 60,101928.0
2025,Dezembro,Província de Maputo,Manhiça,Mulheres,22 a 60,99025.0
2025,Dezembro,Província de Maputo,Manhiça,Homens,Mais de 60,7588.0
2025,Dezembro,Província de Maputo,Manhiça,Mulheres,Mais de 60,8466.0
2025,Dezembro,Província de Maputo,Manhiça,Outros,N/A,52.0
2025,Janeiro,Província de Maputo,Marracuene,Homens,0 a 16,297.0
2025,Janeiro,Província de Maputo,Marracuene,Mulheres,0 a 16,236.0
2025,Janeiro,Província de Maputo,Marracuene,Homens,17 a 21,19539.0
2025,Janeiro,Província de Maputo,Marracuene,Mulheres,17 a 21,18000.0
2025,Janeiro,Província de Maputo,Marracuene,Homens,22 a 60,140970.0
2025,Janeiro,Província de Maputo,Marracuene,Mulheres,22 a 60,128235.0
2025,Janeiro,Província de Maputo,Marracuene,Homens,Mais de 60,6746.0
2025,Janeiro,Província de Maputo,Marracuene,Mulheres,Mais de 60,6311.0
2025,Janeiro,Província de Maputo,Marracuene,Outros,N/A,314.0
2025,Fevereiro,Província de Maputo,Marracuene,Homens,0 a 16,306.0
2025,Fevereiro,Província de Maputo,Marracuene,Mulheres,0 a 16,234.0
2025,Fevereiro,Província de Maputo,Marracuene,Homens,17 a 21,19636.0
2025,Fevereiro,Província de Maputo,Marracuene,Mulheres,17 a 21,18232.0
2025,Fevereiro,Província de Maputo,Marracuene,Homens,22 a 60,138376.0
2025,Fevereiro,Província de Maputo,Marracuene,Mulheres,22 a 60,126737.0
2025,Fevereiro,Província de Maputo,Marracuene,Homens,Mais de 60,6606.0
2025,Fevereiro,Província de Maputo,Marracuene,Mulheres,Mais de 60,6326.0
2025,Fevereiro,Província de Maputo,Marracuene,Outros,N/A,247.0
2025,Março,Província de Maputo,Marracuene,Homens,0 a 16,328.0
2025,Março,Província de Maputo,Marracuene,Mulheres,0 a 16,224.0
2025,Março,Província de Maputo,Marracuene,Homens,17 a 21,19563.0
2025,Março,Província de Maputo,Marracuene,Mulheres,17 a 21,18276.0
2025,Março,Província de Maputo,Marracuene,Homens,22 a 60,137155.0
2025,Março,Província de Maputo,Marracuene,Mulheres,22 a 60,125245.0
2025,Março,Província de Maputo,Marracuene,Homens,Mais de 60,6561.0
2025,Março,Província de Maputo,Marracuene,Mulheres,Mais de 60,6438.0
2025,Março,Província de Maputo,Marracuene,Outros,N/A,256.0
2025,Abril,Província de Maputo,Marracuene,Homens,0 a 16,332.0
2025,Abril,Província de Maputo,Marracuene,Mulheres,0 a 16,261.0
2025,Abril,Província de Maputo,Marracuene,Homens,17 a 21,21568.0
2025,Abril,Província de Maputo,Marracuene,Mulheres,17 a 21,20180.0
2025,Abril,Província de Maputo,Marracuene,Homens,22 a 60,150758.0
2025,Abril,Província de Maputo,Marracuene,Mulheres,22 a 60,138771.0
2025,Abril,Província de Maputo,Marracuene,Homens,Mais de 60,7285.0
2025,Abril,Província de Maputo,Marracuene,Mulheres,Mais de 60,7102.0
2025,Abril,Província de Maputo,Marracuene,Outros,N/A,239.0
2025,Maio,Província de Maputo,Marracuene,Homens,0 a 16,335.0
2025,Maio,Província de Maputo,Marracuene,Mulheres,0 a 16,263.0
2025,Maio,Província de Maputo,Marracuene,Homens,17 a 21,20653.0
2025,Maio,Província de Maputo,Marracuene,Mulheres,17 a 21,19654.0
2025,Maio,Província de Maputo,Marracuene,Homens,22 a 60,146295.0
2025,Maio,Província de Maputo,Marracuene,Mulheres,22 a 60,134488.0
2025,Maio,Província de Maputo,Marracuene,Homens,Mais de 60,7112.0
2025,Maio,Província de Maputo,Marracuene,Mulheres,Mais de 60,7050.0
2025,Maio,Província de Maputo,Marracuene,Outros,N/A,219.0
2025,Junho,Província de Maputo,Marracuene,Homens,0 a 16,298.0
2025,Junho,Província de Maputo,Marracuene,Mulheres,0 a 16,243.0
2025,Junho,Província de Maputo,Marracuene,Homens,17 a 21,19223.0
2025,Junho,Província de Maputo,Marracuene,Mulheres,17 a 21,18652.0
2025,Junho,Província de Maputo,Marracuene,Homens,22 a 60,132925.0
2025,Junho,Província de Maputo,Marracuene,Mulheres,22 a 60,124283.0
2025,Junho,Província de Maputo,Marracuene,Homens,Mais de 60,6275.0
2025,Junho,Província de Maputo,Marracuene,Mulheres,Mais de 60,6339.0
2025,Junho,Província de Maputo,Marracuene,Outros,N/A,147.0
2025,Julho,Província de Maputo,Marracuene,Homens,0 a 16,323.0
2025,Julho,Província de Maputo,Marracuene,Mulheres,0 a 16,244.0
2025,Julho,Província de Maputo,Marracuene,Homens,17 a 21,19229.0
2025,Julho,Província de Maputo,Marracuene,Mulheres,17 a 21,18694.0
2025,Julho,Província de Maputo,Marracuene,Homens,22 a 60,131872.0
2025,Julho,Província de Maputo,Marracuene,Mulheres,22 a 60,123842.0
2025,Julho,Província de Maputo,Marracuene,Homens,Mais de 60,6204.0
2025,Julho,Província de Maputo,Marracuene,Mulheres,Mais de 60,6270.0
2025,Julho,Província de Maputo,Marracuene,Outros,N/A,143.0
2025,Agosto,Província de Maputo,Marracuene,Homens,0 a 16,307.0
2025,Agosto,Província de Maputo,Marracuene,Mulheres,0 a 16,229.0
2025,Agosto,Província de Maputo,Marracuene,Homens,17 a 21,19528.0
2025,Agosto,Província de Maputo,Marracuene,Mulheres,17 a 21,18998.0
2025,Agosto,Província de Maputo,Marracuene,Homens,22 a 60,135135.0
2025,Agosto,Província de Maputo,Marracuene,Mulheres,22 a 60,124873.0
2025,Agosto,Província de Maputo,Marracuene,Homens,Mais de 60,6395.0
2025,Agosto,Província de Maputo,Marracuene,Mulheres,Mais de 60,6340.0
2025,Agosto,Província de Maputo,Marracuene,Outros,N/A,153.0
2025,Setembro,Província de Maputo,Marracuene,Homens,0 a 16,292.0
2025,Setembro,Província de Maputo,Marracuene,Mulheres,0 a 16,234.0
2025,Setembro,Província de Maputo,Marracuene,Homens,17 a 21,19761.0
2025,Setembro,Província de Maputo,Marracuene,Mulheres,17 a 21,19051.0
2025,Setembro,Província de Maputo,Marracuene,Homens,22 a 60,136268.0
2025,Setembro,Província de Maputo,Marracuene,Mulheres,22 a 60,126009.0
2025,Setembro,Província de Maputo,Marracuene,Homens,Mais de 60,6568.0
2025,Setembro,Província de Maputo,Marracuene,Mulheres,Mais de 60,6444.0
2025,Setembro,Província de Maputo,Marracuene,Outros,N/A,162.0
2025,Outubro,Província de Maputo,Marracuene,Homens,0 a 16,265.0
2025,Outubro,Província de Maputo,Marracuene,Mulheres,0 a 16,226.0
2025,Outubro,Província de Maputo,Marracuene,Homens,17 a 21,20018.0
2025,Outubro,Província de Maputo,Marracuene,Mulheres,17 a 21,19560.0
2025,Outubro,Província de Maputo,Marracuene,Homens,22 a 60,140487.0
2025,Outubro,Província de Maputo,Marracuene,Mulheres,22 a 60,129526.0
2025,Outubro,Província de Maputo,Marracuene,Homens,Mais de 60,6676.0
2025,Outubro,Província de Maputo,Marracuene,Mulheres,Mais de 60,6590.0
2025,Outubro,Província de Maputo,Marracuene,Outros,N/A,168.0
2025,Novembro,Província de Maputo,Marracuene,Homens,0 a 16,293.0
2025,Novembro,Província de Maputo,Marracuene,Mulheres,0 a 16,246.0
2025,Novembro,Província de Maputo,Marracuene,Homens,17 a 21,20299.0
2025,Novembro,Província de Maputo,Marracuene,Mulheres,17 a 21,19938.0
2025,Novembro,Província de Maputo,Marracuene,Homens,22 a 60,135374.0
2025,Novembro,Província de Maputo,Marracuene,Mulheres,22 a 60,136122.0
2025,Novembro,Província de Maputo,Marracuene,Homens,Mais de 60,6452.0
2025,Novembro,Província de Maputo,Marracuene,Mulheres,Mais de 60,6928.0
2025,Novembro,Província de Maputo,Marracuene,Outros,N/A,44.0
2025,Dezembro,Província de Maputo,Marracuene,Homens,0 a 16,290.0
2025,Dezembro,Província de Maputo,Marracuene,Mulheres,0 a 16,239.0
2025,Dezembro,Província de Maputo,Marracuene,Homens,17 a 21,20713.0
2025,Dezembro,Província de Maputo,Marracuene,Mulheres,17 a 21,20070.0
2025,Dezembro,Província de Maputo,Marracuene,Homens,22 a 60,148956.0
2025,Dezembro,Província de Maputo,Marracuene,Mulheres,22 a 60,136487.0
2025,Dezembro,Província de Maputo,Marracuene,Homens,Mais de 60,7177.0
2025,Dezembro,Província de Maputo,Marracuene,Mulheres,Mais de 60,6971.0
2025,Dezembro,Província de Maputo,Marracuene,Outros,N/A,44.0
2025,Janeiro,Província de Maputo,Matutuíne,Homens,0 a 16,45.0
2025,Janeiro,Província de Maputo,Matutuíne,Mulheres,0 a 16,43.0
2025,Janeiro,Província de Maputo,Matutuíne,Homens,17 a 21,3474.0
2025,Janeiro,Província de Maputo,Matutuíne,Mulheres,17 a 21,2816.0
2025,Janeiro,Província de Maputo,Matutuíne,Homens,22 a 60,23753.0
2025,Janeiro,Província de Maputo,Matutuíne,Mulheres,22 a 60,18347.0
2025,Janeiro,Província de Maputo,Matutuíne,Homens,Mais de 60,1242.0
2025,Janeiro,Província de Maputo,Matutuíne,Mulheres,Mais de 60,1078.0
2025,Janeiro,Província de Maputo,Matutuíne,Outros,N/A,43.0
2025,Fevereiro,Província de Maputo,Matutuíne,Homens,0 a 16,55.0
2025,Fevereiro,Província de Maputo,Matutuíne,Mulheres,0 a 16,50.0
2025,Fevereiro,Província de Maputo,Matutuíne,Homens,17 a 21,3716.0
2025,Fevereiro,Província de Maputo,Matutuíne,Mulheres,17 a 21,3021.0
2025,Fevereiro,Província de Maputo,Matutuíne,Homens,22 a 60,24963.0
2025,Fevereiro,Província de Maputo,Matutuíne,Mulheres,22 a 60,19231.0
2025,Fevereiro,Província de Maputo,Matutuíne,Homens,Mais de 60,1285.0
2025,Fevereiro,Província de Maputo,Matutuíne,Mulheres,Mais de 60,1108.0
2025,Fevereiro,Província de Maputo,Matutuíne,Outros,N/A,36.0
2025,Março,Província de Maputo,Matutuíne,Homens,0 a 16,52.0
2025,Março,Província de Maputo,Matutuíne,Mulheres,0 a 16,56.0
2025,Março,Província de Maputo,Matutuíne,Homens,17 a 21,3723.0
2025,Março,Província de Maputo,Matutuíne,Mulheres,17 a 21,3086.0
2025,Março,Província de Maputo,Matutuíne,Homens,22 a 60,24876.0
2025,Março,Província de Maputo,Matutuíne,Mulheres,22 a 60,19214.0
2025,Março,Província de Maputo,Matutuíne,Homens,Mais de 60,1273.0
2025,Março,Província de Maputo,Matutuíne,Mulheres,Mais de 60,1133.0
2025,Março,Província de Maputo,Matutuíne,Outros,N/A,35.0
2025,Abril,Província de Maputo,Matutuíne,Homens,0 a 16,70.0
2025,Abril,Província de Maputo,Matutuíne,Mulheres,0 a 16,62.0
2025,Abril,Província de Maputo,Matutuíne,Homens,17 a 21,4128.0
2025,Abril,Província de Maputo,Matutuíne,Mulheres,17 a 21,3417.0
2025,Abril,Província de Maputo,Matutuíne,Homens,22 a 60,27794.0
2025,Abril,Província de Maputo,Matutuíne,Mulheres,22 a 60,21467.0
2025,Abril,Província de Maputo,Matutuíne,Homens,Mais de 60,1432.0
2025,Abril,Província de Maputo,Matutuíne,Mulheres,Mais de 60,1294.0
2025,Abril,Província de Maputo,Matutuíne,Outros,N/A,32.0
2025,Maio,Província de Maputo,Matutuíne,Homens,0 a 16,61.0
2025,Maio,Província de Maputo,Matutuíne,Mulheres,0 a 16,59.0
2025,Maio,Província de Maputo,Matutuíne,Homens,17 a 21,3966.0
2025,Maio,Província de Maputo,Matutuíne,Mulheres,17 a 21,3231.0
2025,Maio,Província de Maputo,Matutuíne,Homens,22 a 60,26555.0
2025,Maio,Província de Maputo,Matutuíne,Mulheres,22 a 60,20661.0
2025,Maio,Província de Maputo,Matutuíne,Homens,Mais de 60,1429.0
2025,Maio,Província de Maputo,Matutuíne,Mulheres,Mais de 60,1232.0
2025,Maio,Província de Maputo,Matutuíne,Outros,N/A,34.0
2025,Junho,Província de Maputo,Matutuíne,Homens,0 a 16,51.0
2025,Junho,Província de Maputo,Matutuíne,Mulheres,0 a 16,41.0
2025,Junho,Província de Maputo,Matutuíne,Homens,17 a 21,3464.0
2025,Junho,Província de Maputo,Matutuíne,Mulheres,17 a 21,2900.0
2025,Junho,Província de Maputo,Matutuíne,Homens,22 a 60,22771.0
2025,Junho,Província de Maputo,Matutuíne,Mulheres,22 a 60,17792.0
2025,Junho,Província de Maputo,Matutuíne,Homens,Mais de 60,1282.0
2025,Junho,Província de Maputo,Matutuíne,Mulheres,Mais de 60,1076.0
2025,Junho,Província de Maputo,Matutuíne,Outros,N/A,21.0
2025,Julho,Província de Maputo,Matutuíne,Homens,0 a 16,47.0
2025,Julho,Província de Maputo,Matutuíne,Mulheres,0 a 16,48.0
2025,Julho,Província de Maputo,Matutuíne,Homens,17 a 21,3439.0
2025,Julho,Província de Maputo,Matutuíne,Mulheres,17 a 21,2877.0
2025,Julho,Província de Maputo,Matutuíne,Homens,22 a 60,22698.0
2025,Julho,Província de Maputo,Matutuíne,Mulheres,22 a 60,17639.0
2025,Julho,Província de Maputo,Matutuíne,Homens,Mais de 60,1298.0
2025,Julho,Província de Maputo,Matutuíne,Mulheres,Mais de 60,1077.0
2025,Julho,Província de Maputo,Matutuíne,Outros,N/A,21.0
2025,Agosto,Província de Maputo,Matutuíne,Homens,0 a 16,40.0
2025,Agosto,Província de Maputo,Matutuíne,Mulheres,0 a 16,62.0
2025,Agosto,Província de Maputo,Matutuíne,Homens,17 a 21,3528.0
2025,Agosto,Província de Maputo,Matutuíne,Mulheres,17 a 21,3006.0
2025,Agosto,Província de Maputo,Matutuíne,Homens,22 a 60,23678.0
2025,Agosto,Província de Maputo,Matutuíne,Mulheres,22 a 60,18438.0
2025,Agosto,Província de Maputo,Matutuíne,Homens,Mais de 60,1338.0
2025,Agosto,Província de Maputo,Matutuíne,Mulheres,Mais de 60,1149.0
2025,Agosto,Província de Maputo,Matutuíne,Outros,N/A,26.0
2025,Setembro,Província de Maputo,Matutuíne,Homens,0 a 16,48.0
2025,Setembro,Província de Maputo,Matutuíne,Mulheres,0 a 16,59.0
2025,Setembro,Província de Maputo,Matutuíne,Homens,17 a 21,3632.0
2025,Setembro,Província de Maputo,Matutuíne,Mulheres,17 a 21,3085.0
2025,Setembro,Província de Maputo,Matutuíne,Homens,22 a 60,24362.0
2025,Setembro,Província de Maputo,Matutuíne,Mulheres,22 a 60,18979.0
2025,Setembro,Província de Maputo,Matutuíne,Homens,Mais de 60,1339.0
2025,Setembro,Província de Maputo,Matutuíne,Mulheres,Mais de 60,1188.0
2025,Setembro,Província de Maputo,Matutuíne,Outros,N/A,25.0
2025,Outubro,Província de Maputo,Matutuíne,Homens,0 a 16,53.0
2025,Outubro,Província de Maputo,Matutuíne,Mulheres,0 a 16,57.0
2025,Outubro,Província de Maputo,Matutuíne,Homens,17 a 21,3818.0
2025,Outubro,Província de Maputo,Matutuíne,Mulheres,17 a 21,3265.0
2025,Outubro,Província de Maputo,Matutuíne,Homens,22 a 60,26369.0
2025,Outubro,Província de Maputo,Matutuíne,Mulheres,22 a 60,20299.0
2025,Outubro,Província de Maputo,Matutuíne,Homens,Mais de 60,1436.0
2025,Outubro,Província de Maputo,Matutuíne,Mulheres,Mais de 60,1267.0
2025,Outubro,Província de Maputo,Matutuíne,Outros,N/A,30.0
2025,Novembro,Província de Maputo,Matutuíne,Homens,0 a 16,54.0
2025,Novembro,Província de Maputo,Matutuíne,Mulheres,0 a 16,59.0
2025,Novembro,Província de Maputo,Matutuíne,Homens,17 a 21,3845.0
2025,Novembro,Província de Maputo,Matutuíne,Mulheres,17 a 21,3321.0
2025,Novembro,Província de Maputo,Matutuíne,Homens,22 a 60,25616.0
2025,Novembro,Província de Maputo,Matutuíne,Mulheres,22 a 60,21827.0
2025,Novembro,Província de Maputo,Matutuíne,Homens,Mais de 60,1398.0
2025,Novembro,Província de Maputo,Matutuíne,Mulheres,Mais de 60,1341.0
2025,Novembro,Província de Maputo,Matutuíne,Outros,N/A,7.0
2025,Dezembro,Província de Maputo,Matutuíne,Homens,0 a 16,52.0
2025,Dezembro,Província de Maputo,Matutuíne,Mulheres,0 a 16,59.0
2025,Dezembro,Província de Maputo,Matutuíne,Homens,17 a 21,4108.0
2025,Dezembro,Província de Maputo,Matutuíne,Mulheres,17 a 21,3548.0
2025,Dezembro,Província de Maputo,Matutuíne,Homens,22 a 60,28821.0
2025,Dezembro,Província de Maputo,Matutuíne,Mulheres,22 a 60,22789.0
2025,Dezembro,Província de Maputo,Matutuíne,Homens,Mais de 60,1636.0
2025,Dezembro,Província de Maputo,Matutuíne,Mulheres,Mais de 60,1442.0
2025,Dezembro,Província de Maputo,Matutuíne,Outros,N/A,12.0
2025,Janeiro,Província de Maputo,Namaacha,Homens,0 a 16,36.0
2025,Janeiro,Província de Maputo,Namaacha,Mulheres,0 a 16,32.0
2025,Janeiro,Província de Maputo,Namaacha,Homens,17 a 21,2670.0
2025,Janeiro,Província de Maputo,Namaacha,Mulheres,17 a 21,2115.0
2025,Janeiro,Província de Maputo,Namaacha,Homens,22 a 60,17200.0
2025,Janeiro,Província de Maputo,Namaacha,Mulheres,22 a 60,14281.0
2025,Janeiro,Província de Maputo,Namaacha,Homens,Mais de 60,1472.0
2025,Janeiro,Província de Maputo,Namaacha,Mulheres,Mais de 60,1216.0
2025,Janeiro,Província de Maputo,Namaacha,Outros,N/A,21.0
2025,Fevereiro,Província de Maputo,Namaacha,Homens,0 a 16,40.0
2025,Fevereiro,Província de Maputo,Namaacha,Mulheres,0 a 16,32.0
2025,Fevereiro,Província de Maputo,Namaacha,Homens,17 a 21,2717.0
2025,Fevereiro,Província de Maputo,Namaacha,Mulheres,17 a 21,2177.0
2025,Fevereiro,Província de Maputo,Namaacha,Homens,22 a 60,17261.0
2025,Fevereiro,Província de Maputo,Namaacha,Mulheres,22 a 60,14393.0
2025,Fevereiro,Província de Maputo,Namaacha,Homens,Mais de 60,1453.0
2025,Fevereiro,Província de Maputo,Namaacha,Mulheres,Mais de 60,1232.0
2025,Fevereiro,Província de Maputo,Namaacha,Outros,N/A,21.0
2025,Março,Província de Maputo,Namaacha,Homens,0 a 16,48.0
2025,Março,Província de Maputo,Namaacha,Mulheres,0 a 16,33.0
2025,Março,Província de Maputo,Namaacha,Homens,17 a 21,2754.0
2025,Março,Província de Maputo,Namaacha,Mulheres,17 a 21,2177.0
2025,Março,Província de Maputo,Namaacha,Homens,22 a 60,17160.0
2025,Março,Província de Maputo,Namaacha,Mulheres,22 a 60,14165.0
2025,Março,Província de Maputo,Namaacha,Homens,Mais de 60,1416.0
2025,Março,Província de Maputo,Namaacha,Mulheres,Mais de 60,1248.0
2025,Março,Província de Maputo,Namaacha,Outros,N/A,22.0
2025,Abril,Província de Maputo,Namaacha,Homens,0 a 16,62.0
2025,Abril,Província de Maputo,Namaacha,Mulheres,0 a 16,45.0
2025,Abril,Província de Maputo,Namaacha,Homens,17 a 21,3303.0
2025,Abril,Província de Maputo,Namaacha,Mulheres,17 a 21,2553.0
2025,Abril,Província de Maputo,Namaacha,Homens,22 a 60,19919.0
2025,Abril,Província de Maputo,Namaacha,Mulheres,22 a 60,16524.0
2025,Abril,Província de Maputo,Namaacha,Homens,Mais de 60,1645.0
2025,Abril,Província de Maputo,Namaacha,Mulheres,Mais de 60,1413.0
2025,Abril,Província de Maputo,Namaacha,Outros,N/A,23.0
2025,Maio,Província de Maputo,Namaacha,Homens,0 a 16,45.0
2025,Maio,Província de Maputo,Namaacha,Mulheres,0 a 16,47.0
2025,Maio,Província de Maputo,Namaacha,Homens,17 a 21,2937.0
2025,Maio,Província de Maputo,Namaacha,Mulheres,17 a 21,2358.0
2025,Maio,Província de Maputo,Namaacha,Homens,22 a 60,18729.0
2025,Maio,Província de Maputo,Namaacha,Mulheres,22 a 60,15605.0
2025,Maio,Província de Maputo,Namaacha,Homens,Mais de 60,1584.0
2025,Maio,Província de Maputo,Namaacha,Mulheres,Mais de 60,1404.0
2025,Maio,Província de Maputo,Namaacha,Outros,N/A,15.0
2025,Junho,Província de Maputo,Namaacha,Homens,0 a 16,49.0
2025,Junho,Província de Maputo,Namaacha,Mulheres,0 a 16,30.0
2025,Junho,Província de Maputo,Namaacha,Homens,17 a 21,2474.0
2025,Junho,Província de Maputo,Namaacha,Mulheres,17 a 21,2096.0
2025,Junho,Província de Maputo,Namaacha,Homens,22 a 60,15959.0
2025,Junho,Província de Maputo,Namaacha,Mulheres,22 a 60,13739.0
2025,Junho,Província de Maputo,Namaacha,Homens,Mais de 60,1437.0
2025,Junho,Província de Maputo,Namaacha,Mulheres,Mais de 60,1263.0
2025,Junho,Província de Maputo,Namaacha,Outros,N/A,11.0
2025,Julho,Província de Maputo,Namaacha,Homens,0 a 16,47.0
2025,Julho,Província de Maputo,Namaacha,Mulheres,0 a 16,36.0
2025,Julho,Província de Maputo,Namaacha,Homens,17 a 21,2460.0
2025,Julho,Província de Maputo,Namaacha,Mulheres,17 a 21,2015.0
2025,Julho,Província de Maputo,Namaacha,Homens,22 a 60,15719.0
2025,Julho,Província de Maputo,Namaacha,Mulheres,22 a 60,13578.0
2025,Julho,Província de Maputo,Namaacha,Homens,Mais de 60,1398.0
2025,Julho,Província de Maputo,Namaacha,Mulheres,Mais de 60,1281.0
2025,Julho,Província de Maputo,Namaacha,Outros,N/A,14.0
2025,Agosto,Província de Maputo,Namaacha,Homens,0 a 16,49.0
2025,Agosto,Província de Maputo,Namaacha,Mulheres,0 a 16,35.0
2025,Agosto,Província de Maputo,Namaacha,Homens,17 a 21,2548.0
2025,Agosto,Província de Maputo,Namaacha,Mulheres,17 a 21,2110.0
2025,Agosto,Província de Maputo,Namaacha,Homens,22 a 60,16762.0
2025,Agosto,Província de Maputo,Namaacha,Mulheres,22 a 60,14288.0
2025,Agosto,Província de Maputo,Namaacha,Homens,Mais de 60,1488.0
2025,Agosto,Província de Maputo,Namaacha,Mulheres,Mais de 60,1364.0
2025,Agosto,Província de Maputo,Namaacha,Outros,N/A,18.0
2025,Setembro,Província de Maputo,Namaacha,Homens,0 a 16,42.0
2025,Setembro,Província de Maputo,Namaacha,Mulheres,0 a 16,44.0
2025,Setembro,Província de Maputo,Namaacha,Homens,17 a 21,2635.0
2025,Setembro,Província de Maputo,Namaacha,Mulheres,17 a 21,2186.0
2025,Setembro,Província de Maputo,Namaacha,Homens,22 a 60,17705.0
2025,Setembro,Província de Maputo,Namaacha,Mulheres,22 a 60,14954.0
2025,Setembro,Província de Maputo,Namaacha,Homens,Mais de 60,1560.0
2025,Setembro,Província de Maputo,Namaacha,Mulheres,Mais de 60,1438.0
2025,Setembro,Província de Maputo,Namaacha,Outros,N/A,17.0
2025,Outubro,Província de Maputo,Namaacha,Homens,0 a 16,35.0
2025,Outubro,Província de Maputo,Namaacha,Mulheres,0 a 16,41.0
2025,Outubro,Província de Maputo,Namaacha,Homens,17 a 21,2741.0
2025,Outubro,Província de Maputo,Namaacha,Mulheres,17 a 21,2277.0
2025,Outubro,Província de Maputo,Namaacha,Homens,22 a 60,18384.0
2025,Outubro,Província de Maputo,Namaacha,Mulheres,22 a 60,15530.0
2025,Outubro,Província de Maputo,Namaacha,Homens,Mais de 60,1653.0
2025,Outubro,Província de Maputo,Namaacha,Mulheres,Mais de 60,1497.0
2025,Outubro,Província de Maputo,Namaacha,Outros,N/A,19.0
2025,Novembro,Província de Maputo,Namaacha,Homens,0 a 16,40.0
2025,Novembro,Província de Maputo,Namaacha,Mulheres,0 a 16,43.0
2025,Novembro,Província de Maputo,Namaacha,Homens,17 a 21,2788.0
2025,Novembro,Província de Maputo,Namaacha,Mulheres,17 a 21,2356.0
2025,Novembro,Província de Maputo,Namaacha,Homens,22 a 60,17557.0
2025,Novembro,Província de Maputo,Namaacha,Mulheres,22 a 60,16488.0
2025,Novembro,Província de Maputo,Namaacha,Homens,Mais de 60,1565.0
2025,Novembro,Província de Maputo,Namaacha,Mulheres,Mais de 60,1632.0
2025,Novembro,Província de Maputo,Namaacha,Outros,N/A,9.0
2025,Dezembro,Província de Maputo,Namaacha,Homens,0 a 16,33.0
2025,Dezembro,Província de Maputo,Namaacha,Mulheres,0 a 16,42.0
2025,Dezembro,Província de Maputo,Namaacha,Homens,17 a 21,2946.0
2025,Dezembro,Província de Maputo,Namaacha,Mulheres,17 a 21,2439.0
2025,Dezembro,Província de Maputo,Namaacha,Homens,22 a 60,19589.0
2025,Dezembro,Província de Maputo,Namaacha,Mulheres,22 a 60,16733.0
2025,Dezembro,Província de Maputo,Namaacha,Homens,Mais de 60,1740.0
2025,Dezembro,Província de Maputo,Namaacha,Mulheres,Mais de 60,1602.0
2025,Dezembro,Província de Maputo,Namaacha,Outros,N/A,10.0
2025,Janeiro,Província de Maputo,Moamba,Homens,0 a 16,131.0
2025,Janeiro,Província de Maputo,Moamba,Mulheres,0 a 16,87.0
2025,Janeiro,Província de Maputo,Moamba,Homens,17 a 21,7749.0
2025,Janeiro,Província de Maputo,Moamba,Mulheres,17 a 21,6810.0
2025,Janeiro,Província de Maputo,Moamba,Homens,22 a 60,69068.0
2025,Janeiro,Província de Maputo,Moamba,Mulheres,22 a 60,51656.0
2025,Janeiro,Província de Maputo,Moamba,Homens,Mais de 60,3361.0
2025,Janeiro,Província de Maputo,Moamba,Mulheres,Mais de 60,3053.0
2025,Janeiro,Província de Maputo,Moamba,Outros,N/A,90.0
2025,Fevereiro,Província de Maputo,Moamba,Homens,0 a 16,134.0
2025,Fevereiro,Província de Maputo,Moamba,Mulheres,0 a 16,115.0
2025,Fevereiro,Província de Maputo,Moamba,Homens,17 a 21,8468.0
2025,Fevereiro,Província de Maputo,Moamba,Mulheres,17 a 21,7337.0
2025,Fevereiro,Província de Maputo,Moamba,Homens,22 a 60,75054.0
2025,Fevereiro,Província de Maputo,Moamba,Mulheres,22 a 60,55651.0
2025,Fevereiro,Província de Maputo,Moamba,Homens,Mais de 60,3546.0
2025,Fevereiro,Província de Maputo,Moamba,Mulheres,Mais de 60,3266.0
2025,Fevereiro,Província de Maputo,Moamba,Outros,N/A,89.0
2025,Março,Província de Maputo,Moamba,Homens,0 a 16,132.0
2025,Março,Província de Maputo,Moamba,Mulheres,0 a 16,108.0
2025,Março,Província de Maputo,Moamba,Homens,17 a 21,8139.0
2025,Março,Província de Maputo,Moamba,Mulheres,17 a 21,7009.0
2025,Março,Província de Maputo,Moamba,Homens,22 a 60,70901.0
2025,Março,Província de Maputo,Moamba,Mulheres,22 a 60,51615.0
2025,Março,Província de Maputo,Moamba,Homens,Mais de 60,3192.0
2025,Março,Província de Maputo,Moamba,Mulheres,Mais de 60,3080.0
2025,Março,Província de Maputo,Moamba,Outros,N/A,72.0
2025,Abril,Província de Maputo,Moamba,Homens,0 a 16,197.0
2025,Abril,Província de Maputo,Moamba,Mulheres,0 a 16,150.0
2025,Abril,Província de Maputo,Moamba,Homens,17 a 21,9930.0
2025,Abril,Província de Maputo,Moamba,Mulheres,17 a 21,8472.0
2025,Abril,Província de Maputo,Moamba,Homens,22 a 60,84803.0
2025,Abril,Província de Maputo,Moamba,Mulheres,22 a 60,63436.0
2025,Abril,Província de Maputo,Moamba,Homens,Mais de 60,3951.0
2025,Abril,Província de Maputo,Moamba,Mulheres,Mais de 60,3758.0
2025,Abril,Província de Maputo,Moamba,Outros,N/A,77.0
2025,Maio,Província de Maputo,Moamba,Homens,0 a 16,159.0
2025,Maio,Província de Maputo,Moamba,Mulheres,0 a 16,129.0
2025,Maio,Província de Maputo,Moamba,Homens,17 a 21,9358.0
2025,Maio,Província de Maputo,Moamba,Mulheres,17 a 21,8036.0
2025,Maio,Província de Maputo,Moamba,Homens,22 a 60,80758.0
2025,Maio,Província de Maputo,Moamba,Mulheres,22 a 60,60675.0
2025,Maio,Província de Maputo,Moamba,Homens,Mais de 60,3810.0
2025,Maio,Província de Maputo,Moamba,Mulheres,Mais de 60,3622.0
2025,Maio,Província de Maputo,Moamba,Outros,N/A,59.0
2025,Junho,Província de Maputo,Moamba,Homens,0 a 16,145.0
2025,Junho,Província de Maputo,Moamba,Mulheres,0 a 16,92.0
2025,Junho,Província de Maputo,Moamba,Homens,17 a 21,7402.0
2025,Junho,Província de Maputo,Moamba,Mulheres,17 a 21,6744.0
2025,Junho,Província de Maputo,Moamba,Homens,22 a 60,61273.0
2025,Junho,Província de Maputo,Moamba,Mulheres,22 a 60,48398.0
2025,Junho,Província de Maputo,Moamba,Homens,Mais de 60,3165.0
2025,Junho,Província de Maputo,Moamba,Mulheres,Mais de 60,2967.0
2025,Junho,Província de Maputo,Moamba,Outros,N/A,48.0
2025,Julho,Província de Maputo,Moamba,Homens,0 a 16,159.0
2025,Julho,Província de Maputo,Moamba,Mulheres,0 a 16,109.0
2025,Julho,Província de Maputo,Moamba,Homens,17 a 21,7363.0
2025,Julho,Província de Maputo,Moamba,Mulheres,17 a 21,6687.0
2025,Julho,Província de Maputo,Moamba,Homens,22 a 60,59896.0
2025,Julho,Província de Maputo,Moamba,Mulheres,22 a 60,47500.0
2025,Julho,Província de Maputo,Moamba,Homens,Mais de 60,3069.0
2025,Julho,Província de Maputo,Moamba,Mulheres,Mais de 60,2921.0
2025,Julho,Província de Maputo,Moamba,Outros,N/A,55.0
2025,Agosto,Província de Maputo,Moamba,Homens,0 a 16,154.0
2025,Agosto,Província de Maputo,Moamba,Mulheres,0 a 16,117.0
2025,Agosto,Província de Maputo,Moamba,Homens,17 a 21,7747.0
2025,Agosto,Província de Maputo,Moamba,Mulheres,17 a 21,7063.0
2025,Agosto,Província de Maputo,Moamba,Homens,22 a 60,64679.0
2025,Agosto,Província de Maputo,Moamba,Mulheres,22 a 60,50496.0
2025,Agosto,Província de Maputo,Moamba,Homens,Mais de 60,3278.0
2025,Agosto,Província de Maputo,Moamba,Mulheres,Mais de 60,3085.0
2025,Agosto,Província de Maputo,Moamba,Outros,N/A,57.0
2025,Setembro,Província de Maputo,Moamba,Homens,0 a 16,146.0
2025,Setembro,Província de Maputo,Moamba,Mulheres,0 a 16,112.0
2025,Setembro,Província de Maputo,Moamba,Homens,17 a 21,7972.0
2025,Setembro,Província de Maputo,Moamba,Mulheres,17 a 21,7120.0
2025,Setembro,Província de Maputo,Moamba,Homens,22 a 60,66897.0
2025,Setembro,Província de Maputo,Moamba,Mulheres,22 a 60,52316.0
2025,Setembro,Província de Maputo,Moamba,Homens,Mais de 60,3474.0
2025,Setembro,Província de Maputo,Moamba,Mulheres,Mais de 60,3229.0
2025,Setembro,Província de Maputo,Moamba,Outros,N/A,65.0
2025,Outubro,Província de Maputo,Moamba,Homens,0 a 16,148.0
2025,Outubro,Província de Maputo,Moamba,Mulheres,0 a 16,116.0
2025,Outubro,Província de Maputo,Moamba,Homens,17 a 21,8641.0
2025,Outubro,Província de Maputo,Moamba,Mulheres,17 a 21,7621.0
2025,Outubro,Província de Maputo,Moamba,Homens,22 a 60,74408.0
2025,Outubro,Província de Maputo,Moamba,Mulheres,22 a 60,57390.0
2025,Outubro,Província de Maputo,Moamba,Homens,Mais de 60,3814.0
2025,Outubro,Província de Maputo,Moamba,Mulheres,Mais de 60,3537.0
2025,Outubro,Província de Maputo,Moamba,Outros,N/A,75.0
2025,Novembro,Província de Maputo,Moamba,Homens,0 a 16,146.0
2025,Novembro,Província de Maputo,Moamba,Mulheres,0 a 16,121.0
2025,Novembro,Província de Maputo,Moamba,Homens,17 a 21,8843.0
2025,Novembro,Província de Maputo,Moamba,Mulheres,17 a 21,7915.0
2025,Novembro,Província de Maputo,Moamba,Homens,22 a 60,73016.0
2025,Novembro,Província de Maputo,Moamba,Mulheres,22 a 60,61860.0
2025,Novembro,Província de Maputo,Moamba,Homens,Mais de 60,3703.0
2025,Novembro,Província de Maputo,Moamba,Mulheres,Mais de 60,3705.0
2025,Novembro,Província de Maputo,Moamba,Outros,N/A,26.0
2025,Dezembro,Província de Maputo,Moamba,Homens,0 a 16,159.0
2025,Dezembro,Província de Maputo,Moamba,Mulheres,0 a 16,122.0
2025,Dezembro,Província de Maputo,Moamba,Homens,17 a 21,8818.0
2025,Dezembro,Província de Maputo,Moamba,Mulheres,17 a 21,7868.0
2025,Dezembro,Província de Maputo,Moamba,Homens,22 a 60,75643.0
2025,Dezembro,Província de Maputo,Moamba,Mulheres,22 a 60,59718.0
2025,Dezembro,Província de Maputo,Moamba,Homens,Mais de 60,3998.0
2025,Dezembro,Província de Maputo,Moamba,Mulheres,Mais de 60,3769.0
2025,Dezembro,Província de Maputo,Moamba,Outros,N/A,24.0
2025,Janeiro,Gaza,Cidade de Xai-Xai,Homens,0 a 16,201.0
2025,Janeiro,Gaza,Cidade de Xai-Xai,Mulheres,0 a 16,172.0
2025,Janeiro,Gaza,Cidade de Xai-Xai,Homens,17 a 21,12942.0
2025,Janeiro,Gaza,Cidade de Xai-Xai,Mulheres,17 a 21,13867.0
2025,Janeiro,Gaza,Cidade de Xai-Xai,Homens,22 a 60,68110.0
2025,Janeiro,Gaza,Cidade de Xai-Xai,Mulheres,22 a 60,72418.0
2025,Janeiro,Gaza,Cidade de Xai-Xai,Homens,Mais de 60,5014.0
2025,Janeiro,Gaza,Cidade de Xai-Xai,Mulheres,Mais de 60,5587.0
2025,Janeiro,Gaza,Cidade de Xai-Xai,Outros,N/A,98.0
2025,Fevereiro,Gaza,Cidade de Xai-Xai,Homens,0 a 16,226.0
2025,Fevereiro,Gaza,Cidade de Xai-Xai,Mulheres,0 a 16,197.0
2025,Fevereiro,Gaza,Cidade de Xai-Xai,Homens,17 a 21,13410.0
2025,Fevereiro,Gaza,Cidade de Xai-Xai,Mulheres,17 a 21,14376.0
2025,Fevereiro,Gaza,Cidade de Xai-Xai,Homens,22 a 60,68537.0
2025,Fevereiro,Gaza,Cidade de Xai-Xai,Mulheres,22 a 60,73241.0
2025,Fevereiro,Gaza,Cidade de Xai-Xai,Homens,Mais de 60,5027.0
2025,Fevereiro,Gaza,Cidade de Xai-Xai,Mulheres,Mais de 60,5663.0
2025,Fevereiro,Gaza,Cidade de Xai-Xai,Outros,N/A,103.0
2025,Março,Gaza,Cidade de Xai-Xai,Homens,0 a 16,252.0
2025,Março,Gaza,Cidade de Xai-Xai,Mulheres,0 a 16,190.0
2025,Março,Gaza,Cidade de Xai-Xai,Homens,17 a 21,13863.0
2025,Março,Gaza,Cidade de Xai-Xai,Mulheres,17 a 21,14676.0
2025,Março,Gaza,Cidade de Xai-Xai,Homens,22 a 60,70088.0
2025,Março,Gaza,Cidade de Xai-Xai,Mulheres,22 a 60,74601.0
2025,Março,Gaza,Cidade de Xai-Xai,Homens,Mais de 60,5155.0
2025,Março,Gaza,Cidade de Xai-Xai,Mulheres,Mais de 60,5851.0
2025,Março,Gaza,Cidade de Xai-Xai,Outros,N/A,99.0
2025,Abril,Gaza,Cidade de Xai-Xai,Homens,0 a 16,263.0
2025,Abril,Gaza,Cidade de Xai-Xai,Mulheres,0 a 16,238.0
2025,Abril,Gaza,Cidade de Xai-Xai,Homens,17 a 21,14404.0
2025,Abril,Gaza,Cidade de Xai-Xai,Mulheres,17 a 21,15355.0
2025,Abril,Gaza,Cidade de Xai-Xai,Homens,22 a 60,73111.0
2025,Abril,Gaza,Cidade de Xai-Xai,Mulheres,22 a 60,77700.0
2025,Abril,Gaza,Cidade de Xai-Xai,Homens,Mais de 60,5390.0
2025,Abril,Gaza,Cidade de Xai-Xai,Mulheres,Mais de 60,6144.0
2025,Abril,Gaza,Cidade de Xai-Xai,Outros,N/A,103.0
2025,Maio,Gaza,Cidade de Xai-Xai,Homens,0 a 16,273.0
2025,Maio,Gaza,Cidade de Xai-Xai,Mulheres,0 a 16,228.0
2025,Maio,Gaza,Cidade de Xai-Xai,Homens,17 a 21,14439.0
2025,Maio,Gaza,Cidade de Xai-Xai,Mulheres,17 a 21,15479.0
2025,Maio,Gaza,Cidade de Xai-Xai,Homens,22 a 60,73566.0
2025,Maio,Gaza,Cidade de Xai-Xai,Mulheres,22 a 60,78477.0
2025,Maio,Gaza,Cidade de Xai-Xai,Homens,Mais de 60,5442.0
2025,Maio,Gaza,Cidade de Xai-Xai,Mulheres,Mais de 60,6198.0
2025,Maio,Gaza,Cidade de Xai-Xai,Outros,N/A,88.0
2025,Junho,Gaza,Cidade de Xai-Xai,Homens,0 a 16,291.0
2025,Junho,Gaza,Cidade de Xai-Xai,Mulheres,0 a 16,267.0
2025,Junho,Gaza,Cidade de Xai-Xai,Homens,17 a 21,14168.0
2025,Junho,Gaza,Cidade de Xai-Xai,Mulheres,17 a 21,15432.0
2025,Junho,Gaza,Cidade de Xai-Xai,Homens,22 a 60,72137.0
2025,Junho,Gaza,Cidade de Xai-Xai,Mulheres,22 a 60,77696.0
2025,Junho,Gaza,Cidade de Xai-Xai,Homens,Mais de 60,5316.0
2025,Junho,Gaza,Cidade de Xai-Xai,Mulheres,Mais de 60,6248.0
2025,Junho,Gaza,Cidade de Xai-Xai,Outros,N/A,97.0
2025,Julho,Gaza,Cidade de Xai-Xai,Homens,0 a 16,342.0
2025,Julho,Gaza,Cidade de Xai-Xai,Mulheres,0 a 16,313.0
2025,Julho,Gaza,Cidade de Xai-Xai,Homens,17 a 21,14323.0
2025,Julho,Gaza,Cidade de Xai-Xai,Mulheres,17 a 21,15781.0
2025,Julho,Gaza,Cidade de Xai-Xai,Homens,22 a 60,72995.0
2025,Julho,Gaza,Cidade de Xai-Xai,Mulheres,22 a 60,78611.0
2025,Julho,Gaza,Cidade de Xai-Xai,Homens,Mais de 60,5401.0
2025,Julho,Gaza,Cidade de Xai-Xai,Mulheres,Mais de 60,6304.0
2025,Julho,Gaza,Cidade de Xai-Xai,Outros,N/A,90.0
2025,Agosto,Gaza,Cidade de Xai-Xai,Homens,0 a 16,354.0
2025,Agosto,Gaza,Cidade de Xai-Xai,Mulheres,0 a 16,300.0
2025,Agosto,Gaza,Cidade de Xai-Xai,Homens,17 a 21,14706.0
2025,Agosto,Gaza,Cidade de Xai-Xai,Mulheres,17 a 21,15986.0
2025,Agosto,Gaza,Cidade de Xai-Xai,Homens,22 a 60,74363.0
2025,Agosto,Gaza,Cidade de Xai-Xai,Mulheres,22 a 60,79902.0
2025,Agosto,Gaza,Cidade de Xai-Xai,Homens,Mais de 60,5563.0
2025,Agosto,Gaza,Cidade de Xai-Xai,Mulheres,Mais de 60,6425.0
2025,Agosto,Gaza,Cidade de Xai-Xai,Outros,N/A,87.0
2025,Setembro,Gaza,Cidade de Xai-Xai,Homens,0 a 16,334.0
2025,Setembro,Gaza,Cidade de Xai-Xai,Mulheres,0 a 16,299.0
2025,Setembro,Gaza,Cidade de Xai-Xai,Homens,17 a 21,14846.0
2025,Setembro,Gaza,Cidade de Xai-Xai,Mulheres,17 a 21,16215.0
2025,Setembro,Gaza,Cidade de Xai-Xai,Homens,22 a 60,74932.0
2025,Setembro,Gaza,Cidade de Xai-Xai,Mulheres,22 a 60,80814.0
2025,Setembro,Gaza,Cidade de Xai-Xai,Homens,Mais de 60,5620.0
2025,Setembro,Gaza,Cidade de Xai-Xai,Mulheres,Mais de 60,6534.0
2025,Setembro,Gaza,Cidade de Xai-Xai,Outros,N/A,102.0
2025,Outubro,Gaza,Cidade de Xai-Xai,Homens,0 a 16,285.0
2025,Outubro,Gaza,Cidade de Xai-Xai,Mulheres,0 a 16,278.0
2025,Outubro,Gaza,Cidade de Xai-Xai,Homens,17 a 21,14776.0
2025,Outubro,Gaza,Cidade de Xai-Xai,Mulheres,17 a 21,16316.0
2025,Outubro,Gaza,Cidade de Xai-Xai,Homens,22 a 60,74641.0
2025,Outubro,Gaza,Cidade de Xai-Xai,Mulheres,22 a 60,80374.0
2025,Outubro,Gaza,Cidade de Xai-Xai,Homens,Mais de 60,5608.0
2025,Outubro,Gaza,Cidade de Xai-Xai,Mulheres,Mais de 60,6479.0
2025,Outubro,Gaza,Cidade de Xai-Xai,Outros,N/A,103.0
2025,Novembro,Gaza,Cidade de Xai-Xai,Homens,0 a 16,311.0
2025,Novembro,Gaza,Cidade de Xai-Xai,Mulheres,0 a 16,305.0
2025,Novembro,Gaza,Cidade de Xai-Xai,Homens,17 a 21,14970.0
2025,Novembro,Gaza,Cidade de Xai-Xai,Mulheres,17 a 21,16524.0
2025,Novembro,Gaza,Cidade de Xai-Xai,Homens,22 a 60,72405.0
2025,Novembro,Gaza,Cidade de Xai-Xai,Mulheres,22 a 60,82374.0
2025,Novembro,Gaza,Cidade de Xai-Xai,Homens,Mais de 60,5404.0
2025,Novembro,Gaza,Cidade de Xai-Xai,Mulheres,Mais de 60,6723.0
2025,Novembro,Gaza,Cidade de Xai-Xai,Outros,N/A,27.0
2025,Dezembro,Gaza,Cidade de Xai-Xai,Homens,0 a 16,337.0
2025,Dezembro,Gaza,Cidade de Xai-Xai,Mulheres,0 a 16,291.0
2025,Dezembro,Gaza,Cidade de Xai-Xai,Homens,17 a 21,15324.0
2025,Dezembro,Gaza,Cidade de Xai-Xai,Mulheres,17 a 21,16729.0
2025,Dezembro,Gaza,Cidade de Xai-Xai,Homens,22 a 60,77140.0
2025,Dezembro,Gaza,Cidade de Xai-Xai,Mulheres,22 a 60,82609.0
2025,Dezembro,Gaza,Cidade de Xai-Xai,Homens,Mais de 60,5884.0
2025,Dezembro,Gaza,Cidade de Xai-Xai,Mulheres,Mais de 60,6873.0
2025,Dezembro,Gaza,Cidade de Xai-Xai,Outros,N/A,27.0
2025,Janeiro,Gaza,Bilene-Macia,Homens,0 a 16,395.0
2025,Janeiro,Gaza,Bilene-Macia,Mulheres,0 a 16,384.0
2025,Janeiro,Gaza,Bilene-Macia,Homens,17 a 21,13609.0
2025,Janeiro,Gaza,Bilene-Macia,Mulheres,17 a 21,14165.0
2025,Janeiro,Gaza,Bilene-Macia,Homens,22 a 60,71143.0
2025,Janeiro,Gaza,Bilene-Macia,Mulheres,22 a 60,78427.0
2025,Janeiro,Gaza,Bilene-Macia,Homens,Mais de 60,5357.0
2025,Janeiro,Gaza,Bilene-Macia,Mulheres,Mais de 60,6578.0
2025,Janeiro,Gaza,Bilene-Macia,Outros,N/A,52.0
2025,Fevereiro,Gaza,Bilene-Macia,Homens,0 a 16,429.0
2025,Fevereiro,Gaza,Bilene-Macia,Mulheres,0 a 16,407.0
2025,Fevereiro,Gaza,Bilene-Macia,Homens,17 a 21,13635.0
2025,Fevereiro,Gaza,Bilene-Macia,Mulheres,17 a 21,14063.0
2025,Fevereiro,Gaza,Bilene-Macia,Homens,22 a 60,69632.0
2025,Fevereiro,Gaza,Bilene-Macia,Mulheres,22 a 60,77624.0
2025,Fevereiro,Gaza,Bilene-Macia,Homens,Mais de 60,5351.0
2025,Fevereiro,Gaza,Bilene-Macia,Mulheres,Mais de 60,6656.0
2025,Fevereiro,Gaza,Bilene-Macia,Outros,N/A,45.0
2025,Março,Gaza,Bilene-Macia,Homens,0 a 16,404.0
2025,Março,Gaza,Bilene-Macia,Mulheres,0 a 16,370.0
2025,Março,Gaza,Bilene-Macia,Homens,17 a 21,13505.0
2025,Março,Gaza,Bilene-Macia,Mulheres,17 a 21,13965.0
2025,Março,Gaza,Bilene-Macia,Homens,22 a 60,69236.0
2025,Março,Gaza,Bilene-Macia,Mulheres,22 a 60,76788.0
2025,Março,Gaza,Bilene-Macia,Homens,Mais de 60,5439.0
2025,Março,Gaza,Bilene-Macia,Mulheres,Mais de 60,6667.0
2025,Março,Gaza,Bilene-Macia,Outros,N/A,47.0
2025,Abril,Gaza,Bilene-Macia,Homens,0 a 16,369.0
2025,Abril,Gaza,Bilene-Macia,Mulheres,0 a 16,331.0
2025,Abril,Gaza,Bilene-Macia,Homens,17 a 21,13350.0
2025,Abril,Gaza,Bilene-Macia,Mulheres,17 a 21,13747.0
2025,Abril,Gaza,Bilene-Macia,Homens,22 a 60,69134.0
2025,Abril,Gaza,Bilene-Macia,Mulheres,22 a 60,76189.0
2025,Abril,Gaza,Bilene-Macia,Homens,Mais de 60,5356.0
2025,Abril,Gaza,Bilene-Macia,Mulheres,Mais de 60,6722.0
2025,Abril,Gaza,Bilene-Macia,Outros,N/A,44.0
2025,Maio,Gaza,Bilene-Macia,Homens,0 a 16,446.0
2025,Maio,Gaza,Bilene-Macia,Mulheres,0 a 16,427.0
2025,Maio,Gaza,Bilene-Macia,Homens,17 a 21,14461.0
2025,Maio,Gaza,Bilene-Macia,Mulheres,17 a 21,14898.0
2025,Maio,Gaza,Bilene-Macia,Homens,22 a 60,73719.0
2025,Maio,Gaza,Bilene-Macia,Mulheres,22 a 60,81792.0
2025,Maio,Gaza,Bilene-Macia,Homens,Mais de 60,5596.0
2025,Maio,Gaza,Bilene-Macia,Mulheres,Mais de 60,7175.0
2025,Maio,Gaza,Bilene-Macia,Outros,N/A,49.0
2025,Junho,Gaza,Bilene-Macia,Homens,0 a 16,509.0
2025,Junho,Gaza,Bilene-Macia,Mulheres,0 a 16,539.0
2025,Junho,Gaza,Bilene-Macia,Homens,17 a 21,16266.0
2025,Junho,Gaza,Bilene-Macia,Mulheres,17 a 21,16745.0
2025,Junho,Gaza,Bilene-Macia,Homens,22 a 60,85929.0
2025,Junho,Gaza,Bilene-Macia,Mulheres,22 a 60,93650.0
2025,Junho,Gaza,Bilene-Macia,Homens,Mais de 60,6333.0
2025,Junho,Gaza,Bilene-Macia,Mulheres,Mais de 60,8112.0
2025,Junho,Gaza,Bilene-Macia,Outros,N/A,65.0
2025,Julho,Gaza,Bilene-Macia,Homens,0 a 16,568.0
2025,Julho,Gaza,Bilene-Macia,Mulheres,0 a 16,576.0
2025,Julho,Gaza,Bilene-Macia,Homens,17 a 21,16588.0
2025,Julho,Gaza,Bilene-Macia,Mulheres,17 a 21,17093.0
2025,Julho,Gaza,Bilene-Macia,Homens,22 a 60,86665.0
2025,Julho,Gaza,Bilene-Macia,Mulheres,22 a 60,95540.0
2025,Julho,Gaza,Bilene-Macia,Homens,Mais de 60,6424.0
2025,Julho,Gaza,Bilene-Macia,Mulheres,Mais de 60,8226.0
2025,Julho,Gaza,Bilene-Macia,Outros,N/A,86.0
2025,Agosto,Gaza,Bilene-Macia,Homens,0 a 16,565.0
2025,Agosto,Gaza,Bilene-Macia,Mulheres,0 a 16,635.0
2025,Agosto,Gaza,Bilene-Macia,Homens,17 a 21,16997.0
2025,Agosto,Gaza,Bilene-Macia,Mulheres,17 a 21,17531.0
2025,Agosto,Gaza,Bilene-Macia,Homens,22 a 60,88908.0
2025,Agosto,Gaza,Bilene-Macia,Mulheres,22 a 60,97124.0
2025,Agosto,Gaza,Bilene-Macia,Homens,Mais de 60,6531.0
2025,Agosto,Gaza,Bilene-Macia,Mulheres,Mais de 60,8441.0
2025,Agosto,Gaza,Bilene-Macia,Outros,N/A,78.0
2025,Setembro,Gaza,Bilene-Macia,Homens,0 a 16,520.0
2025,Setembro,Gaza,Bilene-Macia,Mulheres,0 a 16,584.0
2025,Setembro,Gaza,Bilene-Macia,Homens,17 a 21,16812.0
2025,Setembro,Gaza,Bilene-Macia,Mulheres,17 a 21,17468.0
2025,Setembro,Gaza,Bilene-Macia,Homens,22 a 60,88910.0
2025,Setembro,Gaza,Bilene-Macia,Mulheres,22 a 60,97183.0
2025,Setembro,Gaza,Bilene-Macia,Homens,Mais de 60,6579.0
2025,Setembro,Gaza,Bilene-Macia,Mulheres,Mais de 60,8447.0
2025,Setembro,Gaza,Bilene-Macia,Outros,N/A,75.0
2025,Outubro,Gaza,Bilene-Macia,Homens,0 a 16,540.0
2025,Outubro,Gaza,Bilene-Macia,Mulheres,0 a 16,551.0
2025,Outubro,Gaza,Bilene-Macia,Homens,17 a 21,17026.0
2025,Outubro,Gaza,Bilene-Macia,Mulheres,17 a 21,17774.0
2025,Outubro,Gaza,Bilene-Macia,Homens,22 a 60,90396.0
2025,Outubro,Gaza,Bilene-Macia,Mulheres,22 a 60,98970.0
2025,Outubro,Gaza,Bilene-Macia,Homens,Mais de 60,6642.0
2025,Outubro,Gaza,Bilene-Macia,Mulheres,Mais de 60,8643.0
2025,Outubro,Gaza,Bilene-Macia,Outros,N/A,81.0
2025,Novembro,Gaza,Bilene-Macia,Homens,0 a 16,573.0
2025,Novembro,Gaza,Bilene-Macia,Mulheres,0 a 16,558.0
2025,Novembro,Gaza,Bilene-Macia,Homens,17 a 21,17609.0
2025,Novembro,Gaza,Bilene-Macia,Mulheres,17 a 21,18444.0
2025,Novembro,Gaza,Bilene-Macia,Homens,22 a 60,89743.0
2025,Novembro,Gaza,Bilene-Macia,Mulheres,22 a 60,106098.0
2025,Novembro,Gaza,Bilene-Macia,Homens,Mais de 60,6861.0
2025,Novembro,Gaza,Bilene-Macia,Mulheres,Mais de 60,9297.0
2025,Novembro,Gaza,Bilene-Macia,Outros,N/A,28.0
2025,Dezembro,Gaza,Bilene-Macia,Homens,0 a 16,597.0
2025,Dezembro,Gaza,Bilene-Macia,Mulheres,0 a 16,618.0
2025,Dezembro,Gaza,Bilene-Macia,Homens,17 a 21,18891.0
2025,Dezembro,Gaza,Bilene-Macia,Mulheres,17 a 21,19535.0
2025,Dezembro,Gaza,Bilene-Macia,Homens,22 a 60,100265.0
2025,Dezembro,Gaza,Bilene-Macia,Mulheres,22 a 60,110107.0
2025,Dezembro,Gaza,Bilene-Macia,Homens,Mais de 60,7182.0
2025,Dezembro,Gaza,Bilene-Macia,Mulheres,Mais de 60,9184.0
2025,Dezembro,Gaza,Bilene-Macia,Outros,N/A,33.0
2025,Janeiro,Gaza,Chibuto,Homens,0 a 16,160.0
2025,Janeiro,Gaza,Chibuto,Mulheres,0 a 16,200.0
2025,Janeiro,Gaza,Chibuto,Homens,17 a 21,10761.0
2025,Janeiro,Gaza,Chibuto,Mulheres,17 a 21,11677.0
2025,Janeiro,Gaza,Chibuto,Homens,22 a 60,55112.0
2025,Janeiro,Gaza,Chibuto,Mulheres,22 a 60,66113.0
2025,Janeiro,Gaza,Chibuto,Homens,Mais de 60,5111.0
2025,Janeiro,Gaza,Chibuto,Mulheres,Mais de 60,7041.0
2025,Janeiro,Gaza,Chibuto,Outros,N/A,75.0
2025,Fevereiro,Gaza,Chibuto,Homens,0 a 16,177.0
2025,Fevereiro,Gaza,Chibuto,Mulheres,0 a 16,179.0
2025,Fevereiro,Gaza,Chibuto,Homens,17 a 21,10572.0
2025,Fevereiro,Gaza,Chibuto,Mulheres,17 a 21,11431.0
2025,Fevereiro,Gaza,Chibuto,Homens,22 a 60,53775.0
2025,Fevereiro,Gaza,Chibuto,Mulheres,22 a 60,65007.0
2025,Fevereiro,Gaza,Chibuto,Homens,Mais de 60,5002.0
2025,Fevereiro,Gaza,Chibuto,Mulheres,Mais de 60,6974.0
2025,Fevereiro,Gaza,Chibuto,Outros,N/A,69.0
2025,Março,Gaza,Chibuto,Homens,0 a 16,160.0
2025,Março,Gaza,Chibuto,Mulheres,0 a 16,178.0
2025,Março,Gaza,Chibuto,Homens,17 a 21,10495.0
2025,Março,Gaza,Chibuto,Mulheres,17 a 21,11188.0
2025,Março,Gaza,Chibuto,Homens,22 a 60,54401.0
2025,Março,Gaza,Chibuto,Mulheres,22 a 60,65588.0
2025,Março,Gaza,Chibuto,Homens,Mais de 60,5907.0
2025,Março,Gaza,Chibuto,Mulheres,Mais de 60,9470.0
2025,Março,Gaza,Chibuto,Outros,N/A,70.0
2025,Abril,Gaza,Chibuto,Homens,0 a 16,215.0
2025,Abril,Gaza,Chibuto,Mulheres,0 a 16,198.0
2025,Abril,Gaza,Chibuto,Homens,17 a 21,10530.0
2025,Abril,Gaza,Chibuto,Mulheres,17 a 21,11219.0
2025,Abril,Gaza,Chibuto,Homens,22 a 60,54878.0
2025,Abril,Gaza,Chibuto,Mulheres,22 a 60,65913.0
2025,Abril,Gaza,Chibuto,Homens,Mais de 60,5979.0
2025,Abril,Gaza,Chibuto,Mulheres,Mais de 60,9582.0
2025,Abril,Gaza,Chibuto,Outros,N/A,73.0
2025,Maio,Gaza,Chibuto,Homens,0 a 16,266.0
2025,Maio,Gaza,Chibuto,Mulheres,0 a 16,248.0
2025,Maio,Gaza,Chibuto,Homens,17 a 21,11296.0
2025,Maio,Gaza,Chibuto,Mulheres,17 a 21,12008.0
2025,Maio,Gaza,Chibuto,Homens,22 a 60,58063.0
2025,Maio,Gaza,Chibuto,Mulheres,22 a 60,69781.0
2025,Maio,Gaza,Chibuto,Homens,Mais de 60,6181.0
2025,Maio,Gaza,Chibuto,Mulheres,Mais de 60,9957.0
2025,Maio,Gaza,Chibuto,Outros,N/A,78.0
2025,Junho,Gaza,Chibuto,Homens,0 a 16,323.0
2025,Junho,Gaza,Chibuto,Mulheres,0 a 16,316.0
2025,Junho,Gaza,Chibuto,Homens,17 a 21,12499.0
2025,Junho,Gaza,Chibuto,Mulheres,17 a 21,13135.0
2025,Junho,Gaza,Chibuto,Homens,22 a 60,65815.0
2025,Junho,Gaza,Chibuto,Mulheres,22 a 60,78440.0
2025,Junho,Gaza,Chibuto,Homens,Mais de 60,6778.0
2025,Junho,Gaza,Chibuto,Mulheres,Mais de 60,10911.0
2025,Junho,Gaza,Chibuto,Outros,N/A,91.0
2025,Julho,Gaza,Chibuto,Homens,0 a 16,345.0
2025,Julho,Gaza,Chibuto,Mulheres,0 a 16,325.0
2025,Julho,Gaza,Chibuto,Homens,17 a 21,12688.0
2025,Julho,Gaza,Chibuto,Mulheres,17 a 21,13571.0
2025,Julho,Gaza,Chibuto,Homens,22 a 60,66454.0
2025,Julho,Gaza,Chibuto,Mulheres,22 a 60,79232.0
2025,Julho,Gaza,Chibuto,Homens,Mais de 60,6867.0
2025,Julho,Gaza,Chibuto,Mulheres,Mais de 60,11020.0
2025,Julho,Gaza,Chibuto,Outros,N/A,94.0
2025,Agosto,Gaza,Chibuto,Homens,0 a 16,359.0
2025,Agosto,Gaza,Chibuto,Mulheres,0 a 16,323.0
2025,Agosto,Gaza,Chibuto,Homens,17 a 21,13033.0
2025,Agosto,Gaza,Chibuto,Mulheres,17 a 21,13808.0
2025,Agosto,Gaza,Chibuto,Homens,22 a 60,68167.0
2025,Agosto,Gaza,Chibuto,Mulheres,22 a 60,80641.0
2025,Agosto,Gaza,Chibuto,Homens,Mais de 60,7013.0
2025,Agosto,Gaza,Chibuto,Mulheres,Mais de 60,11311.0
2025,Agosto,Gaza,Chibuto,Outros,N/A,95.0
2025,Setembro,Gaza,Chibuto,Homens,0 a 16,339.0
2025,Setembro,Gaza,Chibuto,Mulheres,0 a 16,311.0
2025,Setembro,Gaza,Chibuto,Homens,17 a 21,13102.0
2025,Setembro,Gaza,Chibuto,Mulheres,17 a 21,13842.0
2025,Setembro,Gaza,Chibuto,Homens,22 a 60,68940.0
2025,Setembro,Gaza,Chibuto,Mulheres,22 a 60,82096.0
2025,Setembro,Gaza,Chibuto,Homens,Mais de 60,7117.0
2025,Setembro,Gaza,Chibuto,Mulheres,Mais de 60,11458.0
2025,Setembro,Gaza,Chibuto,Outros,N/A,95.0
2025,Outubro,Gaza,Chibuto,Homens,0 a 16,343.0
2025,Outubro,Gaza,Chibuto,Mulheres,0 a 16,304.0
2025,Outubro,Gaza,Chibuto,Homens,17 a 21,13671.0
2025,Outubro,Gaza,Chibuto,Mulheres,17 a 21,14560.0
2025,Outubro,Gaza,Chibuto,Homens,22 a 60,71616.0
2025,Outubro,Gaza,Chibuto,Mulheres,22 a 60,86472.0
2025,Outubro,Gaza,Chibuto,Homens,Mais de 60,7389.0
2025,Outubro,Gaza,Chibuto,Mulheres,Mais de 60,11959.0
2025,Outubro,Gaza,Chibuto,Outros,N/A,94.0
2025,Novembro,Gaza,Chibuto,Homens,0 a 16,356.0
2025,Novembro,Gaza,Chibuto,Mulheres,0 a 16,322.0
2025,Novembro,Gaza,Chibuto,Homens,17 a 21,14140.0
2025,Novembro,Gaza,Chibuto,Mulheres,17 a 21,15180.0
2025,Novembro,Gaza,Chibuto,Homens,22 a 60,71783.0
2025,Novembro,Gaza,Chibuto,Mulheres,22 a 60,91862.0
2025,Novembro,Gaza,Chibuto,Homens,Mais de 60,7491.0
2025,Novembro,Gaza,Chibuto,Mulheres,Mais de 60,12425.0
2025,Novembro,Gaza,Chibuto,Outros,N/A,67.0
2025,Dezembro,Gaza,Chibuto,Homens,0 a 16,370.0
2025,Dezembro,Gaza,Chibuto,Mulheres,0 a 16,369.0
2025,Dezembro,Gaza,Chibuto,Homens,17 a 21,15621.0
2025,Dezembro,Gaza,Chibuto,Mulheres,17 a 21,16364.0
2025,Dezembro,Gaza,Chibuto,Homens,22 a 60,81353.0
2025,Dezembro,Gaza,Chibuto,Mulheres,22 a 60,96749.0
2025,Dezembro,Gaza,Chibuto,Homens,Mais de 60,7978.0
2025,Dezembro,Gaza,Chibuto,Mulheres,Mais de 60,12554.0
2025,Dezembro,Gaza,Chibuto,Outros,N/A,67.0
2025,Janeiro,Gaza,Chicualacuala,Homens,0 a 16,26.0
2025,Janeiro,Gaza,Chicualacuala,Mulheres,0 a 16,37.0
2025,Janeiro,Gaza,Chicualacuala,Homens,17 a 21,1814.0
2025,Janeiro,Gaza,Chicualacuala,Mulheres,17 a 21,1829.0
2025,Janeiro,Gaza,Chicualacuala,Homens,22 a 60,5685.0
2025,Janeiro,Gaza,Chicualacuala,Mulheres,22 a 60,5907.0
2025,Janeiro,Gaza,Chicualacuala,Homens,Mais de 60,347.0
2025,Janeiro,Gaza,Chicualacuala,Mulheres,Mais de 60,500.0
2025,Janeiro,Gaza,Chicualacuala,Outros,N/A,0.0
2025,Fevereiro,Gaza,Chicualacuala,Homens,0 a 16,16.0
2025,Fevereiro,Gaza,Chicualacuala,Mulheres,0 a 16,37.0
2025,Fevereiro,Gaza,Chicualacuala,Homens,17 a 21,1818.0
2025,Fevereiro,Gaza,Chicualacuala,Mulheres,17 a 21,1869.0
2025,Fevereiro,Gaza,Chicualacuala,Homens,22 a 60,5760.0
2025,Fevereiro,Gaza,Chicualacuala,Mulheres,22 a 60,6027.0
2025,Fevereiro,Gaza,Chicualacuala,Homens,Mais de 60,344.0
2025,Fevereiro,Gaza,Chicualacuala,Mulheres,Mais de 60,502.0
2025,Fevereiro,Gaza,Chicualacuala,Outros,N/A,0.0
2025,Março,Gaza,Chicualacuala,Homens,0 a 16,13.0
2025,Março,Gaza,Chicualacuala,Mulheres,0 a 16,32.0
2025,Março,Gaza,Chicualacuala,Homens,17 a 21,1799.0
2025,Março,Gaza,Chicualacuala,Mulheres,17 a 21,1926.0
2025,Março,Gaza,Chicualacuala,Homens,22 a 60,5881.0
2025,Março,Gaza,Chicualacuala,Mulheres,22 a 60,6096.0
2025,Março,Gaza,Chicualacuala,Homens,Mais de 60,346.0
2025,Março,Gaza,Chicualacuala,Mulheres,Mais de 60,510.0
2025,Março,Gaza,Chicualacuala,Outros,N/A,0.0
2025,Abril,Gaza,Chicualacuala,Homens,0 a 16,15.0
2025,Abril,Gaza,Chicualacuala,Mulheres,0 a 16,32.0
2025,Abril,Gaza,Chicualacuala,Homens,17 a 21,1769.0
2025,Abril,Gaza,Chicualacuala,Mulheres,17 a 21,1923.0
2025,Abril,Gaza,Chicualacuala,Homens,22 a 60,6051.0
2025,Abril,Gaza,Chicualacuala,Mulheres,22 a 60,6144.0
2025,Abril,Gaza,Chicualacuala,Homens,Mais de 60,346.0
2025,Abril,Gaza,Chicualacuala,Mulheres,Mais de 60,546.0
2025,Abril,Gaza,Chicualacuala,Outros,N/A,1.0
2025,Maio,Gaza,Chicualacuala,Homens,0 a 16,16.0
2025,Maio,Gaza,Chicualacuala,Mulheres,0 a 16,32.0
2025,Maio,Gaza,Chicualacuala,Homens,17 a 21,1802.0
2025,Maio,Gaza,Chicualacuala,Mulheres,17 a 21,1962.0
2025,Maio,Gaza,Chicualacuala,Homens,22 a 60,6223.0
2025,Maio,Gaza,Chicualacuala,Mulheres,22 a 60,6353.0
2025,Maio,Gaza,Chicualacuala,Homens,Mais de 60,364.0
2025,Maio,Gaza,Chicualacuala,Mulheres,Mais de 60,543.0
2025,Maio,Gaza,Chicualacuala,Outros,N/A,1.0
2025,Junho,Gaza,Chicualacuala,Homens,0 a 16,14.0
2025,Junho,Gaza,Chicualacuala,Mulheres,0 a 16,28.0
2025,Junho,Gaza,Chicualacuala,Homens,17 a 21,1891.0
2025,Junho,Gaza,Chicualacuala,Mulheres,17 a 21,2041.0
2025,Junho,Gaza,Chicualacuala,Homens,22 a 60,6631.0
2025,Junho,Gaza,Chicualacuala,Mulheres,22 a 60,6672.0
2025,Junho,Gaza,Chicualacuala,Homens,Mais de 60,395.0
2025,Junho,Gaza,Chicualacuala,Mulheres,Mais de 60,568.0
2025,Junho,Gaza,Chicualacuala,Outros,N/A,1.0
2025,Julho,Gaza,Chicualacuala,Homens,0 a 16,20.0
2025,Julho,Gaza,Chicualacuala,Mulheres,0 a 16,38.0
2025,Julho,Gaza,Chicualacuala,Homens,17 a 21,2047.0
2025,Julho,Gaza,Chicualacuala,Mulheres,17 a 21,2156.0
2025,Julho,Gaza,Chicualacuala,Homens,22 a 60,6922.0
2025,Julho,Gaza,Chicualacuala,Mulheres,22 a 60,7042.0
2025,Julho,Gaza,Chicualacuala,Homens,Mais de 60,405.0
2025,Julho,Gaza,Chicualacuala,Mulheres,Mais de 60,590.0
2025,Julho,Gaza,Chicualacuala,Outros,N/A,8.0
2025,Agosto,Gaza,Chicualacuala,Homens,0 a 16,23.0
2025,Agosto,Gaza,Chicualacuala,Mulheres,0 a 16,44.0
2025,Agosto,Gaza,Chicualacuala,Homens,17 a 21,2062.0
2025,Agosto,Gaza,Chicualacuala,Mulheres,17 a 21,2166.0
2025,Agosto,Gaza,Chicualacuala,Homens,22 a 60,7161.0
2025,Agosto,Gaza,Chicualacuala,Mulheres,22 a 60,7134.0
2025,Agosto,Gaza,Chicualacuala,Homens,Mais de 60,420.0
2025,Agosto,Gaza,Chicualacuala,Mulheres,Mais de 60,591.0
2025,Agosto,Gaza,Chicualacuala,Outros,N/A,6.0
2025,Setembro,Gaza,Chicualacuala,Homens,0 a 16,22.0
2025,Setembro,Gaza,Chicualacuala,Mulheres,0 a 16,46.0
2025,Setembro,Gaza,Chicualacuala,Homens,17 a 21,2067.0
2025,Setembro,Gaza,Chicualacuala,Mulheres,17 a 21,2192.0
2025,Setembro,Gaza,Chicualacuala,Homens,22 a 60,7234.0
2025,Setembro,Gaza,Chicualacuala,Mulheres,22 a 60,7219.0
2025,Setembro,Gaza,Chicualacuala,Homens,Mais de 60,416.0
2025,Setembro,Gaza,Chicualacuala,Mulheres,Mais de 60,616.0
2025,Setembro,Gaza,Chicualacuala,Outros,N/A,4.0
2025,Outubro,Gaza,Chicualacuala,Homens,0 a 16,26.0
2025,Outubro,Gaza,Chicualacuala,Mulheres,0 a 16,39.0
2025,Outubro,Gaza,Chicualacuala,Homens,17 a 21,2086.0
2025,Outubro,Gaza,Chicualacuala,Mulheres,17 a 21,2239.0
2025,Outubro,Gaza,Chicualacuala,Homens,22 a 60,7443.0
2025,Outubro,Gaza,Chicualacuala,Mulheres,22 a 60,7480.0
2025,Outubro,Gaza,Chicualacuala,Homens,Mais de 60,422.0
2025,Outubro,Gaza,Chicualacuala,Mulheres,Mais de 60,618.0
2025,Outubro,Gaza,Chicualacuala,Outros,N/A,6.0
2025,Novembro,Gaza,Chicualacuala,Homens,0 a 16,23.0
2025,Novembro,Gaza,Chicualacuala,Mulheres,0 a 16,38.0
2025,Novembro,Gaza,Chicualacuala,Homens,17 a 21,2086.0
2025,Novembro,Gaza,Chicualacuala,Mulheres,17 a 21,2277.0
2025,Novembro,Gaza,Chicualacuala,Homens,22 a 60,7566.0
2025,Novembro,Gaza,Chicualacuala,Mulheres,22 a 60,7725.0
2025,Novembro,Gaza,Chicualacuala,Homens,Mais de 60,433.0
2025,Novembro,Gaza,Chicualacuala,Mulheres,Mais de 60,626.0
2025,Novembro,Gaza,Chicualacuala,Outros,N/A,3.0
2025,Dezembro,Gaza,Chicualacuala,Homens,0 a 16,21.0
2025,Dezembro,Gaza,Chicualacuala,Mulheres,0 a 16,34.0
2025,Dezembro,Gaza,Chicualacuala,Homens,17 a 21,2085.0
2025,Dezembro,Gaza,Chicualacuala,Mulheres,17 a 21,2305.0
2025,Dezembro,Gaza,Chicualacuala,Homens,22 a 60,7849.0
2025,Dezembro,Gaza,Chicualacuala,Mulheres,22 a 60,7928.0
2025,Dezembro,Gaza,Chicualacuala,Homens,Mais de 60,448.0
2025,Dezembro,Gaza,Chicualacuala,Mulheres,Mais de 60,624.0
2025,Dezembro,Gaza,Chicualacuala,Outros,N/A,3.0
2025,Janeiro,Gaza,Chigubo,Homens,0 a 16,8.0
2025,Janeiro,Gaza,Chigubo,Mulheres,0 a 16,6.0
2025,Janeiro,Gaza,Chigubo,Homens,17 a 21,689.0
2025,Janeiro,Gaza,Chigubo,Mulheres,17 a 21,675.0
2025,Janeiro,Gaza,Chigubo,Homens,22 a 60,3914.0
2025,Janeiro,Gaza,Chigubo,Mulheres,22 a 60,3481.0
2025,Janeiro,Gaza,Chigubo,Homens,Mais de 60,285.0
2025,Janeiro,Gaza,Chigubo,Mulheres,Mais de 60,282.0
2025,Janeiro,Gaza,Chigubo,Outros,N/A,1.0
2025,Fevereiro,Gaza,Chigubo,Homens,0 a 16,6.0
2025,Fevereiro,Gaza,Chigubo,Mulheres,0 a 16,7.0
2025,Fevereiro,Gaza,Chigubo,Homens,17 a 21,676.0
2025,Fevereiro,Gaza,Chigubo,Mulheres,17 a 21,667.0
2025,Fevereiro,Gaza,Chigubo,Homens,22 a 60,3941.0
2025,Fevereiro,Gaza,Chigubo,Mulheres,22 a 60,3421.0
2025,Fevereiro,Gaza,Chigubo,Homens,Mais de 60,281.0
2025,Fevereiro,Gaza,Chigubo,Mulheres,Mais de 60,265.0
2025,Fevereiro,Gaza,Chigubo,Outros,N/A,1.0
2025,Março,Gaza,Chigubo,Homens,0 a 16,3.0
2025,Março,Gaza,Chigubo,Mulheres,0 a 16,7.0
2025,Março,Gaza,Chigubo,Homens,17 a 21,669.0
2025,Março,Gaza,Chigubo,Mulheres,17 a 21,674.0
2025,Março,Gaza,Chigubo,Homens,22 a 60,3986.0
2025,Março,Gaza,Chigubo,Mulheres,22 a 60,3500.0
2025,Março,Gaza,Chigubo,Homens,Mais de 60,285.0
2025,Março,Gaza,Chigubo,Mulheres,Mais de 60,286.0
2025,Março,Gaza,Chigubo,Outros,N/A,1.0
2025,Abril,Gaza,Chigubo,Homens,0 a 16,4.0
2025,Abril,Gaza,Chigubo,Mulheres,0 a 16,9.0
2025,Abril,Gaza,Chigubo,Homens,17 a 21,639.0
2025,Abril,Gaza,Chigubo,Mulheres,17 a 21,692.0
2025,Abril,Gaza,Chigubo,Homens,22 a 60,4039.0
2025,Abril,Gaza,Chigubo,Mulheres,22 a 60,3506.0
2025,Abril,Gaza,Chigubo,Homens,Mais de 60,300.0
2025,Abril,Gaza,Chigubo,Mulheres,Mais de 60,313.0
2025,Abril,Gaza,Chigubo,Outros,N/A,0.0
2025,Maio,Gaza,Chigubo,Homens,0 a 16,2.0
2025,Maio,Gaza,Chigubo,Mulheres,0 a 16,10.0
2025,Maio,Gaza,Chigubo,Homens,17 a 21,693.0
2025,Maio,Gaza,Chigubo,Mulheres,17 a 21,735.0
2025,Maio,Gaza,Chigubo,Homens,22 a 60,4309.0
2025,Maio,Gaza,Chigubo,Mulheres,22 a 60,3728.0
2025,Maio,Gaza,Chigubo,Homens,Mais de 60,299.0
2025,Maio,Gaza,Chigubo,Mulheres,Mais de 60,329.0
2025,Maio,Gaza,Chigubo,Outros,N/A,1.0
2025,Junho,Gaza,Chigubo,Homens,0 a 16,4.0
2025,Junho,Gaza,Chigubo,Mulheres,0 a 16,11.0
2025,Junho,Gaza,Chigubo,Homens,17 a 21,761.0
2025,Junho,Gaza,Chigubo,Mulheres,17 a 21,783.0
2025,Junho,Gaza,Chigubo,Homens,22 a 60,4639.0
2025,Junho,Gaza,Chigubo,Mulheres,22 a 60,4062.0
2025,Junho,Gaza,Chigubo,Homens,Mais de 60,312.0
2025,Junho,Gaza,Chigubo,Mulheres,Mais de 60,345.0
2025,Junho,Gaza,Chigubo,Outros,N/A,1.0
2025,Julho,Gaza,Chigubo,Homens,0 a 16,2.0
2025,Julho,Gaza,Chigubo,Mulheres,0 a 16,12.0
2025,Julho,Gaza,Chigubo,Homens,17 a 21,748.0
2025,Julho,Gaza,Chigubo,Mulheres,17 a 21,782.0
2025,Julho,Gaza,Chigubo,Homens,22 a 60,4763.0
2025,Julho,Gaza,Chigubo,Mulheres,22 a 60,4150.0
2025,Julho,Gaza,Chigubo,Homens,Mais de 60,321.0
2025,Julho,Gaza,Chigubo,Mulheres,Mais de 60,372.0
2025,Julho,Gaza,Chigubo,Outros,N/A,2.0
2025,Agosto,Gaza,Chigubo,Homens,0 a 16,2.0
2025,Agosto,Gaza,Chigubo,Mulheres,0 a 16,14.0
2025,Agosto,Gaza,Chigubo,Homens,17 a 21,773.0
2025,Agosto,Gaza,Chigubo,Mulheres,17 a 21,800.0
2025,Agosto,Gaza,Chigubo,Homens,22 a 60,4959.0
2025,Agosto,Gaza,Chigubo,Mulheres,22 a 60,4187.0
2025,Agosto,Gaza,Chigubo,Homens,Mais de 60,341.0
2025,Agosto,Gaza,Chigubo,Mulheres,Mais de 60,371.0
2025,Agosto,Gaza,Chigubo,Outros,N/A,2.0
2025,Setembro,Gaza,Chigubo,Homens,0 a 16,2.0
2025,Setembro,Gaza,Chigubo,Mulheres,0 a 16,11.0
2025,Setembro,Gaza,Chigubo,Homens,17 a 21,771.0
2025,Setembro,Gaza,Chigubo,Mulheres,17 a 21,824.0
2025,Setembro,Gaza,Chigubo,Homens,22 a 60,5058.0
2025,Setembro,Gaza,Chigubo,Mulheres,22 a 60,4291.0
2025,Setembro,Gaza,Chigubo,Homens,Mais de 60,349.0
2025,Setembro,Gaza,Chigubo,Mulheres,Mais de 60,377.0
2025,Setembro,Gaza,Chigubo,Outros,N/A,1.0
2025,Outubro,Gaza,Chigubo,Homens,0 a 16,4.0
2025,Outubro,Gaza,Chigubo,Mulheres,0 a 16,8.0
2025,Outubro,Gaza,Chigubo,Homens,17 a 21,816.0
2025,Outubro,Gaza,Chigubo,Mulheres,17 a 21,866.0
2025,Outubro,Gaza,Chigubo,Homens,22 a 60,5132.0
2025,Outubro,Gaza,Chigubo,Mulheres,22 a 60,4435.0
2025,Outubro,Gaza,Chigubo,Homens,Mais de 60,353.0
2025,Outubro,Gaza,Chigubo,Mulheres,Mais de 60,401.0
2025,Outubro,Gaza,Chigubo,Outros,N/A,2.0
2025,Novembro,Gaza,Chigubo,Homens,0 a 16,4.0
2025,Novembro,Gaza,Chigubo,Mulheres,0 a 16,10.0
2025,Novembro,Gaza,Chigubo,Homens,17 a 21,820.0
2025,Novembro,Gaza,Chigubo,Mulheres,17 a 21,892.0
2025,Novembro,Gaza,Chigubo,Homens,22 a 60,5188.0
2025,Novembro,Gaza,Chigubo,Mulheres,22 a 60,4615.0
2025,Novembro,Gaza,Chigubo,Homens,Mais de 60,354.0
2025,Novembro,Gaza,Chigubo,Mulheres,Mais de 60,422.0
2025,Novembro,Gaza,Chigubo,Outros,N/A,0.0
2025,Dezembro,Gaza,Chigubo,Homens,0 a 16,4.0
2025,Dezembro,Gaza,Chigubo,Mulheres,0 a 16,12.0
2025,Dezembro,Gaza,Chigubo,Homens,17 a 21,840.0
2025,Dezembro,Gaza,Chigubo,Mulheres,17 a 21,947.0
2025,Dezembro,Gaza,Chigubo,Homens,22 a 60,5464.0
2025,Dezembro,Gaza,Chigubo,Mulheres,22 a 60,4723.0
2025,Dezembro,Gaza,Chigubo,Homens,Mais de 60,363.0
2025,Dezembro,Gaza,Chigubo,Mulheres,Mais de 60,427.0
2025,Dezembro,Gaza,Chigubo,Outros,N/A,0.0
2025,Janeiro,Gaza,Chókwè,Homens,0 a 16,155.0
2025,Janeiro,Gaza,Chókwè,Mulheres,0 a 16,206.0
2025,Janeiro,Gaza,Chókwè,Homens,17 a 21,11228.0
2025,Janeiro,Gaza,Chókwè,Mulheres,17 a 21,12728.0
2025,Janeiro,Gaza,Chókwè,Homens,22 a 60,58381.0
2025,Janeiro,Gaza,Chókwè,Mulheres,22 a 60,69210.0
2025,Janeiro,Gaza,Chókwè,Homens,Mais de 60,5194.0
2025,Janeiro,Gaza,Chókwè,Mulheres,Mais de 60,7177.0
2025,Janeiro,Gaza,Chókwè,Outros,N/A,36.0
2025,Fevereiro,Gaza,Chókwè,Homens,0 a 16,199.0
2025,Fevereiro,Gaza,Chókwè,Mulheres,0 a 16,231.0
2025,Fevereiro,Gaza,Chókwè,Homens,17 a 21,11401.0
2025,Fevereiro,Gaza,Chókwè,Mulheres,17 a 21,12913.0
2025,Fevereiro,Gaza,Chókwè,Homens,22 a 60,57497.0
2025,Fevereiro,Gaza,Chókwè,Mulheres,22 a 60,69136.0
2025,Fevereiro,Gaza,Chókwè,Homens,Mais de 60,5154.0
2025,Fevereiro,Gaza,Chókwè,Mulheres,Mais de 60,7103.0
2025,Fevereiro,Gaza,Chókwè,Outros,N/A,33.0
2025,Março,Gaza,Chókwè,Homens,0 a 16,203.0
2025,Março,Gaza,Chókwè,Mulheres,0 a 16,249.0
2025,Março,Gaza,Chókwè,Homens,17 a 21,11559.0
2025,Março,Gaza,Chókwè,Mulheres,17 a 21,13099.0
2025,Março,Gaza,Chókwè,Homens,22 a 60,58699.0
2025,Março,Gaza,Chókwè,Mulheres,22 a 60,70489.0
2025,Março,Gaza,Chókwè,Homens,Mais de 60,5374.0
2025,Março,Gaza,Chókwè,Mulheres,Mais de 60,7398.0
2025,Março,Gaza,Chókwè,Outros,N/A,37.0
2025,Abril,Gaza,Chókwè,Homens,0 a 16,219.0
2025,Abril,Gaza,Chókwè,Mulheres,0 a 16,271.0
2025,Abril,Gaza,Chókwè,Homens,17 a 21,11619.0
2025,Abril,Gaza,Chókwè,Mulheres,17 a 21,13292.0
2025,Abril,Gaza,Chókwè,Homens,22 a 60,59506.0
2025,Abril,Gaza,Chókwè,Mulheres,22 a 60,71580.0
2025,Abril,Gaza,Chókwè,Homens,Mais de 60,5470.0
2025,Abril,Gaza,Chókwè,Mulheres,Mais de 60,7651.0
2025,Abril,Gaza,Chókwè,Outros,N/A,39.0
2025,Maio,Gaza,Chókwè,Homens,0 a 16,272.0
2025,Maio,Gaza,Chókwè,Mulheres,0 a 16,324.0
2025,Maio,Gaza,Chókwè,Homens,17 a 21,12570.0
2025,Maio,Gaza,Chókwè,Mulheres,17 a 21,14569.0
2025,Maio,Gaza,Chókwè,Homens,22 a 60,63186.0
2025,Maio,Gaza,Chókwè,Mulheres,22 a 60,76911.0
2025,Maio,Gaza,Chókwè,Homens,Mais de 60,5759.0
2025,Maio,Gaza,Chókwè,Mulheres,Mais de 60,8297.0
2025,Maio,Gaza,Chókwè,Outros,N/A,43.0
2025,Junho,Gaza,Chókwè,Homens,0 a 16,251.0
2025,Junho,Gaza,Chókwè,Mulheres,0 a 16,316.0
2025,Junho,Gaza,Chókwè,Homens,17 a 21,13316.0
2025,Junho,Gaza,Chókwè,Mulheres,17 a 21,15477.0
2025,Junho,Gaza,Chókwè,Homens,22 a 60,67385.0
2025,Junho,Gaza,Chókwè,Mulheres,22 a 60,82013.0
2025,Junho,Gaza,Chókwè,Homens,Mais de 60,6149.0
2025,Junho,Gaza,Chókwè,Mulheres,Mais de 60,8829.0
2025,Junho,Gaza,Chókwè,Outros,N/A,63.0
2025,Julho,Gaza,Chókwè,Homens,0 a 16,289.0
2025,Julho,Gaza,Chókwè,Mulheres,0 a 16,363.0
2025,Julho,Gaza,Chókwè,Homens,17 a 21,13676.0
2025,Julho,Gaza,Chókwè,Mulheres,17 a 21,15963.0
2025,Julho,Gaza,Chókwè,Homens,22 a 60,68448.0
2025,Julho,Gaza,Chókwè,Mulheres,22 a 60,83796.0
2025,Julho,Gaza,Chókwè,Homens,Mais de 60,6227.0
2025,Julho,Gaza,Chókwè,Mulheres,Mais de 60,9007.0
2025,Julho,Gaza,Chókwè,Outros,N/A,61.0
2025,Agosto,Gaza,Chókwè,Homens,0 a 16,301.0
2025,Agosto,Gaza,Chókwè,Mulheres,0 a 16,423.0
2025,Agosto,Gaza,Chókwè,Homens,17 a 21,14199.0
2025,Agosto,Gaza,Chókwè,Mulheres,17 a 21,16445.0
2025,Agosto,Gaza,Chókwè,Homens,22 a 60,70445.0
2025,Agosto,Gaza,Chókwè,Mulheres,22 a 60,86345.0
2025,Agosto,Gaza,Chókwè,Homens,Mais de 60,6474.0
2025,Agosto,Gaza,Chókwè,Mulheres,Mais de 60,9345.0
2025,Agosto,Gaza,Chókwè,Outros,N/A,60.0
2025,Setembro,Gaza,Chókwè,Homens,0 a 16,283.0
2025,Setembro,Gaza,Chókwè,Mulheres,0 a 16,365.0
2025,Setembro,Gaza,Chókwè,Homens,17 a 21,14178.0
2025,Setembro,Gaza,Chókwè,Mulheres,17 a 21,16421.0
2025,Setembro,Gaza,Chókwè,Homens,22 a 60,71161.0
2025,Setembro,Gaza,Chókwè,Mulheres,22 a 60,87272.0
2025,Setembro,Gaza,Chókwè,Homens,Mais de 60,6589.0
2025,Setembro,Gaza,Chókwè,Mulheres,Mais de 60,9534.0
2025,Setembro,Gaza,Chókwè,Outros,N/A,64.0
2025,Outubro,Gaza,Chókwè,Homens,0 a 16,291.0
2025,Outubro,Gaza,Chókwè,Mulheres,0 a 16,347.0
2025,Outubro,Gaza,Chókwè,Homens,17 a 21,14177.0
2025,Outubro,Gaza,Chókwè,Mulheres,17 a 21,16384.0
2025,Outubro,Gaza,Chókwè,Homens,22 a 60,71097.0
2025,Outubro,Gaza,Chókwè,Mulheres,22 a 60,87100.0
2025,Outubro,Gaza,Chókwè,Homens,Mais de 60,6698.0
2025,Outubro,Gaza,Chókwè,Mulheres,Mais de 60,9543.0
2025,Outubro,Gaza,Chókwè,Outros,N/A,63.0
2025,Novembro,Gaza,Chókwè,Homens,0 a 16,310.0
2025,Novembro,Gaza,Chókwè,Mulheres,0 a 16,359.0
2025,Novembro,Gaza,Chókwè,Homens,17 a 21,14536.0
2025,Novembro,Gaza,Chókwè,Mulheres,17 a 21,17040.0
2025,Novembro,Gaza,Chókwè,Homens,22 a 60,70672.0
2025,Novembro,Gaza,Chókwè,Mulheres,22 a 60,91055.0
2025,Novembro,Gaza,Chókwè,Homens,Mais de 60,6709.0
2025,Novembro,Gaza,Chókwè,Mulheres,Mais de 60,9975.0
2025,Novembro,Gaza,Chókwè,Outros,N/A,21.0
2025,Dezembro,Gaza,Chókwè,Homens,0 a 16,380.0
2025,Dezembro,Gaza,Chókwè,Mulheres,0 a 16,391.0
2025,Dezembro,Gaza,Chókwè,Homens,17 a 21,15529.0
2025,Dezembro,Gaza,Chókwè,Mulheres,17 a 21,17876.0
2025,Dezembro,Gaza,Chókwè,Homens,22 a 60,77166.0
2025,Dezembro,Gaza,Chókwè,Mulheres,22 a 60,93932.0
2025,Dezembro,Gaza,Chókwè,Homens,Mais de 60,7092.0
2025,Dezembro,Gaza,Chókwè,Mulheres,Mais de 60,10194.0
2025,Dezembro,Gaza,Chókwè,Outros,N/A,20.0
2025,Janeiro,Gaza,Guijá,Homens,0 a 16,41.0
2025,Janeiro,Gaza,Guijá,Mulheres,0 a 16,52.0
2025,Janeiro,Gaza,Guijá,Homens,17 a 21,3090.0
2025,Janeiro,Gaza,Guijá,Mulheres,17 a 21,3924.0
2025,Janeiro,Gaza,Guijá,Homens,22 a 60,17145.0
2025,Janeiro,Gaza,Guijá,Mulheres,22 a 60,20769.0
2025,Janeiro,Gaza,Guijá,Homens,Mais de 60,1548.0
2025,Janeiro,Gaza,Guijá,Mulheres,Mais de 60,2065.0
2025,Janeiro,Gaza,Guijá,Outros,N/A,11.0
2025,Fevereiro,Gaza,Guijá,Homens,0 a 16,46.0
2025,Fevereiro,Gaza,Guijá,Mulheres,0 a 16,67.0
2025,Fevereiro,Gaza,Guijá,Homens,17 a 21,3159.0
2025,Fevereiro,Gaza,Guijá,Mulheres,17 a 21,3971.0
2025,Fevereiro,Gaza,Guijá,Homens,22 a 60,17040.0
2025,Fevereiro,Gaza,Guijá,Mulheres,22 a 60,21017.0
2025,Fevereiro,Gaza,Guijá,Homens,Mais de 60,1555.0
2025,Fevereiro,Gaza,Guijá,Mulheres,Mais de 60,2056.0
2025,Fevereiro,Gaza,Guijá,Outros,N/A,10.0
2025,Março,Gaza,Guijá,Homens,0 a 16,55.0
2025,Março,Gaza,Guijá,Mulheres,0 a 16,63.0
2025,Março,Gaza,Guijá,Homens,17 a 21,3227.0
2025,Março,Gaza,Guijá,Mulheres,17 a 21,4028.0
2025,Março,Gaza,Guijá,Homens,22 a 60,17856.0
2025,Março,Gaza,Guijá,Mulheres,22 a 60,21600.0
2025,Março,Gaza,Guijá,Homens,Mais de 60,1740.0
2025,Março,Gaza,Guijá,Mulheres,Mais de 60,2801.0
2025,Março,Gaza,Guijá,Outros,N/A,10.0
2025,Abril,Gaza,Guijá,Homens,0 a 16,48.0
2025,Abril,Gaza,Guijá,Mulheres,0 a 16,72.0
2025,Abril,Gaza,Guijá,Homens,17 a 21,3380.0
2025,Abril,Gaza,Guijá,Mulheres,17 a 21,4270.0
2025,Abril,Gaza,Guijá,Homens,22 a 60,18511.0
2025,Abril,Gaza,Guijá,Mulheres,22 a 60,22688.0
2025,Abril,Gaza,Guijá,Homens,Mais de 60,1867.0
2025,Abril,Gaza,Guijá,Mulheres,Mais de 60,2925.0
2025,Abril,Gaza,Guijá,Outros,N/A,8.0
2025,Maio,Gaza,Guijá,Homens,0 a 16,50.0
2025,Maio,Gaza,Guijá,Mulheres,0 a 16,92.0
2025,Maio,Gaza,Guijá,Homens,17 a 21,3386.0
2025,Maio,Gaza,Guijá,Mulheres,17 a 21,4345.0
2025,Maio,Gaza,Guijá,Homens,22 a 60,18750.0
2025,Maio,Gaza,Guijá,Mulheres,22 a 60,23097.0
2025,Maio,Gaza,Guijá,Homens,Mais de 60,1870.0
2025,Maio,Gaza,Guijá,Mulheres,Mais de 60,2957.0
2025,Maio,Gaza,Guijá,Outros,N/A,8.0
2025,Junho,Gaza,Guijá,Homens,0 a 16,56.0
2025,Junho,Gaza,Guijá,Mulheres,0 a 16,97.0
2025,Junho,Gaza,Guijá,Homens,17 a 21,3344.0
2025,Junho,Gaza,Guijá,Mulheres,17 a 21,4321.0
2025,Junho,Gaza,Guijá,Homens,22 a 60,18109.0
2025,Junho,Gaza,Guijá,Mulheres,22 a 60,22222.0
2025,Junho,Gaza,Guijá,Homens,Mais de 60,1751.0
2025,Junho,Gaza,Guijá,Mulheres,Mais de 60,2812.0
2025,Junho,Gaza,Guijá,Outros,N/A,8.0
2025,Julho,Gaza,Guijá,Homens,0 a 16,58.0
2025,Julho,Gaza,Guijá,Mulheres,0 a 16,94.0
2025,Julho,Gaza,Guijá,Homens,17 a 21,3453.0
2025,Julho,Gaza,Guijá,Mulheres,17 a 21,4468.0
2025,Julho,Gaza,Guijá,Homens,22 a 60,18531.0
2025,Julho,Gaza,Guijá,Mulheres,22 a 60,22532.0
2025,Julho,Gaza,Guijá,Homens,Mais de 60,1747.0
2025,Julho,Gaza,Guijá,Mulheres,Mais de 60,2861.0
2025,Julho,Gaza,Guijá,Outros,N/A,11.0
2025,Agosto,Gaza,Guijá,Homens,0 a 16,67.0
2025,Agosto,Gaza,Guijá,Mulheres,0 a 16,92.0
2025,Agosto,Gaza,Guijá,Homens,17 a 21,3636.0
2025,Agosto,Gaza,Guijá,Mulheres,17 a 21,4615.0
2025,Agosto,Gaza,Guijá,Homens,22 a 60,19226.0
2025,Agosto,Gaza,Guijá,Mulheres,22 a 60,23207.0
2025,Agosto,Gaza,Guijá,Homens,Mais de 60,1834.0
2025,Agosto,Gaza,Guijá,Mulheres,Mais de 60,2900.0
2025,Agosto,Gaza,Guijá,Outros,N/A,13.0
2025,Setembro,Gaza,Guijá,Homens,0 a 16,57.0
2025,Setembro,Gaza,Guijá,Mulheres,0 a 16,87.0
2025,Setembro,Gaza,Guijá,Homens,17 a 21,3788.0
2025,Setembro,Gaza,Guijá,Mulheres,17 a 21,4804.0
2025,Setembro,Gaza,Guijá,Homens,22 a 60,19635.0
2025,Setembro,Gaza,Guijá,Mulheres,22 a 60,24253.0
2025,Setembro,Gaza,Guijá,Homens,Mais de 60,1927.0
2025,Setembro,Gaza,Guijá,Mulheres,Mais de 60,3004.0
2025,Setembro,Gaza,Guijá,Outros,N/A,13.0
2025,Outubro,Gaza,Guijá,Homens,0 a 16,60.0
2025,Outubro,Gaza,Guijá,Mulheres,0 a 16,92.0
2025,Outubro,Gaza,Guijá,Homens,17 a 21,3814.0
2025,Outubro,Gaza,Guijá,Mulheres,17 a 21,4921.0
2025,Outubro,Gaza,Guijá,Homens,22 a 60,20206.0
2025,Outubro,Gaza,Guijá,Mulheres,22 a 60,25017.0
2025,Outubro,Gaza,Guijá,Homens,Mais de 60,1918.0
2025,Outubro,Gaza,Guijá,Mulheres,Mais de 60,3107.0
2025,Outubro,Gaza,Guijá,Outros,N/A,12.0
2025,Novembro,Gaza,Guijá,Homens,0 a 16,68.0
2025,Novembro,Gaza,Guijá,Mulheres,0 a 16,79.0
2025,Novembro,Gaza,Guijá,Homens,17 a 21,3934.0
2025,Novembro,Gaza,Guijá,Mulheres,17 a 21,4998.0
2025,Novembro,Gaza,Guijá,Homens,22 a 60,19853.0
2025,Novembro,Gaza,Guijá,Mulheres,22 a 60,25332.0
2025,Novembro,Gaza,Guijá,Homens,Mais de 60,1825.0
2025,Novembro,Gaza,Guijá,Mulheres,Mais de 60,3126.0
2025,Novembro,Gaza,Guijá,Outros,N/A,7.0
2025,Dezembro,Gaza,Guijá,Homens,0 a 16,78.0
2025,Dezembro,Gaza,Guijá,Mulheres,0 a 16,105.0
2025,Dezembro,Gaza,Guijá,Homens,17 a 21,4397.0
2025,Dezembro,Gaza,Guijá,Mulheres,17 a 21,5523.0
2025,Dezembro,Gaza,Guijá,Homens,22 a 60,22755.0
2025,Dezembro,Gaza,Guijá,Mulheres,22 a 60,27978.0
2025,Dezembro,Gaza,Guijá,Homens,Mais de 60,2081.0
2025,Dezembro,Gaza,Guijá,Mulheres,Mais de 60,3412.0
2025,Dezembro,Gaza,Guijá,Outros,N/A,8.0
2025,Janeiro,Gaza,Mabalane,Homens,0 a 16,8.0
2025,Janeiro,Gaza,Mabalane,Mulheres,0 a 16,9.0
2025,Janeiro,Gaza,Mabalane,Homens,17 a 21,1245.0
2025,Janeiro,Gaza,Mabalane,Mulheres,17 a 21,1328.0
2025,Janeiro,Gaza,Mabalane,Homens,22 a 60,7008.0
2025,Janeiro,Gaza,Mabalane,Mulheres,22 a 60,6577.0
2025,Janeiro,Gaza,Mabalane,Homens,Mais de 60,502.0
2025,Janeiro,Gaza,Mabalane,Mulheres,Mais de 60,614.0
2025,Janeiro,Gaza,Mabalane,Outros,N/A,1.0
2025,Fevereiro,Gaza,Mabalane,Homens,0 a 16,7.0
2025,Fevereiro,Gaza,Mabalane,Mulheres,0 a 16,9.0
2025,Fevereiro,Gaza,Mabalane,Homens,17 a 21,1219.0
2025,Fevereiro,Gaza,Mabalane,Mulheres,17 a 21,1334.0
2025,Fevereiro,Gaza,Mabalane,Homens,22 a 60,6954.0
2025,Fevereiro,Gaza,Mabalane,Mulheres,22 a 60,6479.0
2025,Fevereiro,Gaza,Mabalane,Homens,Mais de 60,503.0
2025,Fevereiro,Gaza,Mabalane,Mulheres,Mais de 60,604.0
2025,Fevereiro,Gaza,Mabalane,Outros,N/A,1.0
2025,Março,Gaza,Mabalane,Homens,0 a 16,9.0
2025,Março,Gaza,Mabalane,Mulheres,0 a 16,6.0
2025,Março,Gaza,Mabalane,Homens,17 a 21,1284.0
2025,Março,Gaza,Mabalane,Mulheres,17 a 21,1358.0
2025,Março,Gaza,Mabalane,Homens,22 a 60,7258.0
2025,Março,Gaza,Mabalane,Mulheres,22 a 60,6664.0
2025,Março,Gaza,Mabalane,Homens,Mais de 60,515.0
2025,Março,Gaza,Mabalane,Mulheres,Mais de 60,628.0
2025,Março,Gaza,Mabalane,Outros,N/A,1.0
2025,Abril,Gaza,Mabalane,Homens,0 a 16,9.0
2025,Abril,Gaza,Mabalane,Mulheres,0 a 16,3.0
2025,Abril,Gaza,Mabalane,Homens,17 a 21,1337.0
2025,Abril,Gaza,Mabalane,Mulheres,17 a 21,1384.0
2025,Abril,Gaza,Mabalane,Homens,22 a 60,7384.0
2025,Abril,Gaza,Mabalane,Mulheres,22 a 60,6851.0
2025,Abril,Gaza,Mabalane,Homens,Mais de 60,536.0
2025,Abril,Gaza,Mabalane,Mulheres,Mais de 60,643.0
2025,Abril,Gaza,Mabalane,Outros,N/A,1.0
2025,Maio,Gaza,Mabalane,Homens,0 a 16,6.0
2025,Maio,Gaza,Mabalane,Mulheres,0 a 16,6.0
2025,Maio,Gaza,Mabalane,Homens,17 a 21,1348.0
2025,Maio,Gaza,Mabalane,Mulheres,17 a 21,1427.0
2025,Maio,Gaza,Mabalane,Homens,22 a 60,7530.0
2025,Maio,Gaza,Mabalane,Mulheres,22 a 60,7020.0
2025,Maio,Gaza,Mabalane,Homens,Mais de 60,529.0
2025,Maio,Gaza,Mabalane,Mulheres,Mais de 60,637.0
2025,Maio,Gaza,Mabalane,Outros,N/A,1.0
2025,Junho,Gaza,Mabalane,Homens,0 a 16,5.0
2025,Junho,Gaza,Mabalane,Mulheres,0 a 16,9.0
2025,Junho,Gaza,Mabalane,Homens,17 a 21,1334.0
2025,Junho,Gaza,Mabalane,Mulheres,17 a 21,1455.0
2025,Junho,Gaza,Mabalane,Homens,22 a 60,7526.0
2025,Junho,Gaza,Mabalane,Mulheres,22 a 60,7020.0
2025,Junho,Gaza,Mabalane,Homens,Mais de 60,526.0
2025,Junho,Gaza,Mabalane,Mulheres,Mais de 60,660.0
2025,Junho,Gaza,Mabalane,Outros,N/A,1.0
2025,Julho,Gaza,Mabalane,Homens,0 a 16,7.0
2025,Julho,Gaza,Mabalane,Mulheres,0 a 16,9.0
2025,Julho,Gaza,Mabalane,Homens,17 a 21,1337.0
2025,Julho,Gaza,Mabalane,Mulheres,17 a 21,1488.0
2025,Julho,Gaza,Mabalane,Homens,22 a 60,7589.0
2025,Julho,Gaza,Mabalane,Mulheres,22 a 60,7178.0
2025,Julho,Gaza,Mabalane,Homens,Mais de 60,544.0
2025,Julho,Gaza,Mabalane,Mulheres,Mais de 60,671.0
2025,Julho,Gaza,Mabalane,Outros,N/A,3.0
2025,Agosto,Gaza,Mabalane,Homens,0 a 16,8.0
2025,Agosto,Gaza,Mabalane,Mulheres,0 a 16,15.0
2025,Agosto,Gaza,Mabalane,Homens,17 a 21,1378.0
2025,Agosto,Gaza,Mabalane,Mulheres,17 a 21,1538.0
2025,Agosto,Gaza,Mabalane,Homens,22 a 60,7734.0
2025,Agosto,Gaza,Mabalane,Mulheres,22 a 60,7383.0
2025,Agosto,Gaza,Mabalane,Homens,Mais de 60,561.0
2025,Agosto,Gaza,Mabalane,Mulheres,Mais de 60,697.0
2025,Agosto,Gaza,Mabalane,Outros,N/A,3.0
2025,Setembro,Gaza,Mabalane,Homens,0 a 16,8.0
2025,Setembro,Gaza,Mabalane,Mulheres,0 a 16,17.0
2025,Setembro,Gaza,Mabalane,Homens,17 a 21,1384.0
2025,Setembro,Gaza,Mabalane,Mulheres,17 a 21,1597.0
2025,Setembro,Gaza,Mabalane,Homens,22 a 60,7965.0
2025,Setembro,Gaza,Mabalane,Mulheres,22 a 60,7521.0
2025,Setembro,Gaza,Mabalane,Homens,Mais de 60,573.0
2025,Setembro,Gaza,Mabalane,Mulheres,Mais de 60,709.0
2025,Setembro,Gaza,Mabalane,Outros,N/A,3.0
2025,Outubro,Gaza,Mabalane,Homens,0 a 16,12.0
2025,Outubro,Gaza,Mabalane,Mulheres,0 a 16,17.0
2025,Outubro,Gaza,Mabalane,Homens,17 a 21,1424.0
2025,Outubro,Gaza,Mabalane,Mulheres,17 a 21,1619.0
2025,Outubro,Gaza,Mabalane,Homens,22 a 60,8259.0
2025,Outubro,Gaza,Mabalane,Mulheres,22 a 60,7701.0
2025,Outubro,Gaza,Mabalane,Homens,Mais de 60,572.0
2025,Outubro,Gaza,Mabalane,Mulheres,Mais de 60,741.0
2025,Outubro,Gaza,Mabalane,Outros,N/A,4.0
2025,Novembro,Gaza,Mabalane,Homens,0 a 16,15.0
2025,Novembro,Gaza,Mabalane,Mulheres,0 a 16,17.0
2025,Novembro,Gaza,Mabalane,Homens,17 a 21,1497.0
2025,Novembro,Gaza,Mabalane,Mulheres,17 a 21,1670.0
2025,Novembro,Gaza,Mabalane,Homens,22 a 60,8226.0
2025,Novembro,Gaza,Mabalane,Mulheres,22 a 60,7915.0
2025,Novembro,Gaza,Mabalane,Homens,Mais de 60,591.0
2025,Novembro,Gaza,Mabalane,Mulheres,Mais de 60,742.0
2025,Novembro,Gaza,Mabalane,Outros,N/A,3.0
2025,Dezembro,Gaza,Mabalane,Homens,0 a 16,17.0
2025,Dezembro,Gaza,Mabalane,Mulheres,0 a 16,18.0
2025,Dezembro,Gaza,Mabalane,Homens,17 a 21,1560.0
2025,Dezembro,Gaza,Mabalane,Mulheres,17 a 21,1761.0
2025,Dezembro,Gaza,Mabalane,Homens,22 a 60,8781.0
2025,Dezembro,Gaza,Mabalane,Mulheres,22 a 60,8184.0
2025,Dezembro,Gaza,Mabalane,Homens,Mais de 60,625.0
2025,Dezembro,Gaza,Mabalane,Mulheres,Mais de 60,793.0
2025,Dezembro,Gaza,Mabalane,Outros,N/A,2.0
2025,Janeiro,Gaza,Manjacaze,Homens,0 a 16,113.0
2025,Janeiro,Gaza,Manjacaze,Mulheres,0 a 16,96.0
2025,Janeiro,Gaza,Manjacaze,Homens,17 a 21,7701.0
2025,Janeiro,Gaza,Manjacaze,Mulheres,17 a 21,7989.0
2025,Janeiro,Gaza,Manjacaze,Homens,22 a 60,39883.0
2025,Janeiro,Gaza,Manjacaze,Mulheres,22 a 60,42041.0
2025,Janeiro,Gaza,Manjacaze,Homens,Mais de 60,3986.0
2025,Janeiro,Gaza,Manjacaze,Mulheres,Mais de 60,4546.0
2025,Janeiro,Gaza,Manjacaze,Outros,N/A,24.0
2025,Fevereiro,Gaza,Manjacaze,Homens,0 a 16,128.0
2025,Fevereiro,Gaza,Manjacaze,Mulheres,0 a 16,97.0
2025,Fevereiro,Gaza,Manjacaze,Homens,17 a 21,7647.0
2025,Fevereiro,Gaza,Manjacaze,Mulheres,17 a 21,7807.0
2025,Fevereiro,Gaza,Manjacaze,Homens,22 a 60,38271.0
2025,Fevereiro,Gaza,Manjacaze,Mulheres,22 a 60,41216.0
2025,Fevereiro,Gaza,Manjacaze,Homens,Mais de 60,3742.0
2025,Fevereiro,Gaza,Manjacaze,Mulheres,Mais de 60,4498.0
2025,Fevereiro,Gaza,Manjacaze,Outros,N/A,24.0
2025,Março,Gaza,Manjacaze,Homens,0 a 16,121.0
2025,Março,Gaza,Manjacaze,Mulheres,0 a 16,90.0
2025,Março,Gaza,Manjacaze,Homens,17 a 21,7648.0
2025,Março,Gaza,Manjacaze,Mulheres,17 a 21,7859.0
2025,Março,Gaza,Manjacaze,Homens,22 a 60,39837.0
2025,Março,Gaza,Manjacaze,Mulheres,22 a 60,42112.0
2025,Março,Gaza,Manjacaze,Homens,Mais de 60,4102.0
2025,Março,Gaza,Manjacaze,Mulheres,Mais de 60,4625.0
2025,Março,Gaza,Manjacaze,Outros,N/A,28.0
2025,Abril,Gaza,Manjacaze,Homens,0 a 16,125.0
2025,Abril,Gaza,Manjacaze,Mulheres,0 a 16,107.0
2025,Abril,Gaza,Manjacaze,Homens,17 a 21,7853.0
2025,Abril,Gaza,Manjacaze,Mulheres,17 a 21,8149.0
2025,Abril,Gaza,Manjacaze,Homens,22 a 60,40973.0
2025,Abril,Gaza,Manjacaze,Mulheres,22 a 60,43545.0
2025,Abril,Gaza,Manjacaze,Homens,Mais de 60,4179.0
2025,Abril,Gaza,Manjacaze,Mulheres,Mais de 60,4786.0
2025,Abril,Gaza,Manjacaze,Outros,N/A,23.0
2025,Maio,Gaza,Manjacaze,Homens,0 a 16,142.0
2025,Maio,Gaza,Manjacaze,Mulheres,0 a 16,110.0
2025,Maio,Gaza,Manjacaze,Homens,17 a 21,7748.0
2025,Maio,Gaza,Manjacaze,Mulheres,17 a 21,8160.0
2025,Maio,Gaza,Manjacaze,Homens,22 a 60,41118.0
2025,Maio,Gaza,Manjacaze,Mulheres,22 a 60,43498.0
2025,Maio,Gaza,Manjacaze,Homens,Mais de 60,4234.0
2025,Maio,Gaza,Manjacaze,Mulheres,Mais de 60,4894.0
2025,Maio,Gaza,Manjacaze,Outros,N/A,23.0
2025,Junho,Gaza,Manjacaze,Homens,0 a 16,147.0
2025,Junho,Gaza,Manjacaze,Mulheres,0 a 16,100.0
2025,Junho,Gaza,Manjacaze,Homens,17 a 21,7508.0
2025,Junho,Gaza,Manjacaze,Mulheres,17 a 21,8053.0
2025,Junho,Gaza,Manjacaze,Homens,22 a 60,40355.0
2025,Junho,Gaza,Manjacaze,Mulheres,22 a 60,42797.0
2025,Junho,Gaza,Manjacaze,Homens,Mais de 60,4272.0
2025,Junho,Gaza,Manjacaze,Mulheres,Mais de 60,4897.0
2025,Junho,Gaza,Manjacaze,Outros,N/A,26.0
2025,Julho,Gaza,Manjacaze,Homens,0 a 16,146.0
2025,Julho,Gaza,Manjacaze,Mulheres,0 a 16,111.0
2025,Julho,Gaza,Manjacaze,Homens,17 a 21,7496.0
2025,Julho,Gaza,Manjacaze,Mulheres,17 a 21,8089.0
2025,Julho,Gaza,Manjacaze,Homens,22 a 60,40354.0
2025,Julho,Gaza,Manjacaze,Mulheres,22 a 60,42616.0
2025,Julho,Gaza,Manjacaze,Homens,Mais de 60,4283.0
2025,Julho,Gaza,Manjacaze,Mulheres,Mais de 60,4903.0
2025,Julho,Gaza,Manjacaze,Outros,N/A,30.0
2025,Agosto,Gaza,Manjacaze,Homens,0 a 16,161.0
2025,Agosto,Gaza,Manjacaze,Mulheres,0 a 16,128.0
2025,Agosto,Gaza,Manjacaze,Homens,17 a 21,7691.0
2025,Agosto,Gaza,Manjacaze,Mulheres,17 a 21,8185.0
2025,Agosto,Gaza,Manjacaze,Homens,22 a 60,41372.0
2025,Agosto,Gaza,Manjacaze,Mulheres,22 a 60,43471.0
2025,Agosto,Gaza,Manjacaze,Homens,Mais de 60,4412.0
2025,Agosto,Gaza,Manjacaze,Mulheres,Mais de 60,5020.0
2025,Agosto,Gaza,Manjacaze,Outros,N/A,28.0
2025,Setembro,Gaza,Manjacaze,Homens,0 a 16,157.0
2025,Setembro,Gaza,Manjacaze,Mulheres,0 a 16,112.0
2025,Setembro,Gaza,Manjacaze,Homens,17 a 21,7964.0
2025,Setembro,Gaza,Manjacaze,Mulheres,17 a 21,8521.0
2025,Setembro,Gaza,Manjacaze,Homens,22 a 60,42185.0
2025,Setembro,Gaza,Manjacaze,Mulheres,22 a 60,44261.0
2025,Setembro,Gaza,Manjacaze,Homens,Mais de 60,4447.0
2025,Setembro,Gaza,Manjacaze,Mulheres,Mais de 60,5175.0
2025,Setembro,Gaza,Manjacaze,Outros,N/A,27.0
2025,Outubro,Gaza,Manjacaze,Homens,0 a 16,117.0
2025,Outubro,Gaza,Manjacaze,Mulheres,0 a 16,104.0
2025,Outubro,Gaza,Manjacaze,Homens,17 a 21,7724.0
2025,Outubro,Gaza,Manjacaze,Mulheres,17 a 21,8395.0
2025,Outubro,Gaza,Manjacaze,Homens,22 a 60,39512.0
2025,Outubro,Gaza,Manjacaze,Mulheres,22 a 60,41778.0
2025,Outubro,Gaza,Manjacaze,Homens,Mais de 60,4211.0
2025,Outubro,Gaza,Manjacaze,Mulheres,Mais de 60,4844.0
2025,Outubro,Gaza,Manjacaze,Outros,N/A,24.0
2025,Novembro,Gaza,Manjacaze,Homens,0 a 16,117.0
2025,Novembro,Gaza,Manjacaze,Mulheres,0 a 16,97.0
2025,Novembro,Gaza,Manjacaze,Homens,17 a 21,7665.0
2025,Novembro,Gaza,Manjacaze,Mulheres,17 a 21,8415.0
2025,Novembro,Gaza,Manjacaze,Homens,22 a 60,38415.0
2025,Novembro,Gaza,Manjacaze,Mulheres,22 a 60,42470.0
2025,Novembro,Gaza,Manjacaze,Homens,Mais de 60,4066.0
2025,Novembro,Gaza,Manjacaze,Mulheres,Mais de 60,4908.0
2025,Novembro,Gaza,Manjacaze,Outros,N/A,11.0
2025,Dezembro,Gaza,Manjacaze,Homens,0 a 16,108.0
2025,Dezembro,Gaza,Manjacaze,Mulheres,0 a 16,64.0
2025,Dezembro,Gaza,Manjacaze,Homens,17 a 21,8069.0
2025,Dezembro,Gaza,Manjacaze,Mulheres,17 a 21,8714.0
2025,Dezembro,Gaza,Manjacaze,Homens,22 a 60,41455.0
2025,Dezembro,Gaza,Manjacaze,Mulheres,22 a 60,43530.0
2025,Dezembro,Gaza,Manjacaze,Homens,Mais de 60,4337.0
2025,Dezembro,Gaza,Manjacaze,Mulheres,Mais de 60,5038.0
2025,Dezembro,Gaza,Manjacaze,Outros,N/A,11.0
2025,Janeiro,Gaza,Massangena,Homens,0 a 16,7.0
2025,Janeiro,Gaza,Massangena,Mulheres,0 a 16,5.0
2025,Janeiro,Gaza,Massangena,Homens,17 a 21,627.0
2025,Janeiro,Gaza,Massangena,Mulheres,17 a 21,707.0
2025,Janeiro,Gaza,Massangena,Homens,22 a 60,3521.0
2025,Janeiro,Gaza,Massangena,Mulheres,22 a 60,2956.0
2025,Janeiro,Gaza,Massangena,Homens,Mais de 60,260.0
2025,Janeiro,Gaza,Massangena,Mulheres,Mais de 60,274.0
2025,Janeiro,Gaza,Massangena,Outros,N/A,0.0
2025,Fevereiro,Gaza,Massangena,Homens,0 a 16,5.0
2025,Fevereiro,Gaza,Massangena,Mulheres,0 a 16,4.0
2025,Fevereiro,Gaza,Massangena,Homens,17 a 21,644.0
2025,Fevereiro,Gaza,Massangena,Mulheres,17 a 21,708.0
2025,Fevereiro,Gaza,Massangena,Homens,22 a 60,3509.0
2025,Fevereiro,Gaza,Massangena,Mulheres,22 a 60,2967.0
2025,Fevereiro,Gaza,Massangena,Homens,Mais de 60,265.0
2025,Fevereiro,Gaza,Massangena,Mulheres,Mais de 60,267.0
2025,Fevereiro,Gaza,Massangena,Outros,N/A,0.0
2025,Março,Gaza,Massangena,Homens,0 a 16,7.0
2025,Março,Gaza,Massangena,Mulheres,0 a 16,5.0
2025,Março,Gaza,Massangena,Homens,17 a 21,660.0
2025,Março,Gaza,Massangena,Mulheres,17 a 21,732.0
2025,Março,Gaza,Massangena,Homens,22 a 60,3629.0
2025,Março,Gaza,Massangena,Mulheres,22 a 60,3087.0
2025,Março,Gaza,Massangena,Homens,Mais de 60,279.0
2025,Março,Gaza,Massangena,Mulheres,Mais de 60,270.0
2025,Março,Gaza,Massangena,Outros,N/A,0.0
2025,Abril,Gaza,Massangena,Homens,0 a 16,6.0
2025,Abril,Gaza,Massangena,Mulheres,0 a 16,5.0
2025,Abril,Gaza,Massangena,Homens,17 a 21,662.0
2025,Abril,Gaza,Massangena,Mulheres,17 a 21,750.0
2025,Abril,Gaza,Massangena,Homens,22 a 60,3717.0
2025,Abril,Gaza,Massangena,Mulheres,22 a 60,3211.0
2025,Abril,Gaza,Massangena,Homens,Mais de 60,271.0
2025,Abril,Gaza,Massangena,Mulheres,Mais de 60,294.0
2025,Abril,Gaza,Massangena,Outros,N/A,0.0
2025,Maio,Gaza,Massangena,Homens,0 a 16,4.0
2025,Maio,Gaza,Massangena,Mulheres,0 a 16,4.0
2025,Maio,Gaza,Massangena,Homens,17 a 21,666.0
2025,Maio,Gaza,Massangena,Mulheres,17 a 21,773.0
2025,Maio,Gaza,Massangena,Homens,22 a 60,3780.0
2025,Maio,Gaza,Massangena,Mulheres,22 a 60,3322.0
2025,Maio,Gaza,Massangena,Homens,Mais de 60,282.0
2025,Maio,Gaza,Massangena,Mulheres,Mais de 60,297.0
2025,Maio,Gaza,Massangena,Outros,N/A,0.0
2025,Junho,Gaza,Massangena,Homens,0 a 16,2.0
2025,Junho,Gaza,Massangena,Mulheres,0 a 16,3.0
2025,Junho,Gaza,Massangena,Homens,17 a 21,701.0
2025,Junho,Gaza,Massangena,Mulheres,17 a 21,818.0
2025,Junho,Gaza,Massangena,Homens,22 a 60,3884.0
2025,Junho,Gaza,Massangena,Mulheres,22 a 60,3463.0
2025,Junho,Gaza,Massangena,Homens,Mais de 60,290.0
2025,Junho,Gaza,Massangena,Mulheres,Mais de 60,318.0
2025,Junho,Gaza,Massangena,Outros,N/A,0.0
2025,Julho,Gaza,Massangena,Homens,0 a 16,1.0
2025,Julho,Gaza,Massangena,Mulheres,0 a 16,2.0
2025,Julho,Gaza,Massangena,Homens,17 a 21,745.0
2025,Julho,Gaza,Massangena,Mulheres,17 a 21,878.0
2025,Julho,Gaza,Massangena,Homens,22 a 60,4117.0
2025,Julho,Gaza,Massangena,Mulheres,22 a 60,3656.0
2025,Julho,Gaza,Massangena,Homens,Mais de 60,309.0
2025,Julho,Gaza,Massangena,Mulheres,Mais de 60,344.0
2025,Julho,Gaza,Massangena,Outros,N/A,0.0
2025,Agosto,Gaza,Massangena,Homens,0 a 16,2.0
2025,Agosto,Gaza,Massangena,Mulheres,0 a 16,1.0
2025,Agosto,Gaza,Massangena,Homens,17 a 21,767.0
2025,Agosto,Gaza,Massangena,Mulheres,17 a 21,924.0
2025,Agosto,Gaza,Massangena,Homens,22 a 60,4256.0
2025,Agosto,Gaza,Massangena,Mulheres,22 a 60,3719.0
2025,Agosto,Gaza,Massangena,Homens,Mais de 60,322.0
2025,Agosto,Gaza,Massangena,Mulheres,Mais de 60,367.0
2025,Agosto,Gaza,Massangena,Outros,N/A,0.0
2025,Setembro,Gaza,Massangena,Homens,0 a 16,2.0
2025,Setembro,Gaza,Massangena,Mulheres,0 a 16,6.0
2025,Setembro,Gaza,Massangena,Homens,17 a 21,790.0
2025,Setembro,Gaza,Massangena,Mulheres,17 a 21,956.0
2025,Setembro,Gaza,Massangena,Homens,22 a 60,4468.0
2025,Setembro,Gaza,Massangena,Mulheres,22 a 60,3837.0
2025,Setembro,Gaza,Massangena,Homens,Mais de 60,300.0
2025,Setembro,Gaza,Massangena,Mulheres,Mais de 60,394.0
2025,Setembro,Gaza,Massangena,Outros,N/A,0.0
2025,Outubro,Gaza,Massangena,Homens,0 a 16,1.0
2025,Outubro,Gaza,Massangena,Mulheres,0 a 16,7.0
2025,Outubro,Gaza,Massangena,Homens,17 a 21,800.0
2025,Outubro,Gaza,Massangena,Mulheres,17 a 21,974.0
2025,Outubro,Gaza,Massangena,Homens,22 a 60,4575.0
2025,Outubro,Gaza,Massangena,Mulheres,22 a 60,3972.0
2025,Outubro,Gaza,Massangena,Homens,Mais de 60,328.0
2025,Outubro,Gaza,Massangena,Mulheres,Mais de 60,403.0
2025,Outubro,Gaza,Massangena,Outros,N/A,0.0
2025,Novembro,Gaza,Massangena,Homens,0 a 16,2.0
2025,Novembro,Gaza,Massangena,Mulheres,0 a 16,5.0
2025,Novembro,Gaza,Massangena,Homens,17 a 21,810.0
2025,Novembro,Gaza,Massangena,Mulheres,17 a 21,995.0
2025,Novembro,Gaza,Massangena,Homens,22 a 60,4556.0
2025,Novembro,Gaza,Massangena,Mulheres,22 a 60,4072.0
2025,Novembro,Gaza,Massangena,Homens,Mais de 60,327.0
2025,Novembro,Gaza,Massangena,Mulheres,Mais de 60,395.0
2025,Novembro,Gaza,Massangena,Outros,N/A,0.0
2025,Dezembro,Gaza,Massangena,Homens,0 a 16,2.0
2025,Dezembro,Gaza,Massangena,Mulheres,0 a 16,7.0
2025,Dezembro,Gaza,Massangena,Homens,17 a 21,851.0
2025,Dezembro,Gaza,Massangena,Mulheres,17 a 21,1042.0
2025,Dezembro,Gaza,Massangena,Homens,22 a 60,4876.0
2025,Dezembro,Gaza,Massangena,Mulheres,22 a 60,4250.0
2025,Dezembro,Gaza,Massangena,Homens,Mais de 60,337.0
2025,Dezembro,Gaza,Massangena,Mulheres,Mais de 60,415.0
2025,Dezembro,Gaza,Massangena,Outros,N/A,0.0
2025,Janeiro,Gaza,Massingir,Homens,0 a 16,6.0
2025,Janeiro,Gaza,Massingir,Mulheres,0 a 16,4.0
2025,Janeiro,Gaza,Massingir,Homens,17 a 21,1139.0
2025,Janeiro,Gaza,Massingir,Mulheres,17 a 21,1288.0
2025,Janeiro,Gaza,Massingir,Homens,22 a 60,5589.0
2025,Janeiro,Gaza,Massingir,Mulheres,22 a 60,5279.0
2025,Janeiro,Gaza,Massingir,Homens,Mais de 60,333.0
2025,Janeiro,Gaza,Massingir,Mulheres,Mais de 60,318.0
2025,Janeiro,Gaza,Massingir,Outros,N/A,1.0
2025,Fevereiro,Gaza,Massingir,Homens,0 a 16,2.0
2025,Fevereiro,Gaza,Massingir,Mulheres,0 a 16,3.0
2025,Fevereiro,Gaza,Massingir,Homens,17 a 21,1160.0
2025,Fevereiro,Gaza,Massingir,Mulheres,17 a 21,1259.0
2025,Fevereiro,Gaza,Massingir,Homens,22 a 60,5503.0
2025,Fevereiro,Gaza,Massingir,Mulheres,22 a 60,5178.0
2025,Fevereiro,Gaza,Massingir,Homens,Mais de 60,337.0
2025,Fevereiro,Gaza,Massingir,Mulheres,Mais de 60,319.0
2025,Fevereiro,Gaza,Massingir,Outros,N/A,2.0
2025,Março,Gaza,Massingir,Homens,0 a 16,2.0
2025,Março,Gaza,Massingir,Mulheres,0 a 16,2.0
2025,Março,Gaza,Massingir,Homens,17 a 21,1145.0
2025,Março,Gaza,Massingir,Mulheres,17 a 21,1282.0
2025,Março,Gaza,Massingir,Homens,22 a 60,5589.0
2025,Março,Gaza,Massingir,Mulheres,22 a 60,5326.0
2025,Março,Gaza,Massingir,Homens,Mais de 60,352.0
2025,Março,Gaza,Massingir,Mulheres,Mais de 60,334.0
2025,Março,Gaza,Massingir,Outros,N/A,2.0
2025,Abril,Gaza,Massingir,Homens,0 a 16,8.0
2025,Abril,Gaza,Massingir,Mulheres,0 a 16,8.0
2025,Abril,Gaza,Massingir,Homens,17 a 21,1165.0
2025,Abril,Gaza,Massingir,Mulheres,17 a 21,1308.0
2025,Abril,Gaza,Massingir,Homens,22 a 60,5687.0
2025,Abril,Gaza,Massingir,Mulheres,22 a 60,5465.0
2025,Abril,Gaza,Massingir,Homens,Mais de 60,376.0
2025,Abril,Gaza,Massingir,Mulheres,Mais de 60,344.0
2025,Abril,Gaza,Massingir,Outros,N/A,3.0
2025,Maio,Gaza,Massingir,Homens,0 a 16,14.0
2025,Maio,Gaza,Massingir,Mulheres,0 a 16,15.0
2025,Maio,Gaza,Massingir,Homens,17 a 21,1195.0
2025,Maio,Gaza,Massingir,Mulheres,17 a 21,1358.0
2025,Maio,Gaza,Massingir,Homens,22 a 60,5844.0
2025,Maio,Gaza,Massingir,Mulheres,22 a 60,5686.0
2025,Maio,Gaza,Massingir,Homens,Mais de 60,396.0
2025,Maio,Gaza,Massingir,Mulheres,Mais de 60,363.0
2025,Maio,Gaza,Massingir,Outros,N/A,4.0
2025,Junho,Gaza,Massingir,Homens,0 a 16,17.0
2025,Junho,Gaza,Massingir,Mulheres,0 a 16,11.0
2025,Junho,Gaza,Massingir,Homens,17 a 21,1201.0
2025,Junho,Gaza,Massingir,Mulheres,17 a 21,1373.0
2025,Junho,Gaza,Massingir,Homens,22 a 60,5827.0
2025,Junho,Gaza,Massingir,Mulheres,22 a 60,5740.0
2025,Junho,Gaza,Massingir,Homens,Mais de 60,375.0
2025,Junho,Gaza,Massingir,Mulheres,Mais de 60,371.0
2025,Junho,Gaza,Massingir,Outros,N/A,3.0
2025,Julho,Gaza,Massingir,Homens,0 a 16,21.0
2025,Julho,Gaza,Massingir,Mulheres,0 a 16,17.0
2025,Julho,Gaza,Massingir,Homens,17 a 21,1236.0
2025,Julho,Gaza,Massingir,Mulheres,17 a 21,1436.0
2025,Julho,Gaza,Massingir,Homens,22 a 60,5854.0
2025,Julho,Gaza,Massingir,Mulheres,22 a 60,5735.0
2025,Julho,Gaza,Massingir,Homens,Mais de 60,376.0
2025,Julho,Gaza,Massingir,Mulheres,Mais de 60,383.0
2025,Julho,Gaza,Massingir,Outros,N/A,3.0
2025,Agosto,Gaza,Massingir,Homens,0 a 16,22.0
2025,Agosto,Gaza,Massingir,Mulheres,0 a 16,14.0
2025,Agosto,Gaza,Massingir,Homens,17 a 21,1276.0
2025,Agosto,Gaza,Massingir,Mulheres,17 a 21,1440.0
2025,Agosto,Gaza,Massingir,Homens,22 a 60,6043.0
2025,Agosto,Gaza,Massingir,Mulheres,22 a 60,5898.0
2025,Agosto,Gaza,Massingir,Homens,Mais de 60,381.0
2025,Agosto,Gaza,Massingir,Mulheres,Mais de 60,391.0
2025,Agosto,Gaza,Massingir,Outros,N/A,3.0
2025,Setembro,Gaza,Massingir,Homens,0 a 16,13.0
2025,Setembro,Gaza,Massingir,Mulheres,0 a 16,12.0
2025,Setembro,Gaza,Massingir,Homens,17 a 21,1299.0
2025,Setembro,Gaza,Massingir,Mulheres,17 a 21,1514.0
2025,Setembro,Gaza,Massingir,Homens,22 a 60,6295.0
2025,Setembro,Gaza,Massingir,Mulheres,22 a 60,6093.0
2025,Setembro,Gaza,Massingir,Homens,Mais de 60,416.0
2025,Setembro,Gaza,Massingir,Mulheres,Mais de 60,421.0
2025,Setembro,Gaza,Massingir,Outros,N/A,1.0
2025,Outubro,Gaza,Massingir,Homens,0 a 16,13.0
2025,Outubro,Gaza,Massingir,Mulheres,0 a 16,9.0
2025,Outubro,Gaza,Massingir,Homens,17 a 21,1322.0
2025,Outubro,Gaza,Massingir,Mulheres,17 a 21,1558.0
2025,Outubro,Gaza,Massingir,Homens,22 a 60,6427.0
2025,Outubro,Gaza,Massingir,Mulheres,22 a 60,6368.0
2025,Outubro,Gaza,Massingir,Homens,Mais de 60,422.0
2025,Outubro,Gaza,Massingir,Mulheres,Mais de 60,430.0
2025,Outubro,Gaza,Massingir,Outros,N/A,2.0
2025,Novembro,Gaza,Massingir,Homens,0 a 16,14.0
2025,Novembro,Gaza,Massingir,Mulheres,0 a 16,12.0
2025,Novembro,Gaza,Massingir,Homens,17 a 21,1375.0
2025,Novembro,Gaza,Massingir,Mulheres,17 a 21,1595.0
2025,Novembro,Gaza,Massingir,Homens,22 a 60,6461.0
2025,Novembro,Gaza,Massingir,Mulheres,22 a 60,6606.0
2025,Novembro,Gaza,Massingir,Homens,Mais de 60,416.0
2025,Novembro,Gaza,Massingir,Mulheres,Mais de 60,455.0
2025,Novembro,Gaza,Massingir,Outros,N/A,2.0
2025,Dezembro,Gaza,Massingir,Homens,0 a 16,16.0
2025,Dezembro,Gaza,Massingir,Mulheres,0 a 16,10.0
2025,Dezembro,Gaza,Massingir,Homens,17 a 21,1414.0
2025,Dezembro,Gaza,Massingir,Mulheres,17 a 21,1654.0
2025,Dezembro,Gaza,Massingir,Homens,22 a 60,6824.0
2025,Dezembro,Gaza,Massingir,Mulheres,22 a 60,6735.0
2025,Dezembro,Gaza,Massingir,Homens,Mais de 60,453.0
2025,Dezembro,Gaza,Massingir,Mulheres,Mais de 60,483.0
2025,Dezembro,Gaza,Massingir,Outros,N/A,1.0
2025,Janeiro,Gaza,Chonguene,Homens,0 a 16,180.0
2025,Janeiro,Gaza,Chonguene,Mulheres,0 a 16,178.0
2025,Janeiro,Gaza,Chonguene,Homens,17 a 21,7693.0
2025,Janeiro,Gaza,Chonguene,Mulheres,17 a 21,8324.0
2025,Janeiro,Gaza,Chonguene,Homens,22 a 60,37160.0
2025,Janeiro,Gaza,Chonguene,Mulheres,22 a 60,42883.0
2025,Janeiro,Gaza,Chonguene,Homens,Mais de 60,2864.0
2025,Janeiro,Gaza,Chonguene,Mulheres,Mais de 60,3359.0
2025,Janeiro,Gaza,Chonguene,Outros,N/A,22.0
2025,Fevereiro,Gaza,Chonguene,Homens,0 a 16,199.0
2025,Fevereiro,Gaza,Chonguene,Mulheres,0 a 16,174.0
2025,Fevereiro,Gaza,Chonguene,Homens,17 a 21,7779.0
2025,Fevereiro,Gaza,Chonguene,Mulheres,17 a 21,8448.0
2025,Fevereiro,Gaza,Chonguene,Homens,22 a 60,36347.0
2025,Fevereiro,Gaza,Chonguene,Mulheres,22 a 60,42686.0
2025,Fevereiro,Gaza,Chonguene,Homens,Mais de 60,2892.0
2025,Fevereiro,Gaza,Chonguene,Mulheres,Mais de 60,3423.0
2025,Fevereiro,Gaza,Chonguene,Outros,N/A,24.0
2025,Março,Gaza,Chonguene,Homens,0 a 16,190.0
2025,Março,Gaza,Chonguene,Mulheres,0 a 16,172.0
2025,Março,Gaza,Chonguene,Homens,17 a 21,7851.0
2025,Março,Gaza,Chonguene,Mulheres,17 a 21,8500.0
2025,Março,Gaza,Chonguene,Homens,22 a 60,36403.0
2025,Março,Gaza,Chonguene,Mulheres,22 a 60,42579.0
2025,Março,Gaza,Chonguene,Homens,Mais de 60,2921.0
2025,Março,Gaza,Chonguene,Mulheres,Mais de 60,3446.0
2025,Março,Gaza,Chonguene,Outros,N/A,24.0
2025,Abril,Gaza,Chonguene,Homens,0 a 16,164.0
2025,Abril,Gaza,Chonguene,Mulheres,0 a 16,144.0
2025,Abril,Gaza,Chonguene,Homens,17 a 21,7552.0
2025,Abril,Gaza,Chonguene,Mulheres,17 a 21,8152.0
2025,Abril,Gaza,Chonguene,Homens,22 a 60,35715.0
2025,Abril,Gaza,Chonguene,Mulheres,22 a 60,41472.0
2025,Abril,Gaza,Chonguene,Homens,Mais de 60,2892.0
2025,Abril,Gaza,Chonguene,Mulheres,Mais de 60,3452.0
2025,Abril,Gaza,Chonguene,Outros,N/A,24.0
2025,Maio,Gaza,Chonguene,Homens,0 a 16,202.0
2025,Maio,Gaza,Chonguene,Mulheres,0 a 16,170.0
2025,Maio,Gaza,Chonguene,Homens,17 a 21,8211.0
2025,Maio,Gaza,Chonguene,Mulheres,17 a 21,8917.0
2025,Maio,Gaza,Chonguene,Homens,22 a 60,38308.0
2025,Maio,Gaza,Chonguene,Mulheres,22 a 60,44703.0
2025,Maio,Gaza,Chonguene,Homens,Mais de 60,3016.0
2025,Maio,Gaza,Chonguene,Mulheres,Mais de 60,3769.0
2025,Maio,Gaza,Chonguene,Outros,N/A,36.0
2025,Junho,Gaza,Chonguene,Homens,0 a 16,246.0
2025,Junho,Gaza,Chonguene,Mulheres,0 a 16,193.0
2025,Junho,Gaza,Chonguene,Homens,17 a 21,9168.0
2025,Junho,Gaza,Chonguene,Mulheres,17 a 21,9813.0
2025,Junho,Gaza,Chonguene,Homens,22 a 60,44084.0
2025,Junho,Gaza,Chonguene,Mulheres,22 a 60,50655.0
2025,Junho,Gaza,Chonguene,Homens,Mais de 60,3428.0
2025,Junho,Gaza,Chonguene,Mulheres,Mais de 60,4175.0
2025,Junho,Gaza,Chonguene,Outros,N/A,35.0
2025,Julho,Gaza,Chonguene,Homens,0 a 16,300.0
2025,Julho,Gaza,Chonguene,Mulheres,0 a 16,232.0
2025,Julho,Gaza,Chonguene,Homens,17 a 21,9171.0
2025,Julho,Gaza,Chonguene,Mulheres,17 a 21,9920.0
2025,Julho,Gaza,Chonguene,Homens,22 a 60,44032.0
2025,Julho,Gaza,Chonguene,Mulheres,22 a 60,50927.0
2025,Julho,Gaza,Chonguene,Homens,Mais de 60,3472.0
2025,Julho,Gaza,Chonguene,Mulheres,Mais de 60,4140.0
2025,Julho,Gaza,Chonguene,Outros,N/A,47.0
2025,Agosto,Gaza,Chonguene,Homens,0 a 16,309.0
2025,Agosto,Gaza,Chonguene,Mulheres,0 a 16,261.0
2025,Agosto,Gaza,Chonguene,Homens,17 a 21,9700.0
2025,Agosto,Gaza,Chonguene,Mulheres,17 a 21,10451.0
2025,Agosto,Gaza,Chonguene,Homens,22 a 60,45555.0
2025,Agosto,Gaza,Chonguene,Mulheres,22 a 60,52695.0
2025,Agosto,Gaza,Chonguene,Homens,Mais de 60,3593.0
2025,Agosto,Gaza,Chonguene,Mulheres,Mais de 60,4376.0
2025,Agosto,Gaza,Chonguene,Outros,N/A,40.0
2025,Setembro,Gaza,Chonguene,Homens,0 a 16,274.0
2025,Setembro,Gaza,Chonguene,Mulheres,0 a 16,229.0
2025,Setembro,Gaza,Chonguene,Homens,17 a 21,9618.0
2025,Setembro,Gaza,Chonguene,Mulheres,17 a 21,10287.0
2025,Setembro,Gaza,Chonguene,Homens,22 a 60,45168.0
2025,Setembro,Gaza,Chonguene,Mulheres,22 a 60,52716.0
2025,Setembro,Gaza,Chonguene,Homens,Mais de 60,3596.0
2025,Setembro,Gaza,Chonguene,Mulheres,Mais de 60,4423.0
2025,Setembro,Gaza,Chonguene,Outros,N/A,33.0
2025,Outubro,Gaza,Chonguene,Homens,0 a 16,299.0
2025,Outubro,Gaza,Chonguene,Mulheres,0 a 16,255.0
2025,Outubro,Gaza,Chonguene,Homens,17 a 21,10308.0
2025,Outubro,Gaza,Chonguene,Mulheres,17 a 21,11001.0
2025,Outubro,Gaza,Chonguene,Homens,22 a 60,49303.0
2025,Outubro,Gaza,Chonguene,Mulheres,22 a 60,58083.0
2025,Outubro,Gaza,Chonguene,Homens,Mais de 60,4124.0
2025,Outubro,Gaza,Chonguene,Mulheres,Mais de 60,4990.0
2025,Outubro,Gaza,Chonguene,Outros,N/A,42.0
2025,Novembro,Gaza,Chonguene,Homens,0 a 16,310.0
2025,Novembro,Gaza,Chonguene,Mulheres,0 a 16,277.0
2025,Novembro,Gaza,Chonguene,Homens,17 a 21,10643.0
2025,Novembro,Gaza,Chonguene,Mulheres,17 a 21,11307.0
2025,Novembro,Gaza,Chonguene,Homens,22 a 60,48617.0
2025,Novembro,Gaza,Chonguene,Mulheres,22 a 60,61677.0
2025,Novembro,Gaza,Chonguene,Homens,Mais de 60,4228.0
2025,Novembro,Gaza,Chonguene,Mulheres,Mais de 60,5300.0
2025,Novembro,Gaza,Chonguene,Outros,N/A,15.0
2025,Dezembro,Gaza,Chonguene,Homens,0 a 16,327.0
2025,Dezembro,Gaza,Chonguene,Mulheres,0 a 16,314.0
2025,Dezembro,Gaza,Chonguene,Homens,17 a 21,11206.0
2025,Dezembro,Gaza,Chonguene,Mulheres,17 a 21,11716.0
2025,Dezembro,Gaza,Chonguene,Homens,22 a 60,54390.0
2025,Dezembro,Gaza,Chonguene,Mulheres,22 a 60,62671.0
2025,Dezembro,Gaza,Chonguene,Homens,Mais de 60,4345.0
2025,Dezembro,Gaza,Chonguene,Mulheres,Mais de 60,5253.0
2025,Dezembro,Gaza,Chonguene,Outros,N/A,14.0
2025,Janeiro,Gaza,Mapai,Homens,0 a 16,28.0
2025,Janeiro,Gaza,Mapai,Mulheres,0 a 16,43.0
2025,Janeiro,Gaza,Mapai,Homens,17 a 21,1879.0
2025,Janeiro,Gaza,Mapai,Mulheres,17 a 21,2168.0
2025,Janeiro,Gaza,Mapai,Homens,22 a 60,8444.0
2025,Janeiro,Gaza,Mapai,Mulheres,22 a 60,7772.0
2025,Janeiro,Gaza,Mapai,Homens,Mais de 60,544.0
2025,Janeiro,Gaza,Mapai,Mulheres,Mais de 60,607.0
2025,Janeiro,Gaza,Mapai,Outros,N/A,1.0
2025,Fevereiro,Gaza,Mapai,Homens,0 a 16,26.0
2025,Fevereiro,Gaza,Mapai,Mulheres,0 a 16,49.0
2025,Fevereiro,Gaza,Mapai,Homens,17 a 21,1932.0
2025,Fevereiro,Gaza,Mapai,Mulheres,17 a 21,2211.0
2025,Fevereiro,Gaza,Mapai,Homens,22 a 60,8274.0
2025,Fevereiro,Gaza,Mapai,Mulheres,22 a 60,7808.0
2025,Fevereiro,Gaza,Mapai,Homens,Mais de 60,516.0
2025,Fevereiro,Gaza,Mapai,Mulheres,Mais de 60,609.0
2025,Fevereiro,Gaza,Mapai,Outros,N/A,3.0
2025,Março,Gaza,Mapai,Homens,0 a 16,24.0
2025,Março,Gaza,Mapai,Mulheres,0 a 16,53.0
2025,Março,Gaza,Mapai,Homens,17 a 21,1959.0
2025,Março,Gaza,Mapai,Mulheres,17 a 21,2269.0
2025,Março,Gaza,Mapai,Homens,22 a 60,8590.0
2025,Março,Gaza,Mapai,Mulheres,22 a 60,8062.0
2025,Março,Gaza,Mapai,Homens,Mais de 60,557.0
2025,Março,Gaza,Mapai,Mulheres,Mais de 60,640.0
2025,Março,Gaza,Mapai,Outros,N/A,3.0
2025,Abril,Gaza,Mapai,Homens,0 a 16,23.0
2025,Abril,Gaza,Mapai,Mulheres,0 a 16,48.0
2025,Abril,Gaza,Mapai,Homens,17 a 21,2042.0
2025,Abril,Gaza,Mapai,Mulheres,17 a 21,2274.0
2025,Abril,Gaza,Mapai,Homens,22 a 60,8741.0
2025,Abril,Gaza,Mapai,Mulheres,22 a 60,8282.0
2025,Abril,Gaza,Mapai,Homens,Mais de 60,580.0
2025,Abril,Gaza,Mapai,Mulheres,Mais de 60,644.0
2025,Abril,Gaza,Mapai,Outros,N/A,4.0
2025,Maio,Gaza,Mapai,Homens,0 a 16,17.0
2025,Maio,Gaza,Mapai,Mulheres,0 a 16,44.0
2025,Maio,Gaza,Mapai,Homens,17 a 21,2008.0
2025,Maio,Gaza,Mapai,Mulheres,17 a 21,2273.0
2025,Maio,Gaza,Mapai,Homens,22 a 60,8713.0
2025,Maio,Gaza,Mapai,Mulheres,22 a 60,8267.0
2025,Maio,Gaza,Mapai,Homens,Mais de 60,579.0
2025,Maio,Gaza,Mapai,Mulheres,Mais de 60,652.0
2025,Maio,Gaza,Mapai,Outros,N/A,1.0
2025,Junho,Gaza,Mapai,Homens,0 a 16,17.0
2025,Junho,Gaza,Mapai,Mulheres,0 a 16,37.0
2025,Junho,Gaza,Mapai,Homens,17 a 21,1958.0
2025,Junho,Gaza,Mapai,Mulheres,17 a 21,2191.0
2025,Junho,Gaza,Mapai,Homens,22 a 60,8656.0
2025,Junho,Gaza,Mapai,Mulheres,22 a 60,8217.0
2025,Junho,Gaza,Mapai,Homens,Mais de 60,567.0
2025,Junho,Gaza,Mapai,Mulheres,Mais de 60,640.0
2025,Junho,Gaza,Mapai,Outros,N/A,2.0
2025,Julho,Gaza,Mapai,Homens,0 a 16,21.0
2025,Julho,Gaza,Mapai,Mulheres,0 a 16,34.0
2025,Julho,Gaza,Mapai,Homens,17 a 21,2004.0
2025,Julho,Gaza,Mapai,Mulheres,17 a 21,2304.0
2025,Julho,Gaza,Mapai,Homens,22 a 60,8884.0
2025,Julho,Gaza,Mapai,Mulheres,22 a 60,8387.0
2025,Julho,Gaza,Mapai,Homens,Mais de 60,575.0
2025,Julho,Gaza,Mapai,Mulheres,Mais de 60,676.0
2025,Julho,Gaza,Mapai,Outros,N/A,4.0
2025,Agosto,Gaza,Mapai,Homens,0 a 16,21.0
2025,Agosto,Gaza,Mapai,Mulheres,0 a 16,29.0
2025,Agosto,Gaza,Mapai,Homens,17 a 21,2049.0
2025,Agosto,Gaza,Mapai,Mulheres,17 a 21,2331.0
2025,Agosto,Gaza,Mapai,Homens,22 a 60,9177.0
2025,Agosto,Gaza,Mapai,Mulheres,22 a 60,8457.0
2025,Agosto,Gaza,Mapai,Homens,Mais de 60,597.0
2025,Agosto,Gaza,Mapai,Mulheres,Mais de 60,704.0
2025,Agosto,Gaza,Mapai,Outros,N/A,4.0
2025,Setembro,Gaza,Mapai,Homens,0 a 16,22.0
2025,Setembro,Gaza,Mapai,Mulheres,0 a 16,25.0
2025,Setembro,Gaza,Mapai,Homens,17 a 21,2164.0
2025,Setembro,Gaza,Mapai,Mulheres,17 a 21,2408.0
2025,Setembro,Gaza,Mapai,Homens,22 a 60,9528.0
2025,Setembro,Gaza,Mapai,Mulheres,22 a 60,8784.0
2025,Setembro,Gaza,Mapai,Homens,Mais de 60,630.0
2025,Setembro,Gaza,Mapai,Mulheres,Mais de 60,701.0
2025,Setembro,Gaza,Mapai,Outros,N/A,1.0
2025,Outubro,Gaza,Mapai,Homens,0 a 16,26.0
2025,Outubro,Gaza,Mapai,Mulheres,0 a 16,25.0
2025,Outubro,Gaza,Mapai,Homens,17 a 21,2177.0
2025,Outubro,Gaza,Mapai,Mulheres,17 a 21,2463.0
2025,Outubro,Gaza,Mapai,Homens,22 a 60,9746.0
2025,Outubro,Gaza,Mapai,Mulheres,22 a 60,8966.0
2025,Outubro,Gaza,Mapai,Homens,Mais de 60,631.0
2025,Outubro,Gaza,Mapai,Mulheres,Mais de 60,718.0
2025,Outubro,Gaza,Mapai,Outros,N/A,1.0
2025,Novembro,Gaza,Mapai,Homens,0 a 16,25.0
2025,Novembro,Gaza,Mapai,Mulheres,0 a 16,33.0
2025,Novembro,Gaza,Mapai,Homens,17 a 21,2234.0
2025,Novembro,Gaza,Mapai,Mulheres,17 a 21,2574.0
2025,Novembro,Gaza,Mapai,Homens,22 a 60,9791.0
2025,Novembro,Gaza,Mapai,Mulheres,22 a 60,9292.0
2025,Novembro,Gaza,Mapai,Homens,Mais de 60,639.0
2025,Novembro,Gaza,Mapai,Mulheres,Mais de 60,754.0
2025,Novembro,Gaza,Mapai,Outros,N/A,1.0
2025,Dezembro,Gaza,Mapai,Homens,0 a 16,25.0
2025,Dezembro,Gaza,Mapai,Mulheres,0 a 16,50.0
2025,Dezembro,Gaza,Mapai,Homens,17 a 21,2241.0
2025,Dezembro,Gaza,Mapai,Mulheres,17 a 21,2661.0
2025,Dezembro,Gaza,Mapai,Homens,22 a 60,10282.0
2025,Dezembro,Gaza,Mapai,Mulheres,22 a 60,9776.0
2025,Dezembro,Gaza,Mapai,Homens,Mais de 60,644.0
2025,Dezembro,Gaza,Mapai,Mulheres,Mais de 60,772.0
2025,Dezembro,Gaza,Mapai,Outros,N/A,0.0
2025,Janeiro,Gaza,Limpopo,Homens,0 a 16,195.0
2025,Janeiro,Gaza,Limpopo,Mulheres,0 a 16,200.0
2025,Janeiro,Gaza,Limpopo,Homens,17 a 21,6913.0
2025,Janeiro,Gaza,Limpopo,Mulheres,17 a 21,7325.0
2025,Janeiro,Gaza,Limpopo,Homens,22 a 60,32138.0
2025,Janeiro,Gaza,Limpopo,Mulheres,22 a 60,39420.0
2025,Janeiro,Gaza,Limpopo,Homens,Mais de 60,2551.0
2025,Janeiro,Gaza,Limpopo,Mulheres,Mais de 60,3393.0
2025,Janeiro,Gaza,Limpopo,Outros,N/A,17.0
2025,Fevereiro,Gaza,Limpopo,Homens,0 a 16,227.0
2025,Fevereiro,Gaza,Limpopo,Mulheres,0 a 16,215.0
2025,Fevereiro,Gaza,Limpopo,Homens,17 a 21,6981.0
2025,Fevereiro,Gaza,Limpopo,Mulheres,17 a 21,7344.0
2025,Fevereiro,Gaza,Limpopo,Homens,22 a 60,31236.0
2025,Fevereiro,Gaza,Limpopo,Mulheres,22 a 60,39070.0
2025,Fevereiro,Gaza,Limpopo,Homens,Mais de 60,2532.0
2025,Fevereiro,Gaza,Limpopo,Mulheres,Mais de 60,3409.0
2025,Fevereiro,Gaza,Limpopo,Outros,N/A,12.0
2025,Março,Gaza,Limpopo,Homens,0 a 16,245.0
2025,Março,Gaza,Limpopo,Mulheres,0 a 16,206.0
2025,Março,Gaza,Limpopo,Homens,17 a 21,7151.0
2025,Março,Gaza,Limpopo,Mulheres,17 a 21,7643.0
2025,Março,Gaza,Limpopo,Homens,22 a 60,32468.0
2025,Março,Gaza,Limpopo,Mulheres,22 a 60,40624.0
2025,Março,Gaza,Limpopo,Homens,Mais de 60,2651.0
2025,Março,Gaza,Limpopo,Mulheres,Mais de 60,3536.0
2025,Março,Gaza,Limpopo,Outros,N/A,17.0
2025,Abril,Gaza,Limpopo,Homens,0 a 16,241.0
2025,Abril,Gaza,Limpopo,Mulheres,0 a 16,218.0
2025,Abril,Gaza,Limpopo,Homens,17 a 21,7573.0
2025,Abril,Gaza,Limpopo,Mulheres,17 a 21,7933.0
2025,Abril,Gaza,Limpopo,Homens,22 a 60,33147.0
2025,Abril,Gaza,Limpopo,Mulheres,22 a 60,41663.0
2025,Abril,Gaza,Limpopo,Homens,Mais de 60,2690.0
2025,Abril,Gaza,Limpopo,Mulheres,Mais de 60,3591.0
2025,Abril,Gaza,Limpopo,Outros,N/A,17.0
2025,Maio,Gaza,Limpopo,Homens,0 a 16,239.0
2025,Maio,Gaza,Limpopo,Mulheres,0 a 16,253.0
2025,Maio,Gaza,Limpopo,Homens,17 a 21,7376.0
2025,Maio,Gaza,Limpopo,Mulheres,17 a 21,7910.0
2025,Maio,Gaza,Limpopo,Homens,22 a 60,32358.0
2025,Maio,Gaza,Limpopo,Mulheres,22 a 60,40510.0
2025,Maio,Gaza,Limpopo,Homens,Mais de 60,2648.0
2025,Maio,Gaza,Limpopo,Mulheres,Mais de 60,3619.0
2025,Maio,Gaza,Limpopo,Outros,N/A,15.0
2025,Junho,Gaza,Limpopo,Homens,0 a 16,251.0
2025,Junho,Gaza,Limpopo,Mulheres,0 a 16,245.0
2025,Junho,Gaza,Limpopo,Homens,17 a 21,7016.0
2025,Junho,Gaza,Limpopo,Mulheres,17 a 21,7592.0
2025,Junho,Gaza,Limpopo,Homens,22 a 60,31029.0
2025,Junho,Gaza,Limpopo,Mulheres,22 a 60,38412.0
2025,Junho,Gaza,Limpopo,Homens,Mais de 60,2465.0
2025,Junho,Gaza,Limpopo,Mulheres,Mais de 60,3438.0
2025,Junho,Gaza,Limpopo,Outros,N/A,14.0
2025,Julho,Gaza,Limpopo,Homens,0 a 16,286.0
2025,Julho,Gaza,Limpopo,Mulheres,0 a 16,270.0
2025,Julho,Gaza,Limpopo,Homens,17 a 21,7063.0
2025,Julho,Gaza,Limpopo,Mulheres,17 a 21,7675.0
2025,Julho,Gaza,Limpopo,Homens,22 a 60,30636.0
2025,Julho,Gaza,Limpopo,Mulheres,22 a 60,37948.0
2025,Julho,Gaza,Limpopo,Homens,Mais de 60,2440.0
2025,Julho,Gaza,Limpopo,Mulheres,Mais de 60,3463.0
2025,Julho,Gaza,Limpopo,Outros,N/A,18.0
2025,Agosto,Gaza,Limpopo,Homens,0 a 16,276.0
2025,Agosto,Gaza,Limpopo,Mulheres,0 a 16,297.0
2025,Agosto,Gaza,Limpopo,Homens,17 a 21,7213.0
2025,Agosto,Gaza,Limpopo,Mulheres,17 a 21,7765.0
2025,Agosto,Gaza,Limpopo,Homens,22 a 60,31203.0
2025,Agosto,Gaza,Limpopo,Mulheres,22 a 60,38519.0
2025,Agosto,Gaza,Limpopo,Homens,Mais de 60,2480.0
2025,Agosto,Gaza,Limpopo,Mulheres,Mais de 60,3538.0
2025,Agosto,Gaza,Limpopo,Outros,N/A,17.0
2025,Setembro,Gaza,Limpopo,Homens,0 a 16,233.0
2025,Setembro,Gaza,Limpopo,Mulheres,0 a 16,275.0
2025,Setembro,Gaza,Limpopo,Homens,17 a 21,7244.0
2025,Setembro,Gaza,Limpopo,Mulheres,17 a 21,7932.0
2025,Setembro,Gaza,Limpopo,Homens,22 a 60,31676.0
2025,Setembro,Gaza,Limpopo,Mulheres,22 a 60,39274.0
2025,Setembro,Gaza,Limpopo,Homens,Mais de 60,2508.0
2025,Setembro,Gaza,Limpopo,Mulheres,Mais de 60,3624.0
2025,Setembro,Gaza,Limpopo,Outros,N/A,16.0
2025,Outubro,Gaza,Limpopo,Homens,0 a 16,251.0
2025,Outubro,Gaza,Limpopo,Mulheres,0 a 16,265.0
2025,Outubro,Gaza,Limpopo,Homens,17 a 21,7737.0
2025,Outubro,Gaza,Limpopo,Mulheres,17 a 21,8292.0
2025,Outubro,Gaza,Limpopo,Homens,22 a 60,33143.0
2025,Outubro,Gaza,Limpopo,Mulheres,22 a 60,41328.0
2025,Outubro,Gaza,Limpopo,Homens,Mais de 60,2677.0
2025,Outubro,Gaza,Limpopo,Mulheres,Mais de 60,3823.0
2025,Outubro,Gaza,Limpopo,Outros,N/A,20.0
2025,Novembro,Gaza,Limpopo,Homens,0 a 16,282.0
2025,Novembro,Gaza,Limpopo,Mulheres,0 a 16,278.0
2025,Novembro,Gaza,Limpopo,Homens,17 a 21,7922.0
2025,Novembro,Gaza,Limpopo,Mulheres,17 a 21,8575.0
2025,Novembro,Gaza,Limpopo,Homens,22 a 60,32551.0
2025,Novembro,Gaza,Limpopo,Mulheres,22 a 60,42603.0
2025,Novembro,Gaza,Limpopo,Homens,Mais de 60,2623.0
2025,Novembro,Gaza,Limpopo,Mulheres,Mais de 60,3931.0
2025,Novembro,Gaza,Limpopo,Outros,N/A,7.0
2025,Dezembro,Gaza,Limpopo,Homens,0 a 16,306.0
2025,Dezembro,Gaza,Limpopo,Mulheres,0 a 16,304.0
2025,Dezembro,Gaza,Limpopo,Homens,17 a 21,8969.0
2025,Dezembro,Gaza,Limpopo,Mulheres,17 a 21,9569.0
2025,Dezembro,Gaza,Limpopo,Homens,22 a 60,39337.0
2025,Dezembro,Gaza,Limpopo,Mulheres,22 a 60,48133.0
2025,Dezembro,Gaza,Limpopo,Homens,Mais de 60,3073.0
2025,Dezembro,Gaza,Limpopo,Mulheres,Mais de 60,4298.0
2025,Dezembro,Gaza,Limpopo,Outros,N/A,10.0
2025,Janeiro,Inhambane,Cidade de Inhambane,Homens,0 a 16,221.0
2025,Janeiro,Inhambane,Cidade de Inhambane,Mulheres,0 a 16,212.0
2025,Janeiro,Inhambane,Cidade de Inhambane,Homens,17 a 21,8949.0
2025,Janeiro,Inhambane,Cidade de Inhambane,Mulheres,17 a 21,9271.0
2025,Janeiro,Inhambane,Cidade de Inhambane,Homens,22 a 60,46927.0
2025,Janeiro,Inhambane,Cidade de Inhambane,Mulheres,22 a 60,45172.0
2025,Janeiro,Inhambane,Cidade de Inhambane,Homens,Mais de 60,3631.0
2025,Janeiro,Inhambane,Cidade de Inhambane,Mulheres,Mais de 60,3230.0
2025,Janeiro,Inhambane,Cidade de Inhambane,Outros,N/A,108.0
2025,Fevereiro,Inhambane,Cidade de Inhambane,Homens,0 a 16,261.0
2025,Fevereiro,Inhambane,Cidade de Inhambane,Mulheres,0 a 16,290.0
2025,Fevereiro,Inhambane,Cidade de Inhambane,Homens,17 a 21,9212.0
2025,Fevereiro,Inhambane,Cidade de Inhambane,Mulheres,17 a 21,9458.0
2025,Fevereiro,Inhambane,Cidade de Inhambane,Homens,22 a 60,46184.0
2025,Fevereiro,Inhambane,Cidade de Inhambane,Mulheres,22 a 60,45285.0
2025,Fevereiro,Inhambane,Cidade de Inhambane,Homens,Mais de 60,3590.0
2025,Fevereiro,Inhambane,Cidade de Inhambane,Mulheres,Mais de 60,3283.0
2025,Fevereiro,Inhambane,Cidade de Inhambane,Outros,N/A,97.0
2025,Março,Inhambane,Cidade de Inhambane,Homens,0 a 16,291.0
2025,Março,Inhambane,Cidade de Inhambane,Mulheres,0 a 16,308.0
2025,Março,Inhambane,Cidade de Inhambane,Homens,17 a 21,9368.0
2025,Março,Inhambane,Cidade de Inhambane,Mulheres,17 a 21,9586.0
2025,Março,Inhambane,Cidade de Inhambane,Homens,22 a 60,46074.0
2025,Março,Inhambane,Cidade de Inhambane,Mulheres,22 a 60,45213.0
2025,Março,Inhambane,Cidade de Inhambane,Homens,Mais de 60,3656.0
2025,Março,Inhambane,Cidade de Inhambane,Mulheres,Mais de 60,3342.0
2025,Março,Inhambane,Cidade de Inhambane,Outros,N/A,106.0
2025,Abril,Inhambane,Cidade de Inhambane,Homens,0 a 16,268.0
2025,Abril,Inhambane,Cidade de Inhambane,Mulheres,0 a 16,296.0
2025,Abril,Inhambane,Cidade de Inhambane,Homens,17 a 21,9303.0
2025,Abril,Inhambane,Cidade de Inhambane,Mulheres,17 a 21,9658.0
2025,Abril,Inhambane,Cidade de Inhambane,Homens,22 a 60,46267.0
2025,Abril,Inhambane,Cidade de Inhambane,Mulheres,22 a 60,45437.0
2025,Abril,Inhambane,Cidade de Inhambane,Homens,Mais de 60,3711.0
2025,Abril,Inhambane,Cidade de Inhambane,Mulheres,Mais de 60,3439.0
2025,Abril,Inhambane,Cidade de Inhambane,Outros,N/A,103.0
2025,Maio,Inhambane,Cidade de Inhambane,Homens,0 a 16,317.0
2025,Maio,Inhambane,Cidade de Inhambane,Mulheres,0 a 16,319.0
2025,Maio,Inhambane,Cidade de Inhambane,Homens,17 a 21,9927.0
2025,Maio,Inhambane,Cidade de Inhambane,Mulheres,17 a 21,10365.0
2025,Maio,Inhambane,Cidade de Inhambane,Homens,22 a 60,48621.0
2025,Maio,Inhambane,Cidade de Inhambane,Mulheres,22 a 60,48423.0
2025,Maio,Inhambane,Cidade de Inhambane,Homens,Mais de 60,3830.0
2025,Maio,Inhambane,Cidade de Inhambane,Mulheres,Mais de 60,3674.0
2025,Maio,Inhambane,Cidade de Inhambane,Outros,N/A,118.0
2025,Junho,Inhambane,Cidade de Inhambane,Homens,0 a 16,408.0
2025,Junho,Inhambane,Cidade de Inhambane,Mulheres,0 a 16,398.0
2025,Junho,Inhambane,Cidade de Inhambane,Homens,17 a 21,11051.0
2025,Junho,Inhambane,Cidade de Inhambane,Mulheres,17 a 21,11569.0
2025,Junho,Inhambane,Cidade de Inhambane,Homens,22 a 60,55394.0
2025,Junho,Inhambane,Cidade de Inhambane,Mulheres,22 a 60,55051.0
2025,Junho,Inhambane,Cidade de Inhambane,Homens,Mais de 60,4365.0
2025,Junho,Inhambane,Cidade de Inhambane,Mulheres,Mais de 60,4146.0
2025,Junho,Inhambane,Cidade de Inhambane,Outros,N/A,117.0
2025,Julho,Inhambane,Cidade de Inhambane,Homens,0 a 16,377.0
2025,Julho,Inhambane,Cidade de Inhambane,Mulheres,0 a 16,379.0
2025,Julho,Inhambane,Cidade de Inhambane,Homens,17 a 21,10987.0
2025,Julho,Inhambane,Cidade de Inhambane,Mulheres,17 a 21,11521.0
2025,Julho,Inhambane,Cidade de Inhambane,Homens,22 a 60,54602.0
2025,Julho,Inhambane,Cidade de Inhambane,Mulheres,22 a 60,53966.0
2025,Julho,Inhambane,Cidade de Inhambane,Homens,Mais de 60,4339.0
2025,Julho,Inhambane,Cidade de Inhambane,Mulheres,Mais de 60,4050.0
2025,Julho,Inhambane,Cidade de Inhambane,Outros,N/A,137.0
2025,Agosto,Inhambane,Cidade de Inhambane,Homens,0 a 16,348.0
2025,Agosto,Inhambane,Cidade de Inhambane,Mulheres,0 a 16,342.0
2025,Agosto,Inhambane,Cidade de Inhambane,Homens,17 a 21,11225.0
2025,Agosto,Inhambane,Cidade de Inhambane,Mulheres,17 a 21,11678.0
2025,Agosto,Inhambane,Cidade de Inhambane,Homens,22 a 60,55518.0
2025,Agosto,Inhambane,Cidade de Inhambane,Mulheres,22 a 60,54882.0
2025,Agosto,Inhambane,Cidade de Inhambane,Homens,Mais de 60,4485.0
2025,Agosto,Inhambane,Cidade de Inhambane,Mulheres,Mais de 60,4167.0
2025,Agosto,Inhambane,Cidade de Inhambane,Outros,N/A,114.0
2025,Setembro,Inhambane,Cidade de Inhambane,Homens,0 a 16,299.0
2025,Setembro,Inhambane,Cidade de Inhambane,Mulheres,0 a 16,300.0
2025,Setembro,Inhambane,Cidade de Inhambane,Homens,17 a 21,11027.0
2025,Setembro,Inhambane,Cidade de Inhambane,Mulheres,17 a 21,11623.0
2025,Setembro,Inhambane,Cidade de Inhambane,Homens,22 a 60,55324.0
2025,Setembro,Inhambane,Cidade de Inhambane,Mulheres,22 a 60,54500.0
2025,Setembro,Inhambane,Cidade de Inhambane,Homens,Mais de 60,4441.0
2025,Setembro,Inhambane,Cidade de Inhambane,Mulheres,Mais de 60,4130.0
2025,Setembro,Inhambane,Cidade de Inhambane,Outros,N/A,124.0
2025,Outubro,Inhambane,Cidade de Inhambane,Homens,0 a 16,268.0
2025,Outubro,Inhambane,Cidade de Inhambane,Mulheres,0 a 16,259.0
2025,Outubro,Inhambane,Cidade de Inhambane,Homens,17 a 21,10258.0
2025,Outubro,Inhambane,Cidade de Inhambane,Mulheres,17 a 21,10909.0
2025,Outubro,Inhambane,Cidade de Inhambane,Homens,22 a 60,50839.0
2025,Outubro,Inhambane,Cidade de Inhambane,Mulheres,22 a 60,49990.0
2025,Outubro,Inhambane,Cidade de Inhambane,Homens,Mais de 60,4019.0
2025,Outubro,Inhambane,Cidade de Inhambane,Mulheres,Mais de 60,3733.0
2025,Outubro,Inhambane,Cidade de Inhambane,Outros,N/A,103.0
2025,Novembro,Inhambane,Cidade de Inhambane,Homens,0 a 16,238.0
2025,Novembro,Inhambane,Cidade de Inhambane,Mulheres,0 a 16,253.0
2025,Novembro,Inhambane,Cidade de Inhambane,Homens,17 a 21,10208.0
2025,Novembro,Inhambane,Cidade de Inhambane,Mulheres,17 a 21,10847.0
2025,Novembro,Inhambane,Cidade de Inhambane,Homens,22 a 60,50267.0
2025,Novembro,Inhambane,Cidade de Inhambane,Mulheres,22 a 60,53449.0
2025,Novembro,Inhambane,Cidade de Inhambane,Homens,Mais de 60,4076.0
2025,Novembro,Inhambane,Cidade de Inhambane,Mulheres,Mais de 60,4096.0
2025,Novembro,Inhambane,Cidade de Inhambane,Outros,N/A,35.0
2025,Dezembro,Inhambane,Cidade de Inhambane,Homens,0 a 16,196.0
2025,Dezembro,Inhambane,Cidade de Inhambane,Mulheres,0 a 16,183.0
2025,Dezembro,Inhambane,Cidade de Inhambane,Homens,17 a 21,9881.0
2025,Dezembro,Inhambane,Cidade de Inhambane,Mulheres,17 a 21,10409.0
2025,Dezembro,Inhambane,Cidade de Inhambane,Homens,22 a 60,50204.0
2025,Dezembro,Inhambane,Cidade de Inhambane,Mulheres,22 a 60,48919.0
2025,Dezembro,Inhambane,Cidade de Inhambane,Homens,Mais de 60,4016.0
2025,Dezembro,Inhambane,Cidade de Inhambane,Mulheres,Mais de 60,3734.0
2025,Dezembro,Inhambane,Cidade de Inhambane,Outros,N/A,33.0
2025,Janeiro,Inhambane,Cidade de Maxixe,Homens,0 a 16,231.0
2025,Janeiro,Inhambane,Cidade de Maxixe,Mulheres,0 a 16,247.0
2025,Janeiro,Inhambane,Cidade de Maxixe,Homens,17 a 21,12069.0
2025,Janeiro,Inhambane,Cidade de Maxixe,Mulheres,17 a 21,12159.0
2025,Janeiro,Inhambane,Cidade de Maxixe,Homens,22 a 60,59193.0
2025,Janeiro,Inhambane,Cidade de Maxixe,Mulheres,22 a 60,60355.0
2025,Janeiro,Inhambane,Cidade de Maxixe,Homens,Mais de 60,4410.0
2025,Janeiro,Inhambane,Cidade de Maxixe,Mulheres,Mais de 60,4292.0
2025,Janeiro,Inhambane,Cidade de Maxixe,Outros,N/A,61.0
2025,Fevereiro,Inhambane,Cidade de Maxixe,Homens,0 a 16,250.0
2025,Fevereiro,Inhambane,Cidade de Maxixe,Mulheres,0 a 16,267.0
2025,Fevereiro,Inhambane,Cidade de Maxixe,Homens,17 a 21,12231.0
2025,Fevereiro,Inhambane,Cidade de Maxixe,Mulheres,17 a 21,12354.0
2025,Fevereiro,Inhambane,Cidade de Maxixe,Homens,22 a 60,58465.0
2025,Fevereiro,Inhambane,Cidade de Maxixe,Mulheres,22 a 60,60292.0
2025,Fevereiro,Inhambane,Cidade de Maxixe,Homens,Mais de 60,4360.0
2025,Fevereiro,Inhambane,Cidade de Maxixe,Mulheres,Mais de 60,4398.0
2025,Fevereiro,Inhambane,Cidade de Maxixe,Outros,N/A,50.0
2025,Março,Inhambane,Cidade de Maxixe,Homens,0 a 16,246.0
2025,Março,Inhambane,Cidade de Maxixe,Mulheres,0 a 16,297.0
2025,Março,Inhambane,Cidade de Maxixe,Homens,17 a 21,12501.0
2025,Março,Inhambane,Cidade de Maxixe,Mulheres,17 a 21,12725.0
2025,Março,Inhambane,Cidade de Maxixe,Homens,22 a 60,59945.0
2025,Março,Inhambane,Cidade de Maxixe,Mulheres,22 a 60,61550.0
2025,Março,Inhambane,Cidade de Maxixe,Homens,Mais de 60,4565.0
2025,Março,Inhambane,Cidade de Maxixe,Mulheres,Mais de 60,4521.0
2025,Março,Inhambane,Cidade de Maxixe,Outros,N/A,46.0
2025,Abril,Inhambane,Cidade de Maxixe,Homens,0 a 16,241.0
2025,Abril,Inhambane,Cidade de Maxixe,Mulheres,0 a 16,297.0
2025,Abril,Inhambane,Cidade de Maxixe,Homens,17 a 21,12324.0
2025,Abril,Inhambane,Cidade de Maxixe,Mulheres,17 a 21,12539.0
2025,Abril,Inhambane,Cidade de Maxixe,Homens,22 a 60,59971.0
2025,Abril,Inhambane,Cidade de Maxixe,Mulheres,22 a 60,61511.0
2025,Abril,Inhambane,Cidade de Maxixe,Homens,Mais de 60,4597.0
2025,Abril,Inhambane,Cidade de Maxixe,Mulheres,Mais de 60,4565.0
2025,Abril,Inhambane,Cidade de Maxixe,Outros,N/A,54.0
2025,Maio,Inhambane,Cidade de Maxixe,Homens,0 a 16,248.0
2025,Maio,Inhambane,Cidade de Maxixe,Mulheres,0 a 16,317.0
2025,Maio,Inhambane,Cidade de Maxixe,Homens,17 a 21,12477.0
2025,Maio,Inhambane,Cidade de Maxixe,Mulheres,17 a 21,13013.0
2025,Maio,Inhambane,Cidade de Maxixe,Homens,22 a 60,60618.0
2025,Maio,Inhambane,Cidade de Maxixe,Mulheres,22 a 60,62739.0
2025,Maio,Inhambane,Cidade de Maxixe,Homens,Mais de 60,4519.0
2025,Maio,Inhambane,Cidade de Maxixe,Mulheres,Mais de 60,4676.0
2025,Maio,Inhambane,Cidade de Maxixe,Outros,N/A,54.0
2025,Junho,Inhambane,Cidade de Maxixe,Homens,0 a 16,282.0
2025,Junho,Inhambane,Cidade de Maxixe,Mulheres,0 a 16,364.0
2025,Junho,Inhambane,Cidade de Maxixe,Homens,17 a 21,12917.0
2025,Junho,Inhambane,Cidade de Maxixe,Mulheres,17 a 21,13688.0
2025,Junho,Inhambane,Cidade de Maxixe,Homens,22 a 60,63113.0
2025,Junho,Inhambane,Cidade de Maxixe,Mulheres,22 a 60,65730.0
2025,Junho,Inhambane,Cidade de Maxixe,Homens,Mais de 60,4769.0
2025,Junho,Inhambane,Cidade de Maxixe,Mulheres,Mais de 60,4827.0
2025,Junho,Inhambane,Cidade de Maxixe,Outros,N/A,71.0
2025,Julho,Inhambane,Cidade de Maxixe,Homens,0 a 16,286.0
2025,Julho,Inhambane,Cidade de Maxixe,Mulheres,0 a 16,332.0
2025,Julho,Inhambane,Cidade de Maxixe,Homens,17 a 21,13080.0
2025,Julho,Inhambane,Cidade de Maxixe,Mulheres,17 a 21,13868.0
2025,Julho,Inhambane,Cidade de Maxixe,Homens,22 a 60,63683.0
2025,Julho,Inhambane,Cidade de Maxixe,Mulheres,22 a 60,65929.0
2025,Julho,Inhambane,Cidade de Maxixe,Homens,Mais de 60,4848.0
2025,Julho,Inhambane,Cidade de Maxixe,Mulheres,Mais de 60,4907.0
2025,Julho,Inhambane,Cidade de Maxixe,Outros,N/A,56.0
2025,Agosto,Inhambane,Cidade de Maxixe,Homens,0 a 16,258.0
2025,Agosto,Inhambane,Cidade de Maxixe,Mulheres,0 a 16,331.0
2025,Agosto,Inhambane,Cidade de Maxixe,Homens,17 a 21,13259.0
2025,Agosto,Inhambane,Cidade de Maxixe,Mulheres,17 a 21,14024.0
2025,Agosto,Inhambane,Cidade de Maxixe,Homens,22 a 60,65230.0
2025,Agosto,Inhambane,Cidade de Maxixe,Mulheres,22 a 60,66803.0
2025,Agosto,Inhambane,Cidade de Maxixe,Homens,Mais de 60,4932.0
2025,Agosto,Inhambane,Cidade de Maxixe,Mulheres,Mais de 60,4977.0
2025,Agosto,Inhambane,Cidade de Maxixe,Outros,N/A,57.0
2025,Setembro,Inhambane,Cidade de Maxixe,Homens,0 a 16,232.0
2025,Setembro,Inhambane,Cidade de Maxixe,Mulheres,0 a 16,309.0
2025,Setembro,Inhambane,Cidade de Maxixe,Homens,17 a 21,13338.0
2025,Setembro,Inhambane,Cidade de Maxixe,Mulheres,17 a 21,14197.0
2025,Setembro,Inhambane,Cidade de Maxixe,Homens,22 a 60,65613.0
2025,Setembro,Inhambane,Cidade de Maxixe,Mulheres,22 a 60,67271.0
2025,Setembro,Inhambane,Cidade de Maxixe,Homens,Mais de 60,5042.0
2025,Setembro,Inhambane,Cidade de Maxixe,Mulheres,Mais de 60,5010.0
2025,Setembro,Inhambane,Cidade de Maxixe,Outros,N/A,68.0
2025,Outubro,Inhambane,Cidade de Maxixe,Homens,0 a 16,196.0
2025,Outubro,Inhambane,Cidade de Maxixe,Mulheres,0 a 16,261.0
2025,Outubro,Inhambane,Cidade de Maxixe,Homens,17 a 21,12740.0
2025,Outubro,Inhambane,Cidade de Maxixe,Mulheres,17 a 21,13510.0
2025,Outubro,Inhambane,Cidade de Maxixe,Homens,22 a 60,62259.0
2025,Outubro,Inhambane,Cidade de Maxixe,Mulheres,22 a 60,64018.0
2025,Outubro,Inhambane,Cidade de Maxixe,Homens,Mais de 60,4806.0
2025,Outubro,Inhambane,Cidade de Maxixe,Mulheres,Mais de 60,4868.0
2025,Outubro,Inhambane,Cidade de Maxixe,Outros,N/A,63.0
2025,Novembro,Inhambane,Cidade de Maxixe,Homens,0 a 16,179.0
2025,Novembro,Inhambane,Cidade de Maxixe,Mulheres,0 a 16,218.0
2025,Novembro,Inhambane,Cidade de Maxixe,Homens,17 a 21,12544.0
2025,Novembro,Inhambane,Cidade de Maxixe,Mulheres,17 a 21,13497.0
2025,Novembro,Inhambane,Cidade de Maxixe,Homens,22 a 60,60050.0
2025,Novembro,Inhambane,Cidade de Maxixe,Mulheres,22 a 60,65677.0
2025,Novembro,Inhambane,Cidade de Maxixe,Homens,Mais de 60,4605.0
2025,Novembro,Inhambane,Cidade de Maxixe,Mulheres,Mais de 60,5087.0
2025,Novembro,Inhambane,Cidade de Maxixe,Outros,N/A,16.0
2025,Dezembro,Inhambane,Cidade de Maxixe,Homens,0 a 16,156.0
2025,Dezembro,Inhambane,Cidade de Maxixe,Mulheres,0 a 16,180.0
2025,Dezembro,Inhambane,Cidade de Maxixe,Homens,17 a 21,12452.0
2025,Dezembro,Inhambane,Cidade de Maxixe,Mulheres,17 a 21,13063.0
2025,Dezembro,Inhambane,Cidade de Maxixe,Homens,22 a 60,61593.0
2025,Dezembro,Inhambane,Cidade de Maxixe,Mulheres,22 a 60,62812.0
2025,Dezembro,Inhambane,Cidade de Maxixe,Homens,Mais de 60,4694.0
2025,Dezembro,Inhambane,Cidade de Maxixe,Mulheres,Mais de 60,4758.0
2025,Dezembro,Inhambane,Cidade de Maxixe,Outros,N/A,21.0
2025,Janeiro,Inhambane,Funhaloro,Homens,0 a 16,10.0
2025,Janeiro,Inhambane,Funhaloro,Mulheres,0 a 16,13.0
2025,Janeiro,Inhambane,Funhaloro,Homens,17 a 21,1484.0
2025,Janeiro,Inhambane,Funhaloro,Mulheres,17 a 21,1440.0
2025,Janeiro,Inhambane,Funhaloro,Homens,22 a 60,8355.0
2025,Janeiro,Inhambane,Funhaloro,Mulheres,22 a 60,7018.0
2025,Janeiro,Inhambane,Funhaloro,Homens,Mais de 60,516.0
2025,Janeiro,Inhambane,Funhaloro,Mulheres,Mais de 60,408.0
2025,Janeiro,Inhambane,Funhaloro,Outros,N/A,4.0
2025,Fevereiro,Inhambane,Funhaloro,Homens,0 a 16,8.0
2025,Fevereiro,Inhambane,Funhaloro,Mulheres,0 a 16,11.0
2025,Fevereiro,Inhambane,Funhaloro,Homens,17 a 21,1397.0
2025,Fevereiro,Inhambane,Funhaloro,Mulheres,17 a 21,1416.0
2025,Fevereiro,Inhambane,Funhaloro,Homens,22 a 60,8209.0
2025,Fevereiro,Inhambane,Funhaloro,Mulheres,22 a 60,6917.0
2025,Fevereiro,Inhambane,Funhaloro,Homens,Mais de 60,511.0
2025,Fevereiro,Inhambane,Funhaloro,Mulheres,Mais de 60,402.0
2025,Fevereiro,Inhambane,Funhaloro,Outros,N/A,3.0
2025,Março,Inhambane,Funhaloro,Homens,0 a 16,8.0
2025,Março,Inhambane,Funhaloro,Mulheres,0 a 16,9.0
2025,Março,Inhambane,Funhaloro,Homens,17 a 21,1427.0
2025,Março,Inhambane,Funhaloro,Mulheres,17 a 21,1414.0
2025,Março,Inhambane,Funhaloro,Homens,22 a 60,8279.0
2025,Março,Inhambane,Funhaloro,Mulheres,22 a 60,7096.0
2025,Março,Inhambane,Funhaloro,Homens,Mais de 60,549.0
2025,Março,Inhambane,Funhaloro,Mulheres,Mais de 60,427.0
2025,Março,Inhambane,Funhaloro,Outros,N/A,4.0
2025,Abril,Inhambane,Funhaloro,Homens,0 a 16,13.0
2025,Abril,Inhambane,Funhaloro,Mulheres,0 a 16,13.0
2025,Abril,Inhambane,Funhaloro,Homens,17 a 21,1426.0
2025,Abril,Inhambane,Funhaloro,Mulheres,17 a 21,1411.0
2025,Abril,Inhambane,Funhaloro,Homens,22 a 60,8340.0
2025,Abril,Inhambane,Funhaloro,Mulheres,22 a 60,7127.0
2025,Abril,Inhambane,Funhaloro,Homens,Mais de 60,529.0
2025,Abril,Inhambane,Funhaloro,Mulheres,Mais de 60,447.0
2025,Abril,Inhambane,Funhaloro,Outros,N/A,3.0
2025,Maio,Inhambane,Funhaloro,Homens,0 a 16,9.0
2025,Maio,Inhambane,Funhaloro,Mulheres,0 a 16,14.0
2025,Maio,Inhambane,Funhaloro,Homens,17 a 21,1425.0
2025,Maio,Inhambane,Funhaloro,Mulheres,17 a 21,1478.0
2025,Maio,Inhambane,Funhaloro,Homens,22 a 60,8587.0
2025,Maio,Inhambane,Funhaloro,Mulheres,22 a 60,7415.0
2025,Maio,Inhambane,Funhaloro,Homens,Mais de 60,649.0
2025,Maio,Inhambane,Funhaloro,Mulheres,Mais de 60,686.0
2025,Maio,Inhambane,Funhaloro,Outros,N/A,3.0
2025,Junho,Inhambane,Funhaloro,Homens,0 a 16,12.0
2025,Junho,Inhambane,Funhaloro,Mulheres,0 a 16,14.0
2025,Junho,Inhambane,Funhaloro,Homens,17 a 21,1446.0
2025,Junho,Inhambane,Funhaloro,Mulheres,17 a 21,1471.0
2025,Junho,Inhambane,Funhaloro,Homens,22 a 60,8772.0
2025,Junho,Inhambane,Funhaloro,Mulheres,22 a 60,7593.0
2025,Junho,Inhambane,Funhaloro,Homens,Mais de 60,648.0
2025,Junho,Inhambane,Funhaloro,Mulheres,Mais de 60,695.0
2025,Junho,Inhambane,Funhaloro,Outros,N/A,2.0
2025,Julho,Inhambane,Funhaloro,Homens,0 a 16,9.0
2025,Julho,Inhambane,Funhaloro,Mulheres,0 a 16,17.0
2025,Julho,Inhambane,Funhaloro,Homens,17 a 21,1475.0
2025,Julho,Inhambane,Funhaloro,Mulheres,17 a 21,1537.0
2025,Julho,Inhambane,Funhaloro,Homens,22 a 60,8959.0
2025,Julho,Inhambane,Funhaloro,Mulheres,22 a 60,7753.0
2025,Julho,Inhambane,Funhaloro,Homens,Mais de 60,653.0
2025,Julho,Inhambane,Funhaloro,Mulheres,Mais de 60,712.0
2025,Julho,Inhambane,Funhaloro,Outros,N/A,4.0
2025,Agosto,Inhambane,Funhaloro,Homens,0 a 16,13.0
2025,Agosto,Inhambane,Funhaloro,Mulheres,0 a 16,14.0
2025,Agosto,Inhambane,Funhaloro,Homens,17 a 21,1536.0
2025,Agosto,Inhambane,Funhaloro,Mulheres,17 a 21,1566.0
2025,Agosto,Inhambane,Funhaloro,Homens,22 a 60,9166.0
2025,Agosto,Inhambane,Funhaloro,Mulheres,22 a 60,7930.0
2025,Agosto,Inhambane,Funhaloro,Homens,Mais de 60,675.0
2025,Agosto,Inhambane,Funhaloro,Mulheres,Mais de 60,725.0
2025,Agosto,Inhambane,Funhaloro,Outros,N/A,4.0
2025,Setembro,Inhambane,Funhaloro,Homens,0 a 16,17.0
2025,Setembro,Inhambane,Funhaloro,Mulheres,0 a 16,18.0
2025,Setembro,Inhambane,Funhaloro,Homens,17 a 21,1518.0
2025,Setembro,Inhambane,Funhaloro,Mulheres,17 a 21,1617.0
2025,Setembro,Inhambane,Funhaloro,Homens,22 a 60,9351.0
2025,Setembro,Inhambane,Funhaloro,Mulheres,22 a 60,8110.0
2025,Setembro,Inhambane,Funhaloro,Homens,Mais de 60,684.0
2025,Setembro,Inhambane,Funhaloro,Mulheres,Mais de 60,736.0
2025,Setembro,Inhambane,Funhaloro,Outros,N/A,2.0
2025,Outubro,Inhambane,Funhaloro,Homens,0 a 16,23.0
2025,Outubro,Inhambane,Funhaloro,Mulheres,0 a 16,20.0
2025,Outubro,Inhambane,Funhaloro,Homens,17 a 21,1608.0
2025,Outubro,Inhambane,Funhaloro,Mulheres,17 a 21,1698.0
2025,Outubro,Inhambane,Funhaloro,Homens,22 a 60,9716.0
2025,Outubro,Inhambane,Funhaloro,Mulheres,22 a 60,8527.0
2025,Outubro,Inhambane,Funhaloro,Homens,Mais de 60,723.0
2025,Outubro,Inhambane,Funhaloro,Mulheres,Mais de 60,771.0
2025,Outubro,Inhambane,Funhaloro,Outros,N/A,2.0
2025,Novembro,Inhambane,Funhaloro,Homens,0 a 16,26.0
2025,Novembro,Inhambane,Funhaloro,Mulheres,0 a 16,22.0
2025,Novembro,Inhambane,Funhaloro,Homens,17 a 21,1711.0
2025,Novembro,Inhambane,Funhaloro,Mulheres,17 a 21,1790.0
2025,Novembro,Inhambane,Funhaloro,Homens,22 a 60,9812.0
2025,Novembro,Inhambane,Funhaloro,Mulheres,22 a 60,9145.0
2025,Novembro,Inhambane,Funhaloro,Homens,Mais de 60,719.0
2025,Novembro,Inhambane,Funhaloro,Mulheres,Mais de 60,786.0
2025,Novembro,Inhambane,Funhaloro,Outros,N/A,0.0
2025,Dezembro,Inhambane,Funhaloro,Homens,0 a 16,23.0
2025,Dezembro,Inhambane,Funhaloro,Mulheres,0 a 16,20.0
2025,Dezembro,Inhambane,Funhaloro,Homens,17 a 21,1851.0
2025,Dezembro,Inhambane,Funhaloro,Mulheres,17 a 21,1977.0
2025,Dezembro,Inhambane,Funhaloro,Homens,22 a 60,10713.0
2025,Dezembro,Inhambane,Funhaloro,Mulheres,22 a 60,9732.0
2025,Dezembro,Inhambane,Funhaloro,Homens,Mais de 60,748.0
2025,Dezembro,Inhambane,Funhaloro,Mulheres,Mais de 60,832.0
2025,Dezembro,Inhambane,Funhaloro,Outros,N/A,0.0
2025,Janeiro,Inhambane,Govuro,Homens,0 a 16,45.0
2025,Janeiro,Inhambane,Govuro,Mulheres,0 a 16,41.0
2025,Janeiro,Inhambane,Govuro,Homens,17 a 21,2776.0
2025,Janeiro,Inhambane,Govuro,Mulheres,17 a 21,2635.0
2025,Janeiro,Inhambane,Govuro,Homens,22 a 60,13962.0
2025,Janeiro,Inhambane,Govuro,Mulheres,22 a 60,13126.0
2025,Janeiro,Inhambane,Govuro,Homens,Mais de 60,886.0
2025,Janeiro,Inhambane,Govuro,Mulheres,Mais de 60,903.0
2025,Janeiro,Inhambane,Govuro,Outros,N/A,7.0
2025,Fevereiro,Inhambane,Govuro,Homens,0 a 16,47.0
2025,Fevereiro,Inhambane,Govuro,Mulheres,0 a 16,48.0
2025,Fevereiro,Inhambane,Govuro,Homens,17 a 21,2833.0
2025,Fevereiro,Inhambane,Govuro,Mulheres,17 a 21,2621.0
2025,Fevereiro,Inhambane,Govuro,Homens,22 a 60,14108.0
2025,Fevereiro,Inhambane,Govuro,Mulheres,22 a 60,13463.0
2025,Fevereiro,Inhambane,Govuro,Homens,Mais de 60,930.0
2025,Fevereiro,Inhambane,Govuro,Mulheres,Mais de 60,983.0
2025,Fevereiro,Inhambane,Govuro,Outros,N/A,7.0
2025,Março,Inhambane,Govuro,Homens,0 a 16,43.0
2025,Março,Inhambane,Govuro,Mulheres,0 a 16,49.0
2025,Março,Inhambane,Govuro,Homens,17 a 21,2935.0
2025,Março,Inhambane,Govuro,Mulheres,17 a 21,2726.0
2025,Março,Inhambane,Govuro,Homens,22 a 60,14694.0
2025,Março,Inhambane,Govuro,Mulheres,22 a 60,13965.0
2025,Março,Inhambane,Govuro,Homens,Mais de 60,954.0
2025,Março,Inhambane,Govuro,Mulheres,Mais de 60,1032.0
2025,Março,Inhambane,Govuro,Outros,N/A,7.0
2025,Abril,Inhambane,Govuro,Homens,0 a 16,48.0
2025,Abril,Inhambane,Govuro,Mulheres,0 a 16,55.0
2025,Abril,Inhambane,Govuro,Homens,17 a 21,3035.0
2025,Abril,Inhambane,Govuro,Mulheres,17 a 21,2771.0
2025,Abril,Inhambane,Govuro,Homens,22 a 60,14907.0
2025,Abril,Inhambane,Govuro,Mulheres,22 a 60,14123.0
2025,Abril,Inhambane,Govuro,Homens,Mais de 60,968.0
2025,Abril,Inhambane,Govuro,Mulheres,Mais de 60,1043.0
2025,Abril,Inhambane,Govuro,Outros,N/A,4.0
2025,Maio,Inhambane,Govuro,Homens,0 a 16,71.0
2025,Maio,Inhambane,Govuro,Mulheres,0 a 16,58.0
2025,Maio,Inhambane,Govuro,Homens,17 a 21,3160.0
2025,Maio,Inhambane,Govuro,Mulheres,17 a 21,2914.0
2025,Maio,Inhambane,Govuro,Homens,22 a 60,15538.0
2025,Maio,Inhambane,Govuro,Mulheres,22 a 60,14909.0
2025,Maio,Inhambane,Govuro,Homens,Mais de 60,1110.0
2025,Maio,Inhambane,Govuro,Mulheres,Mais de 60,1447.0
2025,Maio,Inhambane,Govuro,Outros,N/A,6.0
2025,Junho,Inhambane,Govuro,Homens,0 a 16,97.0
2025,Junho,Inhambane,Govuro,Mulheres,0 a 16,74.0
2025,Junho,Inhambane,Govuro,Homens,17 a 21,3382.0
2025,Junho,Inhambane,Govuro,Mulheres,17 a 21,3144.0
2025,Junho,Inhambane,Govuro,Homens,22 a 60,16527.0
2025,Junho,Inhambane,Govuro,Mulheres,22 a 60,15920.0
2025,Junho,Inhambane,Govuro,Homens,Mais de 60,1204.0
2025,Junho,Inhambane,Govuro,Mulheres,Mais de 60,1573.0
2025,Junho,Inhambane,Govuro,Outros,N/A,5.0
2025,Julho,Inhambane,Govuro,Homens,0 a 16,93.0
2025,Julho,Inhambane,Govuro,Mulheres,0 a 16,68.0
2025,Julho,Inhambane,Govuro,Homens,17 a 21,3505.0
2025,Julho,Inhambane,Govuro,Mulheres,17 a 21,3299.0
2025,Julho,Inhambane,Govuro,Homens,22 a 60,16893.0
2025,Julho,Inhambane,Govuro,Mulheres,22 a 60,16510.0
2025,Julho,Inhambane,Govuro,Homens,Mais de 60,1263.0
2025,Julho,Inhambane,Govuro,Mulheres,Mais de 60,1697.0
2025,Julho,Inhambane,Govuro,Outros,N/A,9.0
2025,Agosto,Inhambane,Govuro,Homens,0 a 16,89.0
2025,Agosto,Inhambane,Govuro,Mulheres,0 a 16,68.0
2025,Agosto,Inhambane,Govuro,Homens,17 a 21,3601.0
2025,Agosto,Inhambane,Govuro,Mulheres,17 a 21,3340.0
2025,Agosto,Inhambane,Govuro,Homens,22 a 60,17462.0
2025,Agosto,Inhambane,Govuro,Mulheres,22 a 60,16863.0
2025,Agosto,Inhambane,Govuro,Homens,Mais de 60,1290.0
2025,Agosto,Inhambane,Govuro,Mulheres,Mais de 60,1735.0
2025,Agosto,Inhambane,Govuro,Outros,N/A,8.0
2025,Setembro,Inhambane,Govuro,Homens,0 a 16,104.0
2025,Setembro,Inhambane,Govuro,Mulheres,0 a 16,77.0
2025,Setembro,Inhambane,Govuro,Homens,17 a 21,3637.0
2025,Setembro,Inhambane,Govuro,Mulheres,17 a 21,3413.0
2025,Setembro,Inhambane,Govuro,Homens,22 a 60,17552.0
2025,Setembro,Inhambane,Govuro,Mulheres,22 a 60,16821.0
2025,Setembro,Inhambane,Govuro,Homens,Mais de 60,1278.0
2025,Setembro,Inhambane,Govuro,Mulheres,Mais de 60,1629.0
2025,Setembro,Inhambane,Govuro,Outros,N/A,10.0
2025,Outubro,Inhambane,Govuro,Homens,0 a 16,117.0
2025,Outubro,Inhambane,Govuro,Mulheres,0 a 16,86.0
2025,Outubro,Inhambane,Govuro,Homens,17 a 21,3741.0
2025,Outubro,Inhambane,Govuro,Mulheres,17 a 21,3447.0
2025,Outubro,Inhambane,Govuro,Homens,22 a 60,17843.0
2025,Outubro,Inhambane,Govuro,Mulheres,22 a 60,16949.0
2025,Outubro,Inhambane,Govuro,Homens,Mais de 60,1286.0
2025,Outubro,Inhambane,Govuro,Mulheres,Mais de 60,1663.0
2025,Outubro,Inhambane,Govuro,Outros,N/A,10.0
2025,Novembro,Inhambane,Govuro,Homens,0 a 16,144.0
2025,Novembro,Inhambane,Govuro,Mulheres,0 a 16,95.0
2025,Novembro,Inhambane,Govuro,Homens,17 a 21,3779.0
2025,Novembro,Inhambane,Govuro,Mulheres,17 a 21,3552.0
2025,Novembro,Inhambane,Govuro,Homens,22 a 60,17542.0
2025,Novembro,Inhambane,Govuro,Mulheres,22 a 60,17861.0
2025,Novembro,Inhambane,Govuro,Homens,Mais de 60,1226.0
2025,Novembro,Inhambane,Govuro,Mulheres,Mais de 60,1665.0
2025,Novembro,Inhambane,Govuro,Outros,N/A,7.0
2025,Dezembro,Inhambane,Govuro,Homens,0 a 16,142.0
2025,Dezembro,Inhambane,Govuro,Mulheres,0 a 16,97.0
2025,Dezembro,Inhambane,Govuro,Homens,17 a 21,3806.0
2025,Dezembro,Inhambane,Govuro,Mulheres,17 a 21,3666.0
2025,Dezembro,Inhambane,Govuro,Homens,22 a 60,18467.0
2025,Dezembro,Inhambane,Govuro,Mulheres,22 a 60,17756.0
2025,Dezembro,Inhambane,Govuro,Homens,Mais de 60,1302.0
2025,Dezembro,Inhambane,Govuro,Mulheres,Mais de 60,1674.0
2025,Dezembro,Inhambane,Govuro,Outros,N/A,6.0
2025,Janeiro,Inhambane,Homoine,Homens,0 a 16,76.0
2025,Janeiro,Inhambane,Homoine,Mulheres,0 a 16,68.0
2025,Janeiro,Inhambane,Homoine,Homens,17 a 21,4678.0
2025,Janeiro,Inhambane,Homoine,Mulheres,17 a 21,5164.0
2025,Janeiro,Inhambane,Homoine,Homens,22 a 60,23090.0
2025,Janeiro,Inhambane,Homoine,Mulheres,22 a 60,23646.0
2025,Janeiro,Inhambane,Homoine,Homens,Mais de 60,2235.0
2025,Janeiro,Inhambane,Homoine,Mulheres,Mais de 60,2230.0
2025,Janeiro,Inhambane,Homoine,Outros,N/A,9.0
2025,Fevereiro,Inhambane,Homoine,Homens,0 a 16,68.0
2025,Fevereiro,Inhambane,Homoine,Mulheres,0 a 16,89.0
2025,Fevereiro,Inhambane,Homoine,Homens,17 a 21,4721.0
2025,Fevereiro,Inhambane,Homoine,Mulheres,17 a 21,5180.0
2025,Fevereiro,Inhambane,Homoine,Homens,22 a 60,22275.0
2025,Fevereiro,Inhambane,Homoine,Mulheres,22 a 60,23531.0
2025,Fevereiro,Inhambane,Homoine,Homens,Mais de 60,2107.0
2025,Fevereiro,Inhambane,Homoine,Mulheres,Mais de 60,2236.0
2025,Fevereiro,Inhambane,Homoine,Outros,N/A,11.0
2025,Março,Inhambane,Homoine,Homens,0 a 16,62.0
2025,Março,Inhambane,Homoine,Mulheres,0 a 16,77.0
2025,Março,Inhambane,Homoine,Homens,17 a 21,4725.0
2025,Março,Inhambane,Homoine,Mulheres,17 a 21,5261.0
2025,Março,Inhambane,Homoine,Homens,22 a 60,22880.0
2025,Março,Inhambane,Homoine,Mulheres,22 a 60,23696.0
2025,Março,Inhambane,Homoine,Homens,Mais de 60,2140.0
2025,Março,Inhambane,Homoine,Mulheres,Mais de 60,2313.0
2025,Março,Inhambane,Homoine,Outros,N/A,11.0
2025,Abril,Inhambane,Homoine,Homens,0 a 16,72.0
2025,Abril,Inhambane,Homoine,Mulheres,0 a 16,86.0
2025,Abril,Inhambane,Homoine,Homens,17 a 21,5008.0
2025,Abril,Inhambane,Homoine,Mulheres,17 a 21,5628.0
2025,Abril,Inhambane,Homoine,Homens,22 a 60,24035.0
2025,Abril,Inhambane,Homoine,Mulheres,22 a 60,25320.0
2025,Abril,Inhambane,Homoine,Homens,Mais de 60,2306.0
2025,Abril,Inhambane,Homoine,Mulheres,Mais de 60,2479.0
2025,Abril,Inhambane,Homoine,Outros,N/A,9.0
2025,Maio,Inhambane,Homoine,Homens,0 a 16,65.0
2025,Maio,Inhambane,Homoine,Mulheres,0 a 16,106.0
2025,Maio,Inhambane,Homoine,Homens,17 a 21,5064.0
2025,Maio,Inhambane,Homoine,Mulheres,17 a 21,5678.0
2025,Maio,Inhambane,Homoine,Homens,22 a 60,24156.0
2025,Maio,Inhambane,Homoine,Mulheres,22 a 60,25664.0
2025,Maio,Inhambane,Homoine,Homens,Mais de 60,2371.0
2025,Maio,Inhambane,Homoine,Mulheres,Mais de 60,2496.0
2025,Maio,Inhambane,Homoine,Outros,N/A,13.0
2025,Junho,Inhambane,Homoine,Homens,0 a 16,81.0
2025,Junho,Inhambane,Homoine,Mulheres,0 a 16,130.0
2025,Junho,Inhambane,Homoine,Homens,17 a 21,5244.0
2025,Junho,Inhambane,Homoine,Mulheres,17 a 21,5886.0
2025,Junho,Inhambane,Homoine,Homens,22 a 60,24722.0
2025,Junho,Inhambane,Homoine,Mulheres,22 a 60,26019.0
2025,Junho,Inhambane,Homoine,Homens,Mais de 60,2412.0
2025,Junho,Inhambane,Homoine,Mulheres,Mais de 60,2589.0
2025,Junho,Inhambane,Homoine,Outros,N/A,10.0
2025,Julho,Inhambane,Homoine,Homens,0 a 16,90.0
2025,Julho,Inhambane,Homoine,Mulheres,0 a 16,134.0
2025,Julho,Inhambane,Homoine,Homens,17 a 21,5171.0
2025,Julho,Inhambane,Homoine,Mulheres,17 a 21,5923.0
2025,Julho,Inhambane,Homoine,Homens,22 a 60,24525.0
2025,Julho,Inhambane,Homoine,Mulheres,22 a 60,25853.0
2025,Julho,Inhambane,Homoine,Homens,Mais de 60,2423.0
2025,Julho,Inhambane,Homoine,Mulheres,Mais de 60,2592.0
2025,Julho,Inhambane,Homoine,Outros,N/A,14.0
2025,Agosto,Inhambane,Homoine,Homens,0 a 16,80.0
2025,Agosto,Inhambane,Homoine,Mulheres,0 a 16,120.0
2025,Agosto,Inhambane,Homoine,Homens,17 a 21,5270.0
2025,Agosto,Inhambane,Homoine,Mulheres,17 a 21,5901.0
2025,Agosto,Inhambane,Homoine,Homens,22 a 60,25046.0
2025,Agosto,Inhambane,Homoine,Mulheres,22 a 60,26078.0
2025,Agosto,Inhambane,Homoine,Homens,Mais de 60,2502.0
2025,Agosto,Inhambane,Homoine,Mulheres,Mais de 60,2639.0
2025,Agosto,Inhambane,Homoine,Outros,N/A,16.0
2025,Setembro,Inhambane,Homoine,Homens,0 a 16,74.0
2025,Setembro,Inhambane,Homoine,Mulheres,0 a 16,110.0
2025,Setembro,Inhambane,Homoine,Homens,17 a 21,5417.0
2025,Setembro,Inhambane,Homoine,Mulheres,17 a 21,6078.0
2025,Setembro,Inhambane,Homoine,Homens,22 a 60,25460.0
2025,Setembro,Inhambane,Homoine,Mulheres,22 a 60,26581.0
2025,Setembro,Inhambane,Homoine,Homens,Mais de 60,2514.0
2025,Setembro,Inhambane,Homoine,Mulheres,Mais de 60,2663.0
2025,Setembro,Inhambane,Homoine,Outros,N/A,12.0
2025,Outubro,Inhambane,Homoine,Homens,0 a 16,96.0
2025,Outubro,Inhambane,Homoine,Mulheres,0 a 16,134.0
2025,Outubro,Inhambane,Homoine,Homens,17 a 21,5755.0
2025,Outubro,Inhambane,Homoine,Mulheres,17 a 21,6573.0
2025,Outubro,Inhambane,Homoine,Homens,22 a 60,27170.0
2025,Outubro,Inhambane,Homoine,Mulheres,22 a 60,28899.0
2025,Outubro,Inhambane,Homoine,Homens,Mais de 60,2727.0
2025,Outubro,Inhambane,Homoine,Mulheres,Mais de 60,2882.0
2025,Outubro,Inhambane,Homoine,Outros,N/A,14.0
2025,Novembro,Inhambane,Homoine,Homens,0 a 16,84.0
2025,Novembro,Inhambane,Homoine,Mulheres,0 a 16,133.0
2025,Novembro,Inhambane,Homoine,Homens,17 a 21,5865.0
2025,Novembro,Inhambane,Homoine,Mulheres,17 a 21,6658.0
2025,Novembro,Inhambane,Homoine,Homens,22 a 60,26972.0
2025,Novembro,Inhambane,Homoine,Mulheres,22 a 60,29860.0
2025,Novembro,Inhambane,Homoine,Homens,Mais de 60,2766.0
2025,Novembro,Inhambane,Homoine,Mulheres,Mais de 60,2961.0
2025,Novembro,Inhambane,Homoine,Outros,N/A,7.0
2025,Dezembro,Inhambane,Homoine,Homens,0 a 16,103.0
2025,Dezembro,Inhambane,Homoine,Mulheres,0 a 16,136.0
2025,Dezembro,Inhambane,Homoine,Homens,17 a 21,6309.0
2025,Dezembro,Inhambane,Homoine,Mulheres,17 a 21,7156.0
2025,Dezembro,Inhambane,Homoine,Homens,22 a 60,30931.0
2025,Dezembro,Inhambane,Homoine,Mulheres,22 a 60,31955.0
2025,Dezembro,Inhambane,Homoine,Homens,Mais de 60,3037.0
2025,Dezembro,Inhambane,Homoine,Mulheres,Mais de 60,3017.0
2025,Dezembro,Inhambane,Homoine,Outros,N/A,8.0
2025,Janeiro,Inhambane,Inharrime,Homens,0 a 16,137.0
2025,Janeiro,Inhambane,Inharrime,Mulheres,0 a 16,159.0
2025,Janeiro,Inhambane,Inharrime,Homens,17 a 21,7346.0
2025,Janeiro,Inhambane,Inharrime,Mulheres,17 a 21,7033.0
2025,Janeiro,Inhambane,Inharrime,Homens,22 a 60,36651.0
2025,Janeiro,Inhambane,Inharrime,Mulheres,22 a 60,36429.0
2025,Janeiro,Inhambane,Inharrime,Homens,Mais de 60,3605.0
2025,Janeiro,Inhambane,Inharrime,Mulheres,Mais de 60,3037.0
2025,Janeiro,Inhambane,Inharrime,Outros,N/A,25.0
2025,Fevereiro,Inhambane,Inharrime,Homens,0 a 16,143.0
2025,Fevereiro,Inhambane,Inharrime,Mulheres,0 a 16,188.0
2025,Fevereiro,Inhambane,Inharrime,Homens,17 a 21,7410.0
2025,Fevereiro,Inhambane,Inharrime,Mulheres,17 a 21,7057.0
2025,Fevereiro,Inhambane,Inharrime,Homens,22 a 60,34303.0
2025,Fevereiro,Inhambane,Inharrime,Mulheres,22 a 60,35645.0
2025,Fevereiro,Inhambane,Inharrime,Homens,Mais de 60,3424.0
2025,Fevereiro,Inhambane,Inharrime,Mulheres,Mais de 60,3034.0
2025,Fevereiro,Inhambane,Inharrime,Outros,N/A,18.0
2025,Março,Inhambane,Inharrime,Homens,0 a 16,145.0
2025,Março,Inhambane,Inharrime,Mulheres,0 a 16,167.0
2025,Março,Inhambane,Inharrime,Homens,17 a 21,7357.0
2025,Março,Inhambane,Inharrime,Mulheres,17 a 21,6969.0
2025,Março,Inhambane,Inharrime,Homens,22 a 60,36021.0
2025,Março,Inhambane,Inharrime,Mulheres,22 a 60,35830.0
2025,Março,Inhambane,Inharrime,Homens,Mais de 60,3646.0
2025,Março,Inhambane,Inharrime,Mulheres,Mais de 60,3085.0
2025,Março,Inhambane,Inharrime,Outros,N/A,25.0
2025,Abril,Inhambane,Inharrime,Homens,0 a 16,142.0
2025,Abril,Inhambane,Inharrime,Mulheres,0 a 16,186.0
2025,Abril,Inhambane,Inharrime,Homens,17 a 21,7542.0
2025,Abril,Inhambane,Inharrime,Mulheres,17 a 21,7162.0
2025,Abril,Inhambane,Inharrime,Homens,22 a 60,36660.0
2025,Abril,Inhambane,Inharrime,Mulheres,22 a 60,36628.0
2025,Abril,Inhambane,Inharrime,Homens,Mais de 60,3735.0
2025,Abril,Inhambane,Inharrime,Mulheres,Mais de 60,3189.0
2025,Abril,Inhambane,Inharrime,Outros,N/A,27.0
2025,Maio,Inhambane,Inharrime,Homens,0 a 16,156.0
2025,Maio,Inhambane,Inharrime,Mulheres,0 a 16,207.0
2025,Maio,Inhambane,Inharrime,Homens,17 a 21,7533.0
2025,Maio,Inhambane,Inharrime,Mulheres,17 a 21,7096.0
2025,Maio,Inhambane,Inharrime,Homens,22 a 60,36530.0
2025,Maio,Inhambane,Inharrime,Mulheres,22 a 60,36688.0
2025,Maio,Inhambane,Inharrime,Homens,Mais de 60,3732.0
2025,Maio,Inhambane,Inharrime,Mulheres,Mais de 60,3297.0
2025,Maio,Inhambane,Inharrime,Outros,N/A,23.0
2025,Junho,Inhambane,Inharrime,Homens,0 a 16,162.0
2025,Junho,Inhambane,Inharrime,Mulheres,0 a 16,220.0
2025,Junho,Inhambane,Inharrime,Homens,17 a 21,7939.0
2025,Junho,Inhambane,Inharrime,Mulheres,17 a 21,7569.0
2025,Junho,Inhambane,Inharrime,Homens,22 a 60,38177.0
2025,Junho,Inhambane,Inharrime,Mulheres,22 a 60,38495.0
2025,Junho,Inhambane,Inharrime,Homens,Mais de 60,3957.0
2025,Junho,Inhambane,Inharrime,Mulheres,Mais de 60,3502.0
2025,Junho,Inhambane,Inharrime,Outros,N/A,22.0
2025,Julho,Inhambane,Inharrime,Homens,0 a 16,182.0
2025,Julho,Inhambane,Inharrime,Mulheres,0 a 16,237.0
2025,Julho,Inhambane,Inharrime,Homens,17 a 21,7937.0
2025,Julho,Inhambane,Inharrime,Mulheres,17 a 21,7701.0
2025,Julho,Inhambane,Inharrime,Homens,22 a 60,38491.0
2025,Julho,Inhambane,Inharrime,Mulheres,22 a 60,39033.0
2025,Julho,Inhambane,Inharrime,Homens,Mais de 60,4005.0
2025,Julho,Inhambane,Inharrime,Mulheres,Mais de 60,3512.0
2025,Julho,Inhambane,Inharrime,Outros,N/A,28.0
2025,Agosto,Inhambane,Inharrime,Homens,0 a 16,188.0
2025,Agosto,Inhambane,Inharrime,Mulheres,0 a 16,240.0
2025,Agosto,Inhambane,Inharrime,Homens,17 a 21,8145.0
2025,Agosto,Inhambane,Inharrime,Mulheres,17 a 21,7886.0
2025,Agosto,Inhambane,Inharrime,Homens,22 a 60,39673.0
2025,Agosto,Inhambane,Inharrime,Mulheres,22 a 60,39941.0
2025,Agosto,Inhambane,Inharrime,Homens,Mais de 60,4119.0
2025,Agosto,Inhambane,Inharrime,Mulheres,Mais de 60,3668.0
2025,Agosto,Inhambane,Inharrime,Outros,N/A,26.0
2025,Setembro,Inhambane,Inharrime,Homens,0 a 16,187.0
2025,Setembro,Inhambane,Inharrime,Mulheres,0 a 16,256.0
2025,Setembro,Inhambane,Inharrime,Homens,17 a 21,8311.0
2025,Setembro,Inhambane,Inharrime,Mulheres,17 a 21,8058.0
2025,Setembro,Inhambane,Inharrime,Homens,22 a 60,40039.0
2025,Setembro,Inhambane,Inharrime,Mulheres,22 a 60,40381.0
2025,Setembro,Inhambane,Inharrime,Homens,Mais de 60,4130.0
2025,Setembro,Inhambane,Inharrime,Mulheres,Mais de 60,3676.0
2025,Setembro,Inhambane,Inharrime,Outros,N/A,30.0
2025,Outubro,Inhambane,Inharrime,Homens,0 a 16,188.0
2025,Outubro,Inhambane,Inharrime,Mulheres,0 a 16,235.0
2025,Outubro,Inhambane,Inharrime,Homens,17 a 21,8590.0
2025,Outubro,Inhambane,Inharrime,Mulheres,17 a 21,8410.0
2025,Outubro,Inhambane,Inharrime,Homens,22 a 60,41641.0
2025,Outubro,Inhambane,Inharrime,Mulheres,22 a 60,42476.0
2025,Outubro,Inhambane,Inharrime,Homens,Mais de 60,4302.0
2025,Outubro,Inhambane,Inharrime,Mulheres,Mais de 60,3845.0
2025,Outubro,Inhambane,Inharrime,Outros,N/A,31.0
2025,Novembro,Inhambane,Inharrime,Homens,0 a 16,197.0
2025,Novembro,Inhambane,Inharrime,Mulheres,0 a 16,218.0
2025,Novembro,Inhambane,Inharrime,Homens,17 a 21,8836.0
2025,Novembro,Inhambane,Inharrime,Mulheres,17 a 21,8815.0
2025,Novembro,Inhambane,Inharrime,Homens,22 a 60,41678.0
2025,Novembro,Inhambane,Inharrime,Mulheres,22 a 60,45424.0
2025,Novembro,Inhambane,Inharrime,Homens,Mais de 60,4309.0
2025,Novembro,Inhambane,Inharrime,Mulheres,Mais de 60,4166.0
2025,Novembro,Inhambane,Inharrime,Outros,N/A,8.0
2025,Dezembro,Inhambane,Inharrime,Homens,0 a 16,205.0
2025,Dezembro,Inhambane,Inharrime,Mulheres,0 a 16,229.0
2025,Dezembro,Inhambane,Inharrime,Homens,17 a 21,9424.0
2025,Dezembro,Inhambane,Inharrime,Mulheres,17 a 21,9413.0
2025,Dezembro,Inhambane,Inharrime,Homens,22 a 60,46610.0
2025,Dezembro,Inhambane,Inharrime,Mulheres,22 a 60,46874.0
2025,Dezembro,Inhambane,Inharrime,Homens,Mais de 60,4552.0
2025,Dezembro,Inhambane,Inharrime,Mulheres,Mais de 60,4120.0
2025,Dezembro,Inhambane,Inharrime,Outros,N/A,11.0
2025,Janeiro,Inhambane,Inhassoro,Homens,0 a 16,44.0
2025,Janeiro,Inhambane,Inhassoro,Mulheres,0 a 16,52.0
2025,Janeiro,Inhambane,Inhassoro,Homens,17 a 21,4471.0
2025,Janeiro,Inhambane,Inhassoro,Mulheres,17 a 21,4138.0
2025,Janeiro,Inhambane,Inhassoro,Homens,22 a 60,24304.0
2025,Janeiro,Inhambane,Inhassoro,Mulheres,22 a 60,20637.0
2025,Janeiro,Inhambane,Inhassoro,Homens,Mais de 60,1572.0
2025,Janeiro,Inhambane,Inhassoro,Mulheres,Mais de 60,1173.0
2025,Janeiro,Inhambane,Inhassoro,Outros,N/A,43.0
2025,Fevereiro,Inhambane,Inhassoro,Homens,0 a 16,50.0
2025,Fevereiro,Inhambane,Inhassoro,Mulheres,0 a 16,60.0
2025,Fevereiro,Inhambane,Inhassoro,Homens,17 a 21,4597.0
2025,Fevereiro,Inhambane,Inhassoro,Mulheres,17 a 21,4161.0
2025,Fevereiro,Inhambane,Inhassoro,Homens,22 a 60,24820.0
2025,Fevereiro,Inhambane,Inhassoro,Mulheres,22 a 60,20816.0
2025,Fevereiro,Inhambane,Inhassoro,Homens,Mais de 60,1598.0
2025,Fevereiro,Inhambane,Inhassoro,Mulheres,Mais de 60,1185.0
2025,Fevereiro,Inhambane,Inhassoro,Outros,N/A,50.0
2025,Março,Inhambane,Inhassoro,Homens,0 a 16,47.0
2025,Março,Inhambane,Inhassoro,Mulheres,0 a 16,56.0
2025,Março,Inhambane,Inhassoro,Homens,17 a 21,4609.0
2025,Março,Inhambane,Inhassoro,Mulheres,17 a 21,4242.0
2025,Março,Inhambane,Inhassoro,Homens,22 a 60,24726.0
2025,Março,Inhambane,Inhassoro,Mulheres,22 a 60,20803.0
2025,Março,Inhambane,Inhassoro,Homens,Mais de 60,1575.0
2025,Março,Inhambane,Inhassoro,Mulheres,Mais de 60,1219.0
2025,Março,Inhambane,Inhassoro,Outros,N/A,51.0
2025,Abril,Inhambane,Inhassoro,Homens,0 a 16,55.0
2025,Abril,Inhambane,Inhassoro,Mulheres,0 a 16,61.0
2025,Abril,Inhambane,Inhassoro,Homens,17 a 21,4742.0
2025,Abril,Inhambane,Inhassoro,Mulheres,17 a 21,4486.0
2025,Abril,Inhambane,Inhassoro,Homens,22 a 60,25858.0
2025,Abril,Inhambane,Inhassoro,Mulheres,22 a 60,21779.0
2025,Abril,Inhambane,Inhassoro,Homens,Mais de 60,1644.0
2025,Abril,Inhambane,Inhassoro,Mulheres,Mais de 60,1303.0
2025,Abril,Inhambane,Inhassoro,Outros,N/A,54.0
2025,Maio,Inhambane,Inhassoro,Homens,0 a 16,58.0
2025,Maio,Inhambane,Inhassoro,Mulheres,0 a 16,61.0
2025,Maio,Inhambane,Inhassoro,Homens,17 a 21,4842.0
2025,Maio,Inhambane,Inhassoro,Mulheres,17 a 21,4562.0
2025,Maio,Inhambane,Inhassoro,Homens,22 a 60,26029.0
2025,Maio,Inhambane,Inhassoro,Mulheres,22 a 60,22280.0
2025,Maio,Inhambane,Inhassoro,Homens,Mais de 60,1665.0
2025,Maio,Inhambane,Inhassoro,Mulheres,Mais de 60,1342.0
2025,Maio,Inhambane,Inhassoro,Outros,N/A,51.0
2025,Junho,Inhambane,Inhassoro,Homens,0 a 16,60.0
2025,Junho,Inhambane,Inhassoro,Mulheres,0 a 16,62.0
2025,Junho,Inhambane,Inhassoro,Homens,17 a 21,4808.0
2025,Junho,Inhambane,Inhassoro,Mulheres,17 a 21,4578.0
2025,Junho,Inhambane,Inhassoro,Homens,22 a 60,26127.0
2025,Junho,Inhambane,Inhassoro,Mulheres,22 a 60,22354.0
2025,Junho,Inhambane,Inhassoro,Homens,Mais de 60,1694.0
2025,Junho,Inhambane,Inhassoro,Mulheres,Mais de 60,1342.0
2025,Junho,Inhambane,Inhassoro,Outros,N/A,47.0
2025,Julho,Inhambane,Inhassoro,Homens,0 a 16,54.0
2025,Julho,Inhambane,Inhassoro,Mulheres,0 a 16,69.0
2025,Julho,Inhambane,Inhassoro,Homens,17 a 21,4808.0
2025,Julho,Inhambane,Inhassoro,Mulheres,17 a 21,4616.0
2025,Julho,Inhambane,Inhassoro,Homens,22 a 60,25989.0
2025,Julho,Inhambane,Inhassoro,Mulheres,22 a 60,22242.0
2025,Julho,Inhambane,Inhassoro,Homens,Mais de 60,1688.0
2025,Julho,Inhambane,Inhassoro,Mulheres,Mais de 60,1329.0
2025,Julho,Inhambane,Inhassoro,Outros,N/A,51.0
2025,Agosto,Inhambane,Inhassoro,Homens,0 a 16,48.0
2025,Agosto,Inhambane,Inhassoro,Mulheres,0 a 16,67.0
2025,Agosto,Inhambane,Inhassoro,Homens,17 a 21,4910.0
2025,Agosto,Inhambane,Inhassoro,Mulheres,17 a 21,4698.0
2025,Agosto,Inhambane,Inhassoro,Homens,22 a 60,26441.0
2025,Agosto,Inhambane,Inhassoro,Mulheres,22 a 60,22565.0
2025,Agosto,Inhambane,Inhassoro,Homens,Mais de 60,1714.0
2025,Agosto,Inhambane,Inhassoro,Mulheres,Mais de 60,1347.0
2025,Agosto,Inhambane,Inhassoro,Outros,N/A,17.0
2025,Setembro,Inhambane,Inhassoro,Homens,0 a 16,57.0
2025,Setembro,Inhambane,Inhassoro,Mulheres,0 a 16,63.0
2025,Setembro,Inhambane,Inhassoro,Homens,17 a 21,4960.0
2025,Setembro,Inhambane,Inhassoro,Mulheres,17 a 21,4766.0
2025,Setembro,Inhambane,Inhassoro,Homens,22 a 60,26508.0
2025,Setembro,Inhambane,Inhassoro,Mulheres,22 a 60,22527.0
2025,Setembro,Inhambane,Inhassoro,Homens,Mais de 60,1718.0
2025,Setembro,Inhambane,Inhassoro,Mulheres,Mais de 60,1348.0
2025,Setembro,Inhambane,Inhassoro,Outros,N/A,17.0
2025,Outubro,Inhambane,Inhassoro,Homens,0 a 16,68.0
2025,Outubro,Inhambane,Inhassoro,Mulheres,0 a 16,73.0
2025,Outubro,Inhambane,Inhassoro,Homens,17 a 21,5132.0
2025,Outubro,Inhambane,Inhassoro,Mulheres,17 a 21,4878.0
2025,Outubro,Inhambane,Inhassoro,Homens,22 a 60,27818.0
2025,Outubro,Inhambane,Inhassoro,Mulheres,22 a 60,23689.0
2025,Outubro,Inhambane,Inhassoro,Homens,Mais de 60,1833.0
2025,Outubro,Inhambane,Inhassoro,Mulheres,Mais de 60,1454.0
2025,Outubro,Inhambane,Inhassoro,Outros,N/A,41.0
2025,Novembro,Inhambane,Inhassoro,Homens,0 a 16,71.0
2025,Novembro,Inhambane,Inhassoro,Mulheres,0 a 16,76.0
2025,Novembro,Inhambane,Inhassoro,Homens,17 a 21,5160.0
2025,Novembro,Inhambane,Inhassoro,Mulheres,17 a 21,4973.0
2025,Novembro,Inhambane,Inhassoro,Homens,22 a 60,26834.0
2025,Novembro,Inhambane,Inhassoro,Mulheres,22 a 60,25317.0
2025,Novembro,Inhambane,Inhassoro,Homens,Mais de 60,1754.0
2025,Novembro,Inhambane,Inhassoro,Mulheres,Mais de 60,1515.0
2025,Novembro,Inhambane,Inhassoro,Outros,N/A,7.0
2025,Dezembro,Inhambane,Inhassoro,Homens,0 a 16,71.0
2025,Dezembro,Inhambane,Inhassoro,Mulheres,0 a 16,64.0
2025,Dezembro,Inhambane,Inhassoro,Homens,17 a 21,5205.0
2025,Dezembro,Inhambane,Inhassoro,Mulheres,17 a 21,5035.0
2025,Dezembro,Inhambane,Inhassoro,Homens,22 a 60,28124.0
2025,Dezembro,Inhambane,Inhassoro,Mulheres,22 a 60,24359.0
2025,Dezembro,Inhambane,Inhassoro,Homens,Mais de 60,1832.0
2025,Dezembro,Inhambane,Inhassoro,Mulheres,Mais de 60,1455.0
2025,Dezembro,Inhambane,Inhassoro,Outros,N/A,8.0
2025,Janeiro,Inhambane,Jangamo,Homens,0 a 16,143.0
2025,Janeiro,Inhambane,Jangamo,Mulheres,0 a 16,138.0
2025,Janeiro,Inhambane,Jangamo,Homens,17 a 21,6259.0
2025,Janeiro,Inhambane,Jangamo,Mulheres,17 a 21,5759.0
2025,Janeiro,Inhambane,Jangamo,Homens,22 a 60,27468.0
2025,Janeiro,Inhambane,Jangamo,Mulheres,22 a 60,26093.0
2025,Janeiro,Inhambane,Jangamo,Homens,Mais de 60,2931.0
2025,Janeiro,Inhambane,Jangamo,Mulheres,Mais de 60,2483.0
2025,Janeiro,Inhambane,Jangamo,Outros,N/A,14.0
2025,Fevereiro,Inhambane,Jangamo,Homens,0 a 16,156.0
2025,Fevereiro,Inhambane,Jangamo,Mulheres,0 a 16,154.0
2025,Fevereiro,Inhambane,Jangamo,Homens,17 a 21,6153.0
2025,Fevereiro,Inhambane,Jangamo,Mulheres,17 a 21,5713.0
2025,Fevereiro,Inhambane,Jangamo,Homens,22 a 60,26748.0
2025,Fevereiro,Inhambane,Jangamo,Mulheres,22 a 60,25953.0
2025,Fevereiro,Inhambane,Jangamo,Homens,Mais de 60,2834.0
2025,Fevereiro,Inhambane,Jangamo,Mulheres,Mais de 60,2455.0
2025,Fevereiro,Inhambane,Jangamo,Outros,N/A,14.0
2025,Março,Inhambane,Jangamo,Homens,0 a 16,155.0
2025,Março,Inhambane,Jangamo,Mulheres,0 a 16,146.0
2025,Março,Inhambane,Jangamo,Homens,17 a 21,6356.0
2025,Março,Inhambane,Jangamo,Mulheres,17 a 21,5874.0
2025,Março,Inhambane,Jangamo,Homens,22 a 60,27862.0
2025,Março,Inhambane,Jangamo,Mulheres,22 a 60,26977.0
2025,Março,Inhambane,Jangamo,Homens,Mais de 60,2909.0
2025,Março,Inhambane,Jangamo,Mulheres,Mais de 60,2558.0
2025,Março,Inhambane,Jangamo,Outros,N/A,14.0
2025,Abril,Inhambane,Jangamo,Homens,0 a 16,175.0
2025,Abril,Inhambane,Jangamo,Mulheres,0 a 16,219.0
2025,Abril,Inhambane,Jangamo,Homens,17 a 21,6772.0
2025,Abril,Inhambane,Jangamo,Mulheres,17 a 21,6245.0
2025,Abril,Inhambane,Jangamo,Homens,22 a 60,29096.0
2025,Abril,Inhambane,Jangamo,Mulheres,22 a 60,28566.0
2025,Abril,Inhambane,Jangamo,Homens,Mais de 60,3067.0
2025,Abril,Inhambane,Jangamo,Mulheres,Mais de 60,2679.0
2025,Abril,Inhambane,Jangamo,Outros,N/A,16.0
2025,Maio,Inhambane,Jangamo,Homens,0 a 16,178.0
2025,Maio,Inhambane,Jangamo,Mulheres,0 a 16,215.0
2025,Maio,Inhambane,Jangamo,Homens,17 a 21,6605.0
2025,Maio,Inhambane,Jangamo,Mulheres,17 a 21,6213.0
2025,Maio,Inhambane,Jangamo,Homens,22 a 60,28253.0
2025,Maio,Inhambane,Jangamo,Mulheres,22 a 60,28034.0
2025,Maio,Inhambane,Jangamo,Homens,Mais de 60,3077.0
2025,Maio,Inhambane,Jangamo,Mulheres,Mais de 60,2708.0
2025,Maio,Inhambane,Jangamo,Outros,N/A,10.0
2025,Junho,Inhambane,Jangamo,Homens,0 a 16,187.0
2025,Junho,Inhambane,Jangamo,Mulheres,0 a 16,247.0
2025,Junho,Inhambane,Jangamo,Homens,17 a 21,6133.0
2025,Junho,Inhambane,Jangamo,Mulheres,17 a 21,5902.0
2025,Junho,Inhambane,Jangamo,Homens,22 a 60,26154.0
2025,Junho,Inhambane,Jangamo,Mulheres,22 a 60,25814.0
2025,Junho,Inhambane,Jangamo,Homens,Mais de 60,2830.0
2025,Junho,Inhambane,Jangamo,Mulheres,Mais de 60,2566.0
2025,Junho,Inhambane,Jangamo,Outros,N/A,11.0
2025,Julho,Inhambane,Jangamo,Homens,0 a 16,186.0
2025,Julho,Inhambane,Jangamo,Mulheres,0 a 16,251.0
2025,Julho,Inhambane,Jangamo,Homens,17 a 21,6311.0
2025,Julho,Inhambane,Jangamo,Mulheres,17 a 21,5992.0
2025,Julho,Inhambane,Jangamo,Homens,22 a 60,26676.0
2025,Julho,Inhambane,Jangamo,Mulheres,22 a 60,26455.0
2025,Julho,Inhambane,Jangamo,Homens,Mais de 60,2832.0
2025,Julho,Inhambane,Jangamo,Mulheres,Mais de 60,2628.0
2025,Julho,Inhambane,Jangamo,Outros,N/A,22.0
2025,Agosto,Inhambane,Jangamo,Homens,0 a 16,187.0
2025,Agosto,Inhambane,Jangamo,Mulheres,0 a 16,241.0
2025,Agosto,Inhambane,Jangamo,Homens,17 a 21,6324.0
2025,Agosto,Inhambane,Jangamo,Mulheres,17 a 21,6045.0
2025,Agosto,Inhambane,Jangamo,Homens,22 a 60,27039.0
2025,Agosto,Inhambane,Jangamo,Mulheres,22 a 60,26533.0
2025,Agosto,Inhambane,Jangamo,Homens,Mais de 60,2856.0
2025,Agosto,Inhambane,Jangamo,Mulheres,Mais de 60,2652.0
2025,Agosto,Inhambane,Jangamo,Outros,N/A,26.0
2025,Setembro,Inhambane,Jangamo,Homens,0 a 16,180.0
2025,Setembro,Inhambane,Jangamo,Mulheres,0 a 16,243.0
2025,Setembro,Inhambane,Jangamo,Homens,17 a 21,6469.0
2025,Setembro,Inhambane,Jangamo,Mulheres,17 a 21,6241.0
2025,Setembro,Inhambane,Jangamo,Homens,22 a 60,27607.0
2025,Setembro,Inhambane,Jangamo,Mulheres,22 a 60,27225.0
2025,Setembro,Inhambane,Jangamo,Homens,Mais de 60,2937.0
2025,Setembro,Inhambane,Jangamo,Mulheres,Mais de 60,2682.0
2025,Setembro,Inhambane,Jangamo,Outros,N/A,24.0
2025,Outubro,Inhambane,Jangamo,Homens,0 a 16,192.0
2025,Outubro,Inhambane,Jangamo,Mulheres,0 a 16,255.0
2025,Outubro,Inhambane,Jangamo,Homens,17 a 21,6935.0
2025,Outubro,Inhambane,Jangamo,Mulheres,17 a 21,6712.0
2025,Outubro,Inhambane,Jangamo,Homens,22 a 60,30136.0
2025,Outubro,Inhambane,Jangamo,Mulheres,22 a 60,29758.0
2025,Outubro,Inhambane,Jangamo,Homens,Mais de 60,3176.0
2025,Outubro,Inhambane,Jangamo,Mulheres,Mais de 60,2914.0
2025,Outubro,Inhambane,Jangamo,Outros,N/A,23.0
2025,Novembro,Inhambane,Jangamo,Homens,0 a 16,189.0
2025,Novembro,Inhambane,Jangamo,Mulheres,0 a 16,220.0
2025,Novembro,Inhambane,Jangamo,Homens,17 a 21,7054.0
2025,Novembro,Inhambane,Jangamo,Mulheres,17 a 21,6989.0
2025,Novembro,Inhambane,Jangamo,Homens,22 a 60,29424.0
2025,Novembro,Inhambane,Jangamo,Mulheres,22 a 60,30942.0
2025,Novembro,Inhambane,Jangamo,Homens,Mais de 60,3027.0
2025,Novembro,Inhambane,Jangamo,Mulheres,Mais de 60,2965.0
2025,Novembro,Inhambane,Jangamo,Outros,N/A,12.0
2025,Dezembro,Inhambane,Jangamo,Homens,0 a 16,201.0
2025,Dezembro,Inhambane,Jangamo,Mulheres,0 a 16,257.0
2025,Dezembro,Inhambane,Jangamo,Homens,17 a 21,7959.0
2025,Dezembro,Inhambane,Jangamo,Mulheres,17 a 21,7723.0
2025,Dezembro,Inhambane,Jangamo,Homens,22 a 60,35371.0
2025,Dezembro,Inhambane,Jangamo,Mulheres,22 a 60,34157.0
2025,Dezembro,Inhambane,Jangamo,Homens,Mais de 60,3532.0
2025,Dezembro,Inhambane,Jangamo,Mulheres,Mais de 60,3133.0
2025,Dezembro,Inhambane,Jangamo,Outros,N/A,11.0
2025,Janeiro,Inhambane,Mabote,Homens,0 a 16,12.0
2025,Janeiro,Inhambane,Mabote,Mulheres,0 a 16,18.0
2025,Janeiro,Inhambane,Mabote,Homens,17 a 21,1800.0
2025,Janeiro,Inhambane,Mabote,Mulheres,17 a 21,1962.0
2025,Janeiro,Inhambane,Mabote,Homens,22 a 60,9553.0
2025,Janeiro,Inhambane,Mabote,Mulheres,22 a 60,9374.0
2025,Janeiro,Inhambane,Mabote,Homens,Mais de 60,669.0
2025,Janeiro,Inhambane,Mabote,Mulheres,Mais de 60,721.0
2025,Janeiro,Inhambane,Mabote,Outros,N/A,3.0
2025,Fevereiro,Inhambane,Mabote,Homens,0 a 16,13.0
2025,Fevereiro,Inhambane,Mabote,Mulheres,0 a 16,19.0
2025,Fevereiro,Inhambane,Mabote,Homens,17 a 21,1776.0
2025,Fevereiro,Inhambane,Mabote,Mulheres,17 a 21,1988.0
2025,Fevereiro,Inhambane,Mabote,Homens,22 a 60,9600.0
2025,Fevereiro,Inhambane,Mabote,Mulheres,22 a 60,9401.0
2025,Fevereiro,Inhambane,Mabote,Homens,Mais de 60,641.0
2025,Fevereiro,Inhambane,Mabote,Mulheres,Mais de 60,740.0
2025,Fevereiro,Inhambane,Mabote,Outros,N/A,3.0
2025,Março,Inhambane,Mabote,Homens,0 a 16,14.0
2025,Março,Inhambane,Mabote,Mulheres,0 a 16,15.0
2025,Março,Inhambane,Mabote,Homens,17 a 21,1816.0
2025,Março,Inhambane,Mabote,Mulheres,17 a 21,2037.0
2025,Março,Inhambane,Mabote,Homens,22 a 60,9860.0
2025,Março,Inhambane,Mabote,Mulheres,22 a 60,9616.0
2025,Março,Inhambane,Mabote,Homens,Mais de 60,682.0
2025,Março,Inhambane,Mabote,Mulheres,Mais de 60,750.0
2025,Março,Inhambane,Mabote,Outros,N/A,3.0
2025,Abril,Inhambane,Mabote,Homens,0 a 16,17.0
2025,Abril,Inhambane,Mabote,Mulheres,0 a 16,20.0
2025,Abril,Inhambane,Mabote,Homens,17 a 21,1888.0
2025,Abril,Inhambane,Mabote,Mulheres,17 a 21,2076.0
2025,Abril,Inhambane,Mabote,Homens,22 a 60,10062.0
2025,Abril,Inhambane,Mabote,Mulheres,22 a 60,9845.0
2025,Abril,Inhambane,Mabote,Homens,Mais de 60,693.0
2025,Abril,Inhambane,Mabote,Mulheres,Mais de 60,775.0
2025,Abril,Inhambane,Mabote,Outros,N/A,3.0
2025,Maio,Inhambane,Mabote,Homens,0 a 16,20.0
2025,Maio,Inhambane,Mabote,Mulheres,0 a 16,20.0
2025,Maio,Inhambane,Mabote,Homens,17 a 21,1925.0
2025,Maio,Inhambane,Mabote,Mulheres,17 a 21,2139.0
2025,Maio,Inhambane,Mabote,Homens,22 a 60,10242.0
2025,Maio,Inhambane,Mabote,Mulheres,22 a 60,10371.0
2025,Maio,Inhambane,Mabote,Homens,Mais de 60,989.0
2025,Maio,Inhambane,Mabote,Mulheres,Mais de 60,1671.0
2025,Maio,Inhambane,Mabote,Outros,N/A,4.0
2025,Junho,Inhambane,Mabote,Homens,0 a 16,17.0
2025,Junho,Inhambane,Mabote,Mulheres,0 a 16,20.0
2025,Junho,Inhambane,Mabote,Homens,17 a 21,1922.0
2025,Junho,Inhambane,Mabote,Mulheres,17 a 21,2155.0
2025,Junho,Inhambane,Mabote,Homens,22 a 60,10546.0
2025,Junho,Inhambane,Mabote,Mulheres,22 a 60,10568.0
2025,Junho,Inhambane,Mabote,Homens,Mais de 60,985.0
2025,Junho,Inhambane,Mabote,Mulheres,Mais de 60,1690.0
2025,Junho,Inhambane,Mabote,Outros,N/A,3.0
2025,Julho,Inhambane,Mabote,Homens,0 a 16,17.0
2025,Julho,Inhambane,Mabote,Mulheres,0 a 16,18.0
2025,Julho,Inhambane,Mabote,Homens,17 a 21,1976.0
2025,Julho,Inhambane,Mabote,Mulheres,17 a 21,2205.0
2025,Julho,Inhambane,Mabote,Homens,22 a 60,10911.0
2025,Julho,Inhambane,Mabote,Mulheres,22 a 60,10851.0
2025,Julho,Inhambane,Mabote,Homens,Mais de 60,1017.0
2025,Julho,Inhambane,Mabote,Mulheres,Mais de 60,1730.0
2025,Julho,Inhambane,Mabote,Outros,N/A,4.0
2025,Agosto,Inhambane,Mabote,Homens,0 a 16,19.0
2025,Agosto,Inhambane,Mabote,Mulheres,0 a 16,19.0
2025,Agosto,Inhambane,Mabote,Homens,17 a 21,2066.0
2025,Agosto,Inhambane,Mabote,Mulheres,17 a 21,2287.0
2025,Agosto,Inhambane,Mabote,Homens,22 a 60,11293.0
2025,Agosto,Inhambane,Mabote,Mulheres,22 a 60,11155.0
2025,Agosto,Inhambane,Mabote,Homens,Mais de 60,1040.0
2025,Agosto,Inhambane,Mabote,Mulheres,Mais de 60,1799.0
2025,Agosto,Inhambane,Mabote,Outros,N/A,4.0
2025,Setembro,Inhambane,Mabote,Homens,0 a 16,23.0
2025,Setembro,Inhambane,Mabote,Mulheres,0 a 16,32.0
2025,Setembro,Inhambane,Mabote,Homens,17 a 21,2141.0
2025,Setembro,Inhambane,Mabote,Mulheres,17 a 21,2365.0
2025,Setembro,Inhambane,Mabote,Homens,22 a 60,11535.0
2025,Setembro,Inhambane,Mabote,Mulheres,22 a 60,11386.0
2025,Setembro,Inhambane,Mabote,Homens,Mais de 60,1063.0
2025,Setembro,Inhambane,Mabote,Mulheres,Mais de 60,1813.0
2025,Setembro,Inhambane,Mabote,Outros,N/A,4.0
2025,Outubro,Inhambane,Mabote,Homens,0 a 16,25.0
2025,Outubro,Inhambane,Mabote,Mulheres,0 a 16,31.0
2025,Outubro,Inhambane,Mabote,Homens,17 a 21,2218.0
2025,Outubro,Inhambane,Mabote,Mulheres,17 a 21,2435.0
2025,Outubro,Inhambane,Mabote,Homens,22 a 60,11731.0
2025,Outubro,Inhambane,Mabote,Mulheres,22 a 60,11615.0
2025,Outubro,Inhambane,Mabote,Homens,Mais de 60,1066.0
2025,Outubro,Inhambane,Mabote,Mulheres,Mais de 60,1856.0
2025,Outubro,Inhambane,Mabote,Outros,N/A,3.0
2025,Novembro,Inhambane,Mabote,Homens,0 a 16,39.0
2025,Novembro,Inhambane,Mabote,Mulheres,0 a 16,38.0
2025,Novembro,Inhambane,Mabote,Homens,17 a 21,2344.0
2025,Novembro,Inhambane,Mabote,Mulheres,17 a 21,2600.0
2025,Novembro,Inhambane,Mabote,Homens,22 a 60,11843.0
2025,Novembro,Inhambane,Mabote,Mulheres,22 a 60,12099.0
2025,Novembro,Inhambane,Mabote,Homens,Mais de 60,1070.0
2025,Novembro,Inhambane,Mabote,Mulheres,Mais de 60,1881.0
2025,Novembro,Inhambane,Mabote,Outros,N/A,0.0
2025,Dezembro,Inhambane,Mabote,Homens,0 a 16,39.0
2025,Dezembro,Inhambane,Mabote,Mulheres,0 a 16,38.0
2025,Dezembro,Inhambane,Mabote,Homens,17 a 21,2467.0
2025,Dezembro,Inhambane,Mabote,Mulheres,17 a 21,2720.0
2025,Dezembro,Inhambane,Mabote,Homens,22 a 60,12637.0
2025,Dezembro,Inhambane,Mabote,Mulheres,22 a 60,12581.0
2025,Dezembro,Inhambane,Mabote,Homens,Mais de 60,1107.0
2025,Dezembro,Inhambane,Mabote,Mulheres,Mais de 60,1878.0
2025,Dezembro,Inhambane,Mabote,Outros,N/A,1.0
2025,Janeiro,Inhambane,Massinga,Homens,0 a 16,290.0
2025,Janeiro,Inhambane,Massinga,Mulheres,0 a 16,261.0
2025,Janeiro,Inhambane,Massinga,Homens,17 a 21,12782.0
2025,Janeiro,Inhambane,Massinga,Mulheres,17 a 21,12714.0
2025,Janeiro,Inhambane,Massinga,Homens,22 a 60,65805.0
2025,Janeiro,Inhambane,Massinga,Mulheres,22 a 60,71709.0
2025,Janeiro,Inhambane,Massinga,Homens,Mais de 60,5520.0
2025,Janeiro,Inhambane,Massinga,Mulheres,Mais de 60,4627.0
2025,Janeiro,Inhambane,Massinga,Outros,N/A,39.0
2025,Fevereiro,Inhambane,Massinga,Homens,0 a 16,312.0
2025,Fevereiro,Inhambane,Massinga,Mulheres,0 a 16,265.0
2025,Fevereiro,Inhambane,Massinga,Homens,17 a 21,12693.0
2025,Fevereiro,Inhambane,Massinga,Mulheres,17 a 21,12578.0
2025,Fevereiro,Inhambane,Massinga,Homens,22 a 60,64666.0
2025,Fevereiro,Inhambane,Massinga,Mulheres,22 a 60,71552.0
2025,Fevereiro,Inhambane,Massinga,Homens,Mais de 60,5457.0
2025,Fevereiro,Inhambane,Massinga,Mulheres,Mais de 60,4660.0
2025,Fevereiro,Inhambane,Massinga,Outros,N/A,40.0
2025,Março,Inhambane,Massinga,Homens,0 a 16,293.0
2025,Março,Inhambane,Massinga,Mulheres,0 a 16,280.0
2025,Março,Inhambane,Massinga,Homens,17 a 21,12793.0
2025,Março,Inhambane,Massinga,Mulheres,17 a 21,12735.0
2025,Março,Inhambane,Massinga,Homens,22 a 60,66082.0
2025,Março,Inhambane,Massinga,Mulheres,22 a 60,72387.0
2025,Março,Inhambane,Massinga,Homens,Mais de 60,5577.0
2025,Março,Inhambane,Massinga,Mulheres,Mais de 60,4763.0
2025,Março,Inhambane,Massinga,Outros,N/A,43.0
2025,Abril,Inhambane,Massinga,Homens,0 a 16,328.0
2025,Abril,Inhambane,Massinga,Mulheres,0 a 16,317.0
2025,Abril,Inhambane,Massinga,Homens,17 a 21,13381.0
2025,Abril,Inhambane,Massinga,Mulheres,17 a 21,13278.0
2025,Abril,Inhambane,Massinga,Homens,22 a 60,68290.0
2025,Abril,Inhambane,Massinga,Mulheres,22 a 60,74568.0
2025,Abril,Inhambane,Massinga,Homens,Mais de 60,5793.0
2025,Abril,Inhambane,Massinga,Mulheres,Mais de 60,4973.0
2025,Abril,Inhambane,Massinga,Outros,N/A,43.0
2025,Maio,Inhambane,Massinga,Homens,0 a 16,328.0
2025,Maio,Inhambane,Massinga,Mulheres,0 a 16,324.0
2025,Maio,Inhambane,Massinga,Homens,17 a 21,13157.0
2025,Maio,Inhambane,Massinga,Mulheres,17 a 21,13230.0
2025,Maio,Inhambane,Massinga,Homens,22 a 60,67522.0
2025,Maio,Inhambane,Massinga,Mulheres,22 a 60,74378.0
2025,Maio,Inhambane,Massinga,Homens,Mais de 60,5731.0
2025,Maio,Inhambane,Massinga,Mulheres,Mais de 60,4975.0
2025,Maio,Inhambane,Massinga,Outros,N/A,44.0
2025,Junho,Inhambane,Massinga,Homens,0 a 16,367.0
2025,Junho,Inhambane,Massinga,Mulheres,0 a 16,332.0
2025,Junho,Inhambane,Massinga,Homens,17 a 21,12997.0
2025,Junho,Inhambane,Massinga,Mulheres,17 a 21,13395.0
2025,Junho,Inhambane,Massinga,Homens,22 a 60,67158.0
2025,Junho,Inhambane,Massinga,Mulheres,22 a 60,74297.0
2025,Junho,Inhambane,Massinga,Homens,Mais de 60,5723.0
2025,Junho,Inhambane,Massinga,Mulheres,Mais de 60,5017.0
2025,Junho,Inhambane,Massinga,Outros,N/A,49.0
2025,Julho,Inhambane,Massinga,Homens,0 a 16,389.0
2025,Julho,Inhambane,Massinga,Mulheres,0 a 16,366.0
2025,Julho,Inhambane,Massinga,Homens,17 a 21,13095.0
2025,Julho,Inhambane,Massinga,Mulheres,17 a 21,13410.0
2025,Julho,Inhambane,Massinga,Homens,22 a 60,66988.0
2025,Julho,Inhambane,Massinga,Mulheres,22 a 60,74132.0
2025,Julho,Inhambane,Massinga,Homens,Mais de 60,5697.0
2025,Julho,Inhambane,Massinga,Mulheres,Mais de 60,5051.0
2025,Julho,Inhambane,Massinga,Outros,N/A,61.0
2025,Agosto,Inhambane,Massinga,Homens,0 a 16,379.0
2025,Agosto,Inhambane,Massinga,Mulheres,0 a 16,329.0
2025,Agosto,Inhambane,Massinga,Homens,17 a 21,13403.0
2025,Agosto,Inhambane,Massinga,Mulheres,17 a 21,13793.0
2025,Agosto,Inhambane,Massinga,Homens,22 a 60,68677.0
2025,Agosto,Inhambane,Massinga,Mulheres,22 a 60,75780.0
2025,Agosto,Inhambane,Massinga,Homens,Mais de 60,5853.0
2025,Agosto,Inhambane,Massinga,Mulheres,Mais de 60,5245.0
2025,Agosto,Inhambane,Massinga,Outros,N/A,58.0
2025,Setembro,Inhambane,Massinga,Homens,0 a 16,356.0
2025,Setembro,Inhambane,Massinga,Mulheres,0 a 16,337.0
2025,Setembro,Inhambane,Massinga,Homens,17 a 21,13613.0
2025,Setembro,Inhambane,Massinga,Mulheres,17 a 21,13892.0
2025,Setembro,Inhambane,Massinga,Homens,22 a 60,69484.0
2025,Setembro,Inhambane,Massinga,Mulheres,22 a 60,77183.0
2025,Setembro,Inhambane,Massinga,Homens,Mais de 60,5997.0
2025,Setembro,Inhambane,Massinga,Mulheres,Mais de 60,5317.0
2025,Setembro,Inhambane,Massinga,Outros,N/A,59.0
2025,Outubro,Inhambane,Massinga,Homens,0 a 16,360.0
2025,Outubro,Inhambane,Massinga,Mulheres,0 a 16,354.0
2025,Outubro,Inhambane,Massinga,Homens,17 a 21,14162.0
2025,Outubro,Inhambane,Massinga,Mulheres,17 a 21,14547.0
2025,Outubro,Inhambane,Massinga,Homens,22 a 60,73052.0
2025,Outubro,Inhambane,Massinga,Mulheres,22 a 60,80628.0
2025,Outubro,Inhambane,Massinga,Homens,Mais de 60,6234.0
2025,Outubro,Inhambane,Massinga,Mulheres,Mais de 60,5519.0
2025,Outubro,Inhambane,Massinga,Outros,N/A,64.0
2025,Novembro,Inhambane,Massinga,Homens,0 a 16,365.0
2025,Novembro,Inhambane,Massinga,Mulheres,0 a 16,364.0
2025,Novembro,Inhambane,Massinga,Homens,17 a 21,14308.0
2025,Novembro,Inhambane,Massinga,Mulheres,17 a 21,14996.0
2025,Novembro,Inhambane,Massinga,Homens,22 a 60,72050.0
2025,Novembro,Inhambane,Massinga,Mulheres,22 a 60,84181.0
2025,Novembro,Inhambane,Massinga,Homens,Mais de 60,6076.0
2025,Novembro,Inhambane,Massinga,Mulheres,Mais de 60,5799.0
2025,Novembro,Inhambane,Massinga,Outros,N/A,32.0
2025,Dezembro,Inhambane,Massinga,Homens,0 a 16,389.0
2025,Dezembro,Inhambane,Massinga,Mulheres,0 a 16,350.0
2025,Dezembro,Inhambane,Massinga,Homens,17 a 21,15462.0
2025,Dezembro,Inhambane,Massinga,Mulheres,17 a 21,15749.0
2025,Dezembro,Inhambane,Massinga,Homens,22 a 60,81698.0
2025,Dezembro,Inhambane,Massinga,Mulheres,22 a 60,87991.0
2025,Dezembro,Inhambane,Massinga,Homens,Mais de 60,6613.0
2025,Dezembro,Inhambane,Massinga,Mulheres,Mais de 60,5977.0
2025,Dezembro,Inhambane,Massinga,Outros,N/A,32.0
2025,Janeiro,Inhambane,Morrumbene,Homens,0 a 16,100.0
2025,Janeiro,Inhambane,Morrumbene,Mulheres,0 a 16,111.0
2025,Janeiro,Inhambane,Morrumbene,Homens,17 a 21,5590.0
2025,Janeiro,Inhambane,Morrumbene,Mulheres,17 a 21,5689.0
2025,Janeiro,Inhambane,Morrumbene,Homens,22 a 60,27439.0
2025,Janeiro,Inhambane,Morrumbene,Mulheres,22 a 60,29047.0
2025,Janeiro,Inhambane,Morrumbene,Homens,Mais de 60,2560.0
2025,Janeiro,Inhambane,Morrumbene,Mulheres,Mais de 60,2398.0
2025,Janeiro,Inhambane,Morrumbene,Outros,N/A,14.0
2025,Fevereiro,Inhambane,Morrumbene,Homens,0 a 16,125.0
2025,Fevereiro,Inhambane,Morrumbene,Mulheres,0 a 16,126.0
2025,Fevereiro,Inhambane,Morrumbene,Homens,17 a 21,5574.0
2025,Fevereiro,Inhambane,Morrumbene,Mulheres,17 a 21,5721.0
2025,Fevereiro,Inhambane,Morrumbene,Homens,22 a 60,26953.0
2025,Fevereiro,Inhambane,Morrumbene,Mulheres,22 a 60,29233.0
2025,Fevereiro,Inhambane,Morrumbene,Homens,Mais de 60,2592.0
2025,Fevereiro,Inhambane,Morrumbene,Mulheres,Mais de 60,2423.0
2025,Fevereiro,Inhambane,Morrumbene,Outros,N/A,9.0
2025,Março,Inhambane,Morrumbene,Homens,0 a 16,112.0
2025,Março,Inhambane,Morrumbene,Mulheres,0 a 16,109.0
2025,Março,Inhambane,Morrumbene,Homens,17 a 21,5692.0
2025,Março,Inhambane,Morrumbene,Mulheres,17 a 21,5860.0
2025,Março,Inhambane,Morrumbene,Homens,22 a 60,28250.0
2025,Março,Inhambane,Morrumbene,Mulheres,22 a 60,30355.0
2025,Março,Inhambane,Morrumbene,Homens,Mais de 60,2785.0
2025,Março,Inhambane,Morrumbene,Mulheres,Mais de 60,2532.0
2025,Março,Inhambane,Morrumbene,Outros,N/A,14.0
2025,Abril,Inhambane,Morrumbene,Homens,0 a 16,141.0
2025,Abril,Inhambane,Morrumbene,Mulheres,0 a 16,135.0
2025,Abril,Inhambane,Morrumbene,Homens,17 a 21,6043.0
2025,Abril,Inhambane,Morrumbene,Mulheres,17 a 21,6171.0
2025,Abril,Inhambane,Morrumbene,Homens,22 a 60,29249.0
2025,Abril,Inhambane,Morrumbene,Mulheres,22 a 60,31460.0
2025,Abril,Inhambane,Morrumbene,Homens,Mais de 60,2785.0
2025,Abril,Inhambane,Morrumbene,Mulheres,Mais de 60,2654.0
2025,Abril,Inhambane,Morrumbene,Outros,N/A,14.0
2025,Maio,Inhambane,Morrumbene,Homens,0 a 16,147.0
2025,Maio,Inhambane,Morrumbene,Mulheres,0 a 16,146.0
2025,Maio,Inhambane,Morrumbene,Homens,17 a 21,5799.0
2025,Maio,Inhambane,Morrumbene,Mulheres,17 a 21,6045.0
2025,Maio,Inhambane,Morrumbene,Homens,22 a 60,28695.0
2025,Maio,Inhambane,Morrumbene,Mulheres,22 a 60,30965.0
2025,Maio,Inhambane,Morrumbene,Homens,Mais de 60,2863.0
2025,Maio,Inhambane,Morrumbene,Mulheres,Mais de 60,2686.0
2025,Maio,Inhambane,Morrumbene,Outros,N/A,9.0
2025,Junho,Inhambane,Morrumbene,Homens,0 a 16,146.0
2025,Junho,Inhambane,Morrumbene,Mulheres,0 a 16,146.0
2025,Junho,Inhambane,Morrumbene,Homens,17 a 21,5297.0
2025,Junho,Inhambane,Morrumbene,Mulheres,17 a 21,5683.0
2025,Junho,Inhambane,Morrumbene,Homens,22 a 60,26072.0
2025,Junho,Inhambane,Morrumbene,Mulheres,22 a 60,28586.0
2025,Junho,Inhambane,Morrumbene,Homens,Mais de 60,2681.0
2025,Junho,Inhambane,Morrumbene,Mulheres,Mais de 60,2570.0
2025,Junho,Inhambane,Morrumbene,Outros,N/A,15.0
2025,Julho,Inhambane,Morrumbene,Homens,0 a 16,146.0
2025,Julho,Inhambane,Morrumbene,Mulheres,0 a 16,160.0
2025,Julho,Inhambane,Morrumbene,Homens,17 a 21,5336.0
2025,Julho,Inhambane,Morrumbene,Mulheres,17 a 21,5840.0
2025,Julho,Inhambane,Morrumbene,Homens,22 a 60,26266.0
2025,Julho,Inhambane,Morrumbene,Mulheres,22 a 60,28809.0
2025,Julho,Inhambane,Morrumbene,Homens,Mais de 60,2720.0
2025,Julho,Inhambane,Morrumbene,Mulheres,Mais de 60,2629.0
2025,Julho,Inhambane,Morrumbene,Outros,N/A,24.0
2025,Agosto,Inhambane,Morrumbene,Homens,0 a 16,114.0
2025,Agosto,Inhambane,Morrumbene,Mulheres,0 a 16,149.0
2025,Agosto,Inhambane,Morrumbene,Homens,17 a 21,5391.0
2025,Agosto,Inhambane,Morrumbene,Mulheres,17 a 21,5783.0
2025,Agosto,Inhambane,Morrumbene,Homens,22 a 60,27043.0
2025,Agosto,Inhambane,Morrumbene,Mulheres,22 a 60,29206.0
2025,Agosto,Inhambane,Morrumbene,Homens,Mais de 60,2806.0
2025,Agosto,Inhambane,Morrumbene,Mulheres,Mais de 60,2695.0
2025,Agosto,Inhambane,Morrumbene,Outros,N/A,23.0
2025,Setembro,Inhambane,Morrumbene,Homens,0 a 16,123.0
2025,Setembro,Inhambane,Morrumbene,Mulheres,0 a 16,143.0
2025,Setembro,Inhambane,Morrumbene,Homens,17 a 21,5435.0
2025,Setembro,Inhambane,Morrumbene,Mulheres,17 a 21,5875.0
2025,Setembro,Inhambane,Morrumbene,Homens,22 a 60,27344.0
2025,Setembro,Inhambane,Morrumbene,Mulheres,22 a 60,29698.0
2025,Setembro,Inhambane,Morrumbene,Homens,Mais de 60,2852.0
2025,Setembro,Inhambane,Morrumbene,Mulheres,Mais de 60,2738.0
2025,Setembro,Inhambane,Morrumbene,Outros,N/A,23.0
2025,Outubro,Inhambane,Morrumbene,Homens,0 a 16,120.0
2025,Outubro,Inhambane,Morrumbene,Mulheres,0 a 16,137.0
2025,Outubro,Inhambane,Morrumbene,Homens,17 a 21,5719.0
2025,Outubro,Inhambane,Morrumbene,Mulheres,17 a 21,6159.0
2025,Outubro,Inhambane,Morrumbene,Homens,22 a 60,28540.0
2025,Outubro,Inhambane,Morrumbene,Mulheres,22 a 60,31183.0
2025,Outubro,Inhambane,Morrumbene,Homens,Mais de 60,2973.0
2025,Outubro,Inhambane,Morrumbene,Mulheres,Mais de 60,2872.0
2025,Outubro,Inhambane,Morrumbene,Outros,N/A,24.0
2025,Novembro,Inhambane,Morrumbene,Homens,0 a 16,113.0
2025,Novembro,Inhambane,Morrumbene,Mulheres,0 a 16,124.0
2025,Novembro,Inhambane,Morrumbene,Homens,17 a 21,5826.0
2025,Novembro,Inhambane,Morrumbene,Mulheres,17 a 21,6389.0
2025,Novembro,Inhambane,Morrumbene,Homens,22 a 60,27570.0
2025,Novembro,Inhambane,Morrumbene,Mulheres,22 a 60,31756.0
2025,Novembro,Inhambane,Morrumbene,Homens,Mais de 60,2774.0
2025,Novembro,Inhambane,Morrumbene,Mulheres,Mais de 60,2919.0
2025,Novembro,Inhambane,Morrumbene,Outros,N/A,7.0
2025,Dezembro,Inhambane,Morrumbene,Homens,0 a 16,132.0
2025,Dezembro,Inhambane,Morrumbene,Mulheres,0 a 16,151.0
2025,Dezembro,Inhambane,Morrumbene,Homens,17 a 21,6467.0
2025,Dezembro,Inhambane,Morrumbene,Mulheres,17 a 21,7026.0
2025,Dezembro,Inhambane,Morrumbene,Homens,22 a 60,32622.0
2025,Dezembro,Inhambane,Morrumbene,Mulheres,22 a 60,34957.0
2025,Dezembro,Inhambane,Morrumbene,Homens,Mais de 60,3234.0
2025,Dezembro,Inhambane,Morrumbene,Mulheres,Mais de 60,3144.0
2025,Dezembro,Inhambane,Morrumbene,Outros,N/A,8.0
2025,Janeiro,Inhambane,Panda,Homens,0 a 16,29.0
2025,Janeiro,Inhambane,Panda,Mulheres,0 a 16,25.0
2025,Janeiro,Inhambane,Panda,Homens,17 a 21,2189.0
2025,Janeiro,Inhambane,Panda,Mulheres,17 a 21,2157.0
2025,Janeiro,Inhambane,Panda,Homens,22 a 60,9669.0
2025,Janeiro,Inhambane,Panda,Mulheres,22 a 60,9604.0
2025,Janeiro,Inhambane,Panda,Homens,Mais de 60,1112.0
2025,Janeiro,Inhambane,Panda,Mulheres,Mais de 60,1164.0
2025,Janeiro,Inhambane,Panda,Outros,N/A,5.0
2025,Fevereiro,Inhambane,Panda,Homens,0 a 16,30.0
2025,Fevereiro,Inhambane,Panda,Mulheres,0 a 16,30.0
2025,Fevereiro,Inhambane,Panda,Homens,17 a 21,2219.0
2025,Fevereiro,Inhambane,Panda,Mulheres,17 a 21,2251.0
2025,Fevereiro,Inhambane,Panda,Homens,22 a 60,9645.0
2025,Fevereiro,Inhambane,Panda,Mulheres,22 a 60,9802.0
2025,Fevereiro,Inhambane,Panda,Homens,Mais de 60,1139.0
2025,Fevereiro,Inhambane,Panda,Mulheres,Mais de 60,1210.0
2025,Fevereiro,Inhambane,Panda,Outros,N/A,9.0
2025,Março,Inhambane,Panda,Homens,0 a 16,27.0
2025,Março,Inhambane,Panda,Mulheres,0 a 16,28.0
2025,Março,Inhambane,Panda,Homens,17 a 21,2328.0
2025,Março,Inhambane,Panda,Mulheres,17 a 21,2343.0
2025,Março,Inhambane,Panda,Homens,22 a 60,10330.0
2025,Março,Inhambane,Panda,Mulheres,22 a 60,10442.0
2025,Março,Inhambane,Panda,Homens,Mais de 60,1228.0
2025,Março,Inhambane,Panda,Mulheres,Mais de 60,1230.0
2025,Março,Inhambane,Panda,Outros,N/A,6.0
2025,Abril,Inhambane,Panda,Homens,0 a 16,43.0
2025,Abril,Inhambane,Panda,Mulheres,0 a 16,46.0
2025,Abril,Inhambane,Panda,Homens,17 a 21,2439.0
2025,Abril,Inhambane,Panda,Mulheres,17 a 21,2426.0
2025,Abril,Inhambane,Panda,Homens,22 a 60,10825.0
2025,Abril,Inhambane,Panda,Mulheres,22 a 60,11023.0
2025,Abril,Inhambane,Panda,Homens,Mais de 60,1286.0
2025,Abril,Inhambane,Panda,Mulheres,Mais de 60,1292.0
2025,Abril,Inhambane,Panda,Outros,N/A,7.0
2025,Maio,Inhambane,Panda,Homens,0 a 16,42.0
2025,Maio,Inhambane,Panda,Mulheres,0 a 16,57.0
2025,Maio,Inhambane,Panda,Homens,17 a 21,2308.0
2025,Maio,Inhambane,Panda,Mulheres,17 a 21,2378.0
2025,Maio,Inhambane,Panda,Homens,22 a 60,10470.0
2025,Maio,Inhambane,Panda,Mulheres,22 a 60,10538.0
2025,Maio,Inhambane,Panda,Homens,Mais de 60,1304.0
2025,Maio,Inhambane,Panda,Mulheres,Mais de 60,1303.0
2025,Maio,Inhambane,Panda,Outros,N/A,7.0
2025,Junho,Inhambane,Panda,Homens,0 a 16,42.0
2025,Junho,Inhambane,Panda,Mulheres,0 a 16,54.0
2025,Junho,Inhambane,Panda,Homens,17 a 21,2076.0
2025,Junho,Inhambane,Panda,Mulheres,17 a 21,2206.0
2025,Junho,Inhambane,Panda,Homens,22 a 60,9220.0
2025,Junho,Inhambane,Panda,Mulheres,22 a 60,9366.0
2025,Junho,Inhambane,Panda,Homens,Mais de 60,1174.0
2025,Junho,Inhambane,Panda,Mulheres,Mais de 60,1246.0
2025,Junho,Inhambane,Panda,Outros,N/A,7.0
2025,Julho,Inhambane,Panda,Homens,0 a 16,34.0
2025,Julho,Inhambane,Panda,Mulheres,0 a 16,48.0
2025,Julho,Inhambane,Panda,Homens,17 a 21,2047.0
2025,Julho,Inhambane,Panda,Mulheres,17 a 21,2182.0
2025,Julho,Inhambane,Panda,Homens,22 a 60,9142.0
2025,Julho,Inhambane,Panda,Mulheres,22 a 60,9392.0
2025,Julho,Inhambane,Panda,Homens,Mais de 60,1163.0
2025,Julho,Inhambane,Panda,Mulheres,Mais de 60,1239.0
2025,Julho,Inhambane,Panda,Outros,N/A,8.0
2025,Agosto,Inhambane,Panda,Homens,0 a 16,32.0
2025,Agosto,Inhambane,Panda,Mulheres,0 a 16,49.0
2025,Agosto,Inhambane,Panda,Homens,17 a 21,2046.0
2025,Agosto,Inhambane,Panda,Mulheres,17 a 21,2167.0
2025,Agosto,Inhambane,Panda,Homens,22 a 60,9413.0
2025,Agosto,Inhambane,Panda,Mulheres,22 a 60,9465.0
2025,Agosto,Inhambane,Panda,Homens,Mais de 60,1196.0
2025,Agosto,Inhambane,Panda,Mulheres,Mais de 60,1264.0
2025,Agosto,Inhambane,Panda,Outros,N/A,7.0
2025,Setembro,Inhambane,Panda,Homens,0 a 16,39.0
2025,Setembro,Inhambane,Panda,Mulheres,0 a 16,55.0
2025,Setembro,Inhambane,Panda,Homens,17 a 21,2181.0
2025,Setembro,Inhambane,Panda,Mulheres,17 a 21,2287.0
2025,Setembro,Inhambane,Panda,Homens,22 a 60,9607.0
2025,Setembro,Inhambane,Panda,Mulheres,22 a 60,9789.0
2025,Setembro,Inhambane,Panda,Homens,Mais de 60,1219.0
2025,Setembro,Inhambane,Panda,Mulheres,Mais de 60,1284.0
2025,Setembro,Inhambane,Panda,Outros,N/A,7.0
2025,Outubro,Inhambane,Panda,Homens,0 a 16,52.0
2025,Outubro,Inhambane,Panda,Mulheres,0 a 16,59.0
2025,Outubro,Inhambane,Panda,Homens,17 a 21,2335.0
2025,Outubro,Inhambane,Panda,Mulheres,17 a 21,2462.0
2025,Outubro,Inhambane,Panda,Homens,22 a 60,10007.0
2025,Outubro,Inhambane,Panda,Mulheres,22 a 60,10262.0
2025,Outubro,Inhambane,Panda,Homens,Mais de 60,1249.0
2025,Outubro,Inhambane,Panda,Mulheres,Mais de 60,1340.0
2025,Outubro,Inhambane,Panda,Outros,N/A,11.0
2025,Novembro,Inhambane,Panda,Homens,0 a 16,50.0
2025,Novembro,Inhambane,Panda,Mulheres,0 a 16,50.0
2025,Novembro,Inhambane,Panda,Homens,17 a 21,2403.0
2025,Novembro,Inhambane,Panda,Mulheres,17 a 21,2571.0
2025,Novembro,Inhambane,Panda,Homens,22 a 60,10004.0
2025,Novembro,Inhambane,Panda,Mulheres,22 a 60,10627.0
2025,Novembro,Inhambane,Panda,Homens,Mais de 60,1226.0
2025,Novembro,Inhambane,Panda,Mulheres,Mais de 60,1377.0
2025,Novembro,Inhambane,Panda,Outros,N/A,4.0
2025,Dezembro,Inhambane,Panda,Homens,0 a 16,60.0
2025,Dezembro,Inhambane,Panda,Mulheres,0 a 16,37.0
2025,Dezembro,Inhambane,Panda,Homens,17 a 21,2656.0
2025,Dezembro,Inhambane,Panda,Mulheres,17 a 21,2834.0
2025,Dezembro,Inhambane,Panda,Homens,22 a 60,11442.0
2025,Dezembro,Inhambane,Panda,Mulheres,22 a 60,11671.0
2025,Dezembro,Inhambane,Panda,Homens,Mais de 60,1358.0
2025,Dezembro,Inhambane,Panda,Mulheres,Mais de 60,1457.0
2025,Dezembro,Inhambane,Panda,Outros,N/A,3.0
2025,Janeiro,Inhambane,Vilankulo,Homens,0 a 16,202.0
2025,Janeiro,Inhambane,Vilankulo,Mulheres,0 a 16,154.0
2025,Janeiro,Inhambane,Vilankulo,Homens,17 a 21,11262.0
2025,Janeiro,Inhambane,Vilankulo,Mulheres,17 a 21,9993.0
2025,Janeiro,Inhambane,Vilankulo,Homens,22 a 60,56503.0
2025,Janeiro,Inhambane,Vilankulo,Mulheres,22 a 60,49709.0
2025,Janeiro,Inhambane,Vilankulo,Homens,Mais de 60,3536.0
2025,Janeiro,Inhambane,Vilankulo,Mulheres,Mais de 60,2853.0
2025,Janeiro,Inhambane,Vilankulo,Outros,N/A,175.0
2025,Fevereiro,Inhambane,Vilankulo,Homens,0 a 16,189.0
2025,Fevereiro,Inhambane,Vilankulo,Mulheres,0 a 16,149.0
2025,Fevereiro,Inhambane,Vilankulo,Homens,17 a 21,11123.0
2025,Fevereiro,Inhambane,Vilankulo,Mulheres,17 a 21,10049.0
2025,Fevereiro,Inhambane,Vilankulo,Homens,22 a 60,55704.0
2025,Fevereiro,Inhambane,Vilankulo,Mulheres,22 a 60,49725.0
2025,Fevereiro,Inhambane,Vilankulo,Homens,Mais de 60,3497.0
2025,Fevereiro,Inhambane,Vilankulo,Mulheres,Mais de 60,2834.0
2025,Fevereiro,Inhambane,Vilankulo,Outros,N/A,169.0
2025,Março,Inhambane,Vilankulo,Homens,0 a 16,166.0
2025,Março,Inhambane,Vilankulo,Mulheres,0 a 16,150.0
2025,Março,Inhambane,Vilankulo,Homens,17 a 21,11431.0
2025,Março,Inhambane,Vilankulo,Mulheres,17 a 21,10444.0
2025,Março,Inhambane,Vilankulo,Homens,22 a 60,57910.0
2025,Março,Inhambane,Vilankulo,Mulheres,22 a 60,51201.0
2025,Março,Inhambane,Vilankulo,Homens,Mais de 60,3669.0
2025,Março,Inhambane,Vilankulo,Mulheres,Mais de 60,2963.0
2025,Março,Inhambane,Vilankulo,Outros,N/A,173.0
2025,Abril,Inhambane,Vilankulo,Homens,0 a 16,182.0
2025,Abril,Inhambane,Vilankulo,Mulheres,0 a 16,161.0
2025,Abril,Inhambane,Vilankulo,Homens,17 a 21,12234.0
2025,Abril,Inhambane,Vilankulo,Mulheres,17 a 21,11136.0
2025,Abril,Inhambane,Vilankulo,Homens,22 a 60,60729.0
2025,Abril,Inhambane,Vilankulo,Mulheres,22 a 60,53632.0
2025,Abril,Inhambane,Vilankulo,Homens,Mais de 60,3877.0
2025,Abril,Inhambane,Vilankulo,Mulheres,Mais de 60,3181.0
2025,Abril,Inhambane,Vilankulo,Outros,N/A,158.0
2025,Maio,Inhambane,Vilankulo,Homens,0 a 16,161.0
2025,Maio,Inhambane,Vilankulo,Mulheres,0 a 16,133.0
2025,Maio,Inhambane,Vilankulo,Homens,17 a 21,11533.0
2025,Maio,Inhambane,Vilankulo,Mulheres,17 a 21,10734.0
2025,Maio,Inhambane,Vilankulo,Homens,22 a 60,58912.0
2025,Maio,Inhambane,Vilankulo,Mulheres,22 a 60,52078.0
2025,Maio,Inhambane,Vilankulo,Homens,Mais de 60,3751.0
2025,Maio,Inhambane,Vilankulo,Mulheres,Mais de 60,3094.0
2025,Maio,Inhambane,Vilankulo,Outros,N/A,160.0
2025,Junho,Inhambane,Vilankulo,Homens,0 a 16,139.0
2025,Junho,Inhambane,Vilankulo,Mulheres,0 a 16,129.0
2025,Junho,Inhambane,Vilankulo,Homens,17 a 21,10395.0
2025,Junho,Inhambane,Vilankulo,Mulheres,17 a 21,9900.0
2025,Junho,Inhambane,Vilankulo,Homens,22 a 60,54157.0
2025,Junho,Inhambane,Vilankulo,Mulheres,22 a 60,48577.0
2025,Junho,Inhambane,Vilankulo,Homens,Mais de 60,3499.0
2025,Junho,Inhambane,Vilankulo,Mulheres,Mais de 60,2842.0
2025,Junho,Inhambane,Vilankulo,Outros,N/A,150.0
2025,Julho,Inhambane,Vilankulo,Homens,0 a 16,137.0
2025,Julho,Inhambane,Vilankulo,Mulheres,0 a 16,129.0
2025,Julho,Inhambane,Vilankulo,Homens,17 a 21,10260.0
2025,Julho,Inhambane,Vilankulo,Mulheres,17 a 21,9929.0
2025,Julho,Inhambane,Vilankulo,Homens,22 a 60,54276.0
2025,Julho,Inhambane,Vilankulo,Mulheres,22 a 60,48485.0
2025,Julho,Inhambane,Vilankulo,Homens,Mais de 60,3549.0
2025,Julho,Inhambane,Vilankulo,Mulheres,Mais de 60,2877.0
2025,Julho,Inhambane,Vilankulo,Outros,N/A,145.0
2025,Agosto,Inhambane,Vilankulo,Homens,0 a 16,139.0
2025,Agosto,Inhambane,Vilankulo,Mulheres,0 a 16,134.0
2025,Agosto,Inhambane,Vilankulo,Homens,17 a 21,10576.0
2025,Agosto,Inhambane,Vilankulo,Mulheres,17 a 21,10063.0
2025,Agosto,Inhambane,Vilankulo,Homens,22 a 60,55531.0
2025,Agosto,Inhambane,Vilankulo,Mulheres,22 a 60,49085.0
2025,Agosto,Inhambane,Vilankulo,Homens,Mais de 60,3621.0
2025,Agosto,Inhambane,Vilankulo,Mulheres,Mais de 60,2943.0
2025,Agosto,Inhambane,Vilankulo,Outros,N/A,40.0
2025,Setembro,Inhambane,Vilankulo,Homens,0 a 16,161.0
2025,Setembro,Inhambane,Vilankulo,Mulheres,0 a 16,138.0
2025,Setembro,Inhambane,Vilankulo,Homens,17 a 21,10809.0
2025,Setembro,Inhambane,Vilankulo,Mulheres,17 a 21,10430.0
2025,Setembro,Inhambane,Vilankulo,Homens,22 a 60,56474.0
2025,Setembro,Inhambane,Vilankulo,Mulheres,22 a 60,50203.0
2025,Setembro,Inhambane,Vilankulo,Homens,Mais de 60,3696.0
2025,Setembro,Inhambane,Vilankulo,Mulheres,Mais de 60,3011.0
2025,Setembro,Inhambane,Vilankulo,Outros,N/A,50.0
2025,Outubro,Inhambane,Vilankulo,Homens,0 a 16,174.0
2025,Outubro,Inhambane,Vilankulo,Mulheres,0 a 16,158.0
2025,Outubro,Inhambane,Vilankulo,Homens,17 a 21,10886.0
2025,Outubro,Inhambane,Vilankulo,Mulheres,17 a 21,10701.0
2025,Outubro,Inhambane,Vilankulo,Homens,22 a 60,57548.0
2025,Outubro,Inhambane,Vilankulo,Mulheres,22 a 60,51484.0
2025,Outubro,Inhambane,Vilankulo,Homens,Mais de 60,3774.0
2025,Outubro,Inhambane,Vilankulo,Mulheres,Mais de 60,3139.0
2025,Outubro,Inhambane,Vilankulo,Outros,N/A,37.0
2025,Novembro,Inhambane,Vilankulo,Homens,0 a 16,190.0
2025,Novembro,Inhambane,Vilankulo,Mulheres,0 a 16,161.0
2025,Novembro,Inhambane,Vilankulo,Homens,17 a 21,11039.0
2025,Novembro,Inhambane,Vilankulo,Mulheres,17 a 21,11132.0
2025,Novembro,Inhambane,Vilankulo,Homens,22 a 60,56378.0
2025,Novembro,Inhambane,Vilankulo,Mulheres,22 a 60,54635.0
2025,Novembro,Inhambane,Vilankulo,Homens,Mais de 60,3725.0
2025,Novembro,Inhambane,Vilankulo,Mulheres,Mais de 60,3360.0
2025,Novembro,Inhambane,Vilankulo,Outros,N/A,13.0
2025,Dezembro,Inhambane,Vilankulo,Homens,0 a 16,170.0
2025,Dezembro,Inhambane,Vilankulo,Mulheres,0 a 16,143.0
2025,Dezembro,Inhambane,Vilankulo,Homens,17 a 21,11448.0
2025,Dezembro,Inhambane,Vilankulo,Mulheres,17 a 21,11286.0
2025,Dezembro,Inhambane,Vilankulo,Homens,22 a 60,61341.0
2025,Dezembro,Inhambane,Vilankulo,Mulheres,22 a 60,54465.0
2025,Dezembro,Inhambane,Vilankulo,Homens,Mais de 60,4008.0
2025,Dezembro,Inhambane,Vilankulo,Mulheres,Mais de 60,3383.0
2025,Dezembro,Inhambane,Vilankulo,Outros,N/A,14.0
2025,Janeiro,Inhambane,Zavala (Quissico),Homens,0 a 16,145.0
2025,Janeiro,Inhambane,Zavala (Quissico),Mulheres,0 a 16,141.0
2025,Janeiro,Inhambane,Zavala (Quissico),Homens,17 a 21,7862.0
2025,Janeiro,Inhambane,Zavala (Quissico),Mulheres,17 a 21,8100.0
2025,Janeiro,Inhambane,Zavala (Quissico),Homens,22 a 60,39088.0
2025,Janeiro,Inhambane,Zavala (Quissico),Mulheres,22 a 60,42145.0
2025,Janeiro,Inhambane,Zavala (Quissico),Homens,Mais de 60,4032.0
2025,Janeiro,Inhambane,Zavala (Quissico),Mulheres,Mais de 60,3803.0
2025,Janeiro,Inhambane,Zavala (Quissico),Outros,N/A,22.0
2025,Fevereiro,Inhambane,Zavala (Quissico),Homens,0 a 16,133.0
2025,Fevereiro,Inhambane,Zavala (Quissico),Mulheres,0 a 16,140.0
2025,Fevereiro,Inhambane,Zavala (Quissico),Homens,17 a 21,7745.0
2025,Fevereiro,Inhambane,Zavala (Quissico),Mulheres,17 a 21,7999.0
2025,Fevereiro,Inhambane,Zavala (Quissico),Homens,22 a 60,38719.0
2025,Fevereiro,Inhambane,Zavala (Quissico),Mulheres,22 a 60,41764.0
2025,Fevereiro,Inhambane,Zavala (Quissico),Homens,Mais de 60,4012.0
2025,Fevereiro,Inhambane,Zavala (Quissico),Mulheres,Mais de 60,3790.0
2025,Fevereiro,Inhambane,Zavala (Quissico),Outros,N/A,19.0
2025,Março,Inhambane,Zavala (Quissico),Homens,0 a 16,141.0
2025,Março,Inhambane,Zavala (Quissico),Mulheres,0 a 16,151.0
2025,Março,Inhambane,Zavala (Quissico),Homens,17 a 21,8057.0
2025,Março,Inhambane,Zavala (Quissico),Mulheres,17 a 21,8287.0
2025,Março,Inhambane,Zavala (Quissico),Homens,22 a 60,40209.0
2025,Março,Inhambane,Zavala (Quissico),Mulheres,22 a 60,43269.0
2025,Março,Inhambane,Zavala (Quissico),Homens,Mais de 60,4148.0
2025,Março,Inhambane,Zavala (Quissico),Mulheres,Mais de 60,3930.0
2025,Março,Inhambane,Zavala (Quissico),Outros,N/A,24.0
2025,Abril,Inhambane,Zavala (Quissico),Homens,0 a 16,172.0
2025,Abril,Inhambane,Zavala (Quissico),Mulheres,0 a 16,194.0
2025,Abril,Inhambane,Zavala (Quissico),Homens,17 a 21,8848.0
2025,Abril,Inhambane,Zavala (Quissico),Mulheres,17 a 21,9010.0
2025,Abril,Inhambane,Zavala (Quissico),Homens,22 a 60,43026.0
2025,Abril,Inhambane,Zavala (Quissico),Mulheres,22 a 60,45881.0
2025,Abril,Inhambane,Zavala (Quissico),Homens,Mais de 60,4346.0
2025,Abril,Inhambane,Zavala (Quissico),Mulheres,Mais de 60,4181.0
2025,Abril,Inhambane,Zavala (Quissico),Outros,N/A,23.0
2025,Maio,Inhambane,Zavala (Quissico),Homens,0 a 16,135.0
2025,Maio,Inhambane,Zavala (Quissico),Mulheres,0 a 16,197.0
2025,Maio,Inhambane,Zavala (Quissico),Homens,17 a 21,8227.0
2025,Maio,Inhambane,Zavala (Quissico),Mulheres,17 a 21,8575.0
2025,Maio,Inhambane,Zavala (Quissico),Homens,22 a 60,40742.0
2025,Maio,Inhambane,Zavala (Quissico),Mulheres,22 a 60,44018.0
2025,Maio,Inhambane,Zavala (Quissico),Homens,Mais de 60,4270.0
2025,Maio,Inhambane,Zavala (Quissico),Mulheres,Mais de 60,4115.0
2025,Maio,Inhambane,Zavala (Quissico),Outros,N/A,21.0
2025,Junho,Inhambane,Zavala (Quissico),Homens,0 a 16,116.0
2025,Junho,Inhambane,Zavala (Quissico),Mulheres,0 a 16,166.0
2025,Junho,Inhambane,Zavala (Quissico),Homens,17 a 21,7186.0
2025,Junho,Inhambane,Zavala (Quissico),Mulheres,17 a 21,7820.0
2025,Junho,Inhambane,Zavala (Quissico),Homens,22 a 60,35632.0
2025,Junho,Inhambane,Zavala (Quissico),Mulheres,22 a 60,39536.0
2025,Junho,Inhambane,Zavala (Quissico),Homens,Mais de 60,4018.0
2025,Junho,Inhambane,Zavala (Quissico),Mulheres,Mais de 60,3836.0
2025,Junho,Inhambane,Zavala (Quissico),Outros,N/A,22.0
2025,Julho,Inhambane,Zavala (Quissico),Homens,0 a 16,119.0
2025,Julho,Inhambane,Zavala (Quissico),Mulheres,0 a 16,166.0
2025,Julho,Inhambane,Zavala (Quissico),Homens,17 a 21,7219.0
2025,Julho,Inhambane,Zavala (Quissico),Mulheres,17 a 21,7917.0
2025,Julho,Inhambane,Zavala (Quissico),Homens,22 a 60,35768.0
2025,Julho,Inhambane,Zavala (Quissico),Mulheres,22 a 60,39625.0
2025,Julho,Inhambane,Zavala (Quissico),Homens,Mais de 60,4050.0
2025,Julho,Inhambane,Zavala (Quissico),Mulheres,Mais de 60,3912.0
2025,Julho,Inhambane,Zavala (Quissico),Outros,N/A,25.0
2025,Agosto,Inhambane,Zavala (Quissico),Homens,0 a 16,113.0
2025,Agosto,Inhambane,Zavala (Quissico),Mulheres,0 a 16,140.0
2025,Agosto,Inhambane,Zavala (Quissico),Homens,17 a 21,7379.0
2025,Agosto,Inhambane,Zavala (Quissico),Mulheres,17 a 21,8028.0
2025,Agosto,Inhambane,Zavala (Quissico),Homens,22 a 60,36704.0
2025,Agosto,Inhambane,Zavala (Quissico),Mulheres,22 a 60,40334.0
2025,Agosto,Inhambane,Zavala (Quissico),Homens,Mais de 60,4146.0
2025,Agosto,Inhambane,Zavala (Quissico),Mulheres,Mais de 60,3983.0
2025,Agosto,Inhambane,Zavala (Quissico),Outros,N/A,21.0
2025,Setembro,Inhambane,Zavala (Quissico),Homens,0 a 16,118.0
2025,Setembro,Inhambane,Zavala (Quissico),Mulheres,0 a 16,131.0
2025,Setembro,Inhambane,Zavala (Quissico),Homens,17 a 21,7520.0
2025,Setembro,Inhambane,Zavala (Quissico),Mulheres,17 a 21,8213.0
2025,Setembro,Inhambane,Zavala (Quissico),Homens,22 a 60,37412.0
2025,Setembro,Inhambane,Zavala (Quissico),Mulheres,22 a 60,41490.0
2025,Setembro,Inhambane,Zavala (Quissico),Homens,Mais de 60,4268.0
2025,Setembro,Inhambane,Zavala (Quissico),Mulheres,Mais de 60,4134.0
2025,Setembro,Inhambane,Zavala (Quissico),Outros,N/A,19.0
2025,Outubro,Inhambane,Zavala (Quissico),Homens,0 a 16,124.0
2025,Outubro,Inhambane,Zavala (Quissico),Mulheres,0 a 16,150.0
2025,Outubro,Inhambane,Zavala (Quissico),Homens,17 a 21,8013.0
2025,Outubro,Inhambane,Zavala (Quissico),Mulheres,17 a 21,8740.0
2025,Outubro,Inhambane,Zavala (Quissico),Homens,22 a 60,39679.0
2025,Outubro,Inhambane,Zavala (Quissico),Mulheres,22 a 60,44240.0
2025,Outubro,Inhambane,Zavala (Quissico),Homens,Mais de 60,4456.0
2025,Outubro,Inhambane,Zavala (Quissico),Mulheres,Mais de 60,4372.0
2025,Outubro,Inhambane,Zavala (Quissico),Outros,N/A,21.0
2025,Novembro,Inhambane,Zavala (Quissico),Homens,0 a 16,128.0
2025,Novembro,Inhambane,Zavala (Quissico),Mulheres,0 a 16,149.0
2025,Novembro,Inhambane,Zavala (Quissico),Homens,17 a 21,8186.0
2025,Novembro,Inhambane,Zavala (Quissico),Mulheres,17 a 21,8932.0
2025,Novembro,Inhambane,Zavala (Quissico),Homens,22 a 60,39166.0
2025,Novembro,Inhambane,Zavala (Quissico),Mulheres,22 a 60,46129.0
2025,Novembro,Inhambane,Zavala (Quissico),Homens,Mais de 60,4392.0
2025,Novembro,Inhambane,Zavala (Quissico),Mulheres,Mais de 60,4561.0
2025,Novembro,Inhambane,Zavala (Quissico),Outros,N/A,12.0
2025,Dezembro,Inhambane,Zavala (Quissico),Homens,0 a 16,152.0
2025,Dezembro,Inhambane,Zavala (Quissico),Mulheres,0 a 16,174.0
2025,Dezembro,Inhambane,Zavala (Quissico),Homens,17 a 21,9114.0
2025,Dezembro,Inhambane,Zavala (Quissico),Mulheres,17 a 21,10016.0
2025,Dezembro,Inhambane,Zavala (Quissico),Homens,22 a 60,45489.0
2025,Dezembro,Inhambane,Zavala (Quissico),Mulheres,22 a 60,49596.0
2025,Dezembro,Inhambane,Zavala (Quissico),Homens,Mais de 60,4871.0
2025,Dezembro,Inhambane,Zavala (Quissico),Mulheres,Mais de 60,4751.0
2025,Dezembro,Inhambane,Zavala (Quissico),Outros,N/A,12.0
2025,Janeiro,Sofala,Cidade da Beira,Homens,0 a 16,1104.0
2025,Janeiro,Sofala,Cidade da Beira,Mulheres,0 a 16,868.0
2025,Janeiro,Sofala,Cidade da Beira,Homens,17 a 21,65741.0
2025,Janeiro,Sofala,Cidade da Beira,Mulheres,17 a 21,55293.0
2025,Janeiro,Sofala,Cidade da Beira,Homens,22 a 60,385724.0
2025,Janeiro,Sofala,Cidade da Beira,Mulheres,22 a 60,300897.0
2025,Janeiro,Sofala,Cidade da Beira,Homens,Mais de 60,18937.0
2025,Janeiro,Sofala,Cidade da Beira,Mulheres,Mais de 60,14831.0
2025,Janeiro,Sofala,Cidade da Beira,Outros,N/A,1005.0
2025,Fevereiro,Sofala,Cidade da Beira,Homens,0 a 16,1135.0
2025,Fevereiro,Sofala,Cidade da Beira,Mulheres,0 a 16,964.0
2025,Fevereiro,Sofala,Cidade da Beira,Homens,17 a 21,67142.0
2025,Fevereiro,Sofala,Cidade da Beira,Mulheres,17 a 21,56754.0
2025,Fevereiro,Sofala,Cidade da Beira,Homens,22 a 60,386818.0
2025,Fevereiro,Sofala,Cidade da Beira,Mulheres,22 a 60,303723.0
2025,Fevereiro,Sofala,Cidade da Beira,Homens,Mais de 60,19040.0
2025,Fevereiro,Sofala,Cidade da Beira,Mulheres,Mais de 60,15086.0
2025,Fevereiro,Sofala,Cidade da Beira,Outros,N/A,1003.0
2025,Março,Sofala,Cidade da Beira,Homens,0 a 16,1126.0
2025,Março,Sofala,Cidade da Beira,Mulheres,0 a 16,900.0
2025,Março,Sofala,Cidade da Beira,Homens,17 a 21,68042.0
2025,Março,Sofala,Cidade da Beira,Mulheres,17 a 21,57885.0
2025,Março,Sofala,Cidade da Beira,Homens,22 a 60,395232.0
2025,Março,Sofala,Cidade da Beira,Mulheres,22 a 60,309536.0
2025,Março,Sofala,Cidade da Beira,Homens,Mais de 60,19418.0
2025,Março,Sofala,Cidade da Beira,Mulheres,Mais de 60,15481.0
2025,Março,Sofala,Cidade da Beira,Outros,N/A,1011.0
2025,Abril,Sofala,Cidade da Beira,Homens,0 a 16,1031.0
2025,Abril,Sofala,Cidade da Beira,Mulheres,0 a 16,847.0
2025,Abril,Sofala,Cidade da Beira,Homens,17 a 21,66694.0
2025,Abril,Sofala,Cidade da Beira,Mulheres,17 a 21,57230.0
2025,Abril,Sofala,Cidade da Beira,Homens,22 a 60,392849.0
2025,Abril,Sofala,Cidade da Beira,Mulheres,22 a 60,308728.0
2025,Abril,Sofala,Cidade da Beira,Homens,Mais de 60,19493.0
2025,Abril,Sofala,Cidade da Beira,Mulheres,Mais de 60,15622.0
2025,Abril,Sofala,Cidade da Beira,Outros,N/A,1058.0
2025,Maio,Sofala,Cidade da Beira,Homens,0 a 16,1089.0
2025,Maio,Sofala,Cidade da Beira,Mulheres,0 a 16,948.0
2025,Maio,Sofala,Cidade da Beira,Homens,17 a 21,69326.0
2025,Maio,Sofala,Cidade da Beira,Mulheres,17 a 21,60025.0
2025,Maio,Sofala,Cidade da Beira,Homens,22 a 60,404892.0
2025,Maio,Sofala,Cidade da Beira,Mulheres,22 a 60,320075.0
2025,Maio,Sofala,Cidade da Beira,Homens,Mais de 60,20015.0
2025,Maio,Sofala,Cidade da Beira,Mulheres,Mais de 60,16162.0
2025,Maio,Sofala,Cidade da Beira,Outros,N/A,1049.0
2025,Junho,Sofala,Cidade da Beira,Homens,0 a 16,1235.0
2025,Junho,Sofala,Cidade da Beira,Mulheres,0 a 16,1057.0
2025,Junho,Sofala,Cidade da Beira,Homens,17 a 21,74889.0
2025,Junho,Sofala,Cidade da Beira,Mulheres,17 a 21,64547.0
2025,Junho,Sofala,Cidade da Beira,Homens,22 a 60,436156.0
2025,Junho,Sofala,Cidade da Beira,Mulheres,22 a 60,347229.0
2025,Junho,Sofala,Cidade da Beira,Homens,Mais de 60,22077.0
2025,Junho,Sofala,Cidade da Beira,Mulheres,Mais de 60,18023.0
2025,Junho,Sofala,Cidade da Beira,Outros,N/A,1208.0
2025,Julho,Sofala,Cidade da Beira,Homens,0 a 16,1239.0
2025,Julho,Sofala,Cidade da Beira,Mulheres,0 a 16,1023.0
2025,Julho,Sofala,Cidade da Beira,Homens,17 a 21,74300.0
2025,Julho,Sofala,Cidade da Beira,Mulheres,17 a 21,64656.0
2025,Julho,Sofala,Cidade da Beira,Homens,22 a 60,438556.0
2025,Julho,Sofala,Cidade da Beira,Mulheres,22 a 60,351525.0
2025,Julho,Sofala,Cidade da Beira,Homens,Mais de 60,22305.0
2025,Julho,Sofala,Cidade da Beira,Mulheres,Mais de 60,18592.0
2025,Julho,Sofala,Cidade da Beira,Outros,N/A,1176.0
2025,Agosto,Sofala,Cidade da Beira,Homens,0 a 16,1187.0
2025,Agosto,Sofala,Cidade da Beira,Mulheres,0 a 16,990.0
2025,Agosto,Sofala,Cidade da Beira,Homens,17 a 21,76438.0
2025,Agosto,Sofala,Cidade da Beira,Mulheres,17 a 21,66354.0
2025,Agosto,Sofala,Cidade da Beira,Homens,22 a 60,452095.0
2025,Agosto,Sofala,Cidade da Beira,Mulheres,22 a 60,361451.0
2025,Agosto,Sofala,Cidade da Beira,Homens,Mais de 60,23123.0
2025,Agosto,Sofala,Cidade da Beira,Mulheres,Mais de 60,19333.0
2025,Agosto,Sofala,Cidade da Beira,Outros,N/A,989.0
2025,Setembro,Sofala,Cidade da Beira,Homens,0 a 16,1092.0
2025,Setembro,Sofala,Cidade da Beira,Mulheres,0 a 16,946.0
2025,Setembro,Sofala,Cidade da Beira,Homens,17 a 21,75751.0
2025,Setembro,Sofala,Cidade da Beira,Mulheres,17 a 21,65935.0
2025,Setembro,Sofala,Cidade da Beira,Homens,22 a 60,453087.0
2025,Setembro,Sofala,Cidade da Beira,Mulheres,22 a 60,362497.0
2025,Setembro,Sofala,Cidade da Beira,Homens,Mais de 60,23254.0
2025,Setembro,Sofala,Cidade da Beira,Mulheres,Mais de 60,19459.0
2025,Setembro,Sofala,Cidade da Beira,Outros,N/A,1087.0
2025,Outubro,Sofala,Cidade da Beira,Homens,0 a 16,1103.0
2025,Outubro,Sofala,Cidade da Beira,Mulheres,0 a 16,905.0
2025,Outubro,Sofala,Cidade da Beira,Homens,17 a 21,77024.0
2025,Outubro,Sofala,Cidade da Beira,Mulheres,17 a 21,67321.0
2025,Outubro,Sofala,Cidade da Beira,Homens,22 a 60,463953.0
2025,Outubro,Sofala,Cidade da Beira,Mulheres,22 a 60,372494.0
2025,Outubro,Sofala,Cidade da Beira,Homens,Mais de 60,23996.0
2025,Outubro,Sofala,Cidade da Beira,Mulheres,Mais de 60,20194.0
2025,Outubro,Sofala,Cidade da Beira,Outros,N/A,1166.0
2025,Novembro,Sofala,Cidade da Beira,Homens,0 a 16,1174.0
2025,Novembro,Sofala,Cidade da Beira,Mulheres,0 a 16,952.0
2025,Novembro,Sofala,Cidade da Beira,Homens,17 a 21,78136.0
2025,Novembro,Sofala,Cidade da Beira,Mulheres,17 a 21,69405.0
2025,Novembro,Sofala,Cidade da Beira,Homens,22 a 60,451722.0
2025,Novembro,Sofala,Cidade da Beira,Mulheres,22 a 60,401378.0
2025,Novembro,Sofala,Cidade da Beira,Homens,Mais de 60,23539.0
2025,Novembro,Sofala,Cidade da Beira,Mulheres,Mais de 60,21565.0
2025,Novembro,Sofala,Cidade da Beira,Outros,N/A,447.0
2025,Dezembro,Sofala,Cidade da Beira,Homens,0 a 16,1253.0
2025,Dezembro,Sofala,Cidade da Beira,Mulheres,0 a 16,955.0
2025,Dezembro,Sofala,Cidade da Beira,Homens,17 a 21,79914.0
2025,Dezembro,Sofala,Cidade da Beira,Mulheres,17 a 21,69559.0
2025,Dezembro,Sofala,Cidade da Beira,Homens,22 a 60,476556.0
2025,Dezembro,Sofala,Cidade da Beira,Mulheres,22 a 60,385804.0
2025,Dezembro,Sofala,Cidade da Beira,Homens,Mais de 60,24723.0
2025,Dezembro,Sofala,Cidade da Beira,Mulheres,Mais de 60,20964.0
2025,Dezembro,Sofala,Cidade da Beira,Outros,N/A,460.0
2025,Janeiro,Sofala,Buzi,Homens,0 a 16,36.0
2025,Janeiro,Sofala,Buzi,Mulheres,0 a 16,27.0
2025,Janeiro,Sofala,Buzi,Homens,17 a 21,5399.0
2025,Janeiro,Sofala,Buzi,Mulheres,17 a 21,4864.0
2025,Janeiro,Sofala,Buzi,Homens,22 a 60,32325.0
2025,Janeiro,Sofala,Buzi,Mulheres,22 a 60,24537.0
2025,Janeiro,Sofala,Buzi,Homens,Mais de 60,1982.0
2025,Janeiro,Sofala,Buzi,Mulheres,Mais de 60,1828.0
2025,Janeiro,Sofala,Buzi,Outros,N/A,9.0
2025,Fevereiro,Sofala,Buzi,Homens,0 a 16,56.0
2025,Fevereiro,Sofala,Buzi,Mulheres,0 a 16,33.0
2025,Fevereiro,Sofala,Buzi,Homens,17 a 21,5489.0
2025,Fevereiro,Sofala,Buzi,Mulheres,17 a 21,4956.0
2025,Fevereiro,Sofala,Buzi,Homens,22 a 60,32090.0
2025,Fevereiro,Sofala,Buzi,Mulheres,22 a 60,24375.0
2025,Fevereiro,Sofala,Buzi,Homens,Mais de 60,1934.0
2025,Fevereiro,Sofala,Buzi,Mulheres,Mais de 60,1843.0
2025,Fevereiro,Sofala,Buzi,Outros,N/A,8.0
2025,Março,Sofala,Buzi,Homens,0 a 16,54.0
2025,Março,Sofala,Buzi,Mulheres,0 a 16,41.0
2025,Março,Sofala,Buzi,Homens,17 a 21,5412.0
2025,Março,Sofala,Buzi,Mulheres,17 a 21,5013.0
2025,Março,Sofala,Buzi,Homens,22 a 60,32422.0
2025,Março,Sofala,Buzi,Mulheres,22 a 60,24824.0
2025,Março,Sofala,Buzi,Homens,Mais de 60,1983.0
2025,Março,Sofala,Buzi,Mulheres,Mais de 60,1867.0
2025,Março,Sofala,Buzi,Outros,N/A,10.0
2025,Abril,Sofala,Buzi,Homens,0 a 16,52.0
2025,Abril,Sofala,Buzi,Mulheres,0 a 16,41.0
2025,Abril,Sofala,Buzi,Homens,17 a 21,5366.0
2025,Abril,Sofala,Buzi,Mulheres,17 a 21,5022.0
2025,Abril,Sofala,Buzi,Homens,22 a 60,32710.0
2025,Abril,Sofala,Buzi,Mulheres,22 a 60,24915.0
2025,Abril,Sofala,Buzi,Homens,Mais de 60,1973.0
2025,Abril,Sofala,Buzi,Mulheres,Mais de 60,1925.0
2025,Abril,Sofala,Buzi,Outros,N/A,11.0
2025,Maio,Sofala,Buzi,Homens,0 a 16,64.0
2025,Maio,Sofala,Buzi,Mulheres,0 a 16,49.0
2025,Maio,Sofala,Buzi,Homens,17 a 21,5913.0
2025,Maio,Sofala,Buzi,Mulheres,17 a 21,5378.0
2025,Maio,Sofala,Buzi,Homens,22 a 60,35290.0
2025,Maio,Sofala,Buzi,Mulheres,22 a 60,26619.0
2025,Maio,Sofala,Buzi,Homens,Mais de 60,2091.0
2025,Maio,Sofala,Buzi,Mulheres,Mais de 60,2037.0
2025,Maio,Sofala,Buzi,Outros,N/A,15.0
2025,Junho,Sofala,Buzi,Homens,0 a 16,75.0
2025,Junho,Sofala,Buzi,Mulheres,0 a 16,58.0
2025,Junho,Sofala,Buzi,Homens,17 a 21,6718.0
2025,Junho,Sofala,Buzi,Mulheres,17 a 21,5952.0
2025,Junho,Sofala,Buzi,Homens,22 a 60,38998.0
2025,Junho,Sofala,Buzi,Mulheres,22 a 60,29098.0
2025,Junho,Sofala,Buzi,Homens,Mais de 60,2282.0
2025,Junho,Sofala,Buzi,Mulheres,Mais de 60,2220.0
2025,Junho,Sofala,Buzi,Outros,N/A,14.0
2025,Julho,Sofala,Buzi,Homens,0 a 16,74.0
2025,Julho,Sofala,Buzi,Mulheres,0 a 16,58.0
2025,Julho,Sofala,Buzi,Homens,17 a 21,6910.0
2025,Julho,Sofala,Buzi,Mulheres,17 a 21,6199.0
2025,Julho,Sofala,Buzi,Homens,22 a 60,40241.0
2025,Julho,Sofala,Buzi,Mulheres,22 a 60,29757.0
2025,Julho,Sofala,Buzi,Homens,Mais de 60,2298.0
2025,Julho,Sofala,Buzi,Mulheres,Mais de 60,2288.0
2025,Julho,Sofala,Buzi,Outros,N/A,19.0
2025,Agosto,Sofala,Buzi,Homens,0 a 16,76.0
2025,Agosto,Sofala,Buzi,Mulheres,0 a 16,49.0
2025,Agosto,Sofala,Buzi,Homens,17 a 21,7103.0
2025,Agosto,Sofala,Buzi,Mulheres,17 a 21,6295.0
2025,Agosto,Sofala,Buzi,Homens,22 a 60,41615.0
2025,Agosto,Sofala,Buzi,Mulheres,22 a 60,30553.0
2025,Agosto,Sofala,Buzi,Homens,Mais de 60,2362.0
2025,Agosto,Sofala,Buzi,Mulheres,Mais de 60,2354.0
2025,Agosto,Sofala,Buzi,Outros,N/A,20.0
2025,Setembro,Sofala,Buzi,Homens,0 a 16,72.0
2025,Setembro,Sofala,Buzi,Mulheres,0 a 16,41.0
2025,Setembro,Sofala,Buzi,Homens,17 a 21,7140.0
2025,Setembro,Sofala,Buzi,Mulheres,17 a 21,6362.0
2025,Setembro,Sofala,Buzi,Homens,22 a 60,42176.0
2025,Setembro,Sofala,Buzi,Mulheres,22 a 60,31145.0
2025,Setembro,Sofala,Buzi,Homens,Mais de 60,2392.0
2025,Setembro,Sofala,Buzi,Mulheres,Mais de 60,2412.0
2025,Setembro,Sofala,Buzi,Outros,N/A,19.0
2025,Outubro,Sofala,Buzi,Homens,0 a 16,66.0
2025,Outubro,Sofala,Buzi,Mulheres,0 a 16,40.0
2025,Outubro,Sofala,Buzi,Homens,17 a 21,7222.0
2025,Outubro,Sofala,Buzi,Mulheres,17 a 21,6513.0
2025,Outubro,Sofala,Buzi,Homens,22 a 60,43086.0
2025,Outubro,Sofala,Buzi,Mulheres,22 a 60,32473.0
2025,Outubro,Sofala,Buzi,Homens,Mais de 60,2515.0
2025,Outubro,Sofala,Buzi,Mulheres,Mais de 60,2563.0
2025,Outubro,Sofala,Buzi,Outros,N/A,20.0
2025,Novembro,Sofala,Buzi,Homens,0 a 16,67.0
2025,Novembro,Sofala,Buzi,Mulheres,0 a 16,40.0
2025,Novembro,Sofala,Buzi,Homens,17 a 21,7350.0
2025,Novembro,Sofala,Buzi,Mulheres,17 a 21,6613.0
2025,Novembro,Sofala,Buzi,Homens,22 a 60,42774.0
2025,Novembro,Sofala,Buzi,Mulheres,22 a 60,34147.0
2025,Novembro,Sofala,Buzi,Homens,Mais de 60,2524.0
2025,Novembro,Sofala,Buzi,Mulheres,Mais de 60,2613.0
2025,Novembro,Sofala,Buzi,Outros,N/A,10.0
2025,Dezembro,Sofala,Buzi,Homens,0 a 16,68.0
2025,Dezembro,Sofala,Buzi,Mulheres,0 a 16,37.0
2025,Dezembro,Sofala,Buzi,Homens,17 a 21,7437.0
2025,Dezembro,Sofala,Buzi,Mulheres,17 a 21,6693.0
2025,Dezembro,Sofala,Buzi,Homens,22 a 60,44008.0
2025,Dezembro,Sofala,Buzi,Mulheres,22 a 60,34028.0
2025,Dezembro,Sofala,Buzi,Homens,Mais de 60,2589.0
2025,Dezembro,Sofala,Buzi,Mulheres,Mais de 60,2602.0
2025,Dezembro,Sofala,Buzi,Outros,N/A,9.0
2025,Janeiro,Sofala,Caia,Homens,0 a 16,106.0
2025,Janeiro,Sofala,Caia,Mulheres,0 a 16,69.0
2025,Janeiro,Sofala,Caia,Homens,17 a 21,11867.0
2025,Janeiro,Sofala,Caia,Mulheres,17 a 21,9645.0
2025,Janeiro,Sofala,Caia,Homens,22 a 60,58578.0
2025,Janeiro,Sofala,Caia,Mulheres,22 a 60,45924.0
2025,Janeiro,Sofala,Caia,Homens,Mais de 60,4565.0
2025,Janeiro,Sofala,Caia,Mulheres,Mais de 60,5084.0
2025,Janeiro,Sofala,Caia,Outros,N/A,18.0
2025,Fevereiro,Sofala,Caia,Homens,0 a 16,111.0
2025,Fevereiro,Sofala,Caia,Mulheres,0 a 16,71.0
2025,Fevereiro,Sofala,Caia,Homens,17 a 21,11985.0
2025,Fevereiro,Sofala,Caia,Mulheres,17 a 21,9768.0
2025,Fevereiro,Sofala,Caia,Homens,22 a 60,58894.0
2025,Fevereiro,Sofala,Caia,Mulheres,22 a 60,46691.0
2025,Fevereiro,Sofala,Caia,Homens,Mais de 60,4603.0
2025,Fevereiro,Sofala,Caia,Mulheres,Mais de 60,5110.0
2025,Fevereiro,Sofala,Caia,Outros,N/A,24.0
2025,Março,Sofala,Caia,Homens,0 a 16,92.0
2025,Março,Sofala,Caia,Mulheres,0 a 16,66.0
2025,Março,Sofala,Caia,Homens,17 a 21,11316.0
2025,Março,Sofala,Caia,Mulheres,17 a 21,9317.0
2025,Março,Sofala,Caia,Homens,22 a 60,58028.0
2025,Março,Sofala,Caia,Mulheres,22 a 60,46134.0
2025,Março,Sofala,Caia,Homens,Mais de 60,4778.0
2025,Março,Sofala,Caia,Mulheres,Mais de 60,5467.0
2025,Março,Sofala,Caia,Outros,N/A,25.0
2025,Abril,Sofala,Caia,Homens,0 a 16,92.0
2025,Abril,Sofala,Caia,Mulheres,0 a 16,58.0
2025,Abril,Sofala,Caia,Homens,17 a 21,10892.0
2025,Abril,Sofala,Caia,Mulheres,17 a 21,9067.0
2025,Abril,Sofala,Caia,Homens,22 a 60,57421.0
2025,Abril,Sofala,Caia,Mulheres,22 a 60,45620.0
2025,Abril,Sofala,Caia,Homens,Mais de 60,4746.0
2025,Abril,Sofala,Caia,Mulheres,Mais de 60,5386.0
2025,Abril,Sofala,Caia,Outros,N/A,26.0
2025,Maio,Sofala,Caia,Homens,0 a 16,94.0
2025,Maio,Sofala,Caia,Mulheres,0 a 16,51.0
2025,Maio,Sofala,Caia,Homens,17 a 21,10975.0
2025,Maio,Sofala,Caia,Mulheres,17 a 21,9050.0
2025,Maio,Sofala,Caia,Homens,22 a 60,58879.0
2025,Maio,Sofala,Caia,Mulheres,22 a 60,46054.0
2025,Maio,Sofala,Caia,Homens,Mais de 60,4750.0
2025,Maio,Sofala,Caia,Mulheres,Mais de 60,5372.0
2025,Maio,Sofala,Caia,Outros,N/A,26.0
2025,Junho,Sofala,Caia,Homens,0 a 16,116.0
2025,Junho,Sofala,Caia,Mulheres,0 a 16,72.0
2025,Junho,Sofala,Caia,Homens,17 a 21,12755.0
2025,Junho,Sofala,Caia,Mulheres,17 a 21,10458.0
2025,Junho,Sofala,Caia,Homens,22 a 60,68441.0
2025,Junho,Sofala,Caia,Mulheres,22 a 60,53660.0
2025,Junho,Sofala,Caia,Homens,Mais de 60,5413.0
2025,Junho,Sofala,Caia,Mulheres,Mais de 60,6308.0
2025,Junho,Sofala,Caia,Outros,N/A,25.0
2025,Julho,Sofala,Caia,Homens,0 a 16,124.0
2025,Julho,Sofala,Caia,Mulheres,0 a 16,74.0
2025,Julho,Sofala,Caia,Homens,17 a 21,12905.0
2025,Julho,Sofala,Caia,Mulheres,17 a 21,10678.0
2025,Julho,Sofala,Caia,Homens,22 a 60,70068.0
2025,Julho,Sofala,Caia,Mulheres,22 a 60,54425.0
2025,Julho,Sofala,Caia,Homens,Mais de 60,5380.0
2025,Julho,Sofala,Caia,Mulheres,Mais de 60,6003.0
2025,Julho,Sofala,Caia,Outros,N/A,46.0
2025,Agosto,Sofala,Caia,Homens,0 a 16,113.0
2025,Agosto,Sofala,Caia,Mulheres,0 a 16,89.0
2025,Agosto,Sofala,Caia,Homens,17 a 21,13413.0
2025,Agosto,Sofala,Caia,Mulheres,17 a 21,10904.0
2025,Agosto,Sofala,Caia,Homens,22 a 60,74172.0
2025,Agosto,Sofala,Caia,Mulheres,22 a 60,57298.0
2025,Agosto,Sofala,Caia,Homens,Mais de 60,5642.0
2025,Agosto,Sofala,Caia,Mulheres,Mais de 60,6212.0
2025,Agosto,Sofala,Caia,Outros,N/A,44.0
2025,Setembro,Sofala,Caia,Homens,0 a 16,95.0
2025,Setembro,Sofala,Caia,Mulheres,0 a 16,68.0
2025,Setembro,Sofala,Caia,Homens,17 a 21,13335.0
2025,Setembro,Sofala,Caia,Mulheres,17 a 21,11045.0
2025,Setembro,Sofala,Caia,Homens,22 a 60,75105.0
2025,Setembro,Sofala,Caia,Mulheres,22 a 60,58484.0
2025,Setembro,Sofala,Caia,Homens,Mais de 60,5792.0
2025,Setembro,Sofala,Caia,Mulheres,Mais de 60,6381.0
2025,Setembro,Sofala,Caia,Outros,N/A,37.0
2025,Outubro,Sofala,Caia,Homens,0 a 16,99.0
2025,Outubro,Sofala,Caia,Mulheres,0 a 16,66.0
2025,Outubro,Sofala,Caia,Homens,17 a 21,13730.0
2025,Outubro,Sofala,Caia,Mulheres,17 a 21,11331.0
2025,Outubro,Sofala,Caia,Homens,22 a 60,78626.0
2025,Outubro,Sofala,Caia,Mulheres,22 a 60,61606.0
2025,Outubro,Sofala,Caia,Homens,Mais de 60,6120.0
2025,Outubro,Sofala,Caia,Mulheres,Mais de 60,6728.0
2025,Outubro,Sofala,Caia,Outros,N/A,39.0
2025,Novembro,Sofala,Caia,Homens,0 a 16,91.0
2025,Novembro,Sofala,Caia,Mulheres,0 a 16,56.0
2025,Novembro,Sofala,Caia,Homens,17 a 21,13683.0
2025,Novembro,Sofala,Caia,Mulheres,17 a 21,11040.0
2025,Novembro,Sofala,Caia,Homens,22 a 60,77687.0
2025,Novembro,Sofala,Caia,Mulheres,22 a 60,62676.0
2025,Novembro,Sofala,Caia,Homens,Mais de 60,6027.0
2025,Novembro,Sofala,Caia,Mulheres,Mais de 60,6667.0
2025,Novembro,Sofala,Caia,Outros,N/A,16.0
2025,Dezembro,Sofala,Caia,Homens,0 a 16,106.0
2025,Dezembro,Sofala,Caia,Mulheres,0 a 16,59.0
2025,Dezembro,Sofala,Caia,Homens,17 a 21,13728.0
2025,Dezembro,Sofala,Caia,Mulheres,17 a 21,11305.0
2025,Dezembro,Sofala,Caia,Homens,22 a 60,79963.0
2025,Dezembro,Sofala,Caia,Mulheres,22 a 60,62698.0
2025,Dezembro,Sofala,Caia,Homens,Mais de 60,6188.0
2025,Dezembro,Sofala,Caia,Mulheres,Mais de 60,6754.0
2025,Dezembro,Sofala,Caia,Outros,N/A,13.0
2025,Janeiro,Sofala,Chemba,Homens,0 a 16,40.0
2025,Janeiro,Sofala,Chemba,Mulheres,0 a 16,11.0
2025,Janeiro,Sofala,Chemba,Homens,17 a 21,3195.0
2025,Janeiro,Sofala,Chemba,Mulheres,17 a 21,2317.0
2025,Janeiro,Sofala,Chemba,Homens,22 a 60,15899.0
2025,Janeiro,Sofala,Chemba,Mulheres,22 a 60,10235.0
2025,Janeiro,Sofala,Chemba,Homens,Mais de 60,1106.0
2025,Janeiro,Sofala,Chemba,Mulheres,Mais de 60,980.0
2025,Janeiro,Sofala,Chemba,Outros,N/A,2.0
2025,Fevereiro,Sofala,Chemba,Homens,0 a 16,46.0
2025,Fevereiro,Sofala,Chemba,Mulheres,0 a 16,9.0
2025,Fevereiro,Sofala,Chemba,Homens,17 a 21,3130.0
2025,Fevereiro,Sofala,Chemba,Mulheres,17 a 21,2238.0
2025,Fevereiro,Sofala,Chemba,Homens,22 a 60,15509.0
2025,Fevereiro,Sofala,Chemba,Mulheres,22 a 60,10016.0
2025,Fevereiro,Sofala,Chemba,Homens,Mais de 60,1071.0
2025,Fevereiro,Sofala,Chemba,Mulheres,Mais de 60,966.0
2025,Fevereiro,Sofala,Chemba,Outros,N/A,1.0
2025,Março,Sofala,Chemba,Homens,0 a 16,31.0
2025,Março,Sofala,Chemba,Mulheres,0 a 16,13.0
2025,Março,Sofala,Chemba,Homens,17 a 21,3016.0
2025,Março,Sofala,Chemba,Mulheres,17 a 21,2270.0
2025,Março,Sofala,Chemba,Homens,22 a 60,15464.0
2025,Março,Sofala,Chemba,Mulheres,22 a 60,10188.0
2025,Março,Sofala,Chemba,Homens,Mais de 60,1223.0
2025,Março,Sofala,Chemba,Mulheres,Mais de 60,1319.0
2025,Março,Sofala,Chemba,Outros,N/A,3.0
2025,Abril,Sofala,Chemba,Homens,0 a 16,32.0
2025,Abril,Sofala,Chemba,Mulheres,0 a 16,14.0
2025,Abril,Sofala,Chemba,Homens,17 a 21,2960.0
2025,Abril,Sofala,Chemba,Mulheres,17 a 21,2262.0
2025,Abril,Sofala,Chemba,Homens,22 a 60,15170.0
2025,Abril,Sofala,Chemba,Mulheres,22 a 60,10175.0
2025,Abril,Sofala,Chemba,Homens,Mais de 60,1228.0
2025,Abril,Sofala,Chemba,Mulheres,Mais de 60,1365.0
2025,Abril,Sofala,Chemba,Outros,N/A,3.0
2025,Maio,Sofala,Chemba,Homens,0 a 16,32.0
2025,Maio,Sofala,Chemba,Mulheres,0 a 16,18.0
2025,Maio,Sofala,Chemba,Homens,17 a 21,3087.0
2025,Maio,Sofala,Chemba,Mulheres,17 a 21,2378.0
2025,Maio,Sofala,Chemba,Homens,22 a 60,15631.0
2025,Maio,Sofala,Chemba,Mulheres,22 a 60,10621.0
2025,Maio,Sofala,Chemba,Homens,Mais de 60,1226.0
2025,Maio,Sofala,Chemba,Mulheres,Mais de 60,1350.0
2025,Maio,Sofala,Chemba,Outros,N/A,3.0
2025,Junho,Sofala,Chemba,Homens,0 a 16,44.0
2025,Junho,Sofala,Chemba,Mulheres,0 a 16,18.0
2025,Junho,Sofala,Chemba,Homens,17 a 21,3444.0
2025,Junho,Sofala,Chemba,Mulheres,17 a 21,2576.0
2025,Junho,Sofala,Chemba,Homens,22 a 60,17448.0
2025,Junho,Sofala,Chemba,Mulheres,22 a 60,11751.0
2025,Junho,Sofala,Chemba,Homens,Mais de 60,1329.0
2025,Junho,Sofala,Chemba,Mulheres,Mais de 60,1449.0
2025,Junho,Sofala,Chemba,Outros,N/A,4.0
2025,Julho,Sofala,Chemba,Homens,0 a 16,34.0
2025,Julho,Sofala,Chemba,Mulheres,0 a 16,18.0
2025,Julho,Sofala,Chemba,Homens,17 a 21,3501.0
2025,Julho,Sofala,Chemba,Mulheres,17 a 21,2618.0
2025,Julho,Sofala,Chemba,Homens,22 a 60,18010.0
2025,Julho,Sofala,Chemba,Mulheres,22 a 60,12106.0
2025,Julho,Sofala,Chemba,Homens,Mais de 60,1318.0
2025,Julho,Sofala,Chemba,Mulheres,Mais de 60,1466.0
2025,Julho,Sofala,Chemba,Outros,N/A,16.0
2025,Agosto,Sofala,Chemba,Homens,0 a 16,35.0
2025,Agosto,Sofala,Chemba,Mulheres,0 a 16,14.0
2025,Agosto,Sofala,Chemba,Homens,17 a 21,3551.0
2025,Agosto,Sofala,Chemba,Mulheres,17 a 21,2800.0
2025,Agosto,Sofala,Chemba,Homens,22 a 60,18329.0
2025,Agosto,Sofala,Chemba,Mulheres,22 a 60,12420.0
2025,Agosto,Sofala,Chemba,Homens,Mais de 60,1382.0
2025,Agosto,Sofala,Chemba,Mulheres,Mais de 60,1481.0
2025,Agosto,Sofala,Chemba,Outros,N/A,16.0
2025,Setembro,Sofala,Chemba,Homens,0 a 16,37.0
2025,Setembro,Sofala,Chemba,Mulheres,0 a 16,14.0
2025,Setembro,Sofala,Chemba,Homens,17 a 21,3608.0
2025,Setembro,Sofala,Chemba,Mulheres,17 a 21,2881.0
2025,Setembro,Sofala,Chemba,Homens,22 a 60,18950.0
2025,Setembro,Sofala,Chemba,Mulheres,22 a 60,13002.0
2025,Setembro,Sofala,Chemba,Homens,Mais de 60,1358.0
2025,Setembro,Sofala,Chemba,Mulheres,Mais de 60,1524.0
2025,Setembro,Sofala,Chemba,Outros,N/A,16.0
2025,Outubro,Sofala,Chemba,Homens,0 a 16,36.0
2025,Outubro,Sofala,Chemba,Mulheres,0 a 16,17.0
2025,Outubro,Sofala,Chemba,Homens,17 a 21,3649.0
2025,Outubro,Sofala,Chemba,Mulheres,17 a 21,2934.0
2025,Outubro,Sofala,Chemba,Homens,22 a 60,19311.0
2025,Outubro,Sofala,Chemba,Mulheres,22 a 60,13231.0
2025,Outubro,Sofala,Chemba,Homens,Mais de 60,1360.0
2025,Outubro,Sofala,Chemba,Mulheres,Mais de 60,1534.0
2025,Outubro,Sofala,Chemba,Outros,N/A,16.0
2025,Novembro,Sofala,Chemba,Homens,0 a 16,45.0
2025,Novembro,Sofala,Chemba,Mulheres,0 a 16,22.0
2025,Novembro,Sofala,Chemba,Homens,17 a 21,3809.0
2025,Novembro,Sofala,Chemba,Mulheres,17 a 21,3000.0
2025,Novembro,Sofala,Chemba,Homens,22 a 60,19591.0
2025,Novembro,Sofala,Chemba,Mulheres,22 a 60,13818.0
2025,Novembro,Sofala,Chemba,Homens,Mais de 60,1384.0
2025,Novembro,Sofala,Chemba,Mulheres,Mais de 60,1588.0
2025,Novembro,Sofala,Chemba,Outros,N/A,1.0
2025,Dezembro,Sofala,Chemba,Homens,0 a 16,44.0
2025,Dezembro,Sofala,Chemba,Mulheres,0 a 16,20.0
2025,Dezembro,Sofala,Chemba,Homens,17 a 21,3713.0
2025,Dezembro,Sofala,Chemba,Mulheres,17 a 21,2969.0
2025,Dezembro,Sofala,Chemba,Homens,22 a 60,19688.0
2025,Dezembro,Sofala,Chemba,Mulheres,22 a 60,13443.0
2025,Dezembro,Sofala,Chemba,Homens,Mais de 60,1370.0
2025,Dezembro,Sofala,Chemba,Mulheres,Mais de 60,1553.0
2025,Dezembro,Sofala,Chemba,Outros,N/A,0.0
2025,Janeiro,Sofala,Cheringoma,Homens,0 a 16,34.0
2025,Janeiro,Sofala,Cheringoma,Mulheres,0 a 16,21.0
2025,Janeiro,Sofala,Cheringoma,Homens,17 a 21,3467.0
2025,Janeiro,Sofala,Cheringoma,Mulheres,17 a 21,2664.0
2025,Janeiro,Sofala,Cheringoma,Homens,22 a 60,15646.0
2025,Janeiro,Sofala,Cheringoma,Mulheres,22 a 60,10078.0
2025,Janeiro,Sofala,Cheringoma,Homens,Mais de 60,758.0
2025,Janeiro,Sofala,Cheringoma,Mulheres,Mais de 60,659.0
2025,Janeiro,Sofala,Cheringoma,Outros,N/A,8.0
2025,Fevereiro,Sofala,Cheringoma,Homens,0 a 16,35.0
2025,Fevereiro,Sofala,Cheringoma,Mulheres,0 a 16,19.0
2025,Fevereiro,Sofala,Cheringoma,Homens,17 a 21,3407.0
2025,Fevereiro,Sofala,Cheringoma,Mulheres,17 a 21,2567.0
2025,Fevereiro,Sofala,Cheringoma,Homens,22 a 60,14766.0
2025,Fevereiro,Sofala,Cheringoma,Mulheres,22 a 60,9809.0
2025,Fevereiro,Sofala,Cheringoma,Homens,Mais de 60,724.0
2025,Fevereiro,Sofala,Cheringoma,Mulheres,Mais de 60,641.0
2025,Fevereiro,Sofala,Cheringoma,Outros,N/A,6.0
2025,Março,Sofala,Cheringoma,Homens,0 a 16,32.0
2025,Março,Sofala,Cheringoma,Mulheres,0 a 16,22.0
2025,Março,Sofala,Cheringoma,Homens,17 a 21,3403.0
2025,Março,Sofala,Cheringoma,Mulheres,17 a 21,2673.0
2025,Março,Sofala,Cheringoma,Homens,22 a 60,15650.0
2025,Março,Sofala,Cheringoma,Mulheres,22 a 60,10220.0
2025,Março,Sofala,Cheringoma,Homens,Mais de 60,796.0
2025,Março,Sofala,Cheringoma,Mulheres,Mais de 60,679.0
2025,Março,Sofala,Cheringoma,Outros,N/A,7.0
2025,Abril,Sofala,Cheringoma,Homens,0 a 16,36.0
2025,Abril,Sofala,Cheringoma,Mulheres,0 a 16,23.0
2025,Abril,Sofala,Cheringoma,Homens,17 a 21,3250.0
2025,Abril,Sofala,Cheringoma,Mulheres,17 a 21,2619.0
2025,Abril,Sofala,Cheringoma,Homens,22 a 60,15429.0
2025,Abril,Sofala,Cheringoma,Mulheres,22 a 60,10193.0
2025,Abril,Sofala,Cheringoma,Homens,Mais de 60,813.0
2025,Abril,Sofala,Cheringoma,Mulheres,Mais de 60,678.0
2025,Abril,Sofala,Cheringoma,Outros,N/A,6.0
2025,Maio,Sofala,Cheringoma,Homens,0 a 16,30.0
2025,Maio,Sofala,Cheringoma,Mulheres,0 a 16,20.0
2025,Maio,Sofala,Cheringoma,Homens,17 a 21,3356.0
2025,Maio,Sofala,Cheringoma,Mulheres,17 a 21,2777.0
2025,Maio,Sofala,Cheringoma,Homens,22 a 60,16014.0
2025,Maio,Sofala,Cheringoma,Mulheres,22 a 60,10816.0
2025,Maio,Sofala,Cheringoma,Homens,Mais de 60,817.0
2025,Maio,Sofala,Cheringoma,Mulheres,Mais de 60,727.0
2025,Maio,Sofala,Cheringoma,Outros,N/A,8.0
2025,Junho,Sofala,Cheringoma,Homens,0 a 16,34.0
2025,Junho,Sofala,Cheringoma,Mulheres,0 a 16,19.0
2025,Junho,Sofala,Cheringoma,Homens,17 a 21,3588.0
2025,Junho,Sofala,Cheringoma,Mulheres,17 a 21,2971.0
2025,Junho,Sofala,Cheringoma,Homens,22 a 60,17372.0
2025,Junho,Sofala,Cheringoma,Mulheres,22 a 60,11765.0
2025,Junho,Sofala,Cheringoma,Homens,Mais de 60,862.0
2025,Junho,Sofala,Cheringoma,Mulheres,Mais de 60,777.0
2025,Junho,Sofala,Cheringoma,Outros,N/A,13.0
2025,Julho,Sofala,Cheringoma,Homens,0 a 16,37.0
2025,Julho,Sofala,Cheringoma,Mulheres,0 a 16,19.0
2025,Julho,Sofala,Cheringoma,Homens,17 a 21,3634.0
2025,Julho,Sofala,Cheringoma,Mulheres,17 a 21,3095.0
2025,Julho,Sofala,Cheringoma,Homens,22 a 60,17776.0
2025,Julho,Sofala,Cheringoma,Mulheres,22 a 60,12233.0
2025,Julho,Sofala,Cheringoma,Homens,Mais de 60,891.0
2025,Julho,Sofala,Cheringoma,Mulheres,Mais de 60,810.0
2025,Julho,Sofala,Cheringoma,Outros,N/A,11.0
2025,Agosto,Sofala,Cheringoma,Homens,0 a 16,38.0
2025,Agosto,Sofala,Cheringoma,Mulheres,0 a 16,14.0
2025,Agosto,Sofala,Cheringoma,Homens,17 a 21,3721.0
2025,Agosto,Sofala,Cheringoma,Mulheres,17 a 21,3172.0
2025,Agosto,Sofala,Cheringoma,Homens,22 a 60,18514.0
2025,Agosto,Sofala,Cheringoma,Mulheres,22 a 60,12834.0
2025,Agosto,Sofala,Cheringoma,Homens,Mais de 60,924.0
2025,Agosto,Sofala,Cheringoma,Mulheres,Mais de 60,855.0
2025,Agosto,Sofala,Cheringoma,Outros,N/A,11.0
2025,Setembro,Sofala,Cheringoma,Homens,0 a 16,36.0
2025,Setembro,Sofala,Cheringoma,Mulheres,0 a 16,14.0
2025,Setembro,Sofala,Cheringoma,Homens,17 a 21,3771.0
2025,Setembro,Sofala,Cheringoma,Mulheres,17 a 21,3218.0
2025,Setembro,Sofala,Cheringoma,Homens,22 a 60,18872.0
2025,Setembro,Sofala,Cheringoma,Mulheres,22 a 60,13015.0
2025,Setembro,Sofala,Cheringoma,Homens,Mais de 60,972.0
2025,Setembro,Sofala,Cheringoma,Mulheres,Mais de 60,880.0
2025,Setembro,Sofala,Cheringoma,Outros,N/A,11.0
2025,Outubro,Sofala,Cheringoma,Homens,0 a 16,30.0
2025,Outubro,Sofala,Cheringoma,Mulheres,0 a 16,13.0
2025,Outubro,Sofala,Cheringoma,Homens,17 a 21,3849.0
2025,Outubro,Sofala,Cheringoma,Mulheres,17 a 21,3335.0
2025,Outubro,Sofala,Cheringoma,Homens,22 a 60,19497.0
2025,Outubro,Sofala,Cheringoma,Mulheres,22 a 60,13420.0
2025,Outubro,Sofala,Cheringoma,Homens,Mais de 60,1029.0
2025,Outubro,Sofala,Cheringoma,Mulheres,Mais de 60,892.0
2025,Outubro,Sofala,Cheringoma,Outros,N/A,9.0
2025,Novembro,Sofala,Cheringoma,Homens,0 a 16,47.0
2025,Novembro,Sofala,Cheringoma,Mulheres,0 a 16,20.0
2025,Novembro,Sofala,Cheringoma,Homens,17 a 21,3998.0
2025,Novembro,Sofala,Cheringoma,Mulheres,17 a 21,3456.0
2025,Novembro,Sofala,Cheringoma,Homens,22 a 60,19385.0
2025,Novembro,Sofala,Cheringoma,Mulheres,22 a 60,14496.0
2025,Novembro,Sofala,Cheringoma,Homens,Mais de 60,1063.0
2025,Novembro,Sofala,Cheringoma,Mulheres,Mais de 60,930.0
2025,Novembro,Sofala,Cheringoma,Outros,N/A,4.0
2025,Dezembro,Sofala,Cheringoma,Homens,0 a 16,47.0
2025,Dezembro,Sofala,Cheringoma,Mulheres,0 a 16,29.0
2025,Dezembro,Sofala,Cheringoma,Homens,17 a 21,3988.0
2025,Dezembro,Sofala,Cheringoma,Mulheres,17 a 21,3425.0
2025,Dezembro,Sofala,Cheringoma,Homens,22 a 60,20050.0
2025,Dezembro,Sofala,Cheringoma,Mulheres,22 a 60,13946.0
2025,Dezembro,Sofala,Cheringoma,Homens,Mais de 60,1078.0
2025,Dezembro,Sofala,Cheringoma,Mulheres,Mais de 60,930.0
2025,Dezembro,Sofala,Cheringoma,Outros,N/A,4.0
2025,Janeiro,Sofala,Chibabava,Homens,0 a 16,92.0
2025,Janeiro,Sofala,Chibabava,Mulheres,0 a 16,66.0
2025,Janeiro,Sofala,Chibabava,Homens,17 a 21,3889.0
2025,Janeiro,Sofala,Chibabava,Mulheres,17 a 21,3191.0
2025,Janeiro,Sofala,Chibabava,Homens,22 a 60,20996.0
2025,Janeiro,Sofala,Chibabava,Mulheres,22 a 60,15408.0
2025,Janeiro,Sofala,Chibabava,Homens,Mais de 60,1010.0
2025,Janeiro,Sofala,Chibabava,Mulheres,Mais de 60,954.0
2025,Janeiro,Sofala,Chibabava,Outros,N/A,10.0
2025,Fevereiro,Sofala,Chibabava,Homens,0 a 16,116.0
2025,Fevereiro,Sofala,Chibabava,Mulheres,0 a 16,81.0
2025,Fevereiro,Sofala,Chibabava,Homens,17 a 21,3947.0
2025,Fevereiro,Sofala,Chibabava,Mulheres,17 a 21,3346.0
2025,Fevereiro,Sofala,Chibabava,Homens,22 a 60,21295.0
2025,Fevereiro,Sofala,Chibabava,Mulheres,22 a 60,16202.0
2025,Fevereiro,Sofala,Chibabava,Homens,Mais de 60,1034.0
2025,Fevereiro,Sofala,Chibabava,Mulheres,Mais de 60,1025.0
2025,Fevereiro,Sofala,Chibabava,Outros,N/A,7.0
2025,Março,Sofala,Chibabava,Homens,0 a 16,111.0
2025,Março,Sofala,Chibabava,Mulheres,0 a 16,77.0
2025,Março,Sofala,Chibabava,Homens,17 a 21,3875.0
2025,Março,Sofala,Chibabava,Mulheres,17 a 21,3410.0
2025,Março,Sofala,Chibabava,Homens,22 a 60,21524.0
2025,Março,Sofala,Chibabava,Mulheres,22 a 60,16355.0
2025,Março,Sofala,Chibabava,Homens,Mais de 60,1063.0
2025,Março,Sofala,Chibabava,Mulheres,Mais de 60,1023.0
2025,Março,Sofala,Chibabava,Outros,N/A,9.0
2025,Abril,Sofala,Chibabava,Homens,0 a 16,104.0
2025,Abril,Sofala,Chibabava,Mulheres,0 a 16,57.0
2025,Abril,Sofala,Chibabava,Homens,17 a 21,3672.0
2025,Abril,Sofala,Chibabava,Mulheres,17 a 21,3155.0
2025,Abril,Sofala,Chibabava,Homens,22 a 60,20886.0
2025,Abril,Sofala,Chibabava,Mulheres,22 a 60,15587.0
2025,Abril,Sofala,Chibabava,Homens,Mais de 60,1049.0
2025,Abril,Sofala,Chibabava,Mulheres,Mais de 60,980.0
2025,Abril,Sofala,Chibabava,Outros,N/A,11.0
2025,Maio,Sofala,Chibabava,Homens,0 a 16,103.0
2025,Maio,Sofala,Chibabava,Mulheres,0 a 16,63.0
2025,Maio,Sofala,Chibabava,Homens,17 a 21,3902.0
2025,Maio,Sofala,Chibabava,Mulheres,17 a 21,3357.0
2025,Maio,Sofala,Chibabava,Homens,22 a 60,22047.0
2025,Maio,Sofala,Chibabava,Mulheres,22 a 60,16437.0
2025,Maio,Sofala,Chibabava,Homens,Mais de 60,1085.0
2025,Maio,Sofala,Chibabava,Mulheres,Mais de 60,988.0
2025,Maio,Sofala,Chibabava,Outros,N/A,7.0
2025,Junho,Sofala,Chibabava,Homens,0 a 16,126.0
2025,Junho,Sofala,Chibabava,Mulheres,0 a 16,83.0
2025,Junho,Sofala,Chibabava,Homens,17 a 21,4397.0
2025,Junho,Sofala,Chibabava,Mulheres,17 a 21,3876.0
2025,Junho,Sofala,Chibabava,Homens,22 a 60,24855.0
2025,Junho,Sofala,Chibabava,Mulheres,22 a 60,19016.0
2025,Junho,Sofala,Chibabava,Homens,Mais de 60,1304.0
2025,Junho,Sofala,Chibabava,Mulheres,Mais de 60,1212.0
2025,Junho,Sofala,Chibabava,Outros,N/A,8.0
2025,Julho,Sofala,Chibabava,Homens,0 a 16,123.0
2025,Julho,Sofala,Chibabava,Mulheres,0 a 16,67.0
2025,Julho,Sofala,Chibabava,Homens,17 a 21,4246.0
2025,Julho,Sofala,Chibabava,Mulheres,17 a 21,3807.0
2025,Julho,Sofala,Chibabava,Homens,22 a 60,25015.0
2025,Julho,Sofala,Chibabava,Mulheres,22 a 60,19154.0
2025,Julho,Sofala,Chibabava,Homens,Mais de 60,1375.0
2025,Julho,Sofala,Chibabava,Mulheres,Mais de 60,1249.0
2025,Julho,Sofala,Chibabava,Outros,N/A,15.0
2025,Agosto,Sofala,Chibabava,Homens,0 a 16,104.0
2025,Agosto,Sofala,Chibabava,Mulheres,0 a 16,61.0
2025,Agosto,Sofala,Chibabava,Homens,17 a 21,4383.0
2025,Agosto,Sofala,Chibabava,Mulheres,17 a 21,3869.0
2025,Agosto,Sofala,Chibabava,Homens,22 a 60,25693.0
2025,Agosto,Sofala,Chibabava,Mulheres,22 a 60,20067.0
2025,Agosto,Sofala,Chibabava,Homens,Mais de 60,1423.0
2025,Agosto,Sofala,Chibabava,Mulheres,Mais de 60,1388.0
2025,Agosto,Sofala,Chibabava,Outros,N/A,10.0
2025,Setembro,Sofala,Chibabava,Homens,0 a 16,107.0
2025,Setembro,Sofala,Chibabava,Mulheres,0 a 16,73.0
2025,Setembro,Sofala,Chibabava,Homens,17 a 21,4618.0
2025,Setembro,Sofala,Chibabava,Mulheres,17 a 21,4163.0
2025,Setembro,Sofala,Chibabava,Homens,22 a 60,26922.0
2025,Setembro,Sofala,Chibabava,Mulheres,22 a 60,21917.0
2025,Setembro,Sofala,Chibabava,Homens,Mais de 60,1605.0
2025,Setembro,Sofala,Chibabava,Mulheres,Mais de 60,1649.0
2025,Setembro,Sofala,Chibabava,Outros,N/A,15.0
2025,Outubro,Sofala,Chibabava,Homens,0 a 16,100.0
2025,Outubro,Sofala,Chibabava,Mulheres,0 a 16,71.0
2025,Outubro,Sofala,Chibabava,Homens,17 a 21,4888.0
2025,Outubro,Sofala,Chibabava,Mulheres,17 a 21,4398.0
2025,Outubro,Sofala,Chibabava,Homens,22 a 60,28601.0
2025,Outubro,Sofala,Chibabava,Mulheres,22 a 60,23345.0
2025,Outubro,Sofala,Chibabava,Homens,Mais de 60,1773.0
2025,Outubro,Sofala,Chibabava,Mulheres,Mais de 60,1795.0
2025,Outubro,Sofala,Chibabava,Outros,N/A,16.0
2025,Novembro,Sofala,Chibabava,Homens,0 a 16,104.0
2025,Novembro,Sofala,Chibabava,Mulheres,0 a 16,73.0
2025,Novembro,Sofala,Chibabava,Homens,17 a 21,4981.0
2025,Novembro,Sofala,Chibabava,Mulheres,17 a 21,4551.0
2025,Novembro,Sofala,Chibabava,Homens,22 a 60,28226.0
2025,Novembro,Sofala,Chibabava,Mulheres,22 a 60,24600.0
2025,Novembro,Sofala,Chibabava,Homens,Mais de 60,1743.0
2025,Novembro,Sofala,Chibabava,Mulheres,Mais de 60,1828.0
2025,Novembro,Sofala,Chibabava,Outros,N/A,5.0
2025,Dezembro,Sofala,Chibabava,Homens,0 a 16,98.0
2025,Dezembro,Sofala,Chibabava,Mulheres,0 a 16,69.0
2025,Dezembro,Sofala,Chibabava,Homens,17 a 21,5137.0
2025,Dezembro,Sofala,Chibabava,Mulheres,17 a 21,4626.0
2025,Dezembro,Sofala,Chibabava,Homens,22 a 60,29725.0
2025,Dezembro,Sofala,Chibabava,Mulheres,22 a 60,24437.0
2025,Dezembro,Sofala,Chibabava,Homens,Mais de 60,1807.0
2025,Dezembro,Sofala,Chibabava,Mulheres,Mais de 60,1881.0
2025,Dezembro,Sofala,Chibabava,Outros,N/A,5.0
2025,Janeiro,Sofala,Dondo,Homens,0 a 16,325.0
2025,Janeiro,Sofala,Dondo,Mulheres,0 a 16,213.0
2025,Janeiro,Sofala,Dondo,Homens,17 a 21,18042.0
2025,Janeiro,Sofala,Dondo,Mulheres,17 a 21,14452.0
2025,Janeiro,Sofala,Dondo,Homens,22 a 60,92277.0
2025,Janeiro,Sofala,Dondo,Mulheres,22 a 60,74133.0
2025,Janeiro,Sofala,Dondo,Homens,Mais de 60,5175.0
2025,Janeiro,Sofala,Dondo,Mulheres,Mais de 60,4510.0
2025,Janeiro,Sofala,Dondo,Outros,N/A,663.0
2025,Fevereiro,Sofala,Dondo,Homens,0 a 16,336.0
2025,Fevereiro,Sofala,Dondo,Mulheres,0 a 16,214.0
2025,Fevereiro,Sofala,Dondo,Homens,17 a 21,18243.0
2025,Fevereiro,Sofala,Dondo,Mulheres,17 a 21,14598.0
2025,Fevereiro,Sofala,Dondo,Homens,22 a 60,92522.0
2025,Fevereiro,Sofala,Dondo,Mulheres,22 a 60,74613.0
2025,Fevereiro,Sofala,Dondo,Homens,Mais de 60,5255.0
2025,Fevereiro,Sofala,Dondo,Mulheres,Mais de 60,4580.0
2025,Fevereiro,Sofala,Dondo,Outros,N/A,658.0
2025,Março,Sofala,Dondo,Homens,0 a 16,335.0
2025,Março,Sofala,Dondo,Mulheres,0 a 16,211.0
2025,Março,Sofala,Dondo,Homens,17 a 21,18169.0
2025,Março,Sofala,Dondo,Mulheres,17 a 21,14552.0
2025,Março,Sofala,Dondo,Homens,22 a 60,94624.0
2025,Março,Sofala,Dondo,Mulheres,22 a 60,75406.0
2025,Março,Sofala,Dondo,Homens,Mais de 60,5394.0
2025,Março,Sofala,Dondo,Mulheres,Mais de 60,4661.0
2025,Março,Sofala,Dondo,Outros,N/A,653.0
2025,Abril,Sofala,Dondo,Homens,0 a 16,322.0
2025,Abril,Sofala,Dondo,Mulheres,0 a 16,243.0
2025,Abril,Sofala,Dondo,Homens,17 a 21,18403.0
2025,Abril,Sofala,Dondo,Mulheres,17 a 21,14752.0
2025,Abril,Sofala,Dondo,Homens,22 a 60,95169.0
2025,Abril,Sofala,Dondo,Mulheres,22 a 60,76440.0
2025,Abril,Sofala,Dondo,Homens,Mais de 60,5419.0
2025,Abril,Sofala,Dondo,Mulheres,Mais de 60,4796.0
2025,Abril,Sofala,Dondo,Outros,N/A,664.0
2025,Maio,Sofala,Dondo,Homens,0 a 16,300.0
2025,Maio,Sofala,Dondo,Mulheres,0 a 16,221.0
2025,Maio,Sofala,Dondo,Homens,17 a 21,17895.0
2025,Maio,Sofala,Dondo,Mulheres,17 a 21,14252.0
2025,Maio,Sofala,Dondo,Homens,22 a 60,94211.0
2025,Maio,Sofala,Dondo,Mulheres,22 a 60,75852.0
2025,Maio,Sofala,Dondo,Homens,Mais de 60,5447.0
2025,Maio,Sofala,Dondo,Mulheres,Mais de 60,4761.0
2025,Maio,Sofala,Dondo,Outros,N/A,665.0
2025,Junho,Sofala,Dondo,Homens,0 a 16,302.0
2025,Junho,Sofala,Dondo,Mulheres,0 a 16,197.0
2025,Junho,Sofala,Dondo,Homens,17 a 21,17436.0
2025,Junho,Sofala,Dondo,Mulheres,17 a 21,13995.0
2025,Junho,Sofala,Dondo,Homens,22 a 60,91962.0
2025,Junho,Sofala,Dondo,Mulheres,22 a 60,74432.0
2025,Junho,Sofala,Dondo,Homens,Mais de 60,5387.0
2025,Junho,Sofala,Dondo,Mulheres,Mais de 60,4687.0
2025,Junho,Sofala,Dondo,Outros,N/A,611.0
2025,Julho,Sofala,Dondo,Homens,0 a 16,266.0
2025,Julho,Sofala,Dondo,Mulheres,0 a 16,198.0
2025,Julho,Sofala,Dondo,Homens,17 a 21,16816.0
2025,Julho,Sofala,Dondo,Mulheres,17 a 21,13468.0
2025,Julho,Sofala,Dondo,Homens,22 a 60,90357.0
2025,Julho,Sofala,Dondo,Mulheres,22 a 60,72493.0
2025,Julho,Sofala,Dondo,Homens,Mais de 60,5312.0
2025,Julho,Sofala,Dondo,Mulheres,Mais de 60,4549.0
2025,Julho,Sofala,Dondo,Outros,N/A,615.0
2025,Agosto,Sofala,Dondo,Homens,0 a 16,254.0
2025,Agosto,Sofala,Dondo,Mulheres,0 a 16,197.0
2025,Agosto,Sofala,Dondo,Homens,17 a 21,16949.0
2025,Agosto,Sofala,Dondo,Mulheres,17 a 21,13418.0
2025,Agosto,Sofala,Dondo,Homens,22 a 60,92314.0
2025,Agosto,Sofala,Dondo,Mulheres,22 a 60,73259.0
2025,Agosto,Sofala,Dondo,Homens,Mais de 60,5422.0
2025,Agosto,Sofala,Dondo,Mulheres,Mais de 60,4569.0
2025,Agosto,Sofala,Dondo,Outros,N/A,609.0
2025,Setembro,Sofala,Dondo,Homens,0 a 16,250.0
2025,Setembro,Sofala,Dondo,Mulheres,0 a 16,190.0
2025,Setembro,Sofala,Dondo,Homens,17 a 21,16992.0
2025,Setembro,Sofala,Dondo,Mulheres,17 a 21,13441.0
2025,Setembro,Sofala,Dondo,Homens,22 a 60,93681.0
2025,Setembro,Sofala,Dondo,Mulheres,22 a 60,74454.0
2025,Setembro,Sofala,Dondo,Homens,Mais de 60,5522.0
2025,Setembro,Sofala,Dondo,Mulheres,Mais de 60,4630.0
2025,Setembro,Sofala,Dondo,Outros,N/A,614.0
2025,Outubro,Sofala,Dondo,Homens,0 a 16,256.0
2025,Outubro,Sofala,Dondo,Mulheres,0 a 16,197.0
2025,Outubro,Sofala,Dondo,Homens,17 a 21,17378.0
2025,Outubro,Sofala,Dondo,Mulheres,17 a 21,13835.0
2025,Outubro,Sofala,Dondo,Homens,22 a 60,95941.0
2025,Outubro,Sofala,Dondo,Mulheres,22 a 60,75865.0
2025,Outubro,Sofala,Dondo,Homens,Mais de 60,5653.0
2025,Outubro,Sofala,Dondo,Mulheres,Mais de 60,4718.0
2025,Outubro,Sofala,Dondo,Outros,N/A,625.0
2025,Novembro,Sofala,Dondo,Homens,0 a 16,268.0
2025,Novembro,Sofala,Dondo,Mulheres,0 a 16,186.0
2025,Novembro,Sofala,Dondo,Homens,17 a 21,17667.0
2025,Novembro,Sofala,Dondo,Mulheres,17 a 21,14186.0
2025,Novembro,Sofala,Dondo,Homens,22 a 60,93721.0
2025,Novembro,Sofala,Dondo,Mulheres,22 a 60,80953.0
2025,Novembro,Sofala,Dondo,Homens,Mais de 60,5542.0
2025,Novembro,Sofala,Dondo,Mulheres,Mais de 60,5036.0
2025,Novembro,Sofala,Dondo,Outros,N/A,560.0
2025,Dezembro,Sofala,Dondo,Homens,0 a 16,297.0
2025,Dezembro,Sofala,Dondo,Mulheres,0 a 16,201.0
2025,Dezembro,Sofala,Dondo,Homens,17 a 21,18428.0
2025,Dezembro,Sofala,Dondo,Mulheres,17 a 21,14506.0
2025,Dezembro,Sofala,Dondo,Homens,22 a 60,101990.0
2025,Dezembro,Sofala,Dondo,Mulheres,22 a 60,80115.0
2025,Dezembro,Sofala,Dondo,Homens,Mais de 60,5913.0
2025,Dezembro,Sofala,Dondo,Mulheres,Mais de 60,4996.0
2025,Dezembro,Sofala,Dondo,Outros,N/A,560.0
2025,Janeiro,Sofala,Gorongoza,Homens,0 a 16,76.0
2025,Janeiro,Sofala,Gorongoza,Mulheres,0 a 16,49.0
2025,Janeiro,Sofala,Gorongoza,Homens,17 a 21,9145.0
2025,Janeiro,Sofala,Gorongoza,Mulheres,17 a 21,6907.0
2025,Janeiro,Sofala,Gorongoza,Homens,22 a 60,48836.0
2025,Janeiro,Sofala,Gorongoza,Mulheres,22 a 60,33909.0
2025,Janeiro,Sofala,Gorongoza,Homens,Mais de 60,2956.0
2025,Janeiro,Sofala,Gorongoza,Mulheres,Mais de 60,2816.0
2025,Janeiro,Sofala,Gorongoza,Outros,N/A,28.0
2025,Fevereiro,Sofala,Gorongoza,Homens,0 a 16,93.0
2025,Fevereiro,Sofala,Gorongoza,Mulheres,0 a 16,55.0
2025,Fevereiro,Sofala,Gorongoza,Homens,17 a 21,8984.0
2025,Fevereiro,Sofala,Gorongoza,Mulheres,17 a 21,6833.0
2025,Fevereiro,Sofala,Gorongoza,Homens,22 a 60,48636.0
2025,Fevereiro,Sofala,Gorongoza,Mulheres,22 a 60,33646.0
2025,Fevereiro,Sofala,Gorongoza,Homens,Mais de 60,2902.0
2025,Fevereiro,Sofala,Gorongoza,Mulheres,Mais de 60,2740.0
2025,Fevereiro,Sofala,Gorongoza,Outros,N/A,26.0
2025,Março,Sofala,Gorongoza,Homens,0 a 16,86.0
2025,Março,Sofala,Gorongoza,Mulheres,0 a 16,55.0
2025,Março,Sofala,Gorongoza,Homens,17 a 21,9046.0
2025,Março,Sofala,Gorongoza,Mulheres,17 a 21,7058.0
2025,Março,Sofala,Gorongoza,Homens,22 a 60,49824.0
2025,Março,Sofala,Gorongoza,Mulheres,22 a 60,34851.0
2025,Março,Sofala,Gorongoza,Homens,Mais de 60,2916.0
2025,Março,Sofala,Gorongoza,Mulheres,Mais de 60,2817.0
2025,Março,Sofala,Gorongoza,Outros,N/A,28.0
2025,Abril,Sofala,Gorongoza,Homens,0 a 16,101.0
2025,Abril,Sofala,Gorongoza,Mulheres,0 a 16,67.0
2025,Abril,Sofala,Gorongoza,Homens,17 a 21,9187.0
2025,Abril,Sofala,Gorongoza,Mulheres,17 a 21,7256.0
2025,Abril,Sofala,Gorongoza,Homens,22 a 60,50735.0
2025,Abril,Sofala,Gorongoza,Mulheres,22 a 60,35818.0
2025,Abril,Sofala,Gorongoza,Homens,Mais de 60,2922.0
2025,Abril,Sofala,Gorongoza,Mulheres,Mais de 60,2802.0
2025,Abril,Sofala,Gorongoza,Outros,N/A,28.0
2025,Maio,Sofala,Gorongoza,Homens,0 a 16,94.0
2025,Maio,Sofala,Gorongoza,Mulheres,0 a 16,63.0
2025,Maio,Sofala,Gorongoza,Homens,17 a 21,9225.0
2025,Maio,Sofala,Gorongoza,Mulheres,17 a 21,7349.0
2025,Maio,Sofala,Gorongoza,Homens,22 a 60,51842.0
2025,Maio,Sofala,Gorongoza,Mulheres,22 a 60,36639.0
2025,Maio,Sofala,Gorongoza,Homens,Mais de 60,2938.0
2025,Maio,Sofala,Gorongoza,Mulheres,Mais de 60,2843.0
2025,Maio,Sofala,Gorongoza,Outros,N/A,25.0
2025,Junho,Sofala,Gorongoza,Homens,0 a 16,92.0
2025,Junho,Sofala,Gorongoza,Mulheres,0 a 16,54.0
2025,Junho,Sofala,Gorongoza,Homens,17 a 21,9432.0
2025,Junho,Sofala,Gorongoza,Mulheres,17 a 21,7550.0
2025,Junho,Sofala,Gorongoza,Homens,22 a 60,53964.0
2025,Junho,Sofala,Gorongoza,Mulheres,22 a 60,38456.0
2025,Junho,Sofala,Gorongoza,Homens,Mais de 60,3019.0
2025,Junho,Sofala,Gorongoza,Mulheres,Mais de 60,2925.0
2025,Junho,Sofala,Gorongoza,Outros,N/A,23.0
2025,Julho,Sofala,Gorongoza,Homens,0 a 16,82.0
2025,Julho,Sofala,Gorongoza,Mulheres,0 a 16,58.0
2025,Julho,Sofala,Gorongoza,Homens,17 a 21,9374.0
2025,Julho,Sofala,Gorongoza,Mulheres,17 a 21,7710.0
2025,Julho,Sofala,Gorongoza,Homens,22 a 60,54554.0
2025,Julho,Sofala,Gorongoza,Mulheres,22 a 60,39546.0
2025,Julho,Sofala,Gorongoza,Homens,Mais de 60,2987.0
2025,Julho,Sofala,Gorongoza,Mulheres,Mais de 60,2940.0
2025,Julho,Sofala,Gorongoza,Outros,N/A,31.0
2025,Agosto,Sofala,Gorongoza,Homens,0 a 16,73.0
2025,Agosto,Sofala,Gorongoza,Mulheres,0 a 16,49.0
2025,Agosto,Sofala,Gorongoza,Homens,17 a 21,9455.0
2025,Agosto,Sofala,Gorongoza,Mulheres,17 a 21,7841.0
2025,Agosto,Sofala,Gorongoza,Homens,22 a 60,56389.0
2025,Agosto,Sofala,Gorongoza,Mulheres,22 a 60,40635.0
2025,Agosto,Sofala,Gorongoza,Homens,Mais de 60,3061.0
2025,Agosto,Sofala,Gorongoza,Mulheres,Mais de 60,2966.0
2025,Agosto,Sofala,Gorongoza,Outros,N/A,24.0
2025,Setembro,Sofala,Gorongoza,Homens,0 a 16,76.0
2025,Setembro,Sofala,Gorongoza,Mulheres,0 a 16,50.0
2025,Setembro,Sofala,Gorongoza,Homens,17 a 21,9511.0
2025,Setembro,Sofala,Gorongoza,Mulheres,17 a 21,8096.0
2025,Setembro,Sofala,Gorongoza,Homens,22 a 60,57750.0
2025,Setembro,Sofala,Gorongoza,Mulheres,22 a 60,41870.0
2025,Setembro,Sofala,Gorongoza,Homens,Mais de 60,3133.0
2025,Setembro,Sofala,Gorongoza,Mulheres,Mais de 60,3057.0
2025,Setembro,Sofala,Gorongoza,Outros,N/A,29.0
2025,Outubro,Sofala,Gorongoza,Homens,0 a 16,64.0
2025,Outubro,Sofala,Gorongoza,Mulheres,0 a 16,50.0
2025,Outubro,Sofala,Gorongoza,Homens,17 a 21,9806.0
2025,Outubro,Sofala,Gorongoza,Mulheres,17 a 21,8273.0
2025,Outubro,Sofala,Gorongoza,Homens,22 a 60,59810.0
2025,Outubro,Sofala,Gorongoza,Mulheres,22 a 60,43418.0
2025,Outubro,Sofala,Gorongoza,Homens,Mais de 60,3292.0
2025,Outubro,Sofala,Gorongoza,Mulheres,Mais de 60,3155.0
2025,Outubro,Sofala,Gorongoza,Outros,N/A,30.0
2025,Novembro,Sofala,Gorongoza,Homens,0 a 16,77.0
2025,Novembro,Sofala,Gorongoza,Mulheres,0 a 16,47.0
2025,Novembro,Sofala,Gorongoza,Homens,17 a 21,10142.0
2025,Novembro,Sofala,Gorongoza,Mulheres,17 a 21,8374.0
2025,Novembro,Sofala,Gorongoza,Homens,22 a 60,60011.0
2025,Novembro,Sofala,Gorongoza,Mulheres,22 a 60,45191.0
2025,Novembro,Sofala,Gorongoza,Homens,Mais de 60,3350.0
2025,Novembro,Sofala,Gorongoza,Mulheres,Mais de 60,3236.0
2025,Novembro,Sofala,Gorongoza,Outros,N/A,15.0
2025,Dezembro,Sofala,Gorongoza,Homens,0 a 16,73.0
2025,Dezembro,Sofala,Gorongoza,Mulheres,0 a 16,61.0
2025,Dezembro,Sofala,Gorongoza,Homens,17 a 21,10132.0
2025,Dezembro,Sofala,Gorongoza,Mulheres,17 a 21,8437.0
2025,Dezembro,Sofala,Gorongoza,Homens,22 a 60,61639.0
2025,Dezembro,Sofala,Gorongoza,Mulheres,22 a 60,44747.0
2025,Dezembro,Sofala,Gorongoza,Homens,Mais de 60,3416.0
2025,Dezembro,Sofala,Gorongoza,Mulheres,Mais de 60,3267.0
2025,Dezembro,Sofala,Gorongoza,Outros,N/A,13.0
2025,Janeiro,Sofala,Machanga,Homens,0 a 16,40.0
2025,Janeiro,Sofala,Machanga,Mulheres,0 a 16,30.0
2025,Janeiro,Sofala,Machanga,Homens,17 a 21,1900.0
2025,Janeiro,Sofala,Machanga,Mulheres,17 a 21,1769.0
2025,Janeiro,Sofala,Machanga,Homens,22 a 60,7692.0
2025,Janeiro,Sofala,Machanga,Mulheres,22 a 60,6246.0
2025,Janeiro,Sofala,Machanga,Homens,Mais de 60,458.0
2025,Janeiro,Sofala,Machanga,Mulheres,Mais de 60,500.0
2025,Janeiro,Sofala,Machanga,Outros,N/A,2.0
2025,Fevereiro,Sofala,Machanga,Homens,0 a 16,56.0
2025,Fevereiro,Sofala,Machanga,Mulheres,0 a 16,32.0
2025,Fevereiro,Sofala,Machanga,Homens,17 a 21,1975.0
2025,Fevereiro,Sofala,Machanga,Mulheres,17 a 21,1851.0
2025,Fevereiro,Sofala,Machanga,Homens,22 a 60,7566.0
2025,Fevereiro,Sofala,Machanga,Mulheres,22 a 60,6802.0
2025,Fevereiro,Sofala,Machanga,Homens,Mais de 60,455.0
2025,Fevereiro,Sofala,Machanga,Mulheres,Mais de 60,587.0
2025,Fevereiro,Sofala,Machanga,Outros,N/A,2.0
2025,Março,Sofala,Machanga,Homens,0 a 16,59.0
2025,Março,Sofala,Machanga,Mulheres,0 a 16,32.0
2025,Março,Sofala,Machanga,Homens,17 a 21,1969.0
2025,Março,Sofala,Machanga,Mulheres,17 a 21,1885.0
2025,Março,Sofala,Machanga,Homens,22 a 60,7947.0
2025,Março,Sofala,Machanga,Mulheres,22 a 60,6969.0
2025,Março,Sofala,Machanga,Homens,Mais de 60,511.0
2025,Março,Sofala,Machanga,Mulheres,Mais de 60,607.0
2025,Março,Sofala,Machanga,Outros,N/A,2.0
2025,Abril,Sofala,Machanga,Homens,0 a 16,52.0
2025,Abril,Sofala,Machanga,Mulheres,0 a 16,33.0
2025,Abril,Sofala,Machanga,Homens,17 a 21,2059.0
2025,Abril,Sofala,Machanga,Mulheres,17 a 21,1992.0
2025,Abril,Sofala,Machanga,Homens,22 a 60,8414.0
2025,Abril,Sofala,Machanga,Mulheres,22 a 60,7372.0
2025,Abril,Sofala,Machanga,Homens,Mais de 60,567.0
2025,Abril,Sofala,Machanga,Mulheres,Mais de 60,623.0
2025,Abril,Sofala,Machanga,Outros,N/A,2.0
2025,Maio,Sofala,Machanga,Homens,0 a 16,52.0
2025,Maio,Sofala,Machanga,Mulheres,0 a 16,36.0
2025,Maio,Sofala,Machanga,Homens,17 a 21,2028.0
2025,Maio,Sofala,Machanga,Mulheres,17 a 21,2002.0
2025,Maio,Sofala,Machanga,Homens,22 a 60,8377.0
2025,Maio,Sofala,Machanga,Mulheres,22 a 60,7956.0
2025,Maio,Sofala,Machanga,Homens,Mais de 60,753.0
2025,Maio,Sofala,Machanga,Mulheres,Mais de 60,1234.0
2025,Maio,Sofala,Machanga,Outros,N/A,4.0
2025,Junho,Sofala,Machanga,Homens,0 a 16,49.0
2025,Junho,Sofala,Machanga,Mulheres,0 a 16,30.0
2025,Junho,Sofala,Machanga,Homens,17 a 21,1990.0
2025,Junho,Sofala,Machanga,Mulheres,17 a 21,1965.0
2025,Junho,Sofala,Machanga,Homens,22 a 60,8019.0
2025,Junho,Sofala,Machanga,Mulheres,22 a 60,7644.0
2025,Junho,Sofala,Machanga,Homens,Mais de 60,803.0
2025,Junho,Sofala,Machanga,Mulheres,Mais de 60,1283.0
2025,Junho,Sofala,Machanga,Outros,N/A,3.0
2025,Julho,Sofala,Machanga,Homens,0 a 16,41.0
2025,Julho,Sofala,Machanga,Mulheres,0 a 16,29.0
2025,Julho,Sofala,Machanga,Homens,17 a 21,1980.0
2025,Julho,Sofala,Machanga,Mulheres,17 a 21,1983.0
2025,Julho,Sofala,Machanga,Homens,22 a 60,8004.0
2025,Julho,Sofala,Machanga,Mulheres,22 a 60,7405.0
2025,Julho,Sofala,Machanga,Homens,Mais de 60,768.0
2025,Julho,Sofala,Machanga,Mulheres,Mais de 60,1292.0
2025,Julho,Sofala,Machanga,Outros,N/A,3.0
2025,Agosto,Sofala,Machanga,Homens,0 a 16,26.0
2025,Agosto,Sofala,Machanga,Mulheres,0 a 16,27.0
2025,Agosto,Sofala,Machanga,Homens,17 a 21,2037.0
2025,Agosto,Sofala,Machanga,Mulheres,17 a 21,1996.0
2025,Agosto,Sofala,Machanga,Homens,22 a 60,8258.0
2025,Agosto,Sofala,Machanga,Mulheres,22 a 60,7563.0
2025,Agosto,Sofala,Machanga,Homens,Mais de 60,788.0
2025,Agosto,Sofala,Machanga,Mulheres,Mais de 60,1297.0
2025,Agosto,Sofala,Machanga,Outros,N/A,2.0
2025,Setembro,Sofala,Machanga,Homens,0 a 16,30.0
2025,Setembro,Sofala,Machanga,Mulheres,0 a 16,43.0
2025,Setembro,Sofala,Machanga,Homens,17 a 21,2194.0
2025,Setembro,Sofala,Machanga,Mulheres,17 a 21,2123.0
2025,Setembro,Sofala,Machanga,Homens,22 a 60,8695.0
2025,Setembro,Sofala,Machanga,Mulheres,22 a 60,8088.0
2025,Setembro,Sofala,Machanga,Homens,Mais de 60,859.0
2025,Setembro,Sofala,Machanga,Mulheres,Mais de 60,1430.0
2025,Setembro,Sofala,Machanga,Outros,N/A,3.0
2025,Outubro,Sofala,Machanga,Homens,0 a 16,56.0
2025,Outubro,Sofala,Machanga,Mulheres,0 a 16,57.0
2025,Outubro,Sofala,Machanga,Homens,17 a 21,2398.0
2025,Outubro,Sofala,Machanga,Mulheres,17 a 21,2310.0
2025,Outubro,Sofala,Machanga,Homens,22 a 60,9260.0
2025,Outubro,Sofala,Machanga,Mulheres,22 a 60,8921.0
2025,Outubro,Sofala,Machanga,Homens,Mais de 60,903.0
2025,Outubro,Sofala,Machanga,Mulheres,Mais de 60,1521.0
2025,Outubro,Sofala,Machanga,Outros,N/A,2.0
2025,Novembro,Sofala,Machanga,Homens,0 a 16,60.0
2025,Novembro,Sofala,Machanga,Mulheres,0 a 16,57.0
2025,Novembro,Sofala,Machanga,Homens,17 a 21,2495.0
2025,Novembro,Sofala,Machanga,Mulheres,17 a 21,2414.0
2025,Novembro,Sofala,Machanga,Homens,22 a 60,9334.0
2025,Novembro,Sofala,Machanga,Mulheres,22 a 60,9625.0
2025,Novembro,Sofala,Machanga,Homens,Mais de 60,1000.0
2025,Novembro,Sofala,Machanga,Mulheres,Mais de 60,1723.0
2025,Novembro,Sofala,Machanga,Outros,N/A,1.0
2025,Dezembro,Sofala,Machanga,Homens,0 a 16,60.0
2025,Dezembro,Sofala,Machanga,Mulheres,0 a 16,57.0
2025,Dezembro,Sofala,Machanga,Homens,17 a 21,2651.0
2025,Dezembro,Sofala,Machanga,Mulheres,17 a 21,2546.0
2025,Dezembro,Sofala,Machanga,Homens,22 a 60,10236.0
2025,Dezembro,Sofala,Machanga,Mulheres,22 a 60,10648.0
2025,Dezembro,Sofala,Machanga,Homens,Mais de 60,1162.0
2025,Dezembro,Sofala,Machanga,Mulheres,Mais de 60,2254.0
2025,Dezembro,Sofala,Machanga,Outros,N/A,2.0
2025,Janeiro,Sofala,Maringue,Homens,0 a 16,24.0
2025,Janeiro,Sofala,Maringue,Mulheres,0 a 16,12.0
2025,Janeiro,Sofala,Maringue,Homens,17 a 21,5032.0
2025,Janeiro,Sofala,Maringue,Mulheres,17 a 21,4502.0
2025,Janeiro,Sofala,Maringue,Homens,22 a 60,26570.0
2025,Janeiro,Sofala,Maringue,Mulheres,22 a 60,19780.0
2025,Janeiro,Sofala,Maringue,Homens,Mais de 60,1694.0
2025,Janeiro,Sofala,Maringue,Mulheres,Mais de 60,1941.0
2025,Janeiro,Sofala,Maringue,Outros,N/A,7.0
2025,Fevereiro,Sofala,Maringue,Homens,0 a 16,31.0
2025,Fevereiro,Sofala,Maringue,Mulheres,0 a 16,22.0
2025,Fevereiro,Sofala,Maringue,Homens,17 a 21,4985.0
2025,Fevereiro,Sofala,Maringue,Mulheres,17 a 21,4477.0
2025,Fevereiro,Sofala,Maringue,Homens,22 a 60,26317.0
2025,Fevereiro,Sofala,Maringue,Mulheres,22 a 60,19353.0
2025,Fevereiro,Sofala,Maringue,Homens,Mais de 60,1670.0
2025,Fevereiro,Sofala,Maringue,Mulheres,Mais de 60,1944.0
2025,Fevereiro,Sofala,Maringue,Outros,N/A,5.0
2025,Março,Sofala,Maringue,Homens,0 a 16,26.0
2025,Março,Sofala,Maringue,Mulheres,0 a 16,26.0
2025,Março,Sofala,Maringue,Homens,17 a 21,4888.0
2025,Março,Sofala,Maringue,Mulheres,17 a 21,4453.0
2025,Março,Sofala,Maringue,Homens,22 a 60,26518.0
2025,Março,Sofala,Maringue,Mulheres,22 a 60,19649.0
2025,Março,Sofala,Maringue,Homens,Mais de 60,1703.0
2025,Março,Sofala,Maringue,Mulheres,Mais de 60,1956.0
2025,Março,Sofala,Maringue,Outros,N/A,9.0
2025,Abril,Sofala,Maringue,Homens,0 a 16,37.0
2025,Abril,Sofala,Maringue,Mulheres,0 a 16,36.0
2025,Abril,Sofala,Maringue,Homens,17 a 21,5112.0
2025,Abril,Sofala,Maringue,Mulheres,17 a 21,4716.0
2025,Abril,Sofala,Maringue,Homens,22 a 60,27618.0
2025,Abril,Sofala,Maringue,Mulheres,22 a 60,20557.0
2025,Abril,Sofala,Maringue,Homens,Mais de 60,1807.0
2025,Abril,Sofala,Maringue,Mulheres,Mais de 60,2011.0
2025,Abril,Sofala,Maringue,Outros,N/A,5.0
2025,Maio,Sofala,Maringue,Homens,0 a 16,33.0
2025,Maio,Sofala,Maringue,Mulheres,0 a 16,27.0
2025,Maio,Sofala,Maringue,Homens,17 a 21,5039.0
2025,Maio,Sofala,Maringue,Mulheres,17 a 21,4630.0
2025,Maio,Sofala,Maringue,Homens,22 a 60,28055.0
2025,Maio,Sofala,Maringue,Mulheres,22 a 60,20955.0
2025,Maio,Sofala,Maringue,Homens,Mais de 60,1835.0
2025,Maio,Sofala,Maringue,Mulheres,Mais de 60,2021.0
2025,Maio,Sofala,Maringue,Outros,N/A,4.0
2025,Junho,Sofala,Maringue,Homens,0 a 16,30.0
2025,Junho,Sofala,Maringue,Mulheres,0 a 16,22.0
2025,Junho,Sofala,Maringue,Homens,17 a 21,5236.0
2025,Junho,Sofala,Maringue,Mulheres,17 a 21,4881.0
2025,Junho,Sofala,Maringue,Homens,22 a 60,29392.0
2025,Junho,Sofala,Maringue,Mulheres,22 a 60,22145.0
2025,Junho,Sofala,Maringue,Homens,Mais de 60,1936.0
2025,Junho,Sofala,Maringue,Mulheres,Mais de 60,2168.0
2025,Junho,Sofala,Maringue,Outros,N/A,6.0
2025,Julho,Sofala,Maringue,Homens,0 a 16,28.0
2025,Julho,Sofala,Maringue,Mulheres,0 a 16,28.0
2025,Julho,Sofala,Maringue,Homens,17 a 21,5026.0
2025,Julho,Sofala,Maringue,Mulheres,17 a 21,4729.0
2025,Julho,Sofala,Maringue,Homens,22 a 60,29555.0
2025,Julho,Sofala,Maringue,Mulheres,22 a 60,22212.0
2025,Julho,Sofala,Maringue,Homens,Mais de 60,1857.0
2025,Julho,Sofala,Maringue,Mulheres,Mais de 60,2040.0
2025,Julho,Sofala,Maringue,Outros,N/A,10.0
2025,Agosto,Sofala,Maringue,Homens,0 a 16,18.0
2025,Agosto,Sofala,Maringue,Mulheres,0 a 16,19.0
2025,Agosto,Sofala,Maringue,Homens,17 a 21,5195.0
2025,Agosto,Sofala,Maringue,Mulheres,17 a 21,4844.0
2025,Agosto,Sofala,Maringue,Homens,22 a 60,30733.0
2025,Agosto,Sofala,Maringue,Mulheres,22 a 60,22843.0
2025,Agosto,Sofala,Maringue,Homens,Mais de 60,1911.0
2025,Agosto,Sofala,Maringue,Mulheres,Mais de 60,2103.0
2025,Agosto,Sofala,Maringue,Outros,N/A,10.0
2025,Setembro,Sofala,Maringue,Homens,0 a 16,27.0
2025,Setembro,Sofala,Maringue,Mulheres,0 a 16,16.0
2025,Setembro,Sofala,Maringue,Homens,17 a 21,5283.0
2025,Setembro,Sofala,Maringue,Mulheres,17 a 21,4986.0
2025,Setembro,Sofala,Maringue,Homens,22 a 60,31541.0
2025,Setembro,Sofala,Maringue,Mulheres,22 a 60,23380.0
2025,Setembro,Sofala,Maringue,Homens,Mais de 60,1948.0
2025,Setembro,Sofala,Maringue,Mulheres,Mais de 60,2146.0
2025,Setembro,Sofala,Maringue,Outros,N/A,9.0
2025,Outubro,Sofala,Maringue,Homens,0 a 16,25.0
2025,Outubro,Sofala,Maringue,Mulheres,0 a 16,14.0
2025,Outubro,Sofala,Maringue,Homens,17 a 21,5555.0
2025,Outubro,Sofala,Maringue,Mulheres,17 a 21,5192.0
2025,Outubro,Sofala,Maringue,Homens,22 a 60,32813.0
2025,Outubro,Sofala,Maringue,Mulheres,22 a 60,24404.0
2025,Outubro,Sofala,Maringue,Homens,Mais de 60,2057.0
2025,Outubro,Sofala,Maringue,Mulheres,Mais de 60,2217.0
2025,Outubro,Sofala,Maringue,Outros,N/A,8.0
2025,Novembro,Sofala,Maringue,Homens,0 a 16,23.0
2025,Novembro,Sofala,Maringue,Mulheres,0 a 16,19.0
2025,Novembro,Sofala,Maringue,Homens,17 a 21,5725.0
2025,Novembro,Sofala,Maringue,Mulheres,17 a 21,5325.0
2025,Novembro,Sofala,Maringue,Homens,22 a 60,32981.0
2025,Novembro,Sofala,Maringue,Mulheres,22 a 60,24817.0
2025,Novembro,Sofala,Maringue,Homens,Mais de 60,2083.0
2025,Novembro,Sofala,Maringue,Mulheres,Mais de 60,2231.0
2025,Novembro,Sofala,Maringue,Outros,N/A,6.0
2025,Dezembro,Sofala,Maringue,Homens,0 a 16,15.0
2025,Dezembro,Sofala,Maringue,Mulheres,0 a 16,17.0
2025,Dezembro,Sofala,Maringue,Homens,17 a 21,5667.0
2025,Dezembro,Sofala,Maringue,Mulheres,17 a 21,5264.0
2025,Dezembro,Sofala,Maringue,Homens,22 a 60,33134.0
2025,Dezembro,Sofala,Maringue,Mulheres,22 a 60,24461.0
2025,Dezembro,Sofala,Maringue,Homens,Mais de 60,2053.0
2025,Dezembro,Sofala,Maringue,Mulheres,Mais de 60,2207.0
2025,Dezembro,Sofala,Maringue,Outros,N/A,5.0
2025,Janeiro,Sofala,Marromeu,Homens,0 a 16,119.0
2025,Janeiro,Sofala,Marromeu,Mulheres,0 a 16,73.0
2025,Janeiro,Sofala,Marromeu,Homens,17 a 21,9041.0
2025,Janeiro,Sofala,Marromeu,Mulheres,17 a 21,6115.0
2025,Janeiro,Sofala,Marromeu,Homens,22 a 60,41862.0
2025,Janeiro,Sofala,Marromeu,Mulheres,22 a 60,26771.0
2025,Janeiro,Sofala,Marromeu,Homens,Mais de 60,2321.0
2025,Janeiro,Sofala,Marromeu,Mulheres,Mais de 60,1758.0
2025,Janeiro,Sofala,Marromeu,Outros,N/A,18.0
2025,Fevereiro,Sofala,Marromeu,Homens,0 a 16,128.0
2025,Fevereiro,Sofala,Marromeu,Mulheres,0 a 16,80.0
2025,Fevereiro,Sofala,Marromeu,Homens,17 a 21,8968.0
2025,Fevereiro,Sofala,Marromeu,Mulheres,17 a 21,6133.0
2025,Fevereiro,Sofala,Marromeu,Homens,22 a 60,41773.0
2025,Fevereiro,Sofala,Marromeu,Mulheres,22 a 60,27141.0
2025,Fevereiro,Sofala,Marromeu,Homens,Mais de 60,2399.0
2025,Fevereiro,Sofala,Marromeu,Mulheres,Mais de 60,1798.0
2025,Fevereiro,Sofala,Marromeu,Outros,N/A,21.0
2025,Março,Sofala,Marromeu,Homens,0 a 16,134.0
2025,Março,Sofala,Marromeu,Mulheres,0 a 16,66.0
2025,Março,Sofala,Marromeu,Homens,17 a 21,8840.0
2025,Março,Sofala,Marromeu,Mulheres,17 a 21,6216.0
2025,Março,Sofala,Marromeu,Homens,22 a 60,41833.0
2025,Março,Sofala,Marromeu,Mulheres,22 a 60,27308.0
2025,Março,Sofala,Marromeu,Homens,Mais de 60,2410.0
2025,Março,Sofala,Marromeu,Mulheres,Mais de 60,1822.0
2025,Março,Sofala,Marromeu,Outros,N/A,22.0
2025,Abril,Sofala,Marromeu,Homens,0 a 16,127.0
2025,Abril,Sofala,Marromeu,Mulheres,0 a 16,77.0
2025,Abril,Sofala,Marromeu,Homens,17 a 21,9548.0
2025,Abril,Sofala,Marromeu,Mulheres,17 a 21,6606.0
2025,Abril,Sofala,Marromeu,Homens,22 a 60,44496.0
2025,Abril,Sofala,Marromeu,Mulheres,22 a 60,29439.0
2025,Abril,Sofala,Marromeu,Homens,Mais de 60,2611.0
2025,Abril,Sofala,Marromeu,Mulheres,Mais de 60,2042.0
2025,Abril,Sofala,Marromeu,Outros,N/A,21.0
2025,Maio,Sofala,Marromeu,Homens,0 a 16,116.0
2025,Maio,Sofala,Marromeu,Mulheres,0 a 16,66.0
2025,Maio,Sofala,Marromeu,Homens,17 a 21,9263.0
2025,Maio,Sofala,Marromeu,Mulheres,17 a 21,6395.0
2025,Maio,Sofala,Marromeu,Homens,22 a 60,44134.0
2025,Maio,Sofala,Marromeu,Mulheres,22 a 60,29505.0
2025,Maio,Sofala,Marromeu,Homens,Mais de 60,2635.0
2025,Maio,Sofala,Marromeu,Mulheres,Mais de 60,2081.0
2025,Maio,Sofala,Marromeu,Outros,N/A,22.0
2025,Junho,Sofala,Marromeu,Homens,0 a 16,101.0
2025,Junho,Sofala,Marromeu,Mulheres,0 a 16,58.0
2025,Junho,Sofala,Marromeu,Homens,17 a 21,8816.0
2025,Junho,Sofala,Marromeu,Mulheres,17 a 21,6283.0
2025,Junho,Sofala,Marromeu,Homens,22 a 60,43350.0
2025,Junho,Sofala,Marromeu,Mulheres,22 a 60,29008.0
2025,Junho,Sofala,Marromeu,Homens,Mais de 60,2531.0
2025,Junho,Sofala,Marromeu,Mulheres,Mais de 60,1986.0
2025,Junho,Sofala,Marromeu,Outros,N/A,22.0
2025,Julho,Sofala,Marromeu,Homens,0 a 16,94.0
2025,Julho,Sofala,Marromeu,Mulheres,0 a 16,69.0
2025,Julho,Sofala,Marromeu,Homens,17 a 21,8944.0
2025,Julho,Sofala,Marromeu,Mulheres,17 a 21,6458.0
2025,Julho,Sofala,Marromeu,Homens,22 a 60,44301.0
2025,Julho,Sofala,Marromeu,Mulheres,22 a 60,29428.0
2025,Julho,Sofala,Marromeu,Homens,Mais de 60,2554.0
2025,Julho,Sofala,Marromeu,Mulheres,Mais de 60,2007.0
2025,Julho,Sofala,Marromeu,Outros,N/A,28.0
2025,Agosto,Sofala,Marromeu,Homens,0 a 16,77.0
2025,Agosto,Sofala,Marromeu,Mulheres,0 a 16,54.0
2025,Agosto,Sofala,Marromeu,Homens,17 a 21,8961.0
2025,Agosto,Sofala,Marromeu,Mulheres,17 a 21,6522.0
2025,Agosto,Sofala,Marromeu,Homens,22 a 60,46236.0
2025,Agosto,Sofala,Marromeu,Mulheres,22 a 60,30149.0
2025,Agosto,Sofala,Marromeu,Homens,Mais de 60,2588.0
2025,Agosto,Sofala,Marromeu,Mulheres,Mais de 60,2060.0
2025,Agosto,Sofala,Marromeu,Outros,N/A,24.0
2025,Setembro,Sofala,Marromeu,Homens,0 a 16,70.0
2025,Setembro,Sofala,Marromeu,Mulheres,0 a 16,65.0
2025,Setembro,Sofala,Marromeu,Homens,17 a 21,9309.0
2025,Setembro,Sofala,Marromeu,Mulheres,17 a 21,6677.0
2025,Setembro,Sofala,Marromeu,Homens,22 a 60,47062.0
2025,Setembro,Sofala,Marromeu,Mulheres,22 a 60,31849.0
2025,Setembro,Sofala,Marromeu,Homens,Mais de 60,2669.0
2025,Setembro,Sofala,Marromeu,Mulheres,Mais de 60,2110.0
2025,Setembro,Sofala,Marromeu,Outros,N/A,23.0
2025,Outubro,Sofala,Marromeu,Homens,0 a 16,73.0
2025,Outubro,Sofala,Marromeu,Mulheres,0 a 16,63.0
2025,Outubro,Sofala,Marromeu,Homens,17 a 21,9265.0
2025,Outubro,Sofala,Marromeu,Mulheres,17 a 21,6732.0
2025,Outubro,Sofala,Marromeu,Homens,22 a 60,47103.0
2025,Outubro,Sofala,Marromeu,Mulheres,22 a 60,32027.0
2025,Outubro,Sofala,Marromeu,Homens,Mais de 60,2637.0
2025,Outubro,Sofala,Marromeu,Mulheres,Mais de 60,2009.0
2025,Outubro,Sofala,Marromeu,Outros,N/A,25.0
2025,Novembro,Sofala,Marromeu,Homens,0 a 16,86.0
2025,Novembro,Sofala,Marromeu,Mulheres,0 a 16,75.0
2025,Novembro,Sofala,Marromeu,Homens,17 a 21,9574.0
2025,Novembro,Sofala,Marromeu,Mulheres,17 a 21,6944.0
2025,Novembro,Sofala,Marromeu,Homens,22 a 60,47498.0
2025,Novembro,Sofala,Marromeu,Mulheres,22 a 60,33721.0
2025,Novembro,Sofala,Marromeu,Homens,Mais de 60,2637.0
2025,Novembro,Sofala,Marromeu,Mulheres,Mais de 60,2133.0
2025,Novembro,Sofala,Marromeu,Outros,N/A,11.0
2025,Dezembro,Sofala,Marromeu,Homens,0 a 16,86.0
2025,Dezembro,Sofala,Marromeu,Mulheres,0 a 16,75.0
2025,Dezembro,Sofala,Marromeu,Homens,17 a 21,9642.0
2025,Dezembro,Sofala,Marromeu,Mulheres,17 a 21,7077.0
2025,Dezembro,Sofala,Marromeu,Homens,22 a 60,49410.0
2025,Dezembro,Sofala,Marromeu,Mulheres,22 a 60,33581.0
2025,Dezembro,Sofala,Marromeu,Homens,Mais de 60,2762.0
2025,Dezembro,Sofala,Marromeu,Mulheres,Mais de 60,2146.0
2025,Dezembro,Sofala,Marromeu,Outros,N/A,11.0
2025,Janeiro,Sofala,Muanza,Homens,0 a 16,11.0
2025,Janeiro,Sofala,Muanza,Mulheres,0 a 16,2.0
2025,Janeiro,Sofala,Muanza,Homens,17 a 21,1384.0
2025,Janeiro,Sofala,Muanza,Mulheres,17 a 21,1158.0
2025,Janeiro,Sofala,Muanza,Homens,22 a 60,8888.0
2025,Janeiro,Sofala,Muanza,Mulheres,22 a 60,6457.0
2025,Janeiro,Sofala,Muanza,Homens,Mais de 60,384.0
2025,Janeiro,Sofala,Muanza,Mulheres,Mais de 60,334.0
2025,Janeiro,Sofala,Muanza,Outros,N/A,4.0
2025,Fevereiro,Sofala,Muanza,Homens,0 a 16,12.0
2025,Fevereiro,Sofala,Muanza,Mulheres,0 a 16,3.0
2025,Fevereiro,Sofala,Muanza,Homens,17 a 21,1436.0
2025,Fevereiro,Sofala,Muanza,Mulheres,17 a 21,1175.0
2025,Fevereiro,Sofala,Muanza,Homens,22 a 60,8299.0
2025,Fevereiro,Sofala,Muanza,Mulheres,22 a 60,6397.0
2025,Fevereiro,Sofala,Muanza,Homens,Mais de 60,336.0
2025,Fevereiro,Sofala,Muanza,Mulheres,Mais de 60,335.0
2025,Fevereiro,Sofala,Muanza,Outros,N/A,1.0
2025,Março,Sofala,Muanza,Homens,0 a 16,10.0
2025,Março,Sofala,Muanza,Mulheres,0 a 16,5.0
2025,Março,Sofala,Muanza,Homens,17 a 21,1468.0
2025,Março,Sofala,Muanza,Mulheres,17 a 21,1183.0
2025,Março,Sofala,Muanza,Homens,22 a 60,9096.0
2025,Março,Sofala,Muanza,Mulheres,22 a 60,6739.0
2025,Março,Sofala,Muanza,Homens,Mais de 60,400.0
2025,Março,Sofala,Muanza,Mulheres,Mais de 60,344.0
2025,Março,Sofala,Muanza,Outros,N/A,2.0
2025,Abril,Sofala,Muanza,Homens,0 a 16,21.0
2025,Abril,Sofala,Muanza,Mulheres,0 a 16,5.0
2025,Abril,Sofala,Muanza,Homens,17 a 21,1547.0
2025,Abril,Sofala,Muanza,Mulheres,17 a 21,1251.0
2025,Abril,Sofala,Muanza,Homens,22 a 60,9458.0
2025,Abril,Sofala,Muanza,Mulheres,22 a 60,7081.0
2025,Abril,Sofala,Muanza,Homens,Mais de 60,410.0
2025,Abril,Sofala,Muanza,Mulheres,Mais de 60,356.0
2025,Abril,Sofala,Muanza,Outros,N/A,2.0
2025,Maio,Sofala,Muanza,Homens,0 a 16,13.0
2025,Maio,Sofala,Muanza,Mulheres,0 a 16,5.0
2025,Maio,Sofala,Muanza,Homens,17 a 21,1482.0
2025,Maio,Sofala,Muanza,Mulheres,17 a 21,1263.0
2025,Maio,Sofala,Muanza,Homens,22 a 60,9384.0
2025,Maio,Sofala,Muanza,Mulheres,22 a 60,7049.0
2025,Maio,Sofala,Muanza,Homens,Mais de 60,404.0
2025,Maio,Sofala,Muanza,Mulheres,Mais de 60,339.0
2025,Maio,Sofala,Muanza,Outros,N/A,8.0
2025,Junho,Sofala,Muanza,Homens,0 a 16,14.0
2025,Junho,Sofala,Muanza,Mulheres,0 a 16,6.0
2025,Junho,Sofala,Muanza,Homens,17 a 21,1412.0
2025,Junho,Sofala,Muanza,Mulheres,17 a 21,1257.0
2025,Junho,Sofala,Muanza,Homens,22 a 60,9173.0
2025,Junho,Sofala,Muanza,Mulheres,22 a 60,7024.0
2025,Junho,Sofala,Muanza,Homens,Mais de 60,400.0
2025,Junho,Sofala,Muanza,Mulheres,Mais de 60,338.0
2025,Junho,Sofala,Muanza,Outros,N/A,8.0
2025,Julho,Sofala,Muanza,Homens,0 a 16,13.0
2025,Julho,Sofala,Muanza,Mulheres,0 a 16,6.0
2025,Julho,Sofala,Muanza,Homens,17 a 21,1469.0
2025,Julho,Sofala,Muanza,Mulheres,17 a 21,1275.0
2025,Julho,Sofala,Muanza,Homens,22 a 60,9471.0
2025,Julho,Sofala,Muanza,Mulheres,22 a 60,7327.0
2025,Julho,Sofala,Muanza,Homens,Mais de 60,417.0
2025,Julho,Sofala,Muanza,Mulheres,Mais de 60,351.0
2025,Julho,Sofala,Muanza,Outros,N/A,7.0
2025,Agosto,Sofala,Muanza,Homens,0 a 16,10.0
2025,Agosto,Sofala,Muanza,Mulheres,0 a 16,4.0
2025,Agosto,Sofala,Muanza,Homens,17 a 21,1494.0
2025,Agosto,Sofala,Muanza,Mulheres,17 a 21,1339.0
2025,Agosto,Sofala,Muanza,Homens,22 a 60,9896.0
2025,Agosto,Sofala,Muanza,Mulheres,22 a 60,7636.0
2025,Agosto,Sofala,Muanza,Homens,Mais de 60,415.0
2025,Agosto,Sofala,Muanza,Mulheres,Mais de 60,369.0
2025,Agosto,Sofala,Muanza,Outros,N/A,1.0
2025,Setembro,Sofala,Muanza,Homens,0 a 16,10.0
2025,Setembro,Sofala,Muanza,Mulheres,0 a 16,3.0
2025,Setembro,Sofala,Muanza,Homens,17 a 21,1570.0
2025,Setembro,Sofala,Muanza,Mulheres,17 a 21,1379.0
2025,Setembro,Sofala,Muanza,Homens,22 a 60,10185.0
2025,Setembro,Sofala,Muanza,Mulheres,22 a 60,7858.0
2025,Setembro,Sofala,Muanza,Homens,Mais de 60,414.0
2025,Setembro,Sofala,Muanza,Mulheres,Mais de 60,356.0
2025,Setembro,Sofala,Muanza,Outros,N/A,3.0
2025,Outubro,Sofala,Muanza,Homens,0 a 16,15.0
2025,Outubro,Sofala,Muanza,Mulheres,0 a 16,10.0
2025,Outubro,Sofala,Muanza,Homens,17 a 21,1573.0
2025,Outubro,Sofala,Muanza,Mulheres,17 a 21,1446.0
2025,Outubro,Sofala,Muanza,Homens,22 a 60,10201.0
2025,Outubro,Sofala,Muanza,Mulheres,22 a 60,7969.0
2025,Outubro,Sofala,Muanza,Homens,Mais de 60,425.0
2025,Outubro,Sofala,Muanza,Mulheres,Mais de 60,374.0
2025,Outubro,Sofala,Muanza,Outros,N/A,3.0
2025,Novembro,Sofala,Muanza,Homens,0 a 16,15.0
2025,Novembro,Sofala,Muanza,Mulheres,0 a 16,12.0
2025,Novembro,Sofala,Muanza,Homens,17 a 21,1624.0
2025,Novembro,Sofala,Muanza,Mulheres,17 a 21,1491.0
2025,Novembro,Sofala,Muanza,Homens,22 a 60,10211.0
2025,Novembro,Sofala,Muanza,Mulheres,22 a 60,8140.0
2025,Novembro,Sofala,Muanza,Homens,Mais de 60,449.0
2025,Novembro,Sofala,Muanza,Mulheres,Mais de 60,403.0
2025,Novembro,Sofala,Muanza,Outros,N/A,1.0
2025,Dezembro,Sofala,Muanza,Homens,0 a 16,13.0
2025,Dezembro,Sofala,Muanza,Mulheres,0 a 16,8.0
2025,Dezembro,Sofala,Muanza,Homens,17 a 21,1592.0
2025,Dezembro,Sofala,Muanza,Mulheres,17 a 21,1478.0
2025,Dezembro,Sofala,Muanza,Homens,22 a 60,10448.0
2025,Dezembro,Sofala,Muanza,Mulheres,22 a 60,8116.0
2025,Dezembro,Sofala,Muanza,Homens,Mais de 60,448.0
2025,Dezembro,Sofala,Muanza,Mulheres,Mais de 60,410.0
2025,Dezembro,Sofala,Muanza,Outros,N/A,1.0
2025,Janeiro,Sofala,Nhamatanda,Homens,0 a 16,126.0
2025,Janeiro,Sofala,Nhamatanda,Mulheres,0 a 16,78.0
2025,Janeiro,Sofala,Nhamatanda,Homens,17 a 21,13192.0
2025,Janeiro,Sofala,Nhamatanda,Mulheres,17 a 21,10257.0
2025,Janeiro,Sofala,Nhamatanda,Homens,22 a 60,73353.0
2025,Janeiro,Sofala,Nhamatanda,Mulheres,22 a 60,57309.0
2025,Janeiro,Sofala,Nhamatanda,Homens,Mais de 60,6232.0
2025,Janeiro,Sofala,Nhamatanda,Mulheres,Mais de 60,6645.0
2025,Janeiro,Sofala,Nhamatanda,Outros,N/A,407.0
2025,Fevereiro,Sofala,Nhamatanda,Homens,0 a 16,144.0
2025,Fevereiro,Sofala,Nhamatanda,Mulheres,0 a 16,97.0
2025,Fevereiro,Sofala,Nhamatanda,Homens,17 a 21,13621.0
2025,Fevereiro,Sofala,Nhamatanda,Mulheres,17 a 21,10447.0
2025,Fevereiro,Sofala,Nhamatanda,Homens,22 a 60,73360.0
2025,Fevereiro,Sofala,Nhamatanda,Mulheres,22 a 60,58166.0
2025,Fevereiro,Sofala,Nhamatanda,Homens,Mais de 60,6414.0
2025,Fevereiro,Sofala,Nhamatanda,Mulheres,Mais de 60,6642.0
2025,Fevereiro,Sofala,Nhamatanda,Outros,N/A,407.0
2025,Março,Sofala,Nhamatanda,Homens,0 a 16,151.0
2025,Março,Sofala,Nhamatanda,Mulheres,0 a 16,93.0
2025,Março,Sofala,Nhamatanda,Homens,17 a 21,13764.0
2025,Março,Sofala,Nhamatanda,Mulheres,17 a 21,10615.0
2025,Março,Sofala,Nhamatanda,Homens,22 a 60,75536.0
2025,Março,Sofala,Nhamatanda,Mulheres,22 a 60,59665.0
2025,Março,Sofala,Nhamatanda,Homens,Mais de 60,6435.0
2025,Março,Sofala,Nhamatanda,Mulheres,Mais de 60,6688.0
2025,Março,Sofala,Nhamatanda,Outros,N/A,406.0
2025,Abril,Sofala,Nhamatanda,Homens,0 a 16,188.0
2025,Abril,Sofala,Nhamatanda,Mulheres,0 a 16,126.0
2025,Abril,Sofala,Nhamatanda,Homens,17 a 21,14796.0
2025,Abril,Sofala,Nhamatanda,Mulheres,17 a 21,11339.0
2025,Abril,Sofala,Nhamatanda,Homens,22 a 60,80848.0
2025,Abril,Sofala,Nhamatanda,Mulheres,22 a 60,63355.0
2025,Abril,Sofala,Nhamatanda,Homens,Mais de 60,6769.0
2025,Abril,Sofala,Nhamatanda,Mulheres,Mais de 60,6968.0
2025,Abril,Sofala,Nhamatanda,Outros,N/A,407.0
2025,Maio,Sofala,Nhamatanda,Homens,0 a 16,144.0
2025,Maio,Sofala,Nhamatanda,Mulheres,0 a 16,89.0
2025,Maio,Sofala,Nhamatanda,Homens,17 a 21,13326.0
2025,Maio,Sofala,Nhamatanda,Mulheres,17 a 21,10508.0
2025,Maio,Sofala,Nhamatanda,Homens,22 a 60,76197.0
2025,Maio,Sofala,Nhamatanda,Mulheres,22 a 60,60020.0
2025,Maio,Sofala,Nhamatanda,Homens,Mais de 60,6472.0
2025,Maio,Sofala,Nhamatanda,Mulheres,Mais de 60,6623.0
2025,Maio,Sofala,Nhamatanda,Outros,N/A,410.0
2025,Junho,Sofala,Nhamatanda,Homens,0 a 16,95.0
2025,Junho,Sofala,Nhamatanda,Mulheres,0 a 16,63.0
2025,Junho,Sofala,Nhamatanda,Homens,17 a 21,11643.0
2025,Junho,Sofala,Nhamatanda,Mulheres,17 a 21,9307.0
2025,Junho,Sofala,Nhamatanda,Homens,22 a 60,69411.0
2025,Junho,Sofala,Nhamatanda,Mulheres,22 a 60,54437.0
2025,Junho,Sofala,Nhamatanda,Homens,Mais de 60,5879.0
2025,Junho,Sofala,Nhamatanda,Mulheres,Mais de 60,6026.0
2025,Junho,Sofala,Nhamatanda,Outros,N/A,365.0
2025,Julho,Sofala,Nhamatanda,Homens,0 a 16,103.0
2025,Julho,Sofala,Nhamatanda,Mulheres,0 a 16,64.0
2025,Julho,Sofala,Nhamatanda,Homens,17 a 21,11334.0
2025,Julho,Sofala,Nhamatanda,Mulheres,17 a 21,9051.0
2025,Julho,Sofala,Nhamatanda,Homens,22 a 60,68983.0
2025,Julho,Sofala,Nhamatanda,Mulheres,22 a 60,53739.0
2025,Julho,Sofala,Nhamatanda,Homens,Mais de 60,5723.0
2025,Julho,Sofala,Nhamatanda,Mulheres,Mais de 60,5793.0
2025,Julho,Sofala,Nhamatanda,Outros,N/A,379.0
2025,Agosto,Sofala,Nhamatanda,Homens,0 a 16,87.0
2025,Agosto,Sofala,Nhamatanda,Mulheres,0 a 16,62.0
2025,Agosto,Sofala,Nhamatanda,Homens,17 a 21,11423.0
2025,Agosto,Sofala,Nhamatanda,Mulheres,17 a 21,9190.0
2025,Agosto,Sofala,Nhamatanda,Homens,22 a 60,70550.0
2025,Agosto,Sofala,Nhamatanda,Mulheres,22 a 60,54722.0
2025,Agosto,Sofala,Nhamatanda,Homens,Mais de 60,5779.0
2025,Agosto,Sofala,Nhamatanda,Mulheres,Mais de 60,5915.0
2025,Agosto,Sofala,Nhamatanda,Outros,N/A,370.0
2025,Setembro,Sofala,Nhamatanda,Homens,0 a 16,99.0
2025,Setembro,Sofala,Nhamatanda,Mulheres,0 a 16,82.0
2025,Setembro,Sofala,Nhamatanda,Homens,17 a 21,11704.0
2025,Setembro,Sofala,Nhamatanda,Mulheres,17 a 21,9291.0
2025,Setembro,Sofala,Nhamatanda,Homens,22 a 60,71517.0
2025,Setembro,Sofala,Nhamatanda,Mulheres,22 a 60,56048.0
2025,Setembro,Sofala,Nhamatanda,Homens,Mais de 60,5838.0
2025,Setembro,Sofala,Nhamatanda,Mulheres,Mais de 60,6033.0
2025,Setembro,Sofala,Nhamatanda,Outros,N/A,371.0
2025,Outubro,Sofala,Nhamatanda,Homens,0 a 16,127.0
2025,Outubro,Sofala,Nhamatanda,Mulheres,0 a 16,92.0
2025,Outubro,Sofala,Nhamatanda,Homens,17 a 21,12007.0
2025,Outubro,Sofala,Nhamatanda,Mulheres,17 a 21,9693.0
2025,Outubro,Sofala,Nhamatanda,Homens,22 a 60,73851.0
2025,Outubro,Sofala,Nhamatanda,Mulheres,22 a 60,57977.0
2025,Outubro,Sofala,Nhamatanda,Homens,Mais de 60,6118.0
2025,Outubro,Sofala,Nhamatanda,Mulheres,Mais de 60,6280.0
2025,Outubro,Sofala,Nhamatanda,Outros,N/A,374.0
2025,Novembro,Sofala,Nhamatanda,Homens,0 a 16,129.0
2025,Novembro,Sofala,Nhamatanda,Mulheres,0 a 16,87.0
2025,Novembro,Sofala,Nhamatanda,Homens,17 a 21,12250.0
2025,Novembro,Sofala,Nhamatanda,Mulheres,17 a 21,9972.0
2025,Novembro,Sofala,Nhamatanda,Homens,22 a 60,73633.0
2025,Novembro,Sofala,Nhamatanda,Mulheres,22 a 60,61715.0
2025,Novembro,Sofala,Nhamatanda,Homens,Mais de 60,6170.0
2025,Novembro,Sofala,Nhamatanda,Mulheres,Mais de 60,6506.0
2025,Novembro,Sofala,Nhamatanda,Outros,N/A,358.0
2025,Dezembro,Sofala,Nhamatanda,Homens,0 a 16,146.0
2025,Dezembro,Sofala,Nhamatanda,Mulheres,0 a 16,81.0
2025,Dezembro,Sofala,Nhamatanda,Homens,17 a 21,12513.0
2025,Dezembro,Sofala,Nhamatanda,Mulheres,17 a 21,10080.0
2025,Dezembro,Sofala,Nhamatanda,Homens,22 a 60,78662.0
2025,Dezembro,Sofala,Nhamatanda,Mulheres,22 a 60,61206.0
2025,Dezembro,Sofala,Nhamatanda,Homens,Mais de 60,6440.0
2025,Dezembro,Sofala,Nhamatanda,Mulheres,Mais de 60,6571.0
2025,Dezembro,Sofala,Nhamatanda,Outros,N/A,351.0
2025,Janeiro,Manica,Cidade de Chimoio,Homens,0 a 16,487.0
2025,Janeiro,Manica,Cidade de Chimoio,Mulheres,0 a 16,503.0
2025,Janeiro,Manica,Cidade de Chimoio,Homens,17 a 21,46856.0
2025,Janeiro,Manica,Cidade de Chimoio,Mulheres,17 a 21,42878.0
2025,Janeiro,Manica,Cidade de Chimoio,Homens,22 a 60,240112.0
2025,Janeiro,Manica,Cidade de Chimoio,Mulheres,22 a 60,198347.0
2025,Janeiro,Manica,Cidade de Chimoio,Homens,Mais de 60,11707.0
2025,Janeiro,Manica,Cidade de Chimoio,Mulheres,Mais de 60,10110.0
2025,Janeiro,Manica,Cidade de Chimoio,Outros,N/A,235.0
2025,Fevereiro,Manica,Cidade de Chimoio,Homens,0 a 16,570.0
2025,Fevereiro,Manica,Cidade de Chimoio,Mulheres,0 a 16,575.0
2025,Fevereiro,Manica,Cidade de Chimoio,Homens,17 a 21,48863.0
2025,Fevereiro,Manica,Cidade de Chimoio,Mulheres,17 a 21,44958.0
2025,Fevereiro,Manica,Cidade de Chimoio,Homens,22 a 60,243593.0
2025,Fevereiro,Manica,Cidade de Chimoio,Mulheres,22 a 60,204659.0
2025,Fevereiro,Manica,Cidade de Chimoio,Homens,Mais de 60,11947.0
2025,Fevereiro,Manica,Cidade de Chimoio,Mulheres,Mais de 60,10565.0
2025,Fevereiro,Manica,Cidade de Chimoio,Outros,N/A,238.0
2025,Março,Manica,Cidade de Chimoio,Homens,0 a 16,596.0
2025,Março,Manica,Cidade de Chimoio,Mulheres,0 a 16,617.0
2025,Março,Manica,Cidade de Chimoio,Homens,17 a 21,52151.0
2025,Março,Manica,Cidade de Chimoio,Mulheres,17 a 21,48038.0
2025,Março,Manica,Cidade de Chimoio,Homens,22 a 60,258902.0
2025,Março,Manica,Cidade de Chimoio,Mulheres,22 a 60,218865.0
2025,Março,Manica,Cidade de Chimoio,Homens,Mais de 60,12810.0
2025,Março,Manica,Cidade de Chimoio,Mulheres,Mais de 60,11594.0
2025,Março,Manica,Cidade de Chimoio,Outros,N/A,235.0
2025,Abril,Manica,Cidade de Chimoio,Homens,0 a 16,636.0
2025,Abril,Manica,Cidade de Chimoio,Mulheres,0 a 16,618.0
2025,Abril,Manica,Cidade de Chimoio,Homens,17 a 21,52881.0
2025,Abril,Manica,Cidade de Chimoio,Mulheres,17 a 21,48377.0
2025,Abril,Manica,Cidade de Chimoio,Homens,22 a 60,262160.0
2025,Abril,Manica,Cidade de Chimoio,Mulheres,22 a 60,223315.0
2025,Abril,Manica,Cidade de Chimoio,Homens,Mais de 60,13159.0
2025,Abril,Manica,Cidade de Chimoio,Mulheres,Mais de 60,11909.0
2025,Abril,Manica,Cidade de Chimoio,Outros,N/A,240.0
2025,Maio,Manica,Cidade de Chimoio,Homens,0 a 16,658.0
2025,Maio,Manica,Cidade de Chimoio,Mulheres,0 a 16,577.0
2025,Maio,Manica,Cidade de Chimoio,Homens,17 a 21,54159.0
2025,Maio,Manica,Cidade de Chimoio,Mulheres,17 a 21,49674.0
2025,Maio,Manica,Cidade de Chimoio,Homens,22 a 60,268785.0
2025,Maio,Manica,Cidade de Chimoio,Mulheres,22 a 60,230772.0
2025,Maio,Manica,Cidade de Chimoio,Homens,Mais de 60,13266.0
2025,Maio,Manica,Cidade de Chimoio,Mulheres,Mais de 60,12161.0
2025,Maio,Manica,Cidade de Chimoio,Outros,N/A,245.0
2025,Junho,Manica,Cidade de Chimoio,Homens,0 a 16,727.0
2025,Junho,Manica,Cidade de Chimoio,Mulheres,0 a 16,630.0
2025,Junho,Manica,Cidade de Chimoio,Homens,17 a 21,58184.0
2025,Junho,Manica,Cidade de Chimoio,Mulheres,17 a 21,52557.0
2025,Junho,Manica,Cidade de Chimoio,Homens,22 a 60,292152.0
2025,Junho,Manica,Cidade de Chimoio,Mulheres,22 a 60,250030.0
2025,Junho,Manica,Cidade de Chimoio,Homens,Mais de 60,14422.0
2025,Junho,Manica,Cidade de Chimoio,Mulheres,Mais de 60,13351.0
2025,Junho,Manica,Cidade de Chimoio,Outros,N/A,292.0
2025,Julho,Manica,Cidade de Chimoio,Homens,0 a 16,688.0
2025,Julho,Manica,Cidade de Chimoio,Mulheres,0 a 16,622.0
2025,Julho,Manica,Cidade de Chimoio,Homens,17 a 21,57238.0
2025,Julho,Manica,Cidade de Chimoio,Mulheres,17 a 21,51947.0
2025,Julho,Manica,Cidade de Chimoio,Homens,22 a 60,291439.0
2025,Julho,Manica,Cidade de Chimoio,Mulheres,22 a 60,250369.0
2025,Julho,Manica,Cidade de Chimoio,Homens,Mais de 60,14395.0
2025,Julho,Manica,Cidade de Chimoio,Mulheres,Mais de 60,13345.0
2025,Julho,Manica,Cidade de Chimoio,Outros,N/A,336.0
2025,Agosto,Manica,Cidade de Chimoio,Homens,0 a 16,643.0
2025,Agosto,Manica,Cidade de Chimoio,Mulheres,0 a 16,585.0
2025,Agosto,Manica,Cidade de Chimoio,Homens,17 a 21,58098.0
2025,Agosto,Manica,Cidade de Chimoio,Mulheres,17 a 21,52473.0
2025,Agosto,Manica,Cidade de Chimoio,Homens,22 a 60,299102.0
2025,Agosto,Manica,Cidade de Chimoio,Mulheres,22 a 60,256367.0
2025,Agosto,Manica,Cidade de Chimoio,Homens,Mais de 60,14912.0
2025,Agosto,Manica,Cidade de Chimoio,Mulheres,Mais de 60,13711.0
2025,Agosto,Manica,Cidade de Chimoio,Outros,N/A,301.0
2025,Setembro,Manica,Cidade de Chimoio,Homens,0 a 16,594.0
2025,Setembro,Manica,Cidade de Chimoio,Mulheres,0 a 16,554.0
2025,Setembro,Manica,Cidade de Chimoio,Homens,17 a 21,57586.0
2025,Setembro,Manica,Cidade de Chimoio,Mulheres,17 a 21,52437.0
2025,Setembro,Manica,Cidade de Chimoio,Homens,22 a 60,301014.0
2025,Setembro,Manica,Cidade de Chimoio,Mulheres,22 a 60,258808.0
2025,Setembro,Manica,Cidade de Chimoio,Homens,Mais de 60,15079.0
2025,Setembro,Manica,Cidade de Chimoio,Mulheres,Mais de 60,13948.0
2025,Setembro,Manica,Cidade de Chimoio,Outros,N/A,313.0
2025,Outubro,Manica,Cidade de Chimoio,Homens,0 a 16,567.0
2025,Outubro,Manica,Cidade de Chimoio,Mulheres,0 a 16,520.0
2025,Outubro,Manica,Cidade de Chimoio,Homens,17 a 21,58562.0
2025,Outubro,Manica,Cidade de Chimoio,Mulheres,17 a 21,53558.0
2025,Outubro,Manica,Cidade de Chimoio,Homens,22 a 60,311283.0
2025,Outubro,Manica,Cidade de Chimoio,Mulheres,22 a 60,267811.0
2025,Outubro,Manica,Cidade de Chimoio,Homens,Mais de 60,15587.0
2025,Outubro,Manica,Cidade de Chimoio,Mulheres,Mais de 60,14422.0
2025,Outubro,Manica,Cidade de Chimoio,Outros,N/A,342.0
2025,Novembro,Manica,Cidade de Chimoio,Homens,0 a 16,589.0
2025,Novembro,Manica,Cidade de Chimoio,Mulheres,0 a 16,515.0
2025,Novembro,Manica,Cidade de Chimoio,Homens,17 a 21,59035.0
2025,Novembro,Manica,Cidade de Chimoio,Mulheres,17 a 21,54491.0
2025,Novembro,Manica,Cidade de Chimoio,Homens,22 a 60,306921.0
2025,Novembro,Manica,Cidade de Chimoio,Mulheres,22 a 60,281418.0
2025,Novembro,Manica,Cidade de Chimoio,Homens,Mais de 60,15405.0
2025,Novembro,Manica,Cidade de Chimoio,Mulheres,Mais de 60,14923.0
2025,Novembro,Manica,Cidade de Chimoio,Outros,N/A,112.0
2025,Dezembro,Manica,Cidade de Chimoio,Homens,0 a 16,621.0
2025,Dezembro,Manica,Cidade de Chimoio,Mulheres,0 a 16,506.0
2025,Dezembro,Manica,Cidade de Chimoio,Homens,17 a 21,59619.0
2025,Dezembro,Manica,Cidade de Chimoio,Mulheres,17 a 21,54558.0
2025,Dezembro,Manica,Cidade de Chimoio,Homens,22 a 60,322584.0
2025,Dezembro,Manica,Cidade de Chimoio,Mulheres,22 a 60,278511.0
2025,Dezembro,Manica,Cidade de Chimoio,Homens,Mais de 60,16130.0
2025,Dezembro,Manica,Cidade de Chimoio,Mulheres,Mais de 60,15016.0
2025,Dezembro,Manica,Cidade de Chimoio,Outros,N/A,108.0
2025,Janeiro,Manica,Bárue,Homens,0 a 16,142.0
2025,Janeiro,Manica,Bárue,Mulheres,0 a 16,97.0
2025,Janeiro,Manica,Bárue,Homens,17 a 21,12345.0
2025,Janeiro,Manica,Bárue,Mulheres,17 a 21,9909.0
2025,Janeiro,Manica,Bárue,Homens,22 a 60,61909.0
2025,Janeiro,Manica,Bárue,Mulheres,22 a 60,45642.0
2025,Janeiro,Manica,Bárue,Homens,Mais de 60,3073.0
2025,Janeiro,Manica,Bárue,Mulheres,Mais de 60,3158.0
2025,Janeiro,Manica,Bárue,Outros,N/A,15.0
2025,Fevereiro,Manica,Bárue,Homens,0 a 16,146.0
2025,Fevereiro,Manica,Bárue,Mulheres,0 a 16,100.0
2025,Fevereiro,Manica,Bárue,Homens,17 a 21,12362.0
2025,Fevereiro,Manica,Bárue,Mulheres,17 a 21,10059.0
2025,Fevereiro,Manica,Bárue,Homens,22 a 60,62403.0
2025,Fevereiro,Manica,Bárue,Mulheres,22 a 60,46179.0
2025,Fevereiro,Manica,Bárue,Homens,Mais de 60,3172.0
2025,Fevereiro,Manica,Bárue,Mulheres,Mais de 60,3235.0
2025,Fevereiro,Manica,Bárue,Outros,N/A,18.0
2025,Março,Manica,Bárue,Homens,0 a 16,146.0
2025,Março,Manica,Bárue,Mulheres,0 a 16,102.0
2025,Março,Manica,Bárue,Homens,17 a 21,12213.0
2025,Março,Manica,Bárue,Mulheres,17 a 21,10187.0
2025,Março,Manica,Bárue,Homens,22 a 60,63346.0
2025,Março,Manica,Bárue,Mulheres,22 a 60,47326.0
2025,Março,Manica,Bárue,Homens,Mais de 60,3212.0
2025,Março,Manica,Bárue,Mulheres,Mais de 60,3368.0
2025,Março,Manica,Bárue,Outros,N/A,20.0
2025,Abril,Manica,Bárue,Homens,0 a 16,158.0
2025,Abril,Manica,Bárue,Mulheres,0 a 16,103.0
2025,Abril,Manica,Bárue,Homens,17 a 21,12034.0
2025,Abril,Manica,Bárue,Mulheres,17 a 21,10260.0
2025,Abril,Manica,Bárue,Homens,22 a 60,63931.0
2025,Abril,Manica,Bárue,Mulheres,22 a 60,48027.0
2025,Abril,Manica,Bárue,Homens,Mais de 60,3219.0
2025,Abril,Manica,Bárue,Mulheres,Mais de 60,3404.0
2025,Abril,Manica,Bárue,Outros,N/A,19.0
2025,Maio,Manica,Bárue,Homens,0 a 16,156.0
2025,Maio,Manica,Bárue,Mulheres,0 a 16,112.0
2025,Maio,Manica,Bárue,Homens,17 a 21,12432.0
2025,Maio,Manica,Bárue,Mulheres,17 a 21,10715.0
2025,Maio,Manica,Bárue,Homens,22 a 60,67479.0
2025,Maio,Manica,Bárue,Mulheres,22 a 60,51131.0
2025,Maio,Manica,Bárue,Homens,Mais de 60,3408.0
2025,Maio,Manica,Bárue,Mulheres,Mais de 60,3643.0
2025,Maio,Manica,Bárue,Outros,N/A,13.0
2025,Junho,Manica,Bárue,Homens,0 a 16,174.0
2025,Junho,Manica,Bárue,Mulheres,0 a 16,118.0
2025,Junho,Manica,Bárue,Homens,17 a 21,13612.0
2025,Junho,Manica,Bárue,Mulheres,17 a 21,11582.0
2025,Junho,Manica,Bárue,Homens,22 a 60,73674.0
2025,Junho,Manica,Bárue,Mulheres,22 a 60,55660.0
2025,Junho,Manica,Bárue,Homens,Mais de 60,3710.0
2025,Junho,Manica,Bárue,Mulheres,Mais de 60,3970.0
2025,Junho,Manica,Bárue,Outros,N/A,21.0
2025,Julho,Manica,Bárue,Homens,0 a 16,144.0
2025,Julho,Manica,Bárue,Mulheres,0 a 16,126.0
2025,Julho,Manica,Bárue,Homens,17 a 21,13516.0
2025,Julho,Manica,Bárue,Mulheres,17 a 21,11811.0
2025,Julho,Manica,Bárue,Homens,22 a 60,74669.0
2025,Julho,Manica,Bárue,Mulheres,22 a 60,57152.0
2025,Julho,Manica,Bárue,Homens,Mais de 60,3799.0
2025,Julho,Manica,Bárue,Mulheres,Mais de 60,4054.0
2025,Julho,Manica,Bárue,Outros,N/A,28.0
2025,Agosto,Manica,Bárue,Homens,0 a 16,129.0
2025,Agosto,Manica,Bárue,Mulheres,0 a 16,133.0
2025,Agosto,Manica,Bárue,Homens,17 a 21,14007.0
2025,Agosto,Manica,Bárue,Mulheres,17 a 21,12142.0
2025,Agosto,Manica,Bárue,Homens,22 a 60,79259.0
2025,Agosto,Manica,Bárue,Mulheres,22 a 60,60326.0
2025,Agosto,Manica,Bárue,Homens,Mais de 60,3978.0
2025,Agosto,Manica,Bárue,Mulheres,Mais de 60,4273.0
2025,Agosto,Manica,Bárue,Outros,N/A,21.0
2025,Setembro,Manica,Bárue,Homens,0 a 16,107.0
2025,Setembro,Manica,Bárue,Mulheres,0 a 16,108.0
2025,Setembro,Manica,Bárue,Homens,17 a 21,14278.0
2025,Setembro,Manica,Bárue,Mulheres,17 a 21,12535.0
2025,Setembro,Manica,Bárue,Homens,22 a 60,81931.0
2025,Setembro,Manica,Bárue,Mulheres,22 a 60,62501.0
2025,Setembro,Manica,Bárue,Homens,Mais de 60,4109.0
2025,Setembro,Manica,Bárue,Mulheres,Mais de 60,4443.0
2025,Setembro,Manica,Bárue,Outros,N/A,26.0
2025,Outubro,Manica,Bárue,Homens,0 a 16,125.0
2025,Outubro,Manica,Bárue,Mulheres,0 a 16,110.0
2025,Outubro,Manica,Bárue,Homens,17 a 21,14877.0
2025,Outubro,Manica,Bárue,Mulheres,17 a 21,12882.0
2025,Outubro,Manica,Bárue,Homens,22 a 60,85335.0
2025,Outubro,Manica,Bárue,Mulheres,22 a 60,65152.0
2025,Outubro,Manica,Bárue,Homens,Mais de 60,4276.0
2025,Outubro,Manica,Bárue,Mulheres,Mais de 60,4622.0
2025,Outubro,Manica,Bárue,Outros,N/A,23.0
2025,Novembro,Manica,Bárue,Homens,0 a 16,123.0
2025,Novembro,Manica,Bárue,Mulheres,0 a 16,123.0
2025,Novembro,Manica,Bárue,Homens,17 a 21,15038.0
2025,Novembro,Manica,Bárue,Mulheres,17 a 21,12922.0
2025,Novembro,Manica,Bárue,Homens,22 a 60,84560.0
2025,Novembro,Manica,Bárue,Mulheres,22 a 60,66936.0
2025,Novembro,Manica,Bárue,Homens,Mais de 60,4256.0
2025,Novembro,Manica,Bárue,Mulheres,Mais de 60,4599.0
2025,Novembro,Manica,Bárue,Outros,N/A,10.0
2025,Dezembro,Manica,Bárue,Homens,0 a 16,125.0
2025,Dezembro,Manica,Bárue,Mulheres,0 a 16,110.0
2025,Dezembro,Manica,Bárue,Homens,17 a 21,14903.0
2025,Dezembro,Manica,Bárue,Mulheres,17 a 21,12931.0
2025,Dezembro,Manica,Bárue,Homens,22 a 60,85478.0
2025,Dezembro,Manica,Bárue,Mulheres,22 a 60,65562.0
2025,Dezembro,Manica,Bárue,Homens,Mais de 60,4274.0
2025,Dezembro,Manica,Bárue,Mulheres,Mais de 60,4636.0
2025,Dezembro,Manica,Bárue,Outros,N/A,8.0
2025,Janeiro,Manica,Gondola,Homens,0 a 16,110.0
2025,Janeiro,Manica,Gondola,Mulheres,0 a 16,86.0
2025,Janeiro,Manica,Gondola,Homens,17 a 21,14762.0
2025,Janeiro,Manica,Gondola,Mulheres,17 a 21,11515.0
2025,Janeiro,Manica,Gondola,Homens,22 a 60,80133.0
2025,Janeiro,Manica,Gondola,Mulheres,22 a 60,58741.0
2025,Janeiro,Manica,Gondola,Homens,Mais de 60,5046.0
2025,Janeiro,Manica,Gondola,Mulheres,Mais de 60,4156.0
2025,Janeiro,Manica,Gondola,Outros,N/A,41.0
2025,Fevereiro,Manica,Gondola,Homens,0 a 16,125.0
2025,Fevereiro,Manica,Gondola,Mulheres,0 a 16,107.0
2025,Fevereiro,Manica,Gondola,Homens,17 a 21,14871.0
2025,Fevereiro,Manica,Gondola,Mulheres,17 a 21,11631.0
2025,Fevereiro,Manica,Gondola,Homens,22 a 60,80566.0
2025,Fevereiro,Manica,Gondola,Mulheres,22 a 60,59500.0
2025,Fevereiro,Manica,Gondola,Homens,Mais de 60,5093.0
2025,Fevereiro,Manica,Gondola,Mulheres,Mais de 60,4273.0
2025,Fevereiro,Manica,Gondola,Outros,N/A,38.0
2025,Março,Manica,Gondola,Homens,0 a 16,134.0
2025,Março,Manica,Gondola,Mulheres,0 a 16,101.0
2025,Março,Manica,Gondola,Homens,17 a 21,15246.0
2025,Março,Manica,Gondola,Mulheres,17 a 21,12040.0
2025,Março,Manica,Gondola,Homens,22 a 60,83633.0
2025,Março,Manica,Gondola,Mulheres,22 a 60,61769.0
2025,Março,Manica,Gondola,Homens,Mais de 60,5319.0
2025,Março,Manica,Gondola,Mulheres,Mais de 60,4444.0
2025,Março,Manica,Gondola,Outros,N/A,42.0
2025,Abril,Manica,Gondola,Homens,0 a 16,174.0
2025,Abril,Manica,Gondola,Mulheres,0 a 16,122.0
2025,Abril,Manica,Gondola,Homens,17 a 21,15489.0
2025,Abril,Manica,Gondola,Mulheres,17 a 21,12372.0
2025,Abril,Manica,Gondola,Homens,22 a 60,85398.0
2025,Abril,Manica,Gondola,Mulheres,22 a 60,64211.0
2025,Abril,Manica,Gondola,Homens,Mais de 60,5393.0
2025,Abril,Manica,Gondola,Mulheres,Mais de 60,4562.0
2025,Abril,Manica,Gondola,Outros,N/A,37.0
2025,Maio,Manica,Gondola,Homens,0 a 16,153.0
2025,Maio,Manica,Gondola,Mulheres,0 a 16,94.0
2025,Maio,Manica,Gondola,Homens,17 a 21,15071.0
2025,Maio,Manica,Gondola,Mulheres,17 a 21,12354.0
2025,Maio,Manica,Gondola,Homens,22 a 60,86068.0
2025,Maio,Manica,Gondola,Mulheres,22 a 60,65408.0
2025,Maio,Manica,Gondola,Homens,Mais de 60,5508.0
2025,Maio,Manica,Gondola,Mulheres,Mais de 60,4542.0
2025,Maio,Manica,Gondola,Outros,N/A,37.0
2025,Junho,Manica,Gondola,Homens,0 a 16,136.0
2025,Junho,Manica,Gondola,Mulheres,0 a 16,83.0
2025,Junho,Manica,Gondola,Homens,17 a 21,14834.0
2025,Junho,Manica,Gondola,Mulheres,17 a 21,12066.0
2025,Junho,Manica,Gondola,Homens,22 a 60,85730.0
2025,Junho,Manica,Gondola,Mulheres,22 a 60,64922.0
2025,Junho,Manica,Gondola,Homens,Mais de 60,5360.0
2025,Junho,Manica,Gondola,Mulheres,Mais de 60,4630.0
2025,Junho,Manica,Gondola,Outros,N/A,37.0
2025,Julho,Manica,Gondola,Homens,0 a 16,138.0
2025,Julho,Manica,Gondola,Mulheres,0 a 16,86.0
2025,Julho,Manica,Gondola,Homens,17 a 21,14464.0
2025,Julho,Manica,Gondola,Mulheres,17 a 21,12079.0
2025,Julho,Manica,Gondola,Homens,22 a 60,86074.0
2025,Julho,Manica,Gondola,Mulheres,22 a 60,65378.0
2025,Julho,Manica,Gondola,Homens,Mais de 60,5399.0
2025,Julho,Manica,Gondola,Mulheres,Mais de 60,4676.0
2025,Julho,Manica,Gondola,Outros,N/A,48.0
2025,Agosto,Manica,Gondola,Homens,0 a 16,141.0
2025,Agosto,Manica,Gondola,Mulheres,0 a 16,78.0
2025,Agosto,Manica,Gondola,Homens,17 a 21,14875.0
2025,Agosto,Manica,Gondola,Mulheres,17 a 21,12367.0
2025,Agosto,Manica,Gondola,Homens,22 a 60,89216.0
2025,Agosto,Manica,Gondola,Mulheres,22 a 60,67223.0
2025,Agosto,Manica,Gondola,Homens,Mais de 60,5549.0
2025,Agosto,Manica,Gondola,Mulheres,Mais de 60,4835.0
2025,Agosto,Manica,Gondola,Outros,N/A,53.0
2025,Setembro,Manica,Gondola,Homens,0 a 16,142.0
2025,Setembro,Manica,Gondola,Mulheres,0 a 16,70.0
2025,Setembro,Manica,Gondola,Homens,17 a 21,14919.0
2025,Setembro,Manica,Gondola,Mulheres,17 a 21,12416.0
2025,Setembro,Manica,Gondola,Homens,22 a 60,91294.0
2025,Setembro,Manica,Gondola,Mulheres,22 a 60,68690.0
2025,Setembro,Manica,Gondola,Homens,Mais de 60,5730.0
2025,Setembro,Manica,Gondola,Mulheres,Mais de 60,4928.0
2025,Setembro,Manica,Gondola,Outros,N/A,54.0
2025,Outubro,Manica,Gondola,Homens,0 a 16,151.0
2025,Outubro,Manica,Gondola,Mulheres,0 a 16,71.0
2025,Outubro,Manica,Gondola,Homens,17 a 21,14987.0
2025,Outubro,Manica,Gondola,Mulheres,17 a 21,12532.0
2025,Outubro,Manica,Gondola,Homens,22 a 60,92693.0
2025,Outubro,Manica,Gondola,Mulheres,22 a 60,70187.0
2025,Outubro,Manica,Gondola,Homens,Mais de 60,5745.0
2025,Outubro,Manica,Gondola,Mulheres,Mais de 60,5051.0
2025,Outubro,Manica,Gondola,Outros,N/A,48.0
2025,Novembro,Manica,Gondola,Homens,0 a 16,151.0
2025,Novembro,Manica,Gondola,Mulheres,0 a 16,81.0
2025,Novembro,Manica,Gondola,Homens,17 a 21,15352.0
2025,Novembro,Manica,Gondola,Mulheres,17 a 21,12921.0
2025,Novembro,Manica,Gondola,Homens,22 a 60,93103.0
2025,Novembro,Manica,Gondola,Mulheres,22 a 60,75045.0
2025,Novembro,Manica,Gondola,Homens,Mais de 60,5794.0
2025,Novembro,Manica,Gondola,Mulheres,Mais de 60,5299.0
2025,Novembro,Manica,Gondola,Outros,N/A,27.0
2025,Dezembro,Manica,Gondola,Homens,0 a 16,177.0
2025,Dezembro,Manica,Gondola,Mulheres,0 a 16,94.0
2025,Dezembro,Manica,Gondola,Homens,17 a 21,15715.0
2025,Dezembro,Manica,Gondola,Mulheres,17 a 21,13149.0
2025,Dezembro,Manica,Gondola,Homens,22 a 60,98119.0
2025,Dezembro,Manica,Gondola,Mulheres,22 a 60,74514.0
2025,Dezembro,Manica,Gondola,Homens,Mais de 60,6006.0
2025,Dezembro,Manica,Gondola,Mulheres,Mais de 60,5353.0
2025,Dezembro,Manica,Gondola,Outros,N/A,25.0
2025,Janeiro,Manica,Guro,Homens,0 a 16,55.0
2025,Janeiro,Manica,Guro,Mulheres,0 a 16,14.0
2025,Janeiro,Manica,Guro,Homens,17 a 21,5456.0
2025,Janeiro,Manica,Guro,Mulheres,17 a 21,4173.0
2025,Janeiro,Manica,Guro,Homens,22 a 60,24846.0
2025,Janeiro,Manica,Guro,Mulheres,22 a 60,16883.0
2025,Janeiro,Manica,Guro,Homens,Mais de 60,1188.0
2025,Janeiro,Manica,Guro,Mulheres,Mais de 60,1307.0
2025,Janeiro,Manica,Guro,Outros,N/A,16.0
2025,Fevereiro,Manica,Guro,Homens,0 a 16,52.0
2025,Fevereiro,Manica,Guro,Mulheres,0 a 16,14.0
2025,Fevereiro,Manica,Guro,Homens,17 a 21,5513.0
2025,Fevereiro,Manica,Guro,Mulheres,17 a 21,4261.0
2025,Fevereiro,Manica,Guro,Homens,22 a 60,25427.0
2025,Fevereiro,Manica,Guro,Mulheres,22 a 60,17389.0
2025,Fevereiro,Manica,Guro,Homens,Mais de 60,1208.0
2025,Fevereiro,Manica,Guro,Mulheres,Mais de 60,1323.0
2025,Fevereiro,Manica,Guro,Outros,N/A,18.0
2025,Março,Manica,Guro,Homens,0 a 16,47.0
2025,Março,Manica,Guro,Mulheres,0 a 16,16.0
2025,Março,Manica,Guro,Homens,17 a 21,5473.0
2025,Março,Manica,Guro,Mulheres,17 a 21,4343.0
2025,Março,Manica,Guro,Homens,22 a 60,25930.0
2025,Março,Manica,Guro,Mulheres,22 a 60,17859.0
2025,Março,Manica,Guro,Homens,Mais de 60,1237.0
2025,Março,Manica,Guro,Mulheres,Mais de 60,1331.0
2025,Março,Manica,Guro,Outros,N/A,18.0
2025,Abril,Manica,Guro,Homens,0 a 16,58.0
2025,Abril,Manica,Guro,Mulheres,0 a 16,22.0
2025,Abril,Manica,Guro,Homens,17 a 21,5637.0
2025,Abril,Manica,Guro,Mulheres,17 a 21,4432.0
2025,Abril,Manica,Guro,Homens,22 a 60,26671.0
2025,Abril,Manica,Guro,Mulheres,22 a 60,18351.0
2025,Abril,Manica,Guro,Homens,Mais de 60,1258.0
2025,Abril,Manica,Guro,Mulheres,Mais de 60,1339.0
2025,Abril,Manica,Guro,Outros,N/A,18.0
2025,Maio,Manica,Guro,Homens,0 a 16,58.0
2025,Maio,Manica,Guro,Mulheres,0 a 16,24.0
2025,Maio,Manica,Guro,Homens,17 a 21,5470.0
2025,Maio,Manica,Guro,Mulheres,17 a 21,4352.0
2025,Maio,Manica,Guro,Homens,22 a 60,26351.0
2025,Maio,Manica,Guro,Mulheres,22 a 60,18253.0
2025,Maio,Manica,Guro,Homens,Mais de 60,1228.0
2025,Maio,Manica,Guro,Mulheres,Mais de 60,1303.0
2025,Maio,Manica,Guro,Outros,N/A,17.0
2025,Junho,Manica,Guro,Homens,0 a 16,56.0
2025,Junho,Manica,Guro,Mulheres,0 a 16,14.0
2025,Junho,Manica,Guro,Homens,17 a 21,5494.0
2025,Junho,Manica,Guro,Mulheres,17 a 21,4434.0
2025,Junho,Manica,Guro,Homens,22 a 60,26288.0
2025,Junho,Manica,Guro,Mulheres,22 a 60,18597.0
2025,Junho,Manica,Guro,Homens,Mais de 60,1278.0
2025,Junho,Manica,Guro,Mulheres,Mais de 60,1309.0
2025,Junho,Manica,Guro,Outros,N/A,11.0
2025,Julho,Manica,Guro,Homens,0 a 16,68.0
2025,Julho,Manica,Guro,Mulheres,0 a 16,22.0
2025,Julho,Manica,Guro,Homens,17 a 21,5675.0
2025,Julho,Manica,Guro,Mulheres,17 a 21,4597.0
2025,Julho,Manica,Guro,Homens,22 a 60,27079.0
2025,Julho,Manica,Guro,Mulheres,22 a 60,19385.0
2025,Julho,Manica,Guro,Homens,Mais de 60,1272.0
2025,Julho,Manica,Guro,Mulheres,Mais de 60,1402.0
2025,Julho,Manica,Guro,Outros,N/A,18.0
2025,Agosto,Manica,Guro,Homens,0 a 16,63.0
2025,Agosto,Manica,Guro,Mulheres,0 a 16,22.0
2025,Agosto,Manica,Guro,Homens,17 a 21,5805.0
2025,Agosto,Manica,Guro,Mulheres,17 a 21,4684.0
2025,Agosto,Manica,Guro,Homens,22 a 60,28051.0
2025,Agosto,Manica,Guro,Mulheres,22 a 60,20158.0
2025,Agosto,Manica,Guro,Homens,Mais de 60,1287.0
2025,Agosto,Manica,Guro,Mulheres,Mais de 60,1488.0
2025,Agosto,Manica,Guro,Outros,N/A,19.0
2025,Setembro,Manica,Guro,Homens,0 a 16,62.0
2025,Setembro,Manica,Guro,Mulheres,0 a 16,26.0
2025,Setembro,Manica,Guro,Homens,17 a 21,5903.0
2025,Setembro,Manica,Guro,Mulheres,17 a 21,4795.0
2025,Setembro,Manica,Guro,Homens,22 a 60,28886.0
2025,Setembro,Manica,Guro,Mulheres,22 a 60,20786.0
2025,Setembro,Manica,Guro,Homens,Mais de 60,1341.0
2025,Setembro,Manica,Guro,Mulheres,Mais de 60,1492.0
2025,Setembro,Manica,Guro,Outros,N/A,15.0
2025,Outubro,Manica,Guro,Homens,0 a 16,63.0
2025,Outubro,Manica,Guro,Mulheres,0 a 16,22.0
2025,Outubro,Manica,Guro,Homens,17 a 21,5675.0
2025,Outubro,Manica,Guro,Mulheres,17 a 21,4730.0
2025,Outubro,Manica,Guro,Homens,22 a 60,27928.0
2025,Outubro,Manica,Guro,Mulheres,22 a 60,20571.0
2025,Outubro,Manica,Guro,Homens,Mais de 60,1301.0
2025,Outubro,Manica,Guro,Mulheres,Mais de 60,1508.0
2025,Outubro,Manica,Guro,Outros,N/A,15.0
2025,Novembro,Manica,Guro,Homens,0 a 16,66.0
2025,Novembro,Manica,Guro,Mulheres,0 a 16,23.0
2025,Novembro,Manica,Guro,Homens,17 a 21,5807.0
2025,Novembro,Manica,Guro,Mulheres,17 a 21,4853.0
2025,Novembro,Manica,Guro,Homens,22 a 60,27825.0
2025,Novembro,Manica,Guro,Mulheres,22 a 60,21340.0
2025,Novembro,Manica,Guro,Homens,Mais de 60,1332.0
2025,Novembro,Manica,Guro,Mulheres,Mais de 60,1510.0
2025,Novembro,Manica,Guro,Outros,N/A,10.0
2025,Dezembro,Manica,Guro,Homens,0 a 16,61.0
2025,Dezembro,Manica,Guro,Mulheres,0 a 16,23.0
2025,Dezembro,Manica,Guro,Homens,17 a 21,5879.0
2025,Dezembro,Manica,Guro,Mulheres,17 a 21,4846.0
2025,Dezembro,Manica,Guro,Homens,22 a 60,28651.0
2025,Dezembro,Manica,Guro,Mulheres,22 a 60,21049.0
2025,Dezembro,Manica,Guro,Homens,Mais de 60,1341.0
2025,Dezembro,Manica,Guro,Mulheres,Mais de 60,1517.0
2025,Dezembro,Manica,Guro,Outros,N/A,10.0
2025,Janeiro,Manica,Machaze,Homens,0 a 16,33.0
2025,Janeiro,Manica,Machaze,Mulheres,0 a 16,28.0
2025,Janeiro,Manica,Machaze,Homens,17 a 21,2717.0
2025,Janeiro,Manica,Machaze,Mulheres,17 a 21,2717.0
2025,Janeiro,Manica,Machaze,Homens,22 a 60,16118.0
2025,Janeiro,Manica,Machaze,Mulheres,22 a 60,13515.0
2025,Janeiro,Manica,Machaze,Homens,Mais de 60,748.0
2025,Janeiro,Manica,Machaze,Mulheres,Mais de 60,875.0
2025,Janeiro,Manica,Machaze,Outros,N/A,4.0
2025,Fevereiro,Manica,Machaze,Homens,0 a 16,34.0
2025,Fevereiro,Manica,Machaze,Mulheres,0 a 16,34.0
2025,Fevereiro,Manica,Machaze,Homens,17 a 21,2718.0
2025,Fevereiro,Manica,Machaze,Mulheres,17 a 21,2704.0
2025,Fevereiro,Manica,Machaze,Homens,22 a 60,15997.0
2025,Fevereiro,Manica,Machaze,Mulheres,22 a 60,13388.0
2025,Fevereiro,Manica,Machaze,Homens,Mais de 60,724.0
2025,Fevereiro,Manica,Machaze,Mulheres,Mais de 60,864.0
2025,Fevereiro,Manica,Machaze,Outros,N/A,5.0
2025,Março,Manica,Machaze,Homens,0 a 16,38.0
2025,Março,Manica,Machaze,Mulheres,0 a 16,32.0
2025,Março,Manica,Machaze,Homens,17 a 21,2804.0
2025,Março,Manica,Machaze,Mulheres,17 a 21,2776.0
2025,Março,Manica,Machaze,Homens,22 a 60,16471.0
2025,Março,Manica,Machaze,Mulheres,22 a 60,13636.0
2025,Março,Manica,Machaze,Homens,Mais de 60,720.0
2025,Março,Manica,Machaze,Mulheres,Mais de 60,882.0
2025,Março,Manica,Machaze,Outros,N/A,5.0
2025,Abril,Manica,Machaze,Homens,0 a 16,29.0
2025,Abril,Manica,Machaze,Mulheres,0 a 16,38.0
2025,Abril,Manica,Machaze,Homens,17 a 21,2894.0
2025,Abril,Manica,Machaze,Mulheres,17 a 21,2859.0
2025,Abril,Manica,Machaze,Homens,22 a 60,16866.0
2025,Abril,Manica,Machaze,Mulheres,22 a 60,14004.0
2025,Abril,Manica,Machaze,Homens,Mais de 60,727.0
2025,Abril,Manica,Machaze,Mulheres,Mais de 60,926.0
2025,Abril,Manica,Machaze,Outros,N/A,5.0
2025,Maio,Manica,Machaze,Homens,0 a 16,34.0
2025,Maio,Manica,Machaze,Mulheres,0 a 16,34.0
2025,Maio,Manica,Machaze,Homens,17 a 21,2923.0
2025,Maio,Manica,Machaze,Mulheres,17 a 21,3000.0
2025,Maio,Manica,Machaze,Homens,22 a 60,17480.0
2025,Maio,Manica,Machaze,Mulheres,22 a 60,14618.0
2025,Maio,Manica,Machaze,Homens,Mais de 60,757.0
2025,Maio,Manica,Machaze,Mulheres,Mais de 60,976.0
2025,Maio,Manica,Machaze,Outros,N/A,5.0
2025,Junho,Manica,Machaze,Homens,0 a 16,46.0
2025,Junho,Manica,Machaze,Mulheres,0 a 16,45.0
2025,Junho,Manica,Machaze,Homens,17 a 21,2989.0
2025,Junho,Manica,Machaze,Mulheres,17 a 21,3093.0
2025,Junho,Manica,Machaze,Homens,22 a 60,17930.0
2025,Junho,Manica,Machaze,Mulheres,22 a 60,15261.0
2025,Junho,Manica,Machaze,Homens,Mais de 60,793.0
2025,Junho,Manica,Machaze,Mulheres,Mais de 60,1006.0
2025,Junho,Manica,Machaze,Outros,N/A,3.0
2025,Julho,Manica,Machaze,Homens,0 a 16,48.0
2025,Julho,Manica,Machaze,Mulheres,0 a 16,54.0
2025,Julho,Manica,Machaze,Homens,17 a 21,3108.0
2025,Julho,Manica,Machaze,Mulheres,17 a 21,3271.0
2025,Julho,Manica,Machaze,Homens,22 a 60,18560.0
2025,Julho,Manica,Machaze,Mulheres,22 a 60,16039.0
2025,Julho,Manica,Machaze,Homens,Mais de 60,838.0
2025,Julho,Manica,Machaze,Mulheres,Mais de 60,1079.0
2025,Julho,Manica,Machaze,Outros,N/A,7.0
2025,Agosto,Manica,Machaze,Homens,0 a 16,51.0
2025,Agosto,Manica,Machaze,Mulheres,0 a 16,49.0
2025,Agosto,Manica,Machaze,Homens,17 a 21,3361.0
2025,Agosto,Manica,Machaze,Mulheres,17 a 21,3465.0
2025,Agosto,Manica,Machaze,Homens,22 a 60,19588.0
2025,Agosto,Manica,Machaze,Mulheres,22 a 60,16975.0
2025,Agosto,Manica,Machaze,Homens,Mais de 60,903.0
2025,Agosto,Manica,Machaze,Mulheres,Mais de 60,1128.0
2025,Agosto,Manica,Machaze,Outros,N/A,7.0
2025,Setembro,Manica,Machaze,Homens,0 a 16,68.0
2025,Setembro,Manica,Machaze,Mulheres,0 a 16,58.0
2025,Setembro,Manica,Machaze,Homens,17 a 21,3485.0
2025,Setembro,Manica,Machaze,Mulheres,17 a 21,3649.0
2025,Setembro,Manica,Machaze,Homens,22 a 60,20207.0
2025,Setembro,Manica,Machaze,Mulheres,22 a 60,17360.0
2025,Setembro,Manica,Machaze,Homens,Mais de 60,958.0
2025,Setembro,Manica,Machaze,Mulheres,Mais de 60,1190.0
2025,Setembro,Manica,Machaze,Outros,N/A,7.0
2025,Outubro,Manica,Machaze,Homens,0 a 16,67.0
2025,Outubro,Manica,Machaze,Mulheres,0 a 16,58.0
2025,Outubro,Manica,Machaze,Homens,17 a 21,3588.0
2025,Outubro,Manica,Machaze,Mulheres,17 a 21,3813.0
2025,Outubro,Manica,Machaze,Homens,22 a 60,20856.0
2025,Outubro,Manica,Machaze,Mulheres,22 a 60,18114.0
2025,Outubro,Manica,Machaze,Homens,Mais de 60,963.0
2025,Outubro,Manica,Machaze,Mulheres,Mais de 60,1174.0
2025,Outubro,Manica,Machaze,Outros,N/A,10.0
2025,Novembro,Manica,Machaze,Homens,0 a 16,58.0
2025,Novembro,Manica,Machaze,Mulheres,0 a 16,52.0
2025,Novembro,Manica,Machaze,Homens,17 a 21,3617.0
2025,Novembro,Manica,Machaze,Mulheres,17 a 21,3960.0
2025,Novembro,Manica,Machaze,Homens,22 a 60,20616.0
2025,Novembro,Manica,Machaze,Mulheres,22 a 60,18467.0
2025,Novembro,Manica,Machaze,Homens,Mais de 60,934.0
2025,Novembro,Manica,Machaze,Mulheres,Mais de 60,1178.0
2025,Novembro,Manica,Machaze,Outros,N/A,1.0
2025,Dezembro,Manica,Machaze,Homens,0 a 16,53.0
2025,Dezembro,Manica,Machaze,Mulheres,0 a 16,42.0
2025,Dezembro,Manica,Machaze,Homens,17 a 21,3729.0
2025,Dezembro,Manica,Machaze,Mulheres,17 a 21,4041.0
2025,Dezembro,Manica,Machaze,Homens,22 a 60,21969.0
2025,Dezembro,Manica,Machaze,Mulheres,22 a 60,19083.0
2025,Dezembro,Manica,Machaze,Homens,Mais de 60,1009.0
2025,Dezembro,Manica,Machaze,Mulheres,Mais de 60,1256.0
2025,Dezembro,Manica,Machaze,Outros,N/A,1.0
2025,Janeiro,Manica,Macossa,Homens,0 a 16,6.0
2025,Janeiro,Manica,Macossa,Mulheres,0 a 16,3.0
2025,Janeiro,Manica,Macossa,Homens,17 a 21,1483.0
2025,Janeiro,Manica,Macossa,Mulheres,17 a 21,1354.0
2025,Janeiro,Manica,Macossa,Homens,22 a 60,9130.0
2025,Janeiro,Manica,Macossa,Mulheres,22 a 60,6486.0
2025,Janeiro,Manica,Macossa,Homens,Mais de 60,440.0
2025,Janeiro,Manica,Macossa,Mulheres,Mais de 60,484.0
2025,Janeiro,Manica,Macossa,Outros,N/A,1.0
2025,Fevereiro,Manica,Macossa,Homens,0 a 16,5.0
2025,Fevereiro,Manica,Macossa,Mulheres,0 a 16,2.0
2025,Fevereiro,Manica,Macossa,Homens,17 a 21,1458.0
2025,Fevereiro,Manica,Macossa,Mulheres,17 a 21,1351.0
2025,Fevereiro,Manica,Macossa,Homens,22 a 60,8982.0
2025,Fevereiro,Manica,Macossa,Mulheres,22 a 60,6431.0
2025,Fevereiro,Manica,Macossa,Homens,Mais de 60,415.0
2025,Fevereiro,Manica,Macossa,Mulheres,Mais de 60,454.0
2025,Fevereiro,Manica,Macossa,Outros,N/A,1.0
2025,Março,Manica,Macossa,Homens,0 a 16,4.0
2025,Março,Manica,Macossa,Mulheres,0 a 16,4.0
2025,Março,Manica,Macossa,Homens,17 a 21,1510.0
2025,Março,Manica,Macossa,Mulheres,17 a 21,1431.0
2025,Março,Manica,Macossa,Homens,22 a 60,9486.0
2025,Março,Manica,Macossa,Mulheres,22 a 60,6790.0
2025,Março,Manica,Macossa,Homens,Mais de 60,436.0
2025,Março,Manica,Macossa,Mulheres,Mais de 60,496.0
2025,Março,Manica,Macossa,Outros,N/A,2.0
2025,Abril,Manica,Macossa,Homens,0 a 16,9.0
2025,Abril,Manica,Macossa,Mulheres,0 a 16,6.0
2025,Abril,Manica,Macossa,Homens,17 a 21,1573.0
2025,Abril,Manica,Macossa,Mulheres,17 a 21,1496.0
2025,Abril,Manica,Macossa,Homens,22 a 60,9903.0
2025,Abril,Manica,Macossa,Mulheres,22 a 60,7171.0
2025,Abril,Manica,Macossa,Homens,Mais de 60,460.0
2025,Abril,Manica,Macossa,Mulheres,Mais de 60,525.0
2025,Abril,Manica,Macossa,Outros,N/A,2.0
2025,Maio,Manica,Macossa,Homens,0 a 16,10.0
2025,Maio,Manica,Macossa,Mulheres,0 a 16,7.0
2025,Maio,Manica,Macossa,Homens,17 a 21,1627.0
2025,Maio,Manica,Macossa,Mulheres,17 a 21,1568.0
2025,Maio,Manica,Macossa,Homens,22 a 60,10293.0
2025,Maio,Manica,Macossa,Mulheres,22 a 60,7627.0
2025,Maio,Manica,Macossa,Homens,Mais de 60,479.0
2025,Maio,Manica,Macossa,Mulheres,Mais de 60,557.0
2025,Maio,Manica,Macossa,Outros,N/A,2.0
2025,Junho,Manica,Macossa,Homens,0 a 16,7.0
2025,Junho,Manica,Macossa,Mulheres,0 a 16,4.0
2025,Junho,Manica,Macossa,Homens,17 a 21,1679.0
2025,Junho,Manica,Macossa,Mulheres,17 a 21,1616.0
2025,Junho,Manica,Macossa,Homens,22 a 60,10414.0
2025,Junho,Manica,Macossa,Mulheres,22 a 60,7903.0
2025,Junho,Manica,Macossa,Homens,Mais de 60,463.0
2025,Junho,Manica,Macossa,Mulheres,Mais de 60,582.0
2025,Junho,Manica,Macossa,Outros,N/A,2.0
2025,Julho,Manica,Macossa,Homens,0 a 16,8.0
2025,Julho,Manica,Macossa,Mulheres,0 a 16,6.0
2025,Julho,Manica,Macossa,Homens,17 a 21,1735.0
2025,Julho,Manica,Macossa,Mulheres,17 a 21,1704.0
2025,Julho,Manica,Macossa,Homens,22 a 60,10821.0
2025,Julho,Manica,Macossa,Mulheres,22 a 60,8167.0
2025,Julho,Manica,Macossa,Homens,Mais de 60,459.0
2025,Julho,Manica,Macossa,Mulheres,Mais de 60,599.0
2025,Julho,Manica,Macossa,Outros,N/A,2.0
2025,Agosto,Manica,Macossa,Homens,0 a 16,9.0
2025,Agosto,Manica,Macossa,Mulheres,0 a 16,6.0
2025,Agosto,Manica,Macossa,Homens,17 a 21,1806.0
2025,Agosto,Manica,Macossa,Mulheres,17 a 21,1753.0
2025,Agosto,Manica,Macossa,Homens,22 a 60,11436.0
2025,Agosto,Manica,Macossa,Mulheres,22 a 60,8546.0
2025,Agosto,Manica,Macossa,Homens,Mais de 60,500.0
2025,Agosto,Manica,Macossa,Mulheres,Mais de 60,637.0
2025,Agosto,Manica,Macossa,Outros,N/A,3.0
2025,Setembro,Manica,Macossa,Homens,0 a 16,9.0
2025,Setembro,Manica,Macossa,Mulheres,0 a 16,7.0
2025,Setembro,Manica,Macossa,Homens,17 a 21,1900.0
2025,Setembro,Manica,Macossa,Mulheres,17 a 21,1810.0
2025,Setembro,Manica,Macossa,Homens,22 a 60,11846.0
2025,Setembro,Manica,Macossa,Mulheres,22 a 60,8935.0
2025,Setembro,Manica,Macossa,Homens,Mais de 60,523.0
2025,Setembro,Manica,Macossa,Mulheres,Mais de 60,688.0
2025,Setembro,Manica,Macossa,Outros,N/A,2.0
2025,Outubro,Manica,Macossa,Homens,0 a 16,7.0
2025,Outubro,Manica,Macossa,Mulheres,0 a 16,5.0
2025,Outubro,Manica,Macossa,Homens,17 a 21,1919.0
2025,Outubro,Manica,Macossa,Mulheres,17 a 21,1828.0
2025,Outubro,Manica,Macossa,Homens,22 a 60,12113.0
2025,Outubro,Manica,Macossa,Mulheres,22 a 60,9171.0
2025,Outubro,Manica,Macossa,Homens,Mais de 60,499.0
2025,Outubro,Manica,Macossa,Mulheres,Mais de 60,732.0
2025,Outubro,Manica,Macossa,Outros,N/A,2.0
2025,Novembro,Manica,Macossa,Homens,0 a 16,7.0
2025,Novembro,Manica,Macossa,Mulheres,0 a 16,3.0
2025,Novembro,Manica,Macossa,Homens,17 a 21,1893.0
2025,Novembro,Manica,Macossa,Mulheres,17 a 21,1840.0
2025,Novembro,Manica,Macossa,Homens,22 a 60,11885.0
2025,Novembro,Manica,Macossa,Mulheres,22 a 60,9232.0
2025,Novembro,Manica,Macossa,Homens,Mais de 60,507.0
2025,Novembro,Manica,Macossa,Mulheres,Mais de 60,738.0
2025,Novembro,Manica,Macossa,Outros,N/A,1.0
2025,Dezembro,Manica,Macossa,Homens,0 a 16,8.0
2025,Dezembro,Manica,Macossa,Mulheres,0 a 16,7.0
2025,Dezembro,Manica,Macossa,Homens,17 a 21,1897.0
2025,Dezembro,Manica,Macossa,Mulheres,17 a 21,1833.0
2025,Dezembro,Manica,Macossa,Homens,22 a 60,12065.0
2025,Dezembro,Manica,Macossa,Mulheres,22 a 60,9012.0
2025,Dezembro,Manica,Macossa,Homens,Mais de 60,538.0
2025,Dezembro,Manica,Macossa,Mulheres,Mais de 60,744.0
2025,Dezembro,Manica,Macossa,Outros,N/A,1.0
2025,Janeiro,Manica,Manica,Homens,0 a 16,164.0
2025,Janeiro,Manica,Manica,Mulheres,0 a 16,129.0
2025,Janeiro,Manica,Manica,Homens,17 a 21,15020.0
2025,Janeiro,Manica,Manica,Mulheres,17 a 21,12798.0
2025,Janeiro,Manica,Manica,Homens,22 a 60,86551.0
2025,Janeiro,Manica,Manica,Mulheres,22 a 60,69116.0
2025,Janeiro,Manica,Manica,Homens,Mais de 60,4451.0
2025,Janeiro,Manica,Manica,Mulheres,Mais de 60,3808.0
2025,Janeiro,Manica,Manica,Outros,N/A,56.0
2025,Fevereiro,Manica,Manica,Homens,0 a 16,188.0
2025,Fevereiro,Manica,Manica,Mulheres,0 a 16,133.0
2025,Fevereiro,Manica,Manica,Homens,17 a 21,15239.0
2025,Fevereiro,Manica,Manica,Mulheres,17 a 21,13045.0
2025,Fevereiro,Manica,Manica,Homens,22 a 60,87198.0
2025,Fevereiro,Manica,Manica,Mulheres,22 a 60,70260.0
2025,Fevereiro,Manica,Manica,Homens,Mais de 60,4489.0
2025,Fevereiro,Manica,Manica,Mulheres,Mais de 60,3887.0
2025,Fevereiro,Manica,Manica,Outros,N/A,52.0
2025,Março,Manica,Manica,Homens,0 a 16,190.0
2025,Março,Manica,Manica,Mulheres,0 a 16,127.0
2025,Março,Manica,Manica,Homens,17 a 21,15408.0
2025,Março,Manica,Manica,Mulheres,17 a 21,13376.0
2025,Março,Manica,Manica,Homens,22 a 60,90152.0
2025,Março,Manica,Manica,Mulheres,22 a 60,72664.0
2025,Março,Manica,Manica,Homens,Mais de 60,4623.0
2025,Março,Manica,Manica,Mulheres,Mais de 60,4075.0
2025,Março,Manica,Manica,Outros,N/A,53.0
2025,Abril,Manica,Manica,Homens,0 a 16,215.0
2025,Abril,Manica,Manica,Mulheres,0 a 16,163.0
2025,Abril,Manica,Manica,Homens,17 a 21,16086.0
2025,Abril,Manica,Manica,Mulheres,17 a 21,14130.0
2025,Abril,Manica,Manica,Homens,22 a 60,93980.0
2025,Abril,Manica,Manica,Mulheres,22 a 60,75716.0
2025,Abril,Manica,Manica,Homens,Mais de 60,4798.0
2025,Abril,Manica,Manica,Mulheres,Mais de 60,4233.0
2025,Abril,Manica,Manica,Outros,N/A,50.0
2025,Maio,Manica,Manica,Homens,0 a 16,175.0
2025,Maio,Manica,Manica,Mulheres,0 a 16,131.0
2025,Maio,Manica,Manica,Homens,17 a 21,15550.0
2025,Maio,Manica,Manica,Mulheres,17 a 21,13808.0
2025,Maio,Manica,Manica,Homens,22 a 60,93786.0
2025,Maio,Manica,Manica,Mulheres,22 a 60,75631.0
2025,Maio,Manica,Manica,Homens,Mais de 60,4803.0
2025,Maio,Manica,Manica,Mulheres,Mais de 60,4290.0
2025,Maio,Manica,Manica,Outros,N/A,51.0
2025,Junho,Manica,Manica,Homens,0 a 16,198.0
2025,Junho,Manica,Manica,Mulheres,0 a 16,133.0
2025,Junho,Manica,Manica,Homens,17 a 21,15724.0
2025,Junho,Manica,Manica,Mulheres,17 a 21,14129.0
2025,Junho,Manica,Manica,Homens,22 a 60,95628.0
2025,Junho,Manica,Manica,Mulheres,22 a 60,77907.0
2025,Junho,Manica,Manica,Homens,Mais de 60,4830.0
2025,Junho,Manica,Manica,Mulheres,Mais de 60,4384.0
2025,Junho,Manica,Manica,Outros,N/A,56.0
2025,Julho,Manica,Manica,Homens,0 a 16,213.0
2025,Julho,Manica,Manica,Mulheres,0 a 16,125.0
2025,Julho,Manica,Manica,Homens,17 a 21,15639.0
2025,Julho,Manica,Manica,Mulheres,17 a 21,14359.0
2025,Julho,Manica,Manica,Homens,22 a 60,96937.0
2025,Julho,Manica,Manica,Mulheres,22 a 60,79042.0
2025,Julho,Manica,Manica,Homens,Mais de 60,4859.0
2025,Julho,Manica,Manica,Mulheres,Mais de 60,4395.0
2025,Julho,Manica,Manica,Outros,N/A,55.0
2025,Agosto,Manica,Manica,Homens,0 a 16,224.0
2025,Agosto,Manica,Manica,Mulheres,0 a 16,113.0
2025,Agosto,Manica,Manica,Homens,17 a 21,15976.0
2025,Agosto,Manica,Manica,Mulheres,17 a 21,14753.0
2025,Agosto,Manica,Manica,Homens,22 a 60,100310.0
2025,Agosto,Manica,Manica,Mulheres,22 a 60,80960.0
2025,Agosto,Manica,Manica,Homens,Mais de 60,4998.0
2025,Agosto,Manica,Manica,Mulheres,Mais de 60,4584.0
2025,Agosto,Manica,Manica,Outros,N/A,47.0
2025,Setembro,Manica,Manica,Homens,0 a 16,239.0
2025,Setembro,Manica,Manica,Mulheres,0 a 16,124.0
2025,Setembro,Manica,Manica,Homens,17 a 21,16214.0
2025,Setembro,Manica,Manica,Mulheres,17 a 21,15023.0
2025,Setembro,Manica,Manica,Homens,22 a 60,102623.0
2025,Setembro,Manica,Manica,Mulheres,22 a 60,82864.0
2025,Setembro,Manica,Manica,Homens,Mais de 60,5103.0
2025,Setembro,Manica,Manica,Mulheres,Mais de 60,4759.0
2025,Setembro,Manica,Manica,Outros,N/A,48.0
2025,Outubro,Manica,Manica,Homens,0 a 16,221.0
2025,Outubro,Manica,Manica,Mulheres,0 a 16,114.0
2025,Outubro,Manica,Manica,Homens,17 a 21,15925.0
2025,Outubro,Manica,Manica,Mulheres,17 a 21,15089.0
2025,Outubro,Manica,Manica,Homens,22 a 60,102265.0
2025,Outubro,Manica,Manica,Mulheres,22 a 60,83573.0
2025,Outubro,Manica,Manica,Homens,Mais de 60,5131.0
2025,Outubro,Manica,Manica,Mulheres,Mais de 60,4876.0
2025,Outubro,Manica,Manica,Outros,N/A,51.0
2025,Novembro,Manica,Manica,Homens,0 a 16,191.0
2025,Novembro,Manica,Manica,Mulheres,0 a 16,105.0
2025,Novembro,Manica,Manica,Homens,17 a 21,15840.0
2025,Novembro,Manica,Manica,Mulheres,17 a 21,15041.0
2025,Novembro,Manica,Manica,Homens,22 a 60,100277.0
2025,Novembro,Manica,Manica,Mulheres,22 a 60,86158.0
2025,Novembro,Manica,Manica,Homens,Mais de 60,5012.0
2025,Novembro,Manica,Manica,Mulheres,Mais de 60,4959.0
2025,Novembro,Manica,Manica,Outros,N/A,13.0
2025,Dezembro,Manica,Manica,Homens,0 a 16,174.0
2025,Dezembro,Manica,Manica,Mulheres,0 a 16,95.0
2025,Dezembro,Manica,Manica,Homens,17 a 21,15732.0
2025,Dezembro,Manica,Manica,Mulheres,17 a 21,15039.0
2025,Dezembro,Manica,Manica,Homens,22 a 60,103447.0
2025,Dezembro,Manica,Manica,Mulheres,22 a 60,84902.0
2025,Dezembro,Manica,Manica,Homens,Mais de 60,5156.0
2025,Dezembro,Manica,Manica,Mulheres,Mais de 60,4991.0
2025,Dezembro,Manica,Manica,Outros,N/A,11.0
2025,Janeiro,Manica,Mossurize,Homens,0 a 16,53.0
2025,Janeiro,Manica,Mossurize,Mulheres,0 a 16,8.0
2025,Janeiro,Manica,Mossurize,Homens,17 a 21,3075.0
2025,Janeiro,Manica,Mossurize,Mulheres,17 a 21,3055.0
2025,Janeiro,Manica,Mossurize,Homens,22 a 60,18910.0
2025,Janeiro,Manica,Mossurize,Mulheres,22 a 60,15193.0
2025,Janeiro,Manica,Mossurize,Homens,Mais de 60,973.0
2025,Janeiro,Manica,Mossurize,Mulheres,Mais de 60,999.0
2025,Janeiro,Manica,Mossurize,Outros,N/A,2.0
2025,Fevereiro,Manica,Mossurize,Homens,0 a 16,61.0
2025,Fevereiro,Manica,Mossurize,Mulheres,0 a 16,15.0
2025,Fevereiro,Manica,Mossurize,Homens,17 a 21,3073.0
2025,Fevereiro,Manica,Mossurize,Mulheres,17 a 21,3022.0
2025,Fevereiro,Manica,Mossurize,Homens,22 a 60,18446.0
2025,Fevereiro,Manica,Mossurize,Mulheres,22 a 60,14587.0
2025,Fevereiro,Manica,Mossurize,Homens,Mais de 60,931.0
2025,Fevereiro,Manica,Mossurize,Mulheres,Mais de 60,951.0
2025,Fevereiro,Manica,Mossurize,Outros,N/A,3.0
2025,Março,Manica,Mossurize,Homens,0 a 16,57.0
2025,Março,Manica,Mossurize,Mulheres,0 a 16,16.0
2025,Março,Manica,Mossurize,Homens,17 a 21,3124.0
2025,Março,Manica,Mossurize,Mulheres,17 a 21,3057.0
2025,Março,Manica,Mossurize,Homens,22 a 60,19286.0
2025,Março,Manica,Mossurize,Mulheres,22 a 60,15395.0
2025,Março,Manica,Mossurize,Homens,Mais de 60,989.0
2025,Março,Manica,Mossurize,Mulheres,Mais de 60,1015.0
2025,Março,Manica,Mossurize,Outros,N/A,5.0
2025,Abril,Manica,Mossurize,Homens,0 a 16,65.0
2025,Abril,Manica,Mossurize,Mulheres,0 a 16,26.0
2025,Abril,Manica,Mossurize,Homens,17 a 21,3228.0
2025,Abril,Manica,Mossurize,Mulheres,17 a 21,3131.0
2025,Abril,Manica,Mossurize,Homens,22 a 60,20311.0
2025,Abril,Manica,Mossurize,Mulheres,22 a 60,16161.0
2025,Abril,Manica,Mossurize,Homens,Mais de 60,1002.0
2025,Abril,Manica,Mossurize,Mulheres,Mais de 60,1042.0
2025,Abril,Manica,Mossurize,Outros,N/A,5.0
2025,Maio,Manica,Mossurize,Homens,0 a 16,56.0
2025,Maio,Manica,Mossurize,Mulheres,0 a 16,32.0
2025,Maio,Manica,Mossurize,Homens,17 a 21,3219.0
2025,Maio,Manica,Mossurize,Mulheres,17 a 21,3187.0
2025,Maio,Manica,Mossurize,Homens,22 a 60,21090.0
2025,Maio,Manica,Mossurize,Mulheres,22 a 60,16869.0
2025,Maio,Manica,Mossurize,Homens,Mais de 60,1038.0
2025,Maio,Manica,Mossurize,Mulheres,Mais de 60,1089.0
2025,Maio,Manica,Mossurize,Outros,N/A,3.0
2025,Junho,Manica,Mossurize,Homens,0 a 16,53.0
2025,Junho,Manica,Mossurize,Mulheres,0 a 16,32.0
2025,Junho,Manica,Mossurize,Homens,17 a 21,3152.0
2025,Junho,Manica,Mossurize,Mulheres,17 a 21,3104.0
2025,Junho,Manica,Mossurize,Homens,22 a 60,21108.0
2025,Junho,Manica,Mossurize,Mulheres,22 a 60,17031.0
2025,Junho,Manica,Mossurize,Homens,Mais de 60,1042.0
2025,Junho,Manica,Mossurize,Mulheres,Mais de 60,1139.0
2025,Junho,Manica,Mossurize,Outros,N/A,3.0
2025,Julho,Manica,Mossurize,Homens,0 a 16,51.0
2025,Julho,Manica,Mossurize,Mulheres,0 a 16,30.0
2025,Julho,Manica,Mossurize,Homens,17 a 21,3239.0
2025,Julho,Manica,Mossurize,Mulheres,17 a 21,3186.0
2025,Julho,Manica,Mossurize,Homens,22 a 60,21734.0
2025,Julho,Manica,Mossurize,Mulheres,22 a 60,17709.0
2025,Julho,Manica,Mossurize,Homens,Mais de 60,1079.0
2025,Julho,Manica,Mossurize,Mulheres,Mais de 60,1184.0
2025,Julho,Manica,Mossurize,Outros,N/A,3.0
2025,Agosto,Manica,Mossurize,Homens,0 a 16,50.0
2025,Agosto,Manica,Mossurize,Mulheres,0 a 16,32.0
2025,Agosto,Manica,Mossurize,Homens,17 a 21,3369.0
2025,Agosto,Manica,Mossurize,Mulheres,17 a 21,3336.0
2025,Agosto,Manica,Mossurize,Homens,22 a 60,22937.0
2025,Agosto,Manica,Mossurize,Mulheres,22 a 60,18541.0
2025,Agosto,Manica,Mossurize,Homens,Mais de 60,1145.0
2025,Agosto,Manica,Mossurize,Mulheres,Mais de 60,1302.0
2025,Agosto,Manica,Mossurize,Outros,N/A,2.0
2025,Setembro,Manica,Mossurize,Homens,0 a 16,44.0
2025,Setembro,Manica,Mossurize,Mulheres,0 a 16,36.0
2025,Setembro,Manica,Mossurize,Homens,17 a 21,3394.0
2025,Setembro,Manica,Mossurize,Mulheres,17 a 21,3366.0
2025,Setembro,Manica,Mossurize,Homens,22 a 60,23584.0
2025,Setembro,Manica,Mossurize,Mulheres,22 a 60,19163.0
2025,Setembro,Manica,Mossurize,Homens,Mais de 60,1182.0
2025,Setembro,Manica,Mossurize,Mulheres,Mais de 60,1309.0
2025,Setembro,Manica,Mossurize,Outros,N/A,4.0
2025,Outubro,Manica,Mossurize,Homens,0 a 16,47.0
2025,Outubro,Manica,Mossurize,Mulheres,0 a 16,31.0
2025,Outubro,Manica,Mossurize,Homens,17 a 21,3436.0
2025,Outubro,Manica,Mossurize,Mulheres,17 a 21,3505.0
2025,Outubro,Manica,Mossurize,Homens,22 a 60,24241.0
2025,Outubro,Manica,Mossurize,Mulheres,22 a 60,19973.0
2025,Outubro,Manica,Mossurize,Homens,Mais de 60,1262.0
2025,Outubro,Manica,Mossurize,Mulheres,Mais de 60,1354.0
2025,Outubro,Manica,Mossurize,Outros,N/A,3.0
2025,Novembro,Manica,Mossurize,Homens,0 a 16,36.0
2025,Novembro,Manica,Mossurize,Mulheres,0 a 16,28.0
2025,Novembro,Manica,Mossurize,Homens,17 a 21,3465.0
2025,Novembro,Manica,Mossurize,Mulheres,17 a 21,3502.0
2025,Novembro,Manica,Mossurize,Homens,22 a 60,23792.0
2025,Novembro,Manica,Mossurize,Mulheres,22 a 60,20202.0
2025,Novembro,Manica,Mossurize,Homens,Mais de 60,1191.0
2025,Novembro,Manica,Mossurize,Mulheres,Mais de 60,1334.0
2025,Novembro,Manica,Mossurize,Outros,N/A,0.0
2025,Dezembro,Manica,Mossurize,Homens,0 a 16,36.0
2025,Dezembro,Manica,Mossurize,Mulheres,0 a 16,19.0
2025,Dezembro,Manica,Mossurize,Homens,17 a 21,3496.0
2025,Dezembro,Manica,Mossurize,Mulheres,17 a 21,3583.0
2025,Dezembro,Manica,Mossurize,Homens,22 a 60,24741.0
2025,Dezembro,Manica,Mossurize,Mulheres,22 a 60,20308.0
2025,Dezembro,Manica,Mossurize,Homens,Mais de 60,1260.0
2025,Dezembro,Manica,Mossurize,Mulheres,Mais de 60,1375.0
2025,Dezembro,Manica,Mossurize,Outros,N/A,0.0
2025,Janeiro,Manica,Sussundenga,Homens,0 a 16,57.0
2025,Janeiro,Manica,Sussundenga,Mulheres,0 a 16,35.0
2025,Janeiro,Manica,Sussundenga,Homens,17 a 21,7458.0
2025,Janeiro,Manica,Sussundenga,Mulheres,17 a 21,6604.0
2025,Janeiro,Manica,Sussundenga,Homens,22 a 60,43891.0
2025,Janeiro,Manica,Sussundenga,Mulheres,22 a 60,33316.0
2025,Janeiro,Manica,Sussundenga,Homens,Mais de 60,2376.0
2025,Janeiro,Manica,Sussundenga,Mulheres,Mais de 60,2225.0
2025,Janeiro,Manica,Sussundenga,Outros,N/A,20.0
2025,Fevereiro,Manica,Sussundenga,Homens,0 a 16,53.0
2025,Fevereiro,Manica,Sussundenga,Mulheres,0 a 16,48.0
2025,Fevereiro,Manica,Sussundenga,Homens,17 a 21,7416.0
2025,Fevereiro,Manica,Sussundenga,Mulheres,17 a 21,6621.0
2025,Fevereiro,Manica,Sussundenga,Homens,22 a 60,43794.0
2025,Fevereiro,Manica,Sussundenga,Mulheres,22 a 60,34153.0
2025,Fevereiro,Manica,Sussundenga,Homens,Mais de 60,2390.0
2025,Fevereiro,Manica,Sussundenga,Mulheres,Mais de 60,2317.0
2025,Fevereiro,Manica,Sussundenga,Outros,N/A,21.0
2025,Março,Manica,Sussundenga,Homens,0 a 16,60.0
2025,Março,Manica,Sussundenga,Mulheres,0 a 16,51.0
2025,Março,Manica,Sussundenga,Homens,17 a 21,7567.0
2025,Março,Manica,Sussundenga,Mulheres,17 a 21,6810.0
2025,Março,Manica,Sussundenga,Homens,22 a 60,46187.0
2025,Março,Manica,Sussundenga,Mulheres,22 a 60,36266.0
2025,Março,Manica,Sussundenga,Homens,Mais de 60,2496.0
2025,Março,Manica,Sussundenga,Mulheres,Mais de 60,2530.0
2025,Março,Manica,Sussundenga,Outros,N/A,21.0
2025,Abril,Manica,Sussundenga,Homens,0 a 16,77.0
2025,Abril,Manica,Sussundenga,Mulheres,0 a 16,72.0
2025,Abril,Manica,Sussundenga,Homens,17 a 21,8002.0
2025,Abril,Manica,Sussundenga,Mulheres,17 a 21,7229.0
2025,Abril,Manica,Sussundenga,Homens,22 a 60,48419.0
2025,Abril,Manica,Sussundenga,Mulheres,22 a 60,38083.0
2025,Abril,Manica,Sussundenga,Homens,Mais de 60,2656.0
2025,Abril,Manica,Sussundenga,Mulheres,Mais de 60,2627.0
2025,Abril,Manica,Sussundenga,Outros,N/A,22.0
2025,Maio,Manica,Sussundenga,Homens,0 a 16,57.0
2025,Maio,Manica,Sussundenga,Mulheres,0 a 16,43.0
2025,Maio,Manica,Sussundenga,Homens,17 a 21,7422.0
2025,Maio,Manica,Sussundenga,Mulheres,17 a 21,6983.0
2025,Maio,Manica,Sussundenga,Homens,22 a 60,47387.0
2025,Maio,Manica,Sussundenga,Mulheres,22 a 60,37921.0
2025,Maio,Manica,Sussundenga,Homens,Mais de 60,2609.0
2025,Maio,Manica,Sussundenga,Mulheres,Mais de 60,2628.0
2025,Maio,Manica,Sussundenga,Outros,N/A,17.0
2025,Junho,Manica,Sussundenga,Homens,0 a 16,30.0
2025,Junho,Manica,Sussundenga,Mulheres,0 a 16,33.0
2025,Junho,Manica,Sussundenga,Homens,17 a 21,6563.0
2025,Junho,Manica,Sussundenga,Mulheres,17 a 21,6486.0
2025,Junho,Manica,Sussundenga,Homens,22 a 60,44073.0
2025,Junho,Manica,Sussundenga,Mulheres,22 a 60,35930.0
2025,Junho,Manica,Sussundenga,Homens,Mais de 60,2429.0
2025,Junho,Manica,Sussundenga,Mulheres,Mais de 60,2450.0
2025,Junho,Manica,Sussundenga,Outros,N/A,14.0
2025,Julho,Manica,Sussundenga,Homens,0 a 16,30.0
2025,Julho,Manica,Sussundenga,Mulheres,0 a 16,21.0
2025,Julho,Manica,Sussundenga,Homens,17 a 21,6446.0
2025,Julho,Manica,Sussundenga,Mulheres,17 a 21,6383.0
2025,Julho,Manica,Sussundenga,Homens,22 a 60,44003.0
2025,Julho,Manica,Sussundenga,Mulheres,22 a 60,35787.0
2025,Julho,Manica,Sussundenga,Homens,Mais de 60,2384.0
2025,Julho,Manica,Sussundenga,Mulheres,Mais de 60,2462.0
2025,Julho,Manica,Sussundenga,Outros,N/A,9.0
2025,Agosto,Manica,Sussundenga,Homens,0 a 16,26.0
2025,Agosto,Manica,Sussundenga,Mulheres,0 a 16,16.0
2025,Agosto,Manica,Sussundenga,Homens,17 a 21,6482.0
2025,Agosto,Manica,Sussundenga,Mulheres,17 a 21,6442.0
2025,Agosto,Manica,Sussundenga,Homens,22 a 60,45462.0
2025,Agosto,Manica,Sussundenga,Mulheres,22 a 60,36557.0
2025,Agosto,Manica,Sussundenga,Homens,Mais de 60,2391.0
2025,Agosto,Manica,Sussundenga,Mulheres,Mais de 60,2536.0
2025,Agosto,Manica,Sussundenga,Outros,N/A,14.0
2025,Setembro,Manica,Sussundenga,Homens,0 a 16,29.0
2025,Setembro,Manica,Sussundenga,Mulheres,0 a 16,19.0
2025,Setembro,Manica,Sussundenga,Homens,17 a 21,6509.0
2025,Setembro,Manica,Sussundenga,Mulheres,17 a 21,6518.0
2025,Setembro,Manica,Sussundenga,Homens,22 a 60,46360.0
2025,Setembro,Manica,Sussundenga,Mulheres,22 a 60,37453.0
2025,Setembro,Manica,Sussundenga,Homens,Mais de 60,2421.0
2025,Setembro,Manica,Sussundenga,Mulheres,Mais de 60,2553.0
2025,Setembro,Manica,Sussundenga,Outros,N/A,11.0
2025,Outubro,Manica,Sussundenga,Homens,0 a 16,36.0
2025,Outubro,Manica,Sussundenga,Mulheres,0 a 16,26.0
2025,Outubro,Manica,Sussundenga,Homens,17 a 21,6734.0
2025,Outubro,Manica,Sussundenga,Mulheres,17 a 21,6754.0
2025,Outubro,Manica,Sussundenga,Homens,22 a 60,47808.0
2025,Outubro,Manica,Sussundenga,Mulheres,22 a 60,38996.0
2025,Outubro,Manica,Sussundenga,Homens,Mais de 60,2528.0
2025,Outubro,Manica,Sussundenga,Mulheres,Mais de 60,2712.0
2025,Outubro,Manica,Sussundenga,Outros,N/A,12.0
2025,Novembro,Manica,Sussundenga,Homens,0 a 16,40.0
2025,Novembro,Manica,Sussundenga,Mulheres,0 a 16,27.0
2025,Novembro,Manica,Sussundenga,Homens,17 a 21,6744.0
2025,Novembro,Manica,Sussundenga,Mulheres,17 a 21,6759.0
2025,Novembro,Manica,Sussundenga,Homens,22 a 60,46864.0
2025,Novembro,Manica,Sussundenga,Mulheres,22 a 60,39137.0
2025,Novembro,Manica,Sussundenga,Homens,Mais de 60,2451.0
2025,Novembro,Manica,Sussundenga,Mulheres,Mais de 60,2710.0
2025,Novembro,Manica,Sussundenga,Outros,N/A,2.0
2025,Dezembro,Manica,Sussundenga,Homens,0 a 16,47.0
2025,Dezembro,Manica,Sussundenga,Mulheres,0 a 16,28.0
2025,Dezembro,Manica,Sussundenga,Homens,17 a 21,7007.0
2025,Dezembro,Manica,Sussundenga,Mulheres,17 a 21,7072.0
2025,Dezembro,Manica,Sussundenga,Homens,22 a 60,49248.0
2025,Dezembro,Manica,Sussundenga,Mulheres,22 a 60,40179.0
2025,Dezembro,Manica,Sussundenga,Homens,Mais de 60,2632.0
2025,Dezembro,Manica,Sussundenga,Mulheres,Mais de 60,2834.0
2025,Dezembro,Manica,Sussundenga,Outros,N/A,3.0
2025,Janeiro,Manica,Tambara,Homens,0 a 16,12.0
2025,Janeiro,Manica,Tambara,Mulheres,0 a 16,9.0
2025,Janeiro,Manica,Tambara,Homens,17 a 21,2309.0
2025,Janeiro,Manica,Tambara,Mulheres,17 a 21,1890.0
2025,Janeiro,Manica,Tambara,Homens,22 a 60,10209.0
2025,Janeiro,Manica,Tambara,Mulheres,22 a 60,7560.0
2025,Janeiro,Manica,Tambara,Homens,Mais de 60,551.0
2025,Janeiro,Manica,Tambara,Mulheres,Mais de 60,533.0
2025,Janeiro,Manica,Tambara,Outros,N/A,0.0
2025,Fevereiro,Manica,Tambara,Homens,0 a 16,14.0
2025,Fevereiro,Manica,Tambara,Mulheres,0 a 16,13.0
2025,Fevereiro,Manica,Tambara,Homens,17 a 21,2355.0
2025,Fevereiro,Manica,Tambara,Mulheres,17 a 21,1885.0
2025,Fevereiro,Manica,Tambara,Homens,22 a 60,10181.0
2025,Fevereiro,Manica,Tambara,Mulheres,22 a 60,7558.0
2025,Fevereiro,Manica,Tambara,Homens,Mais de 60,543.0
2025,Fevereiro,Manica,Tambara,Mulheres,Mais de 60,526.0
2025,Fevereiro,Manica,Tambara,Outros,N/A,0.0
2025,Março,Manica,Tambara,Homens,0 a 16,16.0
2025,Março,Manica,Tambara,Mulheres,0 a 16,14.0
2025,Março,Manica,Tambara,Homens,17 a 21,2314.0
2025,Março,Manica,Tambara,Mulheres,17 a 21,1872.0
2025,Março,Manica,Tambara,Homens,22 a 60,10294.0
2025,Março,Manica,Tambara,Mulheres,22 a 60,7739.0
2025,Março,Manica,Tambara,Homens,Mais de 60,540.0
2025,Março,Manica,Tambara,Mulheres,Mais de 60,531.0
2025,Março,Manica,Tambara,Outros,N/A,0.0
2025,Abril,Manica,Tambara,Homens,0 a 16,20.0
2025,Abril,Manica,Tambara,Mulheres,0 a 16,8.0
2025,Abril,Manica,Tambara,Homens,17 a 21,2474.0
2025,Abril,Manica,Tambara,Mulheres,17 a 21,2073.0
2025,Abril,Manica,Tambara,Homens,22 a 60,11059.0
2025,Abril,Manica,Tambara,Mulheres,22 a 60,8327.0
2025,Abril,Manica,Tambara,Homens,Mais de 60,619.0
2025,Abril,Manica,Tambara,Mulheres,Mais de 60,612.0
2025,Abril,Manica,Tambara,Outros,N/A,0.0
2025,Maio,Manica,Tambara,Homens,0 a 16,20.0
2025,Maio,Manica,Tambara,Mulheres,0 a 16,8.0
2025,Maio,Manica,Tambara,Homens,17 a 21,2445.0
2025,Maio,Manica,Tambara,Mulheres,17 a 21,2090.0
2025,Maio,Manica,Tambara,Homens,22 a 60,10874.0
2025,Maio,Manica,Tambara,Mulheres,22 a 60,8363.0
2025,Maio,Manica,Tambara,Homens,Mais de 60,603.0
2025,Maio,Manica,Tambara,Mulheres,Mais de 60,590.0
2025,Maio,Manica,Tambara,Outros,N/A,0.0
2025,Junho,Manica,Tambara,Homens,0 a 16,21.0
2025,Junho,Manica,Tambara,Mulheres,0 a 16,3.0
2025,Junho,Manica,Tambara,Homens,17 a 21,2361.0
2025,Junho,Manica,Tambara,Mulheres,17 a 21,2112.0
2025,Junho,Manica,Tambara,Homens,22 a 60,10810.0
2025,Junho,Manica,Tambara,Mulheres,22 a 60,8474.0
2025,Junho,Manica,Tambara,Homens,Mais de 60,593.0
2025,Junho,Manica,Tambara,Mulheres,Mais de 60,610.0
2025,Junho,Manica,Tambara,Outros,N/A,0.0
2025,Julho,Manica,Tambara,Homens,0 a 16,20.0
2025,Julho,Manica,Tambara,Mulheres,0 a 16,0.0
2025,Julho,Manica,Tambara,Homens,17 a 21,2289.0
2025,Julho,Manica,Tambara,Mulheres,17 a 21,2161.0
2025,Julho,Manica,Tambara,Homens,22 a 60,11223.0
2025,Julho,Manica,Tambara,Mulheres,22 a 60,8827.0
2025,Julho,Manica,Tambara,Homens,Mais de 60,607.0
2025,Julho,Manica,Tambara,Mulheres,Mais de 60,623.0
2025,Julho,Manica,Tambara,Outros,N/A,3.0
2025,Agosto,Manica,Tambara,Homens,0 a 16,15.0
2025,Agosto,Manica,Tambara,Mulheres,0 a 16,0.0
2025,Agosto,Manica,Tambara,Homens,17 a 21,2341.0
2025,Agosto,Manica,Tambara,Mulheres,17 a 21,2276.0
2025,Agosto,Manica,Tambara,Homens,22 a 60,11744.0
2025,Agosto,Manica,Tambara,Mulheres,22 a 60,9115.0
2025,Agosto,Manica,Tambara,Homens,Mais de 60,629.0
2025,Agosto,Manica,Tambara,Mulheres,Mais de 60,646.0
2025,Agosto,Manica,Tambara,Outros,N/A,4.0
2025,Setembro,Manica,Tambara,Homens,0 a 16,17.0
2025,Setembro,Manica,Tambara,Mulheres,0 a 16,1.0
2025,Setembro,Manica,Tambara,Homens,17 a 21,2360.0
2025,Setembro,Manica,Tambara,Mulheres,17 a 21,2305.0
2025,Setembro,Manica,Tambara,Homens,22 a 60,11981.0
2025,Setembro,Manica,Tambara,Mulheres,22 a 60,9212.0
2025,Setembro,Manica,Tambara,Homens,Mais de 60,618.0
2025,Setembro,Manica,Tambara,Mulheres,Mais de 60,636.0
2025,Setembro,Manica,Tambara,Outros,N/A,4.0
2025,Outubro,Manica,Tambara,Homens,0 a 16,19.0
2025,Outubro,Manica,Tambara,Mulheres,0 a 16,1.0
2025,Outubro,Manica,Tambara,Homens,17 a 21,2450.0
2025,Outubro,Manica,Tambara,Mulheres,17 a 21,2375.0
2025,Outubro,Manica,Tambara,Homens,22 a 60,12440.0
2025,Outubro,Manica,Tambara,Mulheres,22 a 60,9574.0
2025,Outubro,Manica,Tambara,Homens,Mais de 60,650.0
2025,Outubro,Manica,Tambara,Mulheres,Mais de 60,652.0
2025,Outubro,Manica,Tambara,Outros,N/A,4.0
2025,Novembro,Manica,Tambara,Homens,0 a 16,18.0
2025,Novembro,Manica,Tambara,Mulheres,0 a 16,1.0
2025,Novembro,Manica,Tambara,Homens,17 a 21,2465.0
2025,Novembro,Manica,Tambara,Mulheres,17 a 21,2402.0
2025,Novembro,Manica,Tambara,Homens,22 a 60,12461.0
2025,Novembro,Manica,Tambara,Mulheres,22 a 60,9665.0
2025,Novembro,Manica,Tambara,Homens,Mais de 60,628.0
2025,Novembro,Manica,Tambara,Mulheres,Mais de 60,640.0
2025,Novembro,Manica,Tambara,Outros,N/A,0.0
2025,Dezembro,Manica,Tambara,Homens,0 a 16,15.0
2025,Dezembro,Manica,Tambara,Mulheres,0 a 16,3.0
2025,Dezembro,Manica,Tambara,Homens,17 a 21,2419.0
2025,Dezembro,Manica,Tambara,Mulheres,17 a 21,2373.0
2025,Dezembro,Manica,Tambara,Homens,22 a 60,12587.0
2025,Dezembro,Manica,Tambara,Mulheres,22 a 60,9541.0
2025,Dezembro,Manica,Tambara,Homens,Mais de 60,659.0
2025,Dezembro,Manica,Tambara,Mulheres,Mais de 60,622.0
2025,Dezembro,Manica,Tambara,Outros,N/A,0.0
2025,Janeiro,Manica,Macate,Homens,0 a 16,14.0
2025,Janeiro,Manica,Macate,Mulheres,0 a 16,10.0
2025,Janeiro,Manica,Macate,Homens,17 a 21,2251.0
2025,Janeiro,Manica,Macate,Mulheres,17 a 21,1792.0
2025,Janeiro,Manica,Macate,Homens,22 a 60,13551.0
2025,Janeiro,Manica,Macate,Mulheres,22 a 60,9227.0
2025,Janeiro,Manica,Macate,Homens,Mais de 60,794.0
2025,Janeiro,Manica,Macate,Mulheres,Mais de 60,640.0
2025,Janeiro,Manica,Macate,Outros,N/A,1.0
2025,Fevereiro,Manica,Macate,Homens,0 a 16,11.0
2025,Fevereiro,Manica,Macate,Mulheres,0 a 16,11.0
2025,Fevereiro,Manica,Macate,Homens,17 a 21,2270.0
2025,Fevereiro,Manica,Macate,Mulheres,17 a 21,1795.0
2025,Fevereiro,Manica,Macate,Homens,22 a 60,13495.0
2025,Fevereiro,Manica,Macate,Mulheres,22 a 60,9309.0
2025,Fevereiro,Manica,Macate,Homens,Mais de 60,783.0
2025,Fevereiro,Manica,Macate,Mulheres,Mais de 60,643.0
2025,Fevereiro,Manica,Macate,Outros,N/A,1.0
2025,Março,Manica,Macate,Homens,0 a 16,12.0
2025,Março,Manica,Macate,Mulheres,0 a 16,12.0
2025,Março,Manica,Macate,Homens,17 a 21,2303.0
2025,Março,Manica,Macate,Mulheres,17 a 21,1840.0
2025,Março,Manica,Macate,Homens,22 a 60,13915.0
2025,Março,Manica,Macate,Mulheres,22 a 60,9718.0
2025,Março,Manica,Macate,Homens,Mais de 60,811.0
2025,Março,Manica,Macate,Mulheres,Mais de 60,695.0
2025,Março,Manica,Macate,Outros,N/A,2.0
2025,Abril,Manica,Macate,Homens,0 a 16,18.0
2025,Abril,Manica,Macate,Mulheres,0 a 16,15.0
2025,Abril,Manica,Macate,Homens,17 a 21,2425.0
2025,Abril,Manica,Macate,Mulheres,17 a 21,1956.0
2025,Abril,Manica,Macate,Homens,22 a 60,14959.0
2025,Abril,Manica,Macate,Mulheres,22 a 60,10426.0
2025,Abril,Manica,Macate,Homens,Mais de 60,839.0
2025,Abril,Manica,Macate,Mulheres,Mais de 60,731.0
2025,Abril,Manica,Macate,Outros,N/A,1.0
2025,Maio,Manica,Macate,Homens,0 a 16,15.0
2025,Maio,Manica,Macate,Mulheres,0 a 16,11.0
2025,Maio,Manica,Macate,Homens,17 a 21,2413.0
2025,Maio,Manica,Macate,Mulheres,17 a 21,2022.0
2025,Maio,Manica,Macate,Homens,22 a 60,15420.0
2025,Maio,Manica,Macate,Mulheres,22 a 60,10649.0
2025,Maio,Manica,Macate,Homens,Mais de 60,888.0
2025,Maio,Manica,Macate,Mulheres,Mais de 60,774.0
2025,Maio,Manica,Macate,Outros,N/A,1.0
2025,Junho,Manica,Macate,Homens,0 a 16,18.0
2025,Junho,Manica,Macate,Mulheres,0 a 16,11.0
2025,Junho,Manica,Macate,Homens,17 a 21,2379.0
2025,Junho,Manica,Macate,Mulheres,17 a 21,2012.0
2025,Junho,Manica,Macate,Homens,22 a 60,15367.0
2025,Junho,Manica,Macate,Mulheres,22 a 60,10832.0
2025,Junho,Manica,Macate,Homens,Mais de 60,877.0
2025,Junho,Manica,Macate,Mulheres,Mais de 60,810.0
2025,Junho,Manica,Macate,Outros,N/A,1.0
2025,Julho,Manica,Macate,Homens,0 a 16,25.0
2025,Julho,Manica,Macate,Mulheres,0 a 16,14.0
2025,Julho,Manica,Macate,Homens,17 a 21,2349.0
2025,Julho,Manica,Macate,Mulheres,17 a 21,2057.0
2025,Julho,Manica,Macate,Homens,22 a 60,15684.0
2025,Julho,Manica,Macate,Mulheres,22 a 60,11149.0
2025,Julho,Manica,Macate,Homens,Mais de 60,898.0
2025,Julho,Manica,Macate,Mulheres,Mais de 60,821.0
2025,Julho,Manica,Macate,Outros,N/A,4.0
2025,Agosto,Manica,Macate,Homens,0 a 16,24.0
2025,Agosto,Manica,Macate,Mulheres,0 a 16,9.0
2025,Agosto,Manica,Macate,Homens,17 a 21,2444.0
2025,Agosto,Manica,Macate,Mulheres,17 a 21,2135.0
2025,Agosto,Manica,Macate,Homens,22 a 60,16559.0
2025,Agosto,Manica,Macate,Mulheres,22 a 60,11774.0
2025,Agosto,Manica,Macate,Homens,Mais de 60,907.0
2025,Agosto,Manica,Macate,Mulheres,Mais de 60,855.0
2025,Agosto,Manica,Macate,Outros,N/A,3.0
2025,Setembro,Manica,Macate,Homens,0 a 16,19.0
2025,Setembro,Manica,Macate,Mulheres,0 a 16,10.0
2025,Setembro,Manica,Macate,Homens,17 a 21,2524.0
2025,Setembro,Manica,Macate,Mulheres,17 a 21,2173.0
2025,Setembro,Manica,Macate,Homens,22 a 60,17002.0
2025,Setembro,Manica,Macate,Mulheres,22 a 60,12180.0
2025,Setembro,Manica,Macate,Homens,Mais de 60,952.0
2025,Setembro,Manica,Macate,Mulheres,Mais de 60,891.0
2025,Setembro,Manica,Macate,Outros,N/A,5.0
2025,Outubro,Manica,Macate,Homens,0 a 16,16.0
2025,Outubro,Manica,Macate,Mulheres,0 a 16,14.0
2025,Outubro,Manica,Macate,Homens,17 a 21,2584.0
2025,Outubro,Manica,Macate,Mulheres,17 a 21,2247.0
2025,Outubro,Manica,Macate,Homens,22 a 60,17269.0
2025,Outubro,Manica,Macate,Mulheres,22 a 60,12288.0
2025,Outubro,Manica,Macate,Homens,Mais de 60,947.0
2025,Outubro,Manica,Macate,Mulheres,Mais de 60,912.0
2025,Outubro,Manica,Macate,Outros,N/A,4.0
2025,Novembro,Manica,Macate,Homens,0 a 16,15.0
2025,Novembro,Manica,Macate,Mulheres,0 a 16,15.0
2025,Novembro,Manica,Macate,Homens,17 a 21,2611.0
2025,Novembro,Manica,Macate,Mulheres,17 a 21,2311.0
2025,Novembro,Manica,Macate,Homens,22 a 60,17428.0
2025,Novembro,Manica,Macate,Mulheres,22 a 60,12861.0
2025,Novembro,Manica,Macate,Homens,Mais de 60,953.0
2025,Novembro,Manica,Macate,Mulheres,Mais de 60,928.0
2025,Novembro,Manica,Macate,Outros,N/A,2.0
2025,Dezembro,Manica,Macate,Homens,0 a 16,13.0
2025,Dezembro,Manica,Macate,Mulheres,0 a 16,12.0
2025,Dezembro,Manica,Macate,Homens,17 a 21,2649.0
2025,Dezembro,Manica,Macate,Mulheres,17 a 21,2379.0
2025,Dezembro,Manica,Macate,Homens,22 a 60,18177.0
2025,Dezembro,Manica,Macate,Mulheres,22 a 60,13045.0
2025,Dezembro,Manica,Macate,Homens,Mais de 60,1002.0
2025,Dezembro,Manica,Macate,Mulheres,Mais de 60,907.0
2025,Dezembro,Manica,Macate,Outros,N/A,0.0
2025,Janeiro,Manica,Vanduzi,Homens,0 a 16,78.0
2025,Janeiro,Manica,Vanduzi,Mulheres,0 a 16,63.0
2025,Janeiro,Manica,Vanduzi,Homens,17 a 21,8835.0
2025,Janeiro,Manica,Vanduzi,Mulheres,17 a 21,8153.0
2025,Janeiro,Manica,Vanduzi,Homens,22 a 60,44199.0
2025,Janeiro,Manica,Vanduzi,Mulheres,22 a 60,37086.0
2025,Janeiro,Manica,Vanduzi,Homens,Mais de 60,2594.0
2025,Janeiro,Manica,Vanduzi,Mulheres,Mais de 60,2739.0
2025,Janeiro,Manica,Vanduzi,Outros,N/A,10.0
2025,Fevereiro,Manica,Vanduzi,Homens,0 a 16,82.0
2025,Fevereiro,Manica,Vanduzi,Mulheres,0 a 16,66.0
2025,Fevereiro,Manica,Vanduzi,Homens,17 a 21,8841.0
2025,Fevereiro,Manica,Vanduzi,Mulheres,17 a 21,8149.0
2025,Fevereiro,Manica,Vanduzi,Homens,22 a 60,44534.0
2025,Fevereiro,Manica,Vanduzi,Mulheres,22 a 60,37335.0
2025,Fevereiro,Manica,Vanduzi,Homens,Mais de 60,2582.0
2025,Fevereiro,Manica,Vanduzi,Mulheres,Mais de 60,2724.0
2025,Fevereiro,Manica,Vanduzi,Outros,N/A,9.0
2025,Março,Manica,Vanduzi,Homens,0 a 16,87.0
2025,Março,Manica,Vanduzi,Mulheres,0 a 16,70.0
2025,Março,Manica,Vanduzi,Homens,17 a 21,8834.0
2025,Março,Manica,Vanduzi,Mulheres,17 a 21,8239.0
2025,Março,Manica,Vanduzi,Homens,22 a 60,45523.0
2025,Março,Manica,Vanduzi,Mulheres,22 a 60,38286.0
2025,Março,Manica,Vanduzi,Homens,Mais de 60,2642.0
2025,Março,Manica,Vanduzi,Mulheres,Mais de 60,2740.0
2025,Março,Manica,Vanduzi,Outros,N/A,16.0
2025,Abril,Manica,Vanduzi,Homens,0 a 16,105.0
2025,Abril,Manica,Vanduzi,Mulheres,0 a 16,89.0
2025,Abril,Manica,Vanduzi,Homens,17 a 21,9388.0
2025,Abril,Manica,Vanduzi,Mulheres,17 a 21,8612.0
2025,Abril,Manica,Vanduzi,Homens,22 a 60,47802.0
2025,Abril,Manica,Vanduzi,Mulheres,22 a 60,40337.0
2025,Abril,Manica,Vanduzi,Homens,Mais de 60,2743.0
2025,Abril,Manica,Vanduzi,Mulheres,Mais de 60,2878.0
2025,Abril,Manica,Vanduzi,Outros,N/A,6.0
2025,Maio,Manica,Vanduzi,Homens,0 a 16,83.0
2025,Maio,Manica,Vanduzi,Mulheres,0 a 16,63.0
2025,Maio,Manica,Vanduzi,Homens,17 a 21,8693.0
2025,Maio,Manica,Vanduzi,Mulheres,17 a 21,8360.0
2025,Maio,Manica,Vanduzi,Homens,22 a 60,46632.0
2025,Maio,Manica,Vanduzi,Mulheres,22 a 60,39919.0
2025,Maio,Manica,Vanduzi,Homens,Mais de 60,2704.0
2025,Maio,Manica,Vanduzi,Mulheres,Mais de 60,2894.0
2025,Maio,Manica,Vanduzi,Outros,N/A,7.0
2025,Junho,Manica,Vanduzi,Homens,0 a 16,60.0
2025,Junho,Manica,Vanduzi,Mulheres,0 a 16,39.0
2025,Junho,Manica,Vanduzi,Homens,17 a 21,7644.0
2025,Junho,Manica,Vanduzi,Mulheres,17 a 21,7671.0
2025,Junho,Manica,Vanduzi,Homens,22 a 60,42038.0
2025,Junho,Manica,Vanduzi,Mulheres,22 a 60,36189.0
2025,Junho,Manica,Vanduzi,Homens,Mais de 60,2383.0
2025,Junho,Manica,Vanduzi,Mulheres,Mais de 60,2563.0
2025,Junho,Manica,Vanduzi,Outros,N/A,5.0
2025,Julho,Manica,Vanduzi,Homens,0 a 16,49.0
2025,Julho,Manica,Vanduzi,Mulheres,0 a 16,52.0
2025,Julho,Manica,Vanduzi,Homens,17 a 21,7669.0
2025,Julho,Manica,Vanduzi,Mulheres,17 a 21,7826.0
2025,Julho,Manica,Vanduzi,Homens,22 a 60,42995.0
2025,Julho,Manica,Vanduzi,Mulheres,22 a 60,36708.0
2025,Julho,Manica,Vanduzi,Homens,Mais de 60,2355.0
2025,Julho,Manica,Vanduzi,Mulheres,Mais de 60,2561.0
2025,Julho,Manica,Vanduzi,Outros,N/A,9.0
2025,Agosto,Manica,Vanduzi,Homens,0 a 16,40.0
2025,Agosto,Manica,Vanduzi,Mulheres,0 a 16,45.0
2025,Agosto,Manica,Vanduzi,Homens,17 a 21,7829.0
2025,Agosto,Manica,Vanduzi,Mulheres,17 a 21,7894.0
2025,Agosto,Manica,Vanduzi,Homens,22 a 60,45074.0
2025,Agosto,Manica,Vanduzi,Mulheres,22 a 60,38053.0
2025,Agosto,Manica,Vanduzi,Homens,Mais de 60,2456.0
2025,Agosto,Manica,Vanduzi,Mulheres,Mais de 60,2644.0
2025,Agosto,Manica,Vanduzi,Outros,N/A,16.0
2025,Setembro,Manica,Vanduzi,Homens,0 a 16,39.0
2025,Setembro,Manica,Vanduzi,Mulheres,0 a 16,49.0
2025,Setembro,Manica,Vanduzi,Homens,17 a 21,8208.0
2025,Setembro,Manica,Vanduzi,Mulheres,17 a 21,8071.0
2025,Setembro,Manica,Vanduzi,Homens,22 a 60,47536.0
2025,Setembro,Manica,Vanduzi,Mulheres,22 a 60,39801.0
2025,Setembro,Manica,Vanduzi,Homens,Mais de 60,2557.0
2025,Setembro,Manica,Vanduzi,Mulheres,Mais de 60,2754.0
2025,Setembro,Manica,Vanduzi,Outros,N/A,17.0
2025,Outubro,Manica,Vanduzi,Homens,0 a 16,46.0
2025,Outubro,Manica,Vanduzi,Mulheres,0 a 16,57.0
2025,Outubro,Manica,Vanduzi,Homens,17 a 21,8476.0
2025,Outubro,Manica,Vanduzi,Mulheres,17 a 21,8408.0
2025,Outubro,Manica,Vanduzi,Homens,22 a 60,50358.0
2025,Outubro,Manica,Vanduzi,Mulheres,22 a 60,42152.0
2025,Outubro,Manica,Vanduzi,Homens,Mais de 60,2716.0
2025,Outubro,Manica,Vanduzi,Mulheres,Mais de 60,2945.0
2025,Outubro,Manica,Vanduzi,Outros,N/A,14.0
2025,Novembro,Manica,Vanduzi,Homens,0 a 16,46.0
2025,Novembro,Manica,Vanduzi,Mulheres,0 a 16,59.0
2025,Novembro,Manica,Vanduzi,Homens,17 a 21,8591.0
2025,Novembro,Manica,Vanduzi,Mulheres,17 a 21,8406.0
2025,Novembro,Manica,Vanduzi,Homens,22 a 60,49469.0
2025,Novembro,Manica,Vanduzi,Mulheres,22 a 60,42602.0
2025,Novembro,Manica,Vanduzi,Homens,Mais de 60,2659.0
2025,Novembro,Manica,Vanduzi,Mulheres,Mais de 60,2909.0
2025,Novembro,Manica,Vanduzi,Outros,N/A,5.0
2025,Dezembro,Manica,Vanduzi,Homens,0 a 16,48.0
2025,Dezembro,Manica,Vanduzi,Mulheres,0 a 16,53.0
2025,Dezembro,Manica,Vanduzi,Homens,17 a 21,8763.0
2025,Dezembro,Manica,Vanduzi,Mulheres,17 a 21,8545.0
2025,Dezembro,Manica,Vanduzi,Homens,22 a 60,51857.0
2025,Dezembro,Manica,Vanduzi,Mulheres,22 a 60,43547.0
2025,Dezembro,Manica,Vanduzi,Homens,Mais de 60,2827.0
2025,Dezembro,Manica,Vanduzi,Mulheres,Mais de 60,2988.0
2025,Dezembro,Manica,Vanduzi,Outros,N/A,5.0
2025,Janeiro,Tete,Cidade de Tete,Homens,0 a 16,436.0
2025,Janeiro,Tete,Cidade de Tete,Mulheres,0 a 16,383.0
2025,Janeiro,Tete,Cidade de Tete,Homens,17 a 21,37301.0
2025,Janeiro,Tete,Cidade de Tete,Mulheres,17 a 21,33928.0
2025,Janeiro,Tete,Cidade de Tete,Homens,22 a 60,228681.0
2025,Janeiro,Tete,Cidade de Tete,Mulheres,22 a 60,174674.0
2025,Janeiro,Tete,Cidade de Tete,Homens,Mais de 60,7904.0
2025,Janeiro,Tete,Cidade de Tete,Mulheres,Mais de 60,6616.0
2025,Janeiro,Tete,Cidade de Tete,Outros,N/A,465.0
2025,Fevereiro,Tete,Cidade de Tete,Homens,0 a 16,470.0
2025,Fevereiro,Tete,Cidade de Tete,Mulheres,0 a 16,412.0
2025,Fevereiro,Tete,Cidade de Tete,Homens,17 a 21,38116.0
2025,Fevereiro,Tete,Cidade de Tete,Mulheres,17 a 21,34595.0
2025,Fevereiro,Tete,Cidade de Tete,Homens,22 a 60,231084.0
2025,Fevereiro,Tete,Cidade de Tete,Mulheres,22 a 60,177405.0
2025,Fevereiro,Tete,Cidade de Tete,Homens,Mais de 60,8205.0
2025,Fevereiro,Tete,Cidade de Tete,Mulheres,Mais de 60,6865.0
2025,Fevereiro,Tete,Cidade de Tete,Outros,N/A,467.0
2025,Março,Tete,Cidade de Tete,Homens,0 a 16,486.0
2025,Março,Tete,Cidade de Tete,Mulheres,0 a 16,441.0
2025,Março,Tete,Cidade de Tete,Homens,17 a 21,39679.0
2025,Março,Tete,Cidade de Tete,Mulheres,17 a 21,36216.0
2025,Março,Tete,Cidade de Tete,Homens,22 a 60,238714.0
2025,Março,Tete,Cidade de Tete,Mulheres,22 a 60,184664.0
2025,Março,Tete,Cidade de Tete,Homens,Mais de 60,8511.0
2025,Março,Tete,Cidade de Tete,Mulheres,Mais de 60,7254.0
2025,Março,Tete,Cidade de Tete,Outros,N/A,483.0
2025,Abril,Tete,Cidade de Tete,Homens,0 a 16,561.0
2025,Abril,Tete,Cidade de Tete,Mulheres,0 a 16,502.0
2025,Abril,Tete,Cidade de Tete,Homens,17 a 21,40563.0
2025,Abril,Tete,Cidade de Tete,Mulheres,17 a 21,37063.0
2025,Abril,Tete,Cidade de Tete,Homens,22 a 60,244330.0
2025,Abril,Tete,Cidade de Tete,Mulheres,22 a 60,190366.0
2025,Abril,Tete,Cidade de Tete,Homens,Mais de 60,8932.0
2025,Abril,Tete,Cidade de Tete,Mulheres,Mais de 60,7725.0
2025,Abril,Tete,Cidade de Tete,Outros,N/A,478.0
2025,Maio,Tete,Cidade de Tete,Homens,0 a 16,521.0
2025,Maio,Tete,Cidade de Tete,Mulheres,0 a 16,461.0
2025,Maio,Tete,Cidade de Tete,Homens,17 a 21,40147.0
2025,Maio,Tete,Cidade de Tete,Mulheres,17 a 21,37201.0
2025,Maio,Tete,Cidade de Tete,Homens,22 a 60,245701.0
2025,Maio,Tete,Cidade de Tete,Mulheres,22 a 60,192060.0
2025,Maio,Tete,Cidade de Tete,Homens,Mais de 60,8888.0
2025,Maio,Tete,Cidade de Tete,Mulheres,Mais de 60,7824.0
2025,Maio,Tete,Cidade de Tete,Outros,N/A,473.0
2025,Junho,Tete,Cidade de Tete,Homens,0 a 16,501.0
2025,Junho,Tete,Cidade de Tete,Mulheres,0 a 16,434.0
2025,Junho,Tete,Cidade de Tete,Homens,17 a 21,39858.0
2025,Junho,Tete,Cidade de Tete,Mulheres,17 a 21,37109.0
2025,Junho,Tete,Cidade de Tete,Homens,22 a 60,246318.0
2025,Junho,Tete,Cidade de Tete,Mulheres,22 a 60,192707.0
2025,Junho,Tete,Cidade de Tete,Homens,Mais de 60,8941.0
2025,Junho,Tete,Cidade de Tete,Mulheres,Mais de 60,7732.0
2025,Junho,Tete,Cidade de Tete,Outros,N/A,473.0
2025,Julho,Tete,Cidade de Tete,Homens,0 a 16,496.0
2025,Julho,Tete,Cidade de Tete,Mulheres,0 a 16,437.0
2025,Julho,Tete,Cidade de Tete,Homens,17 a 21,39362.0
2025,Julho,Tete,Cidade de Tete,Mulheres,17 a 21,36950.0
2025,Julho,Tete,Cidade de Tete,Homens,22 a 60,246861.0
2025,Julho,Tete,Cidade de Tete,Mulheres,22 a 60,192895.0
2025,Julho,Tete,Cidade de Tete,Homens,Mais de 60,8968.0
2025,Julho,Tete,Cidade de Tete,Mulheres,Mais de 60,7746.0
2025,Julho,Tete,Cidade de Tete,Outros,N/A,500.0
2025,Agosto,Tete,Cidade de Tete,Homens,0 a 16,471.0
2025,Agosto,Tete,Cidade de Tete,Mulheres,0 a 16,465.0
2025,Agosto,Tete,Cidade de Tete,Homens,17 a 21,40368.0
2025,Agosto,Tete,Cidade de Tete,Mulheres,17 a 21,37658.0
2025,Agosto,Tete,Cidade de Tete,Homens,22 a 60,253044.0
2025,Agosto,Tete,Cidade de Tete,Mulheres,22 a 60,197299.0
2025,Agosto,Tete,Cidade de Tete,Homens,Mais de 60,9230.0
2025,Agosto,Tete,Cidade de Tete,Mulheres,Mais de 60,8063.0
2025,Agosto,Tete,Cidade de Tete,Outros,N/A,394.0
2025,Setembro,Tete,Cidade de Tete,Homens,0 a 16,464.0
2025,Setembro,Tete,Cidade de Tete,Mulheres,0 a 16,470.0
2025,Setembro,Tete,Cidade de Tete,Homens,17 a 21,40231.0
2025,Setembro,Tete,Cidade de Tete,Mulheres,17 a 21,37750.0
2025,Setembro,Tete,Cidade de Tete,Homens,22 a 60,254771.0
2025,Setembro,Tete,Cidade de Tete,Mulheres,22 a 60,199592.0
2025,Setembro,Tete,Cidade de Tete,Homens,Mais de 60,9479.0
2025,Setembro,Tete,Cidade de Tete,Mulheres,Mais de 60,8199.0
2025,Setembro,Tete,Cidade de Tete,Outros,N/A,465.0
2025,Outubro,Tete,Cidade de Tete,Homens,0 a 16,434.0
2025,Outubro,Tete,Cidade de Tete,Mulheres,0 a 16,445.0
2025,Outubro,Tete,Cidade de Tete,Homens,17 a 21,38972.0
2025,Outubro,Tete,Cidade de Tete,Mulheres,17 a 21,37148.0
2025,Outubro,Tete,Cidade de Tete,Homens,22 a 60,248290.0
2025,Outubro,Tete,Cidade de Tete,Mulheres,22 a 60,197833.0
2025,Outubro,Tete,Cidade de Tete,Homens,Mais de 60,9228.0
2025,Outubro,Tete,Cidade de Tete,Mulheres,Mais de 60,8013.0
2025,Outubro,Tete,Cidade de Tete,Outros,N/A,507.0
2025,Novembro,Tete,Cidade de Tete,Homens,0 a 16,429.0
2025,Novembro,Tete,Cidade de Tete,Mulheres,0 a 16,437.0
2025,Novembro,Tete,Cidade de Tete,Homens,17 a 21,38483.0
2025,Novembro,Tete,Cidade de Tete,Mulheres,17 a 21,37286.0
2025,Novembro,Tete,Cidade de Tete,Homens,22 a 60,240244.0
2025,Novembro,Tete,Cidade de Tete,Mulheres,22 a 60,207211.0
2025,Novembro,Tete,Cidade de Tete,Homens,Mais de 60,8992.0
2025,Novembro,Tete,Cidade de Tete,Mulheres,Mais de 60,8282.0
2025,Novembro,Tete,Cidade de Tete,Outros,N/A,130.0
2025,Dezembro,Tete,Cidade de Tete,Homens,0 a 16,378.0
2025,Dezembro,Tete,Cidade de Tete,Mulheres,0 a 16,376.0
2025,Dezembro,Tete,Cidade de Tete,Homens,17 a 21,38164.0
2025,Dezembro,Tete,Cidade de Tete,Mulheres,17 a 21,36635.0
2025,Dezembro,Tete,Cidade de Tete,Homens,22 a 60,246384.0
2025,Dezembro,Tete,Cidade de Tete,Mulheres,22 a 60,197924.0
2025,Dezembro,Tete,Cidade de Tete,Homens,Mais de 60,9293.0
2025,Dezembro,Tete,Cidade de Tete,Mulheres,Mais de 60,8116.0
2025,Dezembro,Tete,Cidade de Tete,Outros,N/A,135.0
2025,Janeiro,Tete,Angónia,Homens,0 a 16,168.0
2025,Janeiro,Tete,Angónia,Mulheres,0 a 16,138.0
2025,Janeiro,Tete,Angónia,Homens,17 a 21,15013.0
2025,Janeiro,Tete,Angónia,Mulheres,17 a 21,13643.0
2025,Janeiro,Tete,Angónia,Homens,22 a 60,74999.0
2025,Janeiro,Tete,Angónia,Mulheres,22 a 60,55351.0
2025,Janeiro,Tete,Angónia,Homens,Mais de 60,3655.0
2025,Janeiro,Tete,Angónia,Mulheres,Mais de 60,3498.0
2025,Janeiro,Tete,Angónia,Outros,N/A,39.0
2025,Fevereiro,Tete,Angónia,Homens,0 a 16,173.0
2025,Fevereiro,Tete,Angónia,Mulheres,0 a 16,143.0
2025,Fevereiro,Tete,Angónia,Homens,17 a 21,16011.0
2025,Fevereiro,Tete,Angónia,Mulheres,17 a 21,14789.0
2025,Fevereiro,Tete,Angónia,Homens,22 a 60,79225.0
2025,Fevereiro,Tete,Angónia,Mulheres,22 a 60,58900.0
2025,Fevereiro,Tete,Angónia,Homens,Mais de 60,3821.0
2025,Fevereiro,Tete,Angónia,Mulheres,Mais de 60,3638.0
2025,Fevereiro,Tete,Angónia,Outros,N/A,34.0
2025,Março,Tete,Angónia,Homens,0 a 16,154.0
2025,Março,Tete,Angónia,Mulheres,0 a 16,144.0
2025,Março,Tete,Angónia,Homens,17 a 21,15677.0
2025,Março,Tete,Angónia,Mulheres,17 a 21,14573.0
2025,Março,Tete,Angónia,Homens,22 a 60,79863.0
2025,Março,Tete,Angónia,Mulheres,22 a 60,59784.0
2025,Março,Tete,Angónia,Homens,Mais de 60,3836.5
2025,Março,Tete,Angónia,Mulheres,Mais de 60,3801.0
2025,Março,Tete,Angónia,Outros,N/A,35.0
2025,Abril,Tete,Angónia,Homens,0 a 16,157.0
2025,Abril,Tete,Angónia,Mulheres,0 a 16,141.0
2025,Abril,Tete,Angónia,Homens,17 a 21,15961.0
2025,Abril,Tete,Angónia,Mulheres,17 a 21,14739.0
2025,Abril,Tete,Angónia,Homens,22 a 60,82474.0
2025,Abril,Tete,Angónia,Mulheres,22 a 60,61733.0
2025,Abril,Tete,Angónia,Homens,Mais de 60,4066.0
2025,Abril,Tete,Angónia,Mulheres,Mais de 60,4050.0
2025,Abril,Tete,Angónia,Outros,N/A,49.0
2025,Maio,Tete,Angónia,Homens,0 a 16,192.0
2025,Maio,Tete,Angónia,Mulheres,0 a 16,143.0
2025,Maio,Tete,Angónia,Homens,17 a 21,16797.0
2025,Maio,Tete,Angónia,Mulheres,17 a 21,15503.0
2025,Maio,Tete,Angónia,Homens,22 a 60,87758.0
2025,Maio,Tete,Angónia,Mulheres,22 a 60,64838.0
2025,Maio,Tete,Angónia,Homens,Mais de 60,4205.0
2025,Maio,Tete,Angónia,Mulheres,Mais de 60,4175.0
2025,Maio,Tete,Angónia,Outros,N/A,56.0
2025,Junho,Tete,Angónia,Homens,0 a 16,238.0
2025,Junho,Tete,Angónia,Mulheres,0 a 16,147.0
2025,Junho,Tete,Angónia,Homens,17 a 21,19622.0
2025,Junho,Tete,Angónia,Mulheres,17 a 21,17777.0
2025,Junho,Tete,Angónia,Homens,22 a 60,102239.0
2025,Junho,Tete,Angónia,Mulheres,22 a 60,76598.0
2025,Junho,Tete,Angónia,Homens,Mais de 60,5057.0
2025,Junho,Tete,Angónia,Mulheres,Mais de 60,5012.0
2025,Junho,Tete,Angónia,Outros,N/A,60.0
2025,Julho,Tete,Angónia,Homens,0 a 16,228.0
2025,Julho,Tete,Angónia,Mulheres,0 a 16,144.0
2025,Julho,Tete,Angónia,Homens,17 a 21,19284.0
2025,Julho,Tete,Angónia,Mulheres,17 a 21,17784.0
2025,Julho,Tete,Angónia,Homens,22 a 60,103257.0
2025,Julho,Tete,Angónia,Mulheres,22 a 60,76242.0
2025,Julho,Tete,Angónia,Homens,Mais de 60,5036.0
2025,Julho,Tete,Angónia,Mulheres,Mais de 60,4883.0
2025,Julho,Tete,Angónia,Outros,N/A,70.0
2025,Agosto,Tete,Angónia,Homens,0 a 16,219.0
2025,Agosto,Tete,Angónia,Mulheres,0 a 16,124.0
2025,Agosto,Tete,Angónia,Homens,17 a 21,19731.0
2025,Agosto,Tete,Angónia,Mulheres,17 a 21,17816.0
2025,Agosto,Tete,Angónia,Homens,22 a 60,106635.0
2025,Agosto,Tete,Angónia,Mulheres,22 a 60,78950.0
2025,Agosto,Tete,Angónia,Homens,Mais de 60,5279.0
2025,Agosto,Tete,Angónia,Mulheres,Mais de 60,5136.0
2025,Agosto,Tete,Angónia,Outros,N/A,67.0
2025,Setembro,Tete,Angónia,Homens,0 a 16,197.0
2025,Setembro,Tete,Angónia,Mulheres,0 a 16,117.0
2025,Setembro,Tete,Angónia,Homens,17 a 21,19584.0
2025,Setembro,Tete,Angónia,Mulheres,17 a 21,17610.0
2025,Setembro,Tete,Angónia,Homens,22 a 60,110664.0
2025,Setembro,Tete,Angónia,Mulheres,22 a 60,82675.0
2025,Setembro,Tete,Angónia,Homens,Mais de 60,5285.0
2025,Setembro,Tete,Angónia,Mulheres,Mais de 60,5044.0
2025,Setembro,Tete,Angónia,Outros,N/A,72.0
2025,Outubro,Tete,Angónia,Homens,0 a 16,173.0
2025,Outubro,Tete,Angónia,Mulheres,0 a 16,114.0
2025,Outubro,Tete,Angónia,Homens,17 a 21,20351.0
2025,Outubro,Tete,Angónia,Mulheres,17 a 21,18286.0
2025,Outubro,Tete,Angónia,Homens,22 a 60,117318.0
2025,Outubro,Tete,Angónia,Mulheres,22 a 60,87721.0
2025,Outubro,Tete,Angónia,Homens,Mais de 60,5647.0
2025,Outubro,Tete,Angónia,Mulheres,Mais de 60,5423.0
2025,Outubro,Tete,Angónia,Outros,N/A,65.0
2025,Novembro,Tete,Angónia,Homens,0 a 16,185.0
2025,Novembro,Tete,Angónia,Mulheres,0 a 16,136.0
2025,Novembro,Tete,Angónia,Homens,17 a 21,20708.0
2025,Novembro,Tete,Angónia,Mulheres,17 a 21,18778.0
2025,Novembro,Tete,Angónia,Homens,22 a 60,117793.0
2025,Novembro,Tete,Angónia,Mulheres,22 a 60,91438.0
2025,Novembro,Tete,Angónia,Homens,Mais de 60,5812.0
2025,Novembro,Tete,Angónia,Mulheres,Mais de 60,5664.0
2025,Novembro,Tete,Angónia,Outros,N/A,20.0
2025,Dezembro,Tete,Angónia,Homens,0 a 16,193.0
2025,Dezembro,Tete,Angónia,Mulheres,0 a 16,131.0
2025,Dezembro,Tete,Angónia,Homens,17 a 21,20625.0
2025,Dezembro,Tete,Angónia,Mulheres,17 a 21,18483.0
2025,Dezembro,Tete,Angónia,Homens,22 a 60,120232.0
2025,Dezembro,Tete,Angónia,Mulheres,22 a 60,90412.0
2025,Dezembro,Tete,Angónia,Homens,Mais de 60,5920.0
2025,Dezembro,Tete,Angónia,Mulheres,Mais de 60,5667.0
2025,Dezembro,Tete,Angónia,Outros,N/A,17.0
2025,Janeiro,Tete,Cahora-Bassa,Homens,0 a 16,83.0
2025,Janeiro,Tete,Cahora-Bassa,Mulheres,0 a 16,68.0
2025,Janeiro,Tete,Cahora-Bassa,Homens,17 a 21,7863.0
2025,Janeiro,Tete,Cahora-Bassa,Mulheres,17 a 21,6739.0
2025,Janeiro,Tete,Cahora-Bassa,Homens,22 a 60,47300.0
2025,Janeiro,Tete,Cahora-Bassa,Mulheres,22 a 60,36373.0
2025,Janeiro,Tete,Cahora-Bassa,Homens,Mais de 60,2240.0
2025,Janeiro,Tete,Cahora-Bassa,Mulheres,Mais de 60,1836.0
2025,Janeiro,Tete,Cahora-Bassa,Outros,N/A,391.0
2025,Fevereiro,Tete,Cahora-Bassa,Homens,0 a 16,96.0
2025,Fevereiro,Tete,Cahora-Bassa,Mulheres,0 a 16,75.0
2025,Fevereiro,Tete,Cahora-Bassa,Homens,17 a 21,8108.0
2025,Fevereiro,Tete,Cahora-Bassa,Mulheres,17 a 21,6956.0
2025,Fevereiro,Tete,Cahora-Bassa,Homens,22 a 60,48295.0
2025,Fevereiro,Tete,Cahora-Bassa,Mulheres,22 a 60,37090.0
2025,Fevereiro,Tete,Cahora-Bassa,Homens,Mais de 60,2258.0
2025,Fevereiro,Tete,Cahora-Bassa,Mulheres,Mais de 60,1873.0
2025,Fevereiro,Tete,Cahora-Bassa,Outros,N/A,391.0
2025,Março,Tete,Cahora-Bassa,Homens,0 a 16,87.0
2025,Março,Tete,Cahora-Bassa,Mulheres,0 a 16,62.0
2025,Março,Tete,Cahora-Bassa,Homens,17 a 21,8097.0
2025,Março,Tete,Cahora-Bassa,Mulheres,17 a 21,6928.0
2025,Março,Tete,Cahora-Bassa,Homens,22 a 60,48700.0
2025,Março,Tete,Cahora-Bassa,Mulheres,22 a 60,37709.0
2025,Março,Tete,Cahora-Bassa,Homens,Mais de 60,2298.0
2025,Março,Tete,Cahora-Bassa,Mulheres,Mais de 60,1896.0
2025,Março,Tete,Cahora-Bassa,Outros,N/A,394.0
2025,Abril,Tete,Cahora-Bassa,Homens,0 a 16,71.0
2025,Abril,Tete,Cahora-Bassa,Mulheres,0 a 16,59.0
2025,Abril,Tete,Cahora-Bassa,Homens,17 a 21,7785.0
2025,Abril,Tete,Cahora-Bassa,Mulheres,17 a 21,6807.0
2025,Abril,Tete,Cahora-Bassa,Homens,22 a 60,47903.0
2025,Abril,Tete,Cahora-Bassa,Mulheres,22 a 60,37466.0
2025,Abril,Tete,Cahora-Bassa,Homens,Mais de 60,2290.0
2025,Abril,Tete,Cahora-Bassa,Mulheres,Mais de 60,1903.0
2025,Abril,Tete,Cahora-Bassa,Outros,N/A,384.0
2025,Maio,Tete,Cahora-Bassa,Homens,0 a 16,70.0
2025,Maio,Tete,Cahora-Bassa,Mulheres,0 a 16,78.0
2025,Maio,Tete,Cahora-Bassa,Homens,17 a 21,7986.0
2025,Maio,Tete,Cahora-Bassa,Mulheres,17 a 21,6939.0
2025,Maio,Tete,Cahora-Bassa,Homens,22 a 60,49235.0
2025,Maio,Tete,Cahora-Bassa,Mulheres,22 a 60,38624.0
2025,Maio,Tete,Cahora-Bassa,Homens,Mais de 60,2298.0
2025,Maio,Tete,Cahora-Bassa,Mulheres,Mais de 60,1964.0
2025,Maio,Tete,Cahora-Bassa,Outros,N/A,379.0
2025,Junho,Tete,Cahora-Bassa,Homens,0 a 16,73.0
2025,Junho,Tete,Cahora-Bassa,Mulheres,0 a 16,72.0
2025,Junho,Tete,Cahora-Bassa,Homens,17 a 21,8823.0
2025,Junho,Tete,Cahora-Bassa,Mulheres,17 a 21,7623.0
2025,Junho,Tete,Cahora-Bassa,Homens,22 a 60,54180.0
2025,Junho,Tete,Cahora-Bassa,Mulheres,22 a 60,42722.0
2025,Junho,Tete,Cahora-Bassa,Homens,Mais de 60,2638.0
2025,Junho,Tete,Cahora-Bassa,Mulheres,Mais de 60,2116.0
2025,Junho,Tete,Cahora-Bassa,Outros,N/A,406.0
2025,Julho,Tete,Cahora-Bassa,Homens,0 a 16,67.0
2025,Julho,Tete,Cahora-Bassa,Mulheres,0 a 16,80.0
2025,Julho,Tete,Cahora-Bassa,Homens,17 a 21,8726.0
2025,Julho,Tete,Cahora-Bassa,Mulheres,17 a 21,7639.0
2025,Julho,Tete,Cahora-Bassa,Homens,22 a 60,54790.0
2025,Julho,Tete,Cahora-Bassa,Mulheres,22 a 60,43581.0
2025,Julho,Tete,Cahora-Bassa,Homens,Mais de 60,2721.0
2025,Julho,Tete,Cahora-Bassa,Mulheres,Mais de 60,2220.0
2025,Julho,Tete,Cahora-Bassa,Outros,N/A,424.0
2025,Agosto,Tete,Cahora-Bassa,Homens,0 a 16,76.0
2025,Agosto,Tete,Cahora-Bassa,Mulheres,0 a 16,77.0
2025,Agosto,Tete,Cahora-Bassa,Homens,17 a 21,8811.0
2025,Agosto,Tete,Cahora-Bassa,Mulheres,17 a 21,7741.0
2025,Agosto,Tete,Cahora-Bassa,Homens,22 a 60,56138.0
2025,Agosto,Tete,Cahora-Bassa,Mulheres,22 a 60,44426.0
2025,Agosto,Tete,Cahora-Bassa,Homens,Mais de 60,2732.0
2025,Agosto,Tete,Cahora-Bassa,Mulheres,Mais de 60,2321.0
2025,Agosto,Tete,Cahora-Bassa,Outros,N/A,404.0
2025,Setembro,Tete,Cahora-Bassa,Homens,0 a 16,79.0
2025,Setembro,Tete,Cahora-Bassa,Mulheres,0 a 16,87.0
2025,Setembro,Tete,Cahora-Bassa,Homens,17 a 21,9089.0
2025,Setembro,Tete,Cahora-Bassa,Mulheres,17 a 21,7847.0
2025,Setembro,Tete,Cahora-Bassa,Homens,22 a 60,58129.0
2025,Setembro,Tete,Cahora-Bassa,Mulheres,22 a 60,46573.0
2025,Setembro,Tete,Cahora-Bassa,Homens,Mais de 60,2936.0
2025,Setembro,Tete,Cahora-Bassa,Mulheres,Mais de 60,2468.0
2025,Setembro,Tete,Cahora-Bassa,Outros,N/A,432.0
2025,Outubro,Tete,Cahora-Bassa,Homens,0 a 16,59.0
2025,Outubro,Tete,Cahora-Bassa,Mulheres,0 a 16,76.0
2025,Outubro,Tete,Cahora-Bassa,Homens,17 a 21,8208.0
2025,Outubro,Tete,Cahora-Bassa,Mulheres,17 a 21,7100.0
2025,Outubro,Tete,Cahora-Bassa,Homens,22 a 60,52843.0
2025,Outubro,Tete,Cahora-Bassa,Mulheres,22 a 60,42212.0
2025,Outubro,Tete,Cahora-Bassa,Homens,Mais de 60,2551.0
2025,Outubro,Tete,Cahora-Bassa,Mulheres,Mais de 60,2194.0
2025,Outubro,Tete,Cahora-Bassa,Outros,N/A,401.0
2025,Novembro,Tete,Cahora-Bassa,Homens,0 a 16,59.0
2025,Novembro,Tete,Cahora-Bassa,Mulheres,0 a 16,77.0
2025,Novembro,Tete,Cahora-Bassa,Homens,17 a 21,7996.0
2025,Novembro,Tete,Cahora-Bassa,Mulheres,17 a 21,7122.0
2025,Novembro,Tete,Cahora-Bassa,Homens,22 a 60,51810.0
2025,Novembro,Tete,Cahora-Bassa,Mulheres,22 a 60,43993.0
2025,Novembro,Tete,Cahora-Bassa,Homens,Mais de 60,2496.0
2025,Novembro,Tete,Cahora-Bassa,Mulheres,Mais de 60,2287.0
2025,Novembro,Tete,Cahora-Bassa,Outros,N/A,336.0
2025,Dezembro,Tete,Cahora-Bassa,Homens,0 a 16,53.0
2025,Dezembro,Tete,Cahora-Bassa,Mulheres,0 a 16,74.0
2025,Dezembro,Tete,Cahora-Bassa,Homens,17 a 21,7631.0
2025,Dezembro,Tete,Cahora-Bassa,Mulheres,17 a 21,6807.0
2025,Dezembro,Tete,Cahora-Bassa,Homens,22 a 60,51372.0
2025,Dezembro,Tete,Cahora-Bassa,Mulheres,22 a 60,40982.0
2025,Dezembro,Tete,Cahora-Bassa,Homens,Mais de 60,2466.0
2025,Dezembro,Tete,Cahora-Bassa,Mulheres,Mais de 60,2131.0
2025,Dezembro,Tete,Cahora-Bassa,Outros,N/A,332.0
2025,Janeiro,Tete,Changara,Homens,0 a 16,103.0
2025,Janeiro,Tete,Changara,Mulheres,0 a 16,62.0
2025,Janeiro,Tete,Changara,Homens,17 a 21,7371.0
2025,Janeiro,Tete,Changara,Mulheres,17 a 21,5435.0
2025,Janeiro,Tete,Changara,Homens,22 a 60,39052.0
2025,Janeiro,Tete,Changara,Mulheres,22 a 60,26055.0
2025,Janeiro,Tete,Changara,Homens,Mais de 60,2148.0
2025,Janeiro,Tete,Changara,Mulheres,Mais de 60,1877.0
2025,Janeiro,Tete,Changara,Outros,N/A,559.0
2025,Fevereiro,Tete,Changara,Homens,0 a 16,98.0
2025,Fevereiro,Tete,Changara,Mulheres,0 a 16,64.0
2025,Fevereiro,Tete,Changara,Homens,17 a 21,7437.0
2025,Fevereiro,Tete,Changara,Mulheres,17 a 21,5536.0
2025,Fevereiro,Tete,Changara,Homens,22 a 60,39487.0
2025,Fevereiro,Tete,Changara,Mulheres,22 a 60,26425.0
2025,Fevereiro,Tete,Changara,Homens,Mais de 60,2167.0
2025,Fevereiro,Tete,Changara,Mulheres,Mais de 60,1902.0
2025,Fevereiro,Tete,Changara,Outros,N/A,564.0
2025,Março,Tete,Changara,Homens,0 a 16,91.0
2025,Março,Tete,Changara,Mulheres,0 a 16,71.0
2025,Março,Tete,Changara,Homens,17 a 21,7531.0
2025,Março,Tete,Changara,Mulheres,17 a 21,5803.0
2025,Março,Tete,Changara,Homens,22 a 60,40385.0
2025,Março,Tete,Changara,Mulheres,22 a 60,27447.0
2025,Março,Tete,Changara,Homens,Mais de 60,2393.0
2025,Março,Tete,Changara,Mulheres,Mais de 60,2191.0
2025,Março,Tete,Changara,Outros,N/A,558.0
2025,Abril,Tete,Changara,Homens,0 a 16,87.0
2025,Abril,Tete,Changara,Mulheres,0 a 16,77.0
2025,Abril,Tete,Changara,Homens,17 a 21,7373.0
2025,Abril,Tete,Changara,Mulheres,17 a 21,5871.0
2025,Abril,Tete,Changara,Homens,22 a 60,40632.0
2025,Abril,Tete,Changara,Mulheres,22 a 60,28118.0
2025,Abril,Tete,Changara,Homens,Mais de 60,2447.0
2025,Abril,Tete,Changara,Mulheres,Mais de 60,2376.0
2025,Abril,Tete,Changara,Outros,N/A,565.0
2025,Maio,Tete,Changara,Homens,0 a 16,99.0
2025,Maio,Tete,Changara,Mulheres,0 a 16,94.0
2025,Maio,Tete,Changara,Homens,17 a 21,7859.0
2025,Maio,Tete,Changara,Mulheres,17 a 21,6257.0
2025,Maio,Tete,Changara,Homens,22 a 60,43547.0
2025,Maio,Tete,Changara,Mulheres,22 a 60,30139.0
2025,Maio,Tete,Changara,Homens,Mais de 60,2584.0
2025,Maio,Tete,Changara,Mulheres,Mais de 60,2475.0
2025,Maio,Tete,Changara,Outros,N/A,569.0
2025,Junho,Tete,Changara,Homens,0 a 16,118.0
2025,Junho,Tete,Changara,Mulheres,0 a 16,104.0
2025,Junho,Tete,Changara,Homens,17 a 21,8634.0
2025,Junho,Tete,Changara,Mulheres,17 a 21,6834.0
2025,Junho,Tete,Changara,Homens,22 a 60,48364.0
2025,Junho,Tete,Changara,Mulheres,22 a 60,33479.0
2025,Junho,Tete,Changara,Homens,Mais de 60,2832.0
2025,Junho,Tete,Changara,Mulheres,Mais de 60,2711.0
2025,Junho,Tete,Changara,Outros,N/A,589.0
2025,Julho,Tete,Changara,Homens,0 a 16,119.0
2025,Julho,Tete,Changara,Mulheres,0 a 16,104.0
2025,Julho,Tete,Changara,Homens,17 a 21,8692.0
2025,Julho,Tete,Changara,Mulheres,17 a 21,6998.0
2025,Julho,Tete,Changara,Homens,22 a 60,48504.0
2025,Julho,Tete,Changara,Mulheres,22 a 60,33981.0
2025,Julho,Tete,Changara,Homens,Mais de 60,2886.0
2025,Julho,Tete,Changara,Mulheres,Mais de 60,2746.0
2025,Julho,Tete,Changara,Outros,N/A,595.0
2025,Agosto,Tete,Changara,Homens,0 a 16,126.0
2025,Agosto,Tete,Changara,Mulheres,0 a 16,121.0
2025,Agosto,Tete,Changara,Homens,17 a 21,9087.0
2025,Agosto,Tete,Changara,Mulheres,17 a 21,7325.0
2025,Agosto,Tete,Changara,Homens,22 a 60,50303.0
2025,Agosto,Tete,Changara,Mulheres,22 a 60,35312.0
2025,Agosto,Tete,Changara,Homens,Mais de 60,2970.0
2025,Agosto,Tete,Changara,Mulheres,Mais de 60,2885.0
2025,Agosto,Tete,Changara,Outros,N/A,588.0
2025,Setembro,Tete,Changara,Homens,0 a 16,132.0
2025,Setembro,Tete,Changara,Mulheres,0 a 16,124.0
2025,Setembro,Tete,Changara,Homens,17 a 21,9075.0
2025,Setembro,Tete,Changara,Mulheres,17 a 21,7454.0
2025,Setembro,Tete,Changara,Homens,22 a 60,50836.0
2025,Setembro,Tete,Changara,Mulheres,22 a 60,35739.0
2025,Setembro,Tete,Changara,Homens,Mais de 60,3016.0
2025,Setembro,Tete,Changara,Mulheres,Mais de 60,2912.0
2025,Setembro,Tete,Changara,Outros,N/A,590.0
2025,Outubro,Tete,Changara,Homens,0 a 16,130.0
2025,Outubro,Tete,Changara,Mulheres,0 a 16,109.0
2025,Outubro,Tete,Changara,Homens,17 a 21,9308.0
2025,Outubro,Tete,Changara,Mulheres,17 a 21,7698.0
2025,Outubro,Tete,Changara,Homens,22 a 60,52571.0
2025,Outubro,Tete,Changara,Mulheres,22 a 60,37036.0
2025,Outubro,Tete,Changara,Homens,Mais de 60,3169.0
2025,Outubro,Tete,Changara,Mulheres,Mais de 60,3040.0
2025,Outubro,Tete,Changara,Outros,N/A,590.0
2025,Novembro,Tete,Changara,Homens,0 a 16,130.0
2025,Novembro,Tete,Changara,Mulheres,0 a 16,120.0
2025,Novembro,Tete,Changara,Homens,17 a 21,9695.0
2025,Novembro,Tete,Changara,Mulheres,17 a 21,8104.0
2025,Novembro,Tete,Changara,Homens,22 a 60,53458.0
2025,Novembro,Tete,Changara,Mulheres,22 a 60,40148.0
2025,Novembro,Tete,Changara,Homens,Mais de 60,3241.0
2025,Novembro,Tete,Changara,Mulheres,Mais de 60,3282.0
2025,Novembro,Tete,Changara,Outros,N/A,562.0
2025,Dezembro,Tete,Changara,Homens,0 a 16,129.0
2025,Dezembro,Tete,Changara,Mulheres,0 a 16,117.0
2025,Dezembro,Tete,Changara,Homens,17 a 21,9812.0
2025,Dezembro,Tete,Changara,Mulheres,17 a 21,8096.0
2025,Dezembro,Tete,Changara,Homens,22 a 60,53848.0
2025,Dezembro,Tete,Changara,Mulheres,22 a 60,38911.0
2025,Dezembro,Tete,Changara,Homens,Mais de 60,3309.0
2025,Dezembro,Tete,Changara,Mulheres,Mais de 60,3196.0
2025,Dezembro,Tete,Changara,Outros,N/A,559.0
2025,Janeiro,Tete,Chifunde,Homens,0 a 16,16.0
2025,Janeiro,Tete,Chifunde,Mulheres,0 a 16,16.0
2025,Janeiro,Tete,Chifunde,Homens,17 a 21,1493.0
2025,Janeiro,Tete,Chifunde,Mulheres,17 a 21,1451.0
2025,Janeiro,Tete,Chifunde,Homens,22 a 60,11068.0
2025,Janeiro,Tete,Chifunde,Mulheres,22 a 60,7999.0
2025,Janeiro,Tete,Chifunde,Homens,Mais de 60,593.0
2025,Janeiro,Tete,Chifunde,Mulheres,Mais de 60,566.0
2025,Janeiro,Tete,Chifunde,Outros,N/A,9.0
2025,Fevereiro,Tete,Chifunde,Homens,0 a 16,20.0
2025,Fevereiro,Tete,Chifunde,Mulheres,0 a 16,22.0
2025,Fevereiro,Tete,Chifunde,Homens,17 a 21,1573.0
2025,Fevereiro,Tete,Chifunde,Mulheres,17 a 21,1532.0
2025,Fevereiro,Tete,Chifunde,Homens,22 a 60,11325.0
2025,Fevereiro,Tete,Chifunde,Mulheres,22 a 60,8393.0
2025,Fevereiro,Tete,Chifunde,Homens,Mais de 60,611.0
2025,Fevereiro,Tete,Chifunde,Mulheres,Mais de 60,605.0
2025,Fevereiro,Tete,Chifunde,Outros,N/A,8.0
2025,Março,Tete,Chifunde,Homens,0 a 16,17.0
2025,Março,Tete,Chifunde,Mulheres,0 a 16,21.0
2025,Março,Tete,Chifunde,Homens,17 a 21,1677.0
2025,Março,Tete,Chifunde,Mulheres,17 a 21,1600.0
2025,Março,Tete,Chifunde,Homens,22 a 60,11819.0
2025,Março,Tete,Chifunde,Mulheres,22 a 60,8914.0
2025,Março,Tete,Chifunde,Homens,Mais de 60,676.0
2025,Março,Tete,Chifunde,Mulheres,Mais de 60,651.0
2025,Março,Tete,Chifunde,Outros,N/A,7.0
2025,Abril,Tete,Chifunde,Homens,0 a 16,25.0
2025,Abril,Tete,Chifunde,Mulheres,0 a 16,35.0
2025,Abril,Tete,Chifunde,Homens,17 a 21,1747.0
2025,Abril,Tete,Chifunde,Mulheres,17 a 21,1705.0
2025,Abril,Tete,Chifunde,Homens,22 a 60,12292.0
2025,Abril,Tete,Chifunde,Mulheres,22 a 60,9220.0
2025,Abril,Tete,Chifunde,Homens,Mais de 60,687.0
2025,Abril,Tete,Chifunde,Mulheres,Mais de 60,686.0
2025,Abril,Tete,Chifunde,Outros,N/A,5.0
2025,Maio,Tete,Chifunde,Homens,0 a 16,23.0
2025,Maio,Tete,Chifunde,Mulheres,0 a 16,30.0
2025,Maio,Tete,Chifunde,Homens,17 a 21,1862.0
2025,Maio,Tete,Chifunde,Mulheres,17 a 21,1873.0
2025,Maio,Tete,Chifunde,Homens,22 a 60,13422.0
2025,Maio,Tete,Chifunde,Mulheres,22 a 60,10044.0
2025,Maio,Tete,Chifunde,Homens,Mais de 60,727.0
2025,Maio,Tete,Chifunde,Mulheres,Mais de 60,741.0
2025,Maio,Tete,Chifunde,Outros,N/A,5.0
2025,Junho,Tete,Chifunde,Homens,0 a 16,19.0
2025,Junho,Tete,Chifunde,Mulheres,0 a 16,32.0
2025,Junho,Tete,Chifunde,Homens,17 a 21,2150.0
2025,Junho,Tete,Chifunde,Mulheres,17 a 21,2114.0
2025,Junho,Tete,Chifunde,Homens,22 a 60,14910.0
2025,Junho,Tete,Chifunde,Mulheres,22 a 60,11193.0
2025,Junho,Tete,Chifunde,Homens,Mais de 60,825.0
2025,Junho,Tete,Chifunde,Mulheres,Mais de 60,838.0
2025,Junho,Tete,Chifunde,Outros,N/A,10.0
2025,Julho,Tete,Chifunde,Homens,0 a 16,17.0
2025,Julho,Tete,Chifunde,Mulheres,0 a 16,19.0
2025,Julho,Tete,Chifunde,Homens,17 a 21,2212.0
2025,Julho,Tete,Chifunde,Mulheres,17 a 21,2211.0
2025,Julho,Tete,Chifunde,Homens,22 a 60,15543.0
2025,Julho,Tete,Chifunde,Mulheres,22 a 60,11955.0
2025,Julho,Tete,Chifunde,Homens,Mais de 60,877.0
2025,Julho,Tete,Chifunde,Mulheres,Mais de 60,877.0
2025,Julho,Tete,Chifunde,Outros,N/A,6.0
2025,Agosto,Tete,Chifunde,Homens,0 a 16,22.0
2025,Agosto,Tete,Chifunde,Mulheres,0 a 16,26.0
2025,Agosto,Tete,Chifunde,Homens,17 a 21,2301.0
2025,Agosto,Tete,Chifunde,Mulheres,17 a 21,2306.0
2025,Agosto,Tete,Chifunde,Homens,22 a 60,15818.0
2025,Agosto,Tete,Chifunde,Mulheres,22 a 60,12149.0
2025,Agosto,Tete,Chifunde,Homens,Mais de 60,890.0
2025,Agosto,Tete,Chifunde,Mulheres,Mais de 60,918.0
2025,Agosto,Tete,Chifunde,Outros,N/A,7.0
2025,Setembro,Tete,Chifunde,Homens,0 a 16,39.0
2025,Setembro,Tete,Chifunde,Mulheres,0 a 16,25.0
2025,Setembro,Tete,Chifunde,Homens,17 a 21,2367.0
2025,Setembro,Tete,Chifunde,Mulheres,17 a 21,2442.0
2025,Setembro,Tete,Chifunde,Homens,22 a 60,16441.0
2025,Setembro,Tete,Chifunde,Mulheres,22 a 60,13088.0
2025,Setembro,Tete,Chifunde,Homens,Mais de 60,893.0
2025,Setembro,Tete,Chifunde,Mulheres,Mais de 60,982.0
2025,Setembro,Tete,Chifunde,Outros,N/A,8.0
2025,Outubro,Tete,Chifunde,Homens,0 a 16,41.0
2025,Outubro,Tete,Chifunde,Mulheres,0 a 16,27.0
2025,Outubro,Tete,Chifunde,Homens,17 a 21,2409.0
2025,Outubro,Tete,Chifunde,Mulheres,17 a 21,2458.0
2025,Outubro,Tete,Chifunde,Homens,22 a 60,17283.0
2025,Outubro,Tete,Chifunde,Mulheres,22 a 60,13662.0
2025,Outubro,Tete,Chifunde,Homens,Mais de 60,918.0
2025,Outubro,Tete,Chifunde,Mulheres,Mais de 60,1052.0
2025,Outubro,Tete,Chifunde,Outros,N/A,10.0
2025,Novembro,Tete,Chifunde,Homens,0 a 16,39.0
2025,Novembro,Tete,Chifunde,Mulheres,0 a 16,22.0
2025,Novembro,Tete,Chifunde,Homens,17 a 21,2379.0
2025,Novembro,Tete,Chifunde,Mulheres,17 a 21,2459.0
2025,Novembro,Tete,Chifunde,Homens,22 a 60,17755.0
2025,Novembro,Tete,Chifunde,Mulheres,22 a 60,14541.0
2025,Novembro,Tete,Chifunde,Homens,Mais de 60,904.0
2025,Novembro,Tete,Chifunde,Mulheres,Mais de 60,1090.0
2025,Novembro,Tete,Chifunde,Outros,N/A,1.0
2025,Dezembro,Tete,Chifunde,Homens,0 a 16,40.0
2025,Dezembro,Tete,Chifunde,Mulheres,0 a 16,24.0
2025,Dezembro,Tete,Chifunde,Homens,17 a 21,2290.0
2025,Dezembro,Tete,Chifunde,Mulheres,17 a 21,2368.0
2025,Dezembro,Tete,Chifunde,Homens,22 a 60,17475.0
2025,Dezembro,Tete,Chifunde,Mulheres,22 a 60,13545.0
2025,Dezembro,Tete,Chifunde,Homens,Mais de 60,916.0
2025,Dezembro,Tete,Chifunde,Mulheres,Mais de 60,1028.0
2025,Dezembro,Tete,Chifunde,Outros,N/A,0.0
2025,Janeiro,Tete,Chiuta,Homens,0 a 16,26.0
2025,Janeiro,Tete,Chiuta,Mulheres,0 a 16,17.0
2025,Janeiro,Tete,Chiuta,Homens,17 a 21,3241.0
2025,Janeiro,Tete,Chiuta,Mulheres,17 a 21,2918.0
2025,Janeiro,Tete,Chiuta,Homens,22 a 60,16294.0
2025,Janeiro,Tete,Chiuta,Mulheres,22 a 60,12486.0
2025,Janeiro,Tete,Chiuta,Homens,Mais de 60,823.0
2025,Janeiro,Tete,Chiuta,Mulheres,Mais de 60,686.0
2025,Janeiro,Tete,Chiuta,Outros,N/A,8.0
2025,Fevereiro,Tete,Chiuta,Homens,0 a 16,30.0
2025,Fevereiro,Tete,Chiuta,Mulheres,0 a 16,12.0
2025,Fevereiro,Tete,Chiuta,Homens,17 a 21,3231.0
2025,Fevereiro,Tete,Chiuta,Mulheres,17 a 21,2911.0
2025,Fevereiro,Tete,Chiuta,Homens,22 a 60,16195.0
2025,Fevereiro,Tete,Chiuta,Mulheres,22 a 60,12364.0
2025,Fevereiro,Tete,Chiuta,Homens,Mais de 60,814.0
2025,Fevereiro,Tete,Chiuta,Mulheres,Mais de 60,704.0
2025,Fevereiro,Tete,Chiuta,Outros,N/A,6.0
2025,Março,Tete,Chiuta,Homens,0 a 16,33.0
2025,Março,Tete,Chiuta,Mulheres,0 a 16,11.0
2025,Março,Tete,Chiuta,Homens,17 a 21,3198.0
2025,Março,Tete,Chiuta,Mulheres,17 a 21,2923.0
2025,Março,Tete,Chiuta,Homens,22 a 60,16462.0
2025,Março,Tete,Chiuta,Mulheres,22 a 60,12599.0
2025,Março,Tete,Chiuta,Homens,Mais de 60,811.0
2025,Março,Tete,Chiuta,Mulheres,Mais de 60,715.0
2025,Março,Tete,Chiuta,Outros,N/A,7.0
2025,Abril,Tete,Chiuta,Homens,0 a 16,31.0
2025,Abril,Tete,Chiuta,Mulheres,0 a 16,10.0
2025,Abril,Tete,Chiuta,Homens,17 a 21,3076.0
2025,Abril,Tete,Chiuta,Mulheres,17 a 21,2920.0
2025,Abril,Tete,Chiuta,Homens,22 a 60,16352.0
2025,Abril,Tete,Chiuta,Mulheres,22 a 60,12542.0
2025,Abril,Tete,Chiuta,Homens,Mais de 60,808.0
2025,Abril,Tete,Chiuta,Mulheres,Mais de 60,723.0
2025,Abril,Tete,Chiuta,Outros,N/A,8.0
2025,Maio,Tete,Chiuta,Homens,0 a 16,27.0
2025,Maio,Tete,Chiuta,Mulheres,0 a 16,12.0
2025,Maio,Tete,Chiuta,Homens,17 a 21,3015.0
2025,Maio,Tete,Chiuta,Mulheres,17 a 21,2936.0
2025,Maio,Tete,Chiuta,Homens,22 a 60,16831.0
2025,Maio,Tete,Chiuta,Mulheres,22 a 60,12772.0
2025,Maio,Tete,Chiuta,Homens,Mais de 60,827.0
2025,Maio,Tete,Chiuta,Mulheres,Mais de 60,710.0
2025,Maio,Tete,Chiuta,Outros,N/A,6.0
2025,Junho,Tete,Chiuta,Homens,0 a 16,36.0
2025,Junho,Tete,Chiuta,Mulheres,0 a 16,13.0
2025,Junho,Tete,Chiuta,Homens,17 a 21,3278.0
2025,Junho,Tete,Chiuta,Mulheres,17 a 21,3189.0
2025,Junho,Tete,Chiuta,Homens,22 a 60,18546.0
2025,Junho,Tete,Chiuta,Mulheres,22 a 60,14025.0
2025,Junho,Tete,Chiuta,Homens,Mais de 60,864.0
2025,Junho,Tete,Chiuta,Mulheres,Mais de 60,775.0
2025,Junho,Tete,Chiuta,Outros,N/A,7.0
2025,Julho,Tete,Chiuta,Homens,0 a 16,38.0
2025,Julho,Tete,Chiuta,Mulheres,0 a 16,18.0
2025,Julho,Tete,Chiuta,Homens,17 a 21,3091.0
2025,Julho,Tete,Chiuta,Mulheres,17 a 21,3095.0
2025,Julho,Tete,Chiuta,Homens,22 a 60,18472.0
2025,Julho,Tete,Chiuta,Mulheres,22 a 60,14420.0
2025,Julho,Tete,Chiuta,Homens,Mais de 60,845.0
2025,Julho,Tete,Chiuta,Mulheres,Mais de 60,765.0
2025,Julho,Tete,Chiuta,Outros,N/A,7.0
2025,Agosto,Tete,Chiuta,Homens,0 a 16,36.0
2025,Agosto,Tete,Chiuta,Mulheres,0 a 16,20.0
2025,Agosto,Tete,Chiuta,Homens,17 a 21,3204.0
2025,Agosto,Tete,Chiuta,Mulheres,17 a 21,3183.0
2025,Agosto,Tete,Chiuta,Homens,22 a 60,19272.0
2025,Agosto,Tete,Chiuta,Mulheres,22 a 60,14802.0
2025,Agosto,Tete,Chiuta,Homens,Mais de 60,867.0
2025,Agosto,Tete,Chiuta,Mulheres,Mais de 60,798.0
2025,Agosto,Tete,Chiuta,Outros,N/A,7.0
2025,Setembro,Tete,Chiuta,Homens,0 a 16,33.0
2025,Setembro,Tete,Chiuta,Mulheres,0 a 16,17.0
2025,Setembro,Tete,Chiuta,Homens,17 a 21,3195.0
2025,Setembro,Tete,Chiuta,Mulheres,17 a 21,3144.0
2025,Setembro,Tete,Chiuta,Homens,22 a 60,19154.0
2025,Setembro,Tete,Chiuta,Mulheres,22 a 60,14861.0
2025,Setembro,Tete,Chiuta,Homens,Mais de 60,883.0
2025,Setembro,Tete,Chiuta,Mulheres,Mais de 60,812.0
2025,Setembro,Tete,Chiuta,Outros,N/A,7.0
2025,Outubro,Tete,Chiuta,Homens,0 a 16,43.0
2025,Outubro,Tete,Chiuta,Mulheres,0 a 16,23.0
2025,Outubro,Tete,Chiuta,Homens,17 a 21,4038.0
2025,Outubro,Tete,Chiuta,Mulheres,17 a 21,3669.0
2025,Outubro,Tete,Chiuta,Homens,22 a 60,22983.0
2025,Outubro,Tete,Chiuta,Mulheres,22 a 60,17325.0
2025,Outubro,Tete,Chiuta,Homens,Mais de 60,1144.0
2025,Outubro,Tete,Chiuta,Mulheres,Mais de 60,945.0
2025,Outubro,Tete,Chiuta,Outros,N/A,4.0
2025,Novembro,Tete,Chiuta,Homens,0 a 16,45.0
2025,Novembro,Tete,Chiuta,Mulheres,0 a 16,21.0
2025,Novembro,Tete,Chiuta,Homens,17 a 21,4065.0
2025,Novembro,Tete,Chiuta,Mulheres,17 a 21,3677.0
2025,Novembro,Tete,Chiuta,Homens,22 a 60,22991.0
2025,Novembro,Tete,Chiuta,Mulheres,22 a 60,17979.0
2025,Novembro,Tete,Chiuta,Homens,Mais de 60,1169.0
2025,Novembro,Tete,Chiuta,Mulheres,Mais de 60,988.0
2025,Novembro,Tete,Chiuta,Outros,N/A,1.0
2025,Dezembro,Tete,Chiuta,Homens,0 a 16,33.0
2025,Dezembro,Tete,Chiuta,Mulheres,0 a 16,20.0
2025,Dezembro,Tete,Chiuta,Homens,17 a 21,3996.0
2025,Dezembro,Tete,Chiuta,Mulheres,17 a 21,3607.0
2025,Dezembro,Tete,Chiuta,Homens,22 a 60,23186.0
2025,Dezembro,Tete,Chiuta,Mulheres,22 a 60,17305.0
2025,Dezembro,Tete,Chiuta,Homens,Mais de 60,1158.0
2025,Dezembro,Tete,Chiuta,Mulheres,Mais de 60,935.0
2025,Dezembro,Tete,Chiuta,Outros,N/A,1.0
2025,Janeiro,Tete,Macanga,Homens,0 a 16,53.0
2025,Janeiro,Tete,Macanga,Mulheres,0 a 16,17.0
2025,Janeiro,Tete,Macanga,Homens,17 a 21,5386.0
2025,Janeiro,Tete,Macanga,Mulheres,17 a 21,5011.0
2025,Janeiro,Tete,Macanga,Homens,22 a 60,30984.0
2025,Janeiro,Tete,Macanga,Mulheres,22 a 60,23082.0
2025,Janeiro,Tete,Macanga,Homens,Mais de 60,1556.0
2025,Janeiro,Tete,Macanga,Mulheres,Mais de 60,1751.0
2025,Janeiro,Tete,Macanga,Outros,N/A,10.0
2025,Fevereiro,Tete,Macanga,Homens,0 a 16,55.0
2025,Fevereiro,Tete,Macanga,Mulheres,0 a 16,19.0
2025,Fevereiro,Tete,Macanga,Homens,17 a 21,5593.0
2025,Fevereiro,Tete,Macanga,Mulheres,17 a 21,5235.0
2025,Fevereiro,Tete,Macanga,Homens,22 a 60,31414.0
2025,Fevereiro,Tete,Macanga,Mulheres,22 a 60,23636.0
2025,Fevereiro,Tete,Macanga,Homens,Mais de 60,1554.0
2025,Fevereiro,Tete,Macanga,Mulheres,Mais de 60,1765.0
2025,Fevereiro,Tete,Macanga,Outros,N/A,11.0
2025,Março,Tete,Macanga,Homens,0 a 16,59.0
2025,Março,Tete,Macanga,Mulheres,0 a 16,29.0
2025,Março,Tete,Macanga,Homens,17 a 21,5823.0
2025,Março,Tete,Macanga,Mulheres,17 a 21,5452.0
2025,Março,Tete,Macanga,Homens,22 a 60,32446.0
2025,Março,Tete,Macanga,Mulheres,22 a 60,24531.0
2025,Março,Tete,Macanga,Homens,Mais de 60,1641.0
2025,Março,Tete,Macanga,Mulheres,Mais de 60,1892.0
2025,Março,Tete,Macanga,Outros,N/A,15.0
2025,Abril,Tete,Macanga,Homens,0 a 16,59.0
2025,Abril,Tete,Macanga,Mulheres,0 a 16,36.0
2025,Abril,Tete,Macanga,Homens,17 a 21,6261.0
2025,Abril,Tete,Macanga,Mulheres,17 a 21,5857.0
2025,Abril,Tete,Macanga,Homens,22 a 60,34930.0
2025,Abril,Tete,Macanga,Mulheres,22 a 60,26311.0
2025,Abril,Tete,Macanga,Homens,Mais de 60,1764.0
2025,Abril,Tete,Macanga,Mulheres,Mais de 60,2052.0
2025,Abril,Tete,Macanga,Outros,N/A,10.0
2025,Maio,Tete,Macanga,Homens,0 a 16,54.0
2025,Maio,Tete,Macanga,Mulheres,0 a 16,30.0
2025,Maio,Tete,Macanga,Homens,17 a 21,6337.0
2025,Maio,Tete,Macanga,Mulheres,17 a 21,6004.0
2025,Maio,Tete,Macanga,Homens,22 a 60,35345.0
2025,Maio,Tete,Macanga,Mulheres,22 a 60,26771.0
2025,Maio,Tete,Macanga,Homens,Mais de 60,1779.0
2025,Maio,Tete,Macanga,Mulheres,Mais de 60,2053.0
2025,Maio,Tete,Macanga,Outros,N/A,5.0
2025,Junho,Tete,Macanga,Homens,0 a 16,38.0
2025,Junho,Tete,Macanga,Mulheres,0 a 16,20.0
2025,Junho,Tete,Macanga,Homens,17 a 21,6551.0
2025,Junho,Tete,Macanga,Mulheres,17 a 21,6309.0
2025,Junho,Tete,Macanga,Homens,22 a 60,36808.0
2025,Junho,Tete,Macanga,Mulheres,22 a 60,27117.0
2025,Junho,Tete,Macanga,Homens,Mais de 60,1831.0
2025,Junho,Tete,Macanga,Mulheres,Mais de 60,2117.0
2025,Junho,Tete,Macanga,Outros,N/A,7.0
2025,Julho,Tete,Macanga,Homens,0 a 16,39.0
2025,Julho,Tete,Macanga,Mulheres,0 a 16,24.0
2025,Julho,Tete,Macanga,Homens,17 a 21,6377.0
2025,Julho,Tete,Macanga,Mulheres,17 a 21,6452.0
2025,Julho,Tete,Macanga,Homens,22 a 60,37507.0
2025,Julho,Tete,Macanga,Mulheres,22 a 60,27939.0
2025,Julho,Tete,Macanga,Homens,Mais de 60,1903.0
2025,Julho,Tete,Macanga,Mulheres,Mais de 60,2188.0
2025,Julho,Tete,Macanga,Outros,N/A,9.0
2025,Agosto,Tete,Macanga,Homens,0 a 16,41.0
2025,Agosto,Tete,Macanga,Mulheres,0 a 16,28.0
2025,Agosto,Tete,Macanga,Homens,17 a 21,6526.0
2025,Agosto,Tete,Macanga,Mulheres,17 a 21,6910.0
2025,Agosto,Tete,Macanga,Homens,22 a 60,38941.0
2025,Agosto,Tete,Macanga,Mulheres,22 a 60,29402.0
2025,Agosto,Tete,Macanga,Homens,Mais de 60,1970.0
2025,Agosto,Tete,Macanga,Mulheres,Mais de 60,2310.0
2025,Agosto,Tete,Macanga,Outros,N/A,10.0
2025,Setembro,Tete,Macanga,Homens,0 a 16,35.0
2025,Setembro,Tete,Macanga,Mulheres,0 a 16,24.0
2025,Setembro,Tete,Macanga,Homens,17 a 21,6457.0
2025,Setembro,Tete,Macanga,Mulheres,17 a 21,6813.0
2025,Setembro,Tete,Macanga,Homens,22 a 60,41805.0
2025,Setembro,Tete,Macanga,Mulheres,22 a 60,31885.0
2025,Setembro,Tete,Macanga,Homens,Mais de 60,2016.0
2025,Setembro,Tete,Macanga,Mulheres,Mais de 60,2232.0
2025,Setembro,Tete,Macanga,Outros,N/A,10.0
2025,Outubro,Tete,Macanga,Homens,0 a 16,34.0
2025,Outubro,Tete,Macanga,Mulheres,0 a 16,26.0
2025,Outubro,Tete,Macanga,Homens,17 a 21,6343.0
2025,Outubro,Tete,Macanga,Mulheres,17 a 21,6795.0
2025,Outubro,Tete,Macanga,Homens,22 a 60,42524.0
2025,Outubro,Tete,Macanga,Mulheres,22 a 60,33786.0
2025,Outubro,Tete,Macanga,Homens,Mais de 60,2051.0
2025,Outubro,Tete,Macanga,Mulheres,Mais de 60,2229.0
2025,Outubro,Tete,Macanga,Outros,N/A,8.0
2025,Novembro,Tete,Macanga,Homens,0 a 16,41.0
2025,Novembro,Tete,Macanga,Mulheres,0 a 16,31.0
2025,Novembro,Tete,Macanga,Homens,17 a 21,6226.0
2025,Novembro,Tete,Macanga,Mulheres,17 a 21,6559.0
2025,Novembro,Tete,Macanga,Homens,22 a 60,40996.0
2025,Novembro,Tete,Macanga,Mulheres,22 a 60,33026.0
2025,Novembro,Tete,Macanga,Homens,Mais de 60,1953.0
2025,Novembro,Tete,Macanga,Mulheres,Mais de 60,2132.0
2025,Novembro,Tete,Macanga,Outros,N/A,3.0
2025,Dezembro,Tete,Macanga,Homens,0 a 16,38.0
2025,Dezembro,Tete,Macanga,Mulheres,0 a 16,26.0
2025,Dezembro,Tete,Macanga,Homens,17 a 21,6167.0
2025,Dezembro,Tete,Macanga,Mulheres,17 a 21,6431.0
2025,Dezembro,Tete,Macanga,Homens,22 a 60,41675.0
2025,Dezembro,Tete,Macanga,Mulheres,22 a 60,32873.0
2025,Dezembro,Tete,Macanga,Homens,Mais de 60,1901.0
2025,Dezembro,Tete,Macanga,Mulheres,Mais de 60,2060.0
2025,Dezembro,Tete,Macanga,Outros,N/A,4.0
2025,Janeiro,Tete,Mágoe,Homens,0 a 16,20.0
2025,Janeiro,Tete,Mágoe,Mulheres,0 a 16,12.0
2025,Janeiro,Tete,Mágoe,Homens,17 a 21,2368.0
2025,Janeiro,Tete,Mágoe,Mulheres,17 a 21,2290.0
2025,Janeiro,Tete,Mágoe,Homens,22 a 60,15029.0
2025,Janeiro,Tete,Mágoe,Mulheres,22 a 60,12095.0
2025,Janeiro,Tete,Mágoe,Homens,Mais de 60,832.0
2025,Janeiro,Tete,Mágoe,Mulheres,Mais de 60,820.0
2025,Janeiro,Tete,Mágoe,Outros,N/A,14.0
2025,Fevereiro,Tete,Mágoe,Homens,0 a 16,28.0
2025,Fevereiro,Tete,Mágoe,Mulheres,0 a 16,24.0
2025,Fevereiro,Tete,Mágoe,Homens,17 a 21,2487.0
2025,Fevereiro,Tete,Mágoe,Mulheres,17 a 21,2453.0
2025,Fevereiro,Tete,Mágoe,Homens,22 a 60,15464.0
2025,Fevereiro,Tete,Mágoe,Mulheres,22 a 60,12679.0
2025,Fevereiro,Tete,Mágoe,Homens,Mais de 60,862.0
2025,Fevereiro,Tete,Mágoe,Mulheres,Mais de 60,838.0
2025,Fevereiro,Tete,Mágoe,Outros,N/A,14.0
2025,Março,Tete,Mágoe,Homens,0 a 16,23.0
2025,Março,Tete,Mágoe,Mulheres,0 a 16,19.0
2025,Março,Tete,Mágoe,Homens,17 a 21,2565.0
2025,Março,Tete,Mágoe,Mulheres,17 a 21,2531.0
2025,Março,Tete,Mágoe,Homens,22 a 60,16157.0
2025,Março,Tete,Mágoe,Mulheres,22 a 60,13216.0
2025,Março,Tete,Mágoe,Homens,Mais de 60,893.0
2025,Março,Tete,Mágoe,Mulheres,Mais de 60,903.0
2025,Março,Tete,Mágoe,Outros,N/A,12.0
2025,Abril,Tete,Mágoe,Homens,0 a 16,36.0
2025,Abril,Tete,Mágoe,Mulheres,0 a 16,27.0
2025,Abril,Tete,Mágoe,Homens,17 a 21,2686.0
2025,Abril,Tete,Mágoe,Mulheres,17 a 21,2549.0
2025,Abril,Tete,Mágoe,Homens,22 a 60,16631.0
2025,Abril,Tete,Mágoe,Mulheres,22 a 60,13577.0
2025,Abril,Tete,Mágoe,Homens,Mais de 60,886.0
2025,Abril,Tete,Mágoe,Mulheres,Mais de 60,893.0
2025,Abril,Tete,Mágoe,Outros,N/A,16.0
2025,Maio,Tete,Mágoe,Homens,0 a 16,27.0
2025,Maio,Tete,Mágoe,Mulheres,0 a 16,32.0
2025,Maio,Tete,Mágoe,Homens,17 a 21,2542.0
2025,Maio,Tete,Mágoe,Mulheres,17 a 21,2515.0
2025,Maio,Tete,Mágoe,Homens,22 a 60,16325.0
2025,Maio,Tete,Mágoe,Mulheres,22 a 60,13372.0
2025,Maio,Tete,Mágoe,Homens,Mais de 60,883.0
2025,Maio,Tete,Mágoe,Mulheres,Mais de 60,890.0
2025,Maio,Tete,Mágoe,Outros,N/A,13.0
2025,Junho,Tete,Mágoe,Homens,0 a 16,19.0
2025,Junho,Tete,Mágoe,Mulheres,0 a 16,24.0
2025,Junho,Tete,Mágoe,Homens,17 a 21,2440.0
2025,Junho,Tete,Mágoe,Mulheres,17 a 21,2528.0
2025,Junho,Tete,Mágoe,Homens,22 a 60,16142.0
2025,Junho,Tete,Mágoe,Mulheres,22 a 60,13452.0
2025,Junho,Tete,Mágoe,Homens,Mais de 60,852.0
2025,Junho,Tete,Mágoe,Mulheres,Mais de 60,872.0
2025,Junho,Tete,Mágoe,Outros,N/A,11.0
2025,Julho,Tete,Mágoe,Homens,0 a 16,18.0
2025,Julho,Tete,Mágoe,Mulheres,0 a 16,33.0
2025,Julho,Tete,Mágoe,Homens,17 a 21,2356.0
2025,Julho,Tete,Mágoe,Mulheres,17 a 21,2501.0
2025,Julho,Tete,Mágoe,Homens,22 a 60,15731.0
2025,Julho,Tete,Mágoe,Mulheres,22 a 60,13222.0
2025,Julho,Tete,Mágoe,Homens,Mais de 60,792.0
2025,Julho,Tete,Mágoe,Mulheres,Mais de 60,841.0
2025,Julho,Tete,Mágoe,Outros,N/A,16.0
2025,Agosto,Tete,Mágoe,Homens,0 a 16,25.0
2025,Agosto,Tete,Mágoe,Mulheres,0 a 16,30.0
2025,Agosto,Tete,Mágoe,Homens,17 a 21,2431.0
2025,Agosto,Tete,Mágoe,Mulheres,17 a 21,2604.0
2025,Agosto,Tete,Mágoe,Homens,22 a 60,16376.0
2025,Agosto,Tete,Mágoe,Mulheres,22 a 60,13667.0
2025,Agosto,Tete,Mágoe,Homens,Mais de 60,846.0
2025,Agosto,Tete,Mágoe,Mulheres,Mais de 60,900.0
2025,Agosto,Tete,Mágoe,Outros,N/A,16.0
2025,Setembro,Tete,Mágoe,Homens,0 a 16,32.0
2025,Setembro,Tete,Mágoe,Mulheres,0 a 16,35.0
2025,Setembro,Tete,Mágoe,Homens,17 a 21,2450.0
2025,Setembro,Tete,Mágoe,Mulheres,17 a 21,2663.0
2025,Setembro,Tete,Mágoe,Homens,22 a 60,16753.0
2025,Setembro,Tete,Mágoe,Mulheres,22 a 60,14015.0
2025,Setembro,Tete,Mágoe,Homens,Mais de 60,833.0
2025,Setembro,Tete,Mágoe,Mulheres,Mais de 60,927.0
2025,Setembro,Tete,Mágoe,Outros,N/A,15.0
2025,Outubro,Tete,Mágoe,Homens,0 a 16,29.0
2025,Outubro,Tete,Mágoe,Mulheres,0 a 16,27.0
2025,Outubro,Tete,Mágoe,Homens,17 a 21,2572.0
2025,Outubro,Tete,Mágoe,Mulheres,17 a 21,2820.0
2025,Outubro,Tete,Mágoe,Homens,22 a 60,18106.0
2025,Outubro,Tete,Mágoe,Mulheres,22 a 60,14896.0
2025,Outubro,Tete,Mágoe,Homens,Mais de 60,926.0
2025,Outubro,Tete,Mágoe,Mulheres,Mais de 60,1031.0
2025,Outubro,Tete,Mágoe,Outros,N/A,14.0
2025,Novembro,Tete,Mágoe,Homens,0 a 16,37.0
2025,Novembro,Tete,Mágoe,Mulheres,0 a 16,31.0
2025,Novembro,Tete,Mágoe,Homens,17 a 21,2590.0
2025,Novembro,Tete,Mágoe,Mulheres,17 a 21,2841.0
2025,Novembro,Tete,Mágoe,Homens,22 a 60,17894.0
2025,Novembro,Tete,Mágoe,Mulheres,22 a 60,15248.0
2025,Novembro,Tete,Mágoe,Homens,Mais de 60,922.0
2025,Novembro,Tete,Mágoe,Mulheres,Mais de 60,1033.0
2025,Novembro,Tete,Mágoe,Outros,N/A,7.0
2025,Dezembro,Tete,Mágoe,Homens,0 a 16,35.0
2025,Dezembro,Tete,Mágoe,Mulheres,0 a 16,36.0
2025,Dezembro,Tete,Mágoe,Homens,17 a 21,2628.0
2025,Dezembro,Tete,Mágoe,Mulheres,17 a 21,2812.0
2025,Dezembro,Tete,Mágoe,Homens,22 a 60,18243.0
2025,Dezembro,Tete,Mágoe,Mulheres,22 a 60,15184.0
2025,Dezembro,Tete,Mágoe,Homens,Mais de 60,921.0
2025,Dezembro,Tete,Mágoe,Mulheres,Mais de 60,1010.0
2025,Dezembro,Tete,Mágoe,Outros,N/A,8.0
2025,Janeiro,Tete,Maravia,Homens,0 a 16,17.0
2025,Janeiro,Tete,Maravia,Mulheres,0 a 16,9.0
2025,Janeiro,Tete,Maravia,Homens,17 a 21,996.0
2025,Janeiro,Tete,Maravia,Mulheres,17 a 21,695.0
2025,Janeiro,Tete,Maravia,Homens,22 a 60,5349.0
2025,Janeiro,Tete,Maravia,Mulheres,22 a 60,3526.0
2025,Janeiro,Tete,Maravia,Homens,Mais de 60,253.0
2025,Janeiro,Tete,Maravia,Mulheres,Mais de 60,211.0
2025,Janeiro,Tete,Maravia,Outros,N/A,4.0
2025,Fevereiro,Tete,Maravia,Homens,0 a 16,33.0
2025,Fevereiro,Tete,Maravia,Mulheres,0 a 16,13.0
2025,Fevereiro,Tete,Maravia,Homens,17 a 21,1075.0
2025,Fevereiro,Tete,Maravia,Mulheres,17 a 21,746.0
2025,Fevereiro,Tete,Maravia,Homens,22 a 60,5575.0
2025,Fevereiro,Tete,Maravia,Mulheres,22 a 60,3717.0
2025,Fevereiro,Tete,Maravia,Homens,Mais de 60,260.0
2025,Fevereiro,Tete,Maravia,Mulheres,Mais de 60,211.0
2025,Fevereiro,Tete,Maravia,Outros,N/A,4.0
2025,Março,Tete,Maravia,Homens,0 a 16,32.0
2025,Março,Tete,Maravia,Mulheres,0 a 16,15.0
2025,Março,Tete,Maravia,Homens,17 a 21,1113.0
2025,Março,Tete,Maravia,Mulheres,17 a 21,770.0
2025,Março,Tete,Maravia,Homens,22 a 60,5628.0
2025,Março,Tete,Maravia,Mulheres,22 a 60,3795.0
2025,Março,Tete,Maravia,Homens,Mais de 60,258.0
2025,Março,Tete,Maravia,Mulheres,Mais de 60,215.0
2025,Março,Tete,Maravia,Outros,N/A,4.0
2025,Abril,Tete,Maravia,Homens,0 a 16,33.0
2025,Abril,Tete,Maravia,Mulheres,0 a 16,8.0
2025,Abril,Tete,Maravia,Homens,17 a 21,1132.0
2025,Abril,Tete,Maravia,Mulheres,17 a 21,810.0
2025,Abril,Tete,Maravia,Homens,22 a 60,5735.0
2025,Abril,Tete,Maravia,Mulheres,22 a 60,3979.0
2025,Abril,Tete,Maravia,Homens,Mais de 60,261.0
2025,Abril,Tete,Maravia,Mulheres,Mais de 60,217.0
2025,Abril,Tete,Maravia,Outros,N/A,7.0
2025,Maio,Tete,Maravia,Homens,0 a 16,33.0
2025,Maio,Tete,Maravia,Mulheres,0 a 16,4.0
2025,Maio,Tete,Maravia,Homens,17 a 21,1118.0
2025,Maio,Tete,Maravia,Mulheres,17 a 21,769.0
2025,Maio,Tete,Maravia,Homens,22 a 60,5753.0
2025,Maio,Tete,Maravia,Mulheres,22 a 60,4011.0
2025,Maio,Tete,Maravia,Homens,Mais de 60,256.0
2025,Maio,Tete,Maravia,Mulheres,Mais de 60,210.0
2025,Maio,Tete,Maravia,Outros,N/A,3.0
2025,Junho,Tete,Maravia,Homens,0 a 16,31.0
2025,Junho,Tete,Maravia,Mulheres,0 a 16,8.0
2025,Junho,Tete,Maravia,Homens,17 a 21,1148.0
2025,Junho,Tete,Maravia,Mulheres,17 a 21,774.0
2025,Junho,Tete,Maravia,Homens,22 a 60,5630.0
2025,Junho,Tete,Maravia,Mulheres,22 a 60,3775.0
2025,Junho,Tete,Maravia,Homens,Mais de 60,252.0
2025,Junho,Tete,Maravia,Mulheres,Mais de 60,211.0
2025,Junho,Tete,Maravia,Outros,N/A,4.0
2025,Julho,Tete,Maravia,Homens,0 a 16,30.0
2025,Julho,Tete,Maravia,Mulheres,0 a 16,13.0
2025,Julho,Tete,Maravia,Homens,17 a 21,1110.0
2025,Julho,Tete,Maravia,Mulheres,17 a 21,766.0
2025,Julho,Tete,Maravia,Homens,22 a 60,5770.0
2025,Julho,Tete,Maravia,Mulheres,22 a 60,3789.0
2025,Julho,Tete,Maravia,Homens,Mais de 60,265.0
2025,Julho,Tete,Maravia,Mulheres,Mais de 60,216.0
2025,Julho,Tete,Maravia,Outros,N/A,4.0
2025,Agosto,Tete,Maravia,Homens,0 a 16,22.0
2025,Agosto,Tete,Maravia,Mulheres,0 a 16,10.0
2025,Agosto,Tete,Maravia,Homens,17 a 21,1088.0
2025,Agosto,Tete,Maravia,Mulheres,17 a 21,737.0
2025,Agosto,Tete,Maravia,Homens,22 a 60,5744.0
2025,Agosto,Tete,Maravia,Mulheres,22 a 60,3705.0
2025,Agosto,Tete,Maravia,Homens,Mais de 60,280.0
2025,Agosto,Tete,Maravia,Mulheres,Mais de 60,217.0
2025,Agosto,Tete,Maravia,Outros,N/A,3.0
2025,Setembro,Tete,Maravia,Homens,0 a 16,16.0
2025,Setembro,Tete,Maravia,Mulheres,0 a 16,9.0
2025,Setembro,Tete,Maravia,Homens,17 a 21,1105.0
2025,Setembro,Tete,Maravia,Mulheres,17 a 21,752.0
2025,Setembro,Tete,Maravia,Homens,22 a 60,5826.0
2025,Setembro,Tete,Maravia,Mulheres,22 a 60,3890.0
2025,Setembro,Tete,Maravia,Homens,Mais de 60,287.0
2025,Setembro,Tete,Maravia,Mulheres,Mais de 60,211.0
2025,Setembro,Tete,Maravia,Outros,N/A,3.0
2025,Outubro,Tete,Maravia,Homens,0 a 16,13.0
2025,Outubro,Tete,Maravia,Mulheres,0 a 16,8.0
2025,Outubro,Tete,Maravia,Homens,17 a 21,1101.0
2025,Outubro,Tete,Maravia,Mulheres,17 a 21,731.0
2025,Outubro,Tete,Maravia,Homens,22 a 60,6119.0
2025,Outubro,Tete,Maravia,Mulheres,22 a 60,3952.0
2025,Outubro,Tete,Maravia,Homens,Mais de 60,304.0
2025,Outubro,Tete,Maravia,Mulheres,Mais de 60,216.0
2025,Outubro,Tete,Maravia,Outros,N/A,4.0
2025,Novembro,Tete,Maravia,Homens,0 a 16,11.0
2025,Novembro,Tete,Maravia,Mulheres,0 a 16,7.0
2025,Novembro,Tete,Maravia,Homens,17 a 21,1109.0
2025,Novembro,Tete,Maravia,Mulheres,17 a 21,776.0
2025,Novembro,Tete,Maravia,Homens,22 a 60,5955.0
2025,Novembro,Tete,Maravia,Mulheres,22 a 60,4144.0
2025,Novembro,Tete,Maravia,Homens,Mais de 60,307.0
2025,Novembro,Tete,Maravia,Mulheres,Mais de 60,231.0
2025,Novembro,Tete,Maravia,Outros,N/A,0.0
2025,Dezembro,Tete,Maravia,Homens,0 a 16,10.0
2025,Dezembro,Tete,Maravia,Mulheres,0 a 16,8.0
2025,Dezembro,Tete,Maravia,Homens,17 a 21,1102.0
2025,Dezembro,Tete,Maravia,Mulheres,17 a 21,791.0
2025,Dezembro,Tete,Maravia,Homens,22 a 60,6261.0
2025,Dezembro,Tete,Maravia,Mulheres,22 a 60,4208.0
2025,Dezembro,Tete,Maravia,Homens,Mais de 60,332.0
2025,Dezembro,Tete,Maravia,Mulheres,Mais de 60,253.0
2025,Dezembro,Tete,Maravia,Outros,N/A,0.0
2025,Janeiro,Tete,Moatize,Homens,0 a 16,294.0
2025,Janeiro,Tete,Moatize,Mulheres,0 a 16,206.0
2025,Janeiro,Tete,Moatize,Homens,17 a 21,18866.0
2025,Janeiro,Tete,Moatize,Mulheres,17 a 21,14256.0
2025,Janeiro,Tete,Moatize,Homens,22 a 60,94728.0
2025,Janeiro,Tete,Moatize,Mulheres,22 a 60,71929.0
2025,Janeiro,Tete,Moatize,Homens,Mais de 60,5555.0
2025,Janeiro,Tete,Moatize,Mulheres,Mais de 60,4697.0
2025,Janeiro,Tete,Moatize,Outros,N/A,121.0
2025,Fevereiro,Tete,Moatize,Homens,0 a 16,305.0
2025,Fevereiro,Tete,Moatize,Mulheres,0 a 16,246.0
2025,Fevereiro,Tete,Moatize,Homens,17 a 21,19368.0
2025,Fevereiro,Tete,Moatize,Mulheres,17 a 21,14682.0
2025,Fevereiro,Tete,Moatize,Homens,22 a 60,96018.0
2025,Fevereiro,Tete,Moatize,Mulheres,22 a 60,74329.0
2025,Fevereiro,Tete,Moatize,Homens,Mais de 60,5596.0
2025,Fevereiro,Tete,Moatize,Mulheres,Mais de 60,4908.0
2025,Fevereiro,Tete,Moatize,Outros,N/A,139.0
2025,Março,Tete,Moatize,Homens,0 a 16,314.0
2025,Março,Tete,Moatize,Mulheres,0 a 16,266.0
2025,Março,Tete,Moatize,Homens,17 a 21,19228.0
2025,Março,Tete,Moatize,Mulheres,17 a 21,14671.0
2025,Março,Tete,Moatize,Homens,22 a 60,98219.0
2025,Março,Tete,Moatize,Mulheres,22 a 60,75203.0
2025,Março,Tete,Moatize,Homens,Mais de 60,5796.0
2025,Março,Tete,Moatize,Mulheres,Mais de 60,5001.0
2025,Março,Tete,Moatize,Outros,N/A,141.0
2025,Abril,Tete,Moatize,Homens,0 a 16,390.0
2025,Abril,Tete,Moatize,Mulheres,0 a 16,347.0
2025,Abril,Tete,Moatize,Homens,17 a 21,20835.0
2025,Abril,Tete,Moatize,Mulheres,17 a 21,16273.0
2025,Abril,Tete,Moatize,Homens,22 a 60,106484.0
2025,Abril,Tete,Moatize,Mulheres,22 a 60,82331.0
2025,Abril,Tete,Moatize,Homens,Mais de 60,6269.0
2025,Abril,Tete,Moatize,Mulheres,Mais de 60,5476.0
2025,Abril,Tete,Moatize,Outros,N/A,129.0
2025,Maio,Tete,Moatize,Homens,0 a 16,322.0
2025,Maio,Tete,Moatize,Mulheres,0 a 16,276.0
2025,Maio,Tete,Moatize,Homens,17 a 21,18896.0
2025,Maio,Tete,Moatize,Mulheres,17 a 21,15136.0
2025,Maio,Tete,Moatize,Homens,22 a 60,100503.0
2025,Maio,Tete,Moatize,Mulheres,22 a 60,78278.0
2025,Maio,Tete,Moatize,Homens,Mais de 60,6251.0
2025,Maio,Tete,Moatize,Mulheres,Mais de 60,5405.0
2025,Maio,Tete,Moatize,Outros,N/A,131.0
2025,Junho,Tete,Moatize,Homens,0 a 16,239.0
2025,Junho,Tete,Moatize,Mulheres,0 a 16,227.0
2025,Junho,Tete,Moatize,Homens,17 a 21,16922.0
2025,Junho,Tete,Moatize,Mulheres,17 a 21,13702.0
2025,Junho,Tete,Moatize,Homens,22 a 60,92046.0
2025,Junho,Tete,Moatize,Mulheres,22 a 60,72090.0
2025,Junho,Tete,Moatize,Homens,Mais de 60,5730.0
2025,Junho,Tete,Moatize,Mulheres,Mais de 60,5023.0
2025,Junho,Tete,Moatize,Outros,N/A,95.0
2025,Julho,Tete,Moatize,Homens,0 a 16,241.0
2025,Julho,Tete,Moatize,Mulheres,0 a 16,209.0
2025,Julho,Tete,Moatize,Homens,17 a 21,15487.0
2025,Julho,Tete,Moatize,Mulheres,17 a 21,12541.0
2025,Julho,Tete,Moatize,Homens,22 a 60,85932.0
2025,Julho,Tete,Moatize,Mulheres,22 a 60,66917.0
2025,Julho,Tete,Moatize,Homens,Mais de 60,5477.0
2025,Julho,Tete,Moatize,Mulheres,Mais de 60,4723.0
2025,Julho,Tete,Moatize,Outros,N/A,110.0
2025,Agosto,Tete,Moatize,Homens,0 a 16,240.0
2025,Agosto,Tete,Moatize,Mulheres,0 a 16,208.0
2025,Agosto,Tete,Moatize,Homens,17 a 21,15709.0
2025,Agosto,Tete,Moatize,Mulheres,17 a 21,13006.0
2025,Agosto,Tete,Moatize,Homens,22 a 60,88729.0
2025,Agosto,Tete,Moatize,Mulheres,22 a 60,69976.0
2025,Agosto,Tete,Moatize,Homens,Mais de 60,5724.0
2025,Agosto,Tete,Moatize,Mulheres,Mais de 60,4947.0
2025,Agosto,Tete,Moatize,Outros,N/A,81.0
2025,Setembro,Tete,Moatize,Homens,0 a 16,255.0
2025,Setembro,Tete,Moatize,Mulheres,0 a 16,234.0
2025,Setembro,Tete,Moatize,Homens,17 a 21,16281.0
2025,Setembro,Tete,Moatize,Mulheres,17 a 21,13320.0
2025,Setembro,Tete,Moatize,Homens,22 a 60,91290.0
2025,Setembro,Tete,Moatize,Mulheres,22 a 60,72395.0
2025,Setembro,Tete,Moatize,Homens,Mais de 60,5895.0
2025,Setembro,Tete,Moatize,Mulheres,Mais de 60,5203.0
2025,Setembro,Tete,Moatize,Outros,N/A,86.0
2025,Outubro,Tete,Moatize,Homens,0 a 16,255.0
2025,Outubro,Tete,Moatize,Mulheres,0 a 16,258.0
2025,Outubro,Tete,Moatize,Homens,17 a 21,17161.0
2025,Outubro,Tete,Moatize,Mulheres,17 a 21,14264.0
2025,Outubro,Tete,Moatize,Homens,22 a 60,100449.0
2025,Outubro,Tete,Moatize,Mulheres,22 a 60,79795.0
2025,Outubro,Tete,Moatize,Homens,Mais de 60,6337.0
2025,Outubro,Tete,Moatize,Mulheres,Mais de 60,5741.0
2025,Outubro,Tete,Moatize,Outros,N/A,129.0
2025,Novembro,Tete,Moatize,Homens,0 a 16,270.0
2025,Novembro,Tete,Moatize,Mulheres,0 a 16,259.0
2025,Novembro,Tete,Moatize,Homens,17 a 21,17958.0
2025,Novembro,Tete,Moatize,Mulheres,17 a 21,15278.0
2025,Novembro,Tete,Moatize,Homens,22 a 60,101323.0
2025,Novembro,Tete,Moatize,Mulheres,22 a 60,87850.0
2025,Novembro,Tete,Moatize,Homens,Mais de 60,6641.0
2025,Novembro,Tete,Moatize,Mulheres,Mais de 60,6257.0
2025,Novembro,Tete,Moatize,Outros,N/A,34.0
2025,Dezembro,Tete,Moatize,Homens,0 a 16,294.0
2025,Dezembro,Tete,Moatize,Mulheres,0 a 16,254.0
2025,Dezembro,Tete,Moatize,Homens,17 a 21,18228.0
2025,Dezembro,Tete,Moatize,Mulheres,17 a 21,15338.0
2025,Dezembro,Tete,Moatize,Homens,22 a 60,111863.0
2025,Dezembro,Tete,Moatize,Mulheres,22 a 60,88614.0
2025,Dezembro,Tete,Moatize,Homens,Mais de 60,7015.0
2025,Dezembro,Tete,Moatize,Mulheres,Mais de 60,6316.0
2025,Dezembro,Tete,Moatize,Outros,N/A,38.0
2025,Janeiro,Tete,Mutarara,Homens,0 a 16,28.0
2025,Janeiro,Tete,Mutarara,Mulheres,0 a 16,24.0
2025,Janeiro,Tete,Mutarara,Homens,17 a 21,4976.0
2025,Janeiro,Tete,Mutarara,Mulheres,17 a 21,3656.0
2025,Janeiro,Tete,Mutarara,Homens,22 a 60,24226.0
2025,Janeiro,Tete,Mutarara,Mulheres,22 a 60,16149.0
2025,Janeiro,Tete,Mutarara,Homens,Mais de 60,1670.0
2025,Janeiro,Tete,Mutarara,Mulheres,Mais de 60,1448.0
2025,Janeiro,Tete,Mutarara,Outros,N/A,14.0
2025,Fevereiro,Tete,Mutarara,Homens,0 a 16,43.0
2025,Fevereiro,Tete,Mutarara,Mulheres,0 a 16,24.0
2025,Fevereiro,Tete,Mutarara,Homens,17 a 21,5008.0
2025,Fevereiro,Tete,Mutarara,Mulheres,17 a 21,3693.0
2025,Fevereiro,Tete,Mutarara,Homens,22 a 60,24111.0
2025,Fevereiro,Tete,Mutarara,Mulheres,22 a 60,16216.0
2025,Fevereiro,Tete,Mutarara,Homens,Mais de 60,1669.0
2025,Fevereiro,Tete,Mutarara,Mulheres,Mais de 60,1466.0
2025,Fevereiro,Tete,Mutarara,Outros,N/A,11.0
2025,Março,Tete,Mutarara,Homens,0 a 16,49.0
2025,Março,Tete,Mutarara,Mulheres,0 a 16,30.0
2025,Março,Tete,Mutarara,Homens,17 a 21,5012.0
2025,Março,Tete,Mutarara,Mulheres,17 a 21,3795.0
2025,Março,Tete,Mutarara,Homens,22 a 60,24829.0
2025,Março,Tete,Mutarara,Mulheres,22 a 60,16835.0
2025,Março,Tete,Mutarara,Homens,Mais de 60,1767.0
2025,Março,Tete,Mutarara,Mulheres,Mais de 60,1509.0
2025,Março,Tete,Mutarara,Outros,N/A,9.0
2025,Abril,Tete,Mutarara,Homens,0 a 16,62.0
2025,Abril,Tete,Mutarara,Mulheres,0 a 16,32.0
2025,Abril,Tete,Mutarara,Homens,17 a 21,5382.0
2025,Abril,Tete,Mutarara,Mulheres,17 a 21,4071.0
2025,Abril,Tete,Mutarara,Homens,22 a 60,26271.0
2025,Abril,Tete,Mutarara,Mulheres,22 a 60,18050.0
2025,Abril,Tete,Mutarara,Homens,Mais de 60,1802.0
2025,Abril,Tete,Mutarara,Mulheres,Mais de 60,1594.0
2025,Abril,Tete,Mutarara,Outros,N/A,11.0
2025,Maio,Tete,Mutarara,Homens,0 a 16,51.0
2025,Maio,Tete,Mutarara,Mulheres,0 a 16,16.0
2025,Maio,Tete,Mutarara,Homens,17 a 21,4960.0
2025,Maio,Tete,Mutarara,Mulheres,17 a 21,3889.0
2025,Maio,Tete,Mutarara,Homens,22 a 60,25090.0
2025,Maio,Tete,Mutarara,Mulheres,22 a 60,17358.0
2025,Maio,Tete,Mutarara,Homens,Mais de 60,1771.0
2025,Maio,Tete,Mutarara,Mulheres,Mais de 60,1547.0
2025,Maio,Tete,Mutarara,Outros,N/A,13.0
2025,Junho,Tete,Mutarara,Homens,0 a 16,43.0
2025,Junho,Tete,Mutarara,Mulheres,0 a 16,8.0
2025,Junho,Tete,Mutarara,Homens,17 a 21,4475.0
2025,Junho,Tete,Mutarara,Mulheres,17 a 21,3673.0
2025,Junho,Tete,Mutarara,Homens,22 a 60,23109.0
2025,Junho,Tete,Mutarara,Mulheres,22 a 60,16084.0
2025,Junho,Tete,Mutarara,Homens,Mais de 60,1642.0
2025,Junho,Tete,Mutarara,Mulheres,Mais de 60,1447.0
2025,Junho,Tete,Mutarara,Outros,N/A,11.0
2025,Julho,Tete,Mutarara,Homens,0 a 16,37.0
2025,Julho,Tete,Mutarara,Mulheres,0 a 16,9.0
2025,Julho,Tete,Mutarara,Homens,17 a 21,4587.0
2025,Julho,Tete,Mutarara,Mulheres,17 a 21,3901.0
2025,Julho,Tete,Mutarara,Homens,22 a 60,24130.0
2025,Julho,Tete,Mutarara,Mulheres,22 a 60,16879.0
2025,Julho,Tete,Mutarara,Homens,Mais de 60,1656.0
2025,Julho,Tete,Mutarara,Mulheres,Mais de 60,1516.0
2025,Julho,Tete,Mutarara,Outros,N/A,12.0
2025,Agosto,Tete,Mutarara,Homens,0 a 16,31.0
2025,Agosto,Tete,Mutarara,Mulheres,0 a 16,9.0
2025,Agosto,Tete,Mutarara,Homens,17 a 21,4684.0
2025,Agosto,Tete,Mutarara,Mulheres,17 a 21,4102.0
2025,Agosto,Tete,Mutarara,Homens,22 a 60,25153.0
2025,Agosto,Tete,Mutarara,Mulheres,22 a 60,17822.0
2025,Agosto,Tete,Mutarara,Homens,Mais de 60,1744.0
2025,Agosto,Tete,Mutarara,Mulheres,Mais de 60,1612.0
2025,Agosto,Tete,Mutarara,Outros,N/A,7.0
2025,Setembro,Tete,Mutarara,Homens,0 a 16,26.0
2025,Setembro,Tete,Mutarara,Mulheres,0 a 16,14.0
2025,Setembro,Tete,Mutarara,Homens,17 a 21,4755.0
2025,Setembro,Tete,Mutarara,Mulheres,17 a 21,4099.0
2025,Setembro,Tete,Mutarara,Homens,22 a 60,26245.0
2025,Setembro,Tete,Mutarara,Mulheres,22 a 60,18792.0
2025,Setembro,Tete,Mutarara,Homens,Mais de 60,1790.0
2025,Setembro,Tete,Mutarara,Mulheres,Mais de 60,1646.0
2025,Setembro,Tete,Mutarara,Outros,N/A,10.0
2025,Outubro,Tete,Mutarara,Homens,0 a 16,31.0
2025,Outubro,Tete,Mutarara,Mulheres,0 a 16,17.0
2025,Outubro,Tete,Mutarara,Homens,17 a 21,4977.0
2025,Outubro,Tete,Mutarara,Mulheres,17 a 21,4338.0
2025,Outubro,Tete,Mutarara,Homens,22 a 60,27602.0
2025,Outubro,Tete,Mutarara,Mulheres,22 a 60,19961.0
2025,Outubro,Tete,Mutarara,Homens,Mais de 60,1881.0
2025,Outubro,Tete,Mutarara,Mulheres,Mais de 60,1774.0
2025,Outubro,Tete,Mutarara,Outros,N/A,7.0
2025,Novembro,Tete,Mutarara,Homens,0 a 16,29.0
2025,Novembro,Tete,Mutarara,Mulheres,0 a 16,16.0
2025,Novembro,Tete,Mutarara,Homens,17 a 21,5039.0
2025,Novembro,Tete,Mutarara,Mulheres,17 a 21,4411.0
2025,Novembro,Tete,Mutarara,Homens,22 a 60,27551.0
2025,Novembro,Tete,Mutarara,Mulheres,22 a 60,20525.0
2025,Novembro,Tete,Mutarara,Homens,Mais de 60,1852.0
2025,Novembro,Tete,Mutarara,Mulheres,Mais de 60,1798.0
2025,Novembro,Tete,Mutarara,Outros,N/A,3.0
2025,Dezembro,Tete,Mutarara,Homens,0 a 16,37.0
2025,Dezembro,Tete,Mutarara,Mulheres,0 a 16,20.0
2025,Dezembro,Tete,Mutarara,Homens,17 a 21,5198.0
2025,Dezembro,Tete,Mutarara,Mulheres,17 a 21,4465.0
2025,Dezembro,Tete,Mutarara,Homens,22 a 60,29002.0
2025,Dezembro,Tete,Mutarara,Mulheres,22 a 60,20760.0
2025,Dezembro,Tete,Mutarara,Homens,Mais de 60,1921.0
2025,Dezembro,Tete,Mutarara,Mulheres,Mais de 60,1830.0
2025,Dezembro,Tete,Mutarara,Outros,N/A,3.0
2025,Janeiro,Tete,Tsangano,Homens,0 a 16,6.0
2025,Janeiro,Tete,Tsangano,Mulheres,0 a 16,8.0
2025,Janeiro,Tete,Tsangano,Homens,17 a 21,4105.0
2025,Janeiro,Tete,Tsangano,Mulheres,17 a 21,4456.0
2025,Janeiro,Tete,Tsangano,Homens,22 a 60,28112.0
2025,Janeiro,Tete,Tsangano,Mulheres,22 a 60,21892.0
2025,Janeiro,Tete,Tsangano,Homens,Mais de 60,1470.0
2025,Janeiro,Tete,Tsangano,Mulheres,Mais de 60,1547.0
2025,Janeiro,Tete,Tsangano,Outros,N/A,8.0
2025,Fevereiro,Tete,Tsangano,Homens,0 a 16,10.0
2025,Fevereiro,Tete,Tsangano,Mulheres,0 a 16,10.0
2025,Fevereiro,Tete,Tsangano,Homens,17 a 21,4183.0
2025,Fevereiro,Tete,Tsangano,Mulheres,17 a 21,4522.0
2025,Fevereiro,Tete,Tsangano,Homens,22 a 60,28363.0
2025,Fevereiro,Tete,Tsangano,Mulheres,22 a 60,22231.0
2025,Fevereiro,Tete,Tsangano,Homens,Mais de 60,1474.0
2025,Fevereiro,Tete,Tsangano,Mulheres,Mais de 60,1524.0
2025,Fevereiro,Tete,Tsangano,Outros,N/A,8.0
2025,Março,Tete,Tsangano,Homens,0 a 16,11.0
2025,Março,Tete,Tsangano,Mulheres,0 a 16,14.0
2025,Março,Tete,Tsangano,Homens,17 a 21,4479.0
2025,Março,Tete,Tsangano,Mulheres,17 a 21,4869.0
2025,Março,Tete,Tsangano,Homens,22 a 60,30883.0
2025,Março,Tete,Tsangano,Mulheres,22 a 60,24021.0
2025,Março,Tete,Tsangano,Homens,Mais de 60,1588.0
2025,Março,Tete,Tsangano,Mulheres,Mais de 60,1638.0
2025,Março,Tete,Tsangano,Outros,N/A,10.0
2025,Abril,Tete,Tsangano,Homens,0 a 16,17.0
2025,Abril,Tete,Tsangano,Mulheres,0 a 16,20.0
2025,Abril,Tete,Tsangano,Homens,17 a 21,4839.0
2025,Abril,Tete,Tsangano,Mulheres,17 a 21,5269.0
2025,Abril,Tete,Tsangano,Homens,22 a 60,33576.0
2025,Abril,Tete,Tsangano,Mulheres,22 a 60,26832.0
2025,Abril,Tete,Tsangano,Homens,Mais de 60,1755.0
2025,Abril,Tete,Tsangano,Mulheres,Mais de 60,1812.0
2025,Abril,Tete,Tsangano,Outros,N/A,4.0
2025,Maio,Tete,Tsangano,Homens,0 a 16,11.0
2025,Maio,Tete,Tsangano,Mulheres,0 a 16,15.0
2025,Maio,Tete,Tsangano,Homens,17 a 21,5038.0
2025,Maio,Tete,Tsangano,Mulheres,17 a 21,5624.0
2025,Maio,Tete,Tsangano,Homens,22 a 60,35375.0
2025,Maio,Tete,Tsangano,Mulheres,22 a 60,28372.0
2025,Maio,Tete,Tsangano,Homens,Mais de 60,1831.0
2025,Maio,Tete,Tsangano,Mulheres,Mais de 60,1933.0
2025,Maio,Tete,Tsangano,Outros,N/A,6.0
2025,Junho,Tete,Tsangano,Homens,0 a 16,6.0
2025,Junho,Tete,Tsangano,Mulheres,0 a 16,4.0
2025,Junho,Tete,Tsangano,Homens,17 a 21,4983.0
2025,Junho,Tete,Tsangano,Mulheres,17 a 21,5813.0
2025,Junho,Tete,Tsangano,Homens,22 a 60,36107.0
2025,Junho,Tete,Tsangano,Mulheres,22 a 60,29490.0
2025,Junho,Tete,Tsangano,Homens,Mais de 60,1847.0
2025,Junho,Tete,Tsangano,Mulheres,Mais de 60,2006.0
2025,Junho,Tete,Tsangano,Outros,N/A,4.0
2025,Julho,Tete,Tsangano,Homens,0 a 16,5.0
2025,Julho,Tete,Tsangano,Mulheres,0 a 16,7.0
2025,Julho,Tete,Tsangano,Homens,17 a 21,5099.0
2025,Julho,Tete,Tsangano,Mulheres,17 a 21,6035.0
2025,Julho,Tete,Tsangano,Homens,22 a 60,37726.0
2025,Julho,Tete,Tsangano,Mulheres,22 a 60,30969.0
2025,Julho,Tete,Tsangano,Homens,Mais de 60,1929.0
2025,Julho,Tete,Tsangano,Mulheres,Mais de 60,2141.0
2025,Julho,Tete,Tsangano,Outros,N/A,1.0
2025,Agosto,Tete,Tsangano,Homens,0 a 16,7.0
2025,Agosto,Tete,Tsangano,Mulheres,0 a 16,5.0
2025,Agosto,Tete,Tsangano,Homens,17 a 21,5328.0
2025,Agosto,Tete,Tsangano,Mulheres,17 a 21,6128.0
2025,Agosto,Tete,Tsangano,Homens,22 a 60,39369.0
2025,Agosto,Tete,Tsangano,Mulheres,22 a 60,32336.0
2025,Agosto,Tete,Tsangano,Homens,Mais de 60,2043.0
2025,Agosto,Tete,Tsangano,Mulheres,Mais de 60,2294.0
2025,Agosto,Tete,Tsangano,Outros,N/A,4.0
2025,Setembro,Tete,Tsangano,Homens,0 a 16,8.0
2025,Setembro,Tete,Tsangano,Mulheres,0 a 16,6.0
2025,Setembro,Tete,Tsangano,Homens,17 a 21,5332.0
2025,Setembro,Tete,Tsangano,Mulheres,17 a 21,6200.0
2025,Setembro,Tete,Tsangano,Homens,22 a 60,40615.0
2025,Setembro,Tete,Tsangano,Mulheres,22 a 60,33209.0
2025,Setembro,Tete,Tsangano,Homens,Mais de 60,2044.0
2025,Setembro,Tete,Tsangano,Mulheres,Mais de 60,2299.0
2025,Setembro,Tete,Tsangano,Outros,N/A,3.0
2025,Outubro,Tete,Tsangano,Homens,0 a 16,6.0
2025,Outubro,Tete,Tsangano,Mulheres,0 a 16,11.0
2025,Outubro,Tete,Tsangano,Homens,17 a 21,5153.0
2025,Outubro,Tete,Tsangano,Mulheres,17 a 21,6186.0
2025,Outubro,Tete,Tsangano,Homens,22 a 60,40253.0
2025,Outubro,Tete,Tsangano,Mulheres,22 a 60,33727.0
2025,Outubro,Tete,Tsangano,Homens,Mais de 60,1946.0
2025,Outubro,Tete,Tsangano,Mulheres,Mais de 60,2303.0
2025,Outubro,Tete,Tsangano,Outros,N/A,0.0
2025,Novembro,Tete,Tsangano,Homens,0 a 16,7.0
2025,Novembro,Tete,Tsangano,Mulheres,0 a 16,12.0
2025,Novembro,Tete,Tsangano,Homens,17 a 21,5088.0
2025,Novembro,Tete,Tsangano,Mulheres,17 a 21,6140.0
2025,Novembro,Tete,Tsangano,Homens,22 a 60,39520.0
2025,Novembro,Tete,Tsangano,Mulheres,22 a 60,33275.0
2025,Novembro,Tete,Tsangano,Homens,Mais de 60,1910.0
2025,Novembro,Tete,Tsangano,Mulheres,Mais de 60,2247.0
2025,Novembro,Tete,Tsangano,Outros,N/A,1.0
2025,Dezembro,Tete,Tsangano,Homens,0 a 16,8.0
2025,Dezembro,Tete,Tsangano,Mulheres,0 a 16,13.0
2025,Dezembro,Tete,Tsangano,Homens,17 a 21,5042.0
2025,Dezembro,Tete,Tsangano,Mulheres,17 a 21,6101.0
2025,Dezembro,Tete,Tsangano,Homens,22 a 60,39802.0
2025,Dezembro,Tete,Tsangano,Mulheres,22 a 60,33351.0
2025,Dezembro,Tete,Tsangano,Homens,Mais de 60,1875.0
2025,Dezembro,Tete,Tsangano,Mulheres,Mais de 60,2241.0
2025,Dezembro,Tete,Tsangano,Outros,N/A,1.0
2025,Janeiro,Tete,Zumbo,Homens,0 a 16,1.0
2025,Janeiro,Tete,Zumbo,Mulheres,0 a 16,1.0
2025,Janeiro,Tete,Zumbo,Homens,17 a 21,583.0
2025,Janeiro,Tete,Zumbo,Mulheres,17 a 21,616.0
2025,Janeiro,Tete,Zumbo,Homens,22 a 60,3950.0
2025,Janeiro,Tete,Zumbo,Mulheres,22 a 60,3288.0
2025,Janeiro,Tete,Zumbo,Homens,Mais de 60,167.0
2025,Janeiro,Tete,Zumbo,Mulheres,Mais de 60,180.0
2025,Janeiro,Tete,Zumbo,Outros,N/A,1.0
2025,Fevereiro,Tete,Zumbo,Homens,0 a 16,2.0
2025,Fevereiro,Tete,Zumbo,Mulheres,0 a 16,2.0
2025,Fevereiro,Tete,Zumbo,Homens,17 a 21,555.0
2025,Fevereiro,Tete,Zumbo,Mulheres,17 a 21,605.0
2025,Fevereiro,Tete,Zumbo,Homens,22 a 60,3930.0
2025,Fevereiro,Tete,Zumbo,Mulheres,22 a 60,3298.0
2025,Fevereiro,Tete,Zumbo,Homens,Mais de 60,163.0
2025,Fevereiro,Tete,Zumbo,Mulheres,Mais de 60,176.0
2025,Fevereiro,Tete,Zumbo,Outros,N/A,1.0
2025,Março,Tete,Zumbo,Homens,0 a 16,4.0
2025,Março,Tete,Zumbo,Mulheres,0 a 16,1.0
2025,Março,Tete,Zumbo,Homens,17 a 21,581.0
2025,Março,Tete,Zumbo,Mulheres,17 a 21,645.0
2025,Março,Tete,Zumbo,Homens,22 a 60,4290.0
2025,Março,Tete,Zumbo,Mulheres,22 a 60,3485.0
2025,Março,Tete,Zumbo,Homens,Mais de 60,182.0
2025,Março,Tete,Zumbo,Mulheres,Mais de 60,196.0
2025,Março,Tete,Zumbo,Outros,N/A,0.0
2025,Abril,Tete,Zumbo,Homens,0 a 16,2.0
2025,Abril,Tete,Zumbo,Mulheres,0 a 16,0.0
2025,Abril,Tete,Zumbo,Homens,17 a 21,615.0
2025,Abril,Tete,Zumbo,Mulheres,17 a 21,661.0
2025,Abril,Tete,Zumbo,Homens,22 a 60,4544.0
2025,Abril,Tete,Zumbo,Mulheres,22 a 60,3802.0
2025,Abril,Tete,Zumbo,Homens,Mais de 60,200.0
2025,Abril,Tete,Zumbo,Mulheres,Mais de 60,214.0
2025,Abril,Tete,Zumbo,Outros,N/A,0.0
2025,Maio,Tete,Zumbo,Homens,0 a 16,2.0
2025,Maio,Tete,Zumbo,Mulheres,0 a 16,2.0
2025,Maio,Tete,Zumbo,Homens,17 a 21,571.0
2025,Maio,Tete,Zumbo,Mulheres,17 a 21,696.0
2025,Maio,Tete,Zumbo,Homens,22 a 60,4657.0
2025,Maio,Tete,Zumbo,Mulheres,22 a 60,3860.0
2025,Maio,Tete,Zumbo,Homens,Mais de 60,204.0
2025,Maio,Tete,Zumbo,Mulheres,Mais de 60,226.0
2025,Maio,Tete,Zumbo,Outros,N/A,0.0
2025,Junho,Tete,Zumbo,Homens,0 a 16,0.0
2025,Junho,Tete,Zumbo,Mulheres,0 a 16,1.0
2025,Junho,Tete,Zumbo,Homens,17 a 21,523.0
2025,Junho,Tete,Zumbo,Mulheres,17 a 21,685.0
2025,Junho,Tete,Zumbo,Homens,22 a 60,4601.0
2025,Junho,Tete,Zumbo,Mulheres,22 a 60,3828.0
2025,Junho,Tete,Zumbo,Homens,Mais de 60,202.0
2025,Junho,Tete,Zumbo,Mulheres,Mais de 60,232.0
2025,Junho,Tete,Zumbo,Outros,N/A,1.0
2025,Julho,Tete,Zumbo,Homens,0 a 16,1.0
2025,Julho,Tete,Zumbo,Mulheres,0 a 16,1.0
2025,Julho,Tete,Zumbo,Homens,17 a 21,566.0
2025,Julho,Tete,Zumbo,Mulheres,17 a 21,729.0
2025,Julho,Tete,Zumbo,Homens,22 a 60,4977.0
2025,Julho,Tete,Zumbo,Mulheres,22 a 60,4106.0
2025,Julho,Tete,Zumbo,Homens,Mais de 60,222.0
2025,Julho,Tete,Zumbo,Mulheres,Mais de 60,254.0
2025,Julho,Tete,Zumbo,Outros,N/A,1.0
2025,Agosto,Tete,Zumbo,Homens,0 a 16,1.0
2025,Agosto,Tete,Zumbo,Mulheres,0 a 16,0.0
2025,Agosto,Tete,Zumbo,Homens,17 a 21,619.0
2025,Agosto,Tete,Zumbo,Mulheres,17 a 21,775.0
2025,Agosto,Tete,Zumbo,Homens,22 a 60,5342.0
2025,Agosto,Tete,Zumbo,Mulheres,22 a 60,4377.0
2025,Agosto,Tete,Zumbo,Homens,Mais de 60,235.0
2025,Agosto,Tete,Zumbo,Mulheres,Mais de 60,277.0
2025,Agosto,Tete,Zumbo,Outros,N/A,1.0
2025,Setembro,Tete,Zumbo,Homens,0 a 16,1.0
2025,Setembro,Tete,Zumbo,Mulheres,0 a 16,0.0
2025,Setembro,Tete,Zumbo,Homens,17 a 21,644.0
2025,Setembro,Tete,Zumbo,Mulheres,17 a 21,839.0
2025,Setembro,Tete,Zumbo,Homens,22 a 60,5783.0
2025,Setembro,Tete,Zumbo,Mulheres,22 a 60,4701.0
2025,Setembro,Tete,Zumbo,Homens,Mais de 60,253.0
2025,Setembro,Tete,Zumbo,Mulheres,Mais de 60,298.0
2025,Setembro,Tete,Zumbo,Outros,N/A,1.0
2025,Outubro,Tete,Zumbo,Homens,0 a 16,1.0
2025,Outubro,Tete,Zumbo,Mulheres,0 a 16,0.0
2025,Outubro,Tete,Zumbo,Homens,17 a 21,682.0
2025,Outubro,Tete,Zumbo,Mulheres,17 a 21,921.0
2025,Outubro,Tete,Zumbo,Homens,22 a 60,6146.0
2025,Outubro,Tete,Zumbo,Mulheres,22 a 60,5060.0
2025,Outubro,Tete,Zumbo,Homens,Mais de 60,273.0
2025,Outubro,Tete,Zumbo,Mulheres,Mais de 60,329.0
2025,Outubro,Tete,Zumbo,Outros,N/A,1.0
2025,Novembro,Tete,Zumbo,Homens,0 a 16,1.0
2025,Novembro,Tete,Zumbo,Mulheres,0 a 16,0.0
2025,Novembro,Tete,Zumbo,Homens,17 a 21,721.0
2025,Novembro,Tete,Zumbo,Mulheres,17 a 21,903.0
2025,Novembro,Tete,Zumbo,Homens,22 a 60,6447.0
2025,Novembro,Tete,Zumbo,Mulheres,22 a 60,5538.0
2025,Novembro,Tete,Zumbo,Homens,Mais de 60,287.0
2025,Novembro,Tete,Zumbo,Mulheres,Mais de 60,325.0
2025,Novembro,Tete,Zumbo,Outros,N/A,0.0
2025,Dezembro,Tete,Zumbo,Homens,0 a 16,0.0
2025,Dezembro,Tete,Zumbo,Mulheres,0 a 16,0.0
2025,Dezembro,Tete,Zumbo,Homens,17 a 21,707.0
2025,Dezembro,Tete,Zumbo,Mulheres,17 a 21,886.0
2025,Dezembro,Tete,Zumbo,Homens,22 a 60,6412.0
2025,Dezembro,Tete,Zumbo,Mulheres,22 a 60,5378.0
2025,Dezembro,Tete,Zumbo,Homens,Mais de 60,267.0
2025,Dezembro,Tete,Zumbo,Mulheres,Mais de 60,331.0
2025,Dezembro,Tete,Zumbo,Outros,N/A,0.0
2025,Janeiro,Tete,Doa,Homens,0 a 16,9.0
2025,Janeiro,Tete,Doa,Mulheres,0 a 16,4.0
2025,Janeiro,Tete,Doa,Homens,17 a 21,1771.0
2025,Janeiro,Tete,Doa,Mulheres,17 a 21,1577.0
2025,Janeiro,Tete,Doa,Homens,22 a 60,10810.0
2025,Janeiro,Tete,Doa,Mulheres,22 a 60,8071.0
2025,Janeiro,Tete,Doa,Homens,Mais de 60,654.0
2025,Janeiro,Tete,Doa,Mulheres,Mais de 60,707.0
2025,Janeiro,Tete,Doa,Outros,N/A,7.0
2025,Fevereiro,Tete,Doa,Homens,0 a 16,10.0
2025,Fevereiro,Tete,Doa,Mulheres,0 a 16,4.0
2025,Fevereiro,Tete,Doa,Homens,17 a 21,1796.0
2025,Fevereiro,Tete,Doa,Mulheres,17 a 21,1634.0
2025,Fevereiro,Tete,Doa,Homens,22 a 60,10665.0
2025,Fevereiro,Tete,Doa,Mulheres,22 a 60,7932.0
2025,Fevereiro,Tete,Doa,Homens,Mais de 60,653.0
2025,Fevereiro,Tete,Doa,Mulheres,Mais de 60,674.0
2025,Fevereiro,Tete,Doa,Outros,N/A,5.0
2025,Março,Tete,Doa,Homens,0 a 16,11.0
2025,Março,Tete,Doa,Mulheres,0 a 16,3.0
2025,Março,Tete,Doa,Homens,17 a 21,1782.0
2025,Março,Tete,Doa,Mulheres,17 a 21,1586.0
2025,Março,Tete,Doa,Homens,22 a 60,10703.0
2025,Março,Tete,Doa,Mulheres,22 a 60,8048.0
2025,Março,Tete,Doa,Homens,Mais de 60,646.0
2025,Março,Tete,Doa,Mulheres,Mais de 60,648.0
2025,Março,Tete,Doa,Outros,N/A,4.0
2025,Abril,Tete,Doa,Homens,0 a 16,12.0
2025,Abril,Tete,Doa,Mulheres,0 a 16,9.0
2025,Abril,Tete,Doa,Homens,17 a 21,1810.0
2025,Abril,Tete,Doa,Mulheres,17 a 21,1650.0
2025,Abril,Tete,Doa,Homens,22 a 60,11154.0
2025,Abril,Tete,Doa,Mulheres,22 a 60,8435.0
2025,Abril,Tete,Doa,Homens,Mais de 60,664.0
2025,Abril,Tete,Doa,Mulheres,Mais de 60,717.0
2025,Abril,Tete,Doa,Outros,N/A,3.0
2025,Maio,Tete,Doa,Homens,0 a 16,9.0
2025,Maio,Tete,Doa,Mulheres,0 a 16,3.0
2025,Maio,Tete,Doa,Homens,17 a 21,1869.0
2025,Maio,Tete,Doa,Mulheres,17 a 21,1777.0
2025,Maio,Tete,Doa,Homens,22 a 60,11680.0
2025,Maio,Tete,Doa,Mulheres,22 a 60,8956.0
2025,Maio,Tete,Doa,Homens,Mais de 60,683.0
2025,Maio,Tete,Doa,Mulheres,Mais de 60,771.0
2025,Maio,Tete,Doa,Outros,N/A,2.0
2025,Junho,Tete,Doa,Homens,0 a 16,14.0
2025,Junho,Tete,Doa,Mulheres,0 a 16,6.0
2025,Junho,Tete,Doa,Homens,17 a 21,2060.0
2025,Junho,Tete,Doa,Mulheres,17 a 21,1890.0
2025,Junho,Tete,Doa,Homens,22 a 60,12493.0
2025,Junho,Tete,Doa,Mulheres,22 a 60,9479.0
2025,Junho,Tete,Doa,Homens,Mais de 60,701.0
2025,Junho,Tete,Doa,Mulheres,Mais de 60,825.0
2025,Junho,Tete,Doa,Outros,N/A,2.0
2025,Julho,Tete,Doa,Homens,0 a 16,15.0
2025,Julho,Tete,Doa,Mulheres,0 a 16,10.0
2025,Julho,Tete,Doa,Homens,17 a 21,2125.0
2025,Julho,Tete,Doa,Mulheres,17 a 21,1968.0
2025,Julho,Tete,Doa,Homens,22 a 60,13180.0
2025,Julho,Tete,Doa,Mulheres,22 a 60,9973.0
2025,Julho,Tete,Doa,Homens,Mais de 60,730.0
2025,Julho,Tete,Doa,Mulheres,Mais de 60,847.0
2025,Julho,Tete,Doa,Outros,N/A,6.0
2025,Agosto,Tete,Doa,Homens,0 a 16,11.0
2025,Agosto,Tete,Doa,Mulheres,0 a 16,9.0
2025,Agosto,Tete,Doa,Homens,17 a 21,2225.0
2025,Agosto,Tete,Doa,Mulheres,17 a 21,1989.0
2025,Agosto,Tete,Doa,Homens,22 a 60,13754.0
2025,Agosto,Tete,Doa,Mulheres,22 a 60,10327.0
2025,Agosto,Tete,Doa,Homens,Mais de 60,775.0
2025,Agosto,Tete,Doa,Mulheres,Mais de 60,867.0
2025,Agosto,Tete,Doa,Outros,N/A,4.0
2025,Setembro,Tete,Doa,Homens,0 a 16,10.0
2025,Setembro,Tete,Doa,Mulheres,0 a 16,12.0
2025,Setembro,Tete,Doa,Homens,17 a 21,2375.0
2025,Setembro,Tete,Doa,Mulheres,17 a 21,2129.0
2025,Setembro,Tete,Doa,Homens,22 a 60,14941.0
2025,Setembro,Tete,Doa,Mulheres,22 a 60,11096.0
2025,Setembro,Tete,Doa,Homens,Mais de 60,858.0
2025,Setembro,Tete,Doa,Mulheres,Mais de 60,900.0
2025,Setembro,Tete,Doa,Outros,N/A,3.0
2025,Outubro,Tete,Doa,Homens,0 a 16,13.0
2025,Outubro,Tete,Doa,Mulheres,0 a 16,12.0
2025,Outubro,Tete,Doa,Homens,17 a 21,2461.0
2025,Outubro,Tete,Doa,Mulheres,17 a 21,2292.0
2025,Outubro,Tete,Doa,Homens,22 a 60,15678.0
2025,Outubro,Tete,Doa,Mulheres,22 a 60,11945.0
2025,Outubro,Tete,Doa,Homens,Mais de 60,871.0
2025,Outubro,Tete,Doa,Mulheres,Mais de 60,919.0
2025,Outubro,Tete,Doa,Outros,N/A,4.0
2025,Novembro,Tete,Doa,Homens,0 a 16,24.0
2025,Novembro,Tete,Doa,Mulheres,0 a 16,14.0
2025,Novembro,Tete,Doa,Homens,17 a 21,2500.0
2025,Novembro,Tete,Doa,Mulheres,17 a 21,2289.0
2025,Novembro,Tete,Doa,Homens,22 a 60,15247.0
2025,Novembro,Tete,Doa,Mulheres,22 a 60,12063.0
2025,Novembro,Tete,Doa,Homens,Mais de 60,838.0
2025,Novembro,Tete,Doa,Mulheres,Mais de 60,902.0
2025,Novembro,Tete,Doa,Outros,N/A,1.0
2025,Dezembro,Tete,Doa,Homens,0 a 16,27.0
2025,Dezembro,Tete,Doa,Mulheres,0 a 16,11.0
2025,Dezembro,Tete,Doa,Homens,17 a 21,2482.0
2025,Dezembro,Tete,Doa,Mulheres,17 a 21,2237.0
2025,Dezembro,Tete,Doa,Homens,22 a 60,15357.0
2025,Dezembro,Tete,Doa,Mulheres,22 a 60,11898.0
2025,Dezembro,Tete,Doa,Homens,Mais de 60,855.0
2025,Dezembro,Tete,Doa,Mulheres,Mais de 60,904.0
2025,Dezembro,Tete,Doa,Outros,N/A,1.0
2025,Janeiro,Tete,Marara,Homens,0 a 16,50.0
2025,Janeiro,Tete,Marara,Mulheres,0 a 16,35.0
2025,Janeiro,Tete,Marara,Homens,17 a 21,4137.0
2025,Janeiro,Tete,Marara,Mulheres,17 a 21,2634.0
2025,Janeiro,Tete,Marara,Homens,22 a 60,23013.0
2025,Janeiro,Tete,Marara,Mulheres,22 a 60,13370.0
2025,Janeiro,Tete,Marara,Homens,Mais de 60,1291.0
2025,Janeiro,Tete,Marara,Mulheres,Mais de 60,1113.0
2025,Janeiro,Tete,Marara,Outros,N/A,131.0
2025,Fevereiro,Tete,Marara,Homens,0 a 16,68.0
2025,Fevereiro,Tete,Marara,Mulheres,0 a 16,47.0
2025,Fevereiro,Tete,Marara,Homens,17 a 21,4178.0
2025,Fevereiro,Tete,Marara,Mulheres,17 a 21,2749.0
2025,Fevereiro,Tete,Marara,Homens,22 a 60,23443.0
2025,Fevereiro,Tete,Marara,Mulheres,22 a 60,13825.0
2025,Fevereiro,Tete,Marara,Homens,Mais de 60,1296.0
2025,Fevereiro,Tete,Marara,Mulheres,Mais de 60,1121.0
2025,Fevereiro,Tete,Marara,Outros,N/A,124.0
2025,Março,Tete,Marara,Homens,0 a 16,52.0
2025,Março,Tete,Marara,Mulheres,0 a 16,45.0
2025,Março,Tete,Marara,Homens,17 a 21,4267.0
2025,Março,Tete,Marara,Mulheres,17 a 21,2858.0
2025,Março,Tete,Marara,Homens,22 a 60,23998.0
2025,Março,Tete,Marara,Mulheres,22 a 60,14317.0
2025,Março,Tete,Marara,Homens,Mais de 60,1283.0
2025,Março,Tete,Marara,Mulheres,Mais de 60,1188.0
2025,Março,Tete,Marara,Outros,N/A,131.0
2025,Abril,Tete,Marara,Homens,0 a 16,60.0
2025,Abril,Tete,Marara,Mulheres,0 a 16,56.0
2025,Abril,Tete,Marara,Homens,17 a 21,4579.0
2025,Abril,Tete,Marara,Mulheres,17 a 21,3071.0
2025,Abril,Tete,Marara,Homens,22 a 60,25254.0
2025,Abril,Tete,Marara,Mulheres,22 a 60,15534.0
2025,Abril,Tete,Marara,Homens,Mais de 60,1381.0
2025,Abril,Tete,Marara,Mulheres,Mais de 60,1253.0
2025,Abril,Tete,Marara,Outros,N/A,129.0
2025,Maio,Tete,Marara,Homens,0 a 16,67.0
2025,Maio,Tete,Marara,Mulheres,0 a 16,61.0
2025,Maio,Tete,Marara,Homens,17 a 21,4318.0
2025,Maio,Tete,Marara,Mulheres,17 a 21,2871.0
2025,Maio,Tete,Marara,Homens,22 a 60,24497.0
2025,Maio,Tete,Marara,Mulheres,22 a 60,14926.0
2025,Maio,Tete,Marara,Homens,Mais de 60,1377.0
2025,Maio,Tete,Marara,Mulheres,Mais de 60,1215.0
2025,Maio,Tete,Marara,Outros,N/A,121.0
2025,Junho,Tete,Marara,Homens,0 a 16,62.0
2025,Junho,Tete,Marara,Mulheres,0 a 16,46.0
2025,Junho,Tete,Marara,Homens,17 a 21,3915.0
2025,Junho,Tete,Marara,Mulheres,17 a 21,2500.0
2025,Junho,Tete,Marara,Homens,22 a 60,22247.0
2025,Junho,Tete,Marara,Mulheres,22 a 60,13196.0
2025,Junho,Tete,Marara,Homens,Mais de 60,1251.0
2025,Junho,Tete,Marara,Mulheres,Mais de 60,1070.0
2025,Junho,Tete,Marara,Outros,N/A,105.0
2025,Julho,Tete,Marara,Homens,0 a 16,71.0
2025,Julho,Tete,Marara,Mulheres,0 a 16,44.0
2025,Julho,Tete,Marara,Homens,17 a 21,3857.0
2025,Julho,Tete,Marara,Mulheres,17 a 21,2423.0
2025,Julho,Tete,Marara,Homens,22 a 60,21799.0
2025,Julho,Tete,Marara,Mulheres,22 a 60,12825.0
2025,Julho,Tete,Marara,Homens,Mais de 60,1222.0
2025,Julho,Tete,Marara,Mulheres,Mais de 60,1018.0
2025,Julho,Tete,Marara,Outros,N/A,117.0
2025,Agosto,Tete,Marara,Homens,0 a 16,62.0
2025,Agosto,Tete,Marara,Mulheres,0 a 16,39.0
2025,Agosto,Tete,Marara,Homens,17 a 21,3915.0
2025,Agosto,Tete,Marara,Mulheres,17 a 21,2480.0
2025,Agosto,Tete,Marara,Homens,22 a 60,22193.0
2025,Agosto,Tete,Marara,Mulheres,22 a 60,13109.0
2025,Agosto,Tete,Marara,Homens,Mais de 60,1268.0
2025,Agosto,Tete,Marara,Mulheres,Mais de 60,1048.0
2025,Agosto,Tete,Marara,Outros,N/A,117.0
2025,Setembro,Tete,Marara,Homens,0 a 16,58.0
2025,Setembro,Tete,Marara,Mulheres,0 a 16,38.0
2025,Setembro,Tete,Marara,Homens,17 a 21,4136.0
2025,Setembro,Tete,Marara,Mulheres,17 a 21,2598.0
2025,Setembro,Tete,Marara,Homens,22 a 60,23103.0
2025,Setembro,Tete,Marara,Mulheres,22 a 60,13599.0
2025,Setembro,Tete,Marara,Homens,Mais de 60,1332.0
2025,Setembro,Tete,Marara,Mulheres,Mais de 60,1071.0
2025,Setembro,Tete,Marara,Outros,N/A,118.0
2025,Outubro,Tete,Marara,Homens,0 a 16,58.0
2025,Outubro,Tete,Marara,Mulheres,0 a 16,49.0
2025,Outubro,Tete,Marara,Homens,17 a 21,4377.0
2025,Outubro,Tete,Marara,Mulheres,17 a 21,2831.0
2025,Outubro,Tete,Marara,Homens,22 a 60,25342.0
2025,Outubro,Tete,Marara,Mulheres,22 a 60,14864.0
2025,Outubro,Tete,Marara,Homens,Mais de 60,1457.0
2025,Outubro,Tete,Marara,Mulheres,Mais de 60,1134.0
2025,Outubro,Tete,Marara,Outros,N/A,129.0
2025,Novembro,Tete,Marara,Homens,0 a 16,59.0
2025,Novembro,Tete,Marara,Mulheres,0 a 16,59.0
2025,Novembro,Tete,Marara,Homens,17 a 21,4625.0
2025,Novembro,Tete,Marara,Mulheres,17 a 21,3012.0
2025,Novembro,Tete,Marara,Homens,22 a 60,25258.0
2025,Novembro,Tete,Marara,Mulheres,22 a 60,16334.0
2025,Novembro,Tete,Marara,Homens,Mais de 60,1501.0
2025,Novembro,Tete,Marara,Mulheres,Mais de 60,1238.0
2025,Novembro,Tete,Marara,Outros,N/A,114.0
2025,Dezembro,Tete,Marara,Homens,0 a 16,68.0
2025,Dezembro,Tete,Marara,Mulheres,0 a 16,64.0
2025,Dezembro,Tete,Marara,Homens,17 a 21,4916.0
2025,Dezembro,Tete,Marara,Mulheres,17 a 21,3147.0
2025,Dezembro,Tete,Marara,Homens,22 a 60,27610.0
2025,Dezembro,Tete,Marara,Mulheres,22 a 60,16572.0
2025,Dezembro,Tete,Marara,Homens,Mais de 60,1596.0
2025,Dezembro,Tete,Marara,Mulheres,Mais de 60,1266.0
2025,Dezembro,Tete,Marara,Outros,N/A,112.0
2025,Janeiro,Zambézia,Cidade de Quelimane,Homens,0 a 16,479.0
2025,Janeiro,Zambézia,Cidade de Quelimane,Mulheres,0 a 16,335.0
2025,Janeiro,Zambézia,Cidade de Quelimane,Homens,17 a 21,40835.0
2025,Janeiro,Zambézia,Cidade de Quelimane,Mulheres,17 a 21,34184.0
2025,Janeiro,Zambézia,Cidade de Quelimane,Homens,22 a 60,172850.0
2025,Janeiro,Zambézia,Cidade de Quelimane,Mulheres,22 a 60,154211.0
2025,Janeiro,Zambézia,Cidade de Quelimane,Homens,Mais de 60,10063.0
2025,Janeiro,Zambézia,Cidade de Quelimane,Mulheres,Mais de 60,9746.0
2025,Janeiro,Zambézia,Cidade de Quelimane,Outros,N/A,240.0
2025,Fevereiro,Zambézia,Cidade de Quelimane,Homens,0 a 16,522.0
2025,Fevereiro,Zambézia,Cidade de Quelimane,Mulheres,0 a 16,349.0
2025,Fevereiro,Zambézia,Cidade de Quelimane,Homens,17 a 21,41459.0
2025,Fevereiro,Zambézia,Cidade de Quelimane,Mulheres,17 a 21,34842.0
2025,Fevereiro,Zambézia,Cidade de Quelimane,Homens,22 a 60,173502.0
2025,Fevereiro,Zambézia,Cidade de Quelimane,Mulheres,22 a 60,155821.0
2025,Fevereiro,Zambézia,Cidade de Quelimane,Homens,Mais de 60,10114.0
2025,Fevereiro,Zambézia,Cidade de Quelimane,Mulheres,Mais de 60,9825.0
2025,Fevereiro,Zambézia,Cidade de Quelimane,Outros,N/A,233.0
2025,Março,Zambézia,Cidade de Quelimane,Homens,0 a 16,567.0
2025,Março,Zambézia,Cidade de Quelimane,Mulheres,0 a 16,387.0
2025,Março,Zambézia,Cidade de Quelimane,Homens,17 a 21,43550.0
2025,Março,Zambézia,Cidade de Quelimane,Mulheres,17 a 21,36635.0
2025,Março,Zambézia,Cidade de Quelimane,Homens,22 a 60,182178.0
2025,Março,Zambézia,Cidade de Quelimane,Mulheres,22 a 60,163405.0
2025,Março,Zambézia,Cidade de Quelimane,Homens,Mais de 60,10810.0
2025,Março,Zambézia,Cidade de Quelimane,Mulheres,Mais de 60,10596.0
2025,Março,Zambézia,Cidade de Quelimane,Outros,N/A,237.0
2025,Abril,Zambézia,Cidade de Quelimane,Homens,0 a 16,617.0
2025,Abril,Zambézia,Cidade de Quelimane,Mulheres,0 a 16,438.0
2025,Abril,Zambézia,Cidade de Quelimane,Homens,17 a 21,43996.0
2025,Abril,Zambézia,Cidade de Quelimane,Mulheres,17 a 21,37350.0
2025,Abril,Zambézia,Cidade de Quelimane,Homens,22 a 60,186626.0
2025,Abril,Zambézia,Cidade de Quelimane,Mulheres,22 a 60,167236.0
2025,Abril,Zambézia,Cidade de Quelimane,Homens,Mais de 60,11114.0
2025,Abril,Zambézia,Cidade de Quelimane,Mulheres,Mais de 60,10802.0
2025,Abril,Zambézia,Cidade de Quelimane,Outros,N/A,231.0
2025,Maio,Zambézia,Cidade de Quelimane,Homens,0 a 16,590.0
2025,Maio,Zambézia,Cidade de Quelimane,Mulheres,0 a 16,399.0
2025,Maio,Zambézia,Cidade de Quelimane,Homens,17 a 21,43486.0
2025,Maio,Zambézia,Cidade de Quelimane,Mulheres,17 a 21,37192.0
2025,Maio,Zambézia,Cidade de Quelimane,Homens,22 a 60,185866.0
2025,Maio,Zambézia,Cidade de Quelimane,Mulheres,22 a 60,166031.0
2025,Maio,Zambézia,Cidade de Quelimane,Homens,Mais de 60,11058.0
2025,Maio,Zambézia,Cidade de Quelimane,Mulheres,Mais de 60,10844.0
2025,Maio,Zambézia,Cidade de Quelimane,Outros,N/A,220.0
2025,Junho,Zambézia,Cidade de Quelimane,Homens,0 a 16,522.0
2025,Junho,Zambézia,Cidade de Quelimane,Mulheres,0 a 16,369.0
2025,Junho,Zambézia,Cidade de Quelimane,Homens,17 a 21,44566.0
2025,Junho,Zambézia,Cidade de Quelimane,Mulheres,17 a 21,37529.0
2025,Junho,Zambézia,Cidade de Quelimane,Homens,22 a 60,189924.0
2025,Junho,Zambézia,Cidade de Quelimane,Mulheres,22 a 60,169058.0
2025,Junho,Zambézia,Cidade de Quelimane,Homens,Mais de 60,11353.0
2025,Junho,Zambézia,Cidade de Quelimane,Mulheres,Mais de 60,11060.0
2025,Junho,Zambézia,Cidade de Quelimane,Outros,N/A,240.0
2025,Julho,Zambézia,Cidade de Quelimane,Homens,0 a 16,507.0
2025,Julho,Zambézia,Cidade de Quelimane,Mulheres,0 a 16,339.0
2025,Julho,Zambézia,Cidade de Quelimane,Homens,17 a 21,43707.0
2025,Julho,Zambézia,Cidade de Quelimane,Mulheres,17 a 21,37059.0
2025,Julho,Zambézia,Cidade de Quelimane,Homens,22 a 60,188637.0
2025,Julho,Zambézia,Cidade de Quelimane,Mulheres,22 a 60,167758.0
2025,Julho,Zambézia,Cidade de Quelimane,Homens,Mais de 60,11255.0
2025,Julho,Zambézia,Cidade de Quelimane,Mulheres,Mais de 60,11099.0
2025,Julho,Zambézia,Cidade de Quelimane,Outros,N/A,268.0
2025,Agosto,Zambézia,Cidade de Quelimane,Homens,0 a 16,496.0
2025,Agosto,Zambézia,Cidade de Quelimane,Mulheres,0 a 16,332.0
2025,Agosto,Zambézia,Cidade de Quelimane,Homens,17 a 21,45694.0
2025,Agosto,Zambézia,Cidade de Quelimane,Mulheres,17 a 21,37951.0
2025,Agosto,Zambézia,Cidade de Quelimane,Homens,22 a 60,196412.0
2025,Agosto,Zambézia,Cidade de Quelimane,Mulheres,22 a 60,173513.0
2025,Agosto,Zambézia,Cidade de Quelimane,Homens,Mais de 60,11787.0
2025,Agosto,Zambézia,Cidade de Quelimane,Mulheres,Mais de 60,11536.0
2025,Agosto,Zambézia,Cidade de Quelimane,Outros,N/A,251.0
2025,Setembro,Zambézia,Cidade de Quelimane,Homens,0 a 16,476.0
2025,Setembro,Zambézia,Cidade de Quelimane,Mulheres,0 a 16,308.0
2025,Setembro,Zambézia,Cidade de Quelimane,Homens,17 a 21,46607.0
2025,Setembro,Zambézia,Cidade de Quelimane,Mulheres,17 a 21,38751.0
2025,Setembro,Zambézia,Cidade de Quelimane,Homens,22 a 60,200975.0
2025,Setembro,Zambézia,Cidade de Quelimane,Mulheres,22 a 60,178434.0
2025,Setembro,Zambézia,Cidade de Quelimane,Homens,Mais de 60,12276.0
2025,Setembro,Zambézia,Cidade de Quelimane,Mulheres,Mais de 60,12043.0
2025,Setembro,Zambézia,Cidade de Quelimane,Outros,N/A,244.0
2025,Outubro,Zambézia,Cidade de Quelimane,Homens,0 a 16,489.0
2025,Outubro,Zambézia,Cidade de Quelimane,Mulheres,0 a 16,307.0
2025,Outubro,Zambézia,Cidade de Quelimane,Homens,17 a 21,48223.0
2025,Outubro,Zambézia,Cidade de Quelimane,Mulheres,17 a 21,39973.0
2025,Outubro,Zambézia,Cidade de Quelimane,Homens,22 a 60,208480.0
2025,Outubro,Zambézia,Cidade de Quelimane,Mulheres,22 a 60,185395.0
2025,Outubro,Zambézia,Cidade de Quelimane,Homens,Mais de 60,12853.0
2025,Outubro,Zambézia,Cidade de Quelimane,Mulheres,Mais de 60,12543.0
2025,Outubro,Zambézia,Cidade de Quelimane,Outros,N/A,243.0
2025,Novembro,Zambézia,Cidade de Quelimane,Homens,0 a 16,478.0
2025,Novembro,Zambézia,Cidade de Quelimane,Mulheres,0 a 16,333.0
2025,Novembro,Zambézia,Cidade de Quelimane,Homens,17 a 21,49368.0
2025,Novembro,Zambézia,Cidade de Quelimane,Mulheres,17 a 21,41210.0
2025,Novembro,Zambézia,Cidade de Quelimane,Homens,22 a 60,208516.0
2025,Novembro,Zambézia,Cidade de Quelimane,Mulheres,22 a 60,197063.0
2025,Novembro,Zambézia,Cidade de Quelimane,Homens,Mais de 60,12961.0
2025,Novembro,Zambézia,Cidade de Quelimane,Mulheres,Mais de 60,13319.0
2025,Novembro,Zambézia,Cidade de Quelimane,Outros,N/A,55.0
2025,Dezembro,Zambézia,Cidade de Quelimane,Homens,0 a 16,532.0
2025,Dezembro,Zambézia,Cidade de Quelimane,Mulheres,0 a 16,355.0
2025,Dezembro,Zambézia,Cidade de Quelimane,Homens,17 a 21,50643.0
2025,Dezembro,Zambézia,Cidade de Quelimane,Mulheres,17 a 21,42221.0
2025,Dezembro,Zambézia,Cidade de Quelimane,Homens,22 a 60,219341.0
2025,Dezembro,Zambézia,Cidade de Quelimane,Mulheres,22 a 60,196722.0
2025,Dezembro,Zambézia,Cidade de Quelimane,Homens,Mais de 60,13610.0
2025,Dezembro,Zambézia,Cidade de Quelimane,Mulheres,Mais de 60,13490.0
2025,Dezembro,Zambézia,Cidade de Quelimane,Outros,N/A,63.0
2025,Janeiro,Zambézia,Alto Molócuè,Homens,0 a 16,136.0
2025,Janeiro,Zambézia,Alto Molócuè,Mulheres,0 a 16,115.0
2025,Janeiro,Zambézia,Alto Molócuè,Homens,17 a 21,16323.0
2025,Janeiro,Zambézia,Alto Molócuè,Mulheres,17 a 21,12761.0
2025,Janeiro,Zambézia,Alto Molócuè,Homens,22 a 60,81987.0
2025,Janeiro,Zambézia,Alto Molócuè,Mulheres,22 a 60,58274.0
2025,Janeiro,Zambézia,Alto Molócuè,Homens,Mais de 60,3673.0
2025,Janeiro,Zambézia,Alto Molócuè,Mulheres,Mais de 60,3107.0
2025,Janeiro,Zambézia,Alto Molócuè,Outros,N/A,25.0
2025,Fevereiro,Zambézia,Alto Molócuè,Homens,0 a 16,170.0
2025,Fevereiro,Zambézia,Alto Molócuè,Mulheres,0 a 16,131.0
2025,Fevereiro,Zambézia,Alto Molócuè,Homens,17 a 21,16661.0
2025,Fevereiro,Zambézia,Alto Molócuè,Mulheres,17 a 21,12961.0
2025,Fevereiro,Zambézia,Alto Molócuè,Homens,22 a 60,82951.0
2025,Fevereiro,Zambézia,Alto Molócuè,Mulheres,22 a 60,59306.0
2025,Fevereiro,Zambézia,Alto Molócuè,Homens,Mais de 60,3681.0
2025,Fevereiro,Zambézia,Alto Molócuè,Mulheres,Mais de 60,3191.0
2025,Fevereiro,Zambézia,Alto Molócuè,Outros,N/A,23.0
2025,Março,Zambézia,Alto Molócuè,Homens,0 a 16,155.0
2025,Março,Zambézia,Alto Molócuè,Mulheres,0 a 16,120.0
2025,Março,Zambézia,Alto Molócuè,Homens,17 a 21,16612.0
2025,Março,Zambézia,Alto Molócuè,Mulheres,17 a 21,13098.0
2025,Março,Zambézia,Alto Molócuè,Homens,22 a 60,84338.0
2025,Março,Zambézia,Alto Molócuè,Mulheres,22 a 60,60657.0
2025,Março,Zambézia,Alto Molócuè,Homens,Mais de 60,3801.0
2025,Março,Zambézia,Alto Molócuè,Mulheres,Mais de 60,3296.0
2025,Março,Zambézia,Alto Molócuè,Outros,N/A,19.0
2025,Abril,Zambézia,Alto Molócuè,Homens,0 a 16,156.0
2025,Abril,Zambézia,Alto Molócuè,Mulheres,0 a 16,117.0
2025,Abril,Zambézia,Alto Molócuè,Homens,17 a 21,16268.0
2025,Abril,Zambézia,Alto Molócuè,Mulheres,17 a 21,13079.0
2025,Abril,Zambézia,Alto Molócuè,Homens,22 a 60,84647.0
2025,Abril,Zambézia,Alto Molócuè,Mulheres,22 a 60,61595.0
2025,Abril,Zambézia,Alto Molócuè,Homens,Mais de 60,3870.0
2025,Abril,Zambézia,Alto Molócuè,Mulheres,Mais de 60,3370.0
2025,Abril,Zambézia,Alto Molócuè,Outros,N/A,23.0
2025,Maio,Zambézia,Alto Molócuè,Homens,0 a 16,159.0
2025,Maio,Zambézia,Alto Molócuè,Mulheres,0 a 16,129.0
2025,Maio,Zambézia,Alto Molócuè,Homens,17 a 21,16895.0
2025,Maio,Zambézia,Alto Molócuè,Mulheres,17 a 21,13715.0
2025,Maio,Zambézia,Alto Molócuè,Homens,22 a 60,89316.0
2025,Maio,Zambézia,Alto Molócuè,Mulheres,22 a 60,65746.0
2025,Maio,Zambézia,Alto Molócuè,Homens,Mais de 60,4025.0
2025,Maio,Zambézia,Alto Molócuè,Mulheres,Mais de 60,3646.0
2025,Maio,Zambézia,Alto Molócuè,Outros,N/A,27.0
2025,Junho,Zambézia,Alto Molócuè,Homens,0 a 16,185.0
2025,Junho,Zambézia,Alto Molócuè,Mulheres,0 a 16,140.0
2025,Junho,Zambézia,Alto Molócuè,Homens,17 a 21,18366.0
2025,Junho,Zambézia,Alto Molócuè,Mulheres,17 a 21,14532.0
2025,Junho,Zambézia,Alto Molócuè,Homens,22 a 60,96467.0
2025,Junho,Zambézia,Alto Molócuè,Mulheres,22 a 60,70241.0
2025,Junho,Zambézia,Alto Molócuè,Homens,Mais de 60,4335.0
2025,Junho,Zambézia,Alto Molócuè,Mulheres,Mais de 60,3854.0
2025,Junho,Zambézia,Alto Molócuè,Outros,N/A,27.0
2025,Julho,Zambézia,Alto Molócuè,Homens,0 a 16,193.0
2025,Julho,Zambézia,Alto Molócuè,Mulheres,0 a 16,122.0
2025,Julho,Zambézia,Alto Molócuè,Homens,17 a 21,18303.0
2025,Julho,Zambézia,Alto Molócuè,Mulheres,17 a 21,14650.0
2025,Julho,Zambézia,Alto Molócuè,Homens,22 a 60,96747.0
2025,Julho,Zambézia,Alto Molócuè,Mulheres,22 a 60,71197.0
2025,Julho,Zambézia,Alto Molócuè,Homens,Mais de 60,4415.0
2025,Julho,Zambézia,Alto Molócuè,Mulheres,Mais de 60,3929.0
2025,Julho,Zambézia,Alto Molócuè,Outros,N/A,41.0
2025,Agosto,Zambézia,Alto Molócuè,Homens,0 a 16,207.0
2025,Agosto,Zambézia,Alto Molócuè,Mulheres,0 a 16,133.0
2025,Agosto,Zambézia,Alto Molócuè,Homens,17 a 21,19285.0
2025,Agosto,Zambézia,Alto Molócuè,Mulheres,17 a 21,15548.0
2025,Agosto,Zambézia,Alto Molócuè,Homens,22 a 60,101752.0
2025,Agosto,Zambézia,Alto Molócuè,Mulheres,22 a 60,75681.0
2025,Agosto,Zambézia,Alto Molócuè,Homens,Mais de 60,4702.0
2025,Agosto,Zambézia,Alto Molócuè,Mulheres,Mais de 60,4145.0
2025,Agosto,Zambézia,Alto Molócuè,Outros,N/A,32.0
2025,Setembro,Zambézia,Alto Molócuè,Homens,0 a 16,214.0
2025,Setembro,Zambézia,Alto Molócuè,Mulheres,0 a 16,110.0
2025,Setembro,Zambézia,Alto Molócuè,Homens,17 a 21,19734.0
2025,Setembro,Zambézia,Alto Molócuè,Mulheres,17 a 21,16081.0
2025,Setembro,Zambézia,Alto Molócuè,Homens,22 a 60,105590.0
2025,Setembro,Zambézia,Alto Molócuè,Mulheres,22 a 60,79694.0
2025,Setembro,Zambézia,Alto Molócuè,Homens,Mais de 60,4820.0
2025,Setembro,Zambézia,Alto Molócuè,Mulheres,Mais de 60,4372.0
2025,Setembro,Zambézia,Alto Molócuè,Outros,N/A,30.0
2025,Outubro,Zambézia,Alto Molócuè,Homens,0 a 16,199.0
2025,Outubro,Zambézia,Alto Molócuè,Mulheres,0 a 16,100.0
2025,Outubro,Zambézia,Alto Molócuè,Homens,17 a 21,18786.0
2025,Outubro,Zambézia,Alto Molócuè,Mulheres,17 a 21,15782.0
2025,Outubro,Zambézia,Alto Molócuè,Homens,22 a 60,106212.0
2025,Outubro,Zambézia,Alto Molócuè,Mulheres,22 a 60,79241.0
2025,Outubro,Zambézia,Alto Molócuè,Homens,Mais de 60,4691.0
2025,Outubro,Zambézia,Alto Molócuè,Mulheres,Mais de 60,4423.0
2025,Outubro,Zambézia,Alto Molócuè,Outros,N/A,29.0
2025,Novembro,Zambézia,Alto Molócuè,Homens,0 a 16,196.0
2025,Novembro,Zambézia,Alto Molócuè,Mulheres,0 a 16,90.0
2025,Novembro,Zambézia,Alto Molócuè,Homens,17 a 21,18323.0
2025,Novembro,Zambézia,Alto Molócuè,Mulheres,17 a 21,15435.0
2025,Novembro,Zambézia,Alto Molócuè,Homens,22 a 60,103700.0
2025,Novembro,Zambézia,Alto Molócuè,Mulheres,22 a 60,80209.0
2025,Novembro,Zambézia,Alto Molócuè,Homens,Mais de 60,4713.0
2025,Novembro,Zambézia,Alto Molócuè,Mulheres,Mais de 60,4426.0
2025,Novembro,Zambézia,Alto Molócuè,Outros,N/A,15.0
2025,Dezembro,Zambézia,Alto Molócuè,Homens,0 a 16,175.0
2025,Dezembro,Zambézia,Alto Molócuè,Mulheres,0 a 16,67.0
2025,Dezembro,Zambézia,Alto Molócuè,Homens,17 a 21,17708.0
2025,Dezembro,Zambézia,Alto Molócuè,Mulheres,17 a 21,15069.0
2025,Dezembro,Zambézia,Alto Molócuè,Homens,22 a 60,101668.0
2025,Dezembro,Zambézia,Alto Molócuè,Mulheres,22 a 60,76108.0
2025,Dezembro,Zambézia,Alto Molócuè,Homens,Mais de 60,4629.0
2025,Dezembro,Zambézia,Alto Molócuè,Mulheres,Mais de 60,4246.0
2025,Dezembro,Zambézia,Alto Molócuè,Outros,N/A,10.0
2025,Janeiro,Zambézia,Chinde,Homens,0 a 16,20.0
2025,Janeiro,Zambézia,Chinde,Mulheres,0 a 16,5.0
2025,Janeiro,Zambézia,Chinde,Homens,17 a 21,2709.0
2025,Janeiro,Zambézia,Chinde,Mulheres,17 a 21,1777.0
2025,Janeiro,Zambézia,Chinde,Homens,22 a 60,12241.0
2025,Janeiro,Zambézia,Chinde,Mulheres,22 a 60,7544.0
2025,Janeiro,Zambézia,Chinde,Homens,Mais de 60,704.0
2025,Janeiro,Zambézia,Chinde,Mulheres,Mais de 60,435.0
2025,Janeiro,Zambézia,Chinde,Outros,N/A,2.0
2025,Fevereiro,Zambézia,Chinde,Homens,0 a 16,22.0
2025,Fevereiro,Zambézia,Chinde,Mulheres,0 a 16,4.0
2025,Fevereiro,Zambézia,Chinde,Homens,17 a 21,2709.0
2025,Fevereiro,Zambézia,Chinde,Mulheres,17 a 21,1815.0
2025,Fevereiro,Zambézia,Chinde,Homens,22 a 60,11952.0
2025,Fevereiro,Zambézia,Chinde,Mulheres,22 a 60,7530.0
2025,Fevereiro,Zambézia,Chinde,Homens,Mais de 60,651.0
2025,Fevereiro,Zambézia,Chinde,Mulheres,Mais de 60,437.0
2025,Fevereiro,Zambézia,Chinde,Outros,N/A,4.0
2025,Março,Zambézia,Chinde,Homens,0 a 16,22.0
2025,Março,Zambézia,Chinde,Mulheres,0 a 16,12.0
2025,Março,Zambézia,Chinde,Homens,17 a 21,2514.0
2025,Março,Zambézia,Chinde,Mulheres,17 a 21,1780.0
2025,Março,Zambézia,Chinde,Homens,22 a 60,11496.0
2025,Março,Zambézia,Chinde,Mulheres,22 a 60,7330.0
2025,Março,Zambézia,Chinde,Homens,Mais de 60,645.0
2025,Março,Zambézia,Chinde,Mulheres,Mais de 60,440.0
2025,Março,Zambézia,Chinde,Outros,N/A,4.0
2025,Abril,Zambézia,Chinde,Homens,0 a 16,21.0
2025,Abril,Zambézia,Chinde,Mulheres,0 a 16,13.0
2025,Abril,Zambézia,Chinde,Homens,17 a 21,2502.0
2025,Abril,Zambézia,Chinde,Mulheres,17 a 21,1841.0
2025,Abril,Zambézia,Chinde,Homens,22 a 60,11741.0
2025,Abril,Zambézia,Chinde,Mulheres,22 a 60,7557.0
2025,Abril,Zambézia,Chinde,Homens,Mais de 60,659.0
2025,Abril,Zambézia,Chinde,Mulheres,Mais de 60,464.0
2025,Abril,Zambézia,Chinde,Outros,N/A,6.0
2025,Maio,Zambézia,Chinde,Homens,0 a 16,21.0
2025,Maio,Zambézia,Chinde,Mulheres,0 a 16,15.0
2025,Maio,Zambézia,Chinde,Homens,17 a 21,2721.0
2025,Maio,Zambézia,Chinde,Mulheres,17 a 21,2034.0
2025,Maio,Zambézia,Chinde,Homens,22 a 60,12226.0
2025,Maio,Zambézia,Chinde,Mulheres,22 a 60,8135.0
2025,Maio,Zambézia,Chinde,Homens,Mais de 60,692.0
2025,Maio,Zambézia,Chinde,Mulheres,Mais de 60,512.0
2025,Maio,Zambézia,Chinde,Outros,N/A,3.0
2025,Junho,Zambézia,Chinde,Homens,0 a 16,26.0
2025,Junho,Zambézia,Chinde,Mulheres,0 a 16,14.0
2025,Junho,Zambézia,Chinde,Homens,17 a 21,3026.0
2025,Junho,Zambézia,Chinde,Mulheres,17 a 21,2174.0
2025,Junho,Zambézia,Chinde,Homens,22 a 60,13349.0
2025,Junho,Zambézia,Chinde,Mulheres,22 a 60,8790.0
2025,Junho,Zambézia,Chinde,Homens,Mais de 60,727.0
2025,Junho,Zambézia,Chinde,Mulheres,Mais de 60,559.0
2025,Junho,Zambézia,Chinde,Outros,N/A,5.0
2025,Julho,Zambézia,Chinde,Homens,0 a 16,22.0
2025,Julho,Zambézia,Chinde,Mulheres,0 a 16,13.0
2025,Julho,Zambézia,Chinde,Homens,17 a 21,3061.0
2025,Julho,Zambézia,Chinde,Mulheres,17 a 21,2160.0
2025,Julho,Zambézia,Chinde,Homens,22 a 60,13579.0
2025,Julho,Zambézia,Chinde,Mulheres,22 a 60,8815.0
2025,Julho,Zambézia,Chinde,Homens,Mais de 60,693.0
2025,Julho,Zambézia,Chinde,Mulheres,Mais de 60,570.0
2025,Julho,Zambézia,Chinde,Outros,N/A,5.0
2025,Agosto,Zambézia,Chinde,Homens,0 a 16,23.0
2025,Agosto,Zambézia,Chinde,Mulheres,0 a 16,11.0
2025,Agosto,Zambézia,Chinde,Homens,17 a 21,3267.0
2025,Agosto,Zambézia,Chinde,Mulheres,17 a 21,2267.0
2025,Agosto,Zambézia,Chinde,Homens,22 a 60,14231.0
2025,Agosto,Zambézia,Chinde,Mulheres,22 a 60,9309.0
2025,Agosto,Zambézia,Chinde,Homens,Mais de 60,730.0
2025,Agosto,Zambézia,Chinde,Mulheres,Mais de 60,593.0
2025,Agosto,Zambézia,Chinde,Outros,N/A,6.0
2025,Setembro,Zambézia,Chinde,Homens,0 a 16,26.0
2025,Setembro,Zambézia,Chinde,Mulheres,0 a 16,12.0
2025,Setembro,Zambézia,Chinde,Homens,17 a 21,3266.0
2025,Setembro,Zambézia,Chinde,Mulheres,17 a 21,2310.0
2025,Setembro,Zambézia,Chinde,Homens,22 a 60,14510.0
2025,Setembro,Zambézia,Chinde,Mulheres,22 a 60,9668.0
2025,Setembro,Zambézia,Chinde,Homens,Mais de 60,758.0
2025,Setembro,Zambézia,Chinde,Mulheres,Mais de 60,640.0
2025,Setembro,Zambézia,Chinde,Outros,N/A,10.0
2025,Outubro,Zambézia,Chinde,Homens,0 a 16,26.0
2025,Outubro,Zambézia,Chinde,Mulheres,0 a 16,12.0
2025,Outubro,Zambézia,Chinde,Homens,17 a 21,3425.0
2025,Outubro,Zambézia,Chinde,Mulheres,17 a 21,2419.0
2025,Outubro,Zambézia,Chinde,Homens,22 a 60,15078.0
2025,Outubro,Zambézia,Chinde,Mulheres,22 a 60,10112.0
2025,Outubro,Zambézia,Chinde,Homens,Mais de 60,791.0
2025,Outubro,Zambézia,Chinde,Mulheres,Mais de 60,658.0
2025,Outubro,Zambézia,Chinde,Outros,N/A,7.0
2025,Novembro,Zambézia,Chinde,Homens,0 a 16,28.0
2025,Novembro,Zambézia,Chinde,Mulheres,0 a 16,15.0
2025,Novembro,Zambézia,Chinde,Homens,17 a 21,3440.0
2025,Novembro,Zambézia,Chinde,Mulheres,17 a 21,2448.0
2025,Novembro,Zambézia,Chinde,Homens,22 a 60,14860.0
2025,Novembro,Zambézia,Chinde,Mulheres,22 a 60,10550.0
2025,Novembro,Zambézia,Chinde,Homens,Mais de 60,803.0
2025,Novembro,Zambézia,Chinde,Mulheres,Mais de 60,681.0
2025,Novembro,Zambézia,Chinde,Outros,N/A,2.0
2025,Dezembro,Zambézia,Chinde,Homens,0 a 16,36.0
2025,Dezembro,Zambézia,Chinde,Mulheres,0 a 16,11.0
2025,Dezembro,Zambézia,Chinde,Homens,17 a 21,3474.0
2025,Dezembro,Zambézia,Chinde,Mulheres,17 a 21,2416.0
2025,Dezembro,Zambézia,Chinde,Homens,22 a 60,15128.0
2025,Dezembro,Zambézia,Chinde,Mulheres,22 a 60,10090.0
2025,Dezembro,Zambézia,Chinde,Homens,Mais de 60,795.0
2025,Dezembro,Zambézia,Chinde,Mulheres,Mais de 60,645.0
2025,Dezembro,Zambézia,Chinde,Outros,N/A,2.0
2025,Janeiro,Zambézia,Gurúè,Homens,0 a 16,163.0
2025,Janeiro,Zambézia,Gurúè,Mulheres,0 a 16,99.0
2025,Janeiro,Zambézia,Gurúè,Homens,17 a 21,20396.0
2025,Janeiro,Zambézia,Gurúè,Mulheres,17 a 21,15352.0
2025,Janeiro,Zambézia,Gurúè,Homens,22 a 60,95517.0
2025,Janeiro,Zambézia,Gurúè,Mulheres,22 a 60,66947.0
2025,Janeiro,Zambézia,Gurúè,Homens,Mais de 60,4264.0
2025,Janeiro,Zambézia,Gurúè,Mulheres,Mais de 60,4142.0
2025,Janeiro,Zambézia,Gurúè,Outros,N/A,29.0
2025,Fevereiro,Zambézia,Gurúè,Homens,0 a 16,191.0
2025,Fevereiro,Zambézia,Gurúè,Mulheres,0 a 16,110.0
2025,Fevereiro,Zambézia,Gurúè,Homens,17 a 21,20569.0
2025,Fevereiro,Zambézia,Gurúè,Mulheres,17 a 21,15148.0
2025,Fevereiro,Zambézia,Gurúè,Homens,22 a 60,95370.0
2025,Fevereiro,Zambézia,Gurúè,Mulheres,22 a 60,66879.0
2025,Fevereiro,Zambézia,Gurúè,Homens,Mais de 60,4280.0
2025,Fevereiro,Zambézia,Gurúè,Mulheres,Mais de 60,4131.0
2025,Fevereiro,Zambézia,Gurúè,Outros,N/A,28.0
2025,Março,Zambézia,Gurúè,Homens,0 a 16,188.0
2025,Março,Zambézia,Gurúè,Mulheres,0 a 16,115.0
2025,Março,Zambézia,Gurúè,Homens,17 a 21,20724.0
2025,Março,Zambézia,Gurúè,Mulheres,17 a 21,15658.0
2025,Março,Zambézia,Gurúè,Homens,22 a 60,98508.0
2025,Março,Zambézia,Gurúè,Mulheres,22 a 60,70154.0
2025,Março,Zambézia,Gurúè,Homens,Mais de 60,4449.0
2025,Março,Zambézia,Gurúè,Mulheres,Mais de 60,4392.0
2025,Março,Zambézia,Gurúè,Outros,N/A,30.0
2025,Abril,Zambézia,Gurúè,Homens,0 a 16,205.0
2025,Abril,Zambézia,Gurúè,Mulheres,0 a 16,138.0
2025,Abril,Zambézia,Gurúè,Homens,17 a 21,21472.0
2025,Abril,Zambézia,Gurúè,Mulheres,17 a 21,16420.0
2025,Abril,Zambézia,Gurúè,Homens,22 a 60,103650.0
2025,Abril,Zambézia,Gurúè,Mulheres,22 a 60,74269.0
2025,Abril,Zambézia,Gurúè,Homens,Mais de 60,4625.0
2025,Abril,Zambézia,Gurúè,Mulheres,Mais de 60,4523.0
2025,Abril,Zambézia,Gurúè,Outros,N/A,26.0
2025,Maio,Zambézia,Gurúè,Homens,0 a 16,196.0
2025,Maio,Zambézia,Gurúè,Mulheres,0 a 16,124.0
2025,Maio,Zambézia,Gurúè,Homens,17 a 21,21890.0
2025,Maio,Zambézia,Gurúè,Mulheres,17 a 21,16966.0
2025,Maio,Zambézia,Gurúè,Homens,22 a 60,106563.0
2025,Maio,Zambézia,Gurúè,Mulheres,22 a 60,76367.0
2025,Maio,Zambézia,Gurúè,Homens,Mais de 60,4775.0
2025,Maio,Zambézia,Gurúè,Mulheres,Mais de 60,4677.0
2025,Maio,Zambézia,Gurúè,Outros,N/A,24.0
2025,Junho,Zambézia,Gurúè,Homens,0 a 16,201.0
2025,Junho,Zambézia,Gurúè,Mulheres,0 a 16,97.0
2025,Junho,Zambézia,Gurúè,Homens,17 a 21,22094.0
2025,Junho,Zambézia,Gurúè,Mulheres,17 a 21,16942.0
2025,Junho,Zambézia,Gurúè,Homens,22 a 60,108943.0
2025,Junho,Zambézia,Gurúè,Mulheres,22 a 60,76673.0
2025,Junho,Zambézia,Gurúè,Homens,Mais de 60,4723.0
2025,Junho,Zambézia,Gurúè,Mulheres,Mais de 60,4601.0
2025,Junho,Zambézia,Gurúè,Outros,N/A,22.0
2025,Julho,Zambézia,Gurúè,Homens,0 a 16,206.0
2025,Julho,Zambézia,Gurúè,Mulheres,0 a 16,102.0
2025,Julho,Zambézia,Gurúè,Homens,17 a 21,21828.0
2025,Julho,Zambézia,Gurúè,Mulheres,17 a 21,16827.0
2025,Julho,Zambézia,Gurúè,Homens,22 a 60,109369.0
2025,Julho,Zambézia,Gurúè,Mulheres,22 a 60,77250.0
2025,Julho,Zambézia,Gurúè,Homens,Mais de 60,4700.0
2025,Julho,Zambézia,Gurúè,Mulheres,Mais de 60,4572.0
2025,Julho,Zambézia,Gurúè,Outros,N/A,33.0
2025,Agosto,Zambézia,Gurúè,Homens,0 a 16,199.0
2025,Agosto,Zambézia,Gurúè,Mulheres,0 a 16,96.0
2025,Agosto,Zambézia,Gurúè,Homens,17 a 21,22914.0
2025,Agosto,Zambézia,Gurúè,Mulheres,17 a 21,17995.0
2025,Agosto,Zambézia,Gurúè,Homens,22 a 60,114304.0
2025,Agosto,Zambézia,Gurúè,Mulheres,22 a 60,80522.0
2025,Agosto,Zambézia,Gurúè,Homens,Mais de 60,4957.0
2025,Agosto,Zambézia,Gurúè,Mulheres,Mais de 60,4867.0
2025,Agosto,Zambézia,Gurúè,Outros,N/A,34.0
2025,Setembro,Zambézia,Gurúè,Homens,0 a 16,190.0
2025,Setembro,Zambézia,Gurúè,Mulheres,0 a 16,95.0
2025,Setembro,Zambézia,Gurúè,Homens,17 a 21,23393.0
2025,Setembro,Zambézia,Gurúè,Mulheres,17 a 21,18653.0
2025,Setembro,Zambézia,Gurúè,Homens,22 a 60,120314.0
2025,Setembro,Zambézia,Gurúè,Mulheres,22 a 60,85910.0
2025,Setembro,Zambézia,Gurúè,Homens,Mais de 60,5186.0
2025,Setembro,Zambézia,Gurúè,Mulheres,Mais de 60,5093.0
2025,Setembro,Zambézia,Gurúè,Outros,N/A,32.0
2025,Outubro,Zambézia,Gurúè,Homens,0 a 16,204.0
2025,Outubro,Zambézia,Gurúè,Mulheres,0 a 16,105.0
2025,Outubro,Zambézia,Gurúè,Homens,17 a 21,24081.0
2025,Outubro,Zambézia,Gurúè,Mulheres,17 a 21,19121.0
2025,Outubro,Zambézia,Gurúè,Homens,22 a 60,126109.0
2025,Outubro,Zambézia,Gurúè,Mulheres,22 a 60,91024.0
2025,Outubro,Zambézia,Gurúè,Homens,Mais de 60,5411.0
2025,Outubro,Zambézia,Gurúè,Mulheres,Mais de 60,5285.0
2025,Outubro,Zambézia,Gurúè,Outros,N/A,34.0
2025,Novembro,Zambézia,Gurúè,Homens,0 a 16,200.0
2025,Novembro,Zambézia,Gurúè,Mulheres,0 a 16,100.0
2025,Novembro,Zambézia,Gurúè,Homens,17 a 21,24008.0
2025,Novembro,Zambézia,Gurúè,Mulheres,17 a 21,18951.0
2025,Novembro,Zambézia,Gurúè,Homens,22 a 60,123006.0
2025,Novembro,Zambézia,Gurúè,Mulheres,22 a 60,91101.0
2025,Novembro,Zambézia,Gurúè,Homens,Mais de 60,5279.0
2025,Novembro,Zambézia,Gurúè,Mulheres,Mais de 60,5224.0
2025,Novembro,Zambézia,Gurúè,Outros,N/A,16.0
2025,Dezembro,Zambézia,Gurúè,Homens,0 a 16,179.0
2025,Dezembro,Zambézia,Gurúè,Mulheres,0 a 16,100.0
2025,Dezembro,Zambézia,Gurúè,Homens,17 a 21,23732.0
2025,Dezembro,Zambézia,Gurúè,Mulheres,17 a 21,18540.0
2025,Dezembro,Zambézia,Gurúè,Homens,22 a 60,123561.0
2025,Dezembro,Zambézia,Gurúè,Mulheres,22 a 60,88683.0
2025,Dezembro,Zambézia,Gurúè,Homens,Mais de 60,5336.0
2025,Dezembro,Zambézia,Gurúè,Mulheres,Mais de 60,5087.0
2025,Dezembro,Zambézia,Gurúè,Outros,N/A,11.0
2025,Janeiro,Zambézia,Ile,Homens,0 a 16,67.0
2025,Janeiro,Zambézia,Ile,Mulheres,0 a 16,38.0
2025,Janeiro,Zambézia,Ile,Homens,17 a 21,6966.0
2025,Janeiro,Zambézia,Ile,Mulheres,17 a 21,5429.0
2025,Janeiro,Zambézia,Ile,Homens,22 a 60,41766.0
2025,Janeiro,Zambézia,Ile,Mulheres,22 a 60,26321.0
2025,Janeiro,Zambézia,Ile,Homens,Mais de 60,1939.0
2025,Janeiro,Zambézia,Ile,Mulheres,Mais de 60,1581.0
2025,Janeiro,Zambézia,Ile,Outros,N/A,10.0
2025,Fevereiro,Zambézia,Ile,Homens,0 a 16,66.0
2025,Fevereiro,Zambézia,Ile,Mulheres,0 a 16,39.0
2025,Fevereiro,Zambézia,Ile,Homens,17 a 21,6934.0
2025,Fevereiro,Zambézia,Ile,Mulheres,17 a 21,5425.0
2025,Fevereiro,Zambézia,Ile,Homens,22 a 60,40978.0
2025,Fevereiro,Zambézia,Ile,Mulheres,22 a 60,26248.0
2025,Fevereiro,Zambézia,Ile,Homens,Mais de 60,1895.0
2025,Fevereiro,Zambézia,Ile,Mulheres,Mais de 60,1538.0
2025,Fevereiro,Zambézia,Ile,Outros,N/A,10.0
2025,Março,Zambézia,Ile,Homens,0 a 16,70.0
2025,Março,Zambézia,Ile,Mulheres,0 a 16,43.0
2025,Março,Zambézia,Ile,Homens,17 a 21,6938.0
2025,Março,Zambézia,Ile,Mulheres,17 a 21,5599.0
2025,Março,Zambézia,Ile,Homens,22 a 60,41599.0
2025,Março,Zambézia,Ile,Mulheres,22 a 60,27023.0
2025,Março,Zambézia,Ile,Homens,Mais de 60,1932.0
2025,Março,Zambézia,Ile,Mulheres,Mais de 60,1620.0
2025,Março,Zambézia,Ile,Outros,N/A,8.0
2025,Abril,Zambézia,Ile,Homens,0 a 16,80.0
2025,Abril,Zambézia,Ile,Mulheres,0 a 16,46.0
2025,Abril,Zambézia,Ile,Homens,17 a 21,7347.0
2025,Abril,Zambézia,Ile,Mulheres,17 a 21,5946.0
2025,Abril,Zambézia,Ile,Homens,22 a 60,43660.0
2025,Abril,Zambézia,Ile,Mulheres,22 a 60,28530.0
2025,Abril,Zambézia,Ile,Homens,Mais de 60,2077.0
2025,Abril,Zambézia,Ile,Mulheres,Mais de 60,1756.0
2025,Abril,Zambézia,Ile,Outros,N/A,8.0
2025,Maio,Zambézia,Ile,Homens,0 a 16,73.0
2025,Maio,Zambézia,Ile,Mulheres,0 a 16,42.0
2025,Maio,Zambézia,Ile,Homens,17 a 21,7299.0
2025,Maio,Zambézia,Ile,Mulheres,17 a 21,5906.0
2025,Maio,Zambézia,Ile,Homens,22 a 60,44130.0
2025,Maio,Zambézia,Ile,Mulheres,22 a 60,29123.0
2025,Maio,Zambézia,Ile,Homens,Mais de 60,2127.0
2025,Maio,Zambézia,Ile,Mulheres,Mais de 60,1764.0
2025,Maio,Zambézia,Ile,Outros,N/A,11.0
2025,Junho,Zambézia,Ile,Homens,0 a 16,69.0
2025,Junho,Zambézia,Ile,Mulheres,0 a 16,29.0
2025,Junho,Zambézia,Ile,Homens,17 a 21,7372.0
2025,Junho,Zambézia,Ile,Mulheres,17 a 21,5987.0
2025,Junho,Zambézia,Ile,Homens,22 a 60,44589.0
2025,Junho,Zambézia,Ile,Mulheres,22 a 60,29477.0
2025,Junho,Zambézia,Ile,Homens,Mais de 60,2123.0
2025,Junho,Zambézia,Ile,Mulheres,Mais de 60,1778.0
2025,Junho,Zambézia,Ile,Outros,N/A,14.0
2025,Julho,Zambézia,Ile,Homens,0 a 16,71.0
2025,Julho,Zambézia,Ile,Mulheres,0 a 16,37.0
2025,Julho,Zambézia,Ile,Homens,17 a 21,7345.0
2025,Julho,Zambézia,Ile,Mulheres,17 a 21,6070.0
2025,Julho,Zambézia,Ile,Homens,22 a 60,45198.0
2025,Julho,Zambézia,Ile,Mulheres,22 a 60,30202.0
2025,Julho,Zambézia,Ile,Homens,Mais de 60,2153.0
2025,Julho,Zambézia,Ile,Mulheres,Mais de 60,1858.0
2025,Julho,Zambézia,Ile,Outros,N/A,21.0
2025,Agosto,Zambézia,Ile,Homens,0 a 16,94.0
2025,Agosto,Zambézia,Ile,Mulheres,0 a 16,46.0
2025,Agosto,Zambézia,Ile,Homens,17 a 21,7896.0
2025,Agosto,Zambézia,Ile,Mulheres,17 a 21,6272.0
2025,Agosto,Zambézia,Ile,Homens,22 a 60,48336.0
2025,Agosto,Zambézia,Ile,Mulheres,22 a 60,31925.0
2025,Agosto,Zambézia,Ile,Homens,Mais de 60,2289.0
2025,Agosto,Zambézia,Ile,Mulheres,Mais de 60,1968.0
2025,Agosto,Zambézia,Ile,Outros,N/A,17.0
2025,Setembro,Zambézia,Ile,Homens,0 a 16,97.0
2025,Setembro,Zambézia,Ile,Mulheres,0 a 16,37.0
2025,Setembro,Zambézia,Ile,Homens,17 a 21,8118.0
2025,Setembro,Zambézia,Ile,Mulheres,17 a 21,6503.0
2025,Setembro,Zambézia,Ile,Homens,22 a 60,50441.0
2025,Setembro,Zambézia,Ile,Mulheres,22 a 60,33368.0
2025,Setembro,Zambézia,Ile,Homens,Mais de 60,2354.0
2025,Setembro,Zambézia,Ile,Mulheres,Mais de 60,2046.0
2025,Setembro,Zambézia,Ile,Outros,N/A,18.0
2025,Outubro,Zambézia,Ile,Homens,0 a 16,90.0
2025,Outubro,Zambézia,Ile,Mulheres,0 a 16,53.0
2025,Outubro,Zambézia,Ile,Homens,17 a 21,8760.0
2025,Outubro,Zambézia,Ile,Mulheres,17 a 21,6895.0
2025,Outubro,Zambézia,Ile,Homens,22 a 60,54401.0
2025,Outubro,Zambézia,Ile,Mulheres,22 a 60,35835.0
2025,Outubro,Zambézia,Ile,Homens,Mais de 60,2512.0
2025,Outubro,Zambézia,Ile,Mulheres,Mais de 60,2155.0
2025,Outubro,Zambézia,Ile,Outros,N/A,15.0
2025,Novembro,Zambézia,Ile,Homens,0 a 16,109.0
2025,Novembro,Zambézia,Ile,Mulheres,0 a 16,51.0
2025,Novembro,Zambézia,Ile,Homens,17 a 21,9070.0
2025,Novembro,Zambézia,Ile,Mulheres,17 a 21,6951.0
2025,Novembro,Zambézia,Ile,Homens,22 a 60,54148.0
2025,Novembro,Zambézia,Ile,Mulheres,22 a 60,37132.0
2025,Novembro,Zambézia,Ile,Homens,Mais de 60,2535.0
2025,Novembro,Zambézia,Ile,Mulheres,Mais de 60,2205.0
2025,Novembro,Zambézia,Ile,Outros,N/A,8.0
2025,Dezembro,Zambézia,Ile,Homens,0 a 16,107.0
2025,Dezembro,Zambézia,Ile,Mulheres,0 a 16,46.0
2025,Dezembro,Zambézia,Ile,Homens,17 a 21,9212.0
2025,Dezembro,Zambézia,Ile,Mulheres,17 a 21,6963.0
2025,Dezembro,Zambézia,Ile,Homens,22 a 60,55763.0
2025,Dezembro,Zambézia,Ile,Mulheres,22 a 60,36271.0
2025,Dezembro,Zambézia,Ile,Homens,Mais de 60,2590.0
2025,Dezembro,Zambézia,Ile,Mulheres,Mais de 60,2169.0
2025,Dezembro,Zambézia,Ile,Outros,N/A,7.0
2025,Janeiro,Zambézia,Inhassunge,Homens,0 a 16,43.0
2025,Janeiro,Zambézia,Inhassunge,Mulheres,0 a 16,17.0
2025,Janeiro,Zambézia,Inhassunge,Homens,17 a 21,3772.0
2025,Janeiro,Zambézia,Inhassunge,Mulheres,17 a 21,2705.0
2025,Janeiro,Zambézia,Inhassunge,Homens,22 a 60,14528.0
2025,Janeiro,Zambézia,Inhassunge,Mulheres,22 a 60,11662.0
2025,Janeiro,Zambézia,Inhassunge,Homens,Mais de 60,840.0
2025,Janeiro,Zambézia,Inhassunge,Mulheres,Mais de 60,696.0
2025,Janeiro,Zambézia,Inhassunge,Outros,N/A,4.0
2025,Fevereiro,Zambézia,Inhassunge,Homens,0 a 16,49.0
2025,Fevereiro,Zambézia,Inhassunge,Mulheres,0 a 16,19.0
2025,Fevereiro,Zambézia,Inhassunge,Homens,17 a 21,3845.0
2025,Fevereiro,Zambézia,Inhassunge,Mulheres,17 a 21,2815.0
2025,Fevereiro,Zambézia,Inhassunge,Homens,22 a 60,14761.0
2025,Fevereiro,Zambézia,Inhassunge,Mulheres,22 a 60,11962.0
2025,Fevereiro,Zambézia,Inhassunge,Homens,Mais de 60,846.0
2025,Fevereiro,Zambézia,Inhassunge,Mulheres,Mais de 60,679.0
2025,Fevereiro,Zambézia,Inhassunge,Outros,N/A,5.0
2025,Março,Zambézia,Inhassunge,Homens,0 a 16,45.0
2025,Março,Zambézia,Inhassunge,Mulheres,0 a 16,18.0
2025,Março,Zambézia,Inhassunge,Homens,17 a 21,3708.0
2025,Março,Zambézia,Inhassunge,Mulheres,17 a 21,2845.0
2025,Março,Zambézia,Inhassunge,Homens,22 a 60,15051.0
2025,Março,Zambézia,Inhassunge,Mulheres,22 a 60,11962.0
2025,Março,Zambézia,Inhassunge,Homens,Mais de 60,845.0
2025,Março,Zambézia,Inhassunge,Mulheres,Mais de 60,691.0
2025,Março,Zambézia,Inhassunge,Outros,N/A,4.0
2025,Abril,Zambézia,Inhassunge,Homens,0 a 16,51.0
2025,Abril,Zambézia,Inhassunge,Mulheres,0 a 16,17.0
2025,Abril,Zambézia,Inhassunge,Homens,17 a 21,3868.0
2025,Abril,Zambézia,Inhassunge,Mulheres,17 a 21,3014.0
2025,Abril,Zambézia,Inhassunge,Homens,22 a 60,16170.0
2025,Abril,Zambézia,Inhassunge,Mulheres,22 a 60,12687.0
2025,Abril,Zambézia,Inhassunge,Homens,Mais de 60,886.0
2025,Abril,Zambézia,Inhassunge,Mulheres,Mais de 60,736.0
2025,Abril,Zambézia,Inhassunge,Outros,N/A,3.0
2025,Maio,Zambézia,Inhassunge,Homens,0 a 16,43.0
2025,Maio,Zambézia,Inhassunge,Mulheres,0 a 16,14.0
2025,Maio,Zambézia,Inhassunge,Homens,17 a 21,3777.0
2025,Maio,Zambézia,Inhassunge,Mulheres,17 a 21,2988.0
2025,Maio,Zambézia,Inhassunge,Homens,22 a 60,16290.0
2025,Maio,Zambézia,Inhassunge,Mulheres,22 a 60,12747.0
2025,Maio,Zambézia,Inhassunge,Homens,Mais de 60,905.0
2025,Maio,Zambézia,Inhassunge,Mulheres,Mais de 60,711.0
2025,Maio,Zambézia,Inhassunge,Outros,N/A,2.0
2025,Junho,Zambézia,Inhassunge,Homens,0 a 16,32.0
2025,Junho,Zambézia,Inhassunge,Mulheres,0 a 16,15.0
2025,Junho,Zambézia,Inhassunge,Homens,17 a 21,3728.0
2025,Junho,Zambézia,Inhassunge,Mulheres,17 a 21,2988.0
2025,Junho,Zambézia,Inhassunge,Homens,22 a 60,16010.0
2025,Junho,Zambézia,Inhassunge,Mulheres,22 a 60,12603.0
2025,Junho,Zambézia,Inhassunge,Homens,Mais de 60,890.0
2025,Junho,Zambézia,Inhassunge,Mulheres,Mais de 60,711.0
2025,Junho,Zambézia,Inhassunge,Outros,N/A,2.0
2025,Julho,Zambézia,Inhassunge,Homens,0 a 16,29.0
2025,Julho,Zambézia,Inhassunge,Mulheres,0 a 16,22.0
2025,Julho,Zambézia,Inhassunge,Homens,17 a 21,3648.0
2025,Julho,Zambézia,Inhassunge,Mulheres,17 a 21,2948.0
2025,Julho,Zambézia,Inhassunge,Homens,22 a 60,15694.0
2025,Julho,Zambézia,Inhassunge,Mulheres,22 a 60,12583.0
2025,Julho,Zambézia,Inhassunge,Homens,Mais de 60,890.0
2025,Julho,Zambézia,Inhassunge,Mulheres,Mais de 60,732.0
2025,Julho,Zambézia,Inhassunge,Outros,N/A,2.0
2025,Agosto,Zambézia,Inhassunge,Homens,0 a 16,41.0
2025,Agosto,Zambézia,Inhassunge,Mulheres,0 a 16,18.0
2025,Agosto,Zambézia,Inhassunge,Homens,17 a 21,3643.0
2025,Agosto,Zambézia,Inhassunge,Mulheres,17 a 21,2987.0
2025,Agosto,Zambézia,Inhassunge,Homens,22 a 60,16236.0
2025,Agosto,Zambézia,Inhassunge,Mulheres,22 a 60,13060.0
2025,Agosto,Zambézia,Inhassunge,Homens,Mais de 60,883.0
2025,Agosto,Zambézia,Inhassunge,Mulheres,Mais de 60,745.0
2025,Agosto,Zambézia,Inhassunge,Outros,N/A,2.0
2025,Setembro,Zambézia,Inhassunge,Homens,0 a 16,46.0
2025,Setembro,Zambézia,Inhassunge,Mulheres,0 a 16,14.0
2025,Setembro,Zambézia,Inhassunge,Homens,17 a 21,3800.0
2025,Setembro,Zambézia,Inhassunge,Mulheres,17 a 21,3162.0
2025,Setembro,Zambézia,Inhassunge,Homens,22 a 60,16758.0
2025,Setembro,Zambézia,Inhassunge,Mulheres,22 a 60,13569.0
2025,Setembro,Zambézia,Inhassunge,Homens,Mais de 60,914.0
2025,Setembro,Zambézia,Inhassunge,Mulheres,Mais de 60,781.0
2025,Setembro,Zambézia,Inhassunge,Outros,N/A,1.0
2025,Outubro,Zambézia,Inhassunge,Homens,0 a 16,40.0
2025,Outubro,Zambézia,Inhassunge,Mulheres,0 a 16,13.0
2025,Outubro,Zambézia,Inhassunge,Homens,17 a 21,3959.0
2025,Outubro,Zambézia,Inhassunge,Mulheres,17 a 21,3312.0
2025,Outubro,Zambézia,Inhassunge,Homens,22 a 60,17636.0
2025,Outubro,Zambézia,Inhassunge,Mulheres,22 a 60,14404.0
2025,Outubro,Zambézia,Inhassunge,Homens,Mais de 60,1007.0
2025,Outubro,Zambézia,Inhassunge,Mulheres,Mais de 60,862.0
2025,Outubro,Zambézia,Inhassunge,Outros,N/A,3.0
2025,Novembro,Zambézia,Inhassunge,Homens,0 a 16,55.0
2025,Novembro,Zambézia,Inhassunge,Mulheres,0 a 16,18.0
2025,Novembro,Zambézia,Inhassunge,Homens,17 a 21,4091.0
2025,Novembro,Zambézia,Inhassunge,Mulheres,17 a 21,3422.0
2025,Novembro,Zambézia,Inhassunge,Homens,22 a 60,17831.0
2025,Novembro,Zambézia,Inhassunge,Mulheres,22 a 60,15060.0
2025,Novembro,Zambézia,Inhassunge,Homens,Mais de 60,1013.0
2025,Novembro,Zambézia,Inhassunge,Mulheres,Mais de 60,893.0
2025,Novembro,Zambézia,Inhassunge,Outros,N/A,1.0
2025,Dezembro,Zambézia,Inhassunge,Homens,0 a 16,66.0
2025,Dezembro,Zambézia,Inhassunge,Mulheres,0 a 16,20.0
2025,Dezembro,Zambézia,Inhassunge,Homens,17 a 21,4285.0
2025,Dezembro,Zambézia,Inhassunge,Mulheres,17 a 21,3583.0
2025,Dezembro,Zambézia,Inhassunge,Homens,22 a 60,19121.0
2025,Dezembro,Zambézia,Inhassunge,Mulheres,22 a 60,15599.0
2025,Dezembro,Zambézia,Inhassunge,Homens,Mais de 60,1077.0
2025,Dezembro,Zambézia,Inhassunge,Mulheres,Mais de 60,945.0
2025,Dezembro,Zambézia,Inhassunge,Outros,N/A,1.0
2025,Janeiro,Zambézia,Lugela,Homens,0 a 16,33.0
2025,Janeiro,Zambézia,Lugela,Mulheres,0 a 16,23.0
2025,Janeiro,Zambézia,Lugela,Homens,17 a 21,5041.0
2025,Janeiro,Zambézia,Lugela,Mulheres,17 a 21,4835.0
2025,Janeiro,Zambézia,Lugela,Homens,22 a 60,35550.0
2025,Janeiro,Zambézia,Lugela,Mulheres,22 a 60,27069.0
2025,Janeiro,Zambézia,Lugela,Homens,Mais de 60,2318.0
2025,Janeiro,Zambézia,Lugela,Mulheres,Mais de 60,2345.0
2025,Janeiro,Zambézia,Lugela,Outros,N/A,6.0
2025,Fevereiro,Zambézia,Lugela,Homens,0 a 16,33.0
2025,Fevereiro,Zambézia,Lugela,Mulheres,0 a 16,21.0
2025,Fevereiro,Zambézia,Lugela,Homens,17 a 21,4981.0
2025,Fevereiro,Zambézia,Lugela,Mulheres,17 a 21,4783.0
2025,Fevereiro,Zambézia,Lugela,Homens,22 a 60,34523.0
2025,Fevereiro,Zambézia,Lugela,Mulheres,22 a 60,26240.0
2025,Fevereiro,Zambézia,Lugela,Homens,Mais de 60,2177.0
2025,Fevereiro,Zambézia,Lugela,Mulheres,Mais de 60,2208.0
2025,Fevereiro,Zambézia,Lugela,Outros,N/A,7.0
2025,Março,Zambézia,Lugela,Homens,0 a 16,31.0
2025,Março,Zambézia,Lugela,Mulheres,0 a 16,23.0
2025,Março,Zambézia,Lugela,Homens,17 a 21,4976.0
2025,Março,Zambézia,Lugela,Mulheres,17 a 21,4895.0
2025,Março,Zambézia,Lugela,Homens,22 a 60,35838.0
2025,Março,Zambézia,Lugela,Mulheres,22 a 60,27364.0
2025,Março,Zambézia,Lugela,Homens,Mais de 60,2259.0
2025,Março,Zambézia,Lugela,Mulheres,Mais de 60,2360.0
2025,Março,Zambézia,Lugela,Outros,N/A,3.0
2025,Abril,Zambézia,Lugela,Homens,0 a 16,44.0
2025,Abril,Zambézia,Lugela,Mulheres,0 a 16,27.0
2025,Abril,Zambézia,Lugela,Homens,17 a 21,5252.0
2025,Abril,Zambézia,Lugela,Mulheres,17 a 21,5215.0
2025,Abril,Zambézia,Lugela,Homens,22 a 60,37622.0
2025,Abril,Zambézia,Lugela,Mulheres,22 a 60,29111.0
2025,Abril,Zambézia,Lugela,Homens,Mais de 60,2378.0
2025,Abril,Zambézia,Lugela,Mulheres,Mais de 60,2549.0
2025,Abril,Zambézia,Lugela,Outros,N/A,8.0
2025,Maio,Zambézia,Lugela,Homens,0 a 16,34.0
2025,Maio,Zambézia,Lugela,Mulheres,0 a 16,18.0
2025,Maio,Zambézia,Lugela,Homens,17 a 21,5225.0
2025,Maio,Zambézia,Lugela,Mulheres,17 a 21,5218.0
2025,Maio,Zambézia,Lugela,Homens,22 a 60,38183.0
2025,Maio,Zambézia,Lugela,Mulheres,22 a 60,29755.0
2025,Maio,Zambézia,Lugela,Homens,Mais de 60,2406.0
2025,Maio,Zambézia,Lugela,Mulheres,Mais de 60,2648.0
2025,Maio,Zambézia,Lugela,Outros,N/A,2.0
2025,Junho,Zambézia,Lugela,Homens,0 a 16,33.0
2025,Junho,Zambézia,Lugela,Mulheres,0 a 16,19.0
2025,Junho,Zambézia,Lugela,Homens,17 a 21,5284.0
2025,Junho,Zambézia,Lugela,Mulheres,17 a 21,5143.0
2025,Junho,Zambézia,Lugela,Homens,22 a 60,39023.0
2025,Junho,Zambézia,Lugela,Mulheres,22 a 60,29990.0
2025,Junho,Zambézia,Lugela,Homens,Mais de 60,2422.0
2025,Junho,Zambézia,Lugela,Mulheres,Mais de 60,2602.0
2025,Junho,Zambézia,Lugela,Outros,N/A,3.0
2025,Julho,Zambézia,Lugela,Homens,0 a 16,29.0
2025,Julho,Zambézia,Lugela,Mulheres,0 a 16,16.0
2025,Julho,Zambézia,Lugela,Homens,17 a 21,5246.0
2025,Julho,Zambézia,Lugela,Mulheres,17 a 21,5187.0
2025,Julho,Zambézia,Lugela,Homens,22 a 60,40024.0
2025,Julho,Zambézia,Lugela,Mulheres,22 a 60,31247.0
2025,Julho,Zambézia,Lugela,Homens,Mais de 60,2486.0
2025,Julho,Zambézia,Lugela,Mulheres,Mais de 60,2723.0
2025,Julho,Zambézia,Lugela,Outros,N/A,3.0
2025,Agosto,Zambézia,Lugela,Homens,0 a 16,31.0
2025,Agosto,Zambézia,Lugela,Mulheres,0 a 16,20.0
2025,Agosto,Zambézia,Lugela,Homens,17 a 21,5350.0
2025,Agosto,Zambézia,Lugela,Mulheres,17 a 21,5209.0
2025,Agosto,Zambézia,Lugela,Homens,22 a 60,41486.0
2025,Agosto,Zambézia,Lugela,Mulheres,22 a 60,32092.0
2025,Agosto,Zambézia,Lugela,Homens,Mais de 60,2579.0
2025,Agosto,Zambézia,Lugela,Mulheres,Mais de 60,2760.0
2025,Agosto,Zambézia,Lugela,Outros,N/A,4.0
2025,Setembro,Zambézia,Lugela,Homens,0 a 16,27.0
2025,Setembro,Zambézia,Lugela,Mulheres,0 a 16,21.0
2025,Setembro,Zambézia,Lugela,Homens,17 a 21,5601.0
2025,Setembro,Zambézia,Lugela,Mulheres,17 a 21,5548.0
2025,Setembro,Zambézia,Lugela,Homens,22 a 60,44495.0
2025,Setembro,Zambézia,Lugela,Mulheres,22 a 60,34536.0
2025,Setembro,Zambézia,Lugela,Homens,Mais de 60,2657.0
2025,Setembro,Zambézia,Lugela,Mulheres,Mais de 60,2913.0
2025,Setembro,Zambézia,Lugela,Outros,N/A,2.0
2025,Outubro,Zambézia,Lugela,Homens,0 a 16,31.0
2025,Outubro,Zambézia,Lugela,Mulheres,0 a 16,20.0
2025,Outubro,Zambézia,Lugela,Homens,17 a 21,5933.0
2025,Outubro,Zambézia,Lugela,Mulheres,17 a 21,5989.0
2025,Outubro,Zambézia,Lugela,Homens,22 a 60,47916.0
2025,Outubro,Zambézia,Lugela,Mulheres,22 a 60,37462.0
2025,Outubro,Zambézia,Lugela,Homens,Mais de 60,2843.0
2025,Outubro,Zambézia,Lugela,Mulheres,Mais de 60,3106.0
2025,Outubro,Zambézia,Lugela,Outros,N/A,5.0
2025,Novembro,Zambézia,Lugela,Homens,0 a 16,33.0
2025,Novembro,Zambézia,Lugela,Mulheres,0 a 16,14.0
2025,Novembro,Zambézia,Lugela,Homens,17 a 21,5915.0
2025,Novembro,Zambézia,Lugela,Mulheres,17 a 21,5835.0
2025,Novembro,Zambézia,Lugela,Homens,22 a 60,46766.0
2025,Novembro,Zambézia,Lugela,Mulheres,22 a 60,37559.0
2025,Novembro,Zambézia,Lugela,Homens,Mais de 60,2763.0
2025,Novembro,Zambézia,Lugela,Mulheres,Mais de 60,2955.0
2025,Novembro,Zambézia,Lugela,Outros,N/A,3.0
2025,Dezembro,Zambézia,Lugela,Homens,0 a 16,28.0
2025,Dezembro,Zambézia,Lugela,Mulheres,0 a 16,18.0
2025,Dezembro,Zambézia,Lugela,Homens,17 a 21,5811.0
2025,Dezembro,Zambézia,Lugela,Mulheres,17 a 21,5739.0
2025,Dezembro,Zambézia,Lugela,Homens,22 a 60,46434.0
2025,Dezembro,Zambézia,Lugela,Mulheres,22 a 60,36836.0
2025,Dezembro,Zambézia,Lugela,Homens,Mais de 60,2723.0
2025,Dezembro,Zambézia,Lugela,Mulheres,Mais de 60,2908.0
2025,Dezembro,Zambézia,Lugela,Outros,N/A,3.0
2025,Janeiro,Zambézia,Gilé,Homens,0 a 16,42.0
2025,Janeiro,Zambézia,Gilé,Mulheres,0 a 16,32.0
2025,Janeiro,Zambézia,Gilé,Homens,17 a 21,7019.0
2025,Janeiro,Zambézia,Gilé,Mulheres,17 a 21,6012.0
2025,Janeiro,Zambézia,Gilé,Homens,22 a 60,44082.0
2025,Janeiro,Zambézia,Gilé,Mulheres,22 a 60,31329.0
2025,Janeiro,Zambézia,Gilé,Homens,Mais de 60,2149.0
2025,Janeiro,Zambézia,Gilé,Mulheres,Mais de 60,1903.0
2025,Janeiro,Zambézia,Gilé,Outros,N/A,9.0
2025,Fevereiro,Zambézia,Gilé,Homens,0 a 16,51.0
2025,Fevereiro,Zambézia,Gilé,Mulheres,0 a 16,35.0
2025,Fevereiro,Zambézia,Gilé,Homens,17 a 21,7023.0
2025,Fevereiro,Zambézia,Gilé,Mulheres,17 a 21,6047.0
2025,Fevereiro,Zambézia,Gilé,Homens,22 a 60,44494.0
2025,Fevereiro,Zambézia,Gilé,Mulheres,22 a 60,31746.0
2025,Fevereiro,Zambézia,Gilé,Homens,Mais de 60,2103.0
2025,Fevereiro,Zambézia,Gilé,Mulheres,Mais de 60,1871.0
2025,Fevereiro,Zambézia,Gilé,Outros,N/A,8.0
2025,Março,Zambézia,Gilé,Homens,0 a 16,54.0
2025,Março,Zambézia,Gilé,Mulheres,0 a 16,34.0
2025,Março,Zambézia,Gilé,Homens,17 a 21,7197.0
2025,Março,Zambézia,Gilé,Mulheres,17 a 21,6371.0
2025,Março,Zambézia,Gilé,Homens,22 a 60,46063.0
2025,Março,Zambézia,Gilé,Mulheres,22 a 60,33215.0
2025,Março,Zambézia,Gilé,Homens,Mais de 60,2140.0
2025,Março,Zambézia,Gilé,Mulheres,Mais de 60,1990.0
2025,Março,Zambézia,Gilé,Outros,N/A,10.0
2025,Abril,Zambézia,Gilé,Homens,0 a 16,67.0
2025,Abril,Zambézia,Gilé,Mulheres,0 a 16,46.0
2025,Abril,Zambézia,Gilé,Homens,17 a 21,7568.0
2025,Abril,Zambézia,Gilé,Mulheres,17 a 21,6735.0
2025,Abril,Zambézia,Gilé,Homens,22 a 60,48025.0
2025,Abril,Zambézia,Gilé,Mulheres,22 a 60,35081.0
2025,Abril,Zambézia,Gilé,Homens,Mais de 60,2254.0
2025,Abril,Zambézia,Gilé,Mulheres,Mais de 60,2085.0
2025,Abril,Zambézia,Gilé,Outros,N/A,8.0
2025,Maio,Zambézia,Gilé,Homens,0 a 16,66.0
2025,Maio,Zambézia,Gilé,Mulheres,0 a 16,31.0
2025,Maio,Zambézia,Gilé,Homens,17 a 21,7546.0
2025,Maio,Zambézia,Gilé,Mulheres,17 a 21,6870.0
2025,Maio,Zambézia,Gilé,Homens,22 a 60,48529.0
2025,Maio,Zambézia,Gilé,Mulheres,22 a 60,35495.0
2025,Maio,Zambézia,Gilé,Homens,Mais de 60,2243.0
2025,Maio,Zambézia,Gilé,Mulheres,Mais de 60,2097.0
2025,Maio,Zambézia,Gilé,Outros,N/A,10.0
2025,Junho,Zambézia,Gilé,Homens,0 a 16,57.0
2025,Junho,Zambézia,Gilé,Mulheres,0 a 16,31.0
2025,Junho,Zambézia,Gilé,Homens,17 a 21,7760.0
2025,Junho,Zambézia,Gilé,Mulheres,17 a 21,7032.0
2025,Junho,Zambézia,Gilé,Homens,22 a 60,49911.0
2025,Junho,Zambézia,Gilé,Mulheres,22 a 60,36224.0
2025,Junho,Zambézia,Gilé,Homens,Mais de 60,2242.0
2025,Junho,Zambézia,Gilé,Mulheres,Mais de 60,2079.0
2025,Junho,Zambézia,Gilé,Outros,N/A,8.0
2025,Julho,Zambézia,Gilé,Homens,0 a 16,50.0
2025,Julho,Zambézia,Gilé,Mulheres,0 a 16,36.0
2025,Julho,Zambézia,Gilé,Homens,17 a 21,7616.0
2025,Julho,Zambézia,Gilé,Mulheres,17 a 21,7199.0
2025,Julho,Zambézia,Gilé,Homens,22 a 60,50122.0
2025,Julho,Zambézia,Gilé,Mulheres,22 a 60,36800.0
2025,Julho,Zambézia,Gilé,Homens,Mais de 60,2226.0
2025,Julho,Zambézia,Gilé,Mulheres,Mais de 60,2127.0
2025,Julho,Zambézia,Gilé,Outros,N/A,10.0
2025,Agosto,Zambézia,Gilé,Homens,0 a 16,57.0
2025,Agosto,Zambézia,Gilé,Mulheres,0 a 16,42.0
2025,Agosto,Zambézia,Gilé,Homens,17 a 21,8039.0
2025,Agosto,Zambézia,Gilé,Mulheres,17 a 21,7494.0
2025,Agosto,Zambézia,Gilé,Homens,22 a 60,52353.0
2025,Agosto,Zambézia,Gilé,Mulheres,22 a 60,38267.0
2025,Agosto,Zambézia,Gilé,Homens,Mais de 60,2303.0
2025,Agosto,Zambézia,Gilé,Mulheres,Mais de 60,2192.0
2025,Agosto,Zambézia,Gilé,Outros,N/A,7.0
2025,Setembro,Zambézia,Gilé,Homens,0 a 16,52.0
2025,Setembro,Zambézia,Gilé,Mulheres,0 a 16,39.0
2025,Setembro,Zambézia,Gilé,Homens,17 a 21,8242.0
2025,Setembro,Zambézia,Gilé,Mulheres,17 a 21,7618.0
2025,Setembro,Zambézia,Gilé,Homens,22 a 60,53895.0
2025,Setembro,Zambézia,Gilé,Mulheres,22 a 60,39295.0
2025,Setembro,Zambézia,Gilé,Homens,Mais de 60,2381.0
2025,Setembro,Zambézia,Gilé,Mulheres,Mais de 60,2159.0
2025,Setembro,Zambézia,Gilé,Outros,N/A,5.0
2025,Outubro,Zambézia,Gilé,Homens,0 a 16,54.0
2025,Outubro,Zambézia,Gilé,Mulheres,0 a 16,37.0
2025,Outubro,Zambézia,Gilé,Homens,17 a 21,8613.0
2025,Outubro,Zambézia,Gilé,Mulheres,17 a 21,7921.0
2025,Outubro,Zambézia,Gilé,Homens,22 a 60,55974.0
2025,Outubro,Zambézia,Gilé,Mulheres,22 a 60,40974.0
2025,Outubro,Zambézia,Gilé,Homens,Mais de 60,2490.0
2025,Outubro,Zambézia,Gilé,Mulheres,Mais de 60,2220.0
2025,Outubro,Zambézia,Gilé,Outros,N/A,5.0
2025,Novembro,Zambézia,Gilé,Homens,0 a 16,72.0
2025,Novembro,Zambézia,Gilé,Mulheres,0 a 16,40.0
2025,Novembro,Zambézia,Gilé,Homens,17 a 21,9056.0
2025,Novembro,Zambézia,Gilé,Mulheres,17 a 21,8317.0
2025,Novembro,Zambézia,Gilé,Homens,22 a 60,56602.0
2025,Novembro,Zambézia,Gilé,Mulheres,22 a 60,42448.0
2025,Novembro,Zambézia,Gilé,Homens,Mais de 60,2548.0
2025,Novembro,Zambézia,Gilé,Mulheres,Mais de 60,2336.0
2025,Novembro,Zambézia,Gilé,Outros,N/A,3.0
2025,Dezembro,Zambézia,Gilé,Homens,0 a 16,66.0
2025,Dezembro,Zambézia,Gilé,Mulheres,0 a 16,36.0
2025,Dezembro,Zambézia,Gilé,Homens,17 a 21,9188.0
2025,Dezembro,Zambézia,Gilé,Mulheres,17 a 21,8537.0
2025,Dezembro,Zambézia,Gilé,Homens,22 a 60,57507.0
2025,Dezembro,Zambézia,Gilé,Mulheres,22 a 60,42661.0
2025,Dezembro,Zambézia,Gilé,Homens,Mais de 60,2620.0
2025,Dezembro,Zambézia,Gilé,Mulheres,Mais de 60,2350.0
2025,Dezembro,Zambézia,Gilé,Outros,N/A,3.0
2025,Janeiro,Zambézia,Maganja da Costa,Homens,0 a 16,59.0
2025,Janeiro,Zambézia,Maganja da Costa,Mulheres,0 a 16,27.0
2025,Janeiro,Zambézia,Maganja da Costa,Homens,17 a 21,8928.0
2025,Janeiro,Zambézia,Maganja da Costa,Mulheres,17 a 21,7200.0
2025,Janeiro,Zambézia,Maganja da Costa,Homens,22 a 60,43581.0
2025,Janeiro,Zambézia,Maganja da Costa,Mulheres,22 a 60,34933.0
2025,Janeiro,Zambézia,Maganja da Costa,Homens,Mais de 60,2152.0
2025,Janeiro,Zambézia,Maganja da Costa,Mulheres,Mais de 60,1974.0
2025,Janeiro,Zambézia,Maganja da Costa,Outros,N/A,17.0
2025,Fevereiro,Zambézia,Maganja da Costa,Homens,0 a 16,79.0
2025,Fevereiro,Zambézia,Maganja da Costa,Mulheres,0 a 16,35.0
2025,Fevereiro,Zambézia,Maganja da Costa,Homens,17 a 21,8988.0
2025,Fevereiro,Zambézia,Maganja da Costa,Mulheres,17 a 21,7286.0
2025,Fevereiro,Zambézia,Maganja da Costa,Homens,22 a 60,43735.0
2025,Fevereiro,Zambézia,Maganja da Costa,Mulheres,22 a 60,35839.0
2025,Fevereiro,Zambézia,Maganja da Costa,Homens,Mais de 60,2227.0
2025,Fevereiro,Zambézia,Maganja da Costa,Mulheres,Mais de 60,2082.0
2025,Fevereiro,Zambézia,Maganja da Costa,Outros,N/A,16.0
2025,Março,Zambézia,Maganja da Costa,Homens,0 a 16,70.0
2025,Março,Zambézia,Maganja da Costa,Mulheres,0 a 16,38.0
2025,Março,Zambézia,Maganja da Costa,Homens,17 a 21,9031.0
2025,Março,Zambézia,Maganja da Costa,Mulheres,17 a 21,7412.0
2025,Março,Zambézia,Maganja da Costa,Homens,22 a 60,44673.0
2025,Março,Zambézia,Maganja da Costa,Mulheres,22 a 60,36705.0
2025,Março,Zambézia,Maganja da Costa,Homens,Mais de 60,2292.0
2025,Março,Zambézia,Maganja da Costa,Mulheres,Mais de 60,2150.0
2025,Março,Zambézia,Maganja da Costa,Outros,N/A,16.0
2025,Abril,Zambézia,Maganja da Costa,Homens,0 a 16,81.0
2025,Abril,Zambézia,Maganja da Costa,Mulheres,0 a 16,43.0
2025,Abril,Zambézia,Maganja da Costa,Homens,17 a 21,9081.0
2025,Abril,Zambézia,Maganja da Costa,Mulheres,17 a 21,7536.0
2025,Abril,Zambézia,Maganja da Costa,Homens,22 a 60,45829.0
2025,Abril,Zambézia,Maganja da Costa,Mulheres,22 a 60,37933.0
2025,Abril,Zambézia,Maganja da Costa,Homens,Mais de 60,2391.0
2025,Abril,Zambézia,Maganja da Costa,Mulheres,Mais de 60,2229.0
2025,Abril,Zambézia,Maganja da Costa,Outros,N/A,19.0
2025,Maio,Zambézia,Maganja da Costa,Homens,0 a 16,72.0
2025,Maio,Zambézia,Maganja da Costa,Mulheres,0 a 16,38.0
2025,Maio,Zambézia,Maganja da Costa,Homens,17 a 21,8819.0
2025,Maio,Zambézia,Maganja da Costa,Mulheres,17 a 21,7538.0
2025,Maio,Zambézia,Maganja da Costa,Homens,22 a 60,46263.0
2025,Maio,Zambézia,Maganja da Costa,Mulheres,22 a 60,38651.0
2025,Maio,Zambézia,Maganja da Costa,Homens,Mais de 60,2446.0
2025,Maio,Zambézia,Maganja da Costa,Mulheres,Mais de 60,2362.0
2025,Maio,Zambézia,Maganja da Costa,Outros,N/A,15.0
2025,Junho,Zambézia,Maganja da Costa,Homens,0 a 16,55.0
2025,Junho,Zambézia,Maganja da Costa,Mulheres,0 a 16,39.0
2025,Junho,Zambézia,Maganja da Costa,Homens,17 a 21,8670.0
2025,Junho,Zambézia,Maganja da Costa,Mulheres,17 a 21,7417.0
2025,Junho,Zambézia,Maganja da Costa,Homens,22 a 60,46481.0
2025,Junho,Zambézia,Maganja da Costa,Mulheres,22 a 60,38557.0
2025,Junho,Zambézia,Maganja da Costa,Homens,Mais de 60,2491.0
2025,Junho,Zambézia,Maganja da Costa,Mulheres,Mais de 60,2326.0
2025,Junho,Zambézia,Maganja da Costa,Outros,N/A,13.0
2025,Julho,Zambézia,Maganja da Costa,Homens,0 a 16,75.0
2025,Julho,Zambézia,Maganja da Costa,Mulheres,0 a 16,51.0
2025,Julho,Zambézia,Maganja da Costa,Homens,17 a 21,8787.0
2025,Julho,Zambézia,Maganja da Costa,Mulheres,17 a 21,7491.0
2025,Julho,Zambézia,Maganja da Costa,Homens,22 a 60,46931.0
2025,Julho,Zambézia,Maganja da Costa,Mulheres,22 a 60,39473.0
2025,Julho,Zambézia,Maganja da Costa,Homens,Mais de 60,2520.0
2025,Julho,Zambézia,Maganja da Costa,Mulheres,Mais de 60,2392.0
2025,Julho,Zambézia,Maganja da Costa,Outros,N/A,16.0
2025,Agosto,Zambézia,Maganja da Costa,Homens,0 a 16,88.0
2025,Agosto,Zambézia,Maganja da Costa,Mulheres,0 a 16,57.0
2025,Agosto,Zambézia,Maganja da Costa,Homens,17 a 21,9032.0
2025,Agosto,Zambézia,Maganja da Costa,Mulheres,17 a 21,7694.0
2025,Agosto,Zambézia,Maganja da Costa,Homens,22 a 60,49307.0
2025,Agosto,Zambézia,Maganja da Costa,Mulheres,22 a 60,41046.0
2025,Agosto,Zambézia,Maganja da Costa,Homens,Mais de 60,2629.0
2025,Agosto,Zambézia,Maganja da Costa,Mulheres,Mais de 60,2457.0
2025,Agosto,Zambézia,Maganja da Costa,Outros,N/A,17.0
2025,Setembro,Zambézia,Maganja da Costa,Homens,0 a 16,87.0
2025,Setembro,Zambézia,Maganja da Costa,Mulheres,0 a 16,49.0
2025,Setembro,Zambézia,Maganja da Costa,Homens,17 a 21,9256.0
2025,Setembro,Zambézia,Maganja da Costa,Mulheres,17 a 21,7844.0
2025,Setembro,Zambézia,Maganja da Costa,Homens,22 a 60,50427.0
2025,Setembro,Zambézia,Maganja da Costa,Mulheres,22 a 60,42452.0
2025,Setembro,Zambézia,Maganja da Costa,Homens,Mais de 60,2710.0
2025,Setembro,Zambézia,Maganja da Costa,Mulheres,Mais de 60,2550.0
2025,Setembro,Zambézia,Maganja da Costa,Outros,N/A,19.0
2025,Outubro,Zambézia,Maganja da Costa,Homens,0 a 16,85.0
2025,Outubro,Zambézia,Maganja da Costa,Mulheres,0 a 16,55.0
2025,Outubro,Zambézia,Maganja da Costa,Homens,17 a 21,9146.0
2025,Outubro,Zambézia,Maganja da Costa,Mulheres,17 a 21,7987.0
2025,Outubro,Zambézia,Maganja da Costa,Homens,22 a 60,51204.0
2025,Outubro,Zambézia,Maganja da Costa,Mulheres,22 a 60,43227.0
2025,Outubro,Zambézia,Maganja da Costa,Homens,Mais de 60,2706.0
2025,Outubro,Zambézia,Maganja da Costa,Mulheres,Mais de 60,2545.0
2025,Outubro,Zambézia,Maganja da Costa,Outros,N/A,18.0
2025,Novembro,Zambézia,Maganja da Costa,Homens,0 a 16,87.0
2025,Novembro,Zambézia,Maganja da Costa,Mulheres,0 a 16,49.0
2025,Novembro,Zambézia,Maganja da Costa,Homens,17 a 21,9362.0
2025,Novembro,Zambézia,Maganja da Costa,Mulheres,17 a 21,8205.0
2025,Novembro,Zambézia,Maganja da Costa,Homens,22 a 60,51691.0
2025,Novembro,Zambézia,Maganja da Costa,Mulheres,22 a 60,44779.0
2025,Novembro,Zambézia,Maganja da Costa,Homens,Mais de 60,2746.0
2025,Novembro,Zambézia,Maganja da Costa,Mulheres,Mais de 60,2550.0
2025,Novembro,Zambézia,Maganja da Costa,Outros,N/A,4.0
2025,Dezembro,Zambézia,Maganja da Costa,Homens,0 a 16,77.0
2025,Dezembro,Zambézia,Maganja da Costa,Mulheres,0 a 16,44.0
2025,Dezembro,Zambézia,Maganja da Costa,Homens,17 a 21,9329.0
2025,Dezembro,Zambézia,Maganja da Costa,Mulheres,17 a 21,8242.0
2025,Dezembro,Zambézia,Maganja da Costa,Homens,22 a 60,53521.0
2025,Dezembro,Zambézia,Maganja da Costa,Mulheres,22 a 60,45252.0
2025,Dezembro,Zambézia,Maganja da Costa,Homens,Mais de 60,2798.0
2025,Dezembro,Zambézia,Maganja da Costa,Mulheres,Mais de 60,2646.0
2025,Dezembro,Zambézia,Maganja da Costa,Outros,N/A,4.0
2025,Janeiro,Zambézia,Milange,Homens,0 a 16,111.0
2025,Janeiro,Zambézia,Milange,Mulheres,0 a 16,80.0
2025,Janeiro,Zambézia,Milange,Homens,17 a 21,19596.0
2025,Janeiro,Zambézia,Milange,Mulheres,17 a 21,18707.0
2025,Janeiro,Zambézia,Milange,Homens,22 a 60,102497.0
2025,Janeiro,Zambézia,Milange,Mulheres,22 a 60,87854.0
2025,Janeiro,Zambézia,Milange,Homens,Mais de 60,7793.0
2025,Janeiro,Zambézia,Milange,Mulheres,Mais de 60,8099.0
2025,Janeiro,Zambézia,Milange,Outros,N/A,31.0
2025,Fevereiro,Zambézia,Milange,Homens,0 a 16,134.0
2025,Fevereiro,Zambézia,Milange,Mulheres,0 a 16,110.0
2025,Fevereiro,Zambézia,Milange,Homens,17 a 21,19733.0
2025,Fevereiro,Zambézia,Milange,Mulheres,17 a 21,18620.0
2025,Fevereiro,Zambézia,Milange,Homens,22 a 60,102136.0
2025,Fevereiro,Zambézia,Milange,Mulheres,22 a 60,87039.0
2025,Fevereiro,Zambézia,Milange,Homens,Mais de 60,7742.0
2025,Fevereiro,Zambézia,Milange,Mulheres,Mais de 60,7878.0
2025,Fevereiro,Zambézia,Milange,Outros,N/A,39.0
2025,Março,Zambézia,Milange,Homens,0 a 16,142.0
2025,Março,Zambézia,Milange,Mulheres,0 a 16,127.0
2025,Março,Zambézia,Milange,Homens,17 a 21,20128.0
2025,Março,Zambézia,Milange,Mulheres,17 a 21,19036.0
2025,Março,Zambézia,Milange,Homens,22 a 60,107281.0
2025,Março,Zambézia,Milange,Mulheres,22 a 60,91601.0
2025,Março,Zambézia,Milange,Homens,Mais de 60,8020.0
2025,Março,Zambézia,Milange,Mulheres,Mais de 60,8283.0
2025,Março,Zambézia,Milange,Outros,N/A,42.0
2025,Abril,Zambézia,Milange,Homens,0 a 16,201.0
2025,Abril,Zambézia,Milange,Mulheres,0 a 16,161.0
2025,Abril,Zambézia,Milange,Homens,17 a 21,21500.0
2025,Abril,Zambézia,Milange,Mulheres,17 a 21,20253.0
2025,Abril,Zambézia,Milange,Homens,22 a 60,115029.0
2025,Abril,Zambézia,Milange,Mulheres,22 a 60,98839.0
2025,Abril,Zambézia,Milange,Homens,Mais de 60,8402.0
2025,Abril,Zambézia,Milange,Mulheres,Mais de 60,8859.0
2025,Abril,Zambézia,Milange,Outros,N/A,37.0
2025,Maio,Zambézia,Milange,Homens,0 a 16,163.0
2025,Maio,Zambézia,Milange,Mulheres,0 a 16,133.0
2025,Maio,Zambézia,Milange,Homens,17 a 21,20514.0
2025,Maio,Zambézia,Milange,Mulheres,17 a 21,19203.0
2025,Maio,Zambézia,Milange,Homens,22 a 60,113449.0
2025,Maio,Zambézia,Milange,Mulheres,22 a 60,96922.0
2025,Maio,Zambézia,Milange,Homens,Mais de 60,8413.0
2025,Maio,Zambézia,Milange,Mulheres,Mais de 60,8822.0
2025,Maio,Zambézia,Milange,Outros,N/A,36.0
2025,Junho,Zambézia,Milange,Homens,0 a 16,159.0
2025,Junho,Zambézia,Milange,Mulheres,0 a 16,101.0
2025,Junho,Zambézia,Milange,Homens,17 a 21,19838.0
2025,Junho,Zambézia,Milange,Mulheres,17 a 21,18284.0
2025,Junho,Zambézia,Milange,Homens,22 a 60,111104.0
2025,Junho,Zambézia,Milange,Mulheres,22 a 60,93267.0
2025,Junho,Zambézia,Milange,Homens,Mais de 60,8149.0
2025,Junho,Zambézia,Milange,Mulheres,Mais de 60,8291.0
2025,Junho,Zambézia,Milange,Outros,N/A,25.0
2025,Julho,Zambézia,Milange,Homens,0 a 16,160.0
2025,Julho,Zambézia,Milange,Mulheres,0 a 16,98.0
2025,Julho,Zambézia,Milange,Homens,17 a 21,19335.0
2025,Julho,Zambézia,Milange,Mulheres,17 a 21,17826.0
2025,Julho,Zambézia,Milange,Homens,22 a 60,111135.0
2025,Julho,Zambézia,Milange,Mulheres,22 a 60,92383.0
2025,Julho,Zambézia,Milange,Homens,Mais de 60,7966.0
2025,Julho,Zambézia,Milange,Mulheres,Mais de 60,8245.0
2025,Julho,Zambézia,Milange,Outros,N/A,35.0
2025,Agosto,Zambézia,Milange,Homens,0 a 16,137.0
2025,Agosto,Zambézia,Milange,Mulheres,0 a 16,79.0
2025,Agosto,Zambézia,Milange,Homens,17 a 21,20039.0
2025,Agosto,Zambézia,Milange,Mulheres,17 a 21,18539.0
2025,Agosto,Zambézia,Milange,Homens,22 a 60,117787.0
2025,Agosto,Zambézia,Milange,Mulheres,22 a 60,96739.0
2025,Agosto,Zambézia,Milange,Homens,Mais de 60,8212.0
2025,Agosto,Zambézia,Milange,Mulheres,Mais de 60,8652.0
2025,Agosto,Zambézia,Milange,Outros,N/A,35.0
2025,Setembro,Zambézia,Milange,Homens,0 a 16,144.0
2025,Setembro,Zambézia,Milange,Mulheres,0 a 16,72.0
2025,Setembro,Zambézia,Milange,Homens,17 a 21,20599.0
2025,Setembro,Zambézia,Milange,Mulheres,17 a 21,19285.0
2025,Setembro,Zambézia,Milange,Homens,22 a 60,123882.0
2025,Setembro,Zambézia,Milange,Mulheres,22 a 60,102017.0
2025,Setembro,Zambézia,Milange,Homens,Mais de 60,8560.0
2025,Setembro,Zambézia,Milange,Mulheres,Mais de 60,8971.0
2025,Setembro,Zambézia,Milange,Outros,N/A,32.0
2025,Outubro,Zambézia,Milange,Homens,0 a 16,146.0
2025,Outubro,Zambézia,Milange,Mulheres,0 a 16,70.0
2025,Outubro,Zambézia,Milange,Homens,17 a 21,21269.0
2025,Outubro,Zambézia,Milange,Mulheres,17 a 21,19985.0
2025,Outubro,Zambézia,Milange,Homens,22 a 60,131051.0
2025,Outubro,Zambézia,Milange,Mulheres,22 a 60,108439.0
2025,Outubro,Zambézia,Milange,Homens,Mais de 60,8907.0
2025,Outubro,Zambézia,Milange,Mulheres,Mais de 60,9261.0
2025,Outubro,Zambézia,Milange,Outros,N/A,34.0
2025,Novembro,Zambézia,Milange,Homens,0 a 16,147.0
2025,Novembro,Zambézia,Milange,Mulheres,0 a 16,72.0
2025,Novembro,Zambézia,Milange,Homens,17 a 21,20929.0
2025,Novembro,Zambézia,Milange,Mulheres,17 a 21,19407.0
2025,Novembro,Zambézia,Milange,Homens,22 a 60,125705.0
2025,Novembro,Zambézia,Milange,Mulheres,22 a 60,105432.0
2025,Novembro,Zambézia,Milange,Homens,Mais de 60,8648.0
2025,Novembro,Zambézia,Milange,Mulheres,Mais de 60,8917.0
2025,Novembro,Zambézia,Milange,Outros,N/A,12.0
2025,Dezembro,Zambézia,Milange,Homens,0 a 16,124.0
2025,Dezembro,Zambézia,Milange,Mulheres,0 a 16,72.0
2025,Dezembro,Zambézia,Milange,Homens,17 a 21,20415.0
2025,Dezembro,Zambézia,Milange,Mulheres,17 a 21,18797.0
2025,Dezembro,Zambézia,Milange,Homens,22 a 60,123583.0
2025,Dezembro,Zambézia,Milange,Mulheres,22 a 60,102241.0
2025,Dezembro,Zambézia,Milange,Homens,Mais de 60,8234.0
2025,Dezembro,Zambézia,Milange,Mulheres,Mais de 60,8379.0
2025,Dezembro,Zambézia,Milange,Outros,N/A,10.0
2025,Janeiro,Zambézia,Mocuba,Homens,0 a 16,297.0
2025,Janeiro,Zambézia,Mocuba,Mulheres,0 a 16,205.0
2025,Janeiro,Zambézia,Mocuba,Homens,17 a 21,26932.0
2025,Janeiro,Zambézia,Mocuba,Mulheres,17 a 21,23215.0
2025,Janeiro,Zambézia,Mocuba,Homens,22 a 60,128910.0
2025,Janeiro,Zambézia,Mocuba,Mulheres,22 a 60,111071.0
2025,Janeiro,Zambézia,Mocuba,Homens,Mais de 60,6839.0
2025,Janeiro,Zambézia,Mocuba,Mulheres,Mais de 60,6593.0
2025,Janeiro,Zambézia,Mocuba,Outros,N/A,80.0
2025,Fevereiro,Zambézia,Mocuba,Homens,0 a 16,310.0
2025,Fevereiro,Zambézia,Mocuba,Mulheres,0 a 16,215.0
2025,Fevereiro,Zambézia,Mocuba,Homens,17 a 21,26957.0
2025,Fevereiro,Zambézia,Mocuba,Mulheres,17 a 21,23301.0
2025,Fevereiro,Zambézia,Mocuba,Homens,22 a 60,128639.0
2025,Fevereiro,Zambézia,Mocuba,Mulheres,22 a 60,111512.0
2025,Fevereiro,Zambézia,Mocuba,Homens,Mais de 60,6887.0
2025,Fevereiro,Zambézia,Mocuba,Mulheres,Mais de 60,6667.0
2025,Fevereiro,Zambézia,Mocuba,Outros,N/A,79.0
2025,Março,Zambézia,Mocuba,Homens,0 a 16,316.0
2025,Março,Zambézia,Mocuba,Mulheres,0 a 16,225.0
2025,Março,Zambézia,Mocuba,Homens,17 a 21,27245.0
2025,Março,Zambézia,Mocuba,Mulheres,17 a 21,23835.0
2025,Março,Zambézia,Mocuba,Homens,22 a 60,131868.0
2025,Março,Zambézia,Mocuba,Mulheres,22 a 60,114492.0
2025,Março,Zambézia,Mocuba,Homens,Mais de 60,7209.0
2025,Março,Zambézia,Mocuba,Mulheres,Mais de 60,6904.0
2025,Março,Zambézia,Mocuba,Outros,N/A,82.0
2025,Abril,Zambézia,Mocuba,Homens,0 a 16,367.0
2025,Abril,Zambézia,Mocuba,Mulheres,0 a 16,270.0
2025,Abril,Zambézia,Mocuba,Homens,17 a 21,28872.0
2025,Abril,Zambézia,Mocuba,Mulheres,17 a 21,25258.0
2025,Abril,Zambézia,Mocuba,Homens,22 a 60,139546.0
2025,Abril,Zambézia,Mocuba,Mulheres,22 a 60,122047.0
2025,Abril,Zambézia,Mocuba,Homens,Mais de 60,7611.0
2025,Abril,Zambézia,Mocuba,Mulheres,Mais de 60,7480.0
2025,Abril,Zambézia,Mocuba,Outros,N/A,81.0
2025,Maio,Zambézia,Mocuba,Homens,0 a 16,321.0
2025,Maio,Zambézia,Mocuba,Mulheres,0 a 16,232.0
2025,Maio,Zambézia,Mocuba,Homens,17 a 21,27316.0
2025,Maio,Zambézia,Mocuba,Mulheres,17 a 21,24275.0
2025,Maio,Zambézia,Mocuba,Homens,22 a 60,136818.0
2025,Maio,Zambézia,Mocuba,Mulheres,22 a 60,120707.0
2025,Maio,Zambézia,Mocuba,Homens,Mais de 60,7533.0
2025,Maio,Zambézia,Mocuba,Mulheres,Mais de 60,7419.0
2025,Maio,Zambézia,Mocuba,Outros,N/A,70.0
2025,Junho,Zambézia,Mocuba,Homens,0 a 16,277.0
2025,Junho,Zambézia,Mocuba,Mulheres,0 a 16,208.0
2025,Junho,Zambézia,Mocuba,Homens,17 a 21,25349.0
2025,Junho,Zambézia,Mocuba,Mulheres,17 a 21,22813.0
2025,Junho,Zambézia,Mocuba,Homens,22 a 60,129180.0
2025,Junho,Zambézia,Mocuba,Mulheres,22 a 60,114586.0
2025,Junho,Zambézia,Mocuba,Homens,Mais de 60,7047.0
2025,Junho,Zambézia,Mocuba,Mulheres,Mais de 60,6988.0
2025,Junho,Zambézia,Mocuba,Outros,N/A,75.0
2025,Julho,Zambézia,Mocuba,Homens,0 a 16,273.0
2025,Julho,Zambézia,Mocuba,Mulheres,0 a 16,189.0
2025,Julho,Zambézia,Mocuba,Homens,17 a 21,24897.0
2025,Julho,Zambézia,Mocuba,Mulheres,17 a 21,22568.0
2025,Julho,Zambézia,Mocuba,Homens,22 a 60,129492.0
2025,Julho,Zambézia,Mocuba,Mulheres,22 a 60,114846.0
2025,Julho,Zambézia,Mocuba,Homens,Mais de 60,7027.0
2025,Julho,Zambézia,Mocuba,Mulheres,Mais de 60,6984.0
2025,Julho,Zambézia,Mocuba,Outros,N/A,86.0
2025,Agosto,Zambézia,Mocuba,Homens,0 a 16,264.0
2025,Agosto,Zambézia,Mocuba,Mulheres,0 a 16,194.0
2025,Agosto,Zambézia,Mocuba,Homens,17 a 21,25475.0
2025,Agosto,Zambézia,Mocuba,Mulheres,17 a 21,22756.0
2025,Agosto,Zambézia,Mocuba,Homens,22 a 60,134590.0
2025,Agosto,Zambézia,Mocuba,Mulheres,22 a 60,117535.0
2025,Agosto,Zambézia,Mocuba,Homens,Mais de 60,7329.0
2025,Agosto,Zambézia,Mocuba,Mulheres,Mais de 60,7220.0
2025,Agosto,Zambézia,Mocuba,Outros,N/A,83.0
2025,Setembro,Zambézia,Mocuba,Homens,0 a 16,255.0
2025,Setembro,Zambézia,Mocuba,Mulheres,0 a 16,178.0
2025,Setembro,Zambézia,Mocuba,Homens,17 a 21,26189.0
2025,Setembro,Zambézia,Mocuba,Mulheres,17 a 21,23352.0
2025,Setembro,Zambézia,Mocuba,Homens,22 a 60,140389.0
2025,Setembro,Zambézia,Mocuba,Mulheres,22 a 60,122339.0
2025,Setembro,Zambézia,Mocuba,Homens,Mais de 60,7491.0
2025,Setembro,Zambézia,Mocuba,Mulheres,Mais de 60,7395.0
2025,Setembro,Zambézia,Mocuba,Outros,N/A,86.0
2025,Outubro,Zambézia,Mocuba,Homens,0 a 16,271.0
2025,Outubro,Zambézia,Mocuba,Mulheres,0 a 16,191.0
2025,Outubro,Zambézia,Mocuba,Homens,17 a 21,27008.0
2025,Outubro,Zambézia,Mocuba,Mulheres,17 a 21,24340.0
2025,Outubro,Zambézia,Mocuba,Homens,22 a 60,147569.0
2025,Outubro,Zambézia,Mocuba,Mulheres,22 a 60,128967.0
2025,Outubro,Zambézia,Mocuba,Homens,Mais de 60,7889.0
2025,Outubro,Zambézia,Mocuba,Mulheres,Mais de 60,7874.0
2025,Outubro,Zambézia,Mocuba,Outros,N/A,84.0
2025,Novembro,Zambézia,Mocuba,Homens,0 a 16,283.0
2025,Novembro,Zambézia,Mocuba,Mulheres,0 a 16,210.0
2025,Novembro,Zambézia,Mocuba,Homens,17 a 21,27401.0
2025,Novembro,Zambézia,Mocuba,Mulheres,17 a 21,24789.0
2025,Novembro,Zambézia,Mocuba,Homens,22 a 60,145985.0
2025,Novembro,Zambézia,Mocuba,Mulheres,22 a 60,133853.0
2025,Novembro,Zambézia,Mocuba,Homens,Mais de 60,7828.0
2025,Novembro,Zambézia,Mocuba,Mulheres,Mais de 60,8065.0
2025,Novembro,Zambézia,Mocuba,Outros,N/A,42.0
2025,Dezembro,Zambézia,Mocuba,Homens,0 a 16,297.0
2025,Dezembro,Zambézia,Mocuba,Mulheres,0 a 16,180.0
2025,Dezembro,Zambézia,Mocuba,Homens,17 a 21,27833.0
2025,Dezembro,Zambézia,Mocuba,Mulheres,17 a 21,24976.0
2025,Dezembro,Zambézia,Mocuba,Homens,22 a 60,153160.0
2025,Dezembro,Zambézia,Mocuba,Mulheres,22 a 60,133309.0
2025,Dezembro,Zambézia,Mocuba,Homens,Mais de 60,8196.0
2025,Dezembro,Zambézia,Mocuba,Mulheres,Mais de 60,8073.0
2025,Dezembro,Zambézia,Mocuba,Outros,N/A,36.0
2025,Janeiro,Zambézia,Mopeia,Homens,0 a 16,37.0
2025,Janeiro,Zambézia,Mopeia,Mulheres,0 a 16,23.0
2025,Janeiro,Zambézia,Mopeia,Homens,17 a 21,7245.0
2025,Janeiro,Zambézia,Mopeia,Mulheres,17 a 21,5662.0
2025,Janeiro,Zambézia,Mopeia,Homens,22 a 60,37845.0
2025,Janeiro,Zambézia,Mopeia,Mulheres,22 a 60,25784.0
2025,Janeiro,Zambézia,Mopeia,Homens,Mais de 60,2087.0
2025,Janeiro,Zambézia,Mopeia,Mulheres,Mais de 60,1749.0
2025,Janeiro,Zambézia,Mopeia,Outros,N/A,10.0
2025,Fevereiro,Zambézia,Mopeia,Homens,0 a 16,43.0
2025,Fevereiro,Zambézia,Mopeia,Mulheres,0 a 16,25.0
2025,Fevereiro,Zambézia,Mopeia,Homens,17 a 21,7148.0
2025,Fevereiro,Zambézia,Mopeia,Mulheres,17 a 21,5610.0
2025,Fevereiro,Zambézia,Mopeia,Homens,22 a 60,37476.0
2025,Fevereiro,Zambézia,Mopeia,Mulheres,22 a 60,25525.0
2025,Fevereiro,Zambézia,Mopeia,Homens,Mais de 60,2012.0
2025,Fevereiro,Zambézia,Mopeia,Mulheres,Mais de 60,1696.0
2025,Fevereiro,Zambézia,Mopeia,Outros,N/A,11.0
2025,Março,Zambézia,Mopeia,Homens,0 a 16,49.0
2025,Março,Zambézia,Mopeia,Mulheres,0 a 16,28.0
2025,Março,Zambézia,Mopeia,Homens,17 a 21,7126.0
2025,Março,Zambézia,Mopeia,Mulheres,17 a 21,5659.0
2025,Março,Zambézia,Mopeia,Homens,22 a 60,37870.0
2025,Março,Zambézia,Mopeia,Mulheres,22 a 60,26161.0
2025,Março,Zambézia,Mopeia,Homens,Mais de 60,2095.0
2025,Março,Zambézia,Mopeia,Mulheres,Mais de 60,1729.0
2025,Março,Zambézia,Mopeia,Outros,N/A,11.0
2025,Abril,Zambézia,Mopeia,Homens,0 a 16,52.0
2025,Abril,Zambézia,Mopeia,Mulheres,0 a 16,38.0
2025,Abril,Zambézia,Mopeia,Homens,17 a 21,7311.0
2025,Abril,Zambézia,Mopeia,Mulheres,17 a 21,5966.0
2025,Abril,Zambézia,Mopeia,Homens,22 a 60,39367.0
2025,Abril,Zambézia,Mopeia,Mulheres,22 a 60,27771.0
2025,Abril,Zambézia,Mopeia,Homens,Mais de 60,2117.0
2025,Abril,Zambézia,Mopeia,Mulheres,Mais de 60,1895.0
2025,Abril,Zambézia,Mopeia,Outros,N/A,12.0
2025,Maio,Zambézia,Mopeia,Homens,0 a 16,44.0
2025,Maio,Zambézia,Mopeia,Mulheres,0 a 16,35.0
2025,Maio,Zambézia,Mopeia,Homens,17 a 21,6908.0
2025,Maio,Zambézia,Mopeia,Mulheres,17 a 21,5795.0
2025,Maio,Zambézia,Mopeia,Homens,22 a 60,38098.0
2025,Maio,Zambézia,Mopeia,Mulheres,22 a 60,27238.0
2025,Maio,Zambézia,Mopeia,Homens,Mais de 60,2053.0
2025,Maio,Zambézia,Mopeia,Mulheres,Mais de 60,1830.0
2025,Maio,Zambézia,Mopeia,Outros,N/A,14.0
2025,Junho,Zambézia,Mopeia,Homens,0 a 16,31.0
2025,Junho,Zambézia,Mopeia,Mulheres,0 a 16,24.0
2025,Junho,Zambézia,Mopeia,Homens,17 a 21,6371.0
2025,Junho,Zambézia,Mopeia,Mulheres,17 a 21,5425.0
2025,Junho,Zambézia,Mopeia,Homens,22 a 60,35428.0
2025,Junho,Zambézia,Mopeia,Mulheres,22 a 60,25791.0
2025,Junho,Zambézia,Mopeia,Homens,Mais de 60,1879.0
2025,Junho,Zambézia,Mopeia,Mulheres,Mais de 60,1724.0
2025,Junho,Zambézia,Mopeia,Outros,N/A,7.0
2025,Julho,Zambézia,Mopeia,Homens,0 a 16,40.0
2025,Julho,Zambézia,Mopeia,Mulheres,0 a 16,22.0
2025,Julho,Zambézia,Mopeia,Homens,17 a 21,6440.0
2025,Julho,Zambézia,Mopeia,Mulheres,17 a 21,5672.0
2025,Julho,Zambézia,Mopeia,Homens,22 a 60,36745.0
2025,Julho,Zambézia,Mopeia,Mulheres,22 a 60,27013.0
2025,Julho,Zambézia,Mopeia,Homens,Mais de 60,1966.0
2025,Julho,Zambézia,Mopeia,Mulheres,Mais de 60,1734.0
2025,Julho,Zambézia,Mopeia,Outros,N/A,8.0
2025,Agosto,Zambézia,Mopeia,Homens,0 a 16,49.0
2025,Agosto,Zambézia,Mopeia,Mulheres,0 a 16,28.0
2025,Agosto,Zambézia,Mopeia,Homens,17 a 21,6945.0
2025,Agosto,Zambézia,Mopeia,Mulheres,17 a 21,6109.0
2025,Agosto,Zambézia,Mopeia,Homens,22 a 60,39354.0
2025,Agosto,Zambézia,Mopeia,Mulheres,22 a 60,28841.0
2025,Agosto,Zambézia,Mopeia,Homens,Mais de 60,2136.0
2025,Agosto,Zambézia,Mopeia,Mulheres,Mais de 60,1858.0
2025,Agosto,Zambézia,Mopeia,Outros,N/A,10.0
2025,Setembro,Zambézia,Mopeia,Homens,0 a 16,47.0
2025,Setembro,Zambézia,Mopeia,Mulheres,0 a 16,32.0
2025,Setembro,Zambézia,Mopeia,Homens,17 a 21,7252.0
2025,Setembro,Zambézia,Mopeia,Mulheres,17 a 21,6463.0
2025,Setembro,Zambézia,Mopeia,Homens,22 a 60,41648.0
2025,Setembro,Zambézia,Mopeia,Mulheres,22 a 60,30737.0
2025,Setembro,Zambézia,Mopeia,Homens,Mais de 60,2213.0
2025,Setembro,Zambézia,Mopeia,Mulheres,Mais de 60,1958.0
2025,Setembro,Zambézia,Mopeia,Outros,N/A,12.0
2025,Outubro,Zambézia,Mopeia,Homens,0 a 16,76.0
2025,Outubro,Zambézia,Mopeia,Mulheres,0 a 16,48.0
2025,Outubro,Zambézia,Mopeia,Homens,17 a 21,7697.0
2025,Outubro,Zambézia,Mopeia,Mulheres,17 a 21,6944.0
2025,Outubro,Zambézia,Mopeia,Homens,22 a 60,44734.0
2025,Outubro,Zambézia,Mopeia,Mulheres,22 a 60,33275.0
2025,Outubro,Zambézia,Mopeia,Homens,Mais de 60,2420.0
2025,Outubro,Zambézia,Mopeia,Mulheres,Mais de 60,2193.0
2025,Outubro,Zambézia,Mopeia,Outros,N/A,12.0
2025,Novembro,Zambézia,Mopeia,Homens,0 a 16,96.0
2025,Novembro,Zambézia,Mopeia,Mulheres,0 a 16,55.0
2025,Novembro,Zambézia,Mopeia,Homens,17 a 21,7920.0
2025,Novembro,Zambézia,Mopeia,Mulheres,17 a 21,7135.0
2025,Novembro,Zambézia,Mopeia,Homens,22 a 60,44934.0
2025,Novembro,Zambézia,Mopeia,Mulheres,22 a 60,34224.0
2025,Novembro,Zambézia,Mopeia,Homens,Mais de 60,2435.0
2025,Novembro,Zambézia,Mopeia,Mulheres,Mais de 60,2231.0
2025,Novembro,Zambézia,Mopeia,Outros,N/A,8.0
2025,Dezembro,Zambézia,Mopeia,Homens,0 a 16,94.0
2025,Dezembro,Zambézia,Mopeia,Mulheres,0 a 16,52.0
2025,Dezembro,Zambézia,Mopeia,Homens,17 a 21,8135.0
2025,Dezembro,Zambézia,Mopeia,Mulheres,17 a 21,7312.0
2025,Dezembro,Zambézia,Mopeia,Homens,22 a 60,46263.0
2025,Dezembro,Zambézia,Mopeia,Mulheres,22 a 60,34490.0
2025,Dezembro,Zambézia,Mopeia,Homens,Mais de 60,2531.0
2025,Dezembro,Zambézia,Mopeia,Mulheres,Mais de 60,2222.0
2025,Dezembro,Zambézia,Mopeia,Outros,N/A,6.0
2025,Janeiro,Zambézia,Morrumbala,Homens,0 a 16,46.0
2025,Janeiro,Zambézia,Morrumbala,Mulheres,0 a 16,22.0
2025,Janeiro,Zambézia,Morrumbala,Homens,17 a 21,11360.0
2025,Janeiro,Zambézia,Morrumbala,Mulheres,17 a 21,10053.0
2025,Janeiro,Zambézia,Morrumbala,Homens,22 a 60,59437.0
2025,Janeiro,Zambézia,Morrumbala,Mulheres,22 a 60,46700.0
2025,Janeiro,Zambézia,Morrumbala,Homens,Mais de 60,3903.0
2025,Janeiro,Zambézia,Morrumbala,Mulheres,Mais de 60,4428.0
2025,Janeiro,Zambézia,Morrumbala,Outros,N/A,5.0
2025,Fevereiro,Zambézia,Morrumbala,Homens,0 a 16,43.0
2025,Fevereiro,Zambézia,Morrumbala,Mulheres,0 a 16,23.0
2025,Fevereiro,Zambézia,Morrumbala,Homens,17 a 21,10830.0
2025,Fevereiro,Zambézia,Morrumbala,Mulheres,17 a 21,9553.0
2025,Fevereiro,Zambézia,Morrumbala,Homens,22 a 60,55866.0
2025,Fevereiro,Zambézia,Morrumbala,Mulheres,22 a 60,44040.0
2025,Fevereiro,Zambézia,Morrumbala,Homens,Mais de 60,3696.8
2025,Fevereiro,Zambézia,Morrumbala,Mulheres,Mais de 60,4094.28
2025,Fevereiro,Zambézia,Morrumbala,Outros,N/A,4.0
2025,Março,Zambézia,Morrumbala,Homens,0 a 16,55.0
2025,Março,Zambézia,Morrumbala,Mulheres,0 a 16,30.0
2025,Março,Zambézia,Morrumbala,Homens,17 a 21,10676.0
2025,Março,Zambézia,Morrumbala,Mulheres,17 a 21,9499.0
2025,Março,Zambézia,Morrumbala,Homens,22 a 60,56430.0
2025,Março,Zambézia,Morrumbala,Mulheres,22 a 60,44749.0
2025,Março,Zambézia,Morrumbala,Homens,Mais de 60,3511.0
2025,Março,Zambézia,Morrumbala,Mulheres,Mais de 60,3870.0
2025,Março,Zambézia,Morrumbala,Outros,N/A,9.0
2025,Abril,Zambézia,Morrumbala,Homens,0 a 16,63.0
2025,Abril,Zambézia,Morrumbala,Mulheres,0 a 16,39.0
2025,Abril,Zambézia,Morrumbala,Homens,17 a 21,10958.0
2025,Abril,Zambézia,Morrumbala,Mulheres,17 a 21,9894.0
2025,Abril,Zambézia,Morrumbala,Homens,22 a 60,59653.0
2025,Abril,Zambézia,Morrumbala,Mulheres,22 a 60,47780.0
2025,Abril,Zambézia,Morrumbala,Homens,Mais de 60,3771.0
2025,Abril,Zambézia,Morrumbala,Mulheres,Mais de 60,4135.0
2025,Abril,Zambézia,Morrumbala,Outros,N/A,11.0
2025,Maio,Zambézia,Morrumbala,Homens,0 a 16,47.0
2025,Maio,Zambézia,Morrumbala,Mulheres,0 a 16,25.0
2025,Maio,Zambézia,Morrumbala,Homens,17 a 21,10280.0
2025,Maio,Zambézia,Morrumbala,Mulheres,17 a 21,9442.0
2025,Maio,Zambézia,Morrumbala,Homens,22 a 60,58017.0
2025,Maio,Zambézia,Morrumbala,Mulheres,22 a 60,47054.0
2025,Maio,Zambézia,Morrumbala,Homens,Mais de 60,3681.0
2025,Maio,Zambézia,Morrumbala,Mulheres,Mais de 60,4056.0
2025,Maio,Zambézia,Morrumbala,Outros,N/A,6.0
2025,Junho,Zambézia,Morrumbala,Homens,0 a 16,29.0
2025,Junho,Zambézia,Morrumbala,Mulheres,0 a 16,13.0
2025,Junho,Zambézia,Morrumbala,Homens,17 a 21,9809.0
2025,Junho,Zambézia,Morrumbala,Mulheres,17 a 21,8957.0
2025,Junho,Zambézia,Morrumbala,Homens,22 a 60,56444.0
2025,Junho,Zambézia,Morrumbala,Mulheres,22 a 60,46368.0
2025,Junho,Zambézia,Morrumbala,Homens,Mais de 60,3633.0
2025,Junho,Zambézia,Morrumbala,Mulheres,Mais de 60,4048.0
2025,Junho,Zambézia,Morrumbala,Outros,N/A,6.0
2025,Julho,Zambézia,Morrumbala,Homens,0 a 16,29.0
2025,Julho,Zambézia,Morrumbala,Mulheres,0 a 16,12.0
2025,Julho,Zambézia,Morrumbala,Homens,17 a 21,9618.0
2025,Julho,Zambézia,Morrumbala,Mulheres,17 a 21,9127.0
2025,Julho,Zambézia,Morrumbala,Homens,22 a 60,57191.0
2025,Julho,Zambézia,Morrumbala,Mulheres,22 a 60,47159.0
2025,Julho,Zambézia,Morrumbala,Homens,Mais de 60,3708.0
2025,Julho,Zambézia,Morrumbala,Mulheres,Mais de 60,4165.0
2025,Julho,Zambézia,Morrumbala,Outros,N/A,11.0
2025,Agosto,Zambézia,Morrumbala,Homens,0 a 16,30.0
2025,Agosto,Zambézia,Morrumbala,Mulheres,0 a 16,8.0
2025,Agosto,Zambézia,Morrumbala,Homens,17 a 21,9986.0
2025,Agosto,Zambézia,Morrumbala,Mulheres,17 a 21,9477.0
2025,Agosto,Zambézia,Morrumbala,Homens,22 a 60,60889.0
2025,Agosto,Zambézia,Morrumbala,Mulheres,22 a 60,49808.0
2025,Agosto,Zambézia,Morrumbala,Homens,Mais de 60,3975.0
2025,Agosto,Zambézia,Morrumbala,Mulheres,Mais de 60,4419.0
2025,Agosto,Zambézia,Morrumbala,Outros,N/A,11.0
2025,Setembro,Zambézia,Morrumbala,Homens,0 a 16,35.0
2025,Setembro,Zambézia,Morrumbala,Mulheres,0 a 16,12.0
2025,Setembro,Zambézia,Morrumbala,Homens,17 a 21,10655.0
2025,Setembro,Zambézia,Morrumbala,Mulheres,17 a 21,10136.0
2025,Setembro,Zambézia,Morrumbala,Homens,22 a 60,66011.0
2025,Setembro,Zambézia,Morrumbala,Mulheres,22 a 60,54002.0
2025,Setembro,Zambézia,Morrumbala,Homens,Mais de 60,4171.0
2025,Setembro,Zambézia,Morrumbala,Mulheres,Mais de 60,4671.0
2025,Setembro,Zambézia,Morrumbala,Outros,N/A,12.0
2025,Outubro,Zambézia,Morrumbala,Homens,0 a 16,44.0
2025,Outubro,Zambézia,Morrumbala,Mulheres,0 a 16,11.0
2025,Outubro,Zambézia,Morrumbala,Homens,17 a 21,11096.0
2025,Outubro,Zambézia,Morrumbala,Mulheres,17 a 21,10723.0
2025,Outubro,Zambézia,Morrumbala,Homens,22 a 60,71637.0
2025,Outubro,Zambézia,Morrumbala,Mulheres,22 a 60,57940.0
2025,Outubro,Zambézia,Morrumbala,Homens,Mais de 60,4346.0
2025,Outubro,Zambézia,Morrumbala,Mulheres,Mais de 60,4944.0
2025,Outubro,Zambézia,Morrumbala,Outros,N/A,11.0
2025,Novembro,Zambézia,Morrumbala,Homens,0 a 16,39.0
2025,Novembro,Zambézia,Morrumbala,Mulheres,0 a 16,17.0
2025,Novembro,Zambézia,Morrumbala,Homens,17 a 21,11084.0
2025,Novembro,Zambézia,Morrumbala,Mulheres,17 a 21,10668.0
2025,Novembro,Zambézia,Morrumbala,Homens,22 a 60,71098.0
2025,Novembro,Zambézia,Morrumbala,Mulheres,22 a 60,59670.0
2025,Novembro,Zambézia,Morrumbala,Homens,Mais de 60,4207.0
2025,Novembro,Zambézia,Morrumbala,Mulheres,Mais de 60,4715.0
2025,Novembro,Zambézia,Morrumbala,Outros,N/A,3.0
2025,Dezembro,Zambézia,Morrumbala,Homens,0 a 16,50.0
2025,Dezembro,Zambézia,Morrumbala,Mulheres,0 a 16,14.0
2025,Dezembro,Zambézia,Morrumbala,Homens,17 a 21,10904.0
2025,Dezembro,Zambézia,Morrumbala,Mulheres,17 a 21,10426.0
2025,Dezembro,Zambézia,Morrumbala,Homens,22 a 60,70411.0
2025,Dezembro,Zambézia,Morrumbala,Mulheres,22 a 60,58491.0
2025,Dezembro,Zambézia,Morrumbala,Homens,Mais de 60,4157.0
2025,Dezembro,Zambézia,Morrumbala,Mulheres,Mais de 60,4656.0
2025,Dezembro,Zambézia,Morrumbala,Outros,N/A,2.0
2025,Janeiro,Zambézia,Namacurra,Homens,0 a 16,72.0
2025,Janeiro,Zambézia,Namacurra,Mulheres,0 a 16,51.0
2025,Janeiro,Zambézia,Namacurra,Homens,17 a 21,9219.0
2025,Janeiro,Zambézia,Namacurra,Mulheres,17 a 21,7413.0
2025,Janeiro,Zambézia,Namacurra,Homens,22 a 60,37964.0
2025,Janeiro,Zambézia,Namacurra,Mulheres,22 a 60,31175.0
2025,Janeiro,Zambézia,Namacurra,Homens,Mais de 60,1951.0
2025,Janeiro,Zambézia,Namacurra,Mulheres,Mais de 60,1814.0
2025,Janeiro,Zambézia,Namacurra,Outros,N/A,11.0
2025,Fevereiro,Zambézia,Namacurra,Homens,0 a 16,64.0
2025,Fevereiro,Zambézia,Namacurra,Mulheres,0 a 16,51.0
2025,Fevereiro,Zambézia,Namacurra,Homens,17 a 21,9439.0
2025,Fevereiro,Zambézia,Namacurra,Mulheres,17 a 21,7593.0
2025,Fevereiro,Zambézia,Namacurra,Homens,22 a 60,37732.0
2025,Fevereiro,Zambézia,Namacurra,Mulheres,22 a 60,31675.0
2025,Fevereiro,Zambézia,Namacurra,Homens,Mais de 60,1982.0
2025,Fevereiro,Zambézia,Namacurra,Mulheres,Mais de 60,1858.0
2025,Fevereiro,Zambézia,Namacurra,Outros,N/A,10.0
2025,Março,Zambézia,Namacurra,Homens,0 a 16,53.0
2025,Março,Zambézia,Namacurra,Mulheres,0 a 16,58.0
2025,Março,Zambézia,Namacurra,Homens,17 a 21,9560.0
2025,Março,Zambézia,Namacurra,Mulheres,17 a 21,7701.0
2025,Março,Zambézia,Namacurra,Homens,22 a 60,39022.0
2025,Março,Zambézia,Namacurra,Mulheres,22 a 60,32428.0
2025,Março,Zambézia,Namacurra,Homens,Mais de 60,2040.0
2025,Março,Zambézia,Namacurra,Mulheres,Mais de 60,1955.0
2025,Março,Zambézia,Namacurra,Outros,N/A,13.0
2025,Abril,Zambézia,Namacurra,Homens,0 a 16,59.0
2025,Abril,Zambézia,Namacurra,Mulheres,0 a 16,81.0
2025,Abril,Zambézia,Namacurra,Homens,17 a 21,9955.0
2025,Abril,Zambézia,Namacurra,Mulheres,17 a 21,8090.0
2025,Abril,Zambézia,Namacurra,Homens,22 a 60,40956.0
2025,Abril,Zambézia,Namacurra,Mulheres,22 a 60,34259.0
2025,Abril,Zambézia,Namacurra,Homens,Mais de 60,2130.0
2025,Abril,Zambézia,Namacurra,Mulheres,Mais de 60,2045.0
2025,Abril,Zambézia,Namacurra,Outros,N/A,12.0
2025,Maio,Zambézia,Namacurra,Homens,0 a 16,53.0
2025,Maio,Zambézia,Namacurra,Mulheres,0 a 16,67.0
2025,Maio,Zambézia,Namacurra,Homens,17 a 21,9360.0
2025,Maio,Zambézia,Namacurra,Mulheres,17 a 21,7862.0
2025,Maio,Zambézia,Namacurra,Homens,22 a 60,39702.0
2025,Maio,Zambézia,Namacurra,Mulheres,22 a 60,33776.0
2025,Maio,Zambézia,Namacurra,Homens,Mais de 60,2124.0
2025,Maio,Zambézia,Namacurra,Mulheres,Mais de 60,2075.0
2025,Maio,Zambézia,Namacurra,Outros,N/A,10.0
2025,Junho,Zambézia,Namacurra,Homens,0 a 16,51.0
2025,Junho,Zambézia,Namacurra,Mulheres,0 a 16,50.0
2025,Junho,Zambézia,Namacurra,Homens,17 a 21,8988.0
2025,Junho,Zambézia,Namacurra,Mulheres,17 a 21,7621.0
2025,Junho,Zambézia,Namacurra,Homens,22 a 60,38153.0
2025,Junho,Zambézia,Namacurra,Mulheres,22 a 60,32824.0
2025,Junho,Zambézia,Namacurra,Homens,Mais de 60,2022.0
2025,Junho,Zambézia,Namacurra,Mulheres,Mais de 60,1975.0
2025,Junho,Zambézia,Namacurra,Outros,N/A,6.0
2025,Julho,Zambézia,Namacurra,Homens,0 a 16,54.0
2025,Julho,Zambézia,Namacurra,Mulheres,0 a 16,56.0
2025,Julho,Zambézia,Namacurra,Homens,17 a 21,8738.0
2025,Julho,Zambézia,Namacurra,Mulheres,17 a 21,7640.0
2025,Julho,Zambézia,Namacurra,Homens,22 a 60,38140.0
2025,Julho,Zambézia,Namacurra,Mulheres,22 a 60,32784.0
2025,Julho,Zambézia,Namacurra,Homens,Mais de 60,2002.0
2025,Julho,Zambézia,Namacurra,Mulheres,Mais de 60,1977.0
2025,Julho,Zambézia,Namacurra,Outros,N/A,13.0
2025,Agosto,Zambézia,Namacurra,Homens,0 a 16,55.0
2025,Agosto,Zambézia,Namacurra,Mulheres,0 a 16,45.0
2025,Agosto,Zambézia,Namacurra,Homens,17 a 21,8898.0
2025,Agosto,Zambézia,Namacurra,Mulheres,17 a 21,7739.0
2025,Agosto,Zambézia,Namacurra,Homens,22 a 60,39733.0
2025,Agosto,Zambézia,Namacurra,Mulheres,22 a 60,33736.0
2025,Agosto,Zambézia,Namacurra,Homens,Mais de 60,2090.0
2025,Agosto,Zambézia,Namacurra,Mulheres,Mais de 60,2020.0
2025,Agosto,Zambézia,Namacurra,Outros,N/A,13.0
2025,Setembro,Zambézia,Namacurra,Homens,0 a 16,69.0
2025,Setembro,Zambézia,Namacurra,Mulheres,0 a 16,53.0
2025,Setembro,Zambézia,Namacurra,Homens,17 a 21,9094.0
2025,Setembro,Zambézia,Namacurra,Mulheres,17 a 21,7967.0
2025,Setembro,Zambézia,Namacurra,Homens,22 a 60,41060.0
2025,Setembro,Zambézia,Namacurra,Mulheres,22 a 60,35055.0
2025,Setembro,Zambézia,Namacurra,Homens,Mais de 60,2176.0
2025,Setembro,Zambézia,Namacurra,Mulheres,Mais de 60,2051.0
2025,Setembro,Zambézia,Namacurra,Outros,N/A,12.0
2025,Outubro,Zambézia,Namacurra,Homens,0 a 16,64.0
2025,Outubro,Zambézia,Namacurra,Mulheres,0 a 16,52.0
2025,Outubro,Zambézia,Namacurra,Homens,17 a 21,9584.0
2025,Outubro,Zambézia,Namacurra,Mulheres,17 a 21,8372.0
2025,Outubro,Zambézia,Namacurra,Homens,22 a 60,43679.0
2025,Outubro,Zambézia,Namacurra,Mulheres,22 a 60,37587.0
2025,Outubro,Zambézia,Namacurra,Homens,Mais de 60,2369.0
2025,Outubro,Zambézia,Namacurra,Mulheres,Mais de 60,2269.0
2025,Outubro,Zambézia,Namacurra,Outros,N/A,14.0
2025,Novembro,Zambézia,Namacurra,Homens,0 a 16,61.0
2025,Novembro,Zambézia,Namacurra,Mulheres,0 a 16,45.0
2025,Novembro,Zambézia,Namacurra,Homens,17 a 21,9747.0
2025,Novembro,Zambézia,Namacurra,Mulheres,17 a 21,8570.0
2025,Novembro,Zambézia,Namacurra,Homens,22 a 60,43921.0
2025,Novembro,Zambézia,Namacurra,Mulheres,22 a 60,38970.0
2025,Novembro,Zambézia,Namacurra,Homens,Mais de 60,2377.0
2025,Novembro,Zambézia,Namacurra,Mulheres,Mais de 60,2348.0
2025,Novembro,Zambézia,Namacurra,Outros,N/A,7.0
2025,Dezembro,Zambézia,Namacurra,Homens,0 a 16,66.0
2025,Dezembro,Zambézia,Namacurra,Mulheres,0 a 16,43.0
2025,Dezembro,Zambézia,Namacurra,Homens,17 a 21,10026.0
2025,Dezembro,Zambézia,Namacurra,Mulheres,17 a 21,8852.0
2025,Dezembro,Zambézia,Namacurra,Homens,22 a 60,46912.0
2025,Dezembro,Zambézia,Namacurra,Mulheres,22 a 60,40100.0
2025,Dezembro,Zambézia,Namacurra,Homens,Mais de 60,2527.0
2025,Dezembro,Zambézia,Namacurra,Mulheres,Mais de 60,2436.0
2025,Dezembro,Zambézia,Namacurra,Outros,N/A,6.0
2025,Janeiro,Zambézia,Namarroi,Homens,0 a 16,36.0
2025,Janeiro,Zambézia,Namarroi,Mulheres,0 a 16,10.0
2025,Janeiro,Zambézia,Namarroi,Homens,17 a 21,4721.0
2025,Janeiro,Zambézia,Namarroi,Mulheres,17 a 21,3856.0
2025,Janeiro,Zambézia,Namarroi,Homens,22 a 60,27250.0
2025,Janeiro,Zambézia,Namarroi,Mulheres,22 a 60,18890.0
2025,Janeiro,Zambézia,Namarroi,Homens,Mais de 60,1321.0
2025,Janeiro,Zambézia,Namarroi,Mulheres,Mais de 60,1314.0
2025,Janeiro,Zambézia,Namarroi,Outros,N/A,3.0
2025,Fevereiro,Zambézia,Namarroi,Homens,0 a 16,35.0
2025,Fevereiro,Zambézia,Namarroi,Mulheres,0 a 16,14.0
2025,Fevereiro,Zambézia,Namarroi,Homens,17 a 21,4666.0
2025,Fevereiro,Zambézia,Namarroi,Mulheres,17 a 21,3696.0
2025,Fevereiro,Zambézia,Namarroi,Homens,22 a 60,26640.0
2025,Fevereiro,Zambézia,Namarroi,Mulheres,22 a 60,18329.0
2025,Fevereiro,Zambézia,Namarroi,Homens,Mais de 60,1246.0
2025,Fevereiro,Zambézia,Namarroi,Mulheres,Mais de 60,1227.4
2025,Fevereiro,Zambézia,Namarroi,Outros,N/A,3.0
2025,Março,Zambézia,Namarroi,Homens,0 a 16,50.0
2025,Março,Zambézia,Namarroi,Mulheres,0 a 16,16.0
2025,Março,Zambézia,Namarroi,Homens,17 a 21,4932.0
2025,Março,Zambézia,Namarroi,Mulheres,17 a 21,3904.0
2025,Março,Zambézia,Namarroi,Homens,22 a 60,27853.0
2025,Março,Zambézia,Namarroi,Mulheres,22 a 60,19569.0
2025,Março,Zambézia,Namarroi,Homens,Mais de 60,1295.0
2025,Março,Zambézia,Namarroi,Mulheres,Mais de 60,1272.0
2025,Março,Zambézia,Namarroi,Outros,N/A,5.0
2025,Abril,Zambézia,Namarroi,Homens,0 a 16,87.0
2025,Abril,Zambézia,Namarroi,Mulheres,0 a 16,38.0
2025,Abril,Zambézia,Namarroi,Homens,17 a 21,5506.0
2025,Abril,Zambézia,Namarroi,Mulheres,17 a 21,4270.0
2025,Abril,Zambézia,Namarroi,Homens,22 a 60,29808.0
2025,Abril,Zambézia,Namarroi,Mulheres,22 a 60,21052.0
2025,Abril,Zambézia,Namarroi,Homens,Mais de 60,1398.0
2025,Abril,Zambézia,Namarroi,Mulheres,Mais de 60,1422.0
2025,Abril,Zambézia,Namarroi,Outros,N/A,4.0
2025,Maio,Zambézia,Namarroi,Homens,0 a 16,77.0
2025,Maio,Zambézia,Namarroi,Mulheres,0 a 16,31.0
2025,Maio,Zambézia,Namarroi,Homens,17 a 21,5750.0
2025,Maio,Zambézia,Namarroi,Mulheres,17 a 21,4483.0
2025,Maio,Zambézia,Namarroi,Homens,22 a 60,31186.0
2025,Maio,Zambézia,Namarroi,Mulheres,22 a 60,22276.0
2025,Maio,Zambézia,Namarroi,Homens,Mais de 60,1454.0
2025,Maio,Zambézia,Namarroi,Mulheres,Mais de 60,1471.0
2025,Maio,Zambézia,Namarroi,Outros,N/A,3.0
2025,Junho,Zambézia,Namarroi,Homens,0 a 16,81.0
2025,Junho,Zambézia,Namarroi,Mulheres,0 a 16,32.0
2025,Junho,Zambézia,Namarroi,Homens,17 a 21,5762.0
2025,Junho,Zambézia,Namarroi,Mulheres,17 a 21,4378.0
2025,Junho,Zambézia,Namarroi,Homens,22 a 60,30816.0
2025,Junho,Zambézia,Namarroi,Mulheres,22 a 60,21944.0
2025,Junho,Zambézia,Namarroi,Homens,Mais de 60,1351.0
2025,Junho,Zambézia,Namarroi,Mulheres,Mais de 60,1416.0
2025,Junho,Zambézia,Namarroi,Outros,N/A,3.0
2025,Julho,Zambézia,Namarroi,Homens,0 a 16,81.0
2025,Julho,Zambézia,Namarroi,Mulheres,0 a 16,22.0
2025,Julho,Zambézia,Namarroi,Homens,17 a 21,5726.0
2025,Julho,Zambézia,Namarroi,Mulheres,17 a 21,4381.0
2025,Julho,Zambézia,Namarroi,Homens,22 a 60,31278.0
2025,Julho,Zambézia,Namarroi,Mulheres,22 a 60,22293.0
2025,Julho,Zambézia,Namarroi,Homens,Mais de 60,1421.0
2025,Julho,Zambézia,Namarroi,Mulheres,Mais de 60,1437.0
2025,Julho,Zambézia,Namarroi,Outros,N/A,3.0
2025,Agosto,Zambézia,Namarroi,Homens,0 a 16,65.0
2025,Agosto,Zambézia,Namarroi,Mulheres,0 a 16,14.0
2025,Agosto,Zambézia,Namarroi,Homens,17 a 21,5977.0
2025,Agosto,Zambézia,Namarroi,Mulheres,17 a 21,4691.0
2025,Agosto,Zambézia,Namarroi,Homens,22 a 60,33328.0
2025,Agosto,Zambézia,Namarroi,Mulheres,22 a 60,23944.0
2025,Agosto,Zambézia,Namarroi,Homens,Mais de 60,1513.0
2025,Agosto,Zambézia,Namarroi,Mulheres,Mais de 60,1526.0
2025,Agosto,Zambézia,Namarroi,Outros,N/A,4.0
2025,Setembro,Zambézia,Namarroi,Homens,0 a 16,52.0
2025,Setembro,Zambézia,Namarroi,Mulheres,0 a 16,16.0
2025,Setembro,Zambézia,Namarroi,Homens,17 a 21,6112.0
2025,Setembro,Zambézia,Namarroi,Mulheres,17 a 21,4841.0
2025,Setembro,Zambézia,Namarroi,Homens,22 a 60,35138.0
2025,Setembro,Zambézia,Namarroi,Mulheres,22 a 60,24824.0
2025,Setembro,Zambézia,Namarroi,Homens,Mais de 60,1544.0
2025,Setembro,Zambézia,Namarroi,Mulheres,Mais de 60,1585.0
2025,Setembro,Zambézia,Namarroi,Outros,N/A,4.0
2025,Outubro,Zambézia,Namarroi,Homens,0 a 16,59.0
2025,Outubro,Zambézia,Namarroi,Mulheres,0 a 16,15.0
2025,Outubro,Zambézia,Namarroi,Homens,17 a 21,6187.0
2025,Outubro,Zambézia,Namarroi,Mulheres,17 a 21,4882.0
2025,Outubro,Zambézia,Namarroi,Homens,22 a 60,35551.0
2025,Outubro,Zambézia,Namarroi,Mulheres,22 a 60,25301.0
2025,Outubro,Zambézia,Namarroi,Homens,Mais de 60,1517.0
2025,Outubro,Zambézia,Namarroi,Mulheres,Mais de 60,1596.0
2025,Outubro,Zambézia,Namarroi,Outros,N/A,2.0
2025,Novembro,Zambézia,Namarroi,Homens,0 a 16,46.0
2025,Novembro,Zambézia,Namarroi,Mulheres,0 a 16,15.0
2025,Novembro,Zambézia,Namarroi,Homens,17 a 21,6106.0
2025,Novembro,Zambézia,Namarroi,Mulheres,17 a 21,4776.0
2025,Novembro,Zambézia,Namarroi,Homens,22 a 60,34364.0
2025,Novembro,Zambézia,Namarroi,Mulheres,22 a 60,24807.0
2025,Novembro,Zambézia,Namarroi,Homens,Mais de 60,1462.0
2025,Novembro,Zambézia,Namarroi,Mulheres,Mais de 60,1470.0
2025,Novembro,Zambézia,Namarroi,Outros,N/A,1.0
2025,Dezembro,Zambézia,Namarroi,Homens,0 a 16,55.0
2025,Dezembro,Zambézia,Namarroi,Mulheres,0 a 16,9.0
2025,Dezembro,Zambézia,Namarroi,Homens,17 a 21,5990.0
2025,Dezembro,Zambézia,Namarroi,Mulheres,17 a 21,4642.0
2025,Dezembro,Zambézia,Namarroi,Homens,22 a 60,33909.0
2025,Dezembro,Zambézia,Namarroi,Mulheres,22 a 60,23895.0
2025,Dezembro,Zambézia,Namarroi,Homens,Mais de 60,1413.0
2025,Dezembro,Zambézia,Namarroi,Mulheres,Mais de 60,1395.0
2025,Dezembro,Zambézia,Namarroi,Outros,N/A,1.0
2025,Janeiro,Zambézia,Nicoadala,Homens,0 a 16,130.0
2025,Janeiro,Zambézia,Nicoadala,Mulheres,0 a 16,114.0
2025,Janeiro,Zambézia,Nicoadala,Homens,17 a 21,15197.0
2025,Janeiro,Zambézia,Nicoadala,Mulheres,17 a 21,11523.0
2025,Janeiro,Zambézia,Nicoadala,Homens,22 a 60,62195.0
2025,Janeiro,Zambézia,Nicoadala,Mulheres,22 a 60,50513.0
2025,Janeiro,Zambézia,Nicoadala,Homens,Mais de 60,3482.0
2025,Janeiro,Zambézia,Nicoadala,Mulheres,Mais de 60,2868.0
2025,Janeiro,Zambézia,Nicoadala,Outros,N/A,35.0
2025,Fevereiro,Zambézia,Nicoadala,Homens,0 a 16,133.0
2025,Fevereiro,Zambézia,Nicoadala,Mulheres,0 a 16,131.0
2025,Fevereiro,Zambézia,Nicoadala,Homens,17 a 21,15511.0
2025,Fevereiro,Zambézia,Nicoadala,Mulheres,17 a 21,11699.0
2025,Fevereiro,Zambézia,Nicoadala,Homens,22 a 60,62239.0
2025,Fevereiro,Zambézia,Nicoadala,Mulheres,22 a 60,51518.0
2025,Fevereiro,Zambézia,Nicoadala,Homens,Mais de 60,3552.0
2025,Fevereiro,Zambézia,Nicoadala,Mulheres,Mais de 60,2970.0
2025,Fevereiro,Zambézia,Nicoadala,Outros,N/A,36.0
2025,Março,Zambézia,Nicoadala,Homens,0 a 16,147.0
2025,Março,Zambézia,Nicoadala,Mulheres,0 a 16,133.0
2025,Março,Zambézia,Nicoadala,Homens,17 a 21,15317.0
2025,Março,Zambézia,Nicoadala,Mulheres,17 a 21,11691.0
2025,Março,Zambézia,Nicoadala,Homens,22 a 60,62997.0
2025,Março,Zambézia,Nicoadala,Mulheres,22 a 60,51536.0
2025,Março,Zambézia,Nicoadala,Homens,Mais de 60,3613.0
2025,Março,Zambézia,Nicoadala,Mulheres,Mais de 60,2951.0
2025,Março,Zambézia,Nicoadala,Outros,N/A,34.0
2025,Abril,Zambézia,Nicoadala,Homens,0 a 16,187.0
2025,Abril,Zambézia,Nicoadala,Mulheres,0 a 16,162.0
2025,Abril,Zambézia,Nicoadala,Homens,17 a 21,16264.0
2025,Abril,Zambézia,Nicoadala,Mulheres,17 a 21,12409.0
2025,Abril,Zambézia,Nicoadala,Homens,22 a 60,67233.0
2025,Abril,Zambézia,Nicoadala,Mulheres,22 a 60,55448.0
2025,Abril,Zambézia,Nicoadala,Homens,Mais de 60,3910.0
2025,Abril,Zambézia,Nicoadala,Mulheres,Mais de 60,3244.0
2025,Abril,Zambézia,Nicoadala,Outros,N/A,36.0
2025,Maio,Zambézia,Nicoadala,Homens,0 a 16,152.0
2025,Maio,Zambézia,Nicoadala,Mulheres,0 a 16,126.0
2025,Maio,Zambézia,Nicoadala,Homens,17 a 21,15272.0
2025,Maio,Zambézia,Nicoadala,Mulheres,17 a 21,11961.0
2025,Maio,Zambézia,Nicoadala,Homens,22 a 60,65202.0
2025,Maio,Zambézia,Nicoadala,Mulheres,22 a 60,54447.0
2025,Maio,Zambézia,Nicoadala,Homens,Mais de 60,3859.0
2025,Maio,Zambézia,Nicoadala,Mulheres,Mais de 60,3236.0
2025,Maio,Zambézia,Nicoadala,Outros,N/A,31.0
2025,Junho,Zambézia,Nicoadala,Homens,0 a 16,128.0
2025,Junho,Zambézia,Nicoadala,Mulheres,0 a 16,81.0
2025,Junho,Zambézia,Nicoadala,Homens,17 a 21,13736.0
2025,Junho,Zambézia,Nicoadala,Mulheres,17 a 21,11095.0
2025,Junho,Zambézia,Nicoadala,Homens,22 a 60,59571.0
2025,Junho,Zambézia,Nicoadala,Mulheres,22 a 60,49682.0
2025,Junho,Zambézia,Nicoadala,Homens,Mais de 60,3452.0
2025,Junho,Zambézia,Nicoadala,Mulheres,Mais de 60,2846.0
2025,Junho,Zambézia,Nicoadala,Outros,N/A,23.0
2025,Julho,Zambézia,Nicoadala,Homens,0 a 16,136.0
2025,Julho,Zambézia,Nicoadala,Mulheres,0 a 16,84.0
2025,Julho,Zambézia,Nicoadala,Homens,17 a 21,13453.0
2025,Julho,Zambézia,Nicoadala,Mulheres,17 a 21,10992.0
2025,Julho,Zambézia,Nicoadala,Homens,22 a 60,58629.0
2025,Julho,Zambézia,Nicoadala,Mulheres,22 a 60,48920.0
2025,Julho,Zambézia,Nicoadala,Homens,Mais de 60,3348.0
2025,Julho,Zambézia,Nicoadala,Mulheres,Mais de 60,2852.0
2025,Julho,Zambézia,Nicoadala,Outros,N/A,32.0
2025,Agosto,Zambézia,Nicoadala,Homens,0 a 16,108.0
2025,Agosto,Zambézia,Nicoadala,Mulheres,0 a 16,69.0
2025,Agosto,Zambézia,Nicoadala,Homens,17 a 21,13446.0
2025,Agosto,Zambézia,Nicoadala,Mulheres,17 a 21,11043.0
2025,Agosto,Zambézia,Nicoadala,Homens,22 a 60,59503.0
2025,Agosto,Zambézia,Nicoadala,Mulheres,22 a 60,49666.0
2025,Agosto,Zambézia,Nicoadala,Homens,Mais de 60,3404.0
2025,Agosto,Zambézia,Nicoadala,Mulheres,Mais de 60,2965.0
2025,Agosto,Zambézia,Nicoadala,Outros,N/A,29.0
2025,Setembro,Zambézia,Nicoadala,Homens,0 a 16,113.0
2025,Setembro,Zambézia,Nicoadala,Mulheres,0 a 16,78.0
2025,Setembro,Zambézia,Nicoadala,Homens,17 a 21,13846.0
2025,Setembro,Zambézia,Nicoadala,Mulheres,17 a 21,11362.0
2025,Setembro,Zambézia,Nicoadala,Homens,22 a 60,60989.0
2025,Setembro,Zambézia,Nicoadala,Mulheres,22 a 60,51208.0
2025,Setembro,Zambézia,Nicoadala,Homens,Mais de 60,3507.0
2025,Setembro,Zambézia,Nicoadala,Mulheres,Mais de 60,3059.0
2025,Setembro,Zambézia,Nicoadala,Outros,N/A,23.0
2025,Outubro,Zambézia,Nicoadala,Homens,0 a 16,133.0
2025,Outubro,Zambézia,Nicoadala,Mulheres,0 a 16,86.0
2025,Outubro,Zambézia,Nicoadala,Homens,17 a 21,14684.0
2025,Outubro,Zambézia,Nicoadala,Mulheres,17 a 21,11914.0
2025,Outubro,Zambézia,Nicoadala,Homens,22 a 60,65375.0
2025,Outubro,Zambézia,Nicoadala,Mulheres,22 a 60,54665.0
2025,Outubro,Zambézia,Nicoadala,Homens,Mais de 60,3790.0
2025,Outubro,Zambézia,Nicoadala,Mulheres,Mais de 60,3283.0
2025,Outubro,Zambézia,Nicoadala,Outros,N/A,26.0
2025,Novembro,Zambézia,Nicoadala,Homens,0 a 16,141.0
2025,Novembro,Zambézia,Nicoadala,Mulheres,0 a 16,76.0
2025,Novembro,Zambézia,Nicoadala,Homens,17 a 21,15033.0
2025,Novembro,Zambézia,Nicoadala,Mulheres,17 a 21,12214.0
2025,Novembro,Zambézia,Nicoadala,Homens,22 a 60,65787.0
2025,Novembro,Zambézia,Nicoadala,Mulheres,22 a 60,57086.0
2025,Novembro,Zambézia,Nicoadala,Homens,Mais de 60,3838.0
2025,Novembro,Zambézia,Nicoadala,Mulheres,Mais de 60,3407.0
2025,Novembro,Zambézia,Nicoadala,Outros,N/A,15.0
2025,Dezembro,Zambézia,Nicoadala,Homens,0 a 16,125.0
2025,Dezembro,Zambézia,Nicoadala,Mulheres,0 a 16,105.0
2025,Dezembro,Zambézia,Nicoadala,Homens,17 a 21,15379.0
2025,Dezembro,Zambézia,Nicoadala,Mulheres,17 a 21,12559.0
2025,Dezembro,Zambézia,Nicoadala,Homens,22 a 60,70481.0
2025,Dezembro,Zambézia,Nicoadala,Mulheres,22 a 60,57774.0
2025,Dezembro,Zambézia,Nicoadala,Homens,Mais de 60,4098.0
2025,Dezembro,Zambézia,Nicoadala,Mulheres,Mais de 60,3528.0
2025,Dezembro,Zambézia,Nicoadala,Outros,N/A,14.0
2025,Janeiro,Zambézia,Pebane,Homens,0 a 16,35.0
2025,Janeiro,Zambézia,Pebane,Mulheres,0 a 16,21.0
2025,Janeiro,Zambézia,Pebane,Homens,17 a 21,7976.0
2025,Janeiro,Zambézia,Pebane,Mulheres,17 a 21,7022.0
2025,Janeiro,Zambézia,Pebane,Homens,22 a 60,49412.0
2025,Janeiro,Zambézia,Pebane,Mulheres,22 a 60,35193.0
2025,Janeiro,Zambézia,Pebane,Homens,Mais de 60,2437.0
2025,Janeiro,Zambézia,Pebane,Mulheres,Mais de 60,2471.0
2025,Janeiro,Zambézia,Pebane,Outros,N/A,8.0
2025,Fevereiro,Zambézia,Pebane,Homens,0 a 16,47.0
2025,Fevereiro,Zambézia,Pebane,Mulheres,0 a 16,24.0
2025,Fevereiro,Zambézia,Pebane,Homens,17 a 21,7990.0
2025,Fevereiro,Zambézia,Pebane,Mulheres,17 a 21,6877.0
2025,Fevereiro,Zambézia,Pebane,Homens,22 a 60,48736.0
2025,Fevereiro,Zambézia,Pebane,Mulheres,22 a 60,34524.0
2025,Fevereiro,Zambézia,Pebane,Homens,Mais de 60,2361.0
2025,Fevereiro,Zambézia,Pebane,Mulheres,Mais de 60,2376.0
2025,Fevereiro,Zambézia,Pebane,Outros,N/A,5.0
2025,Março,Zambézia,Pebane,Homens,0 a 16,47.0
2025,Março,Zambézia,Pebane,Mulheres,0 a 16,30.0
2025,Março,Zambézia,Pebane,Homens,17 a 21,7934.0
2025,Março,Zambézia,Pebane,Mulheres,17 a 21,6873.0
2025,Março,Zambézia,Pebane,Homens,22 a 60,49400.0
2025,Março,Zambézia,Pebane,Mulheres,22 a 60,34898.0
2025,Março,Zambézia,Pebane,Homens,Mais de 60,2386.0
2025,Março,Zambézia,Pebane,Mulheres,Mais de 60,2418.0
2025,Março,Zambézia,Pebane,Outros,N/A,3.0
2025,Abril,Zambézia,Pebane,Homens,0 a 16,70.0
2025,Abril,Zambézia,Pebane,Mulheres,0 a 16,49.0
2025,Abril,Zambézia,Pebane,Homens,17 a 21,8422.0
2025,Abril,Zambézia,Pebane,Mulheres,17 a 21,7205.0
2025,Abril,Zambézia,Pebane,Homens,22 a 60,51561.0
2025,Abril,Zambézia,Pebane,Mulheres,22 a 60,36625.0
2025,Abril,Zambézia,Pebane,Homens,Mais de 60,2451.0
2025,Abril,Zambézia,Pebane,Mulheres,Mais de 60,2518.0
2025,Abril,Zambézia,Pebane,Outros,N/A,3.0
2025,Maio,Zambézia,Pebane,Homens,0 a 16,66.0
2025,Maio,Zambézia,Pebane,Mulheres,0 a 16,40.0
2025,Maio,Zambézia,Pebane,Homens,17 a 21,8241.0
2025,Maio,Zambézia,Pebane,Mulheres,17 a 21,7250.0
2025,Maio,Zambézia,Pebane,Homens,22 a 60,51875.0
2025,Maio,Zambézia,Pebane,Mulheres,22 a 60,37302.0
2025,Maio,Zambézia,Pebane,Homens,Mais de 60,2408.0
2025,Maio,Zambézia,Pebane,Mulheres,Mais de 60,2539.0
2025,Maio,Zambézia,Pebane,Outros,N/A,8.0
2025,Junho,Zambézia,Pebane,Homens,0 a 16,61.0
2025,Junho,Zambézia,Pebane,Mulheres,0 a 16,32.0
2025,Junho,Zambézia,Pebane,Homens,17 a 21,8033.0
2025,Junho,Zambézia,Pebane,Mulheres,17 a 21,7029.0
2025,Junho,Zambézia,Pebane,Homens,22 a 60,51063.0
2025,Junho,Zambézia,Pebane,Mulheres,22 a 60,37386.0
2025,Junho,Zambézia,Pebane,Homens,Mais de 60,2338.0
2025,Junho,Zambézia,Pebane,Mulheres,Mais de 60,2476.0
2025,Junho,Zambézia,Pebane,Outros,N/A,7.0
2025,Julho,Zambézia,Pebane,Homens,0 a 16,52.0
2025,Julho,Zambézia,Pebane,Mulheres,0 a 16,26.0
2025,Julho,Zambézia,Pebane,Homens,17 a 21,8090.0
2025,Julho,Zambézia,Pebane,Mulheres,17 a 21,7047.0
2025,Julho,Zambézia,Pebane,Homens,22 a 60,51362.0
2025,Julho,Zambézia,Pebane,Mulheres,22 a 60,37894.0
2025,Julho,Zambézia,Pebane,Homens,Mais de 60,2383.0
2025,Julho,Zambézia,Pebane,Mulheres,Mais de 60,2570.0
2025,Julho,Zambézia,Pebane,Outros,N/A,9.0
2025,Agosto,Zambézia,Pebane,Homens,0 a 16,62.0
2025,Agosto,Zambézia,Pebane,Mulheres,0 a 16,20.0
2025,Agosto,Zambézia,Pebane,Homens,17 a 21,8267.0
2025,Agosto,Zambézia,Pebane,Mulheres,17 a 21,7126.0
2025,Agosto,Zambézia,Pebane,Homens,22 a 60,52836.0
2025,Agosto,Zambézia,Pebane,Mulheres,22 a 60,38407.0
2025,Agosto,Zambézia,Pebane,Homens,Mais de 60,2457.0
2025,Agosto,Zambézia,Pebane,Mulheres,Mais de 60,2585.0
2025,Agosto,Zambézia,Pebane,Outros,N/A,10.0
2025,Setembro,Zambézia,Pebane,Homens,0 a 16,56.0
2025,Setembro,Zambézia,Pebane,Mulheres,0 a 16,20.0
2025,Setembro,Zambézia,Pebane,Homens,17 a 21,8521.0
2025,Setembro,Zambézia,Pebane,Mulheres,17 a 21,7284.0
2025,Setembro,Zambézia,Pebane,Homens,22 a 60,54144.0
2025,Setembro,Zambézia,Pebane,Mulheres,22 a 60,39416.0
2025,Setembro,Zambézia,Pebane,Homens,Mais de 60,2509.0
2025,Setembro,Zambézia,Pebane,Mulheres,Mais de 60,2654.0
2025,Setembro,Zambézia,Pebane,Outros,N/A,9.0
2025,Outubro,Zambézia,Pebane,Homens,0 a 16,65.0
2025,Outubro,Zambézia,Pebane,Mulheres,0 a 16,26.0
2025,Outubro,Zambézia,Pebane,Homens,17 a 21,8742.0
2025,Outubro,Zambézia,Pebane,Mulheres,17 a 21,7438.0
2025,Outubro,Zambézia,Pebane,Homens,22 a 60,56037.0
2025,Outubro,Zambézia,Pebane,Mulheres,22 a 60,40573.0
2025,Outubro,Zambézia,Pebane,Homens,Mais de 60,2559.0
2025,Outubro,Zambézia,Pebane,Mulheres,Mais de 60,2745.0
2025,Outubro,Zambézia,Pebane,Outros,N/A,9.0
2025,Novembro,Zambézia,Pebane,Homens,0 a 16,64.0
2025,Novembro,Zambézia,Pebane,Mulheres,0 a 16,28.0
2025,Novembro,Zambézia,Pebane,Homens,17 a 21,8940.0
2025,Novembro,Zambézia,Pebane,Mulheres,17 a 21,7734.0
2025,Novembro,Zambézia,Pebane,Homens,22 a 60,57159.0
2025,Novembro,Zambézia,Pebane,Mulheres,22 a 60,42739.0
2025,Novembro,Zambézia,Pebane,Homens,Mais de 60,2624.0
2025,Novembro,Zambézia,Pebane,Mulheres,Mais de 60,2855.0
2025,Novembro,Zambézia,Pebane,Outros,N/A,2.0
2025,Dezembro,Zambézia,Pebane,Homens,0 a 16,69.0
2025,Dezembro,Zambézia,Pebane,Mulheres,0 a 16,27.0
2025,Dezembro,Zambézia,Pebane,Homens,17 a 21,9146.0
2025,Dezembro,Zambézia,Pebane,Mulheres,17 a 21,7928.0
2025,Dezembro,Zambézia,Pebane,Homens,22 a 60,59526.0
2025,Dezembro,Zambézia,Pebane,Mulheres,22 a 60,43730.0
2025,Dezembro,Zambézia,Pebane,Homens,Mais de 60,2752.0
2025,Dezembro,Zambézia,Pebane,Mulheres,Mais de 60,2923.0
2025,Dezembro,Zambézia,Pebane,Outros,N/A,2.0
2025,Janeiro,Zambézia,Molumbo,Homens,0 a 16,26.0
2025,Janeiro,Zambézia,Molumbo,Mulheres,0 a 16,9.0
2025,Janeiro,Zambézia,Molumbo,Homens,17 a 21,5595.0
2025,Janeiro,Zambézia,Molumbo,Mulheres,17 a 21,5528.0
2025,Janeiro,Zambézia,Molumbo,Homens,22 a 60,39349.0
2025,Janeiro,Zambézia,Molumbo,Mulheres,22 a 60,30100.0
2025,Janeiro,Zambézia,Molumbo,Homens,Mais de 60,2178.0
2025,Janeiro,Zambézia,Molumbo,Mulheres,Mais de 60,2430.0
2025,Janeiro,Zambézia,Molumbo,Outros,N/A,5.0
2025,Fevereiro,Zambézia,Molumbo,Homens,0 a 16,28.0
2025,Fevereiro,Zambézia,Molumbo,Mulheres,0 a 16,8.0
2025,Fevereiro,Zambézia,Molumbo,Homens,17 a 21,5551.0
2025,Fevereiro,Zambézia,Molumbo,Mulheres,17 a 21,5468.0
2025,Fevereiro,Zambézia,Molumbo,Homens,22 a 60,39000.0
2025,Fevereiro,Zambézia,Molumbo,Mulheres,22 a 60,29800.0
2025,Fevereiro,Zambézia,Molumbo,Homens,Mais de 60,2090.0
2025,Fevereiro,Zambézia,Molumbo,Mulheres,Mais de 60,2383.0
2025,Fevereiro,Zambézia,Molumbo,Outros,N/A,6.0
2025,Março,Zambézia,Molumbo,Homens,0 a 16,33.0
2025,Março,Zambézia,Molumbo,Mulheres,0 a 16,10.0
2025,Março,Zambézia,Molumbo,Homens,17 a 21,5848.0
2025,Março,Zambézia,Molumbo,Mulheres,17 a 21,5767.0
2025,Março,Zambézia,Molumbo,Homens,22 a 60,41212.0
2025,Março,Zambézia,Molumbo,Mulheres,22 a 60,31585.0
2025,Março,Zambézia,Molumbo,Homens,Mais de 60,2197.0
2025,Março,Zambézia,Molumbo,Mulheres,Mais de 60,2565.0
2025,Março,Zambézia,Molumbo,Outros,N/A,9.0
2025,Abril,Zambézia,Molumbo,Homens,0 a 16,43.0
2025,Abril,Zambézia,Molumbo,Mulheres,0 a 16,22.0
2025,Abril,Zambézia,Molumbo,Homens,17 a 21,6433.0
2025,Abril,Zambézia,Molumbo,Mulheres,17 a 21,6100.0
2025,Abril,Zambézia,Molumbo,Homens,22 a 60,44323.0
2025,Abril,Zambézia,Molumbo,Mulheres,22 a 60,33959.0
2025,Abril,Zambézia,Molumbo,Homens,Mais de 60,2386.0
2025,Abril,Zambézia,Molumbo,Mulheres,Mais de 60,2723.0
2025,Abril,Zambézia,Molumbo,Outros,N/A,7.0
2025,Maio,Zambézia,Molumbo,Homens,0 a 16,32.0
2025,Maio,Zambézia,Molumbo,Mulheres,0 a 16,16.0
2025,Maio,Zambézia,Molumbo,Homens,17 a 21,6575.0
2025,Maio,Zambézia,Molumbo,Mulheres,17 a 21,6246.0
2025,Maio,Zambézia,Molumbo,Homens,22 a 60,45721.0
2025,Maio,Zambézia,Molumbo,Mulheres,22 a 60,35183.0
2025,Maio,Zambézia,Molumbo,Homens,Mais de 60,2513.0
2025,Maio,Zambézia,Molumbo,Mulheres,Mais de 60,2813.0
2025,Maio,Zambézia,Molumbo,Outros,N/A,6.0
2025,Junho,Zambézia,Molumbo,Homens,0 a 16,21.0
2025,Junho,Zambézia,Molumbo,Mulheres,0 a 16,8.0
2025,Junho,Zambézia,Molumbo,Homens,17 a 21,6514.0
2025,Junho,Zambézia,Molumbo,Mulheres,17 a 21,6377.0
2025,Junho,Zambézia,Molumbo,Homens,22 a 60,46259.0
2025,Junho,Zambézia,Molumbo,Mulheres,22 a 60,35217.0
2025,Junho,Zambézia,Molumbo,Homens,Mais de 60,2532.0
2025,Junho,Zambézia,Molumbo,Mulheres,Mais de 60,2846.0
2025,Junho,Zambézia,Molumbo,Outros,N/A,3.0
2025,Julho,Zambézia,Molumbo,Homens,0 a 16,18.0
2025,Julho,Zambézia,Molumbo,Mulheres,0 a 16,9.0
2025,Julho,Zambézia,Molumbo,Homens,17 a 21,6737.0
2025,Julho,Zambézia,Molumbo,Mulheres,17 a 21,6659.0
2025,Julho,Zambézia,Molumbo,Homens,22 a 60,48660.0
2025,Julho,Zambézia,Molumbo,Mulheres,22 a 60,37413.0
2025,Julho,Zambézia,Molumbo,Homens,Mais de 60,2619.0
2025,Julho,Zambézia,Molumbo,Mulheres,Mais de 60,2999.0
2025,Julho,Zambézia,Molumbo,Outros,N/A,9.0
2025,Agosto,Zambézia,Molumbo,Homens,0 a 16,26.0
2025,Agosto,Zambézia,Molumbo,Mulheres,0 a 16,7.0
2025,Agosto,Zambézia,Molumbo,Homens,17 a 21,7152.0
2025,Agosto,Zambézia,Molumbo,Mulheres,17 a 21,7035.0
2025,Agosto,Zambézia,Molumbo,Homens,22 a 60,50434.0
2025,Agosto,Zambézia,Molumbo,Mulheres,22 a 60,38401.0
2025,Agosto,Zambézia,Molumbo,Homens,Mais de 60,2698.0
2025,Agosto,Zambézia,Molumbo,Mulheres,Mais de 60,3122.0
2025,Agosto,Zambézia,Molumbo,Outros,N/A,7.0
2025,Setembro,Zambézia,Molumbo,Homens,0 a 16,30.0
2025,Setembro,Zambézia,Molumbo,Mulheres,0 a 16,8.0
2025,Setembro,Zambézia,Molumbo,Homens,17 a 21,7217.0
2025,Setembro,Zambézia,Molumbo,Mulheres,17 a 21,7379.0
2025,Setembro,Zambézia,Molumbo,Homens,22 a 60,52800.0
2025,Setembro,Zambézia,Molumbo,Mulheres,22 a 60,40417.0
2025,Setembro,Zambézia,Molumbo,Homens,Mais de 60,2907.0
2025,Setembro,Zambézia,Molumbo,Mulheres,Mais de 60,3383.0
2025,Setembro,Zambézia,Molumbo,Outros,N/A,7.0
2025,Outubro,Zambézia,Molumbo,Homens,0 a 16,32.0
2025,Outubro,Zambézia,Molumbo,Mulheres,0 a 16,8.0
2025,Outubro,Zambézia,Molumbo,Homens,17 a 21,7091.0
2025,Outubro,Zambézia,Molumbo,Mulheres,17 a 21,7540.0
2025,Outubro,Zambézia,Molumbo,Homens,22 a 60,57776.0
2025,Outubro,Zambézia,Molumbo,Mulheres,22 a 60,43543.0
2025,Outubro,Zambézia,Molumbo,Homens,Mais de 60,2856.0
2025,Outubro,Zambézia,Molumbo,Mulheres,Mais de 60,3484.0
2025,Outubro,Zambézia,Molumbo,Outros,N/A,9.0
2025,Novembro,Zambézia,Molumbo,Homens,0 a 16,34.0
2025,Novembro,Zambézia,Molumbo,Mulheres,0 a 16,12.0
2025,Novembro,Zambézia,Molumbo,Homens,17 a 21,6775.0
2025,Novembro,Zambézia,Molumbo,Mulheres,17 a 21,7022.0
2025,Novembro,Zambézia,Molumbo,Homens,22 a 60,53565.0
2025,Novembro,Zambézia,Molumbo,Mulheres,22 a 60,43129.0
2025,Novembro,Zambézia,Molumbo,Homens,Mais de 60,2663.0
2025,Novembro,Zambézia,Molumbo,Mulheres,Mais de 60,3193.0
2025,Novembro,Zambézia,Molumbo,Outros,N/A,1.0
2025,Dezembro,Zambézia,Molumbo,Homens,0 a 16,32.0
2025,Dezembro,Zambézia,Molumbo,Mulheres,0 a 16,8.0
2025,Dezembro,Zambézia,Molumbo,Homens,17 a 21,6505.0
2025,Dezembro,Zambézia,Molumbo,Mulheres,17 a 21,6653.0
2025,Dezembro,Zambézia,Molumbo,Homens,22 a 60,51448.0
2025,Dezembro,Zambézia,Molumbo,Mulheres,22 a 60,41016.0
2025,Dezembro,Zambézia,Molumbo,Homens,Mais de 60,2529.0
2025,Dezembro,Zambézia,Molumbo,Mulheres,Mais de 60,2962.0
2025,Dezembro,Zambézia,Molumbo,Outros,N/A,1.0
2025,Janeiro,Zambézia,Mocubela,Homens,0 a 16,13.0
2025,Janeiro,Zambézia,Mocubela,Mulheres,0 a 16,8.0
2025,Janeiro,Zambézia,Mocubela,Homens,17 a 21,1936.0
2025,Janeiro,Zambézia,Mocubela,Mulheres,17 a 21,880.0
2025,Janeiro,Zambézia,Mocubela,Homens,22 a 60,10830.0
2025,Janeiro,Zambézia,Mocubela,Mulheres,22 a 60,5107.0
2025,Janeiro,Zambézia,Mocubela,Homens,Mais de 60,560.0
2025,Janeiro,Zambézia,Mocubela,Mulheres,Mais de 60,252.0
2025,Janeiro,Zambézia,Mocubela,Outros,N/A,7.0
2025,Fevereiro,Zambézia,Mocubela,Homens,0 a 16,21.0
2025,Fevereiro,Zambézia,Mocubela,Mulheres,0 a 16,4.0
2025,Fevereiro,Zambézia,Mocubela,Homens,17 a 21,1967.0
2025,Fevereiro,Zambézia,Mocubela,Mulheres,17 a 21,939.0
2025,Fevereiro,Zambézia,Mocubela,Homens,22 a 60,11193.0
2025,Fevereiro,Zambézia,Mocubela,Mulheres,22 a 60,5455.0
2025,Fevereiro,Zambézia,Mocubela,Homens,Mais de 60,556.0
2025,Fevereiro,Zambézia,Mocubela,Mulheres,Mais de 60,269.0
2025,Fevereiro,Zambézia,Mocubela,Outros,N/A,11.0
2025,Março,Zambézia,Mocubela,Homens,0 a 16,20.0
2025,Março,Zambézia,Mocubela,Mulheres,0 a 16,10.0
2025,Março,Zambézia,Mocubela,Homens,17 a 21,1977.0
2025,Março,Zambézia,Mocubela,Mulheres,17 a 21,967.0
2025,Março,Zambézia,Mocubela,Homens,22 a 60,11406.0
2025,Março,Zambézia,Mocubela,Mulheres,22 a 60,5672.0
2025,Março,Zambézia,Mocubela,Homens,Mais de 60,571.0
2025,Março,Zambézia,Mocubela,Mulheres,Mais de 60,287.0
2025,Março,Zambézia,Mocubela,Outros,N/A,11.0
2025,Abril,Zambézia,Mocubela,Homens,0 a 16,26.0
2025,Abril,Zambézia,Mocubela,Mulheres,0 a 16,15.0
2025,Abril,Zambézia,Mocubela,Homens,17 a 21,2162.0
2025,Abril,Zambézia,Mocubela,Mulheres,17 a 21,1089.0
2025,Abril,Zambézia,Mocubela,Homens,22 a 60,11976.0
2025,Abril,Zambézia,Mocubela,Mulheres,22 a 60,6209.0
2025,Abril,Zambézia,Mocubela,Homens,Mais de 60,595.0
2025,Abril,Zambézia,Mocubela,Mulheres,Mais de 60,324.0
2025,Abril,Zambézia,Mocubela,Outros,N/A,7.0
2025,Maio,Zambézia,Mocubela,Homens,0 a 16,24.0
2025,Maio,Zambézia,Mocubela,Mulheres,0 a 16,11.0
2025,Maio,Zambézia,Mocubela,Homens,17 a 21,2003.0
2025,Maio,Zambézia,Mocubela,Mulheres,17 a 21,1016.0
2025,Maio,Zambézia,Mocubela,Homens,22 a 60,11531.0
2025,Maio,Zambézia,Mocubela,Mulheres,22 a 60,5821.0
2025,Maio,Zambézia,Mocubela,Homens,Mais de 60,566.0
2025,Maio,Zambézia,Mocubela,Mulheres,Mais de 60,301.0
2025,Maio,Zambézia,Mocubela,Outros,N/A,9.0
2025,Junho,Zambézia,Mocubela,Homens,0 a 16,19.0
2025,Junho,Zambézia,Mocubela,Mulheres,0 a 16,5.0
2025,Junho,Zambézia,Mocubela,Homens,17 a 21,1883.0
2025,Junho,Zambézia,Mocubela,Mulheres,17 a 21,899.0
2025,Junho,Zambézia,Mocubela,Homens,22 a 60,11049.0
2025,Junho,Zambézia,Mocubela,Mulheres,22 a 60,5278.0
2025,Junho,Zambézia,Mocubela,Homens,Mais de 60,561.0
2025,Junho,Zambézia,Mocubela,Mulheres,Mais de 60,270.0
2025,Junho,Zambézia,Mocubela,Outros,N/A,6.0
2025,Julho,Zambézia,Mocubela,Homens,0 a 16,24.0
2025,Julho,Zambézia,Mocubela,Mulheres,0 a 16,6.0
2025,Julho,Zambézia,Mocubela,Homens,17 a 21,1874.0
2025,Julho,Zambézia,Mocubela,Mulheres,17 a 21,918.0
2025,Julho,Zambézia,Mocubela,Homens,22 a 60,11229.0
2025,Julho,Zambézia,Mocubela,Mulheres,22 a 60,5445.0
2025,Julho,Zambézia,Mocubela,Homens,Mais de 60,586.0
2025,Julho,Zambézia,Mocubela,Mulheres,Mais de 60,273.0
2025,Julho,Zambézia,Mocubela,Outros,N/A,9.0
2025,Agosto,Zambézia,Mocubela,Homens,0 a 16,20.0
2025,Agosto,Zambézia,Mocubela,Mulheres,0 a 16,7.0
2025,Agosto,Zambézia,Mocubela,Homens,17 a 21,1940.0
2025,Agosto,Zambézia,Mocubela,Mulheres,17 a 21,910.0
2025,Agosto,Zambézia,Mocubela,Homens,22 a 60,11456.0
2025,Agosto,Zambézia,Mocubela,Mulheres,22 a 60,5530.0
2025,Agosto,Zambézia,Mocubela,Homens,Mais de 60,594.0
2025,Agosto,Zambézia,Mocubela,Mulheres,Mais de 60,277.0
2025,Agosto,Zambézia,Mocubela,Outros,N/A,7.0
2025,Setembro,Zambézia,Mocubela,Homens,0 a 16,23.0
2025,Setembro,Zambézia,Mocubela,Mulheres,0 a 16,10.0
2025,Setembro,Zambézia,Mocubela,Homens,17 a 21,2036.0
2025,Setembro,Zambézia,Mocubela,Mulheres,17 a 21,962.0
2025,Setembro,Zambézia,Mocubela,Homens,22 a 60,11929.0
2025,Setembro,Zambézia,Mocubela,Mulheres,22 a 60,5830.0
2025,Setembro,Zambézia,Mocubela,Homens,Mais de 60,610.0
2025,Setembro,Zambézia,Mocubela,Mulheres,Mais de 60,299.0
2025,Setembro,Zambézia,Mocubela,Outros,N/A,7.0
2025,Outubro,Zambézia,Mocubela,Homens,0 a 16,32.0
2025,Outubro,Zambézia,Mocubela,Mulheres,0 a 16,10.0
2025,Outubro,Zambézia,Mocubela,Homens,17 a 21,2332.0
2025,Outubro,Zambézia,Mocubela,Mulheres,17 a 21,1142.0
2025,Outubro,Zambézia,Mocubela,Homens,22 a 60,13032.0
2025,Outubro,Zambézia,Mocubela,Mulheres,22 a 60,6588.0
2025,Outubro,Zambézia,Mocubela,Homens,Mais de 60,681.0
2025,Outubro,Zambézia,Mocubela,Mulheres,Mais de 60,344.0
2025,Outubro,Zambézia,Mocubela,Outros,N/A,11.0
2025,Novembro,Zambézia,Mocubela,Homens,0 a 16,40.0
2025,Novembro,Zambézia,Mocubela,Mulheres,0 a 16,9.0
2025,Novembro,Zambézia,Mocubela,Homens,17 a 21,2484.0
2025,Novembro,Zambézia,Mocubela,Mulheres,17 a 21,1240.0
2025,Novembro,Zambézia,Mocubela,Homens,22 a 60,13266.0
2025,Novembro,Zambézia,Mocubela,Mulheres,22 a 60,7425.0
2025,Novembro,Zambézia,Mocubela,Homens,Mais de 60,696.0
2025,Novembro,Zambézia,Mocubela,Mulheres,Mais de 60,367.0
2025,Novembro,Zambézia,Mocubela,Outros,N/A,5.0
2025,Dezembro,Zambézia,Mocubela,Homens,0 a 16,39.0
2025,Dezembro,Zambézia,Mocubela,Mulheres,0 a 16,11.0
2025,Dezembro,Zambézia,Mocubela,Homens,17 a 21,2506.0
2025,Dezembro,Zambézia,Mocubela,Mulheres,17 a 21,1247.0
2025,Dezembro,Zambézia,Mocubela,Homens,22 a 60,13946.0
2025,Dezembro,Zambézia,Mocubela,Mulheres,22 a 60,7262.0
2025,Dezembro,Zambézia,Mocubela,Homens,Mais de 60,742.0
2025,Dezembro,Zambézia,Mocubela,Mulheres,Mais de 60,370.0
2025,Dezembro,Zambézia,Mocubela,Outros,N/A,6.0
2025,Janeiro,Zambézia,Mulevala,Homens,0 a 16,15.0
2025,Janeiro,Zambézia,Mulevala,Mulheres,0 a 16,8.0
2025,Janeiro,Zambézia,Mulevala,Homens,17 a 21,4611.0
2025,Janeiro,Zambézia,Mulevala,Mulheres,17 a 21,4504.0
2025,Janeiro,Zambézia,Mulevala,Homens,22 a 60,31270.0
2025,Janeiro,Zambézia,Mulevala,Mulheres,22 a 60,22858.0
2025,Janeiro,Zambézia,Mulevala,Homens,Mais de 60,1435.0
2025,Janeiro,Zambézia,Mulevala,Mulheres,Mais de 60,1404.0
2025,Janeiro,Zambézia,Mulevala,Outros,N/A,1.0
2025,Fevereiro,Zambézia,Mulevala,Homens,0 a 16,15.0
2025,Fevereiro,Zambézia,Mulevala,Mulheres,0 a 16,11.0
2025,Fevereiro,Zambézia,Mulevala,Homens,17 a 21,4566.0
2025,Fevereiro,Zambézia,Mulevala,Mulheres,17 a 21,4384.0
2025,Fevereiro,Zambézia,Mulevala,Homens,22 a 60,30689.0
2025,Fevereiro,Zambézia,Mulevala,Mulheres,22 a 60,22719.0
2025,Fevereiro,Zambézia,Mulevala,Homens,Mais de 60,1365.0
2025,Fevereiro,Zambézia,Mulevala,Mulheres,Mais de 60,1375.0
2025,Fevereiro,Zambézia,Mulevala,Outros,N/A,2.0
2025,Março,Zambézia,Mulevala,Homens,0 a 16,17.0
2025,Março,Zambézia,Mulevala,Mulheres,0 a 16,8.0
2025,Março,Zambézia,Mulevala,Homens,17 a 21,4567.0
2025,Março,Zambézia,Mulevala,Mulheres,17 a 21,4487.0
2025,Março,Zambézia,Mulevala,Homens,22 a 60,31311.0
2025,Março,Zambézia,Mulevala,Mulheres,22 a 60,23374.0
2025,Março,Zambézia,Mulevala,Homens,Mais de 60,1395.0
2025,Março,Zambézia,Mulevala,Mulheres,Mais de 60,1382.0
2025,Março,Zambézia,Mulevala,Outros,N/A,3.0
2025,Abril,Zambézia,Mulevala,Homens,0 a 16,21.0
2025,Abril,Zambézia,Mulevala,Mulheres,0 a 16,15.0
2025,Abril,Zambézia,Mulevala,Homens,17 a 21,4755.0
2025,Abril,Zambézia,Mulevala,Mulheres,17 a 21,4717.0
2025,Abril,Zambézia,Mulevala,Homens,22 a 60,32972.0
2025,Abril,Zambézia,Mulevala,Mulheres,22 a 60,24595.0
2025,Abril,Zambézia,Mulevala,Homens,Mais de 60,1459.0
2025,Abril,Zambézia,Mulevala,Mulheres,Mais de 60,1465.0
2025,Abril,Zambézia,Mulevala,Outros,N/A,3.0
2025,Maio,Zambézia,Mulevala,Homens,0 a 16,16.0
2025,Maio,Zambézia,Mulevala,Mulheres,0 a 16,12.0
2025,Maio,Zambézia,Mulevala,Homens,17 a 21,4572.0
2025,Maio,Zambézia,Mulevala,Mulheres,17 a 21,4775.0
2025,Maio,Zambézia,Mulevala,Homens,22 a 60,33031.0
2025,Maio,Zambézia,Mulevala,Mulheres,22 a 60,25075.0
2025,Maio,Zambézia,Mulevala,Homens,Mais de 60,1463.0
2025,Maio,Zambézia,Mulevala,Mulheres,Mais de 60,1521.0
2025,Maio,Zambézia,Mulevala,Outros,N/A,1.0
2025,Junho,Zambézia,Mulevala,Homens,0 a 16,16.0
2025,Junho,Zambézia,Mulevala,Mulheres,0 a 16,9.0
2025,Junho,Zambézia,Mulevala,Homens,17 a 21,4327.0
2025,Junho,Zambézia,Mulevala,Mulheres,17 a 21,4589.0
2025,Junho,Zambézia,Mulevala,Homens,22 a 60,31410.0
2025,Junho,Zambézia,Mulevala,Mulheres,22 a 60,24690.0
2025,Junho,Zambézia,Mulevala,Homens,Mais de 60,1383.0
2025,Junho,Zambézia,Mulevala,Mulheres,Mais de 60,1495.0
2025,Junho,Zambézia,Mulevala,Outros,N/A,1.0
2025,Julho,Zambézia,Mulevala,Homens,0 a 16,17.0
2025,Julho,Zambézia,Mulevala,Mulheres,0 a 16,9.0
2025,Julho,Zambézia,Mulevala,Homens,17 a 21,4326.0
2025,Julho,Zambézia,Mulevala,Mulheres,17 a 21,4656.0
2025,Julho,Zambézia,Mulevala,Homens,22 a 60,32047.0
2025,Julho,Zambézia,Mulevala,Mulheres,22 a 60,25512.0
2025,Julho,Zambézia,Mulevala,Homens,Mais de 60,1413.0
2025,Julho,Zambézia,Mulevala,Mulheres,Mais de 60,1567.0
2025,Julho,Zambézia,Mulevala,Outros,N/A,1.0
2025,Agosto,Zambézia,Mulevala,Homens,0 a 16,20.0
2025,Agosto,Zambézia,Mulevala,Mulheres,0 a 16,9.0
2025,Agosto,Zambézia,Mulevala,Homens,17 a 21,4430.0
2025,Agosto,Zambézia,Mulevala,Mulheres,17 a 21,4697.0
2025,Agosto,Zambézia,Mulevala,Homens,22 a 60,33437.0
2025,Agosto,Zambézia,Mulevala,Mulheres,22 a 60,26247.0
2025,Agosto,Zambézia,Mulevala,Homens,Mais de 60,1484.0
2025,Agosto,Zambézia,Mulevala,Mulheres,Mais de 60,1592.0
2025,Agosto,Zambézia,Mulevala,Outros,N/A,1.0
2025,Setembro,Zambézia,Mulevala,Homens,0 a 16,20.0
2025,Setembro,Zambézia,Mulevala,Mulheres,0 a 16,5.0
2025,Setembro,Zambézia,Mulevala,Homens,17 a 21,4702.0
2025,Setembro,Zambézia,Mulevala,Mulheres,17 a 21,4944.0
2025,Setembro,Zambézia,Mulevala,Homens,22 a 60,35179.0
2025,Setembro,Zambézia,Mulevala,Mulheres,22 a 60,28078.0
2025,Setembro,Zambézia,Mulevala,Homens,Mais de 60,1623.0
2025,Setembro,Zambézia,Mulevala,Mulheres,Mais de 60,1674.0
2025,Setembro,Zambézia,Mulevala,Outros,N/A,1.0
2025,Outubro,Zambézia,Mulevala,Homens,0 a 16,19.0
2025,Outubro,Zambézia,Mulevala,Mulheres,0 a 16,1.0
2025,Outubro,Zambézia,Mulevala,Homens,17 a 21,4628.0
2025,Outubro,Zambézia,Mulevala,Mulheres,17 a 21,4946.0
2025,Outubro,Zambézia,Mulevala,Homens,22 a 60,35409.0
2025,Outubro,Zambézia,Mulevala,Mulheres,22 a 60,28826.0
2025,Outubro,Zambézia,Mulevala,Homens,Mais de 60,1589.0
2025,Outubro,Zambézia,Mulevala,Mulheres,Mais de 60,1741.0
2025,Outubro,Zambézia,Mulevala,Outros,N/A,1.0
2025,Novembro,Zambézia,Mulevala,Homens,0 a 16,17.0
2025,Novembro,Zambézia,Mulevala,Mulheres,0 a 16,6.0
2025,Novembro,Zambézia,Mulevala,Homens,17 a 21,4721.0
2025,Novembro,Zambézia,Mulevala,Mulheres,17 a 21,5071.0
2025,Novembro,Zambézia,Mulevala,Homens,22 a 60,35286.0
2025,Novembro,Zambézia,Mulevala,Mulheres,22 a 60,29226.0
2025,Novembro,Zambézia,Mulevala,Homens,Mais de 60,1570.0
2025,Novembro,Zambézia,Mulevala,Mulheres,Mais de 60,1751.0
2025,Novembro,Zambézia,Mulevala,Outros,N/A,0.0
2025,Dezembro,Zambézia,Mulevala,Homens,0 a 16,19.0
2025,Dezembro,Zambézia,Mulevala,Mulheres,0 a 16,10.0
2025,Dezembro,Zambézia,Mulevala,Homens,17 a 21,4849.0
2025,Dezembro,Zambézia,Mulevala,Mulheres,17 a 21,5243.0
2025,Dezembro,Zambézia,Mulevala,Homens,22 a 60,36498.0
2025,Dezembro,Zambézia,Mulevala,Mulheres,22 a 60,29954.0
2025,Dezembro,Zambézia,Mulevala,Homens,Mais de 60,1629.0
2025,Dezembro,Zambézia,Mulevala,Mulheres,Mais de 60,1798.0
2025,Dezembro,Zambézia,Mulevala,Outros,N/A,0.0
2025,Janeiro,Zambézia,Luabo,Homens,0 a 16,18.0
2025,Janeiro,Zambézia,Luabo,Mulheres,0 a 16,15.0
2025,Janeiro,Zambézia,Luabo,Homens,17 a 21,1795.0
2025,Janeiro,Zambézia,Luabo,Mulheres,17 a 21,846.0
2025,Janeiro,Zambézia,Luabo,Homens,22 a 60,7031.0
2025,Janeiro,Zambézia,Luabo,Mulheres,22 a 60,3627.0
2025,Janeiro,Zambézia,Luabo,Homens,Mais de 60,548.0
2025,Janeiro,Zambézia,Luabo,Mulheres,Mais de 60,201.0
2025,Janeiro,Zambézia,Luabo,Outros,N/A,1.0
2025,Fevereiro,Zambézia,Luabo,Homens,0 a 16,15.0
2025,Fevereiro,Zambézia,Luabo,Mulheres,0 a 16,22.0
2025,Fevereiro,Zambézia,Luabo,Homens,17 a 21,1836.0
2025,Fevereiro,Zambézia,Luabo,Mulheres,17 a 21,895.0
2025,Fevereiro,Zambézia,Luabo,Homens,22 a 60,7378.0
2025,Fevereiro,Zambézia,Luabo,Mulheres,22 a 60,3872.0
2025,Fevereiro,Zambézia,Luabo,Homens,Mais de 60,543.0
2025,Fevereiro,Zambézia,Luabo,Mulheres,Mais de 60,215.0
2025,Fevereiro,Zambézia,Luabo,Outros,N/A,1.0
2025,Março,Zambézia,Luabo,Homens,0 a 16,20.0
2025,Março,Zambézia,Luabo,Mulheres,0 a 16,24.0
2025,Março,Zambézia,Luabo,Homens,17 a 21,1791.0
2025,Março,Zambézia,Luabo,Mulheres,17 a 21,890.0
2025,Março,Zambézia,Luabo,Homens,22 a 60,7510.0
2025,Março,Zambézia,Luabo,Mulheres,22 a 60,3933.0
2025,Março,Zambézia,Luabo,Homens,Mais de 60,548.0
2025,Março,Zambézia,Luabo,Mulheres,Mais de 60,227.0
2025,Março,Zambézia,Luabo,Outros,N/A,0.0
2025,Abril,Zambézia,Luabo,Homens,0 a 16,18.0
2025,Abril,Zambézia,Luabo,Mulheres,0 a 16,26.0
2025,Abril,Zambézia,Luabo,Homens,17 a 21,1754.0
2025,Abril,Zambézia,Luabo,Mulheres,17 a 21,904.0
2025,Abril,Zambézia,Luabo,Homens,22 a 60,7395.0
2025,Abril,Zambézia,Luabo,Mulheres,22 a 60,3909.0
2025,Abril,Zambézia,Luabo,Homens,Mais de 60,539.0
2025,Abril,Zambézia,Luabo,Mulheres,Mais de 60,229.0
2025,Abril,Zambézia,Luabo,Outros,N/A,2.0
2025,Maio,Zambézia,Luabo,Homens,0 a 16,16.0
2025,Maio,Zambézia,Luabo,Mulheres,0 a 16,17.0
2025,Maio,Zambézia,Luabo,Homens,17 a 21,1709.0
2025,Maio,Zambézia,Luabo,Mulheres,17 a 21,896.0
2025,Maio,Zambézia,Luabo,Homens,22 a 60,7400.0
2025,Maio,Zambézia,Luabo,Mulheres,22 a 60,3925.0
2025,Maio,Zambézia,Luabo,Homens,Mais de 60,515.0
2025,Maio,Zambézia,Luabo,Mulheres,Mais de 60,212.0
2025,Maio,Zambézia,Luabo,Outros,N/A,1.0
2025,Junho,Zambézia,Luabo,Homens,0 a 16,20.0
2025,Junho,Zambézia,Luabo,Mulheres,0 a 16,13.0
2025,Junho,Zambézia,Luabo,Homens,17 a 21,1707.0
2025,Junho,Zambézia,Luabo,Mulheres,17 a 21,858.0
2025,Junho,Zambézia,Luabo,Homens,22 a 60,7376.0
2025,Junho,Zambézia,Luabo,Mulheres,22 a 60,3727.0
2025,Junho,Zambézia,Luabo,Homens,Mais de 60,509.0
2025,Junho,Zambézia,Luabo,Mulheres,Mais de 60,198.0
2025,Junho,Zambézia,Luabo,Outros,N/A,1.0
2025,Julho,Zambézia,Luabo,Homens,0 a 16,22.0
2025,Julho,Zambézia,Luabo,Mulheres,0 a 16,18.0
2025,Julho,Zambézia,Luabo,Homens,17 a 21,1654.0
2025,Julho,Zambézia,Luabo,Mulheres,17 a 21,794.0
2025,Julho,Zambézia,Luabo,Homens,22 a 60,7086.0
2025,Julho,Zambézia,Luabo,Mulheres,22 a 60,3552.0
2025,Julho,Zambézia,Luabo,Homens,Mais de 60,471.0
2025,Julho,Zambézia,Luabo,Mulheres,Mais de 60,202.0
2025,Julho,Zambézia,Luabo,Outros,N/A,2.0
2025,Agosto,Zambézia,Luabo,Homens,0 a 16,22.0
2025,Agosto,Zambézia,Luabo,Mulheres,0 a 16,18.0
2025,Agosto,Zambézia,Luabo,Homens,17 a 21,1644.0
2025,Agosto,Zambézia,Luabo,Mulheres,17 a 21,747.0
2025,Agosto,Zambézia,Luabo,Homens,22 a 60,7107.0
2025,Agosto,Zambézia,Luabo,Mulheres,22 a 60,3518.0
2025,Agosto,Zambézia,Luabo,Homens,Mais de 60,485.0
2025,Agosto,Zambézia,Luabo,Mulheres,Mais de 60,205.0
2025,Agosto,Zambézia,Luabo,Outros,N/A,2.0
2025,Setembro,Zambézia,Luabo,Homens,0 a 16,24.0
2025,Setembro,Zambézia,Luabo,Mulheres,0 a 16,10.0
2025,Setembro,Zambézia,Luabo,Homens,17 a 21,1693.0
2025,Setembro,Zambézia,Luabo,Mulheres,17 a 21,756.0
2025,Setembro,Zambézia,Luabo,Homens,22 a 60,7325.0
2025,Setembro,Zambézia,Luabo,Mulheres,22 a 60,3619.0
2025,Setembro,Zambézia,Luabo,Homens,Mais de 60,508.0
2025,Setembro,Zambézia,Luabo,Mulheres,Mais de 60,213.0
2025,Setembro,Zambézia,Luabo,Outros,N/A,5.0
2025,Outubro,Zambézia,Luabo,Homens,0 a 16,35.0
2025,Outubro,Zambézia,Luabo,Mulheres,0 a 16,8.0
2025,Outubro,Zambézia,Luabo,Homens,17 a 21,1994.0
2025,Outubro,Zambézia,Luabo,Mulheres,17 a 21,861.0
2025,Outubro,Zambézia,Luabo,Homens,22 a 60,9360.0
2025,Outubro,Zambézia,Luabo,Mulheres,22 a 60,4198.0
2025,Outubro,Zambézia,Luabo,Homens,Mais de 60,597.0
2025,Outubro,Zambézia,Luabo,Mulheres,Mais de 60,252.0
2025,Outubro,Zambézia,Luabo,Outros,N/A,3.0
2025,Novembro,Zambézia,Luabo,Homens,0 a 16,31.0
2025,Novembro,Zambézia,Luabo,Mulheres,0 a 16,8.0
2025,Novembro,Zambézia,Luabo,Homens,17 a 21,2092.0
2025,Novembro,Zambézia,Luabo,Mulheres,17 a 21,913.0
2025,Novembro,Zambézia,Luabo,Homens,22 a 60,9491.0
2025,Novembro,Zambézia,Luabo,Mulheres,22 a 60,4665.0
2025,Novembro,Zambézia,Luabo,Homens,Mais de 60,602.0
2025,Novembro,Zambézia,Luabo,Mulheres,Mais de 60,275.0
2025,Novembro,Zambézia,Luabo,Outros,N/A,1.0
2025,Dezembro,Zambézia,Luabo,Homens,0 a 16,23.0
2025,Dezembro,Zambézia,Luabo,Mulheres,0 a 16,15.0
2025,Dezembro,Zambézia,Luabo,Homens,17 a 21,2108.0
2025,Dezembro,Zambézia,Luabo,Mulheres,17 a 21,905.0
2025,Dezembro,Zambézia,Luabo,Homens,22 a 60,9721.0
2025,Dezembro,Zambézia,Luabo,Mulheres,22 a 60,4380.0
2025,Dezembro,Zambézia,Luabo,Homens,Mais de 60,607.0
2025,Dezembro,Zambézia,Luabo,Mulheres,Mais de 60,270.0
2025,Dezembro,Zambézia,Luabo,Outros,N/A,1.0
2025,Janeiro,Zambézia,Derre,Homens,0 a 16,17.0
2025,Janeiro,Zambézia,Derre,Mulheres,0 a 16,3.0
2025,Janeiro,Zambézia,Derre,Homens,17 a 21,1615.0
2025,Janeiro,Zambézia,Derre,Mulheres,17 a 21,1058.0
2025,Janeiro,Zambézia,Derre,Homens,22 a 60,7597.0
2025,Janeiro,Zambézia,Derre,Mulheres,22 a 60,4348.0
2025,Janeiro,Zambézia,Derre,Homens,Mais de 60,475.0
2025,Janeiro,Zambézia,Derre,Mulheres,Mais de 60,322.0
2025,Janeiro,Zambézia,Derre,Outros,N/A,2.0
2025,Fevereiro,Zambézia,Derre,Homens,0 a 16,16.0
2025,Fevereiro,Zambézia,Derre,Mulheres,0 a 16,3.0
2025,Fevereiro,Zambézia,Derre,Homens,17 a 21,1634.0
2025,Fevereiro,Zambézia,Derre,Mulheres,17 a 21,1019.0
2025,Fevereiro,Zambézia,Derre,Homens,22 a 60,7637.0
2025,Fevereiro,Zambézia,Derre,Mulheres,22 a 60,4453.0
2025,Fevereiro,Zambézia,Derre,Homens,Mais de 60,498.68
2025,Fevereiro,Zambézia,Derre,Mulheres,Mais de 60,316.0
2025,Fevereiro,Zambézia,Derre,Outros,N/A,2.0
2025,Março,Zambézia,Derre,Homens,0 a 16,18.0
2025,Março,Zambézia,Derre,Mulheres,0 a 16,9.0
2025,Março,Zambézia,Derre,Homens,17 a 21,1587.0
2025,Março,Zambézia,Derre,Mulheres,17 a 21,975.0
2025,Março,Zambézia,Derre,Homens,22 a 60,7527.0
2025,Março,Zambézia,Derre,Mulheres,22 a 60,4367.0
2025,Março,Zambézia,Derre,Homens,Mais de 60,471.0
2025,Março,Zambézia,Derre,Mulheres,Mais de 60,317.0
2025,Março,Zambézia,Derre,Outros,N/A,3.0
2025,Abril,Zambézia,Derre,Homens,0 a 16,19.0
2025,Abril,Zambézia,Derre,Mulheres,0 a 16,16.0
2025,Abril,Zambézia,Derre,Homens,17 a 21,1550.0
2025,Abril,Zambézia,Derre,Mulheres,17 a 21,999.0
2025,Abril,Zambézia,Derre,Homens,22 a 60,7675.0
2025,Abril,Zambézia,Derre,Mulheres,22 a 60,4502.0
2025,Abril,Zambézia,Derre,Homens,Mais de 60,464.0
2025,Abril,Zambézia,Derre,Mulheres,Mais de 60,333.0
2025,Abril,Zambézia,Derre,Outros,N/A,4.0
2025,Maio,Zambézia,Derre,Homens,0 a 16,15.0
2025,Maio,Zambézia,Derre,Mulheres,0 a 16,18.0
2025,Maio,Zambézia,Derre,Homens,17 a 21,1453.0
2025,Maio,Zambézia,Derre,Mulheres,17 a 21,891.0
2025,Maio,Zambézia,Derre,Homens,22 a 60,7323.0
2025,Maio,Zambézia,Derre,Mulheres,22 a 60,4212.0
2025,Maio,Zambézia,Derre,Homens,Mais de 60,448.0
2025,Maio,Zambézia,Derre,Mulheres,Mais de 60,296.0
2025,Maio,Zambézia,Derre,Outros,N/A,5.0
2025,Junho,Zambézia,Derre,Homens,0 a 16,14.0
2025,Junho,Zambézia,Derre,Mulheres,0 a 16,12.0
2025,Junho,Zambézia,Derre,Homens,17 a 21,1729.0
2025,Junho,Zambézia,Derre,Mulheres,17 a 21,896.0
2025,Junho,Zambézia,Derre,Homens,22 a 60,8248.0
2025,Junho,Zambézia,Derre,Mulheres,22 a 60,4524.0
2025,Junho,Zambézia,Derre,Homens,Mais de 60,502.0
2025,Junho,Zambézia,Derre,Mulheres,Mais de 60,303.0
2025,Junho,Zambézia,Derre,Outros,N/A,2.0
2025,Julho,Zambézia,Derre,Homens,0 a 16,8.0
2025,Julho,Zambézia,Derre,Mulheres,0 a 16,16.0
2025,Julho,Zambézia,Derre,Homens,17 a 21,1567.0
2025,Julho,Zambézia,Derre,Mulheres,17 a 21,834.0
2025,Julho,Zambézia,Derre,Homens,22 a 60,7681.0
2025,Julho,Zambézia,Derre,Mulheres,22 a 60,4188.0
2025,Julho,Zambézia,Derre,Homens,Mais de 60,452.0
2025,Julho,Zambézia,Derre,Mulheres,Mais de 60,264.0
2025,Julho,Zambézia,Derre,Outros,N/A,4.0
2025,Agosto,Zambézia,Derre,Homens,0 a 16,8.0
2025,Agosto,Zambézia,Derre,Mulheres,0 a 16,12.0
2025,Agosto,Zambézia,Derre,Homens,17 a 21,1616.0
2025,Agosto,Zambézia,Derre,Mulheres,17 a 21,825.0
2025,Agosto,Zambézia,Derre,Homens,22 a 60,8056.0
2025,Agosto,Zambézia,Derre,Mulheres,22 a 60,4316.0
2025,Agosto,Zambézia,Derre,Homens,Mais de 60,466.0
2025,Agosto,Zambézia,Derre,Mulheres,Mais de 60,280.0
2025,Agosto,Zambézia,Derre,Outros,N/A,3.0
2025,Setembro,Zambézia,Derre,Homens,0 a 16,8.0
2025,Setembro,Zambézia,Derre,Mulheres,0 a 16,10.0
2025,Setembro,Zambézia,Derre,Homens,17 a 21,1677.0
2025,Setembro,Zambézia,Derre,Mulheres,17 a 21,866.0
2025,Setembro,Zambézia,Derre,Homens,22 a 60,8816.0
2025,Setembro,Zambézia,Derre,Mulheres,22 a 60,4552.0
2025,Setembro,Zambézia,Derre,Homens,Mais de 60,492.0
2025,Setembro,Zambézia,Derre,Mulheres,Mais de 60,294.0
2025,Setembro,Zambézia,Derre,Outros,N/A,3.0
2025,Outubro,Zambézia,Derre,Homens,0 a 16,6.0
2025,Outubro,Zambézia,Derre,Mulheres,0 a 16,12.0
2025,Outubro,Zambézia,Derre,Homens,17 a 21,1755.0
2025,Outubro,Zambézia,Derre,Mulheres,17 a 21,913.0
2025,Outubro,Zambézia,Derre,Homens,22 a 60,8946.0
2025,Outubro,Zambézia,Derre,Mulheres,22 a 60,4813.0
2025,Outubro,Zambézia,Derre,Homens,Mais de 60,514.0
2025,Outubro,Zambézia,Derre,Mulheres,Mais de 60,313.0
2025,Outubro,Zambézia,Derre,Outros,N/A,4.0
2025,Novembro,Zambézia,Derre,Homens,0 a 16,11.0
2025,Novembro,Zambézia,Derre,Mulheres,0 a 16,14.0
2025,Novembro,Zambézia,Derre,Homens,17 a 21,1858.0
2025,Novembro,Zambézia,Derre,Mulheres,17 a 21,970.0
2025,Novembro,Zambézia,Derre,Homens,22 a 60,8990.0
2025,Novembro,Zambézia,Derre,Mulheres,22 a 60,5210.0
2025,Novembro,Zambézia,Derre,Homens,Mais de 60,534.0
2025,Novembro,Zambézia,Derre,Mulheres,Mais de 60,322.0
2025,Novembro,Zambézia,Derre,Outros,N/A,1.0
2025,Dezembro,Zambézia,Derre,Homens,0 a 16,15.0
2025,Dezembro,Zambézia,Derre,Mulheres,0 a 16,14.0
2025,Dezembro,Zambézia,Derre,Homens,17 a 21,1801.0
2025,Dezembro,Zambézia,Derre,Mulheres,17 a 21,957.0
2025,Dezembro,Zambézia,Derre,Homens,22 a 60,9093.0
2025,Dezembro,Zambézia,Derre,Mulheres,22 a 60,5104.0
2025,Dezembro,Zambézia,Derre,Homens,Mais de 60,538.0
2025,Dezembro,Zambézia,Derre,Mulheres,Mais de 60,325.0
2025,Dezembro,Zambézia,Derre,Outros,N/A,1.0
2025,Janeiro,Nampula,Cidade de Nampula,Homens,0 a 16,1385.0
2025,Janeiro,Nampula,Cidade de Nampula,Mulheres,0 a 16,995.0
2025,Janeiro,Nampula,Cidade de Nampula,Homens,17 a 21,113769.0
2025,Janeiro,Nampula,Cidade de Nampula,Mulheres,17 a 21,99133.0
2025,Janeiro,Nampula,Cidade de Nampula,Homens,22 a 60,608996.0
2025,Janeiro,Nampula,Cidade de Nampula,Mulheres,22 a 60,474672.0
2025,Janeiro,Nampula,Cidade de Nampula,Homens,Mais de 60,27114.0
2025,Janeiro,Nampula,Cidade de Nampula,Mulheres,Mais de 60,21950.0
2025,Janeiro,Nampula,Cidade de Nampula,Outros,N/A,653.0
2025,Fevereiro,Nampula,Cidade de Nampula,Homens,0 a 16,1451.0
2025,Fevereiro,Nampula,Cidade de Nampula,Mulheres,0 a 16,1054.0
2025,Fevereiro,Nampula,Cidade de Nampula,Homens,17 a 21,116648.0
2025,Fevereiro,Nampula,Cidade de Nampula,Mulheres,17 a 21,101736.0
2025,Fevereiro,Nampula,Cidade de Nampula,Homens,22 a 60,619091.0
2025,Fevereiro,Nampula,Cidade de Nampula,Mulheres,22 a 60,484662.0
2025,Fevereiro,Nampula,Cidade de Nampula,Homens,Mais de 60,28036.0
2025,Fevereiro,Nampula,Cidade de Nampula,Mulheres,Mais de 60,22771.0
2025,Fevereiro,Nampula,Cidade de Nampula,Outros,N/A,619.0
2025,Março,Nampula,Cidade de Nampula,Homens,0 a 16,1511.0
2025,Março,Nampula,Cidade de Nampula,Mulheres,0 a 16,1102.0
2025,Março,Nampula,Cidade de Nampula,Homens,17 a 21,121994.0
2025,Março,Nampula,Cidade de Nampula,Mulheres,17 a 21,106678.0
2025,Março,Nampula,Cidade de Nampula,Homens,22 a 60,664128.0
2025,Março,Nampula,Cidade de Nampula,Mulheres,22 a 60,529646.0
2025,Março,Nampula,Cidade de Nampula,Homens,Mais de 60,31016.0
2025,Março,Nampula,Cidade de Nampula,Mulheres,Mais de 60,25588.0
2025,Março,Nampula,Cidade de Nampula,Outros,N/A,621.0
2025,Abril,Nampula,Cidade de Nampula,Homens,0 a 16,1623.0
2025,Abril,Nampula,Cidade de Nampula,Mulheres,0 a 16,1219.0
2025,Abril,Nampula,Cidade de Nampula,Homens,17 a 21,124015.0
2025,Abril,Nampula,Cidade de Nampula,Mulheres,17 a 21,110073.0
2025,Abril,Nampula,Cidade de Nampula,Homens,22 a 60,674797.0
2025,Abril,Nampula,Cidade de Nampula,Mulheres,22 a 60,541809.0
2025,Abril,Nampula,Cidade de Nampula,Homens,Mais de 60,31995.0
2025,Abril,Nampula,Cidade de Nampula,Mulheres,Mais de 60,26533.0
2025,Abril,Nampula,Cidade de Nampula,Outros,N/A,620.0
2025,Maio,Nampula,Cidade de Nampula,Homens,0 a 16,1550.0
2025,Maio,Nampula,Cidade de Nampula,Mulheres,0 a 16,1164.0
2025,Maio,Nampula,Cidade de Nampula,Homens,17 a 21,124898.0
2025,Maio,Nampula,Cidade de Nampula,Mulheres,17 a 21,112081.0
2025,Maio,Nampula,Cidade de Nampula,Homens,22 a 60,686083.0
2025,Maio,Nampula,Cidade de Nampula,Mulheres,22 a 60,552993.0
2025,Maio,Nampula,Cidade de Nampula,Homens,Mais de 60,32401.0
2025,Maio,Nampula,Cidade de Nampula,Mulheres,Mais de 60,27223.0
2025,Maio,Nampula,Cidade de Nampula,Outros,N/A,607.0
2025,Junho,Nampula,Cidade de Nampula,Homens,0 a 16,1552.0
2025,Junho,Nampula,Cidade de Nampula,Mulheres,0 a 16,1174.0
2025,Junho,Nampula,Cidade de Nampula,Homens,17 a 21,127604.0
2025,Junho,Nampula,Cidade de Nampula,Mulheres,17 a 21,115119.0
2025,Junho,Nampula,Cidade de Nampula,Homens,22 a 60,707054.0
2025,Junho,Nampula,Cidade de Nampula,Mulheres,22 a 60,568345.0
2025,Junho,Nampula,Cidade de Nampula,Homens,Mais de 60,33420.0
2025,Junho,Nampula,Cidade de Nampula,Mulheres,Mais de 60,27693.0
2025,Junho,Nampula,Cidade de Nampula,Outros,N/A,633.0
2025,Julho,Nampula,Cidade de Nampula,Homens,0 a 16,1453.0
2025,Julho,Nampula,Cidade de Nampula,Mulheres,0 a 16,1065.0
2025,Julho,Nampula,Cidade de Nampula,Homens,17 a 21,121272.0
2025,Julho,Nampula,Cidade de Nampula,Mulheres,17 a 21,109692.0
2025,Julho,Nampula,Cidade de Nampula,Homens,22 a 60,686204.0
2025,Julho,Nampula,Cidade de Nampula,Mulheres,22 a 60,548257.0
2025,Julho,Nampula,Cidade de Nampula,Homens,Mais de 60,32491.0
2025,Julho,Nampula,Cidade de Nampula,Mulheres,Mais de 60,26762.0
2025,Julho,Nampula,Cidade de Nampula,Outros,N/A,669.0
2025,Agosto,Nampula,Cidade de Nampula,Homens,0 a 16,1458.0
2025,Agosto,Nampula,Cidade de Nampula,Mulheres,0 a 16,1012.0
2025,Agosto,Nampula,Cidade de Nampula,Homens,17 a 21,122245.0
2025,Agosto,Nampula,Cidade de Nampula,Mulheres,17 a 21,109395.0
2025,Agosto,Nampula,Cidade de Nampula,Homens,22 a 60,695655.0
2025,Agosto,Nampula,Cidade de Nampula,Mulheres,22 a 60,551354.0
2025,Agosto,Nampula,Cidade de Nampula,Homens,Mais de 60,33176.0
2025,Agosto,Nampula,Cidade de Nampula,Mulheres,Mais de 60,27188.0
2025,Agosto,Nampula,Cidade de Nampula,Outros,N/A,624.0
2025,Setembro,Nampula,Cidade de Nampula,Homens,0 a 16,1413.0
2025,Setembro,Nampula,Cidade de Nampula,Mulheres,0 a 16,971.0
2025,Setembro,Nampula,Cidade de Nampula,Homens,17 a 21,123212.0
2025,Setembro,Nampula,Cidade de Nampula,Mulheres,17 a 21,111063.0
2025,Setembro,Nampula,Cidade de Nampula,Homens,22 a 60,703320.0
2025,Setembro,Nampula,Cidade de Nampula,Mulheres,22 a 60,558752.0
2025,Setembro,Nampula,Cidade de Nampula,Homens,Mais de 60,33382.0
2025,Setembro,Nampula,Cidade de Nampula,Mulheres,Mais de 60,27423.0
2025,Setembro,Nampula,Cidade de Nampula,Outros,N/A,663.0
2025,Outubro,Nampula,Cidade de Nampula,Homens,0 a 16,1423.0
2025,Outubro,Nampula,Cidade de Nampula,Mulheres,0 a 16,972.0
2025,Outubro,Nampula,Cidade de Nampula,Homens,17 a 21,126607.0
2025,Outubro,Nampula,Cidade de Nampula,Mulheres,17 a 21,115602.0
2025,Outubro,Nampula,Cidade de Nampula,Homens,22 a 60,730225.0
2025,Outubro,Nampula,Cidade de Nampula,Mulheres,22 a 60,591308.0
2025,Outubro,Nampula,Cidade de Nampula,Homens,Mais de 60,35504.0
2025,Outubro,Nampula,Cidade de Nampula,Mulheres,Mais de 60,29756.0
2025,Outubro,Nampula,Cidade de Nampula,Outros,N/A,653.0
2025,Novembro,Nampula,Cidade de Nampula,Homens,0 a 16,1460.0
2025,Novembro,Nampula,Cidade de Nampula,Mulheres,0 a 16,1031.0
2025,Novembro,Nampula,Cidade de Nampula,Homens,17 a 21,129162.0
2025,Novembro,Nampula,Cidade de Nampula,Mulheres,17 a 21,118650.0
2025,Novembro,Nampula,Cidade de Nampula,Homens,22 a 60,739979.0
2025,Novembro,Nampula,Cidade de Nampula,Mulheres,22 a 60,640404.0
2025,Novembro,Nampula,Cidade de Nampula,Homens,Mais de 60,37926.0
2025,Novembro,Nampula,Cidade de Nampula,Mulheres,Mais de 60,33025.0
2025,Novembro,Nampula,Cidade de Nampula,Outros,N/A,164.0
2025,Dezembro,Nampula,Cidade de Nampula,Homens,0 a 16,1502.0
2025,Dezembro,Nampula,Cidade de Nampula,Mulheres,0 a 16,1052.0
2025,Dezembro,Nampula,Cidade de Nampula,Homens,17 a 21,132134.0
2025,Dezembro,Nampula,Cidade de Nampula,Mulheres,17 a 21,121135.0
2025,Dezembro,Nampula,Cidade de Nampula,Homens,22 a 60,768657.0
2025,Dezembro,Nampula,Cidade de Nampula,Mulheres,22 a 60,633331.0
2025,Dezembro,Nampula,Cidade de Nampula,Homens,Mais de 60,39224.0
2025,Dezembro,Nampula,Cidade de Nampula,Mulheres,Mais de 60,33391.0
2025,Dezembro,Nampula,Cidade de Nampula,Outros,N/A,166.0
2025,Janeiro,Nampula,Cidade de Nacala-Porto,Homens,0 a 16,317.0
2025,Janeiro,Nampula,Cidade de Nacala-Porto,Mulheres,0 a 16,235.0
2025,Janeiro,Nampula,Cidade de Nacala-Porto,Homens,17 a 21,34261.0
2025,Janeiro,Nampula,Cidade de Nacala-Porto,Mulheres,17 a 21,30802.0
2025,Janeiro,Nampula,Cidade de Nacala-Porto,Homens,22 a 60,211202.0
2025,Janeiro,Nampula,Cidade de Nacala-Porto,Mulheres,22 a 60,162257.0
2025,Janeiro,Nampula,Cidade de Nacala-Porto,Homens,Mais de 60,11632.0
2025,Janeiro,Nampula,Cidade de Nacala-Porto,Mulheres,Mais de 60,10016.0
2025,Janeiro,Nampula,Cidade de Nacala-Porto,Outros,N/A,193.0
2025,Fevereiro,Nampula,Cidade de Nacala-Porto,Homens,0 a 16,341.0
2025,Fevereiro,Nampula,Cidade de Nacala-Porto,Mulheres,0 a 16,254.0
2025,Fevereiro,Nampula,Cidade de Nacala-Porto,Homens,17 a 21,34460.0
2025,Fevereiro,Nampula,Cidade de Nacala-Porto,Mulheres,17 a 21,31084.0
2025,Fevereiro,Nampula,Cidade de Nacala-Porto,Homens,22 a 60,213256.0
2025,Fevereiro,Nampula,Cidade de Nacala-Porto,Mulheres,22 a 60,165094.0
2025,Fevereiro,Nampula,Cidade de Nacala-Porto,Homens,Mais de 60,11982.0
2025,Fevereiro,Nampula,Cidade de Nacala-Porto,Mulheres,Mais de 60,10316.0
2025,Fevereiro,Nampula,Cidade de Nacala-Porto,Outros,N/A,199.0
2025,Março,Nampula,Cidade de Nacala-Porto,Homens,0 a 16,374.0
2025,Março,Nampula,Cidade de Nacala-Porto,Mulheres,0 a 16,275.0
2025,Março,Nampula,Cidade de Nacala-Porto,Homens,17 a 21,36161.0
2025,Março,Nampula,Cidade de Nacala-Porto,Mulheres,17 a 21,32830.0
2025,Março,Nampula,Cidade de Nacala-Porto,Homens,22 a 60,222483.0
2025,Março,Nampula,Cidade de Nacala-Porto,Mulheres,22 a 60,174528.0
2025,Março,Nampula,Cidade de Nacala-Porto,Homens,Mais de 60,12841.0
2025,Março,Nampula,Cidade de Nacala-Porto,Mulheres,Mais de 60,11163.0
2025,Março,Nampula,Cidade de Nacala-Porto,Outros,N/A,200.0
2025,Abril,Nampula,Cidade de Nacala-Porto,Homens,0 a 16,435.0
2025,Abril,Nampula,Cidade de Nacala-Porto,Mulheres,0 a 16,314.0
2025,Abril,Nampula,Cidade de Nacala-Porto,Homens,17 a 21,36299.0
2025,Abril,Nampula,Cidade de Nacala-Porto,Mulheres,17 a 21,33389.0
2025,Abril,Nampula,Cidade de Nacala-Porto,Homens,22 a 60,223291.0
2025,Abril,Nampula,Cidade de Nacala-Porto,Mulheres,22 a 60,177777.0
2025,Abril,Nampula,Cidade de Nacala-Porto,Homens,Mais de 60,12942.0
2025,Abril,Nampula,Cidade de Nacala-Porto,Mulheres,Mais de 60,11498.0
2025,Abril,Nampula,Cidade de Nacala-Porto,Outros,N/A,200.0
2025,Maio,Nampula,Cidade de Nacala-Porto,Homens,0 a 16,406.0
2025,Maio,Nampula,Cidade de Nacala-Porto,Mulheres,0 a 16,301.0
2025,Maio,Nampula,Cidade de Nacala-Porto,Homens,17 a 21,36035.0
2025,Maio,Nampula,Cidade de Nacala-Porto,Mulheres,17 a 21,33459.0
2025,Maio,Nampula,Cidade de Nacala-Porto,Homens,22 a 60,225573.0
2025,Maio,Nampula,Cidade de Nacala-Porto,Mulheres,22 a 60,180977.0
2025,Maio,Nampula,Cidade de Nacala-Porto,Homens,Mais de 60,13139.0
2025,Maio,Nampula,Cidade de Nacala-Porto,Mulheres,Mais de 60,11812.0
2025,Maio,Nampula,Cidade de Nacala-Porto,Outros,N/A,217.0
2025,Junho,Nampula,Cidade de Nacala-Porto,Homens,0 a 16,429.0
2025,Junho,Nampula,Cidade de Nacala-Porto,Mulheres,0 a 16,293.0
2025,Junho,Nampula,Cidade de Nacala-Porto,Homens,17 a 21,36800.0
2025,Junho,Nampula,Cidade de Nacala-Porto,Mulheres,17 a 21,33955.0
2025,Junho,Nampula,Cidade de Nacala-Porto,Homens,22 a 60,231867.0
2025,Junho,Nampula,Cidade de Nacala-Porto,Mulheres,22 a 60,186318.0
2025,Junho,Nampula,Cidade de Nacala-Porto,Homens,Mais de 60,13515.0
2025,Junho,Nampula,Cidade de Nacala-Porto,Mulheres,Mais de 60,11953.0
2025,Junho,Nampula,Cidade de Nacala-Porto,Outros,N/A,208.0
2025,Julho,Nampula,Cidade de Nacala-Porto,Homens,0 a 16,373.0
2025,Julho,Nampula,Cidade de Nacala-Porto,Mulheres,0 a 16,274.0
2025,Julho,Nampula,Cidade de Nacala-Porto,Homens,17 a 21,35362.0
2025,Julho,Nampula,Cidade de Nacala-Porto,Mulheres,17 a 21,33178.0
2025,Julho,Nampula,Cidade de Nacala-Porto,Homens,22 a 60,227965.0
2025,Julho,Nampula,Cidade de Nacala-Porto,Mulheres,22 a 60,183791.0
2025,Julho,Nampula,Cidade de Nacala-Porto,Homens,Mais de 60,13356.0
2025,Julho,Nampula,Cidade de Nacala-Porto,Mulheres,Mais de 60,11660.0
2025,Julho,Nampula,Cidade de Nacala-Porto,Outros,N/A,213.0
2025,Agosto,Nampula,Cidade de Nacala-Porto,Homens,0 a 16,349.0
2025,Agosto,Nampula,Cidade de Nacala-Porto,Mulheres,0 a 16,273.0
2025,Agosto,Nampula,Cidade de Nacala-Porto,Homens,17 a 21,36007.0
2025,Agosto,Nampula,Cidade de Nacala-Porto,Mulheres,17 a 21,33648.0
2025,Agosto,Nampula,Cidade de Nacala-Porto,Homens,22 a 60,232670.0
2025,Agosto,Nampula,Cidade de Nacala-Porto,Mulheres,22 a 60,187138.0
2025,Agosto,Nampula,Cidade de Nacala-Porto,Homens,Mais de 60,13668.0
2025,Agosto,Nampula,Cidade de Nacala-Porto,Mulheres,Mais de 60,11928.0
2025,Agosto,Nampula,Cidade de Nacala-Porto,Outros,N/A,156.0
2025,Setembro,Nampula,Cidade de Nacala-Porto,Homens,0 a 16,335.0
2025,Setembro,Nampula,Cidade de Nacala-Porto,Mulheres,0 a 16,280.0
2025,Setembro,Nampula,Cidade de Nacala-Porto,Homens,17 a 21,36100.0
2025,Setembro,Nampula,Cidade de Nacala-Porto,Mulheres,17 a 21,33913.0
2025,Setembro,Nampula,Cidade de Nacala-Porto,Homens,22 a 60,235008.0
2025,Setembro,Nampula,Cidade de Nacala-Porto,Mulheres,22 a 60,189674.0
2025,Setembro,Nampula,Cidade de Nacala-Porto,Homens,Mais de 60,13800.0
2025,Setembro,Nampula,Cidade de Nacala-Porto,Mulheres,Mais de 60,12103.0
2025,Setembro,Nampula,Cidade de Nacala-Porto,Outros,N/A,171.0
2025,Outubro,Nampula,Cidade de Nacala-Porto,Homens,0 a 16,314.0
2025,Outubro,Nampula,Cidade de Nacala-Porto,Mulheres,0 a 16,266.0
2025,Outubro,Nampula,Cidade de Nacala-Porto,Homens,17 a 21,36858.0
2025,Outubro,Nampula,Cidade de Nacala-Porto,Mulheres,17 a 21,34866.0
2025,Outubro,Nampula,Cidade de Nacala-Porto,Homens,22 a 60,239894.0
2025,Outubro,Nampula,Cidade de Nacala-Porto,Mulheres,22 a 60,194825.0
2025,Outubro,Nampula,Cidade de Nacala-Porto,Homens,Mais de 60,14085.0
2025,Outubro,Nampula,Cidade de Nacala-Porto,Mulheres,Mais de 60,12358.0
2025,Outubro,Nampula,Cidade de Nacala-Porto,Outros,N/A,207.0
2025,Novembro,Nampula,Cidade de Nacala-Porto,Homens,0 a 16,376.0
2025,Novembro,Nampula,Cidade de Nacala-Porto,Mulheres,0 a 16,284.0
2025,Novembro,Nampula,Cidade de Nacala-Porto,Homens,17 a 21,38324.0
2025,Novembro,Nampula,Cidade de Nacala-Porto,Mulheres,17 a 21,36223.0
2025,Novembro,Nampula,Cidade de Nacala-Porto,Homens,22 a 60,244220.0
2025,Novembro,Nampula,Cidade de Nacala-Porto,Mulheres,22 a 60,212378.0
2025,Novembro,Nampula,Cidade de Nacala-Porto,Homens,Mais de 60,14967.0
2025,Novembro,Nampula,Cidade de Nacala-Porto,Mulheres,Mais de 60,13606.0
2025,Novembro,Nampula,Cidade de Nacala-Porto,Outros,N/A,55.0
2025,Dezembro,Nampula,Cidade de Nacala-Porto,Homens,0 a 16,395.0
2025,Dezembro,Nampula,Cidade de Nacala-Porto,Mulheres,0 a 16,286.0
2025,Dezembro,Nampula,Cidade de Nacala-Porto,Homens,17 a 21,39895.0
2025,Dezembro,Nampula,Cidade de Nacala-Porto,Mulheres,17 a 21,37606.0
2025,Dezembro,Nampula,Cidade de Nacala-Porto,Homens,22 a 60,263526.0
2025,Dezembro,Nampula,Cidade de Nacala-Porto,Mulheres,22 a 60,223552.0
2025,Dezembro,Nampula,Cidade de Nacala-Porto,Homens,Mais de 60,16797.0
2025,Dezembro,Nampula,Cidade de Nacala-Porto,Mulheres,Mais de 60,15333.0
2025,Dezembro,Nampula,Cidade de Nacala-Porto,Outros,N/A,54.0
2025,Janeiro,Nampula,Angoche,Homens,0 a 16,304.0
2025,Janeiro,Nampula,Angoche,Mulheres,0 a 16,248.0
2025,Janeiro,Nampula,Angoche,Homens,17 a 21,28583.0
2025,Janeiro,Nampula,Angoche,Mulheres,17 a 21,26247.0
2025,Janeiro,Nampula,Angoche,Homens,22 a 60,155333.0
2025,Janeiro,Nampula,Angoche,Mulheres,22 a 60,139009.0
2025,Janeiro,Nampula,Angoche,Homens,Mais de 60,15430.0
2025,Janeiro,Nampula,Angoche,Mulheres,Mais de 60,14908.0
2025,Janeiro,Nampula,Angoche,Outros,N/A,40.0
2025,Fevereiro,Nampula,Angoche,Homens,0 a 16,341.0
2025,Fevereiro,Nampula,Angoche,Mulheres,0 a 16,297.0
2025,Fevereiro,Nampula,Angoche,Homens,17 a 21,29263.0
2025,Fevereiro,Nampula,Angoche,Mulheres,17 a 21,26675.0
2025,Fevereiro,Nampula,Angoche,Homens,22 a 60,158277.0
2025,Fevereiro,Nampula,Angoche,Mulheres,22 a 60,140969.0
2025,Fevereiro,Nampula,Angoche,Homens,Mais de 60,15649.0
2025,Fevereiro,Nampula,Angoche,Mulheres,Mais de 60,15108.0
2025,Fevereiro,Nampula,Angoche,Outros,N/A,41.0
2025,Março,Nampula,Angoche,Homens,0 a 16,324.0
2025,Março,Nampula,Angoche,Mulheres,0 a 16,260.0
2025,Março,Nampula,Angoche,Homens,17 a 21,28203.0
2025,Março,Nampula,Angoche,Mulheres,17 a 21,25691.0
2025,Março,Nampula,Angoche,Homens,22 a 60,156205.0
2025,Março,Nampula,Angoche,Mulheres,22 a 60,139006.0
2025,Março,Nampula,Angoche,Homens,Mais de 60,15394.0
2025,Março,Nampula,Angoche,Mulheres,Mais de 60,14954.0
2025,Março,Nampula,Angoche,Outros,N/A,54.0
2025,Abril,Nampula,Angoche,Homens,0 a 16,353.0
2025,Abril,Nampula,Angoche,Mulheres,0 a 16,254.0
2025,Abril,Nampula,Angoche,Homens,17 a 21,27626.0
2025,Abril,Nampula,Angoche,Mulheres,17 a 21,25556.0
2025,Abril,Nampula,Angoche,Homens,22 a 60,156424.0
2025,Abril,Nampula,Angoche,Mulheres,22 a 60,139288.0
2025,Abril,Nampula,Angoche,Homens,Mais de 60,15558.0
2025,Abril,Nampula,Angoche,Mulheres,Mais de 60,15153.0
2025,Abril,Nampula,Angoche,Outros,N/A,42.0
2025,Maio,Nampula,Angoche,Homens,0 a 16,331.0
2025,Maio,Nampula,Angoche,Mulheres,0 a 16,230.0
2025,Maio,Nampula,Angoche,Homens,17 a 21,28288.0
2025,Maio,Nampula,Angoche,Mulheres,17 a 21,25892.0
2025,Maio,Nampula,Angoche,Homens,22 a 60,163042.0
2025,Maio,Nampula,Angoche,Mulheres,22 a 60,142025.0
2025,Maio,Nampula,Angoche,Homens,Mais de 60,15752.0
2025,Maio,Nampula,Angoche,Mulheres,Mais de 60,15464.0
2025,Maio,Nampula,Angoche,Outros,N/A,49.0
2025,Junho,Nampula,Angoche,Homens,0 a 16,364.0
2025,Junho,Nampula,Angoche,Mulheres,0 a 16,223.0
2025,Junho,Nampula,Angoche,Homens,17 a 21,30716.0
2025,Junho,Nampula,Angoche,Mulheres,17 a 21,27007.0
2025,Junho,Nampula,Angoche,Homens,22 a 60,174955.0
2025,Junho,Nampula,Angoche,Mulheres,22 a 60,151034.0
2025,Junho,Nampula,Angoche,Homens,Mais de 60,16535.0
2025,Junho,Nampula,Angoche,Mulheres,Mais de 60,16078.0
2025,Junho,Nampula,Angoche,Outros,N/A,51.0
2025,Julho,Nampula,Angoche,Homens,0 a 16,325.0
2025,Julho,Nampula,Angoche,Mulheres,0 a 16,175.0
2025,Julho,Nampula,Angoche,Homens,17 a 21,28031.0
2025,Julho,Nampula,Angoche,Mulheres,17 a 21,24511.0
2025,Julho,Nampula,Angoche,Homens,22 a 60,164559.0
2025,Julho,Nampula,Angoche,Mulheres,22 a 60,140196.0
2025,Julho,Nampula,Angoche,Homens,Mais de 60,15134.0
2025,Julho,Nampula,Angoche,Mulheres,Mais de 60,14948.0
2025,Julho,Nampula,Angoche,Outros,N/A,59.0
2025,Agosto,Nampula,Angoche,Homens,0 a 16,307.0
2025,Agosto,Nampula,Angoche,Mulheres,0 a 16,163.0
2025,Agosto,Nampula,Angoche,Homens,17 a 21,28078.0
2025,Agosto,Nampula,Angoche,Mulheres,17 a 21,23999.0
2025,Agosto,Nampula,Angoche,Homens,22 a 60,165800.0
2025,Agosto,Nampula,Angoche,Mulheres,22 a 60,138790.0
2025,Agosto,Nampula,Angoche,Homens,Mais de 60,15024.0
2025,Agosto,Nampula,Angoche,Mulheres,Mais de 60,14812.0
2025,Agosto,Nampula,Angoche,Outros,N/A,55.0
2025,Setembro,Nampula,Angoche,Homens,0 a 16,243.0
2025,Setembro,Nampula,Angoche,Mulheres,0 a 16,154.0
2025,Setembro,Nampula,Angoche,Homens,17 a 21,28017.0
2025,Setembro,Nampula,Angoche,Mulheres,17 a 21,23927.0
2025,Setembro,Nampula,Angoche,Homens,22 a 60,167864.0
2025,Setembro,Nampula,Angoche,Mulheres,22 a 60,139802.0
2025,Setembro,Nampula,Angoche,Homens,Mais de 60,14999.0
2025,Setembro,Nampula,Angoche,Mulheres,Mais de 60,14718.0
2025,Setembro,Nampula,Angoche,Outros,N/A,51.0
2025,Outubro,Nampula,Angoche,Homens,0 a 16,241.0
2025,Outubro,Nampula,Angoche,Mulheres,0 a 16,160.0
2025,Outubro,Nampula,Angoche,Homens,17 a 21,28159.0
2025,Outubro,Nampula,Angoche,Mulheres,17 a 21,23684.0
2025,Outubro,Nampula,Angoche,Homens,22 a 60,169125.0
2025,Outubro,Nampula,Angoche,Mulheres,22 a 60,140116.0
2025,Outubro,Nampula,Angoche,Homens,Mais de 60,14970.0
2025,Outubro,Nampula,Angoche,Mulheres,Mais de 60,14627.0
2025,Outubro,Nampula,Angoche,Outros,N/A,49.0
2025,Novembro,Nampula,Angoche,Homens,0 a 16,248.0
2025,Novembro,Nampula,Angoche,Mulheres,0 a 16,167.0
2025,Novembro,Nampula,Angoche,Homens,17 a 21,29657.0
2025,Novembro,Nampula,Angoche,Mulheres,17 a 21,24636.0
2025,Novembro,Nampula,Angoche,Homens,22 a 60,178413.0
2025,Novembro,Nampula,Angoche,Mulheres,22 a 60,149531.0
2025,Novembro,Nampula,Angoche,Homens,Mais de 60,15840.0
2025,Novembro,Nampula,Angoche,Mulheres,Mais de 60,15321.0
2025,Novembro,Nampula,Angoche,Outros,N/A,12.0
2025,Dezembro,Nampula,Angoche,Homens,0 a 16,217.0
2025,Dezembro,Nampula,Angoche,Mulheres,0 a 16,168.0
2025,Dezembro,Nampula,Angoche,Homens,17 a 21,30274.0
2025,Dezembro,Nampula,Angoche,Mulheres,17 a 21,25276.0
2025,Dezembro,Nampula,Angoche,Homens,22 a 60,186295.0
2025,Dezembro,Nampula,Angoche,Mulheres,22 a 60,155723.0
2025,Dezembro,Nampula,Angoche,Homens,Mais de 60,16800.0
2025,Dezembro,Nampula,Angoche,Mulheres,Mais de 60,16238.0
2025,Dezembro,Nampula,Angoche,Outros,N/A,13.0
2025,Janeiro,Nampula,Ilha de Moçambique,Homens,0 a 16,45.0
2025,Janeiro,Nampula,Ilha de Moçambique,Mulheres,0 a 16,30.0
2025,Janeiro,Nampula,Ilha de Moçambique,Homens,17 a 21,5321.0
2025,Janeiro,Nampula,Ilha de Moçambique,Mulheres,17 a 21,4667.0
2025,Janeiro,Nampula,Ilha de Moçambique,Homens,22 a 60,30112.0
2025,Janeiro,Nampula,Ilha de Moçambique,Mulheres,22 a 60,23538.0
2025,Janeiro,Nampula,Ilha de Moçambique,Homens,Mais de 60,2164.0
2025,Janeiro,Nampula,Ilha de Moçambique,Mulheres,Mais de 60,1717.0
2025,Janeiro,Nampula,Ilha de Moçambique,Outros,N/A,16.0
2025,Fevereiro,Nampula,Ilha de Moçambique,Homens,0 a 16,63.0
2025,Fevereiro,Nampula,Ilha de Moçambique,Mulheres,0 a 16,43.0
2025,Fevereiro,Nampula,Ilha de Moçambique,Homens,17 a 21,5595.0
2025,Fevereiro,Nampula,Ilha de Moçambique,Mulheres,17 a 21,5145.0
2025,Fevereiro,Nampula,Ilha de Moçambique,Homens,22 a 60,31074.0
2025,Fevereiro,Nampula,Ilha de Moçambique,Mulheres,22 a 60,26003.0
2025,Fevereiro,Nampula,Ilha de Moçambique,Homens,Mais de 60,2184.0
2025,Fevereiro,Nampula,Ilha de Moçambique,Mulheres,Mais de 60,1795.0
2025,Fevereiro,Nampula,Ilha de Moçambique,Outros,N/A,14.0
2025,Março,Nampula,Ilha de Moçambique,Homens,0 a 16,58.0
2025,Março,Nampula,Ilha de Moçambique,Mulheres,0 a 16,47.0
2025,Março,Nampula,Ilha de Moçambique,Homens,17 a 21,5368.0
2025,Março,Nampula,Ilha de Moçambique,Mulheres,17 a 21,4988.0
2025,Março,Nampula,Ilha de Moçambique,Homens,22 a 60,30439.0
2025,Março,Nampula,Ilha de Moçambique,Mulheres,22 a 60,25573.0
2025,Março,Nampula,Ilha de Moçambique,Homens,Mais de 60,2222.0
2025,Março,Nampula,Ilha de Moçambique,Mulheres,Mais de 60,1823.0
2025,Março,Nampula,Ilha de Moçambique,Outros,N/A,12.0
2025,Abril,Nampula,Ilha de Moçambique,Homens,0 a 16,66.0
2025,Abril,Nampula,Ilha de Moçambique,Mulheres,0 a 16,51.0
2025,Abril,Nampula,Ilha de Moçambique,Homens,17 a 21,5381.0
2025,Abril,Nampula,Ilha de Moçambique,Mulheres,17 a 21,4996.0
2025,Abril,Nampula,Ilha de Moçambique,Homens,22 a 60,30732.0
2025,Abril,Nampula,Ilha de Moçambique,Mulheres,22 a 60,25988.0
2025,Abril,Nampula,Ilha de Moçambique,Homens,Mais de 60,2244.0
2025,Abril,Nampula,Ilha de Moçambique,Mulheres,Mais de 60,1884.0
2025,Abril,Nampula,Ilha de Moçambique,Outros,N/A,13.0
2025,Maio,Nampula,Ilha de Moçambique,Homens,0 a 16,59.0
2025,Maio,Nampula,Ilha de Moçambique,Mulheres,0 a 16,39.0
2025,Maio,Nampula,Ilha de Moçambique,Homens,17 a 21,5109.0
2025,Maio,Nampula,Ilha de Moçambique,Mulheres,17 a 21,4801.0
2025,Maio,Nampula,Ilha de Moçambique,Homens,22 a 60,30244.0
2025,Maio,Nampula,Ilha de Moçambique,Mulheres,22 a 60,25595.0
2025,Maio,Nampula,Ilha de Moçambique,Homens,Mais de 60,2203.0
2025,Maio,Nampula,Ilha de Moçambique,Mulheres,Mais de 60,1943.0
2025,Maio,Nampula,Ilha de Moçambique,Outros,N/A,11.0
2025,Junho,Nampula,Ilha de Moçambique,Homens,0 a 16,50.0
2025,Junho,Nampula,Ilha de Moçambique,Mulheres,0 a 16,37.0
2025,Junho,Nampula,Ilha de Moçambique,Homens,17 a 21,5282.0
2025,Junho,Nampula,Ilha de Moçambique,Mulheres,17 a 21,4988.0
2025,Junho,Nampula,Ilha de Moçambique,Homens,22 a 60,31790.0
2025,Junho,Nampula,Ilha de Moçambique,Mulheres,22 a 60,26890.0
2025,Junho,Nampula,Ilha de Moçambique,Homens,Mais de 60,2402.0
2025,Junho,Nampula,Ilha de Moçambique,Mulheres,Mais de 60,2108.0
2025,Junho,Nampula,Ilha de Moçambique,Outros,N/A,10.0
2025,Julho,Nampula,Ilha de Moçambique,Homens,0 a 16,50.0
2025,Julho,Nampula,Ilha de Moçambique,Mulheres,0 a 16,38.0
2025,Julho,Nampula,Ilha de Moçambique,Homens,17 a 21,5082.0
2025,Julho,Nampula,Ilha de Moçambique,Mulheres,17 a 21,4851.0
2025,Julho,Nampula,Ilha de Moçambique,Homens,22 a 60,31865.0
2025,Julho,Nampula,Ilha de Moçambique,Mulheres,22 a 60,27554.0
2025,Julho,Nampula,Ilha de Moçambique,Homens,Mais de 60,2435.0
2025,Julho,Nampula,Ilha de Moçambique,Mulheres,Mais de 60,2168.0
2025,Julho,Nampula,Ilha de Moçambique,Outros,N/A,16.0
2025,Agosto,Nampula,Ilha de Moçambique,Homens,0 a 16,58.0
2025,Agosto,Nampula,Ilha de Moçambique,Mulheres,0 a 16,40.0
2025,Agosto,Nampula,Ilha de Moçambique,Homens,17 a 21,5091.0
2025,Agosto,Nampula,Ilha de Moçambique,Mulheres,17 a 21,4813.0
2025,Agosto,Nampula,Ilha de Moçambique,Homens,22 a 60,32319.0
2025,Agosto,Nampula,Ilha de Moçambique,Mulheres,22 a 60,27512.0
2025,Agosto,Nampula,Ilha de Moçambique,Homens,Mais de 60,2524.0
2025,Agosto,Nampula,Ilha de Moçambique,Mulheres,Mais de 60,2206.0
2025,Agosto,Nampula,Ilha de Moçambique,Outros,N/A,15.0
2025,Setembro,Nampula,Ilha de Moçambique,Homens,0 a 16,55.0
2025,Setembro,Nampula,Ilha de Moçambique,Mulheres,0 a 16,44.0
2025,Setembro,Nampula,Ilha de Moçambique,Homens,17 a 21,5157.0
2025,Setembro,Nampula,Ilha de Moçambique,Mulheres,17 a 21,4801.0
2025,Setembro,Nampula,Ilha de Moçambique,Homens,22 a 60,32779.0
2025,Setembro,Nampula,Ilha de Moçambique,Mulheres,22 a 60,27739.0
2025,Setembro,Nampula,Ilha de Moçambique,Homens,Mais de 60,2552.0
2025,Setembro,Nampula,Ilha de Moçambique,Mulheres,Mais de 60,2181.0
2025,Setembro,Nampula,Ilha de Moçambique,Outros,N/A,15.0
2025,Outubro,Nampula,Ilha de Moçambique,Homens,0 a 16,56.0
2025,Outubro,Nampula,Ilha de Moçambique,Mulheres,0 a 16,37.0
2025,Outubro,Nampula,Ilha de Moçambique,Homens,17 a 21,4759.0
2025,Outubro,Nampula,Ilha de Moçambique,Mulheres,17 a 21,4426.0
2025,Outubro,Nampula,Ilha de Moçambique,Homens,22 a 60,30907.0
2025,Outubro,Nampula,Ilha de Moçambique,Mulheres,22 a 60,26010.0
2025,Outubro,Nampula,Ilha de Moçambique,Homens,Mais de 60,2394.0
2025,Outubro,Nampula,Ilha de Moçambique,Mulheres,Mais de 60,2090.0
2025,Outubro,Nampula,Ilha de Moçambique,Outros,N/A,16.0
2025,Novembro,Nampula,Ilha de Moçambique,Homens,0 a 16,46.0
2025,Novembro,Nampula,Ilha de Moçambique,Mulheres,0 a 16,36.0
2025,Novembro,Nampula,Ilha de Moçambique,Homens,17 a 21,4876.0
2025,Novembro,Nampula,Ilha de Moçambique,Mulheres,17 a 21,4537.0
2025,Novembro,Nampula,Ilha de Moçambique,Homens,22 a 60,31386.0
2025,Novembro,Nampula,Ilha de Moçambique,Mulheres,22 a 60,27577.0
2025,Novembro,Nampula,Ilha de Moçambique,Homens,Mais de 60,2495.0
2025,Novembro,Nampula,Ilha de Moçambique,Mulheres,Mais de 60,2295.0
2025,Novembro,Nampula,Ilha de Moçambique,Outros,N/A,3.0
2025,Dezembro,Nampula,Ilha de Moçambique,Homens,0 a 16,33.0
2025,Dezembro,Nampula,Ilha de Moçambique,Mulheres,0 a 16,37.0
2025,Dezembro,Nampula,Ilha de Moçambique,Homens,17 a 21,4784.0
2025,Dezembro,Nampula,Ilha de Moçambique,Mulheres,17 a 21,4427.0
2025,Dezembro,Nampula,Ilha de Moçambique,Homens,22 a 60,31603.0
2025,Dezembro,Nampula,Ilha de Moçambique,Mulheres,22 a 60,26849.0
2025,Dezembro,Nampula,Ilha de Moçambique,Homens,Mais de 60,2550.0
2025,Dezembro,Nampula,Ilha de Moçambique,Mulheres,Mais de 60,2318.0
2025,Dezembro,Nampula,Ilha de Moçambique,Outros,N/A,3.0
2025,Janeiro,Nampula,Lalaua,Homens,0 a 16,32.0
2025,Janeiro,Nampula,Lalaua,Mulheres,0 a 16,8.0
2025,Janeiro,Nampula,Lalaua,Homens,17 a 21,2465.0
2025,Janeiro,Nampula,Lalaua,Mulheres,17 a 21,1879.0
2025,Janeiro,Nampula,Lalaua,Homens,22 a 60,12025.0
2025,Janeiro,Nampula,Lalaua,Mulheres,22 a 60,7573.0
2025,Janeiro,Nampula,Lalaua,Homens,Mais de 60,432.0
2025,Janeiro,Nampula,Lalaua,Mulheres,Mais de 60,404.0
2025,Janeiro,Nampula,Lalaua,Outros,N/A,1.0
2025,Fevereiro,Nampula,Lalaua,Homens,0 a 16,53.0
2025,Fevereiro,Nampula,Lalaua,Mulheres,0 a 16,9.0
2025,Fevereiro,Nampula,Lalaua,Homens,17 a 21,2647.0
2025,Fevereiro,Nampula,Lalaua,Mulheres,17 a 21,1956.0
2025,Fevereiro,Nampula,Lalaua,Homens,22 a 60,12315.0
2025,Fevereiro,Nampula,Lalaua,Mulheres,22 a 60,7646.0
2025,Fevereiro,Nampula,Lalaua,Homens,Mais de 60,420.0
2025,Fevereiro,Nampula,Lalaua,Mulheres,Mais de 60,381.27
2025,Fevereiro,Nampula,Lalaua,Outros,N/A,1.0
2025,Março,Nampula,Lalaua,Homens,0 a 16,42.0
2025,Março,Nampula,Lalaua,Mulheres,0 a 16,9.0
2025,Março,Nampula,Lalaua,Homens,17 a 21,2585.0
2025,Março,Nampula,Lalaua,Mulheres,17 a 21,1885.0
2025,Março,Nampula,Lalaua,Homens,22 a 60,11815.0
2025,Março,Nampula,Lalaua,Mulheres,22 a 60,7428.0
2025,Março,Nampula,Lalaua,Homens,Mais de 60,404.0
2025,Março,Nampula,Lalaua,Mulheres,Mais de 60,354.0
2025,Março,Nampula,Lalaua,Outros,N/A,2.0
2025,Abril,Nampula,Lalaua,Homens,0 a 16,50.0
2025,Abril,Nampula,Lalaua,Mulheres,0 a 16,11.0
2025,Abril,Nampula,Lalaua,Homens,17 a 21,2781.0
2025,Abril,Nampula,Lalaua,Mulheres,17 a 21,2023.0
2025,Abril,Nampula,Lalaua,Homens,22 a 60,12914.0
2025,Abril,Nampula,Lalaua,Mulheres,22 a 60,8128.0
2025,Abril,Nampula,Lalaua,Homens,Mais de 60,445.0
2025,Abril,Nampula,Lalaua,Mulheres,Mais de 60,403.0
2025,Abril,Nampula,Lalaua,Outros,N/A,1.0
2025,Maio,Nampula,Lalaua,Homens,0 a 16,49.0
2025,Maio,Nampula,Lalaua,Mulheres,0 a 16,10.0
2025,Maio,Nampula,Lalaua,Homens,17 a 21,2913.0
2025,Maio,Nampula,Lalaua,Mulheres,17 a 21,2151.0
2025,Maio,Nampula,Lalaua,Homens,22 a 60,13917.0
2025,Maio,Nampula,Lalaua,Mulheres,22 a 60,8715.0
2025,Maio,Nampula,Lalaua,Homens,Mais de 60,463.0
2025,Maio,Nampula,Lalaua,Mulheres,Mais de 60,421.0
2025,Maio,Nampula,Lalaua,Outros,N/A,1.0
2025,Junho,Nampula,Lalaua,Homens,0 a 16,46.0
2025,Junho,Nampula,Lalaua,Mulheres,0 a 16,12.0
2025,Junho,Nampula,Lalaua,Homens,17 a 21,3192.0
2025,Junho,Nampula,Lalaua,Mulheres,17 a 21,2284.0
2025,Junho,Nampula,Lalaua,Homens,22 a 60,15251.0
2025,Junho,Nampula,Lalaua,Mulheres,22 a 60,9335.0
2025,Junho,Nampula,Lalaua,Homens,Mais de 60,506.0
2025,Junho,Nampula,Lalaua,Mulheres,Mais de 60,461.0
2025,Junho,Nampula,Lalaua,Outros,N/A,1.0
2025,Julho,Nampula,Lalaua,Homens,0 a 16,45.0
2025,Julho,Nampula,Lalaua,Mulheres,0 a 16,12.0
2025,Julho,Nampula,Lalaua,Homens,17 a 21,3333.0
2025,Julho,Nampula,Lalaua,Mulheres,17 a 21,2466.0
2025,Julho,Nampula,Lalaua,Homens,22 a 60,15984.0
2025,Julho,Nampula,Lalaua,Mulheres,22 a 60,9969.0
2025,Julho,Nampula,Lalaua,Homens,Mais de 60,525.0
2025,Julho,Nampula,Lalaua,Mulheres,Mais de 60,475.0
2025,Julho,Nampula,Lalaua,Outros,N/A,2.0
2025,Agosto,Nampula,Lalaua,Homens,0 a 16,38.0
2025,Agosto,Nampula,Lalaua,Mulheres,0 a 16,8.0
2025,Agosto,Nampula,Lalaua,Homens,17 a 21,3498.0
2025,Agosto,Nampula,Lalaua,Mulheres,17 a 21,2610.0
2025,Agosto,Nampula,Lalaua,Homens,22 a 60,17246.0
2025,Agosto,Nampula,Lalaua,Mulheres,22 a 60,10493.0
2025,Agosto,Nampula,Lalaua,Homens,Mais de 60,581.0
2025,Agosto,Nampula,Lalaua,Mulheres,Mais de 60,505.0
2025,Agosto,Nampula,Lalaua,Outros,N/A,1.0
2025,Setembro,Nampula,Lalaua,Homens,0 a 16,38.0
2025,Setembro,Nampula,Lalaua,Mulheres,0 a 16,8.0
2025,Setembro,Nampula,Lalaua,Homens,17 a 21,3544.0
2025,Setembro,Nampula,Lalaua,Mulheres,17 a 21,2799.0
2025,Setembro,Nampula,Lalaua,Homens,22 a 60,18100.0
2025,Setembro,Nampula,Lalaua,Mulheres,22 a 60,11204.0
2025,Setembro,Nampula,Lalaua,Homens,Mais de 60,620.0
2025,Setembro,Nampula,Lalaua,Mulheres,Mais de 60,527.0
2025,Setembro,Nampula,Lalaua,Outros,N/A,1.0
2025,Outubro,Nampula,Lalaua,Homens,0 a 16,31.0
2025,Outubro,Nampula,Lalaua,Mulheres,0 a 16,5.0
2025,Outubro,Nampula,Lalaua,Homens,17 a 21,3593.0
2025,Outubro,Nampula,Lalaua,Mulheres,17 a 21,2795.0
2025,Outubro,Nampula,Lalaua,Homens,22 a 60,18421.0
2025,Outubro,Nampula,Lalaua,Mulheres,22 a 60,12032.0
2025,Outubro,Nampula,Lalaua,Homens,Mais de 60,651.0
2025,Outubro,Nampula,Lalaua,Mulheres,Mais de 60,565.0
2025,Outubro,Nampula,Lalaua,Outros,N/A,1.0
2025,Novembro,Nampula,Lalaua,Homens,0 a 16,37.0
2025,Novembro,Nampula,Lalaua,Mulheres,0 a 16,5.0
2025,Novembro,Nampula,Lalaua,Homens,17 a 21,3605.0
2025,Novembro,Nampula,Lalaua,Mulheres,17 a 21,2759.0
2025,Novembro,Nampula,Lalaua,Homens,22 a 60,17880.0
2025,Novembro,Nampula,Lalaua,Mulheres,22 a 60,11778.0
2025,Novembro,Nampula,Lalaua,Homens,Mais de 60,641.0
2025,Novembro,Nampula,Lalaua,Mulheres,Mais de 60,600.0
2025,Novembro,Nampula,Lalaua,Outros,N/A,1.0
2025,Dezembro,Nampula,Lalaua,Homens,0 a 16,27.0
2025,Dezembro,Nampula,Lalaua,Mulheres,0 a 16,6.0
2025,Dezembro,Nampula,Lalaua,Homens,17 a 21,3524.0
2025,Dezembro,Nampula,Lalaua,Mulheres,17 a 21,2708.0
2025,Dezembro,Nampula,Lalaua,Homens,22 a 60,17659.0
2025,Dezembro,Nampula,Lalaua,Mulheres,22 a 60,11515.0
2025,Dezembro,Nampula,Lalaua,Homens,Mais de 60,637.0
2025,Dezembro,Nampula,Lalaua,Mulheres,Mais de 60,604.0
2025,Dezembro,Nampula,Lalaua,Outros,N/A,1.0
2025,Janeiro,Nampula,Malema,Homens,0 a 16,54.0
2025,Janeiro,Nampula,Malema,Mulheres,0 a 16,35.0
2025,Janeiro,Nampula,Malema,Homens,17 a 21,9371.0
2025,Janeiro,Nampula,Malema,Mulheres,17 a 21,6670.0
2025,Janeiro,Nampula,Malema,Homens,22 a 60,40851.0
2025,Janeiro,Nampula,Malema,Mulheres,22 a 60,25886.0
2025,Janeiro,Nampula,Malema,Homens,Mais de 60,1630.0
2025,Janeiro,Nampula,Malema,Mulheres,Mais de 60,1399.0
2025,Janeiro,Nampula,Malema,Outros,N/A,8.0
2025,Fevereiro,Nampula,Malema,Homens,0 a 16,82.0
2025,Fevereiro,Nampula,Malema,Mulheres,0 a 16,47.0
2025,Fevereiro,Nampula,Malema,Homens,17 a 21,9737.0
2025,Fevereiro,Nampula,Malema,Mulheres,17 a 21,6938.0
2025,Fevereiro,Nampula,Malema,Homens,22 a 60,40609.0
2025,Fevereiro,Nampula,Malema,Mulheres,22 a 60,26412.0
2025,Fevereiro,Nampula,Malema,Homens,Mais de 60,1567.0
2025,Fevereiro,Nampula,Malema,Mulheres,Mais de 60,1403.0
2025,Fevereiro,Nampula,Malema,Outros,N/A,12.0
2025,Março,Nampula,Malema,Homens,0 a 16,86.0
2025,Março,Nampula,Malema,Mulheres,0 a 16,57.0
2025,Março,Nampula,Malema,Homens,17 a 21,9874.0
2025,Março,Nampula,Malema,Mulheres,17 a 21,7101.0
2025,Março,Nampula,Malema,Homens,22 a 60,43187.0
2025,Março,Nampula,Malema,Mulheres,22 a 60,27727.0
2025,Março,Nampula,Malema,Homens,Mais de 60,1719.0
2025,Março,Nampula,Malema,Mulheres,Mais de 60,1509.0
2025,Março,Nampula,Malema,Outros,N/A,24.0
2025,Abril,Nampula,Malema,Homens,0 a 16,92.0
2025,Abril,Nampula,Malema,Mulheres,0 a 16,68.0
2025,Abril,Nampula,Malema,Homens,17 a 21,10054.0
2025,Abril,Nampula,Malema,Mulheres,17 a 21,7335.0
2025,Abril,Nampula,Malema,Homens,22 a 60,44505.0
2025,Abril,Nampula,Malema,Mulheres,22 a 60,28786.0
2025,Abril,Nampula,Malema,Homens,Mais de 60,1787.0
2025,Abril,Nampula,Malema,Mulheres,Mais de 60,1578.0
2025,Abril,Nampula,Malema,Outros,N/A,22.0
2025,Maio,Nampula,Malema,Homens,0 a 16,81.0
2025,Maio,Nampula,Malema,Mulheres,0 a 16,51.0
2025,Maio,Nampula,Malema,Homens,17 a 21,10007.0
2025,Maio,Nampula,Malema,Mulheres,17 a 21,7463.0
2025,Maio,Nampula,Malema,Homens,22 a 60,45638.0
2025,Maio,Nampula,Malema,Mulheres,22 a 60,29763.0
2025,Maio,Nampula,Malema,Homens,Mais de 60,1818.0
2025,Maio,Nampula,Malema,Mulheres,Mais de 60,1627.0
2025,Maio,Nampula,Malema,Outros,N/A,20.0
2025,Junho,Nampula,Malema,Homens,0 a 16,85.0
2025,Junho,Nampula,Malema,Mulheres,0 a 16,52.0
2025,Junho,Nampula,Malema,Homens,17 a 21,10373.0
2025,Junho,Nampula,Malema,Mulheres,17 a 21,7728.0
2025,Junho,Nampula,Malema,Homens,22 a 60,47329.0
2025,Junho,Nampula,Malema,Mulheres,22 a 60,31204.0
2025,Junho,Nampula,Malema,Homens,Mais de 60,1905.0
2025,Junho,Nampula,Malema,Mulheres,Mais de 60,1685.0
2025,Junho,Nampula,Malema,Outros,N/A,21.0
2025,Julho,Nampula,Malema,Homens,0 a 16,84.0
2025,Julho,Nampula,Malema,Mulheres,0 a 16,54.0
2025,Julho,Nampula,Malema,Homens,17 a 21,10463.0
2025,Julho,Nampula,Malema,Mulheres,17 a 21,7850.0
2025,Julho,Nampula,Malema,Homens,22 a 60,48871.0
2025,Julho,Nampula,Malema,Mulheres,22 a 60,32219.0
2025,Julho,Nampula,Malema,Homens,Mais de 60,1932.0
2025,Julho,Nampula,Malema,Mulheres,Mais de 60,1770.0
2025,Julho,Nampula,Malema,Outros,N/A,28.0
2025,Agosto,Nampula,Malema,Homens,0 a 16,80.0
2025,Agosto,Nampula,Malema,Mulheres,0 a 16,56.0
2025,Agosto,Nampula,Malema,Homens,17 a 21,10930.0
2025,Agosto,Nampula,Malema,Mulheres,17 a 21,8280.0
2025,Agosto,Nampula,Malema,Homens,22 a 60,51232.0
2025,Agosto,Nampula,Malema,Mulheres,22 a 60,33446.0
2025,Agosto,Nampula,Malema,Homens,Mais de 60,1983.0
2025,Agosto,Nampula,Malema,Mulheres,Mais de 60,1900.0
2025,Agosto,Nampula,Malema,Outros,N/A,25.0
2025,Setembro,Nampula,Malema,Homens,0 a 16,93.0
2025,Setembro,Nampula,Malema,Mulheres,0 a 16,58.0
2025,Setembro,Nampula,Malema,Homens,17 a 21,11132.0
2025,Setembro,Nampula,Malema,Mulheres,17 a 21,8591.0
2025,Setembro,Nampula,Malema,Homens,22 a 60,53938.0
2025,Setembro,Nampula,Malema,Mulheres,22 a 60,35132.0
2025,Setembro,Nampula,Malema,Homens,Mais de 60,2078.0
2025,Setembro,Nampula,Malema,Mulheres,Mais de 60,1981.0
2025,Setembro,Nampula,Malema,Outros,N/A,24.0
2025,Outubro,Nampula,Malema,Homens,0 a 16,89.0
2025,Outubro,Nampula,Malema,Mulheres,0 a 16,52.0
2025,Outubro,Nampula,Malema,Homens,17 a 21,11502.0
2025,Outubro,Nampula,Malema,Mulheres,17 a 21,8784.0
2025,Outubro,Nampula,Malema,Homens,22 a 60,56544.0
2025,Outubro,Nampula,Malema,Mulheres,22 a 60,37839.0
2025,Outubro,Nampula,Malema,Homens,Mais de 60,2221.0
2025,Outubro,Nampula,Malema,Mulheres,Mais de 60,2085.0
2025,Outubro,Nampula,Malema,Outros,N/A,27.0
2025,Novembro,Nampula,Malema,Homens,0 a 16,80.0
2025,Novembro,Nampula,Malema,Mulheres,0 a 16,54.0
2025,Novembro,Nampula,Malema,Homens,17 a 21,11542.0
2025,Novembro,Nampula,Malema,Mulheres,17 a 21,8717.0
2025,Novembro,Nampula,Malema,Homens,22 a 60,55911.0
2025,Novembro,Nampula,Malema,Mulheres,22 a 60,38198.0
2025,Novembro,Nampula,Malema,Homens,Mais de 60,2197.0
2025,Novembro,Nampula,Malema,Mulheres,Mais de 60,2071.0
2025,Novembro,Nampula,Malema,Outros,N/A,17.0
2025,Dezembro,Nampula,Malema,Homens,0 a 16,88.0
2025,Dezembro,Nampula,Malema,Mulheres,0 a 16,48.0
2025,Dezembro,Nampula,Malema,Homens,17 a 21,11535.0
2025,Dezembro,Nampula,Malema,Mulheres,17 a 21,8738.0
2025,Dezembro,Nampula,Malema,Homens,22 a 60,56624.0
2025,Dezembro,Nampula,Malema,Mulheres,22 a 60,37467.0
2025,Dezembro,Nampula,Malema,Homens,Mais de 60,2186.0
2025,Dezembro,Nampula,Malema,Mulheres,Mais de 60,2037.0
2025,Dezembro,Nampula,Malema,Outros,N/A,18.0
2025,Janeiro,Nampula,Meconta (Namialo),Homens,0 a 16,293.0
2025,Janeiro,Nampula,Meconta (Namialo),Mulheres,0 a 16,241.0
2025,Janeiro,Nampula,Meconta (Namialo),Homens,17 a 21,29159.0
2025,Janeiro,Nampula,Meconta (Namialo),Mulheres,17 a 21,25593.0
2025,Janeiro,Nampula,Meconta (Namialo),Homens,22 a 60,161125.0
2025,Janeiro,Nampula,Meconta (Namialo),Mulheres,22 a 60,155688.0
2025,Janeiro,Nampula,Meconta (Namialo),Homens,Mais de 60,14854.0
2025,Janeiro,Nampula,Meconta (Namialo),Mulheres,Mais de 60,15032.0
2025,Janeiro,Nampula,Meconta (Namialo),Outros,N/A,51.0
2025,Fevereiro,Nampula,Meconta (Namialo),Homens,0 a 16,339.0
2025,Fevereiro,Nampula,Meconta (Namialo),Mulheres,0 a 16,265.0
2025,Fevereiro,Nampula,Meconta (Namialo),Homens,17 a 21,31565.0
2025,Fevereiro,Nampula,Meconta (Namialo),Mulheres,17 a 21,27921.0
2025,Fevereiro,Nampula,Meconta (Namialo),Homens,22 a 60,175686.0
2025,Fevereiro,Nampula,Meconta (Namialo),Mulheres,22 a 60,169889.0
2025,Fevereiro,Nampula,Meconta (Namialo),Homens,Mais de 60,16140.0
2025,Fevereiro,Nampula,Meconta (Namialo),Mulheres,Mais de 60,16290.0
2025,Fevereiro,Nampula,Meconta (Namialo),Outros,N/A,52.0
2025,Março,Nampula,Meconta (Namialo),Homens,0 a 16,355.0
2025,Março,Nampula,Meconta (Namialo),Mulheres,0 a 16,322.0
2025,Março,Nampula,Meconta (Namialo),Homens,17 a 21,35671.0
2025,Março,Nampula,Meconta (Namialo),Mulheres,17 a 21,31796.0
2025,Março,Nampula,Meconta (Namialo),Homens,22 a 60,206419.0
2025,Março,Nampula,Meconta (Namialo),Mulheres,22 a 60,206456.0
2025,Março,Nampula,Meconta (Namialo),Homens,Mais de 60,19500.0
2025,Março,Nampula,Meconta (Namialo),Mulheres,Mais de 60,20108.0
2025,Março,Nampula,Meconta (Namialo),Outros,N/A,67.0
2025,Abril,Nampula,Meconta (Namialo),Homens,0 a 16,386.0
2025,Abril,Nampula,Meconta (Namialo),Mulheres,0 a 16,350.0
2025,Abril,Nampula,Meconta (Namialo),Homens,17 a 21,37818.0
2025,Abril,Nampula,Meconta (Namialo),Mulheres,17 a 21,33930.0
2025,Abril,Nampula,Meconta (Namialo),Homens,22 a 60,220092.0
2025,Abril,Nampula,Meconta (Namialo),Mulheres,22 a 60,219393.0
2025,Abril,Nampula,Meconta (Namialo),Homens,Mais de 60,20503.0
2025,Abril,Nampula,Meconta (Namialo),Mulheres,Mais de 60,21238.0
2025,Abril,Nampula,Meconta (Namialo),Outros,N/A,52.0
2025,Maio,Nampula,Meconta (Namialo),Homens,0 a 16,288.0
2025,Maio,Nampula,Meconta (Namialo),Mulheres,0 a 16,273.0
2025,Maio,Nampula,Meconta (Namialo),Homens,17 a 21,36204.0
2025,Maio,Nampula,Meconta (Namialo),Mulheres,17 a 21,32923.0
2025,Maio,Nampula,Meconta (Namialo),Homens,22 a 60,219684.0
2025,Maio,Nampula,Meconta (Namialo),Mulheres,22 a 60,218173.0
2025,Maio,Nampula,Meconta (Namialo),Homens,Mais de 60,20423.0
2025,Maio,Nampula,Meconta (Namialo),Mulheres,Mais de 60,21108.0
2025,Maio,Nampula,Meconta (Namialo),Outros,N/A,54.0
2025,Junho,Nampula,Meconta (Namialo),Homens,0 a 16,251.0
2025,Junho,Nampula,Meconta (Namialo),Mulheres,0 a 16,226.0
2025,Junho,Nampula,Meconta (Namialo),Homens,17 a 21,34242.0
2025,Junho,Nampula,Meconta (Namialo),Mulheres,17 a 21,30397.0
2025,Junho,Nampula,Meconta (Namialo),Homens,22 a 60,212679.0
2025,Junho,Nampula,Meconta (Namialo),Mulheres,22 a 60,207378.0
2025,Junho,Nampula,Meconta (Namialo),Homens,Mais de 60,19442.0
2025,Junho,Nampula,Meconta (Namialo),Mulheres,Mais de 60,19868.0
2025,Junho,Nampula,Meconta (Namialo),Outros,N/A,45.0
2025,Julho,Nampula,Meconta (Namialo),Homens,0 a 16,207.0
2025,Julho,Nampula,Meconta (Namialo),Mulheres,0 a 16,175.0
2025,Julho,Nampula,Meconta (Namialo),Homens,17 a 21,31508.0
2025,Julho,Nampula,Meconta (Namialo),Mulheres,17 a 21,27571.0
2025,Julho,Nampula,Meconta (Namialo),Homens,22 a 60,198424.0
2025,Julho,Nampula,Meconta (Namialo),Mulheres,22 a 60,192338.0
2025,Julho,Nampula,Meconta (Namialo),Homens,Mais de 60,17930.0
2025,Julho,Nampula,Meconta (Namialo),Mulheres,Mais de 60,18063.0
2025,Julho,Nampula,Meconta (Namialo),Outros,N/A,78.0
2025,Agosto,Nampula,Meconta (Namialo),Homens,0 a 16,204.0
2025,Agosto,Nampula,Meconta (Namialo),Mulheres,0 a 16,141.0
2025,Agosto,Nampula,Meconta (Namialo),Homens,17 a 21,30895.0
2025,Agosto,Nampula,Meconta (Namialo),Mulheres,17 a 21,26693.0
2025,Agosto,Nampula,Meconta (Namialo),Homens,22 a 60,197354.0
2025,Agosto,Nampula,Meconta (Namialo),Mulheres,22 a 60,189136.0
2025,Agosto,Nampula,Meconta (Namialo),Homens,Mais de 60,17603.0
2025,Agosto,Nampula,Meconta (Namialo),Mulheres,Mais de 60,17805.0
2025,Agosto,Nampula,Meconta (Namialo),Outros,N/A,75.0
2025,Setembro,Nampula,Meconta (Namialo),Homens,0 a 16,213.0
2025,Setembro,Nampula,Meconta (Namialo),Mulheres,0 a 16,131.0
2025,Setembro,Nampula,Meconta (Namialo),Homens,17 a 21,30267.0
2025,Setembro,Nampula,Meconta (Namialo),Mulheres,17 a 21,26043.0
2025,Setembro,Nampula,Meconta (Namialo),Homens,22 a 60,196402.0
2025,Setembro,Nampula,Meconta (Namialo),Mulheres,22 a 60,186375.0
2025,Setembro,Nampula,Meconta (Namialo),Homens,Mais de 60,17248.0
2025,Setembro,Nampula,Meconta (Namialo),Mulheres,Mais de 60,17347.0
2025,Setembro,Nampula,Meconta (Namialo),Outros,N/A,65.0
2025,Outubro,Nampula,Meconta (Namialo),Homens,0 a 16,205.0
2025,Outubro,Nampula,Meconta (Namialo),Mulheres,0 a 16,132.0
2025,Outubro,Nampula,Meconta (Namialo),Homens,17 a 21,31081.0
2025,Outubro,Nampula,Meconta (Namialo),Mulheres,17 a 21,26420.0
2025,Outubro,Nampula,Meconta (Namialo),Homens,22 a 60,203242.0
2025,Outubro,Nampula,Meconta (Namialo),Mulheres,22 a 60,190247.0
2025,Outubro,Nampula,Meconta (Namialo),Homens,Mais de 60,17557.0
2025,Outubro,Nampula,Meconta (Namialo),Mulheres,Mais de 60,17460.0
2025,Outubro,Nampula,Meconta (Namialo),Outros,N/A,70.0
2025,Novembro,Nampula,Meconta (Namialo),Homens,0 a 16,259.0
2025,Novembro,Nampula,Meconta (Namialo),Mulheres,0 a 16,164.0
2025,Novembro,Nampula,Meconta (Namialo),Homens,17 a 21,32176.0
2025,Novembro,Nampula,Meconta (Namialo),Mulheres,17 a 21,26951.0
2025,Novembro,Nampula,Meconta (Namialo),Homens,22 a 60,209491.0
2025,Novembro,Nampula,Meconta (Namialo),Mulheres,22 a 60,195698.0
2025,Novembro,Nampula,Meconta (Namialo),Homens,Mais de 60,17992.0
2025,Novembro,Nampula,Meconta (Namialo),Mulheres,Mais de 60,17735.0
2025,Novembro,Nampula,Meconta (Namialo),Outros,N/A,24.0
2025,Dezembro,Nampula,Meconta (Namialo),Homens,0 a 16,237.0
2025,Dezembro,Nampula,Meconta (Namialo),Mulheres,0 a 16,150.0
2025,Dezembro,Nampula,Meconta (Namialo),Homens,17 a 21,31832.0
2025,Dezembro,Nampula,Meconta (Namialo),Mulheres,17 a 21,26576.0
2025,Dezembro,Nampula,Meconta (Namialo),Homens,22 a 60,209463.0
2025,Dezembro,Nampula,Meconta (Namialo),Mulheres,22 a 60,193897.0
2025,Dezembro,Nampula,Meconta (Namialo),Homens,Mais de 60,17796.0
2025,Dezembro,Nampula,Meconta (Namialo),Mulheres,Mais de 60,17606.0
2025,Dezembro,Nampula,Meconta (Namialo),Outros,N/A,18.0
2025,Janeiro,Nampula,Mecuburi,Homens,0 a 16,29.0
2025,Janeiro,Nampula,Mecuburi,Mulheres,0 a 16,17.0
2025,Janeiro,Nampula,Mecuburi,Homens,17 a 21,5017.0
2025,Janeiro,Nampula,Mecuburi,Mulheres,17 a 21,3952.0
2025,Janeiro,Nampula,Mecuburi,Homens,22 a 60,30011.0
2025,Janeiro,Nampula,Mecuburi,Mulheres,22 a 60,19757.0
2025,Janeiro,Nampula,Mecuburi,Homens,Mais de 60,1456.0
2025,Janeiro,Nampula,Mecuburi,Mulheres,Mais de 60,1166.0
2025,Janeiro,Nampula,Mecuburi,Outros,N/A,4.0
2025,Fevereiro,Nampula,Mecuburi,Homens,0 a 16,29.0
2025,Fevereiro,Nampula,Mecuburi,Mulheres,0 a 16,14.0
2025,Fevereiro,Nampula,Mecuburi,Homens,17 a 21,5153.0
2025,Fevereiro,Nampula,Mecuburi,Mulheres,17 a 21,4064.0
2025,Fevereiro,Nampula,Mecuburi,Homens,22 a 60,30441.0
2025,Fevereiro,Nampula,Mecuburi,Mulheres,22 a 60,20028.0
2025,Fevereiro,Nampula,Mecuburi,Homens,Mais de 60,1449.0
2025,Fevereiro,Nampula,Mecuburi,Mulheres,Mais de 60,1142.0
2025,Fevereiro,Nampula,Mecuburi,Outros,N/A,5.0
2025,Março,Nampula,Mecuburi,Homens,0 a 16,31.0
2025,Março,Nampula,Mecuburi,Mulheres,0 a 16,14.0
2025,Março,Nampula,Mecuburi,Homens,17 a 21,5107.0
2025,Março,Nampula,Mecuburi,Mulheres,17 a 21,4065.0
2025,Março,Nampula,Mecuburi,Homens,22 a 60,31035.0
2025,Março,Nampula,Mecuburi,Mulheres,22 a 60,20640.0
2025,Março,Nampula,Mecuburi,Homens,Mais de 60,1464.0
2025,Março,Nampula,Mecuburi,Mulheres,Mais de 60,1231.0
2025,Março,Nampula,Mecuburi,Outros,N/A,5.0
2025,Abril,Nampula,Mecuburi,Homens,0 a 16,48.0
2025,Abril,Nampula,Mecuburi,Mulheres,0 a 16,28.0
2025,Abril,Nampula,Mecuburi,Homens,17 a 21,5497.0
2025,Abril,Nampula,Mecuburi,Mulheres,17 a 21,4354.0
2025,Abril,Nampula,Mecuburi,Homens,22 a 60,32934.0
2025,Abril,Nampula,Mecuburi,Mulheres,22 a 60,22432.0
2025,Abril,Nampula,Mecuburi,Homens,Mais de 60,1556.0
2025,Abril,Nampula,Mecuburi,Mulheres,Mais de 60,1302.0
2025,Abril,Nampula,Mecuburi,Outros,N/A,6.0
2025,Maio,Nampula,Mecuburi,Homens,0 a 16,42.0
2025,Maio,Nampula,Mecuburi,Mulheres,0 a 16,21.0
2025,Maio,Nampula,Mecuburi,Homens,17 a 21,5462.0
2025,Maio,Nampula,Mecuburi,Mulheres,17 a 21,4492.0
2025,Maio,Nampula,Mecuburi,Homens,22 a 60,33662.0
2025,Maio,Nampula,Mecuburi,Mulheres,22 a 60,23272.0
2025,Maio,Nampula,Mecuburi,Homens,Mais de 60,1546.0
2025,Maio,Nampula,Mecuburi,Mulheres,Mais de 60,1328.0
2025,Maio,Nampula,Mecuburi,Outros,N/A,2.0
2025,Junho,Nampula,Mecuburi,Homens,0 a 16,31.0
2025,Junho,Nampula,Mecuburi,Mulheres,0 a 16,10.0
2025,Junho,Nampula,Mecuburi,Homens,17 a 21,5580.0
2025,Junho,Nampula,Mecuburi,Mulheres,17 a 21,4657.0
2025,Junho,Nampula,Mecuburi,Homens,22 a 60,34801.0
2025,Junho,Nampula,Mecuburi,Mulheres,22 a 60,24226.0
2025,Junho,Nampula,Mecuburi,Homens,Mais de 60,1585.0
2025,Junho,Nampula,Mecuburi,Mulheres,Mais de 60,1349.0
2025,Junho,Nampula,Mecuburi,Outros,N/A,2.0
2025,Julho,Nampula,Mecuburi,Homens,0 a 16,34.0
2025,Julho,Nampula,Mecuburi,Mulheres,0 a 16,15.0
2025,Julho,Nampula,Mecuburi,Homens,17 a 21,5679.0
2025,Julho,Nampula,Mecuburi,Mulheres,17 a 21,4838.0
2025,Julho,Nampula,Mecuburi,Homens,22 a 60,35777.0
2025,Julho,Nampula,Mecuburi,Mulheres,22 a 60,25415.0
2025,Julho,Nampula,Mecuburi,Homens,Mais de 60,1563.0
2025,Julho,Nampula,Mecuburi,Mulheres,Mais de 60,1416.0
2025,Julho,Nampula,Mecuburi,Outros,N/A,3.0
2025,Agosto,Nampula,Mecuburi,Homens,0 a 16,28.0
2025,Agosto,Nampula,Mecuburi,Mulheres,0 a 16,15.0
2025,Agosto,Nampula,Mecuburi,Homens,17 a 21,5895.0
2025,Agosto,Nampula,Mecuburi,Mulheres,17 a 21,4971.0
2025,Agosto,Nampula,Mecuburi,Homens,22 a 60,37607.0
2025,Agosto,Nampula,Mecuburi,Mulheres,22 a 60,26613.0
2025,Agosto,Nampula,Mecuburi,Homens,Mais de 60,1638.0
2025,Agosto,Nampula,Mecuburi,Mulheres,Mais de 60,1503.0
2025,Agosto,Nampula,Mecuburi,Outros,N/A,2.0
2025,Setembro,Nampula,Mecuburi,Homens,0 a 16,42.0
2025,Setembro,Nampula,Mecuburi,Mulheres,0 a 16,19.0
2025,Setembro,Nampula,Mecuburi,Homens,17 a 21,6131.0
2025,Setembro,Nampula,Mecuburi,Mulheres,17 a 21,5204.0
2025,Setembro,Nampula,Mecuburi,Homens,22 a 60,39344.0
2025,Setembro,Nampula,Mecuburi,Mulheres,22 a 60,28078.0
2025,Setembro,Nampula,Mecuburi,Homens,Mais de 60,1727.0
2025,Setembro,Nampula,Mecuburi,Mulheres,Mais de 60,1564.0
2025,Setembro,Nampula,Mecuburi,Outros,N/A,1.0
2025,Outubro,Nampula,Mecuburi,Homens,0 a 16,41.0
2025,Outubro,Nampula,Mecuburi,Mulheres,0 a 16,19.0
2025,Outubro,Nampula,Mecuburi,Homens,17 a 21,6303.0
2025,Outubro,Nampula,Mecuburi,Mulheres,17 a 21,5360.0
2025,Outubro,Nampula,Mecuburi,Homens,22 a 60,40266.0
2025,Outubro,Nampula,Mecuburi,Mulheres,22 a 60,28888.0
2025,Outubro,Nampula,Mecuburi,Homens,Mais de 60,1843.0
2025,Outubro,Nampula,Mecuburi,Mulheres,Mais de 60,1668.0
2025,Outubro,Nampula,Mecuburi,Outros,N/A,0.0
2025,Novembro,Nampula,Mecuburi,Homens,0 a 16,47.0
2025,Novembro,Nampula,Mecuburi,Mulheres,0 a 16,18.0
2025,Novembro,Nampula,Mecuburi,Homens,17 a 21,6519.0
2025,Novembro,Nampula,Mecuburi,Mulheres,17 a 21,5479.0
2025,Novembro,Nampula,Mecuburi,Homens,22 a 60,40570.0
2025,Novembro,Nampula,Mecuburi,Mulheres,22 a 60,29578.0
2025,Novembro,Nampula,Mecuburi,Homens,Mais de 60,1799.0
2025,Novembro,Nampula,Mecuburi,Mulheres,Mais de 60,1683.0
2025,Novembro,Nampula,Mecuburi,Outros,N/A,0.0
2025,Dezembro,Nampula,Mecuburi,Homens,0 a 16,34.0
2025,Dezembro,Nampula,Mecuburi,Mulheres,0 a 16,19.0
2025,Dezembro,Nampula,Mecuburi,Homens,17 a 21,6471.0
2025,Dezembro,Nampula,Mecuburi,Mulheres,17 a 21,5555.0
2025,Dezembro,Nampula,Mecuburi,Homens,22 a 60,40857.0
2025,Dezembro,Nampula,Mecuburi,Mulheres,22 a 60,29334.0
2025,Dezembro,Nampula,Mecuburi,Homens,Mais de 60,1854.0
2025,Dezembro,Nampula,Mecuburi,Mulheres,Mais de 60,1666.0
2025,Dezembro,Nampula,Mecuburi,Outros,N/A,0.0
2025,Janeiro,Nampula,Memba,Homens,0 a 16,20.0
2025,Janeiro,Nampula,Memba,Mulheres,0 a 16,12.0
2025,Janeiro,Nampula,Memba,Homens,17 a 21,6459.0
2025,Janeiro,Nampula,Memba,Mulheres,17 a 21,5929.0
2025,Janeiro,Nampula,Memba,Homens,22 a 60,52145.0
2025,Janeiro,Nampula,Memba,Mulheres,22 a 60,36915.0
2025,Janeiro,Nampula,Memba,Homens,Mais de 60,3187.0
2025,Janeiro,Nampula,Memba,Mulheres,Mais de 60,3111.0
2025,Janeiro,Nampula,Memba,Outros,N/A,6.0
2025,Fevereiro,Nampula,Memba,Homens,0 a 16,20.0
2025,Fevereiro,Nampula,Memba,Mulheres,0 a 16,13.0
2025,Fevereiro,Nampula,Memba,Homens,17 a 21,6533.0
2025,Fevereiro,Nampula,Memba,Mulheres,17 a 21,6063.0
2025,Fevereiro,Nampula,Memba,Homens,22 a 60,52131.0
2025,Fevereiro,Nampula,Memba,Mulheres,22 a 60,37146.0
2025,Fevereiro,Nampula,Memba,Homens,Mais de 60,3125.0
2025,Fevereiro,Nampula,Memba,Mulheres,Mais de 60,3016.0
2025,Fevereiro,Nampula,Memba,Outros,N/A,7.0
2025,Março,Nampula,Memba,Homens,0 a 16,20.0
2025,Março,Nampula,Memba,Mulheres,0 a 16,14.0
2025,Março,Nampula,Memba,Homens,17 a 21,6566.0
2025,Março,Nampula,Memba,Mulheres,17 a 21,6063.0
2025,Março,Nampula,Memba,Homens,22 a 60,51556.0
2025,Março,Nampula,Memba,Mulheres,22 a 60,36722.0
2025,Março,Nampula,Memba,Homens,Mais de 60,2982.0
2025,Março,Nampula,Memba,Mulheres,Mais de 60,2931.0
2025,Março,Nampula,Memba,Outros,N/A,6.0
2025,Abril,Nampula,Memba,Homens,0 a 16,39.0
2025,Abril,Nampula,Memba,Mulheres,0 a 16,21.0
2025,Abril,Nampula,Memba,Homens,17 a 21,7258.0
2025,Abril,Nampula,Memba,Mulheres,17 a 21,6565.0
2025,Abril,Nampula,Memba,Homens,22 a 60,56505.0
2025,Abril,Nampula,Memba,Mulheres,22 a 60,40008.0
2025,Abril,Nampula,Memba,Homens,Mais de 60,3321.0
2025,Abril,Nampula,Memba,Mulheres,Mais de 60,3190.0
2025,Abril,Nampula,Memba,Outros,N/A,8.0
2025,Maio,Nampula,Memba,Homens,0 a 16,29.0
2025,Maio,Nampula,Memba,Mulheres,0 a 16,26.0
2025,Maio,Nampula,Memba,Homens,17 a 21,7410.0
2025,Maio,Nampula,Memba,Mulheres,17 a 21,6772.0
2025,Maio,Nampula,Memba,Homens,22 a 60,58821.0
2025,Maio,Nampula,Memba,Mulheres,22 a 60,41735.0
2025,Maio,Nampula,Memba,Homens,Mais de 60,3459.0
2025,Maio,Nampula,Memba,Mulheres,Mais de 60,3311.0
2025,Maio,Nampula,Memba,Outros,N/A,8.0
2025,Junho,Nampula,Memba,Homens,0 a 16,23.0
2025,Junho,Nampula,Memba,Mulheres,0 a 16,19.0
2025,Junho,Nampula,Memba,Homens,17 a 21,7513.0
2025,Junho,Nampula,Memba,Mulheres,17 a 21,6927.0
2025,Junho,Nampula,Memba,Homens,22 a 60,60663.0
2025,Junho,Nampula,Memba,Mulheres,22 a 60,43001.0
2025,Junho,Nampula,Memba,Homens,Mais de 60,3496.0
2025,Junho,Nampula,Memba,Mulheres,Mais de 60,3410.0
2025,Junho,Nampula,Memba,Outros,N/A,5.0
2025,Julho,Nampula,Memba,Homens,0 a 16,33.0
2025,Julho,Nampula,Memba,Mulheres,0 a 16,22.0
2025,Julho,Nampula,Memba,Homens,17 a 21,7665.0
2025,Julho,Nampula,Memba,Mulheres,17 a 21,7199.0
2025,Julho,Nampula,Memba,Homens,22 a 60,63469.0
2025,Julho,Nampula,Memba,Mulheres,22 a 60,45698.0
2025,Julho,Nampula,Memba,Homens,Mais de 60,3698.0
2025,Julho,Nampula,Memba,Mulheres,Mais de 60,3653.0
2025,Julho,Nampula,Memba,Outros,N/A,5.0
2025,Agosto,Nampula,Memba,Homens,0 a 16,27.0
2025,Agosto,Nampula,Memba,Mulheres,0 a 16,24.0
2025,Agosto,Nampula,Memba,Homens,17 a 21,7946.0
2025,Agosto,Nampula,Memba,Mulheres,17 a 21,7340.0
2025,Agosto,Nampula,Memba,Homens,22 a 60,66033.0
2025,Agosto,Nampula,Memba,Mulheres,22 a 60,47442.0
2025,Agosto,Nampula,Memba,Homens,Mais de 60,3795.0
2025,Agosto,Nampula,Memba,Mulheres,Mais de 60,3735.0
2025,Agosto,Nampula,Memba,Outros,N/A,9.0
2025,Setembro,Nampula,Memba,Homens,0 a 16,28.0
2025,Setembro,Nampula,Memba,Mulheres,0 a 16,22.0
2025,Setembro,Nampula,Memba,Homens,17 a 21,8119.0
2025,Setembro,Nampula,Memba,Mulheres,17 a 21,7567.0
2025,Setembro,Nampula,Memba,Homens,22 a 60,68114.0
2025,Setembro,Nampula,Memba,Mulheres,22 a 60,49118.0
2025,Setembro,Nampula,Memba,Homens,Mais de 60,3853.0
2025,Setembro,Nampula,Memba,Mulheres,Mais de 60,3840.0
2025,Setembro,Nampula,Memba,Outros,N/A,7.0
2025,Outubro,Nampula,Memba,Homens,0 a 16,33.0
2025,Outubro,Nampula,Memba,Mulheres,0 a 16,24.0
2025,Outubro,Nampula,Memba,Homens,17 a 21,8546.0
2025,Outubro,Nampula,Memba,Mulheres,17 a 21,7904.0
2025,Outubro,Nampula,Memba,Homens,22 a 60,71171.0
2025,Outubro,Nampula,Memba,Mulheres,22 a 60,51253.0
2025,Outubro,Nampula,Memba,Homens,Mais de 60,4123.0
2025,Outubro,Nampula,Memba,Mulheres,Mais de 60,4074.0
2025,Outubro,Nampula,Memba,Outros,N/A,9.0
2025,Novembro,Nampula,Memba,Homens,0 a 16,35.0
2025,Novembro,Nampula,Memba,Mulheres,0 a 16,31.0
2025,Novembro,Nampula,Memba,Homens,17 a 21,8371.0
2025,Novembro,Nampula,Memba,Mulheres,17 a 21,7926.0
2025,Novembro,Nampula,Memba,Homens,22 a 60,70385.0
2025,Novembro,Nampula,Memba,Mulheres,22 a 60,51912.0
2025,Novembro,Nampula,Memba,Homens,Mais de 60,4049.0
2025,Novembro,Nampula,Memba,Mulheres,Mais de 60,4088.0
2025,Novembro,Nampula,Memba,Outros,N/A,7.0
2025,Dezembro,Nampula,Memba,Homens,0 a 16,33.0
2025,Dezembro,Nampula,Memba,Mulheres,0 a 16,31.0
2025,Dezembro,Nampula,Memba,Homens,17 a 21,8372.0
2025,Dezembro,Nampula,Memba,Mulheres,17 a 21,8002.0
2025,Dezembro,Nampula,Memba,Homens,22 a 60,71130.0
2025,Dezembro,Nampula,Memba,Mulheres,22 a 60,52379.0
2025,Dezembro,Nampula,Memba,Homens,Mais de 60,3970.0
2025,Dezembro,Nampula,Memba,Mulheres,Mais de 60,4034.0
2025,Dezembro,Nampula,Memba,Outros,N/A,3.0
2025,Janeiro,Nampula,Mogincual,Homens,0 a 16,27.0
2025,Janeiro,Nampula,Mogincual,Mulheres,0 a 16,29.0
2025,Janeiro,Nampula,Mogincual,Homens,17 a 21,6015.0
2025,Janeiro,Nampula,Mogincual,Mulheres,17 a 21,5471.0
2025,Janeiro,Nampula,Mogincual,Homens,22 a 60,37804.0
2025,Janeiro,Nampula,Mogincual,Mulheres,22 a 60,30528.0
2025,Janeiro,Nampula,Mogincual,Homens,Mais de 60,2711.0
2025,Janeiro,Nampula,Mogincual,Mulheres,Mais de 60,2933.0
2025,Janeiro,Nampula,Mogincual,Outros,N/A,4.0
2025,Fevereiro,Nampula,Mogincual,Homens,0 a 16,46.0
2025,Fevereiro,Nampula,Mogincual,Mulheres,0 a 16,38.0
2025,Fevereiro,Nampula,Mogincual,Homens,17 a 21,6362.0
2025,Fevereiro,Nampula,Mogincual,Mulheres,17 a 21,5737.0
2025,Fevereiro,Nampula,Mogincual,Homens,22 a 60,39008.0
2025,Fevereiro,Nampula,Mogincual,Mulheres,22 a 60,31384.0
2025,Fevereiro,Nampula,Mogincual,Homens,Mais de 60,2788.0
2025,Fevereiro,Nampula,Mogincual,Mulheres,Mais de 60,2894.0
2025,Fevereiro,Nampula,Mogincual,Outros,N/A,2.0
2025,Março,Nampula,Mogincual,Homens,0 a 16,43.0
2025,Março,Nampula,Mogincual,Mulheres,0 a 16,43.0
2025,Março,Nampula,Mogincual,Homens,17 a 21,6765.0
2025,Março,Nampula,Mogincual,Mulheres,17 a 21,5900.0
2025,Março,Nampula,Mogincual,Homens,22 a 60,41303.0
2025,Março,Nampula,Mogincual,Mulheres,22 a 60,33636.0
2025,Março,Nampula,Mogincual,Homens,Mais de 60,3046.0
2025,Março,Nampula,Mogincual,Mulheres,Mais de 60,3152.0
2025,Março,Nampula,Mogincual,Outros,N/A,4.0
2025,Abril,Nampula,Mogincual,Homens,0 a 16,57.0
2025,Abril,Nampula,Mogincual,Mulheres,0 a 16,51.0
2025,Abril,Nampula,Mogincual,Homens,17 a 21,6962.0
2025,Abril,Nampula,Mogincual,Mulheres,17 a 21,6060.0
2025,Abril,Nampula,Mogincual,Homens,22 a 60,42552.0
2025,Abril,Nampula,Mogincual,Mulheres,22 a 60,34698.0
2025,Abril,Nampula,Mogincual,Homens,Mais de 60,3047.0
2025,Abril,Nampula,Mogincual,Mulheres,Mais de 60,3124.0
2025,Abril,Nampula,Mogincual,Outros,N/A,5.0
2025,Maio,Nampula,Mogincual,Homens,0 a 16,37.0
2025,Maio,Nampula,Mogincual,Mulheres,0 a 16,43.0
2025,Maio,Nampula,Mogincual,Homens,17 a 21,6765.0
2025,Maio,Nampula,Mogincual,Mulheres,17 a 21,6040.0
2025,Maio,Nampula,Mogincual,Homens,22 a 60,42280.0
2025,Maio,Nampula,Mogincual,Mulheres,22 a 60,34526.0
2025,Maio,Nampula,Mogincual,Homens,Mais de 60,2990.0
2025,Maio,Nampula,Mogincual,Mulheres,Mais de 60,3044.0
2025,Maio,Nampula,Mogincual,Outros,N/A,5.0
2025,Junho,Nampula,Mogincual,Homens,0 a 16,33.0
2025,Junho,Nampula,Mogincual,Mulheres,0 a 16,41.0
2025,Junho,Nampula,Mogincual,Homens,17 a 21,6306.0
2025,Junho,Nampula,Mogincual,Mulheres,17 a 21,5734.0
2025,Junho,Nampula,Mogincual,Homens,22 a 60,41133.0
2025,Junho,Nampula,Mogincual,Mulheres,22 a 60,33340.0
2025,Junho,Nampula,Mogincual,Homens,Mais de 60,2808.0
2025,Junho,Nampula,Mogincual,Mulheres,Mais de 60,2807.0
2025,Junho,Nampula,Mogincual,Outros,N/A,3.0
2025,Julho,Nampula,Mogincual,Homens,0 a 16,45.0
2025,Julho,Nampula,Mogincual,Mulheres,0 a 16,37.0
2025,Julho,Nampula,Mogincual,Homens,17 a 21,6234.0
2025,Julho,Nampula,Mogincual,Mulheres,17 a 21,5763.0
2025,Julho,Nampula,Mogincual,Homens,22 a 60,42126.0
2025,Julho,Nampula,Mogincual,Mulheres,22 a 60,34317.0
2025,Julho,Nampula,Mogincual,Homens,Mais de 60,2886.0
2025,Julho,Nampula,Mogincual,Mulheres,Mais de 60,2926.0
2025,Julho,Nampula,Mogincual,Outros,N/A,8.0
2025,Agosto,Nampula,Mogincual,Homens,0 a 16,38.0
2025,Agosto,Nampula,Mogincual,Mulheres,0 a 16,30.0
2025,Agosto,Nampula,Mogincual,Homens,17 a 21,6160.0
2025,Agosto,Nampula,Mogincual,Mulheres,17 a 21,5542.0
2025,Agosto,Nampula,Mogincual,Homens,22 a 60,42205.0
2025,Agosto,Nampula,Mogincual,Mulheres,22 a 60,33594.0
2025,Agosto,Nampula,Mogincual,Homens,Mais de 60,2795.0
2025,Agosto,Nampula,Mogincual,Mulheres,Mais de 60,2855.0
2025,Agosto,Nampula,Mogincual,Outros,N/A,10.0
2025,Setembro,Nampula,Mogincual,Homens,0 a 16,35.0
2025,Setembro,Nampula,Mogincual,Mulheres,0 a 16,33.0
2025,Setembro,Nampula,Mogincual,Homens,17 a 21,6055.0
2025,Setembro,Nampula,Mogincual,Mulheres,17 a 21,5481.0
2025,Setembro,Nampula,Mogincual,Homens,22 a 60,41704.0
2025,Setembro,Nampula,Mogincual,Mulheres,22 a 60,32886.0
2025,Setembro,Nampula,Mogincual,Homens,Mais de 60,2672.0
2025,Setembro,Nampula,Mogincual,Mulheres,Mais de 60,2714.0
2025,Setembro,Nampula,Mogincual,Outros,N/A,5.0
2025,Outubro,Nampula,Mogincual,Homens,0 a 16,22.0
2025,Outubro,Nampula,Mogincual,Mulheres,0 a 16,30.0
2025,Outubro,Nampula,Mogincual,Homens,17 a 21,4382.0
2025,Outubro,Nampula,Mogincual,Mulheres,17 a 21,4483.0
2025,Outubro,Nampula,Mogincual,Homens,22 a 60,34145.0
2025,Outubro,Nampula,Mogincual,Mulheres,22 a 60,27241.0
2025,Outubro,Nampula,Mogincual,Homens,Mais de 60,1940.0
2025,Outubro,Nampula,Mogincual,Mulheres,Mais de 60,2081.0
2025,Outubro,Nampula,Mogincual,Outros,N/A,4.0
2025,Novembro,Nampula,Mogincual,Homens,0 a 16,24.0
2025,Novembro,Nampula,Mogincual,Mulheres,0 a 16,26.0
2025,Novembro,Nampula,Mogincual,Homens,17 a 21,4572.0
2025,Novembro,Nampula,Mogincual,Mulheres,17 a 21,4713.0
2025,Novembro,Nampula,Mogincual,Homens,22 a 60,35627.0
2025,Novembro,Nampula,Mogincual,Mulheres,22 a 60,28542.0
2025,Novembro,Nampula,Mogincual,Homens,Mais de 60,1994.0
2025,Novembro,Nampula,Mogincual,Mulheres,Mais de 60,2156.0
2025,Novembro,Nampula,Mogincual,Outros,N/A,1.0
2025,Dezembro,Nampula,Mogincual,Homens,0 a 16,22.0
2025,Dezembro,Nampula,Mogincual,Mulheres,0 a 16,26.0
2025,Dezembro,Nampula,Mogincual,Homens,17 a 21,4469.0
2025,Dezembro,Nampula,Mogincual,Mulheres,17 a 21,4667.0
2025,Dezembro,Nampula,Mogincual,Homens,22 a 60,35672.0
2025,Dezembro,Nampula,Mogincual,Mulheres,22 a 60,28586.0
2025,Dezembro,Nampula,Mogincual,Homens,Mais de 60,1998.0
2025,Dezembro,Nampula,Mogincual,Mulheres,Mais de 60,2126.0
2025,Dezembro,Nampula,Mogincual,Outros,N/A,1.0
2025,Janeiro,Nampula,Mogovolas,Homens,0 a 16,63.0
2025,Janeiro,Nampula,Mogovolas,Mulheres,0 a 16,36.0
2025,Janeiro,Nampula,Mogovolas,Homens,17 a 21,9397.0
2025,Janeiro,Nampula,Mogovolas,Mulheres,17 a 21,9344.0
2025,Janeiro,Nampula,Mogovolas,Homens,22 a 60,61144.0
2025,Janeiro,Nampula,Mogovolas,Mulheres,22 a 60,46755.0
2025,Janeiro,Nampula,Mogovolas,Homens,Mais de 60,3236.0
2025,Janeiro,Nampula,Mogovolas,Mulheres,Mais de 60,3293.0
2025,Janeiro,Nampula,Mogovolas,Outros,N/A,13.0
2025,Fevereiro,Nampula,Mogovolas,Homens,0 a 16,67.0
2025,Fevereiro,Nampula,Mogovolas,Mulheres,0 a 16,41.0
2025,Fevereiro,Nampula,Mogovolas,Homens,17 a 21,9556.0
2025,Fevereiro,Nampula,Mogovolas,Mulheres,17 a 21,9629.0
2025,Fevereiro,Nampula,Mogovolas,Homens,22 a 60,61150.0
2025,Fevereiro,Nampula,Mogovolas,Mulheres,22 a 60,46978.0
2025,Fevereiro,Nampula,Mogovolas,Homens,Mais de 60,3136.0
2025,Fevereiro,Nampula,Mogovolas,Mulheres,Mais de 60,3228.0
2025,Fevereiro,Nampula,Mogovolas,Outros,N/A,7.0
2025,Março,Nampula,Mogovolas,Homens,0 a 16,61.0
2025,Março,Nampula,Mogovolas,Mulheres,0 a 16,40.0
2025,Março,Nampula,Mogovolas,Homens,17 a 21,9478.0
2025,Março,Nampula,Mogovolas,Mulheres,17 a 21,9697.0
2025,Março,Nampula,Mogovolas,Homens,22 a 60,61413.0
2025,Março,Nampula,Mogovolas,Mulheres,22 a 60,47356.0
2025,Março,Nampula,Mogovolas,Homens,Mais de 60,3109.0
2025,Março,Nampula,Mogovolas,Mulheres,Mais de 60,3146.0
2025,Março,Nampula,Mogovolas,Outros,N/A,9.0
2025,Abril,Nampula,Mogovolas,Homens,0 a 16,70.0
2025,Abril,Nampula,Mogovolas,Mulheres,0 a 16,55.0
2025,Abril,Nampula,Mogovolas,Homens,17 a 21,10390.0
2025,Abril,Nampula,Mogovolas,Mulheres,17 a 21,10438.0
2025,Abril,Nampula,Mogovolas,Homens,22 a 60,65769.0
2025,Abril,Nampula,Mogovolas,Mulheres,22 a 60,50927.0
2025,Abril,Nampula,Mogovolas,Homens,Mais de 60,3266.0
2025,Abril,Nampula,Mogovolas,Mulheres,Mais de 60,3321.0
2025,Abril,Nampula,Mogovolas,Outros,N/A,10.0
2025,Maio,Nampula,Mogovolas,Homens,0 a 16,66.0
2025,Maio,Nampula,Mogovolas,Mulheres,0 a 16,45.0
2025,Maio,Nampula,Mogovolas,Homens,17 a 21,10588.0
2025,Maio,Nampula,Mogovolas,Mulheres,17 a 21,10800.0
2025,Maio,Nampula,Mogovolas,Homens,22 a 60,68025.0
2025,Maio,Nampula,Mogovolas,Mulheres,22 a 60,53110.0
2025,Maio,Nampula,Mogovolas,Homens,Mais de 60,3268.0
2025,Maio,Nampula,Mogovolas,Mulheres,Mais de 60,3420.0
2025,Maio,Nampula,Mogovolas,Outros,N/A,9.0
2025,Junho,Nampula,Mogovolas,Homens,0 a 16,52.0
2025,Junho,Nampula,Mogovolas,Mulheres,0 a 16,30.0
2025,Junho,Nampula,Mogovolas,Homens,17 a 21,10482.0
2025,Junho,Nampula,Mogovolas,Mulheres,17 a 21,10878.0
2025,Junho,Nampula,Mogovolas,Homens,22 a 60,68706.0
2025,Junho,Nampula,Mogovolas,Mulheres,22 a 60,54087.0
2025,Junho,Nampula,Mogovolas,Homens,Mais de 60,3217.0
2025,Junho,Nampula,Mogovolas,Mulheres,Mais de 60,3408.0
2025,Junho,Nampula,Mogovolas,Outros,N/A,12.0
2025,Julho,Nampula,Mogovolas,Homens,0 a 16,38.0
2025,Julho,Nampula,Mogovolas,Mulheres,0 a 16,24.0
2025,Julho,Nampula,Mogovolas,Homens,17 a 21,9998.0
2025,Julho,Nampula,Mogovolas,Mulheres,17 a 21,10529.0
2025,Julho,Nampula,Mogovolas,Homens,22 a 60,67463.0
2025,Julho,Nampula,Mogovolas,Mulheres,22 a 60,53571.0
2025,Julho,Nampula,Mogovolas,Homens,Mais de 60,3119.0
2025,Julho,Nampula,Mogovolas,Mulheres,Mais de 60,3344.0
2025,Julho,Nampula,Mogovolas,Outros,N/A,14.0
2025,Agosto,Nampula,Mogovolas,Homens,0 a 16,34.0
2025,Agosto,Nampula,Mogovolas,Mulheres,0 a 16,16.0
2025,Agosto,Nampula,Mogovolas,Homens,17 a 21,9899.0
2025,Agosto,Nampula,Mogovolas,Mulheres,17 a 21,10240.0
2025,Agosto,Nampula,Mogovolas,Homens,22 a 60,68401.0
2025,Agosto,Nampula,Mogovolas,Mulheres,22 a 60,53716.0
2025,Agosto,Nampula,Mogovolas,Homens,Mais de 60,3119.0
2025,Agosto,Nampula,Mogovolas,Mulheres,Mais de 60,3356.0
2025,Agosto,Nampula,Mogovolas,Outros,N/A,13.0
2025,Setembro,Nampula,Mogovolas,Homens,0 a 16,36.0
2025,Setembro,Nampula,Mogovolas,Mulheres,0 a 16,19.0
2025,Setembro,Nampula,Mogovolas,Homens,17 a 21,9901.0
2025,Setembro,Nampula,Mogovolas,Mulheres,17 a 21,10340.0
2025,Setembro,Nampula,Mogovolas,Homens,22 a 60,69763.0
2025,Setembro,Nampula,Mogovolas,Mulheres,22 a 60,55180.0
2025,Setembro,Nampula,Mogovolas,Homens,Mais de 60,3271.0
2025,Setembro,Nampula,Mogovolas,Mulheres,Mais de 60,3528.0
2025,Setembro,Nampula,Mogovolas,Outros,N/A,12.0
2025,Outubro,Nampula,Mogovolas,Homens,0 a 16,42.0
2025,Outubro,Nampula,Mogovolas,Mulheres,0 a 16,24.0
2025,Outubro,Nampula,Mogovolas,Homens,17 a 21,10071.0
2025,Outubro,Nampula,Mogovolas,Mulheres,17 a 21,10454.0
2025,Outubro,Nampula,Mogovolas,Homens,22 a 60,71152.0
2025,Outubro,Nampula,Mogovolas,Mulheres,22 a 60,56010.0
2025,Outubro,Nampula,Mogovolas,Homens,Mais de 60,3278.0
2025,Outubro,Nampula,Mogovolas,Mulheres,Mais de 60,3582.0
2025,Outubro,Nampula,Mogovolas,Outros,N/A,14.0
2025,Novembro,Nampula,Mogovolas,Homens,0 a 16,45.0
2025,Novembro,Nampula,Mogovolas,Mulheres,0 a 16,24.0
2025,Novembro,Nampula,Mogovolas,Homens,17 a 21,10626.0
2025,Novembro,Nampula,Mogovolas,Mulheres,17 a 21,11263.0
2025,Novembro,Nampula,Mogovolas,Homens,22 a 60,76085.0
2025,Novembro,Nampula,Mogovolas,Mulheres,22 a 60,60212.0
2025,Novembro,Nampula,Mogovolas,Homens,Mais de 60,3424.0
2025,Novembro,Nampula,Mogovolas,Mulheres,Mais de 60,3800.0
2025,Novembro,Nampula,Mogovolas,Outros,N/A,23.0
2025,Dezembro,Nampula,Mogovolas,Homens,0 a 16,41.0
2025,Dezembro,Nampula,Mogovolas,Mulheres,0 a 16,22.0
2025,Dezembro,Nampula,Mogovolas,Homens,17 a 21,10780.0
2025,Dezembro,Nampula,Mogovolas,Mulheres,17 a 21,11337.0
2025,Dezembro,Nampula,Mogovolas,Homens,22 a 60,76700.0
2025,Dezembro,Nampula,Mogovolas,Mulheres,22 a 60,60367.0
2025,Dezembro,Nampula,Mogovolas,Homens,Mais de 60,3445.0
2025,Dezembro,Nampula,Mogovolas,Mulheres,Mais de 60,3805.0
2025,Dezembro,Nampula,Mogovolas,Outros,N/A,5.0
2025,Janeiro,Nampula,Moma,Homens,0 a 16,84.0
2025,Janeiro,Nampula,Moma,Mulheres,0 a 16,48.0
2025,Janeiro,Nampula,Moma,Homens,17 a 21,15031.0
2025,Janeiro,Nampula,Moma,Mulheres,17 a 21,12523.0
2025,Janeiro,Nampula,Moma,Homens,22 a 60,93379.0
2025,Janeiro,Nampula,Moma,Mulheres,22 a 60,66586.0
2025,Janeiro,Nampula,Moma,Homens,Mais de 60,4810.0
2025,Janeiro,Nampula,Moma,Mulheres,Mais de 60,4634.0
2025,Janeiro,Nampula,Moma,Outros,N/A,40.0
2025,Fevereiro,Nampula,Moma,Homens,0 a 16,96.0
2025,Fevereiro,Nampula,Moma,Mulheres,0 a 16,54.0
2025,Fevereiro,Nampula,Moma,Homens,17 a 21,15204.0
2025,Fevereiro,Nampula,Moma,Mulheres,17 a 21,12570.0
2025,Fevereiro,Nampula,Moma,Homens,22 a 60,91890.0
2025,Fevereiro,Nampula,Moma,Mulheres,22 a 60,65574.0
2025,Fevereiro,Nampula,Moma,Homens,Mais de 60,4674.0
2025,Fevereiro,Nampula,Moma,Mulheres,Mais de 60,4439.0
2025,Fevereiro,Nampula,Moma,Outros,N/A,36.0
2025,Março,Nampula,Moma,Homens,0 a 16,109.0
2025,Março,Nampula,Moma,Mulheres,0 a 16,52.0
2025,Março,Nampula,Moma,Homens,17 a 21,14960.0
2025,Março,Nampula,Moma,Mulheres,17 a 21,12582.0
2025,Março,Nampula,Moma,Homens,22 a 60,91021.0
2025,Março,Nampula,Moma,Mulheres,22 a 60,65186.0
2025,Março,Nampula,Moma,Homens,Mais de 60,4527.0
2025,Março,Nampula,Moma,Mulheres,Mais de 60,4332.0
2025,Março,Nampula,Moma,Outros,N/A,39.0
2025,Abril,Nampula,Moma,Homens,0 a 16,117.0
2025,Abril,Nampula,Moma,Mulheres,0 a 16,68.0
2025,Abril,Nampula,Moma,Homens,17 a 21,15597.0
2025,Abril,Nampula,Moma,Mulheres,17 a 21,13299.0
2025,Abril,Nampula,Moma,Homens,22 a 60,94753.0
2025,Abril,Nampula,Moma,Mulheres,22 a 60,68293.0
2025,Abril,Nampula,Moma,Homens,Mais de 60,4604.0
2025,Abril,Nampula,Moma,Mulheres,Mais de 60,4455.0
2025,Abril,Nampula,Moma,Outros,N/A,37.0
2025,Maio,Nampula,Moma,Homens,0 a 16,97.0
2025,Maio,Nampula,Moma,Mulheres,0 a 16,56.0
2025,Maio,Nampula,Moma,Homens,17 a 21,15228.0
2025,Maio,Nampula,Moma,Mulheres,17 a 21,13297.0
2025,Maio,Nampula,Moma,Homens,22 a 60,95243.0
2025,Maio,Nampula,Moma,Mulheres,22 a 60,69684.0
2025,Maio,Nampula,Moma,Homens,Mais de 60,4690.0
2025,Maio,Nampula,Moma,Mulheres,Mais de 60,4580.0
2025,Maio,Nampula,Moma,Outros,N/A,28.0
2025,Junho,Nampula,Moma,Homens,0 a 16,88.0
2025,Junho,Nampula,Moma,Mulheres,0 a 16,56.0
2025,Junho,Nampula,Moma,Homens,17 a 21,15156.0
2025,Junho,Nampula,Moma,Mulheres,17 a 21,13392.0
2025,Junho,Nampula,Moma,Homens,22 a 60,96520.0
2025,Junho,Nampula,Moma,Mulheres,22 a 60,70769.0
2025,Junho,Nampula,Moma,Homens,Mais de 60,4702.0
2025,Junho,Nampula,Moma,Mulheres,Mais de 60,4642.0
2025,Junho,Nampula,Moma,Outros,N/A,27.0
2025,Julho,Nampula,Moma,Homens,0 a 16,81.0
2025,Julho,Nampula,Moma,Mulheres,0 a 16,48.0
2025,Julho,Nampula,Moma,Homens,17 a 21,14845.0
2025,Julho,Nampula,Moma,Mulheres,17 a 21,13549.0
2025,Julho,Nampula,Moma,Homens,22 a 60,97689.0
2025,Julho,Nampula,Moma,Mulheres,22 a 60,72148.0
2025,Julho,Nampula,Moma,Homens,Mais de 60,4712.0
2025,Julho,Nampula,Moma,Mulheres,Mais de 60,4697.0
2025,Julho,Nampula,Moma,Outros,N/A,30.0
2025,Agosto,Nampula,Moma,Homens,0 a 16,87.0
2025,Agosto,Nampula,Moma,Mulheres,0 a 16,43.0
2025,Agosto,Nampula,Moma,Homens,17 a 21,15136.0
2025,Agosto,Nampula,Moma,Mulheres,17 a 21,13517.0
2025,Agosto,Nampula,Moma,Homens,22 a 60,100409.0
2025,Agosto,Nampula,Moma,Mulheres,22 a 60,73453.0
2025,Agosto,Nampula,Moma,Homens,Mais de 60,4836.0
2025,Agosto,Nampula,Moma,Mulheres,Mais de 60,4832.0
2025,Agosto,Nampula,Moma,Outros,N/A,30.0
2025,Setembro,Nampula,Moma,Homens,0 a 16,83.0
2025,Setembro,Nampula,Moma,Mulheres,0 a 16,41.0
2025,Setembro,Nampula,Moma,Homens,17 a 21,15627.0
2025,Setembro,Nampula,Moma,Mulheres,17 a 21,13796.0
2025,Setembro,Nampula,Moma,Homens,22 a 60,103606.0
2025,Setembro,Nampula,Moma,Mulheres,22 a 60,75271.0
2025,Setembro,Nampula,Moma,Homens,Mais de 60,4950.0
2025,Setembro,Nampula,Moma,Mulheres,Mais de 60,4876.0
2025,Setembro,Nampula,Moma,Outros,N/A,25.0
2025,Outubro,Nampula,Moma,Homens,0 a 16,63.0
2025,Outubro,Nampula,Moma,Mulheres,0 a 16,37.0
2025,Outubro,Nampula,Moma,Homens,17 a 21,14171.0
2025,Outubro,Nampula,Moma,Mulheres,17 a 21,13087.0
2025,Outubro,Nampula,Moma,Homens,22 a 60,95864.0
2025,Outubro,Nampula,Moma,Mulheres,22 a 60,72161.0
2025,Outubro,Nampula,Moma,Homens,Mais de 60,4708.0
2025,Outubro,Nampula,Moma,Mulheres,Mais de 60,4861.0
2025,Outubro,Nampula,Moma,Outros,N/A,9.0
2025,Novembro,Nampula,Moma,Homens,0 a 16,76.0
2025,Novembro,Nampula,Moma,Mulheres,0 a 16,28.0
2025,Novembro,Nampula,Moma,Homens,17 a 21,14791.0
2025,Novembro,Nampula,Moma,Mulheres,17 a 21,13648.0
2025,Novembro,Nampula,Moma,Homens,22 a 60,99491.0
2025,Novembro,Nampula,Moma,Mulheres,22 a 60,75473.0
2025,Novembro,Nampula,Moma,Homens,Mais de 60,4878.0
2025,Novembro,Nampula,Moma,Mulheres,Mais de 60,4959.0
2025,Novembro,Nampula,Moma,Outros,N/A,4.0
2025,Dezembro,Nampula,Moma,Homens,0 a 16,75.0
2025,Dezembro,Nampula,Moma,Mulheres,0 a 16,32.0
2025,Dezembro,Nampula,Moma,Homens,17 a 21,15075.0
2025,Dezembro,Nampula,Moma,Mulheres,17 a 21,14075.0
2025,Dezembro,Nampula,Moma,Homens,22 a 60,101946.0
2025,Dezembro,Nampula,Moma,Mulheres,22 a 60,76416.0
2025,Dezembro,Nampula,Moma,Homens,Mais de 60,4968.0
2025,Dezembro,Nampula,Moma,Mulheres,Mais de 60,5017.0
2025,Dezembro,Nampula,Moma,Outros,N/A,5.0
2025,Janeiro,Nampula,Monapo,Homens,0 a 16,79.0
2025,Janeiro,Nampula,Monapo,Mulheres,0 a 16,37.0
2025,Janeiro,Nampula,Monapo,Homens,17 a 21,13996.0
2025,Janeiro,Nampula,Monapo,Mulheres,17 a 21,12078.0
2025,Janeiro,Nampula,Monapo,Homens,22 a 60,80079.0
2025,Janeiro,Nampula,Monapo,Mulheres,22 a 60,60731.0
2025,Janeiro,Nampula,Monapo,Homens,Mais de 60,5244.0
2025,Janeiro,Nampula,Monapo,Mulheres,Mais de 60,4639.0
2025,Janeiro,Nampula,Monapo,Outros,N/A,19.0
2025,Fevereiro,Nampula,Monapo,Homens,0 a 16,82.0
2025,Fevereiro,Nampula,Monapo,Mulheres,0 a 16,43.0
2025,Fevereiro,Nampula,Monapo,Homens,17 a 21,13899.0
2025,Fevereiro,Nampula,Monapo,Mulheres,17 a 21,12150.0
2025,Fevereiro,Nampula,Monapo,Homens,22 a 60,79931.0
2025,Fevereiro,Nampula,Monapo,Mulheres,22 a 60,60905.0
2025,Fevereiro,Nampula,Monapo,Homens,Mais de 60,5244.0
2025,Fevereiro,Nampula,Monapo,Mulheres,Mais de 60,4613.0
2025,Fevereiro,Nampula,Monapo,Outros,N/A,23.0
2025,Março,Nampula,Monapo,Homens,0 a 16,90.0
2025,Março,Nampula,Monapo,Mulheres,0 a 16,63.0
2025,Março,Nampula,Monapo,Homens,17 a 21,13706.0
2025,Março,Nampula,Monapo,Mulheres,17 a 21,12098.0
2025,Março,Nampula,Monapo,Homens,22 a 60,80452.0
2025,Março,Nampula,Monapo,Mulheres,22 a 60,61889.0
2025,Março,Nampula,Monapo,Homens,Mais de 60,5297.0
2025,Março,Nampula,Monapo,Mulheres,Mais de 60,4768.0
2025,Março,Nampula,Monapo,Outros,N/A,17.0
2025,Abril,Nampula,Monapo,Homens,0 a 16,131.0
2025,Abril,Nampula,Monapo,Mulheres,0 a 16,97.0
2025,Abril,Nampula,Monapo,Homens,17 a 21,14687.0
2025,Abril,Nampula,Monapo,Mulheres,17 a 21,12955.0
2025,Abril,Nampula,Monapo,Homens,22 a 60,86028.0
2025,Abril,Nampula,Monapo,Mulheres,22 a 60,66292.0
2025,Abril,Nampula,Monapo,Homens,Mais de 60,5558.0
2025,Abril,Nampula,Monapo,Mulheres,Mais de 60,5079.0
2025,Abril,Nampula,Monapo,Outros,N/A,19.0
2025,Maio,Nampula,Monapo,Homens,0 a 16,83.0
2025,Maio,Nampula,Monapo,Mulheres,0 a 16,75.0
2025,Maio,Nampula,Monapo,Homens,17 a 21,13685.0
2025,Maio,Nampula,Monapo,Mulheres,17 a 21,12408.0
2025,Maio,Nampula,Monapo,Homens,22 a 60,84633.0
2025,Maio,Nampula,Monapo,Mulheres,22 a 60,65657.0
2025,Maio,Nampula,Monapo,Homens,Mais de 60,5453.0
2025,Maio,Nampula,Monapo,Mulheres,Mais de 60,5020.0
2025,Maio,Nampula,Monapo,Outros,N/A,19.0
2025,Junho,Nampula,Monapo,Homens,0 a 16,62.0
2025,Junho,Nampula,Monapo,Mulheres,0 a 16,46.0
2025,Junho,Nampula,Monapo,Homens,17 a 21,12420.0
2025,Junho,Nampula,Monapo,Mulheres,17 a 21,11270.0
2025,Junho,Nampula,Monapo,Homens,22 a 60,79416.0
2025,Junho,Nampula,Monapo,Mulheres,22 a 60,61710.0
2025,Junho,Nampula,Monapo,Homens,Mais de 60,5023.0
2025,Junho,Nampula,Monapo,Mulheres,Mais de 60,4658.0
2025,Junho,Nampula,Monapo,Outros,N/A,19.0
2025,Julho,Nampula,Monapo,Homens,0 a 16,58.0
2025,Julho,Nampula,Monapo,Mulheres,0 a 16,44.0
2025,Julho,Nampula,Monapo,Homens,17 a 21,11520.0
2025,Julho,Nampula,Monapo,Mulheres,17 a 21,10649.0
2025,Julho,Nampula,Monapo,Homens,22 a 60,77186.0
2025,Julho,Nampula,Monapo,Mulheres,22 a 60,59978.0
2025,Julho,Nampula,Monapo,Homens,Mais de 60,4825.0
2025,Julho,Nampula,Monapo,Mulheres,Mais de 60,4589.0
2025,Julho,Nampula,Monapo,Outros,N/A,27.0
2025,Agosto,Nampula,Monapo,Homens,0 a 16,65.0
2025,Agosto,Nampula,Monapo,Mulheres,0 a 16,38.0
2025,Agosto,Nampula,Monapo,Homens,17 a 21,11660.0
2025,Agosto,Nampula,Monapo,Mulheres,17 a 21,10587.0
2025,Agosto,Nampula,Monapo,Homens,22 a 60,78459.0
2025,Agosto,Nampula,Monapo,Mulheres,22 a 60,60273.0
2025,Agosto,Nampula,Monapo,Homens,Mais de 60,4829.0
2025,Agosto,Nampula,Monapo,Mulheres,Mais de 60,4695.0
2025,Agosto,Nampula,Monapo,Outros,N/A,28.0
2025,Setembro,Nampula,Monapo,Homens,0 a 16,70.0
2025,Setembro,Nampula,Monapo,Mulheres,0 a 16,39.0
2025,Setembro,Nampula,Monapo,Homens,17 a 21,11530.0
2025,Setembro,Nampula,Monapo,Mulheres,17 a 21,10531.0
2025,Setembro,Nampula,Monapo,Homens,22 a 60,79347.0
2025,Setembro,Nampula,Monapo,Mulheres,22 a 60,61033.0
2025,Setembro,Nampula,Monapo,Homens,Mais de 60,4843.0
2025,Setembro,Nampula,Monapo,Mulheres,Mais de 60,4707.0
2025,Setembro,Nampula,Monapo,Outros,N/A,27.0
2025,Outubro,Nampula,Monapo,Homens,0 a 16,77.0
2025,Outubro,Nampula,Monapo,Mulheres,0 a 16,39.0
2025,Outubro,Nampula,Monapo,Homens,17 a 21,11988.0
2025,Outubro,Nampula,Monapo,Mulheres,17 a 21,10855.0
2025,Outubro,Nampula,Monapo,Homens,22 a 60,82393.0
2025,Outubro,Nampula,Monapo,Mulheres,22 a 60,62894.0
2025,Outubro,Nampula,Monapo,Homens,Mais de 60,5039.0
2025,Outubro,Nampula,Monapo,Mulheres,Mais de 60,4924.0
2025,Outubro,Nampula,Monapo,Outros,N/A,24.0
2025,Novembro,Nampula,Monapo,Homens,0 a 16,84.0
2025,Novembro,Nampula,Monapo,Mulheres,0 a 16,47.0
2025,Novembro,Nampula,Monapo,Homens,17 a 21,12520.0
2025,Novembro,Nampula,Monapo,Mulheres,17 a 21,11432.0
2025,Novembro,Nampula,Monapo,Homens,22 a 60,84763.0
2025,Novembro,Nampula,Monapo,Mulheres,22 a 60,66681.0
2025,Novembro,Nampula,Monapo,Homens,Mais de 60,5186.0
2025,Novembro,Nampula,Monapo,Mulheres,Mais de 60,5151.0
2025,Novembro,Nampula,Monapo,Outros,N/A,7.0
2025,Dezembro,Nampula,Monapo,Homens,0 a 16,93.0
2025,Dezembro,Nampula,Monapo,Mulheres,0 a 16,49.0
2025,Dezembro,Nampula,Monapo,Homens,17 a 21,12651.0
2025,Dezembro,Nampula,Monapo,Mulheres,17 a 21,11591.0
2025,Dezembro,Nampula,Monapo,Homens,22 a 60,87259.0
2025,Dezembro,Nampula,Monapo,Mulheres,22 a 60,67104.0
2025,Dezembro,Nampula,Monapo,Homens,Mais de 60,5324.0
2025,Dezembro,Nampula,Monapo,Mulheres,Mais de 60,5177.0
2025,Dezembro,Nampula,Monapo,Outros,N/A,8.0
2025,Janeiro,Nampula,Mossuril,Homens,0 a 16,38.0
2025,Janeiro,Nampula,Mossuril,Mulheres,0 a 16,23.0
2025,Janeiro,Nampula,Mossuril,Homens,17 a 21,4760.0
2025,Janeiro,Nampula,Mossuril,Mulheres,17 a 21,4223.0
2025,Janeiro,Nampula,Mossuril,Homens,22 a 60,34414.0
2025,Janeiro,Nampula,Mossuril,Mulheres,22 a 60,28521.0
2025,Janeiro,Nampula,Mossuril,Homens,Mais de 60,3432.0
2025,Janeiro,Nampula,Mossuril,Mulheres,Mais de 60,3232.0
2025,Janeiro,Nampula,Mossuril,Outros,N/A,8.0
2025,Fevereiro,Nampula,Mossuril,Homens,0 a 16,41.0
2025,Fevereiro,Nampula,Mossuril,Mulheres,0 a 16,26.0
2025,Fevereiro,Nampula,Mossuril,Homens,17 a 21,4591.0
2025,Fevereiro,Nampula,Mossuril,Mulheres,17 a 21,4179.0
2025,Fevereiro,Nampula,Mossuril,Homens,22 a 60,33485.0
2025,Fevereiro,Nampula,Mossuril,Mulheres,22 a 60,28022.0
2025,Fevereiro,Nampula,Mossuril,Homens,Mais de 60,3250.0
2025,Fevereiro,Nampula,Mossuril,Mulheres,Mais de 60,3156.0
2025,Fevereiro,Nampula,Mossuril,Outros,N/A,5.0
2025,Março,Nampula,Mossuril,Homens,0 a 16,50.0
2025,Março,Nampula,Mossuril,Mulheres,0 a 16,28.0
2025,Março,Nampula,Mossuril,Homens,17 a 21,4754.0
2025,Março,Nampula,Mossuril,Mulheres,17 a 21,4204.0
2025,Março,Nampula,Mossuril,Homens,22 a 60,33991.0
2025,Março,Nampula,Mossuril,Mulheres,22 a 60,28235.0
2025,Março,Nampula,Mossuril,Homens,Mais de 60,3256.0
2025,Março,Nampula,Mossuril,Mulheres,Mais de 60,3148.0
2025,Março,Nampula,Mossuril,Outros,N/A,6.0
2025,Abril,Nampula,Mossuril,Homens,0 a 16,69.0
2025,Abril,Nampula,Mossuril,Mulheres,0 a 16,40.0
2025,Abril,Nampula,Mossuril,Homens,17 a 21,5185.0
2025,Abril,Nampula,Mossuril,Mulheres,17 a 21,4497.0
2025,Abril,Nampula,Mossuril,Homens,22 a 60,35926.0
2025,Abril,Nampula,Mossuril,Mulheres,22 a 60,29539.0
2025,Abril,Nampula,Mossuril,Homens,Mais de 60,3282.0
2025,Abril,Nampula,Mossuril,Mulheres,Mais de 60,3172.0
2025,Abril,Nampula,Mossuril,Outros,N/A,5.0
2025,Maio,Nampula,Mossuril,Homens,0 a 16,46.0
2025,Maio,Nampula,Mossuril,Mulheres,0 a 16,27.0
2025,Maio,Nampula,Mossuril,Homens,17 a 21,4593.0
2025,Maio,Nampula,Mossuril,Mulheres,17 a 21,4030.0
2025,Maio,Nampula,Mossuril,Homens,22 a 60,34162.0
2025,Maio,Nampula,Mossuril,Mulheres,22 a 60,27610.0
2025,Maio,Nampula,Mossuril,Homens,Mais de 60,3073.0
2025,Maio,Nampula,Mossuril,Mulheres,Mais de 60,2966.0
2025,Maio,Nampula,Mossuril,Outros,N/A,5.0
2025,Junho,Nampula,Mossuril,Homens,0 a 16,23.0
2025,Junho,Nampula,Mossuril,Mulheres,0 a 16,17.0
2025,Junho,Nampula,Mossuril,Homens,17 a 21,3721.0
2025,Junho,Nampula,Mossuril,Mulheres,17 a 21,3380.0
2025,Junho,Nampula,Mossuril,Homens,22 a 60,30044.0
2025,Junho,Nampula,Mossuril,Mulheres,22 a 60,23596.0
2025,Junho,Nampula,Mossuril,Homens,Mais de 60,2645.0
2025,Junho,Nampula,Mossuril,Mulheres,Mais de 60,2496.0
2025,Junho,Nampula,Mossuril,Outros,N/A,5.0
2025,Julho,Nampula,Mossuril,Homens,0 a 16,27.0
2025,Julho,Nampula,Mossuril,Mulheres,0 a 16,17.0
2025,Julho,Nampula,Mossuril,Homens,17 a 21,3491.0
2025,Julho,Nampula,Mossuril,Mulheres,17 a 21,3227.0
2025,Julho,Nampula,Mossuril,Homens,22 a 60,29575.0
2025,Julho,Nampula,Mossuril,Mulheres,22 a 60,23188.0
2025,Julho,Nampula,Mossuril,Homens,Mais de 60,2550.0
2025,Julho,Nampula,Mossuril,Mulheres,Mais de 60,2393.0
2025,Julho,Nampula,Mossuril,Outros,N/A,7.0
2025,Agosto,Nampula,Mossuril,Homens,0 a 16,29.0
2025,Agosto,Nampula,Mossuril,Mulheres,0 a 16,15.0
2025,Agosto,Nampula,Mossuril,Homens,17 a 21,3590.0
2025,Agosto,Nampula,Mossuril,Mulheres,17 a 21,3344.0
2025,Agosto,Nampula,Mossuril,Homens,22 a 60,30520.0
2025,Agosto,Nampula,Mossuril,Mulheres,22 a 60,23765.0
2025,Agosto,Nampula,Mossuril,Homens,Mais de 60,2621.0
2025,Agosto,Nampula,Mossuril,Mulheres,Mais de 60,2463.0
2025,Agosto,Nampula,Mossuril,Outros,N/A,9.0
2025,Setembro,Nampula,Mossuril,Homens,0 a 16,28.0
2025,Setembro,Nampula,Mossuril,Mulheres,0 a 16,15.0
2025,Setembro,Nampula,Mossuril,Homens,17 a 21,3681.0
2025,Setembro,Nampula,Mossuril,Mulheres,17 a 21,3353.0
2025,Setembro,Nampula,Mossuril,Homens,22 a 60,30648.0
2025,Setembro,Nampula,Mossuril,Mulheres,22 a 60,23597.0
2025,Setembro,Nampula,Mossuril,Homens,Mais de 60,2609.0
2025,Setembro,Nampula,Mossuril,Mulheres,Mais de 60,2367.0
2025,Setembro,Nampula,Mossuril,Outros,N/A,8.0
2025,Outubro,Nampula,Mossuril,Homens,0 a 16,34.0
2025,Outubro,Nampula,Mossuril,Mulheres,0 a 16,16.0
2025,Outubro,Nampula,Mossuril,Homens,17 a 21,4138.0
2025,Outubro,Nampula,Mossuril,Mulheres,17 a 21,3707.0
2025,Outubro,Nampula,Mossuril,Homens,22 a 60,33685.0
2025,Outubro,Nampula,Mossuril,Mulheres,22 a 60,26070.0
2025,Outubro,Nampula,Mossuril,Homens,Mais de 60,2939.0
2025,Outubro,Nampula,Mossuril,Mulheres,Mais de 60,2658.0
2025,Outubro,Nampula,Mossuril,Outros,N/A,7.0
2025,Novembro,Nampula,Mossuril,Homens,0 a 16,37.0
2025,Novembro,Nampula,Mossuril,Mulheres,0 a 16,21.0
2025,Novembro,Nampula,Mossuril,Homens,17 a 21,4343.0
2025,Novembro,Nampula,Mossuril,Mulheres,17 a 21,3861.0
2025,Novembro,Nampula,Mossuril,Homens,22 a 60,34263.0
2025,Novembro,Nampula,Mossuril,Mulheres,22 a 60,27522.0
2025,Novembro,Nampula,Mossuril,Homens,Mais de 60,2974.0
2025,Novembro,Nampula,Mossuril,Mulheres,Mais de 60,2753.0
2025,Novembro,Nampula,Mossuril,Outros,N/A,3.0
2025,Dezembro,Nampula,Mossuril,Homens,0 a 16,44.0
2025,Dezembro,Nampula,Mossuril,Mulheres,0 a 16,24.0
2025,Dezembro,Nampula,Mossuril,Homens,17 a 21,4512.0
2025,Dezembro,Nampula,Mossuril,Mulheres,17 a 21,4004.0
2025,Dezembro,Nampula,Mossuril,Homens,22 a 60,36988.0
2025,Dezembro,Nampula,Mossuril,Mulheres,22 a 60,29147.0
2025,Dezembro,Nampula,Mossuril,Homens,Mais de 60,3244.0
2025,Dezembro,Nampula,Mossuril,Mulheres,Mais de 60,3019.0
2025,Dezembro,Nampula,Mossuril,Outros,N/A,4.0
2025,Janeiro,Nampula,Muecate,Homens,0 a 16,57.0
2025,Janeiro,Nampula,Muecate,Mulheres,0 a 16,27.0
2025,Janeiro,Nampula,Muecate,Homens,17 a 21,5408.0
2025,Janeiro,Nampula,Muecate,Mulheres,17 a 21,4540.0
2025,Janeiro,Nampula,Muecate,Homens,22 a 60,25708.0
2025,Janeiro,Nampula,Muecate,Mulheres,22 a 60,21387.0
2025,Janeiro,Nampula,Muecate,Homens,Mais de 60,1339.0
2025,Janeiro,Nampula,Muecate,Mulheres,Mais de 60,1296.0
2025,Janeiro,Nampula,Muecate,Outros,N/A,1.0
2025,Fevereiro,Nampula,Muecate,Homens,0 a 16,48.0
2025,Fevereiro,Nampula,Muecate,Mulheres,0 a 16,27.0
2025,Fevereiro,Nampula,Muecate,Homens,17 a 21,5672.0
2025,Fevereiro,Nampula,Muecate,Mulheres,17 a 21,4670.0
2025,Fevereiro,Nampula,Muecate,Homens,22 a 60,26184.0
2025,Fevereiro,Nampula,Muecate,Mulheres,22 a 60,21783.0
2025,Fevereiro,Nampula,Muecate,Homens,Mais de 60,1354.0
2025,Fevereiro,Nampula,Muecate,Mulheres,Mais de 60,1277.0
2025,Fevereiro,Nampula,Muecate,Outros,N/A,1.0
2025,Março,Nampula,Muecate,Homens,0 a 16,44.0
2025,Março,Nampula,Muecate,Mulheres,0 a 16,26.0
2025,Março,Nampula,Muecate,Homens,17 a 21,5424.0
2025,Março,Nampula,Muecate,Mulheres,17 a 21,4453.0
2025,Março,Nampula,Muecate,Homens,22 a 60,25700.0
2025,Março,Nampula,Muecate,Mulheres,22 a 60,21635.0
2025,Março,Nampula,Muecate,Homens,Mais de 60,1405.0
2025,Março,Nampula,Muecate,Mulheres,Mais de 60,1293.0
2025,Março,Nampula,Muecate,Outros,N/A,0.0
2025,Abril,Nampula,Muecate,Homens,0 a 16,64.0
2025,Abril,Nampula,Muecate,Mulheres,0 a 16,31.0
2025,Abril,Nampula,Muecate,Homens,17 a 21,5642.0
2025,Abril,Nampula,Muecate,Mulheres,17 a 21,4801.0
2025,Abril,Nampula,Muecate,Homens,22 a 60,27248.0
2025,Abril,Nampula,Muecate,Mulheres,22 a 60,22926.0
2025,Abril,Nampula,Muecate,Homens,Mais de 60,1458.0
2025,Abril,Nampula,Muecate,Mulheres,Mais de 60,1373.0
2025,Abril,Nampula,Muecate,Outros,N/A,0.0
2025,Maio,Nampula,Muecate,Homens,0 a 16,43.0
2025,Maio,Nampula,Muecate,Mulheres,0 a 16,20.0
2025,Maio,Nampula,Muecate,Homens,17 a 21,5483.0
2025,Maio,Nampula,Muecate,Mulheres,17 a 21,4809.0
2025,Maio,Nampula,Muecate,Homens,22 a 60,27570.0
2025,Maio,Nampula,Muecate,Mulheres,22 a 60,22922.0
2025,Maio,Nampula,Muecate,Homens,Mais de 60,1402.0
2025,Maio,Nampula,Muecate,Mulheres,Mais de 60,1388.0
2025,Maio,Nampula,Muecate,Outros,N/A,2.0
2025,Junho,Nampula,Muecate,Homens,0 a 16,44.0
2025,Junho,Nampula,Muecate,Mulheres,0 a 16,16.0
2025,Junho,Nampula,Muecate,Homens,17 a 21,5429.0
2025,Junho,Nampula,Muecate,Mulheres,17 a 21,4752.0
2025,Junho,Nampula,Muecate,Homens,22 a 60,27683.0
2025,Junho,Nampula,Muecate,Mulheres,22 a 60,23178.0
2025,Junho,Nampula,Muecate,Homens,Mais de 60,1328.0
2025,Junho,Nampula,Muecate,Mulheres,Mais de 60,1323.0
2025,Junho,Nampula,Muecate,Outros,N/A,1.0
2025,Julho,Nampula,Muecate,Homens,0 a 16,43.0
2025,Julho,Nampula,Muecate,Mulheres,0 a 16,16.0
2025,Julho,Nampula,Muecate,Homens,17 a 21,5167.0
2025,Julho,Nampula,Muecate,Mulheres,17 a 21,4680.0
2025,Julho,Nampula,Muecate,Homens,22 a 60,27519.0
2025,Julho,Nampula,Muecate,Mulheres,22 a 60,23297.0
2025,Julho,Nampula,Muecate,Homens,Mais de 60,1310.0
2025,Julho,Nampula,Muecate,Mulheres,Mais de 60,1313.0
2025,Julho,Nampula,Muecate,Outros,N/A,1.0
2025,Agosto,Nampula,Muecate,Homens,0 a 16,33.0
2025,Agosto,Nampula,Muecate,Mulheres,0 a 16,8.0
2025,Agosto,Nampula,Muecate,Homens,17 a 21,5167.0
2025,Agosto,Nampula,Muecate,Mulheres,17 a 21,4633.0
2025,Agosto,Nampula,Muecate,Homens,22 a 60,28015.0
2025,Agosto,Nampula,Muecate,Mulheres,22 a 60,23329.0
2025,Agosto,Nampula,Muecate,Homens,Mais de 60,1321.0
2025,Agosto,Nampula,Muecate,Mulheres,Mais de 60,1336.0
2025,Agosto,Nampula,Muecate,Outros,N/A,1.0
2025,Setembro,Nampula,Muecate,Homens,0 a 16,27.0
2025,Setembro,Nampula,Muecate,Mulheres,0 a 16,8.0
2025,Setembro,Nampula,Muecate,Homens,17 a 21,5293.0
2025,Setembro,Nampula,Muecate,Mulheres,17 a 21,4770.0
2025,Setembro,Nampula,Muecate,Homens,22 a 60,29290.0
2025,Setembro,Nampula,Muecate,Mulheres,22 a 60,24375.0
2025,Setembro,Nampula,Muecate,Homens,Mais de 60,1354.0
2025,Setembro,Nampula,Muecate,Mulheres,Mais de 60,1415.0
2025,Setembro,Nampula,Muecate,Outros,N/A,1.0
2025,Outubro,Nampula,Muecate,Homens,0 a 16,31.0
2025,Outubro,Nampula,Muecate,Mulheres,0 a 16,7.0
2025,Outubro,Nampula,Muecate,Homens,17 a 21,5526.0
2025,Outubro,Nampula,Muecate,Mulheres,17 a 21,4833.0
2025,Outubro,Nampula,Muecate,Homens,22 a 60,29747.0
2025,Outubro,Nampula,Muecate,Mulheres,22 a 60,24724.0
2025,Outubro,Nampula,Muecate,Homens,Mais de 60,1354.0
2025,Outubro,Nampula,Muecate,Mulheres,Mais de 60,1408.0
2025,Outubro,Nampula,Muecate,Outros,N/A,0.0
2025,Novembro,Nampula,Muecate,Homens,0 a 16,36.0
2025,Novembro,Nampula,Muecate,Mulheres,0 a 16,16.0
2025,Novembro,Nampula,Muecate,Homens,17 a 21,5822.0
2025,Novembro,Nampula,Muecate,Mulheres,17 a 21,5194.0
2025,Novembro,Nampula,Muecate,Homens,22 a 60,31819.0
2025,Novembro,Nampula,Muecate,Mulheres,22 a 60,26841.0
2025,Novembro,Nampula,Muecate,Homens,Mais de 60,1440.0
2025,Novembro,Nampula,Muecate,Mulheres,Mais de 60,1457.0
2025,Novembro,Nampula,Muecate,Outros,N/A,0.0
2025,Dezembro,Nampula,Muecate,Homens,0 a 16,37.0
2025,Dezembro,Nampula,Muecate,Mulheres,0 a 16,23.0
2025,Dezembro,Nampula,Muecate,Homens,17 a 21,5867.0
2025,Dezembro,Nampula,Muecate,Mulheres,17 a 21,5303.0
2025,Dezembro,Nampula,Muecate,Homens,22 a 60,32340.0
2025,Dezembro,Nampula,Muecate,Mulheres,22 a 60,27078.0
2025,Dezembro,Nampula,Muecate,Homens,Mais de 60,1480.0
2025,Dezembro,Nampula,Muecate,Mulheres,Mais de 60,1481.0
2025,Dezembro,Nampula,Muecate,Outros,N/A,0.0
2025,Janeiro,Nampula,Murrupula,Homens,0 a 16,100.0
2025,Janeiro,Nampula,Murrupula,Mulheres,0 a 16,54.0
2025,Janeiro,Nampula,Murrupula,Homens,17 a 21,8752.0
2025,Janeiro,Nampula,Murrupula,Mulheres,17 a 21,6309.0
2025,Janeiro,Nampula,Murrupula,Homens,22 a 60,45301.0
2025,Janeiro,Nampula,Murrupula,Mulheres,22 a 60,28110.0
2025,Janeiro,Nampula,Murrupula,Homens,Mais de 60,2230.0
2025,Janeiro,Nampula,Murrupula,Mulheres,Mais de 60,1649.0
2025,Janeiro,Nampula,Murrupula,Outros,N/A,7.0
2025,Fevereiro,Nampula,Murrupula,Homens,0 a 16,115.0
2025,Fevereiro,Nampula,Murrupula,Mulheres,0 a 16,57.0
2025,Fevereiro,Nampula,Murrupula,Homens,17 a 21,8848.0
2025,Fevereiro,Nampula,Murrupula,Mulheres,17 a 21,6353.0
2025,Fevereiro,Nampula,Murrupula,Homens,22 a 60,45527.0
2025,Fevereiro,Nampula,Murrupula,Mulheres,22 a 60,28715.0
2025,Fevereiro,Nampula,Murrupula,Homens,Mais de 60,2225.0
2025,Fevereiro,Nampula,Murrupula,Mulheres,Mais de 60,1706.0
2025,Fevereiro,Nampula,Murrupula,Outros,N/A,9.0
2025,Março,Nampula,Murrupula,Homens,0 a 16,111.0
2025,Março,Nampula,Murrupula,Mulheres,0 a 16,58.0
2025,Março,Nampula,Murrupula,Homens,17 a 21,8661.0
2025,Março,Nampula,Murrupula,Mulheres,17 a 21,6459.0
2025,Março,Nampula,Murrupula,Homens,22 a 60,45458.0
2025,Março,Nampula,Murrupula,Mulheres,22 a 60,29505.0
2025,Março,Nampula,Murrupula,Homens,Mais de 60,2241.0
2025,Março,Nampula,Murrupula,Mulheres,Mais de 60,1756.0
2025,Março,Nampula,Murrupula,Outros,N/A,5.0
2025,Abril,Nampula,Murrupula,Homens,0 a 16,128.0
2025,Abril,Nampula,Murrupula,Mulheres,0 a 16,73.0
2025,Abril,Nampula,Murrupula,Homens,17 a 21,9101.0
2025,Abril,Nampula,Murrupula,Mulheres,17 a 21,7081.0
2025,Abril,Nampula,Murrupula,Homens,22 a 60,48427.0
2025,Abril,Nampula,Murrupula,Mulheres,22 a 60,32342.0
2025,Abril,Nampula,Murrupula,Homens,Mais de 60,2358.0
2025,Abril,Nampula,Murrupula,Mulheres,Mais de 60,1935.0
2025,Abril,Nampula,Murrupula,Outros,N/A,4.0
2025,Maio,Nampula,Murrupula,Homens,0 a 16,112.0
2025,Maio,Nampula,Murrupula,Mulheres,0 a 16,53.0
2025,Maio,Nampula,Murrupula,Homens,17 a 21,8478.0
2025,Maio,Nampula,Murrupula,Mulheres,17 a 21,6848.0
2025,Maio,Nampula,Murrupula,Homens,22 a 60,46667.0
2025,Maio,Nampula,Murrupula,Mulheres,22 a 60,31724.0
2025,Maio,Nampula,Murrupula,Homens,Mais de 60,2282.0
2025,Maio,Nampula,Murrupula,Mulheres,Mais de 60,1918.0
2025,Maio,Nampula,Murrupula,Outros,N/A,4.0
2025,Junho,Nampula,Murrupula,Homens,0 a 16,82.0
2025,Junho,Nampula,Murrupula,Mulheres,0 a 16,36.0
2025,Junho,Nampula,Murrupula,Homens,17 a 21,7932.0
2025,Junho,Nampula,Murrupula,Mulheres,17 a 21,6556.0
2025,Junho,Nampula,Murrupula,Homens,22 a 60,44941.0
2025,Junho,Nampula,Murrupula,Mulheres,22 a 60,30768.0
2025,Junho,Nampula,Murrupula,Homens,Mais de 60,2112.0
2025,Junho,Nampula,Murrupula,Mulheres,Mais de 60,1732.0
2025,Junho,Nampula,Murrupula,Outros,N/A,3.0
2025,Julho,Nampula,Murrupula,Homens,0 a 16,63.0
2025,Julho,Nampula,Murrupula,Mulheres,0 a 16,40.0
2025,Julho,Nampula,Murrupula,Homens,17 a 21,7332.0
2025,Julho,Nampula,Murrupula,Mulheres,17 a 21,6412.0
2025,Julho,Nampula,Murrupula,Homens,22 a 60,43154.0
2025,Julho,Nampula,Murrupula,Mulheres,22 a 60,30669.0
2025,Julho,Nampula,Murrupula,Homens,Mais de 60,1980.0
2025,Julho,Nampula,Murrupula,Mulheres,Mais de 60,1751.0
2025,Julho,Nampula,Murrupula,Outros,N/A,9.0
2025,Agosto,Nampula,Murrupula,Homens,0 a 16,58.0
2025,Agosto,Nampula,Murrupula,Mulheres,0 a 16,39.0
2025,Agosto,Nampula,Murrupula,Homens,17 a 21,7322.0
2025,Agosto,Nampula,Murrupula,Mulheres,17 a 21,6343.0
2025,Agosto,Nampula,Murrupula,Homens,22 a 60,43786.0
2025,Agosto,Nampula,Murrupula,Mulheres,22 a 60,30772.0
2025,Agosto,Nampula,Murrupula,Homens,Mais de 60,1999.0
2025,Agosto,Nampula,Murrupula,Mulheres,Mais de 60,1708.0
2025,Agosto,Nampula,Murrupula,Outros,N/A,8.0
2025,Setembro,Nampula,Murrupula,Homens,0 a 16,57.0
2025,Setembro,Nampula,Murrupula,Mulheres,0 a 16,44.0
2025,Setembro,Nampula,Murrupula,Homens,17 a 21,7542.0
2025,Setembro,Nampula,Murrupula,Mulheres,17 a 21,6591.0
2025,Setembro,Nampula,Murrupula,Homens,22 a 60,45370.0
2025,Setembro,Nampula,Murrupula,Mulheres,22 a 60,32146.0
2025,Setembro,Nampula,Murrupula,Homens,Mais de 60,2025.0
2025,Setembro,Nampula,Murrupula,Mulheres,Mais de 60,1765.0
2025,Setembro,Nampula,Murrupula,Outros,N/A,7.0
2025,Outubro,Nampula,Murrupula,Homens,0 a 16,70.0
2025,Outubro,Nampula,Murrupula,Mulheres,0 a 16,45.0
2025,Outubro,Nampula,Murrupula,Homens,17 a 21,7721.0
2025,Outubro,Nampula,Murrupula,Mulheres,17 a 21,6803.0
2025,Outubro,Nampula,Murrupula,Homens,22 a 60,46560.0
2025,Outubro,Nampula,Murrupula,Mulheres,22 a 60,33401.0
2025,Outubro,Nampula,Murrupula,Homens,Mais de 60,2085.0
2025,Outubro,Nampula,Murrupula,Mulheres,Mais de 60,1835.0
2025,Outubro,Nampula,Murrupula,Outros,N/A,7.0
2025,Novembro,Nampula,Murrupula,Homens,0 a 16,75.0
2025,Novembro,Nampula,Murrupula,Mulheres,0 a 16,47.0
2025,Novembro,Nampula,Murrupula,Homens,17 a 21,8216.0
2025,Novembro,Nampula,Murrupula,Mulheres,17 a 21,7206.0
2025,Novembro,Nampula,Murrupula,Homens,22 a 60,48252.0
2025,Novembro,Nampula,Murrupula,Mulheres,22 a 60,35569.0
2025,Novembro,Nampula,Murrupula,Homens,Mais de 60,2137.0
2025,Novembro,Nampula,Murrupula,Mulheres,Mais de 60,1944.0
2025,Novembro,Nampula,Murrupula,Outros,N/A,2.0
2025,Dezembro,Nampula,Murrupula,Homens,0 a 16,81.0
2025,Dezembro,Nampula,Murrupula,Mulheres,0 a 16,52.0
2025,Dezembro,Nampula,Murrupula,Homens,17 a 21,8370.0
2025,Dezembro,Nampula,Murrupula,Mulheres,17 a 21,7211.0
2025,Dezembro,Nampula,Murrupula,Homens,22 a 60,49172.0
2025,Dezembro,Nampula,Murrupula,Mulheres,22 a 60,35666.0
2025,Dezembro,Nampula,Murrupula,Homens,Mais de 60,2237.0
2025,Dezembro,Nampula,Murrupula,Mulheres,Mais de 60,1992.0
2025,Dezembro,Nampula,Murrupula,Outros,N/A,1.0
2025,Janeiro,Nampula,Nacala-Velha,Homens,0 a 16,9.0
2025,Janeiro,Nampula,Nacala-Velha,Mulheres,0 a 16,14.0
2025,Janeiro,Nampula,Nacala-Velha,Homens,17 a 21,3119.0
2025,Janeiro,Nampula,Nacala-Velha,Mulheres,17 a 21,2773.0
2025,Janeiro,Nampula,Nacala-Velha,Homens,22 a 60,22725.0
2025,Janeiro,Nampula,Nacala-Velha,Mulheres,22 a 60,16495.0
2025,Janeiro,Nampula,Nacala-Velha,Homens,Mais de 60,1510.0
2025,Janeiro,Nampula,Nacala-Velha,Mulheres,Mais de 60,1305.0
2025,Janeiro,Nampula,Nacala-Velha,Outros,N/A,4.0
2025,Fevereiro,Nampula,Nacala-Velha,Homens,0 a 16,16.0
2025,Fevereiro,Nampula,Nacala-Velha,Mulheres,0 a 16,14.0
2025,Fevereiro,Nampula,Nacala-Velha,Homens,17 a 21,3147.0
2025,Fevereiro,Nampula,Nacala-Velha,Mulheres,17 a 21,2843.0
2025,Fevereiro,Nampula,Nacala-Velha,Homens,22 a 60,23095.0
2025,Fevereiro,Nampula,Nacala-Velha,Mulheres,22 a 60,16687.0
2025,Fevereiro,Nampula,Nacala-Velha,Homens,Mais de 60,1511.0
2025,Fevereiro,Nampula,Nacala-Velha,Mulheres,Mais de 60,1299.0
2025,Fevereiro,Nampula,Nacala-Velha,Outros,N/A,5.0
2025,Março,Nampula,Nacala-Velha,Homens,0 a 16,21.0
2025,Março,Nampula,Nacala-Velha,Mulheres,0 a 16,18.0
2025,Março,Nampula,Nacala-Velha,Homens,17 a 21,3097.0
2025,Março,Nampula,Nacala-Velha,Mulheres,17 a 21,2797.0
2025,Março,Nampula,Nacala-Velha,Homens,22 a 60,22500.0
2025,Março,Nampula,Nacala-Velha,Mulheres,22 a 60,16686.0
2025,Março,Nampula,Nacala-Velha,Homens,Mais de 60,1470.0
2025,Março,Nampula,Nacala-Velha,Mulheres,Mais de 60,1320.0
2025,Março,Nampula,Nacala-Velha,Outros,N/A,2.0
2025,Abril,Nampula,Nacala-Velha,Homens,0 a 16,37.0
2025,Abril,Nampula,Nacala-Velha,Mulheres,0 a 16,19.0
2025,Abril,Nampula,Nacala-Velha,Homens,17 a 21,3513.0
2025,Abril,Nampula,Nacala-Velha,Mulheres,17 a 21,3125.0
2025,Abril,Nampula,Nacala-Velha,Homens,22 a 60,25077.0
2025,Abril,Nampula,Nacala-Velha,Mulheres,22 a 60,18337.0
2025,Abril,Nampula,Nacala-Velha,Homens,Mais de 60,1584.0
2025,Abril,Nampula,Nacala-Velha,Mulheres,Mais de 60,1424.0
2025,Abril,Nampula,Nacala-Velha,Outros,N/A,3.0
2025,Maio,Nampula,Nacala-Velha,Homens,0 a 16,28.0
2025,Maio,Nampula,Nacala-Velha,Mulheres,0 a 16,13.0
2025,Maio,Nampula,Nacala-Velha,Homens,17 a 21,3419.0
2025,Maio,Nampula,Nacala-Velha,Mulheres,17 a 21,3087.0
2025,Maio,Nampula,Nacala-Velha,Homens,22 a 60,25068.0
2025,Maio,Nampula,Nacala-Velha,Mulheres,22 a 60,18647.0
2025,Maio,Nampula,Nacala-Velha,Homens,Mais de 60,1614.0
2025,Maio,Nampula,Nacala-Velha,Mulheres,Mais de 60,1468.0
2025,Maio,Nampula,Nacala-Velha,Outros,N/A,3.0
2025,Junho,Nampula,Nacala-Velha,Homens,0 a 16,17.0
2025,Junho,Nampula,Nacala-Velha,Mulheres,0 a 16,6.0
2025,Junho,Nampula,Nacala-Velha,Homens,17 a 21,2985.0
2025,Junho,Nampula,Nacala-Velha,Mulheres,17 a 21,2835.0
2025,Junho,Nampula,Nacala-Velha,Homens,22 a 60,22199.0
2025,Junho,Nampula,Nacala-Velha,Mulheres,22 a 60,16885.0
2025,Junho,Nampula,Nacala-Velha,Homens,Mais de 60,1372.0
2025,Junho,Nampula,Nacala-Velha,Mulheres,Mais de 60,1328.0
2025,Junho,Nampula,Nacala-Velha,Outros,N/A,3.0
2025,Julho,Nampula,Nacala-Velha,Homens,0 a 16,15.0
2025,Julho,Nampula,Nacala-Velha,Mulheres,0 a 16,11.0
2025,Julho,Nampula,Nacala-Velha,Homens,17 a 21,3091.0
2025,Julho,Nampula,Nacala-Velha,Mulheres,17 a 21,2905.0
2025,Julho,Nampula,Nacala-Velha,Homens,22 a 60,23295.0
2025,Julho,Nampula,Nacala-Velha,Mulheres,22 a 60,17858.0
2025,Julho,Nampula,Nacala-Velha,Homens,Mais de 60,1452.0
2025,Julho,Nampula,Nacala-Velha,Mulheres,Mais de 60,1379.0
2025,Julho,Nampula,Nacala-Velha,Outros,N/A,3.0
2025,Agosto,Nampula,Nacala-Velha,Homens,0 a 16,13.0
2025,Agosto,Nampula,Nacala-Velha,Mulheres,0 a 16,16.0
2025,Agosto,Nampula,Nacala-Velha,Homens,17 a 21,3240.0
2025,Agosto,Nampula,Nacala-Velha,Mulheres,17 a 21,3007.0
2025,Agosto,Nampula,Nacala-Velha,Homens,22 a 60,24229.0
2025,Agosto,Nampula,Nacala-Velha,Mulheres,22 a 60,18457.0
2025,Agosto,Nampula,Nacala-Velha,Homens,Mais de 60,1490.0
2025,Agosto,Nampula,Nacala-Velha,Mulheres,Mais de 60,1420.0
2025,Agosto,Nampula,Nacala-Velha,Outros,N/A,4.0
2025,Setembro,Nampula,Nacala-Velha,Homens,0 a 16,11.0
2025,Setembro,Nampula,Nacala-Velha,Mulheres,0 a 16,10.0
2025,Setembro,Nampula,Nacala-Velha,Homens,17 a 21,3222.0
2025,Setembro,Nampula,Nacala-Velha,Mulheres,17 a 21,3084.0
2025,Setembro,Nampula,Nacala-Velha,Homens,22 a 60,24705.0
2025,Setembro,Nampula,Nacala-Velha,Mulheres,22 a 60,18725.0
2025,Setembro,Nampula,Nacala-Velha,Homens,Mais de 60,1515.0
2025,Setembro,Nampula,Nacala-Velha,Mulheres,Mais de 60,1472.0
2025,Setembro,Nampula,Nacala-Velha,Outros,N/A,2.0
2025,Outubro,Nampula,Nacala-Velha,Homens,0 a 16,10.0
2025,Outubro,Nampula,Nacala-Velha,Mulheres,0 a 16,16.0
2025,Outubro,Nampula,Nacala-Velha,Homens,17 a 21,3230.0
2025,Outubro,Nampula,Nacala-Velha,Mulheres,17 a 21,3082.0
2025,Outubro,Nampula,Nacala-Velha,Homens,22 a 60,25023.0
2025,Outubro,Nampula,Nacala-Velha,Mulheres,22 a 60,19162.0
2025,Outubro,Nampula,Nacala-Velha,Homens,Mais de 60,1561.0
2025,Outubro,Nampula,Nacala-Velha,Mulheres,Mais de 60,1540.0
2025,Outubro,Nampula,Nacala-Velha,Outros,N/A,4.0
2025,Novembro,Nampula,Nacala-Velha,Homens,0 a 16,21.0
2025,Novembro,Nampula,Nacala-Velha,Mulheres,0 a 16,15.0
2025,Novembro,Nampula,Nacala-Velha,Homens,17 a 21,3475.0
2025,Novembro,Nampula,Nacala-Velha,Mulheres,17 a 21,3314.0
2025,Novembro,Nampula,Nacala-Velha,Homens,22 a 60,26003.0
2025,Novembro,Nampula,Nacala-Velha,Mulheres,22 a 60,20166.0
2025,Novembro,Nampula,Nacala-Velha,Homens,Mais de 60,1610.0
2025,Novembro,Nampula,Nacala-Velha,Mulheres,Mais de 60,1600.0
2025,Novembro,Nampula,Nacala-Velha,Outros,N/A,1.0
2025,Dezembro,Nampula,Nacala-Velha,Homens,0 a 16,26.0
2025,Dezembro,Nampula,Nacala-Velha,Mulheres,0 a 16,12.0
2025,Dezembro,Nampula,Nacala-Velha,Homens,17 a 21,3673.0
2025,Dezembro,Nampula,Nacala-Velha,Mulheres,17 a 21,3456.0
2025,Dezembro,Nampula,Nacala-Velha,Homens,22 a 60,27760.0
2025,Dezembro,Nampula,Nacala-Velha,Mulheres,22 a 60,20999.0
2025,Dezembro,Nampula,Nacala-Velha,Homens,Mais de 60,1795.0
2025,Dezembro,Nampula,Nacala-Velha,Mulheres,Mais de 60,1712.0
2025,Dezembro,Nampula,Nacala-Velha,Outros,N/A,0.0
2025,Janeiro,Nampula,Nacaroa,Homens,0 a 16,22.0
2025,Janeiro,Nampula,Nacaroa,Mulheres,0 a 16,14.0
2025,Janeiro,Nampula,Nacaroa,Homens,17 a 21,3862.0
2025,Janeiro,Nampula,Nacaroa,Mulheres,17 a 21,3427.0
2025,Janeiro,Nampula,Nacaroa,Homens,22 a 60,25567.0
2025,Janeiro,Nampula,Nacaroa,Mulheres,22 a 60,18651.0
2025,Janeiro,Nampula,Nacaroa,Homens,Mais de 60,1284.0
2025,Janeiro,Nampula,Nacaroa,Mulheres,Mais de 60,1368.0
2025,Janeiro,Nampula,Nacaroa,Outros,N/A,3.0
2025,Fevereiro,Nampula,Nacaroa,Homens,0 a 16,28.0
2025,Fevereiro,Nampula,Nacaroa,Mulheres,0 a 16,13.0
2025,Fevereiro,Nampula,Nacaroa,Homens,17 a 21,4011.0
2025,Fevereiro,Nampula,Nacaroa,Mulheres,17 a 21,3485.0
2025,Fevereiro,Nampula,Nacaroa,Homens,22 a 60,25648.0
2025,Fevereiro,Nampula,Nacaroa,Mulheres,22 a 60,18613.0
2025,Fevereiro,Nampula,Nacaroa,Homens,Mais de 60,1253.0
2025,Fevereiro,Nampula,Nacaroa,Mulheres,Mais de 60,1317.0
2025,Fevereiro,Nampula,Nacaroa,Outros,N/A,5.0
2025,Março,Nampula,Nacaroa,Homens,0 a 16,36.0
2025,Março,Nampula,Nacaroa,Mulheres,0 a 16,16.0
2025,Março,Nampula,Nacaroa,Homens,17 a 21,4107.0
2025,Março,Nampula,Nacaroa,Mulheres,17 a 21,3611.0
2025,Março,Nampula,Nacaroa,Homens,22 a 60,26893.0
2025,Março,Nampula,Nacaroa,Mulheres,22 a 60,19379.0
2025,Março,Nampula,Nacaroa,Homens,Mais de 60,1340.0
2025,Março,Nampula,Nacaroa,Mulheres,Mais de 60,1398.0
2025,Março,Nampula,Nacaroa,Outros,N/A,4.0
2025,Abril,Nampula,Nacaroa,Homens,0 a 16,41.0
2025,Abril,Nampula,Nacaroa,Mulheres,0 a 16,20.0
2025,Abril,Nampula,Nacaroa,Homens,17 a 21,4506.0
2025,Abril,Nampula,Nacaroa,Mulheres,17 a 21,4013.0
2025,Abril,Nampula,Nacaroa,Homens,22 a 60,28550.0
2025,Abril,Nampula,Nacaroa,Mulheres,22 a 60,20853.0
2025,Abril,Nampula,Nacaroa,Homens,Mais de 60,1410.0
2025,Abril,Nampula,Nacaroa,Mulheres,Mais de 60,1532.0
2025,Abril,Nampula,Nacaroa,Outros,N/A,5.0
2025,Maio,Nampula,Nacaroa,Homens,0 a 16,36.0
2025,Maio,Nampula,Nacaroa,Mulheres,0 a 16,14.0
2025,Maio,Nampula,Nacaroa,Homens,17 a 21,4585.0
2025,Maio,Nampula,Nacaroa,Mulheres,17 a 21,4017.0
2025,Maio,Nampula,Nacaroa,Homens,22 a 60,29549.0
2025,Maio,Nampula,Nacaroa,Mulheres,22 a 60,21710.0
2025,Maio,Nampula,Nacaroa,Homens,Mais de 60,1434.0
2025,Maio,Nampula,Nacaroa,Mulheres,Mais de 60,1608.0
2025,Maio,Nampula,Nacaroa,Outros,N/A,3.0
2025,Junho,Nampula,Nacaroa,Homens,0 a 16,26.0
2025,Junho,Nampula,Nacaroa,Mulheres,0 a 16,14.0
2025,Junho,Nampula,Nacaroa,Homens,17 a 21,4592.0
2025,Junho,Nampula,Nacaroa,Mulheres,17 a 21,4099.0
2025,Junho,Nampula,Nacaroa,Homens,22 a 60,30506.0
2025,Junho,Nampula,Nacaroa,Mulheres,22 a 60,22350.0
2025,Junho,Nampula,Nacaroa,Homens,Mais de 60,1452.0
2025,Junho,Nampula,Nacaroa,Mulheres,Mais de 60,1564.0
2025,Junho,Nampula,Nacaroa,Outros,N/A,1.0
2025,Julho,Nampula,Nacaroa,Homens,0 a 16,27.0
2025,Julho,Nampula,Nacaroa,Mulheres,0 a 16,11.0
2025,Julho,Nampula,Nacaroa,Homens,17 a 21,4623.0
2025,Julho,Nampula,Nacaroa,Mulheres,17 a 21,4156.0
2025,Julho,Nampula,Nacaroa,Homens,22 a 60,31086.0
2025,Julho,Nampula,Nacaroa,Mulheres,22 a 60,22877.0
2025,Julho,Nampula,Nacaroa,Homens,Mais de 60,1431.0
2025,Julho,Nampula,Nacaroa,Mulheres,Mais de 60,1577.0
2025,Julho,Nampula,Nacaroa,Outros,N/A,5.0
2025,Agosto,Nampula,Nacaroa,Homens,0 a 16,23.0
2025,Agosto,Nampula,Nacaroa,Mulheres,0 a 16,12.0
2025,Agosto,Nampula,Nacaroa,Homens,17 a 21,4604.0
2025,Agosto,Nampula,Nacaroa,Mulheres,17 a 21,4179.0
2025,Agosto,Nampula,Nacaroa,Homens,22 a 60,31435.0
2025,Agosto,Nampula,Nacaroa,Mulheres,22 a 60,22758.0
2025,Agosto,Nampula,Nacaroa,Homens,Mais de 60,1412.0
2025,Agosto,Nampula,Nacaroa,Mulheres,Mais de 60,1529.0
2025,Agosto,Nampula,Nacaroa,Outros,N/A,5.0
2025,Setembro,Nampula,Nacaroa,Homens,0 a 16,20.0
2025,Setembro,Nampula,Nacaroa,Mulheres,0 a 16,9.0
2025,Setembro,Nampula,Nacaroa,Homens,17 a 21,4681.0
2025,Setembro,Nampula,Nacaroa,Mulheres,17 a 21,4183.0
2025,Setembro,Nampula,Nacaroa,Homens,22 a 60,31729.0
2025,Setembro,Nampula,Nacaroa,Mulheres,22 a 60,23051.0
2025,Setembro,Nampula,Nacaroa,Homens,Mais de 60,1439.0
2025,Setembro,Nampula,Nacaroa,Mulheres,Mais de 60,1571.0
2025,Setembro,Nampula,Nacaroa,Outros,N/A,5.0
2025,Outubro,Nampula,Nacaroa,Homens,0 a 16,25.0
2025,Outubro,Nampula,Nacaroa,Mulheres,0 a 16,9.0
2025,Outubro,Nampula,Nacaroa,Homens,17 a 21,4931.0
2025,Outubro,Nampula,Nacaroa,Mulheres,17 a 21,4301.0
2025,Outubro,Nampula,Nacaroa,Homens,22 a 60,32504.0
2025,Outubro,Nampula,Nacaroa,Mulheres,22 a 60,23620.0
2025,Outubro,Nampula,Nacaroa,Homens,Mais de 60,1464.0
2025,Outubro,Nampula,Nacaroa,Mulheres,Mais de 60,1593.0
2025,Outubro,Nampula,Nacaroa,Outros,N/A,5.0
2025,Novembro,Nampula,Nacaroa,Homens,0 a 16,25.0
2025,Novembro,Nampula,Nacaroa,Mulheres,0 a 16,15.0
2025,Novembro,Nampula,Nacaroa,Homens,17 a 21,5163.0
2025,Novembro,Nampula,Nacaroa,Mulheres,17 a 21,4582.0
2025,Novembro,Nampula,Nacaroa,Homens,22 a 60,33918.0
2025,Novembro,Nampula,Nacaroa,Mulheres,22 a 60,25282.0
2025,Novembro,Nampula,Nacaroa,Homens,Mais de 60,1544.0
2025,Novembro,Nampula,Nacaroa,Mulheres,Mais de 60,1665.0
2025,Novembro,Nampula,Nacaroa,Outros,N/A,0.0
2025,Dezembro,Nampula,Nacaroa,Homens,0 a 16,18.0
2025,Dezembro,Nampula,Nacaroa,Mulheres,0 a 16,16.0
2025,Dezembro,Nampula,Nacaroa,Homens,17 a 21,5279.0
2025,Dezembro,Nampula,Nacaroa,Mulheres,17 a 21,4658.0
2025,Dezembro,Nampula,Nacaroa,Homens,22 a 60,35151.0
2025,Dezembro,Nampula,Nacaroa,Mulheres,22 a 60,25307.0
2025,Dezembro,Nampula,Nacaroa,Homens,Mais de 60,1608.0
2025,Dezembro,Nampula,Nacaroa,Mulheres,Mais de 60,1666.0
2025,Dezembro,Nampula,Nacaroa,Outros,N/A,0.0
2025,Janeiro,Nampula,Namapa-Erati,Homens,0 a 16,49.0
2025,Janeiro,Nampula,Namapa-Erati,Mulheres,0 a 16,48.0
2025,Janeiro,Nampula,Namapa-Erati,Homens,17 a 21,6922.0
2025,Janeiro,Nampula,Namapa-Erati,Mulheres,17 a 21,5836.0
2025,Janeiro,Nampula,Namapa-Erati,Homens,22 a 60,45076.0
2025,Janeiro,Nampula,Namapa-Erati,Mulheres,22 a 60,30743.0
2025,Janeiro,Nampula,Namapa-Erati,Homens,Mais de 60,2531.0
2025,Janeiro,Nampula,Namapa-Erati,Mulheres,Mais de 60,2332.0
2025,Janeiro,Nampula,Namapa-Erati,Outros,N/A,12.0
2025,Fevereiro,Nampula,Namapa-Erati,Homens,0 a 16,54.0
2025,Fevereiro,Nampula,Namapa-Erati,Mulheres,0 a 16,52.0
2025,Fevereiro,Nampula,Namapa-Erati,Homens,17 a 21,7165.0
2025,Fevereiro,Nampula,Namapa-Erati,Mulheres,17 a 21,5972.0
2025,Fevereiro,Nampula,Namapa-Erati,Homens,22 a 60,46152.0
2025,Fevereiro,Nampula,Namapa-Erati,Mulheres,22 a 60,31837.0
2025,Fevereiro,Nampula,Namapa-Erati,Homens,Mais de 60,2595.0
2025,Fevereiro,Nampula,Namapa-Erati,Mulheres,Mais de 60,2357.0
2025,Fevereiro,Nampula,Namapa-Erati,Outros,N/A,12.0
2025,Março,Nampula,Namapa-Erati,Homens,0 a 16,57.0
2025,Março,Nampula,Namapa-Erati,Mulheres,0 a 16,45.0
2025,Março,Nampula,Namapa-Erati,Homens,17 a 21,7542.0
2025,Março,Nampula,Namapa-Erati,Mulheres,17 a 21,6326.0
2025,Março,Nampula,Namapa-Erati,Homens,22 a 60,48875.0
2025,Março,Nampula,Namapa-Erati,Mulheres,22 a 60,33863.0
2025,Março,Nampula,Namapa-Erati,Homens,Mais de 60,2695.0
2025,Março,Nampula,Namapa-Erati,Mulheres,Mais de 60,2422.0
2025,Março,Nampula,Namapa-Erati,Outros,N/A,12.0
2025,Abril,Nampula,Namapa-Erati,Homens,0 a 16,70.0
2025,Abril,Nampula,Namapa-Erati,Mulheres,0 a 16,57.0
2025,Abril,Nampula,Namapa-Erati,Homens,17 a 21,8062.0
2025,Abril,Nampula,Namapa-Erati,Mulheres,17 a 21,6808.0
2025,Abril,Nampula,Namapa-Erati,Homens,22 a 60,52496.0
2025,Abril,Nampula,Namapa-Erati,Mulheres,22 a 60,36551.0
2025,Abril,Nampula,Namapa-Erati,Homens,Mais de 60,2844.0
2025,Abril,Nampula,Namapa-Erati,Mulheres,Mais de 60,2613.0
2025,Abril,Nampula,Namapa-Erati,Outros,N/A,10.0
2025,Maio,Nampula,Namapa-Erati,Homens,0 a 16,60.0
2025,Maio,Nampula,Namapa-Erati,Mulheres,0 a 16,42.0
2025,Maio,Nampula,Namapa-Erati,Homens,17 a 21,7959.0
2025,Maio,Nampula,Namapa-Erati,Mulheres,17 a 21,6878.0
2025,Maio,Nampula,Namapa-Erati,Homens,22 a 60,53708.0
2025,Maio,Nampula,Namapa-Erati,Mulheres,22 a 60,36983.0
2025,Maio,Nampula,Namapa-Erati,Homens,Mais de 60,2939.0
2025,Maio,Nampula,Namapa-Erati,Mulheres,Mais de 60,2683.0
2025,Maio,Nampula,Namapa-Erati,Outros,N/A,10.0
2025,Junho,Nampula,Namapa-Erati,Homens,0 a 16,51.0
2025,Junho,Nampula,Namapa-Erati,Mulheres,0 a 16,27.0
2025,Junho,Nampula,Namapa-Erati,Homens,17 a 21,7669.0
2025,Junho,Nampula,Namapa-Erati,Mulheres,17 a 21,6663.0
2025,Junho,Nampula,Namapa-Erati,Homens,22 a 60,52852.0
2025,Junho,Nampula,Namapa-Erati,Mulheres,22 a 60,37477.0
2025,Junho,Nampula,Namapa-Erati,Homens,Mais de 60,2854.0
2025,Junho,Nampula,Namapa-Erati,Mulheres,Mais de 60,2721.0
2025,Junho,Nampula,Namapa-Erati,Outros,N/A,7.0
2025,Julho,Nampula,Namapa-Erati,Homens,0 a 16,38.0
2025,Julho,Nampula,Namapa-Erati,Mulheres,0 a 16,24.0
2025,Julho,Nampula,Namapa-Erati,Homens,17 a 21,7681.0
2025,Julho,Nampula,Namapa-Erati,Mulheres,17 a 21,6799.0
2025,Julho,Nampula,Namapa-Erati,Homens,22 a 60,54389.0
2025,Julho,Nampula,Namapa-Erati,Mulheres,22 a 60,38900.0
2025,Julho,Nampula,Namapa-Erati,Homens,Mais de 60,2920.0
2025,Julho,Nampula,Namapa-Erati,Mulheres,Mais de 60,2882.0
2025,Julho,Nampula,Namapa-Erati,Outros,N/A,14.0
2025,Agosto,Nampula,Namapa-Erati,Homens,0 a 16,44.0
2025,Agosto,Nampula,Namapa-Erati,Mulheres,0 a 16,17.0
2025,Agosto,Nampula,Namapa-Erati,Homens,17 a 21,8120.0
2025,Agosto,Nampula,Namapa-Erati,Mulheres,17 a 21,7170.0
2025,Agosto,Nampula,Namapa-Erati,Homens,22 a 60,57468.0
2025,Agosto,Nampula,Namapa-Erati,Mulheres,22 a 60,41221.0
2025,Agosto,Nampula,Namapa-Erati,Homens,Mais de 60,3049.0
2025,Agosto,Nampula,Namapa-Erati,Mulheres,Mais de 60,3025.0
2025,Agosto,Nampula,Namapa-Erati,Outros,N/A,15.0
2025,Setembro,Nampula,Namapa-Erati,Homens,0 a 16,35.0
2025,Setembro,Nampula,Namapa-Erati,Mulheres,0 a 16,21.0
2025,Setembro,Nampula,Namapa-Erati,Homens,17 a 21,8246.0
2025,Setembro,Nampula,Namapa-Erati,Mulheres,17 a 21,7236.0
2025,Setembro,Nampula,Namapa-Erati,Homens,22 a 60,59643.0
2025,Setembro,Nampula,Namapa-Erati,Mulheres,22 a 60,42914.0
2025,Setembro,Nampula,Namapa-Erati,Homens,Mais de 60,3100.0
2025,Setembro,Nampula,Namapa-Erati,Mulheres,Mais de 60,3207.0
2025,Setembro,Nampula,Namapa-Erati,Outros,N/A,13.0
2025,Outubro,Nampula,Namapa-Erati,Homens,0 a 16,38.0
2025,Outubro,Nampula,Namapa-Erati,Mulheres,0 a 16,25.0
2025,Outubro,Nampula,Namapa-Erati,Homens,17 a 21,8591.0
2025,Outubro,Nampula,Namapa-Erati,Mulheres,17 a 21,7560.0
2025,Outubro,Nampula,Namapa-Erati,Homens,22 a 60,62367.0
2025,Outubro,Nampula,Namapa-Erati,Mulheres,22 a 60,44517.0
2025,Outubro,Nampula,Namapa-Erati,Homens,Mais de 60,3303.0
2025,Outubro,Nampula,Namapa-Erati,Mulheres,Mais de 60,3344.0
2025,Outubro,Nampula,Namapa-Erati,Outros,N/A,14.0
2025,Novembro,Nampula,Namapa-Erati,Homens,0 a 16,30.0
2025,Novembro,Nampula,Namapa-Erati,Mulheres,0 a 16,18.0
2025,Novembro,Nampula,Namapa-Erati,Homens,17 a 21,9144.0
2025,Novembro,Nampula,Namapa-Erati,Mulheres,17 a 21,7964.0
2025,Novembro,Nampula,Namapa-Erati,Homens,22 a 60,65481.0
2025,Novembro,Nampula,Namapa-Erati,Mulheres,22 a 60,47886.0
2025,Novembro,Nampula,Namapa-Erati,Homens,Mais de 60,3447.0
2025,Novembro,Nampula,Namapa-Erati,Mulheres,Mais de 60,3452.0
2025,Novembro,Nampula,Namapa-Erati,Outros,N/A,8.0
2025,Dezembro,Nampula,Namapa-Erati,Homens,0 a 16,26.0
2025,Dezembro,Nampula,Namapa-Erati,Mulheres,0 a 16,18.0
2025,Dezembro,Nampula,Namapa-Erati,Homens,17 a 21,9152.0
2025,Dezembro,Nampula,Namapa-Erati,Mulheres,17 a 21,7976.0
2025,Dezembro,Nampula,Namapa-Erati,Homens,22 a 60,67030.0
2025,Dezembro,Nampula,Namapa-Erati,Mulheres,22 a 60,47773.0
2025,Dezembro,Nampula,Namapa-Erati,Homens,Mais de 60,3422.0
2025,Dezembro,Nampula,Namapa-Erati,Mulheres,Mais de 60,3445.0
2025,Dezembro,Nampula,Namapa-Erati,Outros,N/A,7.0
2025,Janeiro,Nampula,Rapale-Nampula,Homens,0 a 16,42.0
2025,Janeiro,Nampula,Rapale-Nampula,Mulheres,0 a 16,32.0
2025,Janeiro,Nampula,Rapale-Nampula,Homens,17 a 21,9222.0
2025,Janeiro,Nampula,Rapale-Nampula,Mulheres,17 a 21,8356.0
2025,Janeiro,Nampula,Rapale-Nampula,Homens,22 a 60,53794.0
2025,Janeiro,Nampula,Rapale-Nampula,Mulheres,22 a 60,38101.0
2025,Janeiro,Nampula,Rapale-Nampula,Homens,Mais de 60,2465.0
2025,Janeiro,Nampula,Rapale-Nampula,Mulheres,Mais de 60,2006.0
2025,Janeiro,Nampula,Rapale-Nampula,Outros,N/A,7.0
2025,Fevereiro,Nampula,Rapale-Nampula,Homens,0 a 16,50.0
2025,Fevereiro,Nampula,Rapale-Nampula,Mulheres,0 a 16,36.0
2025,Fevereiro,Nampula,Rapale-Nampula,Homens,17 a 21,9451.0
2025,Fevereiro,Nampula,Rapale-Nampula,Mulheres,17 a 21,8704.0
2025,Fevereiro,Nampula,Rapale-Nampula,Homens,22 a 60,52585.0
2025,Fevereiro,Nampula,Rapale-Nampula,Mulheres,22 a 60,38765.0
2025,Fevereiro,Nampula,Rapale-Nampula,Homens,Mais de 60,2426.0
2025,Fevereiro,Nampula,Rapale-Nampula,Mulheres,Mais de 60,2062.0
2025,Fevereiro,Nampula,Rapale-Nampula,Outros,N/A,5.0
2025,Março,Nampula,Rapale-Nampula,Homens,0 a 16,65.0
2025,Março,Nampula,Rapale-Nampula,Mulheres,0 a 16,39.0
2025,Março,Nampula,Rapale-Nampula,Homens,17 a 21,9574.0
2025,Março,Nampula,Rapale-Nampula,Mulheres,17 a 21,9123.0
2025,Março,Nampula,Rapale-Nampula,Homens,22 a 60,56376.0
2025,Março,Nampula,Rapale-Nampula,Mulheres,22 a 60,40905.0
2025,Março,Nampula,Rapale-Nampula,Homens,Mais de 60,2609.0
2025,Março,Nampula,Rapale-Nampula,Mulheres,Mais de 60,2222.0
2025,Março,Nampula,Rapale-Nampula,Outros,N/A,8.0
2025,Abril,Nampula,Rapale-Nampula,Homens,0 a 16,75.0
2025,Abril,Nampula,Rapale-Nampula,Mulheres,0 a 16,59.0
2025,Abril,Nampula,Rapale-Nampula,Homens,17 a 21,10441.0
2025,Abril,Nampula,Rapale-Nampula,Mulheres,17 a 21,10160.0
2025,Abril,Nampula,Rapale-Nampula,Homens,22 a 60,61253.0
2025,Abril,Nampula,Rapale-Nampula,Mulheres,22 a 60,44821.0
2025,Abril,Nampula,Rapale-Nampula,Homens,Mais de 60,2817.0
2025,Abril,Nampula,Rapale-Nampula,Mulheres,Mais de 60,2428.0
2025,Abril,Nampula,Rapale-Nampula,Outros,N/A,6.0
2025,Maio,Nampula,Rapale-Nampula,Homens,0 a 16,55.0
2025,Maio,Nampula,Rapale-Nampula,Mulheres,0 a 16,41.0
2025,Maio,Nampula,Rapale-Nampula,Homens,17 a 21,10425.0
2025,Maio,Nampula,Rapale-Nampula,Mulheres,17 a 21,10424.0
2025,Maio,Nampula,Rapale-Nampula,Homens,22 a 60,63139.0
2025,Maio,Nampula,Rapale-Nampula,Mulheres,22 a 60,46245.0
2025,Maio,Nampula,Rapale-Nampula,Homens,Mais de 60,2861.0
2025,Maio,Nampula,Rapale-Nampula,Mulheres,Mais de 60,2462.0
2025,Maio,Nampula,Rapale-Nampula,Outros,N/A,8.0
2025,Junho,Nampula,Rapale-Nampula,Homens,0 a 16,44.0
2025,Junho,Nampula,Rapale-Nampula,Mulheres,0 a 16,26.0
2025,Junho,Nampula,Rapale-Nampula,Homens,17 a 21,9925.0
2025,Junho,Nampula,Rapale-Nampula,Mulheres,17 a 21,10415.0
2025,Junho,Nampula,Rapale-Nampula,Homens,22 a 60,61466.0
2025,Junho,Nampula,Rapale-Nampula,Mulheres,22 a 60,46661.0
2025,Junho,Nampula,Rapale-Nampula,Homens,Mais de 60,2582.0
2025,Junho,Nampula,Rapale-Nampula,Mulheres,Mais de 60,2382.0
2025,Junho,Nampula,Rapale-Nampula,Outros,N/A,7.0
2025,Julho,Nampula,Rapale-Nampula,Homens,0 a 16,50.0
2025,Julho,Nampula,Rapale-Nampula,Mulheres,0 a 16,21.0
2025,Julho,Nampula,Rapale-Nampula,Homens,17 a 21,9702.0
2025,Julho,Nampula,Rapale-Nampula,Mulheres,17 a 21,10398.0
2025,Julho,Nampula,Rapale-Nampula,Homens,22 a 60,61575.0
2025,Julho,Nampula,Rapale-Nampula,Mulheres,22 a 60,47007.0
2025,Julho,Nampula,Rapale-Nampula,Homens,Mais de 60,2617.0
2025,Julho,Nampula,Rapale-Nampula,Mulheres,Mais de 60,2415.0
2025,Julho,Nampula,Rapale-Nampula,Outros,N/A,6.0
2025,Agosto,Nampula,Rapale-Nampula,Homens,0 a 16,41.0
2025,Agosto,Nampula,Rapale-Nampula,Mulheres,0 a 16,18.0
2025,Agosto,Nampula,Rapale-Nampula,Homens,17 a 21,9912.0
2025,Agosto,Nampula,Rapale-Nampula,Mulheres,17 a 21,10516.0
2025,Agosto,Nampula,Rapale-Nampula,Homens,22 a 60,63863.0
2025,Agosto,Nampula,Rapale-Nampula,Mulheres,22 a 60,48708.0
2025,Agosto,Nampula,Rapale-Nampula,Homens,Mais de 60,2722.0
2025,Agosto,Nampula,Rapale-Nampula,Mulheres,Mais de 60,2518.0
2025,Agosto,Nampula,Rapale-Nampula,Outros,N/A,8.0
2025,Setembro,Nampula,Rapale-Nampula,Homens,0 a 16,44.0
2025,Setembro,Nampula,Rapale-Nampula,Mulheres,0 a 16,22.0
2025,Setembro,Nampula,Rapale-Nampula,Homens,17 a 21,10542.0
2025,Setembro,Nampula,Rapale-Nampula,Mulheres,17 a 21,11268.0
2025,Setembro,Nampula,Rapale-Nampula,Homens,22 a 60,68118.0
2025,Setembro,Nampula,Rapale-Nampula,Mulheres,22 a 60,52584.0
2025,Setembro,Nampula,Rapale-Nampula,Homens,Mais de 60,2816.0
2025,Setembro,Nampula,Rapale-Nampula,Mulheres,Mais de 60,2701.0
2025,Setembro,Nampula,Rapale-Nampula,Outros,N/A,8.0
2025,Outubro,Nampula,Rapale-Nampula,Homens,0 a 16,36.0
2025,Outubro,Nampula,Rapale-Nampula,Mulheres,0 a 16,25.0
2025,Outubro,Nampula,Rapale-Nampula,Homens,17 a 21,11176.0
2025,Outubro,Nampula,Rapale-Nampula,Mulheres,17 a 21,11976.0
2025,Outubro,Nampula,Rapale-Nampula,Homens,22 a 60,71889.0
2025,Outubro,Nampula,Rapale-Nampula,Mulheres,22 a 60,56059.0
2025,Outubro,Nampula,Rapale-Nampula,Homens,Mais de 60,2951.0
2025,Outubro,Nampula,Rapale-Nampula,Mulheres,Mais de 60,2967.0
2025,Outubro,Nampula,Rapale-Nampula,Outros,N/A,6.0
2025,Novembro,Nampula,Rapale-Nampula,Homens,0 a 16,42.0
2025,Novembro,Nampula,Rapale-Nampula,Mulheres,0 a 16,25.0
2025,Novembro,Nampula,Rapale-Nampula,Homens,17 a 21,11654.0
2025,Novembro,Nampula,Rapale-Nampula,Mulheres,17 a 21,12665.0
2025,Novembro,Nampula,Rapale-Nampula,Homens,22 a 60,74376.0
2025,Novembro,Nampula,Rapale-Nampula,Mulheres,22 a 60,58961.0
2025,Novembro,Nampula,Rapale-Nampula,Homens,Mais de 60,3141.0
2025,Novembro,Nampula,Rapale-Nampula,Mulheres,Mais de 60,3166.0
2025,Novembro,Nampula,Rapale-Nampula,Outros,N/A,3.0
2025,Dezembro,Nampula,Rapale-Nampula,Homens,0 a 16,46.0
2025,Dezembro,Nampula,Rapale-Nampula,Mulheres,0 a 16,25.0
2025,Dezembro,Nampula,Rapale-Nampula,Homens,17 a 21,11960.0
2025,Dezembro,Nampula,Rapale-Nampula,Mulheres,17 a 21,13123.0
2025,Dezembro,Nampula,Rapale-Nampula,Homens,22 a 60,77469.0
2025,Dezembro,Nampula,Rapale-Nampula,Mulheres,22 a 60,60575.0
2025,Dezembro,Nampula,Rapale-Nampula,Homens,Mais de 60,3321.0
2025,Dezembro,Nampula,Rapale-Nampula,Mulheres,Mais de 60,3266.0
2025,Dezembro,Nampula,Rapale-Nampula,Outros,N/A,3.0
2025,Janeiro,Nampula,Ribaué,Homens,0 a 16,111.0
2025,Janeiro,Nampula,Ribaué,Mulheres,0 a 16,77.0
2025,Janeiro,Nampula,Ribaué,Homens,17 a 21,12191.0
2025,Janeiro,Nampula,Ribaué,Mulheres,17 a 21,9390.0
2025,Janeiro,Nampula,Ribaué,Homens,22 a 60,53667.0
2025,Janeiro,Nampula,Ribaué,Mulheres,22 a 60,37826.0
2025,Janeiro,Nampula,Ribaué,Homens,Mais de 60,2576.0
2025,Janeiro,Nampula,Ribaué,Mulheres,Mais de 60,2169.0
2025,Janeiro,Nampula,Ribaué,Outros,N/A,22.0
2025,Fevereiro,Nampula,Ribaué,Homens,0 a 16,145.0
2025,Fevereiro,Nampula,Ribaué,Mulheres,0 a 16,86.0
2025,Fevereiro,Nampula,Ribaué,Homens,17 a 21,12500.0
2025,Fevereiro,Nampula,Ribaué,Mulheres,17 a 21,9682.0
2025,Fevereiro,Nampula,Ribaué,Homens,22 a 60,54505.0
2025,Fevereiro,Nampula,Ribaué,Mulheres,22 a 60,38514.0
2025,Fevereiro,Nampula,Ribaué,Homens,Mais de 60,2620.0
2025,Fevereiro,Nampula,Ribaué,Mulheres,Mais de 60,2219.0
2025,Fevereiro,Nampula,Ribaué,Outros,N/A,21.0
2025,Março,Nampula,Ribaué,Homens,0 a 16,141.0
2025,Março,Nampula,Ribaué,Mulheres,0 a 16,80.0
2025,Março,Nampula,Ribaué,Homens,17 a 21,12648.0
2025,Março,Nampula,Ribaué,Mulheres,17 a 21,9841.0
2025,Março,Nampula,Ribaué,Homens,22 a 60,55884.0
2025,Março,Nampula,Ribaué,Mulheres,22 a 60,39958.0
2025,Março,Nampula,Ribaué,Homens,Mais de 60,2753.0
2025,Março,Nampula,Ribaué,Mulheres,Mais de 60,2290.0
2025,Março,Nampula,Ribaué,Outros,N/A,19.0
2025,Abril,Nampula,Ribaué,Homens,0 a 16,163.0
2025,Abril,Nampula,Ribaué,Mulheres,0 a 16,99.0
2025,Abril,Nampula,Ribaué,Homens,17 a 21,13474.0
2025,Abril,Nampula,Ribaué,Mulheres,17 a 21,10635.0
2025,Abril,Nampula,Ribaué,Homens,22 a 60,60303.0
2025,Abril,Nampula,Ribaué,Mulheres,22 a 60,43835.0
2025,Abril,Nampula,Ribaué,Homens,Mais de 60,2913.0
2025,Abril,Nampula,Ribaué,Mulheres,Mais de 60,2542.0
2025,Abril,Nampula,Ribaué,Outros,N/A,19.0
2025,Maio,Nampula,Ribaué,Homens,0 a 16,136.0
2025,Maio,Nampula,Ribaué,Mulheres,0 a 16,79.0
2025,Maio,Nampula,Ribaué,Homens,17 a 21,12725.0
2025,Maio,Nampula,Ribaué,Mulheres,17 a 21,10442.0
2025,Maio,Nampula,Ribaué,Homens,22 a 60,59938.0
2025,Maio,Nampula,Ribaué,Mulheres,22 a 60,43940.0
2025,Maio,Nampula,Ribaué,Homens,Mais de 60,2833.0
2025,Maio,Nampula,Ribaué,Mulheres,Mais de 60,2497.0
2025,Maio,Nampula,Ribaué,Outros,N/A,19.0
2025,Junho,Nampula,Ribaué,Homens,0 a 16,115.0
2025,Junho,Nampula,Ribaué,Mulheres,0 a 16,71.0
2025,Junho,Nampula,Ribaué,Homens,17 a 21,11684.0
2025,Junho,Nampula,Ribaué,Mulheres,17 a 21,9817.0
2025,Junho,Nampula,Ribaué,Homens,22 a 60,56766.0
2025,Junho,Nampula,Ribaué,Mulheres,22 a 60,41705.0
2025,Junho,Nampula,Ribaué,Homens,Mais de 60,2624.0
2025,Junho,Nampula,Ribaué,Mulheres,Mais de 60,2334.0
2025,Junho,Nampula,Ribaué,Outros,N/A,16.0
2025,Julho,Nampula,Ribaué,Homens,0 a 16,101.0
2025,Julho,Nampula,Ribaué,Mulheres,0 a 16,51.0
2025,Julho,Nampula,Ribaué,Homens,17 a 21,10746.0
2025,Julho,Nampula,Ribaué,Mulheres,17 a 21,9299.0
2025,Julho,Nampula,Ribaué,Homens,22 a 60,54637.0
2025,Julho,Nampula,Ribaué,Mulheres,22 a 60,39958.0
2025,Julho,Nampula,Ribaué,Homens,Mais de 60,2410.0
2025,Julho,Nampula,Ribaué,Mulheres,Mais de 60,2191.0
2025,Julho,Nampula,Ribaué,Outros,N/A,18.0
2025,Agosto,Nampula,Ribaué,Homens,0 a 16,82.0
2025,Agosto,Nampula,Ribaué,Mulheres,0 a 16,48.0
2025,Agosto,Nampula,Ribaué,Homens,17 a 21,11144.0
2025,Agosto,Nampula,Ribaué,Mulheres,17 a 21,9769.0
2025,Agosto,Nampula,Ribaué,Homens,22 a 60,57248.0
2025,Agosto,Nampula,Ribaué,Mulheres,22 a 60,42162.0
2025,Agosto,Nampula,Ribaué,Homens,Mais de 60,2502.0
2025,Agosto,Nampula,Ribaué,Mulheres,Mais de 60,2283.0
2025,Agosto,Nampula,Ribaué,Outros,N/A,20.0
2025,Setembro,Nampula,Ribaué,Homens,0 a 16,89.0
2025,Setembro,Nampula,Ribaué,Mulheres,0 a 16,48.0
2025,Setembro,Nampula,Ribaué,Homens,17 a 21,11477.0
2025,Setembro,Nampula,Ribaué,Mulheres,17 a 21,10193.0
2025,Setembro,Nampula,Ribaué,Homens,22 a 60,59720.0
2025,Setembro,Nampula,Ribaué,Mulheres,22 a 60,44766.0
2025,Setembro,Nampula,Ribaué,Homens,Mais de 60,2592.0
2025,Setembro,Nampula,Ribaué,Mulheres,Mais de 60,2379.0
2025,Setembro,Nampula,Ribaué,Outros,N/A,19.0
2025,Outubro,Nampula,Ribaué,Homens,0 a 16,96.0
2025,Outubro,Nampula,Ribaué,Mulheres,0 a 16,54.0
2025,Outubro,Nampula,Ribaué,Homens,17 a 21,11910.0
2025,Outubro,Nampula,Ribaué,Mulheres,17 a 21,10612.0
2025,Outubro,Nampula,Ribaué,Homens,22 a 60,63129.0
2025,Outubro,Nampula,Ribaué,Mulheres,22 a 60,46597.0
2025,Outubro,Nampula,Ribaué,Homens,Mais de 60,2705.0
2025,Outubro,Nampula,Ribaué,Mulheres,Mais de 60,2542.0
2025,Outubro,Nampula,Ribaué,Outros,N/A,18.0
2025,Novembro,Nampula,Ribaué,Homens,0 a 16,87.0
2025,Novembro,Nampula,Ribaué,Mulheres,0 a 16,52.0
2025,Novembro,Nampula,Ribaué,Homens,17 a 21,12012.0
2025,Novembro,Nampula,Ribaué,Mulheres,17 a 21,10633.0
2025,Novembro,Nampula,Ribaué,Homens,22 a 60,62945.0
2025,Novembro,Nampula,Ribaué,Mulheres,22 a 60,47231.0
2025,Novembro,Nampula,Ribaué,Homens,Mais de 60,2692.0
2025,Novembro,Nampula,Ribaué,Mulheres,Mais de 60,2553.0
2025,Novembro,Nampula,Ribaué,Outros,N/A,7.0
2025,Dezembro,Nampula,Ribaué,Homens,0 a 16,74.0
2025,Dezembro,Nampula,Ribaué,Mulheres,0 a 16,57.0
2025,Dezembro,Nampula,Ribaué,Homens,17 a 21,12161.0
2025,Dezembro,Nampula,Ribaué,Mulheres,17 a 21,10835.0
2025,Dezembro,Nampula,Ribaué,Homens,22 a 60,64916.0
2025,Dezembro,Nampula,Ribaué,Mulheres,22 a 60,47442.0
2025,Dezembro,Nampula,Ribaué,Homens,Mais de 60,2826.0
2025,Dezembro,Nampula,Ribaué,Mulheres,Mais de 60,2639.0
2025,Dezembro,Nampula,Ribaué,Outros,N/A,7.0
2025,Janeiro,Nampula,Liupo,Homens,0 a 16,7.0
2025,Janeiro,Nampula,Liupo,Mulheres,0 a 16,1.0
2025,Janeiro,Nampula,Liupo,Homens,17 a 21,846.0
2025,Janeiro,Nampula,Liupo,Mulheres,17 a 21,537.0
2025,Janeiro,Nampula,Liupo,Homens,22 a 60,4141.0
2025,Janeiro,Nampula,Liupo,Mulheres,22 a 60,2783.0
2025,Janeiro,Nampula,Liupo,Homens,Mais de 60,314.0
2025,Janeiro,Nampula,Liupo,Mulheres,Mais de 60,150.0
2025,Janeiro,Nampula,Liupo,Outros,N/A,1.0
2025,Fevereiro,Nampula,Liupo,Homens,0 a 16,8.0
2025,Fevereiro,Nampula,Liupo,Mulheres,0 a 16,4.0
2025,Fevereiro,Nampula,Liupo,Homens,17 a 21,909.0
2025,Fevereiro,Nampula,Liupo,Mulheres,17 a 21,597.0
2025,Fevereiro,Nampula,Liupo,Homens,22 a 60,4434.0
2025,Fevereiro,Nampula,Liupo,Mulheres,22 a 60,3094.0
2025,Fevereiro,Nampula,Liupo,Homens,Mais de 60,334.0
2025,Fevereiro,Nampula,Liupo,Mulheres,Mais de 60,177.0
2025,Fevereiro,Nampula,Liupo,Outros,N/A,1.0
2025,Março,Nampula,Liupo,Homens,0 a 16,8.0
2025,Março,Nampula,Liupo,Mulheres,0 a 16,2.0
2025,Março,Nampula,Liupo,Homens,17 a 21,800.0
2025,Março,Nampula,Liupo,Mulheres,17 a 21,550.0
2025,Março,Nampula,Liupo,Homens,22 a 60,4261.0
2025,Março,Nampula,Liupo,Mulheres,22 a 60,2909.0
2025,Março,Nampula,Liupo,Homens,Mais de 60,315.0
2025,Março,Nampula,Liupo,Mulheres,Mais de 60,154.0
2025,Março,Nampula,Liupo,Outros,N/A,1.0
2025,Abril,Nampula,Liupo,Homens,0 a 16,10.0
2025,Abril,Nampula,Liupo,Mulheres,0 a 16,5.0
2025,Abril,Nampula,Liupo,Homens,17 a 21,869.0
2025,Abril,Nampula,Liupo,Mulheres,17 a 21,561.0
2025,Abril,Nampula,Liupo,Homens,22 a 60,4499.0
2025,Abril,Nampula,Liupo,Mulheres,22 a 60,3121.0
2025,Abril,Nampula,Liupo,Homens,Mais de 60,369.0
2025,Abril,Nampula,Liupo,Mulheres,Mais de 60,165.0
2025,Abril,Nampula,Liupo,Outros,N/A,2.0
2025,Maio,Nampula,Liupo,Homens,0 a 16,10.0
2025,Maio,Nampula,Liupo,Mulheres,0 a 16,1.0
2025,Maio,Nampula,Liupo,Homens,17 a 21,900.0
2025,Maio,Nampula,Liupo,Mulheres,17 a 21,532.0
2025,Maio,Nampula,Liupo,Homens,22 a 60,4844.0
2025,Maio,Nampula,Liupo,Mulheres,22 a 60,3192.0
2025,Maio,Nampula,Liupo,Homens,Mais de 60,379.0
2025,Maio,Nampula,Liupo,Mulheres,Mais de 60,182.0
2025,Maio,Nampula,Liupo,Outros,N/A,1.0
2025,Junho,Nampula,Liupo,Homens,0 a 16,6.0
2025,Junho,Nampula,Liupo,Mulheres,0 a 16,1.0
2025,Junho,Nampula,Liupo,Homens,17 a 21,1183.0
2025,Junho,Nampula,Liupo,Mulheres,17 a 21,644.0
2025,Junho,Nampula,Liupo,Homens,22 a 60,5969.0
2025,Junho,Nampula,Liupo,Mulheres,22 a 60,3932.0
2025,Junho,Nampula,Liupo,Homens,Mais de 60,472.0
2025,Junho,Nampula,Liupo,Mulheres,Mais de 60,269.0
2025,Junho,Nampula,Liupo,Outros,N/A,1.0
2025,Julho,Nampula,Liupo,Homens,0 a 16,5.0
2025,Julho,Nampula,Liupo,Mulheres,0 a 16,2.0
2025,Julho,Nampula,Liupo,Homens,17 a 21,1006.0
2025,Julho,Nampula,Liupo,Mulheres,17 a 21,510.0
2025,Julho,Nampula,Liupo,Homens,22 a 60,5405.0
2025,Julho,Nampula,Liupo,Mulheres,22 a 60,3242.0
2025,Julho,Nampula,Liupo,Homens,Mais de 60,372.0
2025,Julho,Nampula,Liupo,Mulheres,Mais de 60,192.0
2025,Julho,Nampula,Liupo,Outros,N/A,1.0
2025,Agosto,Nampula,Liupo,Homens,0 a 16,7.0
2025,Agosto,Nampula,Liupo,Mulheres,0 a 16,1.0
2025,Agosto,Nampula,Liupo,Homens,17 a 21,1046.0
2025,Agosto,Nampula,Liupo,Mulheres,17 a 21,547.0
2025,Agosto,Nampula,Liupo,Homens,22 a 60,5855.0
2025,Agosto,Nampula,Liupo,Mulheres,22 a 60,3501.0
2025,Agosto,Nampula,Liupo,Homens,Mais de 60,404.0
2025,Agosto,Nampula,Liupo,Mulheres,Mais de 60,192.0
2025,Agosto,Nampula,Liupo,Outros,N/A,1.0
2025,Setembro,Nampula,Liupo,Homens,0 a 16,3.0
2025,Setembro,Nampula,Liupo,Mulheres,0 a 16,1.0
2025,Setembro,Nampula,Liupo,Homens,17 a 21,1080.0
2025,Setembro,Nampula,Liupo,Mulheres,17 a 21,532.0
2025,Setembro,Nampula,Liupo,Homens,22 a 60,6258.0
2025,Setembro,Nampula,Liupo,Mulheres,22 a 60,3663.0
2025,Setembro,Nampula,Liupo,Homens,Mais de 60,441.0
2025,Setembro,Nampula,Liupo,Mulheres,Mais de 60,203.0
2025,Setembro,Nampula,Liupo,Outros,N/A,1.0
2025,Outubro,Nampula,Liupo,Homens,0 a 16,16.0
2025,Outubro,Nampula,Liupo,Mulheres,0 a 16,13.0
2025,Outubro,Nampula,Liupo,Homens,17 a 21,3096.0
2025,Outubro,Nampula,Liupo,Mulheres,17 a 21,1748.0
2025,Outubro,Nampula,Liupo,Homens,22 a 60,15810.0
2025,Outubro,Nampula,Liupo,Mulheres,22 a 60,10681.0
2025,Outubro,Nampula,Liupo,Homens,Mais de 60,1306.0
2025,Outubro,Nampula,Liupo,Mulheres,Mais de 60,933.0
2025,Outubro,Nampula,Liupo,Outros,N/A,4.0
2025,Novembro,Nampula,Liupo,Homens,0 a 16,20.0
2025,Novembro,Nampula,Liupo,Mulheres,0 a 16,12.0
2025,Novembro,Nampula,Liupo,Homens,17 a 21,3325.0
2025,Novembro,Nampula,Liupo,Mulheres,17 a 21,1851.0
2025,Novembro,Nampula,Liupo,Homens,22 a 60,16732.0
2025,Novembro,Nampula,Liupo,Mulheres,22 a 60,11695.0
2025,Novembro,Nampula,Liupo,Homens,Mais de 60,1390.0
2025,Novembro,Nampula,Liupo,Mulheres,Mais de 60,999.0
2025,Novembro,Nampula,Liupo,Outros,N/A,0.0
2025,Dezembro,Nampula,Liupo,Homens,0 a 16,17.0
2025,Dezembro,Nampula,Liupo,Mulheres,0 a 16,16.0
2025,Dezembro,Nampula,Liupo,Homens,17 a 21,3291.0
2025,Dezembro,Nampula,Liupo,Mulheres,17 a 21,1840.0
2025,Dezembro,Nampula,Liupo,Homens,22 a 60,16889.0
2025,Dezembro,Nampula,Liupo,Mulheres,22 a 60,11726.0
2025,Dezembro,Nampula,Liupo,Homens,Mais de 60,1383.0
2025,Dezembro,Nampula,Liupo,Mulheres,Mais de 60,1012.0
2025,Dezembro,Nampula,Liupo,Outros,N/A,0.0
2025,Janeiro,Nampula,Larde,Homens,0 a 16,10.0
2025,Janeiro,Nampula,Larde,Mulheres,0 a 16,4.0
2025,Janeiro,Nampula,Larde,Homens,17 a 21,534.0
2025,Janeiro,Nampula,Larde,Mulheres,17 a 21,372.0
2025,Janeiro,Nampula,Larde,Homens,22 a 60,2993.0
2025,Janeiro,Nampula,Larde,Mulheres,22 a 60,1854.0
2025,Janeiro,Nampula,Larde,Homens,Mais de 60,148.0
2025,Janeiro,Nampula,Larde,Mulheres,Mais de 60,112.0
2025,Janeiro,Nampula,Larde,Outros,N/A,2.0
2025,Fevereiro,Nampula,Larde,Homens,0 a 16,8.0
2025,Fevereiro,Nampula,Larde,Mulheres,0 a 16,3.0
2025,Fevereiro,Nampula,Larde,Homens,17 a 21,619.0
2025,Fevereiro,Nampula,Larde,Mulheres,17 a 21,408.0
2025,Fevereiro,Nampula,Larde,Homens,22 a 60,3415.0
2025,Fevereiro,Nampula,Larde,Mulheres,22 a 60,1988.0
2025,Fevereiro,Nampula,Larde,Homens,Mais de 60,157.0
2025,Fevereiro,Nampula,Larde,Mulheres,Mais de 60,119.0
2025,Fevereiro,Nampula,Larde,Outros,N/A,1.0
2025,Março,Nampula,Larde,Homens,0 a 16,5.0
2025,Março,Nampula,Larde,Mulheres,0 a 16,2.0
2025,Março,Nampula,Larde,Homens,17 a 21,484.0
2025,Março,Nampula,Larde,Mulheres,17 a 21,338.0
2025,Março,Nampula,Larde,Homens,22 a 60,2569.0
2025,Março,Nampula,Larde,Mulheres,22 a 60,1712.0
2025,Março,Nampula,Larde,Homens,Mais de 60,131.0
2025,Março,Nampula,Larde,Mulheres,Mais de 60,108.0
2025,Março,Nampula,Larde,Outros,N/A,2.0
2025,Abril,Nampula,Larde,Homens,0 a 16,3.0
2025,Abril,Nampula,Larde,Mulheres,0 a 16,1.0
2025,Abril,Nampula,Larde,Homens,17 a 21,763.0
2025,Abril,Nampula,Larde,Mulheres,17 a 21,528.0
2025,Abril,Nampula,Larde,Homens,22 a 60,4071.0
2025,Abril,Nampula,Larde,Mulheres,22 a 60,2557.0
2025,Abril,Nampula,Larde,Homens,Mais de 60,190.0
2025,Abril,Nampula,Larde,Mulheres,Mais de 60,142.0
2025,Abril,Nampula,Larde,Outros,N/A,1.0
2025,Maio,Nampula,Larde,Homens,0 a 16,7.0
2025,Maio,Nampula,Larde,Mulheres,0 a 16,1.0
2025,Maio,Nampula,Larde,Homens,17 a 21,909.0
2025,Maio,Nampula,Larde,Mulheres,17 a 21,610.0
2025,Maio,Nampula,Larde,Homens,22 a 60,4878.0
2025,Maio,Nampula,Larde,Mulheres,22 a 60,2940.0
2025,Maio,Nampula,Larde,Homens,Mais de 60,218.0
2025,Maio,Nampula,Larde,Mulheres,Mais de 60,175.0
2025,Maio,Nampula,Larde,Outros,N/A,0.0
2025,Junho,Nampula,Larde,Homens,0 a 16,11.0
2025,Junho,Nampula,Larde,Mulheres,0 a 16,4.0
2025,Junho,Nampula,Larde,Homens,17 a 21,1054.0
2025,Junho,Nampula,Larde,Mulheres,17 a 21,689.0
2025,Junho,Nampula,Larde,Homens,22 a 60,5485.0
2025,Junho,Nampula,Larde,Mulheres,22 a 60,3282.0
2025,Junho,Nampula,Larde,Homens,Mais de 60,246.0
2025,Junho,Nampula,Larde,Mulheres,Mais de 60,173.0
2025,Junho,Nampula,Larde,Outros,N/A,0.0
2025,Julho,Nampula,Larde,Homens,0 a 16,14.0
2025,Julho,Nampula,Larde,Mulheres,0 a 16,3.0
2025,Julho,Nampula,Larde,Homens,17 a 21,1001.0
2025,Julho,Nampula,Larde,Mulheres,17 a 21,656.0
2025,Julho,Nampula,Larde,Homens,22 a 60,5569.0
2025,Julho,Nampula,Larde,Mulheres,22 a 60,3168.0
2025,Julho,Nampula,Larde,Homens,Mais de 60,233.0
2025,Julho,Nampula,Larde,Mulheres,Mais de 60,175.0
2025,Julho,Nampula,Larde,Outros,N/A,2.0
2025,Agosto,Nampula,Larde,Homens,0 a 16,11.0
2025,Agosto,Nampula,Larde,Mulheres,0 a 16,3.0
2025,Agosto,Nampula,Larde,Homens,17 a 21,993.0
2025,Agosto,Nampula,Larde,Mulheres,17 a 21,641.0
2025,Agosto,Nampula,Larde,Homens,22 a 60,5638.0
2025,Agosto,Nampula,Larde,Mulheres,22 a 60,3228.0
2025,Agosto,Nampula,Larde,Homens,Mais de 60,239.0
2025,Agosto,Nampula,Larde,Mulheres,Mais de 60,173.0
2025,Agosto,Nampula,Larde,Outros,N/A,4.0
2025,Setembro,Nampula,Larde,Homens,0 a 16,10.0
2025,Setembro,Nampula,Larde,Mulheres,0 a 16,4.0
2025,Setembro,Nampula,Larde,Homens,17 a 21,1105.0
2025,Setembro,Nampula,Larde,Mulheres,17 a 21,670.0
2025,Setembro,Nampula,Larde,Homens,22 a 60,5992.0
2025,Setembro,Nampula,Larde,Mulheres,22 a 60,3266.0
2025,Setembro,Nampula,Larde,Homens,Mais de 60,263.0
2025,Setembro,Nampula,Larde,Mulheres,Mais de 60,178.0
2025,Setembro,Nampula,Larde,Outros,N/A,4.0
2025,Outubro,Nampula,Larde,Homens,0 a 16,35.0
2025,Outubro,Nampula,Larde,Mulheres,0 a 16,10.0
2025,Outubro,Nampula,Larde,Homens,17 a 21,3237.0
2025,Outubro,Nampula,Larde,Mulheres,17 a 21,1748.0
2025,Outubro,Nampula,Larde,Homens,22 a 60,17177.0
2025,Outubro,Nampula,Larde,Mulheres,22 a 60,8527.0
2025,Outubro,Nampula,Larde,Homens,Mais de 60,642.0
2025,Outubro,Nampula,Larde,Mulheres,Mais de 60,376.0
2025,Outubro,Nampula,Larde,Outros,N/A,28.0
2025,Novembro,Nampula,Larde,Homens,0 a 16,42.0
2025,Novembro,Nampula,Larde,Mulheres,0 a 16,14.0
2025,Novembro,Nampula,Larde,Homens,17 a 21,3364.0
2025,Novembro,Nampula,Larde,Mulheres,17 a 21,1843.0
2025,Novembro,Nampula,Larde,Homens,22 a 60,16766.0
2025,Novembro,Nampula,Larde,Mulheres,22 a 60,9337.0
2025,Novembro,Nampula,Larde,Homens,Mais de 60,630.0
2025,Novembro,Nampula,Larde,Mulheres,Mais de 60,399.0
2025,Novembro,Nampula,Larde,Outros,N/A,7.0
2025,Dezembro,Nampula,Larde,Homens,0 a 16,50.0
2025,Dezembro,Nampula,Larde,Mulheres,0 a 16,21.0
2025,Dezembro,Nampula,Larde,Homens,17 a 21,3437.0
2025,Dezembro,Nampula,Larde,Mulheres,17 a 21,1773.0
2025,Dezembro,Nampula,Larde,Homens,22 a 60,17529.0
2025,Dezembro,Nampula,Larde,Mulheres,22 a 60,8749.0
2025,Dezembro,Nampula,Larde,Homens,Mais de 60,660.0
2025,Dezembro,Nampula,Larde,Mulheres,Mais de 60,381.0
2025,Dezembro,Nampula,Larde,Outros,N/A,3.0
2025,Janeiro,Cabo Delgado,Cidade de Pemba,Homens,0 a 16,535.0
2025,Janeiro,Cabo Delgado,Cidade de Pemba,Mulheres,0 a 16,437.0
2025,Janeiro,Cabo Delgado,Cidade de Pemba,Homens,17 a 21,32950.0
2025,Janeiro,Cabo Delgado,Cidade de Pemba,Mulheres,17 a 21,26494.0
2025,Janeiro,Cabo Delgado,Cidade de Pemba,Homens,22 a 60,139584.0
2025,Janeiro,Cabo Delgado,Cidade de Pemba,Mulheres,22 a 60,101696.0
2025,Janeiro,Cabo Delgado,Cidade de Pemba,Homens,Mais de 60,7074.0
2025,Janeiro,Cabo Delgado,Cidade de Pemba,Mulheres,Mais de 60,5868.0
2025,Janeiro,Cabo Delgado,Cidade de Pemba,Outros,N/A,198.0
2025,Fevereiro,Cabo Delgado,Cidade de Pemba,Homens,0 a 16,596.0
2025,Fevereiro,Cabo Delgado,Cidade de Pemba,Mulheres,0 a 16,451.0
2025,Fevereiro,Cabo Delgado,Cidade de Pemba,Homens,17 a 21,33703.0
2025,Fevereiro,Cabo Delgado,Cidade de Pemba,Mulheres,17 a 21,26985.0
2025,Fevereiro,Cabo Delgado,Cidade de Pemba,Homens,22 a 60,141590.0
2025,Fevereiro,Cabo Delgado,Cidade de Pemba,Mulheres,22 a 60,103919.0
2025,Fevereiro,Cabo Delgado,Cidade de Pemba,Homens,Mais de 60,7264.0
2025,Fevereiro,Cabo Delgado,Cidade de Pemba,Mulheres,Mais de 60,6141.0
2025,Fevereiro,Cabo Delgado,Cidade de Pemba,Outros,N/A,182.0
2025,Março,Cabo Delgado,Cidade de Pemba,Homens,0 a 16,584.0
2025,Março,Cabo Delgado,Cidade de Pemba,Mulheres,0 a 16,442.0
2025,Março,Cabo Delgado,Cidade de Pemba,Homens,17 a 21,34521.0
2025,Março,Cabo Delgado,Cidade de Pemba,Mulheres,17 a 21,27833.0
2025,Março,Cabo Delgado,Cidade de Pemba,Homens,22 a 60,145595.0
2025,Março,Cabo Delgado,Cidade de Pemba,Mulheres,22 a 60,107612.0
2025,Março,Cabo Delgado,Cidade de Pemba,Homens,Mais de 60,7509.0
2025,Março,Cabo Delgado,Cidade de Pemba,Mulheres,Mais de 60,6399.0
2025,Março,Cabo Delgado,Cidade de Pemba,Outros,N/A,186.0
2025,Abril,Cabo Delgado,Cidade de Pemba,Homens,0 a 16,641.0
2025,Abril,Cabo Delgado,Cidade de Pemba,Mulheres,0 a 16,448.0
2025,Abril,Cabo Delgado,Cidade de Pemba,Homens,17 a 21,34935.0
2025,Abril,Cabo Delgado,Cidade de Pemba,Mulheres,17 a 21,28214.0
2025,Abril,Cabo Delgado,Cidade de Pemba,Homens,22 a 60,147699.0
2025,Abril,Cabo Delgado,Cidade de Pemba,Mulheres,22 a 60,109915.0
2025,Abril,Cabo Delgado,Cidade de Pemba,Homens,Mais de 60,7617.0
2025,Abril,Cabo Delgado,Cidade de Pemba,Mulheres,Mais de 60,6552.0
2025,Abril,Cabo Delgado,Cidade de Pemba,Outros,N/A,181.0
2025,Maio,Cabo Delgado,Cidade de Pemba,Homens,0 a 16,642.0
2025,Maio,Cabo Delgado,Cidade de Pemba,Mulheres,0 a 16,440.0
2025,Maio,Cabo Delgado,Cidade de Pemba,Homens,17 a 21,34813.0
2025,Maio,Cabo Delgado,Cidade de Pemba,Mulheres,17 a 21,28273.0
2025,Maio,Cabo Delgado,Cidade de Pemba,Homens,22 a 60,148317.0
2025,Maio,Cabo Delgado,Cidade de Pemba,Mulheres,22 a 60,110155.0
2025,Maio,Cabo Delgado,Cidade de Pemba,Homens,Mais de 60,7692.0
2025,Maio,Cabo Delgado,Cidade de Pemba,Mulheres,Mais de 60,6639.0
2025,Maio,Cabo Delgado,Cidade de Pemba,Outros,N/A,177.0
2025,Junho,Cabo Delgado,Cidade de Pemba,Homens,0 a 16,626.0
2025,Junho,Cabo Delgado,Cidade de Pemba,Mulheres,0 a 16,457.0
2025,Junho,Cabo Delgado,Cidade de Pemba,Homens,17 a 21,34669.0
2025,Junho,Cabo Delgado,Cidade de Pemba,Mulheres,17 a 21,28198.0
2025,Junho,Cabo Delgado,Cidade de Pemba,Homens,22 a 60,147074.0
2025,Junho,Cabo Delgado,Cidade de Pemba,Mulheres,22 a 60,108614.0
2025,Junho,Cabo Delgado,Cidade de Pemba,Homens,Mais de 60,7614.0
2025,Junho,Cabo Delgado,Cidade de Pemba,Mulheres,Mais de 60,6567.0
2025,Junho,Cabo Delgado,Cidade de Pemba,Outros,N/A,177.0
2025,Julho,Cabo Delgado,Cidade de Pemba,Homens,0 a 16,685.0
2025,Julho,Cabo Delgado,Cidade de Pemba,Mulheres,0 a 16,443.0
2025,Julho,Cabo Delgado,Cidade de Pemba,Homens,17 a 21,34367.0
2025,Julho,Cabo Delgado,Cidade de Pemba,Mulheres,17 a 21,28272.0
2025,Julho,Cabo Delgado,Cidade de Pemba,Homens,22 a 60,146534.0
2025,Julho,Cabo Delgado,Cidade de Pemba,Mulheres,22 a 60,108649.0
2025,Julho,Cabo Delgado,Cidade de Pemba,Homens,Mais de 60,7540.0
2025,Julho,Cabo Delgado,Cidade de Pemba,Mulheres,Mais de 60,6611.0
2025,Julho,Cabo Delgado,Cidade de Pemba,Outros,N/A,199.0
2025,Agosto,Cabo Delgado,Cidade de Pemba,Homens,0 a 16,696.0
2025,Agosto,Cabo Delgado,Cidade de Pemba,Mulheres,0 a 16,430.0
2025,Agosto,Cabo Delgado,Cidade de Pemba,Homens,17 a 21,35152.0
2025,Agosto,Cabo Delgado,Cidade de Pemba,Mulheres,17 a 21,28673.0
2025,Agosto,Cabo Delgado,Cidade de Pemba,Homens,22 a 60,149639.0
2025,Agosto,Cabo Delgado,Cidade de Pemba,Mulheres,22 a 60,110485.0
2025,Agosto,Cabo Delgado,Cidade de Pemba,Homens,Mais de 60,7748.0
2025,Agosto,Cabo Delgado,Cidade de Pemba,Mulheres,Mais de 60,6737.0
2025,Agosto,Cabo Delgado,Cidade de Pemba,Outros,N/A,178.0
2025,Setembro,Cabo Delgado,Cidade de Pemba,Homens,0 a 16,707.0
2025,Setembro,Cabo Delgado,Cidade de Pemba,Mulheres,0 a 16,459.0
2025,Setembro,Cabo Delgado,Cidade de Pemba,Homens,17 a 21,35718.0
2025,Setembro,Cabo Delgado,Cidade de Pemba,Mulheres,17 a 21,29276.0
2025,Setembro,Cabo Delgado,Cidade de Pemba,Homens,22 a 60,151156.0
2025,Setembro,Cabo Delgado,Cidade de Pemba,Mulheres,22 a 60,112590.0
2025,Setembro,Cabo Delgado,Cidade de Pemba,Homens,Mais de 60,7881.0
2025,Setembro,Cabo Delgado,Cidade de Pemba,Mulheres,Mais de 60,6855.0
2025,Setembro,Cabo Delgado,Cidade de Pemba,Outros,N/A,181.0
2025,Outubro,Cabo Delgado,Cidade de Pemba,Homens,0 a 16,645.0
2025,Outubro,Cabo Delgado,Cidade de Pemba,Mulheres,0 a 16,370.0
2025,Outubro,Cabo Delgado,Cidade de Pemba,Homens,17 a 21,34174.0
2025,Outubro,Cabo Delgado,Cidade de Pemba,Mulheres,17 a 21,28504.0
2025,Outubro,Cabo Delgado,Cidade de Pemba,Homens,22 a 60,145044.0
2025,Outubro,Cabo Delgado,Cidade de Pemba,Mulheres,22 a 60,109019.0
2025,Outubro,Cabo Delgado,Cidade de Pemba,Homens,Mais de 60,7352.0
2025,Outubro,Cabo Delgado,Cidade de Pemba,Mulheres,Mais de 60,6474.0
2025,Outubro,Cabo Delgado,Cidade de Pemba,Outros,N/A,178.0
2025,Novembro,Cabo Delgado,Cidade de Pemba,Homens,0 a 16,550.0
2025,Novembro,Cabo Delgado,Cidade de Pemba,Mulheres,0 a 16,319.0
2025,Novembro,Cabo Delgado,Cidade de Pemba,Homens,17 a 21,32281.0
2025,Novembro,Cabo Delgado,Cidade de Pemba,Mulheres,17 a 21,28338.0
2025,Novembro,Cabo Delgado,Cidade de Pemba,Homens,22 a 60,131484.0
2025,Novembro,Cabo Delgado,Cidade de Pemba,Mulheres,22 a 60,114412.0
2025,Novembro,Cabo Delgado,Cidade de Pemba,Homens,Mais de 60,6757.0
2025,Novembro,Cabo Delgado,Cidade de Pemba,Mulheres,Mais de 60,6468.0
2025,Novembro,Cabo Delgado,Cidade de Pemba,Outros,N/A,41.0
2025,Dezembro,Cabo Delgado,Cidade de Pemba,Homens,0 a 16,430.0
2025,Dezembro,Cabo Delgado,Cidade de Pemba,Mulheres,0 a 16,270.0
2025,Dezembro,Cabo Delgado,Cidade de Pemba,Homens,17 a 21,32161.0
2025,Dezembro,Cabo Delgado,Cidade de Pemba,Mulheres,17 a 21,27624.0
2025,Dezembro,Cabo Delgado,Cidade de Pemba,Homens,22 a 60,138008.0
2025,Dezembro,Cabo Delgado,Cidade de Pemba,Mulheres,22 a 60,105917.0
2025,Dezembro,Cabo Delgado,Cidade de Pemba,Homens,Mais de 60,6927.0
2025,Dezembro,Cabo Delgado,Cidade de Pemba,Mulheres,Mais de 60,6214.0
2025,Dezembro,Cabo Delgado,Cidade de Pemba,Outros,N/A,34.0
2025,Janeiro,Cabo Delgado,Ancuabe,Homens,0 a 16,90.0
2025,Janeiro,Cabo Delgado,Ancuabe,Mulheres,0 a 16,57.0
2025,Janeiro,Cabo Delgado,Ancuabe,Homens,17 a 21,7789.0
2025,Janeiro,Cabo Delgado,Ancuabe,Mulheres,17 a 21,6872.0
2025,Janeiro,Cabo Delgado,Ancuabe,Homens,22 a 60,42986.0
2025,Janeiro,Cabo Delgado,Ancuabe,Mulheres,22 a 60,28877.0
2025,Janeiro,Cabo Delgado,Ancuabe,Homens,Mais de 60,2425.0
2025,Janeiro,Cabo Delgado,Ancuabe,Mulheres,Mais de 60,2314.0
2025,Janeiro,Cabo Delgado,Ancuabe,Outros,N/A,6.0
2025,Fevereiro,Cabo Delgado,Ancuabe,Homens,0 a 16,103.0
2025,Fevereiro,Cabo Delgado,Ancuabe,Mulheres,0 a 16,69.0
2025,Fevereiro,Cabo Delgado,Ancuabe,Homens,17 a 21,7846.0
2025,Fevereiro,Cabo Delgado,Ancuabe,Mulheres,17 a 21,6918.0
2025,Fevereiro,Cabo Delgado,Ancuabe,Homens,22 a 60,43414.0
2025,Fevereiro,Cabo Delgado,Ancuabe,Mulheres,22 a 60,29335.0
2025,Fevereiro,Cabo Delgado,Ancuabe,Homens,Mais de 60,2481.0
2025,Fevereiro,Cabo Delgado,Ancuabe,Mulheres,Mais de 60,2419.0
2025,Fevereiro,Cabo Delgado,Ancuabe,Outros,N/A,13.0
2025,Março,Cabo Delgado,Ancuabe,Homens,0 a 16,91.0
2025,Março,Cabo Delgado,Ancuabe,Mulheres,0 a 16,67.0
2025,Março,Cabo Delgado,Ancuabe,Homens,17 a 21,7832.0
2025,Março,Cabo Delgado,Ancuabe,Mulheres,17 a 21,6950.0
2025,Março,Cabo Delgado,Ancuabe,Homens,22 a 60,44056.0
2025,Março,Cabo Delgado,Ancuabe,Mulheres,22 a 60,30042.0
2025,Março,Cabo Delgado,Ancuabe,Homens,Mais de 60,2467.0
2025,Março,Cabo Delgado,Ancuabe,Mulheres,Mais de 60,2429.0
2025,Março,Cabo Delgado,Ancuabe,Outros,N/A,13.0
2025,Abril,Cabo Delgado,Ancuabe,Homens,0 a 16,74.0
2025,Abril,Cabo Delgado,Ancuabe,Mulheres,0 a 16,57.0
2025,Abril,Cabo Delgado,Ancuabe,Homens,17 a 21,7627.0
2025,Abril,Cabo Delgado,Ancuabe,Mulheres,17 a 21,6938.0
2025,Abril,Cabo Delgado,Ancuabe,Homens,22 a 60,43401.0
2025,Abril,Cabo Delgado,Ancuabe,Mulheres,22 a 60,30373.0
2025,Abril,Cabo Delgado,Ancuabe,Homens,Mais de 60,2501.0
2025,Abril,Cabo Delgado,Ancuabe,Mulheres,Mais de 60,2459.0
2025,Abril,Cabo Delgado,Ancuabe,Outros,N/A,12.0
2025,Maio,Cabo Delgado,Ancuabe,Homens,0 a 16,96.0
2025,Maio,Cabo Delgado,Ancuabe,Mulheres,0 a 16,52.0
2025,Maio,Cabo Delgado,Ancuabe,Homens,17 a 21,8177.0
2025,Maio,Cabo Delgado,Ancuabe,Mulheres,17 a 21,7262.0
2025,Maio,Cabo Delgado,Ancuabe,Homens,22 a 60,46823.0
2025,Maio,Cabo Delgado,Ancuabe,Mulheres,22 a 60,32496.0
2025,Maio,Cabo Delgado,Ancuabe,Homens,Mais de 60,2621.0
2025,Maio,Cabo Delgado,Ancuabe,Mulheres,Mais de 60,2633.0
2025,Maio,Cabo Delgado,Ancuabe,Outros,N/A,13.0
2025,Junho,Cabo Delgado,Ancuabe,Homens,0 a 16,111.0
2025,Junho,Cabo Delgado,Ancuabe,Mulheres,0 a 16,62.0
2025,Junho,Cabo Delgado,Ancuabe,Homens,17 a 21,9274.0
2025,Junho,Cabo Delgado,Ancuabe,Mulheres,17 a 21,8035.0
2025,Junho,Cabo Delgado,Ancuabe,Homens,22 a 60,53391.0
2025,Junho,Cabo Delgado,Ancuabe,Mulheres,22 a 60,36475.0
2025,Junho,Cabo Delgado,Ancuabe,Homens,Mais de 60,2980.0
2025,Junho,Cabo Delgado,Ancuabe,Mulheres,Mais de 60,2888.0
2025,Junho,Cabo Delgado,Ancuabe,Outros,N/A,17.0
2025,Julho,Cabo Delgado,Ancuabe,Homens,0 a 16,113.0
2025,Julho,Cabo Delgado,Ancuabe,Mulheres,0 a 16,70.0
2025,Julho,Cabo Delgado,Ancuabe,Homens,17 a 21,9288.0
2025,Julho,Cabo Delgado,Ancuabe,Mulheres,17 a 21,8164.0
2025,Julho,Cabo Delgado,Ancuabe,Homens,22 a 60,54555.0
2025,Julho,Cabo Delgado,Ancuabe,Mulheres,22 a 60,37796.0
2025,Julho,Cabo Delgado,Ancuabe,Homens,Mais de 60,3024.0
2025,Julho,Cabo Delgado,Ancuabe,Mulheres,Mais de 60,2958.0
2025,Julho,Cabo Delgado,Ancuabe,Outros,N/A,19.0
2025,Agosto,Cabo Delgado,Ancuabe,Homens,0 a 16,120.0
2025,Agosto,Cabo Delgado,Ancuabe,Mulheres,0 a 16,73.0
2025,Agosto,Cabo Delgado,Ancuabe,Homens,17 a 21,9843.0
2025,Agosto,Cabo Delgado,Ancuabe,Mulheres,17 a 21,8532.0
2025,Agosto,Cabo Delgado,Ancuabe,Homens,22 a 60,57488.0
2025,Agosto,Cabo Delgado,Ancuabe,Mulheres,22 a 60,39705.0
2025,Agosto,Cabo Delgado,Ancuabe,Homens,Mais de 60,3170.0
2025,Agosto,Cabo Delgado,Ancuabe,Mulheres,Mais de 60,3098.0
2025,Agosto,Cabo Delgado,Ancuabe,Outros,N/A,17.0
2025,Setembro,Cabo Delgado,Ancuabe,Homens,0 a 16,130.0
2025,Setembro,Cabo Delgado,Ancuabe,Mulheres,0 a 16,66.0
2025,Setembro,Cabo Delgado,Ancuabe,Homens,17 a 21,9926.0
2025,Setembro,Cabo Delgado,Ancuabe,Mulheres,17 a 21,8734.0
2025,Setembro,Cabo Delgado,Ancuabe,Homens,22 a 60,58063.0
2025,Setembro,Cabo Delgado,Ancuabe,Mulheres,22 a 60,40693.0
2025,Setembro,Cabo Delgado,Ancuabe,Homens,Mais de 60,3206.0
2025,Setembro,Cabo Delgado,Ancuabe,Mulheres,Mais de 60,3215.0
2025,Setembro,Cabo Delgado,Ancuabe,Outros,N/A,19.0
2025,Outubro,Cabo Delgado,Ancuabe,Homens,0 a 16,131.0
2025,Outubro,Cabo Delgado,Ancuabe,Mulheres,0 a 16,58.0
2025,Outubro,Cabo Delgado,Ancuabe,Homens,17 a 21,10183.0
2025,Outubro,Cabo Delgado,Ancuabe,Mulheres,17 a 21,8869.0
2025,Outubro,Cabo Delgado,Ancuabe,Homens,22 a 60,59306.0
2025,Outubro,Cabo Delgado,Ancuabe,Mulheres,22 a 60,41936.0
2025,Outubro,Cabo Delgado,Ancuabe,Homens,Mais de 60,3281.0
2025,Outubro,Cabo Delgado,Ancuabe,Mulheres,Mais de 60,3278.0
2025,Outubro,Cabo Delgado,Ancuabe,Outros,N/A,20.0
2025,Novembro,Cabo Delgado,Ancuabe,Homens,0 a 16,134.0
2025,Novembro,Cabo Delgado,Ancuabe,Mulheres,0 a 16,65.0
2025,Novembro,Cabo Delgado,Ancuabe,Homens,17 a 21,10379.0
2025,Novembro,Cabo Delgado,Ancuabe,Mulheres,17 a 21,9022.0
2025,Novembro,Cabo Delgado,Ancuabe,Homens,22 a 60,58058.0
2025,Novembro,Cabo Delgado,Ancuabe,Mulheres,22 a 60,43916.0
2025,Novembro,Cabo Delgado,Ancuabe,Homens,Mais de 60,3259.0
2025,Novembro,Cabo Delgado,Ancuabe,Mulheres,Mais de 60,3346.0
2025,Novembro,Cabo Delgado,Ancuabe,Outros,N/A,3.0
2025,Dezembro,Cabo Delgado,Ancuabe,Homens,0 a 16,144.0
2025,Dezembro,Cabo Delgado,Ancuabe,Mulheres,0 a 16,65.0
2025,Dezembro,Cabo Delgado,Ancuabe,Homens,17 a 21,10544.0
2025,Dezembro,Cabo Delgado,Ancuabe,Mulheres,17 a 21,9120.0
2025,Dezembro,Cabo Delgado,Ancuabe,Homens,22 a 60,59398.0
2025,Dezembro,Cabo Delgado,Ancuabe,Mulheres,22 a 60,42447.0
2025,Dezembro,Cabo Delgado,Ancuabe,Homens,Mais de 60,3286.0
2025,Dezembro,Cabo Delgado,Ancuabe,Mulheres,Mais de 60,3299.0
2025,Dezembro,Cabo Delgado,Ancuabe,Outros,N/A,4.0
2025,Janeiro,Cabo Delgado,Balama,Homens,0 a 16,161.0
2025,Janeiro,Cabo Delgado,Balama,Mulheres,0 a 16,73.0
2025,Janeiro,Cabo Delgado,Balama,Homens,17 a 21,7905.0
2025,Janeiro,Cabo Delgado,Balama,Mulheres,17 a 21,5176.0
2025,Janeiro,Cabo Delgado,Balama,Homens,22 a 60,30669.0
2025,Janeiro,Cabo Delgado,Balama,Mulheres,22 a 60,19298.0
2025,Janeiro,Cabo Delgado,Balama,Homens,Mais de 60,1469.0
2025,Janeiro,Cabo Delgado,Balama,Mulheres,Mais de 60,1130.0
2025,Janeiro,Cabo Delgado,Balama,Outros,N/A,5.0
2025,Fevereiro,Cabo Delgado,Balama,Homens,0 a 16,167.0
2025,Fevereiro,Cabo Delgado,Balama,Mulheres,0 a 16,90.0
2025,Fevereiro,Cabo Delgado,Balama,Homens,17 a 21,8082.0
2025,Fevereiro,Cabo Delgado,Balama,Mulheres,17 a 21,5337.0
2025,Fevereiro,Cabo Delgado,Balama,Homens,22 a 60,31178.0
2025,Fevereiro,Cabo Delgado,Balama,Mulheres,22 a 60,19775.0
2025,Fevereiro,Cabo Delgado,Balama,Homens,Mais de 60,1514.0
2025,Fevereiro,Cabo Delgado,Balama,Mulheres,Mais de 60,1126.0
2025,Fevereiro,Cabo Delgado,Balama,Outros,N/A,6.0
2025,Março,Cabo Delgado,Balama,Homens,0 a 16,182.0
2025,Março,Cabo Delgado,Balama,Mulheres,0 a 16,87.0
2025,Março,Cabo Delgado,Balama,Homens,17 a 21,7942.0
2025,Março,Cabo Delgado,Balama,Mulheres,17 a 21,5360.0
2025,Março,Cabo Delgado,Balama,Homens,22 a 60,31740.0
2025,Março,Cabo Delgado,Balama,Mulheres,22 a 60,20356.0
2025,Março,Cabo Delgado,Balama,Homens,Mais de 60,1522.0
2025,Março,Cabo Delgado,Balama,Mulheres,Mais de 60,1168.0
2025,Março,Cabo Delgado,Balama,Outros,N/A,4.0
2025,Abril,Cabo Delgado,Balama,Homens,0 a 16,172.0
2025,Abril,Cabo Delgado,Balama,Mulheres,0 a 16,96.0
2025,Abril,Cabo Delgado,Balama,Homens,17 a 21,7916.0
2025,Abril,Cabo Delgado,Balama,Mulheres,17 a 21,5352.0
2025,Abril,Cabo Delgado,Balama,Homens,22 a 60,32038.0
2025,Abril,Cabo Delgado,Balama,Mulheres,22 a 60,20727.0
2025,Abril,Cabo Delgado,Balama,Homens,Mais de 60,1499.0
2025,Abril,Cabo Delgado,Balama,Mulheres,Mais de 60,1188.0
2025,Abril,Cabo Delgado,Balama,Outros,N/A,6.0
2025,Maio,Cabo Delgado,Balama,Homens,0 a 16,173.0
2025,Maio,Cabo Delgado,Balama,Mulheres,0 a 16,100.0
2025,Maio,Cabo Delgado,Balama,Homens,17 a 21,8890.0
2025,Maio,Cabo Delgado,Balama,Mulheres,17 a 21,5791.0
2025,Maio,Cabo Delgado,Balama,Homens,22 a 60,36035.0
2025,Maio,Cabo Delgado,Balama,Mulheres,22 a 60,22613.0
2025,Maio,Cabo Delgado,Balama,Homens,Mais de 60,1639.0
2025,Maio,Cabo Delgado,Balama,Mulheres,Mais de 60,1311.0
2025,Maio,Cabo Delgado,Balama,Outros,N/A,7.0
2025,Junho,Cabo Delgado,Balama,Homens,0 a 16,224.0
2025,Junho,Cabo Delgado,Balama,Mulheres,0 a 16,92.0
2025,Junho,Cabo Delgado,Balama,Homens,17 a 21,10346.0
2025,Junho,Cabo Delgado,Balama,Mulheres,17 a 21,6598.0
2025,Junho,Cabo Delgado,Balama,Homens,22 a 60,42145.0
2025,Junho,Cabo Delgado,Balama,Mulheres,22 a 60,25940.0
2025,Junho,Cabo Delgado,Balama,Homens,Mais de 60,1844.0
2025,Junho,Cabo Delgado,Balama,Mulheres,Mais de 60,1516.0
2025,Junho,Cabo Delgado,Balama,Outros,N/A,10.0
2025,Julho,Cabo Delgado,Balama,Homens,0 a 16,210.0
2025,Julho,Cabo Delgado,Balama,Mulheres,0 a 16,92.0
2025,Julho,Cabo Delgado,Balama,Homens,17 a 21,10448.0
2025,Julho,Cabo Delgado,Balama,Mulheres,17 a 21,6659.0
2025,Julho,Cabo Delgado,Balama,Homens,22 a 60,42926.0
2025,Julho,Cabo Delgado,Balama,Mulheres,22 a 60,25950.0
2025,Julho,Cabo Delgado,Balama,Homens,Mais de 60,1850.0
2025,Julho,Cabo Delgado,Balama,Mulheres,Mais de 60,1547.0
2025,Julho,Cabo Delgado,Balama,Outros,N/A,19.0
2025,Agosto,Cabo Delgado,Balama,Homens,0 a 16,199.0
2025,Agosto,Cabo Delgado,Balama,Mulheres,0 a 16,89.0
2025,Agosto,Cabo Delgado,Balama,Homens,17 a 21,10968.0
2025,Agosto,Cabo Delgado,Balama,Mulheres,17 a 21,6952.0
2025,Agosto,Cabo Delgado,Balama,Homens,22 a 60,45809.0
2025,Agosto,Cabo Delgado,Balama,Mulheres,22 a 60,27429.0
2025,Agosto,Cabo Delgado,Balama,Homens,Mais de 60,1942.0
2025,Agosto,Cabo Delgado,Balama,Mulheres,Mais de 60,1589.0
2025,Agosto,Cabo Delgado,Balama,Outros,N/A,17.0
2025,Setembro,Cabo Delgado,Balama,Homens,0 a 16,194.0
2025,Setembro,Cabo Delgado,Balama,Mulheres,0 a 16,75.0
2025,Setembro,Cabo Delgado,Balama,Homens,17 a 21,11432.0
2025,Setembro,Cabo Delgado,Balama,Mulheres,17 a 21,7247.0
2025,Setembro,Cabo Delgado,Balama,Homens,22 a 60,47036.0
2025,Setembro,Cabo Delgado,Balama,Mulheres,22 a 60,28202.0
2025,Setembro,Cabo Delgado,Balama,Homens,Mais de 60,2005.0
2025,Setembro,Cabo Delgado,Balama,Mulheres,Mais de 60,1651.0
2025,Setembro,Cabo Delgado,Balama,Outros,N/A,13.0
2025,Outubro,Cabo Delgado,Balama,Homens,0 a 16,204.0
2025,Outubro,Cabo Delgado,Balama,Mulheres,0 a 16,84.0
2025,Outubro,Cabo Delgado,Balama,Homens,17 a 21,12021.0
2025,Outubro,Cabo Delgado,Balama,Mulheres,17 a 21,7427.0
2025,Outubro,Cabo Delgado,Balama,Homens,22 a 60,50082.0
2025,Outubro,Cabo Delgado,Balama,Mulheres,22 a 60,30320.0
2025,Outubro,Cabo Delgado,Balama,Homens,Mais de 60,2118.0
2025,Outubro,Cabo Delgado,Balama,Mulheres,Mais de 60,1763.0
2025,Outubro,Cabo Delgado,Balama,Outros,N/A,19.0
2025,Novembro,Cabo Delgado,Balama,Homens,0 a 16,216.0
2025,Novembro,Cabo Delgado,Balama,Mulheres,0 a 16,84.0
2025,Novembro,Cabo Delgado,Balama,Homens,17 a 21,12223.0
2025,Novembro,Cabo Delgado,Balama,Mulheres,17 a 21,7486.0
2025,Novembro,Cabo Delgado,Balama,Homens,22 a 60,51745.0
2025,Novembro,Cabo Delgado,Balama,Mulheres,22 a 60,33032.0
2025,Novembro,Cabo Delgado,Balama,Homens,Mais de 60,2191.0
2025,Novembro,Cabo Delgado,Balama,Mulheres,Mais de 60,1866.0
2025,Novembro,Cabo Delgado,Balama,Outros,N/A,7.0
2025,Dezembro,Cabo Delgado,Balama,Homens,0 a 16,195.0
2025,Dezembro,Cabo Delgado,Balama,Mulheres,0 a 16,82.0
2025,Dezembro,Cabo Delgado,Balama,Homens,17 a 21,12290.0
2025,Dezembro,Cabo Delgado,Balama,Mulheres,17 a 21,7561.0
2025,Dezembro,Cabo Delgado,Balama,Homens,22 a 60,52751.0
2025,Dezembro,Cabo Delgado,Balama,Mulheres,22 a 60,32534.0
2025,Dezembro,Cabo Delgado,Balama,Homens,Mais de 60,2219.0
2025,Dezembro,Cabo Delgado,Balama,Mulheres,Mais de 60,1835.0
2025,Dezembro,Cabo Delgado,Balama,Outros,N/A,3.0
2025,Janeiro,Cabo Delgado,Chiúre,Homens,0 a 16,103.0
2025,Janeiro,Cabo Delgado,Chiúre,Mulheres,0 a 16,56.0
2025,Janeiro,Cabo Delgado,Chiúre,Homens,17 a 21,10698.0
2025,Janeiro,Cabo Delgado,Chiúre,Mulheres,17 a 21,9203.0
2025,Janeiro,Cabo Delgado,Chiúre,Homens,22 a 60,49943.0
2025,Janeiro,Cabo Delgado,Chiúre,Mulheres,22 a 60,35851.0
2025,Janeiro,Cabo Delgado,Chiúre,Homens,Mais de 60,2478.0
2025,Janeiro,Cabo Delgado,Chiúre,Mulheres,Mais de 60,2530.0
2025,Janeiro,Cabo Delgado,Chiúre,Outros,N/A,10.0
2025,Fevereiro,Cabo Delgado,Chiúre,Homens,0 a 16,126.0
2025,Fevereiro,Cabo Delgado,Chiúre,Mulheres,0 a 16,72.0
2025,Fevereiro,Cabo Delgado,Chiúre,Homens,17 a 21,10839.0
2025,Fevereiro,Cabo Delgado,Chiúre,Mulheres,17 a 21,9300.0
2025,Fevereiro,Cabo Delgado,Chiúre,Homens,22 a 60,50398.0
2025,Fevereiro,Cabo Delgado,Chiúre,Mulheres,22 a 60,36525.0
2025,Fevereiro,Cabo Delgado,Chiúre,Homens,Mais de 60,2506.0
2025,Fevereiro,Cabo Delgado,Chiúre,Mulheres,Mais de 60,2520.0
2025,Fevereiro,Cabo Delgado,Chiúre,Outros,N/A,9.0
2025,Março,Cabo Delgado,Chiúre,Homens,0 a 16,120.0
2025,Março,Cabo Delgado,Chiúre,Mulheres,0 a 16,64.0
2025,Março,Cabo Delgado,Chiúre,Homens,17 a 21,10856.0
2025,Março,Cabo Delgado,Chiúre,Mulheres,17 a 21,9355.0
2025,Março,Cabo Delgado,Chiúre,Homens,22 a 60,51728.0
2025,Março,Cabo Delgado,Chiúre,Mulheres,22 a 60,37717.0
2025,Março,Cabo Delgado,Chiúre,Homens,Mais de 60,2659.0
2025,Março,Cabo Delgado,Chiúre,Mulheres,Mais de 60,2677.0
2025,Março,Cabo Delgado,Chiúre,Outros,N/A,7.0
2025,Abril,Cabo Delgado,Chiúre,Homens,0 a 16,133.0
2025,Abril,Cabo Delgado,Chiúre,Mulheres,0 a 16,64.0
2025,Abril,Cabo Delgado,Chiúre,Homens,17 a 21,11066.0
2025,Abril,Cabo Delgado,Chiúre,Mulheres,17 a 21,9659.0
2025,Abril,Cabo Delgado,Chiúre,Homens,22 a 60,53984.0
2025,Abril,Cabo Delgado,Chiúre,Mulheres,22 a 60,39362.0
2025,Abril,Cabo Delgado,Chiúre,Homens,Mais de 60,2721.0
2025,Abril,Cabo Delgado,Chiúre,Mulheres,Mais de 60,2897.0
2025,Abril,Cabo Delgado,Chiúre,Outros,N/A,10.0
2025,Maio,Cabo Delgado,Chiúre,Homens,0 a 16,130.0
2025,Maio,Cabo Delgado,Chiúre,Mulheres,0 a 16,87.0
2025,Maio,Cabo Delgado,Chiúre,Homens,17 a 21,12009.0
2025,Maio,Cabo Delgado,Chiúre,Mulheres,17 a 21,10403.0
2025,Maio,Cabo Delgado,Chiúre,Homens,22 a 60,58321.0
2025,Maio,Cabo Delgado,Chiúre,Mulheres,22 a 60,42866.0
2025,Maio,Cabo Delgado,Chiúre,Homens,Mais de 60,2870.0
2025,Maio,Cabo Delgado,Chiúre,Mulheres,Mais de 60,3089.0
2025,Maio,Cabo Delgado,Chiúre,Outros,N/A,9.0
2025,Junho,Cabo Delgado,Chiúre,Homens,0 a 16,165.0
2025,Junho,Cabo Delgado,Chiúre,Mulheres,0 a 16,107.0
2025,Junho,Cabo Delgado,Chiúre,Homens,17 a 21,13510.0
2025,Junho,Cabo Delgado,Chiúre,Mulheres,17 a 21,11477.0
2025,Junho,Cabo Delgado,Chiúre,Homens,22 a 60,66261.0
2025,Junho,Cabo Delgado,Chiúre,Mulheres,22 a 60,48632.0
2025,Junho,Cabo Delgado,Chiúre,Homens,Mais de 60,3170.0
2025,Junho,Cabo Delgado,Chiúre,Mulheres,Mais de 60,3380.0
2025,Junho,Cabo Delgado,Chiúre,Outros,N/A,19.0
2025,Julho,Cabo Delgado,Chiúre,Homens,0 a 16,188.0
2025,Julho,Cabo Delgado,Chiúre,Mulheres,0 a 16,119.0
2025,Julho,Cabo Delgado,Chiúre,Homens,17 a 21,13969.0
2025,Julho,Cabo Delgado,Chiúre,Mulheres,17 a 21,11918.0
2025,Julho,Cabo Delgado,Chiúre,Homens,22 a 60,69809.0
2025,Julho,Cabo Delgado,Chiúre,Mulheres,22 a 60,51677.0
2025,Julho,Cabo Delgado,Chiúre,Homens,Mais de 60,3287.0
2025,Julho,Cabo Delgado,Chiúre,Mulheres,Mais de 60,3588.0
2025,Julho,Cabo Delgado,Chiúre,Outros,N/A,19.0
2025,Agosto,Cabo Delgado,Chiúre,Homens,0 a 16,168.0
2025,Agosto,Cabo Delgado,Chiúre,Mulheres,0 a 16,115.0
2025,Agosto,Cabo Delgado,Chiúre,Homens,17 a 21,14610.0
2025,Agosto,Cabo Delgado,Chiúre,Mulheres,17 a 21,12530.0
2025,Agosto,Cabo Delgado,Chiúre,Homens,22 a 60,73007.0
2025,Agosto,Cabo Delgado,Chiúre,Mulheres,22 a 60,53770.0
2025,Agosto,Cabo Delgado,Chiúre,Homens,Mais de 60,3512.0
2025,Agosto,Cabo Delgado,Chiúre,Mulheres,Mais de 60,3812.0
2025,Agosto,Cabo Delgado,Chiúre,Outros,N/A,24.0
2025,Setembro,Cabo Delgado,Chiúre,Homens,0 a 16,194.0
2025,Setembro,Cabo Delgado,Chiúre,Mulheres,0 a 16,119.0
2025,Setembro,Cabo Delgado,Chiúre,Homens,17 a 21,14914.0
2025,Setembro,Cabo Delgado,Chiúre,Mulheres,17 a 21,12785.0
2025,Setembro,Cabo Delgado,Chiúre,Homens,22 a 60,77431.0
2025,Setembro,Cabo Delgado,Chiúre,Mulheres,22 a 60,57511.0
2025,Setembro,Cabo Delgado,Chiúre,Homens,Mais de 60,3757.0
2025,Setembro,Cabo Delgado,Chiúre,Mulheres,Mais de 60,4142.0
2025,Setembro,Cabo Delgado,Chiúre,Outros,N/A,20.0
2025,Outubro,Cabo Delgado,Chiúre,Homens,0 a 16,188.0
2025,Outubro,Cabo Delgado,Chiúre,Mulheres,0 a 16,115.0
2025,Outubro,Cabo Delgado,Chiúre,Homens,17 a 21,15104.0
2025,Outubro,Cabo Delgado,Chiúre,Mulheres,17 a 21,13081.0
2025,Outubro,Cabo Delgado,Chiúre,Homens,22 a 60,78208.0
2025,Outubro,Cabo Delgado,Chiúre,Mulheres,22 a 60,58907.0
2025,Outubro,Cabo Delgado,Chiúre,Homens,Mais de 60,3876.0
2025,Outubro,Cabo Delgado,Chiúre,Mulheres,Mais de 60,4218.0
2025,Outubro,Cabo Delgado,Chiúre,Outros,N/A,17.0
2025,Novembro,Cabo Delgado,Chiúre,Homens,0 a 16,201.0
2025,Novembro,Cabo Delgado,Chiúre,Mulheres,0 a 16,119.0
2025,Novembro,Cabo Delgado,Chiúre,Homens,17 a 21,15350.0
2025,Novembro,Cabo Delgado,Chiúre,Mulheres,17 a 21,13198.0
2025,Novembro,Cabo Delgado,Chiúre,Homens,22 a 60,77786.0
2025,Novembro,Cabo Delgado,Chiúre,Mulheres,22 a 60,60618.0
2025,Novembro,Cabo Delgado,Chiúre,Homens,Mais de 60,3857.0
2025,Novembro,Cabo Delgado,Chiúre,Mulheres,Mais de 60,4250.0
2025,Novembro,Cabo Delgado,Chiúre,Outros,N/A,9.0
2025,Dezembro,Cabo Delgado,Chiúre,Homens,0 a 16,221.0
2025,Dezembro,Cabo Delgado,Chiúre,Mulheres,0 a 16,121.0
2025,Dezembro,Cabo Delgado,Chiúre,Homens,17 a 21,15549.0
2025,Dezembro,Cabo Delgado,Chiúre,Mulheres,17 a 21,13306.0
2025,Dezembro,Cabo Delgado,Chiúre,Homens,22 a 60,78797.0
2025,Dezembro,Cabo Delgado,Chiúre,Mulheres,22 a 60,59193.0
2025,Dezembro,Cabo Delgado,Chiúre,Homens,Mais de 60,3938.0
2025,Dezembro,Cabo Delgado,Chiúre,Mulheres,Mais de 60,4176.0
2025,Dezembro,Cabo Delgado,Chiúre,Outros,N/A,8.0
2025,Janeiro,Cabo Delgado,Ibo,Homens,0 a 16,0.0
2025,Janeiro,Cabo Delgado,Ibo,Mulheres,0 a 16,0.0
2025,Janeiro,Cabo Delgado,Ibo,Homens,17 a 21,679.0
2025,Janeiro,Cabo Delgado,Ibo,Mulheres,17 a 21,773.0
2025,Janeiro,Cabo Delgado,Ibo,Homens,22 a 60,4065.0
2025,Janeiro,Cabo Delgado,Ibo,Mulheres,22 a 60,3253.0
2025,Janeiro,Cabo Delgado,Ibo,Homens,Mais de 60,187.0
2025,Janeiro,Cabo Delgado,Ibo,Mulheres,Mais de 60,185.0
2025,Janeiro,Cabo Delgado,Ibo,Outros,N/A,0.0
2025,Fevereiro,Cabo Delgado,Ibo,Homens,0 a 16,0.0
2025,Fevereiro,Cabo Delgado,Ibo,Mulheres,0 a 16,0.0
2025,Fevereiro,Cabo Delgado,Ibo,Homens,17 a 21,692.0
2025,Fevereiro,Cabo Delgado,Ibo,Mulheres,17 a 21,798.0
2025,Fevereiro,Cabo Delgado,Ibo,Homens,22 a 60,4110.0
2025,Fevereiro,Cabo Delgado,Ibo,Mulheres,22 a 60,3377.0
2025,Fevereiro,Cabo Delgado,Ibo,Homens,Mais de 60,192.0
2025,Fevereiro,Cabo Delgado,Ibo,Mulheres,Mais de 60,194.0
2025,Fevereiro,Cabo Delgado,Ibo,Outros,N/A,0.0
2025,Março,Cabo Delgado,Ibo,Homens,0 a 16,0.0
2025,Março,Cabo Delgado,Ibo,Mulheres,0 a 16,1.0
2025,Março,Cabo Delgado,Ibo,Homens,17 a 21,698.0
2025,Março,Cabo Delgado,Ibo,Mulheres,17 a 21,815.0
2025,Março,Cabo Delgado,Ibo,Homens,22 a 60,4320.0
2025,Março,Cabo Delgado,Ibo,Mulheres,22 a 60,3473.0
2025,Março,Cabo Delgado,Ibo,Homens,Mais de 60,206.0
2025,Março,Cabo Delgado,Ibo,Mulheres,Mais de 60,210.0
2025,Março,Cabo Delgado,Ibo,Outros,N/A,0.0
2025,Abril,Cabo Delgado,Ibo,Homens,0 a 16,0.0
2025,Abril,Cabo Delgado,Ibo,Mulheres,0 a 16,1.0
2025,Abril,Cabo Delgado,Ibo,Homens,17 a 21,695.0
2025,Abril,Cabo Delgado,Ibo,Mulheres,17 a 21,818.0
2025,Abril,Cabo Delgado,Ibo,Homens,22 a 60,4285.0
2025,Abril,Cabo Delgado,Ibo,Mulheres,22 a 60,3442.0
2025,Abril,Cabo Delgado,Ibo,Homens,Mais de 60,199.0
2025,Abril,Cabo Delgado,Ibo,Mulheres,Mais de 60,205.0
2025,Abril,Cabo Delgado,Ibo,Outros,N/A,0.0
2025,Maio,Cabo Delgado,Ibo,Homens,0 a 16,0.0
2025,Maio,Cabo Delgado,Ibo,Mulheres,0 a 16,2.0
2025,Maio,Cabo Delgado,Ibo,Homens,17 a 21,684.0
2025,Maio,Cabo Delgado,Ibo,Mulheres,17 a 21,815.0
2025,Maio,Cabo Delgado,Ibo,Homens,22 a 60,4212.0
2025,Maio,Cabo Delgado,Ibo,Mulheres,22 a 60,3489.0
2025,Maio,Cabo Delgado,Ibo,Homens,Mais de 60,203.0
2025,Maio,Cabo Delgado,Ibo,Mulheres,Mais de 60,203.0
2025,Maio,Cabo Delgado,Ibo,Outros,N/A,0.0
2025,Junho,Cabo Delgado,Ibo,Homens,0 a 16,0.0
2025,Junho,Cabo Delgado,Ibo,Mulheres,0 a 16,0.0
2025,Junho,Cabo Delgado,Ibo,Homens,17 a 21,654.0
2025,Junho,Cabo Delgado,Ibo,Mulheres,17 a 21,809.0
2025,Junho,Cabo Delgado,Ibo,Homens,22 a 60,4220.0
2025,Junho,Cabo Delgado,Ibo,Mulheres,22 a 60,3518.0
2025,Junho,Cabo Delgado,Ibo,Homens,Mais de 60,218.0
2025,Junho,Cabo Delgado,Ibo,Mulheres,Mais de 60,212.0
2025,Junho,Cabo Delgado,Ibo,Outros,N/A,0.0
2025,Julho,Cabo Delgado,Ibo,Homens,0 a 16,1.0
2025,Julho,Cabo Delgado,Ibo,Mulheres,0 a 16,0.0
2025,Julho,Cabo Delgado,Ibo,Homens,17 a 21,684.0
2025,Julho,Cabo Delgado,Ibo,Mulheres,17 a 21,852.0
2025,Julho,Cabo Delgado,Ibo,Homens,22 a 60,4877.0
2025,Julho,Cabo Delgado,Ibo,Mulheres,22 a 60,3814.0
2025,Julho,Cabo Delgado,Ibo,Homens,Mais de 60,240.0
2025,Julho,Cabo Delgado,Ibo,Mulheres,Mais de 60,221.0
2025,Julho,Cabo Delgado,Ibo,Outros,N/A,1.0
2025,Agosto,Cabo Delgado,Ibo,Homens,0 a 16,1.0
2025,Agosto,Cabo Delgado,Ibo,Mulheres,0 a 16,0.0
2025,Agosto,Cabo Delgado,Ibo,Homens,17 a 21,726.0
2025,Agosto,Cabo Delgado,Ibo,Mulheres,17 a 21,864.0
2025,Agosto,Cabo Delgado,Ibo,Homens,22 a 60,5079.0
2025,Agosto,Cabo Delgado,Ibo,Mulheres,22 a 60,3847.0
2025,Agosto,Cabo Delgado,Ibo,Homens,Mais de 60,254.0
2025,Agosto,Cabo Delgado,Ibo,Mulheres,Mais de 60,243.0
2025,Agosto,Cabo Delgado,Ibo,Outros,N/A,1.0
2025,Setembro,Cabo Delgado,Ibo,Homens,0 a 16,0.0
2025,Setembro,Cabo Delgado,Ibo,Mulheres,0 a 16,0.0
2025,Setembro,Cabo Delgado,Ibo,Homens,17 a 21,743.0
2025,Setembro,Cabo Delgado,Ibo,Mulheres,17 a 21,877.0
2025,Setembro,Cabo Delgado,Ibo,Homens,22 a 60,5182.0
2025,Setembro,Cabo Delgado,Ibo,Mulheres,22 a 60,3945.0
2025,Setembro,Cabo Delgado,Ibo,Homens,Mais de 60,261.0
2025,Setembro,Cabo Delgado,Ibo,Mulheres,Mais de 60,260.0
2025,Setembro,Cabo Delgado,Ibo,Outros,N/A,1.0
2025,Outubro,Cabo Delgado,Ibo,Homens,0 a 16,2.0
2025,Outubro,Cabo Delgado,Ibo,Mulheres,0 a 16,0.0
2025,Outubro,Cabo Delgado,Ibo,Homens,17 a 21,759.0
2025,Outubro,Cabo Delgado,Ibo,Mulheres,17 a 21,921.0
2025,Outubro,Cabo Delgado,Ibo,Homens,22 a 60,5376.0
2025,Outubro,Cabo Delgado,Ibo,Mulheres,22 a 60,4088.0
2025,Outubro,Cabo Delgado,Ibo,Homens,Mais de 60,269.0
2025,Outubro,Cabo Delgado,Ibo,Mulheres,Mais de 60,257.0
2025,Outubro,Cabo Delgado,Ibo,Outros,N/A,1.0
2025,Novembro,Cabo Delgado,Ibo,Homens,0 a 16,2.0
2025,Novembro,Cabo Delgado,Ibo,Mulheres,0 a 16,0.0
2025,Novembro,Cabo Delgado,Ibo,Homens,17 a 21,791.0
2025,Novembro,Cabo Delgado,Ibo,Mulheres,17 a 21,920.0
2025,Novembro,Cabo Delgado,Ibo,Homens,22 a 60,5300.0
2025,Novembro,Cabo Delgado,Ibo,Mulheres,22 a 60,4156.0
2025,Novembro,Cabo Delgado,Ibo,Homens,Mais de 60,256.0
2025,Novembro,Cabo Delgado,Ibo,Mulheres,Mais de 60,262.0
2025,Novembro,Cabo Delgado,Ibo,Outros,N/A,0.0
2025,Dezembro,Cabo Delgado,Ibo,Homens,0 a 16,4.0
2025,Dezembro,Cabo Delgado,Ibo,Mulheres,0 a 16,0.0
2025,Dezembro,Cabo Delgado,Ibo,Homens,17 a 21,838.0
2025,Dezembro,Cabo Delgado,Ibo,Mulheres,17 a 21,954.0
2025,Dezembro,Cabo Delgado,Ibo,Homens,22 a 60,5524.0
2025,Dezembro,Cabo Delgado,Ibo,Mulheres,22 a 60,4182.0
2025,Dezembro,Cabo Delgado,Ibo,Homens,Mais de 60,277.0
2025,Dezembro,Cabo Delgado,Ibo,Mulheres,Mais de 60,251.0
2025,Dezembro,Cabo Delgado,Ibo,Outros,N/A,0.0
2025,Janeiro,Cabo Delgado,Macomia,Homens,0 a 16,20.0
2025,Janeiro,Cabo Delgado,Macomia,Mulheres,0 a 16,16.0
2025,Janeiro,Cabo Delgado,Macomia,Homens,17 a 21,3223.0
2025,Janeiro,Cabo Delgado,Macomia,Mulheres,17 a 21,2989.0
2025,Janeiro,Cabo Delgado,Macomia,Homens,22 a 60,17302.0
2025,Janeiro,Cabo Delgado,Macomia,Mulheres,22 a 60,12562.0
2025,Janeiro,Cabo Delgado,Macomia,Homens,Mais de 60,1556.0
2025,Janeiro,Cabo Delgado,Macomia,Mulheres,Mais de 60,1503.0
2025,Janeiro,Cabo Delgado,Macomia,Outros,N/A,1.0
2025,Fevereiro,Cabo Delgado,Macomia,Homens,0 a 16,21.0
2025,Fevereiro,Cabo Delgado,Macomia,Mulheres,0 a 16,15.0
2025,Fevereiro,Cabo Delgado,Macomia,Homens,17 a 21,3373.0
2025,Fevereiro,Cabo Delgado,Macomia,Mulheres,17 a 21,3099.0
2025,Fevereiro,Cabo Delgado,Macomia,Homens,22 a 60,18167.0
2025,Fevereiro,Cabo Delgado,Macomia,Mulheres,22 a 60,13347.0
2025,Fevereiro,Cabo Delgado,Macomia,Homens,Mais de 60,1640.0
2025,Fevereiro,Cabo Delgado,Macomia,Mulheres,Mais de 60,1582.0
2025,Fevereiro,Cabo Delgado,Macomia,Outros,N/A,2.0
2025,Março,Cabo Delgado,Macomia,Homens,0 a 16,26.0
2025,Março,Cabo Delgado,Macomia,Mulheres,0 a 16,17.0
2025,Março,Cabo Delgado,Macomia,Homens,17 a 21,3546.0
2025,Março,Cabo Delgado,Macomia,Mulheres,17 a 21,3256.0
2025,Março,Cabo Delgado,Macomia,Homens,22 a 60,19513.0
2025,Março,Cabo Delgado,Macomia,Mulheres,22 a 60,14329.0
2025,Março,Cabo Delgado,Macomia,Homens,Mais de 60,1803.0
2025,Março,Cabo Delgado,Macomia,Mulheres,Mais de 60,1769.0
2025,Março,Cabo Delgado,Macomia,Outros,N/A,4.0
2025,Abril,Cabo Delgado,Macomia,Homens,0 a 16,30.0
2025,Abril,Cabo Delgado,Macomia,Mulheres,0 a 16,18.0
2025,Abril,Cabo Delgado,Macomia,Homens,17 a 21,3545.0
2025,Abril,Cabo Delgado,Macomia,Mulheres,17 a 21,3258.0
2025,Abril,Cabo Delgado,Macomia,Homens,22 a 60,19637.0
2025,Abril,Cabo Delgado,Macomia,Mulheres,22 a 60,14509.0
2025,Abril,Cabo Delgado,Macomia,Homens,Mais de 60,1779.0
2025,Abril,Cabo Delgado,Macomia,Mulheres,Mais de 60,1728.0
2025,Abril,Cabo Delgado,Macomia,Outros,N/A,3.0
2025,Maio,Cabo Delgado,Macomia,Homens,0 a 16,33.0
2025,Maio,Cabo Delgado,Macomia,Mulheres,0 a 16,16.0
2025,Maio,Cabo Delgado,Macomia,Homens,17 a 21,3480.0
2025,Maio,Cabo Delgado,Macomia,Mulheres,17 a 21,3239.0
2025,Maio,Cabo Delgado,Macomia,Homens,22 a 60,19638.0
2025,Maio,Cabo Delgado,Macomia,Mulheres,22 a 60,14581.0
2025,Maio,Cabo Delgado,Macomia,Homens,Mais de 60,1790.0
2025,Maio,Cabo Delgado,Macomia,Mulheres,Mais de 60,1722.0
2025,Maio,Cabo Delgado,Macomia,Outros,N/A,1.0
2025,Junho,Cabo Delgado,Macomia,Homens,0 a 16,37.0
2025,Junho,Cabo Delgado,Macomia,Mulheres,0 a 16,12.0
2025,Junho,Cabo Delgado,Macomia,Homens,17 a 21,3477.0
2025,Junho,Cabo Delgado,Macomia,Mulheres,17 a 21,3366.0
2025,Junho,Cabo Delgado,Macomia,Homens,22 a 60,20164.0
2025,Junho,Cabo Delgado,Macomia,Mulheres,22 a 60,15017.0
2025,Junho,Cabo Delgado,Macomia,Homens,Mais de 60,1794.0
2025,Junho,Cabo Delgado,Macomia,Mulheres,Mais de 60,1735.0
2025,Junho,Cabo Delgado,Macomia,Outros,N/A,0.0
2025,Julho,Cabo Delgado,Macomia,Homens,0 a 16,51.0
2025,Julho,Cabo Delgado,Macomia,Mulheres,0 a 16,20.0
2025,Julho,Cabo Delgado,Macomia,Homens,17 a 21,3554.0
2025,Julho,Cabo Delgado,Macomia,Mulheres,17 a 21,3418.0
2025,Julho,Cabo Delgado,Macomia,Homens,22 a 60,20540.0
2025,Julho,Cabo Delgado,Macomia,Mulheres,22 a 60,15465.0
2025,Julho,Cabo Delgado,Macomia,Homens,Mais de 60,1814.0
2025,Julho,Cabo Delgado,Macomia,Mulheres,Mais de 60,1740.0
2025,Julho,Cabo Delgado,Macomia,Outros,N/A,1.0
2025,Agosto,Cabo Delgado,Macomia,Homens,0 a 16,47.0
2025,Agosto,Cabo Delgado,Macomia,Mulheres,0 a 16,21.0
2025,Agosto,Cabo Delgado,Macomia,Homens,17 a 21,3744.0
2025,Agosto,Cabo Delgado,Macomia,Mulheres,17 a 21,3489.0
2025,Agosto,Cabo Delgado,Macomia,Homens,22 a 60,21022.0
2025,Agosto,Cabo Delgado,Macomia,Mulheres,22 a 60,15946.0
2025,Agosto,Cabo Delgado,Macomia,Homens,Mais de 60,1877.0
2025,Agosto,Cabo Delgado,Macomia,Mulheres,Mais de 60,1837.0
2025,Agosto,Cabo Delgado,Macomia,Outros,N/A,1.0
2025,Setembro,Cabo Delgado,Macomia,Homens,0 a 16,50.0
2025,Setembro,Cabo Delgado,Macomia,Mulheres,0 a 16,16.0
2025,Setembro,Cabo Delgado,Macomia,Homens,17 a 21,3865.0
2025,Setembro,Cabo Delgado,Macomia,Mulheres,17 a 21,3609.0
2025,Setembro,Cabo Delgado,Macomia,Homens,22 a 60,21597.0
2025,Setembro,Cabo Delgado,Macomia,Mulheres,22 a 60,16394.0
2025,Setembro,Cabo Delgado,Macomia,Homens,Mais de 60,1910.0
2025,Setembro,Cabo Delgado,Macomia,Mulheres,Mais de 60,1886.0
2025,Setembro,Cabo Delgado,Macomia,Outros,N/A,2.0
2025,Outubro,Cabo Delgado,Macomia,Homens,0 a 16,59.0
2025,Outubro,Cabo Delgado,Macomia,Mulheres,0 a 16,20.0
2025,Outubro,Cabo Delgado,Macomia,Homens,17 a 21,4024.0
2025,Outubro,Cabo Delgado,Macomia,Mulheres,17 a 21,3732.0
2025,Outubro,Cabo Delgado,Macomia,Homens,22 a 60,22347.0
2025,Outubro,Cabo Delgado,Macomia,Mulheres,22 a 60,16952.0
2025,Outubro,Cabo Delgado,Macomia,Homens,Mais de 60,1988.0
2025,Outubro,Cabo Delgado,Macomia,Mulheres,Mais de 60,1935.0
2025,Outubro,Cabo Delgado,Macomia,Outros,N/A,4.0
2025,Novembro,Cabo Delgado,Macomia,Homens,0 a 16,75.0
2025,Novembro,Cabo Delgado,Macomia,Mulheres,0 a 16,21.0
2025,Novembro,Cabo Delgado,Macomia,Homens,17 a 21,4168.0
2025,Novembro,Cabo Delgado,Macomia,Mulheres,17 a 21,3875.0
2025,Novembro,Cabo Delgado,Macomia,Homens,22 a 60,22079.0
2025,Novembro,Cabo Delgado,Macomia,Mulheres,22 a 60,18224.0
2025,Novembro,Cabo Delgado,Macomia,Homens,Mais de 60,1999.0
2025,Novembro,Cabo Delgado,Macomia,Mulheres,Mais de 60,2049.0
2025,Novembro,Cabo Delgado,Macomia,Outros,N/A,1.0
2025,Dezembro,Cabo Delgado,Macomia,Homens,0 a 16,74.0
2025,Dezembro,Cabo Delgado,Macomia,Mulheres,0 a 16,23.0
2025,Dezembro,Cabo Delgado,Macomia,Homens,17 a 21,4331.0
2025,Dezembro,Cabo Delgado,Macomia,Mulheres,17 a 21,3996.0
2025,Dezembro,Cabo Delgado,Macomia,Homens,22 a 60,23218.0
2025,Dezembro,Cabo Delgado,Macomia,Mulheres,22 a 60,17810.0
2025,Dezembro,Cabo Delgado,Macomia,Homens,Mais de 60,2080.0
2025,Dezembro,Cabo Delgado,Macomia,Mulheres,Mais de 60,2022.0
2025,Dezembro,Cabo Delgado,Macomia,Outros,N/A,1.0
2025,Janeiro,Cabo Delgado,Mecufi,Homens,0 a 16,17.0
2025,Janeiro,Cabo Delgado,Mecufi,Mulheres,0 a 16,6.0
2025,Janeiro,Cabo Delgado,Mecufi,Homens,17 a 21,1618.0
2025,Janeiro,Cabo Delgado,Mecufi,Mulheres,17 a 21,1558.0
2025,Janeiro,Cabo Delgado,Mecufi,Homens,22 a 60,8296.0
2025,Janeiro,Cabo Delgado,Mecufi,Mulheres,22 a 60,6362.0
2025,Janeiro,Cabo Delgado,Mecufi,Homens,Mais de 60,450.0
2025,Janeiro,Cabo Delgado,Mecufi,Mulheres,Mais de 60,421.0
2025,Janeiro,Cabo Delgado,Mecufi,Outros,N/A,0.0
2025,Fevereiro,Cabo Delgado,Mecufi,Homens,0 a 16,15.0
2025,Fevereiro,Cabo Delgado,Mecufi,Mulheres,0 a 16,4.0
2025,Fevereiro,Cabo Delgado,Mecufi,Homens,17 a 21,1616.0
2025,Fevereiro,Cabo Delgado,Mecufi,Mulheres,17 a 21,1484.0
2025,Fevereiro,Cabo Delgado,Mecufi,Homens,22 a 60,8322.0
2025,Fevereiro,Cabo Delgado,Mecufi,Mulheres,22 a 60,6225.0
2025,Fevereiro,Cabo Delgado,Mecufi,Homens,Mais de 60,440.0
2025,Fevereiro,Cabo Delgado,Mecufi,Mulheres,Mais de 60,425.0
2025,Fevereiro,Cabo Delgado,Mecufi,Outros,N/A,0.0
2025,Março,Cabo Delgado,Mecufi,Homens,0 a 16,17.0
2025,Março,Cabo Delgado,Mecufi,Mulheres,0 a 16,4.0
2025,Março,Cabo Delgado,Mecufi,Homens,17 a 21,1599.0
2025,Março,Cabo Delgado,Mecufi,Mulheres,17 a 21,1532.0
2025,Março,Cabo Delgado,Mecufi,Homens,22 a 60,8673.0
2025,Março,Cabo Delgado,Mecufi,Mulheres,22 a 60,6549.0
2025,Março,Cabo Delgado,Mecufi,Homens,Mais de 60,470.0
2025,Março,Cabo Delgado,Mecufi,Mulheres,Mais de 60,459.0
2025,Março,Cabo Delgado,Mecufi,Outros,N/A,0.0
2025,Abril,Cabo Delgado,Mecufi,Homens,0 a 16,20.0
2025,Abril,Cabo Delgado,Mecufi,Mulheres,0 a 16,7.0
2025,Abril,Cabo Delgado,Mecufi,Homens,17 a 21,1663.0
2025,Abril,Cabo Delgado,Mecufi,Mulheres,17 a 21,1561.0
2025,Abril,Cabo Delgado,Mecufi,Homens,22 a 60,9032.0
2025,Abril,Cabo Delgado,Mecufi,Mulheres,22 a 60,6880.0
2025,Abril,Cabo Delgado,Mecufi,Homens,Mais de 60,475.0
2025,Abril,Cabo Delgado,Mecufi,Mulheres,Mais de 60,504.0
2025,Abril,Cabo Delgado,Mecufi,Outros,N/A,0.0
2025,Maio,Cabo Delgado,Mecufi,Homens,0 a 16,10.0
2025,Maio,Cabo Delgado,Mecufi,Mulheres,0 a 16,3.0
2025,Maio,Cabo Delgado,Mecufi,Homens,17 a 21,1519.0
2025,Maio,Cabo Delgado,Mecufi,Mulheres,17 a 21,1538.0
2025,Maio,Cabo Delgado,Mecufi,Homens,22 a 60,8581.0
2025,Maio,Cabo Delgado,Mecufi,Mulheres,22 a 60,6756.0
2025,Maio,Cabo Delgado,Mecufi,Homens,Mais de 60,425.0
2025,Maio,Cabo Delgado,Mecufi,Mulheres,Mais de 60,498.0
2025,Maio,Cabo Delgado,Mecufi,Outros,N/A,0.0
2025,Junho,Cabo Delgado,Mecufi,Homens,0 a 16,3.0
2025,Junho,Cabo Delgado,Mecufi,Mulheres,0 a 16,0.0
2025,Junho,Cabo Delgado,Mecufi,Homens,17 a 21,1410.0
2025,Junho,Cabo Delgado,Mecufi,Mulheres,17 a 21,1489.0
2025,Junho,Cabo Delgado,Mecufi,Homens,22 a 60,8178.0
2025,Junho,Cabo Delgado,Mecufi,Mulheres,22 a 60,6676.0
2025,Junho,Cabo Delgado,Mecufi,Homens,Mais de 60,391.0
2025,Junho,Cabo Delgado,Mecufi,Mulheres,Mais de 60,478.0
2025,Junho,Cabo Delgado,Mecufi,Outros,N/A,1.0
2025,Julho,Cabo Delgado,Mecufi,Homens,0 a 16,1.0
2025,Julho,Cabo Delgado,Mecufi,Mulheres,0 a 16,0.0
2025,Julho,Cabo Delgado,Mecufi,Homens,17 a 21,1384.0
2025,Julho,Cabo Delgado,Mecufi,Mulheres,17 a 21,1563.0
2025,Julho,Cabo Delgado,Mecufi,Homens,22 a 60,8496.0
2025,Julho,Cabo Delgado,Mecufi,Mulheres,22 a 60,7083.0
2025,Julho,Cabo Delgado,Mecufi,Homens,Mais de 60,399.0
2025,Julho,Cabo Delgado,Mecufi,Mulheres,Mais de 60,498.0
2025,Julho,Cabo Delgado,Mecufi,Outros,N/A,2.0
2025,Agosto,Cabo Delgado,Mecufi,Homens,0 a 16,1.0
2025,Agosto,Cabo Delgado,Mecufi,Mulheres,0 a 16,2.0
2025,Agosto,Cabo Delgado,Mecufi,Homens,17 a 21,1409.0
2025,Agosto,Cabo Delgado,Mecufi,Mulheres,17 a 21,1608.0
2025,Agosto,Cabo Delgado,Mecufi,Homens,22 a 60,8879.0
2025,Agosto,Cabo Delgado,Mecufi,Mulheres,22 a 60,7283.0
2025,Agosto,Cabo Delgado,Mecufi,Homens,Mais de 60,434.0
2025,Agosto,Cabo Delgado,Mecufi,Mulheres,Mais de 60,529.0
2025,Agosto,Cabo Delgado,Mecufi,Outros,N/A,1.0
2025,Setembro,Cabo Delgado,Mecufi,Homens,0 a 16,9.0
2025,Setembro,Cabo Delgado,Mecufi,Mulheres,0 a 16,5.0
2025,Setembro,Cabo Delgado,Mecufi,Homens,17 a 21,1600.0
2025,Setembro,Cabo Delgado,Mecufi,Mulheres,17 a 21,1752.0
2025,Setembro,Cabo Delgado,Mecufi,Homens,22 a 60,10181.0
2025,Setembro,Cabo Delgado,Mecufi,Mulheres,22 a 60,7863.0
2025,Setembro,Cabo Delgado,Mecufi,Homens,Mais de 60,516.0
2025,Setembro,Cabo Delgado,Mecufi,Mulheres,Mais de 60,598.0
2025,Setembro,Cabo Delgado,Mecufi,Outros,N/A,3.0
2025,Outubro,Cabo Delgado,Mecufi,Homens,0 a 16,17.0
2025,Outubro,Cabo Delgado,Mecufi,Mulheres,0 a 16,10.0
2025,Outubro,Cabo Delgado,Mecufi,Homens,17 a 21,1860.0
2025,Outubro,Cabo Delgado,Mecufi,Mulheres,17 a 21,1938.0
2025,Outubro,Cabo Delgado,Mecufi,Homens,22 a 60,11967.0
2025,Outubro,Cabo Delgado,Mecufi,Mulheres,22 a 60,9206.0
2025,Outubro,Cabo Delgado,Mecufi,Homens,Mais de 60,686.0
2025,Outubro,Cabo Delgado,Mecufi,Mulheres,Mais de 60,759.0
2025,Outubro,Cabo Delgado,Mecufi,Outros,N/A,3.0
2025,Novembro,Cabo Delgado,Mecufi,Homens,0 a 16,21.0
2025,Novembro,Cabo Delgado,Mecufi,Mulheres,0 a 16,16.0
2025,Novembro,Cabo Delgado,Mecufi,Homens,17 a 21,2139.0
2025,Novembro,Cabo Delgado,Mecufi,Mulheres,17 a 21,2102.0
2025,Novembro,Cabo Delgado,Mecufi,Homens,22 a 60,13147.0
2025,Novembro,Cabo Delgado,Mecufi,Mulheres,22 a 60,10467.0
2025,Novembro,Cabo Delgado,Mecufi,Homens,Mais de 60,809.0
2025,Novembro,Cabo Delgado,Mecufi,Mulheres,Mais de 60,839.0
2025,Novembro,Cabo Delgado,Mecufi,Outros,N/A,0.0
2025,Dezembro,Cabo Delgado,Mecufi,Homens,0 a 16,23.0
2025,Dezembro,Cabo Delgado,Mecufi,Mulheres,0 a 16,18.0
2025,Dezembro,Cabo Delgado,Mecufi,Homens,17 a 21,2324.0
2025,Dezembro,Cabo Delgado,Mecufi,Mulheres,17 a 21,2207.0
2025,Dezembro,Cabo Delgado,Mecufi,Homens,22 a 60,14021.0
2025,Dezembro,Cabo Delgado,Mecufi,Mulheres,22 a 60,10572.0
2025,Dezembro,Cabo Delgado,Mecufi,Homens,Mais de 60,848.0
2025,Dezembro,Cabo Delgado,Mecufi,Mulheres,Mais de 60,878.0
2025,Dezembro,Cabo Delgado,Mecufi,Outros,N/A,1.0
2025,Janeiro,Cabo Delgado,Meluco,Homens,0 a 16,5.0
2025,Janeiro,Cabo Delgado,Meluco,Mulheres,0 a 16,4.0
2025,Janeiro,Cabo Delgado,Meluco,Homens,17 a 21,1176.0
2025,Janeiro,Cabo Delgado,Meluco,Mulheres,17 a 21,967.0
2025,Janeiro,Cabo Delgado,Meluco,Homens,22 a 60,5986.0
2025,Janeiro,Cabo Delgado,Meluco,Mulheres,22 a 60,3875.0
2025,Janeiro,Cabo Delgado,Meluco,Homens,Mais de 60,407.0
2025,Janeiro,Cabo Delgado,Meluco,Mulheres,Mais de 60,417.0
2025,Janeiro,Cabo Delgado,Meluco,Outros,N/A,2.0
2025,Fevereiro,Cabo Delgado,Meluco,Homens,0 a 16,8.0
2025,Fevereiro,Cabo Delgado,Meluco,Mulheres,0 a 16,7.0
2025,Fevereiro,Cabo Delgado,Meluco,Homens,17 a 21,1264.0
2025,Fevereiro,Cabo Delgado,Meluco,Mulheres,17 a 21,1027.0
2025,Fevereiro,Cabo Delgado,Meluco,Homens,22 a 60,6313.0
2025,Fevereiro,Cabo Delgado,Meluco,Mulheres,22 a 60,4150.0
2025,Fevereiro,Cabo Delgado,Meluco,Homens,Mais de 60,426.0
2025,Fevereiro,Cabo Delgado,Meluco,Mulheres,Mais de 60,427.0
2025,Fevereiro,Cabo Delgado,Meluco,Outros,N/A,3.0
2025,Março,Cabo Delgado,Meluco,Homens,0 a 16,6.0
2025,Março,Cabo Delgado,Meluco,Mulheres,0 a 16,8.0
2025,Março,Cabo Delgado,Meluco,Homens,17 a 21,1313.0
2025,Março,Cabo Delgado,Meluco,Mulheres,17 a 21,1123.0
2025,Março,Cabo Delgado,Meluco,Homens,22 a 60,6526.0
2025,Março,Cabo Delgado,Meluco,Mulheres,22 a 60,4365.0
2025,Março,Cabo Delgado,Meluco,Homens,Mais de 60,447.0
2025,Março,Cabo Delgado,Meluco,Mulheres,Mais de 60,451.0
2025,Março,Cabo Delgado,Meluco,Outros,N/A,2.0
2025,Abril,Cabo Delgado,Meluco,Homens,0 a 16,12.0
2025,Abril,Cabo Delgado,Meluco,Mulheres,0 a 16,7.0
2025,Abril,Cabo Delgado,Meluco,Homens,17 a 21,1352.0
2025,Abril,Cabo Delgado,Meluco,Mulheres,17 a 21,1139.0
2025,Abril,Cabo Delgado,Meluco,Homens,22 a 60,6406.0
2025,Abril,Cabo Delgado,Meluco,Mulheres,22 a 60,4446.0
2025,Abril,Cabo Delgado,Meluco,Homens,Mais de 60,441.0
2025,Abril,Cabo Delgado,Meluco,Mulheres,Mais de 60,441.0
2025,Abril,Cabo Delgado,Meluco,Outros,N/A,2.0
2025,Maio,Cabo Delgado,Meluco,Homens,0 a 16,9.0
2025,Maio,Cabo Delgado,Meluco,Mulheres,0 a 16,7.0
2025,Maio,Cabo Delgado,Meluco,Homens,17 a 21,1282.0
2025,Maio,Cabo Delgado,Meluco,Mulheres,17 a 21,1100.0
2025,Maio,Cabo Delgado,Meluco,Homens,22 a 60,6426.0
2025,Maio,Cabo Delgado,Meluco,Mulheres,22 a 60,4392.0
2025,Maio,Cabo Delgado,Meluco,Homens,Mais de 60,447.0
2025,Maio,Cabo Delgado,Meluco,Mulheres,Mais de 60,444.0
2025,Maio,Cabo Delgado,Meluco,Outros,N/A,2.0
2025,Junho,Cabo Delgado,Meluco,Homens,0 a 16,4.0
2025,Junho,Cabo Delgado,Meluco,Mulheres,0 a 16,5.0
2025,Junho,Cabo Delgado,Meluco,Homens,17 a 21,1194.0
2025,Junho,Cabo Delgado,Meluco,Mulheres,17 a 21,1063.0
2025,Junho,Cabo Delgado,Meluco,Homens,22 a 60,6386.0
2025,Junho,Cabo Delgado,Meluco,Mulheres,22 a 60,4297.0
2025,Junho,Cabo Delgado,Meluco,Homens,Mais de 60,417.0
2025,Junho,Cabo Delgado,Meluco,Mulheres,Mais de 60,450.0
2025,Junho,Cabo Delgado,Meluco,Outros,N/A,1.0
2025,Julho,Cabo Delgado,Meluco,Homens,0 a 16,3.0
2025,Julho,Cabo Delgado,Meluco,Mulheres,0 a 16,4.0
2025,Julho,Cabo Delgado,Meluco,Homens,17 a 21,1204.0
2025,Julho,Cabo Delgado,Meluco,Mulheres,17 a 21,1085.0
2025,Julho,Cabo Delgado,Meluco,Homens,22 a 60,6638.0
2025,Julho,Cabo Delgado,Meluco,Mulheres,22 a 60,4458.0
2025,Julho,Cabo Delgado,Meluco,Homens,Mais de 60,427.0
2025,Julho,Cabo Delgado,Meluco,Mulheres,Mais de 60,467.0
2025,Julho,Cabo Delgado,Meluco,Outros,N/A,3.0
2025,Agosto,Cabo Delgado,Meluco,Homens,0 a 16,6.0
2025,Agosto,Cabo Delgado,Meluco,Mulheres,0 a 16,3.0
2025,Agosto,Cabo Delgado,Meluco,Homens,17 a 21,1213.0
2025,Agosto,Cabo Delgado,Meluco,Mulheres,17 a 21,1118.0
2025,Agosto,Cabo Delgado,Meluco,Homens,22 a 60,6902.0
2025,Agosto,Cabo Delgado,Meluco,Mulheres,22 a 60,4606.0
2025,Agosto,Cabo Delgado,Meluco,Homens,Mais de 60,434.0
2025,Agosto,Cabo Delgado,Meluco,Mulheres,Mais de 60,489.0
2025,Agosto,Cabo Delgado,Meluco,Outros,N/A,2.0
2025,Setembro,Cabo Delgado,Meluco,Homens,0 a 16,5.0
2025,Setembro,Cabo Delgado,Meluco,Mulheres,0 a 16,4.0
2025,Setembro,Cabo Delgado,Meluco,Homens,17 a 21,1244.0
2025,Setembro,Cabo Delgado,Meluco,Mulheres,17 a 21,1152.0
2025,Setembro,Cabo Delgado,Meluco,Homens,22 a 60,7139.0
2025,Setembro,Cabo Delgado,Meluco,Mulheres,22 a 60,4762.0
2025,Setembro,Cabo Delgado,Meluco,Homens,Mais de 60,467.0
2025,Setembro,Cabo Delgado,Meluco,Mulheres,Mais de 60,498.0
2025,Setembro,Cabo Delgado,Meluco,Outros,N/A,2.0
2025,Outubro,Cabo Delgado,Meluco,Homens,0 a 16,5.0
2025,Outubro,Cabo Delgado,Meluco,Mulheres,0 a 16,11.0
2025,Outubro,Cabo Delgado,Meluco,Homens,17 a 21,1390.0
2025,Outubro,Cabo Delgado,Meluco,Mulheres,17 a 21,1232.0
2025,Outubro,Cabo Delgado,Meluco,Homens,22 a 60,7368.0
2025,Outubro,Cabo Delgado,Meluco,Mulheres,22 a 60,4908.0
2025,Outubro,Cabo Delgado,Meluco,Homens,Mais de 60,484.0
2025,Outubro,Cabo Delgado,Meluco,Mulheres,Mais de 60,528.0
2025,Outubro,Cabo Delgado,Meluco,Outros,N/A,3.0
2025,Novembro,Cabo Delgado,Meluco,Homens,0 a 16,22.0
2025,Novembro,Cabo Delgado,Meluco,Mulheres,0 a 16,15.0
2025,Novembro,Cabo Delgado,Meluco,Homens,17 a 21,1486.0
2025,Novembro,Cabo Delgado,Meluco,Mulheres,17 a 21,1304.0
2025,Novembro,Cabo Delgado,Meluco,Homens,22 a 60,7541.0
2025,Novembro,Cabo Delgado,Meluco,Mulheres,22 a 60,5386.0
2025,Novembro,Cabo Delgado,Meluco,Homens,Mais de 60,477.0
2025,Novembro,Cabo Delgado,Meluco,Mulheres,Mais de 60,525.0
2025,Novembro,Cabo Delgado,Meluco,Outros,N/A,1.0
2025,Dezembro,Cabo Delgado,Meluco,Homens,0 a 16,20.0
2025,Dezembro,Cabo Delgado,Meluco,Mulheres,0 a 16,16.0
2025,Dezembro,Cabo Delgado,Meluco,Homens,17 a 21,1569.0
2025,Dezembro,Cabo Delgado,Meluco,Mulheres,17 a 21,1349.0
2025,Dezembro,Cabo Delgado,Meluco,Homens,22 a 60,7955.0
2025,Dezembro,Cabo Delgado,Meluco,Mulheres,22 a 60,5312.0
2025,Dezembro,Cabo Delgado,Meluco,Homens,Mais de 60,499.0
2025,Dezembro,Cabo Delgado,Meluco,Mulheres,Mais de 60,525.0
2025,Dezembro,Cabo Delgado,Meluco,Outros,N/A,1.0
2025,Janeiro,Cabo Delgado,Mocimboa da Praia,Homens,0 a 16,129.0
2025,Janeiro,Cabo Delgado,Mocimboa da Praia,Mulheres,0 a 16,85.0
2025,Janeiro,Cabo Delgado,Mocimboa da Praia,Homens,17 a 21,6924.0
2025,Janeiro,Cabo Delgado,Mocimboa da Praia,Mulheres,17 a 21,4688.0
2025,Janeiro,Cabo Delgado,Mocimboa da Praia,Homens,22 a 60,38270.0
2025,Janeiro,Cabo Delgado,Mocimboa da Praia,Mulheres,22 a 60,24902.0
2025,Janeiro,Cabo Delgado,Mocimboa da Praia,Homens,Mais de 60,3613.0
2025,Janeiro,Cabo Delgado,Mocimboa da Praia,Mulheres,Mais de 60,3453.0
2025,Janeiro,Cabo Delgado,Mocimboa da Praia,Outros,N/A,2.0
2025,Fevereiro,Cabo Delgado,Mocimboa da Praia,Homens,0 a 16,131.0
2025,Fevereiro,Cabo Delgado,Mocimboa da Praia,Mulheres,0 a 16,79.0
2025,Fevereiro,Cabo Delgado,Mocimboa da Praia,Homens,17 a 21,7069.0
2025,Fevereiro,Cabo Delgado,Mocimboa da Praia,Mulheres,17 a 21,4752.0
2025,Fevereiro,Cabo Delgado,Mocimboa da Praia,Homens,22 a 60,39440.0
2025,Fevereiro,Cabo Delgado,Mocimboa da Praia,Mulheres,22 a 60,25805.0
2025,Fevereiro,Cabo Delgado,Mocimboa da Praia,Homens,Mais de 60,3682.0
2025,Fevereiro,Cabo Delgado,Mocimboa da Praia,Mulheres,Mais de 60,3501.0
2025,Fevereiro,Cabo Delgado,Mocimboa da Praia,Outros,N/A,3.0
2025,Março,Cabo Delgado,Mocimboa da Praia,Homens,0 a 16,131.0
2025,Março,Cabo Delgado,Mocimboa da Praia,Mulheres,0 a 16,84.0
2025,Março,Cabo Delgado,Mocimboa da Praia,Homens,17 a 21,7331.0
2025,Março,Cabo Delgado,Mocimboa da Praia,Mulheres,17 a 21,4982.0
2025,Março,Cabo Delgado,Mocimboa da Praia,Homens,22 a 60,40833.0
2025,Março,Cabo Delgado,Mocimboa da Praia,Mulheres,22 a 60,26973.0
2025,Março,Cabo Delgado,Mocimboa da Praia,Homens,Mais de 60,3783.0
2025,Março,Cabo Delgado,Mocimboa da Praia,Mulheres,Mais de 60,3614.0
2025,Março,Cabo Delgado,Mocimboa da Praia,Outros,N/A,6.0
2025,Abril,Cabo Delgado,Mocimboa da Praia,Homens,0 a 16,161.0
2025,Abril,Cabo Delgado,Mocimboa da Praia,Mulheres,0 a 16,99.0
2025,Abril,Cabo Delgado,Mocimboa da Praia,Homens,17 a 21,7586.0
2025,Abril,Cabo Delgado,Mocimboa da Praia,Mulheres,17 a 21,5211.0
2025,Abril,Cabo Delgado,Mocimboa da Praia,Homens,22 a 60,40885.0
2025,Abril,Cabo Delgado,Mocimboa da Praia,Mulheres,22 a 60,27577.0
2025,Abril,Cabo Delgado,Mocimboa da Praia,Homens,Mais de 60,3756.0
2025,Abril,Cabo Delgado,Mocimboa da Praia,Mulheres,Mais de 60,3583.0
2025,Abril,Cabo Delgado,Mocimboa da Praia,Outros,N/A,4.0
2025,Maio,Cabo Delgado,Mocimboa da Praia,Homens,0 a 16,140.0
2025,Maio,Cabo Delgado,Mocimboa da Praia,Mulheres,0 a 16,85.0
2025,Maio,Cabo Delgado,Mocimboa da Praia,Homens,17 a 21,7388.0
2025,Maio,Cabo Delgado,Mocimboa da Praia,Mulheres,17 a 21,4988.0
2025,Maio,Cabo Delgado,Mocimboa da Praia,Homens,22 a 60,40865.0
2025,Maio,Cabo Delgado,Mocimboa da Praia,Mulheres,22 a 60,27404.0
2025,Maio,Cabo Delgado,Mocimboa da Praia,Homens,Mais de 60,3764.0
2025,Maio,Cabo Delgado,Mocimboa da Praia,Mulheres,Mais de 60,3575.0
2025,Maio,Cabo Delgado,Mocimboa da Praia,Outros,N/A,5.0
2025,Junho,Cabo Delgado,Mocimboa da Praia,Homens,0 a 16,142.0
2025,Junho,Cabo Delgado,Mocimboa da Praia,Mulheres,0 a 16,76.0
2025,Junho,Cabo Delgado,Mocimboa da Praia,Homens,17 a 21,7178.0
2025,Junho,Cabo Delgado,Mocimboa da Praia,Mulheres,17 a 21,4794.0
2025,Junho,Cabo Delgado,Mocimboa da Praia,Homens,22 a 60,41045.0
2025,Junho,Cabo Delgado,Mocimboa da Praia,Mulheres,22 a 60,27135.0
2025,Junho,Cabo Delgado,Mocimboa da Praia,Homens,Mais de 60,3847.0
2025,Junho,Cabo Delgado,Mocimboa da Praia,Mulheres,Mais de 60,3680.0
2025,Junho,Cabo Delgado,Mocimboa da Praia,Outros,N/A,2.0
2025,Julho,Cabo Delgado,Mocimboa da Praia,Homens,0 a 16,162.0
2025,Julho,Cabo Delgado,Mocimboa da Praia,Mulheres,0 a 16,67.0
2025,Julho,Cabo Delgado,Mocimboa da Praia,Homens,17 a 21,7136.0
2025,Julho,Cabo Delgado,Mocimboa da Praia,Mulheres,17 a 21,4838.0
2025,Julho,Cabo Delgado,Mocimboa da Praia,Homens,22 a 60,41083.0
2025,Julho,Cabo Delgado,Mocimboa da Praia,Mulheres,22 a 60,27047.0
2025,Julho,Cabo Delgado,Mocimboa da Praia,Homens,Mais de 60,3796.0
2025,Julho,Cabo Delgado,Mocimboa da Praia,Mulheres,Mais de 60,3650.0
2025,Julho,Cabo Delgado,Mocimboa da Praia,Outros,N/A,9.0
2025,Agosto,Cabo Delgado,Mocimboa da Praia,Homens,0 a 16,163.0
2025,Agosto,Cabo Delgado,Mocimboa da Praia,Mulheres,0 a 16,67.0
2025,Agosto,Cabo Delgado,Mocimboa da Praia,Homens,17 a 21,7434.0
2025,Agosto,Cabo Delgado,Mocimboa da Praia,Mulheres,17 a 21,4958.0
2025,Agosto,Cabo Delgado,Mocimboa da Praia,Homens,22 a 60,41647.0
2025,Agosto,Cabo Delgado,Mocimboa da Praia,Mulheres,22 a 60,27644.0
2025,Agosto,Cabo Delgado,Mocimboa da Praia,Homens,Mais de 60,3903.0
2025,Agosto,Cabo Delgado,Mocimboa da Praia,Mulheres,Mais de 60,3698.0
2025,Agosto,Cabo Delgado,Mocimboa da Praia,Outros,N/A,12.0
2025,Setembro,Cabo Delgado,Mocimboa da Praia,Homens,0 a 16,124.0
2025,Setembro,Cabo Delgado,Mocimboa da Praia,Mulheres,0 a 16,75.0
2025,Setembro,Cabo Delgado,Mocimboa da Praia,Homens,17 a 21,7157.0
2025,Setembro,Cabo Delgado,Mocimboa da Praia,Mulheres,17 a 21,4744.0
2025,Setembro,Cabo Delgado,Mocimboa da Praia,Homens,22 a 60,40759.0
2025,Setembro,Cabo Delgado,Mocimboa da Praia,Mulheres,22 a 60,27135.0
2025,Setembro,Cabo Delgado,Mocimboa da Praia,Homens,Mais de 60,3832.0
2025,Setembro,Cabo Delgado,Mocimboa da Praia,Mulheres,Mais de 60,3634.0
2025,Setembro,Cabo Delgado,Mocimboa da Praia,Outros,N/A,11.0
2025,Outubro,Cabo Delgado,Mocimboa da Praia,Homens,0 a 16,95.0
2025,Outubro,Cabo Delgado,Mocimboa da Praia,Mulheres,0 a 16,57.0
2025,Outubro,Cabo Delgado,Mocimboa da Praia,Homens,17 a 21,6508.0
2025,Outubro,Cabo Delgado,Mocimboa da Praia,Mulheres,17 a 21,4338.0
2025,Outubro,Cabo Delgado,Mocimboa da Praia,Homens,22 a 60,38129.0
2025,Outubro,Cabo Delgado,Mocimboa da Praia,Mulheres,22 a 60,25426.0
2025,Outubro,Cabo Delgado,Mocimboa da Praia,Homens,Mais de 60,3568.0
2025,Outubro,Cabo Delgado,Mocimboa da Praia,Mulheres,Mais de 60,3322.0
2025,Outubro,Cabo Delgado,Mocimboa da Praia,Outros,N/A,11.0
2025,Novembro,Cabo Delgado,Mocimboa da Praia,Homens,0 a 16,97.0
2025,Novembro,Cabo Delgado,Mocimboa da Praia,Mulheres,0 a 16,47.0
2025,Novembro,Cabo Delgado,Mocimboa da Praia,Homens,17 a 21,6386.0
2025,Novembro,Cabo Delgado,Mocimboa da Praia,Mulheres,17 a 21,4379.0
2025,Novembro,Cabo Delgado,Mocimboa da Praia,Homens,22 a 60,35673.0
2025,Novembro,Cabo Delgado,Mocimboa da Praia,Mulheres,22 a 60,26497.0
2025,Novembro,Cabo Delgado,Mocimboa da Praia,Homens,Mais de 60,3384.0
2025,Novembro,Cabo Delgado,Mocimboa da Praia,Mulheres,Mais de 60,3332.0
2025,Novembro,Cabo Delgado,Mocimboa da Praia,Outros,N/A,1.0
2025,Dezembro,Cabo Delgado,Mocimboa da Praia,Homens,0 a 16,87.0
2025,Dezembro,Cabo Delgado,Mocimboa da Praia,Mulheres,0 a 16,38.0
2025,Dezembro,Cabo Delgado,Mocimboa da Praia,Homens,17 a 21,6286.0
2025,Dezembro,Cabo Delgado,Mocimboa da Praia,Mulheres,17 a 21,4330.0
2025,Dezembro,Cabo Delgado,Mocimboa da Praia,Homens,22 a 60,36778.0
2025,Dezembro,Cabo Delgado,Mocimboa da Praia,Mulheres,22 a 60,25022.0
2025,Dezembro,Cabo Delgado,Mocimboa da Praia,Homens,Mais de 60,3439.0
2025,Dezembro,Cabo Delgado,Mocimboa da Praia,Mulheres,Mais de 60,3240.0
2025,Dezembro,Cabo Delgado,Mocimboa da Praia,Outros,N/A,0.0
2025,Janeiro,Cabo Delgado,Montepuez,Homens,0 a 16,234.0
2025,Janeiro,Cabo Delgado,Montepuez,Mulheres,0 a 16,169.0
2025,Janeiro,Cabo Delgado,Montepuez,Homens,17 a 21,19258.0
2025,Janeiro,Cabo Delgado,Montepuez,Mulheres,17 a 21,16981.0
2025,Janeiro,Cabo Delgado,Montepuez,Homens,22 a 60,84847.0
2025,Janeiro,Cabo Delgado,Montepuez,Mulheres,22 a 60,62195.0
2025,Janeiro,Cabo Delgado,Montepuez,Homens,Mais de 60,3967.0
2025,Janeiro,Cabo Delgado,Montepuez,Mulheres,Mais de 60,4159.0
2025,Janeiro,Cabo Delgado,Montepuez,Outros,N/A,51.0
2025,Fevereiro,Cabo Delgado,Montepuez,Homens,0 a 16,246.0
2025,Fevereiro,Cabo Delgado,Montepuez,Mulheres,0 a 16,190.0
2025,Fevereiro,Cabo Delgado,Montepuez,Homens,17 a 21,19784.0
2025,Fevereiro,Cabo Delgado,Montepuez,Mulheres,17 a 21,17482.0
2025,Fevereiro,Cabo Delgado,Montepuez,Homens,22 a 60,86471.0
2025,Fevereiro,Cabo Delgado,Montepuez,Mulheres,22 a 60,63830.0
2025,Fevereiro,Cabo Delgado,Montepuez,Homens,Mais de 60,4124.0
2025,Fevereiro,Cabo Delgado,Montepuez,Mulheres,Mais de 60,4286.0
2025,Fevereiro,Cabo Delgado,Montepuez,Outros,N/A,53.0
2025,Março,Cabo Delgado,Montepuez,Homens,0 a 16,253.0
2025,Março,Cabo Delgado,Montepuez,Mulheres,0 a 16,194.0
2025,Março,Cabo Delgado,Montepuez,Homens,17 a 21,19989.0
2025,Março,Cabo Delgado,Montepuez,Mulheres,17 a 21,17776.0
2025,Março,Cabo Delgado,Montepuez,Homens,22 a 60,89486.0
2025,Março,Cabo Delgado,Montepuez,Mulheres,22 a 60,66512.0
2025,Março,Cabo Delgado,Montepuez,Homens,Mais de 60,4329.0
2025,Março,Cabo Delgado,Montepuez,Mulheres,Mais de 60,4423.0
2025,Março,Cabo Delgado,Montepuez,Outros,N/A,51.0
2025,Abril,Cabo Delgado,Montepuez,Homens,0 a 16,300.0
2025,Abril,Cabo Delgado,Montepuez,Mulheres,0 a 16,224.0
2025,Abril,Cabo Delgado,Montepuez,Homens,17 a 21,20803.0
2025,Abril,Cabo Delgado,Montepuez,Mulheres,17 a 21,18579.0
2025,Abril,Cabo Delgado,Montepuez,Homens,22 a 60,94774.0
2025,Abril,Cabo Delgado,Montepuez,Mulheres,22 a 60,70885.0
2025,Abril,Cabo Delgado,Montepuez,Homens,Mais de 60,4541.0
2025,Abril,Cabo Delgado,Montepuez,Mulheres,Mais de 60,4752.0
2025,Abril,Cabo Delgado,Montepuez,Outros,N/A,46.0
2025,Maio,Cabo Delgado,Montepuez,Homens,0 a 16,253.0
2025,Maio,Cabo Delgado,Montepuez,Mulheres,0 a 16,169.0
2025,Maio,Cabo Delgado,Montepuez,Homens,17 a 21,20047.0
2025,Maio,Cabo Delgado,Montepuez,Mulheres,17 a 21,18094.0
2025,Maio,Cabo Delgado,Montepuez,Homens,22 a 60,94015.0
2025,Maio,Cabo Delgado,Montepuez,Mulheres,22 a 60,70588.0
2025,Maio,Cabo Delgado,Montepuez,Homens,Mais de 60,4593.0
2025,Maio,Cabo Delgado,Montepuez,Mulheres,Mais de 60,4717.0
2025,Maio,Cabo Delgado,Montepuez,Outros,N/A,48.0
2025,Junho,Cabo Delgado,Montepuez,Homens,0 a 16,215.0
2025,Junho,Cabo Delgado,Montepuez,Mulheres,0 a 16,149.0
2025,Junho,Cabo Delgado,Montepuez,Homens,17 a 21,19219.0
2025,Junho,Cabo Delgado,Montepuez,Mulheres,17 a 21,17514.0
2025,Junho,Cabo Delgado,Montepuez,Homens,22 a 60,91031.0
2025,Junho,Cabo Delgado,Montepuez,Mulheres,22 a 60,68719.0
2025,Junho,Cabo Delgado,Montepuez,Homens,Mais de 60,4351.0
2025,Junho,Cabo Delgado,Montepuez,Mulheres,Mais de 60,4514.0
2025,Junho,Cabo Delgado,Montepuez,Outros,N/A,52.0
2025,Julho,Cabo Delgado,Montepuez,Homens,0 a 16,210.0
2025,Julho,Cabo Delgado,Montepuez,Mulheres,0 a 16,138.0
2025,Julho,Cabo Delgado,Montepuez,Homens,17 a 21,18713.0
2025,Julho,Cabo Delgado,Montepuez,Mulheres,17 a 21,17367.0
2025,Julho,Cabo Delgado,Montepuez,Homens,22 a 60,91818.0
2025,Julho,Cabo Delgado,Montepuez,Mulheres,22 a 60,69481.0
2025,Julho,Cabo Delgado,Montepuez,Homens,Mais de 60,4413.0
2025,Julho,Cabo Delgado,Montepuez,Mulheres,Mais de 60,4585.0
2025,Julho,Cabo Delgado,Montepuez,Outros,N/A,56.0
2025,Agosto,Cabo Delgado,Montepuez,Homens,0 a 16,191.0
2025,Agosto,Cabo Delgado,Montepuez,Mulheres,0 a 16,125.0
2025,Agosto,Cabo Delgado,Montepuez,Homens,17 a 21,19022.0
2025,Agosto,Cabo Delgado,Montepuez,Mulheres,17 a 21,17739.0
2025,Agosto,Cabo Delgado,Montepuez,Homens,22 a 60,95074.0
2025,Agosto,Cabo Delgado,Montepuez,Mulheres,22 a 60,71653.0
2025,Agosto,Cabo Delgado,Montepuez,Homens,Mais de 60,4603.0
2025,Agosto,Cabo Delgado,Montepuez,Mulheres,Mais de 60,4717.0
2025,Agosto,Cabo Delgado,Montepuez,Outros,N/A,49.0
2025,Setembro,Cabo Delgado,Montepuez,Homens,0 a 16,178.0
2025,Setembro,Cabo Delgado,Montepuez,Mulheres,0 a 16,119.0
2025,Setembro,Cabo Delgado,Montepuez,Homens,17 a 21,19162.0
2025,Setembro,Cabo Delgado,Montepuez,Mulheres,17 a 21,18078.0
2025,Setembro,Cabo Delgado,Montepuez,Homens,22 a 60,97454.0
2025,Setembro,Cabo Delgado,Montepuez,Mulheres,22 a 60,74466.0
2025,Setembro,Cabo Delgado,Montepuez,Homens,Mais de 60,4683.0
2025,Setembro,Cabo Delgado,Montepuez,Mulheres,Mais de 60,4816.0
2025,Setembro,Cabo Delgado,Montepuez,Outros,N/A,56.0
2025,Outubro,Cabo Delgado,Montepuez,Homens,0 a 16,177.0
2025,Outubro,Cabo Delgado,Montepuez,Mulheres,0 a 16,135.0
2025,Outubro,Cabo Delgado,Montepuez,Homens,17 a 21,19787.0
2025,Outubro,Cabo Delgado,Montepuez,Mulheres,17 a 21,18610.0
2025,Outubro,Cabo Delgado,Montepuez,Homens,22 a 60,101457.0
2025,Outubro,Cabo Delgado,Montepuez,Mulheres,22 a 60,77751.0
2025,Outubro,Cabo Delgado,Montepuez,Homens,Mais de 60,4964.0
2025,Outubro,Cabo Delgado,Montepuez,Mulheres,Mais de 60,5135.0
2025,Outubro,Cabo Delgado,Montepuez,Outros,N/A,61.0
2025,Novembro,Cabo Delgado,Montepuez,Homens,0 a 16,196.0
2025,Novembro,Cabo Delgado,Montepuez,Mulheres,0 a 16,130.0
2025,Novembro,Cabo Delgado,Montepuez,Homens,17 a 21,20216.0
2025,Novembro,Cabo Delgado,Montepuez,Mulheres,17 a 21,19110.0
2025,Novembro,Cabo Delgado,Montepuez,Homens,22 a 60,101554.0
2025,Novembro,Cabo Delgado,Montepuez,Mulheres,22 a 60,82298.0
2025,Novembro,Cabo Delgado,Montepuez,Homens,Mais de 60,4970.0
2025,Novembro,Cabo Delgado,Montepuez,Mulheres,Mais de 60,5280.0
2025,Novembro,Cabo Delgado,Montepuez,Outros,N/A,19.0
2025,Dezembro,Cabo Delgado,Montepuez,Homens,0 a 16,186.0
2025,Dezembro,Cabo Delgado,Montepuez,Mulheres,0 a 16,126.0
2025,Dezembro,Cabo Delgado,Montepuez,Homens,17 a 21,20798.0
2025,Dezembro,Cabo Delgado,Montepuez,Mulheres,17 a 21,19448.0
2025,Dezembro,Cabo Delgado,Montepuez,Homens,22 a 60,107591.0
2025,Dezembro,Cabo Delgado,Montepuez,Mulheres,22 a 60,82870.0
2025,Dezembro,Cabo Delgado,Montepuez,Homens,Mais de 60,5203.0
2025,Dezembro,Cabo Delgado,Montepuez,Mulheres,Mais de 60,5316.0
2025,Dezembro,Cabo Delgado,Montepuez,Outros,N/A,18.0
2025,Janeiro,Cabo Delgado,Mueda,Homens,0 a 16,71.0
2025,Janeiro,Cabo Delgado,Mueda,Mulheres,0 a 16,55.0
2025,Janeiro,Cabo Delgado,Mueda,Homens,17 a 21,11934.0
2025,Janeiro,Cabo Delgado,Mueda,Mulheres,17 a 21,10741.0
2025,Janeiro,Cabo Delgado,Mueda,Homens,22 a 60,51491.0
2025,Janeiro,Cabo Delgado,Mueda,Mulheres,22 a 60,37017.0
2025,Janeiro,Cabo Delgado,Mueda,Homens,Mais de 60,4878.0
2025,Janeiro,Cabo Delgado,Mueda,Mulheres,Mais de 60,5632.0
2025,Janeiro,Cabo Delgado,Mueda,Outros,N/A,13.0
2025,Fevereiro,Cabo Delgado,Mueda,Homens,0 a 16,76.0
2025,Fevereiro,Cabo Delgado,Mueda,Mulheres,0 a 16,68.0
2025,Fevereiro,Cabo Delgado,Mueda,Homens,17 a 21,12163.0
2025,Fevereiro,Cabo Delgado,Mueda,Mulheres,17 a 21,10930.0
2025,Fevereiro,Cabo Delgado,Mueda,Homens,22 a 60,52357.0
2025,Fevereiro,Cabo Delgado,Mueda,Mulheres,22 a 60,37774.0
2025,Fevereiro,Cabo Delgado,Mueda,Homens,Mais de 60,4919.0
2025,Fevereiro,Cabo Delgado,Mueda,Mulheres,Mais de 60,5840.0
2025,Fevereiro,Cabo Delgado,Mueda,Outros,N/A,14.0
2025,Março,Cabo Delgado,Mueda,Homens,0 a 16,93.0
2025,Março,Cabo Delgado,Mueda,Mulheres,0 a 16,64.0
2025,Março,Cabo Delgado,Mueda,Homens,17 a 21,12519.0
2025,Março,Cabo Delgado,Mueda,Mulheres,17 a 21,11289.0
2025,Março,Cabo Delgado,Mueda,Homens,22 a 60,54442.0
2025,Março,Cabo Delgado,Mueda,Mulheres,22 a 60,39519.0
2025,Março,Cabo Delgado,Mueda,Homens,Mais de 60,5208.0
2025,Março,Cabo Delgado,Mueda,Mulheres,Mais de 60,6198.0
2025,Março,Cabo Delgado,Mueda,Outros,N/A,15.0
2025,Abril,Cabo Delgado,Mueda,Homens,0 a 16,114.0
2025,Abril,Cabo Delgado,Mueda,Mulheres,0 a 16,83.0
2025,Abril,Cabo Delgado,Mueda,Homens,17 a 21,12839.0
2025,Abril,Cabo Delgado,Mueda,Mulheres,17 a 21,11519.0
2025,Abril,Cabo Delgado,Mueda,Homens,22 a 60,55359.0
2025,Abril,Cabo Delgado,Mueda,Mulheres,22 a 60,40503.0
2025,Abril,Cabo Delgado,Mueda,Homens,Mais de 60,5267.0
2025,Abril,Cabo Delgado,Mueda,Mulheres,Mais de 60,6215.0
2025,Abril,Cabo Delgado,Mueda,Outros,N/A,11.0
2025,Maio,Cabo Delgado,Mueda,Homens,0 a 16,97.0
2025,Maio,Cabo Delgado,Mueda,Mulheres,0 a 16,71.0
2025,Maio,Cabo Delgado,Mueda,Homens,17 a 21,12641.0
2025,Maio,Cabo Delgado,Mueda,Mulheres,17 a 21,11514.0
2025,Maio,Cabo Delgado,Mueda,Homens,22 a 60,55587.0
2025,Maio,Cabo Delgado,Mueda,Mulheres,22 a 60,41022.0
2025,Maio,Cabo Delgado,Mueda,Homens,Mais de 60,5394.0
2025,Maio,Cabo Delgado,Mueda,Mulheres,Mais de 60,6498.0
2025,Maio,Cabo Delgado,Mueda,Outros,N/A,13.0
2025,Junho,Cabo Delgado,Mueda,Homens,0 a 16,96.0
2025,Junho,Cabo Delgado,Mueda,Mulheres,0 a 16,72.0
2025,Junho,Cabo Delgado,Mueda,Homens,17 a 21,12519.0
2025,Junho,Cabo Delgado,Mueda,Mulheres,17 a 21,11556.0
2025,Junho,Cabo Delgado,Mueda,Homens,22 a 60,55284.0
2025,Junho,Cabo Delgado,Mueda,Mulheres,22 a 60,41307.0
2025,Junho,Cabo Delgado,Mueda,Homens,Mais de 60,5405.0
2025,Junho,Cabo Delgado,Mueda,Mulheres,Mais de 60,6638.0
2025,Junho,Cabo Delgado,Mueda,Outros,N/A,12.0
2025,Julho,Cabo Delgado,Mueda,Homens,0 a 16,115.0
2025,Julho,Cabo Delgado,Mueda,Mulheres,0 a 16,86.0
2025,Julho,Cabo Delgado,Mueda,Homens,17 a 21,12691.0
2025,Julho,Cabo Delgado,Mueda,Mulheres,17 a 21,11854.0
2025,Julho,Cabo Delgado,Mueda,Homens,22 a 60,56134.0
2025,Julho,Cabo Delgado,Mueda,Mulheres,22 a 60,42683.0
2025,Julho,Cabo Delgado,Mueda,Homens,Mais de 60,5431.0
2025,Julho,Cabo Delgado,Mueda,Mulheres,Mais de 60,6752.0
2025,Julho,Cabo Delgado,Mueda,Outros,N/A,18.0
2025,Agosto,Cabo Delgado,Mueda,Homens,0 a 16,111.0
2025,Agosto,Cabo Delgado,Mueda,Mulheres,0 a 16,75.0
2025,Agosto,Cabo Delgado,Mueda,Homens,17 a 21,12889.0
2025,Agosto,Cabo Delgado,Mueda,Mulheres,17 a 21,11984.0
2025,Agosto,Cabo Delgado,Mueda,Homens,22 a 60,57882.0
2025,Agosto,Cabo Delgado,Mueda,Mulheres,22 a 60,43727.0
2025,Agosto,Cabo Delgado,Mueda,Homens,Mais de 60,5578.0
2025,Agosto,Cabo Delgado,Mueda,Mulheres,Mais de 60,6891.0
2025,Agosto,Cabo Delgado,Mueda,Outros,N/A,16.0
2025,Setembro,Cabo Delgado,Mueda,Homens,0 a 16,117.0
2025,Setembro,Cabo Delgado,Mueda,Mulheres,0 a 16,74.0
2025,Setembro,Cabo Delgado,Mueda,Homens,17 a 21,13158.0
2025,Setembro,Cabo Delgado,Mueda,Mulheres,17 a 21,12248.0
2025,Setembro,Cabo Delgado,Mueda,Homens,22 a 60,59204.0
2025,Setembro,Cabo Delgado,Mueda,Mulheres,22 a 60,44998.0
2025,Setembro,Cabo Delgado,Mueda,Homens,Mais de 60,5745.0
2025,Setembro,Cabo Delgado,Mueda,Mulheres,Mais de 60,7060.0
2025,Setembro,Cabo Delgado,Mueda,Outros,N/A,15.0
2025,Outubro,Cabo Delgado,Mueda,Homens,0 a 16,158.0
2025,Outubro,Cabo Delgado,Mueda,Mulheres,0 a 16,88.0
2025,Outubro,Cabo Delgado,Mueda,Homens,17 a 21,14097.0
2025,Outubro,Cabo Delgado,Mueda,Mulheres,17 a 21,12973.0
2025,Outubro,Cabo Delgado,Mueda,Homens,22 a 60,62927.0
2025,Outubro,Cabo Delgado,Mueda,Mulheres,22 a 60,47896.0
2025,Outubro,Cabo Delgado,Mueda,Homens,Mais de 60,6093.0
2025,Outubro,Cabo Delgado,Mueda,Mulheres,Mais de 60,7535.0
2025,Outubro,Cabo Delgado,Mueda,Outros,N/A,18.0
2025,Novembro,Cabo Delgado,Mueda,Homens,0 a 16,156.0
2025,Novembro,Cabo Delgado,Mueda,Mulheres,0 a 16,83.0
2025,Novembro,Cabo Delgado,Mueda,Homens,17 a 21,14390.0
2025,Novembro,Cabo Delgado,Mueda,Mulheres,17 a 21,13371.0
2025,Novembro,Cabo Delgado,Mueda,Homens,22 a 60,62834.0
2025,Novembro,Cabo Delgado,Mueda,Mulheres,22 a 60,51367.0
2025,Novembro,Cabo Delgado,Mueda,Homens,Mais de 60,6154.0
2025,Novembro,Cabo Delgado,Mueda,Mulheres,Mais de 60,7671.0
2025,Novembro,Cabo Delgado,Mueda,Outros,N/A,9.0
2025,Dezembro,Cabo Delgado,Mueda,Homens,0 a 16,143.0
2025,Dezembro,Cabo Delgado,Mueda,Mulheres,0 a 16,98.0
2025,Dezembro,Cabo Delgado,Mueda,Homens,17 a 21,14936.0
2025,Dezembro,Cabo Delgado,Mueda,Mulheres,17 a 21,13661.0
2025,Dezembro,Cabo Delgado,Mueda,Homens,22 a 60,67443.0
2025,Dezembro,Cabo Delgado,Mueda,Mulheres,22 a 60,51804.0
2025,Dezembro,Cabo Delgado,Mueda,Homens,Mais de 60,6362.0
2025,Dezembro,Cabo Delgado,Mueda,Mulheres,Mais de 60,7920.0
2025,Dezembro,Cabo Delgado,Mueda,Outros,N/A,4.0
2025,Janeiro,Cabo Delgado,Muidumbe,Homens,0 a 16,1.0
2025,Janeiro,Cabo Delgado,Muidumbe,Mulheres,0 a 16,0.0
2025,Janeiro,Cabo Delgado,Muidumbe,Homens,17 a 21,1639.0
2025,Janeiro,Cabo Delgado,Muidumbe,Mulheres,17 a 21,1893.0
2025,Janeiro,Cabo Delgado,Muidumbe,Homens,22 a 60,8311.0
2025,Janeiro,Cabo Delgado,Muidumbe,Mulheres,22 a 60,6795.0
2025,Janeiro,Cabo Delgado,Muidumbe,Homens,Mais de 60,1081.0
2025,Janeiro,Cabo Delgado,Muidumbe,Mulheres,Mais de 60,1328.0
2025,Janeiro,Cabo Delgado,Muidumbe,Outros,N/A,0.0
2025,Fevereiro,Cabo Delgado,Muidumbe,Homens,0 a 16,0.0
2025,Fevereiro,Cabo Delgado,Muidumbe,Mulheres,0 a 16,0.0
2025,Fevereiro,Cabo Delgado,Muidumbe,Homens,17 a 21,1716.0
2025,Fevereiro,Cabo Delgado,Muidumbe,Mulheres,17 a 21,1943.0
2025,Fevereiro,Cabo Delgado,Muidumbe,Homens,22 a 60,8412.0
2025,Fevereiro,Cabo Delgado,Muidumbe,Mulheres,22 a 60,7051.0
2025,Fevereiro,Cabo Delgado,Muidumbe,Homens,Mais de 60,1150.0
2025,Fevereiro,Cabo Delgado,Muidumbe,Mulheres,Mais de 60,1385.0
2025,Fevereiro,Cabo Delgado,Muidumbe,Outros,N/A,0.0
2025,Março,Cabo Delgado,Muidumbe,Homens,0 a 16,1.0
2025,Março,Cabo Delgado,Muidumbe,Mulheres,0 a 16,1.0
2025,Março,Cabo Delgado,Muidumbe,Homens,17 a 21,1779.0
2025,Março,Cabo Delgado,Muidumbe,Mulheres,17 a 21,2050.0
2025,Março,Cabo Delgado,Muidumbe,Homens,22 a 60,9282.0
2025,Março,Cabo Delgado,Muidumbe,Mulheres,22 a 60,7595.0
2025,Março,Cabo Delgado,Muidumbe,Homens,Mais de 60,1248.0
2025,Março,Cabo Delgado,Muidumbe,Mulheres,Mais de 60,1541.0
2025,Março,Cabo Delgado,Muidumbe,Outros,N/A,1.0
2025,Abril,Cabo Delgado,Muidumbe,Homens,0 a 16,5.0
2025,Abril,Cabo Delgado,Muidumbe,Mulheres,0 a 16,2.0
2025,Abril,Cabo Delgado,Muidumbe,Homens,17 a 21,1828.0
2025,Abril,Cabo Delgado,Muidumbe,Mulheres,17 a 21,2068.0
2025,Abril,Cabo Delgado,Muidumbe,Homens,22 a 60,9749.0
2025,Abril,Cabo Delgado,Muidumbe,Mulheres,22 a 60,7729.0
2025,Abril,Cabo Delgado,Muidumbe,Homens,Mais de 60,1192.0
2025,Abril,Cabo Delgado,Muidumbe,Mulheres,Mais de 60,1481.0
2025,Abril,Cabo Delgado,Muidumbe,Outros,N/A,1.0
2025,Maio,Cabo Delgado,Muidumbe,Homens,0 a 16,4.0
2025,Maio,Cabo Delgado,Muidumbe,Mulheres,0 a 16,2.0
2025,Maio,Cabo Delgado,Muidumbe,Homens,17 a 21,1875.0
2025,Maio,Cabo Delgado,Muidumbe,Mulheres,17 a 21,2180.0
2025,Maio,Cabo Delgado,Muidumbe,Homens,22 a 60,10044.0
2025,Maio,Cabo Delgado,Muidumbe,Mulheres,22 a 60,8163.0
2025,Maio,Cabo Delgado,Muidumbe,Homens,Mais de 60,1243.0
2025,Maio,Cabo Delgado,Muidumbe,Mulheres,Mais de 60,1543.0
2025,Maio,Cabo Delgado,Muidumbe,Outros,N/A,0.0
2025,Junho,Cabo Delgado,Muidumbe,Homens,0 a 16,1.0
2025,Junho,Cabo Delgado,Muidumbe,Mulheres,0 a 16,1.0
2025,Junho,Cabo Delgado,Muidumbe,Homens,17 a 21,1846.0
2025,Junho,Cabo Delgado,Muidumbe,Mulheres,17 a 21,2185.0
2025,Junho,Cabo Delgado,Muidumbe,Homens,22 a 60,9913.0
2025,Junho,Cabo Delgado,Muidumbe,Mulheres,22 a 60,8215.0
2025,Junho,Cabo Delgado,Muidumbe,Homens,Mais de 60,1287.0
2025,Junho,Cabo Delgado,Muidumbe,Mulheres,Mais de 60,1598.0
2025,Junho,Cabo Delgado,Muidumbe,Outros,N/A,0.0
2025,Julho,Cabo Delgado,Muidumbe,Homens,0 a 16,3.0
2025,Julho,Cabo Delgado,Muidumbe,Mulheres,0 a 16,2.0
2025,Julho,Cabo Delgado,Muidumbe,Homens,17 a 21,1897.0
2025,Julho,Cabo Delgado,Muidumbe,Mulheres,17 a 21,2245.0
2025,Julho,Cabo Delgado,Muidumbe,Homens,22 a 60,10468.0
2025,Julho,Cabo Delgado,Muidumbe,Mulheres,22 a 60,8538.0
2025,Julho,Cabo Delgado,Muidumbe,Homens,Mais de 60,1329.0
2025,Julho,Cabo Delgado,Muidumbe,Mulheres,Mais de 60,1674.0
2025,Julho,Cabo Delgado,Muidumbe,Outros,N/A,0.0
2025,Agosto,Cabo Delgado,Muidumbe,Homens,0 a 16,3.0
2025,Agosto,Cabo Delgado,Muidumbe,Mulheres,0 a 16,3.0
2025,Agosto,Cabo Delgado,Muidumbe,Homens,17 a 21,1973.0
2025,Agosto,Cabo Delgado,Muidumbe,Mulheres,17 a 21,2324.0
2025,Agosto,Cabo Delgado,Muidumbe,Homens,22 a 60,11052.0
2025,Agosto,Cabo Delgado,Muidumbe,Mulheres,22 a 60,8691.0
2025,Agosto,Cabo Delgado,Muidumbe,Homens,Mais de 60,1363.0
2025,Agosto,Cabo Delgado,Muidumbe,Mulheres,Mais de 60,1689.0
2025,Agosto,Cabo Delgado,Muidumbe,Outros,N/A,0.0
2025,Setembro,Cabo Delgado,Muidumbe,Homens,0 a 16,4.0
2025,Setembro,Cabo Delgado,Muidumbe,Mulheres,0 a 16,1.0
2025,Setembro,Cabo Delgado,Muidumbe,Homens,17 a 21,2056.0
2025,Setembro,Cabo Delgado,Muidumbe,Mulheres,17 a 21,2389.0
2025,Setembro,Cabo Delgado,Muidumbe,Homens,22 a 60,11356.0
2025,Setembro,Cabo Delgado,Muidumbe,Mulheres,22 a 60,8943.0
2025,Setembro,Cabo Delgado,Muidumbe,Homens,Mais de 60,1439.0
2025,Setembro,Cabo Delgado,Muidumbe,Mulheres,Mais de 60,1746.0
2025,Setembro,Cabo Delgado,Muidumbe,Outros,N/A,0.0
2025,Outubro,Cabo Delgado,Muidumbe,Homens,0 a 16,4.0
2025,Outubro,Cabo Delgado,Muidumbe,Mulheres,0 a 16,2.0
2025,Outubro,Cabo Delgado,Muidumbe,Homens,17 a 21,2109.0
2025,Outubro,Cabo Delgado,Muidumbe,Mulheres,17 a 21,2447.0
2025,Outubro,Cabo Delgado,Muidumbe,Homens,22 a 60,11770.0
2025,Outubro,Cabo Delgado,Muidumbe,Mulheres,22 a 60,9306.0
2025,Outubro,Cabo Delgado,Muidumbe,Homens,Mais de 60,1453.0
2025,Outubro,Cabo Delgado,Muidumbe,Mulheres,Mais de 60,1760.0
2025,Outubro,Cabo Delgado,Muidumbe,Outros,N/A,0.0
2025,Novembro,Cabo Delgado,Muidumbe,Homens,0 a 16,5.0
2025,Novembro,Cabo Delgado,Muidumbe,Mulheres,0 a 16,7.0
2025,Novembro,Cabo Delgado,Muidumbe,Homens,17 a 21,2257.0
2025,Novembro,Cabo Delgado,Muidumbe,Mulheres,17 a 21,2595.0
2025,Novembro,Cabo Delgado,Muidumbe,Homens,22 a 60,12452.0
2025,Novembro,Cabo Delgado,Muidumbe,Mulheres,22 a 60,9828.0
2025,Novembro,Cabo Delgado,Muidumbe,Homens,Mais de 60,1492.0
2025,Novembro,Cabo Delgado,Muidumbe,Mulheres,Mais de 60,1858.0
2025,Novembro,Cabo Delgado,Muidumbe,Outros,N/A,0.0
2025,Dezembro,Cabo Delgado,Muidumbe,Homens,0 a 16,4.0
2025,Dezembro,Cabo Delgado,Muidumbe,Mulheres,0 a 16,6.0
2025,Dezembro,Cabo Delgado,Muidumbe,Homens,17 a 21,2331.0
2025,Dezembro,Cabo Delgado,Muidumbe,Mulheres,17 a 21,2695.0
2025,Dezembro,Cabo Delgado,Muidumbe,Homens,22 a 60,12712.0
2025,Dezembro,Cabo Delgado,Muidumbe,Mulheres,22 a 60,10024.0
2025,Dezembro,Cabo Delgado,Muidumbe,Homens,Mais de 60,1535.0
2025,Dezembro,Cabo Delgado,Muidumbe,Mulheres,Mais de 60,1877.0
2025,Dezembro,Cabo Delgado,Muidumbe,Outros,N/A,0.0
2025,Janeiro,Cabo Delgado,Namuno,Homens,0 a 16,52.0
2025,Janeiro,Cabo Delgado,Namuno,Mulheres,0 a 16,27.0
2025,Janeiro,Cabo Delgado,Namuno,Homens,17 a 21,4933.0
2025,Janeiro,Cabo Delgado,Namuno,Mulheres,17 a 21,4777.0
2025,Janeiro,Cabo Delgado,Namuno,Homens,22 a 60,26293.0
2025,Janeiro,Cabo Delgado,Namuno,Mulheres,22 a 60,19382.0
2025,Janeiro,Cabo Delgado,Namuno,Homens,Mais de 60,1283.0
2025,Janeiro,Cabo Delgado,Namuno,Mulheres,Mais de 60,1294.0
2025,Janeiro,Cabo Delgado,Namuno,Outros,N/A,2.0
2025,Fevereiro,Cabo Delgado,Namuno,Homens,0 a 16,62.0
2025,Fevereiro,Cabo Delgado,Namuno,Mulheres,0 a 16,33.0
2025,Fevereiro,Cabo Delgado,Namuno,Homens,17 a 21,5081.0
2025,Fevereiro,Cabo Delgado,Namuno,Mulheres,17 a 21,4812.0
2025,Fevereiro,Cabo Delgado,Namuno,Homens,22 a 60,26626.0
2025,Fevereiro,Cabo Delgado,Namuno,Mulheres,22 a 60,19427.0
2025,Fevereiro,Cabo Delgado,Namuno,Homens,Mais de 60,1259.0
2025,Fevereiro,Cabo Delgado,Namuno,Mulheres,Mais de 60,1272.0
2025,Fevereiro,Cabo Delgado,Namuno,Outros,N/A,2.0
2025,Março,Cabo Delgado,Namuno,Homens,0 a 16,63.0
2025,Março,Cabo Delgado,Namuno,Mulheres,0 a 16,37.0
2025,Março,Cabo Delgado,Namuno,Homens,17 a 21,5349.0
2025,Março,Cabo Delgado,Namuno,Mulheres,17 a 21,5081.0
2025,Março,Cabo Delgado,Namuno,Homens,22 a 60,28739.0
2025,Março,Cabo Delgado,Namuno,Mulheres,22 a 60,21123.0
2025,Março,Cabo Delgado,Namuno,Homens,Mais de 60,1349.0
2025,Março,Cabo Delgado,Namuno,Mulheres,Mais de 60,1385.0
2025,Março,Cabo Delgado,Namuno,Outros,N/A,3.0
2025,Abril,Cabo Delgado,Namuno,Homens,0 a 16,78.0
2025,Abril,Cabo Delgado,Namuno,Mulheres,0 a 16,45.0
2025,Abril,Cabo Delgado,Namuno,Homens,17 a 21,5841.0
2025,Abril,Cabo Delgado,Namuno,Mulheres,17 a 21,5452.0
2025,Abril,Cabo Delgado,Namuno,Homens,22 a 60,31110.0
2025,Abril,Cabo Delgado,Namuno,Mulheres,22 a 60,22993.0
2025,Abril,Cabo Delgado,Namuno,Homens,Mais de 60,1426.0
2025,Abril,Cabo Delgado,Namuno,Mulheres,Mais de 60,1485.0
2025,Abril,Cabo Delgado,Namuno,Outros,N/A,3.0
2025,Maio,Cabo Delgado,Namuno,Homens,0 a 16,72.0
2025,Maio,Cabo Delgado,Namuno,Mulheres,0 a 16,44.0
2025,Maio,Cabo Delgado,Namuno,Homens,17 a 21,6058.0
2025,Maio,Cabo Delgado,Namuno,Mulheres,17 a 21,5663.0
2025,Maio,Cabo Delgado,Namuno,Homens,22 a 60,32861.0
2025,Maio,Cabo Delgado,Namuno,Mulheres,22 a 60,24286.0
2025,Maio,Cabo Delgado,Namuno,Homens,Mais de 60,1514.0
2025,Maio,Cabo Delgado,Namuno,Mulheres,Mais de 60,1601.0
2025,Maio,Cabo Delgado,Namuno,Outros,N/A,2.0
2025,Junho,Cabo Delgado,Namuno,Homens,0 a 16,71.0
2025,Junho,Cabo Delgado,Namuno,Mulheres,0 a 16,32.0
2025,Junho,Cabo Delgado,Namuno,Homens,17 a 21,6370.0
2025,Junho,Cabo Delgado,Namuno,Mulheres,17 a 21,5788.0
2025,Junho,Cabo Delgado,Namuno,Homens,22 a 60,34196.0
2025,Junho,Cabo Delgado,Namuno,Mulheres,22 a 60,25629.0
2025,Junho,Cabo Delgado,Namuno,Homens,Mais de 60,1573.0
2025,Junho,Cabo Delgado,Namuno,Mulheres,Mais de 60,1676.0
2025,Junho,Cabo Delgado,Namuno,Outros,N/A,2.0
2025,Julho,Cabo Delgado,Namuno,Homens,0 a 16,77.0
2025,Julho,Cabo Delgado,Namuno,Mulheres,0 a 16,30.0
2025,Julho,Cabo Delgado,Namuno,Homens,17 a 21,6675.0
2025,Julho,Cabo Delgado,Namuno,Mulheres,17 a 21,6157.0
2025,Julho,Cabo Delgado,Namuno,Homens,22 a 60,36572.0
2025,Julho,Cabo Delgado,Namuno,Mulheres,22 a 60,27298.0
2025,Julho,Cabo Delgado,Namuno,Homens,Mais de 60,1690.0
2025,Julho,Cabo Delgado,Namuno,Mulheres,Mais de 60,1759.0
2025,Julho,Cabo Delgado,Namuno,Outros,N/A,6.0
2025,Agosto,Cabo Delgado,Namuno,Homens,0 a 16,80.0
2025,Agosto,Cabo Delgado,Namuno,Mulheres,0 a 16,19.0
2025,Agosto,Cabo Delgado,Namuno,Homens,17 a 21,7003.0
2025,Agosto,Cabo Delgado,Namuno,Mulheres,17 a 21,6585.0
2025,Agosto,Cabo Delgado,Namuno,Homens,22 a 60,38596.0
2025,Agosto,Cabo Delgado,Namuno,Mulheres,22 a 60,28963.0
2025,Agosto,Cabo Delgado,Namuno,Homens,Mais de 60,1774.0
2025,Agosto,Cabo Delgado,Namuno,Mulheres,Mais de 60,1923.0
2025,Agosto,Cabo Delgado,Namuno,Outros,N/A,6.0
2025,Setembro,Cabo Delgado,Namuno,Homens,0 a 16,81.0
2025,Setembro,Cabo Delgado,Namuno,Mulheres,0 a 16,20.0
2025,Setembro,Cabo Delgado,Namuno,Homens,17 a 21,7218.0
2025,Setembro,Cabo Delgado,Namuno,Mulheres,17 a 21,6789.0
2025,Setembro,Cabo Delgado,Namuno,Homens,22 a 60,41350.0
2025,Setembro,Cabo Delgado,Namuno,Mulheres,22 a 60,31102.0
2025,Setembro,Cabo Delgado,Namuno,Homens,Mais de 60,1787.0
2025,Setembro,Cabo Delgado,Namuno,Mulheres,Mais de 60,1925.0
2025,Setembro,Cabo Delgado,Namuno,Outros,N/A,6.0
2025,Outubro,Cabo Delgado,Namuno,Homens,0 a 16,83.0
2025,Outubro,Cabo Delgado,Namuno,Mulheres,0 a 16,16.0
2025,Outubro,Cabo Delgado,Namuno,Homens,17 a 21,7176.0
2025,Outubro,Cabo Delgado,Namuno,Mulheres,17 a 21,6859.0
2025,Outubro,Cabo Delgado,Namuno,Homens,22 a 60,41388.0
2025,Outubro,Cabo Delgado,Namuno,Mulheres,22 a 60,31684.0
2025,Outubro,Cabo Delgado,Namuno,Homens,Mais de 60,1769.0
2025,Outubro,Cabo Delgado,Namuno,Mulheres,Mais de 60,1943.0
2025,Outubro,Cabo Delgado,Namuno,Outros,N/A,4.0
2025,Novembro,Cabo Delgado,Namuno,Homens,0 a 16,81.0
2025,Novembro,Cabo Delgado,Namuno,Mulheres,0 a 16,21.0
2025,Novembro,Cabo Delgado,Namuno,Homens,17 a 21,7229.0
2025,Novembro,Cabo Delgado,Namuno,Mulheres,17 a 21,6763.0
2025,Novembro,Cabo Delgado,Namuno,Homens,22 a 60,41043.0
2025,Novembro,Cabo Delgado,Namuno,Mulheres,22 a 60,31657.0
2025,Novembro,Cabo Delgado,Namuno,Homens,Mais de 60,1742.0
2025,Novembro,Cabo Delgado,Namuno,Mulheres,Mais de 60,1896.0
2025,Novembro,Cabo Delgado,Namuno,Outros,N/A,1.0
2025,Dezembro,Cabo Delgado,Namuno,Homens,0 a 16,64.0
2025,Dezembro,Cabo Delgado,Namuno,Mulheres,0 a 16,23.0
2025,Dezembro,Cabo Delgado,Namuno,Homens,17 a 21,7338.0
2025,Dezembro,Cabo Delgado,Namuno,Mulheres,17 a 21,6803.0
2025,Dezembro,Cabo Delgado,Namuno,Homens,22 a 60,41641.0
2025,Dezembro,Cabo Delgado,Namuno,Mulheres,22 a 60,31575.0
2025,Dezembro,Cabo Delgado,Namuno,Homens,Mais de 60,1738.0
2025,Dezembro,Cabo Delgado,Namuno,Mulheres,Mais de 60,1900.0
2025,Dezembro,Cabo Delgado,Namuno,Outros,N/A,1.0
2025,Janeiro,Cabo Delgado,Nangade,Homens,0 a 16,13.0
2025,Janeiro,Cabo Delgado,Nangade,Mulheres,0 a 16,5.0
2025,Janeiro,Cabo Delgado,Nangade,Homens,17 a 21,3326.0
2025,Janeiro,Cabo Delgado,Nangade,Mulheres,17 a 21,3321.0
2025,Janeiro,Cabo Delgado,Nangade,Homens,22 a 60,17108.0
2025,Janeiro,Cabo Delgado,Nangade,Mulheres,22 a 60,12583.0
2025,Janeiro,Cabo Delgado,Nangade,Homens,Mais de 60,1814.0
2025,Janeiro,Cabo Delgado,Nangade,Mulheres,Mais de 60,2184.0
2025,Janeiro,Cabo Delgado,Nangade,Outros,N/A,2.0
2025,Fevereiro,Cabo Delgado,Nangade,Homens,0 a 16,13.0
2025,Fevereiro,Cabo Delgado,Nangade,Mulheres,0 a 16,6.0
2025,Fevereiro,Cabo Delgado,Nangade,Homens,17 a 21,3318.0
2025,Fevereiro,Cabo Delgado,Nangade,Mulheres,17 a 21,3304.0
2025,Fevereiro,Cabo Delgado,Nangade,Homens,22 a 60,17293.0
2025,Fevereiro,Cabo Delgado,Nangade,Mulheres,22 a 60,12630.0
2025,Fevereiro,Cabo Delgado,Nangade,Homens,Mais de 60,1828.0
2025,Fevereiro,Cabo Delgado,Nangade,Mulheres,Mais de 60,2147.0
2025,Fevereiro,Cabo Delgado,Nangade,Outros,N/A,3.0
2025,Março,Cabo Delgado,Nangade,Homens,0 a 16,8.0
2025,Março,Cabo Delgado,Nangade,Mulheres,0 a 16,7.0
2025,Março,Cabo Delgado,Nangade,Homens,17 a 21,3302.0
2025,Março,Cabo Delgado,Nangade,Mulheres,17 a 21,3324.0
2025,Março,Cabo Delgado,Nangade,Homens,22 a 60,17323.0
2025,Março,Cabo Delgado,Nangade,Mulheres,22 a 60,12768.0
2025,Março,Cabo Delgado,Nangade,Homens,Mais de 60,1847.0
2025,Março,Cabo Delgado,Nangade,Mulheres,Mais de 60,2165.0
2025,Março,Cabo Delgado,Nangade,Outros,N/A,2.0
2025,Abril,Cabo Delgado,Nangade,Homens,0 a 16,16.0
2025,Abril,Cabo Delgado,Nangade,Mulheres,0 a 16,9.0
2025,Abril,Cabo Delgado,Nangade,Homens,17 a 21,3359.0
2025,Abril,Cabo Delgado,Nangade,Mulheres,17 a 21,3341.0
2025,Abril,Cabo Delgado,Nangade,Homens,22 a 60,17711.0
2025,Abril,Cabo Delgado,Nangade,Mulheres,22 a 60,13164.0
2025,Abril,Cabo Delgado,Nangade,Homens,Mais de 60,1869.0
2025,Abril,Cabo Delgado,Nangade,Mulheres,Mais de 60,2147.0
2025,Abril,Cabo Delgado,Nangade,Outros,N/A,3.0
2025,Maio,Cabo Delgado,Nangade,Homens,0 a 16,12.0
2025,Maio,Cabo Delgado,Nangade,Mulheres,0 a 16,8.0
2025,Maio,Cabo Delgado,Nangade,Homens,17 a 21,3259.0
2025,Maio,Cabo Delgado,Nangade,Mulheres,17 a 21,3345.0
2025,Maio,Cabo Delgado,Nangade,Homens,22 a 60,17664.0
2025,Maio,Cabo Delgado,Nangade,Mulheres,22 a 60,13275.0
2025,Maio,Cabo Delgado,Nangade,Homens,Mais de 60,1866.0
2025,Maio,Cabo Delgado,Nangade,Mulheres,Mais de 60,2198.0
2025,Maio,Cabo Delgado,Nangade,Outros,N/A,3.0
2025,Junho,Cabo Delgado,Nangade,Homens,0 a 16,6.0
2025,Junho,Cabo Delgado,Nangade,Mulheres,0 a 16,5.0
2025,Junho,Cabo Delgado,Nangade,Homens,17 a 21,3176.0
2025,Junho,Cabo Delgado,Nangade,Mulheres,17 a 21,3312.0
2025,Junho,Cabo Delgado,Nangade,Homens,22 a 60,17250.0
2025,Junho,Cabo Delgado,Nangade,Mulheres,22 a 60,12943.0
2025,Junho,Cabo Delgado,Nangade,Homens,Mais de 60,1783.0
2025,Junho,Cabo Delgado,Nangade,Mulheres,Mais de 60,2152.0
2025,Junho,Cabo Delgado,Nangade,Outros,N/A,3.0
2025,Julho,Cabo Delgado,Nangade,Homens,0 a 16,9.0
2025,Julho,Cabo Delgado,Nangade,Mulheres,0 a 16,6.0
2025,Julho,Cabo Delgado,Nangade,Homens,17 a 21,3195.0
2025,Julho,Cabo Delgado,Nangade,Mulheres,17 a 21,3374.0
2025,Julho,Cabo Delgado,Nangade,Homens,22 a 60,17704.0
2025,Julho,Cabo Delgado,Nangade,Mulheres,22 a 60,13244.0
2025,Julho,Cabo Delgado,Nangade,Homens,Mais de 60,1822.0
2025,Julho,Cabo Delgado,Nangade,Mulheres,Mais de 60,2159.0
2025,Julho,Cabo Delgado,Nangade,Outros,N/A,5.0
2025,Agosto,Cabo Delgado,Nangade,Homens,0 a 16,19.0
2025,Agosto,Cabo Delgado,Nangade,Mulheres,0 a 16,10.0
2025,Agosto,Cabo Delgado,Nangade,Homens,17 a 21,3234.0
2025,Agosto,Cabo Delgado,Nangade,Mulheres,17 a 21,3382.0
2025,Agosto,Cabo Delgado,Nangade,Homens,22 a 60,17882.0
2025,Agosto,Cabo Delgado,Nangade,Mulheres,22 a 60,13242.0
2025,Agosto,Cabo Delgado,Nangade,Homens,Mais de 60,1855.0
2025,Agosto,Cabo Delgado,Nangade,Mulheres,Mais de 60,2184.0
2025,Agosto,Cabo Delgado,Nangade,Outros,N/A,5.0
2025,Setembro,Cabo Delgado,Nangade,Homens,0 a 16,27.0
2025,Setembro,Cabo Delgado,Nangade,Mulheres,0 a 16,7.0
2025,Setembro,Cabo Delgado,Nangade,Homens,17 a 21,3313.0
2025,Setembro,Cabo Delgado,Nangade,Mulheres,17 a 21,3417.0
2025,Setembro,Cabo Delgado,Nangade,Homens,22 a 60,18190.0
2025,Setembro,Cabo Delgado,Nangade,Mulheres,22 a 60,13664.0
2025,Setembro,Cabo Delgado,Nangade,Homens,Mais de 60,1871.0
2025,Setembro,Cabo Delgado,Nangade,Mulheres,Mais de 60,2216.0
2025,Setembro,Cabo Delgado,Nangade,Outros,N/A,6.0
2025,Outubro,Cabo Delgado,Nangade,Homens,0 a 16,34.0
2025,Outubro,Cabo Delgado,Nangade,Mulheres,0 a 16,10.0
2025,Outubro,Cabo Delgado,Nangade,Homens,17 a 21,3529.0
2025,Outubro,Cabo Delgado,Nangade,Mulheres,17 a 21,3587.0
2025,Outubro,Cabo Delgado,Nangade,Homens,22 a 60,19239.0
2025,Outubro,Cabo Delgado,Nangade,Mulheres,22 a 60,14392.0
2025,Outubro,Cabo Delgado,Nangade,Homens,Mais de 60,1975.0
2025,Outubro,Cabo Delgado,Nangade,Mulheres,Mais de 60,2319.0
2025,Outubro,Cabo Delgado,Nangade,Outros,N/A,6.0
2025,Novembro,Cabo Delgado,Nangade,Homens,0 a 16,38.0
2025,Novembro,Cabo Delgado,Nangade,Mulheres,0 a 16,13.0
2025,Novembro,Cabo Delgado,Nangade,Homens,17 a 21,3907.0
2025,Novembro,Cabo Delgado,Nangade,Mulheres,17 a 21,3946.0
2025,Novembro,Cabo Delgado,Nangade,Homens,22 a 60,20658.0
2025,Novembro,Cabo Delgado,Nangade,Mulheres,22 a 60,16102.0
2025,Novembro,Cabo Delgado,Nangade,Homens,Mais de 60,2072.0
2025,Novembro,Cabo Delgado,Nangade,Mulheres,Mais de 60,2460.0
2025,Novembro,Cabo Delgado,Nangade,Outros,N/A,1.0
2025,Dezembro,Cabo Delgado,Nangade,Homens,0 a 16,35.0
2025,Dezembro,Cabo Delgado,Nangade,Mulheres,0 a 16,17.0
2025,Dezembro,Cabo Delgado,Nangade,Homens,17 a 21,4151.0
2025,Dezembro,Cabo Delgado,Nangade,Mulheres,17 a 21,4087.0
2025,Dezembro,Cabo Delgado,Nangade,Homens,22 a 60,21984.0
2025,Dezembro,Cabo Delgado,Nangade,Mulheres,22 a 60,16628.0
2025,Dezembro,Cabo Delgado,Nangade,Homens,Mais de 60,2171.0
2025,Dezembro,Cabo Delgado,Nangade,Mulheres,Mais de 60,2539.0
2025,Dezembro,Cabo Delgado,Nangade,Outros,N/A,1.0
2025,Janeiro,Cabo Delgado,Palma,Homens,0 a 16,57.0
2025,Janeiro,Cabo Delgado,Palma,Mulheres,0 a 16,36.0
2025,Janeiro,Cabo Delgado,Palma,Homens,17 a 21,4720.0
2025,Janeiro,Cabo Delgado,Palma,Mulheres,17 a 21,2883.0
2025,Janeiro,Cabo Delgado,Palma,Homens,22 a 60,33221.0
2025,Janeiro,Cabo Delgado,Palma,Mulheres,22 a 60,17645.0
2025,Janeiro,Cabo Delgado,Palma,Homens,Mais de 60,2129.0
2025,Janeiro,Cabo Delgado,Palma,Mulheres,Mais de 60,1452.0
2025,Janeiro,Cabo Delgado,Palma,Outros,N/A,33.0
2025,Fevereiro,Cabo Delgado,Palma,Homens,0 a 16,64.0
2025,Fevereiro,Cabo Delgado,Palma,Mulheres,0 a 16,42.0
2025,Fevereiro,Cabo Delgado,Palma,Homens,17 a 21,4797.0
2025,Fevereiro,Cabo Delgado,Palma,Mulheres,17 a 21,2956.0
2025,Fevereiro,Cabo Delgado,Palma,Homens,22 a 60,33299.0
2025,Fevereiro,Cabo Delgado,Palma,Mulheres,22 a 60,18056.0
2025,Fevereiro,Cabo Delgado,Palma,Homens,Mais de 60,2141.0
2025,Fevereiro,Cabo Delgado,Palma,Mulheres,Mais de 60,1499.0
2025,Fevereiro,Cabo Delgado,Palma,Outros,N/A,31.0
2025,Março,Cabo Delgado,Palma,Homens,0 a 16,76.0
2025,Março,Cabo Delgado,Palma,Mulheres,0 a 16,36.0
2025,Março,Cabo Delgado,Palma,Homens,17 a 21,5003.0
2025,Março,Cabo Delgado,Palma,Mulheres,17 a 21,3141.0
2025,Março,Cabo Delgado,Palma,Homens,22 a 60,34269.0
2025,Março,Cabo Delgado,Palma,Mulheres,22 a 60,19008.0
2025,Março,Cabo Delgado,Palma,Homens,Mais de 60,2237.0
2025,Março,Cabo Delgado,Palma,Mulheres,Mais de 60,1543.0
2025,Março,Cabo Delgado,Palma,Outros,N/A,32.0
2025,Abril,Cabo Delgado,Palma,Homens,0 a 16,93.0
2025,Abril,Cabo Delgado,Palma,Mulheres,0 a 16,52.0
2025,Abril,Cabo Delgado,Palma,Homens,17 a 21,5634.0
2025,Abril,Cabo Delgado,Palma,Mulheres,17 a 21,3537.0
2025,Abril,Cabo Delgado,Palma,Homens,22 a 60,36814.0
2025,Abril,Cabo Delgado,Palma,Mulheres,22 a 60,20923.0
2025,Abril,Cabo Delgado,Palma,Homens,Mais de 60,2361.0
2025,Abril,Cabo Delgado,Palma,Mulheres,Mais de 60,1678.0
2025,Abril,Cabo Delgado,Palma,Outros,N/A,23.0
2025,Maio,Cabo Delgado,Palma,Homens,0 a 16,78.0
2025,Maio,Cabo Delgado,Palma,Mulheres,0 a 16,42.0
2025,Maio,Cabo Delgado,Palma,Homens,17 a 21,5146.0
2025,Maio,Cabo Delgado,Palma,Mulheres,17 a 21,3164.0
2025,Maio,Cabo Delgado,Palma,Homens,22 a 60,35159.0
2025,Maio,Cabo Delgado,Palma,Mulheres,22 a 60,19777.0
2025,Maio,Cabo Delgado,Palma,Homens,Mais de 60,2247.0
2025,Maio,Cabo Delgado,Palma,Mulheres,Mais de 60,1582.0
2025,Maio,Cabo Delgado,Palma,Outros,N/A,19.0
2025,Junho,Cabo Delgado,Palma,Homens,0 a 16,50.0
2025,Junho,Cabo Delgado,Palma,Mulheres,0 a 16,24.0
2025,Junho,Cabo Delgado,Palma,Homens,17 a 21,4483.0
2025,Junho,Cabo Delgado,Palma,Mulheres,17 a 21,2636.0
2025,Junho,Cabo Delgado,Palma,Homens,22 a 60,31987.0
2025,Junho,Cabo Delgado,Palma,Mulheres,22 a 60,17180.0
2025,Junho,Cabo Delgado,Palma,Homens,Mais de 60,2080.0
2025,Junho,Cabo Delgado,Palma,Mulheres,Mais de 60,1347.0
2025,Junho,Cabo Delgado,Palma,Outros,N/A,19.0
2025,Julho,Cabo Delgado,Palma,Homens,0 a 16,51.0
2025,Julho,Cabo Delgado,Palma,Mulheres,0 a 16,26.0
2025,Julho,Cabo Delgado,Palma,Homens,17 a 21,4494.0
2025,Julho,Cabo Delgado,Palma,Mulheres,17 a 21,2646.0
2025,Julho,Cabo Delgado,Palma,Homens,22 a 60,32365.0
2025,Julho,Cabo Delgado,Palma,Mulheres,22 a 60,17303.0
2025,Julho,Cabo Delgado,Palma,Homens,Mais de 60,2117.0
2025,Julho,Cabo Delgado,Palma,Mulheres,Mais de 60,1364.0
2025,Julho,Cabo Delgado,Palma,Outros,N/A,24.0
2025,Agosto,Cabo Delgado,Palma,Homens,0 a 16,75.0
2025,Agosto,Cabo Delgado,Palma,Mulheres,0 a 16,25.0
2025,Agosto,Cabo Delgado,Palma,Homens,17 a 21,4682.0
2025,Agosto,Cabo Delgado,Palma,Mulheres,17 a 21,2723.0
2025,Agosto,Cabo Delgado,Palma,Homens,22 a 60,33753.0
2025,Agosto,Cabo Delgado,Palma,Mulheres,22 a 60,18088.0
2025,Agosto,Cabo Delgado,Palma,Homens,Mais de 60,2212.0
2025,Agosto,Cabo Delgado,Palma,Mulheres,Mais de 60,1399.0
2025,Agosto,Cabo Delgado,Palma,Outros,N/A,23.0
2025,Setembro,Cabo Delgado,Palma,Homens,0 a 16,85.0
2025,Setembro,Cabo Delgado,Palma,Mulheres,0 a 16,32.0
2025,Setembro,Cabo Delgado,Palma,Homens,17 a 21,4730.0
2025,Setembro,Cabo Delgado,Palma,Mulheres,17 a 21,2732.0
2025,Setembro,Cabo Delgado,Palma,Homens,22 a 60,34689.0
2025,Setembro,Cabo Delgado,Palma,Mulheres,22 a 60,18279.0
2025,Setembro,Cabo Delgado,Palma,Homens,Mais de 60,2244.0
2025,Setembro,Cabo Delgado,Palma,Mulheres,Mais de 60,1410.0
2025,Setembro,Cabo Delgado,Palma,Outros,N/A,30.0
2025,Outubro,Cabo Delgado,Palma,Homens,0 a 16,98.0
2025,Outubro,Cabo Delgado,Palma,Mulheres,0 a 16,33.0
2025,Outubro,Cabo Delgado,Palma,Homens,17 a 21,4912.0
2025,Outubro,Cabo Delgado,Palma,Mulheres,17 a 21,2880.0
2025,Outubro,Cabo Delgado,Palma,Homens,22 a 60,36263.0
2025,Outubro,Cabo Delgado,Palma,Mulheres,22 a 60,18948.0
2025,Outubro,Cabo Delgado,Palma,Homens,Mais de 60,2344.0
2025,Outubro,Cabo Delgado,Palma,Mulheres,Mais de 60,1497.0
2025,Outubro,Cabo Delgado,Palma,Outros,N/A,33.0
2025,Novembro,Cabo Delgado,Palma,Homens,0 a 16,118.0
2025,Novembro,Cabo Delgado,Palma,Mulheres,0 a 16,41.0
2025,Novembro,Cabo Delgado,Palma,Homens,17 a 21,5144.0
2025,Novembro,Cabo Delgado,Palma,Mulheres,17 a 21,3103.0
2025,Novembro,Cabo Delgado,Palma,Homens,22 a 60,35477.0
2025,Novembro,Cabo Delgado,Palma,Mulheres,22 a 60,22103.0
2025,Novembro,Cabo Delgado,Palma,Homens,Mais de 60,2350.0
2025,Novembro,Cabo Delgado,Palma,Mulheres,Mais de 60,1655.0
2025,Novembro,Cabo Delgado,Palma,Outros,N/A,9.0
2025,Dezembro,Cabo Delgado,Palma,Homens,0 a 16,115.0
2025,Dezembro,Cabo Delgado,Palma,Mulheres,0 a 16,53.0
2025,Dezembro,Cabo Delgado,Palma,Homens,17 a 21,5359.0
2025,Dezembro,Cabo Delgado,Palma,Mulheres,17 a 21,3196.0
2025,Dezembro,Cabo Delgado,Palma,Homens,22 a 60,39100.0
2025,Dezembro,Cabo Delgado,Palma,Mulheres,22 a 60,20938.0
2025,Dezembro,Cabo Delgado,Palma,Homens,Mais de 60,2547.0
2025,Dezembro,Cabo Delgado,Palma,Mulheres,Mais de 60,1601.0
2025,Dezembro,Cabo Delgado,Palma,Outros,N/A,8.0
2025,Janeiro,Cabo Delgado,Pemba-Metuge,Homens,0 a 16,0.0
2025,Janeiro,Cabo Delgado,Pemba-Metuge,Mulheres,0 a 16,0.0
2025,Janeiro,Cabo Delgado,Pemba-Metuge,Homens,17 a 21,7396.0
2025,Janeiro,Cabo Delgado,Pemba-Metuge,Mulheres,17 a 21,8399.0
2025,Janeiro,Cabo Delgado,Pemba-Metuge,Homens,22 a 60,30069.0
2025,Janeiro,Cabo Delgado,Pemba-Metuge,Mulheres,22 a 60,25341.0
2025,Janeiro,Cabo Delgado,Pemba-Metuge,Homens,Mais de 60,1563.0
2025,Janeiro,Cabo Delgado,Pemba-Metuge,Mulheres,Mais de 60,1798.0
2025,Janeiro,Cabo Delgado,Pemba-Metuge,Outros,N/A,0.0
2025,Fevereiro,Cabo Delgado,Pemba-Metuge,Homens,0 a 16,0.0
2025,Fevereiro,Cabo Delgado,Pemba-Metuge,Mulheres,0 a 16,0.0
2025,Fevereiro,Cabo Delgado,Pemba-Metuge,Homens,17 a 21,7450.0
2025,Fevereiro,Cabo Delgado,Pemba-Metuge,Mulheres,17 a 21,8467.0
2025,Fevereiro,Cabo Delgado,Pemba-Metuge,Homens,22 a 60,30216.0
2025,Fevereiro,Cabo Delgado,Pemba-Metuge,Mulheres,22 a 60,25487.0
2025,Fevereiro,Cabo Delgado,Pemba-Metuge,Homens,Mais de 60,1599.0
2025,Fevereiro,Cabo Delgado,Pemba-Metuge,Mulheres,Mais de 60,1852.0
2025,Fevereiro,Cabo Delgado,Pemba-Metuge,Outros,N/A,0.0
2025,Março,Cabo Delgado,Pemba-Metuge,Homens,0 a 16,0.0
2025,Março,Cabo Delgado,Pemba-Metuge,Mulheres,0 a 16,0.0
2025,Março,Cabo Delgado,Pemba-Metuge,Homens,17 a 21,7581.0
2025,Março,Cabo Delgado,Pemba-Metuge,Mulheres,17 a 21,8684.0
2025,Março,Cabo Delgado,Pemba-Metuge,Homens,22 a 60,31132.0
2025,Março,Cabo Delgado,Pemba-Metuge,Mulheres,22 a 60,26299.0
2025,Março,Cabo Delgado,Pemba-Metuge,Homens,Mais de 60,1697.0
2025,Março,Cabo Delgado,Pemba-Metuge,Mulheres,Mais de 60,1929.0
2025,Março,Cabo Delgado,Pemba-Metuge,Outros,N/A,0.0
2025,Abril,Cabo Delgado,Pemba-Metuge,Homens,0 a 16,1.0
2025,Abril,Cabo Delgado,Pemba-Metuge,Mulheres,0 a 16,0.0
2025,Abril,Cabo Delgado,Pemba-Metuge,Homens,17 a 21,7593.0
2025,Abril,Cabo Delgado,Pemba-Metuge,Mulheres,17 a 21,8722.0
2025,Abril,Cabo Delgado,Pemba-Metuge,Homens,22 a 60,31408.0
2025,Abril,Cabo Delgado,Pemba-Metuge,Mulheres,22 a 60,26793.0
2025,Abril,Cabo Delgado,Pemba-Metuge,Homens,Mais de 60,1688.0
2025,Abril,Cabo Delgado,Pemba-Metuge,Mulheres,Mais de 60,1969.0
2025,Abril,Cabo Delgado,Pemba-Metuge,Outros,N/A,0.0
2025,Maio,Cabo Delgado,Pemba-Metuge,Homens,0 a 16,1.0
2025,Maio,Cabo Delgado,Pemba-Metuge,Mulheres,0 a 16,0.0
2025,Maio,Cabo Delgado,Pemba-Metuge,Homens,17 a 21,7794.0
2025,Maio,Cabo Delgado,Pemba-Metuge,Mulheres,17 a 21,9043.0
2025,Maio,Cabo Delgado,Pemba-Metuge,Homens,22 a 60,32678.0
2025,Maio,Cabo Delgado,Pemba-Metuge,Mulheres,22 a 60,28109.0
2025,Maio,Cabo Delgado,Pemba-Metuge,Homens,Mais de 60,1795.0
2025,Maio,Cabo Delgado,Pemba-Metuge,Mulheres,Mais de 60,2153.0
2025,Maio,Cabo Delgado,Pemba-Metuge,Outros,N/A,0.0
2025,Junho,Cabo Delgado,Pemba-Metuge,Homens,0 a 16,0.0
2025,Junho,Cabo Delgado,Pemba-Metuge,Mulheres,0 a 16,0.0
2025,Junho,Cabo Delgado,Pemba-Metuge,Homens,17 a 21,7890.0
2025,Junho,Cabo Delgado,Pemba-Metuge,Mulheres,17 a 21,9364.0
2025,Junho,Cabo Delgado,Pemba-Metuge,Homens,22 a 60,33521.0
2025,Junho,Cabo Delgado,Pemba-Metuge,Mulheres,22 a 60,28982.0
2025,Junho,Cabo Delgado,Pemba-Metuge,Homens,Mais de 60,1832.0
2025,Junho,Cabo Delgado,Pemba-Metuge,Mulheres,Mais de 60,2222.0
2025,Junho,Cabo Delgado,Pemba-Metuge,Outros,N/A,0.0
2025,Julho,Cabo Delgado,Pemba-Metuge,Homens,0 a 16,0.0
2025,Julho,Cabo Delgado,Pemba-Metuge,Mulheres,0 a 16,0.0
2025,Julho,Cabo Delgado,Pemba-Metuge,Homens,17 a 21,8111.0
2025,Julho,Cabo Delgado,Pemba-Metuge,Mulheres,17 a 21,9747.0
2025,Julho,Cabo Delgado,Pemba-Metuge,Homens,22 a 60,35073.0
2025,Julho,Cabo Delgado,Pemba-Metuge,Mulheres,22 a 60,30355.0
2025,Julho,Cabo Delgado,Pemba-Metuge,Homens,Mais de 60,1932.0
2025,Julho,Cabo Delgado,Pemba-Metuge,Mulheres,Mais de 60,2367.0
2025,Julho,Cabo Delgado,Pemba-Metuge,Outros,N/A,0.0
2025,Agosto,Cabo Delgado,Pemba-Metuge,Homens,0 a 16,0.0
2025,Agosto,Cabo Delgado,Pemba-Metuge,Mulheres,0 a 16,0.0
2025,Agosto,Cabo Delgado,Pemba-Metuge,Homens,17 a 21,8371.0
2025,Agosto,Cabo Delgado,Pemba-Metuge,Mulheres,17 a 21,9845.0
2025,Agosto,Cabo Delgado,Pemba-Metuge,Homens,22 a 60,36298.0
2025,Agosto,Cabo Delgado,Pemba-Metuge,Mulheres,22 a 60,30884.0
2025,Agosto,Cabo Delgado,Pemba-Metuge,Homens,Mais de 60,2034.0
2025,Agosto,Cabo Delgado,Pemba-Metuge,Mulheres,Mais de 60,2423.0
2025,Agosto,Cabo Delgado,Pemba-Metuge,Outros,N/A,0.0
2025,Setembro,Cabo Delgado,Pemba-Metuge,Homens,0 a 16,0.0
2025,Setembro,Cabo Delgado,Pemba-Metuge,Mulheres,0 a 16,0.0
2025,Setembro,Cabo Delgado,Pemba-Metuge,Homens,17 a 21,8466.0
2025,Setembro,Cabo Delgado,Pemba-Metuge,Mulheres,17 a 21,10077.0
2025,Setembro,Cabo Delgado,Pemba-Metuge,Homens,22 a 60,36890.0
2025,Setembro,Cabo Delgado,Pemba-Metuge,Mulheres,22 a 60,31458.0
2025,Setembro,Cabo Delgado,Pemba-Metuge,Homens,Mais de 60,2100.0
2025,Setembro,Cabo Delgado,Pemba-Metuge,Mulheres,Mais de 60,2487.0
2025,Setembro,Cabo Delgado,Pemba-Metuge,Outros,N/A,0.0
2025,Outubro,Cabo Delgado,Pemba-Metuge,Homens,0 a 16,20.0
2025,Outubro,Cabo Delgado,Pemba-Metuge,Mulheres,0 a 16,10.0
2025,Outubro,Cabo Delgado,Pemba-Metuge,Homens,17 a 21,9047.0
2025,Outubro,Cabo Delgado,Pemba-Metuge,Mulheres,17 a 21,10613.0
2025,Outubro,Cabo Delgado,Pemba-Metuge,Homens,22 a 60,39522.0
2025,Outubro,Cabo Delgado,Pemba-Metuge,Mulheres,22 a 60,33597.0
2025,Outubro,Cabo Delgado,Pemba-Metuge,Homens,Mais de 60,2327.0
2025,Outubro,Cabo Delgado,Pemba-Metuge,Mulheres,Mais de 60,2734.0
2025,Outubro,Cabo Delgado,Pemba-Metuge,Outros,N/A,1.0
2025,Novembro,Cabo Delgado,Pemba-Metuge,Homens,0 a 16,39.0
2025,Novembro,Cabo Delgado,Pemba-Metuge,Mulheres,0 a 16,35.0
2025,Novembro,Cabo Delgado,Pemba-Metuge,Homens,17 a 21,9798.0
2025,Novembro,Cabo Delgado,Pemba-Metuge,Mulheres,17 a 21,11075.0
2025,Novembro,Cabo Delgado,Pemba-Metuge,Homens,22 a 60,42560.0
2025,Novembro,Cabo Delgado,Pemba-Metuge,Mulheres,22 a 60,35675.0
2025,Novembro,Cabo Delgado,Pemba-Metuge,Homens,Mais de 60,2507.0
2025,Novembro,Cabo Delgado,Pemba-Metuge,Mulheres,Mais de 60,2899.0
2025,Novembro,Cabo Delgado,Pemba-Metuge,Outros,N/A,1.0
2025,Dezembro,Cabo Delgado,Pemba-Metuge,Homens,0 a 16,46.0
2025,Dezembro,Cabo Delgado,Pemba-Metuge,Mulheres,0 a 16,35.0
2025,Dezembro,Cabo Delgado,Pemba-Metuge,Homens,17 a 21,10047.0
2025,Dezembro,Cabo Delgado,Pemba-Metuge,Mulheres,17 a 21,11397.0
2025,Dezembro,Cabo Delgado,Pemba-Metuge,Homens,22 a 60,43729.0
2025,Dezembro,Cabo Delgado,Pemba-Metuge,Mulheres,22 a 60,36215.0
2025,Dezembro,Cabo Delgado,Pemba-Metuge,Homens,Mais de 60,2582.0
2025,Dezembro,Cabo Delgado,Pemba-Metuge,Mulheres,Mais de 60,2973.0
2025,Dezembro,Cabo Delgado,Pemba-Metuge,Outros,N/A,1.0
2025,Janeiro,Cabo Delgado,Quissanga,Homens,0 a 16,2.0
2025,Janeiro,Cabo Delgado,Quissanga,Mulheres,0 a 16,0.0
2025,Janeiro,Cabo Delgado,Quissanga,Homens,17 a 21,833.0
2025,Janeiro,Cabo Delgado,Quissanga,Mulheres,17 a 21,789.0
2025,Janeiro,Cabo Delgado,Quissanga,Homens,22 a 60,5381.0
2025,Janeiro,Cabo Delgado,Quissanga,Mulheres,22 a 60,3971.0
2025,Janeiro,Cabo Delgado,Quissanga,Homens,Mais de 60,289.0
2025,Janeiro,Cabo Delgado,Quissanga,Mulheres,Mais de 60,313.0
2025,Janeiro,Cabo Delgado,Quissanga,Outros,N/A,1.0
2025,Fevereiro,Cabo Delgado,Quissanga,Homens,0 a 16,2.0
2025,Fevereiro,Cabo Delgado,Quissanga,Mulheres,0 a 16,0.0
2025,Fevereiro,Cabo Delgado,Quissanga,Homens,17 a 21,834.0
2025,Fevereiro,Cabo Delgado,Quissanga,Mulheres,17 a 21,801.0
2025,Fevereiro,Cabo Delgado,Quissanga,Homens,22 a 60,5395.0
2025,Fevereiro,Cabo Delgado,Quissanga,Mulheres,22 a 60,4043.0
2025,Fevereiro,Cabo Delgado,Quissanga,Homens,Mais de 60,307.0
2025,Fevereiro,Cabo Delgado,Quissanga,Mulheres,Mais de 60,322.0
2025,Fevereiro,Cabo Delgado,Quissanga,Outros,N/A,0.0
2025,Março,Cabo Delgado,Quissanga,Homens,0 a 16,5.0
2025,Março,Cabo Delgado,Quissanga,Mulheres,0 a 16,2.0
2025,Março,Cabo Delgado,Quissanga,Homens,17 a 21,864.0
2025,Março,Cabo Delgado,Quissanga,Mulheres,17 a 21,830.0
2025,Março,Cabo Delgado,Quissanga,Homens,22 a 60,5691.0
2025,Março,Cabo Delgado,Quissanga,Mulheres,22 a 60,4170.0
2025,Março,Cabo Delgado,Quissanga,Homens,Mais de 60,328.0
2025,Março,Cabo Delgado,Quissanga,Mulheres,Mais de 60,351.0
2025,Março,Cabo Delgado,Quissanga,Outros,N/A,0.0
2025,Abril,Cabo Delgado,Quissanga,Homens,0 a 16,6.0
2025,Abril,Cabo Delgado,Quissanga,Mulheres,0 a 16,4.0
2025,Abril,Cabo Delgado,Quissanga,Homens,17 a 21,954.0
2025,Abril,Cabo Delgado,Quissanga,Mulheres,17 a 21,877.0
2025,Abril,Cabo Delgado,Quissanga,Homens,22 a 60,6019.0
2025,Abril,Cabo Delgado,Quissanga,Mulheres,22 a 60,4482.0
2025,Abril,Cabo Delgado,Quissanga,Homens,Mais de 60,338.0
2025,Abril,Cabo Delgado,Quissanga,Mulheres,Mais de 60,377.0
2025,Abril,Cabo Delgado,Quissanga,Outros,N/A,0.0
2025,Maio,Cabo Delgado,Quissanga,Homens,0 a 16,5.0
2025,Maio,Cabo Delgado,Quissanga,Mulheres,0 a 16,4.0
2025,Maio,Cabo Delgado,Quissanga,Homens,17 a 21,882.0
2025,Maio,Cabo Delgado,Quissanga,Mulheres,17 a 21,852.0
2025,Maio,Cabo Delgado,Quissanga,Homens,22 a 60,5922.0
2025,Maio,Cabo Delgado,Quissanga,Mulheres,22 a 60,4559.0
2025,Maio,Cabo Delgado,Quissanga,Homens,Mais de 60,358.0
2025,Maio,Cabo Delgado,Quissanga,Mulheres,Mais de 60,388.0
2025,Maio,Cabo Delgado,Quissanga,Outros,N/A,0.0
2025,Junho,Cabo Delgado,Quissanga,Homens,0 a 16,2.0
2025,Junho,Cabo Delgado,Quissanga,Mulheres,0 a 16,2.0
2025,Junho,Cabo Delgado,Quissanga,Homens,17 a 21,795.0
2025,Junho,Cabo Delgado,Quissanga,Mulheres,17 a 21,831.0
2025,Junho,Cabo Delgado,Quissanga,Homens,22 a 60,5797.0
2025,Junho,Cabo Delgado,Quissanga,Mulheres,22 a 60,4596.0
2025,Junho,Cabo Delgado,Quissanga,Homens,Mais de 60,358.0
2025,Junho,Cabo Delgado,Quissanga,Mulheres,Mais de 60,400.0
2025,Junho,Cabo Delgado,Quissanga,Outros,N/A,0.0
2025,Julho,Cabo Delgado,Quissanga,Homens,0 a 16,5.0
2025,Julho,Cabo Delgado,Quissanga,Mulheres,0 a 16,2.0
2025,Julho,Cabo Delgado,Quissanga,Homens,17 a 21,934.0
2025,Julho,Cabo Delgado,Quissanga,Mulheres,17 a 21,899.0
2025,Julho,Cabo Delgado,Quissanga,Homens,22 a 60,6844.0
2025,Julho,Cabo Delgado,Quissanga,Mulheres,22 a 60,5146.0
2025,Julho,Cabo Delgado,Quissanga,Homens,Mais de 60,411.0
2025,Julho,Cabo Delgado,Quissanga,Mulheres,Mais de 60,443.0
2025,Julho,Cabo Delgado,Quissanga,Outros,N/A,0.0
2025,Agosto,Cabo Delgado,Quissanga,Homens,0 a 16,10.0
2025,Agosto,Cabo Delgado,Quissanga,Mulheres,0 a 16,2.0
2025,Agosto,Cabo Delgado,Quissanga,Homens,17 a 21,991.0
2025,Agosto,Cabo Delgado,Quissanga,Mulheres,17 a 21,958.0
2025,Agosto,Cabo Delgado,Quissanga,Homens,22 a 60,7281.0
2025,Agosto,Cabo Delgado,Quissanga,Mulheres,22 a 60,5450.0
2025,Agosto,Cabo Delgado,Quissanga,Homens,Mais de 60,424.0
2025,Agosto,Cabo Delgado,Quissanga,Mulheres,Mais de 60,462.0
2025,Agosto,Cabo Delgado,Quissanga,Outros,N/A,0.0
2025,Setembro,Cabo Delgado,Quissanga,Homens,0 a 16,15.0
2025,Setembro,Cabo Delgado,Quissanga,Mulheres,0 a 16,1.0
2025,Setembro,Cabo Delgado,Quissanga,Homens,17 a 21,1027.0
2025,Setembro,Cabo Delgado,Quissanga,Mulheres,17 a 21,1020.0
2025,Setembro,Cabo Delgado,Quissanga,Homens,22 a 60,8115.0
2025,Setembro,Cabo Delgado,Quissanga,Mulheres,22 a 60,5973.0
2025,Setembro,Cabo Delgado,Quissanga,Homens,Mais de 60,443.0
2025,Setembro,Cabo Delgado,Quissanga,Mulheres,Mais de 60,485.0
2025,Setembro,Cabo Delgado,Quissanga,Outros,N/A,0.0
2025,Outubro,Cabo Delgado,Quissanga,Homens,0 a 16,21.0
2025,Outubro,Cabo Delgado,Quissanga,Mulheres,0 a 16,1.0
2025,Outubro,Cabo Delgado,Quissanga,Homens,17 a 21,1112.0
2025,Outubro,Cabo Delgado,Quissanga,Mulheres,17 a 21,1060.0
2025,Outubro,Cabo Delgado,Quissanga,Homens,22 a 60,8804.0
2025,Outubro,Cabo Delgado,Quissanga,Mulheres,22 a 60,6368.0
2025,Outubro,Cabo Delgado,Quissanga,Homens,Mais de 60,479.0
2025,Outubro,Cabo Delgado,Quissanga,Mulheres,Mais de 60,540.0
2025,Outubro,Cabo Delgado,Quissanga,Outros,N/A,0.0
2025,Novembro,Cabo Delgado,Quissanga,Homens,0 a 16,30.0
2025,Novembro,Cabo Delgado,Quissanga,Mulheres,0 a 16,3.0
2025,Novembro,Cabo Delgado,Quissanga,Homens,17 a 21,1252.0
2025,Novembro,Cabo Delgado,Quissanga,Mulheres,17 a 21,1099.0
2025,Novembro,Cabo Delgado,Quissanga,Homens,22 a 60,9379.0
2025,Novembro,Cabo Delgado,Quissanga,Mulheres,22 a 60,6796.0
2025,Novembro,Cabo Delgado,Quissanga,Homens,Mais de 60,537.0
2025,Novembro,Cabo Delgado,Quissanga,Mulheres,Mais de 60,609.0
2025,Novembro,Cabo Delgado,Quissanga,Outros,N/A,0.0
2025,Dezembro,Cabo Delgado,Quissanga,Homens,0 a 16,37.0
2025,Dezembro,Cabo Delgado,Quissanga,Mulheres,0 a 16,5.0
2025,Dezembro,Cabo Delgado,Quissanga,Homens,17 a 21,1352.0
2025,Dezembro,Cabo Delgado,Quissanga,Mulheres,17 a 21,1166.0
2025,Dezembro,Cabo Delgado,Quissanga,Homens,22 a 60,9833.0
2025,Dezembro,Cabo Delgado,Quissanga,Mulheres,22 a 60,6905.0
2025,Dezembro,Cabo Delgado,Quissanga,Homens,Mais de 60,580.0
2025,Dezembro,Cabo Delgado,Quissanga,Mulheres,Mais de 60,652.0
2025,Dezembro,Cabo Delgado,Quissanga,Outros,N/A,0.0
2025,Janeiro,Niassa,Cidade de Lichinga,Homens,0 a 16,500.0
2025,Janeiro,Niassa,Cidade de Lichinga,Mulheres,0 a 16,402.0
2025,Janeiro,Niassa,Cidade de Lichinga,Homens,17 a 21,28735.0
2025,Janeiro,Niassa,Cidade de Lichinga,Mulheres,17 a 21,27723.0
2025,Janeiro,Niassa,Cidade de Lichinga,Homens,22 a 60,134530.0
2025,Janeiro,Niassa,Cidade de Lichinga,Mulheres,22 a 60,114712.0
2025,Janeiro,Niassa,Cidade de Lichinga,Homens,Mais de 60,6884.0
2025,Janeiro,Niassa,Cidade de Lichinga,Mulheres,Mais de 60,7034.0
2025,Janeiro,Niassa,Cidade de Lichinga,Outros,N/A,97.0
2025,Fevereiro,Niassa,Cidade de Lichinga,Homens,0 a 16,578.0
2025,Fevereiro,Niassa,Cidade de Lichinga,Mulheres,0 a 16,459.0
2025,Fevereiro,Niassa,Cidade de Lichinga,Homens,17 a 21,30471.0
2025,Fevereiro,Niassa,Cidade de Lichinga,Mulheres,17 a 21,29200.0
2025,Fevereiro,Niassa,Cidade de Lichinga,Homens,22 a 60,139663.0
2025,Fevereiro,Niassa,Cidade de Lichinga,Mulheres,22 a 60,119593.0
2025,Fevereiro,Niassa,Cidade de Lichinga,Homens,Mais de 60,7263.0
2025,Fevereiro,Niassa,Cidade de Lichinga,Mulheres,Mais de 60,7548.0
2025,Fevereiro,Niassa,Cidade de Lichinga,Outros,N/A,93.0
2025,Março,Niassa,Cidade de Lichinga,Homens,0 a 16,608.0
2025,Março,Niassa,Cidade de Lichinga,Mulheres,0 a 16,469.0
2025,Março,Niassa,Cidade de Lichinga,Homens,17 a 21,31384.0
2025,Março,Niassa,Cidade de Lichinga,Mulheres,17 a 21,30184.0
2025,Março,Niassa,Cidade de Lichinga,Homens,22 a 60,144626.0
2025,Março,Niassa,Cidade de Lichinga,Mulheres,22 a 60,124735.0
2025,Março,Niassa,Cidade de Lichinga,Homens,Mais de 60,7641.0
2025,Março,Niassa,Cidade de Lichinga,Mulheres,Mais de 60,7947.0
2025,Março,Niassa,Cidade de Lichinga,Outros,N/A,96.0
2025,Abril,Niassa,Cidade de Lichinga,Homens,0 a 16,585.0
2025,Abril,Niassa,Cidade de Lichinga,Mulheres,0 a 16,490.0
2025,Abril,Niassa,Cidade de Lichinga,Homens,17 a 21,30796.0
2025,Abril,Niassa,Cidade de Lichinga,Mulheres,17 a 21,29796.0
2025,Abril,Niassa,Cidade de Lichinga,Homens,22 a 60,144169.0
2025,Abril,Niassa,Cidade de Lichinga,Mulheres,22 a 60,124596.0
2025,Abril,Niassa,Cidade de Lichinga,Homens,Mais de 60,7582.0
2025,Abril,Niassa,Cidade de Lichinga,Mulheres,Mais de 60,8004.0
2025,Abril,Niassa,Cidade de Lichinga,Outros,N/A,106.0
2025,Maio,Niassa,Cidade de Lichinga,Homens,0 a 16,598.0
2025,Maio,Niassa,Cidade de Lichinga,Mulheres,0 a 16,435.0
2025,Maio,Niassa,Cidade de Lichinga,Homens,17 a 21,30850.0
2025,Maio,Niassa,Cidade de Lichinga,Mulheres,17 a 21,29975.0
2025,Maio,Niassa,Cidade de Lichinga,Homens,22 a 60,146336.0
2025,Maio,Niassa,Cidade de Lichinga,Mulheres,22 a 60,126105.0
2025,Maio,Niassa,Cidade de Lichinga,Homens,Mais de 60,7658.0
2025,Maio,Niassa,Cidade de Lichinga,Mulheres,Mais de 60,8050.0
2025,Maio,Niassa,Cidade de Lichinga,Outros,N/A,104.0
2025,Junho,Niassa,Cidade de Lichinga,Homens,0 a 16,628.0
2025,Junho,Niassa,Cidade de Lichinga,Mulheres,0 a 16,490.0
2025,Junho,Niassa,Cidade de Lichinga,Homens,17 a 21,32190.0
2025,Junho,Niassa,Cidade de Lichinga,Mulheres,17 a 21,31071.0
2025,Junho,Niassa,Cidade de Lichinga,Homens,22 a 60,151967.0
2025,Junho,Niassa,Cidade de Lichinga,Mulheres,22 a 60,129874.0
2025,Junho,Niassa,Cidade de Lichinga,Homens,Mais de 60,8028.0
2025,Junho,Niassa,Cidade de Lichinga,Mulheres,Mais de 60,8725.0
2025,Junho,Niassa,Cidade de Lichinga,Outros,N/A,99.0
2025,Julho,Niassa,Cidade de Lichinga,Homens,0 a 16,603.0
2025,Julho,Niassa,Cidade de Lichinga,Mulheres,0 a 16,475.0
2025,Julho,Niassa,Cidade de Lichinga,Homens,17 a 21,31520.0
2025,Julho,Niassa,Cidade de Lichinga,Mulheres,17 a 21,30783.0
2025,Julho,Niassa,Cidade de Lichinga,Homens,22 a 60,152844.0
2025,Julho,Niassa,Cidade de Lichinga,Mulheres,22 a 60,129729.0
2025,Julho,Niassa,Cidade de Lichinga,Homens,Mais de 60,7958.0
2025,Julho,Niassa,Cidade de Lichinga,Mulheres,Mais de 60,8533.0
2025,Julho,Niassa,Cidade de Lichinga,Outros,N/A,119.0
2025,Agosto,Niassa,Cidade de Lichinga,Homens,0 a 16,665.0
2025,Agosto,Niassa,Cidade de Lichinga,Mulheres,0 a 16,470.0
2025,Agosto,Niassa,Cidade de Lichinga,Homens,17 a 21,32236.0
2025,Agosto,Niassa,Cidade de Lichinga,Mulheres,17 a 21,31193.0
2025,Agosto,Niassa,Cidade de Lichinga,Homens,22 a 60,158210.0
2025,Agosto,Niassa,Cidade de Lichinga,Mulheres,22 a 60,132196.0
2025,Agosto,Niassa,Cidade de Lichinga,Homens,Mais de 60,8219.0
2025,Agosto,Niassa,Cidade de Lichinga,Mulheres,Mais de 60,8654.0
2025,Agosto,Niassa,Cidade de Lichinga,Outros,N/A,92.0
2025,Setembro,Niassa,Cidade de Lichinga,Homens,0 a 16,648.0
2025,Setembro,Niassa,Cidade de Lichinga,Mulheres,0 a 16,445.0
2025,Setembro,Niassa,Cidade de Lichinga,Homens,17 a 21,32263.0
2025,Setembro,Niassa,Cidade de Lichinga,Mulheres,17 a 21,31420.0
2025,Setembro,Niassa,Cidade de Lichinga,Homens,22 a 60,160431.0
2025,Setembro,Niassa,Cidade de Lichinga,Mulheres,22 a 60,133845.0
2025,Setembro,Niassa,Cidade de Lichinga,Homens,Mais de 60,8330.0
2025,Setembro,Niassa,Cidade de Lichinga,Mulheres,Mais de 60,8700.0
2025,Setembro,Niassa,Cidade de Lichinga,Outros,N/A,92.0
2025,Outubro,Niassa,Cidade de Lichinga,Homens,0 a 16,601.0
2025,Outubro,Niassa,Cidade de Lichinga,Mulheres,0 a 16,426.0
2025,Outubro,Niassa,Cidade de Lichinga,Homens,17 a 21,32904.0
2025,Outubro,Niassa,Cidade de Lichinga,Mulheres,17 a 21,31768.0
2025,Outubro,Niassa,Cidade de Lichinga,Homens,22 a 60,164007.0
2025,Outubro,Niassa,Cidade de Lichinga,Mulheres,22 a 60,137040.0
2025,Outubro,Niassa,Cidade de Lichinga,Homens,Mais de 60,8485.0
2025,Outubro,Niassa,Cidade de Lichinga,Mulheres,Mais de 60,8944.0
2025,Outubro,Niassa,Cidade de Lichinga,Outros,N/A,105.0
2025,Novembro,Niassa,Cidade de Lichinga,Homens,0 a 16,598.0
2025,Novembro,Niassa,Cidade de Lichinga,Mulheres,0 a 16,439.0
2025,Novembro,Niassa,Cidade de Lichinga,Homens,17 a 21,33097.0
2025,Novembro,Niassa,Cidade de Lichinga,Mulheres,17 a 21,32182.0
2025,Novembro,Niassa,Cidade de Lichinga,Homens,22 a 60,159219.0
2025,Novembro,Niassa,Cidade de Lichinga,Mulheres,22 a 60,142026.0
2025,Novembro,Niassa,Cidade de Lichinga,Homens,Mais de 60,8330.0
2025,Novembro,Niassa,Cidade de Lichinga,Mulheres,Mais de 60,9108.0
2025,Novembro,Niassa,Cidade de Lichinga,Outros,N/A,19.0
2025,Dezembro,Niassa,Cidade de Lichinga,Homens,0 a 16,612.0
2025,Dezembro,Niassa,Cidade de Lichinga,Mulheres,0 a 16,426.0
2025,Dezembro,Niassa,Cidade de Lichinga,Homens,17 a 21,33268.0
2025,Dezembro,Niassa,Cidade de Lichinga,Mulheres,17 a 21,32122.0
2025,Dezembro,Niassa,Cidade de Lichinga,Homens,22 a 60,162863.0
2025,Dezembro,Niassa,Cidade de Lichinga,Mulheres,22 a 60,137074.0
2025,Dezembro,Niassa,Cidade de Lichinga,Homens,Mais de 60,8422.0
2025,Dezembro,Niassa,Cidade de Lichinga,Mulheres,Mais de 60,8912.0
2025,Dezembro,Niassa,Cidade de Lichinga,Outros,N/A,20.0
2025,Janeiro,Niassa,Cuamba,Homens,0 a 16,267.0
2025,Janeiro,Niassa,Cuamba,Mulheres,0 a 16,192.0
2025,Janeiro,Niassa,Cuamba,Homens,17 a 21,18531.0
2025,Janeiro,Niassa,Cuamba,Mulheres,17 a 21,14430.0
2025,Janeiro,Niassa,Cuamba,Homens,22 a 60,84554.0
2025,Janeiro,Niassa,Cuamba,Mulheres,22 a 60,65374.0
2025,Janeiro,Niassa,Cuamba,Homens,Mais de 60,4200.0
2025,Janeiro,Niassa,Cuamba,Mulheres,Mais de 60,3745.0
2025,Janeiro,Niassa,Cuamba,Outros,N/A,40.0
2025,Fevereiro,Niassa,Cuamba,Homens,0 a 16,302.0
2025,Fevereiro,Niassa,Cuamba,Mulheres,0 a 16,224.0
2025,Fevereiro,Niassa,Cuamba,Homens,17 a 21,18596.0
2025,Fevereiro,Niassa,Cuamba,Mulheres,17 a 21,14711.0
2025,Fevereiro,Niassa,Cuamba,Homens,22 a 60,85350.0
2025,Fevereiro,Niassa,Cuamba,Mulheres,22 a 60,66646.0
2025,Fevereiro,Niassa,Cuamba,Homens,Mais de 60,4350.0
2025,Fevereiro,Niassa,Cuamba,Mulheres,Mais de 60,3921.0
2025,Fevereiro,Niassa,Cuamba,Outros,N/A,38.0
2025,Março,Niassa,Cuamba,Homens,0 a 16,291.0
2025,Março,Niassa,Cuamba,Mulheres,0 a 16,235.0
2025,Março,Niassa,Cuamba,Homens,17 a 21,18570.0
2025,Março,Niassa,Cuamba,Mulheres,17 a 21,14949.0
2025,Março,Niassa,Cuamba,Homens,22 a 60,86731.0
2025,Março,Niassa,Cuamba,Mulheres,22 a 60,68238.0
2025,Março,Niassa,Cuamba,Homens,Mais de 60,4503.0
2025,Março,Niassa,Cuamba,Mulheres,Mais de 60,4052.0
2025,Março,Niassa,Cuamba,Outros,N/A,39.0
2025,Abril,Niassa,Cuamba,Homens,0 a 16,352.0
2025,Abril,Niassa,Cuamba,Mulheres,0 a 16,275.0
2025,Abril,Niassa,Cuamba,Homens,17 a 21,19166.0
2025,Abril,Niassa,Cuamba,Mulheres,17 a 21,15488.0
2025,Abril,Niassa,Cuamba,Homens,22 a 60,90259.0
2025,Abril,Niassa,Cuamba,Mulheres,22 a 60,71049.0
2025,Abril,Niassa,Cuamba,Homens,Mais de 60,4653.0
2025,Abril,Niassa,Cuamba,Mulheres,Mais de 60,4285.0
2025,Abril,Niassa,Cuamba,Outros,N/A,40.0
2025,Maio,Niassa,Cuamba,Homens,0 a 16,315.0
2025,Maio,Niassa,Cuamba,Mulheres,0 a 16,258.0
2025,Maio,Niassa,Cuamba,Homens,17 a 21,19296.0
2025,Maio,Niassa,Cuamba,Mulheres,17 a 21,15681.0
2025,Maio,Niassa,Cuamba,Homens,22 a 60,93656.0
2025,Maio,Niassa,Cuamba,Mulheres,22 a 60,72975.0
2025,Maio,Niassa,Cuamba,Homens,Mais de 60,4848.0
2025,Maio,Niassa,Cuamba,Mulheres,Mais de 60,4486.0
2025,Maio,Niassa,Cuamba,Outros,N/A,43.0
2025,Junho,Niassa,Cuamba,Homens,0 a 16,319.0
2025,Junho,Niassa,Cuamba,Mulheres,0 a 16,270.0
2025,Junho,Niassa,Cuamba,Homens,17 a 21,19735.0
2025,Junho,Niassa,Cuamba,Mulheres,17 a 21,15990.0
2025,Junho,Niassa,Cuamba,Homens,22 a 60,97905.0
2025,Junho,Niassa,Cuamba,Mulheres,22 a 60,75971.0
2025,Junho,Niassa,Cuamba,Homens,Mais de 60,5069.0
2025,Junho,Niassa,Cuamba,Mulheres,Mais de 60,4683.0
2025,Junho,Niassa,Cuamba,Outros,N/A,53.0
2025,Julho,Niassa,Cuamba,Homens,0 a 16,288.0
2025,Julho,Niassa,Cuamba,Mulheres,0 a 16,253.0
2025,Julho,Niassa,Cuamba,Homens,17 a 21,19291.0
2025,Julho,Niassa,Cuamba,Mulheres,17 a 21,15749.0
2025,Julho,Niassa,Cuamba,Homens,22 a 60,98800.0
2025,Julho,Niassa,Cuamba,Mulheres,22 a 60,75988.0
2025,Julho,Niassa,Cuamba,Homens,Mais de 60,5023.0
2025,Julho,Niassa,Cuamba,Mulheres,Mais de 60,4653.0
2025,Julho,Niassa,Cuamba,Outros,N/A,52.0
2025,Agosto,Niassa,Cuamba,Homens,0 a 16,280.0
2025,Agosto,Niassa,Cuamba,Mulheres,0 a 16,226.0
2025,Agosto,Niassa,Cuamba,Homens,17 a 21,19855.0
2025,Agosto,Niassa,Cuamba,Mulheres,17 a 21,16281.0
2025,Agosto,Niassa,Cuamba,Homens,22 a 60,103117.0
2025,Agosto,Niassa,Cuamba,Mulheres,22 a 60,79195.0
2025,Agosto,Niassa,Cuamba,Homens,Mais de 60,5212.0
2025,Agosto,Niassa,Cuamba,Mulheres,Mais de 60,4815.0
2025,Agosto,Niassa,Cuamba,Outros,N/A,52.0
2025,Setembro,Niassa,Cuamba,Homens,0 a 16,261.0
2025,Setembro,Niassa,Cuamba,Mulheres,0 a 16,194.0
2025,Setembro,Niassa,Cuamba,Homens,17 a 21,19947.0
2025,Setembro,Niassa,Cuamba,Mulheres,17 a 21,16658.0
2025,Setembro,Niassa,Cuamba,Homens,22 a 60,105471.0
2025,Setembro,Niassa,Cuamba,Mulheres,22 a 60,80887.0
2025,Setembro,Niassa,Cuamba,Homens,Mais de 60,5408.0
2025,Setembro,Niassa,Cuamba,Mulheres,Mais de 60,4981.0
2025,Setembro,Niassa,Cuamba,Outros,N/A,51.0
2025,Outubro,Niassa,Cuamba,Homens,0 a 16,251.0
2025,Outubro,Niassa,Cuamba,Mulheres,0 a 16,199.0
2025,Outubro,Niassa,Cuamba,Homens,17 a 21,20285.0
2025,Outubro,Niassa,Cuamba,Mulheres,17 a 21,16931.0
2025,Outubro,Niassa,Cuamba,Homens,22 a 60,107077.0
2025,Outubro,Niassa,Cuamba,Mulheres,22 a 60,82728.0
2025,Outubro,Niassa,Cuamba,Homens,Mais de 60,5563.0
2025,Outubro,Niassa,Cuamba,Mulheres,Mais de 60,5258.0
2025,Outubro,Niassa,Cuamba,Outros,N/A,50.0
2025,Novembro,Niassa,Cuamba,Homens,0 a 16,250.0
2025,Novembro,Niassa,Cuamba,Mulheres,0 a 16,210.0
2025,Novembro,Niassa,Cuamba,Homens,17 a 21,20647.0
2025,Novembro,Niassa,Cuamba,Mulheres,17 a 21,17310.0
2025,Novembro,Niassa,Cuamba,Homens,22 a 60,105936.0
2025,Novembro,Niassa,Cuamba,Mulheres,22 a 60,85170.0
2025,Novembro,Niassa,Cuamba,Homens,Mais de 60,5588.0
2025,Novembro,Niassa,Cuamba,Mulheres,Mais de 60,5339.0
2025,Novembro,Niassa,Cuamba,Outros,N/A,11.0
2025,Dezembro,Niassa,Cuamba,Homens,0 a 16,256.0
2025,Dezembro,Niassa,Cuamba,Mulheres,0 a 16,231.0
2025,Dezembro,Niassa,Cuamba,Homens,17 a 21,20983.0
2025,Dezembro,Niassa,Cuamba,Mulheres,17 a 21,17498.0
2025,Dezembro,Niassa,Cuamba,Homens,22 a 60,108524.0
2025,Dezembro,Niassa,Cuamba,Mulheres,22 a 60,84044.0
2025,Dezembro,Niassa,Cuamba,Homens,Mais de 60,5610.0
2025,Dezembro,Niassa,Cuamba,Mulheres,Mais de 60,5260.0
2025,Dezembro,Niassa,Cuamba,Outros,N/A,7.0
2025,Janeiro,Niassa,Lago,Homens,0 a 16,74.0
2025,Janeiro,Niassa,Lago,Mulheres,0 a 16,59.0
2025,Janeiro,Niassa,Lago,Homens,17 a 21,5516.0
2025,Janeiro,Niassa,Lago,Mulheres,17 a 21,4594.0
2025,Janeiro,Niassa,Lago,Homens,22 a 60,25334.0
2025,Janeiro,Niassa,Lago,Mulheres,22 a 60,19101.0
2025,Janeiro,Niassa,Lago,Homens,Mais de 60,1538.0
2025,Janeiro,Niassa,Lago,Mulheres,Mais de 60,1614.0
2025,Janeiro,Niassa,Lago,Outros,N/A,4.0
2025,Fevereiro,Niassa,Lago,Homens,0 a 16,76.0
2025,Fevereiro,Niassa,Lago,Mulheres,0 a 16,70.0
2025,Fevereiro,Niassa,Lago,Homens,17 a 21,5880.0
2025,Fevereiro,Niassa,Lago,Mulheres,17 a 21,4851.0
2025,Fevereiro,Niassa,Lago,Homens,22 a 60,26223.0
2025,Fevereiro,Niassa,Lago,Mulheres,22 a 60,20121.0
2025,Fevereiro,Niassa,Lago,Homens,Mais de 60,1572.0
2025,Fevereiro,Niassa,Lago,Mulheres,Mais de 60,1720.0
2025,Fevereiro,Niassa,Lago,Outros,N/A,2.0
2025,Março,Niassa,Lago,Homens,0 a 16,92.0
2025,Março,Niassa,Lago,Mulheres,0 a 16,69.0
2025,Março,Niassa,Lago,Homens,17 a 21,5848.0
2025,Março,Niassa,Lago,Mulheres,17 a 21,4963.0
2025,Março,Niassa,Lago,Homens,22 a 60,27048.0
2025,Março,Niassa,Lago,Mulheres,22 a 60,20823.0
2025,Março,Niassa,Lago,Homens,Mais de 60,1657.0
2025,Março,Niassa,Lago,Mulheres,Mais de 60,1793.0
2025,Março,Niassa,Lago,Outros,N/A,5.0
2025,Abril,Niassa,Lago,Homens,0 a 16,106.0
2025,Abril,Niassa,Lago,Mulheres,0 a 16,64.0
2025,Abril,Niassa,Lago,Homens,17 a 21,6156.0
2025,Abril,Niassa,Lago,Mulheres,17 a 21,5211.0
2025,Abril,Niassa,Lago,Homens,22 a 60,28140.0
2025,Abril,Niassa,Lago,Mulheres,22 a 60,21864.0
2025,Abril,Niassa,Lago,Homens,Mais de 60,1717.0
2025,Abril,Niassa,Lago,Mulheres,Mais de 60,1846.0
2025,Abril,Niassa,Lago,Outros,N/A,4.0
2025,Maio,Niassa,Lago,Homens,0 a 16,103.0
2025,Maio,Niassa,Lago,Mulheres,0 a 16,56.0
2025,Maio,Niassa,Lago,Homens,17 a 21,6266.0
2025,Maio,Niassa,Lago,Mulheres,17 a 21,5286.0
2025,Maio,Niassa,Lago,Homens,22 a 60,29098.0
2025,Maio,Niassa,Lago,Mulheres,22 a 60,22663.0
2025,Maio,Niassa,Lago,Homens,Mais de 60,1808.0
2025,Maio,Niassa,Lago,Mulheres,Mais de 60,1985.0
2025,Maio,Niassa,Lago,Outros,N/A,2.0
2025,Junho,Niassa,Lago,Homens,0 a 16,92.0
2025,Junho,Niassa,Lago,Mulheres,0 a 16,66.0
2025,Junho,Niassa,Lago,Homens,17 a 21,6619.0
2025,Junho,Niassa,Lago,Mulheres,17 a 21,5552.0
2025,Junho,Niassa,Lago,Homens,22 a 60,30439.0
2025,Junho,Niassa,Lago,Mulheres,22 a 60,23904.0
2025,Junho,Niassa,Lago,Homens,Mais de 60,1908.0
2025,Junho,Niassa,Lago,Mulheres,Mais de 60,2083.0
2025,Junho,Niassa,Lago,Outros,N/A,3.0
2025,Julho,Niassa,Lago,Homens,0 a 16,97.0
2025,Julho,Niassa,Lago,Mulheres,0 a 16,61.0
2025,Julho,Niassa,Lago,Homens,17 a 21,6414.0
2025,Julho,Niassa,Lago,Mulheres,17 a 21,5597.0
2025,Julho,Niassa,Lago,Homens,22 a 60,31136.0
2025,Julho,Niassa,Lago,Mulheres,22 a 60,24603.0
2025,Julho,Niassa,Lago,Homens,Mais de 60,1893.0
2025,Julho,Niassa,Lago,Mulheres,Mais de 60,2133.0
2025,Julho,Niassa,Lago,Outros,N/A,7.0
2025,Agosto,Niassa,Lago,Homens,0 a 16,109.0
2025,Agosto,Niassa,Lago,Mulheres,0 a 16,62.0
2025,Agosto,Niassa,Lago,Homens,17 a 21,6518.0
2025,Agosto,Niassa,Lago,Mulheres,17 a 21,5599.0
2025,Agosto,Niassa,Lago,Homens,22 a 60,32280.0
2025,Agosto,Niassa,Lago,Mulheres,22 a 60,25123.0
2025,Agosto,Niassa,Lago,Homens,Mais de 60,1962.0
2025,Agosto,Niassa,Lago,Mulheres,Mais de 60,2211.0
2025,Agosto,Niassa,Lago,Outros,N/A,6.0
2025,Setembro,Niassa,Lago,Homens,0 a 16,106.0
2025,Setembro,Niassa,Lago,Mulheres,0 a 16,58.0
2025,Setembro,Niassa,Lago,Homens,17 a 21,6762.0
2025,Setembro,Niassa,Lago,Mulheres,17 a 21,5801.0
2025,Setembro,Niassa,Lago,Homens,22 a 60,33411.0
2025,Setembro,Niassa,Lago,Mulheres,22 a 60,26243.0
2025,Setembro,Niassa,Lago,Homens,Mais de 60,2017.0
2025,Setembro,Niassa,Lago,Mulheres,Mais de 60,2215.0
2025,Setembro,Niassa,Lago,Outros,N/A,6.0
2025,Outubro,Niassa,Lago,Homens,0 a 16,122.0
2025,Outubro,Niassa,Lago,Mulheres,0 a 16,78.0
2025,Outubro,Niassa,Lago,Homens,17 a 21,7302.0
2025,Outubro,Niassa,Lago,Mulheres,17 a 21,6233.0
2025,Outubro,Niassa,Lago,Homens,22 a 60,35921.0
2025,Outubro,Niassa,Lago,Mulheres,22 a 60,27976.0
2025,Outubro,Niassa,Lago,Homens,Mais de 60,2214.0
2025,Outubro,Niassa,Lago,Mulheres,Mais de 60,2392.0
2025,Outubro,Niassa,Lago,Outros,N/A,6.0
2025,Novembro,Niassa,Lago,Homens,0 a 16,131.0
2025,Novembro,Niassa,Lago,Mulheres,0 a 16,77.0
2025,Novembro,Niassa,Lago,Homens,17 a 21,7531.0
2025,Novembro,Niassa,Lago,Mulheres,17 a 21,6396.0
2025,Novembro,Niassa,Lago,Homens,22 a 60,35825.0
2025,Novembro,Niassa,Lago,Mulheres,22 a 60,28682.0
2025,Novembro,Niassa,Lago,Homens,Mais de 60,2206.0
2025,Novembro,Niassa,Lago,Mulheres,Mais de 60,2404.0
2025,Novembro,Niassa,Lago,Outros,N/A,4.0
2025,Dezembro,Niassa,Lago,Homens,0 a 16,157.0
2025,Dezembro,Niassa,Lago,Mulheres,0 a 16,75.0
2025,Dezembro,Niassa,Lago,Homens,17 a 21,7573.0
2025,Dezembro,Niassa,Lago,Mulheres,17 a 21,6563.0
2025,Dezembro,Niassa,Lago,Homens,22 a 60,36404.0
2025,Dezembro,Niassa,Lago,Mulheres,22 a 60,28520.0
2025,Dezembro,Niassa,Lago,Homens,Mais de 60,2202.0
2025,Dezembro,Niassa,Lago,Mulheres,Mais de 60,2397.0
2025,Dezembro,Niassa,Lago,Outros,N/A,4.0
2025,Janeiro,Niassa,Manjune,Homens,0 a 16,24.0
2025,Janeiro,Niassa,Manjune,Mulheres,0 a 16,24.0
2025,Janeiro,Niassa,Manjune,Homens,17 a 21,2285.0
2025,Janeiro,Niassa,Manjune,Mulheres,17 a 21,1857.0
2025,Janeiro,Niassa,Manjune,Homens,22 a 60,11096.0
2025,Janeiro,Niassa,Manjune,Mulheres,22 a 60,7831.0
2025,Janeiro,Niassa,Manjune,Homens,Mais de 60,550.0
2025,Janeiro,Niassa,Manjune,Mulheres,Mais de 60,562.0
2025,Janeiro,Niassa,Manjune,Outros,N/A,2.0
2025,Fevereiro,Niassa,Manjune,Homens,0 a 16,37.0
2025,Fevereiro,Niassa,Manjune,Mulheres,0 a 16,18.0
2025,Fevereiro,Niassa,Manjune,Homens,17 a 21,2342.0
2025,Fevereiro,Niassa,Manjune,Mulheres,17 a 21,1917.0
2025,Fevereiro,Niassa,Manjune,Homens,22 a 60,11416.0
2025,Fevereiro,Niassa,Manjune,Mulheres,22 a 60,8081.0
2025,Fevereiro,Niassa,Manjune,Homens,Mais de 60,587.0
2025,Fevereiro,Niassa,Manjune,Mulheres,Mais de 60,574.0
2025,Fevereiro,Niassa,Manjune,Outros,N/A,2.0
2025,Março,Niassa,Manjune,Homens,0 a 16,25.0
2025,Março,Niassa,Manjune,Mulheres,0 a 16,18.0
2025,Março,Niassa,Manjune,Homens,17 a 21,2545.0
2025,Março,Niassa,Manjune,Mulheres,17 a 21,2000.0
2025,Março,Niassa,Manjune,Homens,22 a 60,12017.0
2025,Março,Niassa,Manjune,Mulheres,22 a 60,8603.0
2025,Março,Niassa,Manjune,Homens,Mais de 60,625.0
2025,Março,Niassa,Manjune,Mulheres,Mais de 60,613.0
2025,Março,Niassa,Manjune,Outros,N/A,1.0
2025,Abril,Niassa,Manjune,Homens,0 a 16,21.0
2025,Abril,Niassa,Manjune,Mulheres,0 a 16,14.0
2025,Abril,Niassa,Manjune,Homens,17 a 21,2620.0
2025,Abril,Niassa,Manjune,Mulheres,17 a 21,2068.0
2025,Abril,Niassa,Manjune,Homens,22 a 60,12513.0
2025,Abril,Niassa,Manjune,Mulheres,22 a 60,8971.0
2025,Abril,Niassa,Manjune,Homens,Mais de 60,648.0
2025,Abril,Niassa,Manjune,Mulheres,Mais de 60,659.0
2025,Abril,Niassa,Manjune,Outros,N/A,1.0
2025,Maio,Niassa,Manjune,Homens,0 a 16,24.0
2025,Maio,Niassa,Manjune,Mulheres,0 a 16,17.0
2025,Maio,Niassa,Manjune,Homens,17 a 21,2620.0
2025,Maio,Niassa,Manjune,Mulheres,17 a 21,2098.0
2025,Maio,Niassa,Manjune,Homens,22 a 60,12988.0
2025,Maio,Niassa,Manjune,Mulheres,22 a 60,9419.0
2025,Maio,Niassa,Manjune,Homens,Mais de 60,663.0
2025,Maio,Niassa,Manjune,Mulheres,Mais de 60,687.0
2025,Maio,Niassa,Manjune,Outros,N/A,1.0
2025,Junho,Niassa,Manjune,Homens,0 a 16,30.0
2025,Junho,Niassa,Manjune,Mulheres,0 a 16,17.0
2025,Junho,Niassa,Manjune,Homens,17 a 21,2715.0
2025,Junho,Niassa,Manjune,Mulheres,17 a 21,2159.0
2025,Junho,Niassa,Manjune,Homens,22 a 60,13426.0
2025,Junho,Niassa,Manjune,Mulheres,22 a 60,9995.0
2025,Junho,Niassa,Manjune,Homens,Mais de 60,688.0
2025,Junho,Niassa,Manjune,Mulheres,Mais de 60,718.0
2025,Junho,Niassa,Manjune,Outros,N/A,1.0
2025,Julho,Niassa,Manjune,Homens,0 a 16,37.0
2025,Julho,Niassa,Manjune,Mulheres,0 a 16,19.0
2025,Julho,Niassa,Manjune,Homens,17 a 21,2665.0
2025,Julho,Niassa,Manjune,Mulheres,17 a 21,2222.0
2025,Julho,Niassa,Manjune,Homens,22 a 60,13602.0
2025,Julho,Niassa,Manjune,Mulheres,22 a 60,10237.0
2025,Julho,Niassa,Manjune,Homens,Mais de 60,684.0
2025,Julho,Niassa,Manjune,Mulheres,Mais de 60,748.0
2025,Julho,Niassa,Manjune,Outros,N/A,1.0
2025,Agosto,Niassa,Manjune,Homens,0 a 16,40.0
2025,Agosto,Niassa,Manjune,Mulheres,0 a 16,27.0
2025,Agosto,Niassa,Manjune,Homens,17 a 21,2707.0
2025,Agosto,Niassa,Manjune,Mulheres,17 a 21,2286.0
2025,Agosto,Niassa,Manjune,Homens,22 a 60,14136.0
2025,Agosto,Niassa,Manjune,Mulheres,22 a 60,10452.0
2025,Agosto,Niassa,Manjune,Homens,Mais de 60,714.0
2025,Agosto,Niassa,Manjune,Mulheres,Mais de 60,775.0
2025,Agosto,Niassa,Manjune,Outros,N/A,1.0
2025,Setembro,Niassa,Manjune,Homens,0 a 16,40.0
2025,Setembro,Niassa,Manjune,Mulheres,0 a 16,28.0
2025,Setembro,Niassa,Manjune,Homens,17 a 21,2745.0
2025,Setembro,Niassa,Manjune,Mulheres,17 a 21,2292.0
2025,Setembro,Niassa,Manjune,Homens,22 a 60,14498.0
2025,Setembro,Niassa,Manjune,Mulheres,22 a 60,10536.0
2025,Setembro,Niassa,Manjune,Homens,Mais de 60,743.0
2025,Setembro,Niassa,Manjune,Mulheres,Mais de 60,787.0
2025,Setembro,Niassa,Manjune,Outros,N/A,1.0
2025,Outubro,Niassa,Manjune,Homens,0 a 16,39.0
2025,Outubro,Niassa,Manjune,Mulheres,0 a 16,34.0
2025,Outubro,Niassa,Manjune,Homens,17 a 21,2901.0
2025,Outubro,Niassa,Manjune,Mulheres,17 a 21,2353.0
2025,Outubro,Niassa,Manjune,Homens,22 a 60,15111.0
2025,Outubro,Niassa,Manjune,Mulheres,22 a 60,10828.0
2025,Outubro,Niassa,Manjune,Homens,Mais de 60,764.0
2025,Outubro,Niassa,Manjune,Mulheres,Mais de 60,782.0
2025,Outubro,Niassa,Manjune,Outros,N/A,2.0
2025,Novembro,Niassa,Manjune,Homens,0 a 16,40.0
2025,Novembro,Niassa,Manjune,Mulheres,0 a 16,31.0
2025,Novembro,Niassa,Manjune,Homens,17 a 21,3003.0
2025,Novembro,Niassa,Manjune,Mulheres,17 a 21,2425.0
2025,Novembro,Niassa,Manjune,Homens,22 a 60,15500.0
2025,Novembro,Niassa,Manjune,Mulheres,22 a 60,11154.0
2025,Novembro,Niassa,Manjune,Homens,Mais de 60,779.0
2025,Novembro,Niassa,Manjune,Mulheres,Mais de 60,778.0
2025,Novembro,Niassa,Manjune,Outros,N/A,0.0
2025,Dezembro,Niassa,Manjune,Homens,0 a 16,41.0
2025,Dezembro,Niassa,Manjune,Mulheres,0 a 16,28.0
2025,Dezembro,Niassa,Manjune,Homens,17 a 21,3037.0
2025,Dezembro,Niassa,Manjune,Mulheres,17 a 21,2467.0
2025,Dezembro,Niassa,Manjune,Homens,22 a 60,15859.0
2025,Dezembro,Niassa,Manjune,Mulheres,22 a 60,11214.0
2025,Dezembro,Niassa,Manjune,Homens,Mais de 60,803.0
2025,Dezembro,Niassa,Manjune,Mulheres,Mais de 60,801.0
2025,Dezembro,Niassa,Manjune,Outros,N/A,0.0
2025,Janeiro,Niassa,Mandimba,Homens,0 a 16,108.0
2025,Janeiro,Niassa,Mandimba,Mulheres,0 a 16,89.0
2025,Janeiro,Niassa,Mandimba,Homens,17 a 21,9343.0
2025,Janeiro,Niassa,Mandimba,Mulheres,17 a 21,9522.0
2025,Janeiro,Niassa,Mandimba,Homens,22 a 60,49463.0
2025,Janeiro,Niassa,Mandimba,Mulheres,22 a 60,43340.0
2025,Janeiro,Niassa,Mandimba,Homens,Mais de 60,3619.0
2025,Janeiro,Niassa,Mandimba,Mulheres,Mais de 60,4033.0
2025,Janeiro,Niassa,Mandimba,Outros,N/A,7.0
2025,Fevereiro,Niassa,Mandimba,Homens,0 a 16,132.0
2025,Fevereiro,Niassa,Mandimba,Mulheres,0 a 16,98.0
2025,Fevereiro,Niassa,Mandimba,Homens,17 a 21,9560.0
2025,Fevereiro,Niassa,Mandimba,Mulheres,17 a 21,9782.0
2025,Fevereiro,Niassa,Mandimba,Homens,22 a 60,50521.0
2025,Fevereiro,Niassa,Mandimba,Mulheres,22 a 60,44970.0
2025,Fevereiro,Niassa,Mandimba,Homens,Mais de 60,3670.0
2025,Fevereiro,Niassa,Mandimba,Mulheres,Mais de 60,4125.0
2025,Fevereiro,Niassa,Mandimba,Outros,N/A,10.0
2025,Março,Niassa,Mandimba,Homens,0 a 16,137.0
2025,Março,Niassa,Mandimba,Mulheres,0 a 16,99.0
2025,Março,Niassa,Mandimba,Homens,17 a 21,9643.0
2025,Março,Niassa,Mandimba,Mulheres,17 a 21,9919.0
2025,Março,Niassa,Mandimba,Homens,22 a 60,52042.0
2025,Março,Niassa,Mandimba,Mulheres,22 a 60,45874.0
2025,Março,Niassa,Mandimba,Homens,Mais de 60,3817.0
2025,Março,Niassa,Mandimba,Mulheres,Mais de 60,4255.0
2025,Março,Niassa,Mandimba,Outros,N/A,6.0
2025,Abril,Niassa,Mandimba,Homens,0 a 16,151.0
2025,Abril,Niassa,Mandimba,Mulheres,0 a 16,120.0
2025,Abril,Niassa,Mandimba,Homens,17 a 21,9920.0
2025,Abril,Niassa,Mandimba,Mulheres,17 a 21,10023.0
2025,Abril,Niassa,Mandimba,Homens,22 a 60,53949.0
2025,Abril,Niassa,Mandimba,Mulheres,22 a 60,47695.0
2025,Abril,Niassa,Mandimba,Homens,Mais de 60,3948.0
2025,Abril,Niassa,Mandimba,Mulheres,Mais de 60,4414.0
2025,Abril,Niassa,Mandimba,Outros,N/A,8.0
2025,Maio,Niassa,Mandimba,Homens,0 a 16,120.0
2025,Maio,Niassa,Mandimba,Mulheres,0 a 16,100.0
2025,Maio,Niassa,Mandimba,Homens,17 a 21,9238.0
2025,Maio,Niassa,Mandimba,Mulheres,17 a 21,9366.0
2025,Maio,Niassa,Mandimba,Homens,22 a 60,53196.0
2025,Maio,Niassa,Mandimba,Mulheres,22 a 60,46487.0
2025,Maio,Niassa,Mandimba,Homens,Mais de 60,3868.0
2025,Maio,Niassa,Mandimba,Mulheres,Mais de 60,4349.0
2025,Maio,Niassa,Mandimba,Outros,N/A,6.0
2025,Junho,Niassa,Mandimba,Homens,0 a 16,108.0
2025,Junho,Niassa,Mandimba,Mulheres,0 a 16,69.0
2025,Junho,Niassa,Mandimba,Homens,17 a 21,9060.0
2025,Junho,Niassa,Mandimba,Mulheres,17 a 21,9198.0
2025,Junho,Niassa,Mandimba,Homens,22 a 60,53762.0
2025,Junho,Niassa,Mandimba,Mulheres,22 a 60,46562.0
2025,Junho,Niassa,Mandimba,Homens,Mais de 60,3857.0
2025,Junho,Niassa,Mandimba,Mulheres,Mais de 60,4340.0
2025,Junho,Niassa,Mandimba,Outros,N/A,7.0
2025,Julho,Niassa,Mandimba,Homens,0 a 16,104.0
2025,Julho,Niassa,Mandimba,Mulheres,0 a 16,49.0
2025,Julho,Niassa,Mandimba,Homens,17 a 21,8416.0
2025,Julho,Niassa,Mandimba,Mulheres,17 a 21,8457.0
2025,Julho,Niassa,Mandimba,Homens,22 a 60,51625.0
2025,Julho,Niassa,Mandimba,Mulheres,22 a 60,42852.0
2025,Julho,Niassa,Mandimba,Homens,Mais de 60,3525.0
2025,Julho,Niassa,Mandimba,Mulheres,Mais de 60,3901.0
2025,Julho,Niassa,Mandimba,Outros,N/A,20.0
2025,Agosto,Niassa,Mandimba,Homens,0 a 16,90.0
2025,Agosto,Niassa,Mandimba,Mulheres,0 a 16,38.0
2025,Agosto,Niassa,Mandimba,Homens,17 a 21,8591.0
2025,Agosto,Niassa,Mandimba,Mulheres,17 a 21,8761.0
2025,Agosto,Niassa,Mandimba,Homens,22 a 60,52530.0
2025,Agosto,Niassa,Mandimba,Mulheres,22 a 60,44083.0
2025,Agosto,Niassa,Mandimba,Homens,Mais de 60,3592.0
2025,Agosto,Niassa,Mandimba,Mulheres,Mais de 60,3996.0
2025,Agosto,Niassa,Mandimba,Outros,N/A,21.0
2025,Setembro,Niassa,Mandimba,Homens,0 a 16,87.0
2025,Setembro,Niassa,Mandimba,Mulheres,0 a 16,37.0
2025,Setembro,Niassa,Mandimba,Homens,17 a 21,8957.0
2025,Setembro,Niassa,Mandimba,Mulheres,17 a 21,9075.0
2025,Setembro,Niassa,Mandimba,Homens,22 a 60,54074.0
2025,Setembro,Niassa,Mandimba,Mulheres,22 a 60,45651.0
2025,Setembro,Niassa,Mandimba,Homens,Mais de 60,3715.0
2025,Setembro,Niassa,Mandimba,Mulheres,Mais de 60,4086.0
2025,Setembro,Niassa,Mandimba,Outros,N/A,18.0
2025,Outubro,Niassa,Mandimba,Homens,0 a 16,83.0
2025,Outubro,Niassa,Mandimba,Mulheres,0 a 16,37.0
2025,Outubro,Niassa,Mandimba,Homens,17 a 21,9326.0
2025,Outubro,Niassa,Mandimba,Mulheres,17 a 21,9135.0
2025,Outubro,Niassa,Mandimba,Homens,22 a 60,56672.0
2025,Outubro,Niassa,Mandimba,Mulheres,22 a 60,46849.0
2025,Outubro,Niassa,Mandimba,Homens,Mais de 60,3739.0
2025,Outubro,Niassa,Mandimba,Mulheres,Mais de 60,4145.0
2025,Outubro,Niassa,Mandimba,Outros,N/A,17.0
2025,Novembro,Niassa,Mandimba,Homens,0 a 16,102.0
2025,Novembro,Niassa,Mandimba,Mulheres,0 a 16,52.0
2025,Novembro,Niassa,Mandimba,Homens,17 a 21,9412.0
2025,Novembro,Niassa,Mandimba,Mulheres,17 a 21,9195.0
2025,Novembro,Niassa,Mandimba,Homens,22 a 60,55661.0
2025,Novembro,Niassa,Mandimba,Mulheres,22 a 60,46859.0
2025,Novembro,Niassa,Mandimba,Homens,Mais de 60,3606.0
2025,Novembro,Niassa,Mandimba,Mulheres,Mais de 60,4020.0
2025,Novembro,Niassa,Mandimba,Outros,N/A,4.0
2025,Dezembro,Niassa,Mandimba,Homens,0 a 16,94.0
2025,Dezembro,Niassa,Mandimba,Mulheres,0 a 16,55.0
2025,Dezembro,Niassa,Mandimba,Homens,17 a 21,9746.0
2025,Dezembro,Niassa,Mandimba,Mulheres,17 a 21,9410.0
2025,Dezembro,Niassa,Mandimba,Homens,22 a 60,56473.0
2025,Dezembro,Niassa,Mandimba,Mulheres,22 a 60,46805.0
2025,Dezembro,Niassa,Mandimba,Homens,Mais de 60,3682.0
2025,Dezembro,Niassa,Mandimba,Mulheres,Mais de 60,4039.0
2025,Dezembro,Niassa,Mandimba,Outros,N/A,4.0
2025,Janeiro,Niassa,Marrupa,Homens,0 a 16,19.0
2025,Janeiro,Niassa,Marrupa,Mulheres,0 a 16,16.0
2025,Janeiro,Niassa,Marrupa,Homens,17 a 21,3700.0
2025,Janeiro,Niassa,Marrupa,Mulheres,17 a 21,3064.0
2025,Janeiro,Niassa,Marrupa,Homens,22 a 60,18131.0
2025,Janeiro,Niassa,Marrupa,Mulheres,22 a 60,13192.0
2025,Janeiro,Niassa,Marrupa,Homens,Mais de 60,899.0
2025,Janeiro,Niassa,Marrupa,Mulheres,Mais de 60,881.0
2025,Janeiro,Niassa,Marrupa,Outros,N/A,1.0
2025,Fevereiro,Niassa,Marrupa,Homens,0 a 16,28.0
2025,Fevereiro,Niassa,Marrupa,Mulheres,0 a 16,18.0
2025,Fevereiro,Niassa,Marrupa,Homens,17 a 21,3680.0
2025,Fevereiro,Niassa,Marrupa,Mulheres,17 a 21,3112.0
2025,Fevereiro,Niassa,Marrupa,Homens,22 a 60,18115.0
2025,Fevereiro,Niassa,Marrupa,Mulheres,22 a 60,13340.0
2025,Fevereiro,Niassa,Marrupa,Homens,Mais de 60,877.0
2025,Fevereiro,Niassa,Marrupa,Mulheres,Mais de 60,919.0
2025,Fevereiro,Niassa,Marrupa,Outros,N/A,1.0
2025,Março,Niassa,Marrupa,Homens,0 a 16,32.0
2025,Março,Niassa,Marrupa,Mulheres,0 a 16,24.0
2025,Março,Niassa,Marrupa,Homens,17 a 21,3652.0
2025,Março,Niassa,Marrupa,Mulheres,17 a 21,3155.0
2025,Março,Niassa,Marrupa,Homens,22 a 60,18490.0
2025,Março,Niassa,Marrupa,Mulheres,22 a 60,13634.0
2025,Março,Niassa,Marrupa,Homens,Mais de 60,915.0
2025,Março,Niassa,Marrupa,Mulheres,Mais de 60,964.0
2025,Março,Niassa,Marrupa,Outros,N/A,1.0
2025,Abril,Niassa,Marrupa,Homens,0 a 16,36.0
2025,Abril,Niassa,Marrupa,Mulheres,0 a 16,31.0
2025,Abril,Niassa,Marrupa,Homens,17 a 21,3825.0
2025,Abril,Niassa,Marrupa,Mulheres,17 a 21,3301.0
2025,Abril,Niassa,Marrupa,Homens,22 a 60,18889.0
2025,Abril,Niassa,Marrupa,Mulheres,22 a 60,14351.0
2025,Abril,Niassa,Marrupa,Homens,Mais de 60,954.0
2025,Abril,Niassa,Marrupa,Mulheres,Mais de 60,1052.0
2025,Abril,Niassa,Marrupa,Outros,N/A,1.0
2025,Maio,Niassa,Marrupa,Homens,0 a 16,34.0
2025,Maio,Niassa,Marrupa,Mulheres,0 a 16,25.0
2025,Maio,Niassa,Marrupa,Homens,17 a 21,3736.0
2025,Maio,Niassa,Marrupa,Mulheres,17 a 21,3260.0
2025,Maio,Niassa,Marrupa,Homens,22 a 60,19280.0
2025,Maio,Niassa,Marrupa,Mulheres,22 a 60,14673.0
2025,Maio,Niassa,Marrupa,Homens,Mais de 60,968.0
2025,Maio,Niassa,Marrupa,Mulheres,Mais de 60,1065.0
2025,Maio,Niassa,Marrupa,Outros,N/A,1.0
2025,Junho,Niassa,Marrupa,Homens,0 a 16,29.0
2025,Junho,Niassa,Marrupa,Mulheres,0 a 16,18.0
2025,Junho,Niassa,Marrupa,Homens,17 a 21,3656.0
2025,Junho,Niassa,Marrupa,Mulheres,17 a 21,3188.0
2025,Junho,Niassa,Marrupa,Homens,22 a 60,19645.0
2025,Junho,Niassa,Marrupa,Mulheres,22 a 60,15044.0
2025,Junho,Niassa,Marrupa,Homens,Mais de 60,975.0
2025,Junho,Niassa,Marrupa,Mulheres,Mais de 60,1061.0
2025,Junho,Niassa,Marrupa,Outros,N/A,4.0
2025,Julho,Niassa,Marrupa,Homens,0 a 16,31.0
2025,Julho,Niassa,Marrupa,Mulheres,0 a 16,23.0
2025,Julho,Niassa,Marrupa,Homens,17 a 21,3572.0
2025,Julho,Niassa,Marrupa,Mulheres,17 a 21,3181.0
2025,Julho,Niassa,Marrupa,Homens,22 a 60,19673.0
2025,Julho,Niassa,Marrupa,Mulheres,22 a 60,15234.0
2025,Julho,Niassa,Marrupa,Homens,Mais de 60,965.0
2025,Julho,Niassa,Marrupa,Mulheres,Mais de 60,1062.0
2025,Julho,Niassa,Marrupa,Outros,N/A,3.0
2025,Agosto,Niassa,Marrupa,Homens,0 a 16,41.0
2025,Agosto,Niassa,Marrupa,Mulheres,0 a 16,29.0
2025,Agosto,Niassa,Marrupa,Homens,17 a 21,3668.0
2025,Agosto,Niassa,Marrupa,Mulheres,17 a 21,3215.0
2025,Agosto,Niassa,Marrupa,Homens,22 a 60,20359.0
2025,Agosto,Niassa,Marrupa,Mulheres,22 a 60,15682.0
2025,Agosto,Niassa,Marrupa,Homens,Mais de 60,1013.0
2025,Agosto,Niassa,Marrupa,Mulheres,Mais de 60,1083.0
2025,Agosto,Niassa,Marrupa,Outros,N/A,1.0
2025,Setembro,Niassa,Marrupa,Homens,0 a 16,40.0
2025,Setembro,Niassa,Marrupa,Mulheres,0 a 16,25.0
2025,Setembro,Niassa,Marrupa,Homens,17 a 21,3691.0
2025,Setembro,Niassa,Marrupa,Mulheres,17 a 21,3312.0
2025,Setembro,Niassa,Marrupa,Homens,22 a 60,20829.0
2025,Setembro,Niassa,Marrupa,Mulheres,22 a 60,15942.0
2025,Setembro,Niassa,Marrupa,Homens,Mais de 60,1030.0
2025,Setembro,Niassa,Marrupa,Mulheres,Mais de 60,1120.0
2025,Setembro,Niassa,Marrupa,Outros,N/A,2.0
2025,Outubro,Niassa,Marrupa,Homens,0 a 16,44.0
2025,Outubro,Niassa,Marrupa,Mulheres,0 a 16,26.0
2025,Outubro,Niassa,Marrupa,Homens,17 a 21,3785.0
2025,Outubro,Niassa,Marrupa,Mulheres,17 a 21,3412.0
2025,Outubro,Niassa,Marrupa,Homens,22 a 60,21547.0
2025,Outubro,Niassa,Marrupa,Mulheres,22 a 60,16673.0
2025,Outubro,Niassa,Marrupa,Homens,Mais de 60,1097.0
2025,Outubro,Niassa,Marrupa,Mulheres,Mais de 60,1161.0
2025,Outubro,Niassa,Marrupa,Outros,N/A,2.0
2025,Novembro,Niassa,Marrupa,Homens,0 a 16,50.0
2025,Novembro,Niassa,Marrupa,Mulheres,0 a 16,25.0
2025,Novembro,Niassa,Marrupa,Homens,17 a 21,3839.0
2025,Novembro,Niassa,Marrupa,Mulheres,17 a 21,3446.0
2025,Novembro,Niassa,Marrupa,Homens,22 a 60,21413.0
2025,Novembro,Niassa,Marrupa,Mulheres,22 a 60,16923.0
2025,Novembro,Niassa,Marrupa,Homens,Mais de 60,1095.0
2025,Novembro,Niassa,Marrupa,Mulheres,Mais de 60,1166.0
2025,Novembro,Niassa,Marrupa,Outros,N/A,1.0
2025,Dezembro,Niassa,Marrupa,Homens,0 a 16,54.0
2025,Dezembro,Niassa,Marrupa,Mulheres,0 a 16,28.0
2025,Dezembro,Niassa,Marrupa,Homens,17 a 21,3881.0
2025,Dezembro,Niassa,Marrupa,Mulheres,17 a 21,3476.0
2025,Dezembro,Niassa,Marrupa,Homens,22 a 60,21646.0
2025,Dezembro,Niassa,Marrupa,Mulheres,22 a 60,16722.0
2025,Dezembro,Niassa,Marrupa,Homens,Mais de 60,1074.0
2025,Dezembro,Niassa,Marrupa,Mulheres,Mais de 60,1139.0
2025,Dezembro,Niassa,Marrupa,Outros,N/A,0.0
2025,Janeiro,Niassa,Maúa,Homens,0 a 16,59.0
2025,Janeiro,Niassa,Maúa,Mulheres,0 a 16,30.0
2025,Janeiro,Niassa,Maúa,Homens,17 a 21,4288.0
2025,Janeiro,Niassa,Maúa,Mulheres,17 a 21,2614.0
2025,Janeiro,Niassa,Maúa,Homens,22 a 60,18857.0
2025,Janeiro,Niassa,Maúa,Mulheres,22 a 60,13860.0
2025,Janeiro,Niassa,Maúa,Homens,Mais de 60,1166.0
2025,Janeiro,Niassa,Maúa,Mulheres,Mais de 60,1007.0
2025,Janeiro,Niassa,Maúa,Outros,N/A,0.0
2025,Fevereiro,Niassa,Maúa,Homens,0 a 16,55.0
2025,Fevereiro,Niassa,Maúa,Mulheres,0 a 16,34.0
2025,Fevereiro,Niassa,Maúa,Homens,17 a 21,4395.0
2025,Fevereiro,Niassa,Maúa,Mulheres,17 a 21,2682.0
2025,Fevereiro,Niassa,Maúa,Homens,22 a 60,19042.0
2025,Fevereiro,Niassa,Maúa,Mulheres,22 a 60,14053.0
2025,Fevereiro,Niassa,Maúa,Homens,Mais de 60,1169.0
2025,Fevereiro,Niassa,Maúa,Mulheres,Mais de 60,1000.0
2025,Fevereiro,Niassa,Maúa,Outros,N/A,1.0
2025,Março,Niassa,Maúa,Homens,0 a 16,50.0
2025,Março,Niassa,Maúa,Mulheres,0 a 16,35.0
2025,Março,Niassa,Maúa,Homens,17 a 21,4438.0
2025,Março,Niassa,Maúa,Mulheres,17 a 21,2699.0
2025,Março,Niassa,Maúa,Homens,22 a 60,19305.0
2025,Março,Niassa,Maúa,Mulheres,22 a 60,14284.0
2025,Março,Niassa,Maúa,Homens,Mais de 60,1157.0
2025,Março,Niassa,Maúa,Mulheres,Mais de 60,1027.0
2025,Março,Niassa,Maúa,Outros,N/A,0.0
2025,Abril,Niassa,Maúa,Homens,0 a 16,63.0
2025,Abril,Niassa,Maúa,Mulheres,0 a 16,39.0
2025,Abril,Niassa,Maúa,Homens,17 a 21,4667.0
2025,Abril,Niassa,Maúa,Mulheres,17 a 21,2840.0
2025,Abril,Niassa,Maúa,Homens,22 a 60,19880.0
2025,Abril,Niassa,Maúa,Mulheres,22 a 60,14928.0
2025,Abril,Niassa,Maúa,Homens,Mais de 60,1231.0
2025,Abril,Niassa,Maúa,Mulheres,Mais de 60,1071.0
2025,Abril,Niassa,Maúa,Outros,N/A,0.0
2025,Maio,Niassa,Maúa,Homens,0 a 16,67.0
2025,Maio,Niassa,Maúa,Mulheres,0 a 16,35.0
2025,Maio,Niassa,Maúa,Homens,17 a 21,4678.0
2025,Maio,Niassa,Maúa,Mulheres,17 a 21,2847.0
2025,Maio,Niassa,Maúa,Homens,22 a 60,20236.0
2025,Maio,Niassa,Maúa,Mulheres,22 a 60,15288.0
2025,Maio,Niassa,Maúa,Homens,Mais de 60,1273.0
2025,Maio,Niassa,Maúa,Mulheres,Mais de 60,1115.0
2025,Maio,Niassa,Maúa,Outros,N/A,1.0
2025,Junho,Niassa,Maúa,Homens,0 a 16,74.0
2025,Junho,Niassa,Maúa,Mulheres,0 a 16,28.0
2025,Junho,Niassa,Maúa,Homens,17 a 21,4670.0
2025,Junho,Niassa,Maúa,Mulheres,17 a 21,2898.0
2025,Junho,Niassa,Maúa,Homens,22 a 60,20532.0
2025,Junho,Niassa,Maúa,Mulheres,22 a 60,15289.0
2025,Junho,Niassa,Maúa,Homens,Mais de 60,1252.0
2025,Junho,Niassa,Maúa,Mulheres,Mais de 60,1101.0
2025,Junho,Niassa,Maúa,Outros,N/A,1.0
2025,Julho,Niassa,Maúa,Homens,0 a 16,57.0
2025,Julho,Niassa,Maúa,Mulheres,0 a 16,30.0
2025,Julho,Niassa,Maúa,Homens,17 a 21,4661.0
2025,Julho,Niassa,Maúa,Mulheres,17 a 21,2941.0
2025,Julho,Niassa,Maúa,Homens,22 a 60,20897.0
2025,Julho,Niassa,Maúa,Mulheres,22 a 60,15479.0
2025,Julho,Niassa,Maúa,Homens,Mais de 60,1237.0
2025,Julho,Niassa,Maúa,Mulheres,Mais de 60,1103.0
2025,Julho,Niassa,Maúa,Outros,N/A,3.0
2025,Agosto,Niassa,Maúa,Homens,0 a 16,52.0
2025,Agosto,Niassa,Maúa,Mulheres,0 a 16,30.0
2025,Agosto,Niassa,Maúa,Homens,17 a 21,4819.0
2025,Agosto,Niassa,Maúa,Mulheres,17 a 21,3083.0
2025,Agosto,Niassa,Maúa,Homens,22 a 60,21814.0
2025,Agosto,Niassa,Maúa,Mulheres,22 a 60,15988.0
2025,Agosto,Niassa,Maúa,Homens,Mais de 60,1279.0
2025,Agosto,Niassa,Maúa,Mulheres,Mais de 60,1149.0
2025,Agosto,Niassa,Maúa,Outros,N/A,3.0
2025,Setembro,Niassa,Maúa,Homens,0 a 16,52.0
2025,Setembro,Niassa,Maúa,Mulheres,0 a 16,24.0
2025,Setembro,Niassa,Maúa,Homens,17 a 21,4921.0
2025,Setembro,Niassa,Maúa,Mulheres,17 a 21,3245.0
2025,Setembro,Niassa,Maúa,Homens,22 a 60,22960.0
2025,Setembro,Niassa,Maúa,Mulheres,22 a 60,16884.0
2025,Setembro,Niassa,Maúa,Homens,Mais de 60,1346.0
2025,Setembro,Niassa,Maúa,Mulheres,Mais de 60,1188.0
2025,Setembro,Niassa,Maúa,Outros,N/A,4.0
2025,Outubro,Niassa,Maúa,Homens,0 a 16,57.0
2025,Outubro,Niassa,Maúa,Mulheres,0 a 16,19.0
2025,Outubro,Niassa,Maúa,Homens,17 a 21,5030.0
2025,Outubro,Niassa,Maúa,Mulheres,17 a 21,3513.0
2025,Outubro,Niassa,Maúa,Homens,22 a 60,23962.0
2025,Outubro,Niassa,Maúa,Mulheres,22 a 60,18040.0
2025,Outubro,Niassa,Maúa,Homens,Mais de 60,1407.0
2025,Outubro,Niassa,Maúa,Mulheres,Mais de 60,1235.0
2025,Outubro,Niassa,Maúa,Outros,N/A,5.0
2025,Novembro,Niassa,Maúa,Homens,0 a 16,64.0
2025,Novembro,Niassa,Maúa,Mulheres,0 a 16,23.0
2025,Novembro,Niassa,Maúa,Homens,17 a 21,5184.0
2025,Novembro,Niassa,Maúa,Mulheres,17 a 21,3644.0
2025,Novembro,Niassa,Maúa,Homens,22 a 60,24105.0
2025,Novembro,Niassa,Maúa,Mulheres,22 a 60,18418.0
2025,Novembro,Niassa,Maúa,Homens,Mais de 60,1406.0
2025,Novembro,Niassa,Maúa,Mulheres,Mais de 60,1278.0
2025,Novembro,Niassa,Maúa,Outros,N/A,1.0
2025,Dezembro,Niassa,Maúa,Homens,0 a 16,61.0
2025,Dezembro,Niassa,Maúa,Mulheres,0 a 16,22.0
2025,Dezembro,Niassa,Maúa,Homens,17 a 21,5205.0
2025,Dezembro,Niassa,Maúa,Mulheres,17 a 21,3637.0
2025,Dezembro,Niassa,Maúa,Homens,22 a 60,24478.0
2025,Dezembro,Niassa,Maúa,Mulheres,22 a 60,18445.0
2025,Dezembro,Niassa,Maúa,Homens,Mais de 60,1432.0
2025,Dezembro,Niassa,Maúa,Mulheres,Mais de 60,1318.0
2025,Dezembro,Niassa,Maúa,Outros,N/A,1.0
2025,Janeiro,Niassa,Mavago,Homens,0 a 16,4.0
2025,Janeiro,Niassa,Mavago,Mulheres,0 a 16,3.0
2025,Janeiro,Niassa,Mavago,Homens,17 a 21,1310.0
2025,Janeiro,Niassa,Mavago,Mulheres,17 a 21,1154.0
2025,Janeiro,Niassa,Mavago,Homens,22 a 60,6250.0
2025,Janeiro,Niassa,Mavago,Mulheres,22 a 60,4256.0
2025,Janeiro,Niassa,Mavago,Homens,Mais de 60,385.0
2025,Janeiro,Niassa,Mavago,Mulheres,Mais de 60,358.0
2025,Janeiro,Niassa,Mavago,Outros,N/A,0.0
2025,Fevereiro,Niassa,Mavago,Homens,0 a 16,6.0
2025,Fevereiro,Niassa,Mavago,Mulheres,0 a 16,3.0
2025,Fevereiro,Niassa,Mavago,Homens,17 a 21,1299.0
2025,Fevereiro,Niassa,Mavago,Mulheres,17 a 21,1163.0
2025,Fevereiro,Niassa,Mavago,Homens,22 a 60,6161.0
2025,Fevereiro,Niassa,Mavago,Mulheres,22 a 60,4299.0
2025,Fevereiro,Niassa,Mavago,Homens,Mais de 60,374.0
2025,Fevereiro,Niassa,Mavago,Mulheres,Mais de 60,355.0
2025,Fevereiro,Niassa,Mavago,Outros,N/A,0.0
2025,Março,Niassa,Mavago,Homens,0 a 16,8.0
2025,Março,Niassa,Mavago,Mulheres,0 a 16,7.0
2025,Março,Niassa,Mavago,Homens,17 a 21,1318.0
2025,Março,Niassa,Mavago,Mulheres,17 a 21,1204.0
2025,Março,Niassa,Mavago,Homens,22 a 60,6330.0
2025,Março,Niassa,Mavago,Mulheres,22 a 60,4495.0
2025,Março,Niassa,Mavago,Homens,Mais de 60,371.0
2025,Março,Niassa,Mavago,Mulheres,Mais de 60,385.0
2025,Março,Niassa,Mavago,Outros,N/A,0.0
2025,Abril,Niassa,Mavago,Homens,0 a 16,13.0
2025,Abril,Niassa,Mavago,Mulheres,0 a 16,7.0
2025,Abril,Niassa,Mavago,Homens,17 a 21,1330.0
2025,Abril,Niassa,Mavago,Mulheres,17 a 21,1180.0
2025,Abril,Niassa,Mavago,Homens,22 a 60,6315.0
2025,Abril,Niassa,Mavago,Mulheres,22 a 60,4610.0
2025,Abril,Niassa,Mavago,Homens,Mais de 60,380.0
2025,Abril,Niassa,Mavago,Mulheres,Mais de 60,383.0
2025,Abril,Niassa,Mavago,Outros,N/A,2.0
2025,Maio,Niassa,Mavago,Homens,0 a 16,13.0
2025,Maio,Niassa,Mavago,Mulheres,0 a 16,5.0
2025,Maio,Niassa,Mavago,Homens,17 a 21,1399.0
2025,Maio,Niassa,Mavago,Mulheres,17 a 21,1243.0
2025,Maio,Niassa,Mavago,Homens,22 a 60,6579.0
2025,Maio,Niassa,Mavago,Mulheres,22 a 60,4867.0
2025,Maio,Niassa,Mavago,Homens,Mais de 60,389.0
2025,Maio,Niassa,Mavago,Mulheres,Mais de 60,404.0
2025,Maio,Niassa,Mavago,Outros,N/A,2.0
2025,Junho,Niassa,Mavago,Homens,0 a 16,10.0
2025,Junho,Niassa,Mavago,Mulheres,0 a 16,4.0
2025,Junho,Niassa,Mavago,Homens,17 a 21,1478.0
2025,Junho,Niassa,Mavago,Mulheres,17 a 21,1330.0
2025,Junho,Niassa,Mavago,Homens,22 a 60,7038.0
2025,Junho,Niassa,Mavago,Mulheres,22 a 60,5102.0
2025,Junho,Niassa,Mavago,Homens,Mais de 60,402.0
2025,Junho,Niassa,Mavago,Mulheres,Mais de 60,419.0
2025,Junho,Niassa,Mavago,Outros,N/A,1.0
2025,Julho,Niassa,Mavago,Homens,0 a 16,10.0
2025,Julho,Niassa,Mavago,Mulheres,0 a 16,0.0
2025,Julho,Niassa,Mavago,Homens,17 a 21,1524.0
2025,Julho,Niassa,Mavago,Mulheres,17 a 21,1427.0
2025,Julho,Niassa,Mavago,Homens,22 a 60,7392.0
2025,Julho,Niassa,Mavago,Mulheres,22 a 60,5351.0
2025,Julho,Niassa,Mavago,Homens,Mais de 60,416.0
2025,Julho,Niassa,Mavago,Mulheres,Mais de 60,453.0
2025,Julho,Niassa,Mavago,Outros,N/A,1.0
2025,Agosto,Niassa,Mavago,Homens,0 a 16,13.0
2025,Agosto,Niassa,Mavago,Mulheres,0 a 16,1.0
2025,Agosto,Niassa,Mavago,Homens,17 a 21,1574.0
2025,Agosto,Niassa,Mavago,Mulheres,17 a 21,1433.0
2025,Agosto,Niassa,Mavago,Homens,22 a 60,7897.0
2025,Agosto,Niassa,Mavago,Mulheres,22 a 60,5642.0
2025,Agosto,Niassa,Mavago,Homens,Mais de 60,424.0
2025,Agosto,Niassa,Mavago,Mulheres,Mais de 60,474.0
2025,Agosto,Niassa,Mavago,Outros,N/A,1.0
2025,Setembro,Niassa,Mavago,Homens,0 a 16,12.0
2025,Setembro,Niassa,Mavago,Mulheres,0 a 16,1.0
2025,Setembro,Niassa,Mavago,Homens,17 a 21,1558.0
2025,Setembro,Niassa,Mavago,Mulheres,17 a 21,1424.0
2025,Setembro,Niassa,Mavago,Homens,22 a 60,8062.0
2025,Setembro,Niassa,Mavago,Mulheres,22 a 60,5638.0
2025,Setembro,Niassa,Mavago,Homens,Mais de 60,436.0
2025,Setembro,Niassa,Mavago,Mulheres,Mais de 60,500.0
2025,Setembro,Niassa,Mavago,Outros,N/A,1.0
2025,Outubro,Niassa,Mavago,Homens,0 a 16,11.0
2025,Outubro,Niassa,Mavago,Mulheres,0 a 16,4.0
2025,Outubro,Niassa,Mavago,Homens,17 a 21,1786.0
2025,Outubro,Niassa,Mavago,Mulheres,17 a 21,1442.0
2025,Outubro,Niassa,Mavago,Homens,22 a 60,9065.0
2025,Outubro,Niassa,Mavago,Mulheres,22 a 60,5896.0
2025,Outubro,Niassa,Mavago,Homens,Mais de 60,473.0
2025,Outubro,Niassa,Mavago,Mulheres,Mais de 60,531.0
2025,Outubro,Niassa,Mavago,Outros,N/A,1.0
2025,Novembro,Niassa,Mavago,Homens,0 a 16,10.0
2025,Novembro,Niassa,Mavago,Mulheres,0 a 16,4.0
2025,Novembro,Niassa,Mavago,Homens,17 a 21,1799.0
2025,Novembro,Niassa,Mavago,Mulheres,17 a 21,1458.0
2025,Novembro,Niassa,Mavago,Homens,22 a 60,9043.0
2025,Novembro,Niassa,Mavago,Mulheres,22 a 60,5978.0
2025,Novembro,Niassa,Mavago,Homens,Mais de 60,505.0
2025,Novembro,Niassa,Mavago,Mulheres,Mais de 60,547.0
2025,Novembro,Niassa,Mavago,Outros,N/A,0.0
2025,Dezembro,Niassa,Mavago,Homens,0 a 16,10.0
2025,Dezembro,Niassa,Mavago,Mulheres,0 a 16,4.0
2025,Dezembro,Niassa,Mavago,Homens,17 a 21,1770.0
2025,Dezembro,Niassa,Mavago,Mulheres,17 a 21,1441.0
2025,Dezembro,Niassa,Mavago,Homens,22 a 60,9173.0
2025,Dezembro,Niassa,Mavago,Mulheres,22 a 60,5940.0
2025,Dezembro,Niassa,Mavago,Homens,Mais de 60,508.0
2025,Dezembro,Niassa,Mavago,Mulheres,Mais de 60,531.0
2025,Dezembro,Niassa,Mavago,Outros,N/A,0.0
2025,Janeiro,Niassa,Mecanhelas,Homens,0 a 16,79.0
2025,Janeiro,Niassa,Mecanhelas,Mulheres,0 a 16,35.0
2025,Janeiro,Niassa,Mecanhelas,Homens,17 a 21,7428.0
2025,Janeiro,Niassa,Mecanhelas,Mulheres,17 a 21,5476.0
2025,Janeiro,Niassa,Mecanhelas,Homens,22 a 60,34986.0
2025,Janeiro,Niassa,Mecanhelas,Mulheres,22 a 60,24160.0
2025,Janeiro,Niassa,Mecanhelas,Homens,Mais de 60,1798.0
2025,Janeiro,Niassa,Mecanhelas,Mulheres,Mais de 60,1698.0
2025,Janeiro,Niassa,Mecanhelas,Outros,N/A,8.0
2025,Fevereiro,Niassa,Mecanhelas,Homens,0 a 16,91.0
2025,Fevereiro,Niassa,Mecanhelas,Mulheres,0 a 16,43.0
2025,Fevereiro,Niassa,Mecanhelas,Homens,17 a 21,7597.0
2025,Fevereiro,Niassa,Mecanhelas,Mulheres,17 a 21,5470.0
2025,Fevereiro,Niassa,Mecanhelas,Homens,22 a 60,35070.0
2025,Fevereiro,Niassa,Mecanhelas,Mulheres,22 a 60,24433.0
2025,Fevereiro,Niassa,Mecanhelas,Homens,Mais de 60,1819.0
2025,Fevereiro,Niassa,Mecanhelas,Mulheres,Mais de 60,1758.0
2025,Fevereiro,Niassa,Mecanhelas,Outros,N/A,6.0
2025,Março,Niassa,Mecanhelas,Homens,0 a 16,98.0
2025,Março,Niassa,Mecanhelas,Mulheres,0 a 16,46.0
2025,Março,Niassa,Mecanhelas,Homens,17 a 21,7842.0
2025,Março,Niassa,Mecanhelas,Mulheres,17 a 21,5835.0
2025,Março,Niassa,Mecanhelas,Homens,22 a 60,36920.0
2025,Março,Niassa,Mecanhelas,Mulheres,22 a 60,25834.0
2025,Março,Niassa,Mecanhelas,Homens,Mais de 60,1894.0
2025,Março,Niassa,Mecanhelas,Mulheres,Mais de 60,1847.0
2025,Março,Niassa,Mecanhelas,Outros,N/A,5.0
2025,Abril,Niassa,Mecanhelas,Homens,0 a 16,111.0
2025,Abril,Niassa,Mecanhelas,Mulheres,0 a 16,57.0
2025,Abril,Niassa,Mecanhelas,Homens,17 a 21,8362.0
2025,Abril,Niassa,Mecanhelas,Mulheres,17 a 21,6340.0
2025,Abril,Niassa,Mecanhelas,Homens,22 a 60,39695.0
2025,Abril,Niassa,Mecanhelas,Mulheres,22 a 60,27854.0
2025,Abril,Niassa,Mecanhelas,Homens,Mais de 60,2036.0
2025,Abril,Niassa,Mecanhelas,Mulheres,Mais de 60,2001.0
2025,Abril,Niassa,Mecanhelas,Outros,N/A,4.0
2025,Maio,Niassa,Mecanhelas,Homens,0 a 16,97.0
2025,Maio,Niassa,Mecanhelas,Mulheres,0 a 16,55.0
2025,Maio,Niassa,Mecanhelas,Homens,17 a 21,8339.0
2025,Maio,Niassa,Mecanhelas,Mulheres,17 a 21,6423.0
2025,Maio,Niassa,Mecanhelas,Homens,22 a 60,40969.0
2025,Maio,Niassa,Mecanhelas,Mulheres,22 a 60,28768.0
2025,Maio,Niassa,Mecanhelas,Homens,Mais de 60,2117.0
2025,Maio,Niassa,Mecanhelas,Mulheres,Mais de 60,2044.0
2025,Maio,Niassa,Mecanhelas,Outros,N/A,6.0
2025,Junho,Niassa,Mecanhelas,Homens,0 a 16,79.0
2025,Junho,Niassa,Mecanhelas,Mulheres,0 a 16,46.0
2025,Junho,Niassa,Mecanhelas,Homens,17 a 21,8478.0
2025,Junho,Niassa,Mecanhelas,Mulheres,17 a 21,6558.0
2025,Junho,Niassa,Mecanhelas,Homens,22 a 60,42636.0
2025,Junho,Niassa,Mecanhelas,Mulheres,22 a 60,29236.0
2025,Junho,Niassa,Mecanhelas,Homens,Mais de 60,2214.0
2025,Junho,Niassa,Mecanhelas,Mulheres,Mais de 60,2132.0
2025,Junho,Niassa,Mecanhelas,Outros,N/A,5.0
2025,Julho,Niassa,Mecanhelas,Homens,0 a 16,84.0
2025,Julho,Niassa,Mecanhelas,Mulheres,0 a 16,53.0
2025,Julho,Niassa,Mecanhelas,Homens,17 a 21,8750.0
2025,Julho,Niassa,Mecanhelas,Mulheres,17 a 21,6850.0
2025,Julho,Niassa,Mecanhelas,Homens,22 a 60,43315.0
2025,Julho,Niassa,Mecanhelas,Mulheres,22 a 60,29596.0
2025,Julho,Niassa,Mecanhelas,Homens,Mais de 60,2273.0
2025,Julho,Niassa,Mecanhelas,Mulheres,Mais de 60,2186.0
2025,Julho,Niassa,Mecanhelas,Outros,N/A,12.0
2025,Agosto,Niassa,Mecanhelas,Homens,0 a 16,92.0
2025,Agosto,Niassa,Mecanhelas,Mulheres,0 a 16,57.0
2025,Agosto,Niassa,Mecanhelas,Homens,17 a 21,9317.0
2025,Agosto,Niassa,Mecanhelas,Mulheres,17 a 21,7396.0
2025,Agosto,Niassa,Mecanhelas,Homens,22 a 60,45869.0
2025,Agosto,Niassa,Mecanhelas,Mulheres,22 a 60,30970.0
2025,Agosto,Niassa,Mecanhelas,Homens,Mais de 60,2413.0
2025,Agosto,Niassa,Mecanhelas,Mulheres,Mais de 60,2256.0
2025,Agosto,Niassa,Mecanhelas,Outros,N/A,13.0
2025,Setembro,Niassa,Mecanhelas,Homens,0 a 16,83.0
2025,Setembro,Niassa,Mecanhelas,Mulheres,0 a 16,56.0
2025,Setembro,Niassa,Mecanhelas,Homens,17 a 21,9532.0
2025,Setembro,Niassa,Mecanhelas,Mulheres,17 a 21,7817.0
2025,Setembro,Niassa,Mecanhelas,Homens,22 a 60,48815.0
2025,Setembro,Niassa,Mecanhelas,Mulheres,22 a 60,32080.0
2025,Setembro,Niassa,Mecanhelas,Homens,Mais de 60,2556.0
2025,Setembro,Niassa,Mecanhelas,Mulheres,Mais de 60,2374.0
2025,Setembro,Niassa,Mecanhelas,Outros,N/A,14.0
2025,Outubro,Niassa,Mecanhelas,Homens,0 a 16,93.0
2025,Outubro,Niassa,Mecanhelas,Mulheres,0 a 16,61.0
2025,Outubro,Niassa,Mecanhelas,Homens,17 a 21,9768.0
2025,Outubro,Niassa,Mecanhelas,Mulheres,17 a 21,8020.0
2025,Outubro,Niassa,Mecanhelas,Homens,22 a 60,52337.0
2025,Outubro,Niassa,Mecanhelas,Mulheres,22 a 60,34587.0
2025,Outubro,Niassa,Mecanhelas,Homens,Mais de 60,2752.0
2025,Outubro,Niassa,Mecanhelas,Mulheres,Mais de 60,2535.0
2025,Outubro,Niassa,Mecanhelas,Outros,N/A,13.0
2025,Novembro,Niassa,Mecanhelas,Homens,0 a 16,86.0
2025,Novembro,Niassa,Mecanhelas,Mulheres,0 a 16,61.0
2025,Novembro,Niassa,Mecanhelas,Homens,17 a 21,9820.0
2025,Novembro,Niassa,Mecanhelas,Mulheres,17 a 21,8075.0
2025,Novembro,Niassa,Mecanhelas,Homens,22 a 60,53242.0
2025,Novembro,Niassa,Mecanhelas,Mulheres,22 a 60,37499.0
2025,Novembro,Niassa,Mecanhelas,Homens,Mais de 60,2795.0
2025,Novembro,Niassa,Mecanhelas,Mulheres,Mais de 60,2761.0
2025,Novembro,Niassa,Mecanhelas,Outros,N/A,4.0
2025,Dezembro,Niassa,Mecanhelas,Homens,0 a 16,100.0
2025,Dezembro,Niassa,Mecanhelas,Mulheres,0 a 16,57.0
2025,Dezembro,Niassa,Mecanhelas,Homens,17 a 21,9979.0
2025,Dezembro,Niassa,Mecanhelas,Mulheres,17 a 21,8261.0
2025,Dezembro,Niassa,Mecanhelas,Homens,22 a 60,53777.0
2025,Dezembro,Niassa,Mecanhelas,Mulheres,22 a 60,39911.0
2025,Dezembro,Niassa,Mecanhelas,Homens,Mais de 60,2842.0
2025,Dezembro,Niassa,Mecanhelas,Mulheres,Mais de 60,2744.0
2025,Dezembro,Niassa,Mecanhelas,Outros,N/A,4.0
2025,Janeiro,Niassa,Mecula,Homens,0 a 16,18.0
2025,Janeiro,Niassa,Mecula,Mulheres,0 a 16,7.0
2025,Janeiro,Niassa,Mecula,Homens,17 a 21,960.0
2025,Janeiro,Niassa,Mecula,Mulheres,17 a 21,706.0
2025,Janeiro,Niassa,Mecula,Homens,22 a 60,3944.0
2025,Janeiro,Niassa,Mecula,Mulheres,22 a 60,2680.0
2025,Janeiro,Niassa,Mecula,Homens,Mais de 60,167.0
2025,Janeiro,Niassa,Mecula,Mulheres,Mais de 60,124.0
2025,Janeiro,Niassa,Mecula,Outros,N/A,0.0
2025,Fevereiro,Niassa,Mecula,Homens,0 a 16,16.0
2025,Fevereiro,Niassa,Mecula,Mulheres,0 a 16,7.0
2025,Fevereiro,Niassa,Mecula,Homens,17 a 21,968.0
2025,Fevereiro,Niassa,Mecula,Mulheres,17 a 21,732.0
2025,Fevereiro,Niassa,Mecula,Homens,22 a 60,3947.0
2025,Fevereiro,Niassa,Mecula,Mulheres,22 a 60,2732.0
2025,Fevereiro,Niassa,Mecula,Homens,Mais de 60,164.0
2025,Fevereiro,Niassa,Mecula,Mulheres,Mais de 60,112.0
2025,Fevereiro,Niassa,Mecula,Outros,N/A,0.0
2025,Março,Niassa,Mecula,Homens,0 a 16,15.0
2025,Março,Niassa,Mecula,Mulheres,0 a 16,9.0
2025,Março,Niassa,Mecula,Homens,17 a 21,924.0
2025,Março,Niassa,Mecula,Mulheres,17 a 21,749.0
2025,Março,Niassa,Mecula,Homens,22 a 60,4058.0
2025,Março,Niassa,Mecula,Mulheres,22 a 60,2738.0
2025,Março,Niassa,Mecula,Homens,Mais de 60,159.0
2025,Março,Niassa,Mecula,Mulheres,Mais de 60,120.0
2025,Março,Niassa,Mecula,Outros,N/A,0.0
2025,Abril,Niassa,Mecula,Homens,0 a 16,19.0
2025,Abril,Niassa,Mecula,Mulheres,0 a 16,6.0
2025,Abril,Niassa,Mecula,Homens,17 a 21,942.0
2025,Abril,Niassa,Mecula,Mulheres,17 a 21,764.0
2025,Abril,Niassa,Mecula,Homens,22 a 60,4185.0
2025,Abril,Niassa,Mecula,Mulheres,22 a 60,2854.0
2025,Abril,Niassa,Mecula,Homens,Mais de 60,163.0
2025,Abril,Niassa,Mecula,Mulheres,Mais de 60,139.0
2025,Abril,Niassa,Mecula,Outros,N/A,0.0
2025,Maio,Niassa,Mecula,Homens,0 a 16,19.0
2025,Maio,Niassa,Mecula,Mulheres,0 a 16,3.0
2025,Maio,Niassa,Mecula,Homens,17 a 21,908.0
2025,Maio,Niassa,Mecula,Mulheres,17 a 21,763.0
2025,Maio,Niassa,Mecula,Homens,22 a 60,4401.0
2025,Maio,Niassa,Mecula,Mulheres,22 a 60,2865.0
2025,Maio,Niassa,Mecula,Homens,Mais de 60,172.0
2025,Maio,Niassa,Mecula,Mulheres,Mais de 60,141.0
2025,Maio,Niassa,Mecula,Outros,N/A,1.0
2025,Junho,Niassa,Mecula,Homens,0 a 16,28.0
2025,Junho,Niassa,Mecula,Mulheres,0 a 16,5.0
2025,Junho,Niassa,Mecula,Homens,17 a 21,957.0
2025,Junho,Niassa,Mecula,Mulheres,17 a 21,795.0
2025,Junho,Niassa,Mecula,Homens,22 a 60,4472.0
2025,Junho,Niassa,Mecula,Mulheres,22 a 60,2999.0
2025,Junho,Niassa,Mecula,Homens,Mais de 60,169.0
2025,Junho,Niassa,Mecula,Mulheres,Mais de 60,150.0
2025,Junho,Niassa,Mecula,Outros,N/A,0.0
2025,Julho,Niassa,Mecula,Homens,0 a 16,25.0
2025,Julho,Niassa,Mecula,Mulheres,0 a 16,6.0
2025,Julho,Niassa,Mecula,Homens,17 a 21,935.0
2025,Julho,Niassa,Mecula,Mulheres,17 a 21,817.0
2025,Julho,Niassa,Mecula,Homens,22 a 60,4379.0
2025,Julho,Niassa,Mecula,Mulheres,22 a 60,3025.0
2025,Julho,Niassa,Mecula,Homens,Mais de 60,155.0
2025,Julho,Niassa,Mecula,Mulheres,Mais de 60,156.0
2025,Julho,Niassa,Mecula,Outros,N/A,2.0
2025,Agosto,Niassa,Mecula,Homens,0 a 16,21.0
2025,Agosto,Niassa,Mecula,Mulheres,0 a 16,6.0
2025,Agosto,Niassa,Mecula,Homens,17 a 21,928.0
2025,Agosto,Niassa,Mecula,Mulheres,17 a 21,810.0
2025,Agosto,Niassa,Mecula,Homens,22 a 60,4418.0
2025,Agosto,Niassa,Mecula,Mulheres,22 a 60,3049.0
2025,Agosto,Niassa,Mecula,Homens,Mais de 60,146.0
2025,Agosto,Niassa,Mecula,Mulheres,Mais de 60,168.0
2025,Agosto,Niassa,Mecula,Outros,N/A,2.0
2025,Setembro,Niassa,Mecula,Homens,0 a 16,11.0
2025,Setembro,Niassa,Mecula,Mulheres,0 a 16,8.0
2025,Setembro,Niassa,Mecula,Homens,17 a 21,988.0
2025,Setembro,Niassa,Mecula,Mulheres,17 a 21,848.0
2025,Setembro,Niassa,Mecula,Homens,22 a 60,4469.0
2025,Setembro,Niassa,Mecula,Mulheres,22 a 60,3118.0
2025,Setembro,Niassa,Mecula,Homens,Mais de 60,149.0
2025,Setembro,Niassa,Mecula,Mulheres,Mais de 60,163.0
2025,Setembro,Niassa,Mecula,Outros,N/A,2.0
2025,Outubro,Niassa,Mecula,Homens,0 a 16,9.0
2025,Outubro,Niassa,Mecula,Mulheres,0 a 16,8.0
2025,Outubro,Niassa,Mecula,Homens,17 a 21,1009.0
2025,Outubro,Niassa,Mecula,Mulheres,17 a 21,866.0
2025,Outubro,Niassa,Mecula,Homens,22 a 60,4513.0
2025,Outubro,Niassa,Mecula,Mulheres,22 a 60,3141.0
2025,Outubro,Niassa,Mecula,Homens,Mais de 60,158.0
2025,Outubro,Niassa,Mecula,Mulheres,Mais de 60,174.0
2025,Outubro,Niassa,Mecula,Outros,N/A,1.0
2025,Novembro,Niassa,Mecula,Homens,0 a 16,13.0
2025,Novembro,Niassa,Mecula,Mulheres,0 a 16,9.0
2025,Novembro,Niassa,Mecula,Homens,17 a 21,1004.0
2025,Novembro,Niassa,Mecula,Mulheres,17 a 21,896.0
2025,Novembro,Niassa,Mecula,Homens,22 a 60,4401.0
2025,Novembro,Niassa,Mecula,Mulheres,22 a 60,3309.0
2025,Novembro,Niassa,Mecula,Homens,Mais de 60,158.0
2025,Novembro,Niassa,Mecula,Mulheres,Mais de 60,181.0
2025,Novembro,Niassa,Mecula,Outros,N/A,0.0
2025,Dezembro,Niassa,Mecula,Homens,0 a 16,23.0
2025,Dezembro,Niassa,Mecula,Mulheres,0 a 16,8.0
2025,Dezembro,Niassa,Mecula,Homens,17 a 21,987.0
2025,Dezembro,Niassa,Mecula,Mulheres,17 a 21,890.0
2025,Dezembro,Niassa,Mecula,Homens,22 a 60,4529.0
2025,Dezembro,Niassa,Mecula,Mulheres,22 a 60,3222.0
2025,Dezembro,Niassa,Mecula,Homens,Mais de 60,158.0
2025,Dezembro,Niassa,Mecula,Mulheres,Mais de 60,176.0
2025,Dezembro,Niassa,Mecula,Outros,N/A,0.0
2025,Janeiro,Niassa,Metarica,Homens,0 a 16,40.0
2025,Janeiro,Niassa,Metarica,Mulheres,0 a 16,22.0
2025,Janeiro,Niassa,Metarica,Homens,17 a 21,3506.0
2025,Janeiro,Niassa,Metarica,Mulheres,17 a 21,2454.0
2025,Janeiro,Niassa,Metarica,Homens,22 a 60,12364.0
2025,Janeiro,Niassa,Metarica,Mulheres,22 a 60,9050.0
2025,Janeiro,Niassa,Metarica,Homens,Mais de 60,709.0
2025,Janeiro,Niassa,Metarica,Mulheres,Mais de 60,724.0
2025,Janeiro,Niassa,Metarica,Outros,N/A,4.0
2025,Fevereiro,Niassa,Metarica,Homens,0 a 16,48.0
2025,Fevereiro,Niassa,Metarica,Mulheres,0 a 16,25.0
2025,Fevereiro,Niassa,Metarica,Homens,17 a 21,3498.0
2025,Fevereiro,Niassa,Metarica,Mulheres,17 a 21,2455.0
2025,Fevereiro,Niassa,Metarica,Homens,22 a 60,12315.0
2025,Fevereiro,Niassa,Metarica,Mulheres,22 a 60,9096.0
2025,Fevereiro,Niassa,Metarica,Homens,Mais de 60,691.24
2025,Fevereiro,Niassa,Metarica,Mulheres,Mais de 60,715.0
2025,Fevereiro,Niassa,Metarica,Outros,N/A,5.0
2025,Março,Niassa,Metarica,Homens,0 a 16,41.0
2025,Março,Niassa,Metarica,Mulheres,0 a 16,26.0
2025,Março,Niassa,Metarica,Homens,17 a 21,3486.0
2025,Março,Niassa,Metarica,Mulheres,17 a 21,2525.0
2025,Março,Niassa,Metarica,Homens,22 a 60,12437.0
2025,Março,Niassa,Metarica,Mulheres,22 a 60,9510.0
2025,Março,Niassa,Metarica,Homens,Mais de 60,684.0
2025,Março,Niassa,Metarica,Mulheres,Mais de 60,730.0
2025,Março,Niassa,Metarica,Outros,N/A,7.0
2025,Abril,Niassa,Metarica,Homens,0 a 16,49.0
2025,Abril,Niassa,Metarica,Mulheres,0 a 16,37.0
2025,Abril,Niassa,Metarica,Homens,17 a 21,3642.0
2025,Abril,Niassa,Metarica,Mulheres,17 a 21,2695.0
2025,Abril,Niassa,Metarica,Homens,22 a 60,13353.0
2025,Abril,Niassa,Metarica,Mulheres,22 a 60,10277.0
2025,Abril,Niassa,Metarica,Homens,Mais de 60,717.0
2025,Abril,Niassa,Metarica,Mulheres,Mais de 60,792.0
2025,Abril,Niassa,Metarica,Outros,N/A,4.0
2025,Maio,Niassa,Metarica,Homens,0 a 16,46.0
2025,Maio,Niassa,Metarica,Mulheres,0 a 16,29.0
2025,Maio,Niassa,Metarica,Homens,17 a 21,3514.0
2025,Maio,Niassa,Metarica,Mulheres,17 a 21,2667.0
2025,Maio,Niassa,Metarica,Homens,22 a 60,13244.0
2025,Maio,Niassa,Metarica,Mulheres,22 a 60,10205.0
2025,Maio,Niassa,Metarica,Homens,Mais de 60,720.0
2025,Maio,Niassa,Metarica,Mulheres,Mais de 60,815.0
2025,Maio,Niassa,Metarica,Outros,N/A,4.0
2025,Junho,Niassa,Metarica,Homens,0 a 16,43.0
2025,Junho,Niassa,Metarica,Mulheres,0 a 16,25.0
2025,Junho,Niassa,Metarica,Homens,17 a 21,3502.0
2025,Junho,Niassa,Metarica,Mulheres,17 a 21,2661.0
2025,Junho,Niassa,Metarica,Homens,22 a 60,13206.0
2025,Junho,Niassa,Metarica,Mulheres,22 a 60,10131.0
2025,Junho,Niassa,Metarica,Homens,Mais de 60,703.0
2025,Junho,Niassa,Metarica,Mulheres,Mais de 60,814.0
2025,Junho,Niassa,Metarica,Outros,N/A,3.0
2025,Julho,Niassa,Metarica,Homens,0 a 16,41.0
2025,Julho,Niassa,Metarica,Mulheres,0 a 16,21.0
2025,Julho,Niassa,Metarica,Homens,17 a 21,3370.0
2025,Julho,Niassa,Metarica,Mulheres,17 a 21,2639.0
2025,Julho,Niassa,Metarica,Homens,22 a 60,13274.0
2025,Julho,Niassa,Metarica,Mulheres,22 a 60,10172.0
2025,Julho,Niassa,Metarica,Homens,Mais de 60,661.0
2025,Julho,Niassa,Metarica,Mulheres,Mais de 60,808.0
2025,Julho,Niassa,Metarica,Outros,N/A,6.0
2025,Agosto,Niassa,Metarica,Homens,0 a 16,33.0
2025,Agosto,Niassa,Metarica,Mulheres,0 a 16,19.0
2025,Agosto,Niassa,Metarica,Homens,17 a 21,3428.0
2025,Agosto,Niassa,Metarica,Mulheres,17 a 21,2701.0
2025,Agosto,Niassa,Metarica,Homens,22 a 60,13894.0
2025,Agosto,Niassa,Metarica,Mulheres,22 a 60,10573.0
2025,Agosto,Niassa,Metarica,Homens,Mais de 60,687.0
2025,Agosto,Niassa,Metarica,Mulheres,Mais de 60,825.0
2025,Agosto,Niassa,Metarica,Outros,N/A,8.0
2025,Setembro,Niassa,Metarica,Homens,0 a 16,34.0
2025,Setembro,Niassa,Metarica,Mulheres,0 a 16,17.0
2025,Setembro,Niassa,Metarica,Homens,17 a 21,3543.0
2025,Setembro,Niassa,Metarica,Mulheres,17 a 21,2779.0
2025,Setembro,Niassa,Metarica,Homens,22 a 60,14473.0
2025,Setembro,Niassa,Metarica,Mulheres,22 a 60,11019.0
2025,Setembro,Niassa,Metarica,Homens,Mais de 60,711.0
2025,Setembro,Niassa,Metarica,Mulheres,Mais de 60,864.0
2025,Setembro,Niassa,Metarica,Outros,N/A,7.0
2025,Outubro,Niassa,Metarica,Homens,0 a 16,36.0
2025,Outubro,Niassa,Metarica,Mulheres,0 a 16,16.0
2025,Outubro,Niassa,Metarica,Homens,17 a 21,3711.0
2025,Outubro,Niassa,Metarica,Mulheres,17 a 21,2890.0
2025,Outubro,Niassa,Metarica,Homens,22 a 60,15337.0
2025,Outubro,Niassa,Metarica,Mulheres,22 a 60,11711.0
2025,Outubro,Niassa,Metarica,Homens,Mais de 60,738.0
2025,Outubro,Niassa,Metarica,Mulheres,Mais de 60,872.0
2025,Outubro,Niassa,Metarica,Outros,N/A,8.0
2025,Novembro,Niassa,Metarica,Homens,0 a 16,36.0
2025,Novembro,Niassa,Metarica,Mulheres,0 a 16,22.0
2025,Novembro,Niassa,Metarica,Homens,17 a 21,3755.0
2025,Novembro,Niassa,Metarica,Mulheres,17 a 21,2869.0
2025,Novembro,Niassa,Metarica,Homens,22 a 60,15210.0
2025,Novembro,Niassa,Metarica,Mulheres,22 a 60,11807.0
2025,Novembro,Niassa,Metarica,Homens,Mais de 60,739.0
2025,Novembro,Niassa,Metarica,Mulheres,Mais de 60,848.0
2025,Novembro,Niassa,Metarica,Outros,N/A,2.0
2025,Dezembro,Niassa,Metarica,Homens,0 a 16,37.0
2025,Dezembro,Niassa,Metarica,Mulheres,0 a 16,16.0
2025,Dezembro,Niassa,Metarica,Homens,17 a 21,3787.0
2025,Dezembro,Niassa,Metarica,Mulheres,17 a 21,2920.0
2025,Dezembro,Niassa,Metarica,Homens,22 a 60,15875.0
2025,Dezembro,Niassa,Metarica,Mulheres,22 a 60,12061.0
2025,Dezembro,Niassa,Metarica,Homens,Mais de 60,774.0
2025,Dezembro,Niassa,Metarica,Mulheres,Mais de 60,861.0
2025,Dezembro,Niassa,Metarica,Outros,N/A,3.0
2025,Janeiro,Niassa,Muembe,Homens,0 a 16,15.0
2025,Janeiro,Niassa,Muembe,Mulheres,0 a 16,11.0
2025,Janeiro,Niassa,Muembe,Homens,17 a 21,2335.0
2025,Janeiro,Niassa,Muembe,Mulheres,17 a 21,1973.0
2025,Janeiro,Niassa,Muembe,Homens,22 a 60,11569.0
2025,Janeiro,Niassa,Muembe,Mulheres,22 a 60,8992.0
2025,Janeiro,Niassa,Muembe,Homens,Mais de 60,666.0
2025,Janeiro,Niassa,Muembe,Mulheres,Mais de 60,636.0
2025,Janeiro,Niassa,Muembe,Outros,N/A,2.0
2025,Fevereiro,Niassa,Muembe,Homens,0 a 16,13.0
2025,Fevereiro,Niassa,Muembe,Mulheres,0 a 16,9.0
2025,Fevereiro,Niassa,Muembe,Homens,17 a 21,2363.0
2025,Fevereiro,Niassa,Muembe,Mulheres,17 a 21,1968.0
2025,Fevereiro,Niassa,Muembe,Homens,22 a 60,11531.0
2025,Fevereiro,Niassa,Muembe,Mulheres,22 a 60,8989.0
2025,Fevereiro,Niassa,Muembe,Homens,Mais de 60,654.0
2025,Fevereiro,Niassa,Muembe,Mulheres,Mais de 60,680.0
2025,Fevereiro,Niassa,Muembe,Outros,N/A,0.0
2025,Março,Niassa,Muembe,Homens,0 a 16,13.0
2025,Março,Niassa,Muembe,Mulheres,0 a 16,11.0
2025,Março,Niassa,Muembe,Homens,17 a 21,2336.0
2025,Março,Niassa,Muembe,Mulheres,17 a 21,1994.0
2025,Março,Niassa,Muembe,Homens,22 a 60,11769.0
2025,Março,Niassa,Muembe,Mulheres,22 a 60,9213.0
2025,Março,Niassa,Muembe,Homens,Mais de 60,688.0
2025,Março,Niassa,Muembe,Mulheres,Mais de 60,718.0
2025,Março,Niassa,Muembe,Outros,N/A,0.0
2025,Abril,Niassa,Muembe,Homens,0 a 16,18.0
2025,Abril,Niassa,Muembe,Mulheres,0 a 16,13.0
2025,Abril,Niassa,Muembe,Homens,17 a 21,2353.0
2025,Abril,Niassa,Muembe,Mulheres,17 a 21,1957.0
2025,Abril,Niassa,Muembe,Homens,22 a 60,11812.0
2025,Abril,Niassa,Muembe,Mulheres,22 a 60,9169.0
2025,Abril,Niassa,Muembe,Homens,Mais de 60,656.0
2025,Abril,Niassa,Muembe,Mulheres,Mais de 60,716.0
2025,Abril,Niassa,Muembe,Outros,N/A,1.0
2025,Maio,Niassa,Muembe,Homens,0 a 16,14.0
2025,Maio,Niassa,Muembe,Mulheres,0 a 16,5.0
2025,Maio,Niassa,Muembe,Homens,17 a 21,2312.0
2025,Maio,Niassa,Muembe,Mulheres,17 a 21,2012.0
2025,Maio,Niassa,Muembe,Homens,22 a 60,12305.0
2025,Maio,Niassa,Muembe,Mulheres,22 a 60,9503.0
2025,Maio,Niassa,Muembe,Homens,Mais de 60,690.0
2025,Maio,Niassa,Muembe,Mulheres,Mais de 60,727.0
2025,Maio,Niassa,Muembe,Outros,N/A,0.0
2025,Junho,Niassa,Muembe,Homens,0 a 16,9.0
2025,Junho,Niassa,Muembe,Mulheres,0 a 16,2.0
2025,Junho,Niassa,Muembe,Homens,17 a 21,2270.0
2025,Junho,Niassa,Muembe,Mulheres,17 a 21,2073.0
2025,Junho,Niassa,Muembe,Homens,22 a 60,12506.0
2025,Junho,Niassa,Muembe,Mulheres,22 a 60,9571.0
2025,Junho,Niassa,Muembe,Homens,Mais de 60,690.0
2025,Junho,Niassa,Muembe,Mulheres,Mais de 60,757.0
2025,Junho,Niassa,Muembe,Outros,N/A,0.0
2025,Julho,Niassa,Muembe,Homens,0 a 16,10.0
2025,Julho,Niassa,Muembe,Mulheres,0 a 16,2.0
2025,Julho,Niassa,Muembe,Homens,17 a 21,2293.0
2025,Julho,Niassa,Muembe,Mulheres,17 a 21,2164.0
2025,Julho,Niassa,Muembe,Homens,22 a 60,13043.0
2025,Julho,Niassa,Muembe,Mulheres,22 a 60,10026.0
2025,Julho,Niassa,Muembe,Homens,Mais de 60,728.0
2025,Julho,Niassa,Muembe,Mulheres,Mais de 60,797.0
2025,Julho,Niassa,Muembe,Outros,N/A,2.0
2025,Agosto,Niassa,Muembe,Homens,0 a 16,12.0
2025,Agosto,Niassa,Muembe,Mulheres,0 a 16,4.0
2025,Agosto,Niassa,Muembe,Homens,17 a 21,2477.0
2025,Agosto,Niassa,Muembe,Mulheres,17 a 21,2284.0
2025,Agosto,Niassa,Muembe,Homens,22 a 60,14081.0
2025,Agosto,Niassa,Muembe,Mulheres,22 a 60,10658.0
2025,Agosto,Niassa,Muembe,Homens,Mais de 60,782.0
2025,Agosto,Niassa,Muembe,Mulheres,Mais de 60,844.0
2025,Agosto,Niassa,Muembe,Outros,N/A,1.0
2025,Setembro,Niassa,Muembe,Homens,0 a 16,18.0
2025,Setembro,Niassa,Muembe,Mulheres,0 a 16,5.0
2025,Setembro,Niassa,Muembe,Homens,17 a 21,2605.0
2025,Setembro,Niassa,Muembe,Mulheres,17 a 21,2478.0
2025,Setembro,Niassa,Muembe,Homens,22 a 60,15413.0
2025,Setembro,Niassa,Muembe,Mulheres,22 a 60,11428.0
2025,Setembro,Niassa,Muembe,Homens,Mais de 60,850.0
2025,Setembro,Niassa,Muembe,Mulheres,Mais de 60,886.0
2025,Setembro,Niassa,Muembe,Outros,N/A,0.0
2025,Outubro,Niassa,Muembe,Homens,0 a 16,18.0
2025,Outubro,Niassa,Muembe,Mulheres,0 a 16,3.0
2025,Outubro,Niassa,Muembe,Homens,17 a 21,2498.0
2025,Outubro,Niassa,Muembe,Mulheres,17 a 21,2533.0
2025,Outubro,Niassa,Muembe,Homens,22 a 60,15127.0
2025,Outubro,Niassa,Muembe,Mulheres,22 a 60,12049.0
2025,Outubro,Niassa,Muembe,Homens,Mais de 60,819.0
2025,Outubro,Niassa,Muembe,Mulheres,Mais de 60,876.0
2025,Outubro,Niassa,Muembe,Outros,N/A,2.0
2025,Novembro,Niassa,Muembe,Homens,0 a 16,31.0
2025,Novembro,Niassa,Muembe,Mulheres,0 a 16,9.0
2025,Novembro,Niassa,Muembe,Homens,17 a 21,2549.0
2025,Novembro,Niassa,Muembe,Mulheres,17 a 21,2547.0
2025,Novembro,Niassa,Muembe,Homens,22 a 60,14854.0
2025,Novembro,Niassa,Muembe,Mulheres,22 a 60,12071.0
2025,Novembro,Niassa,Muembe,Homens,Mais de 60,848.0
2025,Novembro,Niassa,Muembe,Mulheres,Mais de 60,894.0
2025,Novembro,Niassa,Muembe,Outros,N/A,0.0
2025,Dezembro,Niassa,Muembe,Homens,0 a 16,31.0
2025,Dezembro,Niassa,Muembe,Mulheres,0 a 16,12.0
2025,Dezembro,Niassa,Muembe,Homens,17 a 21,2556.0
2025,Dezembro,Niassa,Muembe,Mulheres,17 a 21,2536.0
2025,Dezembro,Niassa,Muembe,Homens,22 a 60,14925.0
2025,Dezembro,Niassa,Muembe,Mulheres,22 a 60,11874.0
2025,Dezembro,Niassa,Muembe,Homens,Mais de 60,827.0
2025,Dezembro,Niassa,Muembe,Mulheres,Mais de 60,841.0
2025,Dezembro,Niassa,Muembe,Outros,N/A,0.0
2025,Janeiro,Niassa,N´gauma,Homens,0 a 16,20.0
2025,Janeiro,Niassa,N´gauma,Mulheres,0 a 16,11.0
2025,Janeiro,Niassa,N´gauma,Homens,17 a 21,1789.0
2025,Janeiro,Niassa,N´gauma,Mulheres,17 a 21,1598.0
2025,Janeiro,Niassa,N´gauma,Homens,22 a 60,10969.0
2025,Janeiro,Niassa,N´gauma,Mulheres,22 a 60,8439.0
2025,Janeiro,Niassa,N´gauma,Homens,Mais de 60,856.0
2025,Janeiro,Niassa,N´gauma,Mulheres,Mais de 60,933.0
2025,Janeiro,Niassa,N´gauma,Outros,N/A,1.0
2025,Fevereiro,Niassa,N´gauma,Homens,0 a 16,30.0
2025,Fevereiro,Niassa,N´gauma,Mulheres,0 a 16,16.0
2025,Fevereiro,Niassa,N´gauma,Homens,17 a 21,1872.0
2025,Fevereiro,Niassa,N´gauma,Mulheres,17 a 21,1710.0
2025,Fevereiro,Niassa,N´gauma,Homens,22 a 60,11382.0
2025,Fevereiro,Niassa,N´gauma,Mulheres,22 a 60,8814.0
2025,Fevereiro,Niassa,N´gauma,Homens,Mais de 60,895.0
2025,Fevereiro,Niassa,N´gauma,Mulheres,Mais de 60,945.0
2025,Fevereiro,Niassa,N´gauma,Outros,N/A,1.0
2025,Março,Niassa,N´gauma,Homens,0 a 16,31.0
2025,Março,Niassa,N´gauma,Mulheres,0 a 16,16.0
2025,Março,Niassa,N´gauma,Homens,17 a 21,2035.0
2025,Março,Niassa,N´gauma,Mulheres,17 a 21,1901.0
2025,Março,Niassa,N´gauma,Homens,22 a 60,12375.0
2025,Março,Niassa,N´gauma,Mulheres,22 a 60,9781.0
2025,Março,Niassa,N´gauma,Homens,Mais de 60,977.0
2025,Março,Niassa,N´gauma,Mulheres,Mais de 60,1041.0
2025,Março,Niassa,N´gauma,Outros,N/A,2.0
2025,Abril,Niassa,N´gauma,Homens,0 a 16,40.0
2025,Abril,Niassa,N´gauma,Mulheres,0 a 16,19.0
2025,Abril,Niassa,N´gauma,Homens,17 a 21,2219.0
2025,Abril,Niassa,N´gauma,Mulheres,17 a 21,2043.0
2025,Abril,Niassa,N´gauma,Homens,22 a 60,13429.0
2025,Abril,Niassa,N´gauma,Mulheres,22 a 60,10634.0
2025,Abril,Niassa,N´gauma,Homens,Mais de 60,1040.0
2025,Abril,Niassa,N´gauma,Mulheres,Mais de 60,1120.0
2025,Abril,Niassa,N´gauma,Outros,N/A,5.0
2025,Maio,Niassa,N´gauma,Homens,0 a 16,26.0
2025,Maio,Niassa,N´gauma,Mulheres,0 a 16,16.0
2025,Maio,Niassa,N´gauma,Homens,17 a 21,2209.0
2025,Maio,Niassa,N´gauma,Mulheres,17 a 21,2045.0
2025,Maio,Niassa,N´gauma,Homens,22 a 60,13656.0
2025,Maio,Niassa,N´gauma,Mulheres,22 a 60,11148.0
2025,Maio,Niassa,N´gauma,Homens,Mais de 60,1092.0
2025,Maio,Niassa,N´gauma,Mulheres,Mais de 60,1166.0
2025,Maio,Niassa,N´gauma,Outros,N/A,4.0
2025,Junho,Niassa,N´gauma,Homens,0 a 16,21.0
2025,Junho,Niassa,N´gauma,Mulheres,0 a 16,13.0
2025,Junho,Niassa,N´gauma,Homens,17 a 21,2137.0
2025,Junho,Niassa,N´gauma,Mulheres,17 a 21,2063.0
2025,Junho,Niassa,N´gauma,Homens,22 a 60,13447.0
2025,Junho,Niassa,N´gauma,Mulheres,22 a 60,11203.0
2025,Junho,Niassa,N´gauma,Homens,Mais de 60,1082.0
2025,Junho,Niassa,N´gauma,Mulheres,Mais de 60,1145.0
2025,Junho,Niassa,N´gauma,Outros,N/A,3.0
2025,Julho,Niassa,N´gauma,Homens,0 a 16,19.0
2025,Julho,Niassa,N´gauma,Mulheres,0 a 16,10.0
2025,Julho,Niassa,N´gauma,Homens,17 a 21,2180.0
2025,Julho,Niassa,N´gauma,Mulheres,17 a 21,2137.0
2025,Julho,Niassa,N´gauma,Homens,22 a 60,13840.0
2025,Julho,Niassa,N´gauma,Mulheres,22 a 60,11752.0
2025,Julho,Niassa,N´gauma,Homens,Mais de 60,1128.0
2025,Julho,Niassa,N´gauma,Mulheres,Mais de 60,1205.0
2025,Julho,Niassa,N´gauma,Outros,N/A,4.0
2025,Agosto,Niassa,N´gauma,Homens,0 a 16,22.0
2025,Agosto,Niassa,N´gauma,Mulheres,0 a 16,9.0
2025,Agosto,Niassa,N´gauma,Homens,17 a 21,2285.0
2025,Agosto,Niassa,N´gauma,Mulheres,17 a 21,2232.0
2025,Agosto,Niassa,N´gauma,Homens,22 a 60,14513.0
2025,Agosto,Niassa,N´gauma,Mulheres,22 a 60,12656.0
2025,Agosto,Niassa,N´gauma,Homens,Mais de 60,1195.0
2025,Agosto,Niassa,N´gauma,Mulheres,Mais de 60,1228.0
2025,Agosto,Niassa,N´gauma,Outros,N/A,4.0
2025,Setembro,Niassa,N´gauma,Homens,0 a 16,18.0
2025,Setembro,Niassa,N´gauma,Mulheres,0 a 16,11.0
2025,Setembro,Niassa,N´gauma,Homens,17 a 21,2382.0
2025,Setembro,Niassa,N´gauma,Mulheres,17 a 21,2350.0
2025,Setembro,Niassa,N´gauma,Homens,22 a 60,15459.0
2025,Setembro,Niassa,N´gauma,Mulheres,22 a 60,13379.0
2025,Setembro,Niassa,N´gauma,Homens,Mais de 60,1248.0
2025,Setembro,Niassa,N´gauma,Mulheres,Mais de 60,1306.0
2025,Setembro,Niassa,N´gauma,Outros,N/A,3.0
2025,Outubro,Niassa,N´gauma,Homens,0 a 16,26.0
2025,Outubro,Niassa,N´gauma,Mulheres,0 a 16,9.0
2025,Outubro,Niassa,N´gauma,Homens,17 a 21,2330.0
2025,Outubro,Niassa,N´gauma,Mulheres,17 a 21,2412.0
2025,Outubro,Niassa,N´gauma,Homens,22 a 60,15998.0
2025,Outubro,Niassa,N´gauma,Mulheres,22 a 60,13934.0
2025,Outubro,Niassa,N´gauma,Homens,Mais de 60,1290.0
2025,Outubro,Niassa,N´gauma,Mulheres,Mais de 60,1368.0
2025,Outubro,Niassa,N´gauma,Outros,N/A,3.0
2025,Novembro,Niassa,N´gauma,Homens,0 a 16,24.0
2025,Novembro,Niassa,N´gauma,Mulheres,0 a 16,12.0
2025,Novembro,Niassa,N´gauma,Homens,17 a 21,2321.0
2025,Novembro,Niassa,N´gauma,Mulheres,17 a 21,2402.0
2025,Novembro,Niassa,N´gauma,Homens,22 a 60,17373.0
2025,Novembro,Niassa,N´gauma,Mulheres,22 a 60,13954.0
2025,Novembro,Niassa,N´gauma,Homens,Mais de 60,1309.0
2025,Novembro,Niassa,N´gauma,Mulheres,Mais de 60,1480.0
2025,Novembro,Niassa,N´gauma,Outros,N/A,0.0
2025,Dezembro,Niassa,N´gauma,Homens,0 a 16,23.0
2025,Dezembro,Niassa,N´gauma,Mulheres,0 a 16,10.0
2025,Dezembro,Niassa,N´gauma,Homens,17 a 21,2275.0
2025,Dezembro,Niassa,N´gauma,Mulheres,17 a 21,2362.0
2025,Dezembro,Niassa,N´gauma,Homens,22 a 60,17566.0
2025,Dezembro,Niassa,N´gauma,Mulheres,22 a 60,13953.0
2025,Dezembro,Niassa,N´gauma,Homens,Mais de 60,1329.0
2025,Dezembro,Niassa,N´gauma,Mulheres,Mais de 60,1477.0
2025,Dezembro,Niassa,N´gauma,Outros,N/A,0.0
2025,Janeiro,Niassa,Nipepe,Homens,0 a 16,40.0
2025,Janeiro,Niassa,Nipepe,Mulheres,0 a 16,14.0
2025,Janeiro,Niassa,Nipepe,Homens,17 a 21,2116.0
2025,Janeiro,Niassa,Nipepe,Mulheres,17 a 21,1578.0
2025,Janeiro,Niassa,Nipepe,Homens,22 a 60,10427.0
2025,Janeiro,Niassa,Nipepe,Mulheres,22 a 60,7151.0
2025,Janeiro,Niassa,Nipepe,Homens,Mais de 60,475.0
2025,Janeiro,Niassa,Nipepe,Mulheres,Mais de 60,511.0
2025,Janeiro,Niassa,Nipepe,Outros,N/A,3.0
2025,Fevereiro,Niassa,Nipepe,Homens,0 a 16,40.0
2025,Fevereiro,Niassa,Nipepe,Mulheres,0 a 16,15.0
2025,Fevereiro,Niassa,Nipepe,Homens,17 a 21,2119.0
2025,Fevereiro,Niassa,Nipepe,Mulheres,17 a 21,1596.0
2025,Fevereiro,Niassa,Nipepe,Homens,22 a 60,10299.0
2025,Fevereiro,Niassa,Nipepe,Mulheres,22 a 60,7106.0
2025,Fevereiro,Niassa,Nipepe,Homens,Mais de 60,481.0
2025,Fevereiro,Niassa,Nipepe,Mulheres,Mais de 60,486.0
2025,Fevereiro,Niassa,Nipepe,Outros,N/A,2.0
2025,Março,Niassa,Nipepe,Homens,0 a 16,41.0
2025,Março,Niassa,Nipepe,Mulheres,0 a 16,20.0
2025,Março,Niassa,Nipepe,Homens,17 a 21,2113.0
2025,Março,Niassa,Nipepe,Mulheres,17 a 21,1601.0
2025,Março,Niassa,Nipepe,Homens,22 a 60,10308.0
2025,Março,Niassa,Nipepe,Mulheres,22 a 60,7116.0
2025,Março,Niassa,Nipepe,Homens,Mais de 60,478.0
2025,Março,Niassa,Nipepe,Mulheres,Mais de 60,466.0
2025,Março,Niassa,Nipepe,Outros,N/A,2.0
2025,Abril,Niassa,Nipepe,Homens,0 a 16,54.0
2025,Abril,Niassa,Nipepe,Mulheres,0 a 16,27.0
2025,Abril,Niassa,Nipepe,Homens,17 a 21,2230.0
2025,Abril,Niassa,Nipepe,Mulheres,17 a 21,1644.0
2025,Abril,Niassa,Nipepe,Homens,22 a 60,10646.0
2025,Abril,Niassa,Nipepe,Mulheres,22 a 60,7528.0
2025,Abril,Niassa,Nipepe,Homens,Mais de 60,507.0
2025,Abril,Niassa,Nipepe,Mulheres,Mais de 60,514.0
2025,Abril,Niassa,Nipepe,Outros,N/A,2.0
2025,Maio,Niassa,Nipepe,Homens,0 a 16,49.0
2025,Maio,Niassa,Nipepe,Mulheres,0 a 16,27.0
2025,Maio,Niassa,Nipepe,Homens,17 a 21,2154.0
2025,Maio,Niassa,Nipepe,Mulheres,17 a 21,1613.0
2025,Maio,Niassa,Nipepe,Homens,22 a 60,10797.0
2025,Maio,Niassa,Nipepe,Mulheres,22 a 60,7646.0
2025,Maio,Niassa,Nipepe,Homens,Mais de 60,497.0
2025,Maio,Niassa,Nipepe,Mulheres,Mais de 60,517.0
2025,Maio,Niassa,Nipepe,Outros,N/A,2.0
2025,Junho,Niassa,Nipepe,Homens,0 a 16,47.0
2025,Junho,Niassa,Nipepe,Mulheres,0 a 16,24.0
2025,Junho,Niassa,Nipepe,Homens,17 a 21,2058.0
2025,Junho,Niassa,Nipepe,Mulheres,17 a 21,1599.0
2025,Junho,Niassa,Nipepe,Homens,22 a 60,10454.0
2025,Junho,Niassa,Nipepe,Mulheres,22 a 60,7422.0
2025,Junho,Niassa,Nipepe,Homens,Mais de 60,450.0
2025,Junho,Niassa,Nipepe,Mulheres,Mais de 60,495.0
2025,Junho,Niassa,Nipepe,Outros,N/A,2.0
2025,Julho,Niassa,Nipepe,Homens,0 a 16,45.0
2025,Julho,Niassa,Nipepe,Mulheres,0 a 16,22.0
2025,Julho,Niassa,Nipepe,Homens,17 a 21,2042.0
2025,Julho,Niassa,Nipepe,Mulheres,17 a 21,1664.0
2025,Julho,Niassa,Nipepe,Homens,22 a 60,10803.0
2025,Julho,Niassa,Nipepe,Mulheres,22 a 60,7627.0
2025,Julho,Niassa,Nipepe,Homens,Mais de 60,449.0
2025,Julho,Niassa,Nipepe,Mulheres,Mais de 60,506.0
2025,Julho,Niassa,Nipepe,Outros,N/A,3.0
2025,Agosto,Niassa,Nipepe,Homens,0 a 16,48.0
2025,Agosto,Niassa,Nipepe,Mulheres,0 a 16,21.0
2025,Agosto,Niassa,Nipepe,Homens,17 a 21,2102.0
2025,Agosto,Niassa,Nipepe,Mulheres,17 a 21,1735.0
2025,Agosto,Niassa,Nipepe,Homens,22 a 60,10994.0
2025,Agosto,Niassa,Nipepe,Mulheres,22 a 60,7984.0
2025,Agosto,Niassa,Nipepe,Homens,Mais de 60,465.0
2025,Agosto,Niassa,Nipepe,Mulheres,Mais de 60,526.0
2025,Agosto,Niassa,Nipepe,Outros,N/A,2.0
2025,Setembro,Niassa,Nipepe,Homens,0 a 16,46.0
2025,Setembro,Niassa,Nipepe,Mulheres,0 a 16,16.0
2025,Setembro,Niassa,Nipepe,Homens,17 a 21,2215.0
2025,Setembro,Niassa,Nipepe,Mulheres,17 a 21,1840.0
2025,Setembro,Niassa,Nipepe,Homens,22 a 60,11657.0
2025,Setembro,Niassa,Nipepe,Mulheres,22 a 60,8443.0
2025,Setembro,Niassa,Nipepe,Homens,Mais de 60,485.0
2025,Setembro,Niassa,Nipepe,Mulheres,Mais de 60,543.0
2025,Setembro,Niassa,Nipepe,Outros,N/A,1.0
2025,Outubro,Niassa,Nipepe,Homens,0 a 16,50.0
2025,Outubro,Niassa,Nipepe,Mulheres,0 a 16,19.0
2025,Outubro,Niassa,Nipepe,Homens,17 a 21,2381.0
2025,Outubro,Niassa,Nipepe,Mulheres,17 a 21,1936.0
2025,Outubro,Niassa,Nipepe,Homens,22 a 60,12331.0
2025,Outubro,Niassa,Nipepe,Mulheres,22 a 60,8763.0
2025,Outubro,Niassa,Nipepe,Homens,Mais de 60,501.0
2025,Outubro,Niassa,Nipepe,Mulheres,Mais de 60,588.0
2025,Outubro,Niassa,Nipepe,Outros,N/A,1.0
2025,Novembro,Niassa,Nipepe,Homens,0 a 16,61.0
2025,Novembro,Niassa,Nipepe,Mulheres,0 a 16,20.0
2025,Novembro,Niassa,Nipepe,Homens,17 a 21,2369.0
2025,Novembro,Niassa,Nipepe,Mulheres,17 a 21,1955.0
2025,Novembro,Niassa,Nipepe,Homens,22 a 60,11995.0
2025,Novembro,Niassa,Nipepe,Mulheres,22 a 60,8704.0
2025,Novembro,Niassa,Nipepe,Homens,Mais de 60,495.0
2025,Novembro,Niassa,Nipepe,Mulheres,Mais de 60,577.0
2025,Novembro,Niassa,Nipepe,Outros,N/A,1.0
2025,Dezembro,Niassa,Nipepe,Homens,0 a 16,52.0
2025,Dezembro,Niassa,Nipepe,Mulheres,0 a 16,11.0
2025,Dezembro,Niassa,Nipepe,Homens,17 a 21,2424.0
2025,Dezembro,Niassa,Nipepe,Mulheres,17 a 21,1973.0
2025,Dezembro,Niassa,Nipepe,Homens,22 a 60,12398.0
2025,Dezembro,Niassa,Nipepe,Mulheres,22 a 60,8883.0
2025,Dezembro,Niassa,Nipepe,Homens,Mais de 60,482.0
2025,Dezembro,Niassa,Nipepe,Mulheres,Mais de 60,580.0
2025,Dezembro,Niassa,Nipepe,Outros,N/A,1.0
2025,Janeiro,Niassa,Sanga,Homens,0 a 16,36.0
2025,Janeiro,Niassa,Sanga,Mulheres,0 a 16,27.0
2025,Janeiro,Niassa,Sanga,Homens,17 a 21,4403.0
2025,Janeiro,Niassa,Sanga,Mulheres,17 a 21,3669.0
2025,Janeiro,Niassa,Sanga,Homens,22 a 60,26627.0
2025,Janeiro,Niassa,Sanga,Mulheres,22 a 60,18369.0
2025,Janeiro,Niassa,Sanga,Homens,Mais de 60,1752.0
2025,Janeiro,Niassa,Sanga,Mulheres,Mais de 60,1785.0
2025,Janeiro,Niassa,Sanga,Outros,N/A,3.0
2025,Fevereiro,Niassa,Sanga,Homens,0 a 16,42.0
2025,Fevereiro,Niassa,Sanga,Mulheres,0 a 16,29.0
2025,Fevereiro,Niassa,Sanga,Homens,17 a 21,4573.0
2025,Fevereiro,Niassa,Sanga,Mulheres,17 a 21,3902.0
2025,Fevereiro,Niassa,Sanga,Homens,22 a 60,27253.0
2025,Fevereiro,Niassa,Sanga,Mulheres,22 a 60,19271.0
2025,Fevereiro,Niassa,Sanga,Homens,Mais de 60,1797.0
2025,Fevereiro,Niassa,Sanga,Mulheres,Mais de 60,1869.0
2025,Fevereiro,Niassa,Sanga,Outros,N/A,4.0
2025,Março,Niassa,Sanga,Homens,0 a 16,40.0
2025,Março,Niassa,Sanga,Mulheres,0 a 16,32.0
2025,Março,Niassa,Sanga,Homens,17 a 21,4681.0
2025,Março,Niassa,Sanga,Mulheres,17 a 21,4058.0
2025,Março,Niassa,Sanga,Homens,22 a 60,28302.0
2025,Março,Niassa,Sanga,Mulheres,22 a 60,20426.0
2025,Março,Niassa,Sanga,Homens,Mais de 60,1873.0
2025,Março,Niassa,Sanga,Mulheres,Mais de 60,1959.0
2025,Março,Niassa,Sanga,Outros,N/A,238.0
2025,Abril,Niassa,Sanga,Homens,0 a 16,55.0
2025,Abril,Niassa,Sanga,Mulheres,0 a 16,44.0
2025,Abril,Niassa,Sanga,Homens,17 a 21,4987.0
2025,Abril,Niassa,Sanga,Mulheres,17 a 21,4236.0
2025,Abril,Niassa,Sanga,Homens,22 a 60,29283.0
2025,Abril,Niassa,Sanga,Mulheres,22 a 60,21205.0
2025,Abril,Niassa,Sanga,Homens,Mais de 60,1941.0
2025,Abril,Niassa,Sanga,Mulheres,Mais de 60,2061.0
2025,Abril,Niassa,Sanga,Outros,N/A,240.0
2025,Maio,Niassa,Sanga,Homens,0 a 16,52.0
2025,Maio,Niassa,Sanga,Mulheres,0 a 16,35.0
2025,Maio,Niassa,Sanga,Homens,17 a 21,4965.0
2025,Maio,Niassa,Sanga,Mulheres,17 a 21,4330.0
2025,Maio,Niassa,Sanga,Homens,22 a 60,29757.0
2025,Maio,Niassa,Sanga,Mulheres,22 a 60,21851.0
2025,Maio,Niassa,Sanga,Homens,Mais de 60,2005.0
2025,Maio,Niassa,Sanga,Mulheres,Mais de 60,2125.0
2025,Maio,Niassa,Sanga,Outros,N/A,240.0
2025,Junho,Niassa,Sanga,Homens,0 a 16,45.0
2025,Junho,Niassa,Sanga,Mulheres,0 a 16,29.0
2025,Junho,Niassa,Sanga,Homens,17 a 21,4623.0
2025,Junho,Niassa,Sanga,Mulheres,17 a 21,4150.0
2025,Junho,Niassa,Sanga,Homens,22 a 60,28575.0
2025,Junho,Niassa,Sanga,Mulheres,22 a 60,21331.0
2025,Junho,Niassa,Sanga,Homens,Mais de 60,1890.0
2025,Junho,Niassa,Sanga,Mulheres,Mais de 60,2109.0
2025,Junho,Niassa,Sanga,Outros,N/A,238.0
2025,Julho,Niassa,Sanga,Homens,0 a 16,47.0
2025,Julho,Niassa,Sanga,Mulheres,0 a 16,26.0
2025,Julho,Niassa,Sanga,Homens,17 a 21,4561.0
2025,Julho,Niassa,Sanga,Mulheres,17 a 21,4202.0
2025,Julho,Niassa,Sanga,Homens,22 a 60,28732.0
2025,Julho,Niassa,Sanga,Mulheres,22 a 60,21679.0
2025,Julho,Niassa,Sanga,Homens,Mais de 60,1852.0
2025,Julho,Niassa,Sanga,Mulheres,Mais de 60,2133.0
2025,Julho,Niassa,Sanga,Outros,N/A,239.0
2025,Agosto,Niassa,Sanga,Homens,0 a 16,43.0
2025,Agosto,Niassa,Sanga,Mulheres,0 a 16,28.0
2025,Agosto,Niassa,Sanga,Homens,17 a 21,4705.0
2025,Agosto,Niassa,Sanga,Mulheres,17 a 21,4415.0
2025,Agosto,Niassa,Sanga,Homens,22 a 60,30333.0
2025,Agosto,Niassa,Sanga,Mulheres,22 a 60,22777.0
2025,Agosto,Niassa,Sanga,Homens,Mais de 60,1945.0
2025,Agosto,Niassa,Sanga,Mulheres,Mais de 60,2210.0
2025,Agosto,Niassa,Sanga,Outros,N/A,240.0
2025,Setembro,Niassa,Sanga,Homens,0 a 16,42.0
2025,Setembro,Niassa,Sanga,Mulheres,0 a 16,30.0
2025,Setembro,Niassa,Sanga,Homens,17 a 21,4789.0
2025,Setembro,Niassa,Sanga,Mulheres,17 a 21,4677.0
2025,Setembro,Niassa,Sanga,Homens,22 a 60,31769.0
2025,Setembro,Niassa,Sanga,Mulheres,22 a 60,24042.0
2025,Setembro,Niassa,Sanga,Homens,Mais de 60,1943.0
2025,Setembro,Niassa,Sanga,Mulheres,Mais de 60,2265.0
2025,Setembro,Niassa,Sanga,Outros,N/A,239.0
2025,Outubro,Niassa,Sanga,Homens,0 a 16,29.0
2025,Outubro,Niassa,Sanga,Mulheres,0 a 16,24.0
2025,Outubro,Niassa,Sanga,Homens,17 a 21,4565.0
2025,Outubro,Niassa,Sanga,Mulheres,17 a 21,4616.0
2025,Outubro,Niassa,Sanga,Homens,22 a 60,31191.0
2025,Outubro,Niassa,Sanga,Mulheres,22 a 60,23936.0
2025,Outubro,Niassa,Sanga,Homens,Mais de 60,1897.0
2025,Outubro,Niassa,Sanga,Mulheres,Mais de 60,2233.0
2025,Outubro,Niassa,Sanga,Outros,N/A,236.0
2025,Novembro,Niassa,Sanga,Homens,0 a 16,39.0
2025,Novembro,Niassa,Sanga,Mulheres,0 a 16,29.0
2025,Novembro,Niassa,Sanga,Homens,17 a 21,4710.0
2025,Novembro,Niassa,Sanga,Mulheres,17 a 21,4588.0
2025,Novembro,Niassa,Sanga,Homens,22 a 60,31500.0
2025,Novembro,Niassa,Sanga,Mulheres,22 a 60,24455.0
2025,Novembro,Niassa,Sanga,Homens,Mais de 60,1890.0
2025,Novembro,Niassa,Sanga,Mulheres,Mais de 60,2278.0
2025,Novembro,Niassa,Sanga,Outros,N/A,234.0
2025,Dezembro,Niassa,Sanga,Homens,0 a 16,41.0
2025,Dezembro,Niassa,Sanga,Mulheres,0 a 16,30.0
2025,Dezembro,Niassa,Sanga,Homens,17 a 21,4714.0
2025,Dezembro,Niassa,Sanga,Mulheres,17 a 21,4517.0
2025,Dezembro,Niassa,Sanga,Homens,22 a 60,31935.0
2025,Dezembro,Niassa,Sanga,Mulheres,22 a 60,24260.0
2025,Dezembro,Niassa,Sanga,Homens,Mais de 60,1934.0
2025,Dezembro,Niassa,Sanga,Mulheres,Mais de 60,2281.0
2025,Dezembro,Niassa,Sanga,Outros,N/A,234.0
2025,Janeiro,Niassa,Chimbunhila,Homens,0 a 16,47.0
2025,Janeiro,Niassa,Chimbunhila,Mulheres,0 a 16,21.0
2025,Janeiro,Niassa,Chimbunhila,Homens,17 a 21,2848.0
2025,Janeiro,Niassa,Chimbunhila,Mulheres,17 a 21,2393.0
2025,Janeiro,Niassa,Chimbunhila,Homens,22 a 60,17589.0
2025,Janeiro,Niassa,Chimbunhila,Mulheres,22 a 60,12896.0
2025,Janeiro,Niassa,Chimbunhila,Homens,Mais de 60,1268.0
2025,Janeiro,Niassa,Chimbunhila,Mulheres,Mais de 60,1308.0
2025,Janeiro,Niassa,Chimbunhila,Outros,N/A,1.0
2025,Fevereiro,Niassa,Chimbunhila,Homens,0 a 16,39.0
2025,Fevereiro,Niassa,Chimbunhila,Mulheres,0 a 16,23.0
2025,Fevereiro,Niassa,Chimbunhila,Homens,17 a 21,2851.0
2025,Fevereiro,Niassa,Chimbunhila,Mulheres,17 a 21,2483.0
2025,Fevereiro,Niassa,Chimbunhila,Homens,22 a 60,18057.0
2025,Fevereiro,Niassa,Chimbunhila,Mulheres,22 a 60,13541.0
2025,Fevereiro,Niassa,Chimbunhila,Homens,Mais de 60,1281.0
2025,Fevereiro,Niassa,Chimbunhila,Mulheres,Mais de 60,1318.0
2025,Fevereiro,Niassa,Chimbunhila,Outros,N/A,6.0
2025,Março,Niassa,Chimbunhila,Homens,0 a 16,44.0
2025,Março,Niassa,Chimbunhila,Mulheres,0 a 16,26.0
2025,Março,Niassa,Chimbunhila,Homens,17 a 21,2839.0
2025,Março,Niassa,Chimbunhila,Mulheres,17 a 21,2553.0
2025,Março,Niassa,Chimbunhila,Homens,22 a 60,18246.0
2025,Março,Niassa,Chimbunhila,Mulheres,22 a 60,13733.0
2025,Março,Niassa,Chimbunhila,Homens,Mais de 60,1313.0
2025,Março,Niassa,Chimbunhila,Mulheres,Mais de 60,1342.0
2025,Março,Niassa,Chimbunhila,Outros,N/A,4.0
2025,Abril,Niassa,Chimbunhila,Homens,0 a 16,42.0
2025,Abril,Niassa,Chimbunhila,Mulheres,0 a 16,22.0
2025,Abril,Niassa,Chimbunhila,Homens,17 a 21,2705.0
2025,Abril,Niassa,Chimbunhila,Mulheres,17 a 21,2478.0
2025,Abril,Niassa,Chimbunhila,Homens,22 a 60,17715.0
2025,Abril,Niassa,Chimbunhila,Mulheres,22 a 60,13326.0
2025,Abril,Niassa,Chimbunhila,Homens,Mais de 60,1262.0
2025,Abril,Niassa,Chimbunhila,Mulheres,Mais de 60,1345.0
2025,Abril,Niassa,Chimbunhila,Outros,N/A,6.0
2025,Maio,Niassa,Chimbunhila,Homens,0 a 16,48.0
2025,Maio,Niassa,Chimbunhila,Mulheres,0 a 16,25.0
2025,Maio,Niassa,Chimbunhila,Homens,17 a 21,2877.0
2025,Maio,Niassa,Chimbunhila,Mulheres,17 a 21,2624.0
2025,Maio,Niassa,Chimbunhila,Homens,22 a 60,18840.0
2025,Maio,Niassa,Chimbunhila,Mulheres,22 a 60,14238.0
2025,Maio,Niassa,Chimbunhila,Homens,Mais de 60,1328.0
2025,Maio,Niassa,Chimbunhila,Mulheres,Mais de 60,1399.0
2025,Maio,Niassa,Chimbunhila,Outros,N/A,3.0
2025,Junho,Niassa,Chimbunhila,Homens,0 a 16,58.0
2025,Junho,Niassa,Chimbunhila,Mulheres,0 a 16,37.0
2025,Junho,Niassa,Chimbunhila,Homens,17 a 21,3569.0
2025,Junho,Niassa,Chimbunhila,Mulheres,17 a 21,2956.0
2025,Junho,Niassa,Chimbunhila,Homens,22 a 60,22869.0
2025,Junho,Niassa,Chimbunhila,Mulheres,22 a 60,16489.0
2025,Junho,Niassa,Chimbunhila,Homens,Mais de 60,1595.0
2025,Junho,Niassa,Chimbunhila,Mulheres,Mais de 60,1593.0
2025,Junho,Niassa,Chimbunhila,Outros,N/A,4.0
2025,Julho,Niassa,Chimbunhila,Homens,0 a 16,43.0
2025,Julho,Niassa,Chimbunhila,Mulheres,0 a 16,28.0
2025,Julho,Niassa,Chimbunhila,Homens,17 a 21,3405.0
2025,Julho,Niassa,Chimbunhila,Mulheres,17 a 21,2892.0
2025,Julho,Niassa,Chimbunhila,Homens,22 a 60,22087.0
2025,Julho,Niassa,Chimbunhila,Mulheres,22 a 60,15945.0
2025,Julho,Niassa,Chimbunhila,Homens,Mais de 60,1448.0
2025,Julho,Niassa,Chimbunhila,Mulheres,Mais de 60,1523.0
2025,Julho,Niassa,Chimbunhila,Outros,N/A,6.0
2025,Agosto,Niassa,Chimbunhila,Homens,0 a 16,47.0
2025,Agosto,Niassa,Chimbunhila,Mulheres,0 a 16,29.0
2025,Agosto,Niassa,Chimbunhila,Homens,17 a 21,3442.0
2025,Agosto,Niassa,Chimbunhila,Mulheres,17 a 21,3031.0
2025,Agosto,Niassa,Chimbunhila,Homens,22 a 60,22615.0
2025,Agosto,Niassa,Chimbunhila,Mulheres,22 a 60,16514.0
2025,Agosto,Niassa,Chimbunhila,Homens,Mais de 60,1505.0
2025,Agosto,Niassa,Chimbunhila,Mulheres,Mais de 60,1550.0
2025,Agosto,Niassa,Chimbunhila,Outros,N/A,5.0
2025,Setembro,Niassa,Chimbunhila,Homens,0 a 16,42.0
2025,Setembro,Niassa,Chimbunhila,Mulheres,0 a 16,16.0
2025,Setembro,Niassa,Chimbunhila,Homens,17 a 21,3567.0
2025,Setembro,Niassa,Chimbunhila,Mulheres,17 a 21,3135.0
2025,Setembro,Niassa,Chimbunhila,Homens,22 a 60,23751.0
2025,Setembro,Niassa,Chimbunhila,Mulheres,22 a 60,17572.0
2025,Setembro,Niassa,Chimbunhila,Homens,Mais de 60,1542.0
2025,Setembro,Niassa,Chimbunhila,Mulheres,Mais de 60,1623.0
2025,Setembro,Niassa,Chimbunhila,Outros,N/A,2.0
2025,Outubro,Niassa,Chimbunhila,Homens,0 a 16,41.0
2025,Outubro,Niassa,Chimbunhila,Mulheres,0 a 16,19.0
2025,Outubro,Niassa,Chimbunhila,Homens,17 a 21,3660.0
2025,Outubro,Niassa,Chimbunhila,Mulheres,17 a 21,3159.0
2025,Outubro,Niassa,Chimbunhila,Homens,22 a 60,25665.0
2025,Outubro,Niassa,Chimbunhila,Mulheres,22 a 60,18471.0
2025,Outubro,Niassa,Chimbunhila,Homens,Mais de 60,1700.0
2025,Outubro,Niassa,Chimbunhila,Mulheres,Mais de 60,1693.0
2025,Outubro,Niassa,Chimbunhila,Outros,N/A,3.0
2025,Novembro,Niassa,Chimbunhila,Homens,0 a 16,43.0
2025,Novembro,Niassa,Chimbunhila,Mulheres,0 a 16,18.0
2025,Novembro,Niassa,Chimbunhila,Homens,17 a 21,3656.0
2025,Novembro,Niassa,Chimbunhila,Mulheres,17 a 21,3125.0
2025,Novembro,Niassa,Chimbunhila,Homens,22 a 60,24862.0
2025,Novembro,Niassa,Chimbunhila,Mulheres,22 a 60,18742.0
2025,Novembro,Niassa,Chimbunhila,Homens,Mais de 60,1710.0
2025,Novembro,Niassa,Chimbunhila,Mulheres,Mais de 60,1695.0
2025,Novembro,Niassa,Chimbunhila,Outros,N/A,2.0
2025,Dezembro,Niassa,Chimbunhila,Homens,0 a 16,42.0
2025,Dezembro,Niassa,Chimbunhila,Mulheres,0 a 16,16.0
2025,Dezembro,Niassa,Chimbunhila,Homens,17 a 21,3589.0
2025,Dezembro,Niassa,Chimbunhila,Mulheres,17 a 21,2995.0
2025,Dezembro,Niassa,Chimbunhila,Homens,22 a 60,24215.0
2025,Dezembro,Niassa,Chimbunhila,Mulheres,22 a 60,17987.0
2025,Dezembro,Niassa,Chimbunhila,Homens,Mais de 60,1674.0
2025,Dezembro,Niassa,Chimbunhila,Mulheres,Mais de 60,1655.0
2025,Dezembro,Niassa,Chimbunhila,Outros,N/A,1.0
