Year,Month,Province,District,Subscribers
2023,Abril,Cabo Delgado,Ancuabe,46309.0
2023,Abril,Cabo Delgado,Balama,35561.0
2023,Abril,Cabo Delgado,Chiúre,65122.0
2023,Abril,Cabo Delgado,Cidade de Pemba,287586.0
2023,Abril,Cabo Delgado,Ibo,5049.0
2023,Abril,Cabo Delgado,Macomia,20479.0
2023,Abril,Cabo Delgado,Mecufi,15870.0
2023,Abril,Cabo Delgado,Meluco,9925.0
2023,Abril,Cabo Delgado,Mocimboa da Praia,37824.0
2023,Abril,Cabo Delgado,Montepuez,122254.0
2023,Abril,Cabo Delgado,Mueda,81100.0
2023,Abril,Cabo Delgado,Muidumbe,10331.0
2023,Abril,Cabo Delgado,Namuno,25401.0
2023,Abril,Cabo Delgado,Nangade,17349.0
2023,Abril,Cabo Delgado,Palma,36169.0
2023,Abril,Cabo Delgado,Pemba-Metuge,30578.0
2023,Abril,Cabo Delgado,Quissanga,4907.0
2023,Abril,Gaza,Bilene-Macia,135772.0
2023,Abril,Gaza,Chibuto,109861.0
2023,Abril,Gaza,Chicualacuala,9687.0
2023,Abril,Gaza,Chigubo,4658.0
2023,Abril,Gaza,Chonguene,75648.0
2023,Abril,Gaza,Chókwè,124188.0
2023,Abril,Gaza,Cidade de Xai-Xai,161836.0
2023,Abril,Gaza,Guijá,33840.0
2023,Abril,Gaza,Limpopo,79896.0
2023,Abril,Gaza,Mabalane,12728.0
2023,Abril,Gaza,Manjacaze,84270.0
2023,Abril,Gaza,Mapai,12165.0
2023,Abril,Gaza,Massangena,4788.0
2023,Abril,Gaza,Massingir,8972.0
2023,Abril,Inhambane,Cidade de Inhambane,94986.0
2023,Abril,Inhambane,Cidade de Maxixe,127592.0
2023,Abril,Inhambane,Funhaloro,13081.0
2023,Abril,Inhambane,Govuro,25067.0
2023,Abril,Inhambane,Homoine,46257.0
2023,Abril,Inhambane,Inharrime,68614.0
2023,Abril,Inhambane,Inhassoro,45734.0
2023,Abril,Inhambane,Jangamo,62177.0
2023,Abril,Inhambane,Mabote,15317.0
2023,Abril,Inhambane,Massinga,136943.0
2023,Abril,Inhambane,Morrumbene,61706.0
2023,Abril,Inhambane,Panda,23292.0
2023,Abril,Inhambane,Vilankulo,114707.0
2023,Abril,Inhambane,Zavala (Quissico),90907.0
2023,Abril,Manica,Bárue,78896.0
2023,Abril,Manica,Cidade de Chimoio,410154.0
2023,Abril,Manica,Gondola,20462.0
2023,Abril,Manica,Guro,35862.0
2023,Abril,Manica,Macate,15133.0
2023,Abril,Manica,Machaze,20320.0
2023,Abril,Manica,Macossa,12426.0
2023,Abril,Manica,Manica,121811.0
2023,Abril,Manica,Mossurize,22796.0
2023,Abril,Manica,Sussundenga,60683.0
2023,Abril,Manica,Tambara,15353.0
2023,Abril,Manica,Vanduzi,55600.0
2023,Abril,Nampula,Angoche,107107.0
2023,Abril,Nampula,Cidade de Nacala-Porto,298014.0
2023,Abril,Nampula,Cidade de Nampula,922456.0
2023,Abril,Nampula,Ilha de Moçambique,40660.0
2023,Abril,Nampula,Lalaua,12719.0
2023,Abril,Nampula,Larde,2017.0
2023,Abril,Nampula,Liupo,2325.0
2023,Abril,Nampula,Malema,51229.0
2023,Abril,Nampula,Meconta (Namialo),90840.0
2023,Abril,Nampula,Mecuburi,33902.0
2023,Abril,Nampula,Memba,47319.0
2023,Abril,Nampula,Mogincual,33111.0
2023,Abril,Nampula,Mogovolas,55972.0
2023,Abril,Nampula,Moma,104149.0
2023,Abril,Nampula,Monapo,76953.0
2023,Abril,Nampula,Mossuril,32007.0
2023,Abril,Nampula,Muecate,19164.0
2023,Abril,Nampula,Murrupula,37758.0
2023,Abril,Nampula,Nacala-Velha,28620.0
2023,Abril,Nampula,Nacaroa,26630.0
2023,Abril,Nampula,Namapa-Erati,51929.0
2023,Abril,Nampula,Rapale-Nampula,50728.0
2023,Abril,Nampula,Ribaué,64944.0
2023,Abril,Niassa,Chimbunhila,11374.0
2023,Abril,Niassa,Cidade de Lichinga,192373.0
2023,Abril,Niassa,Cuamba,101335.0
2023,Abril,Niassa,Lago,28039.0
2023,Abril,Niassa,Mandimba,40428.0
2023,Abril,Niassa,Manjune,11312.0
2023,Abril,Niassa,Marrupa,19786.0
2023,Abril,Niassa,Mavago,8414.0
2023,Abril,Niassa,Maúa,13406.0
2023,Abril,Niassa,Mecanhelas,40248.0
2023,Abril,Niassa,Mecula,5596.0
2023,Abril,Niassa,Metarica,13109.0
2023,Abril,Niassa,Muembe,10037.0
2023,Abril,Niassa,Nipepe,8046.0
2023,Abril,Niassa,N´gauma,9767.0
2023,Abril,Niassa,Sanga,23543.0
2023,Abril,Província de Maputo,Boane,273243.0
2023,Abril,Província de Maputo,Cidade da Matola,1295056.0
2023,Abril,Província de Maputo,Cidade de Maputo,1441020.0
2023,Abril,Província de Maputo,Magude,35760.0
2023,Abril,Província de Maputo,Manhiça,180214.0
2023,Abril,Província de Maputo,Marracuene,285381.0
2023,Abril,Província de Maputo,Matutuíne,46367.0
2023,Abril,Província de Maputo,Moamba,124133.0
2023,Abril,Província de Maputo,Namaacha,42038.0
2023,Abril,Sofala,Buzi,46919.0
2023,Abril,Sofala,Caia,69515.0
2023,Abril,Sofala,Chemba,22655.0
2023,Abril,Sofala,Cheringoma,21687.0
2023,Abril,Sofala,Chibabava,27702.0
2023,Abril,Sofala,Cidade da Beira,647717.0
2023,Abril,Sofala,Dondo,155154.0
2023,Abril,Sofala,Gorongoza,58687.0
2023,Abril,Sofala,Machanga,12817.0
2023,Abril,Sofala,Maringue,36922.0
2023,Abril,Sofala,Marromeu,59915.0
2023,Abril,Sofala,Muanza,12620.0
2023,Abril,Sofala,Nhamatanda,128531.0
2023,Abril,Tete,Angónia,69485.0
2023,Abril,Tete,Cahora-Bassa,71537.0
2023,Abril,Tete,Changara,56226.0
2023,Abril,Tete,Chifunde,13062.0
2023,Abril,Tete,Chiuta,16358.0
2023,Abril,Tete,Cidade de Tete,406022.0
2023,Abril,Tete,Doa,12277.0
2023,Abril,Tete,Macanga,31798.0
2023,Abril,Tete,Marara,35869.0
2023,Abril,Tete,Maravia,6483.0
2023,Abril,Tete,Moatize,150454.0
2023,Abril,Tete,Mutarara,34935.0
2023,Abril,Tete,Mágoe,20156.0
2023,Abril,Tete,Tsangano,24376.0
2023,Abril,Tete,Zumbo,5699.0
2023,Abril,Zambézia,Alto Molócuè,91359.0
2023,Abril,Zambézia,Chinde,14802.0
2023,Abril,Zambézia,Cidade de Quelimane,347909.0
2023,Abril,Zambézia,Derre,8372.0
2023,Abril,Zambézia,Gilé,52939.0
2023,Abril,Zambézia,Gurúè,121668.0
2023,Abril,Zambézia,Ile,50359.0
2023,Abril,Zambézia,Inhassunge,17194.0
2023,Abril,Zambézia,Luabo,12365.0
2023,Abril,Zambézia,Lugela,30295.0
2023,Abril,Zambézia,Maganja da Costa,53821.0
2023,Abril,Zambézia,Milange,93733.0
2023,Abril,Zambézia,Mocuba,208209.0
2023,Abril,Zambézia,Mocubela,15466.0
2023,Abril,Zambézia,Molumbo,35202.0
2023,Abril,Zambézia,Mopeia,47705.0
2023,Abril,Zambézia,Morrumbala,65859.0
2023,Abril,Zambézia,Mulevala,33249.0
2023,Abril,Zambézia,Namacurra,54159.0
2023,Abril,Zambézia,Namarroi,24344.0
2023,Abril,Zambézia,Nicoadala,93007.0
2023,Abril,Zambézia,Pebane,51401.0
2023,Agosto,Cabo Delgado,Ancuabe,63681.0
2023,Agosto,Cabo Delgado,Balama,46124.0
2023,Agosto,Cabo Delgado,Chiúre,82879.0
2023,Agosto,Cabo Delgado,Cidade de Pemba,291083.0
2023,Agosto,Cabo Delgado,Ibo,8140.0
2023,Agosto,Cabo Delgado,Macomia,27811.0
2023,Agosto,Cabo Delgado,Mecufi,17866.0
2023,Agosto,Cabo Delgado,Meluco,12381.0
2023,Agosto,Cabo Delgado,Mocimboa da Praia,54028.0
2023,Agosto,Cabo Delgado,Montepuez,143018.0
2023,Agosto,Cabo Delgado,Mueda,99277.0
2023,Agosto,Cabo Delgado,Muidumbe,13714.0
2023,Agosto,Cabo Delgado,Namuno,35091.0
2023,Agosto,Cabo Delgado,Nangade,25624.0
2023,Agosto,Cabo Delgado,Palma,44114.0
2023,Agosto,Cabo Delgado,Pemba-Metuge,45295.0
2023,Agosto,Cabo Delgado,Quissanga,9312.0
2023,Agosto,Gaza,Bilene-Macia,134751.0
2023,Agosto,Gaza,Chibuto,110373.0
2023,Agosto,Gaza,Chicualacuala,11195.0
2023,Agosto,Gaza,Chigubo,5747.0
2023,Agosto,Gaza,Chonguene,74923.0
2023,Agosto,Gaza,Chókwè,124979.0
2023,Agosto,Gaza,Cidade de Xai-Xai,162670.0
2023,Agosto,Gaza,Guijá,35134.0
2023,Agosto,Gaza,Limpopo,77815.0
2023,Agosto,Gaza,Mabalane,13401.0
2023,Agosto,Gaza,Manjacaze,80370.0
2023,Agosto,Gaza,Mapai,13587.0
2023,Agosto,Gaza,Massangena,5395.0
2023,Agosto,Gaza,Massingir,10060.0
2023,Agosto,Inhambane,Cidade de Inhambane,99250.0
2023,Agosto,Inhambane,Cidade de Maxixe,127625.0
2023,Agosto,Inhambane,Funhaloro,13628.0
2023,Agosto,Inhambane,Govuro,27358.0
2023,Agosto,Inhambane,Homoine,46727.0
2023,Agosto,Inhambane,Inharrime,66468.0
2023,Agosto,Inhambane,Inhassoro,47413.0
2023,Agosto,Inhambane,Jangamo,58776.0
2023,Agosto,Inhambane,Mabote,16531.0
2023,Agosto,Inhambane,Massinga,130373.0
2023,Agosto,Inhambane,Morrumbene,58976.0
2023,Agosto,Inhambane,Panda,22857.0
2023,Agosto,Inhambane,Vilankulo,113921.0
2023,Agosto,Inhambane,Zavala (Quissico),86401.0
2023,Agosto,Manica,Bárue,106185.0
2023,Agosto,Manica,Cidade de Chimoio,447727.0
2023,Agosto,Manica,Gondola,31522.0
2023,Agosto,Manica,Guro,45729.0
2023,Agosto,Manica,Macate,18302.0
2023,Agosto,Manica,Machaze,24080.0
2023,Agosto,Manica,Macossa,16068.0
2023,Agosto,Manica,Manica,140394.0
2023,Agosto,Manica,Mossurize,28988.0
2023,Agosto,Manica,Sussundenga,82181.0
2023,Agosto,Manica,Tambara,20855.0
2023,Agosto,Manica,Vanduzi,65613.0
2023,Agosto,Nampula,Angoche,280943.0
2023,Agosto,Nampula,Cidade de Nacala-Porto,388572.0
2023,Agosto,Nampula,Cidade de Nampula,1153671.0
2023,Agosto,Nampula,Ilha de Moçambique,54392.0
2023,Agosto,Nampula,Lalaua,16857.0
2023,Agosto,Nampula,Larde,4357.0
2023,Agosto,Nampula,Liupo,2654.0
2023,Agosto,Nampula,Malema,68201.0
2023,Agosto,Nampula,Meconta (Namialo),240162.0
2023,Agosto,Nampula,Mecuburi,43626.0
2023,Agosto,Nampula,Memba,67447.0
2023,Agosto,Nampula,Mogincual,62793.0
2023,Agosto,Nampula,Mogovolas,90683.0
2023,Agosto,Nampula,Moma,145353.0
2023,Agosto,Nampula,Monapo,125044.0
2023,Agosto,Nampula,Mossuril,58659.0
2023,Agosto,Nampula,Muecate,31095.0
2023,Agosto,Nampula,Murrupula,58368.0
2023,Agosto,Nampula,Nacala-Velha,35462.0
2023,Agosto,Nampula,Nacaroa,41536.0
2023,Agosto,Nampula,Namapa-Erati,75511.0
2023,Agosto,Nampula,Rapale-Nampula,64731.0
2023,Agosto,Nampula,Ribaué,91970.0
2023,Agosto,Niassa,Chimbunhila,16393.0
2023,Agosto,Niassa,Cidade de Lichinga,230063.0
2023,Agosto,Niassa,Cuamba,147654.0
2023,Agosto,Niassa,Lago,37341.0
2023,Agosto,Niassa,Mandimba,76493.0
2023,Agosto,Niassa,Manjune,14503.0
2023,Agosto,Niassa,Marrupa,29611.0
2023,Agosto,Niassa,Mavago,11536.0
2023,Agosto,Niassa,Maúa,23494.0
2023,Agosto,Niassa,Mecanhelas,60171.0
2023,Agosto,Niassa,Mecula,8047.0
2023,Agosto,Niassa,Metarica,26486.0
2023,Agosto,Niassa,Muembe,14894.0
2023,Agosto,Niassa,Nipepe,16690.0
2023,Agosto,Niassa,N´gauma,15236.0
2023,Agosto,Niassa,Sanga,34079.0
2023,Agosto,Província de Maputo,Boane,277472.0
2023,Agosto,Província de Maputo,Cidade da Matola,1318637.0
2023,Agosto,Província de Maputo,Cidade de Maputo,1521035.0
2023,Agosto,Província de Maputo,Magude,35887.0
2023,Agosto,Província de Maputo,Manhiça,178375.0
2023,Agosto,Província de Maputo,Marracuene,303649.0
2023,Agosto,Província de Maputo,Matutuíne,46670.0
2023,Agosto,Província de Maputo,Moamba,128576.0
2023,Agosto,Província de Maputo,Namaacha,43927.0
2023,Agosto,Sofala,Buzi,52806.0
2023,Agosto,Sofala,Caia,95587.0
2023,Agosto,Sofala,Chemba,27830.0
2023,Agosto,Sofala,Cheringoma,26396.0
2023,Agosto,Sofala,Chibabava,29835.0
2023,Agosto,Sofala,Cidade da Beira,668002.0
2023,Agosto,Sofala,Dondo,164937.0
2023,Agosto,Sofala,Gorongoza,74505.0
2023,Agosto,Sofala,Machanga,14651.0
2023,Agosto,Sofala,Maringue,53134.0
2023,Agosto,Sofala,Marromeu,71670.0
2023,Agosto,Sofala,Muanza,15416.0
2023,Agosto,Sofala,Nhamatanda,145850.0
2023,Agosto,Tete,Angónia,86985.0
2023,Agosto,Tete,Cahora-Bassa,73045.0
2023,Agosto,Tete,Changara,62003.0
2023,Agosto,Tete,Chifunde,16336.0
2023,Agosto,Tete,Chiuta,19534.0
2023,Agosto,Tete,Cidade de Tete,418529.0
2023,Agosto,Tete,Doa,19013.0
2023,Agosto,Tete,Macanga,41436.0
2023,Agosto,Tete,Marara,36353.0
2023,Agosto,Tete,Maravia,7250.0
2023,Agosto,Tete,Moatize,151364.0
2023,Agosto,Tete,Mutarara,48978.0
2023,Agosto,Tete,Mágoe,27027.0
2023,Agosto,Tete,Tsangano,34003.0
2023,Agosto,Tete,Zumbo,8234.0
2023,Agosto,Zambézia,Alto Molócuè,110477.0
2023,Agosto,Zambézia,Chinde,16888.0
2023,Agosto,Zambézia,Cidade de Quelimane,382956.0
2023,Agosto,Zambézia,Derre,8958.0
2023,Agosto,Zambézia,Gilé,66111.0
2023,Agosto,Zambézia,Gurúè,152563.0
2023,Agosto,Zambézia,Ile,59413.0
2023,Agosto,Zambézia,Inhassunge,19792.0
2023,Agosto,Zambézia,Luabo,11079.0
2023,Agosto,Zambézia,Lugela,41242.0
2023,Agosto,Zambézia,Maganja da Costa,64466.0
2023,Agosto,Zambézia,Milange,159424.0
2023,Agosto,Zambézia,Mocuba,224445.0
2023,Agosto,Zambézia,Mocubela,17117.0
2023,Agosto,Zambézia,Molumbo,61937.0
2023,Agosto,Zambézia,Mopeia,57417.0
2023,Agosto,Zambézia,Morrumbala,88691.0
2023,Agosto,Zambézia,Mulevala,43277.0
2023,Agosto,Zambézia,Namacurra,61402.0
2023,Agosto,Zambézia,Namarroi,36495.0
2023,Agosto,Zambézia,Nicoadala,106076.0
2023,Agosto,Zambézia,Pebane,62939.0
2023,Dezembro,Cabo Delgado,Ancuabe,62644.0
2023,Dezembro,Cabo Delgado,Balama,45809.0
2023,Dezembro,Cabo Delgado,Chiúre,83078.0
2023,Dezembro,Cabo Delgado,Cidade de Pemba,289536.0
2023,Dezembro,Cabo Delgado,Ibo,7994.0
2023,Dezembro,Cabo Delgado,Macomia,31367.0
2023,Dezembro,Cabo Delgado,Mecufi,19532.0
2023,Dezembro,Cabo Delgado,Meluco,13864.0
2023,Dezembro,Cabo Delgado,Mocimboa da Praia,62524.0
2023,Dezembro,Cabo Delgado,Montepuez,151963.0
2023,Dezembro,Cabo Delgado,Mueda,105749.0
2023,Dezembro,Cabo Delgado,Muidumbe,14767.0
2023,Dezembro,Cabo Delgado,Namuno,37816.0
2023,Dezembro,Cabo Delgado,Nangade,30398.0
2023,Dezembro,Cabo Delgado,Palma,50802.0
2023,Dezembro,Cabo Delgado,Pemba-Metuge,56576.0
2023,Dezembro,Cabo Delgado,Quissanga,12841.0
2023,Dezembro,Gaza,Bilene-Macia,143332.0
2023,Dezembro,Gaza,Chibuto,118315.0
2023,Dezembro,Gaza,Chicualacuala,10506.0
2023,Dezembro,Gaza,Chigubo,6214.0
2023,Dezembro,Gaza,Chonguene,78569.0
2023,Dezembro,Gaza,Chókwè,129322.0
2023,Dezembro,Gaza,Cidade de Xai-Xai,168020.0
2023,Dezembro,Gaza,Guijá,37386.0
2023,Dezembro,Gaza,Limpopo,83187.0
2023,Dezembro,Gaza,Mabalane,13723.0
2023,Dezembro,Gaza,Manjacaze,87464.0
2023,Dezembro,Gaza,Mapai,14801.0
2023,Dezembro,Gaza,Massangena,5887.0
2023,Dezembro,Gaza,Massingir,11116.0
2023,Dezembro,Inhambane,Cidade de Inhambane,106902.0
2023,Dezembro,Inhambane,Cidade de Maxixe,131272.0
2023,Dezembro,Inhambane,Funhaloro,15349.0
2023,Dezembro,Inhambane,Govuro,29310.0
2023,Dezembro,Inhambane,Homoine,50576.0
2023,Dezembro,Inhambane,Inharrime,72049.0
2023,Dezembro,Inhambane,Inhassoro,49081.0
2023,Dezembro,Inhambane,Jangamo,64755.0
2023,Dezembro,Inhambane,Mabote,18180.0
2023,Dezembro,Inhambane,Massinga,140269.0
2023,Dezembro,Inhambane,Morrumbene,64686.0
2023,Dezembro,Inhambane,Panda,24886.0
2023,Dezembro,Inhambane,Vilankulo,120764.0
2023,Dezembro,Inhambane,Zavala (Quissico),96302.0
2023,Dezembro,Manica,Bárue,111353.0
2023,Dezembro,Manica,Cidade de Chimoio,457545.0
2023,Dezembro,Manica,Gondola,42052.0
2023,Dezembro,Manica,Guro,48572.0
2023,Dezembro,Manica,Macate,21814.0
2023,Dezembro,Manica,Machaze,25779.0
2023,Dezembro,Manica,Macossa,16125.0
2023,Dezembro,Manica,Manica,158172.0
2023,Dezembro,Manica,Mossurize,31395.0
2023,Dezembro,Manica,Sussundenga,86637.0
2023,Dezembro,Manica,Tambara,21640.0
2023,Dezembro,Manica,Vanduzi,74925.0
2023,Dezembro,Nampula,Angoche,327024.0
2023,Dezembro,Nampula,Cidade de Nacala-Porto,413307.0
2023,Dezembro,Nampula,Cidade de Nampula,1224569.0
2023,Dezembro,Nampula,Ilha de Moçambique,58614.0
2023,Dezembro,Nampula,Lalaua,18029.0
2023,Dezembro,Nampula,Larde,4244.0
2023,Dezembro,Nampula,Liupo,2913.0
2023,Dezembro,Nampula,Malema,71260.0
2023,Dezembro,Nampula,Meconta (Namialo),260600.0
2023,Dezembro,Nampula,Mecuburi,45747.0
2023,Dezembro,Nampula,Memba,76587.0
2023,Dezembro,Nampula,Mogincual,68722.0
2023,Dezembro,Nampula,Mogovolas,96744.0
2023,Dezembro,Nampula,Moma,157684.0
2023,Dezembro,Nampula,Monapo,137860.0
2023,Dezembro,Nampula,Mossuril,71459.0
2023,Dezembro,Nampula,Muecate,35139.0
2023,Dezembro,Nampula,Murrupula,63625.0
2023,Dezembro,Nampula,Nacala-Velha,39931.0
2023,Dezembro,Nampula,Nacaroa,43989.0
2023,Dezembro,Nampula,Namapa-Erati,78083.0
2023,Dezembro,Nampula,Rapale-Nampula,75027.0
2023,Dezembro,Nampula,Ribaué,97137.0
2023,Dezembro,Niassa,Chimbunhila,18597.0
2023,Dezembro,Niassa,Cidade de Lichinga,241959.0
2023,Dezembro,Niassa,Cuamba,156894.0
2023,Dezembro,Niassa,Lago,39942.0
2023,Dezembro,Niassa,Mandimba,91017.0
2023,Dezembro,Niassa,Manjune,14494.0
2023,Dezembro,Niassa,Marrupa,34456.0
2023,Dezembro,Niassa,Mavago,10894.0
2023,Dezembro,Niassa,Maúa,26817.0
2023,Dezembro,Niassa,Mecanhelas,61828.0
2023,Dezembro,Niassa,Mecula,7427.0
2023,Dezembro,Niassa,Metarica,24676.0
2023,Dezembro,Niassa,Muembe,16102.0
2023,Dezembro,Niassa,Nipepe,17801.0
2023,Dezembro,Niassa,N´gauma,15165.0
2023,Dezembro,Niassa,Sanga,36814.0
2023,Dezembro,Província de Maputo,Boane,286627.0
2023,Dezembro,Província de Maputo,Cidade da Matola,1356619.0
2023,Dezembro,Província de Maputo,Cidade de Maputo,1555712.0
2023,Dezembro,Província de Maputo,Magude,36529.0
2023,Dezembro,Província de Maputo,Manhiça,178591.0
2023,Dezembro,Província de Maputo,Marracuene,317033.0
2023,Dezembro,Província de Maputo,Matutuíne,46447.0
2023,Dezembro,Província de Maputo,Moamba,112065.0
2023,Dezembro,Província de Maputo,Namaacha,40434.0
2023,Dezembro,Sofala,Buzi,57183.0
2023,Dezembro,Sofala,Caia,90222.0
2023,Dezembro,Sofala,Chemba,27315.0
2023,Dezembro,Sofala,Cheringoma,26470.0
2023,Dezembro,Sofala,Chibabava,30494.0
2023,Dezembro,Sofala,Cidade da Beira,698339.0
2023,Dezembro,Sofala,Dondo,174772.0
2023,Dezembro,Sofala,Gorongoza,82577.0
2023,Dezembro,Sofala,Machanga,15491.0
2023,Dezembro,Sofala,Maringue,51917.0
2023,Dezembro,Sofala,Marromeu,72648.0
2023,Dezembro,Sofala,Muanza,15881.0
2023,Dezembro,Sofala,Nhamatanda,155271.0
2023,Dezembro,Tete,Angónia,94916.0
2023,Dezembro,Tete,Cahora-Bassa,77367.0
2023,Dezembro,Tete,Changara,65409.0
2023,Dezembro,Tete,Chifunde,15493.0
2023,Dezembro,Tete,Chiuta,21214.0
2023,Dezembro,Tete,Cidade de Tete,413069.0
2023,Dezembro,Tete,Doa,19358.0
2023,Dezembro,Tete,Macanga,41780.0
2023,Dezembro,Tete,Marara,41241.0
2023,Dezembro,Tete,Maravia,7411.0
2023,Dezembro,Tete,Moatize,159839.0
2023,Dezembro,Tete,Mutarara,49041.0
2023,Dezembro,Tete,Mágoe,28216.0
2023,Dezembro,Tete,Tsangano,39827.0
2023,Dezembro,Tete,Zumbo,7862.0
2023,Dezembro,Zambézia,Alto Molócuè,118197.0
2023,Dezembro,Zambézia,Chinde,16631.0
2023,Dezembro,Zambézia,Cidade de Quelimane,377837.0
2023,Dezembro,Zambézia,Derre,9030.0
2023,Dezembro,Zambézia,Gilé,71340.0
2023,Dezembro,Zambézia,Gurúè,159177.0
2023,Dezembro,Zambézia,Ile,65803.0
2023,Dezembro,Zambézia,Inhassunge,21257.0
2023,Dezembro,Zambézia,Luabo,10821.0
2023,Dezembro,Zambézia,Lugela,47296.0
2023,Dezembro,Zambézia,Maganja da Costa,69659.0
2023,Dezembro,Zambézia,Milange,169633.0
2023,Dezembro,Zambézia,Mocuba,240267.0
2023,Dezembro,Zambézia,Mocubela,17530.0
2023,Dezembro,Zambézia,Molumbo,57667.0
2023,Dezembro,Zambézia,Mopeia,59358.0
2023,Dezembro,Zambézia,Morrumbala,97955.0
2023,Dezembro,Zambézia,Mulevala,46184.0
2023,Dezembro,Zambézia,Namacurra,63368.0
2023,Dezembro,Zambézia,Namarroi,38177.0
2023,Dezembro,Zambézia,Nicoadala,109155.0
2023,Dezembro,Zambézia,Pebane,71808.0
2023,Fevereiro,Cabo Delgado,Ancuabe,43156.0
2023,Fevereiro,Cabo Delgado,Balama,34505.0
2023,Fevereiro,Cabo Delgado,Chiúre,59872.0
2023,Fevereiro,Cabo Delgado,Cidade de Pemba,280504.0
2023,Fevereiro,Cabo Delgado,Ibo,4073.0
2023,Fevereiro,Cabo Delgado,Macomia,19101.0
2023,Fevereiro,Cabo Delgado,Mecufi,14545.0
2023,Fevereiro,Cabo Delgado,Meluco,9092.0
2023,Fevereiro,Cabo Delgado,Mocimboa da Praia,34121.0
2023,Fevereiro,Cabo Delgado,Montepuez,113741.0
2023,Fevereiro,Cabo Delgado,Mueda,77435.0
2023,Fevereiro,Cabo Delgado,Muidumbe,8498.0
2023,Fevereiro,Cabo Delgado,Namuno,22901.0
2023,Fevereiro,Cabo Delgado,Nangade,15638.0
2023,Fevereiro,Cabo Delgado,Palma,32930.0
2023,Fevereiro,Cabo Delgado,Pemba-Metuge,24279.0
2023,Fevereiro,Cabo Delgado,Quissanga,4550.0
2023,Fevereiro,Gaza,Bilene-Macia,133057.0
2023,Fevereiro,Gaza,Chibuto,106966.0
2023,Fevereiro,Gaza,Chicualacuala,8460.0
2023,Fevereiro,Gaza,Chigubo,4271.0
2023,Fevereiro,Gaza,Chonguene,73709.0
2023,Fevereiro,Gaza,Chókwè,117878.0
2023,Fevereiro,Gaza,Cidade de Xai-Xai,158398.0
2023,Fevereiro,Gaza,Guijá,33214.0
2023,Fevereiro,Gaza,Limpopo,78896.0
2023,Fevereiro,Gaza,Mabalane,12339.0
2023,Fevereiro,Gaza,Manjacaze,81901.0
2023,Fevereiro,Gaza,Mapai,11297.0
2023,Fevereiro,Gaza,Massangena,4501.0
2023,Fevereiro,Gaza,Massingir,8827.0
2023,Fevereiro,Inhambane,Cidade de Inhambane,91290.0
2023,Fevereiro,Inhambane,Cidade de Maxixe,123065.0
2023,Fevereiro,Inhambane,Funhaloro,12648.0
2023,Fevereiro,Inhambane,Govuro,23573.0
2023,Fevereiro,Inhambane,Homoine,45285.0
2023,Fevereiro,Inhambane,Inharrime,69845.0
2023,Fevereiro,Inhambane,Inhassoro,43357.0
2023,Fevereiro,Inhambane,Jangamo,62139.0
2023,Fevereiro,Inhambane,Mabote,14881.0
2023,Fevereiro,Inhambane,Massinga,133446.0
2023,Fevereiro,Inhambane,Morrumbene,60400.0
2023,Fevereiro,Inhambane,Panda,23102.0
2023,Fevereiro,Inhambane,Vilankulo,110876.0
2023,Fevereiro,Inhambane,Zavala (Quissico),88846.0
2023,Fevereiro,Manica,Bárue,72278.0
2023,Fevereiro,Manica,Cidade de Chimoio,387600.0
2023,Fevereiro,Manica,Gondola,16328.0
2023,Fevereiro,Manica,Guro,33245.0
2023,Fevereiro,Manica,Macate,14000.0
2023,Fevereiro,Manica,Machaze,18803.0
2023,Fevereiro,Manica,Macossa,11411.0
2023,Fevereiro,Manica,Manica,113613.0
2023,Fevereiro,Manica,Mossurize,20105.0
2023,Fevereiro,Manica,Sussundenga,54346.0
2023,Fevereiro,Manica,Tambara,13144.0
2023,Fevereiro,Manica,Vanduzi,50125.0
2023,Fevereiro,Nampula,Angoche,102586.0
2023,Fevereiro,Nampula,Cidade de Nacala-Porto,283919.0
2023,Fevereiro,Nampula,Cidade de Nampula,896119.0
2023,Fevereiro,Nampula,Ilha de Moçambique,39353.0
2023,Fevereiro,Nampula,Lalaua,11877.0
2023,Fevereiro,Nampula,Larde,1808.0
2023,Fevereiro,Nampula,Liupo,2338.0
2023,Fevereiro,Nampula,Malema,49086.0
2023,Fevereiro,Nampula,Meconta (Namialo),100508.0
2023,Fevereiro,Nampula,Mecuburi,31952.0
2023,Fevereiro,Nampula,Memba,40348.0
2023,Fevereiro,Nampula,Mogincual,32682.0
2023,Fevereiro,Nampula,Mogovolas,51115.0
2023,Fevereiro,Nampula,Moma,94879.0
2023,Fevereiro,Nampula,Monapo,71604.0
2023,Fevereiro,Nampula,Mossuril,29922.0
2023,Fevereiro,Nampula,Muecate,17346.0
2023,Fevereiro,Nampula,Murrupula,36228.0
2023,Fevereiro,Nampula,Nacala-Velha,26369.0
2023,Fevereiro,Nampula,Nacaroa,24128.0
2023,Fevereiro,Nampula,Namapa-Erati,49463.0
2023,Fevereiro,Nampula,Rapale-Nampula,43071.0
2023,Fevereiro,Nampula,Ribaué,61241.0
2023,Fevereiro,Niassa,Chimbunhila,10102.0
2023,Fevereiro,Niassa,Cidade de Lichinga,178589.0
2023,Fevereiro,Niassa,Cuamba,94983.0
2023,Fevereiro,Niassa,Lago,25058.0
2023,Fevereiro,Niassa,Mandimba,36768.0
2023,Fevereiro,Niassa,Manjune,10288.0
2023,Fevereiro,Niassa,Marrupa,18511.0
2023,Fevereiro,Niassa,Mavago,7704.0
2023,Fevereiro,Niassa,Maúa,12716.0
2023,Fevereiro,Niassa,Mecanhelas,37489.0
2023,Fevereiro,Niassa,Mecula,4961.0
2023,Fevereiro,Niassa,Metarica,11585.0
2023,Fevereiro,Niassa,Muembe,8777.0
2023,Fevereiro,Niassa,Nipepe,7426.0
2023,Fevereiro,Niassa,N´gauma,8554.0
2023,Fevereiro,Niassa,Sanga,22354.0
2023,Fevereiro,Província de Maputo,Boane,262171.0
2023,Fevereiro,Província de Maputo,Cidade da Matola,1252772.0
2023,Fevereiro,Província de Maputo,Cidade de Maputo,1410607.0
2023,Fevereiro,Província de Maputo,Magude,33488.0
2023,Fevereiro,Província de Maputo,Manhiça,177409.0
2023,Fevereiro,Província de Maputo,Marracuene,242454.0
2023,Fevereiro,Província de Maputo,Matutuíne,43524.0
2023,Fevereiro,Província de Maputo,Moamba,115844.0
2023,Fevereiro,Província de Maputo,Namaacha,40169.0
2023,Fevereiro,Sofala,Buzi,42660.0
2023,Fevereiro,Sofala,Caia,66138.0
2023,Fevereiro,Sofala,Chemba,19674.0
2023,Fevereiro,Sofala,Cheringoma,19923.0
2023,Fevereiro,Sofala,Chibabava,27470.0
2023,Fevereiro,Sofala,Cidade da Beira,618005.0
2023,Fevereiro,Sofala,Dondo,151649.0
2023,Fevereiro,Sofala,Gorongoza,53869.0
2023,Fevereiro,Sofala,Machanga,11867.0
2023,Fevereiro,Sofala,Maringue,33917.0
2023,Fevereiro,Sofala,Marromeu,56926.0
2023,Fevereiro,Sofala,Muanza,11418.0
2023,Fevereiro,Sofala,Nhamatanda,116214.0
2023,Fevereiro,Tete,Angónia,61764.0
2023,Fevereiro,Tete,Cahora-Bassa,65912.0
2023,Fevereiro,Tete,Changara,52066.0
2023,Fevereiro,Tete,Chifunde,12019.0
2023,Fevereiro,Tete,Chiuta,14488.0
2023,Fevereiro,Tete,Cidade de Tete,385769.0
2023,Fevereiro,Tete,Doa,10644.0
2023,Fevereiro,Tete,Macanga,27052.0
2023,Fevereiro,Tete,Marara,34149.0
2023,Fevereiro,Tete,Maravia,6126.0
2023,Fevereiro,Tete,Moatize,149307.0
2023,Fevereiro,Tete,Mutarara,32720.0
2023,Fevereiro,Tete,Mágoe,19093.0
2023,Fevereiro,Tete,Tsangano,20005.0
2023,Fevereiro,Tete,Zumbo,5324.0
2023,Fevereiro,Zambézia,Alto Molócuè,85966.0
2023,Fevereiro,Zambézia,Chinde,15224.0
2023,Fevereiro,Zambézia,Cidade de Quelimane,345265.0
2023,Fevereiro,Zambézia,Derre,8357.0
2023,Fevereiro,Zambézia,Gilé,49828.0
2023,Fevereiro,Zambézia,Gurúè,116364.0
2023,Fevereiro,Zambézia,Ile,46962.0
2023,Fevereiro,Zambézia,Inhassunge,16746.0
2023,Fevereiro,Zambézia,Luabo,12189.0
2023,Fevereiro,Zambézia,Lugela,25239.0
2023,Fevereiro,Zambézia,Maganja da Costa,49038.0
2023,Fevereiro,Zambézia,Milange,88818.0
2023,Fevereiro,Zambézia,Mocuba,198507.0
2023,Fevereiro,Zambézia,Mocubela,14768.0
2023,Fevereiro,Zambézia,Molumbo,29524.0
2023,Fevereiro,Zambézia,Mopeia,44579.0
2023,Fevereiro,Zambézia,Morrumbala,58318.0
2023,Fevereiro,Zambézia,Mulevala,29544.0
2023,Fevereiro,Zambézia,Namacurra,54308.0
2023,Fevereiro,Zambézia,Namarroi,22014.0
2023,Fevereiro,Zambézia,Nicoadala,96951.0
2023,Fevereiro,Zambézia,Pebane,46574.0
2023,Janeiro,Cabo Delgado,Ancuabe,39928.0
2023,Janeiro,Cabo Delgado,Balama,33728.0
2023,Janeiro,Cabo Delgado,Chiúre,54914.0
2023,Janeiro,Cabo Delgado,Cidade de Pemba,268814.0
2023,Janeiro,Cabo Delgado,Ibo,3331.0
2023,Janeiro,Cabo Delgado,Macomia,17431.0
2023,Janeiro,Cabo Delgado,Mecufi,13584.0
2023,Janeiro,Cabo Delgado,Meluco,8414.0
2023,Janeiro,Cabo Delgado,Mocimboa da Praia,33012.0
2023,Janeiro,Cabo Delgado,Montepuez,108965.0
2023,Janeiro,Cabo Delgado,Mueda,72281.0
2023,Janeiro,Cabo Delgado,Muidumbe,6986.0
2023,Janeiro,Cabo Delgado,Namuno,20745.0
2023,Janeiro,Cabo Delgado,Nangade,14459.0
2023,Janeiro,Cabo Delgado,Palma,30328.0
2023,Janeiro,Cabo Delgado,Pemba-Metuge,20583.0
2023,Janeiro,Cabo Delgado,Quissanga,4809.0
2023,Janeiro,Gaza,Bilene-Macia,133750.0
2023,Janeiro,Gaza,Chibuto,109725.0
2023,Janeiro,Gaza,Chicualacuala,8619.0
2023,Janeiro,Gaza,Chigubo,3999.0
2023,Janeiro,Gaza,Chonguene,75338.0
2023,Janeiro,Gaza,Chókwè,117401.0
2023,Janeiro,Gaza,Cidade de Xai-Xai,156596.0
2023,Janeiro,Gaza,Guijá,33514.0
2023,Janeiro,Gaza,Limpopo,81588.0
2023,Janeiro,Gaza,Mabalane,12121.0
2023,Janeiro,Gaza,Manjacaze,84808.0
2023,Janeiro,Gaza,Mapai,10773.0
2023,Janeiro,Gaza,Massangena,4284.0
2023,Janeiro,Gaza,Massingir,8505.0
2023,Janeiro,Inhambane,Cidade de Inhambane,90707.0
2023,Janeiro,Inhambane,Cidade de Maxixe,124272.0
2023,Janeiro,Inhambane,Funhaloro,12683.0
2023,Janeiro,Inhambane,Govuro,23554.0
2023,Janeiro,Inhambane,Homoine,46109.0
2023,Janeiro,Inhambane,Inharrime,70758.0
2023,Janeiro,Inhambane,Inhassoro,42405.0
2023,Janeiro,Inhambane,Jangamo,65127.0
2023,Janeiro,Inhambane,Mabote,14530.0
2023,Janeiro,Inhambane,Massinga,136369.0
2023,Janeiro,Inhambane,Morrumbene,63096.0
2023,Janeiro,Inhambane,Panda,24252.0
2023,Janeiro,Inhambane,Vilankulo,110166.0
2023,Janeiro,Inhambane,Zavala (Quissico),92970.0
2023,Janeiro,Manica,Bárue,66490.0
2023,Janeiro,Manica,Cidade de Chimoio,367115.0
2023,Janeiro,Manica,Gondola,13671.0
2023,Janeiro,Manica,Guro,30720.0
2023,Janeiro,Manica,Macate,13289.0
2023,Janeiro,Manica,Machaze,17933.0
2023,Janeiro,Manica,Macossa,9556.0
2023,Janeiro,Manica,Manica,106511.0
2023,Janeiro,Manica,Mossurize,17886.0
2023,Janeiro,Manica,Sussundenga,50094.0
2023,Janeiro,Manica,Tambara,11492.0
2023,Janeiro,Manica,Vanduzi,46127.0
2023,Janeiro,Nampula,Angoche,97860.0
2023,Janeiro,Nampula,Cidade de Nacala-Porto,274651.0
2023,Janeiro,Nampula,Cidade de Nampula,873365.0
2023,Janeiro,Nampula,Ilha de Moçambique,37742.0
2023,Janeiro,Nampula,Lalaua,10889.0
2023,Janeiro,Nampula,Larde,1012.0
2023,Janeiro,Nampula,Liupo,2352.0
2023,Janeiro,Nampula,Malema,47069.0
2023,Janeiro,Nampula,Meconta (Namialo),93540.0
2023,Janeiro,Nampula,Mecuburi,30549.0
2023,Janeiro,Nampula,Memba,35566.0
2023,Janeiro,Nampula,Mogincual,31484.0
2023,Janeiro,Nampula,Mogovolas,49260.0
2023,Janeiro,Nampula,Moma,88838.0
2023,Janeiro,Nampula,Monapo,70667.0
2023,Janeiro,Nampula,Mossuril,30184.0
2023,Janeiro,Nampula,Muecate,16365.0
2023,Janeiro,Nampula,Murrupula,36845.0
2023,Janeiro,Nampula,Nacala-Velha,24769.0
2023,Janeiro,Nampula,Nacaroa,23172.0
2023,Janeiro,Nampula,Namapa-Erati,45425.0
2023,Janeiro,Nampula,Rapale-Nampula,41100.0
2023,Janeiro,Nampula,Ribaué,60098.0
2023,Janeiro,Niassa,Chimbunhila,9431.0
2023,Janeiro,Niassa,Cidade de Lichinga,169149.0
2023,Janeiro,Niassa,Cuamba,92113.0
2023,Janeiro,Niassa,Lago,22527.0
2023,Janeiro,Niassa,Mandimba,34502.0
2023,Janeiro,Niassa,Manjune,9339.0
2023,Janeiro,Niassa,Marrupa,17815.0
2023,Janeiro,Niassa,Mavago,6656.0
2023,Janeiro,Niassa,Maúa,12565.0
2023,Janeiro,Niassa,Mecanhelas,34803.0
2023,Janeiro,Niassa,Mecula,4592.0
2023,Janeiro,Niassa,Metarica,10872.0
2023,Janeiro,Niassa,Muembe,8257.0
2023,Janeiro,Niassa,Nipepe,7069.0
2023,Janeiro,Niassa,N´gauma,7554.0
2023,Janeiro,Niassa,Sanga,20555.0
2023,Janeiro,Província de Maputo,Boane,256903.0
2023,Janeiro,Província de Maputo,Cidade da Matola,1228654.0
2023,Janeiro,Província de Maputo,Cidade de Maputo,1363586.0
2023,Janeiro,Província de Maputo,Magude,32770.0
2023,Janeiro,Província de Maputo,Manhiça,173512.0
2023,Janeiro,Província de Maputo,Marracuene,236469.0
2023,Janeiro,Província de Maputo,Matutuíne,41106.0
2023,Janeiro,Província de Maputo,Moamba,105060.0
2023,Janeiro,Província de Maputo,Namaacha,39367.0
2023,Janeiro,Sofala,Buzi,38542.0
2023,Janeiro,Sofala,Caia,62126.0
2023,Janeiro,Sofala,Chemba,16976.0
2023,Janeiro,Sofala,Cheringoma,18661.0
2023,Janeiro,Sofala,Chibabava,25434.0
2023,Janeiro,Sofala,Cidade da Beira,601004.0
2023,Janeiro,Sofala,Dondo,148234.0
2023,Janeiro,Sofala,Gorongoza,47742.0
2023,Janeiro,Sofala,Machanga,9851.0
2023,Janeiro,Sofala,Maringue,30923.0
2023,Janeiro,Sofala,Marromeu,52683.0
2023,Janeiro,Sofala,Muanza,10258.0
2023,Janeiro,Sofala,Nhamatanda,107119.0
2023,Janeiro,Tete,Angónia,56161.0
2023,Janeiro,Tete,Cahora-Bassa,61814.0
2023,Janeiro,Tete,Changara,48695.0
2023,Janeiro,Tete,Chifunde,10639.0
2023,Janeiro,Tete,Chiuta,13409.0
2023,Janeiro,Tete,Cidade de Tete,365624.0
2023,Janeiro,Tete,Doa,9625.0
2023,Janeiro,Tete,Macanga,23860.0
2023,Janeiro,Tete,Marara,32446.0
2023,Janeiro,Tete,Maravia,5672.0
2023,Janeiro,Tete,Moatize,142701.0
2023,Janeiro,Tete,Mutarara,30642.0
2023,Janeiro,Tete,Mágoe,17279.0
2023,Janeiro,Tete,Tsangano,16617.0
2023,Janeiro,Tete,Zumbo,4592.0
2023,Janeiro,Zambézia,Alto Molócuè,82270.0
2023,Janeiro,Zambézia,Chinde,13891.0
2023,Janeiro,Zambézia,Cidade de Quelimane,338163.0
2023,Janeiro,Zambézia,Derre,7442.0
2023,Janeiro,Zambézia,Gilé,48322.0
2023,Janeiro,Zambézia,Gurúè,105325.0
2023,Janeiro,Zambézia,Ile,45159.0
2023,Janeiro,Zambézia,Inhassunge,15955.0
2023,Janeiro,Zambézia,Luabo,11412.0
2023,Janeiro,Zambézia,Lugela,23605.0
2023,Janeiro,Zambézia,Maganja da Costa,45691.0
2023,Janeiro,Zambézia,Milange,88213.0
2023,Janeiro,Zambézia,Mocuba,187827.0
2023,Janeiro,Zambézia,Mocubela,13862.0
2023,Janeiro,Zambézia,Molumbo,25413.0
2023,Janeiro,Zambézia,Mopeia,41077.0
2023,Janeiro,Zambézia,Morrumbala,53189.0
2023,Janeiro,Zambézia,Mulevala,27353.0
2023,Janeiro,Zambézia,Namacurra,52510.0
2023,Janeiro,Zambézia,Namarroi,20299.0
2023,Janeiro,Zambézia,Nicoadala,94524.0
2023,Janeiro,Zambézia,Pebane,42137.0
2023,Julho,Cabo Delgado,Ancuabe,60416.0
2023,Julho,Cabo Delgado,Balama,43801.0
2023,Julho,Cabo Delgado,Chiúre,78754.0
2023,Julho,Cabo Delgado,Cidade de Pemba,289856.0
2023,Julho,Cabo Delgado,Ibo,7219.0
2023,Julho,Cabo Delgado,Macomia,26348.0
2023,Julho,Cabo Delgado,Mecufi,17526.0
2023,Julho,Cabo Delgado,Meluco,11751.0
2023,Julho,Cabo Delgado,Mocimboa da Praia,51621.0
2023,Julho,Cabo Delgado,Montepuez,137507.0
2023,Julho,Cabo Delgado,Mueda,97321.0
2023,Julho,Cabo Delgado,Muidumbe,12779.0
2023,Julho,Cabo Delgado,Namuno,33095.0
2023,Julho,Cabo Delgado,Nangade,24345.0
2023,Julho,Cabo Delgado,Palma,42294.0
2023,Julho,Cabo Delgado,Pemba-Metuge,41962.0
2023,Julho,Cabo Delgado,Quissanga,8381.0
2023,Julho,Gaza,Bilene-Macia,133935.0
2023,Julho,Gaza,Chibuto,109400.0
2023,Julho,Gaza,Chicualacuala,10971.0
2023,Julho,Gaza,Chigubo,5484.0
2023,Julho,Gaza,Chonguene,75045.0
2023,Julho,Gaza,Chókwè,124019.0
2023,Julho,Gaza,Cidade de Xai-Xai,161769.0
2023,Julho,Gaza,Guijá,35003.0
2023,Julho,Gaza,Limpopo,78788.0
2023,Julho,Gaza,Mabalane,13031.0
2023,Julho,Gaza,Manjacaze,80839.0
2023,Julho,Gaza,Mapai,13214.0
2023,Julho,Gaza,Massangena,5284.0
2023,Julho,Gaza,Massingir,9790.0
2023,Julho,Inhambane,Cidade de Inhambane,96348.0
2023,Julho,Inhambane,Cidade de Maxixe,127782.0
2023,Julho,Inhambane,Funhaloro,13359.0
2023,Julho,Inhambane,Govuro,26765.0
2023,Julho,Inhambane,Homoine,46359.0
2023,Julho,Inhambane,Inharrime,66867.0
2023,Julho,Inhambane,Inhassoro,46923.0
2023,Julho,Inhambane,Jangamo,59447.0
2023,Julho,Inhambane,Mabote,16314.0
2023,Julho,Inhambane,Massinga,131872.0
2023,Julho,Inhambane,Morrumbene,59284.0
2023,Julho,Inhambane,Panda,22849.0
2023,Julho,Inhambane,Vilankulo,113031.0
2023,Julho,Inhambane,Zavala (Quissico),87099.0
2023,Julho,Manica,Bárue,99681.0
2023,Julho,Manica,Cidade de Chimoio,435065.0
2023,Julho,Manica,Gondola,29180.0
2023,Julho,Manica,Guro,43280.0
2023,Julho,Manica,Macate,17205.0
2023,Julho,Manica,Machaze,22931.0
2023,Julho,Manica,Macossa,15744.0
2023,Julho,Manica,Manica,134030.0
2023,Julho,Manica,Mossurize,27708.0
2023,Julho,Manica,Sussundenga,77819.0
2023,Julho,Manica,Tambara,19592.0
2023,Julho,Manica,Vanduzi,62227.0
2023,Julho,Nampula,Angoche,212415.0
2023,Julho,Nampula,Cidade de Nacala-Porto,370314.0
2023,Julho,Nampula,Cidade de Nampula,1098060.0
2023,Julho,Nampula,Ilha de Moçambique,51599.0
2023,Julho,Nampula,Lalaua,15710.0
2023,Julho,Nampula,Larde,3374.0
2023,Julho,Nampula,Liupo,2618.0
2023,Julho,Nampula,Malema,63706.0
2023,Julho,Nampula,Meconta (Namialo),193832.0
2023,Julho,Nampula,Mecuburi,40636.0
2023,Julho,Nampula,Memba,63506.0
2023,Julho,Nampula,Mogincual,56366.0
2023,Julho,Nampula,Mogovolas,86462.0
2023,Julho,Nampula,Moma,136507.0
2023,Julho,Nampula,Monapo,115151.0
2023,Julho,Nampula,Mossuril,51296.0
2023,Julho,Nampula,Muecate,28704.0
2023,Julho,Nampula,Murrupula,53270.0
2023,Julho,Nampula,Nacala-Velha,34303.0
2023,Julho,Nampula,Nacaroa,38741.0
2023,Julho,Nampula,Namapa-Erati,70170.0
2023,Julho,Nampula,Rapale-Nampula,61916.0
2023,Julho,Nampula,Ribaué,85935.0
2023,Julho,Niassa,Chimbunhila,15867.0
2023,Julho,Niassa,Cidade de Lichinga,216935.0
2023,Julho,Niassa,Cuamba,139111.0
2023,Julho,Niassa,Lago,35535.0
2023,Julho,Niassa,Mandimba,67144.0
2023,Julho,Niassa,Manjune,14332.0
2023,Julho,Niassa,Marrupa,27489.0
2023,Julho,Niassa,Mavago,11295.0
2023,Julho,Niassa,Maúa,19618.0
2023,Julho,Niassa,Mecanhelas,55992.0
2023,Julho,Niassa,Mecula,7484.0
2023,Julho,Niassa,Metarica,23347.0
2023,Julho,Niassa,Muembe,14181.0
2023,Julho,Niassa,Nipepe,14649.0
2023,Julho,Niassa,N´gauma,13726.0
2023,Julho,Niassa,Sanga,33087.0
2023,Julho,Província de Maputo,Boane,278093.0
2023,Julho,Província de Maputo,Cidade da Matola,1321095.0
2023,Julho,Província de Maputo,Cidade de Maputo,1480395.0
2023,Julho,Província de Maputo,Magude,36162.0
2023,Julho,Província de Maputo,Manhiça,179832.0
2023,Julho,Província de Maputo,Marracuene,301702.0
2023,Julho,Província de Maputo,Matutuíne,46127.0
2023,Julho,Província de Maputo,Moamba,128671.0
2023,Julho,Província de Maputo,Namaacha,44399.0
2023,Julho,Sofala,Buzi,52265.0
2023,Julho,Sofala,Caia,90311.0
2023,Julho,Sofala,Chemba,26783.0
2023,Julho,Sofala,Cheringoma,25441.0
2023,Julho,Sofala,Chibabava,29735.0
2023,Julho,Sofala,Cidade da Beira,657052.0
2023,Julho,Sofala,Dondo,162418.0
2023,Julho,Sofala,Gorongoza,71914.0
2023,Julho,Sofala,Machanga,14435.0
2023,Julho,Sofala,Maringue,49837.0
2023,Julho,Sofala,Marromeu,69626.0
2023,Julho,Sofala,Muanza,14728.0
2023,Julho,Sofala,Nhamatanda,140903.0
2023,Julho,Tete,Angónia,82235.0
2023,Julho,Tete,Cahora-Bassa,76445.0
2023,Julho,Tete,Changara,60381.0
2023,Julho,Tete,Chifunde,16294.0
2023,Julho,Tete,Chiuta,18752.0
2023,Julho,Tete,Cidade de Tete,421407.0
2023,Julho,Tete,Doa,17852.0
2023,Julho,Tete,Macanga,41253.0
2023,Julho,Tete,Marara,37381.0
2023,Julho,Tete,Maravia,7112.0
2023,Julho,Tete,Moatize,158600.0
2023,Julho,Tete,Mutarara,43770.0
2023,Julho,Tete,Mágoe,23811.0
2023,Julho,Tete,Tsangano,32687.0
2023,Julho,Tete,Zumbo,7710.0
2023,Julho,Zambézia,Alto Molócuè,107473.0
2023,Julho,Zambézia,Chinde,16806.0
2023,Julho,Zambézia,Cidade de Quelimane,387679.0
2023,Julho,Zambézia,Derre,9128.0
2023,Julho,Zambézia,Gilé,65623.0
2023,Julho,Zambézia,Gurúè,145683.0
2023,Julho,Zambézia,Ile,57592.0
2023,Julho,Zambézia,Inhassunge,19406.0
2023,Julho,Zambézia,Luabo,11303.0
2023,Julho,Zambézia,Lugela,39641.0
2023,Julho,Zambézia,Maganja da Costa,62474.0
2023,Julho,Zambézia,Milange,145716.0
2023,Julho,Zambézia,Mocuba,227840.0
2023,Julho,Zambézia,Mocubela,16891.0
2023,Julho,Zambézia,Molumbo,58505.0
2023,Julho,Zambézia,Mopeia,55185.0
2023,Julho,Zambézia,Morrumbala,87706.0
2023,Julho,Zambézia,Mulevala,41268.0
2023,Julho,Zambézia,Namacurra,57485.0
2023,Julho,Zambézia,Namarroi,33226.0
2023,Julho,Zambézia,Nicoadala,104464.0
2023,Julho,Zambézia,Pebane,60903.0
2023,Junho,Cabo Delgado,Ancuabe,59665.0
2023,Junho,Cabo Delgado,Balama,43446.0
2023,Junho,Cabo Delgado,Chiúre,76638.0
2023,Junho,Cabo Delgado,Cidade de Pemba,292688.0
2023,Junho,Cabo Delgado,Ibo,7480.0
2023,Junho,Cabo Delgado,Macomia,24588.0
2023,Junho,Cabo Delgado,Mecufi,17211.0
2023,Junho,Cabo Delgado,Meluco,11306.0
2023,Junho,Cabo Delgado,Mocimboa da Praia,48431.0
2023,Junho,Cabo Delgado,Montepuez,132630.0
2023,Junho,Cabo Delgado,Mueda,93938.0
2023,Junho,Cabo Delgado,Muidumbe,11496.0
2023,Junho,Cabo Delgado,Namuno,30518.0
2023,Junho,Cabo Delgado,Nangade,22013.0
2023,Junho,Cabo Delgado,Palma,39980.0
2023,Junho,Cabo Delgado,Pemba-Metuge,37447.0
2023,Junho,Cabo Delgado,Quissanga,6837.0
2023,Junho,Gaza,Bilene-Macia,134802.0
2023,Junho,Gaza,Chibuto,109452.0
2023,Junho,Gaza,Chicualacuala,11063.0
2023,Junho,Gaza,Chigubo,5101.0
2023,Junho,Gaza,Chonguene,76145.0
2023,Junho,Gaza,Chókwè,123536.0
2023,Junho,Gaza,Cidade de Xai-Xai,161498.0
2023,Junho,Gaza,Guijá,34734.0
2023,Junho,Gaza,Limpopo,79427.0
2023,Junho,Gaza,Mabalane,13045.0
2023,Junho,Gaza,Manjacaze,80358.0
2023,Junho,Gaza,Mapai,12866.0
2023,Junho,Gaza,Massangena,5051.0
2023,Junho,Gaza,Massingir,9427.0
2023,Junho,Inhambane,Cidade de Inhambane,97848.0
2023,Junho,Inhambane,Cidade de Maxixe,129361.0
2023,Junho,Inhambane,Funhaloro,13331.0
2023,Junho,Inhambane,Govuro,26560.0
2023,Junho,Inhambane,Homoine,46392.0
2023,Junho,Inhambane,Inharrime,66393.0
2023,Junho,Inhambane,Inhassoro,46128.0
2023,Junho,Inhambane,Jangamo,59387.0
2023,Junho,Inhambane,Mabote,15809.0
2023,Junho,Inhambane,Massinga,132878.0
2023,Junho,Inhambane,Morrumbene,59660.0
2023,Junho,Inhambane,Panda,22805.0
2023,Junho,Inhambane,Vilankulo,113211.0
2023,Junho,Inhambane,Zavala (Quissico),88530.0
2023,Junho,Manica,Bárue,93824.0
2023,Junho,Manica,Cidade de Chimoio,428318.0
2023,Junho,Manica,Gondola,26349.0
2023,Junho,Manica,Guro,41205.0
2023,Junho,Manica,Macate,16662.0
2023,Junho,Manica,Machaze,22193.0
2023,Junho,Manica,Macossa,14783.0
2023,Junho,Manica,Manica,130161.0
2023,Junho,Manica,Mossurize,25501.0
2023,Junho,Manica,Sussundenga,74994.0
2023,Junho,Manica,Tambara,18186.0
2023,Junho,Manica,Vanduzi,60426.0
2023,Junho,Nampula,Angoche,165029.0
2023,Junho,Nampula,Cidade de Nacala-Porto,349169.0
2023,Junho,Nampula,Cidade de Nampula,1054071.0
2023,Junho,Nampula,Ilha de Moçambique,49013.0
2023,Junho,Nampula,Lalaua,14395.0
2023,Junho,Nampula,Larde,2965.0
2023,Junho,Nampula,Liupo,2648.0
2023,Junho,Nampula,Malema,58880.0
2023,Junho,Nampula,Meconta (Namialo),165111.0
2023,Junho,Nampula,Mecuburi,38599.0
2023,Junho,Nampula,Memba,58347.0
2023,Junho,Nampula,Mogincual,50902.0
2023,Junho,Nampula,Mogovolas,82323.0
2023,Junho,Nampula,Moma,127708.0
2023,Junho,Nampula,Monapo,102808.0
2023,Junho,Nampula,Mossuril,44564.0
2023,Junho,Nampula,Muecate,25754.0
2023,Junho,Nampula,Murrupula,49102.0
2023,Junho,Nampula,Nacala-Velha,33095.0
2023,Junho,Nampula,Nacaroa,35729.0
2023,Junho,Nampula,Namapa-Erati,65589.0
2023,Junho,Nampula,Rapale-Nampula,58986.0
2023,Junho,Nampula,Ribaué,79987.0
2023,Junho,Niassa,Chimbunhila,14875.0
2023,Junho,Niassa,Cidade de Lichinga,207034.0
2023,Junho,Niassa,Cuamba,125803.0
2023,Junho,Niassa,Lago,34043.0
2023,Junho,Niassa,Mandimba,54957.0
2023,Junho,Niassa,Manjune,13456.0
2023,Junho,Niassa,Marrupa,25280.0
2023,Junho,Niassa,Mavago,10281.0
2023,Junho,Niassa,Maúa,17792.0
2023,Junho,Niassa,Mecanhelas,50656.0
2023,Junho,Niassa,Mecula,7004.0
2023,Junho,Niassa,Metarica,20112.0
2023,Junho,Niassa,Muembe,13222.0
2023,Junho,Niassa,Nipepe,11990.0
2023,Junho,Niassa,N´gauma,12288.0
2023,Junho,Niassa,Sanga,31649.0
2023,Junho,Província de Maputo,Boane,276373.0
2023,Junho,Província de Maputo,Cidade da Matola,1317887.0
2023,Junho,Província de Maputo,Cidade de Maputo,1473630.0
2023,Junho,Província de Maputo,Magude,36270.0
2023,Junho,Província de Maputo,Manhiça,180395.0
2023,Junho,Província de Maputo,Marracuene,297883.0
2023,Junho,Província de Maputo,Matutuíne,47098.0
2023,Junho,Província de Maputo,Moamba,132944.0
2023,Junho,Província de Maputo,Namaacha,46993.0
2023,Junho,Sofala,Buzi,50954.0
2023,Junho,Sofala,Caia,85759.0
2023,Junho,Sofala,Chemba,25283.0
2023,Junho,Sofala,Cheringoma,23944.0
2023,Junho,Sofala,Chibabava,29167.0
2023,Junho,Sofala,Cidade da Beira,653623.0
2023,Junho,Sofala,Dondo,162106.0
2023,Junho,Sofala,Gorongoza,67689.0
2023,Junho,Sofala,Machanga,14406.0
2023,Junho,Sofala,Maringue,48097.0
2023,Junho,Sofala,Marromeu,66359.0
2023,Junho,Sofala,Muanza,13824.0
2023,Junho,Sofala,Nhamatanda,137734.0
2023,Junho,Tete,Angónia,76022.0
2023,Junho,Tete,Cahora-Bassa,74950.0
2023,Junho,Tete,Changara,58390.0
2023,Junho,Tete,Chifunde,15318.0
2023,Junho,Tete,Chiuta,18256.0
2023,Junho,Tete,Cidade de Tete,424926.0
2023,Junho,Tete,Doa,15784.0
2023,Junho,Tete,Macanga,37854.0
2023,Junho,Tete,Marara,36828.0
2023,Junho,Tete,Maravia,7052.0
2023,Junho,Tete,Moatize,157708.0
2023,Junho,Tete,Mutarara,39480.0
2023,Junho,Tete,Mágoe,23407.0
2023,Junho,Tete,Tsangano,30650.0
2023,Junho,Tete,Zumbo,6809.0
2023,Junho,Zambézia,Alto Molócuè,103120.0
2023,Junho,Zambézia,Chinde,16624.0
2023,Junho,Zambézia,Cidade de Quelimane,384954.0
2023,Junho,Zambézia,Derre,9233.0
2023,Junho,Zambézia,Gilé,64522.0
2023,Junho,Zambézia,Gurúè,139059.0
2023,Junho,Zambézia,Ile,55938.0
2023,Junho,Zambézia,Inhassunge,19063.0
2023,Junho,Zambézia,Luabo,12249.0
2023,Junho,Zambézia,Lugela,36923.0
2023,Junho,Zambézia,Maganja da Costa,59904.0
2023,Junho,Zambézia,Milange,133819.0
2023,Junho,Zambézia,Mocuba,223286.0
2023,Junho,Zambézia,Mocubela,16626.0
2023,Junho,Zambézia,Molumbo,50980.0
2023,Junho,Zambézia,Mopeia,53064.0
2023,Junho,Zambézia,Morrumbala,82050.0
2023,Junho,Zambézia,Mulevala,39166.0
2023,Junho,Zambézia,Namacurra,57391.0
2023,Junho,Zambézia,Namarroi,30294.0
2023,Junho,Zambézia,Nicoadala,105675.0
2023,Junho,Zambézia,Pebane,59175.0
2023,Maio,Cabo Delgado,Ancuabe,55303.0
2023,Maio,Cabo Delgado,Balama,40220.0
2023,Maio,Cabo Delgado,Chiúre,71232.0
2023,Maio,Cabo Delgado,Cidade de Pemba,288796.0
2023,Maio,Cabo Delgado,Ibo,6468.0
2023,Maio,Cabo Delgado,Macomia,23038.0
2023,Maio,Cabo Delgado,Mecufi,17008.0
2023,Maio,Cabo Delgado,Meluco,10530.0
2023,Maio,Cabo Delgado,Mocimboa da Praia,44801.0
2023,Maio,Cabo Delgado,Montepuez,128996.0
2023,Maio,Cabo Delgado,Mueda,89787.0
2023,Maio,Cabo Delgado,Muidumbe,11284.0
2023,Maio,Cabo Delgado,Namuno,27419.0
2023,Maio,Cabo Delgado,Nangade,19878.0
2023,Maio,Cabo Delgado,Palma,37961.0
2023,Maio,Cabo Delgado,Pemba-Metuge,34460.0
2023,Maio,Cabo Delgado,Quissanga,5733.0
2023,Maio,Gaza,Bilene-Macia,132401.0
2023,Maio,Gaza,Chibuto,108732.0
2023,Maio,Gaza,Chicualacuala,10764.0
2023,Maio,Gaza,Chigubo,4883.0
2023,Maio,Gaza,Chonguene,76062.0
2023,Maio,Gaza,Chókwè,122181.0
2023,Maio,Gaza,Cidade de Xai-Xai,161615.0
2023,Maio,Gaza,Guijá,34186.0
2023,Maio,Gaza,Limpopo,78103.0
2023,Maio,Gaza,Mabalane,12989.0
2023,Maio,Gaza,Manjacaze,80441.0
2023,Maio,Gaza,Mapai,12518.0
2023,Maio,Gaza,Massangena,4788.0
2023,Maio,Gaza,Massingir,9294.0
2023,Maio,Inhambane,Cidade de Inhambane,97007.0
2023,Maio,Inhambane,Cidade de Maxixe,129282.0
2023,Maio,Inhambane,Funhaloro,12937.0
2023,Maio,Inhambane,Govuro,24671.0
2023,Maio,Inhambane,Homoine,45357.0
2023,Maio,Inhambane,Inharrime,66435.0
2023,Maio,Inhambane,Inhassoro,45196.0
2023,Maio,Inhambane,Jangamo,59087.0
2023,Maio,Inhambane,Mabote,15388.0
2023,Maio,Inhambane,Massinga,131617.0
2023,Maio,Inhambane,Morrumbene,59037.0
2023,Maio,Inhambane,Panda,22516.0
2023,Maio,Inhambane,Vilankulo,112675.0
2023,Maio,Inhambane,Zavala (Quissico),87559.0
2023,Maio,Manica,Bárue,86098.0
2023,Maio,Manica,Cidade de Chimoio,416799.0
2023,Maio,Manica,Gondola,23643.0
2023,Maio,Manica,Guro,39279.0
2023,Maio,Manica,Macate,16006.0
2023,Maio,Manica,Machaze,21334.0
2023,Maio,Manica,Macossa,13820.0
2023,Maio,Manica,Manica,125624.0
2023,Maio,Manica,Mossurize,24468.0
2023,Maio,Manica,Sussundenga,70059.0
2023,Maio,Manica,Tambara,16459.0
2023,Maio,Manica,Vanduzi,58047.0
2023,Maio,Nampula,Angoche,135925.0
2023,Maio,Nampula,Cidade de Nacala-Porto,326516.0
2023,Maio,Nampula,Cidade de Nampula,1006465.0
2023,Maio,Nampula,Ilha de Moçambique,46603.0
2023,Maio,Nampula,Lalaua,13390.0
2023,Maio,Nampula,Larde,2547.0
2023,Maio,Nampula,Liupo,2500.0
2023,Maio,Nampula,Malema,54474.0
2023,Maio,Nampula,Meconta (Namialo),143343.0
2023,Maio,Nampula,Mecuburi,36064.0
2023,Maio,Nampula,Memba,53776.0
2023,Maio,Nampula,Mogincual,44902.0
2023,Maio,Nampula,Mogovolas,77584.0
2023,Maio,Nampula,Moma,115764.0
2023,Maio,Nampula,Monapo,93119.0
2023,Maio,Nampula,Mossuril,40528.0
2023,Maio,Nampula,Muecate,22743.0
2023,Maio,Nampula,Murrupula,45379.0
2023,Maio,Nampula,Nacala-Velha,31252.0
2023,Maio,Nampula,Nacaroa,32776.0
2023,Maio,Nampula,Namapa-Erati,59732.0
2023,Maio,Nampula,Rapale-Nampula,55065.0
2023,Maio,Nampula,Ribaué,72264.0
2023,Maio,Niassa,Chimbunhila,12606.0
2023,Maio,Niassa,Cidade de Lichinga,202893.0
2023,Maio,Niassa,Cuamba,111892.0
2023,Maio,Niassa,Lago,31993.0
2023,Maio,Niassa,Mandimba,48482.0
2023,Maio,Niassa,Manjune,12454.0
2023,Maio,Niassa,Marrupa,22494.0
2023,Maio,Niassa,Mavago,8983.0
2023,Maio,Niassa,Maúa,16205.0
2023,Maio,Niassa,Mecanhelas,45718.0
2023,Maio,Niassa,Mecula,6536.0
2023,Maio,Niassa,Metarica,17416.0
2023,Maio,Niassa,Muembe,11756.0
2023,Maio,Niassa,Nipepe,9817.0
2023,Maio,Niassa,N´gauma,11067.0
2023,Maio,Niassa,Sanga,27346.0
2023,Maio,Província de Maputo,Boane,273762.0
2023,Maio,Província de Maputo,Cidade da Matola,1304247.0
2023,Maio,Província de Maputo,Cidade de Maputo,1452539.0
2023,Maio,Província de Maputo,Magude,35505.0
2023,Maio,Província de Maputo,Manhiça,179780.0
2023,Maio,Província de Maputo,Marracuene,295087.0
2023,Maio,Província de Maputo,Matutuíne,47044.0
2023,Maio,Província de Maputo,Moamba,131923.0
2023,Maio,Província de Maputo,Namaacha,46069.0
2023,Maio,Sofala,Buzi,48792.0
2023,Maio,Sofala,Caia,80165.0
2023,Maio,Sofala,Chemba,23926.0
2023,Maio,Sofala,Cheringoma,22942.0
2023,Maio,Sofala,Chibabava,28082.0
2023,Maio,Sofala,Cidade da Beira,647593.0
2023,Maio,Sofala,Dondo,157156.0
2023,Maio,Sofala,Gorongoza,63364.0
2023,Maio,Sofala,Machanga,13629.0
2023,Maio,Sofala,Maringue,44824.0
2023,Maio,Sofala,Marromeu,63056.0
2023,Maio,Sofala,Muanza,13107.0
2023,Maio,Sofala,Nhamatanda,132850.0
2023,Maio,Tete,Angónia,71421.0
2023,Maio,Tete,Cahora-Bassa,72167.0
2023,Maio,Tete,Changara,56611.0
2023,Maio,Tete,Chifunde,13935.0
2023,Maio,Tete,Chiuta,17586.0
2023,Maio,Tete,Cidade de Tete,414286.0
2023,Maio,Tete,Doa,13865.0
2023,Maio,Tete,Macanga,33831.0
2023,Maio,Tete,Marara,35819.0
2023,Maio,Tete,Maravia,6841.0
2023,Maio,Tete,Moatize,150298.0
2023,Maio,Tete,Mutarara,38648.0
2023,Maio,Tete,Mágoe,21729.0
2023,Maio,Tete,Tsangano,27617.0
2023,Maio,Tete,Zumbo,6202.0
2023,Maio,Zambézia,Alto Molócuè,97213.0
2023,Maio,Zambézia,Chinde,15802.0
2023,Maio,Zambézia,Cidade de Quelimane,375748.0
2023,Maio,Zambézia,Derre,8768.0
2023,Maio,Zambézia,Gilé,61375.0
2023,Maio,Zambézia,Gurúè,131202.0
2023,Maio,Zambézia,Ile,53112.0
2023,Maio,Zambézia,Inhassunge,18282.0
2023,Maio,Zambézia,Luabo,11898.0
2023,Maio,Zambézia,Lugela,33766.0
2023,Maio,Zambézia,Maganja da Costa,57622.0
2023,Maio,Zambézia,Milange,122178.0
2023,Maio,Zambézia,Mocuba,215935.0
2023,Maio,Zambézia,Mocubela,16383.0
2023,Maio,Zambézia,Molumbo,45099.0
2023,Maio,Zambézia,Mopeia,51119.0
2023,Maio,Zambézia,Morrumbala,76425.0
2023,Maio,Zambézia,Mulevala,36627.0
2023,Maio,Zambézia,Namacurra,57940.0
2023,Maio,Zambézia,Namarroi,28069.0
2023,Maio,Zambézia,Nicoadala,102331.0
2023,Maio,Zambézia,Pebane,55678.0
2023,Março,Cabo Delgado,Ancuabe,45255.0
2023,Março,Cabo Delgado,Balama,34854.0
2023,Março,Cabo Delgado,Chiúre,62384.0
2023,Março,Cabo Delgado,Cidade de Pemba,283541.0
2023,Março,Cabo Delgado,Ibo,4692.0
2023,Março,Cabo Delgado,Macomia,19761.0
2023,Março,Cabo Delgado,Mecufi,15435.0
2023,Março,Cabo Delgado,Meluco,9409.0
2023,Março,Cabo Delgado,Mocimboa da Praia,36234.0
2023,Março,Cabo Delgado,Montepuez,119155.0
2023,Março,Cabo Delgado,Mueda,80142.0
2023,Março,Cabo Delgado,Muidumbe,9770.0
2023,Março,Cabo Delgado,Namuno,24193.0
2023,Março,Cabo Delgado,Nangade,16760.0
2023,Março,Cabo Delgado,Palma,35345.0
2023,Março,Cabo Delgado,Pemba-Metuge,27651.0
2023,Março,Cabo Delgado,Quissanga,4859.0
2023,Março,Gaza,Bilene-Macia,134229.0
2023,Março,Gaza,Chibuto,108578.0
2023,Março,Gaza,Chicualacuala,9072.0
2023,Março,Gaza,Chigubo,4461.0
2023,Março,Gaza,Chonguene,75057.0
2023,Março,Gaza,Chókwè,120834.0
2023,Março,Gaza,Cidade de Xai-Xai,159957.0
2023,Março,Gaza,Guijá,33974.0
2023,Março,Gaza,Limpopo,79005.0
2023,Março,Gaza,Mabalane,12692.0
2023,Março,Gaza,Manjacaze,82800.0
2023,Março,Gaza,Mapai,11795.0
2023,Março,Gaza,Massangena,4639.0
2023,Março,Gaza,Massingir,8918.0
2023,Março,Inhambane,Cidade de Inhambane,93090.0
2023,Março,Inhambane,Cidade de Maxixe,125788.0
2023,Março,Inhambane,Funhaloro,12813.0
2023,Março,Inhambane,Govuro,24072.0
2023,Março,Inhambane,Homoine,46095.0
2023,Março,Inhambane,Inharrime,69784.0
2023,Março,Inhambane,Inhassoro,44528.0
2023,Março,Inhambane,Jangamo,62012.0
2023,Março,Inhambane,Mabote,14802.0
2023,Março,Inhambane,Massinga,135545.0
2023,Março,Inhambane,Morrumbene,61033.0
2023,Março,Inhambane,Panda,22881.0
2023,Março,Inhambane,Vilankulo,113223.0
2023,Março,Inhambane,Zavala (Quissico),89412.0
2023,Março,Manica,Bárue,74949.0
2023,Março,Manica,Cidade de Chimoio,401749.0
2023,Março,Manica,Gondola,18493.0
2023,Março,Manica,Guro,34900.0
2023,Março,Manica,Macate,14635.0
2023,Março,Manica,Machaze,19333.0
2023,Março,Manica,Macossa,12339.0
2023,Março,Manica,Manica,118398.0
2023,Março,Manica,Mossurize,21122.0
2023,Março,Manica,Sussundenga,57212.0
2023,Março,Manica,Tambara,14031.0
2023,Março,Manica,Vanduzi,52761.0
2023,Março,Nampula,Angoche,106783.0
2023,Março,Nampula,Cidade de Nacala-Porto,292781.0
2023,Março,Nampula,Cidade de Nampula,919989.0
2023,Março,Nampula,Ilha de Moçambique,40017.0
2023,Março,Nampula,Lalaua,12213.0
2023,Março,Nampula,Larde,1917.0
2023,Março,Nampula,Liupo,2371.0
2023,Março,Nampula,Malema,50001.0
2023,Março,Nampula,Meconta (Namialo),93314.0
2023,Março,Nampula,Mecuburi,32736.0
2023,Março,Nampula,Memba,43197.0
2023,Março,Nampula,Mogincual,32882.0
2023,Março,Nampula,Mogovolas,55303.0
2023,Março,Nampula,Moma,100855.0
2023,Março,Nampula,Monapo,74186.0
2023,Março,Nampula,Mossuril,30509.0
2023,Março,Nampula,Muecate,18565.0
2023,Março,Nampula,Murrupula,36184.0
2023,Março,Nampula,Nacala-Velha,27420.0
2023,Março,Nampula,Nacaroa,25512.0
2023,Março,Nampula,Namapa-Erati,52433.0
2023,Março,Nampula,Rapale-Nampula,46309.0
2023,Março,Nampula,Ribaué,62588.0
2023,Março,Niassa,Chimbunhila,10882.0
2023,Março,Niassa,Cidade de Lichinga,184361.0
2023,Março,Niassa,Cuamba,98577.0
2023,Março,Niassa,Lago,26643.0
2023,Março,Niassa,Mandimba,37930.0
2023,Março,Niassa,Manjune,10631.0
2023,Março,Niassa,Marrupa,18883.0
2023,Março,Niassa,Mavago,8089.0
2023,Março,Niassa,Maúa,12945.0
2023,Março,Niassa,Mecanhelas,38131.0
2023,Março,Niassa,Mecula,5178.0
2023,Março,Niassa,Metarica,12279.0
2023,Março,Niassa,Muembe,9477.0
2023,Março,Niassa,Nipepe,7694.0
2023,Março,Niassa,N´gauma,9021.0
2023,Março,Niassa,Sanga,23648.0
2023,Março,Província de Maputo,Boane,266491.0
2023,Março,Província de Maputo,Cidade da Matola,1272717.0
2023,Março,Província de Maputo,Cidade de Maputo,1453304.0
2023,Março,Província de Maputo,Magude,34766.0
2023,Março,Província de Maputo,Manhiça,178832.0
2023,Março,Província de Maputo,Marracuene,247345.0
2023,Março,Província de Maputo,Matutuíne,45025.0
2023,Março,Província de Maputo,Moamba,120877.0
2023,Março,Província de Maputo,Namaacha,42162.0
2023,Março,Sofala,Buzi,44083.0
2023,Março,Sofala,Caia,69170.0
2023,Março,Sofala,Chemba,22554.0
2023,Março,Sofala,Cheringoma,20679.0
2023,Março,Sofala,Chibabava,27079.0
2023,Março,Sofala,Cidade da Beira,633363.0
2023,Março,Sofala,Dondo,154369.0
2023,Março,Sofala,Gorongoza,56277.0
2023,Março,Sofala,Machanga,12387.0
2023,Março,Sofala,Maringue,35207.0
2023,Março,Sofala,Marromeu,59015.0
2023,Março,Sofala,Muanza,11713.0
2023,Março,Sofala,Nhamatanda,118812.0
2023,Março,Tete,Angónia,67017.0
2023,Março,Tete,Cahora-Bassa,67781.0
2023,Março,Tete,Changara,53133.0
2023,Março,Tete,Chifunde,12831.0
2023,Março,Tete,Chiuta,15397.0
2023,Março,Tete,Cidade de Tete,397662.0
2023,Março,Tete,Doa,10800.0
2023,Março,Tete,Macanga,29976.0
2023,Março,Tete,Marara,34691.0
2023,Março,Tete,Maravia,6393.0
2023,Março,Tete,Moatize,151953.0
2023,Março,Tete,Mutarara,33375.0
2023,Março,Tete,Mágoe,19492.0
2023,Março,Tete,Tsangano,22306.0
2023,Março,Tete,Zumbo,5578.0
2023,Março,Zambézia,Alto Molócuè,91788.0
2023,Março,Zambézia,Chinde,14021.0
2023,Março,Zambézia,Cidade de Quelimane,347164.0
2023,Março,Zambézia,Derre,8173.0
2023,Março,Zambézia,Gilé,52549.0
2023,Março,Zambézia,Gurúè,121006.0
2023,Março,Zambézia,Ile,48731.0
2023,Março,Zambézia,Inhassunge,16239.0
2023,Março,Zambézia,Luabo,12079.0
2023,Março,Zambézia,Lugela,28355.0
2023,Março,Zambézia,Maganja da Costa,51986.0
2023,Março,Zambézia,Milange,90990.0
2023,Março,Zambézia,Mocuba,205274.0
2023,Março,Zambézia,Mocubela,16110.0
2023,Março,Zambézia,Molumbo,32755.0
2023,Março,Zambézia,Mopeia,45437.0
2023,Março,Zambézia,Morrumbala,61269.0
2023,Março,Zambézia,Mulevala,31134.0
2023,Março,Zambézia,Namacurra,51667.0
2023,Março,Zambézia,Namarroi,24178.0
2023,Março,Zambézia,Nicoadala,91361.0
2023,Março,Zambézia,Pebane,49171.0
2023,Novembro,Cabo Delgado,Ancuabe,64188.0
2023,Novembro,Cabo Delgado,Balama,46087.0
2023,Novembro,Cabo Delgado,Chiúre,84658.0
2023,Novembro,Cabo Delgado,Cidade de Pemba,292008.0
2023,Novembro,Cabo Delgado,Ibo,8450.0
2023,Novembro,Cabo Delgado,Macomia,30370.0
2023,Novembro,Cabo Delgado,Mecufi,19244.0
2023,Novembro,Cabo Delgado,Meluco,13483.0
2023,Novembro,Cabo Delgado,Mocimboa da Praia,61058.0
2023,Novembro,Cabo Delgado,Montepuez,151861.0
2023,Novembro,Cabo Delgado,Mueda,104205.0
2023,Novembro,Cabo Delgado,Muidumbe,14241.0
2023,Novembro,Cabo Delgado,Namuno,37752.0
2023,Novembro,Cabo Delgado,Nangade,29553.0
2023,Novembro,Cabo Delgado,Palma,47805.0
2023,Novembro,Cabo Delgado,Pemba-Metuge,53573.0
2023,Novembro,Cabo Delgado,Quissanga,11532.0
2023,Novembro,Gaza,Bilene-Macia,136430.0
2023,Novembro,Gaza,Chibuto,113383.0
2023,Novembro,Gaza,Chicualacuala,10855.0
2023,Novembro,Gaza,Chigubo,6368.0
2023,Novembro,Gaza,Chonguene,74966.0
2023,Novembro,Gaza,Chókwè,124608.0
2023,Novembro,Gaza,Cidade de Xai-Xai,163985.0
2023,Novembro,Gaza,Guijá,36124.0
2023,Novembro,Gaza,Limpopo,77593.0
2023,Novembro,Gaza,Mabalane,13721.0
2023,Novembro,Gaza,Manjacaze,82677.0
2023,Novembro,Gaza,Mapai,14432.0
2023,Novembro,Gaza,Massangena,5766.0
2023,Novembro,Gaza,Massingir,11010.0
2023,Novembro,Inhambane,Cidade de Inhambane,105162.0
2023,Novembro,Inhambane,Cidade de Maxixe,127803.0
2023,Novembro,Inhambane,Funhaloro,14357.0
2023,Novembro,Inhambane,Govuro,29198.0
2023,Novembro,Inhambane,Homoine,47306.0
2023,Novembro,Inhambane,Inharrime,67648.0
2023,Novembro,Inhambane,Inhassoro,49511.0
2023,Novembro,Inhambane,Jangamo,60115.0
2023,Novembro,Inhambane,Mabote,17736.0
2023,Novembro,Inhambane,Massinga,133856.0
2023,Novembro,Inhambane,Morrumbene,60476.0
2023,Novembro,Inhambane,Panda,23261.0
2023,Novembro,Inhambane,Vilankulo,117633.0
2023,Novembro,Inhambane,Zavala (Quissico),89447.0
2023,Novembro,Manica,Bárue,112927.0
2023,Novembro,Manica,Cidade de Chimoio,462854.0
2023,Novembro,Manica,Gondola,39744.0
2023,Novembro,Manica,Guro,49819.0
2023,Novembro,Manica,Macate,21719.0
2023,Novembro,Manica,Machaze,25606.0
2023,Novembro,Manica,Macossa,16653.0
2023,Novembro,Manica,Manica,155298.0
2023,Novembro,Manica,Mossurize,31327.0
2023,Novembro,Manica,Sussundenga,88152.0
2023,Novembro,Manica,Tambara,20909.0
2023,Novembro,Manica,Vanduzi,72791.0
2023,Novembro,Nampula,Angoche,340332.0
2023,Novembro,Nampula,Cidade de Nacala-Porto,417784.0
2023,Novembro,Nampula,Cidade de Nampula,1220585.0
2023,Novembro,Nampula,Ilha de Moçambique,58870.0
2023,Novembro,Nampula,Lalaua,17970.0
2023,Novembro,Nampula,Larde,4319.0
2023,Novembro,Nampula,Liupo,2950.0
2023,Novembro,Nampula,Malema,71700.0
2023,Novembro,Nampula,Meconta (Namialo),260037.0
2023,Novembro,Nampula,Mecuburi,46442.0
2023,Novembro,Nampula,Memba,75274.0
2023,Novembro,Nampula,Mogincual,69328.0
2023,Novembro,Nampula,Mogovolas,97374.0
2023,Novembro,Nampula,Moma,155894.0
2023,Novembro,Nampula,Monapo,137281.0
2023,Novembro,Nampula,Mossuril,68807.0
2023,Novembro,Nampula,Muecate,35982.0
2023,Novembro,Nampula,Murrupula,63763.0
2023,Novembro,Nampula,Nacala-Velha,39855.0
2023,Novembro,Nampula,Nacaroa,45184.0
2023,Novembro,Nampula,Namapa-Erati,80335.0
2023,Novembro,Nampula,Rapale-Nampula,72670.0
2023,Novembro,Nampula,Ribaué,98905.0
2023,Novembro,Niassa,Chimbunhila,18492.0
2023,Novembro,Niassa,Cidade de Lichinga,244808.0
2023,Novembro,Niassa,Cuamba,156577.0
2023,Novembro,Niassa,Lago,40634.0
2023,Novembro,Niassa,Mandimba,89493.0
2023,Novembro,Niassa,Manjune,14633.0
2023,Novembro,Niassa,Marrupa,34718.0
2023,Novembro,Niassa,Mavago,11494.0
2023,Novembro,Niassa,Maúa,27374.0
2023,Novembro,Niassa,Mecanhelas,63292.0
2023,Novembro,Niassa,Mecula,8336.0
2023,Novembro,Niassa,Metarica,27968.0
2023,Novembro,Niassa,Muembe,16356.0
2023,Novembro,Niassa,Nipepe,18010.0
2023,Novembro,Niassa,N´gauma,15615.0
2023,Novembro,Niassa,Sanga,36442.0
2023,Novembro,Província de Maputo,Boane,283930.0
2023,Novembro,Província de Maputo,Cidade da Matola,1341920.0
2023,Novembro,Província de Maputo,Cidade de Maputo,1556877.0
2023,Novembro,Província de Maputo,Magude,36276.0
2023,Novembro,Província de Maputo,Manhiça,176124.0
2023,Novembro,Província de Maputo,Marracuene,311744.0
2023,Novembro,Província de Maputo,Matutuíne,47015.0
2023,Novembro,Província de Maputo,Moamba,122879.0
2023,Novembro,Província de Maputo,Namaacha,41792.0
2023,Novembro,Sofala,Buzi,56835.0
2023,Novembro,Sofala,Caia,94624.0
2023,Novembro,Sofala,Chemba,27844.0
2023,Novembro,Sofala,Cheringoma,26932.0
2023,Novembro,Sofala,Chibabava,30972.0
2023,Novembro,Sofala,Cidade da Beira,689711.0
2023,Novembro,Sofala,Dondo,172239.0
2023,Novembro,Sofala,Gorongoza,81650.0
2023,Novembro,Sofala,Machanga,15661.0
2023,Novembro,Sofala,Maringue,53281.0
2023,Novembro,Sofala,Marromeu,74474.0
2023,Novembro,Sofala,Muanza,16134.0
2023,Novembro,Sofala,Nhamatanda,156199.0
2023,Novembro,Tete,Angónia,97969.0
2023,Novembro,Tete,Cahora-Bassa,78906.0
2023,Novembro,Tete,Changara,65983.0
2023,Novembro,Tete,Chifunde,16435.0
2023,Novembro,Tete,Chiuta,21216.0
2023,Novembro,Tete,Cidade de Tete,418409.0
2023,Novembro,Tete,Doa,19810.0
2023,Novembro,Tete,Macanga,43333.0
2023,Novembro,Tete,Marara,41244.0
2023,Novembro,Tete,Maravia,7629.0
2023,Novembro,Tete,Moatize,162617.0
2023,Novembro,Tete,Mutarara,50215.0
2023,Novembro,Tete,Mágoe,28706.0
2023,Novembro,Tete,Tsangano,39894.0
2023,Novembro,Tete,Zumbo,8400.0
2023,Novembro,Zambézia,Alto Molócuè,117837.0
2023,Novembro,Zambézia,Chinde,17298.0
2023,Novembro,Zambézia,Cidade de Quelimane,382343.0
2023,Novembro,Zambézia,Derre,9970.0
2023,Novembro,Zambézia,Gilé,70425.0
2023,Novembro,Zambézia,Gurúè,157407.0
2023,Novembro,Zambézia,Ile,64238.0
2023,Novembro,Zambézia,Inhassunge,21053.0
2023,Novembro,Zambézia,Luabo,11357.0
2023,Novembro,Zambézia,Lugela,47292.0
2023,Novembro,Zambézia,Maganja da Costa,66976.0
2023,Novembro,Zambézia,Milange,176492.0
2023,Novembro,Zambézia,Mocuba,239309.0
2023,Novembro,Zambézia,Mocubela,17963.0
2023,Novembro,Zambézia,Molumbo,60546.0
2023,Novembro,Zambézia,Mopeia,60097.0
2023,Novembro,Zambézia,Morrumbala,99007.0
2023,Novembro,Zambézia,Mulevala,45118.0
2023,Novembro,Zambézia,Namacurra,61493.0
2023,Novembro,Zambézia,Namarroi,38619.0
2023,Novembro,Zambézia,Nicoadala,108343.0
2023,Novembro,Zambézia,Pebane,69891.0
2023,Outubro,Cabo Delgado,Ancuabe,65763.0
2023,Outubro,Cabo Delgado,Balama,47185.0
2023,Outubro,Cabo Delgado,Chiúre,85913.0
2023,Outubro,Cabo Delgado,Cidade de Pemba,293555.0
2023,Outubro,Cabo Delgado,Ibo,8678.0
2023,Outubro,Cabo Delgado,Macomia,29485.0
2023,Outubro,Cabo Delgado,Mecufi,18725.0
2023,Outubro,Cabo Delgado,Meluco,13121.0
2023,Outubro,Cabo Delgado,Mocimboa da Praia,58811.0
2023,Outubro,Cabo Delgado,Montepuez,150161.0
2023,Outubro,Cabo Delgado,Mueda,104035.0
2023,Outubro,Cabo Delgado,Muidumbe,13942.0
2023,Outubro,Cabo Delgado,Namuno,37757.0
2023,Outubro,Cabo Delgado,Nangade,28085.0
2023,Outubro,Cabo Delgado,Palma,47002.0
2023,Outubro,Cabo Delgado,Pemba-Metuge,51535.0
2023,Outubro,Cabo Delgado,Quissanga,11173.0
2023,Outubro,Gaza,Bilene-Macia,135723.0
2023,Outubro,Gaza,Chibuto,112385.0
2023,Outubro,Gaza,Chicualacuala,11011.0
2023,Outubro,Gaza,Chigubo,6147.0
2023,Outubro,Gaza,Chonguene,75342.0
2023,Outubro,Gaza,Chókwè,124287.0
2023,Outubro,Gaza,Cidade de Xai-Xai,164059.0
2023,Outubro,Gaza,Guijá,35919.0
2023,Outubro,Gaza,Limpopo,77773.0
2023,Outubro,Gaza,Mabalane,13532.0
2023,Outubro,Gaza,Manjacaze,82086.0
2023,Outubro,Gaza,Mapai,14197.0
2023,Outubro,Gaza,Massangena,5577.0
2023,Outubro,Gaza,Massingir,10824.0
2023,Outubro,Inhambane,Cidade de Inhambane,104011.0
2023,Outubro,Inhambane,Cidade de Maxixe,128473.0
2023,Outubro,Inhambane,Funhaloro,14077.0
2023,Outubro,Inhambane,Govuro,28594.0
2023,Outubro,Inhambane,Homoine,47735.0
2023,Outubro,Inhambane,Inharrime,66750.0
2023,Outubro,Inhambane,Inhassoro,49235.0
2023,Outubro,Inhambane,Jangamo,59672.0
2023,Outubro,Inhambane,Mabote,17308.0
2023,Outubro,Inhambane,Massinga,132573.0
2023,Outubro,Inhambane,Morrumbene,59995.0
2023,Outubro,Inhambane,Panda,23372.0
2023,Outubro,Inhambane,Vilankulo,115548.0
2023,Outubro,Inhambane,Zavala (Quissico),87591.0
2023,Outubro,Manica,Bárue,112531.0
2023,Outubro,Manica,Cidade de Chimoio,460959.0
2023,Outubro,Manica,Gondola,37522.0
2023,Outubro,Manica,Guro,48701.0
2023,Outubro,Manica,Macate,20495.0
2023,Outubro,Manica,Machaze,25311.0
2023,Outubro,Manica,Macossa,16310.0
2023,Outubro,Manica,Manica,150434.0
2023,Outubro,Manica,Mossurize,30748.0
2023,Outubro,Manica,Sussundenga,86201.0
2023,Outubro,Manica,Tambara,21564.0
2023,Outubro,Manica,Vanduzi,70059.0
2023,Outubro,Nampula,Angoche,333170.0
2023,Outubro,Nampula,Cidade de Nacala-Porto,411895.0
2023,Outubro,Nampula,Cidade de Nampula,1214959.0
2023,Outubro,Nampula,Ilha de Moçambique,57269.0
2023,Outubro,Nampula,Lalaua,18100.0
2023,Outubro,Nampula,Larde,4230.0
2023,Outubro,Nampula,Liupo,2927.0
2023,Outubro,Nampula,Malema,72138.0
2023,Outubro,Nampula,Meconta (Namialo),258356.0
2023,Outubro,Nampula,Mecuburi,46472.0
2023,Outubro,Nampula,Memba,73937.0
2023,Outubro,Nampula,Mogincual,68552.0
2023,Outubro,Nampula,Mogovolas,94964.0
2023,Outubro,Nampula,Moma,154960.0
2023,Outubro,Nampula,Monapo,136891.0
2023,Outubro,Nampula,Mossuril,66355.0
2023,Outubro,Nampula,Muecate,35645.0
2023,Outubro,Nampula,Murrupula,63278.0
2023,Outubro,Nampula,Nacala-Velha,38055.0
2023,Outubro,Nampula,Nacaroa,44502.0
2023,Outubro,Nampula,Namapa-Erati,80424.0
2023,Outubro,Nampula,Rapale-Nampula,70866.0
2023,Outubro,Nampula,Ribaué,98711.0
2023,Outubro,Niassa,Chimbunhila,17735.0
2023,Outubro,Niassa,Cidade de Lichinga,240135.0
2023,Outubro,Niassa,Cuamba,154984.0
2023,Outubro,Niassa,Lago,40372.0
2023,Outubro,Niassa,Mandimba,84118.0
2023,Outubro,Niassa,Manjune,14749.0
2023,Outubro,Niassa,Marrupa,33699.0
2023,Outubro,Niassa,Mavago,11514.0
2023,Outubro,Niassa,Maúa,26500.0
2023,Outubro,Niassa,Mecanhelas,62787.0
2023,Outubro,Niassa,Mecula,8334.0
2023,Outubro,Niassa,Metarica,27239.0
2023,Outubro,Niassa,Muembe,15928.0
2023,Outubro,Niassa,Nipepe,17694.0
2023,Outubro,Niassa,N´gauma,15475.0
2023,Outubro,Niassa,Sanga,35182.0
2023,Outubro,Província de Maputo,Boane,285055.0
2023,Outubro,Província de Maputo,Cidade da Matola,1338062.0
2023,Outubro,Província de Maputo,Cidade de Maputo,1537458.0
2023,Outubro,Província de Maputo,Magude,36172.0
2023,Outubro,Província de Maputo,Manhiça,177907.0
2023,Outubro,Província de Maputo,Marracuene,310137.0
2023,Outubro,Província de Maputo,Matutuíne,46632.0
2023,Outubro,Província de Maputo,Moamba,124171.0
2023,Outubro,Província de Maputo,Namaacha,42180.0
2023,Outubro,Sofala,Buzi,55436.0
2023,Outubro,Sofala,Caia,97456.0
2023,Outubro,Sofala,Chemba,27809.0
2023,Outubro,Sofala,Cheringoma,27050.0
2023,Outubro,Sofala,Chibabava,30442.0
2023,Outubro,Sofala,Cidade da Beira,684742.0
2023,Outubro,Sofala,Dondo,171039.0
2023,Outubro,Sofala,Gorongoza,78773.0
2023,Outubro,Sofala,Machanga,15679.0
2023,Outubro,Sofala,Maringue,53677.0
2023,Outubro,Sofala,Marromeu,74185.0
2023,Outubro,Sofala,Muanza,15977.0
2023,Outubro,Sofala,Nhamatanda,152221.0
2023,Outubro,Tete,Angónia,96620.0
2023,Outubro,Tete,Cahora-Bassa,76953.0
2023,Outubro,Tete,Changara,64948.0
2023,Outubro,Tete,Chifunde,16782.0
2023,Outubro,Tete,Chiuta,20683.0
2023,Outubro,Tete,Cidade de Tete,425213.0
2023,Outubro,Tete,Doa,19893.0
2023,Outubro,Tete,Macanga,44022.0
2023,Outubro,Tete,Marara,37385.0
2023,Outubro,Tete,Maravia,7822.0
2023,Outubro,Tete,Moatize,157488.0
2023,Outubro,Tete,Mutarara,52027.0
2023,Outubro,Tete,Mágoe,28705.0
2023,Outubro,Tete,Tsangano,37457.0
2023,Outubro,Tete,Zumbo,8578.0
2023,Outubro,Zambézia,Alto Molócuè,114696.0
2023,Outubro,Zambézia,Chinde,17219.0
2023,Outubro,Zambézia,Cidade de Quelimane,383866.0
2023,Outubro,Zambézia,Derre,10228.0
2023,Outubro,Zambézia,Gilé,70214.0
2023,Outubro,Zambézia,Gurúè,157874.0
2023,Outubro,Zambézia,Ile,63082.0
2023,Outubro,Zambézia,Inhassunge,20771.0
2023,Outubro,Zambézia,Luabo,11587.0
2023,Outubro,Zambézia,Lugela,46829.0
2023,Outubro,Zambézia,Maganja da Costa,66546.0
2023,Outubro,Zambézia,Milange,173884.0
2023,Outubro,Zambézia,Mocuba,234791.0
2023,Outubro,Zambézia,Mocubela,17967.0
2023,Outubro,Zambézia,Molumbo,62681.0
2023,Outubro,Zambézia,Mopeia,59270.0
2023,Outubro,Zambézia,Morrumbala,96190.0
2023,Outubro,Zambézia,Mulevala,44682.0
2023,Outubro,Zambézia,Namacurra,62704.0
2023,Outubro,Zambézia,Namarroi,38707.0
2023,Outubro,Zambézia,Nicoadala,106814.0
2023,Outubro,Zambézia,Pebane,66925.0
2023,Setembro,Cabo Delgado,Ancuabe,64401.0
2023,Setembro,Cabo Delgado,Balama,46403.0
2023,Setembro,Cabo Delgado,Chiúre,84706.0
2023,Setembro,Cabo Delgado,Cidade de Pemba,289760.0
2023,Setembro,Cabo Delgado,Ibo,8308.0
2023,Setembro,Cabo Delgado,Macomia,28757.0
2023,Setembro,Cabo Delgado,Mecufi,18132.0
2023,Setembro,Cabo Delgado,Meluco,12554.0
2023,Setembro,Cabo Delgado,Mocimboa da Praia,56586.0
2023,Setembro,Cabo Delgado,Montepuez,145552.0
2023,Setembro,Cabo Delgado,Mueda,100785.0
2023,Setembro,Cabo Delgado,Muidumbe,14318.0
2023,Setembro,Cabo Delgado,Namuno,36374.0
2023,Setembro,Cabo Delgado,Nangade,26650.0
2023,Setembro,Cabo Delgado,Palma,46008.0
2023,Setembro,Cabo Delgado,Pemba-Metuge,48558.0
2023,Setembro,Cabo Delgado,Quissanga,10380.0
2023,Setembro,Gaza,Bilene-Macia,134667.0
2023,Setembro,Gaza,Chibuto,110972.0
2023,Setembro,Gaza,Chicualacuala,10957.0
2023,Setembro,Gaza,Chigubo,5942.0
2023,Setembro,Gaza,Chonguene,75231.0
2023,Setembro,Gaza,Chókwè,123175.0
2023,Setembro,Gaza,Cidade de Xai-Xai,163020.0
2023,Setembro,Gaza,Guijá,35508.0
2023,Setembro,Gaza,Limpopo,77775.0
2023,Setembro,Gaza,Mabalane,13204.0
2023,Setembro,Gaza,Manjacaze,80513.0
2023,Setembro,Gaza,Mapai,13809.0
2023,Setembro,Gaza,Massangena,5483.0
2023,Setembro,Gaza,Massingir,10347.0
2023,Setembro,Inhambane,Cidade de Inhambane,100434.0
2023,Setembro,Inhambane,Cidade de Maxixe,127473.0
2023,Setembro,Inhambane,Funhaloro,13854.0
2023,Setembro,Inhambane,Govuro,27660.0
2023,Setembro,Inhambane,Homoine,46983.0
2023,Setembro,Inhambane,Inharrime,66183.0
2023,Setembro,Inhambane,Inhassoro,47994.0
2023,Setembro,Inhambane,Jangamo,58984.0
2023,Setembro,Inhambane,Mabote,16945.0
2023,Setembro,Inhambane,Massinga,130477.0
2023,Setembro,Inhambane,Morrumbene,59269.0
2023,Setembro,Inhambane,Panda,22915.0
2023,Setembro,Inhambane,Vilankulo,114334.0
2023,Setembro,Inhambane,Zavala (Quissico),86629.0
2023,Setembro,Manica,Bárue,109898.0
2023,Setembro,Manica,Cidade de Chimoio,452168.0
2023,Setembro,Manica,Gondola,34425.0
2023,Setembro,Manica,Guro,47611.0
2023,Setembro,Manica,Macate,19027.0
2023,Setembro,Manica,Machaze,24653.0
2023,Setembro,Manica,Macossa,16125.0
2023,Setembro,Manica,Manica,144880.0
2023,Setembro,Manica,Mossurize,29234.0
2023,Setembro,Manica,Sussundenga,83491.0
2023,Setembro,Manica,Tambara,21315.0
2023,Setembro,Manica,Vanduzi,67177.0
2023,Setembro,Nampula,Angoche,309673.0
2023,Setembro,Nampula,Cidade de Nacala-Porto,399787.0
2023,Setembro,Nampula,Cidade de Nampula,1181404.0
2023,Setembro,Nampula,Ilha de Moçambique,55913.0
2023,Setembro,Nampula,Lalaua,17359.0
2023,Setembro,Nampula,Larde,4266.0
2023,Setembro,Nampula,Liupo,2810.0
2023,Setembro,Nampula,Malema,69989.0
2023,Setembro,Nampula,Meconta (Namialo),244887.0
2023,Setembro,Nampula,Mecuburi,45688.0
2023,Setembro,Nampula,Memba,70655.0
2023,Setembro,Nampula,Mogincual,65998.0
2023,Setembro,Nampula,Mogovolas,92795.0
2023,Setembro,Nampula,Moma,150857.0
2023,Setembro,Nampula,Monapo,132235.0
2023,Setembro,Nampula,Mossuril,62236.0
2023,Setembro,Nampula,Muecate,33678.0
2023,Setembro,Nampula,Murrupula,61133.0
2023,Setembro,Nampula,Nacala-Velha,36471.0
2023,Setembro,Nampula,Nacaroa,43408.0
2023,Setembro,Nampula,Namapa-Erati,77676.0
2023,Setembro,Nampula,Rapale-Nampula,68216.0
2023,Setembro,Nampula,Ribaué,95623.0
2023,Setembro,Niassa,Chimbunhila,16966.0
2023,Setembro,Niassa,Cidade de Lichinga,234513.0
2023,Setembro,Niassa,Cuamba,149229.0
2023,Setembro,Niassa,Lago,38394.0
2023,Setembro,Niassa,Mandimba,78533.0
2023,Setembro,Niassa,Manjune,14524.0
2023,Setembro,Niassa,Marrupa,31385.0
2023,Setembro,Niassa,Mavago,11633.0
2023,Setembro,Niassa,Maúa,25198.0
2023,Setembro,Niassa,Mecanhelas,60831.0
2023,Setembro,Niassa,Mecula,8231.0
2023,Setembro,Niassa,Metarica,26528.0
2023,Setembro,Niassa,Muembe,15161.0
2023,Setembro,Niassa,Nipepe,16531.0
2023,Setembro,Niassa,N´gauma,15164.0
2023,Setembro,Niassa,Sanga,34304.0
2023,Setembro,Província de Maputo,Boane,280883.0
2023,Setembro,Província de Maputo,Cidade da Matola,1324668.0
2023,Setembro,Província de Maputo,Cidade de Maputo,1517154.0
2023,Setembro,Província de Maputo,Magude,35734.0
2023,Setembro,Província de Maputo,Manhiça,175430.0
2023,Setembro,Província de Maputo,Marracuene,307326.0
2023,Setembro,Província de Maputo,Matutuíne,46671.0
2023,Setembro,Província de Maputo,Moamba,123577.0
2023,Setembro,Província de Maputo,Namaacha,43014.0
2023,Setembro,Sofala,Buzi,53901.0
2023,Setembro,Sofala,Caia,96357.0
2023,Setembro,Sofala,Chemba,27850.0
2023,Setembro,Sofala,Cheringoma,26605.0
2023,Setembro,Sofala,Chibabava,29971.0
2023,Setembro,Sofala,Cidade da Beira,672354.0
2023,Setembro,Sofala,Dondo,167347.0
2023,Setembro,Sofala,Gorongoza,76256.0
2023,Setembro,Sofala,Machanga,15178.0
2023,Setembro,Sofala,Maringue,53286.0
2023,Setembro,Sofala,Marromeu,72473.0
2023,Setembro,Sofala,Muanza,15766.0
2023,Setembro,Sofala,Nhamatanda,148159.0
2023,Setembro,Tete,Angónia,91963.0
2023,Setembro,Tete,Cahora-Bassa,74383.0
2023,Setembro,Tete,Changara,63558.0
2023,Setembro,Tete,Chifunde,16986.0
2023,Setembro,Tete,Chiuta,20003.0
2023,Setembro,Tete,Cidade de Tete,419871.0
2023,Setembro,Tete,Doa,19789.0
2023,Setembro,Tete,Macanga,42893.0
2023,Setembro,Tete,Marara,37001.0
2023,Setembro,Tete,Maravia,7806.0
2023,Setembro,Tete,Moatize,154703.0
2023,Setembro,Tete,Mutarara,50399.0
2023,Setembro,Tete,Mágoe,27795.0
2023,Setembro,Tete,Tsangano,34970.0
2023,Setembro,Tete,Zumbo,8545.0
2023,Setembro,Zambézia,Alto Molócuè,112414.0
2023,Setembro,Zambézia,Chinde,17087.0
2023,Setembro,Zambézia,Cidade de Quelimane,383410.0
2023,Setembro,Zambézia,Derre,9605.0
2023,Setembro,Zambézia,Gilé,67139.0
2023,Setembro,Zambézia,Gurúè,154905.0
2023,Setembro,Zambézia,Ile,61543.0
2023,Setembro,Zambézia,Inhassunge,20315.0
2023,Setembro,Zambézia,Luabo,11376.0
2023,Setembro,Zambézia,Lugela,43003.0
2023,Setembro,Zambézia,Maganja da Costa,65040.0
2023,Setembro,Zambézia,Milange,163446.0
2023,Setembro,Zambézia,Mocuba,232425.0
2023,Setembro,Zambézia,Mocubela,17437.0
2023,Setembro,Zambézia,Molumbo,63095.0
2023,Setembro,Zambézia,Mopeia,58549.0
2023,Setembro,Zambézia,Morrumbala,92588.0
2023,Setembro,Zambézia,Mulevala,43849.0
2023,Setembro,Zambézia,Namacurra,61772.0
2023,Setembro,Zambézia,Namarroi,37788.0
2023,Setembro,Zambézia,Nicoadala,105116.0
2023,Setembro,Zambézia,Pebane,64516.0
2024,Abril,Cabo Delgado,Ancuabe,65329.0
2024,Abril,Cabo Delgado,Balama,44961.0
2024,Abril,Cabo Delgado,Chiúre,87413.0
2024,Abril,Cabo Delgado,Cidade de Pemba,276682.0
2024,Abril,Cabo Delgado,Ibo,7290.0
2024,Abril,Cabo Delgado,Macomia,33069.0
2024,Abril,Cabo Delgado,Mecufi,20865.0
2024,Abril,Cabo Delgado,Meluco,13426.0
2024,Abril,Cabo Delgado,Mocimboa da Praia,66217.0
2024,Abril,Cabo Delgado,Montepuez,161360.0
2024,Abril,Cabo Delgado,Mueda,106690.0
2024,Abril,Cabo Delgado,Muidumbe,12823.0
2024,Abril,Cabo Delgado,Namuno,39351.0
2024,Abril,Cabo Delgado,Nangade,30922.0
2024,Abril,Cabo Delgado,Palma,56641.0
2024,Abril,Cabo Delgado,Pemba-Metuge,62409.0
2024,Abril,Cabo Delgado,Quissanga,10598.0
2024,Abril,Gaza,Bilene-Macia,143437.0
2024,Abril,Gaza,Chibuto,122299.0
2024,Abril,Gaza,Chicualacuala,10907.0
2024,Abril,Gaza,Chigubo,6522.0
2024,Abril,Gaza,Chonguene,82493.0
2024,Abril,Gaza,Chókwè,131165.0
2024,Abril,Gaza,Cidade de Xai-Xai,158827.0
2024,Abril,Gaza,Guijá,40413.0
2024,Abril,Gaza,Limpopo,87869.0
2024,Abril,Gaza,Mabalane,13976.0
2024,Abril,Gaza,Manjacaze,83590.0
2024,Abril,Gaza,Mapai,15599.0
2024,Abril,Gaza,Massangena,6305.0
2024,Abril,Gaza,Massingir,11393.0
2024,Abril,Inhambane,Cidade de Inhambane,92777.0
2024,Abril,Inhambane,Cidade de Maxixe,133395.0
2024,Abril,Inhambane,Funhaloro,15284.0
2024,Abril,Inhambane,Govuro,27175.0
2024,Abril,Inhambane,Homoine,50666.0
2024,Abril,Inhambane,Inharrime,73488.0
2024,Abril,Inhambane,Inhassoro,50261.0
2024,Abril,Inhambane,Jangamo,63685.0
2024,Abril,Inhambane,Mabote,19848.0
2024,Abril,Inhambane,Massinga,145517.0
2024,Abril,Inhambane,Morrumbene,71555.0
2024,Abril,Inhambane,Panda,24895.0
2024,Abril,Inhambane,Vilankulo,118767.0
2024,Abril,Inhambane,Zavala (Quissico),97631.0
2024,Abril,Manica,Bárue,112868.0
2024,Abril,Manica,Cidade de Chimoio,456202.0
2024,Abril,Manica,Gondola,152304.0
2024,Abril,Manica,Guro,50197.0
2024,Abril,Manica,Macate,23374.0
2024,Abril,Manica,Machaze,29350.0
2024,Abril,Manica,Macossa,16683.0
2024,Abril,Manica,Manica,173664.0
2024,Abril,Manica,Mossurize,33922.0
2024,Abril,Manica,Sussundenga,94870.0
2024,Abril,Manica,Tambara,22711.0
2024,Abril,Manica,Vanduzi,81374.0
2024,Abril,Nampula,Angoche,291847.0
2024,Abril,Nampula,Cidade de Nacala-Porto,413747.0
2024,Abril,Nampula,Cidade de Nampula,1282986.0
2024,Abril,Nampula,Ilha de Moçambique,56382.0
2024,Abril,Nampula,Lalaua,18394.0
2024,Abril,Nampula,Larde,7815.0
2024,Abril,Nampula,Liupo,4912.0
2024,Abril,Nampula,Malema,71997.0
2024,Abril,Nampula,Meconta (Namialo),303153.0
2024,Abril,Nampula,Mecuburi,46931.0
2024,Abril,Nampula,Memba,91045.0
2024,Abril,Nampula,Mogincual,67325.0
2024,Abril,Nampula,Mogovolas,97763.0
2024,Abril,Nampula,Moma,158741.0
2024,Abril,Nampula,Monapo,141523.0
2024,Abril,Nampula,Mossuril,72680.0
2024,Abril,Nampula,Muecate,35617.0
2024,Abril,Nampula,Murrupula,69169.0
2024,Abril,Nampula,Nacala-Velha,44227.0
2024,Abril,Nampula,Nacaroa,43803.0
2024,Abril,Nampula,Namapa-Erati,83461.0
2024,Abril,Nampula,Rapale-Nampula,83765.0
2024,Abril,Nampula,Ribaué,94751.0
2024,Abril,Niassa,Chimbunhila,21813.0
2024,Abril,Niassa,Cidade de Lichinga,266565.0
2024,Abril,Niassa,Cuamba,162506.0
2024,Abril,Niassa,Lago,39594.0
2024,Abril,Niassa,Mandimba,111528.0
2024,Abril,Niassa,Manjune,16289.0
2024,Abril,Niassa,Marrupa,35037.0
2024,Abril,Niassa,Mavago,10001.0
2024,Abril,Niassa,Maúa,27675.0
2024,Abril,Niassa,Mecanhelas,65585.0
2024,Abril,Niassa,Mecula,7085.0
2024,Abril,Niassa,Metarica,20794.0
2024,Abril,Niassa,Muembe,15905.0
2024,Abril,Niassa,Nipepe,17068.0
2024,Abril,Niassa,N´gauma,18473.0
2024,Abril,Niassa,Sanga,37469.0
2024,Abril,Província de Maputo,Boane,299012.0
2024,Abril,Província de Maputo,Cidade da Matola,1304279.0
2024,Abril,Província de Maputo,Cidade de Maputo,1640358.0
2024,Abril,Província de Maputo,Magude,37973.0
2024,Abril,Província de Maputo,Manhiça,187475.0
2024,Abril,Província de Maputo,Marracuene,330549.0
2024,Abril,Província de Maputo,Matutuíne,48315.0
2024,Abril,Província de Maputo,Moamba,120634.0
2024,Abril,Província de Maputo,Namaacha,42426.0
2024,Abril,Sofala,Buzi,59887.0
2024,Abril,Sofala,Caia,95445.0
2024,Abril,Sofala,Chemba,26901.0
2024,Abril,Sofala,Cheringoma,26635.0
2024,Abril,Sofala,Chibabava,32324.0
2024,Abril,Sofala,Cidade da Beira,676854.0
2024,Abril,Sofala,Dondo,179585.0
2024,Abril,Sofala,Gorongoza,85116.0
2024,Abril,Sofala,Machanga,16056.0
2024,Abril,Sofala,Maringue,48386.0
2024,Abril,Sofala,Marromeu,74871.0
2024,Abril,Sofala,Muanza,15254.0
2024,Abril,Sofala,Nhamatanda,174986.0
2024,Abril,Tete,Angónia,109342.0
2024,Abril,Tete,Cahora-Bassa,80158.0
2024,Abril,Tete,Changara,69166.0
2024,Abril,Tete,Chifunde,15803.0
2024,Abril,Tete,Chiuta,26388.0
2024,Abril,Tete,Cidade de Tete,421048.0
2024,Abril,Tete,Doa,19591.0
2024,Abril,Tete,Macanga,44818.0
2024,Abril,Tete,Marara,44669.0
2024,Abril,Tete,Maravia,9184.0
2024,Abril,Tete,Moatize,180174.0
2024,Abril,Tete,Mutarara,50196.0
2024,Abril,Tete,Mágoe,29863.0
2024,Abril,Tete,Tsangano,45758.0
2024,Abril,Tete,Zumbo,8315.0
2024,Abril,Zambézia,Alto Molócuè,126812.0
2024,Abril,Zambézia,Chinde,18047.0
2024,Abril,Zambézia,Cidade de Quelimane,401155.0
2024,Abril,Zambézia,Derre,10366.0
2024,Abril,Zambézia,Gilé,76149.0
2024,Abril,Zambézia,Gurúè,177331.0
2024,Abril,Zambézia,Ile,70449.0
2024,Abril,Zambézia,Inhassunge,23243.0
2024,Abril,Zambézia,Luabo,12327.0
2024,Abril,Zambézia,Lugela,51259.0
2024,Abril,Zambézia,Maganja da Costa,76465.0
2024,Abril,Zambézia,Milange,212411.0
2024,Abril,Zambézia,Mocuba,262269.0
2024,Abril,Zambézia,Mocubela,19475.0
2024,Abril,Zambézia,Molumbo,70689.0
2024,Abril,Zambézia,Mopeia,64007.0
2024,Abril,Zambézia,Morrumbala,118805.0
2024,Abril,Zambézia,Mulevala,53077.0
2024,Abril,Zambézia,Namacurra,72397.0
2024,Abril,Zambézia,Namarroi,41262.0
2024,Abril,Zambézia,Nicoadala,120196.0
2024,Abril,Zambézia,Pebane,79739.0
2024,Agosto,Cabo Delgado,Ancuabe,74935.0
2024,Agosto,Cabo Delgado,Balama,52620.0
2024,Agosto,Cabo Delgado,Chiúre,107942.0
2024,Agosto,Cabo Delgado,Cidade de Pemba,301591.0
2024,Agosto,Cabo Delgado,Ibo,8513.0
2024,Agosto,Cabo Delgado,Macomia,32714.0
2024,Agosto,Cabo Delgado,Mecufi,23800.0
2024,Agosto,Cabo Delgado,Meluco,13531.0
2024,Agosto,Cabo Delgado,Mocimboa da Praia,70430.0
2024,Agosto,Cabo Delgado,Montepuez,168335.0
2024,Agosto,Cabo Delgado,Mueda,112877.0
2024,Agosto,Cabo Delgado,Muidumbe,19559.0
2024,Agosto,Cabo Delgado,Namuno,53605.0
2024,Agosto,Cabo Delgado,Nangade,35255.0
2024,Agosto,Cabo Delgado,Palma,64902.0
2024,Agosto,Cabo Delgado,Pemba-Metuge,72062.0
2024,Agosto,Cabo Delgado,Quissanga,10099.0
2024,Agosto,Gaza,Bilene-Macia,146231.0
2024,Agosto,Gaza,Chibuto,122380.0
2024,Agosto,Gaza,Chicualacuala,13278.0
2024,Agosto,Gaza,Chigubo,7765.0
2024,Agosto,Gaza,Chonguene,83167.0
2024,Agosto,Gaza,Chókwè,135634.0
2024,Agosto,Gaza,Cidade de Xai-Xai,168638.0
2024,Agosto,Gaza,Guijá,42677.0
2024,Agosto,Gaza,Limpopo,83682.0
2024,Agosto,Gaza,Mabalane,15460.0
2024,Agosto,Gaza,Manjacaze,91620.0
2024,Agosto,Gaza,Mapai,17370.0
2024,Agosto,Gaza,Massangena,7275.0
2024,Agosto,Gaza,Massingir,12307.0
2024,Agosto,Inhambane,Cidade de Inhambane,98670.0
2024,Agosto,Inhambane,Cidade de Maxixe,135188.0
2024,Agosto,Inhambane,Funhaloro,15854.0
2024,Agosto,Inhambane,Govuro,30976.0
2024,Agosto,Inhambane,Homoine,53821.0
2024,Agosto,Inhambane,Inharrime,75026.0
2024,Agosto,Inhambane,Inhassoro,53356.0
2024,Agosto,Inhambane,Jangamo,64450.0
2024,Agosto,Inhambane,Mabote,21590.0
2024,Agosto,Inhambane,Massinga,149415.0
2024,Agosto,Inhambane,Morrumbene,66760.0
2024,Agosto,Inhambane,Panda,24661.0
2024,Agosto,Inhambane,Vilankulo,128418.0
2024,Agosto,Inhambane,Zavala (Quissico),95115.0
2024,Agosto,Manica,Bárue,122558.0
2024,Agosto,Manica,Cidade de Chimoio,492455.0
2024,Agosto,Manica,Gondola,154357.0
2024,Agosto,Manica,Guro,51204.0
2024,Agosto,Manica,Macate,25681.0
2024,Agosto,Manica,Machaze,32059.0
2024,Agosto,Manica,Macossa,18892.0
2024,Agosto,Manica,Manica,175023.0
2024,Agosto,Manica,Mossurize,38346.0
2024,Agosto,Manica,Sussundenga,91658.0
2024,Agosto,Manica,Tambara,22053.0
2024,Agosto,Manica,Vanduzi,85847.0
2024,Agosto,Nampula,Angoche,283748.0
2024,Agosto,Nampula,Cidade de Nacala-Porto,419766.0
2024,Agosto,Nampula,Cidade de Nampula,1276270.0
2024,Agosto,Nampula,Ilha de Moçambique,57344.0
2024,Agosto,Nampula,Lalaua,24964.0
2024,Agosto,Nampula,Larde,5180.0
2024,Agosto,Nampula,Liupo,5126.0
2024,Agosto,Nampula,Malema,78643.0
2024,Agosto,Nampula,Meconta (Namialo),298301.0
2024,Agosto,Nampula,Mecuburi,57731.0
2024,Agosto,Nampula,Memba,101757.0
2024,Agosto,Nampula,Mogincual,78434.0
2024,Agosto,Nampula,Mogovolas,109604.0
2024,Agosto,Nampula,Moma,176263.0
2024,Agosto,Nampula,Monapo,154850.0
2024,Agosto,Nampula,Mossuril,71473.0
2024,Agosto,Nampula,Muecate,46289.0
2024,Agosto,Nampula,Murrupula,75504.0
2024,Agosto,Nampula,Nacala-Velha,47512.0
2024,Agosto,Nampula,Nacaroa,48082.0
2024,Agosto,Nampula,Namapa-Erati,92222.0
2024,Agosto,Nampula,Rapale-Nampula,92704.0
2024,Agosto,Nampula,Ribaué,104103.0
2024,Agosto,Niassa,Chimbunhila,28515.0
2024,Agosto,Niassa,Cidade de Lichinga,289688.0
2024,Agosto,Niassa,Cuamba,167363.0
2024,Agosto,Niassa,Lago,45858.0
2024,Agosto,Niassa,Mandimba,100688.0
2024,Agosto,Niassa,Manjune,20164.0
2024,Agosto,Niassa,Marrupa,36739.0
2024,Agosto,Niassa,Mavago,13203.0
2024,Agosto,Niassa,Maúa,34357.0
2024,Agosto,Niassa,Mecanhelas,71065.0
2024,Agosto,Niassa,Mecula,7841.0
2024,Agosto,Niassa,Metarica,23296.0
2024,Agosto,Niassa,Muembe,21672.0
2024,Agosto,Niassa,Nipepe,21023.0
2024,Agosto,Niassa,N´gauma,22090.0
2024,Agosto,Niassa,Sanga,46708.0
2024,Agosto,Província de Maputo,Boane,307387.0
2024,Agosto,Província de Maputo,Cidade da Matola,1404948.0
2024,Agosto,Província de Maputo,Cidade de Maputo,1796843.0
2024,Agosto,Província de Maputo,Magude,38917.0
2024,Agosto,Província de Maputo,Manhiça,188532.0
2024,Agosto,Província de Maputo,Marracuene,338207.0
2024,Agosto,Província de Maputo,Matutuíne,48718.0
2024,Agosto,Província de Maputo,Moamba,125890.0
2024,Agosto,Província de Maputo,Namaacha,41443.0
2024,Agosto,Sofala,Buzi,61925.0
2024,Agosto,Sofala,Caia,94959.0
2024,Agosto,Sofala,Chemba,30479.0
2024,Agosto,Sofala,Cheringoma,29392.0
2024,Agosto,Sofala,Chibabava,33525.0
2024,Agosto,Sofala,Cidade da Beira,743538.0
2024,Agosto,Sofala,Dondo,187757.0
2024,Agosto,Sofala,Gorongoza,96794.0
2024,Agosto,Sofala,Machanga,17539.0
2024,Agosto,Sofala,Maringue,56471.0
2024,Agosto,Sofala,Marromeu,79070.0
2024,Agosto,Sofala,Muanza,18381.0
2024,Agosto,Sofala,Nhamatanda,165652.0
2024,Agosto,Tete,Angónia,121951.0
2024,Agosto,Tete,Cahora-Bassa,87148.0
2024,Agosto,Tete,Changara,69644.0
2024,Agosto,Tete,Chifunde,18687.0
2024,Agosto,Tete,Chiuta,27925.0
2024,Agosto,Tete,Cidade de Tete,463062.0
2024,Agosto,Tete,Doa,21715.0
2024,Agosto,Tete,Macanga,57715.0
2024,Agosto,Tete,Marara,44919.0
2024,Agosto,Tete,Maravia,9454.0
2024,Agosto,Tete,Moatize,181570.0
2024,Agosto,Tete,Mutarara,49598.0
2024,Agosto,Tete,Mágoe,31046.0
2024,Agosto,Tete,Tsangano,54245.0
2024,Agosto,Tete,Zumbo,9112.0
2024,Agosto,Zambézia,Alto Molócuè,145518.0
2024,Agosto,Zambézia,Chinde,21180.0
2024,Agosto,Zambézia,Cidade de Quelimane,387836.0
2024,Agosto,Zambézia,Derre,12217.0
2024,Agosto,Zambézia,Gilé,82714.0
2024,Agosto,Zambézia,Gurúè,198732.0
2024,Agosto,Zambézia,Ile,79413.0
2024,Agosto,Zambézia,Inhassunge,27912.0
2024,Agosto,Zambézia,Luabo,12343.0
2024,Agosto,Zambézia,Lugela,62443.0
2024,Agosto,Zambézia,Maganja da Costa,84297.0
2024,Agosto,Zambézia,Milange,220774.0
2024,Agosto,Zambézia,Mocuba,274840.0
2024,Agosto,Zambézia,Mocubela,18321.0
2024,Agosto,Zambézia,Molumbo,98802.0
2024,Agosto,Zambézia,Mopeia,72595.0
2024,Agosto,Zambézia,Morrumbala,132087.0
2024,Agosto,Zambézia,Mulevala,58225.0
2024,Agosto,Zambézia,Namacurra,75926.0
2024,Agosto,Zambézia,Namarroi,58086.0
2024,Agosto,Zambézia,Nicoadala,126919.0
2024,Agosto,Zambézia,Pebane,90078.0
2024,Dezembro,Cabo Delgado,Ancuabe,93406.0
2024,Dezembro,Cabo Delgado,Balama,65833.0
2024,Dezembro,Cabo Delgado,Chiúre,113089.0
2024,Dezembro,Cabo Delgado,Cidade de Pemba,307161.0
2024,Dezembro,Cabo Delgado,Ibo,8791.0
2024,Dezembro,Cabo Delgado,Macomia,36821.0
2024,Dezembro,Cabo Delgado,Mecufi,20819.1
2024,Dezembro,Cabo Delgado,Meluco,12298.0
2024,Dezembro,Cabo Delgado,Mocimboa da Praia,80328.0
2024,Dezembro,Cabo Delgado,Montepuez,186077.0
2024,Dezembro,Cabo Delgado,Mueda,121186.0
2024,Dezembro,Cabo Delgado,Muidumbe,20887.0
2024,Dezembro,Cabo Delgado,Namuno,58420.0
2024,Dezembro,Cabo Delgado,Nangade,41472.0
2024,Dezembro,Cabo Delgado,Palma,60924.0
2024,Dezembro,Cabo Delgado,Pemba-Metuge,75500.0
2024,Dezembro,Cabo Delgado,Quissanga,11440.0
2024,Dezembro,Gaza,Bilene-Macia,184978.78
2024,Dezembro,Gaza,Chibuto,152790.32
2024,Dezembro,Gaza,Chicualacuala,16335.0
2024,Dezembro,Gaza,Chigubo,9323.34
2024,Dezembro,Gaza,Chonguene,100839.0
2024,Dezembro,Gaza,Chókwè,159680.0
2024,Dezembro,Gaza,Cidade de Xai-Xai,176241.0
2024,Dezembro,Gaza,Guijá,46896.02
2024,Dezembro,Gaza,Limpopo,89514.0
2024,Dezembro,Gaza,Mabalane,16979.7
2024,Dezembro,Gaza,Manjacaze,103212.2
2024,Dezembro,Gaza,Mapai,20566.0
2024,Dezembro,Gaza,Massangena,8339.15
2024,Dezembro,Gaza,Massingir,13754.0
2024,Dezembro,Inhambane,Cidade de Inhambane,113505.0
2024,Dezembro,Inhambane,Cidade de Maxixe,149906.0
2024,Dezembro,Inhambane,Funhaloro,18876.0
2024,Dezembro,Inhambane,Govuro,34020.65
2024,Dezembro,Inhambane,Homoine,59016.35
2024,Dezembro,Inhambane,Inharrime,90664.35
2024,Dezembro,Inhambane,Inhassoro,55984.0
2024,Dezembro,Inhambane,Jangamo,68867.75
2024,Dezembro,Inhambane,Mabote,23992.0
2024,Dezembro,Inhambane,Massinga,169488.7
2024,Dezembro,Inhambane,Morrumbene,72212.1
2024,Dezembro,Inhambane,Panda,26282.0
2024,Dezembro,Inhambane,Vilankulo,133323.0
2024,Dezembro,Inhambane,Zavala (Quissico),103032.79999999999
2024,Dezembro,Manica,Bárue,136772.0
2024,Dezembro,Manica,Cidade de Chimoio,532927.0
2024,Dezembro,Manica,Gondola,171284.0
2024,Dezembro,Manica,Guro,54163.0
2024,Dezembro,Manica,Macate,28348.0
2024,Dezembro,Manica,Machaze,36252.0
2024,Dezembro,Manica,Macossa,19387.0
2024,Dezembro,Manica,Manica,189253.0
2024,Dezembro,Manica,Mossurize,41717.0
2024,Dezembro,Manica,Sussundenga,93519.0
2024,Dezembro,Manica,Tambara,23722.0
2024,Dezembro,Manica,Vanduzi,102332.0
2024,Dezembro,Nampula,Angoche,370748.0
2024,Dezembro,Nampula,Cidade de Nacala-Porto,443330.0
2024,Dezembro,Nampula,Cidade de Nampula,1314402.0
2024,Dezembro,Nampula,Ilha de Moçambique,67316.44
2024,Dezembro,Nampula,Lalaua,25765.0
2024,Dezembro,Nampula,Larde,6110.0
2024,Dezembro,Nampula,Liupo,8948.0
2024,Dezembro,Nampula,Malema,82515.0
2024,Dezembro,Nampula,Meconta (Namialo),353661.0
2024,Dezembro,Nampula,Mecuburi,61228.0
2024,Dezembro,Nampula,Memba,108568.0
2024,Dezembro,Nampula,Mogincual,88372.0
2024,Dezembro,Nampula,Mogovolas,135576.0
2024,Dezembro,Nampula,Moma,199575.0
2024,Dezembro,Nampula,Monapo,177151.0
2024,Dezembro,Nampula,Mossuril,78914.08
2024,Dezembro,Nampula,Muecate,58046.0
2024,Dezembro,Nampula,Murrupula,92328.0
2024,Dezembro,Nampula,Nacala-Velha,48671.0
2024,Dezembro,Nampula,Nacaroa,54501.0
2024,Dezembro,Nampula,Namapa-Erati,92132.0
2024,Dezembro,Nampula,Rapale-Nampula,109727.0
2024,Dezembro,Nampula,Ribaué,115676.0
2024,Dezembro,Niassa,Chimbunhila,37475.0
2024,Dezembro,Niassa,Cidade de Lichinga,315181.0
2024,Dezembro,Niassa,Cuamba,186740.0
2024,Dezembro,Niassa,Lago,55979.0
2024,Dezembro,Niassa,Mandimba,113408.0
2024,Dezembro,Niassa,Manjune,23743.0
2024,Dezembro,Niassa,Marrupa,40118.0
2024,Dezembro,Niassa,Mavago,13966.0
2024,Dezembro,Niassa,Maúa,41774.0
2024,Dezembro,Niassa,Mecanhelas,74975.0
2024,Dezembro,Niassa,Mecula,8589.0
2024,Dezembro,Niassa,Metarica,28448.0
2024,Dezembro,Niassa,Muembe,25805.0
2024,Dezembro,Niassa,Nipepe,22504.0
2024,Dezembro,Niassa,N´gauma,23730.0
2024,Dezembro,Niassa,Sanga,53662.0
2024,Dezembro,Província de Maputo,Boane,360919.0
2024,Dezembro,Província de Maputo,Cidade da Matola,1503016.0
2024,Dezembro,Província de Maputo,Cidade de Maputo,1902959.0
2024,Dezembro,Província de Maputo,Magude,42662.0
2024,Dezembro,Província de Maputo,Manhiça,206646.0
2024,Dezembro,Província de Maputo,Marracuene,318342.0
2024,Dezembro,Província de Maputo,Matutuíne,49678.0
2024,Dezembro,Província de Maputo,Moamba,136767.0
2024,Dezembro,Província de Maputo,Namaacha,37994.0
2024,Dezembro,Sofala,Buzi,70707.0
2024,Dezembro,Sofala,Caia,131291.0
2024,Dezembro,Sofala,Chemba,34099.0
2024,Dezembro,Sofala,Cheringoma,32688.0
2024,Dezembro,Sofala,Chibabava,44821.0
2024,Dezembro,Sofala,Cidade da Beira,816084.0
2024,Dezembro,Sofala,Dondo,208004.0
2024,Dezembro,Sofala,Gorongoza,106296.0
2024,Dezembro,Sofala,Machanga,18282.0
2024,Dezembro,Sofala,Maringue,60037.0
2024,Dezembro,Sofala,Marromeu,87768.0
2024,Dezembro,Sofala,Muanza,18304.0
2024,Dezembro,Sofala,Nhamatanda,165961.0
2024,Dezembro,Tete,Angónia,164188.2
2024,Dezembro,Tete,Cahora-Bassa,102376.0
2024,Dezembro,Tete,Changara,81947.0
2024,Dezembro,Tete,Chifunde,23796.0
2024,Dezembro,Tete,Chiuta,35816.0
2024,Dezembro,Tete,Cidade de Tete,477692.0
2024,Dezembro,Tete,Doa,23292.0
2024,Dezembro,Tete,Macanga,68490.0
2024,Dezembro,Tete,Marara,45265.74
2024,Dezembro,Tete,Maravia,11424.74
2024,Dezembro,Tete,Moatize,203317.0
2024,Dezembro,Tete,Mutarara,52808.0
2024,Dezembro,Tete,Mágoe,34633.0
2024,Dezembro,Tete,Tsangano,62823.0
2024,Dezembro,Tete,Zumbo,9097.13
2024,Dezembro,Zambézia,Alto Molócuè,175498.0
2024,Dezembro,Zambézia,Chinde,25183.0
2024,Dezembro,Zambézia,Cidade de Quelimane,410938.0
2024,Dezembro,Zambézia,Derre,15131.0
2024,Dezembro,Zambézia,Gilé,92848.0
2024,Dezembro,Zambézia,Gurúè,209018.0
2024,Dezembro,Zambézia,Ile,85347.0
2024,Dezembro,Zambézia,Inhassunge,34114.8
2024,Dezembro,Zambézia,Luabo,13816.8
2024,Dezembro,Zambézia,Lugela,80772.0
2024,Dezembro,Zambézia,Maganja da Costa,97975.0
2024,Dezembro,Zambézia,Milange,247989.0
2024,Dezembro,Zambézia,Mocuba,304368.0
2024,Dezembro,Zambézia,Mocubela,19219.0
2024,Dezembro,Zambézia,Molumbo,88760.0
2024,Dezembro,Zambézia,Mopeia,82123.0
2024,Dezembro,Zambézia,Morrumbala,145218.0
2024,Dezembro,Zambézia,Mulevala,67659.0
2024,Dezembro,Zambézia,Namacurra,87895.34
2024,Dezembro,Zambézia,Namarroi,59628.0
2024,Dezembro,Zambézia,Nicoadala,142966.0
2024,Dezembro,Zambézia,Pebane,103725.0
2024,Fevereiro,Cabo Delgado,Ancuabe,60987.0
2024,Fevereiro,Cabo Delgado,Balama,43188.0
2024,Fevereiro,Cabo Delgado,Chiúre,81098.0
2024,Fevereiro,Cabo Delgado,Cidade de Pemba,289728.0
2024,Fevereiro,Cabo Delgado,Ibo,8404.0
2024,Fevereiro,Cabo Delgado,Macomia,31115.0
2024,Fevereiro,Cabo Delgado,Mecufi,19338.0
2024,Fevereiro,Cabo Delgado,Meluco,12682.0
2024,Fevereiro,Cabo Delgado,Mocimboa da Praia,62624.0
2024,Fevereiro,Cabo Delgado,Montepuez,151168.0
2024,Fevereiro,Cabo Delgado,Mueda,103099.0
2024,Fevereiro,Cabo Delgado,Muidumbe,13684.0
2024,Fevereiro,Cabo Delgado,Namuno,36544.0
2024,Fevereiro,Cabo Delgado,Nangade,29677.0
2024,Fevereiro,Cabo Delgado,Palma,53886.0
2024,Fevereiro,Cabo Delgado,Pemba-Metuge,57736.0
2024,Fevereiro,Cabo Delgado,Quissanga,11947.0
2024,Fevereiro,Gaza,Bilene-Macia,144839.0
2024,Fevereiro,Gaza,Chibuto,119809.0
2024,Fevereiro,Gaza,Chicualacuala,10590.0
2024,Fevereiro,Gaza,Chigubo,6136.0
2024,Fevereiro,Gaza,Chonguene,79253.0
2024,Fevereiro,Gaza,Chókwè,128838.0
2024,Fevereiro,Gaza,Cidade de Xai-Xai,166463.0
2024,Fevereiro,Gaza,Guijá,38787.0
2024,Fevereiro,Gaza,Limpopo,82994.0
2024,Fevereiro,Gaza,Mabalane,13679.0
2024,Fevereiro,Gaza,Manjacaze,87504.0
2024,Fevereiro,Gaza,Mapai,14744.0
2024,Fevereiro,Gaza,Massangena,5963.0
2024,Fevereiro,Gaza,Massingir,11274.0
2024,Fevereiro,Inhambane,Cidade de Inhambane,105968.0
2024,Fevereiro,Inhambane,Cidade de Maxixe,130982.0
2024,Fevereiro,Inhambane,Funhaloro,15163.0
2024,Fevereiro,Inhambane,Govuro,29410.0
2024,Fevereiro,Inhambane,Homoine,50699.0
2024,Fevereiro,Inhambane,Inharrime,72114.0
2024,Fevereiro,Inhambane,Inhassoro,49395.0
2024,Fevereiro,Inhambane,Jangamo,64822.0
2024,Fevereiro,Inhambane,Mabote,18474.0
2024,Fevereiro,Inhambane,Massinga,141854.0
2024,Fevereiro,Inhambane,Morrumbene,64462.0
2024,Fevereiro,Inhambane,Panda,24481.0
2024,Fevereiro,Inhambane,Vilankulo,122871.0
2024,Fevereiro,Inhambane,Zavala (Quissico),95521.0
2024,Fevereiro,Manica,Bárue,109607.0
2024,Fevereiro,Manica,Cidade de Chimoio,459214.0
2024,Fevereiro,Manica,Gondola,143191.0
2024,Fevereiro,Manica,Guro,48275.0
2024,Fevereiro,Manica,Macate,21999.0
2024,Fevereiro,Manica,Machaze,27656.0
2024,Fevereiro,Manica,Macossa,15757.0
2024,Fevereiro,Manica,Manica,163959.0
2024,Fevereiro,Manica,Mossurize,31552.0
2024,Fevereiro,Manica,Sussundenga,85766.0
2024,Fevereiro,Manica,Tambara,21524.0
2024,Fevereiro,Manica,Vanduzi,75070.0
2024,Fevereiro,Nampula,Angoche,276831.0
2024,Fevereiro,Nampula,Cidade de Nacala-Porto,405994.0
2024,Fevereiro,Nampula,Cidade de Nampula,1238927.0
2024,Fevereiro,Nampula,Ilha de Moçambique,57493.0
2024,Fevereiro,Nampula,Lalaua,16390.0
2024,Fevereiro,Nampula,Larde,3777.0
2024,Fevereiro,Nampula,Liupo,2945.0
2024,Fevereiro,Nampula,Malema,67804.0
2024,Fevereiro,Nampula,Meconta (Namialo),255332.0
2024,Fevereiro,Nampula,Mecuburi,43010.0
2024,Fevereiro,Nampula,Memba,78654.0
2024,Fevereiro,Nampula,Mogincual,64959.0
2024,Fevereiro,Nampula,Mogovolas,88046.0
2024,Fevereiro,Nampula,Moma,149869.0
2024,Fevereiro,Nampula,Monapo,128374.0
2024,Fevereiro,Nampula,Mossuril,70148.0
2024,Fevereiro,Nampula,Muecate,32994.0
2024,Fevereiro,Nampula,Murrupula,58436.0
2024,Fevereiro,Nampula,Nacala-Velha,40093.0
2024,Fevereiro,Nampula,Nacaroa,40643.0
2024,Fevereiro,Nampula,Namapa-Erati,73423.0
2024,Fevereiro,Nampula,Rapale-Nampula,73969.0
2024,Fevereiro,Nampula,Ribaué,91390.0
2024,Fevereiro,Niassa,Chimbunhila,17822.0
2024,Fevereiro,Niassa,Cidade de Lichinga,234393.0
2024,Fevereiro,Niassa,Cuamba,154295.0
2024,Fevereiro,Niassa,Lago,38378.0
2024,Fevereiro,Niassa,Mandimba,91397.0
2024,Fevereiro,Niassa,Manjune,13773.0
2024,Fevereiro,Niassa,Marrupa,33365.0
2024,Fevereiro,Niassa,Mavago,9872.0
2024,Fevereiro,Niassa,Maúa,26527.0
2024,Fevereiro,Niassa,Mecanhelas,58289.0
2024,Fevereiro,Niassa,Mecula,6831.0
2024,Fevereiro,Niassa,Metarica,20472.0
2024,Fevereiro,Niassa,Muembe,14876.0
2024,Fevereiro,Niassa,Nipepe,15413.0
2024,Fevereiro,Niassa,N´gauma,14594.0
2024,Fevereiro,Niassa,Sanga,35920.0
2024,Fevereiro,Província de Maputo,Boane,290264.0
2024,Fevereiro,Província de Maputo,Cidade da Matola,1368811.0
2024,Fevereiro,Província de Maputo,Cidade de Maputo,1608837.0
2024,Fevereiro,Província de Maputo,Magude,36691.0
2024,Fevereiro,Província de Maputo,Manhiça,181095.0
2024,Fevereiro,Província de Maputo,Marracuene,322708.0
2024,Fevereiro,Província de Maputo,Matutuíne,47972.0
2024,Fevereiro,Província de Maputo,Moamba,119408.0
2024,Fevereiro,Província de Maputo,Namaacha,41563.0
2024,Fevereiro,Sofala,Buzi,56214.0
2024,Fevereiro,Sofala,Caia,85929.0
2024,Fevereiro,Sofala,Chemba,26121.0
2024,Fevereiro,Sofala,Cheringoma,25125.0
2024,Fevereiro,Sofala,Chibabava,30734.0
2024,Fevereiro,Sofala,Cidade da Beira,706780.0
2024,Fevereiro,Sofala,Dondo,176151.0
2024,Fevereiro,Sofala,Gorongoza,79994.0
2024,Fevereiro,Sofala,Machanga,15595.0
2024,Fevereiro,Sofala,Maringue,47802.0
2024,Fevereiro,Sofala,Marromeu,70443.0
2024,Fevereiro,Sofala,Muanza,15081.0
2024,Fevereiro,Sofala,Nhamatanda,157949.0
2024,Fevereiro,Tete,Angónia,99298.0
2024,Fevereiro,Tete,Cahora-Bassa,77376.0
2024,Fevereiro,Tete,Changara,64300.0
2024,Fevereiro,Tete,Chifunde,14520.0
2024,Fevereiro,Tete,Chiuta,21251.0
2024,Fevereiro,Tete,Cidade de Tete,410028.0
2024,Fevereiro,Tete,Doa,18134.0
2024,Fevereiro,Tete,Macanga,40510.0
2024,Fevereiro,Tete,Marara,40798.0
2024,Fevereiro,Tete,Maravia,7584.0
2024,Fevereiro,Tete,Moatize,163013.0
2024,Fevereiro,Tete,Mutarara,46842.0
2024,Fevereiro,Tete,Mágoe,27633.0
2024,Fevereiro,Tete,Tsangano,39366.0
2024,Fevereiro,Tete,Zumbo,7614.0
2024,Fevereiro,Zambézia,Alto Molócuè,117750.0
2024,Fevereiro,Zambézia,Chinde,16768.0
2024,Fevereiro,Zambézia,Cidade de Quelimane,375503.0
2024,Fevereiro,Zambézia,Derre,8875.0
2024,Fevereiro,Zambézia,Gilé,68844.0
2024,Fevereiro,Zambézia,Gurúè,156837.0
2024,Fevereiro,Zambézia,Ile,64674.0
2024,Fevereiro,Zambézia,Inhassunge,22015.0
2024,Fevereiro,Zambézia,Luabo,10698.0
2024,Fevereiro,Zambézia,Lugela,44324.0
2024,Fevereiro,Zambézia,Maganja da Costa,70660.0
2024,Fevereiro,Zambézia,Milange,169921.0
2024,Fevereiro,Zambézia,Mocuba,237344.0
2024,Fevereiro,Zambézia,Mocubela,17956.0
2024,Fevereiro,Zambézia,Molumbo,54468.0
2024,Fevereiro,Zambézia,Mopeia,57939.0
2024,Fevereiro,Zambézia,Morrumbala,95349.0
2024,Fevereiro,Zambézia,Mulevala,44677.0
2024,Fevereiro,Zambézia,Namacurra,63672.0
2024,Fevereiro,Zambézia,Namarroi,35685.0
2024,Fevereiro,Zambézia,Nicoadala,108451.0
2024,Fevereiro,Zambézia,Pebane,71736.0
2024,Janeiro,Cabo Delgado,Ancuabe,60569.0
2024,Janeiro,Cabo Delgado,Balama,43740.0
2024,Janeiro,Cabo Delgado,Chiúre,80295.0
2024,Janeiro,Cabo Delgado,Cidade de Pemba,285769.0
2024,Janeiro,Cabo Delgado,Ibo,8499.0
2024,Janeiro,Cabo Delgado,Macomia,31176.0
2024,Janeiro,Cabo Delgado,Mecufi,19255.0
2024,Janeiro,Cabo Delgado,Meluco,13006.0
2024,Janeiro,Cabo Delgado,Mocimboa da Praia,61655.0
2024,Janeiro,Cabo Delgado,Montepuez,149125.0
2024,Janeiro,Cabo Delgado,Mueda,103217.0
2024,Janeiro,Cabo Delgado,Muidumbe,14327.0
2024,Janeiro,Cabo Delgado,Namuno,36247.0
2024,Janeiro,Cabo Delgado,Nangade,30120.0
2024,Janeiro,Cabo Delgado,Palma,51950.0
2024,Janeiro,Cabo Delgado,Pemba-Metuge,56695.0
2024,Janeiro,Cabo Delgado,Quissanga,12124.0
2024,Janeiro,Gaza,Bilene-Macia,146906.0
2024,Janeiro,Gaza,Chibuto,122184.0
2024,Janeiro,Gaza,Chicualacuala,10147.0
2024,Janeiro,Gaza,Chigubo,6014.0
2024,Janeiro,Gaza,Chonguene,80529.0
2024,Janeiro,Gaza,Chókwè,130261.0
2024,Janeiro,Gaza,Cidade de Xai-Xai,167148.0
2024,Janeiro,Gaza,Guijá,38270.0
2024,Janeiro,Gaza,Limpopo,86203.0
2024,Janeiro,Gaza,Mabalane,13465.0
2024,Janeiro,Gaza,Manjacaze,90160.0
2024,Janeiro,Gaza,Mapai,14506.0
2024,Janeiro,Gaza,Massangena,5956.0
2024,Janeiro,Gaza,Massingir,11004.0
2024,Janeiro,Inhambane,Cidade de Inhambane,106524.0
2024,Janeiro,Inhambane,Cidade de Maxixe,133038.0
2024,Janeiro,Inhambane,Funhaloro,15592.0
2024,Janeiro,Inhambane,Govuro,29136.0
2024,Janeiro,Inhambane,Homoine,52129.0
2024,Janeiro,Inhambane,Inharrime,74580.0
2024,Janeiro,Inhambane,Inhassoro,49209.0
2024,Janeiro,Inhambane,Jangamo,67260.0
2024,Janeiro,Inhambane,Mabote,18187.0
2024,Janeiro,Inhambane,Massinga,145954.0
2024,Janeiro,Inhambane,Morrumbene,67140.0
2024,Janeiro,Inhambane,Panda,25416.0
2024,Janeiro,Inhambane,Vilankulo,123515.0
2024,Janeiro,Inhambane,Zavala (Quissico),99879.0
2024,Janeiro,Manica,Bárue,108830.0
2024,Janeiro,Manica,Cidade de Chimoio,452302.0
2024,Janeiro,Manica,Gondola,43288.0
2024,Janeiro,Manica,Guro,46526.0
2024,Janeiro,Manica,Macate,21803.0
2024,Janeiro,Manica,Machaze,27565.0
2024,Janeiro,Manica,Macossa,15651.0
2024,Janeiro,Manica,Manica,160241.0
2024,Janeiro,Manica,Mossurize,31345.0
2024,Janeiro,Manica,Sussundenga,83808.0
2024,Janeiro,Manica,Tambara,21479.0
2024,Janeiro,Manica,Vanduzi,74705.0
2024,Janeiro,Nampula,Angoche,285411.0
2024,Janeiro,Nampula,Cidade de Nacala-Porto,405704.0
2024,Janeiro,Nampula,Cidade de Nampula,1216751.0
2024,Janeiro,Nampula,Ilha de Moçambique,57903.0
2024,Janeiro,Nampula,Lalaua,16750.0
2024,Janeiro,Nampula,Larde,3834.0
2024,Janeiro,Nampula,Liupo,2907.0
2024,Janeiro,Nampula,Malema,67923.0
2024,Janeiro,Nampula,Meconta (Namialo),249536.0
2024,Janeiro,Nampula,Mecuburi,43276.0
2024,Janeiro,Nampula,Memba,76265.0
2024,Janeiro,Nampula,Mogincual,65495.0
2024,Janeiro,Nampula,Mogovolas,91872.0
2024,Janeiro,Nampula,Moma,152813.0
2024,Janeiro,Nampula,Monapo,130300.0
2024,Janeiro,Nampula,Mossuril,70109.0
2024,Janeiro,Nampula,Muecate,33080.0
2024,Janeiro,Nampula,Murrupula,59720.0
2024,Janeiro,Nampula,Nacala-Velha,40778.0
2024,Janeiro,Nampula,Nacaroa,40936.0
2024,Janeiro,Nampula,Namapa-Erati,74008.0
2024,Janeiro,Nampula,Rapale-Nampula,74205.0
2024,Janeiro,Nampula,Ribaué,92556.0
2024,Janeiro,Niassa,Chimbunhila,17812.0
2024,Janeiro,Niassa,Cidade de Lichinga,233847.0
2024,Janeiro,Niassa,Cuamba,153576.0
2024,Janeiro,Niassa,Lago,38233.0
2024,Janeiro,Niassa,Mandimba,89551.0
2024,Janeiro,Niassa,Manjune,13857.0
2024,Janeiro,Niassa,Marrupa,33797.0
2024,Janeiro,Niassa,Mavago,10163.0
2024,Janeiro,Niassa,Maúa,26831.0
2024,Janeiro,Niassa,Mecanhelas,58927.0
2024,Janeiro,Niassa,Mecula,6771.0
2024,Janeiro,Niassa,Metarica,21442.0
2024,Janeiro,Niassa,Muembe,14973.0
2024,Janeiro,Niassa,Nipepe,16055.0
2024,Janeiro,Niassa,N´gauma,14337.0
2024,Janeiro,Niassa,Sanga,35853.0
2024,Janeiro,Província de Maputo,Boane,285766.0
2024,Janeiro,Província de Maputo,Cidade da Matola,1358584.0
2024,Janeiro,Província de Maputo,Cidade de Maputo,1556771.0
2024,Janeiro,Província de Maputo,Magude,36485.0
2024,Janeiro,Província de Maputo,Manhiça,180297.0
2024,Janeiro,Província de Maputo,Marracuene,319288.0
2024,Janeiro,Província de Maputo,Matutuíne,46061.0
2024,Janeiro,Província de Maputo,Moamba,109307.0
2024,Janeiro,Província de Maputo,Namaacha,39833.0
2024,Janeiro,Sofala,Buzi,55992.0
2024,Janeiro,Sofala,Caia,85628.0
2024,Janeiro,Sofala,Chemba,25861.0
2024,Janeiro,Sofala,Cheringoma,25970.0
2024,Janeiro,Sofala,Chibabava,30080.0
2024,Janeiro,Sofala,Cidade da Beira,703304.0
2024,Janeiro,Sofala,Dondo,175523.0
2024,Janeiro,Sofala,Gorongoza,80000.0
2024,Janeiro,Sofala,Machanga,15176.0
2024,Janeiro,Sofala,Maringue,48542.0
2024,Janeiro,Sofala,Marromeu,69833.0
2024,Janeiro,Sofala,Muanza,14985.0
2024,Janeiro,Sofala,Nhamatanda,151936.0
2024,Janeiro,Tete,Angónia,92510.0
2024,Janeiro,Tete,Cahora-Bassa,74758.0
2024,Janeiro,Tete,Changara,63783.0
2024,Janeiro,Tete,Chifunde,14094.0
2024,Janeiro,Tete,Chiuta,20994.0
2024,Janeiro,Tete,Cidade de Tete,401393.0
2024,Janeiro,Tete,Doa,18097.0
2024,Janeiro,Tete,Macanga,39705.0
2024,Janeiro,Tete,Marara,40785.0
2024,Janeiro,Tete,Maravia,7061.0
2024,Janeiro,Tete,Moatize,157683.0
2024,Janeiro,Tete,Mutarara,46928.0
2024,Janeiro,Tete,Mágoe,26843.0
2024,Janeiro,Tete,Tsangano,38922.0
2024,Janeiro,Tete,Zumbo,7536.0
2024,Janeiro,Zambézia,Alto Molócuè,117418.0
2024,Janeiro,Zambézia,Chinde,16354.0
2024,Janeiro,Zambézia,Cidade de Quelimane,372424.0
2024,Janeiro,Zambézia,Derre,8449.0
2024,Janeiro,Zambézia,Gilé,68947.0
2024,Janeiro,Zambézia,Gurúè,154141.0
2024,Janeiro,Zambézia,Ile,64161.0
2024,Janeiro,Zambézia,Inhassunge,21566.0
2024,Janeiro,Zambézia,Luabo,10191.0
2024,Janeiro,Zambézia,Lugela,44833.0
2024,Janeiro,Zambézia,Maganja da Costa,69416.0
2024,Janeiro,Zambézia,Milange,164388.0
2024,Janeiro,Zambézia,Mocuba,236355.0
2024,Janeiro,Zambézia,Mocubela,17594.0
2024,Janeiro,Zambézia,Molumbo,53495.0
2024,Janeiro,Zambézia,Mopeia,57625.0
2024,Janeiro,Zambézia,Morrumbala,94356.0
2024,Janeiro,Zambézia,Mulevala,44665.0
2024,Janeiro,Zambézia,Namacurra,62633.0
2024,Janeiro,Zambézia,Namarroi,35721.0
2024,Janeiro,Zambézia,Nicoadala,107899.0
2024,Janeiro,Zambézia,Pebane,71077.0
2024,Julho,Cabo Delgado,Ancuabe,72741.0
2024,Julho,Cabo Delgado,Balama,49754.0
2024,Julho,Cabo Delgado,Chiúre,103210.0
2024,Julho,Cabo Delgado,Cidade de Pemba,298374.0
2024,Julho,Cabo Delgado,Ibo,8363.0
2024,Julho,Cabo Delgado,Macomia,32464.0
2024,Julho,Cabo Delgado,Mecufi,23522.0
2024,Julho,Cabo Delgado,Meluco,12952.0
2024,Julho,Cabo Delgado,Mocimboa da Praia,69365.0
2024,Julho,Cabo Delgado,Montepuez,162027.0
2024,Julho,Cabo Delgado,Mueda,109552.0
2024,Julho,Cabo Delgado,Muidumbe,16529.0
2024,Julho,Cabo Delgado,Namuno,50461.0
2024,Julho,Cabo Delgado,Nangade,33592.0
2024,Julho,Cabo Delgado,Palma,64869.0
2024,Julho,Cabo Delgado,Pemba-Metuge,70759.0
2024,Julho,Cabo Delgado,Quissanga,9927.0
2024,Julho,Gaza,Bilene-Macia,146282.0
2024,Julho,Gaza,Chibuto,122017.0
2024,Julho,Gaza,Chicualacuala,12705.0
2024,Julho,Gaza,Chigubo,7443.0
2024,Julho,Gaza,Chonguene,81875.0
2024,Julho,Gaza,Chókwè,133872.0
2024,Julho,Gaza,Cidade de Xai-Xai,168000.0
2024,Julho,Gaza,Guijá,41620.0
2024,Julho,Gaza,Limpopo,84015.0
2024,Julho,Gaza,Mabalane,15077.0
2024,Julho,Gaza,Manjacaze,91232.0
2024,Julho,Gaza,Mapai,16926.0
2024,Julho,Gaza,Massangena,7200.0
2024,Julho,Gaza,Massingir,11966.0
2024,Julho,Inhambane,Cidade de Inhambane,98342.0
2024,Julho,Inhambane,Cidade de Maxixe,134445.0
2024,Julho,Inhambane,Funhaloro,15774.0
2024,Julho,Inhambane,Govuro,29348.0
2024,Julho,Inhambane,Homoine,53464.0
2024,Julho,Inhambane,Inharrime,75152.0
2024,Julho,Inhambane,Inhassoro,52385.0
2024,Julho,Inhambane,Jangamo,64503.0
2024,Julho,Inhambane,Mabote,21332.0
2024,Julho,Inhambane,Massinga,148197.0
2024,Julho,Inhambane,Morrumbene,66918.0
2024,Julho,Inhambane,Panda,25129.0
2024,Julho,Inhambane,Vilankulo,127794.0
2024,Julho,Inhambane,Zavala (Quissico),94439.0
2024,Julho,Manica,Bárue,118801.0
2024,Julho,Manica,Cidade de Chimoio,484556.0
2024,Julho,Manica,Gondola,152373.0
2024,Julho,Manica,Guro,50587.0
2024,Julho,Manica,Macate,24948.0
2024,Julho,Manica,Machaze,31026.0
2024,Julho,Manica,Macossa,18221.0
2024,Julho,Manica,Manica,173061.0
2024,Julho,Manica,Mossurize,35356.0
2024,Julho,Manica,Sussundenga,90828.0
2024,Julho,Manica,Tambara,21853.0
2024,Julho,Manica,Vanduzi,82993.0
2024,Julho,Nampula,Angoche,270584.0
2024,Julho,Nampula,Cidade de Nacala-Porto,415378.0
2024,Julho,Nampula,Cidade de Nampula,1260401.0
2024,Julho,Nampula,Ilha de Moçambique,57045.0
2024,Julho,Nampula,Lalaua,22406.0
2024,Julho,Nampula,Larde,5186.0
2024,Julho,Nampula,Liupo,5012.0
2024,Julho,Nampula,Malema,75621.0
2024,Julho,Nampula,Meconta (Namialo),281789.0
2024,Julho,Nampula,Mecuburi,55006.0
2024,Julho,Nampula,Memba,100284.0
2024,Julho,Nampula,Mogincual,76351.0
2024,Julho,Nampula,Mogovolas,104000.0
2024,Julho,Nampula,Moma,172016.0
2024,Julho,Nampula,Monapo,149895.0
2024,Julho,Nampula,Mossuril,70359.0
2024,Julho,Nampula,Muecate,41559.0
2024,Julho,Nampula,Murrupula,70173.0
2024,Julho,Nampula,Nacala-Velha,47025.0
2024,Julho,Nampula,Nacaroa,47720.0
2024,Julho,Nampula,Namapa-Erati,89741.0
2024,Julho,Nampula,Rapale-Nampula,89294.0
2024,Julho,Nampula,Ribaué,97839.0
2024,Julho,Niassa,Chimbunhila,26690.0
2024,Julho,Niassa,Cidade de Lichinga,281709.0
2024,Julho,Niassa,Cuamba,162840.0
2024,Julho,Niassa,Lago,43475.0
2024,Julho,Niassa,Mandimba,101114.0
2024,Julho,Niassa,Manjune,19297.0
2024,Julho,Niassa,Marrupa,35055.0
2024,Julho,Niassa,Mavago,12803.0
2024,Julho,Niassa,Maúa,31785.0
2024,Julho,Niassa,Mecanhelas,70957.0
2024,Julho,Niassa,Mecula,7407.0
2024,Julho,Niassa,Metarica,21170.0
2024,Julho,Niassa,Muembe,20706.0
2024,Julho,Niassa,Nipepe,19412.0
2024,Julho,Niassa,N´gauma,21515.0
2024,Julho,Niassa,Sanga,45078.0
2024,Julho,Província de Maputo,Boane,303927.0
2024,Julho,Província de Maputo,Cidade da Matola,1394347.0
2024,Julho,Província de Maputo,Cidade de Maputo,1750457.0
2024,Julho,Província de Maputo,Magude,38668.0
2024,Julho,Província de Maputo,Manhiça,188454.0
2024,Julho,Província de Maputo,Marracuene,336557.0
2024,Julho,Província de Maputo,Matutuíne,48147.0
2024,Julho,Província de Maputo,Moamba,122061.0
2024,Julho,Província de Maputo,Namaacha,41300.0
2024,Julho,Sofala,Buzi,61042.0
2024,Julho,Sofala,Caia,91385.0
2024,Julho,Sofala,Chemba,28929.0
2024,Julho,Sofala,Cheringoma,28795.0
2024,Julho,Sofala,Chibabava,33790.0
2024,Julho,Sofala,Cidade da Beira,736144.0
2024,Julho,Sofala,Dondo,183775.0
2024,Julho,Sofala,Gorongoza,92898.0
2024,Julho,Sofala,Machanga,17243.0
2024,Julho,Sofala,Maringue,54802.0
2024,Julho,Sofala,Marromeu,78714.0
2024,Julho,Sofala,Muanza,17517.0
2024,Julho,Sofala,Nhamatanda,167093.0
2024,Julho,Tete,Angónia,113699.0
2024,Julho,Tete,Cahora-Bassa,87289.0
2024,Julho,Tete,Changara,68935.0
2024,Julho,Tete,Chifunde,18550.0
2024,Julho,Tete,Chiuta,26857.0
2024,Julho,Tete,Cidade de Tete,455619.0
2024,Julho,Tete,Doa,20871.0
2024,Julho,Tete,Macanga,56026.0
2024,Julho,Tete,Marara,44576.0
2024,Julho,Tete,Maravia,9351.0
2024,Julho,Tete,Moatize,177457.0
2024,Julho,Tete,Mutarara,49365.0
2024,Julho,Tete,Mágoe,30445.0
2024,Julho,Tete,Tsangano,51547.0
2024,Julho,Tete,Zumbo,8771.0
2024,Julho,Zambézia,Alto Molócuè,135386.0
2024,Julho,Zambézia,Chinde,20179.0
2024,Julho,Zambézia,Cidade de Quelimane,387904.0
2024,Julho,Zambézia,Derre,10931.0
2024,Julho,Zambézia,Gilé,80085.0
2024,Julho,Zambézia,Gurúè,187743.0
2024,Julho,Zambézia,Ile,73765.0
2024,Julho,Zambézia,Inhassunge,26525.0
2024,Julho,Zambézia,Luabo,12117.0
2024,Julho,Zambézia,Lugela,56615.0
2024,Julho,Zambézia,Maganja da Costa,82130.0
2024,Julho,Zambézia,Milange,208603.0
2024,Julho,Zambézia,Mocuba,264447.0
2024,Julho,Zambézia,Mocubela,18695.0
2024,Julho,Zambézia,Molumbo,93365.0
2024,Julho,Zambézia,Mopeia,68727.0
2024,Julho,Zambézia,Morrumbala,123519.0
2024,Julho,Zambézia,Mulevala,54487.0
2024,Julho,Zambézia,Namacurra,73904.0
2024,Julho,Zambézia,Namarroi,49599.0
2024,Julho,Zambézia,Nicoadala,122981.0
2024,Julho,Zambézia,Pebane,88374.0
2024,Junho,Cabo Delgado,Ancuabe,67270.0
2024,Junho,Cabo Delgado,Balama,46001.0
2024,Junho,Cabo Delgado,Chiúre,92998.0
2024,Junho,Cabo Delgado,Cidade de Pemba,293323.0
2024,Junho,Cabo Delgado,Ibo,7893.0
2024,Junho,Cabo Delgado,Macomia,32126.0
2024,Junho,Cabo Delgado,Mecufi,22433.0
2024,Junho,Cabo Delgado,Meluco,12619.0
2024,Junho,Cabo Delgado,Mocimboa da Praia,67145.0
2024,Junho,Cabo Delgado,Montepuez,157119.0
2024,Junho,Cabo Delgado,Mueda,105578.0
2024,Junho,Cabo Delgado,Muidumbe,15265.0
2024,Junho,Cabo Delgado,Namuno,43583.0
2024,Junho,Cabo Delgado,Nangade,31418.0
2024,Junho,Cabo Delgado,Palma,62070.0
2024,Junho,Cabo Delgado,Pemba-Metuge,67101.0
2024,Junho,Cabo Delgado,Quissanga,9376.0
2024,Junho,Gaza,Bilene-Macia,145508.0
2024,Junho,Gaza,Chibuto,120709.0
2024,Junho,Gaza,Chicualacuala,11449.0
2024,Junho,Gaza,Chigubo,7197.0
2024,Junho,Gaza,Chonguene,82005.0
2024,Junho,Gaza,Chókwè,132073.0
2024,Junho,Gaza,Cidade de Xai-Xai,167245.0
2024,Junho,Gaza,Guijá,40733.0
2024,Junho,Gaza,Limpopo,83946.0
2024,Junho,Gaza,Mabalane,14647.0
2024,Junho,Gaza,Manjacaze,90176.0
2024,Junho,Gaza,Mapai,16469.0
2024,Junho,Gaza,Massangena,6879.0
2024,Junho,Gaza,Massingir,11704.0
2024,Junho,Inhambane,Cidade de Inhambane,97050.0
2024,Junho,Inhambane,Cidade de Maxixe,133743.0
2024,Junho,Inhambane,Funhaloro,15355.0
2024,Junho,Inhambane,Govuro,28969.0
2024,Junho,Inhambane,Homoine,51541.0
2024,Junho,Inhambane,Inharrime,74217.0
2024,Junho,Inhambane,Inhassoro,51947.0
2024,Junho,Inhambane,Jangamo,64120.0
2024,Junho,Inhambane,Mabote,20655.0
2024,Junho,Inhambane,Massinga,145766.0
2024,Junho,Inhambane,Morrumbene,66306.0
2024,Junho,Inhambane,Panda,25002.0
2024,Junho,Inhambane,Vilankulo,126530.0
2024,Junho,Inhambane,Zavala (Quissico),93972.0
2024,Junho,Manica,Bárue,114131.0
2024,Junho,Manica,Cidade de Chimoio,475285.0
2024,Junho,Manica,Gondola,148816.0
2024,Junho,Manica,Guro,49333.0
2024,Junho,Manica,Macate,23911.0
2024,Junho,Manica,Machaze,29949.0
2024,Junho,Manica,Macossa,17306.0
2024,Junho,Manica,Manica,168876.0
2024,Junho,Manica,Mossurize,34025.0
2024,Junho,Manica,Sussundenga,87092.0
2024,Junho,Manica,Tambara,20999.0
2024,Junho,Manica,Vanduzi,80212.0
2024,Junho,Nampula,Angoche,263597.0
2024,Junho,Nampula,Cidade de Nacala-Porto,407589.0
2024,Junho,Nampula,Cidade de Nampula,1248298.0
2024,Junho,Nampula,Ilha de Moçambique,56002.0
2024,Junho,Nampula,Lalaua,19587.0
2024,Junho,Nampula,Larde,5011.0
2024,Junho,Nampula,Liupo,4899.0
2024,Junho,Nampula,Malema,70818.0
2024,Junho,Nampula,Meconta (Namialo),280268.0
2024,Junho,Nampula,Mecuburi,50200.0
2024,Junho,Nampula,Memba,93563.0
2024,Junho,Nampula,Mogincual,70512.0
2024,Junho,Nampula,Mogovolas,98950.0
2024,Junho,Nampula,Moma,164885.0
2024,Junho,Nampula,Monapo,142520.0
2024,Junho,Nampula,Mossuril,68023.0
2024,Junho,Nampula,Muecate,38058.0
2024,Junho,Nampula,Murrupula,67024.0
2024,Junho,Nampula,Nacala-Velha,45687.0
2024,Junho,Nampula,Nacaroa,44981.0
2024,Junho,Nampula,Namapa-Erati,83036.0
2024,Junho,Nampula,Rapale-Nampula,85320.0
2024,Junho,Nampula,Ribaué,93704.0
2024,Junho,Niassa,Chimbunhila,24017.0
2024,Junho,Niassa,Cidade de Lichinga,267802.0
2024,Junho,Niassa,Cuamba,157916.0
2024,Junho,Niassa,Lago,40253.0
2024,Junho,Niassa,Mandimba,96723.0
2024,Junho,Niassa,Manjune,18245.0
2024,Junho,Niassa,Marrupa,33090.0
2024,Junho,Niassa,Mavago,11618.0
2024,Junho,Niassa,Maúa,28346.0
2024,Junho,Niassa,Mecanhelas,64479.0
2024,Junho,Niassa,Mecula,7156.0
2024,Junho,Niassa,Metarica,19672.0
2024,Junho,Niassa,Muembe,18911.0
2024,Junho,Niassa,Nipepe,16989.0
2024,Junho,Niassa,N´gauma,20108.0
2024,Junho,Niassa,Sanga,42058.0
2024,Junho,Província de Maputo,Boane,301232.0
2024,Junho,Província de Maputo,Cidade da Matola,1387623.0
2024,Junho,Província de Maputo,Cidade de Maputo,1707598.0
2024,Junho,Província de Maputo,Magude,38524.0
2024,Junho,Província de Maputo,Manhiça,188984.0
2024,Junho,Província de Maputo,Marracuene,332075.0
2024,Junho,Província de Maputo,Matutuíne,47540.0
2024,Junho,Província de Maputo,Moamba,120129.0
2024,Junho,Província de Maputo,Namaacha,40866.0
2024,Junho,Sofala,Buzi,59481.0
2024,Junho,Sofala,Caia,87380.0
2024,Junho,Sofala,Chemba,27361.0
2024,Junho,Sofala,Cheringoma,27183.0
2024,Junho,Sofala,Chibabava,32942.0
2024,Junho,Sofala,Cidade da Beira,727604.0
2024,Junho,Sofala,Dondo,179272.0
2024,Junho,Sofala,Gorongoza,86394.0
2024,Junho,Sofala,Machanga,16671.0
2024,Junho,Sofala,Maringue,50810.0
2024,Junho,Sofala,Marromeu,73159.0
2024,Junho,Sofala,Muanza,16696.0
2024,Junho,Sofala,Nhamatanda,166276.0
2024,Junho,Tete,Angónia,109164.0
2024,Junho,Tete,Cahora-Bassa,86061.0
2024,Junho,Tete,Changara,67173.0
2024,Junho,Tete,Chifunde,16851.0
2024,Junho,Tete,Chiuta,24817.0
2024,Junho,Tete,Cidade de Tete,448960.0
2024,Junho,Tete,Doa,18894.0
2024,Junho,Tete,Macanga,51209.0
2024,Junho,Tete,Marara,43536.0
2024,Junho,Tete,Maravia,8775.0
2024,Junho,Tete,Moatize,172198.0
2024,Junho,Tete,Mutarara,47450.0
2024,Junho,Tete,Mágoe,29289.0
2024,Junho,Tete,Tsangano,47380.0
2024,Junho,Tete,Zumbo,8167.0
2024,Junho,Zambézia,Alto Molócuè,128591.0
2024,Junho,Zambézia,Chinde,18809.0
2024,Junho,Zambézia,Cidade de Quelimane,385714.0
2024,Junho,Zambézia,Derre,10046.0
2024,Junho,Zambézia,Gilé,75788.0
2024,Junho,Zambézia,Gurúè,175032.0
2024,Junho,Zambézia,Ile,69587.0
2024,Junho,Zambézia,Inhassunge,25378.0
2024,Junho,Zambézia,Luabo,11233.0
2024,Junho,Zambézia,Lugela,49345.0
2024,Junho,Zambézia,Maganja da Costa,77932.0
2024,Junho,Zambézia,Milange,189973.0
2024,Junho,Zambézia,Mocuba,254904.0
2024,Junho,Zambézia,Mocubela,18751.0
2024,Junho,Zambézia,Molumbo,76181.0
2024,Junho,Zambézia,Mopeia,62562.0
2024,Junho,Zambézia,Morrumbala,108811.0
2024,Junho,Zambézia,Mulevala,51028.0
2024,Junho,Zambézia,Namacurra,71767.0
2024,Junho,Zambézia,Namarroi,42333.0
2024,Junho,Zambézia,Nicoadala,119724.0
2024,Junho,Zambézia,Pebane,82281.0
2024,Maio,Cabo Delgado,Ancuabe,66940.0
2024,Maio,Cabo Delgado,Balama,44721.0
2024,Maio,Cabo Delgado,Chiúre,86944.0
2024,Maio,Cabo Delgado,Cidade de Pemba,293706.0
2024,Maio,Cabo Delgado,Ibo,7676.0
2024,Maio,Cabo Delgado,Macomia,33063.0
2024,Maio,Cabo Delgado,Mecufi,21243.0
2024,Maio,Cabo Delgado,Meluco,13118.0
2024,Maio,Cabo Delgado,Mocimboa da Praia,67498.0
2024,Maio,Cabo Delgado,Montepuez,159862.0
2024,Maio,Cabo Delgado,Mueda,105562.0
2024,Maio,Cabo Delgado,Muidumbe,13170.0
2024,Maio,Cabo Delgado,Namuno,41479.0
2024,Maio,Cabo Delgado,Nangade,30502.0
2024,Maio,Cabo Delgado,Palma,60773.0
2024,Maio,Cabo Delgado,Pemba-Metuge,64346.0
2024,Maio,Cabo Delgado,Quissanga,9692.0
2024,Maio,Gaza,Bilene-Macia,146306.0
2024,Maio,Gaza,Chibuto,121169.0
2024,Maio,Gaza,Chicualacuala,10842.0
2024,Maio,Gaza,Chigubo,6975.0
2024,Maio,Gaza,Chonguene,82236.0
2024,Maio,Gaza,Chókwè,132738.0
2024,Maio,Gaza,Cidade de Xai-Xai,169285.0
2024,Maio,Gaza,Guijá,41289.0
2024,Maio,Gaza,Limpopo,84307.0
2024,Maio,Gaza,Mabalane,14514.0
2024,Maio,Gaza,Manjacaze,90443.0
2024,Maio,Gaza,Mapai,16201.0
2024,Maio,Gaza,Massangena,6726.0
2024,Maio,Gaza,Massingir,11538.0
2024,Maio,Inhambane,Cidade de Inhambane,97355.0
2024,Maio,Inhambane,Cidade de Maxixe,134537.0
2024,Maio,Inhambane,Funhaloro,15541.0
2024,Maio,Inhambane,Govuro,29027.0
2024,Maio,Inhambane,Homoine,50835.0
2024,Maio,Inhambane,Inharrime,74211.0
2024,Maio,Inhambane,Inhassoro,52250.0
2024,Maio,Inhambane,Jangamo,64319.0
2024,Maio,Inhambane,Mabote,20456.0
2024,Maio,Inhambane,Massinga,145018.0
2024,Maio,Inhambane,Morrumbene,66941.0
2024,Maio,Inhambane,Panda,25024.0
2024,Maio,Inhambane,Vilankulo,126504.0
2024,Maio,Inhambane,Zavala (Quissico),95224.0
2024,Maio,Manica,Bárue,113310.0
2024,Maio,Manica,Cidade de Chimoio,479162.0
2024,Maio,Manica,Gondola,155678.0
2024,Maio,Manica,Guro,49971.0
2024,Maio,Manica,Macate,24556.0
2024,Maio,Manica,Machaze,31127.0
2024,Maio,Manica,Macossa,17462.0
2024,Maio,Manica,Manica,176397.0
2024,Maio,Manica,Mossurize,35837.0
2024,Maio,Manica,Sussundenga,93680.0
2024,Maio,Manica,Tambara,22165.0
2024,Maio,Manica,Vanduzi,82523.0
2024,Maio,Nampula,Angoche,292988.0
2024,Maio,Nampula,Cidade de Nacala-Porto,413564.0
2024,Maio,Nampula,Cidade de Nampula,1281314.0
2024,Maio,Nampula,Ilha de Moçambique,56947.0
2024,Maio,Nampula,Lalaua,19064.0
2024,Maio,Nampula,Larde,5313.0
2024,Maio,Nampula,Liupo,5294.0
2024,Maio,Nampula,Malema,71690.0
2024,Maio,Nampula,Meconta (Namialo),308558.0
2024,Maio,Nampula,Mecuburi,49171.0
2024,Maio,Nampula,Memba,93757.0
2024,Maio,Nampula,Mogincual,70339.0
2024,Maio,Nampula,Mogovolas,100704.0
2024,Maio,Nampula,Moma,166920.0
2024,Maio,Nampula,Monapo,147236.0
2024,Maio,Nampula,Mossuril,69702.0
2024,Maio,Nampula,Muecate,38455.0
2024,Maio,Nampula,Murrupula,68860.0
2024,Maio,Nampula,Nacala-Velha,45927.0
2024,Maio,Nampula,Nacaroa,44926.0
2024,Maio,Nampula,Namapa-Erati,84452.0
2024,Maio,Nampula,Rapale-Nampula,85552.0
2024,Maio,Nampula,Ribaué,95698.0
2024,Maio,Niassa,Chimbunhila,22558.0
2024,Maio,Niassa,Cidade de Lichinga,273493.0
2024,Maio,Niassa,Cuamba,161140.0
2024,Maio,Niassa,Lago,39667.0
2024,Maio,Niassa,Mandimba,106329.0
2024,Maio,Niassa,Manjune,16901.0
2024,Maio,Niassa,Marrupa,33413.0
2024,Maio,Niassa,Mavago,10189.0
2024,Maio,Niassa,Maúa,28324.0
2024,Maio,Niassa,Mecanhelas,66370.0
2024,Maio,Niassa,Mecula,7109.0
2024,Maio,Niassa,Metarica,20595.0
2024,Maio,Niassa,Muembe,16726.0
2024,Maio,Niassa,Nipepe,17394.0
2024,Maio,Niassa,N´gauma,18917.0
2024,Maio,Niassa,Sanga,39957.0
2024,Maio,Província de Maputo,Boane,300456.0
2024,Maio,Província de Maputo,Cidade da Matola,1390046.0
2024,Maio,Província de Maputo,Cidade de Maputo,1698181.0
2024,Maio,Província de Maputo,Magude,38456.0
2024,Maio,Província de Maputo,Manhiça,187907.0
2024,Maio,Província de Maputo,Marracuene,331721.0
2024,Maio,Província de Maputo,Matutuíne,48269.0
2024,Maio,Província de Maputo,Moamba,121294.0
2024,Maio,Província de Maputo,Namaacha,41936.0
2024,Maio,Sofala,Buzi,59944.0
2024,Maio,Sofala,Caia,91407.0
2024,Maio,Sofala,Chemba,27761.0
2024,Maio,Sofala,Cheringoma,27182.0
2024,Maio,Sofala,Chibabava,33969.0
2024,Maio,Sofala,Cidade da Beira,730096.0
2024,Maio,Sofala,Dondo,183807.0
2024,Maio,Sofala,Gorongoza,85550.0
2024,Maio,Sofala,Machanga,16564.0
2024,Maio,Sofala,Maringue,51541.0
2024,Maio,Sofala,Marromeu,73126.0
2024,Maio,Sofala,Muanza,16394.0
2024,Maio,Sofala,Nhamatanda,175860.0
2024,Maio,Tete,Angónia,111555.0
2024,Maio,Tete,Cahora-Bassa,87311.0
2024,Maio,Tete,Changara,69366.0
2024,Maio,Tete,Chifunde,16526.0
2024,Maio,Tete,Chiuta,26188.0
2024,Maio,Tete,Cidade de Tete,451638.0
2024,Maio,Tete,Doa,19200.0
2024,Maio,Tete,Macanga,47161.0
2024,Maio,Tete,Marara,44737.0
2024,Maio,Tete,Maravia,8895.0
2024,Maio,Tete,Moatize,180318.0
2024,Maio,Tete,Mutarara,50027.0
2024,Maio,Tete,Mágoe,32192.0
2024,Maio,Tete,Tsangano,46464.0
2024,Maio,Tete,Zumbo,8538.0
2024,Maio,Zambézia,Alto Molócuè,130512.0
2024,Maio,Zambézia,Chinde,18168.0
2024,Maio,Zambézia,Cidade de Quelimane,408108.0
2024,Maio,Zambézia,Derre,10096.0
2024,Maio,Zambézia,Gilé,75451.0
2024,Maio,Zambézia,Gurúè,176364.0
2024,Maio,Zambézia,Ile,69638.0
2024,Maio,Zambézia,Inhassunge,23798.0
2024,Maio,Zambézia,Luabo,11546.0
2024,Maio,Zambézia,Lugela,50410.0
2024,Maio,Zambézia,Maganja da Costa,78616.0
2024,Maio,Zambézia,Milange,201164.0
2024,Maio,Zambézia,Mocuba,260843.0
2024,Maio,Zambézia,Mocubela,19644.0
2024,Maio,Zambézia,Molumbo,76581.0
2024,Maio,Zambézia,Mopeia,65841.0
2024,Maio,Zambézia,Morrumbala,113610.0
2024,Maio,Zambézia,Mulevala,51571.0
2024,Maio,Zambézia,Namacurra,72449.0
2024,Maio,Zambézia,Namarroi,41729.0
2024,Maio,Zambézia,Nicoadala,120595.0
2024,Maio,Zambézia,Pebane,81964.0
2024,Março,Cabo Delgado,Ancuabe,62955.0
2024,Março,Cabo Delgado,Balama,43880.0
2024,Março,Cabo Delgado,Chiúre,82122.0
2024,Março,Cabo Delgado,Cidade de Pemba,294389.0
2024,Março,Cabo Delgado,Ibo,7472.0
2024,Março,Cabo Delgado,Macomia,31296.0
2024,Março,Cabo Delgado,Mecufi,19411.0
2024,Março,Cabo Delgado,Meluco,12843.0
2024,Março,Cabo Delgado,Mocimboa da Praia,65097.0
2024,Março,Cabo Delgado,Montepuez,155934.0
2024,Março,Cabo Delgado,Mueda,105700.0
2024,Março,Cabo Delgado,Muidumbe,11468.0
2024,Março,Cabo Delgado,Namuno,37256.0
2024,Março,Cabo Delgado,Nangade,30051.0
2024,Março,Cabo Delgado,Palma,55224.0
2024,Março,Cabo Delgado,Pemba-Metuge,60153.0
2024,Março,Cabo Delgado,Quissanga,11742.0
2024,Março,Gaza,Bilene-Macia,145156.0
2024,Março,Gaza,Chibuto,120500.0
2024,Março,Gaza,Chicualacuala,10751.0
2024,Março,Gaza,Chigubo,6364.0
2024,Março,Gaza,Chonguene,80804.0
2024,Março,Gaza,Chókwè,129730.0
2024,Março,Gaza,Cidade de Xai-Xai,167749.0
2024,Março,Gaza,Guijá,39207.0
2024,Março,Gaza,Limpopo,83374.0
2024,Março,Gaza,Mabalane,13884.0
2024,Março,Gaza,Manjacaze,87472.0
2024,Março,Gaza,Mapai,15202.0
2024,Março,Gaza,Massangena,6179.0
2024,Março,Gaza,Massingir,11242.0
2024,Março,Inhambane,Cidade de Inhambane,106617.0
2024,Março,Inhambane,Cidade de Maxixe,132246.0
2024,Março,Inhambane,Funhaloro,15247.0
2024,Março,Inhambane,Govuro,29412.0
2024,Março,Inhambane,Homoine,50733.0
2024,Março,Inhambane,Inharrime,72489.0
2024,Março,Inhambane,Inhassoro,49949.0
2024,Março,Inhambane,Jangamo,64931.0
2024,Março,Inhambane,Mabote,18861.0
2024,Março,Inhambane,Massinga,142842.0
2024,Março,Inhambane,Morrumbene,63992.0
2024,Março,Inhambane,Panda,24564.0
2024,Março,Inhambane,Vilankulo,124592.0
2024,Março,Inhambane,Zavala (Quissico),95399.0
2024,Março,Manica,Bárue,112890.0
2024,Março,Manica,Cidade de Chimoio,469632.0
2024,Março,Manica,Gondola,145568.0
2024,Março,Manica,Guro,49151.0
2024,Março,Manica,Macate,22541.0
2024,Março,Manica,Machaze,28676.0
2024,Março,Manica,Macossa,15731.0
2024,Março,Manica,Manica,169975.0
2024,Março,Manica,Mossurize,32314.0
2024,Março,Manica,Sussundenga,91061.0
2024,Março,Manica,Tambara,21662.0
2024,Março,Manica,Vanduzi,76944.0
2024,Março,Nampula,Angoche,271462.0
2024,Março,Nampula,Cidade de Nacala-Porto,414738.0
2024,Março,Nampula,Cidade de Nampula,1281336.0
2024,Março,Nampula,Ilha de Moçambique,58965.0
2024,Março,Nampula,Lalaua,16728.0
2024,Março,Nampula,Larde,3807.0
2024,Março,Nampula,Liupo,3021.0
2024,Março,Nampula,Malema,70208.0
2024,Março,Nampula,Meconta (Namialo),271328.0
2024,Março,Nampula,Mecuburi,44172.0
2024,Março,Nampula,Memba,80755.0
2024,Março,Nampula,Mogincual,65126.0
2024,Março,Nampula,Mogovolas,90529.0
2024,Março,Nampula,Moma,150339.0
2024,Março,Nampula,Monapo,131674.0
2024,Março,Nampula,Mossuril,70346.0
2024,Março,Nampula,Muecate,33848.0
2024,Março,Nampula,Murrupula,59740.0
2024,Março,Nampula,Nacala-Velha,40815.0
2024,Março,Nampula,Nacaroa,41473.0
2024,Março,Nampula,Namapa-Erati,75571.0
2024,Março,Nampula,Rapale-Nampula,76758.0
2024,Março,Nampula,Ribaué,92822.0
2024,Março,Niassa,Chimbunhila,18771.0
2024,Março,Niassa,Cidade de Lichinga,240469.0
2024,Março,Niassa,Cuamba,157519.0
2024,Março,Niassa,Lago,38830.0
2024,Março,Niassa,Mandimba,97703.0
2024,Março,Niassa,Manjune,14532.0
2024,Março,Niassa,Marrupa,34248.0
2024,Março,Niassa,Mavago,10009.0
2024,Março,Niassa,Maúa,26782.0
2024,Março,Niassa,Mecanhelas,60122.0
2024,Março,Niassa,Mecula,6851.0
2024,Março,Niassa,Metarica,19698.0
2024,Março,Niassa,Muembe,15393.0
2024,Março,Niassa,Nipepe,16065.0
2024,Março,Niassa,N´gauma,16165.0
2024,Março,Niassa,Sanga,36124.0
2024,Março,Província de Maputo,Boane,298020.0
2024,Março,Província de Maputo,Cidade da Matola,1388403.0
2024,Março,Província de Maputo,Cidade de Maputo,1630924.0
2024,Março,Província de Maputo,Magude,37126.0
2024,Março,Província de Maputo,Manhiça,182978.0
2024,Março,Província de Maputo,Marracuene,328131.0
2024,Março,Província de Maputo,Matutuíne,48289.0
2024,Março,Província de Maputo,Moamba,120139.0
2024,Março,Província de Maputo,Namaacha,41334.0
2024,Março,Sofala,Buzi,55846.0
2024,Março,Sofala,Caia,87686.0
2024,Março,Sofala,Chemba,26730.0
2024,Março,Sofala,Cheringoma,25726.0
2024,Março,Sofala,Chibabava,31980.0
2024,Março,Sofala,Cidade da Beira,717834.0
2024,Março,Sofala,Dondo,178504.0
2024,Março,Sofala,Gorongoza,81458.0
2024,Março,Sofala,Machanga,15963.0
2024,Março,Sofala,Maringue,48409.0
2024,Março,Sofala,Marromeu,72710.0
2024,Março,Sofala,Muanza,15136.0
2024,Março,Sofala,Nhamatanda,165051.0
2024,Março,Tete,Angónia,104112.0
2024,Março,Tete,Cahora-Bassa,80335.0
2024,Março,Tete,Changara,65322.0
2024,Março,Tete,Chifunde,14869.0
2024,Março,Tete,Chiuta,22489.0
2024,Março,Tete,Cidade de Tete,421080.0
2024,Março,Tete,Doa,18321.0
2024,Março,Tete,Macanga,42276.0
2024,Março,Tete,Marara,42460.0
2024,Março,Tete,Maravia,8172.0
2024,Março,Tete,Moatize,167311.0
2024,Março,Tete,Mutarara,47589.0
2024,Março,Tete,Mágoe,28085.0
2024,Março,Tete,Tsangano,42359.0
2024,Março,Tete,Zumbo,7867.0
2024,Março,Zambézia,Alto Molócuè,122028.0
2024,Março,Zambézia,Chinde,17279.0
2024,Março,Zambézia,Cidade de Quelimane,385028.0
2024,Março,Zambézia,Derre,9220.0
2024,Março,Zambézia,Gilé,71086.0
2024,Março,Zambézia,Gurúè,163979.0
2024,Março,Zambézia,Ile,65553.0
2024,Março,Zambézia,Inhassunge,22658.0
2024,Março,Zambézia,Luabo,10804.0
2024,Março,Zambézia,Lugela,46123.0
2024,Março,Zambézia,Maganja da Costa,73949.0
2024,Março,Zambézia,Milange,185000.0
2024,Março,Zambézia,Mocuba,242941.0
2024,Março,Zambézia,Mocubela,18699.0
2024,Março,Zambézia,Molumbo,60624.0
2024,Março,Zambézia,Mopeia,59678.0
2024,Março,Zambézia,Morrumbala,102762.0
2024,Março,Zambézia,Mulevala,45491.0
2024,Março,Zambézia,Namacurra,65215.0
2024,Março,Zambézia,Namarroi,37807.0
2024,Março,Zambézia,Nicoadala,110566.0
2024,Março,Zambézia,Pebane,72518.0
2024,Novembro,Cabo Delgado,Ancuabe,83383.0
2024,Novembro,Cabo Delgado,Balama,59799.0
2024,Novembro,Cabo Delgado,Chiúre,113464.0
2024,Novembro,Cabo Delgado,Cidade de Pemba,291884.0
2024,Novembro,Cabo Delgado,Ibo,8578.0
2024,Novembro,Cabo Delgado,Macomia,36118.0
2024,Novembro,Cabo Delgado,Mecufi,25796.0
2024,Novembro,Cabo Delgado,Meluco,14047.0
2024,Novembro,Cabo Delgado,Mocimboa da Praia,79078.0
2024,Novembro,Cabo Delgado,Montepuez,188727.0
2024,Novembro,Cabo Delgado,Mueda,121571.0
2024,Novembro,Cabo Delgado,Muidumbe,22651.7
2024,Novembro,Cabo Delgado,Namuno,59538.0
2024,Novembro,Cabo Delgado,Nangade,42434.0
2024,Novembro,Cabo Delgado,Palma,67306.45
2024,Novembro,Cabo Delgado,Pemba-Metuge,76533.0
2024,Novembro,Cabo Delgado,Quissanga,11456.8
2024,Novembro,Gaza,Bilene-Macia,162849.0
2024,Novembro,Gaza,Chibuto,134112.0
2024,Novembro,Gaza,Chicualacuala,16085.0
2024,Novembro,Gaza,Chigubo,8853.0
2024,Novembro,Gaza,Chonguene,88104.0
2024,Novembro,Gaza,Chókwè,149180.0
2024,Novembro,Gaza,Cidade de Xai-Xai,169840.0
2024,Novembro,Gaza,Guijá,48005.0
2024,Novembro,Gaza,Limpopo,91226.0
2024,Novembro,Gaza,Mabalane,16518.0
2024,Novembro,Gaza,Manjacaze,100594.0
2024,Novembro,Gaza,Mapai,20020.0
2024,Novembro,Gaza,Massangena,8134.0
2024,Novembro,Gaza,Massingir,13759.0
2024,Novembro,Inhambane,Cidade de Inhambane,101194.0
2024,Novembro,Inhambane,Cidade de Maxixe,137325.0
2024,Novembro,Inhambane,Funhaloro,17033.0
2024,Novembro,Inhambane,Govuro,32781.0
2024,Novembro,Inhambane,Homoine,57826.0
2024,Novembro,Inhambane,Inharrime,84065.0
2024,Novembro,Inhambane,Inhassoro,55651.0
2024,Novembro,Inhambane,Jangamo,70568.0
2024,Novembro,Inhambane,Mabote,23241.0
2024,Novembro,Inhambane,Massinga,164357.0
2024,Novembro,Inhambane,Morrumbene,74623.0
2024,Novembro,Inhambane,Panda,26671.0
2024,Novembro,Inhambane,Vilankulo,138378.0
2024,Novembro,Inhambane,Zavala (Quissico),104705.0
2024,Novembro,Manica,Bárue,128228.0
2024,Novembro,Manica,Cidade de Chimoio,494025.0
2024,Novembro,Manica,Gondola,167448.0
2024,Novembro,Manica,Guro,55260.0
2024,Novembro,Manica,Macate,28536.0
2024,Novembro,Manica,Machaze,35823.0
2024,Novembro,Manica,Macossa,19586.0
2024,Novembro,Manica,Manica,189128.0
2024,Novembro,Manica,Mossurize,40023.0
2024,Novembro,Manica,Sussundenga,96220.0
2024,Novembro,Manica,Tambara,24481.0
2024,Novembro,Manica,Vanduzi,105310.0
2024,Novembro,Nampula,Angoche,341952.5
2024,Novembro,Nampula,Cidade de Nacala-Porto,416717.0
2024,Novembro,Nampula,Cidade de Nampula,1249093.0
2024,Novembro,Nampula,Ilha de Moçambique,63533.0
2024,Novembro,Nampula,Lalaua,25442.0
2024,Novembro,Nampula,Larde,6087.0
2024,Novembro,Nampula,Liupo,8014.0
2024,Novembro,Nampula,Malema,82121.0
2024,Novembro,Nampula,Meconta (Namialo),311457.8
2024,Novembro,Nampula,Mecuburi,61528.0
2024,Novembro,Nampula,Memba,110061.0
2024,Novembro,Nampula,Mogincual,84730.0
2024,Novembro,Nampula,Mogovolas,131816.5
2024,Novembro,Nampula,Moma,198540.0
2024,Novembro,Nampula,Monapo,177306.0
2024,Novembro,Nampula,Mossuril,81964.0
2024,Novembro,Nampula,Muecate,58676.85
2024,Novembro,Nampula,Murrupula,92937.5
2024,Novembro,Nampula,Nacala-Velha,51141.0
2024,Novembro,Nampula,Nacaroa,54860.85
2024,Novembro,Nampula,Namapa-Erati,95813.0
2024,Novembro,Nampula,Rapale-Nampula,108155.6
2024,Novembro,Nampula,Ribaué,116960.0
2024,Novembro,Niassa,Chimbunhila,33032.0
2024,Novembro,Niassa,Cidade de Lichinga,298287.0
2024,Novembro,Niassa,Cuamba,181885.0
2024,Novembro,Niassa,Lago,54214.0
2024,Novembro,Niassa,Mandimba,108362.0
2024,Novembro,Niassa,Manjune,22411.0
2024,Novembro,Niassa,Marrupa,40153.0
2024,Novembro,Niassa,Mavago,14135.0
2024,Novembro,Niassa,Maúa,42167.0
2024,Novembro,Niassa,Mecanhelas,73532.0
2024,Novembro,Niassa,Mecula,8817.0
2024,Novembro,Niassa,Metarica,28474.45
2024,Novembro,Niassa,Muembe,25217.0
2024,Novembro,Niassa,Nipepe,23444.0
2024,Novembro,Niassa,N´gauma,23027.0
2024,Novembro,Niassa,Sanga,53008.0
2024,Novembro,Província de Maputo,Boane,331779.0
2024,Novembro,Província de Maputo,Cidade da Matola,1410068.0
2024,Novembro,Província de Maputo,Cidade de Maputo,1846270.0
2024,Novembro,Província de Maputo,Magude,42942.0
2024,Novembro,Província de Maputo,Manhiça,208649.0
2024,Novembro,Província de Maputo,Marracuene,355966.0
2024,Novembro,Província de Maputo,Matutuíne,51385.0
2024,Novembro,Província de Maputo,Moamba,151676.0
2024,Novembro,Província de Maputo,Namaacha,43883.0
2024,Novembro,Sofala,Buzi,65338.0
2024,Novembro,Sofala,Caia,121435.0
2024,Novembro,Sofala,Chemba,33001.0
2024,Novembro,Sofala,Cheringoma,31304.0
2024,Novembro,Sofala,Chibabava,42165.0
2024,Novembro,Sofala,Cidade da Beira,751323.0
2024,Novembro,Sofala,Dondo,208892.0
2024,Novembro,Sofala,Gorongoza,104677.0
2024,Novembro,Sofala,Machanga,19085.0
2024,Novembro,Sofala,Maringue,60760.0
2024,Novembro,Sofala,Marromeu,88949.0
2024,Novembro,Sofala,Muanza,18826.0
2024,Novembro,Sofala,Nhamatanda,176095.0
2024,Novembro,Tete,Angónia,149789.0
2024,Novembro,Tete,Cahora-Bassa,95640.0
2024,Novembro,Tete,Changara,74010.0
2024,Novembro,Tete,Chifunde,20886.0
2024,Novembro,Tete,Chiuta,33227.0
2024,Novembro,Tete,Cidade de Tete,460205.0
2024,Novembro,Tete,Doa,23294.0
2024,Novembro,Tete,Macanga,66644.0
2024,Novembro,Tete,Marara,47840.7
2024,Novembro,Tete,Maravia,11407.7
2024,Novembro,Tete,Moatize,215052.55
2024,Novembro,Tete,Mutarara,54323.0
2024,Novembro,Tete,Mágoe,36265.0
2024,Novembro,Tete,Tsangano,60985.0
2024,Novembro,Tete,Zumbo,9062.55
2024,Novembro,Zambézia,Alto Molócuè,162471.0
2024,Novembro,Zambézia,Chinde,23754.0
2024,Novembro,Zambézia,Cidade de Quelimane,420799.0
2024,Novembro,Zambézia,Derre,15183.0
2024,Novembro,Zambézia,Gilé,91403.0
2024,Novembro,Zambézia,Gurúè,204967.0
2024,Novembro,Zambézia,Ile,82644.0
2024,Novembro,Zambézia,Inhassunge,33417.0
2024,Novembro,Zambézia,Luabo,14450.0
2024,Novembro,Zambézia,Lugela,77256.0
2024,Novembro,Zambézia,Maganja da Costa,94613.0
2024,Novembro,Zambézia,Milange,247382.0
2024,Novembro,Zambézia,Mocuba,308833.0
2024,Novembro,Zambézia,Mocubela,19887.0
2024,Novembro,Zambézia,Molumbo,91966.0
2024,Novembro,Zambézia,Mopeia,82967.0
2024,Novembro,Zambézia,Morrumbala,148533.0
2024,Novembro,Zambézia,Mulevala,66778.0
2024,Novembro,Zambézia,Namacurra,87863.0
2024,Novembro,Zambézia,Namarroi,59221.0
2024,Novembro,Zambézia,Nicoadala,148566.0
2024,Novembro,Zambézia,Pebane,103444.45
2024,Outubro,Cabo Delgado,Ancuabe,80427.0
2024,Outubro,Cabo Delgado,Balama,58474.0
2024,Outubro,Cabo Delgado,Chiúre,112733.0
2024,Outubro,Cabo Delgado,Cidade de Pemba,300611.0
2024,Outubro,Cabo Delgado,Ibo,8471.0
2024,Outubro,Cabo Delgado,Macomia,35013.0
2024,Outubro,Cabo Delgado,Mecufi,25230.0
2024,Outubro,Cabo Delgado,Meluco,13981.0
2024,Outubro,Cabo Delgado,Mocimboa da Praia,75419.0
2024,Outubro,Cabo Delgado,Montepuez,183967.0
2024,Outubro,Cabo Delgado,Mueda,119168.0
2024,Outubro,Cabo Delgado,Muidumbe,21776.0
2024,Outubro,Cabo Delgado,Namuno,57886.0
2024,Outubro,Cabo Delgado,Nangade,39949.0
2024,Outubro,Cabo Delgado,Palma,67066.0
2024,Outubro,Cabo Delgado,Pemba-Metuge,75080.0
2024,Outubro,Cabo Delgado,Quissanga,10798.0
2024,Outubro,Gaza,Bilene-Macia,160818.0
2024,Outubro,Gaza,Chibuto,133895.0
2024,Outubro,Gaza,Chicualacuala,15505.0
2024,Outubro,Gaza,Chigubo,8814.0
2024,Outubro,Gaza,Chonguene,88513.0
2024,Outubro,Gaza,Chókwè,147187.0
2024,Outubro,Gaza,Cidade de Xai-Xai,169750.0
2024,Outubro,Gaza,Guijá,47813.0
2024,Outubro,Gaza,Limpopo,91335.0
2024,Outubro,Gaza,Mabalane,16610.0
2024,Outubro,Gaza,Manjacaze,100382.0
2024,Outubro,Gaza,Mapai,19432.0
2024,Outubro,Gaza,Massangena,8204.0
2024,Outubro,Gaza,Massingir,13665.0
2024,Outubro,Inhambane,Cidade de Inhambane,101179.0
2024,Outubro,Inhambane,Cidade de Maxixe,137564.0
2024,Outubro,Inhambane,Funhaloro,16782.0
2024,Outubro,Inhambane,Govuro,32860.0
2024,Outubro,Inhambane,Homoine,57837.0
2024,Outubro,Inhambane,Inharrime,84563.0
2024,Outubro,Inhambane,Inhassoro,55559.0
2024,Outubro,Inhambane,Jangamo,69242.0
2024,Outubro,Inhambane,Mabote,23273.0
2024,Outubro,Inhambane,Massinga,163577.0
2024,Outubro,Inhambane,Morrumbene,76652.0
2024,Outubro,Inhambane,Panda,26604.0
2024,Outubro,Inhambane,Vilankulo,136970.0
2024,Outubro,Inhambane,Zavala (Quissico),97410.0
2024,Outubro,Manica,Bárue,128010.0
2024,Outubro,Manica,Cidade de Chimoio,499937.0
2024,Outubro,Manica,Gondola,171062.0
2024,Outubro,Manica,Guro,57443.0
2024,Outubro,Manica,Macate,28156.0
2024,Outubro,Manica,Machaze,36653.0
2024,Outubro,Manica,Macossa,20329.0
2024,Outubro,Manica,Manica,190452.0
2024,Outubro,Manica,Mossurize,39458.0
2024,Outubro,Manica,Sussundenga,98886.0
2024,Outubro,Manica,Tambara,24916.0
2024,Outubro,Manica,Vanduzi,103589.0
2024,Outubro,Nampula,Angoche,358347.0
2024,Outubro,Nampula,Cidade de Nacala-Porto,420702.0
2024,Outubro,Nampula,Cidade de Nampula,1257883.0
2024,Outubro,Nampula,Ilha de Moçambique,62489.0
2024,Outubro,Nampula,Lalaua,25766.0
2024,Outubro,Nampula,Larde,6212.0
2024,Outubro,Nampula,Liupo,7285.0
2024,Outubro,Nampula,Malema,82621.0
2024,Outubro,Nampula,Meconta (Namialo),309938.0
2024,Outubro,Nampula,Mecuburi,61452.0
2024,Outubro,Nampula,Memba,108321.0
2024,Outubro,Nampula,Mogincual,81630.0
2024,Outubro,Nampula,Mogovolas,124380.0
2024,Outubro,Nampula,Moma,193891.0
2024,Outubro,Nampula,Monapo,174714.0
2024,Outubro,Nampula,Mossuril,83139.0
2024,Outubro,Nampula,Muecate,56413.0
2024,Outubro,Nampula,Murrupula,90113.0
2024,Outubro,Nampula,Nacala-Velha,49970.0
2024,Outubro,Nampula,Nacaroa,52707.0
2024,Outubro,Nampula,Namapa-Erati,95171.0
2024,Outubro,Nampula,Rapale-Nampula,102977.0
2024,Outubro,Nampula,Ribaué,117218.0
2024,Outubro,Niassa,Chimbunhila,32226.0
2024,Outubro,Niassa,Cidade de Lichinga,308708.0
2024,Outubro,Niassa,Cuamba,184213.0
2024,Outubro,Niassa,Lago,52491.0
2024,Outubro,Niassa,Mandimba,111770.0
2024,Outubro,Niassa,Manjune,21840.0
2024,Outubro,Niassa,Marrupa,40289.0
2024,Outubro,Niassa,Mavago,14081.0
2024,Outubro,Niassa,Maúa,41713.0
2024,Outubro,Niassa,Mecanhelas,74485.0
2024,Outubro,Niassa,Mecula,8859.0
2024,Outubro,Niassa,Metarica,29434.0
2024,Outubro,Niassa,Muembe,24727.0
2024,Outubro,Niassa,Nipepe,24221.0
2024,Outubro,Niassa,N´gauma,23886.0
2024,Outubro,Niassa,Sanga,51542.0
2024,Outubro,Província de Maputo,Boane,328077.0
2024,Outubro,Província de Maputo,Cidade da Matola,1422047.0
2024,Outubro,Província de Maputo,Cidade de Maputo,1856835.0
2024,Outubro,Província de Maputo,Magude,43115.0
2024,Outubro,Província de Maputo,Manhiça,207756.0
2024,Outubro,Província de Maputo,Marracuene,358154.0
2024,Outubro,Província de Maputo,Matutuíne,50480.0
2024,Outubro,Província de Maputo,Moamba,140182.0
2024,Outubro,Província de Maputo,Namaacha,43611.0
2024,Outubro,Sofala,Buzi,65072.0
2024,Outubro,Sofala,Caia,121721.0
2024,Outubro,Sofala,Chemba,33817.0
2024,Outubro,Sofala,Cheringoma,31057.0
2024,Outubro,Sofala,Chibabava,42514.0
2024,Outubro,Sofala,Cidade da Beira,754053.0
2024,Outubro,Sofala,Dondo,208685.0
2024,Outubro,Sofala,Gorongoza,104746.0
2024,Outubro,Sofala,Machanga,18686.0
2024,Outubro,Sofala,Maringue,62358.0
2024,Outubro,Sofala,Marromeu,90429.0
2024,Outubro,Sofala,Muanza,19105.0
2024,Outubro,Sofala,Nhamatanda,178947.0
2024,Outubro,Tete,Angónia,148421.0
2024,Outubro,Tete,Cahora-Bassa,95465.0
2024,Outubro,Tete,Changara,75150.0
2024,Outubro,Tete,Chifunde,21979.0
2024,Outubro,Tete,Chiuta,33180.0
2024,Outubro,Tete,Cidade de Tete,436449.0
2024,Outubro,Tete,Doa,22932.0
2024,Outubro,Tete,Macanga,66850.0
2024,Outubro,Tete,Marara,48898.0
2024,Outubro,Tete,Maravia,11685.0
2024,Outubro,Tete,Moatize,216538.0
2024,Outubro,Tete,Mutarara,54207.0
2024,Outubro,Tete,Mágoe,32300.0
2024,Outubro,Tete,Tsangano,60170.0
2024,Outubro,Tete,Zumbo,9358.0
2024,Outubro,Zambézia,Alto Molócuè,160611.0
2024,Outubro,Zambézia,Chinde,23294.0
2024,Outubro,Zambézia,Cidade de Quelimane,384894.0
2024,Outubro,Zambézia,Derre,15655.0
2024,Outubro,Zambézia,Gilé,89288.0
2024,Outubro,Zambézia,Gurúè,209100.0
2024,Outubro,Zambézia,Ile,82515.0
2024,Outubro,Zambézia,Inhassunge,32175.0
2024,Outubro,Zambézia,Luabo,14898.0
2024,Outubro,Zambézia,Lugela,79944.0
2024,Outubro,Zambézia,Maganja da Costa,92550.0
2024,Outubro,Zambézia,Milange,257655.0
2024,Outubro,Zambézia,Mocuba,309574.0
2024,Outubro,Zambézia,Mocubela,20138.0
2024,Outubro,Zambézia,Molumbo,98771.0
2024,Outubro,Zambézia,Mopeia,85161.0
2024,Outubro,Zambézia,Morrumbala,163308.0
2024,Outubro,Zambézia,Mulevala,65260.0
2024,Outubro,Zambézia,Namacurra,87435.0
2024,Outubro,Zambézia,Namarroi,60823.0
2024,Outubro,Zambézia,Nicoadala,146221.0
2024,Outubro,Zambézia,Pebane,97751.0
2024,Setembro,Cabo Delgado,Ancuabe,75607.0
2024,Setembro,Cabo Delgado,Balama,52305.0
2024,Setembro,Cabo Delgado,Chiúre,106377.0
2024,Setembro,Cabo Delgado,Cidade de Pemba,298035.0
2024,Setembro,Cabo Delgado,Ibo,8468.0
2024,Setembro,Cabo Delgado,Macomia,32817.0
2024,Setembro,Cabo Delgado,Mecufi,23864.0
2024,Setembro,Cabo Delgado,Meluco,13826.0
2024,Setembro,Cabo Delgado,Mocimboa da Praia,70542.0
2024,Setembro,Cabo Delgado,Montepuez,167089.0
2024,Setembro,Cabo Delgado,Mueda,112487.0
2024,Setembro,Cabo Delgado,Muidumbe,20629.0
2024,Setembro,Cabo Delgado,Namuno,55012.0
2024,Setembro,Cabo Delgado,Nangade,36469.0
2024,Setembro,Cabo Delgado,Palma,63148.0
2024,Setembro,Cabo Delgado,Pemba-Metuge,73606.0
2024,Setembro,Cabo Delgado,Quissanga,10126.0
2024,Setembro,Gaza,Bilene-Macia,145278.0
2024,Setembro,Gaza,Chibuto,121613.0
2024,Setembro,Gaza,Chicualacuala,14002.0
2024,Setembro,Gaza,Chigubo,7885.0
2024,Setembro,Gaza,Chonguene,82776.0
2024,Setembro,Gaza,Chókwè,134431.0
2024,Setembro,Gaza,Cidade de Xai-Xai,168398.0
2024,Setembro,Gaza,Guijá,42625.0
2024,Setembro,Gaza,Limpopo,82820.0
2024,Setembro,Gaza,Mabalane,15564.0
2024,Setembro,Gaza,Manjacaze,92210.0
2024,Setembro,Gaza,Mapai,17758.0
2024,Setembro,Gaza,Massangena,7544.0
2024,Setembro,Gaza,Massingir,12728.0
2024,Setembro,Inhambane,Cidade de Inhambane,98582.0
2024,Setembro,Inhambane,Cidade de Maxixe,134138.0
2024,Setembro,Inhambane,Funhaloro,15976.0
2024,Setembro,Inhambane,Govuro,30368.0
2024,Setembro,Inhambane,Homoine,53563.0
2024,Setembro,Inhambane,Inharrime,74276.0
2024,Setembro,Inhambane,Inhassoro,53598.0
2024,Setembro,Inhambane,Jangamo,63900.0
2024,Setembro,Inhambane,Mabote,21863.0
2024,Setembro,Inhambane,Massinga,149992.0
2024,Setembro,Inhambane,Morrumbene,66558.0
2024,Setembro,Inhambane,Panda,25136.0
2024,Setembro,Inhambane,Vilankulo,128866.0
2024,Setembro,Inhambane,Zavala (Quissico),94822.0
2024,Setembro,Manica,Bárue,120269.0
2024,Setembro,Manica,Cidade de Chimoio,487249.0
2024,Setembro,Manica,Gondola,152225.0
2024,Setembro,Manica,Guro,51381.0
2024,Setembro,Manica,Macate,26311.0
2024,Setembro,Manica,Machaze,32884.0
2024,Setembro,Manica,Macossa,18824.0
2024,Setembro,Manica,Manica,173242.0
2024,Setembro,Manica,Mossurize,37117.0
2024,Setembro,Manica,Sussundenga,88995.0
2024,Setembro,Manica,Tambara,22275.0
2024,Setembro,Manica,Vanduzi,85299.0
2024,Setembro,Nampula,Angoche,274422.0
2024,Setembro,Nampula,Cidade de Nacala-Porto,414469.0
2024,Setembro,Nampula,Cidade de Nampula,1249587.0
2024,Setembro,Nampula,Ilha de Moçambique,56693.0
2024,Setembro,Nampula,Lalaua,25160.0
2024,Setembro,Nampula,Larde,5025.0
2024,Setembro,Nampula,Liupo,4949.0
2024,Setembro,Nampula,Malema,78779.0
2024,Setembro,Nampula,Meconta (Namialo),271600.0
2024,Setembro,Nampula,Mecuburi,58206.0
2024,Setembro,Nampula,Memba,102212.0
2024,Setembro,Nampula,Mogincual,76895.0
2024,Setembro,Nampula,Mogovolas,108269.0
2024,Setembro,Nampula,Moma,176994.0
2024,Setembro,Nampula,Monapo,150173.0
2024,Setembro,Nampula,Mossuril,69658.0
2024,Setembro,Nampula,Muecate,44927.0
2024,Setembro,Nampula,Murrupula,72857.0
2024,Setembro,Nampula,Nacala-Velha,47455.0
2024,Setembro,Nampula,Nacaroa,47554.0
2024,Setembro,Nampula,Namapa-Erati,91129.0
2024,Setembro,Nampula,Rapale-Nampula,93072.0
2024,Setembro,Nampula,Ribaué,103698.0
2024,Setembro,Niassa,Chimbunhila,28128.0
2024,Setembro,Niassa,Cidade de Lichinga,286566.0
2024,Setembro,Niassa,Cuamba,165848.0
2024,Setembro,Niassa,Lago,46708.0
2024,Setembro,Niassa,Mandimba,94915.0
2024,Setembro,Niassa,Manjune,20013.0
2024,Setembro,Niassa,Marrupa,36034.0
2024,Setembro,Niassa,Mavago,13605.0
2024,Setembro,Niassa,Maúa,33982.0
2024,Setembro,Niassa,Mecanhelas,69193.0
2024,Setembro,Niassa,Mecula,7916.0
2024,Setembro,Niassa,Metarica,23371.0
2024,Setembro,Niassa,Muembe,21682.0
2024,Setembro,Niassa,Nipepe,20759.0
2024,Setembro,Niassa,N´gauma,22221.0
2024,Setembro,Niassa,Sanga,46463.0
2024,Setembro,Província de Maputo,Boane,307693.0
2024,Setembro,Província de Maputo,Cidade da Matola,1402831.0
2024,Setembro,Província de Maputo,Cidade de Maputo,1811263.0
2024,Setembro,Província de Maputo,Magude,39119.0
2024,Setembro,Província de Maputo,Manhiça,187755.0
2024,Setembro,Província de Maputo,Marracuene,339134.0
2024,Setembro,Província de Maputo,Matutuíne,49297.0
2024,Setembro,Província de Maputo,Moamba,129401.0
2024,Setembro,Província de Maputo,Namaacha,40931.0
2024,Setembro,Sofala,Buzi,62197.0
2024,Setembro,Sofala,Caia,92487.0
2024,Setembro,Sofala,Chemba,29193.0
2024,Setembro,Sofala,Cheringoma,29293.0
2024,Setembro,Sofala,Chibabava,33871.0
2024,Setembro,Sofala,Cidade da Beira,738393.0
2024,Setembro,Sofala,Dondo,183440.0
2024,Setembro,Sofala,Gorongoza,97427.0
2024,Setembro,Sofala,Machanga,17700.0
2024,Setembro,Sofala,Maringue,55638.0
2024,Setembro,Sofala,Marromeu,79130.0
2024,Setembro,Sofala,Muanza,18066.0
2024,Setembro,Sofala,Nhamatanda,162810.0
2024,Setembro,Tete,Angónia,121324.0
2024,Setembro,Tete,Cahora-Bassa,86627.0
2024,Setembro,Tete,Changara,69657.0
2024,Setembro,Tete,Chifunde,18979.0
2024,Setembro,Tete,Chiuta,27580.0
2024,Setembro,Tete,Cidade de Tete,458012.0
2024,Setembro,Tete,Doa,21759.0
2024,Setembro,Tete,Macanga,59038.0
2024,Setembro,Tete,Marara,43933.0
2024,Setembro,Tete,Maravia,9431.0
2024,Setembro,Tete,Moatize,173110.0
2024,Setembro,Tete,Mutarara,48870.0
2024,Setembro,Tete,Mágoe,31443.0
2024,Setembro,Tete,Tsangano,57208.0
2024,Setembro,Tete,Zumbo,9199.0
2024,Setembro,Zambézia,Alto Molócuè,148529.0
2024,Setembro,Zambézia,Chinde,21565.0
2024,Setembro,Zambézia,Cidade de Quelimane,375967.0
2024,Setembro,Zambézia,Derre,12734.0
2024,Setembro,Zambézia,Gilé,83175.0
2024,Setembro,Zambézia,Gurúè,198499.0
2024,Setembro,Zambézia,Ile,81351.0
2024,Setembro,Zambézia,Inhassunge,28014.0
2024,Setembro,Zambézia,Luabo,12248.0
2024,Setembro,Zambézia,Lugela,74004.0
2024,Setembro,Zambézia,Maganja da Costa,86161.0
2024,Setembro,Zambézia,Milange,224597.0
2024,Setembro,Zambézia,Mocuba,283402.0
2024,Setembro,Zambézia,Mocubela,18514.0
2024,Setembro,Zambézia,Molumbo,95626.0
2024,Setembro,Zambézia,Mopeia,75666.0
2024,Setembro,Zambézia,Morrumbala,139301.0
2024,Setembro,Zambézia,Mulevala,62177.0
2024,Setembro,Zambézia,Namacurra,76902.0
2024,Setembro,Zambézia,Namarroi,60026.0
2024,Setembro,Zambézia,Nicoadala,124278.0
2024,Setembro,Zambézia,Pebane,92420.0
2025,Abril,Cabo Delgado,Ancuabe,93442.0
2025,Abril,Cabo Delgado,Balama,68994.0
2025,Abril,Cabo Delgado,Chiúre,119896.0
2025,Abril,Cabo Delgado,Cidade de Pemba,336202.0
2025,Abril,Cabo Delgado,Ibo,9645.0
2025,Abril,Cabo Delgado,Macomia,44507.0
2025,Abril,Cabo Delgado,Mecufi,20142.0
2025,Abril,Cabo Delgado,Meluco,14246.0
2025,Abril,Cabo Delgado,Mocimboa da Praia,88862.0
2025,Abril,Cabo Delgado,Montepuez,214904.0
2025,Abril,Cabo Delgado,Mueda,131910.0
2025,Abril,Cabo Delgado,Muidumbe,24055.0
2025,Abril,Cabo Delgado,Namuno,68433.0
2025,Abril,Cabo Delgado,Nangade,41619.0
2025,Abril,Cabo Delgado,Palma,71115.0
2025,Abril,Cabo Delgado,Pemba-Metuge,78174.0
2025,Abril,Cabo Delgado,Quissanga,13057.0
2025,Abril,Gaza,Bilene-Macia,185242.0
2025,Abril,Gaza,Chibuto,158587.0
2025,Abril,Gaza,Chicualacuala,16827.0
2025,Abril,Gaza,Chigubo,9502.0
2025,Abril,Gaza,Chonguene,99567.0
2025,Abril,Gaza,Chókwè,169647.0
2025,Abril,Gaza,Cidade de Xai-Xai,192708.0
2025,Abril,Gaza,Guijá,53769.0
2025,Abril,Gaza,Limpopo,97073.0
2025,Abril,Gaza,Mabalane,18148.0
2025,Abril,Gaza,Manjacaze,109740.0
2025,Abril,Gaza,Mapai,22638.0
2025,Abril,Gaza,Massangena,8916.0
2025,Abril,Gaza,Massingir,14364.0
2025,Abril,Inhambane,Cidade de Inhambane,118482.0
2025,Abril,Inhambane,Cidade de Maxixe,156099.0
2025,Abril,Inhambane,Funhaloro,19309.0
2025,Abril,Inhambane,Govuro,36954.0
2025,Abril,Inhambane,Homoine,64943.0
2025,Abril,Inhambane,Inharrime,95271.0
2025,Abril,Inhambane,Inhassoro,59982.0
2025,Abril,Inhambane,Jangamo,76835.0
2025,Abril,Inhambane,Mabote,25379.0
2025,Abril,Inhambane,Massinga,180971.0
2025,Abril,Inhambane,Morrumbene,78652.0
2025,Abril,Inhambane,Panda,29387.0
2025,Abril,Inhambane,Vilankulo,145290.0
2025,Abril,Inhambane,Zavala (Quissico),115681.0
2025,Abril,Manica,Bárue,141155.0
2025,Abril,Manica,Cidade de Chimoio,613295.0
2025,Abril,Manica,Gondola,187758.0
2025,Abril,Manica,Guro,57786.0
2025,Abril,Manica,Macate,31370.0
2025,Abril,Manica,Machaze,38348.0
2025,Abril,Manica,Macossa,21145.0
2025,Abril,Manica,Manica,209371.0
2025,Abril,Manica,Mossurize,44971.0
2025,Abril,Manica,Sussundenga,107187.0
2025,Abril,Manica,Tambara,25192.0
2025,Abril,Manica,Vanduzi,111960.0
2025,Abril,Nampula,Angoche,380254.0
2025,Abril,Nampula,Cidade de Nacala-Porto,496145.0
2025,Abril,Nampula,Cidade de Nampula,1512684.0
2025,Abril,Nampula,Ilha de Moçambique,71355.0
2025,Abril,Nampula,Lalaua,26756.0
2025,Abril,Nampula,Larde,8256.0
2025,Abril,Nampula,Liupo,9601.0
2025,Abril,Nampula,Malema,94227.0
2025,Abril,Nampula,Meconta (Namialo),553762.0
2025,Abril,Nampula,Mecuburi,68157.0
2025,Abril,Nampula,Memba,116915.0
2025,Abril,Nampula,Mogincual,96556.0
2025,Abril,Nampula,Mogovolas,144246.0
2025,Abril,Nampula,Moma,201223.0
2025,Abril,Nampula,Monapo,190846.0
2025,Abril,Nampula,Mossuril,81715.0
2025,Abril,Nampula,Muecate,63543.0
2025,Abril,Nampula,Murrupula,101449.0
2025,Abril,Nampula,Nacala-Velha,53119.0
2025,Abril,Nampula,Nacaroa,60930.0
2025,Abril,Nampula,Namapa-Erati,109511.0
2025,Abril,Nampula,Rapale-Nampula,132060.0
2025,Abril,Nampula,Ribaué,133983.0
2025,Abril,Niassa,Chimbunhila,38901.0
2025,Abril,Niassa,Cidade de Lichinga,346124.0
2025,Abril,Niassa,Cuamba,205567.0
2025,Abril,Niassa,Lago,65108.0
2025,Abril,Niassa,Mandimba,130228.0
2025,Abril,Niassa,Manjune,27515.0
2025,Abril,Niassa,Marrupa,42440.0
2025,Abril,Niassa,Mavago,14220.0
2025,Abril,Niassa,Maúa,44719.0
2025,Abril,Niassa,Mecanhelas,86460.0
2025,Abril,Niassa,Mecula,9072.0
2025,Abril,Niassa,Metarica,31566.0
2025,Abril,Niassa,Muembe,26695.0
2025,Abril,Niassa,Nipepe,23152.0
2025,Abril,Niassa,N´gauma,30549.0
2025,Abril,Niassa,Sanga,64052.0
2025,Abril,Província de Maputo,Boane,351251.0
2025,Abril,Província de Maputo,Cidade da Matola,1511951.0
2025,Abril,Província de Maputo,Cidade de Maputo,2079284.0
2025,Abril,Província de Maputo,Magude,47965.0
2025,Abril,Província de Maputo,Manhiça,227302.0
2025,Abril,Província de Maputo,Marracuene,346496.0
2025,Abril,Província de Maputo,Matutuíne,59696.0
2025,Abril,Província de Maputo,Moamba,174774.0
2025,Abril,Província de Maputo,Namaacha,45487.0
2025,Abril,Sofala,Buzi,72015.0
2025,Abril,Sofala,Caia,133308.0
2025,Abril,Sofala,Chemba,33209.0
2025,Abril,Sofala,Cheringoma,33047.0
2025,Abril,Sofala,Chibabava,45501.0
2025,Abril,Sofala,Cidade da Beira,863552.0
2025,Abril,Sofala,Dondo,216208.0
2025,Abril,Sofala,Gorongoza,108916.0
2025,Abril,Sofala,Machanga,21114.0
2025,Abril,Sofala,Maringue,61899.0
2025,Abril,Sofala,Marromeu,94967.0
2025,Abril,Sofala,Muanza,20131.0
2025,Abril,Sofala,Nhamatanda,184796.0
2025,Abril,Tete,Angónia,183370.0
2025,Abril,Tete,Cahora-Bassa,104668.0
2025,Abril,Tete,Changara,87546.0
2025,Abril,Tete,Chifunde,26402.0
2025,Abril,Tete,Chiuta,36470.0
2025,Abril,Tete,Cidade de Tete,530520.0
2025,Abril,Tete,Doa,24454.0
2025,Abril,Tete,Macanga,77280.0
2025,Abril,Tete,Marara,51317.0
2025,Abril,Tete,Maravia,12182.0
2025,Abril,Tete,Moatize,238534.0
2025,Abril,Tete,Mutarara,57275.0
2025,Abril,Tete,Mágoe,37301.0
2025,Abril,Tete,Tsangano,74124.0
2025,Abril,Tete,Zumbo,10038.0
2025,Abril,Zambézia,Alto Molócuè,183125.0
2025,Abril,Zambézia,Chinde,24804.0
2025,Abril,Zambézia,Cidade de Quelimane,458410.0
2025,Abril,Zambézia,Derre,15562.0
2025,Abril,Zambézia,Gilé,101869.0
2025,Abril,Zambézia,Gurúè,225328.0
2025,Abril,Zambézia,Ile,89450.0
2025,Abril,Zambézia,Inhassunge,37432.0
2025,Abril,Zambézia,Luabo,14776.0
2025,Abril,Zambézia,Lugela,82206.0
2025,Abril,Zambézia,Maganja da Costa,105142.0
2025,Abril,Zambézia,Milange,273281.0
2025,Abril,Zambézia,Mocuba,331532.0
2025,Abril,Zambézia,Mocubela,22403.0
2025,Abril,Zambézia,Molumbo,95996.0
2025,Abril,Zambézia,Mopeia,84529.0
2025,Abril,Zambézia,Morrumbala,136304.0
2025,Abril,Zambézia,Mulevala,70002.0
2025,Abril,Zambézia,Namacurra,97587.0
2025,Abril,Zambézia,Namarroi,63585.0
2025,Abril,Zambézia,Nicoadala,158893.0
2025,Abril,Zambézia,Pebane,108904.0
2025,Agosto,Cabo Delgado,Ancuabe,122046.0
2025,Agosto,Cabo Delgado,Balama,94994.0
2025,Agosto,Cabo Delgado,Chiúre,161548.0
2025,Agosto,Cabo Delgado,Cidade de Pemba,339738.0
2025,Agosto,Cabo Delgado,Ibo,11015.0
2025,Agosto,Cabo Delgado,Macomia,47984.0
2025,Agosto,Cabo Delgado,Mecufi,20146.0
2025,Agosto,Cabo Delgado,Meluco,14773.0
2025,Agosto,Cabo Delgado,Mocimboa da Praia,89526.0
2025,Agosto,Cabo Delgado,Montepuez,213173.0
2025,Agosto,Cabo Delgado,Mueda,139153.0
2025,Agosto,Cabo Delgado,Muidumbe,27098.0
2025,Agosto,Cabo Delgado,Namuno,84949.0
2025,Agosto,Cabo Delgado,Nangade,41813.0
2025,Agosto,Cabo Delgado,Palma,62980.0
2025,Agosto,Cabo Delgado,Pemba-Metuge,89855.0
2025,Agosto,Cabo Delgado,Quissanga,15578.0
2025,Agosto,Gaza,Bilene-Macia,236810.0
2025,Agosto,Gaza,Chibuto,194750.0
2025,Agosto,Gaza,Chicualacuala,19607.0
2025,Agosto,Gaza,Chigubo,11449.0
2025,Agosto,Gaza,Chonguene,126980.0
2025,Agosto,Gaza,Chókwè,204037.0
2025,Agosto,Gaza,Cidade de Xai-Xai,197686.0
2025,Agosto,Gaza,Guijá,55590.0
2025,Agosto,Gaza,Limpopo,91308.0
2025,Agosto,Gaza,Mabalane,19317.0
2025,Agosto,Gaza,Manjacaze,110468.0
2025,Agosto,Gaza,Mapai,23369.0
2025,Agosto,Gaza,Massangena,10358.0
2025,Agosto,Gaza,Massingir,15468.0
2025,Agosto,Inhambane,Cidade de Inhambane,142759.0
2025,Agosto,Inhambane,Cidade de Maxixe,169871.0
2025,Agosto,Inhambane,Funhaloro,21629.0
2025,Agosto,Inhambane,Govuro,44456.0
2025,Agosto,Inhambane,Homoine,67652.0
2025,Agosto,Inhambane,Inharrime,103886.0
2025,Agosto,Inhambane,Inhassoro,61807.0
2025,Agosto,Inhambane,Jangamo,71903.0
2025,Agosto,Inhambane,Mabote,29682.0
2025,Agosto,Inhambane,Massinga,183517.0
2025,Agosto,Inhambane,Morrumbene,73210.0
2025,Agosto,Inhambane,Panda,25639.0
2025,Agosto,Inhambane,Vilankulo,132132.0
2025,Agosto,Inhambane,Zavala (Quissico),100848.0
2025,Agosto,Manica,Bárue,174268.0
2025,Agosto,Manica,Cidade de Chimoio,696192.0
2025,Agosto,Manica,Gondola,194337.0
2025,Agosto,Manica,Guro,61577.0
2025,Agosto,Manica,Macate,34710.0
2025,Agosto,Manica,Machaze,45527.0
2025,Agosto,Manica,Macossa,24696.0
2025,Agosto,Manica,Manica,221965.0
2025,Agosto,Manica,Mossurize,50714.0
2025,Agosto,Manica,Sussundenga,99926.0
2025,Agosto,Manica,Tambara,26770.0
2025,Agosto,Manica,Vanduzi,104051.0
2025,Agosto,Nampula,Angoche,387028.0
2025,Agosto,Nampula,Cidade de Nacala-Porto,515837.0
2025,Agosto,Nampula,Cidade de Nampula,1542107.0
2025,Agosto,Nampula,Ilha de Moçambique,74578.0
2025,Agosto,Nampula,Lalaua,34980.0
2025,Agosto,Nampula,Larde,10930.0
2025,Agosto,Nampula,Liupo,11554.0
2025,Agosto,Nampula,Malema,107932.0
2025,Agosto,Nampula,Meconta (Namialo),479906.0
2025,Agosto,Nampula,Mecuburi,78272.0
2025,Agosto,Nampula,Memba,136351.0
2025,Agosto,Nampula,Mogincual,93229.0
2025,Agosto,Nampula,Mogovolas,148794.0
2025,Agosto,Nampula,Moma,212343.0
2025,Agosto,Nampula,Monapo,170634.0
2025,Agosto,Nampula,Mossuril,66356.0
2025,Agosto,Nampula,Muecate,63843.0
2025,Agosto,Nampula,Murrupula,92035.0
2025,Agosto,Nampula,Nacala-Velha,51876.0
2025,Agosto,Nampula,Nacaroa,65957.0
2025,Agosto,Nampula,Namapa-Erati,120129.0
2025,Agosto,Nampula,Rapale-Nampula,138306.0
2025,Agosto,Nampula,Ribaué,125258.0
2025,Agosto,Niassa,Chimbunhila,48738.0
2025,Agosto,Niassa,Cidade de Lichinga,371935.0
2025,Agosto,Niassa,Cuamba,229033.0
2025,Agosto,Niassa,Lago,73870.0
2025,Agosto,Niassa,Mandimba,121702.0
2025,Agosto,Niassa,Manjune,31138.0
2025,Agosto,Niassa,Marrupa,45091.0
2025,Agosto,Niassa,Mavago,17459.0
2025,Agosto,Niassa,Maúa,48217.0
2025,Agosto,Niassa,Mecanhelas,98383.0
2025,Agosto,Niassa,Mecula,9548.0
2025,Agosto,Niassa,Metarica,32168.0
2025,Agosto,Niassa,Muembe,31143.0
2025,Agosto,Niassa,Nipepe,23877.0
2025,Agosto,Niassa,N´gauma,34144.0
2025,Agosto,Niassa,Sanga,66696.0
2025,Agosto,Província de Maputo,Boane,404725.0
2025,Agosto,Província de Maputo,Cidade da Matola,1621350.0
2025,Agosto,Província de Maputo,Cidade de Maputo,2249740.0
2025,Agosto,Província de Maputo,Magude,51530.0
2025,Agosto,Província de Maputo,Manhiça,223941.0
2025,Agosto,Província de Maputo,Marracuene,311958.0
2025,Agosto,Província de Maputo,Matutuíne,51265.0
2025,Agosto,Província de Maputo,Moamba,136676.0
2025,Agosto,Província de Maputo,Namaacha,38662.0
2025,Agosto,Sofala,Buzi,90427.0
2025,Agosto,Sofala,Caia,167887.0
2025,Agosto,Sofala,Chemba,40028.0
2025,Agosto,Sofala,Cheringoma,40083.0
2025,Agosto,Sofala,Chibabava,56998.0
2025,Agosto,Sofala,Cidade da Beira,1001960.0
2025,Agosto,Sofala,Dondo,206991.0
2025,Agosto,Sofala,Gorongoza,120493.0
2025,Agosto,Sofala,Machanga,21994.0
2025,Agosto,Sofala,Maringue,67676.0
2025,Agosto,Sofala,Marromeu,96671.0
2025,Agosto,Sofala,Muanza,21164.0
2025,Agosto,Sofala,Nhamatanda,158098.0
2025,Agosto,Tete,Angónia,233957.0
2025,Agosto,Tete,Cahora-Bassa,122726.0
2025,Agosto,Tete,Changara,108717.0
2025,Agosto,Tete,Chifunde,34437.0
2025,Agosto,Tete,Chiuta,42189.0
2025,Agosto,Tete,Cidade de Tete,546992.0
2025,Agosto,Tete,Doa,29961.0
2025,Agosto,Tete,Macanga,86138.0
2025,Agosto,Tete,Marara,44231.0
2025,Agosto,Tete,Maravia,11806.0
2025,Agosto,Tete,Moatize,198620.0
2025,Agosto,Tete,Mutarara,55164.0
2025,Agosto,Tete,Mágoe,36895.0
2025,Agosto,Tete,Tsangano,87514.0
2025,Agosto,Tete,Zumbo,11627.0
2025,Agosto,Zambézia,Alto Molócuè,221485.0
2025,Agosto,Zambézia,Chinde,30437.0
2025,Agosto,Zambézia,Cidade de Quelimane,477972.0
2025,Agosto,Zambézia,Derre,15582.0
2025,Agosto,Zambézia,Gilé,110754.0
2025,Agosto,Zambézia,Gurúè,245888.0
2025,Agosto,Zambézia,Ile,98843.0
2025,Agosto,Zambézia,Inhassunge,37615.0
2025,Agosto,Zambézia,Luabo,13748.0
2025,Agosto,Zambézia,Lugela,89531.0
2025,Agosto,Zambézia,Maganja da Costa,112327.0
2025,Agosto,Zambézia,Milange,270219.0
2025,Agosto,Zambézia,Mocuba,315446.0
2025,Agosto,Zambézia,Mocubela,20741.0
2025,Agosto,Zambézia,Molumbo,108882.0
2025,Agosto,Zambézia,Mopeia,85330.0
2025,Agosto,Zambézia,Morrumbala,138603.0
2025,Agosto,Zambézia,Mulevala,71917.0
2025,Agosto,Zambézia,Namacurra,94329.0
2025,Agosto,Zambézia,Namarroi,71062.0
2025,Agosto,Zambézia,Nicoadala,140233.0
2025,Agosto,Zambézia,Pebane,111770.0
2025,Dezembro,Cabo Delgado,Ancuabe,128307.0
2025,Dezembro,Cabo Delgado,Balama,109470.0
2025,Dezembro,Cabo Delgado,Chiúre,175309.0
2025,Dezembro,Cabo Delgado,Cidade de Pemba,317585.0
2025,Dezembro,Cabo Delgado,Ibo,12030.0
2025,Dezembro,Cabo Delgado,Macomia,53555.0
2025,Dezembro,Cabo Delgado,Mecufi,30892.0
2025,Dezembro,Cabo Delgado,Meluco,17246.0
2025,Dezembro,Cabo Delgado,Mocimboa da Praia,79220.0
2025,Dezembro,Cabo Delgado,Montepuez,241556.0
2025,Dezembro,Cabo Delgado,Mueda,162371.0
2025,Dezembro,Cabo Delgado,Muidumbe,31184.0
2025,Dezembro,Cabo Delgado,Namuno,91083.0
2025,Dezembro,Cabo Delgado,Nangade,51613.0
2025,Dezembro,Cabo Delgado,Palma,72917.0
2025,Dezembro,Cabo Delgado,Pemba-Metuge,107025.0
2025,Dezembro,Cabo Delgado,Quissanga,20530.0
2025,Dezembro,Gaza,Bilene-Macia,266412.0
2025,Dezembro,Gaza,Chibuto,231425.0
2025,Dezembro,Gaza,Chicualacuala,21297.0
2025,Dezembro,Gaza,Chigubo,12780.0
2025,Dezembro,Gaza,Chonguene,150236.0
2025,Dezembro,Gaza,Chókwè,222580.0
2025,Dezembro,Gaza,Cidade de Xai-Xai,205214.0
2025,Dezembro,Gaza,Guijá,66337.0
2025,Dezembro,Gaza,Limpopo,113999.0
2025,Dezembro,Gaza,Mabalane,21741.0
2025,Dezembro,Gaza,Manjacaze,111326.0
2025,Dezembro,Gaza,Mapai,26451.0
2025,Dezembro,Gaza,Massangena,11780.0
2025,Dezembro,Gaza,Massingir,17590.0
2025,Dezembro,Inhambane,Cidade de Inhambane,127575.0
2025,Dezembro,Inhambane,Cidade de Maxixe,159729.0
2025,Dezembro,Inhambane,Funhaloro,25896.0
2025,Dezembro,Inhambane,Govuro,46916.0
2025,Dezembro,Inhambane,Homoine,82652.0
2025,Dezembro,Inhambane,Inharrime,121438.0
2025,Dezembro,Inhambane,Inhassoro,66153.0
2025,Dezembro,Inhambane,Jangamo,92344.0
2025,Dezembro,Inhambane,Mabote,33468.0
2025,Dezembro,Inhambane,Massinga,214261.0
2025,Dezembro,Inhambane,Morrumbene,87741.0
2025,Dezembro,Inhambane,Panda,31518.0
2025,Dezembro,Inhambane,Vilankulo,146258.0
2025,Dezembro,Inhambane,Zavala (Quissico),124175.0
2025,Dezembro,Manica,Bárue,188027.0
2025,Dezembro,Manica,Cidade de Chimoio,747653.0
2025,Dezembro,Manica,Gondola,213152.0
2025,Dezembro,Manica,Guro,63377.0
2025,Dezembro,Manica,Macate,38184.0
2025,Dezembro,Manica,Machaze,51183.0
2025,Dezembro,Manica,Macossa,26105.0
2025,Dezembro,Manica,Manica,229547.0
2025,Dezembro,Manica,Mossurize,54818.0
2025,Dezembro,Manica,Sussundenga,109050.0
2025,Dezembro,Manica,Tambara,28219.0
2025,Dezembro,Manica,Vanduzi,118633.0
2025,Dezembro,Nampula,Angoche,431004.0
2025,Dezembro,Nampula,Cidade de Nacala-Porto,597444.0
2025,Dezembro,Nampula,Cidade de Nampula,1730592.0
2025,Dezembro,Nampula,Ilha de Moçambique,72604.0
2025,Dezembro,Nampula,Lalaua,36681.0
2025,Dezembro,Nampula,Larde,32603.0
2025,Dezembro,Nampula,Liupo,36174.0
2025,Dezembro,Nampula,Malema,118741.0
2025,Dezembro,Nampula,Meconta (Namialo),497575.0
2025,Dezembro,Nampula,Mecuburi,85790.0
2025,Dezembro,Nampula,Memba,147954.0
2025,Dezembro,Nampula,Mogincual,77567.0
2025,Dezembro,Nampula,Mogovolas,166502.0
2025,Dezembro,Nampula,Moma,217609.0
2025,Dezembro,Nampula,Monapo,189256.0
2025,Dezembro,Nampula,Mossuril,80986.0
2025,Dezembro,Nampula,Muecate,73609.0
2025,Dezembro,Nampula,Murrupula,104782.0
2025,Dezembro,Nampula,Nacala-Velha,59433.0
2025,Dezembro,Nampula,Nacaroa,73703.0
2025,Dezembro,Nampula,Namapa-Erati,138849.0
2025,Dezembro,Nampula,Rapale-Nampula,169788.0
2025,Dezembro,Nampula,Ribaué,140957.0
2025,Dezembro,Niassa,Chimbunhila,52174.0
2025,Dezembro,Niassa,Cidade de Lichinga,383719.0
2025,Dezembro,Niassa,Cuamba,242413.0
2025,Dezembro,Niassa,Lago,83895.0
2025,Dezembro,Niassa,Mandimba,130308.0
2025,Dezembro,Niassa,Manjune,34250.0
2025,Dezembro,Niassa,Marrupa,48020.0
2025,Dezembro,Niassa,Mavago,19377.0
2025,Dezembro,Niassa,Maúa,54599.0
2025,Dezembro,Niassa,Mecanhelas,117675.0
2025,Dezembro,Niassa,Mecula,9993.0
2025,Dezembro,Niassa,Metarica,36334.0
2025,Dezembro,Niassa,Muembe,33602.0
2025,Dezembro,Niassa,Nipepe,26804.0
2025,Dezembro,Niassa,N´gauma,38995.0
2025,Dezembro,Niassa,Sanga,69946.0
2025,Dezembro,Província de Maputo,Boane,425908.0
2025,Dezembro,Província de Maputo,Cidade da Matola,1501791.0
2025,Dezembro,Província de Maputo,Cidade de Maputo,2355539.0
2025,Dezembro,Província de Maputo,Magude,56938.0
2025,Dezembro,Província de Maputo,Manhiça,250564.0
2025,Dezembro,Província de Maputo,Marracuene,340947.0
2025,Dezembro,Província de Maputo,Matutuíne,62467.0
2025,Dezembro,Província de Maputo,Moamba,160119.0
2025,Dezembro,Província de Maputo,Namaacha,45134.0
2025,Dezembro,Sofala,Buzi,97471.0
2025,Dezembro,Sofala,Caia,180814.0
2025,Dezembro,Sofala,Chemba,42800.0
2025,Dezembro,Sofala,Cheringoma,43497.0
2025,Dezembro,Sofala,Chibabava,67785.0
2025,Dezembro,Sofala,Cidade da Beira,1060188.0
2025,Dezembro,Sofala,Dondo,227006.0
2025,Dezembro,Sofala,Gorongoza,131785.0
2025,Dezembro,Sofala,Machanga,29616.0
2025,Dezembro,Sofala,Maringue,72823.0
2025,Dezembro,Sofala,Marromeu,104790.0
2025,Dezembro,Sofala,Muanza,22514.0
2025,Dezembro,Sofala,Nhamatanda,176050.0
2025,Dezembro,Tete,Angónia,261680.0
2025,Dezembro,Tete,Cahora-Bassa,111848.0
2025,Dezembro,Tete,Changara,117977.0
2025,Dezembro,Tete,Chifunde,37686.0
2025,Dezembro,Tete,Chiuta,50241.0
2025,Dezembro,Tete,Cidade de Tete,537405.0
2025,Dezembro,Tete,Doa,33772.0
2025,Dezembro,Tete,Macanga,91175.0
2025,Dezembro,Tete,Marara,55351.0
2025,Dezembro,Tete,Maravia,12965.0
2025,Dezembro,Tete,Moatize,247960.0
2025,Dezembro,Tete,Mutarara,63236.0
2025,Dezembro,Tete,Mágoe,40877.0
2025,Dezembro,Tete,Tsangano,88434.0
2025,Dezembro,Tete,Zumbo,13981.0
2025,Dezembro,Zambézia,Alto Molócuè,219680.0
2025,Dezembro,Zambézia,Chinde,32597.0
2025,Dezembro,Zambézia,Cidade de Quelimane,536977.0
2025,Dezembro,Zambézia,Derre,17848.0
2025,Dezembro,Zambézia,Gilé,122968.0
2025,Dezembro,Zambézia,Gurúè,265229.0
2025,Dezembro,Zambézia,Ile,113128.0
2025,Dezembro,Zambézia,Inhassunge,44697.0
2025,Dezembro,Zambézia,Luabo,18030.0
2025,Dezembro,Zambézia,Lugela,100500.0
2025,Dezembro,Zambézia,Maganja da Costa,121913.0
2025,Dezembro,Zambézia,Milange,281855.0
2025,Dezembro,Zambézia,Mocuba,356060.0
2025,Dezembro,Zambézia,Mocubela,26129.0
2025,Dezembro,Zambézia,Molumbo,111154.0
2025,Dezembro,Zambézia,Mopeia,101105.0
2025,Dezembro,Zambézia,Morrumbala,159111.0
2025,Dezembro,Zambézia,Mulevala,80000.0
2025,Dezembro,Zambézia,Namacurra,110968.0
2025,Dezembro,Zambézia,Namarroi,71309.0
2025,Dezembro,Zambézia,Nicoadala,164063.0
2025,Dezembro,Zambézia,Pebane,126103.0
2025,Fevereiro,Cabo Delgado,Ancuabe,92598.0
2025,Fevereiro,Cabo Delgado,Balama,67275.0
2025,Fevereiro,Cabo Delgado,Chiúre,112295.0
2025,Fevereiro,Cabo Delgado,Cidade de Pemba,320831.0
2025,Fevereiro,Cabo Delgado,Ibo,9363.0
2025,Fevereiro,Cabo Delgado,Macomia,41246.0
2025,Fevereiro,Cabo Delgado,Mecufi,18531.0
2025,Fevereiro,Cabo Delgado,Meluco,13625.0
2025,Fevereiro,Cabo Delgado,Mocimboa da Praia,84462.0
2025,Fevereiro,Cabo Delgado,Montepuez,196466.0
2025,Fevereiro,Cabo Delgado,Mueda,124141.0
2025,Fevereiro,Cabo Delgado,Muidumbe,21657.0
2025,Fevereiro,Cabo Delgado,Namuno,58574.0
2025,Fevereiro,Cabo Delgado,Nangade,40542.0
2025,Fevereiro,Cabo Delgado,Palma,62885.0
2025,Fevereiro,Cabo Delgado,Pemba-Metuge,75071.0
2025,Fevereiro,Cabo Delgado,Quissanga,11704.0
2025,Fevereiro,Gaza,Bilene-Macia,187842.0
2025,Fevereiro,Gaza,Chibuto,153186.0
2025,Fevereiro,Gaza,Chicualacuala,16373.0
2025,Fevereiro,Gaza,Chigubo,9265.0
2025,Fevereiro,Gaza,Chonguene,101972.0
2025,Fevereiro,Gaza,Chókwè,163667.0
2025,Fevereiro,Gaza,Cidade de Xai-Xai,180780.0
2025,Fevereiro,Gaza,Guijá,48921.0
2025,Fevereiro,Gaza,Limpopo,91026.0
2025,Fevereiro,Gaza,Mabalane,17110.0
2025,Fevereiro,Gaza,Manjacaze,103430.0
2025,Fevereiro,Gaza,Mapai,21428.0
2025,Fevereiro,Gaza,Massangena,8369.0
2025,Fevereiro,Gaza,Massingir,13763.0
2025,Fevereiro,Inhambane,Cidade de Inhambane,117660.0
2025,Fevereiro,Inhambane,Cidade de Maxixe,152667.0
2025,Fevereiro,Inhambane,Funhaloro,18874.0
2025,Fevereiro,Inhambane,Govuro,35040.0
2025,Fevereiro,Inhambane,Homoine,60218.0
2025,Fevereiro,Inhambane,Inharrime,91222.0
2025,Fevereiro,Inhambane,Inhassoro,57337.0
2025,Fevereiro,Inhambane,Jangamo,70180.0
2025,Fevereiro,Inhambane,Mabote,24181.0
2025,Fevereiro,Inhambane,Massinga,172223.0
2025,Fevereiro,Inhambane,Morrumbene,72756.0
2025,Fevereiro,Inhambane,Panda,26335.0
2025,Fevereiro,Inhambane,Vilankulo,133439.0
2025,Fevereiro,Inhambane,Zavala (Quissico),104321.0
2025,Fevereiro,Manica,Bárue,137674.0
2025,Fevereiro,Manica,Cidade de Chimoio,565968.0
2025,Fevereiro,Manica,Gondola,176204.0
2025,Fevereiro,Manica,Guro,55205.0
2025,Fevereiro,Manica,Macate,28318.0
2025,Fevereiro,Manica,Machaze,36468.0
2025,Fevereiro,Manica,Macossa,19099.0
2025,Fevereiro,Manica,Manica,194491.0
2025,Fevereiro,Manica,Mossurize,41089.0
2025,Fevereiro,Manica,Sussundenga,96813.0
2025,Fevereiro,Manica,Tambara,23075.0
2025,Fevereiro,Manica,Vanduzi,104322.0
2025,Fevereiro,Nampula,Angoche,386620.0
2025,Fevereiro,Nampula,Cidade de Nacala-Porto,466986.0
2025,Fevereiro,Nampula,Cidade de Nampula,1376068.0
2025,Fevereiro,Nampula,Ilha de Moçambique,71916.0
2025,Fevereiro,Nampula,Lalaua,25428.27
2025,Fevereiro,Nampula,Larde,6718.0
2025,Fevereiro,Nampula,Liupo,9558.0
2025,Fevereiro,Nampula,Malema,86807.0
2025,Fevereiro,Nampula,Meconta (Namialo),438147.0
2025,Fevereiro,Nampula,Mecuburi,62325.0
2025,Fevereiro,Nampula,Memba,108054.0
2025,Fevereiro,Nampula,Mogincual,88259.0
2025,Fevereiro,Nampula,Mogovolas,133792.0
2025,Fevereiro,Nampula,Moma,194537.0
2025,Fevereiro,Nampula,Monapo,176890.0
2025,Fevereiro,Nampula,Mossuril,76755.0
2025,Fevereiro,Nampula,Muecate,61016.0
2025,Fevereiro,Nampula,Murrupula,93555.0
2025,Fevereiro,Nampula,Nacala-Velha,48617.0
2025,Fevereiro,Nampula,Nacaroa,54373.0
2025,Fevereiro,Nampula,Namapa-Erati,96196.0
2025,Fevereiro,Nampula,Rapale-Nampula,114084.0
2025,Fevereiro,Nampula,Ribaué,120292.0
2025,Fevereiro,Niassa,Chimbunhila,39599.0
2025,Fevereiro,Niassa,Cidade de Lichinga,334868.0
2025,Fevereiro,Niassa,Cuamba,194138.0
2025,Fevereiro,Niassa,Lago,60515.0
2025,Fevereiro,Niassa,Mandimba,122868.0
2025,Fevereiro,Niassa,Manjune,24974.0
2025,Fevereiro,Niassa,Marrupa,40090.0
2025,Fevereiro,Niassa,Mavago,13660.0
2025,Fevereiro,Niassa,Maúa,42431.0
2025,Fevereiro,Niassa,Mecanhelas,76287.0
2025,Fevereiro,Niassa,Mecula,8678.0
2025,Fevereiro,Niassa,Metarica,28848.24
2025,Fevereiro,Niassa,Muembe,26207.0
2025,Fevereiro,Niassa,Nipepe,22144.0
2025,Fevereiro,Niassa,N´gauma,25665.0
2025,Fevereiro,Niassa,Sanga,58740.0
2025,Fevereiro,Província de Maputo,Boane,366825.0
2025,Fevereiro,Província de Maputo,Cidade da Matola,1520263.0
2025,Fevereiro,Província de Maputo,Cidade de Maputo,1600528.0
2025,Fevereiro,Província de Maputo,Magude,45575.0
2025,Fevereiro,Província de Maputo,Manhiça,211589.0
2025,Fevereiro,Província de Maputo,Marracuene,316700.0
2025,Fevereiro,Província de Maputo,Matutuíne,53465.0
2025,Fevereiro,Província de Maputo,Moamba,153660.0
2025,Fevereiro,Província de Maputo,Namaacha,39326.0
2025,Fevereiro,Sofala,Buzi,70784.0
2025,Fevereiro,Sofala,Caia,137257.0
2025,Fevereiro,Sofala,Chemba,32986.0
2025,Fevereiro,Sofala,Cheringoma,31974.0
2025,Fevereiro,Sofala,Chibabava,47053.0
2025,Fevereiro,Sofala,Cidade da Beira,851665.0
2025,Fevereiro,Sofala,Dondo,211019.0
2025,Fevereiro,Sofala,Gorongoza,103915.0
2025,Fevereiro,Sofala,Machanga,19326.0
2025,Fevereiro,Sofala,Maringue,58804.0
2025,Fevereiro,Sofala,Marromeu,88441.0
2025,Fevereiro,Sofala,Muanza,17994.0
2025,Fevereiro,Sofala,Nhamatanda,169298.0
2025,Fevereiro,Tete,Angónia,176734.0
2025,Fevereiro,Tete,Cahora-Bassa,105142.0
2025,Fevereiro,Tete,Changara,83680.0
2025,Fevereiro,Tete,Chifunde,24089.0
2025,Fevereiro,Tete,Chiuta,36267.0
2025,Fevereiro,Tete,Cidade de Tete,497619.0
2025,Fevereiro,Tete,Doa,23373.0
2025,Fevereiro,Tete,Macanga,69282.0
2025,Fevereiro,Tete,Marara,46851.0
2025,Fevereiro,Tete,Maravia,11634.0
2025,Fevereiro,Tete,Moatize,215591.0
2025,Fevereiro,Tete,Mutarara,52241.0
2025,Fevereiro,Tete,Mágoe,34849.0
2025,Fevereiro,Tete,Tsangano,62325.0
2025,Fevereiro,Tete,Zumbo,8732.0
2025,Fevereiro,Zambézia,Alto Molócuè,179075.0
2025,Fevereiro,Zambézia,Chinde,25124.0
2025,Fevereiro,Zambézia,Cidade de Quelimane,426667.0
2025,Fevereiro,Zambézia,Derre,15578.68
2025,Fevereiro,Zambézia,Gilé,93378.0
2025,Fevereiro,Zambézia,Gurúè,206706.0
2025,Fevereiro,Zambézia,Ile,83133.0
2025,Fevereiro,Zambézia,Inhassunge,34981.0
2025,Fevereiro,Zambézia,Luabo,14777.0
2025,Fevereiro,Zambézia,Lugela,74973.0
2025,Fevereiro,Zambézia,Maganja da Costa,100287.0
2025,Fevereiro,Zambézia,Milange,243431.0
2025,Fevereiro,Zambézia,Mocuba,304567.0
2025,Fevereiro,Zambézia,Mocubela,20415.0
2025,Fevereiro,Zambézia,Molumbo,84334.0
2025,Fevereiro,Zambézia,Mopeia,79546.0
2025,Fevereiro,Zambézia,Morrumbala,128150.08
2025,Fevereiro,Zambézia,Mulevala,65126.0
2025,Fevereiro,Zambézia,Namacurra,90404.0
2025,Fevereiro,Zambézia,Namarroi,55856.4
2025,Fevereiro,Zambézia,Nicoadala,147789.0
2025,Fevereiro,Zambézia,Pebane,102940.0
2025,Janeiro,Cabo Delgado,Ancuabe,91416.0
2025,Janeiro,Cabo Delgado,Balama,65886.0
2025,Janeiro,Cabo Delgado,Chiúre,110872.0
2025,Janeiro,Cabo Delgado,Cidade de Pemba,314836.0
2025,Janeiro,Cabo Delgado,Ibo,9142.0
2025,Janeiro,Cabo Delgado,Macomia,39172.0
2025,Janeiro,Cabo Delgado,Mecufi,18728.0
2025,Janeiro,Cabo Delgado,Meluco,12839.0
2025,Janeiro,Cabo Delgado,Mocimboa da Praia,82066.0
2025,Janeiro,Cabo Delgado,Montepuez,191861.0
2025,Janeiro,Cabo Delgado,Mueda,121832.0
2025,Janeiro,Cabo Delgado,Muidumbe,21048.0
2025,Janeiro,Cabo Delgado,Namuno,58043.0
2025,Janeiro,Cabo Delgado,Nangade,40356.0
2025,Janeiro,Cabo Delgado,Palma,62176.0
2025,Janeiro,Cabo Delgado,Pemba-Metuge,74566.0
2025,Janeiro,Cabo Delgado,Quissanga,11579.0
2025,Janeiro,Gaza,Bilene-Macia,190110.0
2025,Janeiro,Gaza,Chibuto,156250.0
2025,Janeiro,Gaza,Chicualacuala,16145.0
2025,Janeiro,Gaza,Chigubo,9341.0
2025,Janeiro,Gaza,Chonguene,102663.0
2025,Janeiro,Gaza,Chókwè,164315.0
2025,Janeiro,Gaza,Cidade de Xai-Xai,178409.0
2025,Janeiro,Gaza,Guijá,48645.0
2025,Janeiro,Gaza,Limpopo,92152.0
2025,Janeiro,Gaza,Mabalane,17292.0
2025,Janeiro,Gaza,Manjacaze,106379.0
2025,Janeiro,Gaza,Mapai,21486.0
2025,Janeiro,Gaza,Massangena,8357.0
2025,Janeiro,Gaza,Massingir,13957.0
2025,Janeiro,Inhambane,Cidade de Inhambane,117721.0
2025,Janeiro,Inhambane,Cidade de Maxixe,153017.0
2025,Janeiro,Inhambane,Funhaloro,19248.0
2025,Janeiro,Inhambane,Govuro,34381.0
2025,Janeiro,Inhambane,Homoine,61196.0
2025,Janeiro,Inhambane,Inharrime,94422.0
2025,Janeiro,Inhambane,Inhassoro,56434.0
2025,Janeiro,Inhambane,Jangamo,71288.0
2025,Janeiro,Inhambane,Mabote,24112.0
2025,Janeiro,Inhambane,Massinga,173747.0
2025,Janeiro,Inhambane,Morrumbene,72948.0
2025,Janeiro,Inhambane,Panda,25954.0
2025,Janeiro,Inhambane,Vilankulo,134387.0
2025,Janeiro,Inhambane,Zavala (Quissico),105338.0
2025,Janeiro,Manica,Bárue,136290.0
2025,Janeiro,Manica,Cidade de Chimoio,551235.0
2025,Janeiro,Manica,Gondola,174590.0
2025,Janeiro,Manica,Guro,53938.0
2025,Janeiro,Manica,Macate,28280.0
2025,Janeiro,Manica,Machaze,36755.0
2025,Janeiro,Manica,Macossa,19387.0
2025,Janeiro,Manica,Manica,192093.0
2025,Janeiro,Manica,Mossurize,42268.0
2025,Janeiro,Manica,Sussundenga,95982.0
2025,Janeiro,Manica,Tambara,23073.0
2025,Janeiro,Manica,Vanduzi,103757.0
2025,Janeiro,Nampula,Angoche,380102.0
2025,Janeiro,Nampula,Cidade de Nacala-Porto,460915.0
2025,Janeiro,Nampula,Cidade de Nampula,1348667.0
2025,Janeiro,Nampula,Ilha de Moçambique,67610.0
2025,Janeiro,Nampula,Lalaua,24819.0
2025,Janeiro,Nampula,Larde,6029.0
2025,Janeiro,Nampula,Liupo,8780.0
2025,Janeiro,Nampula,Malema,85904.0
2025,Janeiro,Nampula,Meconta (Namialo),402036.0
2025,Janeiro,Nampula,Mecuburi,61409.0
2025,Janeiro,Nampula,Memba,107784.0
2025,Janeiro,Nampula,Mogincual,85522.0
2025,Janeiro,Nampula,Mogovolas,133281.0
2025,Janeiro,Nampula,Moma,197135.0
2025,Janeiro,Nampula,Monapo,176902.0
2025,Janeiro,Nampula,Mossuril,78651.0
2025,Janeiro,Nampula,Muecate,59763.0
2025,Janeiro,Nampula,Murrupula,92512.0
2025,Janeiro,Nampula,Nacala-Velha,47954.0
2025,Janeiro,Nampula,Nacaroa,54198.0
2025,Janeiro,Nampula,Namapa-Erati,93549.0
2025,Janeiro,Nampula,Rapale-Nampula,114025.0
2025,Janeiro,Nampula,Ribaué,118029.0
2025,Janeiro,Niassa,Chimbunhila,38371.0
2025,Janeiro,Niassa,Cidade de Lichinga,320617.0
2025,Janeiro,Niassa,Cuamba,191333.0
2025,Janeiro,Niassa,Lago,57834.0
2025,Janeiro,Niassa,Mandimba,119524.0
2025,Janeiro,Niassa,Manjune,24231.0
2025,Janeiro,Niassa,Marrupa,39903.0
2025,Janeiro,Niassa,Mavago,13720.0
2025,Janeiro,Niassa,Maúa,41881.0
2025,Janeiro,Niassa,Mecanhelas,75668.0
2025,Janeiro,Niassa,Mecula,8606.0
2025,Janeiro,Niassa,Metarica,28873.0
2025,Janeiro,Niassa,Muembe,26199.0
2025,Janeiro,Niassa,Nipepe,22315.0
2025,Janeiro,Niassa,N´gauma,24616.0
2025,Janeiro,Niassa,Sanga,56671.0
2025,Janeiro,Província de Maputo,Boane,362480.0
2025,Janeiro,Província de Maputo,Cidade da Matola,1505913.0
2025,Janeiro,Província de Maputo,Cidade de Maputo,1908363.0
2025,Janeiro,Província de Maputo,Magude,43568.0
2025,Janeiro,Província de Maputo,Manhiça,210470.0
2025,Janeiro,Província de Maputo,Marracuene,320648.0
2025,Janeiro,Província de Maputo,Matutuíne,50841.0
2025,Janeiro,Província de Maputo,Moamba,142005.0
2025,Janeiro,Província de Maputo,Namaacha,39043.0
2025,Janeiro,Sofala,Buzi,71007.0
2025,Janeiro,Sofala,Caia,135856.0
2025,Janeiro,Sofala,Chemba,33785.0
2025,Janeiro,Sofala,Cheringoma,33335.0
2025,Janeiro,Sofala,Chibabava,45616.0
2025,Janeiro,Sofala,Cidade da Beira,844400.0
2025,Janeiro,Sofala,Dondo,209790.0
2025,Janeiro,Sofala,Gorongoza,104722.0
2025,Janeiro,Sofala,Machanga,18637.0
2025,Janeiro,Sofala,Maringue,59562.0
2025,Janeiro,Sofala,Marromeu,88078.0
2025,Janeiro,Sofala,Muanza,18622.0
2025,Janeiro,Sofala,Nhamatanda,167599.0
2025,Janeiro,Tete,Angónia,166504.0
2025,Janeiro,Tete,Cahora-Bassa,102893.0
2025,Janeiro,Tete,Changara,82662.0
2025,Janeiro,Tete,Chifunde,23211.0
2025,Janeiro,Tete,Chiuta,36499.0
2025,Janeiro,Tete,Cidade de Tete,490388.0
2025,Janeiro,Tete,Doa,23610.0
2025,Janeiro,Tete,Macanga,67850.0
2025,Janeiro,Tete,Marara,45774.0
2025,Janeiro,Tete,Maravia,11060.0
2025,Janeiro,Tete,Moatize,210652.0
2025,Janeiro,Tete,Mutarara,52191.0
2025,Janeiro,Tete,Mágoe,33480.0
2025,Janeiro,Tete,Tsangano,61604.0
2025,Janeiro,Tete,Zumbo,8787.0
2025,Janeiro,Zambézia,Alto Molócuè,176401.0
2025,Janeiro,Zambézia,Chinde,25437.0
2025,Janeiro,Zambézia,Cidade de Quelimane,422943.0
2025,Janeiro,Zambézia,Derre,15437.0
2025,Janeiro,Zambézia,Gilé,92577.0
2025,Janeiro,Zambézia,Gurúè,206909.0
2025,Janeiro,Zambézia,Ile,84117.0
2025,Janeiro,Zambézia,Inhassunge,34267.0
2025,Janeiro,Zambézia,Luabo,14082.0
2025,Janeiro,Zambézia,Lugela,77220.0
2025,Janeiro,Zambézia,Maganja da Costa,98871.0
2025,Janeiro,Zambézia,Milange,244768.0
2025,Janeiro,Zambézia,Mocuba,304142.0
2025,Janeiro,Zambézia,Mocubela,19593.0
2025,Janeiro,Zambézia,Molumbo,85220.0
2025,Janeiro,Zambézia,Mopeia,80442.0
2025,Janeiro,Zambézia,Morrumbala,135954.0
2025,Janeiro,Zambézia,Mulevala,66106.0
2025,Janeiro,Zambézia,Namacurra,89670.0
2025,Janeiro,Zambézia,Namarroi,57401.0
2025,Janeiro,Zambézia,Nicoadala,146057.0
2025,Janeiro,Zambézia,Pebane,104575.0
2025,Julho,Cabo Delgado,Ancuabe,115987.0
2025,Julho,Cabo Delgado,Balama,89701.0
2025,Julho,Cabo Delgado,Chiúre,154574.0
2025,Julho,Cabo Delgado,Cidade de Pemba,333300.0
2025,Julho,Cabo Delgado,Ibo,10690.0
2025,Julho,Cabo Delgado,Macomia,46603.0
2025,Julho,Cabo Delgado,Mecufi,19426.0
2025,Julho,Cabo Delgado,Meluco,14289.0
2025,Julho,Cabo Delgado,Mocimboa da Praia,87788.0
2025,Julho,Cabo Delgado,Montepuez,206781.0
2025,Julho,Cabo Delgado,Mueda,135764.0
2025,Julho,Cabo Delgado,Muidumbe,26156.0
2025,Julho,Cabo Delgado,Namuno,80264.0
2025,Julho,Cabo Delgado,Nangade,41518.0
2025,Julho,Cabo Delgado,Palma,60390.0
2025,Julho,Cabo Delgado,Pemba-Metuge,87585.0
2025,Julho,Cabo Delgado,Quissanga,14684.0
2025,Julho,Gaza,Bilene-Macia,231766.0
2025,Julho,Gaza,Chibuto,190596.0
2025,Julho,Gaza,Chicualacuala,19228.0
2025,Julho,Gaza,Chigubo,11152.0
2025,Julho,Gaza,Chonguene,122241.0
2025,Julho,Gaza,Chókwè,197830.0
2025,Julho,Gaza,Cidade de Xai-Xai,194160.0
2025,Julho,Gaza,Guijá,53755.0
2025,Julho,Gaza,Limpopo,89799.0
2025,Julho,Gaza,Mabalane,18826.0
2025,Julho,Gaza,Manjacaze,108028.0
2025,Julho,Gaza,Mapai,22889.0
2025,Julho,Gaza,Massangena,10052.0
2025,Julho,Gaza,Massingir,15061.0
2025,Julho,Inhambane,Cidade de Inhambane,140358.0
2025,Julho,Inhambane,Cidade de Maxixe,166989.0
2025,Julho,Inhambane,Funhaloro,21119.0
2025,Julho,Inhambane,Govuro,43337.0
2025,Julho,Inhambane,Homoine,66725.0
2025,Julho,Inhambane,Inharrime,101126.0
2025,Julho,Inhambane,Inhassoro,60846.0
2025,Julho,Inhambane,Jangamo,71353.0
2025,Julho,Inhambane,Mabote,28729.0
2025,Julho,Inhambane,Massinga,179189.0
2025,Julho,Inhambane,Morrumbene,71930.0
2025,Julho,Inhambane,Panda,25255.0
2025,Julho,Inhambane,Vilankulo,129787.0
2025,Julho,Inhambane,Zavala (Quissico),98801.0
2025,Julho,Manica,Bárue,165299.0
2025,Julho,Manica,Cidade de Chimoio,680379.0
2025,Julho,Manica,Gondola,188342.0
2025,Julho,Manica,Guro,59518.0
2025,Julho,Manica,Macate,33001.0
2025,Julho,Manica,Machaze,43004.0
2025,Julho,Manica,Macossa,23501.0
2025,Julho,Manica,Manica,215624.0
2025,Julho,Manica,Mossurize,48215.0
2025,Julho,Manica,Sussundenga,97525.0
2025,Julho,Manica,Tambara,25753.0
2025,Julho,Manica,Vanduzi,100224.0
2025,Julho,Nampula,Angoche,387938.0
2025,Julho,Nampula,Cidade de Nacala-Porto,506172.0
2025,Julho,Nampula,Cidade de Nampula,1527865.0
2025,Julho,Nampula,Ilha de Moçambique,74059.0
2025,Julho,Nampula,Lalaua,32811.0
2025,Julho,Nampula,Larde,10821.0
2025,Julho,Nampula,Liupo,10735.0
2025,Julho,Nampula,Malema,103271.0
2025,Julho,Nampula,Meconta (Namialo),486294.0
2025,Julho,Nampula,Mecuburi,74740.0
2025,Julho,Nampula,Memba,131442.0
2025,Julho,Nampula,Mogincual,94342.0
2025,Julho,Nampula,Mogovolas,148100.0
2025,Julho,Nampula,Moma,207799.0
2025,Julho,Nampula,Monapo,168876.0
2025,Julho,Nampula,Mossuril,64475.0
2025,Julho,Nampula,Muecate,63346.0
2025,Julho,Nampula,Murrupula,91410.0
2025,Julho,Nampula,Nacala-Velha,50009.0
2025,Julho,Nampula,Nacaroa,65793.0
2025,Julho,Nampula,Namapa-Erati,113647.0
2025,Julho,Nampula,Rapale-Nampula,133791.0
2025,Julho,Nampula,Ribaué,119411.0
2025,Julho,Niassa,Chimbunhila,47377.0
2025,Julho,Niassa,Cidade de Lichinga,362564.0
2025,Julho,Niassa,Cuamba,220097.0
2025,Julho,Niassa,Lago,71941.0
2025,Julho,Niassa,Mandimba,118949.0
2025,Julho,Niassa,Manjune,30215.0
2025,Julho,Niassa,Marrupa,43744.0
2025,Julho,Niassa,Mavago,16574.0
2025,Julho,Niassa,Maúa,46408.0
2025,Julho,Niassa,Mecanhelas,93119.0
2025,Julho,Niassa,Mecula,9500.0
2025,Julho,Niassa,Metarica,30992.0
2025,Julho,Niassa,Muembe,29065.0
2025,Julho,Niassa,Nipepe,23161.0
2025,Julho,Niassa,N´gauma,32275.0
2025,Julho,Niassa,Sanga,63471.0
2025,Julho,Província de Maputo,Boane,417982.0
2025,Julho,Província de Maputo,Cidade da Matola,1647781.0
2025,Julho,Província de Maputo,Cidade de Maputo,2192747.0
2025,Julho,Província de Maputo,Magude,51641.0
2025,Julho,Província de Maputo,Manhiça,220319.0
2025,Julho,Província de Maputo,Marracuene,306821.0
2025,Julho,Província de Maputo,Matutuíne,49144.0
2025,Julho,Província de Maputo,Moamba,127759.0
2025,Julho,Província de Maputo,Namaacha,36548.0
2025,Julho,Sofala,Buzi,87844.0
2025,Julho,Sofala,Caia,159703.0
2025,Julho,Sofala,Chemba,39087.0
2025,Julho,Sofala,Cheringoma,38506.0
2025,Julho,Sofala,Chibabava,55051.0
2025,Julho,Sofala,Cidade da Beira,973372.0
2025,Julho,Sofala,Dondo,204074.0
2025,Julho,Sofala,Gorongoza,117282.0
2025,Julho,Sofala,Machanga,21505.0
2025,Julho,Sofala,Maringue,65485.0
2025,Julho,Sofala,Marromeu,93883.0
2025,Julho,Sofala,Muanza,20336.0
2025,Julho,Sofala,Nhamatanda,155169.0
2025,Julho,Tete,Angónia,226928.0
2025,Julho,Tete,Cahora-Bassa,120248.0
2025,Julho,Tete,Changara,104625.0
2025,Julho,Tete,Chifunde,33717.0
2025,Julho,Tete,Chiuta,40751.0
2025,Julho,Tete,Cidade de Tete,534215.0
2025,Julho,Tete,Doa,28854.0
2025,Julho,Tete,Macanga,82438.0
2025,Julho,Tete,Marara,43376.0
2025,Julho,Tete,Maravia,11963.0
2025,Julho,Tete,Moatize,191637.0
2025,Julho,Tete,Mutarara,52727.0
2025,Julho,Tete,Mágoe,35510.0
2025,Julho,Tete,Tsangano,83912.0
2025,Julho,Tete,Zumbo,10857.0
2025,Julho,Zambézia,Alto Molócuè,209597.0
2025,Julho,Zambézia,Chinde,28918.0
2025,Julho,Zambézia,Cidade de Quelimane,460629.0
2025,Julho,Zambézia,Derre,15014.0
2025,Julho,Zambézia,Gilé,106186.0
2025,Julho,Zambézia,Gurúè,234887.0
2025,Julho,Zambézia,Ile,92955.0
2025,Julho,Zambézia,Inhassunge,36548.0
2025,Julho,Zambézia,Luabo,13801.0
2025,Julho,Zambézia,Lugela,86961.0
2025,Julho,Zambézia,Maganja da Costa,107736.0
2025,Julho,Zambézia,Milange,257183.0
2025,Julho,Zambézia,Mocuba,306362.0
2025,Julho,Zambézia,Mocubela,20364.0
2025,Julho,Zambézia,Molumbo,105123.0
2025,Julho,Zambézia,Mopeia,79640.0
2025,Julho,Zambézia,Morrumbala,131020.0
2025,Julho,Zambézia,Mulevala,69548.0
2025,Julho,Zambézia,Namacurra,91404.0
2025,Julho,Zambézia,Namarroi,66642.0
2025,Julho,Zambézia,Nicoadala,138446.0
2025,Julho,Zambézia,Pebane,109433.0
2025,Junho,Cabo Delgado,Ancuabe,113233.0
2025,Junho,Cabo Delgado,Balama,88715.0
2025,Junho,Cabo Delgado,Chiúre,146721.0
2025,Junho,Cabo Delgado,Cidade de Pemba,333996.0
2025,Junho,Cabo Delgado,Ibo,9631.0
2025,Junho,Cabo Delgado,Macomia,45602.0
2025,Junho,Cabo Delgado,Mecufi,18626.0
2025,Junho,Cabo Delgado,Meluco,13817.0
2025,Junho,Cabo Delgado,Mocimboa da Praia,87899.0
2025,Junho,Cabo Delgado,Montepuez,205764.0
2025,Junho,Cabo Delgado,Mueda,132889.0
2025,Junho,Cabo Delgado,Muidumbe,25046.0
2025,Junho,Cabo Delgado,Namuno,75337.0
2025,Junho,Cabo Delgado,Nangade,40630.0
2025,Junho,Cabo Delgado,Palma,59806.0
2025,Junho,Cabo Delgado,Pemba-Metuge,83811.0
2025,Junho,Cabo Delgado,Quissanga,12781.0
2025,Junho,Gaza,Bilene-Macia,228148.0
2025,Junho,Gaza,Chibuto,188308.0
2025,Junho,Gaza,Chicualacuala,18241.0
2025,Junho,Gaza,Chigubo,10918.0
2025,Junho,Gaza,Chonguene,121797.0
2025,Junho,Gaza,Chókwè,193799.0
2025,Junho,Gaza,Cidade de Xai-Xai,191652.0
2025,Junho,Gaza,Guijá,52720.0
2025,Junho,Gaza,Limpopo,90462.0
2025,Junho,Gaza,Mabalane,18536.0
2025,Junho,Gaza,Manjacaze,108155.0
2025,Junho,Gaza,Mapai,22285.0
2025,Junho,Gaza,Massangena,9479.0
2025,Junho,Gaza,Massingir,14918.0
2025,Junho,Inhambane,Cidade de Inhambane,142499.0
2025,Junho,Inhambane,Cidade de Maxixe,165761.0
2025,Junho,Inhambane,Funhaloro,20653.0
2025,Junho,Inhambane,Govuro,41926.0
2025,Junho,Inhambane,Homoine,67093.0
2025,Junho,Inhambane,Inharrime,100043.0
2025,Junho,Inhambane,Inhassoro,61072.0
2025,Junho,Inhambane,Jangamo,69844.0
2025,Junho,Inhambane,Mabote,27906.0
2025,Junho,Inhambane,Massinga,179335.0
2025,Junho,Inhambane,Morrumbene,71196.0
2025,Junho,Inhambane,Panda,25391.0
2025,Junho,Inhambane,Vilankulo,129788.0
2025,Junho,Inhambane,Zavala (Quissico),98332.0
2025,Junho,Manica,Bárue,162521.0
2025,Junho,Manica,Cidade de Chimoio,682345.0
2025,Junho,Manica,Gondola,187798.0
2025,Junho,Manica,Guro,57481.0
2025,Junho,Manica,Macate,32307.0
2025,Junho,Manica,Machaze,41166.0
2025,Junho,Manica,Macossa,22670.0
2025,Junho,Manica,Manica,212989.0
2025,Junho,Manica,Mossurize,46664.0
2025,Junho,Manica,Sussundenga,98008.0
2025,Junho,Manica,Tambara,24984.0
2025,Junho,Manica,Vanduzi,98592.0
2025,Junho,Nampula,Angoche,416963.0
2025,Junho,Nampula,Cidade de Nacala-Porto,515338.0
2025,Junho,Nampula,Cidade de Nampula,1582594.0
2025,Junho,Nampula,Ilha de Moçambique,73557.0
2025,Junho,Nampula,Lalaua,31088.0
2025,Junho,Nampula,Larde,10944.0
2025,Junho,Nampula,Liupo,12477.0
2025,Junho,Nampula,Malema,100382.0
2025,Junho,Nampula,Meconta (Namialo),524528.0
2025,Junho,Nampula,Mecuburi,72241.0
2025,Junho,Nampula,Memba,125057.0
2025,Junho,Nampula,Mogincual,92205.0
2025,Junho,Nampula,Mogovolas,150872.0
2025,Junho,Nampula,Moma,205352.0
2025,Junho,Nampula,Monapo,174624.0
2025,Junho,Nampula,Mossuril,65927.0
2025,Junho,Nampula,Muecate,63754.0
2025,Junho,Nampula,Murrupula,94162.0
2025,Junho,Nampula,Nacala-Velha,47630.0
2025,Junho,Nampula,Nacaroa,64604.0
2025,Junho,Nampula,Namapa-Erati,110321.0
2025,Junho,Nampula,Rapale-Nampula,133508.0
2025,Junho,Nampula,Ribaué,125132.0
2025,Junho,Niassa,Chimbunhila,49170.0
2025,Junho,Niassa,Cidade de Lichinga,363072.0
2025,Junho,Niassa,Cuamba,219995.0
2025,Junho,Niassa,Lago,70666.0
2025,Junho,Niassa,Mandimba,126963.0
2025,Junho,Niassa,Manjune,29749.0
2025,Junho,Niassa,Marrupa,43620.0
2025,Junho,Niassa,Mavago,15784.0
2025,Junho,Niassa,Maúa,45845.0
2025,Junho,Niassa,Mecanhelas,91384.0
2025,Junho,Niassa,Mecula,9575.0
2025,Junho,Niassa,Metarica,31088.0
2025,Junho,Niassa,Muembe,27878.0
2025,Junho,Niassa,Nipepe,22551.0
2025,Junho,Niassa,N´gauma,31114.0
2025,Junho,Niassa,Sanga,62990.0
2025,Junho,Província de Maputo,Boane,411824.0
2025,Junho,Província de Maputo,Cidade da Matola,1578053.0
2025,Junho,Província de Maputo,Cidade de Maputo,2204502.0
2025,Junho,Província de Maputo,Magude,47444.0
2025,Junho,Província de Maputo,Manhiça,215089.0
2025,Junho,Província de Maputo,Marracuene,308385.0
2025,Junho,Província de Maputo,Matutuíne,49398.0
2025,Junho,Província de Maputo,Moamba,130234.0
2025,Junho,Província de Maputo,Namaacha,37058.0
2025,Junho,Sofala,Buzi,85415.0
2025,Junho,Sofala,Caia,157248.0
2025,Junho,Sofala,Chemba,38063.0
2025,Junho,Sofala,Cheringoma,37401.0
2025,Junho,Sofala,Chibabava,54877.0
2025,Junho,Sofala,Cidade da Beira,966421.0
2025,Junho,Sofala,Dondo,209009.0
2025,Junho,Sofala,Gorongoza,115515.0
2025,Junho,Sofala,Machanga,21786.0
2025,Junho,Sofala,Maringue,65816.0
2025,Junho,Sofala,Marromeu,92155.0
2025,Junho,Sofala,Muanza,19632.0
2025,Junho,Sofala,Nhamatanda,157226.0
2025,Junho,Tete,Angónia,226750.0
2025,Junho,Tete,Cahora-Bassa,118653.0
2025,Junho,Tete,Changara,103665.0
2025,Junho,Tete,Chifunde,32091.0
2025,Junho,Tete,Chiuta,40733.0
2025,Junho,Tete,Cidade de Tete,534073.0
2025,Junho,Tete,Doa,27470.0
2025,Junho,Tete,Macanga,80798.0
2025,Junho,Tete,Marara,44392.0
2025,Junho,Tete,Maravia,11833.0
2025,Junho,Tete,Moatize,206074.0
2025,Junho,Tete,Mutarara,50492.0
2025,Junho,Tete,Mágoe,36340.0
2025,Junho,Tete,Tsangano,80260.0
2025,Junho,Tete,Zumbo,10073.0
2025,Junho,Zambézia,Alto Molócuè,208147.0
2025,Junho,Zambézia,Chinde,28670.0
2025,Junho,Zambézia,Cidade de Quelimane,464621.0
2025,Junho,Zambézia,Derre,16230.0
2025,Junho,Zambézia,Gilé,105344.0
2025,Junho,Zambézia,Gurúè,234296.0
2025,Junho,Zambézia,Ile,91438.0
2025,Junho,Zambézia,Inhassunge,36979.0
2025,Junho,Zambézia,Luabo,14409.0
2025,Junho,Zambézia,Lugela,84519.0
2025,Junho,Zambézia,Maganja da Costa,106049.0
2025,Junho,Zambézia,Milange,259218.0
2025,Junho,Zambézia,Mocuba,306523.0
2025,Junho,Zambézia,Mocubela,19970.0
2025,Junho,Zambézia,Molumbo,99777.0
2025,Junho,Zambézia,Mopeia,76680.0
2025,Junho,Zambézia,Morrumbala,129307.0
2025,Junho,Zambézia,Mulevala,67920.0
2025,Junho,Zambézia,Namacurra,91690.0
2025,Junho,Zambézia,Namarroi,65783.0
2025,Junho,Zambézia,Nicoadala,140614.0
2025,Junho,Zambézia,Pebane,108425.0
2025,Maio,Cabo Delgado,Ancuabe,100173.0
2025,Maio,Cabo Delgado,Balama,76559.0
2025,Maio,Cabo Delgado,Chiúre,129784.0
2025,Maio,Cabo Delgado,Cidade de Pemba,337148.0
2025,Maio,Cabo Delgado,Ibo,9608.0
2025,Maio,Cabo Delgado,Macomia,44500.0
2025,Maio,Cabo Delgado,Mecufi,19330.0
2025,Maio,Cabo Delgado,Meluco,14109.0
2025,Maio,Cabo Delgado,Mocimboa da Praia,88214.0
2025,Maio,Cabo Delgado,Montepuez,212524.0
2025,Maio,Cabo Delgado,Mueda,132837.0
2025,Maio,Cabo Delgado,Muidumbe,25054.0
2025,Maio,Cabo Delgado,Namuno,72101.0
2025,Maio,Cabo Delgado,Nangade,41630.0
2025,Maio,Cabo Delgado,Palma,67214.0
2025,Maio,Cabo Delgado,Pemba-Metuge,81573.0
2025,Maio,Cabo Delgado,Quissanga,12970.0
2025,Maio,Gaza,Bilene-Macia,198563.0
2025,Maio,Gaza,Chibuto,167878.0
2025,Maio,Gaza,Chicualacuala,17296.0
2025,Maio,Gaza,Chigubo,10106.0
2025,Maio,Gaza,Chonguene,107332.0
2025,Maio,Gaza,Chókwè,181931.0
2025,Maio,Gaza,Cidade de Xai-Xai,194190.0
2025,Maio,Gaza,Guijá,54555.0
2025,Maio,Gaza,Limpopo,94928.0
2025,Maio,Gaza,Mabalane,18504.0
2025,Maio,Gaza,Manjacaze,109927.0
2025,Maio,Gaza,Mapai,22554.0
2025,Maio,Gaza,Massangena,9128.0
2025,Maio,Gaza,Massingir,14875.0
2025,Maio,Inhambane,Cidade de Inhambane,125594.0
2025,Maio,Inhambane,Cidade de Maxixe,158661.0
2025,Maio,Inhambane,Funhaloro,20266.0
2025,Maio,Inhambane,Govuro,39213.0
2025,Maio,Inhambane,Homoine,65613.0
2025,Maio,Inhambane,Inharrime,95262.0
2025,Maio,Inhambane,Inhassoro,60890.0
2025,Maio,Inhambane,Jangamo,75293.0
2025,Maio,Inhambane,Mabote,27381.0
2025,Maio,Inhambane,Massinga,179689.0
2025,Maio,Inhambane,Morrumbene,77355.0
2025,Maio,Inhambane,Panda,28407.0
2025,Maio,Inhambane,Vilankulo,140556.0
2025,Maio,Inhambane,Zavala (Quissico),110300.0
2025,Maio,Manica,Bárue,149089.0
2025,Maio,Manica,Cidade de Chimoio,630297.0
2025,Maio,Manica,Gondola,189235.0
2025,Maio,Manica,Guro,57056.0
2025,Maio,Manica,Macate,32193.0
2025,Maio,Manica,Machaze,39827.0
2025,Maio,Manica,Macossa,22170.0
2025,Maio,Manica,Manica,208225.0
2025,Maio,Manica,Mossurize,46583.0
2025,Maio,Manica,Sussundenga,105067.0
2025,Maio,Manica,Tambara,24993.0
2025,Maio,Manica,Vanduzi,109355.0
2025,Maio,Nampula,Angoche,391073.0
2025,Maio,Nampula,Cidade de Nacala-Porto,501919.0
2025,Maio,Nampula,Cidade de Nampula,1539000.0
2025,Maio,Nampula,Ilha de Moçambique,70004.0
2025,Maio,Nampula,Lalaua,28640.0
2025,Maio,Nampula,Larde,9738.0
2025,Maio,Nampula,Liupo,10041.0
2025,Maio,Nampula,Malema,96468.0
2025,Maio,Nampula,Meconta (Namialo),549130.0
2025,Maio,Nampula,Mecuburi,69827.0
2025,Maio,Nampula,Memba,121571.0
2025,Maio,Nampula,Mogincual,95730.0
2025,Maio,Nampula,Mogovolas,149331.0
2025,Maio,Nampula,Moma,202903.0
2025,Maio,Nampula,Monapo,187033.0
2025,Maio,Nampula,Mossuril,76512.0
2025,Maio,Nampula,Muecate,63639.0
2025,Maio,Nampula,Murrupula,98086.0
2025,Maio,Nampula,Nacala-Velha,53347.0
2025,Maio,Nampula,Nacaroa,62956.0
2025,Maio,Nampula,Namapa-Erati,111262.0
2025,Maio,Nampula,Rapale-Nampula,135660.0
2025,Maio,Nampula,Ribaué,132609.0
2025,Maio,Niassa,Chimbunhila,41382.0
2025,Maio,Niassa,Cidade de Lichinga,350111.0
2025,Maio,Niassa,Cuamba,211558.0
2025,Maio,Niassa,Lago,67267.0
2025,Maio,Niassa,Mandimba,126730.0
2025,Maio,Niassa,Manjune,28517.0
2025,Maio,Niassa,Marrupa,43042.0
2025,Maio,Niassa,Mavago,14901.0
2025,Maio,Niassa,Maúa,45540.0
2025,Maio,Niassa,Mecanhelas,88818.0
2025,Maio,Niassa,Mecula,9273.0
2025,Maio,Niassa,Metarica,31244.0
2025,Maio,Niassa,Muembe,27568.0
2025,Maio,Niassa,Nipepe,23302.0
2025,Maio,Niassa,N´gauma,31362.0
2025,Maio,Niassa,Sanga,65360.0
2025,Maio,Província de Maputo,Boane,371221.0
2025,Maio,Província de Maputo,Cidade da Matola,1569818.0
2025,Maio,Província de Maputo,Cidade de Maputo,2129868.0
2025,Maio,Província de Maputo,Magude,49384.0
2025,Maio,Província de Maputo,Manhiça,225665.0
2025,Maio,Província de Maputo,Marracuene,336069.0
2025,Maio,Província de Maputo,Matutuíne,57228.0
2025,Maio,Província de Maputo,Moamba,166606.0
2025,Maio,Província de Maputo,Namaacha,42724.0
2025,Maio,Sofala,Buzi,77456.0
2025,Maio,Sofala,Caia,135251.0
2025,Maio,Sofala,Chemba,34346.0
2025,Maio,Sofala,Cheringoma,34565.0
2025,Maio,Sofala,Chibabava,47989.0
2025,Maio,Sofala,Cidade da Beira,893581.0
2025,Maio,Sofala,Dondo,213604.0
2025,Maio,Sofala,Gorongoza,111018.0
2025,Maio,Sofala,Machanga,22442.0
2025,Maio,Sofala,Maringue,62599.0
2025,Maio,Sofala,Marromeu,94217.0
2025,Maio,Sofala,Muanza,19947.0
2025,Maio,Sofala,Nhamatanda,173789.0
2025,Maio,Tete,Angónia,193667.0
2025,Maio,Tete,Cahora-Bassa,107573.0
2025,Maio,Tete,Changara,93623.0
2025,Maio,Tete,Chifunde,28727.0
2025,Maio,Tete,Chiuta,37136.0
2025,Maio,Tete,Cidade de Tete,533276.0
2025,Maio,Tete,Doa,25750.0
2025,Maio,Tete,Macanga,78378.0
2025,Maio,Tete,Marara,49453.0
2025,Maio,Tete,Maravia,12157.0
2025,Maio,Tete,Moatize,225198.0
2025,Maio,Tete,Mutarara,54695.0
2025,Maio,Tete,Mágoe,36599.0
2025,Maio,Tete,Tsangano,78205.0
2025,Maio,Tete,Zumbo,10218.0
2025,Maio,Zambézia,Alto Molócuè,193658.0
2025,Maio,Zambézia,Chinde,26359.0
2025,Maio,Zambézia,Cidade de Quelimane,455686.0
2025,Maio,Zambézia,Derre,14661.0
2025,Maio,Zambézia,Gilé,102887.0
2025,Maio,Zambézia,Gurúè,231582.0
2025,Maio,Zambézia,Ile,90475.0
2025,Maio,Zambézia,Inhassunge,37477.0
2025,Maio,Zambézia,Luabo,14691.0
2025,Maio,Zambézia,Lugela,83489.0
2025,Maio,Zambézia,Maganja da Costa,106204.0
2025,Maio,Zambézia,Milange,267655.0
2025,Maio,Zambézia,Mocuba,324691.0
2025,Maio,Zambézia,Mocubela,21282.0
2025,Maio,Zambézia,Molumbo,99105.0
2025,Maio,Zambézia,Mopeia,82015.0
2025,Maio,Zambézia,Morrumbala,132608.0
2025,Maio,Zambézia,Mulevala,70466.0
2025,Maio,Zambézia,Namacurra,95029.0
2025,Maio,Zambézia,Namarroi,66731.0
2025,Maio,Zambézia,Nicoadala,154286.0
2025,Maio,Zambézia,Pebane,109729.0
2025,Março,Cabo Delgado,Ancuabe,93947.0
2025,Março,Cabo Delgado,Balama,68361.0
2025,Março,Cabo Delgado,Chiúre,115183.0
2025,Março,Cabo Delgado,Cidade de Pemba,330681.0
2025,Março,Cabo Delgado,Ibo,9723.0
2025,Março,Cabo Delgado,Macomia,44263.0
2025,Março,Cabo Delgado,Mecufi,19303.0
2025,Março,Cabo Delgado,Meluco,14241.0
2025,Março,Cabo Delgado,Mocimboa da Praia,87737.0
2025,Março,Cabo Delgado,Montepuez,203013.0
2025,Março,Cabo Delgado,Mueda,129347.0
2025,Março,Cabo Delgado,Muidumbe,23498.0
2025,Março,Cabo Delgado,Namuno,63129.0
2025,Março,Cabo Delgado,Nangade,40746.0
2025,Março,Cabo Delgado,Palma,65345.0
2025,Março,Cabo Delgado,Pemba-Metuge,77322.0
2025,Março,Cabo Delgado,Quissanga,12241.0
2025,Março,Gaza,Bilene-Macia,186421.0
2025,Março,Gaza,Chibuto,157457.0
2025,Março,Gaza,Chicualacuala,16603.0
2025,Março,Gaza,Chigubo,9411.0
2025,Março,Gaza,Chonguene,102086.0
2025,Março,Gaza,Chókwè,167107.0
2025,Março,Gaza,Cidade de Xai-Xai,184775.0
2025,Março,Gaza,Guijá,51380.0
2025,Março,Gaza,Limpopo,94541.0
2025,Março,Gaza,Mabalane,17723.0
2025,Março,Gaza,Manjacaze,106422.0
2025,Março,Gaza,Mapai,22157.0
2025,Março,Gaza,Massangena,8669.0
2025,Março,Gaza,Massingir,14034.0
2025,Março,Inhambane,Cidade de Inhambane,117944.0
2025,Março,Inhambane,Cidade de Maxixe,156396.0
2025,Março,Inhambane,Funhaloro,19213.0
2025,Março,Inhambane,Govuro,36405.0
2025,Março,Inhambane,Homoine,61165.0
2025,Março,Inhambane,Inharrime,93245.0
2025,Março,Inhambane,Inhassoro,57328.0
2025,Março,Inhambane,Jangamo,72851.0
2025,Março,Inhambane,Mabote,24793.0
2025,Março,Inhambane,Massinga,174953.0
2025,Março,Inhambane,Morrumbene,75709.0
2025,Março,Inhambane,Panda,27962.0
2025,Março,Inhambane,Vilankulo,138107.0
2025,Março,Inhambane,Zavala (Quissico),108216.0
2025,Março,Manica,Bárue,139920.0
2025,Março,Manica,Cidade de Chimoio,603808.0
2025,Março,Manica,Gondola,182728.0
2025,Março,Manica,Guro,56254.0
2025,Março,Manica,Macate,29308.0
2025,Março,Manica,Machaze,37364.0
2025,Março,Manica,Macossa,20159.0
2025,Março,Manica,Manica,200668.0
2025,Março,Manica,Mossurize,42944.0
2025,Março,Manica,Sussundenga,101988.0
2025,Março,Manica,Tambara,23320.0
2025,Março,Manica,Vanduzi,106437.0
2025,Março,Nampula,Angoche,380091.0
2025,Março,Nampula,Cidade de Nacala-Porto,490855.0
2025,Março,Nampula,Cidade de Nampula,1482284.0
2025,Março,Nampula,Ilha de Moçambique,70530.0
2025,Março,Nampula,Lalaua,24524.0
2025,Março,Nampula,Larde,5351.0
2025,Março,Nampula,Liupo,9000.0
2025,Março,Nampula,Malema,91284.0
2025,Março,Nampula,Meconta (Namialo),520694.0
2025,Março,Nampula,Mecuburi,63592.0
2025,Março,Nampula,Memba,106860.0
2025,Março,Nampula,Mogincual,93892.0
2025,Março,Nampula,Mogovolas,134309.0
2025,Março,Nampula,Moma,192808.0
2025,Março,Nampula,Monapo,178380.0
2025,Março,Nampula,Mossuril,77672.0
2025,Março,Nampula,Muecate,59980.0
2025,Março,Nampula,Murrupula,94254.0
2025,Março,Nampula,Nacala-Velha,47911.0
2025,Março,Nampula,Nacaroa,56784.0
2025,Março,Nampula,Namapa-Erati,101837.0
2025,Março,Nampula,Rapale-Nampula,120921.0
2025,Março,Nampula,Ribaué,123614.0
2025,Março,Niassa,Chimbunhila,40100.0
2025,Março,Niassa,Cidade de Lichinga,347690.0
2025,Março,Niassa,Cuamba,197608.0
2025,Março,Niassa,Lago,62298.0
2025,Março,Niassa,Mandimba,125792.0
2025,Março,Niassa,Manjune,26447.0
2025,Março,Niassa,Marrupa,40867.0
2025,Março,Niassa,Mavago,14118.0
2025,Março,Niassa,Maúa,42995.0
2025,Março,Niassa,Mecanhelas,80321.0
2025,Março,Niassa,Mecula,8772.0
2025,Março,Niassa,Metarica,29446.0
2025,Março,Niassa,Muembe,26742.0
2025,Março,Niassa,Nipepe,22145.0
2025,Março,Niassa,N´gauma,28159.0
2025,Março,Niassa,Sanga,61609.0
2025,Março,Província de Maputo,Boane,359627.0
2025,Março,Província de Maputo,Cidade da Matola,1644987.0
2025,Março,Província de Maputo,Cidade de Maputo,2032207.0
2025,Março,Província de Maputo,Magude,43005.0
2025,Março,Província de Maputo,Manhiça,195890.0
2025,Março,Província de Maputo,Marracuene,314046.0
2025,Março,Província de Maputo,Matutuíne,53448.0
2025,Março,Província de Maputo,Moamba,144248.0
2025,Março,Província de Maputo,Namaacha,39023.0
2025,Março,Sofala,Buzi,71626.0
2025,Março,Sofala,Caia,135223.0
2025,Março,Sofala,Chemba,33527.0
2025,Março,Sofala,Cheringoma,33482.0
2025,Março,Sofala,Chibabava,47447.0
2025,Março,Sofala,Cidade da Beira,868631.0
2025,Março,Sofala,Dondo,214005.0
2025,Março,Sofala,Gorongoza,106681.0
2025,Março,Sofala,Machanga,19981.0
2025,Março,Sofala,Maringue,59228.0
2025,Março,Sofala,Marromeu,88651.0
2025,Março,Sofala,Muanza,19247.0
2025,Março,Sofala,Nhamatanda,173353.0
2025,Março,Tete,Angónia,177867.5
2025,Março,Tete,Cahora-Bassa,106171.0
2025,Março,Tete,Changara,86470.0
2025,Março,Tete,Chifunde,25382.0
2025,Março,Tete,Chiuta,36759.0
2025,Março,Tete,Cidade de Tete,516448.0
2025,Março,Tete,Doa,23431.0
2025,Março,Tete,Macanga,71888.0
2025,Março,Tete,Marara,48139.0
2025,Março,Tete,Maravia,11830.0
2025,Março,Tete,Moatize,218839.0
2025,Março,Tete,Mutarara,53835.0
2025,Março,Tete,Mágoe,36319.0
2025,Março,Tete,Tsangano,67513.0
2025,Março,Tete,Zumbo,9384.0
2025,Março,Zambézia,Alto Molócuè,182096.0
2025,Março,Zambézia,Chinde,24243.0
2025,Março,Zambézia,Cidade de Quelimane,448365.0
2025,Março,Zambézia,Derre,15274.0
2025,Março,Zambézia,Gilé,97074.0
2025,Março,Zambézia,Gurúè,214218.0
2025,Março,Zambézia,Ile,84832.0
2025,Março,Zambézia,Inhassunge,35169.0
2025,Março,Zambézia,Luabo,14943.0
2025,Março,Zambézia,Lugela,77749.0
2025,Março,Zambézia,Maganja da Costa,102387.0
2025,Março,Zambézia,Milange,254660.0
2025,Março,Zambézia,Mocuba,312176.0
2025,Março,Zambézia,Mocubela,20921.0
2025,Março,Zambézia,Molumbo,89226.0
2025,Março,Zambézia,Mopeia,80728.0
2025,Março,Zambézia,Morrumbala,128829.0
2025,Março,Zambézia,Mulevala,66544.0
2025,Março,Zambézia,Namacurra,92830.0
2025,Março,Zambézia,Namarroi,58896.0
2025,Março,Zambézia,Nicoadala,148419.0
2025,Março,Zambézia,Pebane,103989.0
2025,Novembro,Cabo Delgado,Ancuabe,128182.0
2025,Novembro,Cabo Delgado,Balama,108850.0
2025,Novembro,Cabo Delgado,Chiúre,175388.0
2025,Novembro,Cabo Delgado,Cidade de Pemba,320650.0
2025,Novembro,Cabo Delgado,Ibo,11687.0
2025,Novembro,Cabo Delgado,Macomia,52491.0
2025,Novembro,Cabo Delgado,Mecufi,29540.0
2025,Novembro,Cabo Delgado,Meluco,16757.0
2025,Novembro,Cabo Delgado,Mocimboa da Praia,79796.0
2025,Novembro,Cabo Delgado,Montepuez,233773.0
2025,Novembro,Cabo Delgado,Mueda,156035.0
2025,Novembro,Cabo Delgado,Muidumbe,30494.0
2025,Novembro,Cabo Delgado,Namuno,90433.0
2025,Novembro,Cabo Delgado,Nangade,49197.0
2025,Novembro,Cabo Delgado,Palma,70000.0
2025,Novembro,Cabo Delgado,Pemba-Metuge,104589.0
2025,Novembro,Cabo Delgado,Quissanga,19705.0
2025,Novembro,Gaza,Bilene-Macia,249211.0
2025,Novembro,Gaza,Chibuto,213626.0
2025,Novembro,Gaza,Chicualacuala,20777.0
2025,Novembro,Gaza,Chigubo,12305.0
2025,Novembro,Gaza,Chonguene,142374.0
2025,Novembro,Gaza,Chókwè,210677.0
2025,Novembro,Gaza,Cidade de Xai-Xai,199043.0
2025,Novembro,Gaza,Guijá,59222.0
2025,Novembro,Gaza,Limpopo,98772.0
2025,Novembro,Gaza,Mabalane,20676.0
2025,Novembro,Gaza,Manjacaze,106164.0
2025,Novembro,Gaza,Mapai,25343.0
2025,Novembro,Gaza,Massangena,11162.0
2025,Novembro,Gaza,Massingir,16936.0
2025,Novembro,Inhambane,Cidade de Inhambane,133469.0
2025,Novembro,Inhambane,Cidade de Maxixe,161873.0
2025,Novembro,Inhambane,Funhaloro,24011.0
2025,Novembro,Inhambane,Govuro,45871.0
2025,Novembro,Inhambane,Homoine,75306.0
2025,Novembro,Inhambane,Inharrime,113651.0
2025,Novembro,Inhambane,Inhassoro,65707.0
2025,Novembro,Inhambane,Jangamo,80822.0
2025,Novembro,Inhambane,Mabote,31914.0
2025,Novembro,Inhambane,Massinga,198171.0
2025,Novembro,Inhambane,Morrumbene,77478.0
2025,Novembro,Inhambane,Panda,28312.0
2025,Novembro,Inhambane,Vilankulo,140633.0
2025,Novembro,Inhambane,Zavala (Quissico),111655.0
2025,Novembro,Manica,Bárue,188567.0
2025,Novembro,Manica,Cidade de Chimoio,733409.0
2025,Novembro,Manica,Gondola,207773.0
2025,Novembro,Manica,Guro,62766.0
2025,Novembro,Manica,Macate,37124.0
2025,Novembro,Manica,Machaze,48883.0
2025,Novembro,Manica,Macossa,26106.0
2025,Novembro,Manica,Manica,227596.0
2025,Novembro,Manica,Mossurize,53550.0
2025,Novembro,Manica,Sussundenga,104734.0
2025,Novembro,Manica,Tambara,28280.0
2025,Novembro,Manica,Vanduzi,114746.0
2025,Novembro,Nampula,Angoche,413825.0
2025,Novembro,Nampula,Cidade de Nacala-Porto,560433.0
2025,Novembro,Nampula,Cidade de Nampula,1701801.0
2025,Novembro,Nampula,Ilha de Moçambique,73251.0
2025,Novembro,Nampula,Lalaua,37306.0
2025,Novembro,Nampula,Larde,32402.0
2025,Novembro,Nampula,Liupo,36024.0
2025,Novembro,Nampula,Malema,118787.0
2025,Novembro,Nampula,Meconta (Namialo),500490.0
2025,Novembro,Nampula,Mecuburi,85693.0
2025,Novembro,Nampula,Memba,146804.0
2025,Novembro,Nampula,Mogincual,77655.0
2025,Novembro,Nampula,Mogovolas,165502.0
2025,Novembro,Nampula,Moma,213348.0
2025,Novembro,Nampula,Monapo,185871.0
2025,Novembro,Nampula,Mossuril,75777.0
2025,Novembro,Nampula,Muecate,72625.0
2025,Novembro,Nampula,Murrupula,103448.0
2025,Novembro,Nampula,Nacala-Velha,56205.0
2025,Novembro,Nampula,Nacaroa,72194.0
2025,Novembro,Nampula,Namapa-Erati,137430.0
2025,Novembro,Nampula,Rapale-Nampula,164033.0
2025,Novembro,Nampula,Ribaué,138212.0
2025,Novembro,Niassa,Chimbunhila,53853.0
2025,Novembro,Niassa,Cidade de Lichinga,385018.0
2025,Novembro,Niassa,Cuamba,240461.0
2025,Novembro,Niassa,Lago,83256.0
2025,Novembro,Niassa,Mandimba,128911.0
2025,Novembro,Niassa,Manjune,33710.0
2025,Novembro,Niassa,Marrupa,47958.0
2025,Novembro,Niassa,Mavago,19344.0
2025,Novembro,Niassa,Maúa,54123.0
2025,Novembro,Niassa,Mecanhelas,114343.0
2025,Novembro,Niassa,Mecula,9971.0
2025,Novembro,Niassa,Metarica,35288.0
2025,Novembro,Niassa,Muembe,33803.0
2025,Novembro,Niassa,Nipepe,26177.0
2025,Novembro,Niassa,N´gauma,38875.0
2025,Novembro,Niassa,Sanga,69723.0
2025,Novembro,Província de Maputo,Boane,436181.0
2025,Novembro,Província de Maputo,Cidade da Matola,1547686.0
2025,Novembro,Província de Maputo,Cidade de Maputo,2338990.0
2025,Novembro,Província de Maputo,Magude,55652.0
2025,Novembro,Província de Maputo,Manhiça,238922.0
2025,Novembro,Província de Maputo,Marracuene,325696.0
2025,Novembro,Província de Maputo,Matutuíne,57468.0
2025,Novembro,Província de Maputo,Moamba,159335.0
2025,Novembro,Província de Maputo,Namaacha,42478.0
2025,Novembro,Sofala,Buzi,96138.0
2025,Novembro,Sofala,Caia,177943.0
2025,Novembro,Sofala,Chemba,43258.0
2025,Novembro,Sofala,Cheringoma,43399.0
2025,Novembro,Sofala,Chibabava,66111.0
2025,Novembro,Sofala,Cidade da Beira,1048318.0
2025,Novembro,Sofala,Dondo,218119.0
2025,Novembro,Sofala,Gorongoza,130443.0
2025,Novembro,Sofala,Machanga,26709.0
2025,Novembro,Sofala,Maringue,73210.0
2025,Novembro,Sofala,Marromeu,102679.0
2025,Novembro,Sofala,Muanza,22346.0
2025,Novembro,Sofala,Nhamatanda,170820.0
2025,Novembro,Tete,Angónia,260534.0
2025,Novembro,Tete,Cahora-Bassa,116176.0
2025,Novembro,Tete,Changara,118740.0
2025,Novembro,Tete,Chifunde,39190.0
2025,Novembro,Tete,Chiuta,50936.0
2025,Novembro,Tete,Cidade de Tete,541494.0
2025,Novembro,Tete,Doa,33878.0
2025,Novembro,Tete,Macanga,90967.0
2025,Novembro,Tete,Marara,52200.0
2025,Novembro,Tete,Maravia,12540.0
2025,Novembro,Tete,Moatize,235870.0
2025,Novembro,Tete,Mutarara,61224.0
2025,Novembro,Tete,Mágoe,40603.0
2025,Novembro,Tete,Tsangano,88200.0
2025,Novembro,Tete,Zumbo,14222.0
2025,Novembro,Zambézia,Alto Molócuè,227107.0
2025,Novembro,Zambézia,Chinde,32827.0
2025,Novembro,Zambézia,Cidade de Quelimane,523303.0
2025,Novembro,Zambézia,Derre,17910.0
2025,Novembro,Zambézia,Gilé,121422.0
2025,Novembro,Zambézia,Gurúè,267885.0
2025,Novembro,Zambézia,Ile,112209.0
2025,Novembro,Zambézia,Inhassunge,42384.0
2025,Novembro,Zambézia,Luabo,18078.0
2025,Novembro,Zambézia,Lugela,101843.0
2025,Novembro,Zambézia,Maganja da Costa,119473.0
2025,Novembro,Zambézia,Milange,289269.0
2025,Novembro,Zambézia,Mocuba,348456.0
2025,Novembro,Zambézia,Mocubela,25532.0
2025,Novembro,Zambézia,Molumbo,116394.0
2025,Novembro,Zambézia,Mopeia,99038.0
2025,Novembro,Zambézia,Morrumbala,161501.0
2025,Novembro,Zambézia,Mulevala,77648.0
2025,Novembro,Zambézia,Namacurra,106046.0
2025,Novembro,Zambézia,Namarroi,73047.0
2025,Novembro,Zambézia,Nicoadala,157597.0
2025,Novembro,Zambézia,Pebane,122145.0
2025,Outubro,Cabo Delgado,Ancuabe,127062.0
2025,Outubro,Cabo Delgado,Balama,104038.0
2025,Outubro,Cabo Delgado,Chiúre,173714.0
2025,Outubro,Cabo Delgado,Cidade de Pemba,331760.0
2025,Outubro,Cabo Delgado,Ibo,11673.0
2025,Outubro,Cabo Delgado,Macomia,51061.0
2025,Outubro,Cabo Delgado,Mecufi,26446.0
2025,Outubro,Cabo Delgado,Meluco,15929.0
2025,Outubro,Cabo Delgado,Mocimboa da Praia,81454.0
2025,Outubro,Cabo Delgado,Montepuez,228077.0
2025,Outubro,Cabo Delgado,Mueda,151785.0
2025,Outubro,Cabo Delgado,Muidumbe,28851.0
2025,Outubro,Cabo Delgado,Namuno,90922.0
2025,Outubro,Cabo Delgado,Nangade,45091.0
2025,Outubro,Cabo Delgado,Palma,67008.0
2025,Outubro,Cabo Delgado,Pemba-Metuge,97871.0
2025,Outubro,Cabo Delgado,Quissanga,18385.0
2025,Outubro,Gaza,Bilene-Macia,240623.0
2025,Outubro,Gaza,Chibuto,206408.0
2025,Outubro,Gaza,Chicualacuala,20359.0
2025,Outubro,Gaza,Chigubo,12017.0
2025,Outubro,Gaza,Chonguene,138405.0
2025,Outubro,Gaza,Chókwè,205700.0
2025,Outubro,Gaza,Cidade de Xai-Xai,198860.0
2025,Outubro,Gaza,Guijá,59147.0
2025,Outubro,Gaza,Limpopo,97536.0
2025,Outubro,Gaza,Mabalane,20349.0
2025,Outubro,Gaza,Manjacaze,106709.0
2025,Outubro,Gaza,Mapai,24753.0
2025,Outubro,Gaza,Massangena,11060.0
2025,Outubro,Gaza,Massingir,16551.0
2025,Outubro,Inhambane,Cidade de Inhambane,130378.0
2025,Outubro,Inhambane,Cidade de Maxixe,162721.0
2025,Outubro,Inhambane,Funhaloro,23088.0
2025,Outubro,Inhambane,Govuro,45142.0
2025,Outubro,Inhambane,Homoine,74250.0
2025,Outubro,Inhambane,Inharrime,109718.0
2025,Outubro,Inhambane,Inhassoro,64986.0
2025,Outubro,Inhambane,Jangamo,80101.0
2025,Outubro,Inhambane,Mabote,30980.0
2025,Outubro,Inhambane,Massinga,194920.0
2025,Outubro,Inhambane,Morrumbene,77727.0
2025,Outubro,Inhambane,Panda,27777.0
2025,Outubro,Inhambane,Vilankulo,137901.0
2025,Outubro,Inhambane,Zavala (Quissico),109795.0
2025,Outubro,Manica,Bárue,187402.0
2025,Outubro,Manica,Cidade de Chimoio,722652.0
2025,Outubro,Manica,Gondola,201465.0
2025,Outubro,Manica,Guro,61813.0
2025,Outubro,Manica,Macate,36281.0
2025,Outubro,Manica,Machaze,48643.0
2025,Outubro,Manica,Macossa,26276.0
2025,Outubro,Manica,Manica,227245.0
2025,Outubro,Manica,Mossurize,53852.0
2025,Outubro,Manica,Sussundenga,105606.0
2025,Outubro,Manica,Tambara,28165.0
2025,Outubro,Manica,Vanduzi,115172.0
2025,Outubro,Nampula,Angoche,391131.0
2025,Outubro,Nampula,Cidade de Nacala-Porto,533673.0
2025,Outubro,Nampula,Cidade de Nampula,1632050.0
2025,Outubro,Nampula,Ilha de Moçambique,70695.0
2025,Outubro,Nampula,Lalaua,38094.0
2025,Outubro,Nampula,Larde,31780.0
2025,Outubro,Nampula,Liupo,33607.0
2025,Outubro,Nampula,Malema,119143.0
2025,Outubro,Nampula,Meconta (Namialo),486414.0
2025,Outubro,Nampula,Mecuburi,84388.0
2025,Outubro,Nampula,Memba,147137.0
2025,Outubro,Nampula,Mogincual,74328.0
2025,Outubro,Nampula,Mogovolas,154627.0
2025,Outubro,Nampula,Moma,204961.0
2025,Outubro,Nampula,Monapo,178233.0
2025,Outubro,Nampula,Mossuril,73254.0
2025,Outubro,Nampula,Muecate,67630.0
2025,Outubro,Nampula,Murrupula,98527.0
2025,Outubro,Nampula,Nacala-Velha,53628.0
2025,Outubro,Nampula,Nacaroa,68452.0
2025,Outubro,Nampula,Namapa-Erati,129759.0
2025,Outubro,Nampula,Rapale-Nampula,157085.0
2025,Outubro,Nampula,Ribaué,137663.0
2025,Outubro,Niassa,Chimbunhila,54411.0
2025,Outubro,Niassa,Cidade de Lichinga,384280.0
2025,Outubro,Niassa,Cuamba,238342.0
2025,Outubro,Niassa,Lago,82244.0
2025,Outubro,Niassa,Mandimba,130003.0
2025,Outubro,Niassa,Manjune,32814.0
2025,Outubro,Niassa,Marrupa,47747.0
2025,Outubro,Niassa,Mavago,19209.0
2025,Outubro,Niassa,Maúa,53268.0
2025,Outubro,Niassa,Mecanhelas,110166.0
2025,Outubro,Niassa,Mecula,9879.0
2025,Outubro,Niassa,Metarica,35319.0
2025,Outubro,Niassa,Muembe,33925.0
2025,Outubro,Niassa,Nipepe,26570.0
2025,Outubro,Niassa,N´gauma,37370.0
2025,Outubro,Niassa,Sanga,68727.0
2025,Outubro,Província de Maputo,Boane,407418.0
2025,Outubro,Província de Maputo,Cidade da Matola,1553684.0
2025,Outubro,Província de Maputo,Cidade de Maputo,2324234.0
2025,Outubro,Província de Maputo,Magude,52762.0
2025,Outubro,Província de Maputo,Manhiça,231816.0
2025,Outubro,Província de Maputo,Marracuene,323516.0
2025,Outubro,Província de Maputo,Matutuíne,56594.0
2025,Outubro,Província de Maputo,Moamba,155750.0
2025,Outubro,Província de Maputo,Namaacha,42177.0
2025,Outubro,Sofala,Buzi,94498.0
2025,Outubro,Sofala,Caia,178345.0
2025,Outubro,Sofala,Chemba,42088.0
2025,Outubro,Sofala,Cheringoma,42074.0
2025,Outubro,Sofala,Chibabava,64987.0
2025,Outubro,Sofala,Cidade da Beira,1028156.0
2025,Outubro,Sofala,Dondo,214468.0
2025,Outubro,Sofala,Gorongoza,127898.0
2025,Outubro,Sofala,Machanga,25428.0
2025,Outubro,Sofala,Maringue,72285.0
2025,Outubro,Sofala,Marromeu,99934.0
2025,Outubro,Sofala,Muanza,22016.0
2025,Outubro,Sofala,Nhamatanda,166519.0
2025,Outubro,Tete,Angónia,255098.0
2025,Outubro,Tete,Cahora-Bassa,115644.0
2025,Outubro,Tete,Changara,113651.0
2025,Outubro,Tete,Chifunde,37860.0
2025,Outubro,Tete,Chiuta,50174.0
2025,Outubro,Tete,Cidade de Tete,540870.0
2025,Outubro,Tete,Doa,34195.0
2025,Outubro,Tete,Macanga,93796.0
2025,Outubro,Tete,Marara,50241.0
2025,Outubro,Tete,Maravia,12448.0
2025,Outubro,Tete,Moatize,224389.0
2025,Outubro,Tete,Mutarara,60588.0
2025,Outubro,Tete,Mágoe,40421.0
2025,Outubro,Tete,Tsangano,89585.0
2025,Outubro,Tete,Zumbo,13413.0
2025,Outubro,Zambézia,Alto Molócuè,229463.0
2025,Outubro,Zambézia,Chinde,32528.0
2025,Outubro,Zambézia,Cidade de Quelimane,508506.0
2025,Outubro,Zambézia,Derre,17276.0
2025,Outubro,Zambézia,Gilé,118288.0
2025,Outubro,Zambézia,Gurúè,271374.0
2025,Outubro,Zambézia,Ile,110716.0
2025,Outubro,Zambézia,Inhassunge,41236.0
2025,Outubro,Zambézia,Luabo,17308.0
2025,Outubro,Zambézia,Lugela,103305.0
2025,Outubro,Zambézia,Maganja da Costa,116973.0
2025,Outubro,Zambézia,Milange,299162.0
2025,Outubro,Zambézia,Mocuba,344193.0
2025,Outubro,Zambézia,Mocubela,24172.0
2025,Outubro,Zambézia,Molumbo,122339.0
2025,Outubro,Zambézia,Mopeia,97399.0
2025,Outubro,Zambézia,Morrumbala,160752.0
2025,Outubro,Zambézia,Mulevala,77160.0
2025,Outubro,Zambézia,Namacurra,103990.0
2025,Outubro,Zambézia,Namarroi,75110.0
2025,Outubro,Zambézia,Nicoadala,153956.0
2025,Outubro,Zambézia,Pebane,118194.0
2025,Setembro,Cabo Delgado,Ancuabe,124052.0
2025,Setembro,Cabo Delgado,Balama,97855.0
2025,Setembro,Cabo Delgado,Chiúre,170873.0
2025,Setembro,Cabo Delgado,Cidade de Pemba,344823.0
2025,Setembro,Cabo Delgado,Ibo,11269.0
2025,Setembro,Cabo Delgado,Macomia,49329.0
2025,Setembro,Cabo Delgado,Mecufi,22527.0
2025,Setembro,Cabo Delgado,Meluco,15273.0
2025,Setembro,Cabo Delgado,Mocimboa da Praia,87471.0
2025,Setembro,Cabo Delgado,Montepuez,219012.0
2025,Setembro,Cabo Delgado,Mueda,142619.0
2025,Setembro,Cabo Delgado,Muidumbe,27934.0
2025,Setembro,Cabo Delgado,Namuno,90278.0
2025,Setembro,Cabo Delgado,Nangade,42711.0
2025,Setembro,Cabo Delgado,Palma,64231.0
2025,Setembro,Cabo Delgado,Pemba-Metuge,91478.0
2025,Setembro,Cabo Delgado,Quissanga,17079.0
2025,Setembro,Gaza,Bilene-Macia,236578.0
2025,Setembro,Gaza,Chibuto,197300.0
2025,Setembro,Gaza,Chicualacuala,19816.0
2025,Setembro,Gaza,Chigubo,11684.0
2025,Setembro,Gaza,Chonguene,126344.0
2025,Setembro,Gaza,Chókwè,205867.0
2025,Setembro,Gaza,Cidade de Xai-Xai,199696.0
2025,Setembro,Gaza,Guijá,57568.0
2025,Setembro,Gaza,Limpopo,92782.0
2025,Setembro,Gaza,Mabalane,19777.0
2025,Setembro,Gaza,Manjacaze,112849.0
2025,Setembro,Gaza,Mapai,24263.0
2025,Setembro,Gaza,Massangena,10753.0
2025,Setembro,Gaza,Massingir,16064.0
2025,Setembro,Inhambane,Cidade de Inhambane,141768.0
2025,Setembro,Inhambane,Cidade de Maxixe,171080.0
2025,Setembro,Inhambane,Funhaloro,22053.0
2025,Setembro,Inhambane,Govuro,44521.0
2025,Setembro,Inhambane,Homoine,68909.0
2025,Setembro,Inhambane,Inharrime,105068.0
2025,Setembro,Inhambane,Inhassoro,61964.0
2025,Setembro,Inhambane,Jangamo,73608.0
2025,Setembro,Inhambane,Mabote,30362.0
2025,Setembro,Inhambane,Massinga,186238.0
2025,Setembro,Inhambane,Morrumbene,74231.0
2025,Setembro,Inhambane,Panda,26468.0
2025,Setembro,Inhambane,Vilankulo,134972.0
2025,Setembro,Inhambane,Zavala (Quissico),103305.0
2025,Setembro,Manica,Bárue,180038.0
2025,Setembro,Manica,Cidade de Chimoio,700333.0
2025,Setembro,Manica,Gondola,198243.0
2025,Setembro,Manica,Guro,63306.0
2025,Setembro,Manica,Macate,35756.0
2025,Setembro,Manica,Machaze,46982.0
2025,Setembro,Manica,Macossa,25720.0
2025,Setembro,Manica,Manica,226997.0
2025,Setembro,Manica,Mossurize,52082.0
2025,Setembro,Manica,Sussundenga,101873.0
2025,Setembro,Manica,Tambara,27134.0
2025,Setembro,Manica,Vanduzi,109032.0
2025,Setembro,Nampula,Angoche,389775.0
2025,Setembro,Nampula,Cidade de Nacala-Porto,521384.0
2025,Setembro,Nampula,Cidade de Nampula,1560199.0
2025,Setembro,Nampula,Ilha de Moçambique,75323.0
2025,Setembro,Nampula,Lalaua,36841.0
2025,Setembro,Nampula,Larde,11492.0
2025,Setembro,Nampula,Liupo,12182.0
2025,Setembro,Nampula,Malema,113027.0
2025,Setembro,Nampula,Meconta (Namialo),474091.0
2025,Setembro,Nampula,Mecuburi,82110.0
2025,Setembro,Nampula,Memba,140668.0
2025,Setembro,Nampula,Mogincual,91585.0
2025,Setembro,Nampula,Mogovolas,152050.0
2025,Setembro,Nampula,Moma,218275.0
2025,Setembro,Nampula,Monapo,172127.0
2025,Setembro,Nampula,Mossuril,66306.0
2025,Setembro,Nampula,Muecate,66533.0
2025,Setembro,Nampula,Murrupula,95547.0
2025,Setembro,Nampula,Nacala-Velha,52746.0
2025,Setembro,Nampula,Nacaroa,66688.0
2025,Setembro,Nampula,Namapa-Erati,124415.0
2025,Setembro,Nampula,Rapale-Nampula,148103.0
2025,Setembro,Nampula,Ribaué,131283.0
2025,Setembro,Niassa,Chimbunhila,51250.0
2025,Setembro,Niassa,Cidade de Lichinga,376174.0
2025,Setembro,Niassa,Cuamba,233858.0
2025,Setembro,Niassa,Lago,76619.0
2025,Setembro,Niassa,Mandimba,125700.0
2025,Setembro,Niassa,Manjune,31670.0
2025,Setembro,Niassa,Marrupa,45991.0
2025,Setembro,Niassa,Mavago,17632.0
2025,Setembro,Niassa,Maúa,50624.0
2025,Setembro,Niassa,Mecanhelas,103327.0
2025,Setembro,Niassa,Mecula,9756.0
2025,Setembro,Niassa,Metarica,33447.0
2025,Setembro,Niassa,Muembe,33683.0
2025,Setembro,Niassa,Nipepe,25246.0
2025,Setembro,Niassa,N´gauma,36156.0
2025,Setembro,Niassa,Sanga,69796.0
2025,Setembro,Província de Maputo,Boane,399967.0
2025,Setembro,Província de Maputo,Cidade da Matola,1623498.0
2025,Setembro,Província de Maputo,Cidade de Maputo,2276613.0
2025,Setembro,Província de Maputo,Magude,52705.0
2025,Setembro,Província de Maputo,Manhiça,225518.0
2025,Setembro,Província de Maputo,Marracuene,314789.0
2025,Setembro,Província de Maputo,Matutuíne,52717.0
2025,Setembro,Província de Maputo,Moamba,141331.0
2025,Setembro,Província de Maputo,Namaacha,40581.0
2025,Setembro,Sofala,Buzi,91759.0
2025,Setembro,Sofala,Caia,170342.0
2025,Setembro,Sofala,Chemba,41390.0
2025,Setembro,Sofala,Cheringoma,40789.0
2025,Setembro,Sofala,Chibabava,61069.0
2025,Setembro,Sofala,Cidade da Beira,1003108.0
2025,Setembro,Sofala,Dondo,209774.0
2025,Setembro,Sofala,Gorongoza,123572.0
2025,Setembro,Sofala,Machanga,23465.0
2025,Setembro,Sofala,Maringue,69336.0
2025,Setembro,Sofala,Marromeu,99834.0
2025,Setembro,Sofala,Muanza,21778.0
2025,Setembro,Sofala,Nhamatanda,160983.0
2025,Setembro,Tete,Angónia,241248.0
2025,Setembro,Tete,Cahora-Bassa,127640.0
2025,Setembro,Tete,Changara,109878.0
2025,Setembro,Tete,Chifunde,36285.0
2025,Setembro,Tete,Chiuta,42106.0
2025,Setembro,Tete,Cidade de Tete,551421.0
2025,Setembro,Tete,Doa,32324.0
2025,Setembro,Tete,Macanga,91277.0
2025,Setembro,Tete,Marara,46053.0
2025,Setembro,Tete,Maravia,12099.0
2025,Setembro,Tete,Moatize,204959.0
2025,Setembro,Tete,Mutarara,57377.0
2025,Setembro,Tete,Mágoe,37723.0
2025,Setembro,Tete,Tsangano,89716.0
2025,Setembro,Tete,Zumbo,12520.0
2025,Setembro,Zambézia,Alto Molócuè,230645.0
2025,Setembro,Zambézia,Chinde,31200.0
2025,Setembro,Zambézia,Cidade de Quelimane,490114.0
2025,Setembro,Zambézia,Derre,16718.0
2025,Setembro,Zambézia,Gilé,113686.0
2025,Setembro,Zambézia,Gurúè,258866.0
2025,Setembro,Zambézia,Ile,102982.0
2025,Setembro,Zambézia,Inhassunge,39045.0
2025,Setembro,Zambézia,Luabo,14153.0
2025,Setembro,Zambézia,Lugela,95800.0
2025,Setembro,Zambézia,Maganja da Costa,115394.0
2025,Setembro,Zambézia,Milange,283562.0
2025,Setembro,Zambézia,Mocuba,327674.0
2025,Setembro,Zambézia,Mocubela,21706.0
2025,Setembro,Zambézia,Molumbo,114148.0
2025,Setembro,Zambézia,Mopeia,90362.0
2025,Setembro,Zambézia,Morrumbala,149705.0
2025,Setembro,Zambézia,Mulevala,76226.0
2025,Setembro,Zambézia,Namacurra,97537.0
2025,Setembro,Zambézia,Namarroi,74116.0
2025,Setembro,Zambézia,Nicoadala,144185.0
2025,Setembro,Zambézia,Pebane,114613.0
