Year,Month,Province,District,Transaction_Type,Volume,Value
2025,Janeiro,Província de Maputo,Cidade de Maputo,Depósitos,6501765.0,7810913383.76
2025,Fevereiro,Província de Maputo,Cidade de Maputo,Depósitos,6681421.0,8312249340.12
2025,Março,Província de Maputo,Cidade de Maputo,Depósitos,8555808.0,12419584572.52
2025,Abril,Província de Maputo,Cidade de Maputo,Depósitos,8352147.0,12040150253.54
2025,Maio,Província de Maputo,Cidade de Maputo,Depósitos,9509914.0,13032349799.68
2025,Junho,Província de Maputo,Cidade de Maputo,Depósitos,9175857.0,11961035868.6
2025,Julho,Província de Maputo,Cidade de Maputo,Depósitos,9794612.0,13306011852.7
2025,Agosto,Província de Maputo,Cidade de Maputo,Depósitos,9633093.0,12884788685.18
2025,Setembro,Província de Maputo,Cidade de Maputo,Depósitos,8295083.0,11384092926.99
2025,Outubro,Província de Maputo,Cidade de Maputo,Depósitos,9232139.0,12550761154.1
2025,Novembro,Província de Maputo,Cidade de Maputo,Depósitos,8964962.0,12548936165.45
2025,Dezembro,Província de Maputo,Cidade de Maputo,Depósitos,9686830.0,15254394045.35
2025,Janeiro,Província de Maputo,Cidade da Matola,Depósitos,5961015.0,5848624501.51
2025,Fevereiro,Província de Maputo,Cidade da Matola,Depósitos,6693701.0,7286871724.64
2025,Março,Província de Maputo,Cidade da Matola,Depósitos,7321668.0,7328956527.87
2025,Abril,Província de Maputo,Cidade da Matola,Depósitos,6998636.0,6938202691.62
2025,Maio,Província de Maputo,Cidade da Matola,Depósitos,7522270.0,7635115580.99
2025,Junho,Província de Maputo,Cidade da Matola,Depósitos,7318277.0,7330489798.190001
2025,Julho,Província de Maputo,Cidade da Matola,Depósitos,7601139.0,7881084813.99
2025,Agosto,Província de Maputo,Cidade da Matola,Depósitos,7531638.0,7994202101.49
2025,Setembro,Província de Maputo,Cidade da Matola,Depósitos,7293426.0,7783051368.74
2025,Outubro,Província de Maputo,Cidade da Matola,Depósitos,3449093.0,4332163705.5
2025,Novembro,Província de Maputo,Cidade da Matola,Depósitos,7828992.0,8154091713.33
2025,Dezembro,Província de Maputo,Cidade da Matola,Depósitos,8218241.0,9531941075.83
2025,Janeiro,Província de Maputo,Boane,Depósitos,1078593.0,1090792661.97
2025,Fevereiro,Província de Maputo,Boane,Depósitos,1174711.0,1260841449.7
2025,Março,Província de Maputo,Boane,Depósitos,1338395.0,1390920621.4299998
2025,Abril,Província de Maputo,Boane,Depósitos,1269563.0,1393316285.99
2025,Maio,Província de Maputo,Boane,Depósitos,1353183.0,1428386658.92
2025,Junho,Província de Maputo,Boane,Depósitos,1315991.0,1337652926.1399999
2025,Julho,Província de Maputo,Boane,Depósitos,1369138.0,1437444236.8600001
2025,Agosto,Província de Maputo,Boane,Depósitos,1374700.0,1406404902.38
2025,Setembro,Província de Maputo,Boane,Depósitos,1338937.0,1405644895.03
2025,Outubro,Província de Maputo,Boane,Depósitos,1583702.0,1672000100.16
2025,Novembro,Província de Maputo,Boane,Depósitos,1633630.0,1686737442.14
2025,Dezembro,Província de Maputo,Boane,Depósitos,1791130.0,2106942098.59
2025,Janeiro,Província de Maputo,Magude,Depósitos,101461.0,83993064.68
2025,Fevereiro,Província de Maputo,Magude,Depósitos,104980.0,89052850.61
2025,Março,Província de Maputo,Magude,Depósitos,126392.0,97123119.72
2025,Abril,Província de Maputo,Magude,Depósitos,124400.0,102720574.92
2025,Maio,Província de Maputo,Magude,Depósitos,122954.0,94657022.42
2025,Junho,Província de Maputo,Magude,Depósitos,123157.0,94699778.15
2025,Julho,Província de Maputo,Magude,Depósitos,129902.0,104759083.08
2025,Agosto,Província de Maputo,Magude,Depósitos,126748.0,96812042.16
2025,Setembro,Província de Maputo,Magude,Depósitos,127917.0,107088554.62
2025,Outubro,Província de Maputo,Magude,Depósitos,145332.0,126333398.73
2025,Novembro,Província de Maputo,Magude,Depósitos,144769.0,122466985.47
2025,Dezembro,Província de Maputo,Magude,Depósitos,149134.0,148388293.56
2025,Janeiro,Província de Maputo,Manhiça,Depósitos,554778.0,347222582.41999996
2025,Fevereiro,Província de Maputo,Manhiça,Depósitos,550217.0,377347487.02
2025,Março,Província de Maputo,Manhiça,Depósitos,625158.0,418323414.07
2025,Abril,Província de Maputo,Manhiça,Depósitos,628806.0,437060354.8
2025,Maio,Província de Maputo,Manhiça,Depósitos,690220.0,502845950.44
2025,Junho,Província de Maputo,Manhiça,Depósitos,672528.0,525868931.34000003
2025,Julho,Província de Maputo,Manhiça,Depósitos,713353.0,567724753.86
2025,Agosto,Província de Maputo,Manhiça,Depósitos,728308.0,586123085.26
2025,Setembro,Província de Maputo,Manhiça,Depósitos,684191.0,584512574.3199999
2025,Outubro,Província de Maputo,Manhiça,Depósitos,744543.0,623795581.27
2025,Novembro,Província de Maputo,Manhiça,Depósitos,754409.0,621037769.14
2025,Dezembro,Província de Maputo,Manhiça,Depósitos,831827.0,767799894.29
2025,Janeiro,Província de Maputo,Marracuene,Depósitos,1490592.0,2059475405.79
2025,Fevereiro,Província de Maputo,Marracuene,Depósitos,1550040.0,2360828692.1400003
2025,Março,Província de Maputo,Marracuene,Depósitos,1723342.0,2542699868.05
2025,Abril,Província de Maputo,Marracuene,Depósitos,1615182.0,1989995392.88
2025,Maio,Província de Maputo,Marracuene,Depósitos,1640433.0,1679195063.24
2025,Junho,Província de Maputo,Marracuene,Depósitos,1613506.0,1636356183.02
2025,Julho,Província de Maputo,Marracuene,Depósitos,1674858.0,1671977326.8
2025,Agosto,Província de Maputo,Marracuene,Depósitos,1701888.0,1728421627.81
2025,Setembro,Província de Maputo,Marracuene,Depósitos,1784511.0,1960349921.41
2025,Outubro,Província de Maputo,Marracuene,Depósitos,1965979.0,2127526171.65
2025,Novembro,Província de Maputo,Marracuene,Depósitos,1955241.0,2134581801.35
2025,Dezembro,Província de Maputo,Marracuene,Depósitos,2025677.0,2470994785.75
2025,Janeiro,Província de Maputo,Matutuíne,Depósitos,194378.0,176722056.48000002
2025,Fevereiro,Província de Maputo,Matutuíne,Depósitos,190977.0,170147486.56
2025,Março,Província de Maputo,Matutuíne,Depósitos,210794.0,180016213.73000002
2025,Abril,Província de Maputo,Matutuíne,Depósitos,199339.0,171038771.4
2025,Maio,Província de Maputo,Matutuíne,Depósitos,199059.0,164916517.26999998
2025,Junho,Província de Maputo,Matutuíne,Depósitos,193503.0,159893658.76
2025,Julho,Província de Maputo,Matutuíne,Depósitos,206359.0,180972795.16
2025,Agosto,Província de Maputo,Matutuíne,Depósitos,209473.0,179338447.35
2025,Setembro,Província de Maputo,Matutuíne,Depósitos,217649.0,197836319.44
2025,Outubro,Província de Maputo,Matutuíne,Depósitos,251247.0,246125672.08
2025,Novembro,Província de Maputo,Matutuíne,Depósitos,270834.0,288437144.33000004
2025,Dezembro,Província de Maputo,Matutuíne,Depósitos,306211.0,394412436.63
2025,Janeiro,Província de Maputo,Namaacha,Depósitos,91122.0,93399978.8
2025,Fevereiro,Província de Maputo,Namaacha,Depósitos,94200.0,117909635.97999999
2025,Março,Província de Maputo,Namaacha,Depósitos,108336.0,128224668.72999999
2025,Abril,Província de Maputo,Namaacha,Depósitos,104303.0,125505585.1
2025,Maio,Província de Maputo,Namaacha,Depósitos,111358.0,142467316.11
2025,Junho,Província de Maputo,Namaacha,Depósitos,115266.0,130869121.61
2025,Julho,Província de Maputo,Namaacha,Depósitos,128488.0,142713310.18
2025,Agosto,Província de Maputo,Namaacha,Depósitos,128531.0,143222745.45
2025,Setembro,Província de Maputo,Namaacha,Depósitos,123102.0,142873259.45
2025,Outubro,Província de Maputo,Namaacha,Depósitos,137761.0,156579995.03
2025,Novembro,Província de Maputo,Namaacha,Depósitos,129061.0,154383808.84
2025,Dezembro,Província de Maputo,Namaacha,Depósitos,136430.0,157963105.76
2025,Janeiro,Província de Maputo,Moamba,Depósitos,385071.0,679964426.48
2025,Fevereiro,Província de Maputo,Moamba,Depósitos,420441.0,881516161.23
2025,Março,Província de Maputo,Moamba,Depósitos,490604.0,1127341827.99
2025,Abril,Província de Maputo,Moamba,Depósitos,478430.0,1066580153.5699999
2025,Maio,Província de Maputo,Moamba,Depósitos,487454.0,794847655.25
2025,Junho,Província de Maputo,Moamba,Depósitos,470954.0,682866129.88
2025,Julho,Província de Maputo,Moamba,Depósitos,234625.0,508076604.18
2025,Agosto,Província de Maputo,Moamba,Depósitos,505574.0,814831305.97
2025,Setembro,Província de Maputo,Moamba,Depósitos,506807.0,749305193.49
2025,Outubro,Província de Maputo,Moamba,Depósitos,565101.0,772495649.85
2025,Novembro,Província de Maputo,Moamba,Depósitos,552086.0,804175083.9300001
2025,Dezembro,Província de Maputo,Moamba,Depósitos,582373.0,873763671.35
2025,Janeiro,Gaza,Cidade de Xai-Xai,Depósitos,844894.0,709035519.1800001
2025,Fevereiro,Gaza,Cidade de Xai-Xai,Depósitos,852948.0,784395267.27
2025,Março,Gaza,Cidade de Xai-Xai,Depósitos,959260.0,1042369909.89
2025,Abril,Gaza,Cidade de Xai-Xai,Depósitos,938036.0,1123133305.62
2025,Maio,Gaza,Cidade de Xai-Xai,Depósitos,1055239.0,871411589.55
2025,Junho,Gaza,Cidade de Xai-Xai,Depósitos,1013802.0,826370849.0
2025,Julho,Gaza,Cidade de Xai-Xai,Depósitos,1072811.0,894394144.24
2025,Agosto,Gaza,Cidade de Xai-Xai,Depósitos,1056059.0,841746993.48
2025,Setembro,Gaza,Cidade de Xai-Xai,Depósitos,940342.0,784111788.66
2025,Outubro,Gaza,Cidade de Xai-Xai,Depósitos,1038373.0,873899601.05
2025,Novembro,Gaza,Cidade de Xai-Xai,Depósitos,1031527.0,875986818.6
2025,Dezembro,Gaza,Cidade de Xai-Xai,Depósitos,1103534.0,1114834196.49
2025,Janeiro,Gaza,Bilene-Macia,Depósitos,490608.0,396355000.91999996
2025,Fevereiro,Gaza,Bilene-Macia,Depósitos,475556.0,414573517.61
2025,Março,Gaza,Bilene-Macia,Depósitos,549400.0,494792986.75
2025,Abril,Gaza,Bilene-Macia,Depósitos,545374.0,501227096.78
2025,Maio,Gaza,Bilene-Macia,Depósitos,575674.0,498007983.55
2025,Junho,Gaza,Bilene-Macia,Depósitos,579114.0,504210033.63
2025,Julho,Gaza,Bilene-Macia,Depósitos,615906.0,535065965.96
2025,Agosto,Gaza,Bilene-Macia,Depósitos,613134.0,565297942.75
2025,Setembro,Gaza,Bilene-Macia,Depósitos,587908.0,539763766.61
2025,Outubro,Gaza,Bilene-Macia,Depósitos,649083.0,648609955.06
2025,Novembro,Gaza,Bilene-Macia,Depósitos,639175.0,620881314.06
2025,Dezembro,Gaza,Bilene-Macia,Depósitos,707389.0,800566044.64
2025,Janeiro,Gaza,Chibuto,Depósitos,374610.0,252680646.44
2025,Fevereiro,Gaza,Chibuto,Depósitos,362150.0,267288820.73
2025,Março,Gaza,Chibuto,Depósitos,405003.0,307766445.87
2025,Abril,Gaza,Chibuto,Depósitos,417818.0,290999121.06
2025,Maio,Gaza,Chibuto,Depósitos,460965.0,318215090.66999996
2025,Junho,Gaza,Chibuto,Depósitos,456788.0,324851484.90999997
2025,Julho,Gaza,Chibuto,Depósitos,478340.0,340697720.11
2025,Agosto,Gaza,Chibuto,Depósitos,489602.0,367836525.82
2025,Setembro,Gaza,Chibuto,Depósitos,472323.0,326554767.82
2025,Outubro,Gaza,Chibuto,Depósitos,535829.0,409821743.15999997
2025,Novembro,Gaza,Chibuto,Depósitos,488743.0,361718988.14
2025,Dezembro,Gaza,Chibuto,Depósitos,570584.0,620379347.19
2025,Janeiro,Gaza,Chicualacuala,Depósitos,55351.0,39291862.85
2025,Fevereiro,Gaza,Chicualacuala,Depósitos,56463.0,40115470.17
2025,Março,Gaza,Chicualacuala,Depósitos,68483.0,50268814.3
2025,Abril,Gaza,Chicualacuala,Depósitos,65927.0,44377438.7
2025,Maio,Gaza,Chicualacuala,Depósitos,70228.0,48297301.22
2025,Junho,Gaza,Chicualacuala,Depósitos,69413.0,47131770.25
2025,Julho,Gaza,Chicualacuala,Depósitos,74117.0,53254717.63
2025,Agosto,Gaza,Chicualacuala,Depósitos,67806.0,43408083.94
2025,Setembro,Gaza,Chicualacuala,Depósitos,64623.0,40801321.76
2025,Outubro,Gaza,Chicualacuala,Depósitos,73697.0,49727706.34
2025,Novembro,Gaza,Chicualacuala,Depósitos,72608.0,52374568.52
2025,Dezembro,Gaza,Chicualacuala,Depósitos,77257.0,67098113.93
2025,Janeiro,Gaza,Chigubo,Depósitos,18484.0,16080269.0
2025,Fevereiro,Gaza,Chigubo,Depósitos,20272.0,20175844.13
2025,Março,Gaza,Chigubo,Depósitos,27030.0,25234154.17
2025,Abril,Gaza,Chigubo,Depósitos,26445.0,22591853.61
2025,Maio,Gaza,Chigubo,Depósitos,26119.0,19042233.09
2025,Junho,Gaza,Chigubo,Depósitos,27352.0,20026115.5
2025,Julho,Gaza,Chigubo,Depósitos,29463.0,21023410.86
2025,Agosto,Gaza,Chigubo,Depósitos,62613.0,43158418.21
2025,Setembro,Gaza,Chigubo,Depósitos,56015.0,41368282.54
2025,Outubro,Gaza,Chigubo,Depósitos,82465.0,61077208.96
2025,Novembro,Gaza,Chigubo,Depósitos,77163.0,57142996.52
2025,Dezembro,Gaza,Chigubo,Depósitos,81589.0,70678048.22
2025,Janeiro,Gaza,Chókwè,Depósitos,594988.0,388002973.33000004
2025,Fevereiro,Gaza,Chókwè,Depósitos,564908.0,414679453.85
2025,Março,Gaza,Chókwè,Depósitos,644512.0,447366740.21
2025,Abril,Gaza,Chókwè,Depósitos,654837.0,441992358.34
2025,Maio,Gaza,Chókwè,Depósitos,715146.0,480630498.52
2025,Junho,Gaza,Chókwè,Depósitos,721745.0,486221995.36
2025,Julho,Gaza,Chókwè,Depósitos,742681.0,508222174.21
2025,Agosto,Gaza,Chókwè,Depósitos,731016.0,486939128.17
2025,Setembro,Gaza,Chókwè,Depósitos,684595.0,477180698.01
2025,Outubro,Gaza,Chókwè,Depósitos,746624.0,524493140.68
2025,Novembro,Gaza,Chókwè,Depósitos,735127.0,508359809.31
2025,Dezembro,Gaza,Chókwè,Depósitos,799167.0,639695198.74
2025,Janeiro,Gaza,Guijá,Depósitos,114831.0,72016179.22999999
2025,Fevereiro,Gaza,Guijá,Depósitos,118141.0,85016811.07
2025,Março,Gaza,Guijá,Depósitos,139881.0,93988438.47999999
2025,Abril,Gaza,Guijá,Depósitos,146368.0,98702202.74000001
2025,Maio,Gaza,Guijá,Depósitos,157622.0,103389860.74000001
2025,Junho,Gaza,Guijá,Depósitos,154977.0,102032173.18
2025,Julho,Gaza,Guijá,Depósitos,161364.0,110529872.48
2025,Agosto,Gaza,Guijá,Depósitos,163587.0,104072494.95
2025,Setembro,Gaza,Guijá,Depósitos,164127.0,104801482.82
2025,Outubro,Gaza,Guijá,Depósitos,185408.0,121423614.73
2025,Novembro,Gaza,Guijá,Depósitos,181116.0,113010223.22
2025,Dezembro,Gaza,Guijá,Depósitos,199587.0,151937964.49
2025,Janeiro,Gaza,Mabalane,Depósitos,60575.0,38158346.0
2025,Fevereiro,Gaza,Mabalane,Depósitos,64839.0,47510293.1
2025,Março,Gaza,Mabalane,Depósitos,74738.0,54360527.69
2025,Abril,Gaza,Mabalane,Depósitos,74090.0,54005044.72
2025,Maio,Gaza,Mabalane,Depósitos,79527.0,54952243.74
2025,Junho,Gaza,Mabalane,Depósitos,78878.0,51989346.51
2025,Julho,Gaza,Mabalane,Depósitos,85215.0,60274400.08
2025,Agosto,Gaza,Mabalane,Depósitos,83164.0,50581177.26
2025,Setembro,Gaza,Mabalane,Depósitos,81077.0,53617322.14
2025,Outubro,Gaza,Mabalane,Depósitos,92069.0,65695754.49
2025,Novembro,Gaza,Mabalane,Depósitos,90651.0,57893838.66
2025,Dezembro,Gaza,Mabalane,Depósitos,94530.0,81221449.79
2025,Janeiro,Gaza,Manjacaze,Depósitos,279680.0,166265284.26
2025,Fevereiro,Gaza,Manjacaze,Depósitos,258734.0,165681507.35
2025,Março,Gaza,Manjacaze,Depósitos,287734.0,179289663.95999998
2025,Abril,Gaza,Manjacaze,Depósitos,283436.0,238447157.95
2025,Maio,Gaza,Manjacaze,Depósitos,293232.0,181179365.15
2025,Junho,Gaza,Manjacaze,Depósitos,293574.0,189818979.95999998
2025,Julho,Gaza,Manjacaze,Depósitos,313166.0,201603800.74
2025,Agosto,Gaza,Manjacaze,Depósitos,308821.0,190283690.23000002
2025,Setembro,Gaza,Manjacaze,Depósitos,300807.0,189216218.49
2025,Outubro,Gaza,Manjacaze,Depósitos,339406.0,213821448.98
2025,Novembro,Gaza,Manjacaze,Depósitos,357016.0,218867039.25
2025,Dezembro,Gaza,Manjacaze,Depósitos,402376.0,296266373.98
2025,Janeiro,Gaza,Massangena,Depósitos,26267.0,21604233.52
2025,Fevereiro,Gaza,Massangena,Depósitos,27147.0,29680573.12
2025,Março,Gaza,Massangena,Depósitos,30438.0,34170713.91
2025,Abril,Gaza,Massangena,Depósitos,35040.0,31421868.06
2025,Maio,Gaza,Massangena,Depósitos,39255.0,35846099.23
2025,Junho,Gaza,Massangena,Depósitos,41674.0,35924629.24
2025,Julho,Gaza,Massangena,Depósitos,44706.0,38589473.74
2025,Agosto,Gaza,Massangena,Depósitos,42720.0,36169421.48
2025,Setembro,Gaza,Massangena,Depósitos,43787.0,38716086.56
2025,Outubro,Gaza,Massangena,Depósitos,48267.0,44962464.72
2025,Novembro,Gaza,Massangena,Depósitos,48356.0,44053312.86
2025,Dezembro,Gaza,Massangena,Depósitos,50682.0,56324864.14
2025,Janeiro,Gaza,Massingir,Depósitos,52201.0,44491237.37
2025,Fevereiro,Gaza,Massingir,Depósitos,54350.0,56548743.07
2025,Março,Gaza,Massingir,Depósitos,59948.0,61912723.86
2025,Abril,Gaza,Massingir,Depósitos,55237.0,55605502.33
2025,Maio,Gaza,Massingir,Depósitos,50961.0,49574457.95
2025,Junho,Gaza,Massingir,Depósitos,50168.0,46374756.42
2025,Julho,Gaza,Massingir,Depósitos,51832.0,46040964.56
2025,Agosto,Gaza,Massingir,Depósitos,51393.0,44037911.38
2025,Setembro,Gaza,Massingir,Depósitos,51065.0,42666534.51
2025,Outubro,Gaza,Massingir,Depósitos,61749.0,55771452.6
2025,Novembro,Gaza,Massingir,Depósitos,60072.0,53916321.39
2025,Dezembro,Gaza,Massingir,Depósitos,64968.0,70274564.03
2025,Janeiro,Gaza,Chonguene,Depósitos,277422.0,193516589.56
2025,Fevereiro,Gaza,Chonguene,Depósitos,277706.0,210983730.76
2025,Março,Gaza,Chonguene,Depósitos,321832.0,247514398.58
2025,Abril,Gaza,Chonguene,Depósitos,308527.0,253385220.05
2025,Maio,Gaza,Chonguene,Depósitos,316737.0,223802708.58
2025,Junho,Gaza,Chonguene,Depósitos,319615.0,234543180.71
2025,Julho,Gaza,Chonguene,Depósitos,322748.0,247597960.07
2025,Agosto,Gaza,Chonguene,Depósitos,330387.0,233718878.94
2025,Setembro,Gaza,Chonguene,Depósitos,342994.0,253583404.67
2025,Outubro,Gaza,Chonguene,Depósitos,401832.0,317683839.02
2025,Novembro,Gaza,Chonguene,Depósitos,379966.0,294058081.95
2025,Dezembro,Gaza,Chonguene,Depósitos,435279.0,391914798.21
2025,Janeiro,Gaza,Mapai,Depósitos,75598.0,43559630.42
2025,Fevereiro,Gaza,Mapai,Depósitos,75014.0,49976077.85
2025,Março,Gaza,Mapai,Depósitos,93359.0,58870743.23
2025,Abril,Gaza,Mapai,Depósitos,91345.0,53031940.6
2025,Maio,Gaza,Mapai,Depósitos,93618.0,55948436.96
2025,Junho,Gaza,Mapai,Depósitos,95207.0,54354819.99
2025,Julho,Gaza,Mapai,Depósitos,104937.0,58918240.97
2025,Agosto,Gaza,Mapai,Depósitos,103154.0,61170385.24
2025,Setembro,Gaza,Mapai,Depósitos,101821.0,54967708.65
2025,Outubro,Gaza,Mapai,Depósitos,116133.0,72101642.74000001
2025,Novembro,Gaza,Mapai,Depósitos,114976.0,66302458.86
2025,Dezembro,Gaza,Mapai,Depósitos,125202.0,95010117.47
2025,Janeiro,Gaza,Limpopo,Depósitos,241710.0,120027747.32
2025,Fevereiro,Gaza,Limpopo,Depósitos,218807.0,119386873.31
2025,Março,Gaza,Limpopo,Depósitos,249121.0,156684602.62
2025,Abril,Gaza,Limpopo,Depósitos,240452.0,149808563.56
2025,Maio,Gaza,Limpopo,Depósitos,234056.0,126574118.82
2025,Junho,Gaza,Limpopo,Depósitos,241217.0,135431717.99
2025,Julho,Gaza,Limpopo,Depósitos,251150.0,143856503.49
2025,Agosto,Gaza,Limpopo,Depósitos,245227.0,137559856.17000002
2025,Setembro,Gaza,Limpopo,Depósitos,248516.0,140269611.55
2025,Outubro,Gaza,Limpopo,Depósitos,283142.0,173660807.69
2025,Novembro,Gaza,Limpopo,Depósitos,272960.0,171461517.15
2025,Dezembro,Gaza,Limpopo,Depósitos,315047.0,242156587.47
2025,Janeiro,Inhambane,Cidade de Inhambane,Depósitos,400803.0,298250269.78999996
2025,Fevereiro,Inhambane,Cidade de Inhambane,Depósitos,394240.0,309193545.95
2025,Março,Inhambane,Cidade de Inhambane,Depósitos,439387.0,319327418.36
2025,Abril,Inhambane,Cidade de Inhambane,Depósitos,433390.0,318879004.66999996
2025,Maio,Inhambane,Cidade de Inhambane,Depósitos,472048.0,360795998.21
2025,Junho,Inhambane,Cidade de Inhambane,Depósitos,470941.0,361718281.93
2025,Julho,Inhambane,Cidade de Inhambane,Depósitos,505247.0,378074794.25
2025,Agosto,Inhambane,Cidade de Inhambane,Depósitos,495535.0,345258493.08
2025,Setembro,Inhambane,Cidade de Inhambane,Depósitos,470569.0,354579661.37
2025,Outubro,Inhambane,Cidade de Inhambane,Depósitos,526459.0,408778229.79
2025,Novembro,Inhambane,Cidade de Inhambane,Depósitos,517382.0,402703983.06
2025,Dezembro,Inhambane,Cidade de Inhambane,Depósitos,564860.0,508261432.31
2025,Janeiro,Inhambane,Cidade de Maxixe,Depósitos,555992.0,464798646.57
2025,Fevereiro,Inhambane,Cidade de Maxixe,Depósitos,543525.0,482689760.75
2025,Março,Inhambane,Cidade de Maxixe,Depósitos,612987.0,532835211.07
2025,Abril,Inhambane,Cidade de Maxixe,Depósitos,602604.0,544103916.2
2025,Maio,Inhambane,Cidade de Maxixe,Depósitos,646534.0,573096831.5899999
2025,Junho,Inhambane,Cidade de Maxixe,Depósitos,632444.0,539387531.1600001
2025,Julho,Inhambane,Cidade de Maxixe,Depósitos,671227.0,580717090.62
2025,Agosto,Inhambane,Cidade de Maxixe,Depósitos,669313.0,570428913.02
2025,Setembro,Inhambane,Cidade de Maxixe,Depósitos,633789.0,539695833.79
2025,Outubro,Inhambane,Cidade de Maxixe,Depósitos,701075.0,638556896.6800001
2025,Novembro,Inhambane,Cidade de Maxixe,Depósitos,692448.0,590232046.3399999
2025,Dezembro,Inhambane,Cidade de Maxixe,Depósitos,746302.0,775189040.1
2025,Janeiro,Inhambane,Funhaloro,Depósitos,58926.0,36735159.83
2025,Fevereiro,Inhambane,Funhaloro,Depósitos,55725.0,40254102.59
2025,Março,Inhambane,Funhaloro,Depósitos,64502.0,45106595.78
2025,Abril,Inhambane,Funhaloro,Depósitos,61612.0,43313728.72
2025,Maio,Inhambane,Funhaloro,Depósitos,62298.0,41923217.4
2025,Junho,Inhambane,Funhaloro,Depósitos,61343.0,40046281.98
2025,Julho,Inhambane,Funhaloro,Depósitos,64437.0,40117895.59
2025,Agosto,Inhambane,Funhaloro,Depósitos,66533.0,42606547.32
2025,Setembro,Inhambane,Funhaloro,Depósitos,67997.0,49510912.57
2025,Outubro,Inhambane,Funhaloro,Depósitos,81104.0,56381785.89
2025,Novembro,Inhambane,Funhaloro,Depósitos,83026.0,53193960.64
2025,Dezembro,Inhambane,Funhaloro,Depósitos,95719.0,80927727.15
2025,Janeiro,Inhambane,Govuro,Depósitos,95651.0,64300700.99
2025,Fevereiro,Inhambane,Govuro,Depósitos,95909.0,70676191.42
2025,Março,Inhambane,Govuro,Depósitos,109570.0,80421789.13
2025,Abril,Inhambane,Govuro,Depósitos,107846.0,80013240.25999999
2025,Maio,Inhambane,Govuro,Depósitos,129933.0,96641848.35
2025,Junho,Inhambane,Govuro,Depósitos,129211.0,95986126.48
2025,Julho,Inhambane,Govuro,Depósitos,139619.0,102129733.36
2025,Agosto,Inhambane,Govuro,Depósitos,143083.0,94984893.42
2025,Setembro,Inhambane,Govuro,Depósitos,135007.0,89980053.7
2025,Outubro,Inhambane,Govuro,Depósitos,151152.0,104515989.05
2025,Novembro,Inhambane,Govuro,Depósitos,147969.0,99978525.1
2025,Dezembro,Inhambane,Govuro,Depósitos,164503.0,126963861.79
2025,Janeiro,Inhambane,Homoine,Depósitos,138931.0,80092243.25
2025,Fevereiro,Inhambane,Homoine,Depósitos,131345.0,82303678.0
2025,Março,Inhambane,Homoine,Depósitos,150891.0,98815109.41
2025,Abril,Inhambane,Homoine,Depósitos,149180.0,94585244.78
2025,Maio,Inhambane,Homoine,Depósitos,158409.0,98472432.05
2025,Junho,Inhambane,Homoine,Depósitos,168493.0,111370364.55
2025,Julho,Inhambane,Homoine,Depósitos,179490.0,123024365.76
2025,Agosto,Inhambane,Homoine,Depósitos,180154.0,113587551.52
2025,Setembro,Inhambane,Homoine,Depósitos,174776.0,108676721.38
2025,Outubro,Inhambane,Homoine,Depósitos,198563.0,125024496.83
2025,Novembro,Inhambane,Homoine,Depósitos,192519.0,113739327.58
2025,Dezembro,Inhambane,Homoine,Depósitos,221417.0,162170707.42000002
2025,Janeiro,Inhambane,Inharrime,Depósitos,171652.0,144516027.48000002
2025,Fevereiro,Inhambane,Inharrime,Depósitos,161050.0,145963861.76999998
2025,Março,Inhambane,Inharrime,Depósitos,178564.0,181184450.04000002
2025,Abril,Inhambane,Inharrime,Depósitos,179016.0,199963624.39
2025,Maio,Inhambane,Inharrime,Depósitos,196971.0,178983900.17000002
2025,Junho,Inhambane,Inharrime,Depósitos,197775.0,173053944.23000002
2025,Julho,Inhambane,Inharrime,Depósitos,210607.0,185119176.68
2025,Agosto,Inhambane,Inharrime,Depósitos,206003.0,186395795.07
2025,Setembro,Inhambane,Inharrime,Depósitos,194498.0,180429211.4
2025,Outubro,Inhambane,Inharrime,Depósitos,222400.0,209859518.37
2025,Novembro,Inhambane,Inharrime,Depósitos,218182.0,202564396.13
2025,Dezembro,Inhambane,Inharrime,Depósitos,254393.0,334263934.65
2025,Janeiro,Inhambane,Inhassoro,Depósitos,186606.0,114168986.21
2025,Fevereiro,Inhambane,Inhassoro,Depósitos,193661.0,121911388.98
2025,Março,Inhambane,Inhassoro,Depósitos,230439.0,156361291.32999998
2025,Abril,Inhambane,Inhassoro,Depósitos,223673.0,154867375.23000002
2025,Maio,Inhambane,Inhassoro,Depósitos,233296.0,162620263.16
2025,Junho,Inhambane,Inhassoro,Depósitos,229723.0,156504578.88
2025,Julho,Inhambane,Inhassoro,Depósitos,245813.0,160164769.36
2025,Agosto,Inhambane,Inhassoro,Depósitos,245772.0,150228313.07999998
2025,Setembro,Inhambane,Inhassoro,Depósitos,237971.0,142521367.74
2025,Outubro,Inhambane,Inhassoro,Depósitos,266503.0,176707992.51999998
2025,Novembro,Inhambane,Inhassoro,Depósitos,254339.0,151047969.23000002
2025,Dezembro,Inhambane,Inhassoro,Depósitos,277634.0,199125360.46
2025,Janeiro,Inhambane,Jangamo,Depósitos,119585.0,84137067.35
2025,Fevereiro,Inhambane,Jangamo,Depósitos,109630.0,79796790.36
2025,Março,Inhambane,Jangamo,Depósitos,120076.0,92076007.82
2025,Abril,Inhambane,Jangamo,Depósitos,119593.0,92149627.39
2025,Maio,Inhambane,Jangamo,Depósitos,134848.0,106194660.47999999
2025,Junho,Inhambane,Jangamo,Depósitos,138197.0,109104112.59
2025,Julho,Inhambane,Jangamo,Depósitos,148285.0,113520686.09
2025,Agosto,Inhambane,Jangamo,Depósitos,151082.0,106210017.16
2025,Setembro,Inhambane,Jangamo,Depósitos,141707.0,108479562.67
2025,Outubro,Inhambane,Jangamo,Depósitos,157228.0,122294345.45
2025,Novembro,Inhambane,Jangamo,Depósitos,157668.0,120117970.22
2025,Dezembro,Inhambane,Jangamo,Depósitos,187930.0,172978192.57999998
2025,Janeiro,Inhambane,Mabote,Depósitos,70777.0,49415685.47
2025,Fevereiro,Inhambane,Mabote,Depósitos,73935.0,58449108.5
2025,Março,Inhambane,Mabote,Depósitos,83329.0,54891185.42
2025,Abril,Inhambane,Mabote,Depósitos,79911.0,53187965.27
2025,Maio,Inhambane,Mabote,Depósitos,85281.0,60503492.82
2025,Junho,Inhambane,Mabote,Depósitos,87139.0,60276398.0
2025,Julho,Inhambane,Mabote,Depósitos,93492.0,66164314.85
2025,Agosto,Inhambane,Mabote,Depósitos,93847.0,59635826.68
2025,Setembro,Inhambane,Mabote,Depósitos,94337.0,61750988.29
2025,Outubro,Inhambane,Mabote,Depósitos,105216.0,69407723.06
2025,Novembro,Inhambane,Mabote,Depósitos,112172.0,78234290.31
2025,Dezembro,Inhambane,Mabote,Depósitos,124907.0,121945842.11
2025,Janeiro,Inhambane,Massinga,Depósitos,336544.0,349719833.63
2025,Fevereiro,Inhambane,Massinga,Depósitos,330538.0,390505023.21000004
2025,Março,Inhambane,Massinga,Depósitos,378518.0,517514747.62
2025,Abril,Inhambane,Massinga,Depósitos,385890.0,636029135.94
2025,Maio,Inhambane,Massinga,Depósitos,409451.0,480284505.98
2025,Junho,Inhambane,Massinga,Depósitos,409620.0,505910416.5
2025,Julho,Inhambane,Massinga,Depósitos,436874.0,530398984.41999996
2025,Agosto,Inhambane,Massinga,Depósitos,439385.0,490521279.25
2025,Setembro,Inhambane,Massinga,Depósitos,425379.0,517377473.76
2025,Outubro,Inhambane,Massinga,Depósitos,484883.0,594762650.4300001
2025,Novembro,Inhambane,Massinga,Depósitos,478336.0,566205802.88
2025,Dezembro,Inhambane,Massinga,Depósitos,525044.0,680294666.1
2025,Janeiro,Inhambane,Morrumbene,Depósitos,169531.0,110174093.42
2025,Fevereiro,Inhambane,Morrumbene,Depósitos,153662.0,109232333.8
2025,Março,Inhambane,Morrumbene,Depósitos,172968.0,135058206.05
2025,Abril,Inhambane,Morrumbene,Depósitos,171244.0,145522899.16
2025,Maio,Inhambane,Morrumbene,Depósitos,177639.0,124104002.27
2025,Junho,Inhambane,Morrumbene,Depósitos,180561.0,123088635.64
2025,Julho,Inhambane,Morrumbene,Depósitos,192427.0,137222763.70999998
2025,Agosto,Inhambane,Morrumbene,Depósitos,189006.0,125254003.36
2025,Setembro,Inhambane,Morrumbene,Depósitos,184208.0,125387064.87
2025,Outubro,Inhambane,Morrumbene,Depósitos,200280.0,137996139.48000002
2025,Novembro,Inhambane,Morrumbene,Depósitos,197793.0,140866993.53
2025,Dezembro,Inhambane,Morrumbene,Depósitos,223093.0,195116998.38
2025,Janeiro,Inhambane,Panda,Depósitos,61684.0,32766856.78
2025,Fevereiro,Inhambane,Panda,Depósitos,60255.0,35570078.21
2025,Março,Inhambane,Panda,Depósitos,66746.0,37099664.04
2025,Abril,Inhambane,Panda,Depósitos,68965.0,39729453.260000005
2025,Maio,Inhambane,Panda,Depósitos,66001.0,38529452.09
2025,Junho,Inhambane,Panda,Depósitos,66288.0,34634199.56
2025,Julho,Inhambane,Panda,Depósitos,70058.0,37016812.989999995
2025,Agosto,Inhambane,Panda,Depósitos,66726.0,35734285.92
2025,Setembro,Inhambane,Panda,Depósitos,69470.0,36435226.980000004
2025,Outubro,Inhambane,Panda,Depósitos,161611.0,100654892.48
2025,Novembro,Inhambane,Panda,Depósitos,77935.0,44103426.870000005
2025,Dezembro,Inhambane,Panda,Depósitos,90201.0,67173527.38
2025,Janeiro,Inhambane,Vilankulo,Depósitos,508866.0,334621358.34000003
2025,Fevereiro,Inhambane,Vilankulo,Depósitos,496749.0,363747353.03999996
2025,Março,Inhambane,Vilankulo,Depósitos,564964.0,402641163.67
2025,Abril,Inhambane,Vilankulo,Depósitos,547861.0,380523620.4
2025,Maio,Inhambane,Vilankulo,Depósitos,594377.0,423975439.98
2025,Junho,Inhambane,Vilankulo,Depósitos,577756.0,408031378.68
2025,Julho,Inhambane,Vilankulo,Depósitos,607225.0,447541519.51
2025,Agosto,Inhambane,Vilankulo,Depósitos,607187.0,415518757.21
2025,Setembro,Inhambane,Vilankulo,Depósitos,568576.0,392775897.89
2025,Outubro,Inhambane,Vilankulo,Depósitos,637001.0,454414930.84
2025,Novembro,Inhambane,Vilankulo,Depósitos,646178.0,523260133.57
2025,Dezembro,Inhambane,Vilankulo,Depósitos,696003.0,601872154.6
2025,Janeiro,Inhambane,Zavala (Quissico),Depósitos,226492.0,179082998.48000002
2025,Fevereiro,Inhambane,Zavala (Quissico),Depósitos,204691.0,170196006.57
2025,Março,Inhambane,Zavala (Quissico),Depósitos,234302.0,250393807.01999998
2025,Abril,Inhambane,Zavala (Quissico),Depósitos,233962.0,300040444.07
2025,Maio,Inhambane,Zavala (Quissico),Depósitos,238608.0,218279673.43
2025,Junho,Inhambane,Zavala (Quissico),Depósitos,235909.0,202562588.81
2025,Julho,Inhambane,Zavala (Quissico),Depósitos,237630.0,208614067.76
2025,Agosto,Inhambane,Zavala (Quissico),Depósitos,241742.0,226098051.03
2025,Setembro,Inhambane,Zavala (Quissico),Depósitos,235714.0,258766467.47
2025,Outubro,Inhambane,Zavala (Quissico),Depósitos,265132.0,288635575.65
2025,Novembro,Inhambane,Zavala (Quissico),Depósitos,262892.0,300480347.97
2025,Dezembro,Inhambane,Zavala (Quissico),Depósitos,306505.0,438661043.78
2025,Janeiro,Sofala,Cidade da Beira,Depósitos,4256353.0,3101583090.21
2025,Fevereiro,Sofala,Cidade da Beira,Depósitos,4209523.0,3223791680.18
2025,Março,Sofala,Cidade da Beira,Depósitos,4903932.0,4053454345.35
2025,Abril,Sofala,Cidade da Beira,Depósitos,4788621.0,3979099415.28
2025,Maio,Sofala,Cidade da Beira,Depósitos,5270416.0,3937585646.9
2025,Junho,Sofala,Cidade da Beira,Depósitos,5220356.0,3800020112.5
2025,Julho,Sofala,Cidade da Beira,Depósitos,5451345.0,4124850724.92
2025,Agosto,Sofala,Cidade da Beira,Depósitos,5562730.0,4029257729.36
2025,Setembro,Sofala,Cidade da Beira,Depósitos,5233262.0,3858802738.51
2025,Outubro,Sofala,Cidade da Beira,Depósitos,5814007.0,4518996019.68
2025,Novembro,Sofala,Cidade da Beira,Depósitos,5743305.0,4309499235.32
2025,Dezembro,Sofala,Cidade da Beira,Depósitos,5924064.0,5117246190.38
2025,Janeiro,Sofala,Buzi,Depósitos,195672.0,102259136.04
2025,Fevereiro,Sofala,Buzi,Depósitos,192105.0,116990128.61
2025,Março,Sofala,Buzi,Depósitos,227974.0,121376658.73
2025,Abril,Sofala,Buzi,Depósitos,226566.0,124573004.87
2025,Maio,Sofala,Buzi,Depósitos,242847.0,137482899.05
2025,Junho,Sofala,Buzi,Depósitos,258642.0,152464347.15
2025,Julho,Sofala,Buzi,Depósitos,277377.0,145190582.07
2025,Agosto,Sofala,Buzi,Depósitos,285323.0,141275132.19
2025,Setembro,Sofala,Buzi,Depósitos,278860.0,145520109.03
2025,Outubro,Sofala,Buzi,Depósitos,311925.0,164481939.32
2025,Novembro,Sofala,Buzi,Depósitos,309538.0,170147688.47
2025,Dezembro,Sofala,Buzi,Depósitos,327756.0,204971906.01
2025,Janeiro,Sofala,Caia,Depósitos,286366.0,120895757.41
2025,Fevereiro,Sofala,Caia,Depósitos,283036.0,142783771.92000002
2025,Março,Sofala,Caia,Depósitos,300982.0,148371127.17
2025,Abril,Sofala,Caia,Depósitos,291047.0,134726800.87
2025,Maio,Sofala,Caia,Depósitos,328216.0,154807838.78
2025,Junho,Sofala,Caia,Depósitos,334144.0,163419605.29
2025,Julho,Sofala,Caia,Depósitos,388285.0,191399649.74
2025,Agosto,Sofala,Caia,Depósitos,393690.0,159355681.23
2025,Setembro,Sofala,Caia,Depósitos,377001.0,161167497.78
2025,Outubro,Sofala,Caia,Depósitos,321248.0,166439186.32
2025,Novembro,Sofala,Caia,Depósitos,442794.0,198630349.32
2025,Dezembro,Sofala,Caia,Depósitos,453039.0,244468509.21
2025,Janeiro,Sofala,Chemba,Depósitos,71467.0,29491206.78
2025,Fevereiro,Sofala,Chemba,Depósitos,64496.0,36595366.76
2025,Março,Sofala,Chemba,Depósitos,71518.0,36764655.01
2025,Abril,Sofala,Chemba,Depósitos,70385.0,32390773.19
2025,Maio,Sofala,Chemba,Depósitos,65771.0,30117059.66
2025,Junho,Sofala,Chemba,Depósitos,75285.0,44090670.15
2025,Julho,Sofala,Chemba,Depósitos,82720.0,45252648.26
2025,Agosto,Sofala,Chemba,Depósitos,82777.0,48445964.02
2025,Setembro,Sofala,Chemba,Depósitos,81938.0,36828354.62
2025,Outubro,Sofala,Chemba,Depósitos,94019.0,50121656.01
2025,Novembro,Sofala,Chemba,Depósitos,92792.0,45494021.76
2025,Dezembro,Sofala,Chemba,Depósitos,88330.0,47829222.64
2025,Janeiro,Sofala,Cheringoma,Depósitos,104712.0,43065005.38
2025,Fevereiro,Sofala,Cheringoma,Depósitos,105390.0,45701708.67
2025,Março,Sofala,Cheringoma,Depósitos,119790.0,44793103.43
2025,Abril,Sofala,Cheringoma,Depósitos,119198.0,48362469.03
2025,Maio,Sofala,Cheringoma,Depósitos,129012.0,47343543.15
2025,Junho,Sofala,Cheringoma,Depósitos,126941.0,47032875.29
2025,Julho,Sofala,Cheringoma,Depósitos,140613.0,49094993.57
2025,Agosto,Sofala,Cheringoma,Depósitos,141423.0,47721863.85
2025,Setembro,Sofala,Cheringoma,Depósitos,136613.0,42677114.89
2025,Outubro,Sofala,Cheringoma,Depósitos,99144.0,51071504.01
2025,Novembro,Sofala,Cheringoma,Depósitos,141314.0,50387001.96
2025,Dezembro,Sofala,Cheringoma,Depósitos,137602.0,61567358.71
2025,Janeiro,Sofala,Chibabava,Depósitos,143145.0,120121048.98
2025,Fevereiro,Sofala,Chibabava,Depósitos,143709.0,114965495.2
2025,Março,Sofala,Chibabava,Depósitos,160669.0,114903968.63
2025,Abril,Sofala,Chibabava,Depósitos,154972.0,122724511.61
2025,Maio,Sofala,Chibabava,Depósitos,159457.0,142003048.34
2025,Junho,Sofala,Chibabava,Depósitos,161611.0,147020288.36
2025,Julho,Sofala,Chibabava,Depósitos,171675.0,139083411.04000002
2025,Agosto,Sofala,Chibabava,Depósitos,163509.0,135024788.84
2025,Setembro,Sofala,Chibabava,Depósitos,152127.0,125249769.27
2025,Outubro,Sofala,Chibabava,Depósitos,168851.0,138091228.32
2025,Novembro,Sofala,Chibabava,Depósitos,172627.0,173209693.22
2025,Dezembro,Sofala,Chibabava,Depósitos,194539.0,229441893.23
2025,Janeiro,Sofala,Dondo,Depósitos,747391.0,372199463.59
2025,Fevereiro,Sofala,Dondo,Depósitos,736932.0,384401561.1
2025,Março,Sofala,Dondo,Depósitos,812971.0,382218469.47
2025,Abril,Sofala,Dondo,Depósitos,789707.0,382370142.31
2025,Maio,Sofala,Dondo,Depósitos,848499.0,409898334.67
2025,Junho,Sofala,Dondo,Depósitos,847079.0,416428811.25
2025,Julho,Sofala,Dondo,Depósitos,889654.0,436775547.76
2025,Agosto,Sofala,Dondo,Depósitos,918268.0,423045801.46
2025,Setembro,Sofala,Dondo,Depósitos,899271.0,429488646.2
2025,Outubro,Sofala,Dondo,Depósitos,971082.0,493682902.77
2025,Novembro,Sofala,Dondo,Depósitos,976959.0,484134369.44
2025,Dezembro,Sofala,Dondo,Depósitos,1022664.0,583922391.63
2025,Janeiro,Sofala,Gorongoza,Depósitos,325069.0,133564115.53
2025,Fevereiro,Sofala,Gorongoza,Depósitos,304599.0,148990989.0
2025,Março,Sofala,Gorongoza,Depósitos,351343.0,150265704.32999998
2025,Abril,Sofala,Gorongoza,Depósitos,349968.0,170470100.24
2025,Maio,Sofala,Gorongoza,Depósitos,387006.0,184492254.37
2025,Junho,Sofala,Gorongoza,Depósitos,403238.0,203303959.98
2025,Julho,Sofala,Gorongoza,Depósitos,433497.0,213183367.53
2025,Agosto,Sofala,Gorongoza,Depósitos,432537.0,190728872.11
2025,Setembro,Sofala,Gorongoza,Depósitos,415666.0,189728984.86
2025,Outubro,Sofala,Gorongoza,Depósitos,460475.0,229002047.37
2025,Novembro,Sofala,Gorongoza,Depósitos,438674.0,213180979.96
2025,Dezembro,Sofala,Gorongoza,Depósitos,451876.0,253874080.4
2025,Janeiro,Sofala,Machanga,Depósitos,40028.0,28755514.98
2025,Fevereiro,Sofala,Machanga,Depósitos,42637.0,31444565.95
2025,Março,Sofala,Machanga,Depósitos,47278.0,34298682.39
2025,Abril,Sofala,Machanga,Depósitos,46911.0,32869168.22
2025,Maio,Sofala,Machanga,Depósitos,50905.0,36454922.5
2025,Junho,Sofala,Machanga,Depósitos,52075.0,35964885.84
2025,Julho,Sofala,Machanga,Depósitos,57019.0,41807961.2
2025,Agosto,Sofala,Machanga,Depósitos,56353.0,40690687.019999996
2025,Setembro,Sofala,Machanga,Depósitos,58148.0,36088927.07
2025,Outubro,Sofala,Machanga,Depósitos,70679.0,44197808.51
2025,Novembro,Sofala,Machanga,Depósitos,71043.0,43539349.84
2025,Dezembro,Sofala,Machanga,Depósitos,77659.0,50446551.55
2025,Janeiro,Sofala,Maringue,Depósitos,116725.0,57366184.88
2025,Fevereiro,Sofala,Maringue,Depósitos,111323.0,65275543.03
2025,Março,Sofala,Maringue,Depósitos,128202.0,62907416.53
2025,Abril,Sofala,Maringue,Depósitos,135047.0,66348237.64
2025,Maio,Sofala,Maringue,Depósitos,158948.0,76760778.88
2025,Junho,Sofala,Maringue,Depósitos,182176.0,103060548.63
2025,Julho,Sofala,Maringue,Depósitos,195317.0,99941787.16
2025,Agosto,Sofala,Maringue,Depósitos,194571.0,93617529.64
2025,Setembro,Sofala,Maringue,Depósitos,180360.0,83224652.91
2025,Outubro,Sofala,Maringue,Depósitos,197017.0,107164668.52
2025,Novembro,Sofala,Maringue,Depósitos,186008.0,107346231.98
2025,Dezembro,Sofala,Maringue,Depósitos,183921.0,119421290.86
2025,Janeiro,Sofala,Marromeu,Depósitos,245573.0,93321622.47
2025,Fevereiro,Sofala,Marromeu,Depósitos,216186.0,99397848.95
2025,Março,Sofala,Marromeu,Depósitos,242253.0,93854389.84
2025,Abril,Sofala,Marromeu,Depósitos,250484.0,100578797.63
2025,Maio,Sofala,Marromeu,Depósitos,278237.0,113226202.29
2025,Junho,Sofala,Marromeu,Depósitos,278565.0,119007803.73
2025,Julho,Sofala,Marromeu,Depósitos,326355.0,146693544.45999998
2025,Agosto,Sofala,Marromeu,Depósitos,335085.0,138037677.69
2025,Setembro,Sofala,Marromeu,Depósitos,303003.0,122069267.53
2025,Outubro,Sofala,Marromeu,Depósitos,338506.0,151614625.8
2025,Novembro,Sofala,Marromeu,Depósitos,331000.0,139039831.06
2025,Dezembro,Sofala,Marromeu,Depósitos,351343.0,171723215.9
2025,Janeiro,Sofala,Muanza,Depósitos,46226.0,22936134.88
2025,Fevereiro,Sofala,Muanza,Depósitos,50052.0,26172448.97
2025,Março,Sofala,Muanza,Depósitos,56058.0,25226600.25
2025,Abril,Sofala,Muanza,Depósitos,55684.0,27455692.65
2025,Maio,Sofala,Muanza,Depósitos,56705.0,26580507.23
2025,Junho,Sofala,Muanza,Depósitos,61624.0,29709812.13
2025,Julho,Sofala,Muanza,Depósitos,64366.0,29797656.58
2025,Agosto,Sofala,Muanza,Depósitos,66022.0,29162072.26
2025,Setembro,Sofala,Muanza,Depósitos,61059.0,29192130.05
2025,Outubro,Sofala,Muanza,Depósitos,73582.0,36916060.14
2025,Novembro,Sofala,Muanza,Depósitos,74547.0,34408240.02
2025,Dezembro,Sofala,Muanza,Depósitos,76049.0,43521319.99
2025,Janeiro,Sofala,Nhamatanda,Depósitos,421546.0,192699698.12
2025,Fevereiro,Sofala,Nhamatanda,Depósitos,409287.0,203621823.31
2025,Março,Sofala,Nhamatanda,Depósitos,470320.0,203484278.38
2025,Abril,Sofala,Nhamatanda,Depósitos,477065.0,225343958.17
2025,Maio,Sofala,Nhamatanda,Depósitos,508652.0,256490403.29
2025,Junho,Sofala,Nhamatanda,Depósitos,506397.0,263372726.31
2025,Julho,Sofala,Nhamatanda,Depósitos,556151.0,278165988.24
2025,Agosto,Sofala,Nhamatanda,Depósitos,570235.0,264388130.1
2025,Setembro,Sofala,Nhamatanda,Depósitos,546225.0,260708711.77
2025,Outubro,Sofala,Nhamatanda,Depósitos,593004.0,292929253.1
2025,Novembro,Sofala,Nhamatanda,Depósitos,590845.0,283428987.83000004
2025,Dezembro,Sofala,Nhamatanda,Depósitos,613815.0,347725592.88
2025,Janeiro,Manica,Cidade de Chimoio,Depósitos,2342490.0,1491088369.1
2025,Fevereiro,Manica,Cidade de Chimoio,Depósitos,2329212.0,1573397085.3
2025,Março,Manica,Cidade de Chimoio,Depósitos,2666991.0,1641284239.19
2025,Abril,Manica,Cidade de Chimoio,Depósitos,2599758.0,1680422748.4
2025,Maio,Manica,Cidade de Chimoio,Depósitos,2860582.0,2022480973.06
2025,Junho,Manica,Cidade de Chimoio,Depósitos,2841460.0,1991805358.81
2025,Julho,Manica,Cidade de Chimoio,Depósitos,2990056.0,2071349042.66
2025,Agosto,Manica,Cidade de Chimoio,Depósitos,2991738.0,1989115000.84
2025,Setembro,Manica,Cidade de Chimoio,Depósitos,2811493.0,1875989611.68
2025,Outubro,Manica,Cidade de Chimoio,Depósitos,3137584.0,2171116619.98
2025,Novembro,Manica,Cidade de Chimoio,Depósitos,3016263.0,2030800436.66
2025,Dezembro,Manica,Cidade de Chimoio,Depósitos,3068077.0,2512110479.88
2025,Janeiro,Manica,Bárue,Depósitos,372826.0,232106838.15
2025,Fevereiro,Manica,Bárue,Depósitos,381501.0,241340530.98
2025,Março,Manica,Bárue,Depósitos,451746.0,252857350.44
2025,Abril,Manica,Bárue,Depósitos,430711.0,283732995.74
2025,Maio,Manica,Bárue,Depósitos,528770.0,360101723.04
2025,Junho,Manica,Bárue,Depósitos,529356.0,313154667.44
2025,Julho,Manica,Bárue,Depósitos,558190.0,312722813.64
2025,Agosto,Manica,Bárue,Depósitos,577369.0,346911329.49
2025,Setembro,Manica,Bárue,Depósitos,555730.0,294381882.34
2025,Outubro,Manica,Bárue,Depósitos,588106.0,323245297.81
2025,Novembro,Manica,Bárue,Depósitos,524825.0,281808577.15
2025,Dezembro,Manica,Bárue,Depósitos,518543.0,305385315.54
2025,Janeiro,Manica,Gondola,Depósitos,410575.0,207336777.2
2025,Fevereiro,Manica,Gondola,Depósitos,393289.0,230171463.03
2025,Março,Manica,Gondola,Depósitos,448397.0,236535413.14
2025,Abril,Manica,Gondola,Depósitos,443044.0,227795489.87
2025,Maio,Manica,Gondola,Depósitos,572008.0,347327526.53
2025,Junho,Manica,Gondola,Depósitos,587431.0,361430020.63
2025,Julho,Manica,Gondola,Depósitos,620919.0,376219676.16
2025,Agosto,Manica,Gondola,Depósitos,645851.0,361668677.83
2025,Setembro,Manica,Gondola,Depósitos,598775.0,338856806.5
2025,Outubro,Manica,Gondola,Depósitos,663793.0,392722526.34
2025,Novembro,Manica,Gondola,Depósitos,658395.0,396902113.25
2025,Dezembro,Manica,Gondola,Depósitos,694661.0,477133284.45
2025,Janeiro,Manica,Guro,Depósitos,125958.0,71495541.53
2025,Fevereiro,Manica,Guro,Depósitos,131087.0,81221866.23
2025,Março,Manica,Guro,Depósitos,161444.0,85340386.43
2025,Abril,Manica,Guro,Depósitos,145685.0,78278870.17
2025,Maio,Manica,Guro,Depósitos,162129.0,96945781.03
2025,Junho,Manica,Guro,Depósitos,166483.0,102472226.97
2025,Julho,Manica,Guro,Depósitos,183752.0,101889222.01
2025,Agosto,Manica,Guro,Depósitos,187515.0,99501480.19
2025,Setembro,Manica,Guro,Depósitos,191379.0,99301182.18
2025,Outubro,Manica,Guro,Depósitos,2927165.0,1875041572.98
2025,Novembro,Manica,Guro,Depósitos,190438.0,94703331.68
2025,Dezembro,Manica,Guro,Depósitos,177547.0,101219842.46
2025,Janeiro,Manica,Machaze,Depósitos,110668.0,121415011.23
2025,Fevereiro,Manica,Machaze,Depósitos,112019.0,124549576.68
2025,Março,Manica,Machaze,Depósitos,131216.0,192584560.9
2025,Abril,Manica,Machaze,Depósitos,129242.0,161647285.85
2025,Maio,Manica,Machaze,Depósitos,141472.0,127562430.16
2025,Junho,Manica,Machaze,Depósitos,142373.0,138106922.34
2025,Julho,Manica,Machaze,Depósitos,144807.0,134302083.31
2025,Agosto,Manica,Machaze,Depósitos,140752.0,124404273.41
2025,Setembro,Manica,Machaze,Depósitos,145804.0,129889416.69
2025,Outubro,Manica,Machaze,Depósitos,169796.0,171688378.22
2025,Novembro,Manica,Machaze,Depósitos,161980.0,168428000.53
2025,Dezembro,Manica,Machaze,Depósitos,177292.0,212875714.88
2025,Janeiro,Manica,Macossa,Depósitos,47791.0,34204036.3
2025,Fevereiro,Manica,Macossa,Depósitos,54156.0,43130331.33
2025,Março,Manica,Macossa,Depósitos,66568.0,40956532.28
2025,Abril,Manica,Macossa,Depósitos,68528.0,47893263.97
2025,Maio,Manica,Macossa,Depósitos,74706.0,42488004.09
2025,Junho,Manica,Macossa,Depósitos,75501.0,40040499.39
2025,Julho,Manica,Macossa,Depósitos,79914.0,42364040.19
2025,Agosto,Manica,Macossa,Depósitos,82054.0,42280957.72
2025,Setembro,Manica,Macossa,Depósitos,80366.0,38904760.7
2025,Outubro,Manica,Macossa,Depósitos,82662.0,52508920.08
2025,Novembro,Manica,Macossa,Depósitos,75505.0,49568142.85
2025,Dezembro,Manica,Macossa,Depósitos,75718.0,61777781.94
2025,Janeiro,Manica,Manica,Depósitos,635356.0,514683777.46
2025,Fevereiro,Manica,Manica,Depósitos,627661.0,525280866.01
2025,Março,Manica,Manica,Depósitos,725963.0,545919064.15
2025,Abril,Manica,Manica,Depósitos,717700.0,556068621.12
2025,Maio,Manica,Manica,Depósitos,767145.0,602390575.3
2025,Junho,Manica,Manica,Depósitos,787085.0,610500577.4
2025,Julho,Manica,Manica,Depósitos,842294.0,620245572.79
2025,Agosto,Manica,Manica,Depósitos,848761.0,619715278.15
2025,Setembro,Manica,Manica,Depósitos,805051.0,636589524.61
2025,Outubro,Manica,Manica,Depósitos,925903.0,734482831.54
2025,Novembro,Manica,Manica,Depósitos,903511.0,715404491.93
2025,Dezembro,Manica,Manica,Depósitos,931616.0,792945545.1
2025,Janeiro,Manica,Mossurize,Depósitos,163314.0,157708678.12
2025,Fevereiro,Manica,Mossurize,Depósitos,165088.0,171816875.14
2025,Março,Manica,Mossurize,Depósitos,192029.0,186646608.08
2025,Abril,Manica,Mossurize,Depósitos,193771.0,193364662.86
2025,Maio,Manica,Mossurize,Depósitos,219761.0,234261681.9
2025,Junho,Manica,Mossurize,Depósitos,217536.0,253089831.36
2025,Julho,Manica,Mossurize,Depósitos,218951.0,244914970.62
2025,Agosto,Manica,Mossurize,Depósitos,213317.0,200905065.98
2025,Setembro,Manica,Mossurize,Depósitos,207263.0,198498859.92
2025,Outubro,Manica,Mossurize,Depósitos,241425.0,256012310.3
2025,Novembro,Manica,Mossurize,Depósitos,230874.0,247448621.37
2025,Dezembro,Manica,Mossurize,Depósitos,237391.0,293014720.63
2025,Janeiro,Manica,Sussundenga,Depósitos,252858.0,134733985.44
2025,Fevereiro,Manica,Sussundenga,Depósitos,249667.0,146601667.32
2025,Março,Manica,Sussundenga,Depósitos,293138.0,152300927.79
2025,Abril,Manica,Sussundenga,Depósitos,287499.0,145756666.22
2025,Maio,Manica,Sussundenga,Depósitos,307851.0,167154055.75
2025,Junho,Manica,Sussundenga,Depósitos,313607.0,162120286.25
2025,Julho,Manica,Sussundenga,Depósitos,330081.0,167049319.64
2025,Agosto,Manica,Sussundenga,Depósitos,334931.0,154311525.85
2025,Setembro,Manica,Sussundenga,Depósitos,339300.0,170704639.01
2025,Outubro,Manica,Sussundenga,Depósitos,379754.0,210944894.93
2025,Novembro,Manica,Sussundenga,Depósitos,345569.0,184296153.22
2025,Dezembro,Manica,Sussundenga,Depósitos,389970.0,272092525.48
2025,Janeiro,Manica,Tambara,Depósitos,39847.0,24063469.91
2025,Fevereiro,Manica,Tambara,Depósitos,42659.0,34750791.1
2025,Março,Manica,Tambara,Depósitos,49067.0,33462012.17
2025,Abril,Manica,Tambara,Depósitos,52625.0,33149705.45
2025,Maio,Manica,Tambara,Depósitos,52185.0,28453699.08
2025,Junho,Manica,Tambara,Depósitos,58331.0,31423678.99
2025,Julho,Manica,Tambara,Depósitos,62795.0,34860722.3
2025,Agosto,Manica,Tambara,Depósitos,61856.0,34124073.13
2025,Setembro,Manica,Tambara,Depósitos,63289.0,36646819.61
2025,Outubro,Manica,Tambara,Depósitos,70654.0,50048771.44
2025,Novembro,Manica,Tambara,Depósitos,65673.0,40640061.03
2025,Dezembro,Manica,Tambara,Depósitos,63739.0,40542853.5
2025,Janeiro,Manica,Macate,Depósitos,57380.0,21771430.42
2025,Fevereiro,Manica,Macate,Depósitos,56187.0,22486549.88
2025,Março,Manica,Macate,Depósitos,67428.0,25346385.31
2025,Abril,Manica,Macate,Depósitos,70777.0,26258614.07
2025,Maio,Manica,Macate,Depósitos,99425.0,50107587.8
2025,Junho,Manica,Macate,Depósitos,101009.0,51243181.55
2025,Julho,Manica,Macate,Depósitos,108777.0,57159891.16
2025,Agosto,Manica,Macate,Depósitos,115530.0,57338107.41
2025,Setembro,Manica,Macate,Depósitos,90585.0,41858299.86
2025,Outubro,Manica,Macate,Depósitos,96244.0,43060036.21
2025,Novembro,Manica,Macate,Depósitos,87447.0,41350606.95
2025,Dezembro,Manica,Macate,Depósitos,95047.0,50177076.78
2025,Janeiro,Manica,Vanduzi,Depósitos,335946.0,178758345.04
2025,Fevereiro,Manica,Vanduzi,Depósitos,333716.0,186541471.92
2025,Março,Manica,Vanduzi,Depósitos,399846.0,202970134.66
2025,Abril,Manica,Vanduzi,Depósitos,385501.0,199993099.19
2025,Maio,Manica,Vanduzi,Depósitos,364510.0,195033781.38
2025,Junho,Manica,Vanduzi,Depósitos,371576.0,192743133.55
2025,Julho,Manica,Vanduzi,Depósitos,410841.0,216944877.28
2025,Agosto,Manica,Vanduzi,Depósitos,423637.0,224712113.72
2025,Setembro,Manica,Vanduzi,Depósitos,448675.0,246566965.39
2025,Outubro,Manica,Vanduzi,Depósitos,513588.0,299392696.14
2025,Novembro,Manica,Vanduzi,Depósitos,479586.0,283413317.28
2025,Dezembro,Manica,Vanduzi,Depósitos,467107.0,322246004.54
2025,Janeiro,Tete,Cidade de Tete,Depósitos,2339200.0,2026159540.4
2025,Fevereiro,Tete,Cidade de Tete,Depósitos,2002169.0,2048661170.59
2025,Março,Tete,Cidade de Tete,Depósitos,2243414.0,2628989807.13
2025,Abril,Tete,Cidade de Tete,Depósitos,2161764.0,2620554003.4700003
2025,Maio,Tete,Cidade de Tete,Depósitos,2384722.0,2332238059.98
2025,Junho,Tete,Cidade de Tete,Depósitos,2289224.0,2251481001.9300003
2025,Julho,Tete,Cidade de Tete,Depósitos,2410672.0,2372863275.63
2025,Agosto,Tete,Cidade de Tete,Depósitos,2425330.0,2295509558.33
2025,Setembro,Tete,Cidade de Tete,Depósitos,2267261.0,2187943300.06
2025,Outubro,Tete,Cidade de Tete,Depósitos,2491767.0,2430920752.41
2025,Novembro,Tete,Cidade de Tete,Depósitos,2471446.0,2364711409.5299997
2025,Dezembro,Tete,Cidade de Tete,Depósitos,2621863.0,2837798432.3
2025,Janeiro,Tete,Angónia,Depósitos,339046.0,235241245.21
2025,Fevereiro,Tete,Angónia,Depósitos,369004.0,264023868.0
2025,Março,Tete,Angónia,Depósitos,440719.0,289561207.03
2025,Abril,Tete,Angónia,Depósitos,459667.0,283668849.03
2025,Maio,Tete,Angónia,Depósitos,528842.0,318574608.14
2025,Junho,Tete,Angónia,Depósitos,566901.0,324053595.71
2025,Julho,Tete,Angónia,Depósitos,585898.0,329530970.46
2025,Agosto,Tete,Angónia,Depósitos,580165.0,305719251.67
2025,Setembro,Tete,Angónia,Depósitos,551882.0,275898833.72
2025,Outubro,Tete,Angónia,Depósitos,626424.0,364588819.5
2025,Novembro,Tete,Angónia,Depósitos,576707.0,314547987.31
2025,Dezembro,Tete,Angónia,Depósitos,563040.0,392736818.0
2025,Janeiro,Tete,Cahora-Bassa,Depósitos,269611.0,201779075.25
2025,Fevereiro,Tete,Cahora-Bassa,Depósitos,276353.0,215205413.93
2025,Março,Tete,Cahora-Bassa,Depósitos,335467.0,238620488.48
2025,Abril,Tete,Cahora-Bassa,Depósitos,325675.0,228148074.71
2025,Maio,Tete,Cahora-Bassa,Depósitos,344059.0,248749498.49
2025,Junho,Tete,Cahora-Bassa,Depósitos,351317.0,255575108.2
2025,Julho,Tete,Cahora-Bassa,Depósitos,344161.0,267599417.3
2025,Agosto,Tete,Cahora-Bassa,Depósitos,358361.0,273106254.51
2025,Setembro,Tete,Cahora-Bassa,Depósitos,357020.0,286325883.07
2025,Outubro,Tete,Cahora-Bassa,Depósitos,389405.0,280965310.27
2025,Novembro,Tete,Cahora-Bassa,Depósitos,382460.0,280175766.86
2025,Dezembro,Tete,Cahora-Bassa,Depósitos,392268.0,321150005.33
2025,Janeiro,Tete,Changara,Depósitos,189505.0,131959609.34
2025,Fevereiro,Tete,Changara,Depósitos,196476.0,147985288.44
2025,Março,Tete,Changara,Depósitos,234848.0,159464407.71
2025,Abril,Tete,Changara,Depósitos,237013.0,154550272.75
2025,Maio,Tete,Changara,Depósitos,246174.0,179440851.65
2025,Junho,Tete,Changara,Depósitos,265631.0,196943575.58
2025,Julho,Tete,Changara,Depósitos,280078.0,187711370.39
2025,Agosto,Tete,Changara,Depósitos,285941.0,173298981.93
2025,Setembro,Tete,Changara,Depósitos,290849.0,178939835.8
2025,Outubro,Tete,Changara,Depósitos,325893.0,209273538.93
2025,Novembro,Tete,Changara,Depósitos,317008.0,188157526.72
2025,Dezembro,Tete,Changara,Depósitos,319067.0,228846417.0
2025,Janeiro,Tete,Chifunde,Depósitos,31014.0,27360120.6
2025,Fevereiro,Tete,Chifunde,Depósitos,34459.0,32573590.95
2025,Março,Tete,Chifunde,Depósitos,43773.0,41588696.85
2025,Abril,Tete,Chifunde,Depósitos,44651.0,40489787.37
2025,Maio,Tete,Chifunde,Depósitos,53670.0,49633017.98
2025,Junho,Tete,Chifunde,Depósitos,60267.0,50821585.8
2025,Julho,Tete,Chifunde,Depósitos,65829.0,56261973.98
2025,Agosto,Tete,Chifunde,Depósitos,66059.0,43833979.63
2025,Setembro,Tete,Chifunde,Depósitos,62128.0,39196370.27
2025,Outubro,Tete,Chifunde,Depósitos,72587.0,60710771.84
2025,Novembro,Tete,Chifunde,Depósitos,65478.0,54051321.6
2025,Dezembro,Tete,Chifunde,Depósitos,61401.0,56860176.51
2025,Janeiro,Tete,Chiuta,Depósitos,95401.0,74018226.22
2025,Fevereiro,Tete,Chiuta,Depósitos,102428.0,87786971.94
2025,Março,Tete,Chiuta,Depósitos,119874.0,76680144.0
2025,Abril,Tete,Chiuta,Depósitos,115762.0,71340351.19
2025,Maio,Tete,Chiuta,Depósitos,120307.0,73300740.95
2025,Junho,Tete,Chiuta,Depósitos,129404.0,83942279.16
2025,Julho,Tete,Chiuta,Depósitos,139562.0,93366930.99
2025,Agosto,Tete,Chiuta,Depósitos,140822.0,79983054.32
2025,Setembro,Tete,Chiuta,Depósitos,138256.0,80918822.7
2025,Outubro,Tete,Chiuta,Depósitos,168827.0,113870084.98
2025,Novembro,Tete,Chiuta,Depósitos,163306.0,98919724.6
2025,Dezembro,Tete,Chiuta,Depósitos,164069.0,113491393.75
2025,Janeiro,Tete,Macanga,Depósitos,174229.0,64167869.49
2025,Fevereiro,Tete,Macanga,Depósitos,187608.0,72281860.1
2025,Março,Tete,Macanga,Depósitos,235662.0,92744977.18
2025,Abril,Tete,Macanga,Depósitos,249530.0,100972903.72
2025,Maio,Tete,Macanga,Depósitos,294757.0,120212026.58
2025,Junho,Tete,Macanga,Depósitos,288750.0,111924552.68
2025,Julho,Tete,Macanga,Depósitos,340043.0,129323803.66
2025,Agosto,Tete,Macanga,Depósitos,323574.0,89929982.74
2025,Setembro,Tete,Macanga,Depósitos,298727.0,80035826.41
2025,Outubro,Tete,Macanga,Depósitos,339437.0,117474596.86
2025,Novembro,Tete,Macanga,Depósitos,289351.0,88954006.48
2025,Dezembro,Tete,Macanga,Depósitos,282876.0,118002717.25
2025,Janeiro,Tete,Mágoe,Depósitos,74883.0,57962972.18
2025,Fevereiro,Tete,Mágoe,Depósitos,80135.0,62203307.05
2025,Março,Tete,Mágoe,Depósitos,99667.0,74712464.04
2025,Abril,Tete,Mágoe,Depósitos,92176.0,58604870.27
2025,Maio,Tete,Mágoe,Depósitos,97998.0,57553823.79
2025,Junho,Tete,Mágoe,Depósitos,110078.0,71244780.25
2025,Julho,Tete,Mágoe,Depósitos,115127.0,58417001.19
2025,Agosto,Tete,Mágoe,Depósitos,110610.0,49494437.2
2025,Setembro,Tete,Mágoe,Depósitos,110498.0,53827748.45
2025,Outubro,Tete,Mágoe,Depósitos,124553.0,70442146.54
2025,Novembro,Tete,Mágoe,Depósitos,122223.0,61188753.85
2025,Dezembro,Tete,Mágoe,Depósitos,115162.0,68583057.99
2025,Janeiro,Tete,Maravia,Depósitos,49162.0,43857632.41
2025,Fevereiro,Tete,Maravia,Depósitos,52945.0,56772358.39
2025,Março,Tete,Maravia,Depósitos,63965.0,42128529.26
2025,Abril,Tete,Maravia,Depósitos,63143.0,39825537.26
2025,Maio,Tete,Maravia,Depósitos,66627.0,58421093.42
2025,Junho,Tete,Maravia,Depósitos,78978.0,91393834.19
2025,Julho,Tete,Maravia,Depósitos,92582.0,160499463.91
2025,Agosto,Tete,Maravia,Depósitos,23336.0,15275794.18
2025,Setembro,Tete,Maravia,Depósitos,93152.0,123635489.39
2025,Outubro,Tete,Maravia,Depósitos,107557.0,89738966.1
2025,Novembro,Tete,Maravia,Depósitos,89978.0,64525089.69
2025,Dezembro,Tete,Maravia,Depósitos,79713.0,57847370.75
2025,Janeiro,Tete,Moatize,Depósitos,559249.0,372529768.35
2025,Fevereiro,Tete,Moatize,Depósitos,552866.0,406153151.96
2025,Março,Tete,Moatize,Depósitos,625866.0,430091560.14
2025,Abril,Tete,Moatize,Depósitos,633148.0,410785535.48
2025,Maio,Tete,Moatize,Depósitos,682855.0,454262120.68
2025,Junho,Tete,Moatize,Depósitos,686476.0,469195405.52
2025,Julho,Tete,Moatize,Depósitos,729968.0,504848840.71
2025,Agosto,Tete,Moatize,Depósitos,248214.0,224239086.86
2025,Setembro,Tete,Moatize,Depósitos,706829.0,461475466.26
2025,Outubro,Tete,Moatize,Depósitos,796195.0,530801649.76
2025,Novembro,Tete,Moatize,Depósitos,771558.0,506962241.65
2025,Dezembro,Tete,Moatize,Depósitos,812050.0,608837903.61
2025,Janeiro,Tete,Mutarara,Depósitos,128772.0,141871320.57
2025,Fevereiro,Tete,Mutarara,Depósitos,126644.0,160381086.57
2025,Março,Tete,Mutarara,Depósitos,136750.0,198601765.85
2025,Abril,Tete,Mutarara,Depósitos,134615.0,186602003.4
2025,Maio,Tete,Mutarara,Depósitos,138427.0,74359330.09
2025,Junho,Tete,Mutarara,Depósitos,139478.0,74309010.75
2025,Julho,Tete,Mutarara,Depósitos,160352.0,82712199.95
2025,Agosto,Tete,Mutarara,Depósitos,171915.0,71447019.86
2025,Setembro,Tete,Mutarara,Depósitos,169094.0,72419446.3
2025,Outubro,Tete,Mutarara,Depósitos,196578.0,93751790.96
2025,Novembro,Tete,Mutarara,Depósitos,190223.0,85184266.53
2025,Dezembro,Tete,Mutarara,Depósitos,184979.0,91928824.29
2025,Janeiro,Tete,Tsangano,Depósitos,146722.0,60734319.0
2025,Fevereiro,Tete,Tsangano,Depósitos,145491.0,71289509.12
2025,Março,Tete,Tsangano,Depósitos,178336.0,72051630.69
2025,Abril,Tete,Tsangano,Depósitos,189162.0,75225100.03
2025,Maio,Tete,Tsangano,Depósitos,220305.0,99858008.89
2025,Junho,Tete,Tsangano,Depósitos,238893.0,93852959.57
2025,Julho,Tete,Tsangano,Depósitos,254890.0,105843102.62
2025,Agosto,Tete,Tsangano,Depósitos,252509.0,83313583.54
2025,Setembro,Tete,Tsangano,Depósitos,240700.0,81467184.63
2025,Outubro,Tete,Tsangano,Depósitos,280485.0,103490409.36
2025,Novembro,Tete,Tsangano,Depósitos,257043.0,95726838.56
2025,Dezembro,Tete,Tsangano,Depósitos,244907.0,116402483.76
2025,Janeiro,Tete,Zumbo,Depósitos,12397.0,14706625.4
2025,Fevereiro,Tete,Zumbo,Depósitos,14485.0,19791802.21
2025,Março,Tete,Zumbo,Depósitos,17688.0,23505246.21
2025,Abril,Tete,Zumbo,Depósitos,17470.0,23289558.88
2025,Maio,Tete,Zumbo,Depósitos,18489.0,25518687.65
2025,Junho,Tete,Zumbo,Depósitos,23298.0,31318250.04
2025,Julho,Tete,Zumbo,Depósitos,27853.0,37760754.71
2025,Agosto,Tete,Zumbo,Depósitos,30053.0,42985185.76
2025,Setembro,Tete,Zumbo,Depósitos,30266.0,38169852.03
2025,Outubro,Tete,Zumbo,Depósitos,34055.0,42950264.98
2025,Novembro,Tete,Zumbo,Depósitos,30227.0,33906115.55
2025,Dezembro,Tete,Zumbo,Depósitos,26496.0,31644520.56
2025,Janeiro,Tete,Doa,Depósitos,43110.0,23010249.66
2025,Fevereiro,Tete,Doa,Depósitos,44185.0,34179567.48
2025,Março,Tete,Doa,Depósitos,50946.0,29365146.37
2025,Abril,Tete,Doa,Depósitos,53879.0,28984453.18
2025,Maio,Tete,Doa,Depósitos,58805.0,33392015.97
2025,Junho,Tete,Doa,Depósitos,70487.0,36790293.13
2025,Julho,Tete,Doa,Depósitos,85503.0,41721338.21
2025,Agosto,Tete,Doa,Depósitos,82324.0,33515629.69
2025,Setembro,Tete,Doa,Depósitos,75438.0,36402913.64
2025,Outubro,Tete,Doa,Depósitos,87153.0,43519582.36
2025,Novembro,Tete,Doa,Depósitos,78249.0,41175313.83
2025,Dezembro,Tete,Doa,Depósitos,70560.0,42472100.13
2025,Janeiro,Tete,Marara,Depósitos,31841.0,23471231.9
2025,Fevereiro,Tete,Marara,Depósitos,32793.0,26525525.380000003
2025,Março,Tete,Marara,Depósitos,39930.0,30460390.68
2025,Abril,Tete,Marara,Depósitos,40353.0,30940790.66
2025,Maio,Tete,Marara,Depósitos,44646.0,34678047.22
2025,Junho,Tete,Marara,Depósitos,42798.0,34612544.01
2025,Julho,Tete,Marara,Depósitos,46537.0,35929469.92
2025,Agosto,Tete,Marara,Depósitos,48148.0,33677347.18
2025,Setembro,Tete,Marara,Depósitos,46124.0,32581587.5
2025,Outubro,Tete,Marara,Depósitos,52215.0,39707457.85
2025,Novembro,Tete,Marara,Depósitos,50488.0,35021569.05
2025,Dezembro,Tete,Marara,Depósitos,50935.0,39828342.92
2025,Janeiro,Zambézia,Cidade de Quelimane,Depósitos,1667510.0,1041352717.22
2025,Fevereiro,Zambézia,Cidade de Quelimane,Depósitos,1674013.0,1149753086.33
2025,Março,Zambézia,Cidade de Quelimane,Depósitos,1899179.0,1168791189.69
2025,Abril,Zambézia,Cidade de Quelimane,Depósitos,1883923.0,1207746300.95
2025,Maio,Zambézia,Cidade de Quelimane,Depósitos,2072139.0,1190329344.0
2025,Junho,Zambézia,Cidade de Quelimane,Depósitos,1999874.0,1151217894.43
2025,Julho,Zambézia,Cidade de Quelimane,Depósitos,2133489.0,1217946653.63
2025,Agosto,Zambézia,Cidade de Quelimane,Depósitos,2121681.0,1112648099.9099998
2025,Setembro,Zambézia,Cidade de Quelimane,Depósitos,1953842.0,1025084939.54
2025,Outubro,Zambézia,Cidade de Quelimane,Depósitos,2206049.0,1249100184.41
2025,Novembro,Zambézia,Cidade de Quelimane,Depósitos,2168587.0,1176367837.22
2025,Dezembro,Zambézia,Cidade de Quelimane,Depósitos,2233668.0,1422659174.07
2025,Janeiro,Zambézia,Alto Molócuè,Depósitos,407358.0,196878481.2
2025,Fevereiro,Zambézia,Alto Molócuè,Depósitos,417911.0,215582129.99
2025,Março,Zambézia,Alto Molócuè,Depósitos,474415.0,211655460.99
2025,Abril,Zambézia,Alto Molócuè,Depósitos,512265.0,218047451.41
2025,Maio,Zambézia,Alto Molócuè,Depósitos,590193.0,256742689.74
2025,Junho,Zambézia,Alto Molócuè,Depósitos,575452.0,221563055.25
2025,Julho,Zambézia,Alto Molócuè,Depósitos,598646.0,227485070.98
2025,Agosto,Zambézia,Alto Molócuè,Depósitos,667782.0,251468687.25
2025,Setembro,Zambézia,Alto Molócuè,Depósitos,670709.0,236006231.14
2025,Outubro,Zambézia,Alto Molócuè,Depósitos,763510.0,276221391.28999996
2025,Novembro,Zambézia,Alto Molócuè,Depósitos,678866.0,230676340.06
2025,Dezembro,Zambézia,Alto Molócuè,Depósitos,630878.0,248658411.66
2025,Janeiro,Zambézia,Chinde,Depósitos,37947.0,19279531.2
2025,Fevereiro,Zambézia,Chinde,Depósitos,37223.0,27234579.33
2025,Março,Zambézia,Chinde,Depósitos,38975.0,27557526.87
2025,Abril,Zambézia,Chinde,Depósitos,38885.0,28351978.86
2025,Maio,Zambézia,Chinde,Depósitos,41673.0,27229490.09
2025,Junho,Zambézia,Chinde,Depósitos,42081.0,26600911.77
2025,Julho,Zambézia,Chinde,Depósitos,49043.0,24704343.9
2025,Agosto,Zambézia,Chinde,Depósitos,50967.0,23792354.67
2025,Setembro,Zambézia,Chinde,Depósitos,50662.0,21435341.96
2025,Outubro,Zambézia,Chinde,Depósitos,55800.0,32081895.97
2025,Novembro,Zambézia,Chinde,Depósitos,54758.0,28189757.99
2025,Dezembro,Zambézia,Chinde,Depósitos,55012.0,31376212.99
2025,Janeiro,Zambézia,Gurúè,Depósitos,550037.0,198539989.04
2025,Fevereiro,Zambézia,Gurúè,Depósitos,552459.0,223410669.82
2025,Março,Zambézia,Gurúè,Depósitos,656224.0,270888459.7
2025,Abril,Zambézia,Gurúè,Depósitos,704738.0,423428664.79
2025,Maio,Zambézia,Gurúè,Depósitos,801534.0,392348245.27
2025,Junho,Zambézia,Gurúè,Depósitos,798212.0,343620788.15
2025,Julho,Zambézia,Gurúè,Depósitos,827949.0,310848040.25
2025,Agosto,Zambézia,Gurúè,Depósitos,923014.0,354192608.14
2025,Setembro,Zambézia,Gurúè,Depósitos,891725.0,314535607.06
2025,Outubro,Zambézia,Gurúè,Depósitos,974184.0,338538883.45
2025,Novembro,Zambézia,Gurúè,Depósitos,839289.0,286164342.32
2025,Dezembro,Zambézia,Gurúè,Depósitos,788503.0,306380620.89
2025,Janeiro,Zambézia,Ile,Depósitos,145008.0,53187716.22
2025,Fevereiro,Zambézia,Ile,Depósitos,147669.0,66602360.97
2025,Março,Zambézia,Ile,Depósitos,176239.0,62761490.48
2025,Abril,Zambézia,Ile,Depósitos,186068.0,72667800.15
2025,Maio,Zambézia,Ile,Depósitos,198834.0,75229246.13
2025,Junho,Zambézia,Ile,Depósitos,196729.0,70862636.6
2025,Julho,Zambézia,Ile,Depósitos,206047.0,72996728.79
2025,Agosto,Zambézia,Ile,Depósitos,223651.0,66196396.36
2025,Setembro,Zambézia,Ile,Depósitos,224408.0,64105250.04
2025,Outubro,Zambézia,Ile,Depósitos,256725.0,97897122.89
2025,Novembro,Zambézia,Ile,Depósitos,221038.0,77647917.58
2025,Dezembro,Zambézia,Ile,Depósitos,209417.0,77057691.27
2025,Janeiro,Zambézia,Inhassunge,Depósitos,61013.0,22969527.05
2025,Fevereiro,Zambézia,Inhassunge,Depósitos,60022.0,28572543.72
2025,Março,Zambézia,Inhassunge,Depósitos,64805.0,28963981.45
2025,Abril,Zambézia,Inhassunge,Depósitos,64285.0,27945886.18
2025,Maio,Zambézia,Inhassunge,Depósitos,70926.0,33073038.47
2025,Junho,Zambézia,Inhassunge,Depósitos,76517.0,33669980.489999995
2025,Julho,Zambézia,Inhassunge,Depósitos,86354.0,34921729.07
2025,Agosto,Zambézia,Inhassunge,Depósitos,89277.0,31769251.96
2025,Setembro,Zambézia,Inhassunge,Depósitos,85192.0,29475516.27
2025,Outubro,Zambézia,Inhassunge,Depósitos,102972.0,40608810.38
2025,Novembro,Zambézia,Inhassunge,Depósitos,103262.0,39745702.34
2025,Dezembro,Zambézia,Inhassunge,Depósitos,108121.0,43778027.07
2025,Janeiro,Zambézia,Lugela,Depósitos,101114.0,26691877.67
2025,Fevereiro,Zambézia,Lugela,Depósitos,104152.0,36382125.16
2025,Março,Zambézia,Lugela,Depósitos,125533.0,41530978.41
2025,Abril,Zambézia,Lugela,Depósitos,143685.0,43229771.71
2025,Maio,Zambézia,Lugela,Depósitos,151826.0,43745765.51
2025,Junho,Zambézia,Lugela,Depósitos,145914.0,44235019.99
2025,Julho,Zambézia,Lugela,Depósitos,165192.0,45335522.35
2025,Agosto,Zambézia,Lugela,Depósitos,166713.0,40914634.43
2025,Setembro,Zambézia,Lugela,Depósitos,196647.0,56661804.94
2025,Outubro,Zambézia,Lugela,Depósitos,276926.0,89390955.93
2025,Novembro,Zambézia,Lugela,Depósitos,238754.0,63058399.29
2025,Dezembro,Zambézia,Lugela,Depósitos,225706.0,67501063.00999999
2025,Janeiro,Zambézia,Gilé,Depósitos,279040.0,115528794.52
2025,Fevereiro,Zambézia,Gilé,Depósitos,285511.0,127195187.62
2025,Março,Zambézia,Gilé,Depósitos,339720.0,145258397.58
2025,Abril,Zambézia,Gilé,Depósitos,365147.0,176317999.03
2025,Maio,Zambézia,Gilé,Depósitos,405252.0,162610851.57
2025,Junho,Zambézia,Gilé,Depósitos,410962.0,165952198.38
2025,Julho,Zambézia,Gilé,Depósitos,435590.0,172441213.98
2025,Agosto,Zambézia,Gilé,Depósitos,436199.0,164985738.15
2025,Setembro,Zambézia,Gilé,Depósitos,349983.0,129591490.05
2025,Outubro,Zambézia,Gilé,Depósitos,470442.0,189964344.88
2025,Novembro,Zambézia,Gilé,Depósitos,478339.0,192286188.02
2025,Dezembro,Zambézia,Gilé,Depósitos,466117.0,198564662.78
2025,Janeiro,Zambézia,Maganja da Costa,Depósitos,287899.0,123355639.08
2025,Fevereiro,Zambézia,Maganja da Costa,Depósitos,297950.0,149701191.32
2025,Março,Zambézia,Maganja da Costa,Depósitos,319168.0,133082138.15
2025,Abril,Zambézia,Maganja da Costa,Depósitos,318512.0,134165636.31
2025,Maio,Zambézia,Maganja da Costa,Depósitos,364623.0,151146285.94
2025,Junho,Zambézia,Maganja da Costa,Depósitos,360994.0,146765540.29
2025,Julho,Zambézia,Maganja da Costa,Depósitos,391264.0,152899196.84
2025,Agosto,Zambézia,Maganja da Costa,Depósitos,406673.0,146153424.7
2025,Setembro,Zambézia,Maganja da Costa,Depósitos,377555.0,138822122.05
2025,Outubro,Zambézia,Maganja da Costa,Depósitos,432260.0,172029369.53
2025,Novembro,Zambézia,Maganja da Costa,Depósitos,425303.0,152259195.26
2025,Dezembro,Zambézia,Maganja da Costa,Depósitos,462127.0,179327054.98
2025,Janeiro,Zambézia,Milange,Depósitos,458385.0,143306845.96
2025,Fevereiro,Zambézia,Milange,Depósitos,462101.0,170557536.37
2025,Março,Zambézia,Milange,Depósitos,524815.0,276414849.95
2025,Abril,Zambézia,Milange,Depósitos,550417.0,208932186.78
2025,Maio,Zambézia,Milange,Depósitos,593218.0,254924635.17
2025,Junho,Zambézia,Milange,Depósitos,589975.0,232254570.09
2025,Julho,Zambézia,Milange,Depósitos,635887.0,246039744.49
2025,Agosto,Zambézia,Milange,Depósitos,689380.0,229726344.53
2025,Setembro,Zambézia,Milange,Depósitos,679624.0,228052506.93
2025,Outubro,Zambézia,Milange,Depósitos,773674.0,304706445.28
2025,Novembro,Zambézia,Milange,Depósitos,653565.0,333444349.16999996
2025,Dezembro,Zambézia,Milange,Depósitos,586192.0,244605570.94
2025,Janeiro,Zambézia,Mocuba,Depósitos,823419.0,482940827.77
2025,Fevereiro,Zambézia,Mocuba,Depósitos,820562.0,517716101.78
2025,Março,Zambézia,Mocuba,Depósitos,913744.0,524731755.92
2025,Abril,Zambézia,Mocuba,Depósitos,938497.0,527624254.23
2025,Maio,Zambézia,Mocuba,Depósitos,1061372.0,607685162.05
2025,Junho,Zambézia,Mocuba,Depósitos,1030398.0,567474868.19
2025,Julho,Zambézia,Mocuba,Depósitos,1120760.0,626180056.76
2025,Agosto,Zambézia,Mocuba,Depósitos,1124896.0,595830715.84
2025,Setembro,Zambézia,Mocuba,Depósitos,1132387.0,603981457.23
2025,Outubro,Zambézia,Mocuba,Depósitos,1329873.0,755016510.25
2025,Novembro,Zambézia,Mocuba,Depósitos,1216602.0,672152992.45
2025,Dezembro,Zambézia,Mocuba,Depósitos,1228782.0,752262594.91
2025,Janeiro,Zambézia,Mopeia,Depósitos,195384.0,55531616.52
2025,Fevereiro,Zambézia,Mopeia,Depósitos,191743.0,78978698.41
2025,Março,Zambézia,Mopeia,Depósitos,208581.0,71159779.31
2025,Abril,Zambézia,Mopeia,Depósitos,217779.0,78566061.28
2025,Maio,Zambézia,Mopeia,Depósitos,230455.0,79907296.93
2025,Junho,Zambézia,Mopeia,Depósitos,228322.0,77808630.6
2025,Julho,Zambézia,Mopeia,Depósitos,272502.0,99996107.87
2025,Agosto,Zambézia,Mopeia,Depósitos,295373.0,91317547.6
2025,Setembro,Zambézia,Mopeia,Depósitos,285644.0,78935399.18
2025,Outubro,Zambézia,Mopeia,Depósitos,346666.0,118944130.7
2025,Novembro,Zambézia,Mopeia,Depósitos,316792.0,92392786.92
2025,Dezembro,Zambézia,Mopeia,Depósitos,306175.0,104726780.29
2025,Janeiro,Zambézia,Morrumbala,Depósitos,259323.0,94999794.34
2025,Fevereiro,Zambézia,Morrumbala,Depósitos,252634.0,119132909.55
2025,Março,Zambézia,Morrumbala,Depósitos,293050.0,194629373.76
2025,Abril,Zambézia,Morrumbala,Depósitos,323032.0,252676373.01999998
2025,Maio,Zambézia,Morrumbala,Depósitos,344975.0,137897871.35
2025,Junho,Zambézia,Morrumbala,Depósitos,329830.0,126623171.01
2025,Julho,Zambézia,Morrumbala,Depósitos,407887.0,177044611.51
2025,Agosto,Zambézia,Morrumbala,Depósitos,419347.0,157175131.78
2025,Setembro,Zambézia,Morrumbala,Depósitos,436966.0,172515928.59
2025,Outubro,Zambézia,Morrumbala,Depósitos,533658.0,246951566.42
2025,Novembro,Zambézia,Morrumbala,Depósitos,450262.0,178163159.23
2025,Dezembro,Zambézia,Morrumbala,Depósitos,388880.0,166644094.07
2025,Janeiro,Zambézia,Namacurra,Depósitos,228304.0,91750374.95
2025,Fevereiro,Zambézia,Namacurra,Depósitos,236985.0,106310597.35
2025,Março,Zambézia,Namacurra,Depósitos,249631.0,93903448.64
2025,Abril,Zambézia,Namacurra,Depósitos,249644.0,91634269.37
2025,Maio,Zambézia,Namacurra,Depósitos,279684.0,113053678.92
2025,Junho,Zambézia,Namacurra,Depósitos,283938.0,112168073.39
2025,Julho,Zambézia,Namacurra,Depósitos,305020.0,116484716.76
2025,Agosto,Zambézia,Namacurra,Depósitos,307242.0,108647403.71
2025,Setembro,Zambézia,Namacurra,Depósitos,297324.0,100444987.38
2025,Outubro,Zambézia,Namacurra,Depósitos,343609.0,126244505.34
2025,Novembro,Zambézia,Namacurra,Depósitos,332524.0,109786868.24
2025,Dezembro,Zambézia,Namacurra,Depósitos,360479.0,141195732.2
2025,Janeiro,Zambézia,Namarroi,Depósitos,77034.0,19438780.91
2025,Fevereiro,Zambézia,Namarroi,Depósitos,76551.0,26023098.4
2025,Março,Zambézia,Namarroi,Depósitos,99693.0,27712603.13
2025,Abril,Zambézia,Namarroi,Depósitos,119384.0,31506685.05
2025,Maio,Zambézia,Namarroi,Depósitos,133978.0,32057957.21
2025,Junho,Zambézia,Namarroi,Depósitos,125704.0,30748531.0
2025,Julho,Zambézia,Namarroi,Depósitos,128191.0,30697918.53
2025,Agosto,Zambézia,Namarroi,Depósitos,156306.0,30901673.86
2025,Setembro,Zambézia,Namarroi,Depósitos,159470.0,28632446.99
2025,Outubro,Zambézia,Namarroi,Depósitos,172453.0,38972684.12
2025,Novembro,Zambézia,Namarroi,Depósitos,140944.0,32965289.07
2025,Dezembro,Zambézia,Namarroi,Depósitos,115356.0,28643380.49
2025,Janeiro,Zambézia,Nicoadala,Depósitos,382695.0,143618470.01
2025,Fevereiro,Zambézia,Nicoadala,Depósitos,358553.0,178410172.83
2025,Março,Zambézia,Nicoadala,Depósitos,379081.0,178856273.87
2025,Abril,Zambézia,Nicoadala,Depósitos,398788.0,197742425.64
2025,Maio,Zambézia,Nicoadala,Depósitos,444503.0,179895965.23
2025,Junho,Zambézia,Nicoadala,Depósitos,445521.0,174622874.46
2025,Julho,Zambézia,Nicoadala,Depósitos,476304.0,178726532.59
2025,Agosto,Zambézia,Nicoadala,Depósitos,486503.0,167311589.33
2025,Setembro,Zambézia,Nicoadala,Depósitos,467641.0,162714126.6
2025,Outubro,Zambézia,Nicoadala,Depósitos,535318.0,198136930.38
2025,Novembro,Zambézia,Nicoadala,Depósitos,535000.0,186129871.88
2025,Dezembro,Zambézia,Nicoadala,Depósitos,557406.0,234695318.21
2025,Janeiro,Zambézia,Pebane,Depósitos,413882.0,109827772.19
2025,Fevereiro,Zambézia,Pebane,Depósitos,381482.0,115732436.67
2025,Março,Zambézia,Pebane,Depósitos,399109.0,118069616.96
2025,Abril,Zambézia,Pebane,Depósitos,412838.0,126642431.64
2025,Maio,Zambézia,Pebane,Depósitos,449446.0,131632482.78
2025,Junho,Zambézia,Pebane,Depósitos,456992.0,132701787.14
2025,Julho,Zambézia,Pebane,Depósitos,468453.0,137608211.07999998
2025,Agosto,Zambézia,Pebane,Depósitos,479238.0,146662257.45999998
2025,Setembro,Zambézia,Pebane,Depósitos,470870.0,145797945.12
2025,Outubro,Zambézia,Pebane,Depósitos,557336.0,187381172.7
2025,Novembro,Zambézia,Pebane,Depósitos,597288.0,174239967.22
2025,Dezembro,Zambézia,Pebane,Depósitos,594981.0,171061396.71
2025,Janeiro,Zambézia,Molumbo,Depósitos,166212.0,40040478.67
2025,Fevereiro,Zambézia,Molumbo,Depósitos,171272.0,50511895.15
2025,Março,Zambézia,Molumbo,Depósitos,238341.0,73994718.26
2025,Abril,Zambézia,Molumbo,Depósitos,285639.0,80470596.16
2025,Maio,Zambézia,Molumbo,Depósitos,372952.0,113097782.12
2025,Junho,Zambézia,Molumbo,Depósitos,385940.0,94890297.38
2025,Julho,Zambézia,Molumbo,Depósitos,428582.0,89730501.37
2025,Agosto,Zambézia,Molumbo,Depósitos,444440.0,83314642.28
2025,Setembro,Zambézia,Molumbo,Depósitos,371830.0,60951157.58
2025,Outubro,Zambézia,Molumbo,Depósitos,378545.0,70956601.86
2025,Novembro,Zambézia,Molumbo,Depósitos,306344.0,49377985.36
2025,Dezembro,Zambézia,Molumbo,Depósitos,277437.0,51798544.38
2025,Janeiro,Zambézia,Mocubela,Depósitos,4766.0,4807007.0
2025,Fevereiro,Zambézia,Mocubela,Depósitos,4520.0,4400500.0
2025,Março,Zambézia,Mocubela,Depósitos,3488.0,1087385.0
2025,Abril,Zambézia,Mocubela,Depósitos,3808.0,800769.0
2025,Maio,Zambézia,Mocubela,Depósitos,3550.0,684585.0
2025,Junho,Zambézia,Mocubela,Depósitos,3948.0,787630.0
2025,Julho,Zambézia,Mocubela,Depósitos,4262.0,804503.0
2025,Agosto,Zambézia,Mocubela,Depósitos,3920.0,425865.0
2025,Setembro,Zambézia,Mocubela,Depósitos,4748.0,649645.0
2025,Outubro,Zambézia,Mocubela,Depósitos,4702.0,665612.0
2025,Novembro,Zambézia,Mocubela,Depósitos,4429.0,804558.0
2025,Dezembro,Zambézia,Mocubela,Depósitos,4297.0,795439.0
2025,Janeiro,Zambézia,Mulevala,Depósitos,188240.0,98464696.81
2025,Fevereiro,Zambézia,Mulevala,Depósitos,185923.0,96988810.05
2025,Março,Zambézia,Mulevala,Depósitos,204417.0,93056854.04
2025,Abril,Zambézia,Mulevala,Depósitos,212122.0,98814810.09
2025,Maio,Zambézia,Mulevala,Depósitos,217159.0,90078353.08
2025,Junho,Zambézia,Mulevala,Depósitos,200346.0,73923303.53
2025,Julho,Zambézia,Mulevala,Depósitos,216969.0,84398598.52
2025,Agosto,Zambézia,Mulevala,Depósitos,223215.0,83726280.18
2025,Setembro,Zambézia,Mulevala,Depósitos,236060.0,86358972.0
2025,Outubro,Zambézia,Mulevala,Depósitos,280897.0,119451808.28
2025,Novembro,Zambézia,Mulevala,Depósitos,266118.0,97074413.67
2025,Dezembro,Zambézia,Mulevala,Depósitos,268105.0,106809723.65
2025,Janeiro,Zambézia,Luabo,Depósitos,5556.0,1057631.0
2025,Fevereiro,Zambézia,Luabo,Depósitos,6645.0,1336936.0
2025,Março,Zambézia,Luabo,Depósitos,5662.0,1208223.0
2025,Abril,Zambézia,Luabo,Depósitos,6327.0,1230827.0
2025,Maio,Zambézia,Luabo,Depósitos,6413.0,1288468.0
2025,Junho,Zambézia,Luabo,Depósitos,5376.0,976821.0
2025,Julho,Zambézia,Luabo,Depósitos,6272.0,1011482.0
2025,Agosto,Zambézia,Luabo,Depósitos,6849.0,1030643.0
2025,Setembro,Zambézia,Luabo,Depósitos,6896.0,967488.0
2025,Outubro,Zambézia,Luabo,Depósitos,6726.0,956454.0
2025,Novembro,Zambézia,Luabo,Depósitos,5814.0,773081.0
2025,Dezembro,Zambézia,Luabo,Depósitos,5477.0,802370.0
2025,Janeiro,Zambézia,Derre,Depósitos,3745.0,946871.0
2025,Fevereiro,Zambézia,Derre,Depósitos,1526.0,639934.0
2025,Março,Zambézia,Derre,Depósitos,550.0,613142.0
2025,Abril,Zambézia,Derre,Depósitos,751.0,630106.0
2025,Maio,Zambézia,Derre,Depósitos,724.0,591176.0
2025,Junho,Zambézia,Derre,Depósitos,818.0,755919.0
2025,Julho,Zambézia,Derre,Depósitos,1144.0,1899248.0
2025,Agosto,Zambézia,Derre,Depósitos,920.0,1380900.0
2025,Setembro,Zambézia,Derre,Depósitos,1365.0,5438580.0
2025,Outubro,Zambézia,Derre,Depósitos,1022.0,3550885.0
2025,Novembro,Zambézia,Derre,Depósitos,706.0,1050437.0
2025,Dezembro,Zambézia,Derre,Depósitos,368.0,905495.0
2025,Janeiro,Nampula,Cidade de Nampula,Depósitos,4616092.0,2785228186.57
2025,Fevereiro,Nampula,Cidade de Nampula,Depósitos,4151149.0,3028334887.49
2025,Março,Nampula,Cidade de Nampula,Depósitos,4396536.0,3167009822.36
2025,Abril,Nampula,Cidade de Nampula,Depósitos,4501455.0,3308372154.44
2025,Maio,Nampula,Cidade de Nampula,Depósitos,5143616.0,3933969391.34
2025,Junho,Nampula,Cidade de Nampula,Depósitos,5024137.0,3774918540.48
2025,Julho,Nampula,Cidade de Nampula,Depósitos,5306544.0,3886964005.43
2025,Agosto,Nampula,Cidade de Nampula,Depósitos,5157387.0,3607229527.68
2025,Setembro,Nampula,Cidade de Nampula,Depósitos,4726951.0,3220143714.91
2025,Outubro,Nampula,Cidade de Nampula,Depósitos,5255009.0,3676161411.9
2025,Novembro,Nampula,Cidade de Nampula,Depósitos,5252411.0,3669827700.77
2025,Dezembro,Nampula,Cidade de Nampula,Depósitos,5521796.0,4261974388.92
2025,Janeiro,Nampula,Cidade de Nacala-Porto,Depósitos,1895920.0,925198618.19
2025,Fevereiro,Nampula,Cidade de Nacala-Porto,Depósitos,1753083.0,947886205.8
2025,Março,Nampula,Cidade de Nacala-Porto,Depósitos,1802872.0,1011451923.54
2025,Abril,Nampula,Cidade de Nacala-Porto,Depósitos,1863284.0,984246196.27
2025,Maio,Nampula,Cidade de Nacala-Porto,Depósitos,2132958.0,1129487761.4
2025,Junho,Nampula,Cidade de Nacala-Porto,Depósitos,2053377.0,1109770598.1399999
2025,Julho,Nampula,Cidade de Nacala-Porto,Depósitos,2189411.0,1171781400.53
2025,Agosto,Nampula,Cidade de Nacala-Porto,Depósitos,2155394.0,1077820096.6
2025,Setembro,Nampula,Cidade de Nacala-Porto,Depósitos,1950327.0,1042946433.37
2025,Outubro,Nampula,Cidade de Nacala-Porto,Depósitos,2197563.0,1244161025.9
2025,Novembro,Nampula,Cidade de Nacala-Porto,Depósitos,2262065.0,1252736178.91
2025,Dezembro,Nampula,Cidade de Nacala-Porto,Depósitos,2461097.0,1559508189.35
2025,Janeiro,Nampula,Angoche,Depósitos,3161192.0,208186718.2
2025,Fevereiro,Nampula,Angoche,Depósitos,797809.0,207151574.08
2025,Março,Nampula,Angoche,Depósitos,577610.0,203149873.29
2025,Abril,Nampula,Angoche,Depósitos,635117.0,205959217.51
2025,Maio,Nampula,Angoche,Depósitos,725797.0,228038036.53
2025,Junho,Nampula,Angoche,Depósitos,752990.0,239008205.59
2025,Julho,Nampula,Angoche,Depósitos,776976.0,255327172.16
2025,Agosto,Nampula,Angoche,Depósitos,771301.0,242755817.3
2025,Setembro,Nampula,Angoche,Depósitos,729209.0,202472558.57
2025,Outubro,Nampula,Angoche,Depósitos,815160.0,252202781.14
2025,Novembro,Nampula,Angoche,Depósitos,919543.0,275959102.44
2025,Dezembro,Nampula,Angoche,Depósitos,938031.0,380895774.3
2025,Janeiro,Nampula,Ilha de Moçambique,Depósitos,172667.0,70080142.85
2025,Fevereiro,Nampula,Ilha de Moçambique,Depósitos,203419.0,77435368.54
2025,Março,Nampula,Ilha de Moçambique,Depósitos,171881.0,74002558.06
2025,Abril,Nampula,Ilha de Moçambique,Depósitos,205678.0,77575943.55
2025,Maio,Nampula,Ilha de Moçambique,Depósitos,212512.0,71236257.54
2025,Junho,Nampula,Ilha de Moçambique,Depósitos,212995.0,80210628.88
2025,Julho,Nampula,Ilha de Moçambique,Depósitos,221425.0,72915402.79
2025,Agosto,Nampula,Ilha de Moçambique,Depósitos,232974.0,82367201.34
2025,Setembro,Nampula,Ilha de Moçambique,Depósitos,232621.0,80702437.49
2025,Outubro,Nampula,Ilha de Moçambique,Depósitos,269053.0,95695961.39
2025,Novembro,Nampula,Ilha de Moçambique,Depósitos,267998.0,89365314.87
2025,Dezembro,Nampula,Ilha de Moçambique,Depósitos,349973.0,135290698.8
2025,Janeiro,Nampula,Lalaua,Depósitos,49197.0,15019931.83
2025,Fevereiro,Nampula,Lalaua,Depósitos,58619.0,25038263.84
2025,Março,Nampula,Lalaua,Depósitos,49944.0,18625209.28
2025,Abril,Nampula,Lalaua,Depósitos,67773.0,23050938.56
2025,Maio,Nampula,Lalaua,Depósitos,85295.0,32302298.54
2025,Junho,Nampula,Lalaua,Depósitos,96537.0,37889063.04
2025,Julho,Nampula,Lalaua,Depósitos,116670.0,45316065.71
2025,Agosto,Nampula,Lalaua,Depósitos,128496.0,41831797.04
2025,Setembro,Nampula,Lalaua,Depósitos,115132.0,35510178.22
2025,Outubro,Nampula,Lalaua,Depósitos,115574.0,37877431.38
2025,Novembro,Nampula,Lalaua,Depósitos,96377.0,28742490.06
2025,Dezembro,Nampula,Lalaua,Depósitos,89761.0,30330061.31
2025,Janeiro,Nampula,Malema,Depósitos,274062.0,86155795.17
2025,Fevereiro,Nampula,Malema,Depósitos,236396.0,100236558.02
2025,Março,Nampula,Malema,Depósitos,249666.0,96616707.31
2025,Abril,Nampula,Malema,Depósitos,266919.0,105022690.19
2025,Maio,Nampula,Malema,Depósitos,308987.0,130794888.54
2025,Junho,Nampula,Malema,Depósitos,324896.0,142618298.01
2025,Julho,Nampula,Malema,Depósitos,362966.0,147423971.64
2025,Agosto,Nampula,Malema,Depósitos,400827.0,179728336.13
2025,Setembro,Nampula,Malema,Depósitos,387165.0,150471363.45
2025,Outubro,Nampula,Malema,Depósitos,401484.0,142105723.29
2025,Novembro,Nampula,Malema,Depósitos,358331.0,133036272.96
2025,Dezembro,Nampula,Malema,Depósitos,336188.0,141087200.32
2025,Janeiro,Nampula,Meconta (Namialo),Depósitos,3585512.0,150889630.94
2025,Fevereiro,Nampula,Meconta (Namialo),Depósitos,1095145.0,131027864.58
2025,Março,Nampula,Meconta (Namialo),Depósitos,404538.0,131165285.21000001
2025,Abril,Nampula,Meconta (Namialo),Depósitos,464525.0,168096657.79
2025,Maio,Nampula,Meconta (Namialo),Depósitos,515790.0,181219636.72
2025,Junho,Nampula,Meconta (Namialo),Depósitos,521673.0,172384530.89000002
2025,Julho,Nampula,Meconta (Namialo),Depósitos,532221.0,172035342.41
2025,Agosto,Nampula,Meconta (Namialo),Depósitos,525493.0,160983224.56
2025,Setembro,Nampula,Meconta (Namialo),Depósitos,482940.0,136280321.26
2025,Outubro,Nampula,Meconta (Namialo),Depósitos,556034.0,201398485.12
2025,Novembro,Nampula,Meconta (Namialo),Depósitos,608000.0,228631838.56
2025,Dezembro,Nampula,Meconta (Namialo),Depósitos,562518.0,251655508.99
2025,Janeiro,Nampula,Mecuburi,Depósitos,143035.0,44686872.02
2025,Fevereiro,Nampula,Mecuburi,Depósitos,160965.0,64409862.44
2025,Março,Nampula,Mecuburi,Depósitos,168944.0,67823306.57
2025,Abril,Nampula,Mecuburi,Depósitos,203013.0,71641400.87
2025,Maio,Nampula,Mecuburi,Depósitos,226979.0,71050192.34
2025,Junho,Nampula,Mecuburi,Depósitos,236013.0,70289893.2
2025,Julho,Nampula,Mecuburi,Depósitos,261467.0,81801742.72
2025,Agosto,Nampula,Mecuburi,Depósitos,271854.0,68600301.69
2025,Setembro,Nampula,Mecuburi,Depósitos,281317.0,75346391.24
2025,Outubro,Nampula,Mecuburi,Depósitos,303037.0,89882417.43
2025,Novembro,Nampula,Mecuburi,Depósitos,299943.0,81842515.74
2025,Dezembro,Nampula,Mecuburi,Depósitos,276240.0,88071018.25
2025,Janeiro,Nampula,Memba,Depósitos,314145.0,75704220.09
2025,Fevereiro,Nampula,Memba,Depósitos,326437.0,90533132.77
2025,Março,Nampula,Memba,Depósitos,277765.0,82664699.04
2025,Abril,Nampula,Memba,Depósitos,367738.0,89667334.41
2025,Maio,Nampula,Memba,Depósitos,416568.0,98832532.29
2025,Junho,Nampula,Memba,Depósitos,448082.0,104753879.01
2025,Julho,Nampula,Memba,Depósitos,475255.0,109820937.32
2025,Agosto,Nampula,Memba,Depósitos,478763.0,103002138.54
2025,Setembro,Nampula,Memba,Depósitos,475135.0,115370279.07
2025,Outubro,Nampula,Memba,Depósitos,544334.0,140524878.21
2025,Novembro,Nampula,Memba,Depósitos,643803.0,153067498.32
2025,Dezembro,Nampula,Memba,Depósitos,553114.0,152293808.04
2025,Janeiro,Nampula,Mogincual,Depósitos,266693.0,38473210.77
2025,Fevereiro,Nampula,Mogincual,Depósitos,268345.0,63399750.7
2025,Março,Nampula,Mogincual,Depósitos,227567.0,63655364.39
2025,Abril,Nampula,Mogincual,Depósitos,270885.0,78388257.25
2025,Maio,Nampula,Mogincual,Depósitos,287470.0,61908017.38
2025,Junho,Nampula,Mogincual,Depósitos,301009.0,67911530.55
2025,Julho,Nampula,Mogincual,Depósitos,332996.0,72671522.74
2025,Agosto,Nampula,Mogincual,Depósitos,327061.0,58515388.92
2025,Setembro,Nampula,Mogincual,Depósitos,310377.0,56440051.59
2025,Outubro,Nampula,Mogincual,Depósitos,358453.0,77170342.11
2025,Novembro,Nampula,Mogincual,Depósitos,408408.0,81383751.19
2025,Dezembro,Nampula,Mogincual,Depósitos,385243.0,76792584.44
2025,Janeiro,Nampula,Mogovolas,Depósitos,508529.0,111622295.88
2025,Fevereiro,Nampula,Mogovolas,Depósitos,474021.0,127958472.65
2025,Março,Nampula,Mogovolas,Depósitos,466389.0,135910932.63
2025,Abril,Nampula,Mogovolas,Depósitos,576592.0,186098666.28
2025,Maio,Nampula,Mogovolas,Depósitos,653988.0,185342990.39
2025,Junho,Nampula,Mogovolas,Depósitos,653527.0,156583375.0
2025,Julho,Nampula,Mogovolas,Depósitos,651873.0,150185649.07
2025,Agosto,Nampula,Mogovolas,Depósitos,606549.0,132278485.68
2025,Setembro,Nampula,Mogovolas,Depósitos,568812.0,124327072.72
2025,Outubro,Nampula,Mogovolas,Depósitos,641778.0,159910932.65
2025,Novembro,Nampula,Mogovolas,Depósitos,786321.0,215948584.61
2025,Dezembro,Nampula,Mogovolas,Depósitos,745102.0,191989395.47
2025,Janeiro,Nampula,Moma,Depósitos,911569.0,270233085.87
2025,Fevereiro,Nampula,Moma,Depósitos,817933.0,281301452.65999997
2025,Março,Nampula,Moma,Depósitos,739074.0,302259271.16
2025,Abril,Nampula,Moma,Depósitos,830092.0,302605625.41
2025,Maio,Nampula,Moma,Depósitos,947234.0,353753772.56
2025,Junho,Nampula,Moma,Depósitos,1019037.0,356699540.95
2025,Julho,Nampula,Moma,Depósitos,1063561.0,353315029.19
2025,Agosto,Nampula,Moma,Depósitos,1068012.0,329797455.24
2025,Setembro,Nampula,Moma,Depósitos,1006622.0,333049256.14
2025,Outubro,Nampula,Moma,Depósitos,1095918.0,386077981.68
2025,Novembro,Nampula,Moma,Depósitos,1190809.0,400179149.29
2025,Dezembro,Nampula,Moma,Depósitos,1169329.0,398929796.31
2025,Janeiro,Nampula,Monapo,Depósitos,456955.0,105546062.57
2025,Fevereiro,Nampula,Monapo,Depósitos,413390.0,116272266.3
2025,Março,Nampula,Monapo,Depósitos,339524.0,107193969.1
2025,Abril,Nampula,Monapo,Depósitos,415700.0,118695677.38
2025,Maio,Nampula,Monapo,Depósitos,445222.0,119320052.7
2025,Junho,Nampula,Monapo,Depósitos,468541.0,119354698.11
2025,Julho,Nampula,Monapo,Depósitos,462439.0,122609269.22
2025,Agosto,Nampula,Monapo,Depósitos,493386.0,125737846.7
2025,Setembro,Nampula,Monapo,Depósitos,490550.0,127106972.89
2025,Outubro,Nampula,Monapo,Depósitos,555585.0,148334795.43
2025,Novembro,Nampula,Monapo,Depósitos,619243.0,159573224.15
2025,Dezembro,Nampula,Monapo,Depósitos,593982.0,165434356.48
2025,Janeiro,Nampula,Mossuril,Depósitos,190195.0,38741501.64
2025,Fevereiro,Nampula,Mossuril,Depósitos,126211.0,50623445.67
2025,Março,Nampula,Mossuril,Depósitos,114653.0,46829920.42
2025,Abril,Nampula,Mossuril,Depósitos,137332.0,45427970.01
2025,Maio,Nampula,Mossuril,Depósitos,174061.0,57369944.67
2025,Junho,Nampula,Mossuril,Depósitos,178846.0,60754709.9
2025,Julho,Nampula,Mossuril,Depósitos,197746.0,64431101.75
2025,Agosto,Nampula,Mossuril,Depósitos,208748.0,65272080.56
2025,Setembro,Nampula,Mossuril,Depósitos,182642.0,52701979.81
2025,Outubro,Nampula,Mossuril,Depósitos,206928.0,63585853.44
2025,Novembro,Nampula,Mossuril,Depósitos,221558.0,59028963.69
2025,Dezembro,Nampula,Mossuril,Depósitos,227254.0,73262918.67
2025,Janeiro,Nampula,Muecate,Depósitos,126177.0,21486833.88
2025,Fevereiro,Nampula,Muecate,Depósitos,117877.0,25483740.76
2025,Março,Nampula,Muecate,Depósitos,88044.0,20088650.18
2025,Abril,Nampula,Muecate,Depósitos,120935.0,28793936.97
2025,Maio,Nampula,Muecate,Depósitos,139827.0,24211833.83
2025,Junho,Nampula,Muecate,Depósitos,147300.0,29702736.81
2025,Julho,Nampula,Muecate,Depósitos,155047.0,29779021.76
2025,Agosto,Nampula,Muecate,Depósitos,163988.0,26641717.05
2025,Setembro,Nampula,Muecate,Depósitos,159693.0,27566364.34
2025,Outubro,Nampula,Muecate,Depósitos,168975.0,32043387.26
2025,Novembro,Nampula,Muecate,Depósitos,206592.0,34743219.45
2025,Dezembro,Nampula,Muecate,Depósitos,192303.0,35549520.02
2025,Janeiro,Nampula,Murrupula,Depósitos,242368.0,64232123.15
2025,Fevereiro,Nampula,Murrupula,Depósitos,213761.0,65659784.3
2025,Março,Nampula,Murrupula,Depósitos,233248.0,67846172.12
2025,Abril,Nampula,Murrupula,Depósitos,270986.0,85666576.97
2025,Maio,Nampula,Murrupula,Depósitos,287243.0,78577778.08
2025,Junho,Nampula,Murrupula,Depósitos,293928.0,74062342.18
2025,Julho,Nampula,Murrupula,Depósitos,307615.0,75540438.4
2025,Agosto,Nampula,Murrupula,Depósitos,319814.0,70612951.94
2025,Setembro,Nampula,Murrupula,Depósitos,324229.0,76505302.78999999
2025,Outubro,Nampula,Murrupula,Depósitos,369078.0,92192304.48
2025,Novembro,Nampula,Murrupula,Depósitos,415650.0,118340991.23
2025,Dezembro,Nampula,Murrupula,Depósitos,385401.0,100615540.73
2025,Janeiro,Nampula,Nacala-Velha,Depósitos,160813.0,42191467.49
2025,Fevereiro,Nampula,Nacala-Velha,Depósitos,158886.0,43902744.04
2025,Março,Nampula,Nacala-Velha,Depósitos,147145.0,44632901.2
2025,Abril,Nampula,Nacala-Velha,Depósitos,178588.0,51795813.36
2025,Maio,Nampula,Nacala-Velha,Depósitos,225216.0,73727014.01
2025,Junho,Nampula,Nacala-Velha,Depósitos,214573.0,73426973.93
2025,Julho,Nampula,Nacala-Velha,Depósitos,241635.0,79892533.35
2025,Agosto,Nampula,Nacala-Velha,Depósitos,237095.0,70505994.3
2025,Setembro,Nampula,Nacala-Velha,Depósitos,208976.0,53229774.9
2025,Outubro,Nampula,Nacala-Velha,Depósitos,236334.0,62295959.84
2025,Novembro,Nampula,Nacala-Velha,Depósitos,255120.0,63724046.75
2025,Dezembro,Nampula,Nacala-Velha,Depósitos,261499.0,78877566.93
2025,Janeiro,Nampula,Nacaroa,Depósitos,146551.0,34523389.08
2025,Fevereiro,Nampula,Nacaroa,Depósitos,145613.0,39559876.65
2025,Março,Nampula,Nacaroa,Depósitos,126176.0,39740324.86
2025,Abril,Nampula,Nacaroa,Depósitos,179145.0,60167806.42
2025,Maio,Nampula,Nacaroa,Depósitos,211469.0,60870012.53
2025,Junho,Nampula,Nacaroa,Depósitos,211182.0,53701701.92
2025,Julho,Nampula,Nacaroa,Depósitos,223992.0,52565050.9
2025,Agosto,Nampula,Nacaroa,Depósitos,215728.0,44591019.16
2025,Setembro,Nampula,Nacaroa,Depósitos,199357.0,41621430.08
2025,Outubro,Nampula,Nacaroa,Depósitos,226758.0,57670083.88
2025,Novembro,Nampula,Nacaroa,Depósitos,259243.0,65823223.24
2025,Dezembro,Nampula,Nacaroa,Depósitos,250669.0,63276641.77
2025,Janeiro,Nampula,Namapa-Erati,Depósitos,512331.0,99110992.2
2025,Fevereiro,Nampula,Namapa-Erati,Depósitos,252234.0,119007705.41
2025,Março,Nampula,Namapa-Erati,Depósitos,260355.0,123307959.92
2025,Abril,Nampula,Namapa-Erati,Depósitos,317764.0,166422957.55
2025,Maio,Nampula,Namapa-Erati,Depósitos,371624.0,183627103.91
2025,Junho,Nampula,Namapa-Erati,Depósitos,364820.0,170760249.14
2025,Julho,Nampula,Namapa-Erati,Depósitos,400302.0,163776752.21
2025,Agosto,Nampula,Namapa-Erati,Depósitos,441959.0,170919022.31
2025,Setembro,Nampula,Namapa-Erati,Depósitos,410241.0,147739961.07
2025,Outubro,Nampula,Namapa-Erati,Depósitos,452339.0,182485334.14
2025,Novembro,Nampula,Namapa-Erati,Depósitos,522633.0,211023058.62
2025,Dezembro,Nampula,Namapa-Erati,Depósitos,524104.0,199857399.78
2025,Janeiro,Nampula,Rapale-Nampula,Depósitos,472085.0,211031231.94
2025,Fevereiro,Nampula,Rapale-Nampula,Depósitos,459740.0,220531400.93
2025,Março,Nampula,Rapale-Nampula,Depósitos,421742.0,189341554.32
2025,Abril,Nampula,Rapale-Nampula,Depósitos,488931.0,205537760.41
2025,Maio,Nampula,Rapale-Nampula,Depósitos,604695.0,257341599.47
2025,Junho,Nampula,Rapale-Nampula,Depósitos,619963.0,243329139.12
2025,Julho,Nampula,Rapale-Nampula,Depósitos,657627.0,256052069.48
2025,Agosto,Nampula,Rapale-Nampula,Depósitos,759922.0,377802036.23
2025,Setembro,Nampula,Rapale-Nampula,Depósitos,766603.0,347925113.5
2025,Outubro,Nampula,Rapale-Nampula,Depósitos,442877.0,139590565.61
2025,Novembro,Nampula,Rapale-Nampula,Depósitos,964572.0,451486411.68
2025,Dezembro,Nampula,Rapale-Nampula,Depósitos,1005627.0,573917631.9
2025,Janeiro,Nampula,Ribaué,Depósitos,270627.0,100506099.34
2025,Fevereiro,Nampula,Ribaué,Depósitos,276315.0,118785131.24
2025,Março,Nampula,Ribaué,Depósitos,269388.0,104537341.03
2025,Abril,Nampula,Ribaué,Depósitos,323804.0,117292281.74
2025,Maio,Nampula,Ribaué,Depósitos,361798.0,129096539.13
2025,Junho,Nampula,Ribaué,Depósitos,366643.0,122981838.29
2025,Julho,Nampula,Ribaué,Depósitos,382804.0,122258288.76
2025,Agosto,Nampula,Ribaué,Depósitos,426478.0,129405004.12
2025,Setembro,Nampula,Ribaué,Depósitos,415243.0,128239096.97
2025,Outubro,Nampula,Ribaué,Depósitos,447285.0,143610874.61
2025,Novembro,Nampula,Ribaué,Depósitos,397980.0,115111463.06
2025,Dezembro,Nampula,Ribaué,Depósitos,411286.0,142689719.56
2025,Janeiro,Nampula,Liupo,Depósitos,1045.0,42873.0
2025,Fevereiro,Nampula,Liupo,Depósitos,575.0,27814.0
2025,Março,Nampula,Liupo,Depósitos,252.0,14874.0
2025,Abril,Nampula,Liupo,Depósitos,433.0,17688.0
2025,Maio,Nampula,Liupo,Depósitos,388.0,13363.0
2025,Junho,Nampula,Liupo,Depósitos,341.0,12150.0
2025,Julho,Nampula,Liupo,Depósitos,104.0,2311.0
2025,Agosto,Nampula,Liupo,Depósitos,962.0,46562.0
2025,Setembro,Nampula,Liupo,Depósitos,838.0,26511.0
2025,Outubro,Nampula,Liupo,Depósitos,1493.0,67753.0
2025,Novembro,Nampula,Liupo,Depósitos,2039.0,2083610.0
2025,Dezembro,Nampula,Liupo,Depósitos,1412.0,375352.0
2025,Janeiro,Nampula,Larde,Depósitos,3686.0,349230.0
2025,Fevereiro,Nampula,Larde,Depósitos,3627.0,518372.0
2025,Março,Nampula,Larde,Depósitos,3001.0,493370.0
2025,Abril,Nampula,Larde,Depósitos,10307.0,4683972.0
2025,Maio,Nampula,Larde,Depósitos,13745.0,5305665.0
2025,Junho,Nampula,Larde,Depósitos,8248.0,4082644.0
2025,Julho,Nampula,Larde,Depósitos,9140.0,3733060.0
2025,Agosto,Nampula,Larde,Depósitos,7395.0,2217068.0
2025,Setembro,Nampula,Larde,Depósitos,6720.0,2851562.0
2025,Outubro,Nampula,Larde,Depósitos,27977.0,17631505.0
2025,Novembro,Nampula,Larde,Depósitos,28461.0,10653937.0
2025,Dezembro,Nampula,Larde,Depósitos,26804.0,9339870.0
2025,Janeiro,Cabo Delgado,Cidade de Pemba,Depósitos,1600607.0,1234763742.47
2025,Fevereiro,Cabo Delgado,Cidade de Pemba,Depósitos,1636676.0,1314832776.99
2025,Março,Cabo Delgado,Cidade de Pemba,Depósitos,1825955.0,1345099638.48
2025,Abril,Cabo Delgado,Cidade de Pemba,Depósitos,1745618.0,1247799354.42
2025,Maio,Cabo Delgado,Cidade de Pemba,Depósitos,1994373.0,1521162345.35
2025,Junho,Cabo Delgado,Cidade de Pemba,Depósitos,1894570.0,1366119641.71
2025,Julho,Cabo Delgado,Cidade de Pemba,Depósitos,2044820.0,1507638223.07
2025,Agosto,Cabo Delgado,Cidade de Pemba,Depósitos,2093818.0,1417523888.78
2025,Setembro,Cabo Delgado,Cidade de Pemba,Depósitos,1945378.0,1363728930.7
2025,Outubro,Cabo Delgado,Cidade de Pemba,Depósitos,2225722.0,1621111996.45
2025,Novembro,Cabo Delgado,Cidade de Pemba,Depósitos,2270650.0,1587348107.64
2025,Dezembro,Cabo Delgado,Cidade de Pemba,Depósitos,2405970.0,1932734599.31
2025,Janeiro,Cabo Delgado,Ancuabe,Depósitos,258370.0,105467599.24
2025,Fevereiro,Cabo Delgado,Ancuabe,Depósitos,276528.0,140160500.6
2025,Março,Cabo Delgado,Ancuabe,Depósitos,315273.0,137007486.38
2025,Abril,Cabo Delgado,Ancuabe,Depósitos,311425.0,122234115.06
2025,Maio,Cabo Delgado,Ancuabe,Depósitos,371498.0,154447210.61
2025,Junho,Cabo Delgado,Ancuabe,Depósitos,380756.0,148986106.01
2025,Julho,Cabo Delgado,Ancuabe,Depósitos,425993.0,157770177.91
2025,Agosto,Cabo Delgado,Ancuabe,Depósitos,466198.0,143906106.87
2025,Setembro,Cabo Delgado,Ancuabe,Depósitos,445160.0,145728970.21
2025,Outubro,Cabo Delgado,Ancuabe,Depósitos,479402.0,162857640.07
2025,Novembro,Cabo Delgado,Ancuabe,Depósitos,475227.0,154526507.21
2025,Dezembro,Cabo Delgado,Ancuabe,Depósitos,484107.0,182107745.16
2025,Janeiro,Cabo Delgado,Balama,Depósitos,138632.0,67399394.08
2025,Fevereiro,Cabo Delgado,Balama,Depósitos,141345.0,80724383.87
2025,Março,Cabo Delgado,Balama,Depósitos,153718.0,72012344.46000001
2025,Abril,Cabo Delgado,Balama,Depósitos,162215.0,75627825.06
2025,Maio,Cabo Delgado,Balama,Depósitos,190228.0,95616913.35
2025,Junho,Cabo Delgado,Balama,Depósitos,239287.0,138086600.65
2025,Julho,Cabo Delgado,Balama,Depósitos,283496.0,141962603.93
2025,Agosto,Cabo Delgado,Balama,Depósitos,301405.0,138663796.57
2025,Setembro,Cabo Delgado,Balama,Depósitos,294305.0,114144933.38
2025,Outubro,Cabo Delgado,Balama,Depósitos,328760.0,133292904.75
2025,Novembro,Cabo Delgado,Balama,Depósitos,288964.0,113907554.63
2025,Dezembro,Cabo Delgado,Balama,Depósitos,290467.0,129197958.74
2025,Janeiro,Cabo Delgado,Chiúre,Depósitos,296110.0,145451818.51
2025,Fevereiro,Cabo Delgado,Chiúre,Depósitos,309792.0,170688788.92
2025,Março,Cabo Delgado,Chiúre,Depósitos,354020.0,168615327.48
2025,Abril,Cabo Delgado,Chiúre,Depósitos,409517.0,218004671.38
2025,Maio,Cabo Delgado,Chiúre,Depósitos,476156.0,229819662.99
2025,Junho,Cabo Delgado,Chiúre,Depósitos,499415.0,232308878.46
2025,Julho,Cabo Delgado,Chiúre,Depósitos,590047.0,233953622.57
2025,Agosto,Cabo Delgado,Chiúre,Depósitos,610239.0,217170553.28
2025,Setembro,Cabo Delgado,Chiúre,Depósitos,554341.0,180168352.57
2025,Outubro,Cabo Delgado,Chiúre,Depósitos,629148.0,219221317.33
2025,Novembro,Cabo Delgado,Chiúre,Depósitos,593634.0,225376853.24
2025,Dezembro,Cabo Delgado,Chiúre,Depósitos,559676.0,246021735.96
2025,Janeiro,Cabo Delgado,Ibo,Depósitos,41580.0,32417948.43
2025,Fevereiro,Cabo Delgado,Ibo,Depósitos,44209.0,33060638.41
2025,Março,Cabo Delgado,Ibo,Depósitos,53318.0,38380628.18
2025,Abril,Cabo Delgado,Ibo,Depósitos,47393.0,32305508.2
2025,Maio,Cabo Delgado,Ibo,Depósitos,37289.0,24759917.98
2025,Junho,Cabo Delgado,Ibo,Depósitos,45344.0,28222358.02
2025,Julho,Cabo Delgado,Ibo,Depósitos,47487.0,27410555.66
2025,Agosto,Cabo Delgado,Ibo,Depósitos,51877.0,26727157.48
2025,Setembro,Cabo Delgado,Ibo,Depósitos,52901.0,28189472.81
2025,Outubro,Cabo Delgado,Ibo,Depósitos,60058.0,35807535.66
2025,Novembro,Cabo Delgado,Ibo,Depósitos,59889.0,34149833.28
2025,Dezembro,Cabo Delgado,Ibo,Depósitos,62146.0,36278925.83
2025,Janeiro,Cabo Delgado,Macomia,Depósitos,99344.0,61159120.71
2025,Fevereiro,Cabo Delgado,Macomia,Depósitos,109369.0,79970075.09
2025,Março,Cabo Delgado,Macomia,Depósitos,117644.0,79434829.17
2025,Abril,Cabo Delgado,Macomia,Depósitos,113014.0,67293605.44
2025,Maio,Cabo Delgado,Macomia,Depósitos,124509.0,73186027.97
2025,Junho,Cabo Delgado,Macomia,Depósitos,121243.0,75492618.61
2025,Julho,Cabo Delgado,Macomia,Depósitos,128842.0,77448508.48
2025,Agosto,Cabo Delgado,Macomia,Depósitos,135711.0,61826352.87
2025,Setembro,Cabo Delgado,Macomia,Depósitos,145090.0,73175724.75
2025,Outubro,Cabo Delgado,Macomia,Depósitos,156332.0,75422245.46
2025,Novembro,Cabo Delgado,Macomia,Depósitos,163242.0,81205743.91
2025,Dezembro,Cabo Delgado,Macomia,Depósitos,174128.0,100695119.89
2025,Janeiro,Cabo Delgado,Mecufi,Depósitos,55152.0,18325662.35
2025,Fevereiro,Cabo Delgado,Mecufi,Depósitos,62753.0,23031857.58
2025,Março,Cabo Delgado,Mecufi,Depósitos,76484.0,22338785.77
2025,Abril,Cabo Delgado,Mecufi,Depósitos,80059.0,23590221.94
2025,Maio,Cabo Delgado,Mecufi,Depósitos,86070.0,23331939.4
2025,Junho,Cabo Delgado,Mecufi,Depósitos,95548.0,25366031.44
2025,Julho,Cabo Delgado,Mecufi,Depósitos,106006.0,25650082.69
2025,Agosto,Cabo Delgado,Mecufi,Depósitos,104014.0,25646841.28
2025,Setembro,Cabo Delgado,Mecufi,Depósitos,119254.0,24589365.3
2025,Outubro,Cabo Delgado,Mecufi,Depósitos,145225.0,33820814.65
2025,Novembro,Cabo Delgado,Mecufi,Depósitos,151280.0,34605311.3
2025,Dezembro,Cabo Delgado,Mecufi,Depósitos,163172.0,44740434.43
2025,Janeiro,Cabo Delgado,Meluco,Depósitos,31957.0,15830838.14
2025,Fevereiro,Cabo Delgado,Meluco,Depósitos,39405.0,26955781.77
2025,Março,Cabo Delgado,Meluco,Depósitos,46984.0,23099849.58
2025,Abril,Cabo Delgado,Meluco,Depósitos,43941.0,20094291.09
2025,Maio,Cabo Delgado,Meluco,Depósitos,47036.0,24421780.78
2025,Junho,Cabo Delgado,Meluco,Depósitos,50426.0,21880548.66
2025,Julho,Cabo Delgado,Meluco,Depósitos,59048.0,32531689.46
2025,Agosto,Cabo Delgado,Meluco,Depósitos,63321.0,32372272.3
2025,Setembro,Cabo Delgado,Meluco,Depósitos,61852.0,30770249.69
2025,Outubro,Cabo Delgado,Meluco,Depósitos,73521.0,44218523.33
2025,Novembro,Cabo Delgado,Meluco,Depósitos,72363.0,43623083.16
2025,Dezembro,Cabo Delgado,Meluco,Depósitos,68363.0,40365067.32
2025,Janeiro,Cabo Delgado,Mocimboa da Praia,Depósitos,184389.0,143835113.87
2025,Fevereiro,Cabo Delgado,Mocimboa da Praia,Depósitos,191613.0,165523841.65
2025,Março,Cabo Delgado,Mocimboa da Praia,Depósitos,212192.0,159224639.59
2025,Abril,Cabo Delgado,Mocimboa da Praia,Depósitos,187458.0,136530364.13
2025,Maio,Cabo Delgado,Mocimboa da Praia,Depósitos,206937.0,158023582.78
2025,Junho,Cabo Delgado,Mocimboa da Praia,Depósitos,196798.0,152584826.97
2025,Julho,Cabo Delgado,Mocimboa da Praia,Depósitos,197839.0,147169047.8
2025,Agosto,Cabo Delgado,Mocimboa da Praia,Depósitos,202721.0,140031822.74
2025,Setembro,Cabo Delgado,Mocimboa da Praia,Depósitos,187373.0,126813404.33
2025,Outubro,Cabo Delgado,Mocimboa da Praia,Depósitos,159501.0,100548807.62
2025,Novembro,Cabo Delgado,Mocimboa da Praia,Depósitos,178158.0,128610535.72
2025,Dezembro,Cabo Delgado,Mocimboa da Praia,Depósitos,197537.0,161176677.1
2025,Janeiro,Cabo Delgado,Montepuez,Depósitos,785545.0,486773312.18
2025,Fevereiro,Cabo Delgado,Montepuez,Depósitos,797266.0,547175032.19
2025,Março,Cabo Delgado,Montepuez,Depósitos,844167.0,577949748.25
2025,Abril,Cabo Delgado,Montepuez,Depósitos,866539.0,544044884.62
2025,Maio,Cabo Delgado,Montepuez,Depósitos,989384.0,621388050.7
2025,Junho,Cabo Delgado,Montepuez,Depósitos,999954.0,602751346.74
2025,Julho,Cabo Delgado,Montepuez,Depósitos,1078536.0,609377632.35
2025,Agosto,Cabo Delgado,Montepuez,Depósitos,1112335.0,566852378.3399999
2025,Setembro,Cabo Delgado,Montepuez,Depósitos,1060960.0,537240812.7
2025,Outubro,Cabo Delgado,Montepuez,Depósitos,1218905.0,691479630.18
2025,Novembro,Cabo Delgado,Montepuez,Depósitos,1209916.0,670200677.21
2025,Dezembro,Cabo Delgado,Montepuez,Depósitos,1283597.0,848664666.81
2025,Janeiro,Cabo Delgado,Mueda,Depósitos,485868.0,280915886.57
2025,Fevereiro,Cabo Delgado,Mueda,Depósitos,511848.0,346531221.25
2025,Março,Cabo Delgado,Mueda,Depósitos,593330.0,301680587.5
2025,Abril,Cabo Delgado,Mueda,Depósitos,565671.0,245852955.37
2025,Maio,Cabo Delgado,Mueda,Depósitos,679101.0,365244993.4
2025,Junho,Cabo Delgado,Mueda,Depósitos,668163.0,350128734.6
2025,Julho,Cabo Delgado,Mueda,Depósitos,706687.0,346275320.09
2025,Agosto,Cabo Delgado,Mueda,Depósitos,706875.0,289976951.15
2025,Setembro,Cabo Delgado,Mueda,Depósitos,669323.0,297402791.1
2025,Outubro,Cabo Delgado,Mueda,Depósitos,774753.0,363029189.62
2025,Novembro,Cabo Delgado,Mueda,Depósitos,776569.0,418353430.24
2025,Dezembro,Cabo Delgado,Mueda,Depósitos,846498.0,513410721.68
2025,Janeiro,Cabo Delgado,Muidumbe,Depósitos,84939.0,33975721.83
2025,Fevereiro,Cabo Delgado,Muidumbe,Depósitos,95351.0,56730439.27
2025,Março,Cabo Delgado,Muidumbe,Depósitos,99119.0,46148244.23
2025,Abril,Cabo Delgado,Muidumbe,Depósitos,95292.0,36439346.33
2025,Maio,Cabo Delgado,Muidumbe,Depósitos,114053.0,57859276.44
2025,Junho,Cabo Delgado,Muidumbe,Depósitos,119969.0,51221983.55
2025,Julho,Cabo Delgado,Muidumbe,Depósitos,123957.0,51795912.8
2025,Agosto,Cabo Delgado,Muidumbe,Depósitos,125680.0,42120509.93
2025,Setembro,Cabo Delgado,Muidumbe,Depósitos,130284.0,51535236.08
2025,Outubro,Cabo Delgado,Muidumbe,Depósitos,145295.0,63769046.12
2025,Novembro,Cabo Delgado,Muidumbe,Depósitos,150122.0,58100304.11
2025,Dezembro,Cabo Delgado,Muidumbe,Depósitos,162815.0,70728656.85
2025,Janeiro,Cabo Delgado,Namuno,Depósitos,191400.0,80038604.23
2025,Fevereiro,Cabo Delgado,Namuno,Depósitos,192778.0,89664641.89
2025,Março,Cabo Delgado,Namuno,Depósitos,231399.0,102133348.23
2025,Abril,Cabo Delgado,Namuno,Depósitos,250754.0,110110496.0
2025,Maio,Cabo Delgado,Namuno,Depósitos,291624.0,118343678.7
2025,Junho,Cabo Delgado,Namuno,Depósitos,338139.0,149826183.67
2025,Julho,Cabo Delgado,Namuno,Depósitos,381261.0,138730762.37
2025,Agosto,Cabo Delgado,Namuno,Depósitos,404669.0,124548969.63
2025,Setembro,Cabo Delgado,Namuno,Depósitos,373622.0,112966579.82
2025,Outubro,Cabo Delgado,Namuno,Depósitos,416862.0,148056577.61
2025,Novembro,Cabo Delgado,Namuno,Depósitos,399620.0,137484827.3
2025,Dezembro,Cabo Delgado,Namuno,Depósitos,396346.0,157011155.17
2025,Janeiro,Cabo Delgado,Nangade,Depósitos,137982.0,65311198.88
2025,Fevereiro,Cabo Delgado,Nangade,Depósitos,149224.0,78992859.77
2025,Março,Cabo Delgado,Nangade,Depósitos,148424.0,61385195.89
2025,Abril,Cabo Delgado,Nangade,Depósitos,145883.0,50336150.37
2025,Maio,Cabo Delgado,Nangade,Depósitos,165492.0,68466435.45
2025,Junho,Cabo Delgado,Nangade,Depósitos,172153.0,74604959.2
2025,Julho,Cabo Delgado,Nangade,Depósitos,182913.0,65639241.4
2025,Agosto,Cabo Delgado,Nangade,Depósitos,165316.0,49091290.84
2025,Setembro,Cabo Delgado,Nangade,Depósitos,165762.0,54438221.35
2025,Outubro,Cabo Delgado,Nangade,Depósitos,197387.0,75899940.45
2025,Novembro,Cabo Delgado,Nangade,Depósitos,233029.0,155359648.93
2025,Dezembro,Cabo Delgado,Nangade,Depósitos,269640.0,127026150.78
2025,Janeiro,Cabo Delgado,Palma,Depósitos,99160.0,101487338.86
2025,Fevereiro,Cabo Delgado,Palma,Depósitos,106071.0,122956828.28999999
2025,Março,Cabo Delgado,Palma,Depósitos,123965.0,142154629.49
2025,Abril,Cabo Delgado,Palma,Depósitos,111241.0,127047603.15
2025,Maio,Cabo Delgado,Palma,Depósitos,120109.0,124381004.83
2025,Junho,Cabo Delgado,Palma,Depósitos,120019.0,127031431.52
2025,Julho,Cabo Delgado,Palma,Depósitos,129045.0,146797492.19
2025,Agosto,Cabo Delgado,Palma,Depósitos,141076.0,145817626.95
2025,Setembro,Cabo Delgado,Palma,Depósitos,139533.0,144176539.02
2025,Outubro,Cabo Delgado,Palma,Depósitos,135078.0,146255578.86
2025,Novembro,Cabo Delgado,Palma,Depósitos,142196.0,181124050.82
2025,Dezembro,Cabo Delgado,Palma,Depósitos,165369.0,215276705.46
2025,Janeiro,Cabo Delgado,Pemba-Metuge,Depósitos,143241.0,53060719.24
2025,Fevereiro,Cabo Delgado,Pemba-Metuge,Depósitos,153710.0,63226057.78
2025,Março,Cabo Delgado,Pemba-Metuge,Depósitos,182854.0,58820542.66
2025,Abril,Cabo Delgado,Pemba-Metuge,Depósitos,187118.0,57500952.03
2025,Maio,Cabo Delgado,Pemba-Metuge,Depósitos,226569.0,82879453.04
2025,Junho,Cabo Delgado,Pemba-Metuge,Depósitos,236049.0,78760458.05
2025,Julho,Cabo Delgado,Pemba-Metuge,Depósitos,1910556.0,1407998615.07
2025,Agosto,Cabo Delgado,Pemba-Metuge,Depósitos,1954378.0,1330535795.78
2025,Setembro,Cabo Delgado,Pemba-Metuge,Depósitos,252155.0,71223213.04
2025,Outubro,Cabo Delgado,Pemba-Metuge,Depósitos,2098700.0,1537675081.45
2025,Novembro,Cabo Delgado,Pemba-Metuge,Depósitos,310195.0,88093047.89
2025,Dezembro,Cabo Delgado,Pemba-Metuge,Depósitos,317639.0,104981230.55
2025,Janeiro,Cabo Delgado,Quissanga,Depósitos,24054.0,13343697.95
2025,Fevereiro,Cabo Delgado,Quissanga,Depósitos,26787.0,14075279.17
2025,Março,Cabo Delgado,Quissanga,Depósitos,26859.0,13034053.91
2025,Abril,Cabo Delgado,Quissanga,Depósitos,27527.0,13211756.77
2025,Maio,Cabo Delgado,Quissanga,Depósitos,52046.0,26750067.3
2025,Junho,Cabo Delgado,Quissanga,Depósitos,53309.0,25813977.12
2025,Julho,Cabo Delgado,Quissanga,Depósitos,65371.0,30601199.21
2025,Agosto,Cabo Delgado,Quissanga,Depósitos,69251.0,28708447.48
2025,Setembro,Cabo Delgado,Quissanga,Depósitos,69735.0,27277087.3
2025,Outubro,Cabo Delgado,Quissanga,Depósitos,83096.0,31947150.47
2025,Novembro,Cabo Delgado,Quissanga,Depósitos,82334.0,32164251.99
2025,Dezembro,Cabo Delgado,Quissanga,Depósitos,86600.0,36680833.82
2025,Janeiro,Niassa,Cidade de Lichinga,Depósitos,1376205.0,683663200.5699999
2025,Fevereiro,Niassa,Cidade de Lichinga,Depósitos,1401753.0,782560583.1700001
2025,Março,Niassa,Cidade de Lichinga,Depósitos,1565129.0,842403529.1500001
2025,Abril,Niassa,Cidade de Lichinga,Depósitos,1510425.0,873214225.97
2025,Maio,Niassa,Cidade de Lichinga,Depósitos,1630169.0,913799397.2
2025,Junho,Niassa,Cidade de Lichinga,Depósitos,1518303.0,896568347.27
2025,Julho,Niassa,Cidade de Lichinga,Depósitos,1664670.0,933616827.5
2025,Agosto,Niassa,Cidade de Lichinga,Depósitos,1729206.0,875679571.86
2025,Setembro,Niassa,Cidade de Lichinga,Depósitos,1661415.0,837683810.21
2025,Outubro,Niassa,Cidade de Lichinga,Depósitos,1824464.0,979265551.96
2025,Novembro,Niassa,Cidade de Lichinga,Depósitos,1783408.0,928642789.17
2025,Dezembro,Niassa,Cidade de Lichinga,Depósitos,1730206.0,1071412302.39
2025,Janeiro,Niassa,Cuamba,Depósitos,466057.0,218308988.94
2025,Fevereiro,Niassa,Cuamba,Depósitos,455326.0,244057988.58
2025,Março,Niassa,Cuamba,Depósitos,508908.0,245850170.47
2025,Abril,Niassa,Cuamba,Depósitos,525991.0,264333365.59
2025,Maio,Niassa,Cuamba,Depósitos,625198.0,364968322.66
2025,Junho,Niassa,Cuamba,Depósitos,637595.0,349506613.51
2025,Julho,Niassa,Cuamba,Depósitos,686715.0,338908836.17
2025,Agosto,Niassa,Cuamba,Depósitos,733635.0,345874741.75
2025,Setembro,Niassa,Cuamba,Depósitos,687444.0,300984275.36
2025,Outubro,Niassa,Cuamba,Depósitos,717337.0,308315672.67
2025,Novembro,Niassa,Cuamba,Depósitos,663512.0,290074181.33
2025,Dezembro,Niassa,Cuamba,Depósitos,670944.0,351397172.59
2025,Janeiro,Niassa,Lago,Depósitos,191429.0,76328702.63
2025,Fevereiro,Niassa,Lago,Depósitos,201730.0,92276320.31
2025,Março,Niassa,Lago,Depósitos,234843.0,92266703.3
2025,Abril,Niassa,Lago,Depósitos,231851.0,87119360.37
2025,Maio,Niassa,Lago,Depósitos,251785.0,96550702.61
2025,Junho,Niassa,Lago,Depósitos,244888.0,94731823.65
2025,Julho,Niassa,Lago,Depósitos,275992.0,105554513.97
2025,Agosto,Niassa,Lago,Depósitos,297298.0,103263414.01
2025,Setembro,Niassa,Lago,Depósitos,312248.0,114757045.29
2025,Outubro,Niassa,Lago,Depósitos,353741.0,141655474.33
2025,Novembro,Niassa,Lago,Depósitos,330896.0,133480025.19
2025,Dezembro,Niassa,Lago,Depósitos,371533.0,164168094.76
2025,Janeiro,Niassa,Manjune,Depósitos,52521.0,19425818.05
2025,Fevereiro,Niassa,Manjune,Depósitos,54870.0,22441274.79
2025,Março,Niassa,Manjune,Depósitos,62650.0,21306376.69
2025,Abril,Niassa,Manjune,Depósitos,61658.0,20571442.58
2025,Maio,Niassa,Manjune,Depósitos,77383.0,26721397.16
2025,Junho,Niassa,Manjune,Depósitos,87484.0,29159726.57
2025,Julho,Niassa,Manjune,Depósitos,91272.0,26167353.89
2025,Agosto,Niassa,Manjune,Depósitos,89748.0,23925820.53
2025,Setembro,Niassa,Manjune,Depósitos,86720.0,21566340.3
2025,Outubro,Niassa,Manjune,Depósitos,91353.0,30313369.98
2025,Novembro,Niassa,Manjune,Depósitos,81987.0,26034095.36
2025,Dezembro,Niassa,Manjune,Depósitos,83310.0,32202178.96
2025,Janeiro,Niassa,Mandimba,Depósitos,274043.0,86570663.73
2025,Fevereiro,Niassa,Mandimba,Depósitos,265095.0,104087084.42
2025,Março,Niassa,Mandimba,Depósitos,315416.0,105702572.67
2025,Abril,Niassa,Mandimba,Depósitos,326347.0,106888823.14
2025,Maio,Niassa,Mandimba,Depósitos,378806.0,150492878.79
2025,Junho,Niassa,Mandimba,Depósitos,394742.0,158069213.84
2025,Julho,Niassa,Mandimba,Depósitos,497139.0,211876609.33
2025,Agosto,Niassa,Mandimba,Depósitos,539637.0,211662414.63
2025,Setembro,Niassa,Mandimba,Depósitos,454944.0,151708069.2
2025,Outubro,Niassa,Mandimba,Depósitos,473930.0,164644661.13
2025,Novembro,Niassa,Mandimba,Depósitos,434397.0,154120382.38
2025,Dezembro,Niassa,Mandimba,Depósitos,437845.0,172132667.53
2025,Janeiro,Niassa,Marrupa,Depósitos,111257.0,60867789.64
2025,Fevereiro,Niassa,Marrupa,Depósitos,112033.0,67288154.78
2025,Março,Niassa,Marrupa,Depósitos,126859.0,72431258.93
2025,Abril,Niassa,Marrupa,Depósitos,123417.0,70951921.56
2025,Maio,Niassa,Marrupa,Depósitos,146208.0,89854317.87
2025,Junho,Niassa,Marrupa,Depósitos,153353.0,93069293.57
2025,Julho,Niassa,Marrupa,Depósitos,161770.0,81954284.49
2025,Agosto,Niassa,Marrupa,Depósitos,169404.0,86157674.38
2025,Setembro,Niassa,Marrupa,Depósitos,156989.0,74046197.0
2025,Outubro,Niassa,Marrupa,Depósitos,180955.0,87203804.74
2025,Novembro,Niassa,Marrupa,Depósitos,173173.0,80949089.9
2025,Dezembro,Niassa,Marrupa,Depósitos,143246.0,79315281.33
2025,Janeiro,Niassa,Maúa,Depósitos,56579.0,21083401.0
2025,Fevereiro,Niassa,Maúa,Depósitos,56897.0,24976705.88
2025,Março,Niassa,Maúa,Depósitos,66693.0,24450344.41
2025,Abril,Niassa,Maúa,Depósitos,68499.0,25784497.59
2025,Maio,Niassa,Maúa,Depósitos,79373.0,31526284.06
2025,Junho,Niassa,Maúa,Depósitos,84245.0,37161545.37
2025,Julho,Niassa,Maúa,Depósitos,97500.0,40957074.14
2025,Agosto,Niassa,Maúa,Depósitos,105630.0,38570059.23
2025,Setembro,Niassa,Maúa,Depósitos,95614.0,30354142.8
2025,Outubro,Niassa,Maúa,Depósitos,103441.0,33575806.18
2025,Novembro,Niassa,Maúa,Depósitos,98204.0,28357067.77
2025,Dezembro,Niassa,Maúa,Depósitos,93388.0,27947433.32
2025,Janeiro,Niassa,Mavago,Depósitos,41817.0,17636644.3
2025,Fevereiro,Niassa,Mavago,Depósitos,45504.0,21288502.69
2025,Março,Niassa,Mavago,Depósitos,53871.0,19898491.67
2025,Abril,Niassa,Mavago,Depósitos,48698.0,21426209.76
2025,Maio,Niassa,Mavago,Depósitos,58334.0,28770482.78
2025,Junho,Niassa,Mavago,Depósitos,69067.0,41750769.77
2025,Julho,Niassa,Mavago,Depósitos,77227.0,33502527.08
2025,Agosto,Niassa,Mavago,Depósitos,75976.0,22543691.8
2025,Setembro,Niassa,Mavago,Depósitos,74908.0,21974815.71
2025,Outubro,Niassa,Mavago,Depósitos,78685.0,33427925.4
2025,Novembro,Niassa,Mavago,Depósitos,67194.0,26225053.21
2025,Dezembro,Niassa,Mavago,Depósitos,61483.0,24538057.41
2025,Janeiro,Niassa,Mecanhelas,Depósitos,161854.0,57424417.85
2025,Fevereiro,Niassa,Mecanhelas,Depósitos,162323.0,70079345.71
2025,Março,Niassa,Mecanhelas,Depósitos,214199.0,72970057.88
2025,Abril,Niassa,Mecanhelas,Depósitos,221099.0,70837226.71
2025,Maio,Niassa,Mecanhelas,Depósitos,262626.0,87819819.12
2025,Junho,Niassa,Mecanhelas,Depósitos,276082.0,83870918.98
2025,Julho,Niassa,Mecanhelas,Depósitos,328735.0,83722480.83
2025,Agosto,Niassa,Mecanhelas,Depósitos,357054.0,80012376.77
2025,Setembro,Niassa,Mecanhelas,Depósitos,329501.0,69414478.41
2025,Outubro,Niassa,Mecanhelas,Depósitos,354152.0,93314558.6
2025,Novembro,Niassa,Mecanhelas,Depósitos,311852.0,78136146.17
2025,Dezembro,Niassa,Mecanhelas,Depósitos,303379.0,88684619.71
2025,Janeiro,Niassa,Mecula,Depósitos,31375.0,19912650.0
2025,Fevereiro,Niassa,Mecula,Depósitos,32227.0,24416185.73
2025,Março,Niassa,Mecula,Depósitos,36023.0,24506485.24
2025,Abril,Niassa,Mecula,Depósitos,37166.0,22441961.66
2025,Maio,Niassa,Mecula,Depósitos,43613.0,28735635.51
2025,Junho,Niassa,Mecula,Depósitos,39400.0,32326854.59
2025,Julho,Niassa,Mecula,Depósitos,42508.0,28036597.08
2025,Agosto,Niassa,Mecula,Depósitos,40924.0,20591196.33
2025,Setembro,Niassa,Mecula,Depósitos,40499.0,28070275.17
2025,Outubro,Niassa,Mecula,Depósitos,44788.0,31044583.67
2025,Novembro,Niassa,Mecula,Depósitos,44320.0,25736722.53
2025,Dezembro,Niassa,Mecula,Depósitos,45081.0,31740293.57
2025,Janeiro,Niassa,Metarica,Depósitos,46023.0,17383364.36
2025,Fevereiro,Niassa,Metarica,Depósitos,45815.0,21414892.21
2025,Março,Niassa,Metarica,Depósitos,53802.0,19791438.39
2025,Abril,Niassa,Metarica,Depósitos,57961.0,21799332.4
2025,Maio,Niassa,Metarica,Depósitos,66168.0,25407332.54
2025,Junho,Niassa,Metarica,Depósitos,65597.0,24947194.33
2025,Julho,Niassa,Metarica,Depósitos,73219.0,23937582.26
2025,Agosto,Niassa,Metarica,Depósitos,84265.0,28745449.44
2025,Setembro,Niassa,Metarica,Depósitos,85573.0,27822952.01
2025,Outubro,Niassa,Metarica,Depósitos,87018.0,31790567.01
2025,Novembro,Niassa,Metarica,Depósitos,76414.0,24342629.0
2025,Dezembro,Niassa,Metarica,Depósitos,70997.0,22035979.24
2025,Janeiro,Niassa,Muembe,Depósitos,61930.0,21839606.23
2025,Fevereiro,Niassa,Muembe,Depósitos,59591.0,26360255.73
2025,Março,Niassa,Muembe,Depósitos,71858.0,22827185.84
2025,Abril,Niassa,Muembe,Depósitos,67992.0,20603439.28
2025,Maio,Niassa,Muembe,Depósitos,87914.0,28238409.83
2025,Junho,Niassa,Muembe,Depósitos,105035.0,34208087.4
2025,Julho,Niassa,Muembe,Depósitos,123687.0,34343557.91
2025,Agosto,Niassa,Muembe,Depósitos,120846.0,26904985.35
2025,Setembro,Niassa,Muembe,Depósitos,123716.0,25767405.39
2025,Outubro,Niassa,Muembe,Depósitos,130451.0,32373265.32
2025,Novembro,Niassa,Muembe,Depósitos,118128.0,26841936.2
2025,Dezembro,Niassa,Muembe,Depósitos,111535.0,36222503.18
2025,Janeiro,Niassa,N´gauma,Depósitos,50081.0,18191860.14
2025,Fevereiro,Niassa,N´gauma,Depósitos,50793.0,22073723.81
2025,Março,Niassa,N´gauma,Depósitos,69348.0,23148069.56
2025,Abril,Niassa,N´gauma,Depósitos,73170.0,22213933.06
2025,Maio,Niassa,N´gauma,Depósitos,79296.0,22904678.98
2025,Junho,Niassa,N´gauma,Depósitos,92333.0,26657117.73
2025,Julho,Niassa,N´gauma,Depósitos,110722.0,31005433.45
2025,Agosto,Niassa,N´gauma,Depósitos,113937.0,26869134.36
2025,Setembro,Niassa,N´gauma,Depósitos,109089.0,22646082.72
2025,Outubro,Niassa,N´gauma,Depósitos,118619.0,27760231.54
2025,Novembro,Niassa,N´gauma,Depósitos,100529.0,26276523.0
2025,Dezembro,Niassa,N´gauma,Depósitos,94278.0,31351365.75
2025,Janeiro,Niassa,Nipepe,Depósitos,54978.0,18065393.6
2025,Fevereiro,Niassa,Nipepe,Depósitos,44410.0,19594392.61
2025,Março,Niassa,Nipepe,Depósitos,48360.0,19360373.5
2025,Abril,Niassa,Nipepe,Depósitos,51059.0,18782785.14
2025,Maio,Niassa,Nipepe,Depósitos,59960.0,29179922.95
2025,Junho,Niassa,Nipepe,Depósitos,62945.0,27995984.0
2025,Julho,Niassa,Nipepe,Depósitos,80852.0,39802349.81
2025,Agosto,Niassa,Nipepe,Depósitos,85686.0,37217568.53
2025,Setembro,Niassa,Nipepe,Depósitos,82150.0,27640163.72
2025,Outubro,Niassa,Nipepe,Depósitos,85393.0,31761131.19
2025,Novembro,Niassa,Nipepe,Depósitos,77028.0,24930368.77
2025,Dezembro,Niassa,Nipepe,Depósitos,80463.0,30612678.85
2025,Janeiro,Niassa,Sanga,Depósitos,114268.0,36953314.87
2025,Fevereiro,Niassa,Sanga,Depósitos,118698.0,44002333.81
2025,Março,Niassa,Sanga,Depósitos,144444.0,37966217.96
2025,Abril,Niassa,Sanga,Depósitos,144239.0,39413982.51
2025,Maio,Niassa,Sanga,Depósitos,175878.0,53285576.4
2025,Junho,Niassa,Sanga,Depósitos,197588.0,59380030.16
2025,Julho,Niassa,Sanga,Depósitos,240063.0,58740342.04
2025,Agosto,Niassa,Sanga,Depósitos,257549.0,48261773.48
2025,Setembro,Niassa,Sanga,Depósitos,260658.0,47937275.51
2025,Outubro,Niassa,Sanga,Depósitos,273134.0,53908874.7
2025,Novembro,Niassa,Sanga,Depósitos,237171.0,53539638.91
2025,Dezembro,Niassa,Sanga,Depósitos,210614.0,58332314.49
2025,Janeiro,Niassa,Chimbunhila,Depósitos,60655.0,17477054.74
2025,Fevereiro,Niassa,Chimbunhila,Depósitos,65535.0,19862167.46
2025,Março,Niassa,Chimbunhila,Depósitos,82224.0,21378665.68
2025,Abril,Niassa,Chimbunhila,Depósitos,76062.0,18148840.83
2025,Maio,Niassa,Chimbunhila,Depósitos,82966.0,22161968.1
2025,Junho,Niassa,Chimbunhila,Depósitos,91969.0,25173567.79
2025,Julho,Niassa,Chimbunhila,Depósitos,124183.0,30947148.33
2025,Agosto,Niassa,Chimbunhila,Depósitos,132592.0,24648515.71
2025,Setembro,Niassa,Chimbunhila,Depósitos,142519.0,25260259.31
2025,Outubro,Niassa,Chimbunhila,Depósitos,151827.0,26423100.02
2025,Novembro,Niassa,Chimbunhila,Depósitos,114801.0,22592714.31
2025,Dezembro,Niassa,Chimbunhila,Depósitos,105014.0,28643815.4
2025,Janeiro,Província de Maputo,Cidade de Maputo,Levantamentos,4866182.0,4756645749.91
2025,Fevereiro,Província de Maputo,Cidade de Maputo,Levantamentos,5563144.0,5566193704.24
2025,Março,Província de Maputo,Cidade de Maputo,Levantamentos,7139953.0,7682347028.1
2025,Abril,Província de Maputo,Cidade de Maputo,Levantamentos,7143104.0,7459578728.57
2025,Maio,Província de Maputo,Cidade de Maputo,Levantamentos,7902881.0,7334188665.16
2025,Junho,Província de Maputo,Cidade de Maputo,Levantamentos,7551002.0,6819300307.92
2025,Julho,Província de Maputo,Cidade de Maputo,Levantamentos,7837689.0,7210873152.92
2025,Agosto,Província de Maputo,Cidade de Maputo,Levantamentos,7794415.0,6943187339.8
2025,Setembro,Província de Maputo,Cidade de Maputo,Levantamentos,7094790.0,6360409016.2
2025,Outubro,Província de Maputo,Cidade de Maputo,Levantamentos,7862424.0,7072857754.24
2025,Novembro,Província de Maputo,Cidade de Maputo,Levantamentos,7522707.0,6765107541.37
2025,Dezembro,Província de Maputo,Cidade de Maputo,Levantamentos,8175732.0,8803469978.35
2025,Janeiro,Província de Maputo,Cidade da Matola,Levantamentos,4278445.0,3357390843.75
2025,Fevereiro,Província de Maputo,Cidade da Matola,Levantamentos,4975363.0,3936609552.8499994
2025,Março,Província de Maputo,Cidade da Matola,Levantamentos,5966808.0,4413417980.2
2025,Abril,Província de Maputo,Cidade da Matola,Levantamentos,5859302.0,4277029282.67
2025,Maio,Província de Maputo,Cidade da Matola,Levantamentos,6202892.0,4560529159.46
2025,Junho,Província de Maputo,Cidade da Matola,Levantamentos,6016934.0,4397887568.8
2025,Julho,Província de Maputo,Cidade da Matola,Levantamentos,6122939.0,4461968443.0
2025,Agosto,Província de Maputo,Cidade da Matola,Levantamentos,6109904.0,4366917111.4
2025,Setembro,Província de Maputo,Cidade da Matola,Levantamentos,6057408.0,4362324818.64
2025,Outubro,Província de Maputo,Cidade da Matola,Levantamentos,3462962.0,2680207756.52
2025,Novembro,Província de Maputo,Cidade da Matola,Levantamentos,3233545.0,2513177529.38
2025,Dezembro,Província de Maputo,Cidade da Matola,Levantamentos,6565731.0,5401068419.6
2025,Janeiro,Província de Maputo,Boane,Levantamentos,795947.0,646747786.98
2025,Fevereiro,Província de Maputo,Boane,Levantamentos,968955.0,765035340.5799999
2025,Março,Província de Maputo,Boane,Levantamentos,1152065.0,890694240.99
2025,Abril,Província de Maputo,Boane,Levantamentos,1112553.0,837631964.8299999
2025,Maio,Província de Maputo,Boane,Levantamentos,1178224.0,872713590.48
2025,Junho,Província de Maputo,Boane,Levantamentos,1166158.0,865837678.4100001
2025,Julho,Província de Maputo,Boane,Levantamentos,1186112.0,876674563.98
2025,Agosto,Província de Maputo,Boane,Levantamentos,1191524.0,858164723.6600001
2025,Setembro,Província de Maputo,Boane,Levantamentos,1176761.0,857653535.28
2025,Outubro,Província de Maputo,Boane,Levantamentos,1395274.0,1021596363.99
2025,Novembro,Província de Maputo,Boane,Levantamentos,1402706.0,1026874242.4100001
2025,Dezembro,Província de Maputo,Boane,Levantamentos,1551309.0,1305349419.6799998
2025,Janeiro,Província de Maputo,Magude,Levantamentos,67035.0,71607259.8
2025,Fevereiro,Província de Maputo,Magude,Levantamentos,77303.0,78799291.2
2025,Março,Província de Maputo,Magude,Levantamentos,94433.0,93415596.74000001
2025,Abril,Província de Maputo,Magude,Levantamentos,94194.0,92576159.72999999
2025,Maio,Província de Maputo,Magude,Levantamentos,94541.0,94951358.69
2025,Junho,Província de Maputo,Magude,Levantamentos,92854.0,92397484.37
2025,Julho,Província de Maputo,Magude,Levantamentos,95029.0,107005015.99
2025,Agosto,Província de Maputo,Magude,Levantamentos,92426.0,89173256.6
2025,Setembro,Província de Maputo,Magude,Levantamentos,95163.0,94279824.31
2025,Outubro,Província de Maputo,Magude,Levantamentos,106614.0,107815455.72
2025,Novembro,Província de Maputo,Magude,Levantamentos,104314.0,108797324.11
2025,Dezembro,Província de Maputo,Magude,Levantamentos,104928.0,131136764.22
2025,Janeiro,Província de Maputo,Manhiça,Levantamentos,322200.0,285818423.22
2025,Fevereiro,Província de Maputo,Manhiça,Levantamentos,363839.0,321478124.17
2025,Março,Província de Maputo,Manhiça,Levantamentos,422437.0,369044521.65999997
2025,Abril,Província de Maputo,Manhiça,Levantamentos,427466.0,371790003.75
2025,Maio,Província de Maputo,Manhiça,Levantamentos,464028.0,406476103.34000003
2025,Junho,Província de Maputo,Manhiça,Levantamentos,464198.0,404305046.64
2025,Julho,Província de Maputo,Manhiça,Levantamentos,479554.0,421833335.3
2025,Agosto,Província de Maputo,Manhiça,Levantamentos,485190.0,430208514.67
2025,Setembro,Província de Maputo,Manhiça,Levantamentos,476394.0,420247085.87
2025,Outubro,Província de Maputo,Manhiça,Levantamentos,511110.0,462561094.8
2025,Novembro,Província de Maputo,Manhiça,Levantamentos,507112.0,468988035.0
2025,Dezembro,Província de Maputo,Manhiça,Levantamentos,565011.0,622580435.19
2025,Janeiro,Província de Maputo,Marracuene,Levantamentos,1152069.0,1446877829.42
2025,Fevereiro,Província de Maputo,Marracuene,Levantamentos,1297184.0,1655089749.9199998
2025,Março,Província de Maputo,Marracuene,Levantamentos,1454244.0,1812820253.75
2025,Abril,Província de Maputo,Marracuene,Levantamentos,1409982.0,1383133014.52
2025,Maio,Província de Maputo,Marracuene,Levantamentos,1417791.0,1029777084.29
2025,Junho,Província de Maputo,Marracuene,Levantamentos,1383451.0,1000490206.63
2025,Julho,Província de Maputo,Marracuene,Levantamentos,1401990.0,1005064563.3199999
2025,Agosto,Província de Maputo,Marracuene,Levantamentos,1445320.0,1035257984.63
2025,Setembro,Província de Maputo,Marracuene,Levantamentos,1539982.0,1130149829.51
2025,Outubro,Província de Maputo,Marracuene,Levantamentos,1655551.0,1203293761.34
2025,Novembro,Província de Maputo,Marracuene,Levantamentos,1627189.0,1200994939.69
2025,Dezembro,Província de Maputo,Marracuene,Levantamentos,1666752.0,1374869706.91
2025,Janeiro,Província de Maputo,Matutuíne,Levantamentos,98546.0,86857190.78
2025,Fevereiro,Província de Maputo,Matutuíne,Levantamentos,102576.0,88282716.6
2025,Março,Província de Maputo,Matutuíne,Levantamentos,114535.0,98861795.93
2025,Abril,Província de Maputo,Matutuíne,Levantamentos,110360.0,92254306.49000001
2025,Maio,Província de Maputo,Matutuíne,Levantamentos,112819.0,94981772.07
2025,Junho,Província de Maputo,Matutuíne,Levantamentos,109576.0,87676214.07
2025,Julho,Província de Maputo,Matutuíne,Levantamentos,113372.0,92726170.33
2025,Agosto,Província de Maputo,Matutuíne,Levantamentos,120957.0,98395603.27000001
2025,Setembro,Província de Maputo,Matutuíne,Levantamentos,132860.0,106971344.6
2025,Outubro,Província de Maputo,Matutuíne,Levantamentos,152772.0,128547836.33
2025,Novembro,Província de Maputo,Matutuíne,Levantamentos,169543.0,147327607.76
2025,Dezembro,Província de Maputo,Matutuíne,Levantamentos,190140.0,195384677.01
2025,Janeiro,Província de Maputo,Namaacha,Levantamentos,56562.0,64236336.74
2025,Fevereiro,Província de Maputo,Namaacha,Levantamentos,63368.0,72980340.2
2025,Março,Província de Maputo,Namaacha,Levantamentos,72989.0,83569204.3
2025,Abril,Província de Maputo,Namaacha,Levantamentos,72774.0,83889062.35
2025,Maio,Província de Maputo,Namaacha,Levantamentos,78957.0,96825066.0
2025,Junho,Província de Maputo,Namaacha,Levantamentos,78867.0,91492619.28
2025,Julho,Província de Maputo,Namaacha,Levantamentos,84601.0,99084320.9
2025,Agosto,Província de Maputo,Namaacha,Levantamentos,84567.0,93841580.74000001
2025,Setembro,Província de Maputo,Namaacha,Levantamentos,82604.0,96051797.0
2025,Outubro,Província de Maputo,Namaacha,Levantamentos,94937.0,108187692.0
2025,Novembro,Província de Maputo,Namaacha,Levantamentos,90002.0,104144377.0
2025,Dezembro,Província de Maputo,Namaacha,Levantamentos,94840.0,118587200.0
2025,Janeiro,Província de Maputo,Moamba,Levantamentos,231806.0,310592919.84
2025,Fevereiro,Província de Maputo,Moamba,Levantamentos,268162.0,414775828.57
2025,Março,Província de Maputo,Moamba,Levantamentos,305792.0,591263854.3299999
2025,Abril,Província de Maputo,Moamba,Levantamentos,316652.0,610443456.99
2025,Maio,Província de Maputo,Moamba,Levantamentos,325375.0,405664587.8
2025,Junho,Província de Maputo,Moamba,Levantamentos,316149.0,406097172.85
2025,Julho,Província de Maputo,Moamba,Levantamentos,321725.0,395381485.1
2025,Agosto,Província de Maputo,Moamba,Levantamentos,332463.0,399013760.89
2025,Setembro,Província de Maputo,Moamba,Levantamentos,340669.0,386822977.25
2025,Outubro,Província de Maputo,Moamba,Levantamentos,383457.0,437726539.0
2025,Novembro,Província de Maputo,Moamba,Levantamentos,368827.0,425970408.5
2025,Dezembro,Província de Maputo,Moamba,Levantamentos,393362.0,535225916.0
2025,Janeiro,Gaza,Cidade de Xai-Xai,Levantamentos,465056.0,487309867.28
2025,Fevereiro,Gaza,Cidade de Xai-Xai,Levantamentos,521978.0,583732078.37
2025,Março,Gaza,Cidade de Xai-Xai,Levantamentos,606522.0,897907994.49
2025,Abril,Gaza,Cidade de Xai-Xai,Levantamentos,614802.0,957502930.64
2025,Maio,Gaza,Cidade de Xai-Xai,Levantamentos,659782.0,652503627.81
2025,Junho,Gaza,Cidade de Xai-Xai,Levantamentos,629635.0,603243685.74
2025,Julho,Gaza,Cidade de Xai-Xai,Levantamentos,653198.0,644268163.28
2025,Agosto,Gaza,Cidade de Xai-Xai,Levantamentos,657379.0,641330772.8
2025,Setembro,Gaza,Cidade de Xai-Xai,Levantamentos,617992.0,605974088.0
2025,Outubro,Gaza,Cidade de Xai-Xai,Levantamentos,663257.0,624722806.0
2025,Novembro,Gaza,Cidade de Xai-Xai,Levantamentos,653105.0,643749932.0
2025,Dezembro,Gaza,Cidade de Xai-Xai,Levantamentos,671763.0,765232790.0799999
2025,Janeiro,Gaza,Bilene-Macia,Levantamentos,292081.0,311170404.79999995
2025,Fevereiro,Gaza,Bilene-Macia,Levantamentos,315188.0,343960176.65000004
2025,Março,Gaza,Bilene-Macia,Levantamentos,364299.0,431851322.0
2025,Abril,Gaza,Bilene-Macia,Levantamentos,369799.0,437565191.45
2025,Maio,Gaza,Bilene-Macia,Levantamentos,382851.0,439992328.43
2025,Junho,Gaza,Bilene-Macia,Levantamentos,388396.0,433014751.89
2025,Julho,Gaza,Bilene-Macia,Levantamentos,414050.0,467875979.65
2025,Agosto,Gaza,Bilene-Macia,Levantamentos,413864.0,469040470.14
2025,Setembro,Gaza,Bilene-Macia,Levantamentos,414156.0,464958924.81
2025,Outubro,Gaza,Bilene-Macia,Levantamentos,447537.0,508550314.0
2025,Novembro,Gaza,Bilene-Macia,Levantamentos,432590.0,501302136.35
2025,Dezembro,Gaza,Bilene-Macia,Levantamentos,468891.0,636018304.95
2025,Janeiro,Gaza,Chibuto,Levantamentos,201312.0,222439655.41
2025,Fevereiro,Gaza,Chibuto,Levantamentos,218645.0,250738322.51000005
2025,Março,Gaza,Chibuto,Levantamentos,261048.0,304429056.82
2025,Abril,Gaza,Chibuto,Levantamentos,267534.0,293475833.71000004
2025,Maio,Gaza,Chibuto,Levantamentos,285332.0,337732074.66999996
2025,Junho,Gaza,Chibuto,Levantamentos,275086.0,316818176.46000004
2025,Julho,Gaza,Chibuto,Levantamentos,285959.0,329601312.32
2025,Agosto,Gaza,Chibuto,Levantamentos,290636.0,335422414.44
2025,Setembro,Gaza,Chibuto,Levantamentos,295466.0,340355866.0
2025,Outubro,Gaza,Chibuto,Levantamentos,336894.0,401111397.17
2025,Novembro,Gaza,Chibuto,Levantamentos,309837.0,395009112.69
2025,Dezembro,Gaza,Chibuto,Levantamentos,350828.0,516183080.9
2025,Janeiro,Gaza,Chicualacuala,Levantamentos,26623.0,24104322.0
2025,Fevereiro,Gaza,Chicualacuala,Levantamentos,28987.0,27042057.08
2025,Março,Gaza,Chicualacuala,Levantamentos,36022.0,34280600.0
2025,Abril,Gaza,Chicualacuala,Levantamentos,36262.0,32195245.0
2025,Maio,Gaza,Chicualacuala,Levantamentos,36969.0,35417933.0
2025,Junho,Gaza,Chicualacuala,Levantamentos,37959.0,34687940.56
2025,Julho,Gaza,Chicualacuala,Levantamentos,38131.0,35820903.0
2025,Agosto,Gaza,Chicualacuala,Levantamentos,34657.0,31310224.0
2025,Setembro,Gaza,Chicualacuala,Levantamentos,34639.0,30012272.0
2025,Outubro,Gaza,Chicualacuala,Levantamentos,40728.0,35040315.0
2025,Novembro,Gaza,Chicualacuala,Levantamentos,40103.0,38674054.0
2025,Dezembro,Gaza,Chicualacuala,Levantamentos,43360.0,47952804.0
2025,Janeiro,Gaza,Chigubo,Levantamentos,8282.0,11834863.0
2025,Fevereiro,Gaza,Chigubo,Levantamentos,9680.0,13157745.0
2025,Março,Gaza,Chigubo,Levantamentos,11828.0,16398782.0
2025,Abril,Gaza,Chigubo,Levantamentos,11934.0,15016554.0
2025,Maio,Gaza,Chigubo,Levantamentos,11335.0,12206157.0
2025,Junho,Gaza,Chigubo,Levantamentos,12599.0,15196354.6
2025,Julho,Gaza,Chigubo,Levantamentos,12567.0,14268357.0
2025,Agosto,Gaza,Chigubo,Levantamentos,27308.0,27442911.0
2025,Setembro,Gaza,Chigubo,Levantamentos,26414.0,26840468.0
2025,Outubro,Gaza,Chigubo,Levantamentos,38494.0,38016107.0
2025,Novembro,Gaza,Chigubo,Levantamentos,36574.0,38277686.0
2025,Dezembro,Gaza,Chigubo,Levantamentos,37666.0,42369699.0
2025,Janeiro,Gaza,Chókwè,Levantamentos,310738.0,310749025.83000004
2025,Fevereiro,Gaza,Chókwè,Levantamentos,344864.0,338482104.99
2025,Março,Gaza,Chókwè,Levantamentos,413577.0,415422160.16999996
2025,Abril,Gaza,Chókwè,Levantamentos,419277.0,413216810.05
2025,Maio,Gaza,Chókwè,Levantamentos,448358.0,453132727.78
2025,Junho,Gaza,Chókwè,Levantamentos,443513.0,441876474.26
2025,Julho,Gaza,Chókwè,Levantamentos,447557.0,448266575.96000004
2025,Agosto,Gaza,Chókwè,Levantamentos,455052.0,462308614.98
2025,Setembro,Gaza,Chókwè,Levantamentos,441724.0,453582246.0
2025,Outubro,Gaza,Chókwè,Levantamentos,479819.0,495805986.0
2025,Novembro,Gaza,Chókwè,Levantamentos,460674.0,483189469.0
2025,Dezembro,Gaza,Chókwè,Levantamentos,486835.0,598374692.0
2025,Janeiro,Gaza,Guijá,Levantamentos,65437.0,76149149.85
2025,Fevereiro,Gaza,Guijá,Levantamentos,78115.0,93672267.1
2025,Março,Gaza,Guijá,Levantamentos,98244.0,123939435.59
2025,Abril,Gaza,Guijá,Levantamentos,101744.0,125936478.85
2025,Maio,Gaza,Guijá,Levantamentos,108014.0,135836471.29000002
2025,Junho,Gaza,Guijá,Levantamentos,102414.0,124806480.41
2025,Julho,Gaza,Guijá,Levantamentos,104018.0,128756869.65
2025,Agosto,Gaza,Guijá,Levantamentos,106650.0,132448821.13
2025,Setembro,Gaza,Guijá,Levantamentos,108990.0,132401324.0
2025,Outubro,Gaza,Guijá,Levantamentos,118001.0,139682860.0
2025,Novembro,Gaza,Guijá,Levantamentos,115091.0,140580672.0
2025,Dezembro,Gaza,Guijá,Levantamentos,119321.0,161231792.0
2025,Janeiro,Gaza,Mabalane,Levantamentos,27967.0,28460920.0
2025,Fevereiro,Gaza,Mabalane,Levantamentos,33679.0,33348280.0
2025,Março,Gaza,Mabalane,Levantamentos,42505.0,45027939.0
2025,Abril,Gaza,Mabalane,Levantamentos,42454.0,42274124.83
2025,Maio,Gaza,Mabalane,Levantamentos,43736.0,44792166.5
2025,Junho,Gaza,Mabalane,Levantamentos,44254.0,40595318.64
2025,Julho,Gaza,Mabalane,Levantamentos,45910.0,44297757.83
2025,Agosto,Gaza,Mabalane,Levantamentos,43074.0,37776746.0
2025,Setembro,Gaza,Mabalane,Levantamentos,44158.0,39786747.0
2025,Outubro,Gaza,Mabalane,Levantamentos,52461.0,48679765.0
2025,Novembro,Gaza,Mabalane,Levantamentos,49162.0,46569598.0
2025,Dezembro,Gaza,Mabalane,Levantamentos,52324.0,61052672.0
2025,Janeiro,Gaza,Manjacaze,Levantamentos,130592.0,133443581.0
2025,Fevereiro,Gaza,Manjacaze,Levantamentos,137455.0,143269825.82999998
2025,Março,Gaza,Manjacaze,Levantamentos,159199.0,175317523.0
2025,Abril,Gaza,Manjacaze,Levantamentos,160082.0,231025157.51
2025,Maio,Gaza,Manjacaze,Levantamentos,165908.0,179854027.28
2025,Junho,Gaza,Manjacaze,Levantamentos,165184.0,178100049.19
2025,Julho,Gaza,Manjacaze,Levantamentos,173364.0,181992624.97
2025,Agosto,Gaza,Manjacaze,Levantamentos,171602.0,182383718.54000002
2025,Setembro,Gaza,Manjacaze,Levantamentos,177176.0,185706177.0
2025,Outubro,Gaza,Manjacaze,Levantamentos,196160.0,194156725.49
2025,Novembro,Gaza,Manjacaze,Levantamentos,189493.0,193645125.0
2025,Dezembro,Gaza,Manjacaze,Levantamentos,202876.0,240748413.0
2025,Janeiro,Gaza,Massangena,Levantamentos,11306.0,11044341.0
2025,Fevereiro,Gaza,Massangena,Levantamentos,13968.0,14341977.0
2025,Março,Gaza,Massangena,Levantamentos,14994.0,18235090.66
2025,Abril,Gaza,Massangena,Levantamentos,17928.0,17728886.0
2025,Maio,Gaza,Massangena,Levantamentos,19364.0,18206720.0
2025,Junho,Gaza,Massangena,Levantamentos,19186.0,18579390.0
2025,Julho,Gaza,Massangena,Levantamentos,19294.0,17806846.0
2025,Agosto,Gaza,Massangena,Levantamentos,19020.0,17397506.0
2025,Setembro,Gaza,Massangena,Levantamentos,20901.0,18739609.0
2025,Outubro,Gaza,Massangena,Levantamentos,22614.0,20924242.0
2025,Novembro,Gaza,Massangena,Levantamentos,22116.0,21940895.0
2025,Dezembro,Gaza,Massangena,Levantamentos,23567.0,28863758.0
2025,Janeiro,Gaza,Massingir,Levantamentos,23832.0,25009565.65
2025,Fevereiro,Gaza,Massingir,Levantamentos,27907.0,31343115.2
2025,Março,Gaza,Massingir,Levantamentos,29477.0,34177010.0
2025,Abril,Gaza,Massingir,Levantamentos,27870.0,31657174.0
2025,Maio,Gaza,Massingir,Levantamentos,26091.0,29671786.55
2025,Junho,Gaza,Massingir,Levantamentos,25480.0,27821997.0
2025,Julho,Gaza,Massingir,Levantamentos,24808.0,25193011.29
2025,Agosto,Gaza,Massingir,Levantamentos,24036.0,25814545.3
2025,Setembro,Gaza,Massingir,Levantamentos,24981.0,28243384.0
2025,Outubro,Gaza,Massingir,Levantamentos,30782.0,34962471.0
2025,Novembro,Gaza,Massingir,Levantamentos,28882.0,36202894.0
2025,Dezembro,Gaza,Massingir,Levantamentos,32706.0,48030910.0
2025,Janeiro,Gaza,Chonguene,Levantamentos,152838.0,138602434.77
2025,Fevereiro,Gaza,Chonguene,Levantamentos,173510.0,158853733.45
2025,Março,Gaza,Chonguene,Levantamentos,212517.0,215013927.15
2025,Abril,Gaza,Chonguene,Levantamentos,208318.0,221566121.69
2025,Maio,Gaza,Chonguene,Levantamentos,206561.0,191210535.51
2025,Junho,Gaza,Chonguene,Levantamentos,211512.0,205880150.6
2025,Julho,Gaza,Chonguene,Levantamentos,206958.0,215132227.01999998
2025,Agosto,Gaza,Chonguene,Levantamentos,213806.0,209018122.64
2025,Setembro,Gaza,Chonguene,Levantamentos,231371.0,228429497.2
2025,Outubro,Gaza,Chonguene,Levantamentos,275876.0,293234864.90999997
2025,Novembro,Gaza,Chonguene,Levantamentos,255490.0,259065341.1
2025,Dezembro,Gaza,Chonguene,Levantamentos,275748.0,330937072.9
2025,Janeiro,Gaza,Mapai,Levantamentos,34371.0,35685652.3
2025,Fevereiro,Gaza,Mapai,Levantamentos,37035.0,40073367.18
2025,Março,Gaza,Mapai,Levantamentos,46005.0,49583759.3
2025,Abril,Gaza,Mapai,Levantamentos,44256.0,45364218.3
2025,Maio,Gaza,Mapai,Levantamentos,45712.0,46950336.4
2025,Junho,Gaza,Mapai,Levantamentos,47260.0,44095729.0
2025,Julho,Gaza,Mapai,Levantamentos,50065.0,47567015.0
2025,Agosto,Gaza,Mapai,Levantamentos,48830.0,50349443.0
2025,Setembro,Gaza,Mapai,Levantamentos,49538.0,46009758.0
2025,Outubro,Gaza,Mapai,Levantamentos,61668.0,60938219.0
2025,Novembro,Gaza,Mapai,Levantamentos,59279.0,62047882.0
2025,Dezembro,Gaza,Mapai,Levantamentos,64343.0,84692345.0
2025,Janeiro,Gaza,Limpopo,Levantamentos,118083.0,114566858.31000002
2025,Fevereiro,Gaza,Limpopo,Levantamentos,124895.0,128003494.96999998
2025,Março,Gaza,Limpopo,Levantamentos,147801.0,183202441.3
2025,Abril,Gaza,Limpopo,Levantamentos,143220.0,168534932.44
2025,Maio,Gaza,Limpopo,Levantamentos,140452.0,153083926.91
2025,Junho,Gaza,Limpopo,Levantamentos,152909.0,172733551.86
2025,Julho,Gaza,Limpopo,Levantamentos,156464.0,172899937.32
2025,Agosto,Gaza,Limpopo,Levantamentos,153584.0,177094504.99
2025,Setembro,Gaza,Limpopo,Levantamentos,157967.0,173174042.0
2025,Outubro,Gaza,Limpopo,Levantamentos,184316.0,212307661.0
2025,Novembro,Gaza,Limpopo,Levantamentos,173052.0,206819410.0
2025,Dezembro,Gaza,Limpopo,Levantamentos,187642.0,254419286.0
2025,Janeiro,Inhambane,Cidade de Inhambane,Levantamentos,214835.0,156925731.3
2025,Fevereiro,Inhambane,Cidade de Inhambane,Levantamentos,227992.0,168864569.73
2025,Março,Inhambane,Cidade de Inhambane,Levantamentos,263612.0,188361917.86
2025,Abril,Inhambane,Cidade de Inhambane,Levantamentos,266487.0,188091746.3
2025,Maio,Inhambane,Cidade de Inhambane,Levantamentos,289602.0,211494707.97
2025,Junho,Inhambane,Cidade de Inhambane,Levantamentos,287904.0,216507289.76
2025,Julho,Inhambane,Cidade de Inhambane,Levantamentos,300402.0,224936357.37
2025,Agosto,Inhambane,Cidade de Inhambane,Levantamentos,294153.0,204581339.19
2025,Setembro,Inhambane,Cidade de Inhambane,Levantamentos,287590.0,204674689.99
2025,Outubro,Inhambane,Cidade de Inhambane,Levantamentos,324416.0,239211584.45999998
2025,Novembro,Inhambane,Cidade de Inhambane,Levantamentos,314250.0,227764945.5
2025,Dezembro,Inhambane,Cidade de Inhambane,Levantamentos,325260.0,282125491.8
2025,Janeiro,Inhambane,Cidade de Maxixe,Levantamentos,350618.0,327757207.41999996
2025,Fevereiro,Inhambane,Cidade de Maxixe,Levantamentos,366249.0,339134602.57
2025,Março,Inhambane,Cidade de Maxixe,Levantamentos,423196.0,386775444.93
2025,Abril,Inhambane,Cidade de Maxixe,Levantamentos,424727.0,403758022.18
2025,Maio,Inhambane,Cidade de Maxixe,Levantamentos,447464.0,394007782.62
2025,Junho,Inhambane,Cidade de Maxixe,Levantamentos,435748.0,381261475.51
2025,Julho,Inhambane,Cidade de Maxixe,Levantamentos,445910.0,390967124.61
2025,Agosto,Inhambane,Cidade de Maxixe,Levantamentos,448852.0,389208423.98
2025,Setembro,Inhambane,Cidade de Maxixe,Levantamentos,443471.0,379528306.33000004
2025,Outubro,Inhambane,Cidade de Maxixe,Levantamentos,480512.0,413746275.6
2025,Novembro,Inhambane,Cidade de Maxixe,Levantamentos,465720.0,384534819.0
2025,Dezembro,Inhambane,Cidade de Maxixe,Levantamentos,489288.0,498095829.98
2025,Janeiro,Inhambane,Funhaloro,Levantamentos,26237.0,30381053.0
2025,Fevereiro,Inhambane,Funhaloro,Levantamentos,29027.0,31953037.72
2025,Março,Inhambane,Funhaloro,Levantamentos,34051.0,37388432.0
2025,Abril,Inhambane,Funhaloro,Levantamentos,32831.0,34615447.0
2025,Maio,Inhambane,Funhaloro,Levantamentos,33578.0,35492913.4
2025,Junho,Inhambane,Funhaloro,Levantamentos,33884.0,36604839.4
2025,Julho,Inhambane,Funhaloro,Levantamentos,33379.0,38058540.0
2025,Agosto,Inhambane,Funhaloro,Levantamentos,35477.0,39928616.85
2025,Setembro,Inhambane,Funhaloro,Levantamentos,37194.0,44844885.0
2025,Outubro,Inhambane,Funhaloro,Levantamentos,44119.0,48495210.0
2025,Novembro,Inhambane,Funhaloro,Levantamentos,40360.0,49166691.0
2025,Dezembro,Inhambane,Funhaloro,Levantamentos,48549.0,69618074.2
2025,Janeiro,Inhambane,Govuro,Levantamentos,50671.0,50719928.99
2025,Fevereiro,Inhambane,Govuro,Levantamentos,56509.0,56785729.1
2025,Março,Inhambane,Govuro,Levantamentos,64676.0,65790723.4
2025,Abril,Inhambane,Govuro,Levantamentos,66364.0,71041987.15
2025,Maio,Inhambane,Govuro,Levantamentos,75418.0,76549865.5
2025,Junho,Inhambane,Govuro,Levantamentos,75126.0,74622179.7
2025,Julho,Inhambane,Govuro,Levantamentos,76096.0,73275210.65
2025,Agosto,Inhambane,Govuro,Levantamentos,77170.0,72249467.21000001
2025,Setembro,Inhambane,Govuro,Levantamentos,74952.0,68519924.0
2025,Outubro,Inhambane,Govuro,Levantamentos,84016.0,75635904.0
2025,Novembro,Inhambane,Govuro,Levantamentos,81024.0,77251986.0
2025,Dezembro,Inhambane,Govuro,Levantamentos,90844.0,95040309.0
2025,Janeiro,Inhambane,Homoine,Levantamentos,79932.0,83632828.82999998
2025,Fevereiro,Inhambane,Homoine,Levantamentos,80737.0,83694635.03
2025,Março,Inhambane,Homoine,Levantamentos,96748.0,112814209.14
2025,Abril,Inhambane,Homoine,Levantamentos,99092.0,109346285.9
2025,Maio,Inhambane,Homoine,Levantamentos,104929.0,110802786.4
2025,Junho,Inhambane,Homoine,Levantamentos,112511.0,125868605.6
2025,Julho,Inhambane,Homoine,Levantamentos,116257.0,132963340.27
2025,Agosto,Inhambane,Homoine,Levantamentos,117323.0,131210275.74
2025,Setembro,Inhambane,Homoine,Levantamentos,120176.0,125336385.0
2025,Outubro,Inhambane,Homoine,Levantamentos,132191.0,139538822.3
2025,Novembro,Inhambane,Homoine,Levantamentos,124164.0,135916025.64
2025,Dezembro,Inhambane,Homoine,Levantamentos,145489.0,179593217.75
2025,Janeiro,Inhambane,Inharrime,Levantamentos,113182.0,140493134.51
2025,Fevereiro,Inhambane,Inharrime,Levantamentos,116843.0,145401711.34
2025,Março,Inhambane,Inharrime,Levantamentos,132425.0,198375430.18
2025,Abril,Inhambane,Inharrime,Levantamentos,136644.0,217222716.85
2025,Maio,Inhambane,Inharrime,Levantamentos,143738.0,190226951.76999998
2025,Junho,Inhambane,Inharrime,Levantamentos,149354.0,191190476.99
2025,Julho,Inhambane,Inharrime,Levantamentos,153493.0,198547623.11
2025,Agosto,Inhambane,Inharrime,Levantamentos,152116.0,196772073.2
2025,Setembro,Inhambane,Inharrime,Levantamentos,152898.0,195970114.0
2025,Outubro,Inhambane,Inharrime,Levantamentos,171952.0,226342871.75
2025,Novembro,Inhambane,Inharrime,Levantamentos,166504.0,217361807.0
2025,Dezembro,Inhambane,Inharrime,Levantamentos,193208.0,295986020.0
2025,Janeiro,Inhambane,Inhassoro,Levantamentos,90323.0,71674709.8
2025,Fevereiro,Inhambane,Inhassoro,Levantamentos,101465.0,79746844.44
2025,Março,Inhambane,Inhassoro,Levantamentos,128637.0,102137679.5
2025,Abril,Inhambane,Inhassoro,Levantamentos,125762.0,108116103.78
2025,Maio,Inhambane,Inhassoro,Levantamentos,126118.0,111092925.75999999
2025,Junho,Inhambane,Inhassoro,Levantamentos,125294.0,109238338.47999999
2025,Julho,Inhambane,Inhassoro,Levantamentos,127470.0,105973404.2
2025,Agosto,Inhambane,Inhassoro,Levantamentos,126591.0,104476000.97
2025,Setembro,Inhambane,Inhassoro,Levantamentos,126538.0,101549912.93
2025,Outubro,Inhambane,Inhassoro,Levantamentos,143160.0,118912098.05
2025,Novembro,Inhambane,Inhassoro,Levantamentos,131497.0,105997649.45
2025,Dezembro,Inhambane,Inhassoro,Levantamentos,144483.0,137158377.5
2025,Janeiro,Inhambane,Jangamo,Levantamentos,83275.0,96928855.34
2025,Fevereiro,Inhambane,Jangamo,Levantamentos,85367.0,100721952.39
2025,Março,Inhambane,Jangamo,Levantamentos,97233.0,123215430.07
2025,Abril,Inhambane,Jangamo,Levantamentos,98985.0,119576221.11
2025,Maio,Inhambane,Jangamo,Levantamentos,107068.0,130366067.59
2025,Junho,Inhambane,Jangamo,Levantamentos,111978.0,137870693.64
2025,Julho,Inhambane,Jangamo,Levantamentos,116047.0,141779187.66
2025,Agosto,Inhambane,Jangamo,Levantamentos,117232.0,136951287.76999998
2025,Setembro,Inhambane,Jangamo,Levantamentos,117055.0,138543194.0
2025,Outubro,Inhambane,Jangamo,Levantamentos,128633.0,154580953.31
2025,Novembro,Inhambane,Jangamo,Levantamentos,124818.0,154532052.0
2025,Dezembro,Inhambane,Jangamo,Levantamentos,148275.0,197587849.21
2025,Janeiro,Inhambane,Mabote,Levantamentos,36264.0,38034527.8
2025,Fevereiro,Inhambane,Mabote,Levantamentos,41433.0,43561503.9
2025,Março,Inhambane,Mabote,Levantamentos,48135.0,49518057.04
2025,Abril,Inhambane,Mabote,Levantamentos,48425.0,46553693.92
2025,Maio,Inhambane,Mabote,Levantamentos,51978.0,54084682.5
2025,Junho,Inhambane,Mabote,Levantamentos,53568.0,54382930.83
2025,Julho,Inhambane,Mabote,Levantamentos,55585.0,67101667.25
2025,Agosto,Inhambane,Mabote,Levantamentos,52100.0,53922396.19
2025,Setembro,Inhambane,Mabote,Levantamentos,56420.0,55090233.0
2025,Outubro,Inhambane,Mabote,Levantamentos,61233.0,60459877.21
2025,Novembro,Inhambane,Mabote,Levantamentos,57592.0,64797599.0
2025,Dezembro,Inhambane,Mabote,Levantamentos,61716.0,79864200.85
2025,Janeiro,Inhambane,Massinga,Levantamentos,239763.0,340879821.14
2025,Fevereiro,Inhambane,Massinga,Levantamentos,252739.0,351837698.0200001
2025,Março,Inhambane,Massinga,Levantamentos,296870.0,513368254.95
2025,Abril,Inhambane,Massinga,Levantamentos,311049.0,590762436.53
2025,Maio,Inhambane,Massinga,Levantamentos,323128.0,463553076.39
2025,Junho,Inhambane,Massinga,Levantamentos,325013.0,465324037.07
2025,Julho,Inhambane,Massinga,Levantamentos,336444.0,469674639.61
2025,Agosto,Inhambane,Massinga,Levantamentos,341015.0,481763520.07
2025,Setembro,Inhambane,Massinga,Levantamentos,344153.0,479362162.5
2025,Outubro,Inhambane,Massinga,Levantamentos,387600.0,543481661.28
2025,Novembro,Inhambane,Massinga,Levantamentos,363533.0,506639723.82
2025,Dezembro,Inhambane,Massinga,Levantamentos,399100.0,635883557.14
2025,Janeiro,Inhambane,Morrumbene,Levantamentos,108688.0,119997375.88
2025,Fevereiro,Inhambane,Morrumbene,Levantamentos,107750.0,120661388.97999999
2025,Março,Inhambane,Morrumbene,Levantamentos,123197.0,154773516.05
2025,Abril,Inhambane,Morrumbene,Levantamentos,126853.0,163025833.62
2025,Maio,Inhambane,Morrumbene,Levantamentos,130169.0,145290087.32999998
2025,Junho,Inhambane,Morrumbene,Levantamentos,133533.0,148263296.62
2025,Julho,Inhambane,Morrumbene,Levantamentos,139606.0,155881105.61
2025,Agosto,Inhambane,Morrumbene,Levantamentos,135559.0,146521971.81
2025,Setembro,Inhambane,Morrumbene,Levantamentos,137150.0,148110648.0
2025,Outubro,Inhambane,Morrumbene,Levantamentos,149540.0,163952353.63
2025,Novembro,Inhambane,Morrumbene,Levantamentos,143407.0,159898187.5
2025,Dezembro,Inhambane,Morrumbene,Levantamentos,167095.0,213404971.0
2025,Janeiro,Inhambane,Panda,Levantamentos,30651.0,30964956.130000003
2025,Fevereiro,Inhambane,Panda,Levantamentos,30081.0,31344961.73
2025,Março,Inhambane,Panda,Levantamentos,34627.0,34797799.2
2025,Abril,Inhambane,Panda,Levantamentos,36965.0,35456977.739999995
2025,Maio,Inhambane,Panda,Levantamentos,37149.0,36437401.769999996
2025,Junho,Inhambane,Panda,Levantamentos,36920.0,36898468.68
2025,Julho,Inhambane,Panda,Levantamentos,37655.0,35852780.010000005
2025,Agosto,Inhambane,Panda,Levantamentos,36393.0,34717348.8
2025,Setembro,Inhambane,Panda,Levantamentos,38478.0,35496865.0
2025,Outubro,Inhambane,Panda,Levantamentos,45966.0,44167032.0
2025,Novembro,Inhambane,Panda,Levantamentos,41623.0,41330217.0
2025,Dezembro,Inhambane,Panda,Levantamentos,49170.0,61926503.15
2025,Janeiro,Inhambane,Vilankulo,Levantamentos,255782.0,211844559.51
2025,Fevereiro,Inhambane,Vilankulo,Levantamentos,275822.0,227595884.44
2025,Março,Inhambane,Vilankulo,Levantamentos,318074.0,257421008.61
2025,Abril,Inhambane,Vilankulo,Levantamentos,315275.0,257685164.86
2025,Maio,Inhambane,Vilankulo,Levantamentos,333068.0,283323934.44
2025,Junho,Inhambane,Vilankulo,Levantamentos,325844.0,269094964.47
2025,Julho,Inhambane,Vilankulo,Levantamentos,333347.0,281175957.75
2025,Agosto,Inhambane,Vilankulo,Levantamentos,328913.0,276198366.96
2025,Setembro,Inhambane,Vilankulo,Levantamentos,315990.0,272512037.6
2025,Outubro,Inhambane,Vilankulo,Levantamentos,353352.0,303797669.79
2025,Novembro,Inhambane,Vilankulo,Levantamentos,348813.0,317955602.01
2025,Dezembro,Inhambane,Vilankulo,Levantamentos,374508.0,351968729.78999996
2025,Janeiro,Inhambane,Zavala (Quissico),Levantamentos,133364.0,158035097.02000004
2025,Fevereiro,Inhambane,Zavala (Quissico),Levantamentos,134377.0,160308138.81
2025,Março,Inhambane,Zavala (Quissico),Levantamentos,157495.0,251943102.97
2025,Abril,Inhambane,Zavala (Quissico),Levantamentos,163658.0,293699771.4
2025,Maio,Inhambane,Zavala (Quissico),Levantamentos,166307.0,210214769.34
2025,Junho,Inhambane,Zavala (Quissico),Levantamentos,170968.0,220838947.73
2025,Julho,Inhambane,Zavala (Quissico),Levantamentos,170505.0,226637495.09
2025,Agosto,Inhambane,Zavala (Quissico),Levantamentos,172973.0,231630065.85
2025,Setembro,Inhambane,Zavala (Quissico),Levantamentos,178184.0,237860745.0
2025,Outubro,Inhambane,Zavala (Quissico),Levantamentos,197835.0,266929419.76
2025,Novembro,Inhambane,Zavala (Quissico),Levantamentos,188018.0,285643101.0
2025,Dezembro,Inhambane,Zavala (Quissico),Levantamentos,224088.0,430459129.0
2025,Janeiro,Sofala,Cidade da Beira,Levantamentos,2733917.0,2076888494.7600002
2025,Fevereiro,Sofala,Cidade da Beira,Levantamentos,2952117.0,2234404788.36
2025,Março,Sofala,Cidade da Beira,Levantamentos,3501474.0,3004510186.1
2025,Abril,Sofala,Cidade da Beira,Levantamentos,3575579.0,2923113278.13
2025,Maio,Sofala,Cidade da Beira,Levantamentos,3855949.0,2668874381.99
2025,Junho,Sofala,Cidade da Beira,Levantamentos,3838169.0,2678363026.55
2025,Julho,Sofala,Cidade da Beira,Levantamentos,3918195.0,2803412310.23
2025,Agosto,Sofala,Cidade da Beira,Levantamentos,4011240.0,2780535416.34
2025,Setembro,Sofala,Cidade da Beira,Levantamentos,3884873.0,2711082374.84
2025,Outubro,Sofala,Cidade da Beira,Levantamentos,4350181.0,3098080194.9
2025,Novembro,Sofala,Cidade da Beira,Levantamentos,4257970.0,2883926731.33
2025,Dezembro,Sofala,Cidade da Beira,Levantamentos,4159462.0,3326269866.88
2025,Janeiro,Sofala,Buzi,Levantamentos,105094.0,78889400.38
2025,Fevereiro,Sofala,Buzi,Levantamentos,118018.0,93664207.0
2025,Março,Sofala,Buzi,Levantamentos,132094.0,94717939.0
2025,Abril,Sofala,Buzi,Levantamentos,136619.0,98977807.52
2025,Maio,Sofala,Buzi,Levantamentos,141668.0,105855162.2
2025,Junho,Sofala,Buzi,Levantamentos,148717.0,113142361.16
2025,Julho,Sofala,Buzi,Levantamentos,146674.0,98871095.0
2025,Agosto,Sofala,Buzi,Levantamentos,154515.0,103552652.0
2025,Setembro,Sofala,Buzi,Levantamentos,155658.0,109065229.0
2025,Outubro,Sofala,Buzi,Levantamentos,176162.0,125644271.0
2025,Novembro,Sofala,Buzi,Levantamentos,171107.0,129299679.0
2025,Dezembro,Sofala,Buzi,Levantamentos,174889.0,151585048.0
2025,Janeiro,Sofala,Caia,Levantamentos,138583.0,79739209.32
2025,Fevereiro,Sofala,Caia,Levantamentos,155923.0,96665776.56
2025,Março,Sofala,Caia,Levantamentos,170188.0,106106808.1
2025,Abril,Sofala,Caia,Levantamentos,159365.0,94140796.11
2025,Maio,Sofala,Caia,Levantamentos,171658.0,103416986.15
2025,Junho,Sofala,Caia,Levantamentos,168942.0,102370999.51
2025,Julho,Sofala,Caia,Levantamentos,170620.0,106704776.38
2025,Agosto,Sofala,Caia,Levantamentos,162420.0,92510977.5
2025,Setembro,Sofala,Caia,Levantamentos,165519.0,103848265.0
2025,Outubro,Sofala,Caia,Levantamentos,190032.0,128071322.0
2025,Novembro,Sofala,Caia,Levantamentos,200235.0,129556261.0
2025,Dezembro,Sofala,Caia,Levantamentos,205498.0,148939197.0
2025,Janeiro,Sofala,Chemba,Levantamentos,25027.0,18540452.0
2025,Fevereiro,Sofala,Chemba,Levantamentos,30571.0,24668233.13
2025,Março,Sofala,Chemba,Levantamentos,34600.0,24198577.0
2025,Abril,Sofala,Chemba,Levantamentos,33589.0,24084972.0
2025,Maio,Sofala,Chemba,Levantamentos,31080.0,24216349.0
2025,Junho,Sofala,Chemba,Levantamentos,33544.0,30700060.0
2025,Julho,Sofala,Chemba,Levantamentos,31812.0,29734179.0
2025,Agosto,Sofala,Chemba,Levantamentos,32904.0,27224203.68
2025,Setembro,Sofala,Chemba,Levantamentos,32759.0,29440229.0
2025,Outubro,Sofala,Chemba,Levantamentos,39138.0,38071628.0
2025,Novembro,Sofala,Chemba,Levantamentos,40356.0,34014564.0
2025,Dezembro,Sofala,Chemba,Levantamentos,39196.0,33525015.0
2025,Janeiro,Sofala,Cheringoma,Levantamentos,46999.0,24773089.65
2025,Fevereiro,Sofala,Cheringoma,Levantamentos,48120.0,24008304.53
2025,Março,Sofala,Cheringoma,Levantamentos,57264.0,27597742.69
2025,Abril,Sofala,Cheringoma,Levantamentos,57353.0,27451792.0
2025,Maio,Sofala,Cheringoma,Levantamentos,61389.0,28508602.0
2025,Junho,Sofala,Cheringoma,Levantamentos,59630.0,28431617.0
2025,Julho,Sofala,Cheringoma,Levantamentos,60126.0,28345869.0
2025,Agosto,Sofala,Cheringoma,Levantamentos,61470.0,28181609.0
2025,Setembro,Sofala,Cheringoma,Levantamentos,62264.0,28294485.0
2025,Outubro,Sofala,Cheringoma,Levantamentos,74127.0,35763902.0
2025,Novembro,Sofala,Cheringoma,Levantamentos,67656.0,30247127.0
2025,Dezembro,Sofala,Cheringoma,Levantamentos,64399.0,36577437.0
2025,Janeiro,Sofala,Chibabava,Levantamentos,61907.0,93946492.88
2025,Fevereiro,Sofala,Chibabava,Levantamentos,69622.0,100542973.42
2025,Março,Sofala,Chibabava,Levantamentos,77373.0,111912109.53
2025,Abril,Sofala,Chibabava,Levantamentos,76135.0,98170564.32
2025,Maio,Sofala,Chibabava,Levantamentos,83245.0,108368959.44
2025,Junho,Sofala,Chibabava,Levantamentos,82107.0,110680611.47999999
2025,Julho,Sofala,Chibabava,Levantamentos,83182.0,114171783.16
2025,Agosto,Sofala,Chibabava,Levantamentos,82070.0,110308715.3
2025,Setembro,Sofala,Chibabava,Levantamentos,78985.0,116518747.0
2025,Outubro,Sofala,Chibabava,Levantamentos,87164.0,126531396.0
2025,Novembro,Sofala,Chibabava,Levantamentos,77634.0,132884858.0
2025,Dezembro,Sofala,Chibabava,Levantamentos,88112.0,159010435.0
2025,Janeiro,Sofala,Dondo,Levantamentos,477476.0,271931911.35
2025,Fevereiro,Sofala,Dondo,Levantamentos,507636.0,292119054.51
2025,Março,Sofala,Dondo,Levantamentos,580788.0,309969607.98
2025,Abril,Sofala,Dondo,Levantamentos,580126.0,324251558.18
2025,Maio,Sofala,Dondo,Levantamentos,614329.0,342431619.1
2025,Junho,Sofala,Dondo,Levantamentos,609784.0,342291273.79
2025,Julho,Sofala,Dondo,Levantamentos,624864.0,346278421.12
2025,Agosto,Sofala,Dondo,Levantamentos,629708.0,347424030.67
2025,Setembro,Sofala,Dondo,Levantamentos,634806.0,360061794.0
2025,Outubro,Sofala,Dondo,Levantamentos,691652.0,405680333.72
2025,Novembro,Sofala,Dondo,Levantamentos,672480.0,390402973.62
2025,Dezembro,Sofala,Dondo,Levantamentos,665199.0,452330739.0
2025,Janeiro,Sofala,Gorongoza,Levantamentos,118244.0,65279176.45
2025,Fevereiro,Sofala,Gorongoza,Levantamentos,120576.0,70881654.05
2025,Março,Sofala,Gorongoza,Levantamentos,140286.0,75044924.24
2025,Abril,Sofala,Gorongoza,Levantamentos,141782.0,83648967.0
2025,Maio,Sofala,Gorongoza,Levantamentos,157751.0,94089227.0
2025,Junho,Sofala,Gorongoza,Levantamentos,157705.0,94795477.0
2025,Julho,Sofala,Gorongoza,Levantamentos,157842.0,92031229.0
2025,Agosto,Sofala,Gorongoza,Levantamentos,156326.0,89949238.34
2025,Setembro,Sofala,Gorongoza,Levantamentos,148630.0,86637691.0
2025,Outubro,Sofala,Gorongoza,Levantamentos,174784.0,108036791.0
2025,Novembro,Sofala,Gorongoza,Levantamentos,173859.0,113915920.0
2025,Dezembro,Sofala,Gorongoza,Levantamentos,174675.0,131149384.0
2025,Janeiro,Sofala,Machanga,Levantamentos,19618.0,20557128.0
2025,Fevereiro,Sofala,Machanga,Levantamentos,22366.0,20808406.45
2025,Março,Sofala,Machanga,Levantamentos,26996.0,26419635.0
2025,Abril,Sofala,Machanga,Levantamentos,26969.0,26526523.28
2025,Maio,Sofala,Machanga,Levantamentos,27565.0,30443839.4
2025,Junho,Sofala,Machanga,Levantamentos,29708.0,29487941.6
2025,Julho,Sofala,Machanga,Levantamentos,29525.0,35986986.56
2025,Agosto,Sofala,Machanga,Levantamentos,25640.0,23895855.0
2025,Setembro,Sofala,Machanga,Levantamentos,30169.0,23880349.0
2025,Outubro,Sofala,Machanga,Levantamentos,38704.0,30816153.0
2025,Novembro,Sofala,Machanga,Levantamentos,38116.0,34616206.0
2025,Dezembro,Sofala,Machanga,Levantamentos,41074.0,38208773.0
2025,Janeiro,Sofala,Maringue,Levantamentos,56366.0,38551977.0
2025,Fevereiro,Sofala,Maringue,Levantamentos,59467.0,42363259.8
2025,Março,Sofala,Maringue,Levantamentos,62904.0,40916272.0
2025,Abril,Sofala,Maringue,Levantamentos,61727.0,42654673.0
2025,Maio,Sofala,Maringue,Levantamentos,64819.0,48920986.0
2025,Junho,Sofala,Maringue,Levantamentos,65001.0,58106995.0
2025,Julho,Sofala,Maringue,Levantamentos,67110.0,55764035.0
2025,Agosto,Sofala,Maringue,Levantamentos,71237.0,64264704.0
2025,Setembro,Sofala,Maringue,Levantamentos,71460.0,63358126.0
2025,Outubro,Sofala,Maringue,Levantamentos,88195.0,78905842.0
2025,Novembro,Sofala,Maringue,Levantamentos,81339.0,72682794.0
2025,Dezembro,Sofala,Maringue,Levantamentos,84947.0,81534061.0
2025,Janeiro,Sofala,Marromeu,Levantamentos,112070.0,51639570.22
2025,Fevereiro,Sofala,Marromeu,Levantamentos,127503.0,62404525.22
2025,Março,Sofala,Marromeu,Levantamentos,141804.0,62108495.1
2025,Abril,Sofala,Marromeu,Levantamentos,146554.0,67813036.13
2025,Maio,Sofala,Marromeu,Levantamentos,160590.0,81084136.0
2025,Junho,Sofala,Marromeu,Levantamentos,155738.0,74008839.01
2025,Julho,Sofala,Marromeu,Levantamentos,161272.0,76865156.66
2025,Agosto,Sofala,Marromeu,Levantamentos,164488.0,80170514.31
2025,Setembro,Sofala,Marromeu,Levantamentos,156775.0,80690297.0
2025,Outubro,Sofala,Marromeu,Levantamentos,180771.0,94923282.0
2025,Novembro,Sofala,Marromeu,Levantamentos,176208.0,92844422.0
2025,Dezembro,Sofala,Marromeu,Levantamentos,184615.0,109533443.0
2025,Janeiro,Sofala,Muanza,Levantamentos,20598.0,15717444.0
2025,Fevereiro,Sofala,Muanza,Levantamentos,24323.0,17106777.4
2025,Março,Sofala,Muanza,Levantamentos,26644.0,17264950.0
2025,Abril,Sofala,Muanza,Levantamentos,27623.0,20877471.0
2025,Maio,Sofala,Muanza,Levantamentos,28149.0,18998936.0
2025,Junho,Sofala,Muanza,Levantamentos,29767.0,20907777.0
2025,Julho,Sofala,Muanza,Levantamentos,29647.0,18985877.0
2025,Agosto,Sofala,Muanza,Levantamentos,29492.0,19757738.0
2025,Setembro,Sofala,Muanza,Levantamentos,30511.0,21273220.0
2025,Outubro,Sofala,Muanza,Levantamentos,36758.0,25386423.0
2025,Novembro,Sofala,Muanza,Levantamentos,36372.0,25138327.0
2025,Dezembro,Sofala,Muanza,Levantamentos,38940.0,31499245.0
2025,Janeiro,Sofala,Nhamatanda,Levantamentos,266055.0,143700145.77
2025,Fevereiro,Sofala,Nhamatanda,Levantamentos,270507.0,149816632.63
2025,Março,Sofala,Nhamatanda,Levantamentos,300040.0,151841156.06
2025,Abril,Sofala,Nhamatanda,Levantamentos,316771.0,167520854.61
2025,Maio,Sofala,Nhamatanda,Levantamentos,342492.0,189322427.89
2025,Junho,Sofala,Nhamatanda,Levantamentos,339042.0,184837039.87
2025,Julho,Sofala,Nhamatanda,Levantamentos,333807.0,180995734.78
2025,Agosto,Sofala,Nhamatanda,Levantamentos,351837.0,183632553.07
2025,Setembro,Sofala,Nhamatanda,Levantamentos,352682.0,192012908.0
2025,Outubro,Sofala,Nhamatanda,Levantamentos,384608.0,207800673.0
2025,Novembro,Sofala,Nhamatanda,Levantamentos,374581.0,209412355.0
2025,Dezembro,Sofala,Nhamatanda,Levantamentos,378498.0,248410167.0
2025,Janeiro,Manica,Cidade de Chimoio,Levantamentos,1440549.0,986442118.77
2025,Fevereiro,Manica,Cidade de Chimoio,Levantamentos,1555747.0,1068465430.8
2025,Março,Manica,Cidade de Chimoio,Levantamentos,1833768.0,1184421144.26
2025,Abril,Manica,Cidade de Chimoio,Levantamentos,1833948.0,1233920590.0
2025,Maio,Manica,Cidade de Chimoio,Levantamentos,1944112.0,1409855301.15
2025,Junho,Manica,Cidade de Chimoio,Levantamentos,1923653.0,1386691513.24
2025,Julho,Manica,Cidade de Chimoio,Levantamentos,1949209.0,1373945520.72
2025,Agosto,Manica,Cidade de Chimoio,Levantamentos,1948490.0,1320463515.6399999
2025,Setembro,Manica,Cidade de Chimoio,Levantamentos,1882247.0,1296450716.2
2025,Outubro,Manica,Cidade de Chimoio,Levantamentos,2129134.0,1454825077.91
2025,Novembro,Manica,Cidade de Chimoio,Levantamentos,2037549.0,1396092315.92
2025,Dezembro,Manica,Cidade de Chimoio,Levantamentos,1993484.0,1676117543.5
2025,Janeiro,Manica,Bárue,Levantamentos,208451.0,147000885.0
2025,Fevereiro,Manica,Bárue,Levantamentos,230192.0,163779458.45
2025,Março,Manica,Bárue,Levantamentos,254268.0,181990862.8
2025,Abril,Manica,Bárue,Levantamentos,229185.0,199995649.0
2025,Maio,Manica,Bárue,Levantamentos,260886.0,228191995.32
2025,Junho,Manica,Bárue,Levantamentos,258881.0,210407964.0
2025,Julho,Manica,Bárue,Levantamentos,263667.0,198651835.0
2025,Agosto,Manica,Bárue,Levantamentos,236561.0,201467392.69
2025,Setembro,Manica,Bárue,Levantamentos,241049.0,160825299.0
2025,Outubro,Manica,Bárue,Levantamentos,294382.0,199228272.0
2025,Novembro,Manica,Bárue,Levantamentos,279765.0,183599370.0
2025,Dezembro,Manica,Bárue,Levantamentos,269962.0,192395571.77
2025,Janeiro,Manica,Gondola,Levantamentos,234924.0,142033801.84
2025,Fevereiro,Manica,Gondola,Levantamentos,248070.0,159331556.41
2025,Março,Manica,Gondola,Levantamentos,272887.0,167645605.31
2025,Abril,Manica,Gondola,Levantamentos,274164.0,171158798.39
2025,Maio,Manica,Gondola,Levantamentos,332323.0,228999312.68
2025,Junho,Manica,Gondola,Levantamentos,338516.0,239936023.51
2025,Julho,Manica,Gondola,Levantamentos,337281.0,230101360.55
2025,Agosto,Manica,Gondola,Levantamentos,340669.0,223058768.85
2025,Setembro,Manica,Gondola,Levantamentos,319669.0,214458464.0
2025,Outubro,Manica,Gondola,Levantamentos,355319.0,243690046.0
2025,Novembro,Manica,Gondola,Levantamentos,351185.0,247869351.0
2025,Dezembro,Manica,Gondola,Levantamentos,372475.0,300117022.0
2025,Janeiro,Manica,Guro,Levantamentos,66383.0,46901990.0
2025,Fevereiro,Manica,Guro,Levantamentos,74463.0,54224126.0
2025,Março,Manica,Guro,Levantamentos,81604.0,55446635.0
2025,Abril,Manica,Guro,Levantamentos,75042.0,56315132.0
2025,Maio,Manica,Guro,Levantamentos,78169.0,62782646.5
2025,Junho,Manica,Guro,Levantamentos,80793.0,63449629.25
2025,Julho,Manica,Guro,Levantamentos,86318.0,66838559.0
2025,Agosto,Manica,Guro,Levantamentos,81735.0,65249285.0
2025,Setembro,Manica,Guro,Levantamentos,78217.0,61052418.0
2025,Outubro,Manica,Guro,Levantamentos,94886.0,71933437.0
2025,Novembro,Manica,Guro,Levantamentos,85609.0,61994445.0
2025,Dezembro,Manica,Guro,Levantamentos,78832.0,66052484.4
2025,Janeiro,Manica,Machaze,Levantamentos,53227.0,74410715.33
2025,Fevereiro,Manica,Machaze,Levantamentos,60498.0,81719217.92
2025,Março,Manica,Machaze,Levantamentos,73538.0,163050015.55
2025,Abril,Manica,Machaze,Levantamentos,73277.0,138960780.07
2025,Maio,Manica,Machaze,Levantamentos,75799.0,99601826.45
2025,Junho,Manica,Machaze,Levantamentos,77650.0,104841628.0
2025,Julho,Manica,Machaze,Levantamentos,77745.0,100117291.0
2025,Agosto,Manica,Machaze,Levantamentos,75236.0,101314644.63
2025,Setembro,Manica,Machaze,Levantamentos,78354.0,107666728.0
2025,Outubro,Manica,Machaze,Levantamentos,93266.0,126019992.0
2025,Novembro,Manica,Machaze,Levantamentos,300921.0,232335226.0
2025,Dezembro,Manica,Machaze,Levantamentos,79607.0,147410154.0
2025,Janeiro,Manica,Macossa,Levantamentos,19048.0,13084172.0
2025,Fevereiro,Manica,Macossa,Levantamentos,22631.0,15749188.0
2025,Março,Manica,Macossa,Levantamentos,24688.0,19141170.0
2025,Abril,Manica,Macossa,Levantamentos,24380.0,21461938.0
2025,Maio,Manica,Macossa,Levantamentos,24377.0,20305909.0
2025,Junho,Manica,Macossa,Levantamentos,23239.0,17580853.0
2025,Julho,Manica,Macossa,Levantamentos,23492.0,18308622.0
2025,Agosto,Manica,Macossa,Levantamentos,22721.0,17602326.0
2025,Setembro,Manica,Macossa,Levantamentos,23346.0,17829907.0
2025,Outubro,Manica,Macossa,Levantamentos,31114.0,22256203.0
2025,Novembro,Manica,Macossa,Levantamentos,28120.0,19711859.0
2025,Dezembro,Manica,Macossa,Levantamentos,27544.0,23681404.0
2025,Janeiro,Manica,Manica,Levantamentos,270817.0,266090904.5
2025,Fevereiro,Manica,Manica,Levantamentos,291774.0,281072158.72
2025,Março,Manica,Manica,Levantamentos,326626.0,293523551.15
2025,Abril,Manica,Manica,Levantamentos,334173.0,297515439.85
2025,Maio,Manica,Manica,Levantamentos,355822.0,321588375.81
2025,Junho,Manica,Manica,Levantamentos,367184.0,341412094.4
2025,Julho,Manica,Manica,Levantamentos,377976.0,333277390.55
2025,Agosto,Manica,Manica,Levantamentos,373362.0,337104647.65999997
2025,Setembro,Manica,Manica,Levantamentos,359970.0,337910155.71
2025,Outubro,Manica,Manica,Levantamentos,421170.0,400124024.0
2025,Novembro,Manica,Manica,Levantamentos,402389.0,373618858.39
2025,Dezembro,Manica,Manica,Levantamentos,406966.0,437938331.74
2025,Janeiro,Manica,Mossurize,Levantamentos,62273.0,116237768.5
2025,Fevereiro,Manica,Mossurize,Levantamentos,71684.0,129865078.0
2025,Março,Manica,Mossurize,Levantamentos,80613.0,146153480.59
2025,Abril,Manica,Mossurize,Levantamentos,80991.0,137061906.75
2025,Maio,Manica,Mossurize,Levantamentos,83478.0,149962184.69
2025,Junho,Manica,Mossurize,Levantamentos,83545.0,163937696.0
2025,Julho,Manica,Mossurize,Levantamentos,83799.0,157488125.0
2025,Agosto,Manica,Mossurize,Levantamentos,80039.0,152653125.4
2025,Setembro,Manica,Mossurize,Levantamentos,82239.0,161103153.0
2025,Outubro,Manica,Mossurize,Levantamentos,99570.0,195054082.0
2025,Novembro,Manica,Mossurize,Levantamentos,93385.0,189512592.0
2025,Dezembro,Manica,Mossurize,Levantamentos,95684.0,229825551.0
2025,Janeiro,Manica,Sussundenga,Levantamentos,119062.0,83232876.0
2025,Fevereiro,Manica,Sussundenga,Levantamentos,129640.0,91231654.0
2025,Março,Manica,Sussundenga,Levantamentos,143624.0,97746694.0
2025,Abril,Manica,Sussundenga,Levantamentos,138884.0,98707812.65
2025,Maio,Manica,Sussundenga,Levantamentos,147491.0,115412956.35
2025,Junho,Manica,Sussundenga,Levantamentos,145469.0,113949600.15
2025,Julho,Manica,Sussundenga,Levantamentos,144851.0,110305007.64
2025,Agosto,Manica,Sussundenga,Levantamentos,144446.0,101600024.04
2025,Setembro,Manica,Sussundenga,Levantamentos,149198.0,107993433.0
2025,Outubro,Manica,Sussundenga,Levantamentos,172004.0,128767154.0
2025,Novembro,Manica,Sussundenga,Levantamentos,155710.0,118540720.0
2025,Dezembro,Manica,Sussundenga,Levantamentos,177586.0,160507462.0
2025,Janeiro,Manica,Tambara,Levantamentos,15012.0,10731326.0
2025,Fevereiro,Manica,Tambara,Levantamentos,17681.0,12731676.0
2025,Março,Manica,Tambara,Levantamentos,19137.0,13845474.0
2025,Abril,Manica,Tambara,Levantamentos,20272.0,14626784.0
2025,Maio,Manica,Tambara,Levantamentos,18229.0,13093506.0
2025,Junho,Manica,Tambara,Levantamentos,19005.0,14246438.0
2025,Julho,Manica,Tambara,Levantamentos,18840.0,15150072.0
2025,Agosto,Manica,Tambara,Levantamentos,18370.0,18220121.0
2025,Setembro,Manica,Tambara,Levantamentos,20176.0,21552115.0
2025,Outubro,Manica,Tambara,Levantamentos,23721.0,24731532.0
2025,Novembro,Manica,Tambara,Levantamentos,22095.0,18961586.0
2025,Dezembro,Manica,Tambara,Levantamentos,22285.0,19586514.0
2025,Janeiro,Manica,Macate,Levantamentos,31532.0,17120165.0
2025,Fevereiro,Manica,Macate,Levantamentos,34425.0,19009921.0
2025,Março,Manica,Macate,Levantamentos,38753.0,21478653.0
2025,Abril,Manica,Macate,Levantamentos,39941.0,22377128.0
2025,Maio,Manica,Macate,Levantamentos,54682.0,36193773.0
2025,Junho,Manica,Macate,Levantamentos,53954.0,35488528.0
2025,Julho,Manica,Macate,Levantamentos,55478.0,37338443.0
2025,Agosto,Manica,Macate,Levantamentos,67513.0,42540567.9
2025,Setembro,Manica,Macate,Levantamentos,57675.0,36458743.57
2025,Outubro,Manica,Macate,Levantamentos,59119.0,35023700.0
2025,Novembro,Manica,Macate,Levantamentos,55522.0,33995115.0
2025,Dezembro,Manica,Macate,Levantamentos,63636.0,43306169.0
2025,Janeiro,Manica,Vanduzi,Levantamentos,175403.0,105103565.0
2025,Fevereiro,Manica,Vanduzi,Levantamentos,192239.0,117729532.0
2025,Março,Manica,Vanduzi,Levantamentos,223305.0,130744399.0
2025,Abril,Manica,Vanduzi,Levantamentos,224142.0,140368361.0
2025,Maio,Manica,Vanduzi,Levantamentos,204715.0,129366820.0
2025,Junho,Manica,Vanduzi,Levantamentos,207514.0,132758981.0
2025,Julho,Manica,Vanduzi,Levantamentos,215743.0,142889682.0
2025,Agosto,Manica,Vanduzi,Levantamentos,220634.0,145852374.0
2025,Setembro,Manica,Vanduzi,Levantamentos,237908.0,159368698.0
2025,Outubro,Manica,Vanduzi,Levantamentos,270032.0,181309764.0
2025,Novembro,Manica,Vanduzi,Levantamentos,243109.0,163696557.0
2025,Dezembro,Manica,Vanduzi,Levantamentos,227032.0,172099018.0
2025,Janeiro,Tete,Cidade de Tete,Levantamentos,1329507.0,1067897434.0699999
2025,Fevereiro,Tete,Cidade de Tete,Levantamentos,1409453.0,1212618933.56
2025,Março,Tete,Cidade de Tete,Levantamentos,1752598.0,1885784017.28
2025,Abril,Tete,Cidade de Tete,Levantamentos,1741177.0,1853545539.23
2025,Maio,Tete,Cidade de Tete,Levantamentos,1861344.0,1492175132.55
2025,Junho,Tete,Cidade de Tete,Levantamentos,1807689.0,1470317688.07
2025,Julho,Tete,Cidade de Tete,Levantamentos,1829829.0,1486070974.28
2025,Agosto,Tete,Cidade de Tete,Levantamentos,1827598.0,1406711509.51
2025,Setembro,Tete,Cidade de Tete,Levantamentos,1759393.0,1359984590.9
2025,Outubro,Tete,Cidade de Tete,Levantamentos,1946392.0,1494450381.0
2025,Novembro,Tete,Cidade de Tete,Levantamentos,1909173.0,1439419546.0
2025,Dezembro,Tete,Cidade de Tete,Levantamentos,1908673.0,1683226424.96
2025,Janeiro,Tete,Angónia,Levantamentos,129321.0,225432484.55
2025,Fevereiro,Tete,Angónia,Levantamentos,156405.0,265038338.5
2025,Março,Tete,Angónia,Levantamentos,185747.0,293916462.5
2025,Abril,Tete,Angónia,Levantamentos,182652.0,276813155.94
2025,Maio,Tete,Angónia,Levantamentos,183205.0,252763090.59
2025,Junho,Tete,Angónia,Levantamentos,195914.0,244116995.53
2025,Julho,Tete,Angónia,Levantamentos,198027.0,223052364.0
2025,Agosto,Tete,Angónia,Levantamentos,198761.0,212543073.0
2025,Setembro,Tete,Angónia,Levantamentos,198580.0,199790771.0
2025,Outubro,Tete,Angónia,Levantamentos,247706.0,267749349.0
2025,Novembro,Tete,Angónia,Levantamentos,232175.0,250780290.0
2025,Dezembro,Tete,Angónia,Levantamentos,228495.0,309132738.0
2025,Janeiro,Tete,Cahora-Bassa,Levantamentos,139476.0,120729886.4
2025,Fevereiro,Tete,Cahora-Bassa,Levantamentos,149169.0,131857144.03
2025,Março,Tete,Cahora-Bassa,Levantamentos,184551.0,150118591.07
2025,Abril,Tete,Cahora-Bassa,Levantamentos,191055.0,146929171.2
2025,Maio,Tete,Cahora-Bassa,Levantamentos,200337.0,157422537.32999998
2025,Junho,Tete,Cahora-Bassa,Levantamentos,200156.0,154557327.89
2025,Julho,Tete,Cahora-Bassa,Levantamentos,186908.0,154345292.55
2025,Agosto,Tete,Cahora-Bassa,Levantamentos,194547.0,162796014.3
2025,Setembro,Tete,Cahora-Bassa,Levantamentos,202895.0,171881356.0
2025,Outubro,Tete,Cahora-Bassa,Levantamentos,226529.0,176673085.0
2025,Novembro,Tete,Cahora-Bassa,Levantamentos,221344.0,167502090.0
2025,Dezembro,Tete,Cahora-Bassa,Levantamentos,220622.0,188647785.0
2025,Janeiro,Tete,Changara,Levantamentos,85979.0,91610627.6
2025,Fevereiro,Tete,Changara,Levantamentos,95092.0,99210771.59
2025,Março,Tete,Changara,Levantamentos,111347.0,111518591.53999999
2025,Abril,Tete,Changara,Levantamentos,114389.0,108900321.2
2025,Maio,Tete,Changara,Levantamentos,119019.0,127104251.91
2025,Junho,Tete,Changara,Levantamentos,127960.0,135030156.93
2025,Julho,Tete,Changara,Levantamentos,130335.0,129225382.0
2025,Agosto,Tete,Changara,Levantamentos,128112.0,120012073.9
2025,Setembro,Tete,Changara,Levantamentos,134068.0,134205437.0
2025,Outubro,Tete,Changara,Levantamentos,150417.0,147551516.0
2025,Novembro,Tete,Changara,Levantamentos,142200.0,130402124.0
2025,Dezembro,Tete,Changara,Levantamentos,145339.0,159089255.0
2025,Janeiro,Tete,Chifunde,Levantamentos,11441.0,15931935.0
2025,Fevereiro,Tete,Chifunde,Levantamentos,14263.0,16276116.0
2025,Março,Tete,Chifunde,Levantamentos,16479.0,20531065.0
2025,Abril,Tete,Chifunde,Levantamentos,15219.0,17796666.0
2025,Maio,Tete,Chifunde,Levantamentos,16031.0,21021619.0
2025,Junho,Tete,Chifunde,Levantamentos,15270.0,20317012.0
2025,Julho,Tete,Chifunde,Levantamentos,17053.0,22740234.0
2025,Agosto,Tete,Chifunde,Levantamentos,17320.0,23167283.0
2025,Setembro,Tete,Chifunde,Levantamentos,16832.0,19444141.0
2025,Outubro,Tete,Chifunde,Levantamentos,22112.0,27735769.0
2025,Novembro,Tete,Chifunde,Levantamentos,20825.0,24406446.0
2025,Dezembro,Tete,Chifunde,Levantamentos,20473.0,27296479.0
2025,Janeiro,Tete,Chiuta,Levantamentos,44379.0,38275842.0
2025,Fevereiro,Tete,Chiuta,Levantamentos,47429.0,43804172.0
2025,Março,Tete,Chiuta,Levantamentos,54835.0,45161949.0
2025,Abril,Tete,Chiuta,Levantamentos,51619.0,40119283.0
2025,Maio,Tete,Chiuta,Levantamentos,52667.0,41573714.0
2025,Junho,Tete,Chiuta,Levantamentos,54028.0,47027464.0
2025,Julho,Tete,Chiuta,Levantamentos,53625.0,49099420.0
2025,Agosto,Tete,Chiuta,Levantamentos,55133.0,49683394.7
2025,Setembro,Tete,Chiuta,Levantamentos,56737.0,48380027.0
2025,Outubro,Tete,Chiuta,Levantamentos,78025.0,68251678.0
2025,Novembro,Tete,Chiuta,Levantamentos,77905.0,63236887.0
2025,Dezembro,Tete,Chiuta,Levantamentos,81212.0,74206574.0
2025,Janeiro,Tete,Macanga,Levantamentos,53453.0,40815934.25
2025,Fevereiro,Tete,Macanga,Levantamentos,60421.0,49440712.2
2025,Março,Tete,Macanga,Levantamentos,78043.0,63519969.85
2025,Abril,Tete,Macanga,Levantamentos,75539.0,58627721.0
2025,Maio,Tete,Macanga,Levantamentos,73934.0,58406270.7
2025,Junho,Tete,Macanga,Levantamentos,63763.0,51061548.0
2025,Julho,Tete,Macanga,Levantamentos,74683.0,59372289.0
2025,Agosto,Tete,Macanga,Levantamentos,78687.0,53574386.0
2025,Setembro,Tete,Macanga,Levantamentos,76421.0,47424178.0
2025,Outubro,Tete,Macanga,Levantamentos,91601.0,59696712.0
2025,Novembro,Tete,Macanga,Levantamentos,85339.0,54072174.0
2025,Dezembro,Tete,Macanga,Levantamentos,87367.0,66419459.0
2025,Janeiro,Tete,Mágoe,Levantamentos,27524.0,30362190.0
2025,Fevereiro,Tete,Mágoe,Levantamentos,33605.0,35591387.0
2025,Março,Tete,Mágoe,Levantamentos,42001.0,42463639.0
2025,Abril,Tete,Mágoe,Levantamentos,39728.0,36846183.0
2025,Maio,Tete,Mágoe,Levantamentos,39093.0,35680321.0
2025,Junho,Tete,Mágoe,Levantamentos,36668.0,34496573.0
2025,Julho,Tete,Mágoe,Levantamentos,36096.0,29273807.0
2025,Agosto,Tete,Mágoe,Levantamentos,36857.0,30113171.0
2025,Setembro,Tete,Mágoe,Levantamentos,39368.0,36919707.0
2025,Outubro,Tete,Mágoe,Levantamentos,48163.0,41280860.0
2025,Novembro,Tete,Mágoe,Levantamentos,43960.0,37533439.0
2025,Dezembro,Tete,Mágoe,Levantamentos,42531.0,39534882.0
2025,Janeiro,Tete,Maravia,Levantamentos,17484.0,13796238.0
2025,Fevereiro,Tete,Maravia,Levantamentos,19855.0,20482913.0
2025,Março,Tete,Maravia,Levantamentos,23153.0,15725468.0
2025,Abril,Tete,Maravia,Levantamentos,23838.0,16884133.0
2025,Maio,Tete,Maravia,Levantamentos,22615.0,19758493.0
2025,Junho,Tete,Maravia,Levantamentos,24353.0,38526632.0
2025,Julho,Tete,Maravia,Levantamentos,27030.0,70162258.0
2025,Agosto,Tete,Maravia,Levantamentos,28427.0,68381352.0
2025,Setembro,Tete,Maravia,Levantamentos,27515.0,59228592.0
2025,Outubro,Tete,Maravia,Levantamentos,32837.0,35450799.0
2025,Novembro,Tete,Maravia,Levantamentos,29496.0,26267506.0
2025,Dezembro,Tete,Maravia,Levantamentos,27589.0,24579529.0
2025,Janeiro,Tete,Moatize,Levantamentos,342110.0,289384879.47
2025,Fevereiro,Tete,Moatize,Levantamentos,373886.0,337338233.99
2025,Março,Tete,Moatize,Levantamentos,433885.0,352514730.11
2025,Abril,Tete,Moatize,Levantamentos,445411.0,348792961.44
2025,Maio,Tete,Moatize,Levantamentos,475176.0,376268795.83
2025,Junho,Tete,Moatize,Levantamentos,477399.0,386368756.62
2025,Julho,Tete,Moatize,Levantamentos,485750.0,379102969.75
2025,Agosto,Tete,Moatize,Levantamentos,483559.0,380091923.87
2025,Setembro,Tete,Moatize,Levantamentos,458737.0,370135245.0
2025,Outubro,Tete,Moatize,Levantamentos,515351.0,414951090.0
2025,Novembro,Tete,Moatize,Levantamentos,513194.0,420683329.42
2025,Dezembro,Tete,Moatize,Levantamentos,521384.0,498949160.0
2025,Janeiro,Tete,Mutarara,Levantamentos,71221.0,289622744.85
2025,Fevereiro,Tete,Mutarara,Levantamentos,78527.0,234790878.15
2025,Março,Tete,Mutarara,Levantamentos,84102.0,196054550.0
2025,Abril,Tete,Mutarara,Levantamentos,79072.0,174624137.0
2025,Maio,Tete,Mutarara,Levantamentos,72913.0,57351187.43
2025,Junho,Tete,Mutarara,Levantamentos,72266.0,56331465.0
2025,Julho,Tete,Mutarara,Levantamentos,71305.0,53022805.0
2025,Agosto,Tete,Mutarara,Levantamentos,70584.0,50769854.0
2025,Setembro,Tete,Mutarara,Levantamentos,77250.0,57899444.0
2025,Outubro,Tete,Mutarara,Levantamentos,93543.0,76960052.0
2025,Novembro,Tete,Mutarara,Levantamentos,88940.0,70446667.0
2025,Dezembro,Tete,Mutarara,Levantamentos,86718.0,74706636.0
2025,Janeiro,Tete,Tsangano,Levantamentos,37875.0,55088969.0
2025,Fevereiro,Tete,Tsangano,Levantamentos,44145.0,57249989.0
2025,Março,Tete,Tsangano,Levantamentos,48207.0,67831735.0
2025,Abril,Tete,Tsangano,Levantamentos,52479.0,75490769.0
2025,Maio,Tete,Tsangano,Levantamentos,59600.0,88875364.0
2025,Junho,Tete,Tsangano,Levantamentos,60692.0,83137890.8
2025,Julho,Tete,Tsangano,Levantamentos,63110.0,85053790.0
2025,Agosto,Tete,Tsangano,Levantamentos,58253.0,73897307.0
2025,Setembro,Tete,Tsangano,Levantamentos,56612.0,71256056.0
2025,Outubro,Tete,Tsangano,Levantamentos,69362.0,94603261.0
2025,Novembro,Tete,Tsangano,Levantamentos,66905.0,91548239.0
2025,Dezembro,Tete,Tsangano,Levantamentos,73019.0,118265017.0
2025,Janeiro,Tete,Zumbo,Levantamentos,3051.0,4489007.0
2025,Fevereiro,Tete,Zumbo,Levantamentos,4250.0,6120151.0
2025,Março,Tete,Zumbo,Levantamentos,4694.0,7681083.0
2025,Abril,Tete,Zumbo,Levantamentos,4588.0,5791458.0
2025,Maio,Tete,Zumbo,Levantamentos,3797.0,8155654.0
2025,Junho,Tete,Zumbo,Levantamentos,4789.0,12125429.0
2025,Julho,Tete,Zumbo,Levantamentos,5691.0,18523951.0
2025,Agosto,Tete,Zumbo,Levantamentos,5797.0,22097906.0
2025,Setembro,Tete,Zumbo,Levantamentos,5903.0,22689193.0
2025,Outubro,Tete,Zumbo,Levantamentos,6574.0,20669709.0
2025,Novembro,Tete,Zumbo,Levantamentos,6128.0,13997914.0
2025,Dezembro,Tete,Zumbo,Levantamentos,5500.0,9221682.0
2025,Janeiro,Tete,Doa,Levantamentos,22483.0,13629827.0
2025,Fevereiro,Tete,Doa,Levantamentos,28482.0,17189596.0
2025,Março,Tete,Doa,Levantamentos,30228.0,17524061.0
2025,Abril,Tete,Doa,Levantamentos,30234.0,17792704.0
2025,Maio,Tete,Doa,Levantamentos,33027.0,20347447.0
2025,Junho,Tete,Doa,Levantamentos,31929.0,20743190.0
2025,Julho,Tete,Doa,Levantamentos,33193.0,23643144.0
2025,Agosto,Tete,Doa,Levantamentos,33609.0,22429268.0
2025,Setembro,Tete,Doa,Levantamentos,33079.0,22472716.0
2025,Outubro,Tete,Doa,Levantamentos,40078.0,25961955.0
2025,Novembro,Tete,Doa,Levantamentos,38155.0,25424955.0
2025,Dezembro,Tete,Doa,Levantamentos,33844.0,23469574.0
2025,Janeiro,Tete,Marara,Levantamentos,27781.0,22403458.119999997
2025,Fevereiro,Tete,Marara,Levantamentos,33172.0,26709367.520000003
2025,Março,Tete,Marara,Levantamentos,37299.0,31354066.04
2025,Abril,Tete,Marara,Levantamentos,37159.0,30520380.85
2025,Maio,Tete,Marara,Levantamentos,40209.0,33988081.370000005
2025,Junho,Tete,Marara,Levantamentos,36430.0,29965994.17
2025,Julho,Tete,Marara,Levantamentos,37139.0,30395155.4
2025,Agosto,Tete,Marara,Levantamentos,37576.0,28863702.78
2025,Setembro,Tete,Marara,Levantamentos,35316.0,26932659.0
2025,Outubro,Tete,Marara,Levantamentos,38861.0,32557324.0
2025,Novembro,Tete,Marara,Levantamentos,36715.0,27885233.0
2025,Dezembro,Tete,Marara,Levantamentos,42087.0,36785465.0
2025,Janeiro,Zambézia,Cidade de Quelimane,Levantamentos,1043662.0,660305235.5
2025,Fevereiro,Zambézia,Cidade de Quelimane,Levantamentos,1133671.0,775328416.03
2025,Março,Zambézia,Cidade de Quelimane,Levantamentos,1311416.0,815597246.41
2025,Abril,Zambézia,Cidade de Quelimane,Levantamentos,1344253.0,876007879.97
2025,Maio,Zambézia,Cidade de Quelimane,Levantamentos,1401069.0,769681376.37
2025,Junho,Zambézia,Cidade de Quelimane,Levantamentos,1349707.0,727495291.76
2025,Julho,Zambézia,Cidade de Quelimane,Levantamentos,1366349.0,755109583.27
2025,Agosto,Zambézia,Cidade de Quelimane,Levantamentos,1350616.0,714816445.9
2025,Setembro,Zambézia,Cidade de Quelimane,Levantamentos,1268398.0,684600251.37
2025,Outubro,Zambézia,Cidade de Quelimane,Levantamentos,1425109.0,815403397.75
2025,Novembro,Zambézia,Cidade de Quelimane,Levantamentos,1358557.0,774419734.01
2025,Dezembro,Zambézia,Cidade de Quelimane,Levantamentos,1318543.0,875357541.5
2025,Janeiro,Zambézia,Alto Molócuè,Levantamentos,147608.0,95376661.37
2025,Fevereiro,Zambézia,Alto Molócuè,Levantamentos,184957.0,115280456.62
2025,Março,Zambézia,Alto Molócuè,Levantamentos,218953.0,128558301.03999999
2025,Abril,Zambézia,Alto Molócuè,Levantamentos,232460.0,146652523.51
2025,Maio,Zambézia,Alto Molócuè,Levantamentos,247670.0,153669518.3
2025,Junho,Zambézia,Alto Molócuè,Levantamentos,238132.0,141163371.77
2025,Julho,Zambézia,Alto Molócuè,Levantamentos,242362.0,134695183.75
2025,Agosto,Zambézia,Alto Molócuè,Levantamentos,222909.0,125530273.09
2025,Setembro,Zambézia,Alto Molócuè,Levantamentos,209012.0,111737839.0
2025,Outubro,Zambézia,Alto Molócuè,Levantamentos,255121.0,151313120.6
2025,Novembro,Zambézia,Alto Molócuè,Levantamentos,245349.0,141902453.9
2025,Dezembro,Zambézia,Alto Molócuè,Levantamentos,237777.0,155107336.0
2025,Janeiro,Zambézia,Chinde,Levantamentos,14615.0,9192077.38
2025,Fevereiro,Zambézia,Chinde,Levantamentos,17288.0,12659247.0
2025,Março,Zambézia,Chinde,Levantamentos,19588.0,14486901.0
2025,Abril,Zambézia,Chinde,Levantamentos,19617.0,16182923.33
2025,Maio,Zambézia,Chinde,Levantamentos,20780.0,16015391.2
2025,Junho,Zambézia,Chinde,Levantamentos,18097.0,14189475.0
2025,Julho,Zambézia,Chinde,Levantamentos,19021.0,15239763.0
2025,Agosto,Zambézia,Chinde,Levantamentos,18645.0,14260256.0
2025,Setembro,Zambézia,Chinde,Levantamentos,17945.0,11352720.0
2025,Outubro,Zambézia,Chinde,Levantamentos,21098.0,13407969.0
2025,Novembro,Zambézia,Chinde,Levantamentos,19259.0,13420743.0
2025,Dezembro,Zambézia,Chinde,Levantamentos,20054.0,14173706.0
2025,Janeiro,Zambézia,Gurúè,Levantamentos,234273.0,129128696.93
2025,Fevereiro,Zambézia,Gurúè,Levantamentos,268984.0,144018702.55
2025,Março,Zambézia,Gurúè,Levantamentos,312553.0,206421161.83
2025,Abril,Zambézia,Gurúè,Levantamentos,327496.0,335497990.98
2025,Maio,Zambézia,Gurúè,Levantamentos,333851.0,216756107.6
2025,Junho,Zambézia,Gurúè,Levantamentos,318945.0,188118780.68
2025,Julho,Zambézia,Gurúè,Levantamentos,322668.0,174649991.75
2025,Agosto,Zambézia,Gurúè,Levantamentos,293543.0,165699960.0
2025,Setembro,Zambézia,Gurúè,Levantamentos,289274.0,158031398.0
2025,Outubro,Zambézia,Gurúè,Levantamentos,353598.0,199009544.0
2025,Novembro,Zambézia,Gurúè,Levantamentos,334434.0,193453159.0
2025,Dezembro,Zambézia,Gurúè,Levantamentos,319713.0,185327625.0
2025,Janeiro,Zambézia,Ile,Levantamentos,58232.0,34700066.0
2025,Fevereiro,Zambézia,Ile,Levantamentos,70003.0,41635563.0
2025,Março,Zambézia,Ile,Levantamentos,76827.0,42642329.4
2025,Abril,Zambézia,Ile,Levantamentos,83391.0,50096359.6
2025,Maio,Zambézia,Ile,Levantamentos,87622.0,55541921.4
2025,Junho,Zambézia,Ile,Levantamentos,85374.0,50803008.8
2025,Julho,Zambézia,Ile,Levantamentos,84750.0,49082895.0
2025,Agosto,Zambézia,Ile,Levantamentos,76807.0,41927061.0
2025,Setembro,Zambézia,Ile,Levantamentos,75049.0,38039925.0
2025,Outubro,Zambézia,Ile,Levantamentos,96017.0,56530947.0
2025,Novembro,Zambézia,Ile,Levantamentos,324479.0,160332148.0
2025,Dezembro,Zambézia,Ile,Levantamentos,80769.0,52401280.0
2025,Janeiro,Zambézia,Inhassunge,Levantamentos,28297.0,18997630.3
2025,Fevereiro,Zambézia,Inhassunge,Levantamentos,32138.0,23251819.7
2025,Março,Zambézia,Inhassunge,Levantamentos,35851.0,22717786.5
2025,Abril,Zambézia,Inhassunge,Levantamentos,39513.0,24601952.34
2025,Maio,Zambézia,Inhassunge,Levantamentos,38029.0,26096991.75
2025,Junho,Zambézia,Inhassunge,Levantamentos,39959.0,26775684.4
2025,Julho,Zambézia,Inhassunge,Levantamentos,41152.0,26562430.759999998
2025,Agosto,Zambézia,Inhassunge,Levantamentos,39226.0,26390342.64
2025,Setembro,Zambézia,Inhassunge,Levantamentos,37270.0,24873232.0
2025,Outubro,Zambézia,Inhassunge,Levantamentos,45704.0,32400381.0
2025,Novembro,Zambézia,Inhassunge,Levantamentos,42655.0,30976501.0
2025,Dezembro,Zambézia,Inhassunge,Levantamentos,45555.0,36541535.0
2025,Janeiro,Zambézia,Lugela,Levantamentos,39557.0,20913084.0
2025,Fevereiro,Zambézia,Lugela,Levantamentos,47419.0,26933465.0
2025,Março,Zambézia,Lugela,Levantamentos,53681.0,34261680.5
2025,Abril,Zambézia,Lugela,Levantamentos,58171.0,34096139.96
2025,Maio,Zambézia,Lugela,Levantamentos,58487.0,32288659.0
2025,Junho,Zambézia,Lugela,Levantamentos,57704.0,31100685.0
2025,Julho,Zambézia,Lugela,Levantamentos,58449.0,32464125.0
2025,Agosto,Zambézia,Lugela,Levantamentos,57587.0,29538338.0
2025,Setembro,Zambézia,Lugela,Levantamentos,56457.0,32102532.0
2025,Outubro,Zambézia,Lugela,Levantamentos,75021.0,46599772.0
2025,Novembro,Zambézia,Lugela,Levantamentos,91717.0,46399842.0
2025,Dezembro,Zambézia,Lugela,Levantamentos,109043.0,55751132.0
2025,Janeiro,Zambézia,Gilé,Levantamentos,74679.0,60604218.0
2025,Fevereiro,Zambézia,Gilé,Levantamentos,86272.0,71788828.0
2025,Março,Zambézia,Gilé,Levantamentos,96943.0,85122871.0
2025,Abril,Zambézia,Gilé,Levantamentos,104053.0,98128710.18
2025,Maio,Zambézia,Gilé,Levantamentos,106102.0,97629078.0
2025,Junho,Zambézia,Gilé,Levantamentos,103173.0,96359258.0
2025,Julho,Zambézia,Gilé,Levantamentos,106002.0,97591745.0
2025,Agosto,Zambézia,Gilé,Levantamentos,101220.0,93129734.12
2025,Setembro,Zambézia,Gilé,Levantamentos,92171.0,78716105.0
2025,Outubro,Zambézia,Gilé,Levantamentos,109948.0,92342937.0
2025,Novembro,Zambézia,Gilé,Levantamentos,102250.0,94198297.0
2025,Dezembro,Zambézia,Gilé,Levantamentos,99295.0,89066122.0
2025,Janeiro,Zambézia,Maganja da Costa,Levantamentos,114387.0,87257783.11
2025,Fevereiro,Zambézia,Maganja da Costa,Levantamentos,131897.0,101721881.75
2025,Março,Zambézia,Maganja da Costa,Levantamentos,147064.0,95777026.95
2025,Abril,Zambézia,Maganja da Costa,Levantamentos,151536.0,99214546.57
2025,Maio,Zambézia,Maganja da Costa,Levantamentos,167659.0,112763956.35
2025,Junho,Zambézia,Maganja da Costa,Levantamentos,161129.0,111648423.84
2025,Julho,Zambézia,Maganja da Costa,Levantamentos,163734.0,113466446.9
2025,Agosto,Zambézia,Maganja da Costa,Levantamentos,161035.0,117626419.6
2025,Setembro,Zambézia,Maganja da Costa,Levantamentos,154323.0,108456655.0
2025,Outubro,Zambézia,Maganja da Costa,Levantamentos,174497.0,120208702.0
2025,Novembro,Zambézia,Maganja da Costa,Levantamentos,166105.0,113171054.0
2025,Dezembro,Zambézia,Maganja da Costa,Levantamentos,173543.0,131590895.0
2025,Janeiro,Zambézia,Milange,Levantamentos,188055.0,128230245.57
2025,Fevereiro,Zambézia,Milange,Levantamentos,213805.0,160362887.55
2025,Março,Zambézia,Milange,Levantamentos,250807.0,276840108.0
2025,Abril,Zambézia,Milange,Levantamentos,255306.0,186276225.0
2025,Maio,Zambézia,Milange,Levantamentos,271226.0,206822718.63
2025,Junho,Zambézia,Milange,Levantamentos,267308.0,192184548.1
2025,Julho,Zambézia,Milange,Levantamentos,266359.0,183461870.0
2025,Agosto,Zambézia,Milange,Levantamentos,260868.0,176244718.0
2025,Setembro,Zambézia,Milange,Levantamentos,252126.0,173024673.0
2025,Outubro,Zambézia,Milange,Levantamentos,303560.0,210536624.0
2025,Novembro,Zambézia,Milange,Levantamentos,285578.0,290146361.0
2025,Dezembro,Zambézia,Milange,Levantamentos,259707.0,210333211.46
2025,Janeiro,Zambézia,Mocuba,Levantamentos,537265.0,331378888.52
2025,Fevereiro,Zambézia,Mocuba,Levantamentos,594921.0,373140125.74
2025,Março,Zambézia,Mocuba,Levantamentos,680191.0,431330785.48
2025,Abril,Zambézia,Mocuba,Levantamentos,692774.0,443265578.96
2025,Maio,Zambézia,Mocuba,Levantamentos,750512.0,464601008.1
2025,Junho,Zambézia,Mocuba,Levantamentos,724323.0,438890137.62
2025,Julho,Zambézia,Mocuba,Levantamentos,743662.0,458621323.55
2025,Agosto,Zambézia,Mocuba,Levantamentos,744013.0,455167500.58
2025,Setembro,Zambézia,Mocuba,Levantamentos,686791.0,415134484.88
2025,Outubro,Zambézia,Mocuba,Levantamentos,784731.0,499308050.15999997
2025,Novembro,Zambézia,Mocuba,Levantamentos,752040.0,462003762.5
2025,Dezembro,Zambézia,Mocuba,Levantamentos,773765.0,526436058.2
2025,Janeiro,Zambézia,Mopeia,Levantamentos,81005.0,35155725.0
2025,Fevereiro,Zambézia,Mopeia,Levantamentos,97926.0,45470490.0
2025,Março,Zambézia,Mopeia,Levantamentos,105671.0,44077172.0
2025,Abril,Zambézia,Mopeia,Levantamentos,103367.0,46490297.65
2025,Maio,Zambézia,Mopeia,Levantamentos,106310.0,47491064.0
2025,Junho,Zambézia,Mopeia,Levantamentos,105610.0,46193781.0
2025,Julho,Zambézia,Mopeia,Levantamentos,104202.0,50346542.28
2025,Agosto,Zambézia,Mopeia,Levantamentos,104687.0,45074351.0
2025,Setembro,Zambézia,Mopeia,Levantamentos,102068.0,47190621.0
2025,Outubro,Zambézia,Mopeia,Levantamentos,121450.0,63089706.0
2025,Novembro,Zambézia,Mopeia,Levantamentos,118953.0,56123664.0
2025,Dezembro,Zambézia,Mopeia,Levantamentos,117082.0,63177723.0
2025,Janeiro,Zambézia,Morrumbala,Levantamentos,89564.0,55879604.33
2025,Fevereiro,Zambézia,Morrumbala,Levantamentos,95602.0,66753175.0
2025,Março,Zambézia,Morrumbala,Levantamentos,106442.0,144093690.0
2025,Abril,Zambézia,Morrumbala,Levantamentos,106722.0,205267070.15
2025,Maio,Zambézia,Morrumbala,Levantamentos,105885.0,80269072.0
2025,Junho,Zambézia,Morrumbala,Levantamentos,101196.0,76325122.86
2025,Julho,Zambézia,Morrumbala,Levantamentos,101908.0,86262974.56
2025,Agosto,Zambézia,Morrumbala,Levantamentos,102535.0,86688256.48
2025,Setembro,Zambézia,Morrumbala,Levantamentos,93756.0,91517419.18
2025,Outubro,Zambézia,Morrumbala,Levantamentos,119166.0,16448470.68
2025,Novembro,Zambézia,Morrumbala,Levantamentos,111381.0,97318308.55
2025,Dezembro,Zambézia,Morrumbala,Levantamentos,104788.0,98355284.73
2025,Janeiro,Zambézia,Namacurra,Levantamentos,108150.0,64910909.51
2025,Fevereiro,Zambézia,Namacurra,Levantamentos,127896.0,79925314.7
2025,Março,Zambézia,Namacurra,Levantamentos,134617.0,78963478.28999999
2025,Abril,Zambézia,Namacurra,Levantamentos,136620.0,78736394.6
2025,Maio,Zambézia,Namacurra,Levantamentos,144123.0,91065792.14
2025,Junho,Zambézia,Namacurra,Levantamentos,144557.0,87820789.14
2025,Julho,Zambézia,Namacurra,Levantamentos,149568.0,90150723.03999999
2025,Agosto,Zambézia,Namacurra,Levantamentos,143690.0,87368495.15
2025,Setembro,Zambézia,Namacurra,Levantamentos,141328.0,84725599.0
2025,Outubro,Zambézia,Namacurra,Levantamentos,162097.0,96882383.0
2025,Novembro,Zambézia,Namacurra,Levantamentos,155332.0,89574346.0
2025,Dezembro,Zambézia,Namacurra,Levantamentos,164158.0,111408961.59
2025,Janeiro,Zambézia,Namarroi,Levantamentos,18841.0,10241021.0
2025,Fevereiro,Zambézia,Namarroi,Levantamentos,23419.0,13472925.0
2025,Março,Zambézia,Namarroi,Levantamentos,26552.0,16332880.0
2025,Abril,Zambézia,Namarroi,Levantamentos,28282.0,19511538.0
2025,Maio,Zambézia,Namarroi,Levantamentos,30315.0,18051893.0
2025,Junho,Zambézia,Namarroi,Levantamentos,27800.0,16426858.0
2025,Julho,Zambézia,Namarroi,Levantamentos,29197.0,17172854.0
2025,Agosto,Zambézia,Namarroi,Levantamentos,26530.0,16870891.0
2025,Setembro,Zambézia,Namarroi,Levantamentos,25423.0,13942982.0
2025,Outubro,Zambézia,Namarroi,Levantamentos,32694.0,18163992.0
2025,Novembro,Zambézia,Namarroi,Levantamentos,31819.0,18082585.0
2025,Dezembro,Zambézia,Namarroi,Levantamentos,31437.0,18308105.0
2025,Janeiro,Zambézia,Nicoadala,Levantamentos,203273.0,100892895.85
2025,Fevereiro,Zambézia,Nicoadala,Levantamentos,235505.0,135716913.57
2025,Março,Zambézia,Nicoadala,Levantamentos,255504.0,139244336.0
2025,Abril,Zambézia,Nicoadala,Levantamentos,270171.0,162382562.62
2025,Maio,Zambézia,Nicoadala,Levantamentos,282107.0,139140732.52
2025,Junho,Zambézia,Nicoadala,Levantamentos,274287.0,138601299.47
2025,Julho,Zambézia,Nicoadala,Levantamentos,269455.0,136351137.9
2025,Agosto,Zambézia,Nicoadala,Levantamentos,264086.0,130072331.12
2025,Setembro,Zambézia,Nicoadala,Levantamentos,254074.0,130939245.0
2025,Outubro,Zambézia,Nicoadala,Levantamentos,282445.0,159078171.0
2025,Novembro,Zambézia,Nicoadala,Levantamentos,264617.0,150614966.5
2025,Dezembro,Zambézia,Nicoadala,Levantamentos,267306.0,173908933.0
2025,Janeiro,Zambézia,Pebane,Levantamentos,106388.0,65126726.0
2025,Fevereiro,Zambézia,Pebane,Levantamentos,115942.0,65369777.72
2025,Março,Zambézia,Pebane,Levantamentos,127811.0,76720980.2
2025,Abril,Zambézia,Pebane,Levantamentos,132516.0,83275396.0
2025,Maio,Zambézia,Pebane,Levantamentos,137004.0,81723916.0
2025,Junho,Zambézia,Pebane,Levantamentos,135732.0,84700479.36
2025,Julho,Zambézia,Pebane,Levantamentos,139331.0,79489674.0
2025,Agosto,Zambézia,Pebane,Levantamentos,136282.0,87431603.5
2025,Setembro,Zambézia,Pebane,Levantamentos,138713.0,91145872.0
2025,Outubro,Zambézia,Pebane,Levantamentos,155118.0,91987633.0
2025,Novembro,Zambézia,Pebane,Levantamentos,140920.0,100833582.0
2025,Dezembro,Zambézia,Pebane,Levantamentos,131808.0,86681609.0
2025,Janeiro,Zambézia,Molumbo,Levantamentos,34174.0,22643908.0
2025,Fevereiro,Zambézia,Molumbo,Levantamentos,39639.0,26518192.0
2025,Março,Zambézia,Molumbo,Levantamentos,49316.0,41396907.0
2025,Abril,Zambézia,Molumbo,Levantamentos,50997.0,51542493.0
2025,Maio,Zambézia,Molumbo,Levantamentos,57920.0,60861952.55
2025,Junho,Zambézia,Molumbo,Levantamentos,59773.0,48948154.0
2025,Julho,Zambézia,Molumbo,Levantamentos,60170.0,41791240.0
2025,Agosto,Zambézia,Molumbo,Levantamentos,59810.0,38311466.48
2025,Setembro,Zambézia,Molumbo,Levantamentos,51033.0,33899784.0
2025,Outubro,Zambézia,Molumbo,Levantamentos,62532.0,36913071.0
2025,Novembro,Zambézia,Molumbo,Levantamentos,54868.0,31375761.0
2025,Dezembro,Zambézia,Molumbo,Levantamentos,53171.0,31607084.0
2025,Janeiro,Zambézia,Mocubela,Levantamentos,2066.0,1168144.0
2025,Fevereiro,Zambézia,Mocubela,Levantamentos,2188.0,1582373.0
2025,Março,Zambézia,Mocubela,Levantamentos,1725.0,1071012.0
2025,Abril,Zambézia,Mocubela,Levantamentos,1726.0,796360.0
2025,Maio,Zambézia,Mocubela,Levantamentos,1638.0,711630.0
2025,Junho,Zambézia,Mocubela,Levantamentos,1890.0,897493.0
2025,Julho,Zambézia,Mocubela,Levantamentos,2017.0,866826.0
2025,Agosto,Zambézia,Mocubela,Levantamentos,1278.0,481716.0
2025,Setembro,Zambézia,Mocubela,Levantamentos,1568.0,760873.0
2025,Outubro,Zambézia,Mocubela,Levantamentos,1599.0,866851.0
2025,Novembro,Zambézia,Mocubela,Levantamentos,1348.0,743793.0
2025,Dezembro,Zambézia,Mocubela,Levantamentos,1387.0,896288.0
2025,Janeiro,Zambézia,Mulevala,Levantamentos,62696.0,58205956.0
2025,Fevereiro,Zambézia,Mulevala,Levantamentos,76171.0,57099580.0
2025,Março,Zambézia,Mulevala,Levantamentos,82552.0,57832220.0
2025,Abril,Zambézia,Mulevala,Levantamentos,84752.0,63870016.0
2025,Maio,Zambézia,Mulevala,Levantamentos,87035.0,59234950.0
2025,Junho,Zambézia,Mulevala,Levantamentos,77164.0,48881934.1
2025,Julho,Zambézia,Mulevala,Levantamentos,77650.0,53679867.12
2025,Agosto,Zambézia,Mulevala,Levantamentos,73516.0,51236362.0
2025,Setembro,Zambézia,Mulevala,Levantamentos,69886.0,48489105.0
2025,Outubro,Zambézia,Mulevala,Levantamentos,83627.0,57770628.0
2025,Novembro,Zambézia,Mulevala,Levantamentos,74904.0,58113876.0
2025,Dezembro,Zambézia,Mulevala,Levantamentos,76528.0,61188160.0
2025,Janeiro,Zambézia,Luabo,Levantamentos,3622.0,1082679.92
2025,Fevereiro,Zambézia,Luabo,Levantamentos,4812.0,1526287.0
2025,Março,Zambézia,Luabo,Levantamentos,4016.0,1161461.0
2025,Abril,Zambézia,Luabo,Levantamentos,4160.0,1223633.0
2025,Maio,Zambézia,Luabo,Levantamentos,3969.0,1250526.14
2025,Junho,Zambézia,Luabo,Levantamentos,3480.0,1200357.0
2025,Julho,Zambézia,Luabo,Levantamentos,3379.0,1010340.0
2025,Agosto,Zambézia,Luabo,Levantamentos,3341.0,1001784.1
2025,Setembro,Zambézia,Luabo,Levantamentos,3262.0,994914.0
2025,Outubro,Zambézia,Luabo,Levantamentos,3290.0,1021064.0
2025,Novembro,Zambézia,Luabo,Levantamentos,2367.0,806931.0
2025,Dezembro,Zambézia,Luabo,Levantamentos,2084.0,859925.0
2025,Janeiro,Zambézia,Derre,Levantamentos,593.0,295324.0
2025,Fevereiro,Zambézia,Derre,Levantamentos,381.0,140800.0
2025,Março,Zambézia,Derre,Levantamentos,292.0,269823.0
2025,Abril,Zambézia,Derre,Levantamentos,479.0,564489.0
2025,Maio,Zambézia,Derre,Levantamentos,370.0,306000.39
2025,Junho,Zambézia,Derre,Levantamentos,396.0,248337.0
2025,Julho,Zambézia,Derre,Levantamentos,478.0,406918.0
2025,Agosto,Zambézia,Derre,Levantamentos,287.0,188962.0
2025,Setembro,Zambézia,Derre,Levantamentos,534.0,1105139.0
2025,Outubro,Zambézia,Derre,Levantamentos,340.0,624339.0
2025,Novembro,Zambézia,Derre,Levantamentos,259.0,158003.0
2025,Dezembro,Zambézia,Derre,Levantamentos,130.0,121395.0
2025,Janeiro,Nampula,Cidade de Nampula,Levantamentos,2067503.0,1946110250.74
2025,Fevereiro,Nampula,Cidade de Nampula,Levantamentos,2236884.0,2245994375.29
2025,Março,Nampula,Cidade de Nampula,Levantamentos,2443264.0,2458237415.4
2025,Abril,Nampula,Cidade de Nampula,Levantamentos,2461580.0,2636294949.05
2025,Maio,Nampula,Cidade de Nampula,Levantamentos,2581639.0,3010190861.76
2025,Junho,Nampula,Cidade de Nampula,Levantamentos,2383396.0,2885366479.11
2025,Julho,Nampula,Cidade de Nampula,Levantamentos,2395524.0,2840636946.69
2025,Agosto,Nampula,Cidade de Nampula,Levantamentos,2266181.0,2678959323.49
2025,Setembro,Nampula,Cidade de Nampula,Levantamentos,2082526.0,2476893429.19
2025,Outubro,Nampula,Cidade de Nampula,Levantamentos,2296853.0,2805401224.25
2025,Novembro,Nampula,Cidade de Nampula,Levantamentos,2257609.0,2802876959.85
2025,Dezembro,Nampula,Cidade de Nampula,Levantamentos,2217837.0,3132924590.08
2025,Janeiro,Nampula,Cidade de Nacala-Porto,Levantamentos,973974.0,503732919.03
2025,Fevereiro,Nampula,Cidade de Nacala-Porto,Levantamentos,1018091.0,539597233.26
2025,Março,Nampula,Cidade de Nacala-Porto,Levantamentos,1085463.0,615503883.89
2025,Abril,Nampula,Cidade de Nacala-Porto,Levantamentos,1125353.0,604762097.44
2025,Maio,Nampula,Cidade de Nacala-Porto,Levantamentos,1180708.0,675819953.14
2025,Junho,Nampula,Cidade de Nacala-Porto,Levantamentos,1119927.0,671033468.47
2025,Julho,Nampula,Cidade de Nacala-Porto,Levantamentos,1107887.0,665084770.53
2025,Agosto,Nampula,Cidade de Nacala-Porto,Levantamentos,1042560.0,615414063.95
2025,Setembro,Nampula,Cidade de Nacala-Porto,Levantamentos,957618.0,625197757.06
2025,Outubro,Nampula,Cidade de Nacala-Porto,Levantamentos,1049028.0,718405036.73
2025,Novembro,Nampula,Cidade de Nacala-Porto,Levantamentos,1035451.0,727909533.36
2025,Dezembro,Nampula,Cidade de Nacala-Porto,Levantamentos,1027665.0,918313158.15
2025,Janeiro,Nampula,Angoche,Levantamentos,153677.0,145412788.15
2025,Fevereiro,Nampula,Angoche,Levantamentos,145609.0,146645028.21
2025,Março,Nampula,Angoche,Levantamentos,143793.0,160985287.05
2025,Abril,Nampula,Angoche,Levantamentos,150773.0,160345599.76
2025,Maio,Nampula,Angoche,Levantamentos,162826.0,172219014.0
2025,Junho,Nampula,Angoche,Levantamentos,162544.0,188887808.95
2025,Julho,Nampula,Angoche,Levantamentos,156279.0,177284219.31
2025,Agosto,Nampula,Angoche,Levantamentos,144164.0,160329834.0
2025,Setembro,Nampula,Angoche,Levantamentos,137909.0,144159157.25
2025,Outubro,Nampula,Angoche,Levantamentos,149254.0,179251740.0
2025,Novembro,Nampula,Angoche,Levantamentos,153255.0,176346803.0
2025,Dezembro,Nampula,Angoche,Levantamentos,155759.0,239211720.0
2025,Janeiro,Nampula,Ilha de Moçambique,Levantamentos,90460.0,51149090.0
2025,Fevereiro,Nampula,Ilha de Moçambique,Levantamentos,99220.0,57696781.0
2025,Março,Nampula,Ilha de Moçambique,Levantamentos,91378.0,59289530.1
2025,Abril,Nampula,Ilha de Moçambique,Levantamentos,106536.0,59151940.85
2025,Maio,Nampula,Ilha de Moçambique,Levantamentos,105216.0,52998147.5
2025,Junho,Nampula,Ilha de Moçambique,Levantamentos,104547.0,59731247.0
2025,Julho,Nampula,Ilha de Moçambique,Levantamentos,102855.0,53347519.5
2025,Agosto,Nampula,Ilha de Moçambique,Levantamentos,99690.0,65658519.0
2025,Setembro,Nampula,Ilha de Moçambique,Levantamentos,97615.0,59364167.0
2025,Outubro,Nampula,Ilha de Moçambique,Levantamentos,105537.0,68828328.0
2025,Novembro,Nampula,Ilha de Moçambique,Levantamentos,102696.0,66520702.0
2025,Dezembro,Nampula,Ilha de Moçambique,Levantamentos,124773.0,108786695.0
2025,Janeiro,Nampula,Lalaua,Levantamentos,13155.0,8484388.0
2025,Fevereiro,Nampula,Lalaua,Levantamentos,19453.0,12693273.0
2025,Março,Nampula,Lalaua,Levantamentos,16420.0,10674376.0
2025,Abril,Nampula,Lalaua,Levantamentos,20508.0,14503881.0
2025,Maio,Nampula,Lalaua,Levantamentos,21768.0,21038645.0
2025,Junho,Nampula,Lalaua,Levantamentos,23198.0,27168962.0
2025,Julho,Nampula,Lalaua,Levantamentos,24305.0,27496527.0
2025,Agosto,Nampula,Lalaua,Levantamentos,24541.0,27497735.0
2025,Setembro,Nampula,Lalaua,Levantamentos,22274.0,20946932.0
2025,Outubro,Nampula,Lalaua,Levantamentos,24232.0,19822151.0
2025,Novembro,Nampula,Lalaua,Levantamentos,20678.0,18597405.0
2025,Dezembro,Nampula,Lalaua,Levantamentos,18027.0,16944712.0
2025,Janeiro,Nampula,Malema,Levantamentos,87618.0,64472511.0
2025,Fevereiro,Nampula,Malema,Levantamentos,99513.0,73496843.2
2025,Março,Nampula,Malema,Levantamentos,105508.0,75937068.0
2025,Abril,Nampula,Malema,Levantamentos,105701.0,89593307.0
2025,Maio,Nampula,Malema,Levantamentos,105025.0,94483364.98
2025,Junho,Nampula,Malema,Levantamentos,106582.0,100780339.99
2025,Julho,Nampula,Malema,Levantamentos,112109.0,94572573.2
2025,Agosto,Nampula,Malema,Levantamentos,101696.0,93020846.0
2025,Setembro,Nampula,Malema,Levantamentos,100097.0,79710953.0
2025,Outubro,Nampula,Malema,Levantamentos,115844.0,89717668.0
2025,Novembro,Nampula,Malema,Levantamentos,111956.0,92496745.0
2025,Dezembro,Nampula,Malema,Levantamentos,103431.0,97586386.0
2025,Janeiro,Nampula,Meconta (Namialo),Levantamentos,211884.0,115264422.13
2025,Fevereiro,Nampula,Meconta (Namialo),Levantamentos,198552.0,102208709.35
2025,Março,Nampula,Meconta (Namialo),Levantamentos,187051.0,108048211.28
2025,Abril,Nampula,Meconta (Namialo),Levantamentos,197565.0,132949570.44
2025,Maio,Nampula,Meconta (Namialo),Levantamentos,208652.0,127044568.43
2025,Junho,Nampula,Meconta (Namialo),Levantamentos,206986.0,115590291.1
2025,Julho,Nampula,Meconta (Namialo),Levantamentos,213148.0,119861424.4
2025,Agosto,Nampula,Meconta (Namialo),Levantamentos,202767.0,117302022.2
2025,Setembro,Nampula,Meconta (Namialo),Levantamentos,186281.0,100085566.0
2025,Outubro,Nampula,Meconta (Namialo),Levantamentos,207825.0,149259511.0
2025,Novembro,Nampula,Meconta (Namialo),Levantamentos,198872.0,164081081.0
2025,Dezembro,Nampula,Meconta (Namialo),Levantamentos,178698.0,179624378.0
2025,Janeiro,Nampula,Mecuburi,Levantamentos,34384.0,28086915.0
2025,Fevereiro,Nampula,Mecuburi,Levantamentos,44846.0,37569103.0
2025,Março,Nampula,Mecuburi,Levantamentos,46196.0,38318961.74
2025,Abril,Nampula,Mecuburi,Levantamentos,53581.0,45251285.0
2025,Maio,Nampula,Mecuburi,Levantamentos,53989.0,48914432.0
2025,Junho,Nampula,Mecuburi,Levantamentos,53191.0,45193390.0
2025,Julho,Nampula,Mecuburi,Levantamentos,54512.0,48762089.0
2025,Agosto,Nampula,Mecuburi,Levantamentos,50726.0,46223077.0
2025,Setembro,Nampula,Mecuburi,Levantamentos,53417.0,49201684.0
2025,Outubro,Nampula,Mecuburi,Levantamentos,60947.0,56229322.0
2025,Novembro,Nampula,Mecuburi,Levantamentos,60891.0,56671381.0
2025,Dezembro,Nampula,Mecuburi,Levantamentos,52683.0,61362043.0
2025,Janeiro,Nampula,Memba,Levantamentos,82541.0,48052694.0
2025,Fevereiro,Nampula,Memba,Levantamentos,96953.0,56577166.6
2025,Março,Nampula,Memba,Levantamentos,84874.0,57611293.9
2025,Abril,Nampula,Memba,Levantamentos,97241.0,60992700.0
2025,Maio,Nampula,Memba,Levantamentos,104522.0,65689486.43
2025,Junho,Nampula,Memba,Levantamentos,108921.0,69360510.18
2025,Julho,Nampula,Memba,Levantamentos,111677.0,69216905.83
2025,Agosto,Nampula,Memba,Levantamentos,109371.0,70826017.58
2025,Setembro,Nampula,Memba,Levantamentos,108704.0,104133169.56
2025,Outubro,Nampula,Memba,Levantamentos,68004.0,92013483.02000001
2025,Novembro,Nampula,Memba,Levantamentos,65530.0,78899770.0
2025,Dezembro,Nampula,Memba,Levantamentos,98363.0,105701353.46000001
2025,Janeiro,Nampula,Mogincual,Levantamentos,35235.0,27175369.0
2025,Fevereiro,Nampula,Mogincual,Levantamentos,45412.0,48580609.0
2025,Março,Nampula,Mogincual,Levantamentos,46145.0,48890754.0
2025,Abril,Nampula,Mogincual,Levantamentos,47911.0,67853006.0
2025,Maio,Nampula,Mogincual,Levantamentos,49216.0,49434695.0
2025,Junho,Nampula,Mogincual,Levantamentos,49535.0,52581015.0
2025,Julho,Nampula,Mogincual,Levantamentos,50692.0,55235341.0
2025,Agosto,Nampula,Mogincual,Levantamentos,46920.0,50517527.0
2025,Setembro,Nampula,Mogincual,Levantamentos,45349.0,46653934.0
2025,Outubro,Nampula,Mogincual,Levantamentos,52946.0,61049059.0
2025,Novembro,Nampula,Mogincual,Levantamentos,55080.0,57951314.0
2025,Dezembro,Nampula,Mogincual,Levantamentos,51484.0,53592333.0
2025,Janeiro,Nampula,Mogovolas,Levantamentos,117058.0,68682002.24
2025,Fevereiro,Nampula,Mogovolas,Levantamentos,125273.0,75440554.8
2025,Março,Nampula,Mogovolas,Levantamentos,122435.0,85543963.37
2025,Abril,Nampula,Mogovolas,Levantamentos,136667.0,155689503.0
2025,Maio,Nampula,Mogovolas,Levantamentos,144862.0,108821061.0
2025,Junho,Nampula,Mogovolas,Levantamentos,138014.0,102415705.0
2025,Julho,Nampula,Mogovolas,Levantamentos,137201.0,101983724.0
2025,Agosto,Nampula,Mogovolas,Levantamentos,126238.0,91973627.0
2025,Setembro,Nampula,Mogovolas,Levantamentos,117091.0,87562220.0
2025,Outubro,Nampula,Mogovolas,Levantamentos,134446.0,106454920.0
2025,Novembro,Nampula,Mogovolas,Levantamentos,130378.0,101762608.0
2025,Dezembro,Nampula,Mogovolas,Levantamentos,120981.0,97892279.0
2025,Janeiro,Nampula,Moma,Levantamentos,203555.0,123261873.4
2025,Fevereiro,Nampula,Moma,Levantamentos,224909.0,137672603.12
2025,Março,Nampula,Moma,Levantamentos,220920.0,157714165.5
2025,Abril,Nampula,Moma,Levantamentos,237642.0,162915154.15
2025,Maio,Nampula,Moma,Levantamentos,241792.0,178020444.0
2025,Junho,Nampula,Moma,Levantamentos,240873.0,173382909.23
2025,Julho,Nampula,Moma,Levantamentos,238850.0,167894796.0
2025,Agosto,Nampula,Moma,Levantamentos,230888.0,168548850.0
2025,Setembro,Nampula,Moma,Levantamentos,219081.0,158328535.0
2025,Outubro,Nampula,Moma,Levantamentos,229841.0,179226948.94
2025,Novembro,Nampula,Moma,Levantamentos,217477.0,165522724.0
2025,Dezembro,Nampula,Moma,Levantamentos,204973.0,164387595.0
2025,Janeiro,Nampula,Monapo,Levantamentos,120588.0,71214614.7
2025,Fevereiro,Nampula,Monapo,Levantamentos,131481.0,78159382.15
2025,Março,Nampula,Monapo,Levantamentos,123505.0,80122690.2
2025,Abril,Nampula,Monapo,Levantamentos,130877.0,86227225.33
2025,Maio,Nampula,Monapo,Levantamentos,121758.0,79348954.0
2025,Junho,Nampula,Monapo,Levantamentos,124766.0,84529562.37
2025,Julho,Nampula,Monapo,Levantamentos,122422.0,84694316.48
2025,Agosto,Nampula,Monapo,Levantamentos,129506.0,89547517.27
2025,Setembro,Nampula,Monapo,Levantamentos,136609.0,94639473.0
2025,Outubro,Nampula,Monapo,Levantamentos,150753.0,109499506.0
2025,Novembro,Nampula,Monapo,Levantamentos,142375.0,105633034.0
2025,Dezembro,Nampula,Monapo,Levantamentos,136953.0,112914539.0
2025,Janeiro,Nampula,Mossuril,Levantamentos,46638.0,30810786.08
2025,Fevereiro,Nampula,Mossuril,Levantamentos,56791.0,38037739.0
2025,Março,Nampula,Mossuril,Levantamentos,53531.0,39410660.480000004
2025,Abril,Nampula,Mossuril,Levantamentos,57683.0,35484929.11
2025,Maio,Nampula,Mossuril,Levantamentos,67081.0,42529300.0
2025,Junho,Nampula,Mossuril,Levantamentos,69210.0,51489403.0
2025,Julho,Nampula,Mossuril,Levantamentos,67076.0,46101358.0
2025,Agosto,Nampula,Mossuril,Levantamentos,67981.0,50944900.0
2025,Setembro,Nampula,Mossuril,Levantamentos,60652.0,41831158.0
2025,Outubro,Nampula,Mossuril,Levantamentos,65965.0,46825042.0
2025,Novembro,Nampula,Mossuril,Levantamentos,64059.0,44261656.0
2025,Dezembro,Nampula,Mossuril,Levantamentos,67610.0,54168184.0
2025,Janeiro,Nampula,Muecate,Levantamentos,30444.0,13650384.0
2025,Fevereiro,Nampula,Muecate,Levantamentos,36955.0,16488311.0
2025,Março,Nampula,Muecate,Levantamentos,29734.0,16288691.0
2025,Abril,Nampula,Muecate,Levantamentos,34766.0,20636616.75
2025,Maio,Nampula,Muecate,Levantamentos,33490.0,19457507.0
2025,Junho,Nampula,Muecate,Levantamentos,36138.0,20817196.0
2025,Julho,Nampula,Muecate,Levantamentos,38773.0,20948817.0
2025,Agosto,Nampula,Muecate,Levantamentos,35709.0,20040650.0
2025,Setembro,Nampula,Muecate,Levantamentos,34479.0,19970742.0
2025,Outubro,Nampula,Muecate,Levantamentos,36679.0,21287424.0
2025,Novembro,Nampula,Muecate,Levantamentos,34171.0,20418704.0
2025,Dezembro,Nampula,Muecate,Levantamentos,33783.0,20470969.66
2025,Janeiro,Nampula,Murrupula,Levantamentos,57853.0,39921943.0
2025,Fevereiro,Nampula,Murrupula,Levantamentos,65627.0,42110196.0
2025,Março,Nampula,Murrupula,Levantamentos,68272.0,47426378.82
2025,Abril,Nampula,Murrupula,Levantamentos,71247.0,67035161.9
2025,Maio,Nampula,Murrupula,Levantamentos,70754.0,59804985.0
2025,Junho,Nampula,Murrupula,Levantamentos,72550.0,55486511.0
2025,Julho,Nampula,Murrupula,Levantamentos,72681.0,56340760.0
2025,Agosto,Nampula,Murrupula,Levantamentos,72634.0,53417376.9
2025,Setembro,Nampula,Murrupula,Levantamentos,69142.0,43887074.0
2025,Outubro,Nampula,Murrupula,Levantamentos,81815.0,56108702.0
2025,Novembro,Nampula,Murrupula,Levantamentos,81566.0,63934509.0
2025,Dezembro,Nampula,Murrupula,Levantamentos,70764.0,52005701.0
2025,Janeiro,Nampula,Nacala-Velha,Levantamentos,62904.0,27951796.0
2025,Fevereiro,Nampula,Nacala-Velha,Levantamentos,69892.0,30283201.0
2025,Março,Nampula,Nacala-Velha,Levantamentos,66586.0,31654320.3
2025,Abril,Nampula,Nacala-Velha,Levantamentos,73463.0,36339079.0
2025,Maio,Nampula,Nacala-Velha,Levantamentos,81598.0,46625617.4
2025,Junho,Nampula,Nacala-Velha,Levantamentos,79948.0,45964868.0
2025,Julho,Nampula,Nacala-Velha,Levantamentos,78296.0,47342565.0
2025,Agosto,Nampula,Nacala-Velha,Levantamentos,74119.0,44476032.0
2025,Setembro,Nampula,Nacala-Velha,Levantamentos,66909.0,40208739.0
2025,Outubro,Nampula,Nacala-Velha,Levantamentos,72750.0,42976115.0
2025,Novembro,Nampula,Nacala-Velha,Levantamentos,69815.0,44259049.0
2025,Dezembro,Nampula,Nacala-Velha,Levantamentos,69123.0,48114960.0
2025,Janeiro,Nampula,Nacaroa,Levantamentos,27025.0,16067335.0
2025,Fevereiro,Nampula,Nacaroa,Levantamentos,32950.0,20246818.0
2025,Março,Nampula,Nacaroa,Levantamentos,30464.0,21829923.92
2025,Abril,Nampula,Nacaroa,Levantamentos,37279.0,37651193.3
2025,Maio,Nampula,Nacaroa,Levantamentos,37865.0,36046252.0
2025,Junho,Nampula,Nacaroa,Levantamentos,42433.0,32873011.8
2025,Julho,Nampula,Nacaroa,Levantamentos,44403.0,30238075.84
2025,Agosto,Nampula,Nacaroa,Levantamentos,40999.0,25401867.9
2025,Setembro,Nampula,Nacaroa,Levantamentos,39599.0,22545548.0
2025,Outubro,Nampula,Nacaroa,Levantamentos,45654.0,31494132.0
2025,Novembro,Nampula,Nacaroa,Levantamentos,41117.0,28652281.0
2025,Dezembro,Nampula,Nacaroa,Levantamentos,39519.0,24410476.15
2025,Janeiro,Nampula,Namapa-Erati,Levantamentos,79434.0,54840337.0
2025,Fevereiro,Nampula,Namapa-Erati,Levantamentos,106542.0,68998528.21
2025,Março,Nampula,Namapa-Erati,Levantamentos,113781.0,80327965.0
2025,Abril,Nampula,Namapa-Erati,Levantamentos,123686.0,108618936.1
2025,Maio,Nampula,Namapa-Erati,Levantamentos,136514.0,112419724.0
2025,Junho,Nampula,Namapa-Erati,Levantamentos,142959.0,101149341.6
2025,Julho,Nampula,Namapa-Erati,Levantamentos,145910.0,88061059.0
2025,Agosto,Nampula,Namapa-Erati,Levantamentos,135168.0,81210222.7
2025,Setembro,Nampula,Namapa-Erati,Levantamentos,137286.0,76380389.0
2025,Outubro,Nampula,Namapa-Erati,Levantamentos,168879.0,105691387.0
2025,Novembro,Nampula,Namapa-Erati,Levantamentos,156912.0,107886447.0
2025,Dezembro,Nampula,Namapa-Erati,Levantamentos,158235.0,98217044.0
2025,Janeiro,Nampula,Rapale-Nampula,Levantamentos,214860.0,149024937.0
2025,Fevereiro,Nampula,Rapale-Nampula,Levantamentos,225706.0,171724246.0
2025,Março,Nampula,Rapale-Nampula,Levantamentos,203566.0,152350329.0
2025,Abril,Nampula,Rapale-Nampula,Levantamentos,216562.0,162755825.4
2025,Maio,Nampula,Rapale-Nampula,Levantamentos,239861.0,204355677.0
2025,Junho,Nampula,Rapale-Nampula,Levantamentos,227204.0,201953381.0
2025,Julho,Nampula,Rapale-Nampula,Levantamentos,223875.0,190991304.0
2025,Agosto,Nampula,Rapale-Nampula,Levantamentos,258855.0,288831422.0
2025,Setembro,Nampula,Rapale-Nampula,Levantamentos,253438.0,280730042.0
2025,Outubro,Nampula,Rapale-Nampula,Levantamentos,305688.0,350578479.0
2025,Novembro,Nampula,Rapale-Nampula,Levantamentos,303807.0,357912283.0
2025,Dezembro,Nampula,Rapale-Nampula,Levantamentos,308584.0,408641775.0
2025,Janeiro,Nampula,Ribaué,Levantamentos,89206.0,65889108.0
2025,Fevereiro,Nampula,Ribaué,Levantamentos,100952.0,76071277.25
2025,Março,Nampula,Ribaué,Levantamentos,99517.0,70225327.91
2025,Abril,Nampula,Ribaué,Levantamentos,108580.0,85188790.0
2025,Maio,Nampula,Ribaué,Levantamentos,109282.0,92513777.41
2025,Junho,Nampula,Ribaué,Levantamentos,106303.0,79369950.0
2025,Julho,Nampula,Ribaué,Levantamentos,101336.0,74945176.0
2025,Agosto,Nampula,Ribaué,Levantamentos,94424.0,72391840.0
2025,Setembro,Nampula,Ribaué,Levantamentos,95011.0,75937392.0
2025,Outubro,Nampula,Ribaué,Levantamentos,112664.0,93623954.25
2025,Novembro,Nampula,Ribaué,Levantamentos,101626.0,84773157.0
2025,Dezembro,Nampula,Ribaué,Levantamentos,104906.0,93277191.0
2025,Janeiro,Nampula,Liupo,Levantamentos,98.0,39770.0
2025,Fevereiro,Nampula,Liupo,Levantamentos,91.0,25487.0
2025,Março,Nampula,Liupo,Levantamentos,37.0,13005.0
2025,Abril,Nampula,Liupo,Levantamentos,75.0,17212.0
2025,Maio,Nampula,Liupo,Levantamentos,69.0,17286.0
2025,Junho,Nampula,Liupo,Levantamentos,41.0,8047.0
2025,Julho,Nampula,Liupo,Levantamentos,17.0,2125.0
2025,Agosto,Nampula,Liupo,Levantamentos,149.0,67814.0
2025,Setembro,Nampula,Liupo,Levantamentos,131.0,27445.0
2025,Outubro,Nampula,Liupo,Levantamentos,249.0,65027.0
2025,Novembro,Nampula,Liupo,Levantamentos,911.0,2087267.0
2025,Dezembro,Nampula,Liupo,Levantamentos,265.0,463832.0
2025,Janeiro,Nampula,Larde,Levantamentos,739.0,366932.0
2025,Fevereiro,Nampula,Larde,Levantamentos,800.0,503630.0
2025,Março,Nampula,Larde,Levantamentos,617.0,527640.0
2025,Abril,Nampula,Larde,Levantamentos,5595.0,4317091.0
2025,Maio,Nampula,Larde,Levantamentos,7957.0,4533040.1
2025,Junho,Nampula,Larde,Levantamentos,3911.0,2835224.48
2025,Julho,Nampula,Larde,Levantamentos,4143.0,2760072.0
2025,Agosto,Nampula,Larde,Levantamentos,3564.0,2249747.0
2025,Setembro,Nampula,Larde,Levantamentos,3023.0,2504894.0
2025,Outubro,Nampula,Larde,Levantamentos,16037.0,12517524.0
2025,Novembro,Nampula,Larde,Levantamentos,13715.0,8295165.0
2025,Dezembro,Nampula,Larde,Levantamentos,11882.0,8673888.0
2025,Janeiro,Cabo Delgado,Cidade de Pemba,Levantamentos,1005981.0,695663445.78
2025,Fevereiro,Cabo Delgado,Cidade de Pemba,Levantamentos,1080784.0,739462563.11
2025,Março,Cabo Delgado,Cidade de Pemba,Levantamentos,1221290.0,804902675.66
2025,Abril,Cabo Delgado,Cidade de Pemba,Levantamentos,1273476.0,784918720.34
2025,Maio,Cabo Delgado,Cidade de Pemba,Levantamentos,1385212.0,867926315.19
2025,Junho,Cabo Delgado,Cidade de Pemba,Levantamentos,1324209.0,795980094.65
2025,Julho,Cabo Delgado,Cidade de Pemba,Levantamentos,1371006.0,822034383.61
2025,Agosto,Cabo Delgado,Cidade de Pemba,Levantamentos,1372317.0,778297513.63
2025,Setembro,Cabo Delgado,Cidade de Pemba,Levantamentos,1290484.0,748943175.6
2025,Outubro,Cabo Delgado,Cidade de Pemba,Levantamentos,1502425.0,895314962.83
2025,Novembro,Cabo Delgado,Cidade de Pemba,Levantamentos,1503202.0,874635020.35
2025,Dezembro,Cabo Delgado,Cidade de Pemba,Levantamentos,1486607.0,1024660228.64
2025,Janeiro,Cabo Delgado,Ancuabe,Levantamentos,104353.0,65191476.0
2025,Fevereiro,Cabo Delgado,Ancuabe,Levantamentos,128109.0,84864207.0
2025,Março,Cabo Delgado,Ancuabe,Levantamentos,134666.0,93040674.0
2025,Abril,Cabo Delgado,Ancuabe,Levantamentos,128824.0,80271445.25
2025,Maio,Cabo Delgado,Ancuabe,Levantamentos,147553.0,101520376.0
2025,Junho,Cabo Delgado,Ancuabe,Levantamentos,147512.0,98951027.0
2025,Julho,Cabo Delgado,Ancuabe,Levantamentos,152790.0,96605807.0
2025,Agosto,Cabo Delgado,Ancuabe,Levantamentos,148633.0,89372611.0
2025,Setembro,Cabo Delgado,Ancuabe,Levantamentos,154107.0,93726803.0
2025,Outubro,Cabo Delgado,Ancuabe,Levantamentos,178583.0,105511652.0
2025,Novembro,Cabo Delgado,Ancuabe,Levantamentos,173883.0,105164332.0
2025,Dezembro,Cabo Delgado,Ancuabe,Levantamentos,176188.0,115124492.66
2025,Janeiro,Cabo Delgado,Balama,Levantamentos,50490.0,36255543.91
2025,Fevereiro,Cabo Delgado,Balama,Levantamentos,59228.0,41833319.79
2025,Março,Cabo Delgado,Balama,Levantamentos,64754.0,42589966.68
2025,Abril,Cabo Delgado,Balama,Levantamentos,65340.0,43331244.1
2025,Maio,Cabo Delgado,Balama,Levantamentos,71332.0,52832851.0
2025,Junho,Cabo Delgado,Balama,Levantamentos,74399.0,65409681.0
2025,Julho,Cabo Delgado,Balama,Levantamentos,83468.0,68612118.0
2025,Agosto,Cabo Delgado,Balama,Levantamentos,82424.0,69342726.65
2025,Setembro,Cabo Delgado,Balama,Levantamentos,84542.0,63633077.0
2025,Outubro,Cabo Delgado,Balama,Levantamentos,101947.0,69810461.0
2025,Novembro,Cabo Delgado,Balama,Levantamentos,97272.0,65313852.0
2025,Dezembro,Cabo Delgado,Balama,Levantamentos,96239.0,73778286.0
2025,Janeiro,Cabo Delgado,Chiúre,Levantamentos,118445.0,95511168.2
2025,Fevereiro,Cabo Delgado,Chiúre,Levantamentos,139691.0,110008871.45
2025,Março,Cabo Delgado,Chiúre,Levantamentos,147719.0,113726750.66
2025,Abril,Cabo Delgado,Chiúre,Levantamentos,160408.0,141182130.0
2025,Maio,Cabo Delgado,Chiúre,Levantamentos,179125.0,155681868.0
2025,Junho,Cabo Delgado,Chiúre,Levantamentos,179252.0,144845084.0
2025,Julho,Cabo Delgado,Chiúre,Levantamentos,186358.0,133150917.0
2025,Agosto,Cabo Delgado,Chiúre,Levantamentos,172899.0,122035759.38
2025,Setembro,Cabo Delgado,Chiúre,Levantamentos,163851.0,109406171.0
2025,Outubro,Cabo Delgado,Chiúre,Levantamentos,200968.0,139899021.83
2025,Novembro,Cabo Delgado,Chiúre,Levantamentos,193223.0,147634825.32999998
2025,Dezembro,Cabo Delgado,Chiúre,Levantamentos,184224.0,163913701.24
2025,Janeiro,Cabo Delgado,Ibo,Levantamentos,22421.0,20783248.0
2025,Fevereiro,Cabo Delgado,Ibo,Levantamentos,25034.0,22410329.0
2025,Março,Cabo Delgado,Ibo,Levantamentos,29472.0,29626634.0
2025,Abril,Cabo Delgado,Ibo,Levantamentos,27463.0,23642948.0
2025,Maio,Cabo Delgado,Ibo,Levantamentos,19939.0,17944247.0
2025,Junho,Cabo Delgado,Ibo,Levantamentos,19359.0,19165423.0
2025,Julho,Cabo Delgado,Ibo,Levantamentos,19996.0,16791923.0
2025,Agosto,Cabo Delgado,Ibo,Levantamentos,19931.0,19728056.0
2025,Setembro,Cabo Delgado,Ibo,Levantamentos,19865.0,19626836.0
2025,Outubro,Cabo Delgado,Ibo,Levantamentos,23236.0,23256546.0
2025,Novembro,Cabo Delgado,Ibo,Levantamentos,23764.0,25776289.0
2025,Dezembro,Cabo Delgado,Ibo,Levantamentos,23150.0,25175957.0
2025,Janeiro,Cabo Delgado,Macomia,Levantamentos,43860.0,36876468.0
2025,Fevereiro,Cabo Delgado,Macomia,Levantamentos,53290.0,45622288.0
2025,Março,Cabo Delgado,Macomia,Levantamentos,59316.0,47753025.89
2025,Abril,Cabo Delgado,Macomia,Levantamentos,55704.0,40655046.0
2025,Maio,Cabo Delgado,Macomia,Levantamentos,59309.0,45878496.0
2025,Junho,Cabo Delgado,Macomia,Levantamentos,58703.0,46925441.0
2025,Julho,Cabo Delgado,Macomia,Levantamentos,58296.0,42881879.0
2025,Agosto,Cabo Delgado,Macomia,Levantamentos,54191.0,35923264.0
2025,Setembro,Cabo Delgado,Macomia,Levantamentos,57051.0,39204906.0
2025,Outubro,Cabo Delgado,Macomia,Levantamentos,64405.0,44950562.0
2025,Novembro,Cabo Delgado,Macomia,Levantamentos,65966.0,49866488.0
2025,Dezembro,Cabo Delgado,Macomia,Levantamentos,70032.0,55186170.0
2025,Janeiro,Cabo Delgado,Mecufi,Levantamentos,25989.0,14881503.0
2025,Fevereiro,Cabo Delgado,Mecufi,Levantamentos,34626.0,19779964.0
2025,Março,Cabo Delgado,Mecufi,Levantamentos,38528.0,19282247.0
2025,Abril,Cabo Delgado,Mecufi,Levantamentos,37240.0,18838478.0
2025,Maio,Cabo Delgado,Mecufi,Levantamentos,38469.0,19704315.0
2025,Junho,Cabo Delgado,Mecufi,Levantamentos,40590.0,20357256.0
2025,Julho,Cabo Delgado,Mecufi,Levantamentos,41689.0,21022708.0
2025,Agosto,Cabo Delgado,Mecufi,Levantamentos,43139.0,22176275.0
2025,Setembro,Cabo Delgado,Mecufi,Levantamentos,47623.0,23638326.0
2025,Outubro,Cabo Delgado,Mecufi,Levantamentos,59863.0,31461410.0
2025,Novembro,Cabo Delgado,Mecufi,Levantamentos,60962.0,34336689.0
2025,Dezembro,Cabo Delgado,Mecufi,Levantamentos,64689.0,41903220.0
2025,Janeiro,Cabo Delgado,Meluco,Levantamentos,10971.0,9499876.0
2025,Fevereiro,Cabo Delgado,Meluco,Levantamentos,15433.0,13976467.0
2025,Março,Cabo Delgado,Meluco,Levantamentos,16644.0,13026963.0
2025,Abril,Cabo Delgado,Meluco,Levantamentos,17346.0,10836775.0
2025,Maio,Cabo Delgado,Meluco,Levantamentos,18432.0,13944580.0
2025,Junho,Cabo Delgado,Meluco,Levantamentos,19436.0,12211518.0
2025,Julho,Cabo Delgado,Meluco,Levantamentos,21510.0,17090283.0
2025,Agosto,Cabo Delgado,Meluco,Levantamentos,22058.0,16836164.0
2025,Setembro,Cabo Delgado,Meluco,Levantamentos,21382.0,15877466.0
2025,Outubro,Cabo Delgado,Meluco,Levantamentos,28664.0,21673766.0
2025,Novembro,Cabo Delgado,Meluco,Levantamentos,27531.0,22938565.0
2025,Dezembro,Cabo Delgado,Meluco,Levantamentos,26391.0,21854034.0
2025,Janeiro,Cabo Delgado,Mocimboa da Praia,Levantamentos,112796.0,113340168.52000001
2025,Fevereiro,Cabo Delgado,Mocimboa da Praia,Levantamentos,125564.0,129955105.14999999
2025,Março,Cabo Delgado,Mocimboa da Praia,Levantamentos,139653.0,131620472.56
2025,Abril,Cabo Delgado,Mocimboa da Praia,Levantamentos,125065.0,104580898.9
2025,Maio,Cabo Delgado,Mocimboa da Praia,Levantamentos,140696.0,115734426.05
2025,Junho,Cabo Delgado,Mocimboa da Praia,Levantamentos,135573.0,115408287.58
2025,Julho,Cabo Delgado,Mocimboa da Praia,Levantamentos,134989.0,104933371.35
2025,Agosto,Cabo Delgado,Mocimboa da Praia,Levantamentos,132862.0,102339340.75999999
2025,Setembro,Cabo Delgado,Mocimboa da Praia,Levantamentos,119434.0,95152271.0
2025,Outubro,Cabo Delgado,Mocimboa da Praia,Levantamentos,88701.0,79862562.0
2025,Novembro,Cabo Delgado,Mocimboa da Praia,Levantamentos,89792.0,91653098.0
2025,Dezembro,Cabo Delgado,Mocimboa da Praia,Levantamentos,102207.0,107057455.0
2025,Janeiro,Cabo Delgado,Montepuez,Levantamentos,384558.0,283170392.86
2025,Fevereiro,Cabo Delgado,Montepuez,Levantamentos,443744.0,325857406.88
2025,Março,Cabo Delgado,Montepuez,Levantamentos,471751.0,360004159.39
2025,Abril,Cabo Delgado,Montepuez,Levantamentos,498179.0,341419694.0
2025,Maio,Cabo Delgado,Montepuez,Levantamentos,551408.0,386784899.7
2025,Junho,Cabo Delgado,Montepuez,Levantamentos,538241.0,364410054.1
2025,Julho,Cabo Delgado,Montepuez,Levantamentos,547282.0,367173973.1
2025,Agosto,Cabo Delgado,Montepuez,Levantamentos,538862.0,338274319.7
2025,Setembro,Cabo Delgado,Montepuez,Levantamentos,523909.0,326487554.0
2025,Outubro,Cabo Delgado,Montepuez,Levantamentos,640533.0,421491373.0
2025,Novembro,Cabo Delgado,Montepuez,Levantamentos,617911.0,400522737.0
2025,Dezembro,Cabo Delgado,Montepuez,Levantamentos,618610.0,488556452.0
2025,Janeiro,Cabo Delgado,Mueda,Levantamentos,159054.0,151329302.0
2025,Fevereiro,Cabo Delgado,Mueda,Levantamentos,196430.0,200035674.97
2025,Março,Cabo Delgado,Mueda,Levantamentos,202433.0,185489222.0
2025,Abril,Cabo Delgado,Mueda,Levantamentos,192419.0,141679242.82
2025,Maio,Cabo Delgado,Mueda,Levantamentos,239970.0,221549677.4
2025,Junho,Cabo Delgado,Mueda,Levantamentos,233786.0,205655753.34
2025,Julho,Cabo Delgado,Mueda,Levantamentos,233670.0,183626480.03
2025,Agosto,Cabo Delgado,Mueda,Levantamentos,224571.0,170882692.0
2025,Setembro,Cabo Delgado,Mueda,Levantamentos,222910.0,175360057.6
2025,Outubro,Cabo Delgado,Mueda,Levantamentos,274546.0,213916341.2
2025,Novembro,Cabo Delgado,Mueda,Levantamentos,254872.0,212471475.0
2025,Dezembro,Cabo Delgado,Mueda,Levantamentos,256598.0,234418247.0
2025,Janeiro,Cabo Delgado,Muidumbe,Levantamentos,26448.0,22056932.0
2025,Fevereiro,Cabo Delgado,Muidumbe,Levantamentos,35037.0,33948773.0
2025,Março,Cabo Delgado,Muidumbe,Levantamentos,33998.0,30504425.0
2025,Abril,Cabo Delgado,Muidumbe,Levantamentos,29660.0,21493075.0
2025,Maio,Cabo Delgado,Muidumbe,Levantamentos,40215.0,37544563.0
2025,Junho,Cabo Delgado,Muidumbe,Levantamentos,39076.0,32305854.0
2025,Julho,Cabo Delgado,Muidumbe,Levantamentos,39223.0,30243161.0
2025,Agosto,Cabo Delgado,Muidumbe,Levantamentos,38162.0,26223187.0
2025,Setembro,Cabo Delgado,Muidumbe,Levantamentos,38960.0,29925786.0
2025,Outubro,Cabo Delgado,Muidumbe,Levantamentos,46657.0,37074825.0
2025,Novembro,Cabo Delgado,Muidumbe,Levantamentos,44359.0,37764202.0
2025,Dezembro,Cabo Delgado,Muidumbe,Levantamentos,47640.0,44784715.0
2025,Janeiro,Cabo Delgado,Namuno,Levantamentos,51322.0,43103219.0
2025,Fevereiro,Cabo Delgado,Namuno,Levantamentos,59932.0,51163266.0
2025,Março,Cabo Delgado,Namuno,Levantamentos,68199.0,60119158.32
2025,Abril,Cabo Delgado,Namuno,Levantamentos,75354.0,65377746.34
2025,Maio,Cabo Delgado,Namuno,Levantamentos,78269.0,68813832.0
2025,Junho,Cabo Delgado,Namuno,Levantamentos,79458.0,77051658.65
2025,Julho,Cabo Delgado,Namuno,Levantamentos,84007.0,73420175.66
2025,Agosto,Cabo Delgado,Namuno,Levantamentos,86056.0,73823673.0
2025,Setembro,Cabo Delgado,Namuno,Levantamentos,79987.0,62810074.34
2025,Outubro,Cabo Delgado,Namuno,Levantamentos,101974.0,85448593.0
2025,Novembro,Cabo Delgado,Namuno,Levantamentos,96546.0,79746854.99
2025,Dezembro,Cabo Delgado,Namuno,Levantamentos,94068.0,83828044.0
2025,Janeiro,Cabo Delgado,Nangade,Levantamentos,31911.0,31256708.0
2025,Fevereiro,Cabo Delgado,Nangade,Levantamentos,45762.0,41019747.0
2025,Março,Cabo Delgado,Nangade,Levantamentos,44278.0,34764249.0
2025,Abril,Cabo Delgado,Nangade,Levantamentos,41965.0,28614248.0
2025,Maio,Cabo Delgado,Nangade,Levantamentos,47806.0,42677507.7
2025,Junho,Cabo Delgado,Nangade,Levantamentos,47038.0,46699829.02
2025,Julho,Cabo Delgado,Nangade,Levantamentos,46515.0,34844011.67
2025,Agosto,Cabo Delgado,Nangade,Levantamentos,47054.0,29989234.66
2025,Setembro,Cabo Delgado,Nangade,Levantamentos,52047.0,34170803.6
2025,Outubro,Cabo Delgado,Nangade,Levantamentos,55437.0,45560934.62
2025,Novembro,Cabo Delgado,Nangade,Levantamentos,39360.0,62675667.85
2025,Dezembro,Cabo Delgado,Nangade,Levantamentos,43185.0,42256565.78
2025,Janeiro,Cabo Delgado,Palma,Levantamentos,82033.0,73697937.74000001
2025,Fevereiro,Cabo Delgado,Palma,Levantamentos,86124.0,80465505.65
2025,Março,Cabo Delgado,Palma,Levantamentos,100950.0,113183396.26
2025,Abril,Cabo Delgado,Palma,Levantamentos,93388.0,92144862.1
2025,Maio,Cabo Delgado,Palma,Levantamentos,104692.0,97585450.92
2025,Junho,Cabo Delgado,Palma,Levantamentos,105367.0,98396723.35
2025,Julho,Cabo Delgado,Palma,Levantamentos,111287.0,105785577.32
2025,Agosto,Cabo Delgado,Palma,Levantamentos,109745.0,102578258.18
2025,Setembro,Cabo Delgado,Palma,Levantamentos,108331.0,97225172.0
2025,Outubro,Cabo Delgado,Palma,Levantamentos,109946.0,104147404.9
2025,Novembro,Cabo Delgado,Palma,Levantamentos,117364.0,127200684.0
2025,Dezembro,Cabo Delgado,Palma,Levantamentos,128519.0,149744302.25
2025,Janeiro,Cabo Delgado,Pemba-Metuge,Levantamentos,69245.0,40187256.0
2025,Fevereiro,Cabo Delgado,Pemba-Metuge,Levantamentos,81034.0,46334789.0
2025,Março,Cabo Delgado,Pemba-Metuge,Levantamentos,90536.0,48502911.0
2025,Abril,Cabo Delgado,Pemba-Metuge,Levantamentos,91910.0,45235618.0
2025,Maio,Cabo Delgado,Pemba-Metuge,Levantamentos,107227.0,59455234.0
2025,Junho,Cabo Delgado,Pemba-Metuge,Levantamentos,107242.0,59453859.0
2025,Julho,Cabo Delgado,Pemba-Metuge,Levantamentos,1240959.0,706746767.0
2025,Agosto,Cabo Delgado,Pemba-Metuge,Levantamentos,1246561.0,674446433.0
2025,Setembro,Cabo Delgado,Pemba-Metuge,Levantamentos,111228.0,55675302.0
2025,Outubro,Cabo Delgado,Pemba-Metuge,Levantamentos,1384673.0,790187347.33
2025,Novembro,Cabo Delgado,Pemba-Metuge,Levantamentos,137125.0,68808454.33
2025,Dezembro,Cabo Delgado,Pemba-Metuge,Levantamentos,137423.0,78378361.9
2025,Janeiro,Cabo Delgado,Quissanga,Levantamentos,10355.0,9654532.0
2025,Fevereiro,Cabo Delgado,Quissanga,Levantamentos,12423.0,11082352.0
2025,Março,Cabo Delgado,Quissanga,Levantamentos,13568.0,11800558.0
2025,Abril,Cabo Delgado,Quissanga,Levantamentos,13248.0,11592797.0
2025,Maio,Cabo Delgado,Quissanga,Levantamentos,24184.0,19817345.0
2025,Junho,Cabo Delgado,Quissanga,Levantamentos,23586.0,21062383.0
2025,Julho,Cabo Delgado,Quissanga,Levantamentos,24653.0,22951724.0
2025,Agosto,Cabo Delgado,Quissanga,Levantamentos,26215.0,21338124.0
2025,Setembro,Cabo Delgado,Quissanga,Levantamentos,27340.0,21112957.0
2025,Outubro,Cabo Delgado,Quissanga,Levantamentos,33020.0,25360709.0
2025,Novembro,Cabo Delgado,Quissanga,Levantamentos,31901.0,26419771.0
2025,Dezembro,Cabo Delgado,Quissanga,Levantamentos,32399.0,26896240.0
2025,Janeiro,Niassa,Cidade de Lichinga,Levantamentos,635788.0,412097500.8
2025,Fevereiro,Niassa,Cidade de Lichinga,Levantamentos,724683.0,479211285.15
2025,Março,Niassa,Cidade de Lichinga,Levantamentos,802767.0,576863604.04
2025,Abril,Niassa,Cidade de Lichinga,Levantamentos,825814.0,650684060.89
2025,Maio,Niassa,Cidade de Lichinga,Levantamentos,881719.0,643028978.0
2025,Junho,Niassa,Cidade de Lichinga,Levantamentos,802819.0,635384324.37
2025,Julho,Niassa,Cidade de Lichinga,Levantamentos,834686.0,612812409.05
2025,Agosto,Niassa,Cidade de Lichinga,Levantamentos,848697.0,574793776.93
2025,Setembro,Niassa,Cidade de Lichinga,Levantamentos,817934.0,535193371.0
2025,Outubro,Niassa,Cidade de Lichinga,Levantamentos,941918.0,633677264.0
2025,Novembro,Niassa,Cidade de Lichinga,Levantamentos,858103.0,623034786.14
2025,Dezembro,Niassa,Cidade de Lichinga,Levantamentos,812847.0,665629286.69
2025,Janeiro,Niassa,Cuamba,Levantamentos,247908.0,131474996.94
2025,Fevereiro,Niassa,Cuamba,Levantamentos,268823.0,148504931.82
2025,Março,Niassa,Cuamba,Levantamentos,288200.0,154780466.23
2025,Abril,Niassa,Cuamba,Levantamentos,284756.0,168388316.9
2025,Maio,Niassa,Cuamba,Levantamentos,306021.0,212500574.91
2025,Junho,Niassa,Cuamba,Levantamentos,290714.0,198629008.18
2025,Julho,Niassa,Cuamba,Levantamentos,295486.0,179939494.14
2025,Agosto,Niassa,Cuamba,Levantamentos,295273.0,180740665.26
2025,Setembro,Niassa,Cuamba,Levantamentos,285345.0,167233553.19
2025,Outubro,Niassa,Cuamba,Levantamentos,320250.0,184736788.0
2025,Novembro,Niassa,Cuamba,Levantamentos,296655.0,181532294.0
2025,Dezembro,Niassa,Cuamba,Levantamentos,289943.0,196881256.0
2025,Janeiro,Niassa,Lago,Levantamentos,71257.0,43210332.0
2025,Fevereiro,Niassa,Lago,Levantamentos,83465.0,54815046.98
2025,Março,Niassa,Lago,Levantamentos,89698.0,55403886.0
2025,Abril,Niassa,Lago,Levantamentos,89759.0,51340279.0
2025,Maio,Niassa,Lago,Levantamentos,97505.0,60813043.0
2025,Junho,Niassa,Lago,Levantamentos,90881.0,60379029.0
2025,Julho,Niassa,Lago,Levantamentos,94779.0,62254548.0
2025,Agosto,Niassa,Lago,Levantamentos,96772.0,63527079.0
2025,Setembro,Niassa,Lago,Levantamentos,99430.0,73745745.0
2025,Outubro,Niassa,Lago,Levantamentos,116523.0,92697956.0
2025,Novembro,Niassa,Lago,Levantamentos,108346.0,81308186.0
2025,Dezembro,Niassa,Lago,Levantamentos,120404.0,88835506.0
2025,Janeiro,Niassa,Manjune,Levantamentos,18516.0,10569951.0
2025,Fevereiro,Niassa,Manjune,Levantamentos,21406.0,12288469.0
2025,Março,Niassa,Manjune,Levantamentos,23594.0,12016329.0
2025,Abril,Niassa,Manjune,Levantamentos,23520.0,11740593.0
2025,Maio,Niassa,Manjune,Levantamentos,24112.0,13984814.0
2025,Junho,Niassa,Manjune,Levantamentos,24372.0,14569569.0
2025,Julho,Niassa,Manjune,Levantamentos,25539.0,14554609.0
2025,Agosto,Niassa,Manjune,Levantamentos,25925.0,14346953.0
2025,Setembro,Niassa,Manjune,Levantamentos,24805.0,12715555.0
2025,Outubro,Niassa,Manjune,Levantamentos,29779.0,16176472.0
2025,Novembro,Niassa,Manjune,Levantamentos,27928.0,14732628.0
2025,Dezembro,Niassa,Manjune,Levantamentos,29443.0,18794167.0
2025,Janeiro,Niassa,Mandimba,Levantamentos,101445.0,84274055.8
2025,Fevereiro,Niassa,Mandimba,Levantamentos,113425.0,103459941.0
2025,Março,Niassa,Mandimba,Levantamentos,123995.0,105077059.5
2025,Abril,Niassa,Mandimba,Levantamentos,119370.0,106450730.0
2025,Maio,Niassa,Mandimba,Levantamentos,124148.0,126888598.64
2025,Junho,Niassa,Mandimba,Levantamentos,124858.0,138799378.0
2025,Julho,Niassa,Mandimba,Levantamentos,163310.0,168018840.0
2025,Agosto,Niassa,Mandimba,Levantamentos,165891.0,175270410.05
2025,Setembro,Niassa,Mandimba,Levantamentos,140762.0,142328194.12
2025,Outubro,Niassa,Mandimba,Levantamentos,160614.0,156155693.8
2025,Novembro,Niassa,Mandimba,Levantamentos,153586.0,154891667.0
2025,Dezembro,Niassa,Mandimba,Levantamentos,149180.0,170653230.0
2025,Janeiro,Niassa,Marrupa,Levantamentos,44971.0,42359498.0
2025,Fevereiro,Niassa,Marrupa,Levantamentos,51950.0,47304185.0
2025,Março,Niassa,Marrupa,Levantamentos,55411.0,50347344.0
2025,Abril,Niassa,Marrupa,Levantamentos,55050.0,48902060.0
2025,Maio,Niassa,Marrupa,Levantamentos,63598.0,65259729.0
2025,Junho,Niassa,Marrupa,Levantamentos,65936.0,60964704.0
2025,Julho,Niassa,Marrupa,Levantamentos,64610.0,56511644.0
2025,Agosto,Niassa,Marrupa,Levantamentos,61529.0,58432388.0
2025,Setembro,Niassa,Marrupa,Levantamentos,59109.0,51282048.0
2025,Outubro,Niassa,Marrupa,Levantamentos,73060.0,64206165.0
2025,Novembro,Niassa,Marrupa,Levantamentos,69181.0,60677684.0
2025,Dezembro,Niassa,Marrupa,Levantamentos,52608.0,54660083.0
2025,Janeiro,Niassa,Maúa,Levantamentos,19374.0,10112905.0
2025,Fevereiro,Niassa,Maúa,Levantamentos,22842.0,12501681.0
2025,Março,Niassa,Maúa,Levantamentos,23366.0,10815544.0
2025,Abril,Niassa,Maúa,Levantamentos,25564.0,13843004.0
2025,Maio,Niassa,Maúa,Levantamentos,28117.0,18641875.0
2025,Junho,Niassa,Maúa,Levantamentos,25208.0,15057059.0
2025,Julho,Niassa,Maúa,Levantamentos,23644.0,13974587.0
2025,Agosto,Niassa,Maúa,Levantamentos,24092.0,14747257.19
2025,Setembro,Niassa,Maúa,Levantamentos,23862.0,12931572.0
2025,Outubro,Niassa,Maúa,Levantamentos,29461.0,16017429.0
2025,Novembro,Niassa,Maúa,Levantamentos,27216.0,14163360.0
2025,Dezembro,Niassa,Maúa,Levantamentos,27133.0,14991546.0
2025,Janeiro,Niassa,Mavago,Levantamentos,10969.0,6343265.0
2025,Fevereiro,Niassa,Mavago,Levantamentos,13327.0,8060760.0
2025,Março,Niassa,Mavago,Levantamentos,15534.0,8591726.0
2025,Abril,Niassa,Mavago,Levantamentos,15286.0,9455368.6
2025,Maio,Niassa,Mavago,Levantamentos,16051.0,13072202.0
2025,Junho,Niassa,Mavago,Levantamentos,18034.0,15118126.0
2025,Julho,Niassa,Mavago,Levantamentos,19381.0,12721860.0
2025,Agosto,Niassa,Mavago,Levantamentos,18898.0,10391801.0
2025,Setembro,Niassa,Mavago,Levantamentos,18889.0,10854990.0
2025,Outubro,Niassa,Mavago,Levantamentos,22595.0,16374919.0
2025,Novembro,Niassa,Mavago,Levantamentos,17166.0,12079547.0
2025,Dezembro,Niassa,Mavago,Levantamentos,15515.0,9515350.0
2025,Janeiro,Niassa,Mecanhelas,Levantamentos,70019.0,39596333.83
2025,Fevereiro,Niassa,Mecanhelas,Levantamentos,72858.0,42518290.0
2025,Março,Niassa,Mecanhelas,Levantamentos,79533.0,45415657.95
2025,Abril,Niassa,Mecanhelas,Levantamentos,76594.0,46162124.2
2025,Maio,Niassa,Mecanhelas,Levantamentos,78310.0,47502269.95
2025,Junho,Niassa,Mecanhelas,Levantamentos,75862.0,46122059.24
2025,Julho,Niassa,Mecanhelas,Levantamentos,77507.0,41880266.77
2025,Agosto,Niassa,Mecanhelas,Levantamentos,78029.0,42013109.0
2025,Setembro,Niassa,Mecanhelas,Levantamentos,76540.0,42629885.5
2025,Outubro,Niassa,Mecanhelas,Levantamentos,93326.0,54402685.0
2025,Novembro,Niassa,Mecanhelas,Levantamentos,84611.0,52158743.0
2025,Dezembro,Niassa,Mecanhelas,Levantamentos,81830.0,59453345.0
2025,Janeiro,Niassa,Mecula,Levantamentos,9771.0,7719713.0
2025,Fevereiro,Niassa,Mecula,Levantamentos,11115.0,9259865.0
2025,Março,Niassa,Mecula,Levantamentos,10844.0,9413496.0
2025,Abril,Niassa,Mecula,Levantamentos,12357.0,10176372.9
2025,Maio,Niassa,Mecula,Levantamentos,15611.0,11949749.5
2025,Junho,Niassa,Mecula,Levantamentos,16309.0,14178216.0
2025,Julho,Niassa,Mecula,Levantamentos,15168.0,10212865.0
2025,Agosto,Niassa,Mecula,Levantamentos,13739.0,9126475.0
2025,Setembro,Niassa,Mecula,Levantamentos,14580.0,12358216.0
2025,Outubro,Niassa,Mecula,Levantamentos,15482.0,13072955.0
2025,Novembro,Niassa,Mecula,Levantamentos,14619.0,11033147.0
2025,Dezembro,Niassa,Mecula,Levantamentos,15388.0,13400289.0
2025,Janeiro,Niassa,Metarica,Levantamentos,18557.0,9945319.0
2025,Fevereiro,Niassa,Metarica,Levantamentos,21641.0,12192286.5
2025,Março,Niassa,Metarica,Levantamentos,22632.0,11375029.0
2025,Abril,Niassa,Metarica,Levantamentos,23303.0,15259433.0
2025,Maio,Niassa,Metarica,Levantamentos,23799.0,20986323.0
2025,Junho,Niassa,Metarica,Levantamentos,21908.0,15626232.0
2025,Julho,Niassa,Metarica,Levantamentos,22174.0,14764410.0
2025,Agosto,Niassa,Metarica,Levantamentos,21693.0,16015969.0
2025,Setembro,Niassa,Metarica,Levantamentos,22808.0,16448329.0
2025,Outubro,Niassa,Metarica,Levantamentos,27610.0,16153759.0
2025,Novembro,Niassa,Metarica,Levantamentos,24083.0,13493895.0
2025,Dezembro,Niassa,Metarica,Levantamentos,21825.0,13891555.0
2025,Janeiro,Niassa,Muembe,Levantamentos,19438.0,12071106.0
2025,Fevereiro,Niassa,Muembe,Levantamentos,22567.0,15286527.0
2025,Março,Niassa,Muembe,Levantamentos,23935.0,12369162.0
2025,Abril,Niassa,Muembe,Levantamentos,24312.0,11992402.0
2025,Maio,Niassa,Muembe,Levantamentos,25112.0,18052717.0
2025,Junho,Niassa,Muembe,Levantamentos,25634.0,20138803.0
2025,Julho,Niassa,Muembe,Levantamentos,25672.0,16911034.0
2025,Agosto,Niassa,Muembe,Levantamentos,25734.0,15897529.0
2025,Setembro,Niassa,Muembe,Levantamentos,26285.0,16471825.0
2025,Outubro,Niassa,Muembe,Levantamentos,32238.0,18643255.0
2025,Novembro,Niassa,Muembe,Levantamentos,28211.0,15654804.0
2025,Dezembro,Niassa,Muembe,Levantamentos,30118.0,20289568.0
2025,Janeiro,Niassa,N´gauma,Levantamentos,13705.0,10623703.0
2025,Fevereiro,Niassa,N´gauma,Levantamentos,16725.0,12854794.0
2025,Março,Niassa,N´gauma,Levantamentos,18401.0,13525330.0
2025,Abril,Niassa,N´gauma,Levantamentos,17875.0,12671976.0
2025,Maio,Niassa,N´gauma,Levantamentos,16521.0,13734337.23
2025,Junho,Niassa,N´gauma,Levantamentos,18150.0,16902350.0
2025,Julho,Niassa,N´gauma,Levantamentos,20435.0,16748071.0
2025,Agosto,Niassa,N´gauma,Levantamentos,19511.0,15153182.0
2025,Setembro,Niassa,N´gauma,Levantamentos,19597.0,13118961.0
2025,Outubro,Niassa,N´gauma,Levantamentos,23240.0,15283537.0
2025,Novembro,Niassa,N´gauma,Levantamentos,21718.0,14573055.0
2025,Dezembro,Niassa,N´gauma,Levantamentos,20872.0,16113024.0
2025,Janeiro,Niassa,Nipepe,Levantamentos,12917.0,7392829.0
2025,Fevereiro,Niassa,Nipepe,Levantamentos,13385.0,7723085.0
2025,Março,Niassa,Nipepe,Levantamentos,14389.0,7594111.0
2025,Abril,Niassa,Nipepe,Levantamentos,16240.0,8178621.0
2025,Maio,Niassa,Nipepe,Levantamentos,19681.0,15106222.0
2025,Junho,Niassa,Nipepe,Levantamentos,17947.0,14440474.0
2025,Julho,Niassa,Nipepe,Levantamentos,18327.0,16557920.0
2025,Agosto,Niassa,Nipepe,Levantamentos,19396.0,16004569.0
2025,Setembro,Niassa,Nipepe,Levantamentos,18708.0,14233853.0
2025,Outubro,Niassa,Nipepe,Levantamentos,23477.0,15464714.0
2025,Novembro,Niassa,Nipepe,Levantamentos,21183.0,12129894.0
2025,Dezembro,Niassa,Nipepe,Levantamentos,22580.0,14168060.0
2025,Janeiro,Niassa,Sanga,Levantamentos,31950.0,20922058.0
2025,Fevereiro,Niassa,Sanga,Levantamentos,42342.0,29704642.0
2025,Março,Niassa,Sanga,Levantamentos,47981.0,27098188.0
2025,Abril,Niassa,Sanga,Levantamentos,47058.0,26607291.0
2025,Maio,Niassa,Sanga,Levantamentos,44860.0,33987485.0
2025,Junho,Niassa,Sanga,Levantamentos,45929.0,35242587.0
2025,Julho,Niassa,Sanga,Levantamentos,47746.0,35347980.0
2025,Agosto,Niassa,Sanga,Levantamentos,47473.0,29484799.0
2025,Setembro,Niassa,Sanga,Levantamentos,50828.0,31153288.0
2025,Outubro,Niassa,Sanga,Levantamentos,59066.0,34207449.0
2025,Novembro,Niassa,Sanga,Levantamentos,54389.0,35152935.0
2025,Dezembro,Niassa,Sanga,Levantamentos,55105.0,37648098.0
2025,Janeiro,Niassa,Chimbunhila,Levantamentos,19609.0,14465710.0
2025,Fevereiro,Niassa,Chimbunhila,Levantamentos,23883.0,17676971.0
2025,Março,Niassa,Chimbunhila,Levantamentos,27916.0,18957981.0
2025,Abril,Niassa,Chimbunhila,Levantamentos,25650.0,14845177.0
2025,Maio,Niassa,Chimbunhila,Levantamentos,24209.0,16792705.0
2025,Junho,Niassa,Chimbunhila,Levantamentos,25131.0,20952855.0
2025,Julho,Niassa,Chimbunhila,Levantamentos,28713.0,24194783.0
2025,Agosto,Niassa,Chimbunhila,Levantamentos,29770.0,19352835.0
2025,Setembro,Niassa,Chimbunhila,Levantamentos,32548.0,19621571.0
2025,Outubro,Niassa,Chimbunhila,Levantamentos,36480.0,22133586.0
2025,Novembro,Niassa,Chimbunhila,Levantamentos,30374.0,20064785.0
2025,Dezembro,Niassa,Chimbunhila,Levantamentos,31788.0,20214881.0
2025,Janeiro,Província de Maputo,Cidade de Maputo,Transferências,10200184.0,10378124695.76
2025,Fevereiro,Província de Maputo,Cidade de Maputo,Transferências,13081097.0,12156180204.96
2025,Março,Província de Maputo,Cidade de Maputo,Transferências,15164113.0,14094445216.64
2025,Abril,Província de Maputo,Cidade de Maputo,Transferências,15525870.0,14590700792.76
2025,Maio,Província de Maputo,Cidade de Maputo,Transferências,17288790.0,16409237274.46
2025,Junho,Província de Maputo,Cidade de Maputo,Transferências,17411524.0,16551624984.23
2025,Julho,Província de Maputo,Cidade de Maputo,Transferências,18606126.0,18090195424.94
2025,Agosto,Província de Maputo,Cidade de Maputo,Transferências,16195330.0,17447139829.95
2025,Setembro,Província de Maputo,Cidade de Maputo,Transferências,14582202.0,16066053431.73
2025,Outubro,Província de Maputo,Cidade de Maputo,Transferências,14497855.0,16660554076.52
2025,Novembro,Província de Maputo,Cidade de Maputo,Transferências,15831961.0,17979327148.48
2025,Dezembro,Província de Maputo,Cidade de Maputo,Transferências,17954439.0,22269333379.4
2025,Janeiro,Província de Maputo,Cidade da Matola,Transferências,10402945.0,9416869582.64
2025,Fevereiro,Província de Maputo,Cidade da Matola,Transferências,10741116.0,10130171535.8
2025,Março,Província de Maputo,Cidade da Matola,Transferências,13001277.0,12485337637.810001
2025,Abril,Província de Maputo,Cidade da Matola,Transferências,11907839.0,11130171500.029999
2025,Maio,Província de Maputo,Cidade da Matola,Transferências,13080714.0,12685351719.51
2025,Junho,Província de Maputo,Cidade da Matola,Transferências,12670821.0,12177026228.9
2025,Julho,Província de Maputo,Cidade da Matola,Transferências,13228143.0,13016943783.04
2025,Agosto,Província de Maputo,Cidade da Matola,Transferências,13896511.0,13477219204.68
2025,Setembro,Província de Maputo,Cidade da Matola,Transferências,13643402.0,13261776519.74
2025,Outubro,Província de Maputo,Cidade da Matola,Transferências,12932782.0,12827619159.55
2025,Novembro,Província de Maputo,Cidade da Matola,Transferências,14054025.0,13664272141.689999
2025,Dezembro,Província de Maputo,Cidade da Matola,Transferências,15674167.0,16469844360.48
2025,Janeiro,Província de Maputo,Boane,Transferências,2442856.0,1998242221.45
2025,Fevereiro,Província de Maputo,Boane,Transferências,2566605.0,2157487793.21
2025,Março,Província de Maputo,Boane,Transferências,2864428.0,2416904921.48
2025,Abril,Província de Maputo,Boane,Transferências,2675409.0,2242361526.8900003
2025,Maio,Província de Maputo,Boane,Transferências,2972225.0,2605867416.2200003
2025,Junho,Província de Maputo,Boane,Transferências,3083086.0,2733083531.4
2025,Julho,Província de Maputo,Boane,Transferências,3194843.0,2910962720.65
2025,Agosto,Província de Maputo,Boane,Transferências,3232038.0,2789010513.1800003
2025,Setembro,Província de Maputo,Boane,Transferências,3160937.0,2779811516.25
2025,Outubro,Província de Maputo,Boane,Transferências,3271491.0,2994331485.4300003
2025,Novembro,Província de Maputo,Boane,Transferências,3529021.0,3144239030.58
2025,Dezembro,Província de Maputo,Boane,Transferências,4171534.0,4089127712.59
2025,Janeiro,Província de Maputo,Magude,Transferências,171833.0,127728892.78
2025,Fevereiro,Província de Maputo,Magude,Transferências,180494.0,134272585.76
2025,Março,Província de Maputo,Magude,Transferências,193746.0,132731868.03999999
2025,Abril,Província de Maputo,Magude,Transferências,224233.0,158236994.28
2025,Maio,Província de Maputo,Magude,Transferências,230106.0,160551595.31
2025,Junho,Província de Maputo,Magude,Transferências,236079.0,160873895.7
2025,Julho,Província de Maputo,Magude,Transferências,252223.0,179035598.51999998
2025,Agosto,Província de Maputo,Magude,Transferências,264028.0,174151236.35
2025,Setembro,Província de Maputo,Magude,Transferências,271643.0,179477066.03
2025,Outubro,Província de Maputo,Magude,Transferências,273701.0,177971198.75
2025,Novembro,Província de Maputo,Magude,Transferências,302453.0,198220161.43
2025,Dezembro,Província de Maputo,Magude,Transferências,359290.0,296756937.09000003
2025,Janeiro,Província de Maputo,Manhiça,Transferências,753632.0,553950688.74
2025,Fevereiro,Província de Maputo,Manhiça,Transferências,748116.0,608494686.9100001
2025,Março,Província de Maputo,Manhiça,Transferências,754154.0,637580159.0699999
2025,Abril,Província de Maputo,Manhiça,Transferências,900769.0,726051984.26
2025,Maio,Província de Maputo,Manhiça,Transferências,976768.0,791587495.45
2025,Junho,Província de Maputo,Manhiça,Transferências,976013.0,745061543.9100001
2025,Julho,Província de Maputo,Manhiça,Transferências,1043317.0,807350356.61
2025,Agosto,Província de Maputo,Manhiça,Transferências,1123489.0,849099564.69
2025,Setembro,Província de Maputo,Manhiça,Transferências,1096493.0,827064158.01
2025,Outubro,Província de Maputo,Manhiça,Transferências,852714.0,680555991.68
2025,Novembro,Província de Maputo,Manhiça,Transferências,1232193.0,988622990.19
2025,Dezembro,Província de Maputo,Manhiça,Transferências,1384794.0,1240958627.22
2025,Janeiro,Província de Maputo,Marracuene,Transferências,2130807.0,1891103614.44
2025,Fevereiro,Província de Maputo,Marracuene,Transferências,2107297.0,1907247662.4
2025,Março,Província de Maputo,Marracuene,Transferências,2342727.0,2059160263.3200002
2025,Abril,Província de Maputo,Marracuene,Transferências,2478009.0,2244850904.66
2025,Maio,Província de Maputo,Marracuene,Transferências,2356718.0,2149810803.3
2025,Junho,Província de Maputo,Marracuene,Transferências,2178262.0,1852473219.01
2025,Julho,Província de Maputo,Marracuene,Transferências,2276443.0,1958245429.0
2025,Agosto,Província de Maputo,Marracuene,Transferências,2374394.0,1987280711.8400002
2025,Setembro,Província de Maputo,Marracuene,Transferências,2552329.0,2203567033.91
2025,Outubro,Província de Maputo,Marracuene,Transferências,2501237.0,2205189432.27
2025,Novembro,Província de Maputo,Marracuene,Transferências,2912617.0,2603812538.51
2025,Dezembro,Província de Maputo,Marracuene,Transferências,3372061.0,3319861750.01
2025,Janeiro,Província de Maputo,Matutuíne,Transferências,343345.0,257485740.04
2025,Fevereiro,Província de Maputo,Matutuíne,Transferências,351578.0,266120013.03
2025,Março,Província de Maputo,Matutuíne,Transferências,403374.0,311988749.15
2025,Abril,Província de Maputo,Matutuíne,Transferências,426019.0,330761189.96000004
2025,Maio,Província de Maputo,Matutuíne,Transferências,396243.0,320517573.85
2025,Junho,Província de Maputo,Matutuíne,Transferências,363413.0,242268764.38
2025,Julho,Província de Maputo,Matutuíne,Transferências,395373.0,268234632.64
2025,Agosto,Província de Maputo,Matutuíne,Transferências,400900.0,266217687.7
2025,Setembro,Província de Maputo,Matutuíne,Transferências,425623.0,301274020.39
2025,Outubro,Província de Maputo,Matutuíne,Transferências,444460.0,325402898.09000003
2025,Novembro,Província de Maputo,Matutuíne,Transferências,530064.0,386396979.53999996
2025,Dezembro,Província de Maputo,Matutuíne,Transferências,634143.0,543460977.37
2025,Janeiro,Província de Maputo,Namaacha,Transferências,156268.0,126046751.63
2025,Fevereiro,Província de Maputo,Namaacha,Transferências,160668.0,141368820.2
2025,Março,Província de Maputo,Namaacha,Transferências,177466.0,148686485.61
2025,Abril,Província de Maputo,Namaacha,Transferências,200080.0,163456793.75
2025,Maio,Província de Maputo,Namaacha,Transferências,192294.0,176310217.91
2025,Junho,Província de Maputo,Namaacha,Transferências,184890.0,150322872.63
2025,Julho,Província de Maputo,Namaacha,Transferências,203173.0,173234806.07999998
2025,Agosto,Província de Maputo,Namaacha,Transferências,211887.0,179383186.7
2025,Setembro,Província de Maputo,Namaacha,Transferências,211066.0,171665368.11
2025,Outubro,Província de Maputo,Namaacha,Transferências,220633.0,188327883.87
2025,Novembro,Província de Maputo,Namaacha,Transferências,234311.0,200617646.41
2025,Dezembro,Província de Maputo,Namaacha,Transferências,276025.0,254813223.44
2025,Janeiro,Província de Maputo,Moamba,Transferências,775710.0,969333019.8
2025,Fevereiro,Província de Maputo,Moamba,Transferências,862679.0,1193078269.03
2025,Março,Província de Maputo,Moamba,Transferências,966811.0,1416230300.85
2025,Abril,Província de Maputo,Moamba,Transferências,1115784.0,1573953058.45
2025,Maio,Província de Maputo,Moamba,Transferências,1047523.0,1392531220.44
2025,Junho,Província de Maputo,Moamba,Transferências,882496.0,954016632.58
2025,Julho,Província de Maputo,Moamba,Transferências,935975.0,1027108708.5
2025,Agosto,Província de Maputo,Moamba,Transferências,976720.0,1093526249.87
2025,Setembro,Província de Maputo,Moamba,Transferências,1016753.0,1114493241.19
2025,Outubro,Província de Maputo,Moamba,Transferências,1092615.0,1330628179.05
2025,Novembro,Província de Maputo,Moamba,Transferências,1214943.0,1482876032.5900002
2025,Dezembro,Província de Maputo,Moamba,Transferências,1316563.0,1593392221.46
2025,Janeiro,Gaza,Cidade de Xai-Xai,Transferências,1104024.0,910621521.3399999
2025,Fevereiro,Gaza,Cidade de Xai-Xai,Transferências,1154392.0,1007229251.9100001
2025,Março,Gaza,Cidade de Xai-Xai,Transferências,1314317.0,1111293708.95
2025,Abril,Gaza,Cidade de Xai-Xai,Transferências,1379209.0,1204994731.45
2025,Maio,Gaza,Cidade de Xai-Xai,Transferências,1520463.0,1343104542.33
2025,Junho,Gaza,Cidade de Xai-Xai,Transferências,1490399.0,1289475372.31
2025,Julho,Gaza,Cidade de Xai-Xai,Transferências,1603088.0,1414806401.75
2025,Agosto,Gaza,Cidade de Xai-Xai,Transferências,1624484.0,1390222881.07
2025,Setembro,Gaza,Cidade de Xai-Xai,Transferências,1512584.0,1267503581.24
2025,Outubro,Gaza,Cidade de Xai-Xai,Transferências,1451250.0,1273223094.02
2025,Novembro,Gaza,Cidade de Xai-Xai,Transferências,1698949.0,1452718053.45
2025,Dezembro,Gaza,Cidade de Xai-Xai,Transferências,1895979.0,1874609549.3600001
2025,Janeiro,Gaza,Bilene-Macia,Transferências,715972.0,642658998.45
2025,Fevereiro,Gaza,Bilene-Macia,Transferências,710416.0,651276406.0
2025,Março,Gaza,Bilene-Macia,Transferências,813232.0,747827267.78
2025,Abril,Gaza,Bilene-Macia,Transferências,824654.0,757958469.71
2025,Maio,Gaza,Bilene-Macia,Transferências,918490.0,907082534.67
2025,Junho,Gaza,Bilene-Macia,Transferências,1029888.0,1105952334.56
2025,Julho,Gaza,Bilene-Macia,Transferências,1087409.0,1168816174.51
2025,Agosto,Gaza,Bilene-Macia,Transferências,1190552.0,1249891798.0
2025,Setembro,Gaza,Bilene-Macia,Transferências,1167664.0,1233871922.0700002
2025,Outubro,Gaza,Bilene-Macia,Transferências,1185192.0,1273748776.9
2025,Novembro,Gaza,Bilene-Macia,Transferências,1240522.0,1284468524.8899999
2025,Dezembro,Gaza,Bilene-Macia,Transferências,1706765.0,2179263654.85
2025,Janeiro,Gaza,Chibuto,Transferências,498716.0,430430227.2
2025,Fevereiro,Gaza,Chibuto,Transferências,507288.0,483610455.2
2025,Março,Gaza,Chibuto,Transferências,592299.0,588440226.39
2025,Abril,Gaza,Chibuto,Transferências,604431.0,577989080.25
2025,Maio,Gaza,Chibuto,Transferências,676499.0,638714261.1800001
2025,Junho,Gaza,Chibuto,Transferências,724425.0,696184732.8
2025,Julho,Gaza,Chibuto,Transferências,770514.0,756753234.2
2025,Agosto,Gaza,Chibuto,Transferências,836302.0,773466583.97
2025,Setembro,Gaza,Chibuto,Transferências,825306.0,772131585.11
2025,Outubro,Gaza,Chibuto,Transferências,680588.0,661720158.84
2025,Novembro,Gaza,Chibuto,Transferências,881775.0,849754637.86
2025,Dezembro,Gaza,Chibuto,Transferências,1085891.0,1138134829.0700002
2025,Janeiro,Gaza,Chicualacuala,Transferências,93785.0,49372952.0
2025,Fevereiro,Gaza,Chicualacuala,Transferências,102265.0,56084621.0
2025,Março,Gaza,Chicualacuala,Transferências,128089.0,69334872.0
2025,Abril,Gaza,Chicualacuala,Transferências,128987.0,64579882.0
2025,Maio,Gaza,Chicualacuala,Transferências,129259.0,71027659.0
2025,Junho,Gaza,Chicualacuala,Transferências,140341.0,76955494.11
2025,Julho,Gaza,Chicualacuala,Transferências,160531.0,83225850.84
2025,Agosto,Gaza,Chicualacuala,Transferências,144722.0,70167369.0
2025,Setembro,Gaza,Chicualacuala,Transferências,153177.0,72070280.69
2025,Outubro,Gaza,Chicualacuala,Transferências,140119.0,79217413.02
2025,Novembro,Gaza,Chicualacuala,Transferências,176688.0,93616692.0
2025,Dezembro,Gaza,Chicualacuala,Transferências,185199.0,126185853.1
2025,Janeiro,Gaza,Chigubo,Transferências,44515.0,27167415.79
2025,Fevereiro,Gaza,Chigubo,Transferências,49437.0,31495791.23
2025,Março,Gaza,Chigubo,Transferências,65080.0,41186611.0
2025,Abril,Gaza,Chigubo,Transferências,64733.0,38303103.11
2025,Maio,Gaza,Chigubo,Transferências,61775.0,35443320.0
2025,Junho,Gaza,Chigubo,Transferências,67939.0,38807363.0
2025,Julho,Gaza,Chigubo,Transferências,77103.0,42046684.0
2025,Agosto,Gaza,Chigubo,Transferências,122461.0,79897821.0
2025,Setembro,Gaza,Chigubo,Transferências,126233.0,70019340.23
2025,Outubro,Gaza,Chigubo,Transferências,121984.0,77492040.0
2025,Novembro,Gaza,Chigubo,Transferências,170148.0,94417932.36
2025,Dezembro,Gaza,Chigubo,Transferências,177634.0,116005463.2
2025,Janeiro,Gaza,Chókwè,Transferências,706755.0,561585517.21
2025,Fevereiro,Gaza,Chókwè,Transferências,726930.0,594431104.1600001
2025,Março,Gaza,Chókwè,Transferências,870157.0,694964797.8199999
2025,Abril,Gaza,Chókwè,Transferências,891581.0,713352232.0799999
2025,Maio,Gaza,Chókwè,Transferências,1000275.0,811403298.1800001
2025,Junho,Gaza,Chókwè,Transferências,1036193.0,842921411.35
2025,Julho,Gaza,Chókwè,Transferências,1082741.0,896156922.44
2025,Agosto,Gaza,Chókwè,Transferências,1116283.0,888041646.24
2025,Setembro,Gaza,Chókwè,Transferências,1088719.0,891804318.87
2025,Outubro,Gaza,Chókwè,Transferências,1042716.0,849857543.27
2025,Novembro,Gaza,Chókwè,Transferências,1163487.0,933182132.6800001
2025,Dezembro,Gaza,Chókwè,Transferências,1356524.0,1276745937.52
2025,Janeiro,Gaza,Guijá,Transferências,152038.0,109420313.82
2025,Fevereiro,Gaza,Guijá,Transferências,168320.0,127897539.2
2025,Março,Gaza,Guijá,Transferências,202798.0,160612755.48000002
2025,Abril,Gaza,Guijá,Transferências,220517.0,165339933.49
2025,Maio,Gaza,Guijá,Transferências,230055.0,166502713.24
2025,Junho,Gaza,Guijá,Transferências,229817.0,167950092.93
2025,Julho,Gaza,Guijá,Transferências,246913.0,181437046.28
2025,Agosto,Gaza,Guijá,Transferências,252256.0,180098648.12
2025,Setembro,Gaza,Guijá,Transferências,262004.0,198198701.05
2025,Outubro,Gaza,Guijá,Transferências,270565.0,207891573.95999998
2025,Novembro,Gaza,Guijá,Transferências,286633.0,205503750.25
2025,Dezembro,Gaza,Guijá,Transferências,346936.0,299066890.5
2025,Janeiro,Gaza,Mabalane,Transferências,103919.0,60441014.480000004
2025,Fevereiro,Gaza,Mabalane,Transferências,118602.0,76174935.19
2025,Março,Gaza,Mabalane,Transferências,144229.0,89771731.0
2025,Abril,Gaza,Mabalane,Transferências,152156.0,91023291.0
2025,Maio,Gaza,Mabalane,Transferências,159523.0,92825026.23
2025,Junho,Gaza,Mabalane,Transferências,165437.0,83452693.43
2025,Julho,Gaza,Mabalane,Transferências,181638.0,95157614.97
2025,Agosto,Gaza,Mabalane,Transferências,172423.0,84875674.51
2025,Setembro,Gaza,Mabalane,Transferências,174328.0,85536061.26
2025,Outubro,Gaza,Mabalane,Transferências,169684.0,85936945.0
2025,Novembro,Gaza,Mabalane,Transferências,196323.0,99798262.75
2025,Dezembro,Gaza,Mabalane,Transferências,217124.0,144515875.0
2025,Janeiro,Gaza,Manjacaze,Transferências,351670.0,240431185.55
2025,Fevereiro,Gaza,Manjacaze,Transferências,346126.0,253891815.56
2025,Março,Gaza,Manjacaze,Transferências,401063.0,309991820.73
2025,Abril,Gaza,Manjacaze,Transferências,422956.0,320325693.58000004
2025,Maio,Gaza,Manjacaze,Transferências,427000.0,328640959.73
2025,Junho,Gaza,Manjacaze,Transferências,437820.0,327452819.34000003
2025,Julho,Gaza,Manjacaze,Transferências,469313.0,344979208.33000004
2025,Agosto,Gaza,Manjacaze,Transferências,479956.0,343096779.40999997
2025,Setembro,Gaza,Manjacaze,Transferências,492548.0,361666836.64
2025,Outubro,Gaza,Manjacaze,Transferências,474965.0,317596797.78999996
2025,Novembro,Gaza,Manjacaze,Transferências,534119.0,340494425.7
2025,Dezembro,Gaza,Manjacaze,Transferências,604969.0,446209314.32
2025,Janeiro,Gaza,Massangena,Transferências,71615.0,39740253.0
2025,Fevereiro,Gaza,Massangena,Transferências,82847.0,50343076.5
2025,Março,Gaza,Massangena,Transferências,92854.0,62030270.0
2025,Abril,Gaza,Massangena,Transferências,106763.0,59030996.0
2025,Maio,Gaza,Massangena,Transferências,117405.0,67868902.0
2025,Junho,Gaza,Massangena,Transferências,131045.0,67576217.0
2025,Julho,Gaza,Massangena,Transferências,150000.0,73248113.0
2025,Agosto,Gaza,Massangena,Transferências,145334.0,65819971.0
2025,Setembro,Gaza,Massangena,Transferências,157988.0,68240665.0
2025,Outubro,Gaza,Massangena,Transferências,145320.0,62840713.0
2025,Novembro,Gaza,Massangena,Transferências,174239.0,76947062.0
2025,Dezembro,Gaza,Massangena,Transferências,185290.0,98204241.0
2025,Janeiro,Gaza,Massingir,Transferências,114043.0,65034576.019999996
2025,Fevereiro,Gaza,Massingir,Transferências,131841.0,80589175.0
2025,Março,Gaza,Massingir,Transferências,150942.0,90909679.23
2025,Abril,Gaza,Massingir,Transferências,143554.0,84558969.04
2025,Maio,Gaza,Massingir,Transferências,130699.0,76168169.0
2025,Junho,Gaza,Massingir,Transferências,135694.0,77332592.75
2025,Julho,Gaza,Massingir,Transferências,143929.0,76664290.64
2025,Agosto,Gaza,Massingir,Transferências,141184.0,67327258.58
2025,Setembro,Gaza,Massingir,Transferências,139872.0,71628915.37
2025,Outubro,Gaza,Massingir,Transferências,145632.0,74980152.5
2025,Novembro,Gaza,Massingir,Transferências,172490.0,94298215.49
2025,Dezembro,Gaza,Massingir,Transferências,193630.0,124520301.0
2025,Janeiro,Gaza,Chonguene,Transferências,437417.0,354551040.71000004
2025,Fevereiro,Gaza,Chonguene,Transferências,450581.0,381118465.28
2025,Março,Gaza,Chonguene,Transferências,532898.0,448081704.6
2025,Abril,Gaza,Chonguene,Transferências,527827.0,443210396.65999997
2025,Maio,Gaza,Chonguene,Transferências,565861.0,523280538.55
2025,Junho,Gaza,Chonguene,Transferências,618493.0,576765442.8199999
2025,Julho,Gaza,Chonguene,Transferências,628781.0,604297498.48
2025,Agosto,Gaza,Chonguene,Transferências,674085.0,624319634.5
2025,Setembro,Gaza,Chonguene,Transferências,698897.0,630638610.0899999
2025,Outubro,Gaza,Chonguene,Transferências,744805.0,682158686.02
2025,Novembro,Gaza,Chonguene,Transferências,781567.0,707220095.47
2025,Dezembro,Gaza,Chonguene,Transferências,943984.0,961160556.31
2025,Janeiro,Gaza,Mapai,Transferências,117420.0,69675764.9
2025,Fevereiro,Gaza,Mapai,Transferências,126959.0,86955607.24
2025,Março,Gaza,Mapai,Transferências,152985.0,100502475.22
2025,Abril,Gaza,Mapai,Transferências,155995.0,96109865.44
2025,Maio,Gaza,Mapai,Transferências,154777.0,94490046.93
2025,Junho,Gaza,Mapai,Transferências,163566.0,92379237.96000001
2025,Julho,Gaza,Mapai,Transferências,191141.0,102743720.4
2025,Agosto,Gaza,Mapai,Transferências,196945.0,120397763.97999999
2025,Setembro,Gaza,Mapai,Transferências,200462.0,110646652.34
2025,Outubro,Gaza,Mapai,Transferências,198441.0,111688098.25
2025,Novembro,Gaza,Mapai,Transferências,223273.0,118345721.75
2025,Dezembro,Gaza,Mapai,Transferências,231476.0,164315980.2
2025,Janeiro,Gaza,Limpopo,Transferências,285375.0,221574823.42
2025,Fevereiro,Gaza,Limpopo,Transferências,285043.0,247122841.83
2025,Março,Gaza,Limpopo,Transferências,343779.0,312898075.96000004
2025,Abril,Gaza,Limpopo,Transferências,349678.0,293226743.19
2025,Maio,Gaza,Limpopo,Transferências,334445.0,299731789.1
2025,Junho,Gaza,Limpopo,Transferências,337480.0,295474551.69
2025,Julho,Gaza,Limpopo,Transferências,349383.0,309278020.15999997
2025,Agosto,Gaza,Limpopo,Transferências,364014.0,314326058.68
2025,Setembro,Gaza,Limpopo,Transferências,381386.0,318991502.82
2025,Outubro,Gaza,Limpopo,Transferências,392449.0,337613055.81
2025,Novembro,Gaza,Limpopo,Transferências,417503.0,354731329.22
2025,Dezembro,Gaza,Limpopo,Transferências,533213.0,549756252.5699999
2025,Janeiro,Inhambane,Cidade de Inhambane,Transferências,583484.0,413007444.19
2025,Fevereiro,Inhambane,Cidade de Inhambane,Transferências,573666.0,417764688.68
2025,Março,Inhambane,Cidade de Inhambane,Transferências,618357.0,438370642.09000003
2025,Abril,Inhambane,Cidade de Inhambane,Transferências,640616.0,468168556.74
2025,Maio,Inhambane,Cidade de Inhambane,Transferências,708404.0,524471557.21000004
2025,Junho,Inhambane,Cidade de Inhambane,Transferências,749036.0,575248890.46
2025,Julho,Inhambane,Cidade de Inhambane,Transferências,798298.0,600588919.97
2025,Agosto,Inhambane,Cidade de Inhambane,Transferências,813172.0,577771597.61
2025,Setembro,Inhambane,Cidade de Inhambane,Transferências,791463.0,576724012.37
2025,Outubro,Inhambane,Cidade de Inhambane,Transferências,735571.0,536406124.9
2025,Novembro,Inhambane,Cidade de Inhambane,Transferências,844619.0,596908013.28
2025,Dezembro,Inhambane,Cidade de Inhambane,Transferências,958421.0,773049931.4300001
2025,Janeiro,Inhambane,Cidade de Maxixe,Transferências,767680.0,654753210.39
2025,Fevereiro,Inhambane,Cidade de Maxixe,Transferências,765020.0,683257317.06
2025,Março,Inhambane,Cidade de Maxixe,Transferências,879369.0,817503511.63
2025,Abril,Inhambane,Cidade de Maxixe,Transferências,895064.0,820023743.4100001
2025,Maio,Inhambane,Cidade de Maxixe,Transferências,982493.0,916174934.14
2025,Junho,Inhambane,Cidade de Maxixe,Transferências,995773.0,948129254.64
2025,Julho,Inhambane,Cidade de Maxixe,Transferências,1054743.0,1015044305.1700001
2025,Agosto,Inhambane,Cidade de Maxixe,Transferências,1093499.0,986308374.27
2025,Setembro,Inhambane,Cidade de Maxixe,Transferências,1063950.0,975280970.97
2025,Outubro,Inhambane,Cidade de Maxixe,Transferências,970472.0,871061825.61
2025,Novembro,Inhambane,Cidade de Maxixe,Transferências,1130378.0,996963717.22
2025,Dezembro,Inhambane,Cidade de Maxixe,Transferências,1234900.0,1263584360.82
2025,Janeiro,Inhambane,Funhaloro,Transferências,68331.0,44414583.0
2025,Fevereiro,Inhambane,Funhaloro,Transferências,68475.0,47507247.22
2025,Março,Inhambane,Funhaloro,Transferências,82358.0,58857670.37
2025,Abril,Inhambane,Funhaloro,Transferências,82998.0,53205192.97
2025,Maio,Inhambane,Funhaloro,Transferências,84713.0,57392094.11
2025,Junho,Inhambane,Funhaloro,Transferências,90992.0,66212958.06
2025,Julho,Inhambane,Funhaloro,Transferências,101587.0,79481060.64
2025,Agosto,Inhambane,Funhaloro,Transferências,103944.0,70911830.93
2025,Setembro,Inhambane,Funhaloro,Transferências,106171.0,71656115.98
2025,Outubro,Inhambane,Funhaloro,Transferências,106499.0,75469361.50999999
2025,Novembro,Inhambane,Funhaloro,Transferências,117682.0,73725798.14
2025,Dezembro,Inhambane,Funhaloro,Transferências,132762.0,103216565.97
2025,Janeiro,Inhambane,Govuro,Transferências,183807.0,123423194.97
2025,Fevereiro,Inhambane,Govuro,Transferências,191847.0,133305817.56
2025,Março,Inhambane,Govuro,Transferências,226672.0,160812994.71
2025,Abril,Inhambane,Govuro,Transferências,241146.0,166234576.13
2025,Maio,Inhambane,Govuro,Transferências,272854.0,189582822.72
2025,Junho,Inhambane,Govuro,Transferências,285013.0,188344116.86
2025,Julho,Inhambane,Govuro,Transferências,292877.0,187110856.91
2025,Agosto,Inhambane,Govuro,Transferências,305496.0,182461973.31
2025,Setembro,Inhambane,Govuro,Transferências,292078.0,167108814.68
2025,Outubro,Inhambane,Govuro,Transferências,147709.0,96374407.62
2025,Novembro,Inhambane,Govuro,Transferências,324220.0,205831627.32999998
2025,Dezembro,Inhambane,Govuro,Transferências,368803.0,245082881.34
2025,Janeiro,Inhambane,Homoine,Transferências,180431.0,131349652.94
2025,Fevereiro,Inhambane,Homoine,Transferências,175910.0,136590827.23000002
2025,Março,Inhambane,Homoine,Transferências,204602.0,165212068.01999998
2025,Abril,Inhambane,Homoine,Transferências,220952.0,174587405.89
2025,Maio,Inhambane,Homoine,Transferências,232158.0,190218493.91
2025,Junho,Inhambane,Homoine,Transferências,236382.0,175857651.94
2025,Julho,Inhambane,Homoine,Transferências,248789.0,186531330.70999998
2025,Agosto,Inhambane,Homoine,Transferências,255246.0,193356998.19
2025,Setembro,Inhambane,Homoine,Transferências,252523.0,168002208.15
2025,Outubro,Inhambane,Homoine,Transferências,268544.0,198789398.87
2025,Novembro,Inhambane,Homoine,Transferências,303118.0,227978437.24
2025,Dezembro,Inhambane,Homoine,Transferências,365350.0,326891281.90999997
2025,Janeiro,Inhambane,Inharrime,Transferências,238604.0,285628777.49
2025,Fevereiro,Inhambane,Inharrime,Transferências,228995.0,291863604.18
2025,Março,Inhambane,Inharrime,Transferências,272220.0,374130878.57
2025,Abril,Inhambane,Inharrime,Transferências,280687.0,387252993.8
2025,Maio,Inhambane,Inharrime,Transferências,282314.0,330096626.66999996
2025,Junho,Inhambane,Inharrime,Transferências,287830.0,298928384.62
2025,Julho,Inhambane,Inharrime,Transferências,306521.0,323177822.90999997
2025,Agosto,Inhambane,Inharrime,Transferências,321775.0,339257116.05
2025,Setembro,Inhambane,Inharrime,Transferências,319658.0,336521692.07
2025,Outubro,Inhambane,Inharrime,Transferências,340305.0,398414930.85
2025,Novembro,Inhambane,Inharrime,Transferências,375353.0,444797141.12
2025,Dezembro,Inhambane,Inharrime,Transferências,456097.0,605252545.04
2025,Janeiro,Inhambane,Inhassoro,Transferências,269693.0,160340789.38
2025,Fevereiro,Inhambane,Inhassoro,Transferências,278736.0,169091521.48
2025,Março,Inhambane,Inhassoro,Transferências,348483.0,218005454.76999998
2025,Abril,Inhambane,Inhassoro,Transferências,369841.0,248472355.09
2025,Maio,Inhambane,Inhassoro,Transferências,384785.0,253562418.97
2025,Junho,Inhambane,Inhassoro,Transferências,385625.0,258711329.89
2025,Julho,Inhambane,Inhassoro,Transferências,416781.0,272347752.18
2025,Agosto,Inhambane,Inhassoro,Transferências,408760.0,262901658.74
2025,Setembro,Inhambane,Inhassoro,Transferências,401489.0,247294411.76999998
2025,Outubro,Inhambane,Inhassoro,Transferências,406019.0,231573309.19
2025,Novembro,Inhambane,Inhassoro,Transferências,466412.0,256431678.82999998
2025,Dezembro,Inhambane,Inhassoro,Transferências,516206.0,311202737.63
2025,Janeiro,Inhambane,Jangamo,Transferências,163118.0,144164640.53
2025,Fevereiro,Inhambane,Jangamo,Transferências,156808.0,148312841.5
2025,Março,Inhambane,Jangamo,Transferências,184944.0,190369567.55
2025,Abril,Inhambane,Jangamo,Transferências,200937.0,193453450.28
2025,Maio,Inhambane,Jangamo,Transferências,212996.0,210998408.4
2025,Junho,Inhambane,Jangamo,Transferências,189484.0,175367118.39
2025,Julho,Inhambane,Jangamo,Transferências,200681.0,193687548.25
2025,Agosto,Inhambane,Jangamo,Transferências,211762.0,191066363.01999998
2025,Setembro,Inhambane,Jangamo,Transferências,204913.0,182517246.99
2025,Outubro,Inhambane,Jangamo,Transferências,227432.0,210415548.33
2025,Novembro,Inhambane,Jangamo,Transferências,247535.0,239960362.26
2025,Dezembro,Inhambane,Jangamo,Transferências,310412.0,345010056.88
2025,Janeiro,Inhambane,Mabote,Transferências,100973.0,67106569.129999995
2025,Fevereiro,Inhambane,Mabote,Transferências,114030.0,83144289.81
2025,Março,Inhambane,Mabote,Transferências,131399.0,90159377.85
2025,Abril,Inhambane,Mabote,Transferências,135145.0,85353717.74
2025,Maio,Inhambane,Mabote,Transferências,142625.0,99130624.58
2025,Junho,Inhambane,Mabote,Transferências,153225.0,102748757.16
2025,Julho,Inhambane,Mabote,Transferências,164058.0,118756430.22999999
2025,Agosto,Inhambane,Mabote,Transferências,163167.0,109687537.95
2025,Setembro,Inhambane,Mabote,Transferências,172073.0,100234604.6
2025,Outubro,Inhambane,Mabote,Transferências,164931.0,106858650.12
2025,Novembro,Inhambane,Mabote,Transferências,197293.0,146452808.6
2025,Dezembro,Inhambane,Mabote,Transferências,211214.0,181884824.64
2025,Janeiro,Inhambane,Massinga,Transferências,539281.0,696104582.5899999
2025,Fevereiro,Inhambane,Massinga,Transferências,545310.0,758318810.54
2025,Março,Inhambane,Massinga,Transferências,648143.0,968263878.27
2025,Abril,Inhambane,Massinga,Transferências,682971.0,982906074.41
2025,Maio,Inhambane,Massinga,Transferências,700745.0,1011108680.2
2025,Junho,Inhambane,Massinga,Transferências,699832.0,945015390.66
2025,Julho,Inhambane,Massinga,Transferências,740244.0,1015666782.38
2025,Agosto,Inhambane,Massinga,Transferências,754657.0,1007675206.91
2025,Setembro,Inhambane,Massinga,Transferências,760510.0,997790999.68
2025,Outubro,Inhambane,Massinga,Transferências,839568.0,1148263063.25
2025,Novembro,Inhambane,Massinga,Transferências,884769.0,1183928169.45
2025,Dezembro,Inhambane,Massinga,Transferências,1063399.0,1578352119.63
2025,Janeiro,Inhambane,Morrumbene,Transferências,213234.0,229604152.12
2025,Fevereiro,Inhambane,Morrumbene,Transferências,209196.0,226824037.3
2025,Março,Inhambane,Morrumbene,Transferências,247615.0,283749535.31
2025,Abril,Inhambane,Morrumbene,Transferências,264089.0,271379226.26
2025,Maio,Inhambane,Morrumbene,Transferências,264350.0,270966337.38
2025,Junho,Inhambane,Morrumbene,Transferências,243559.0,213103905.20999998
2025,Julho,Inhambane,Morrumbene,Transferências,260155.0,235718965.9
2025,Agosto,Inhambane,Morrumbene,Transferências,265490.0,241508178.66
2025,Setembro,Inhambane,Morrumbene,Transferências,268654.0,245859130.73
2025,Outubro,Inhambane,Morrumbene,Transferências,270067.0,257859581.63
2025,Novembro,Inhambane,Morrumbene,Transferências,298643.0,289371985.65999997
2025,Dezembro,Inhambane,Morrumbene,Transferências,365291.0,391985189.89
2025,Janeiro,Inhambane,Panda,Transferências,65492.0,48125947.86
2025,Fevereiro,Inhambane,Panda,Transferências,66186.0,43336810.68
2025,Março,Inhambane,Panda,Transferências,78871.0,56534530.53
2025,Abril,Inhambane,Panda,Transferências,85646.0,57879893.75
2025,Maio,Inhambane,Panda,Transferências,79741.0,53590016.239999995
2025,Junho,Inhambane,Panda,Transferências,78584.0,48767474.54
2025,Julho,Inhambane,Panda,Transferências,86379.0,49639871.45
2025,Agosto,Inhambane,Panda,Transferências,86890.0,53318217.6
2025,Setembro,Inhambane,Panda,Transferências,96284.0,53623006.260000005
2025,Outubro,Inhambane,Panda,Transferências,94675.0,54145897.769999996
2025,Novembro,Inhambane,Panda,Transferências,109256.0,63415630.73
2025,Dezembro,Inhambane,Panda,Transferências,129463.0,101681935.87
2025,Janeiro,Inhambane,Vilankulo,Transferências,658562.0,473115551.15999997
2025,Fevereiro,Inhambane,Vilankulo,Transferências,662055.0,496253315.68
2025,Março,Inhambane,Vilankulo,Transferências,790877.0,598719730.01
2025,Abril,Inhambane,Vilankulo,Transferências,815597.0,593202554.99
2025,Maio,Inhambane,Vilankulo,Transferências,862506.0,633435567.6700001
2025,Junho,Inhambane,Vilankulo,Transferências,864902.0,619997006.53
2025,Julho,Inhambane,Vilankulo,Transferências,906351.0,667011073.01
2025,Agosto,Inhambane,Vilankulo,Transferências,939937.0,682683396.25
2025,Setembro,Inhambane,Vilankulo,Transferências,921362.0,652365070.88
2025,Outubro,Inhambane,Vilankulo,Transferências,910880.0,671707739.47
2025,Novembro,Inhambane,Vilankulo,Transferências,1068093.0,775468132.61
2025,Dezembro,Inhambane,Vilankulo,Transferências,1200824.0,961246612.8
2025,Janeiro,Inhambane,Zavala (Quissico),Transferências,280069.0,254717099.47
2025,Fevereiro,Inhambane,Zavala (Quissico),Transferências,273572.0,270317930.36
2025,Março,Inhambane,Zavala (Quissico),Transferências,326344.0,331536285.22
2025,Abril,Inhambane,Zavala (Quissico),Transferências,351703.0,346514584.73
2025,Maio,Inhambane,Zavala (Quissico),Transferências,341103.0,339246403.16999996
2025,Junho,Inhambane,Zavala (Quissico),Transferências,311954.0,264882463.19
2025,Julho,Inhambane,Zavala (Quissico),Transferências,323358.0,272950483.65
2025,Agosto,Inhambane,Zavala (Quissico),Transferências,338171.0,300258803.35
2025,Setembro,Inhambane,Zavala (Quissico),Transferências,336113.0,288472836.15
2025,Outubro,Inhambane,Zavala (Quissico),Transferências,355688.0,328470357.12
2025,Novembro,Inhambane,Zavala (Quissico),Transferências,416225.0,384691576.39
2025,Dezembro,Inhambane,Zavala (Quissico),Transferências,511853.0,568561938.4300001
2025,Janeiro,Sofala,Cidade da Beira,Transferências,5498594.0,4381980873.17
2025,Fevereiro,Sofala,Cidade da Beira,Transferências,5485466.0,4520429656.54
2025,Março,Sofala,Cidade da Beira,Transferências,6236917.0,4986234332.58
2025,Abril,Sofala,Cidade da Beira,Transferências,6323941.0,5183224218.03
2025,Maio,Sofala,Cidade da Beira,Transferências,7006818.0,5904825122.27
2025,Junho,Sofala,Cidade da Beira,Transferências,7143821.0,6051599795.5
2025,Julho,Sofala,Cidade da Beira,Transferências,7606479.0,6603763956.89
2025,Agosto,Sofala,Cidade da Beira,Transferências,8209457.0,6826707070.690001
2025,Setembro,Sofala,Cidade da Beira,Transferências,7816358.0,6511521582.059999
2025,Outubro,Sofala,Cidade da Beira,Transferências,7500007.0,6452767075.55
2025,Novembro,Sofala,Cidade da Beira,Transferências,8889538.0,7447733379.59
2025,Dezembro,Sofala,Cidade da Beira,Transferências,9624282.0,8800191931.27
2025,Janeiro,Sofala,Buzi,Transferências,442737.0,173962644.18
2025,Fevereiro,Sofala,Buzi,Transferências,452698.0,209646986.31
2025,Março,Sofala,Buzi,Transferências,529271.0,229116386.28
2025,Abril,Sofala,Buzi,Transferências,575906.0,262551671.88
2025,Maio,Sofala,Buzi,Transferências,603164.0,270728780.77
2025,Junho,Sofala,Buzi,Transferências,660831.0,305608364.75
2025,Julho,Sofala,Buzi,Transferências,677845.0,276038987.79
2025,Agosto,Sofala,Buzi,Transferências,717887.0,278688599.76
2025,Setembro,Sofala,Buzi,Transferências,708544.0,280853116.27
2025,Outubro,Sofala,Buzi,Transferências,658308.0,266252266.49
2025,Novembro,Sofala,Buzi,Transferências,792730.0,329076871.85
2025,Dezembro,Sofala,Buzi,Transferências,855985.0,405831103.59000003
2025,Janeiro,Sofala,Caia,Transferências,517176.0,225832310.37
2025,Fevereiro,Sofala,Caia,Transferências,538549.0,266360648.04
2025,Março,Sofala,Caia,Transferências,603511.0,287275796.35
2025,Abril,Sofala,Caia,Transferências,597174.0,272058315.98
2025,Maio,Sofala,Caia,Transferências,656948.0,297866064.21
2025,Junho,Sofala,Caia,Transferências,690359.0,321646344.34000003
2025,Julho,Sofala,Caia,Transferências,765980.0,355255093.79
2025,Agosto,Sofala,Caia,Transferências,797518.0,321135871.51
2025,Setembro,Sofala,Caia,Transferências,791077.0,346478453.89
2025,Outubro,Sofala,Caia,Transferências,747825.0,349357812.19
2025,Novembro,Sofala,Caia,Transferências,941228.0,418178432.62
2025,Dezembro,Sofala,Caia,Transferências,1057654.0,514095704.06
2025,Janeiro,Sofala,Chemba,Transferências,182296.0,56421393.76
2025,Fevereiro,Sofala,Chemba,Transferências,183495.0,67338422.36
2025,Março,Sofala,Chemba,Transferências,204246.0,73015507.89
2025,Abril,Sofala,Chemba,Transferências,196861.0,61783929.22
2025,Maio,Sofala,Chemba,Transferências,197249.0,62795266.7
2025,Junho,Sofala,Chemba,Transferências,243002.0,86598960.51
2025,Julho,Sofala,Chemba,Transferências,262561.0,84980133.57
2025,Agosto,Sofala,Chemba,Transferências,281216.0,81464131.95
2025,Setembro,Sofala,Chemba,Transferências,280720.0,82575181.59
2025,Outubro,Sofala,Chemba,Transferências,266745.0,86293832.73
2025,Novembro,Sofala,Chemba,Transferências,322837.0,96433605.17
2025,Dezembro,Sofala,Chemba,Transferências,332622.0,107086723.22
2025,Janeiro,Sofala,Cheringoma,Transferências,168055.0,59339908.04
2025,Fevereiro,Sofala,Cheringoma,Transferências,158660.0,63536009.76
2025,Março,Sofala,Cheringoma,Transferências,170484.0,61114721.54
2025,Abril,Sofala,Cheringoma,Transferências,175972.0,63277223.99
2025,Maio,Sofala,Cheringoma,Transferências,191778.0,68017129.4
2025,Junho,Sofala,Cheringoma,Transferências,197708.0,69837773.78999999
2025,Julho,Sofala,Cheringoma,Transferências,222751.0,74715247.6
2025,Agosto,Sofala,Cheringoma,Transferências,238905.0,73242610.48
2025,Setembro,Sofala,Cheringoma,Transferências,246437.0,73673400.08
2025,Outubro,Sofala,Cheringoma,Transferências,239310.0,84960012.5
2025,Novembro,Sofala,Cheringoma,Transferências,276882.0,85761097.73
2025,Dezembro,Sofala,Cheringoma,Transferências,289275.0,113964635.61
2025,Janeiro,Sofala,Chibabava,Transferências,186729.0,207782444.95999998
2025,Fevereiro,Sofala,Chibabava,Transferências,195683.0,213428739.05
2025,Março,Sofala,Chibabava,Transferências,216880.0,226776885.48000002
2025,Abril,Sofala,Chibabava,Transferências,218317.0,226643414.97
2025,Maio,Sofala,Chibabava,Transferências,239752.0,251301973.56
2025,Junho,Sofala,Chibabava,Transferências,248065.0,270373519.08
2025,Julho,Sofala,Chibabava,Transferências,258915.0,267168617.32
2025,Agosto,Sofala,Chibabava,Transferências,262181.0,285436861.28999996
2025,Setembro,Sofala,Chibabava,Transferências,243136.0,269896878.67
2025,Outubro,Sofala,Chibabava,Transferências,241597.0,281234733.61
2025,Novembro,Sofala,Chibabava,Transferências,268335.0,325989503.18
2025,Dezembro,Sofala,Chibabava,Transferências,316025.0,454210411.98
2025,Janeiro,Sofala,Dondo,Transferências,747132.0,441243581.32
2025,Fevereiro,Sofala,Dondo,Transferências,732266.0,453572192.43
2025,Março,Sofala,Dondo,Transferências,829028.0,491548732.81
2025,Abril,Sofala,Dondo,Transferências,836656.0,506950454.29
2025,Maio,Sofala,Dondo,Transferências,897807.0,556011542.6800001
2025,Junho,Sofala,Dondo,Transferências,932163.0,596622471.3
2025,Julho,Sofala,Dondo,Transferências,979346.0,625606246.76
2025,Agosto,Sofala,Dondo,Transferências,1055018.0,649588523.91
2025,Setembro,Sofala,Dondo,Transferências,1056476.0,664244658.09
2025,Outubro,Sofala,Dondo,Transferências,1027121.0,644146172.54
2025,Novembro,Sofala,Dondo,Transferências,1237071.0,771961825.76
2025,Dezembro,Sofala,Dondo,Transferências,1395597.0,974956530.85
2025,Janeiro,Sofala,Gorongoza,Transferências,547785.0,176972211.61
2025,Fevereiro,Sofala,Gorongoza,Transferências,536156.0,192504453.64
2025,Março,Sofala,Gorongoza,Transferências,617364.0,219000487.5
2025,Abril,Sofala,Gorongoza,Transferências,634900.0,236615726.6
2025,Maio,Sofala,Gorongoza,Transferências,685984.0,255750415.64
2025,Junho,Sofala,Gorongoza,Transferências,725581.0,282776644.43
2025,Julho,Sofala,Gorongoza,Transferências,802846.0,288768272.9
2025,Agosto,Sofala,Gorongoza,Transferências,818297.0,277919725.1
2025,Setembro,Sofala,Gorongoza,Transferências,791221.0,265961338.95
2025,Outubro,Sofala,Gorongoza,Transferências,736973.0,267666411.13
2025,Novembro,Sofala,Gorongoza,Transferências,918361.0,333725580.6
2025,Dezembro,Sofala,Gorongoza,Transferências,1017546.0,420987921.4
2025,Janeiro,Sofala,Machanga,Transferências,140124.0,64991633.64
2025,Fevereiro,Sofala,Machanga,Transferências,146715.0,70264864.46000001
2025,Março,Sofala,Machanga,Transferências,177105.0,87758303.21000001
2025,Abril,Sofala,Machanga,Transferências,193007.0,94247500.06
2025,Maio,Sofala,Machanga,Transferências,200710.0,101814751.22
2025,Junho,Sofala,Machanga,Transferências,200408.0,92127741.04
2025,Julho,Sofala,Machanga,Transferências,211607.0,98306649.39
2025,Agosto,Sofala,Machanga,Transferências,210504.0,82324838.77
2025,Setembro,Sofala,Machanga,Transferências,209881.0,81732127.7
2025,Outubro,Sofala,Machanga,Transferências,202448.0,80612381.95
2025,Novembro,Sofala,Machanga,Transferências,263805.0,119366928.56
2025,Dezembro,Sofala,Machanga,Transferências,279988.0,133837867.72
2025,Janeiro,Sofala,Maringue,Transferências,427939.0,134311388.0
2025,Fevereiro,Sofala,Maringue,Transferências,403773.0,149742783.06
2025,Março,Sofala,Maringue,Transferências,446654.0,143299442.0
2025,Abril,Sofala,Maringue,Transferências,463735.0,144783128.67
2025,Maio,Sofala,Maringue,Transferências,512242.0,164633472.59
2025,Junho,Sofala,Maringue,Transferências,569249.0,197010546.88
2025,Julho,Sofala,Maringue,Transferências,622120.0,204833294.14
2025,Agosto,Sofala,Maringue,Transferências,665929.0,211692293.88
2025,Setembro,Sofala,Maringue,Transferências,629505.0,200247579.56
2025,Outubro,Sofala,Maringue,Transferências,595455.0,193009131.99
2025,Novembro,Sofala,Maringue,Transferências,697520.0,229841174.69
2025,Dezembro,Sofala,Maringue,Transferências,738597.0,277668660.14
2025,Janeiro,Sofala,Marromeu,Transferências,311688.0,120221705.23
2025,Fevereiro,Sofala,Marromeu,Transferências,302724.0,139243005.31
2025,Março,Sofala,Marromeu,Transferências,326725.0,147344567.16
2025,Abril,Sofala,Marromeu,Transferências,371907.0,167383209.07999998
2025,Maio,Sofala,Marromeu,Transferências,416047.0,183255081.3
2025,Junho,Sofala,Marromeu,Transferências,433361.0,190268581.11
2025,Julho,Sofala,Marromeu,Transferências,476335.0,216979155.47
2025,Agosto,Sofala,Marromeu,Transferências,496681.0,212183292.77
2025,Setembro,Sofala,Marromeu,Transferências,472078.0,186467646.49
2025,Outubro,Sofala,Marromeu,Transferências,471020.0,204693283.04
2025,Novembro,Sofala,Marromeu,Transferências,549922.0,226551113.9
2025,Dezembro,Sofala,Marromeu,Transferências,617167.0,276711495.63
2025,Janeiro,Sofala,Muanza,Transferências,155484.0,55700355.8
2025,Fevereiro,Sofala,Muanza,Transferências,166999.0,60554532.0
2025,Março,Sofala,Muanza,Transferências,183206.0,66184359.3
2025,Abril,Sofala,Muanza,Transferências,206049.0,79505845.4
2025,Maio,Sofala,Muanza,Transferências,186470.0,71953233.0
2025,Junho,Sofala,Muanza,Transferências,208463.0,69730450.5
2025,Julho,Sofala,Muanza,Transferências,220409.0,70379525.45
2025,Agosto,Sofala,Muanza,Transferências,244183.0,83085947.0
2025,Setembro,Sofala,Muanza,Transferências,248998.0,79585577.0
2025,Outubro,Sofala,Muanza,Transferências,231306.0,70810184.0
2025,Novembro,Sofala,Muanza,Transferências,292155.0,91568819.0
2025,Dezembro,Sofala,Muanza,Transferências,318006.0,114334665.0
2025,Janeiro,Sofala,Nhamatanda,Transferências,467105.0,234076152.02
2025,Fevereiro,Sofala,Nhamatanda,Transferências,462639.0,263411702.61
2025,Março,Sofala,Nhamatanda,Transferências,543533.0,277923141.09000003
2025,Abril,Sofala,Nhamatanda,Transferências,608645.0,330137504.19
2025,Maio,Sofala,Nhamatanda,Transferências,635744.0,361318992.74
2025,Junho,Sofala,Nhamatanda,Transferências,646986.0,358105887.84000003
2025,Julho,Sofala,Nhamatanda,Transferências,689976.0,373812339.94
2025,Agosto,Sofala,Nhamatanda,Transferências,721339.0,365785452.43
2025,Setembro,Sofala,Nhamatanda,Transferências,742065.0,369583769.03
2025,Outubro,Sofala,Nhamatanda,Transferências,699191.0,351896261.57
2025,Novembro,Sofala,Nhamatanda,Transferências,839500.0,421530711.29
2025,Dezembro,Sofala,Nhamatanda,Transferências,931812.0,542345095.3199999
2025,Janeiro,Manica,Cidade de Chimoio,Transferências,3598874.0,2538339278.5299997
2025,Fevereiro,Manica,Cidade de Chimoio,Transferências,3713659.0,2607039690.66
2025,Março,Manica,Cidade de Chimoio,Transferências,4276448.0,2842638279.34
2025,Abril,Manica,Cidade de Chimoio,Transferências,4373778.0,3011330324.25
2025,Maio,Manica,Cidade de Chimoio,Transferências,4822217.0,3516465029.21
2025,Junho,Manica,Cidade de Chimoio,Transferências,4896665.0,3608750725.56
2025,Julho,Manica,Cidade de Chimoio,Transferências,5272712.0,3799762039.88
2025,Agosto,Manica,Cidade de Chimoio,Transferências,5459537.0,3717137199.2200003
2025,Setembro,Manica,Cidade de Chimoio,Transferências,5212620.0,3587304350.01
2025,Outubro,Manica,Cidade de Chimoio,Transferências,4913489.0,3414043599.54
2025,Novembro,Manica,Cidade de Chimoio,Transferências,5949476.0,4041672625.88
2025,Dezembro,Manica,Cidade de Chimoio,Transferências,6395141.0,5126902458.93
2025,Janeiro,Manica,Bárue,Transferências,843770.0,468976446.95
2025,Fevereiro,Manica,Bárue,Transferências,856419.0,464442342.94
2025,Março,Manica,Bárue,Transferências,970934.0,506622814.01
2025,Abril,Manica,Bárue,Transferências,943471.0,552700953.14
2025,Maio,Manica,Bárue,Transferências,1098809.0,669963578.89
2025,Junho,Manica,Bárue,Transferências,1154851.0,601516288.46
2025,Julho,Manica,Bárue,Transferências,1249455.0,588173680.09
2025,Agosto,Manica,Bárue,Transferências,1327437.0,656504916.96
2025,Setembro,Manica,Bárue,Transferências,1303614.0,568725317.2
2025,Outubro,Manica,Bárue,Transferências,1226877.0,546441318.39
2025,Novembro,Manica,Bárue,Transferências,1489964.0,611981053.85
2025,Dezembro,Manica,Bárue,Transferências,1547139.0,678707552.44
2025,Janeiro,Manica,Gondola,Transferências,564112.0,262697943.28
2025,Fevereiro,Manica,Gondola,Transferências,566222.0,282483299.99
2025,Março,Manica,Gondola,Transferências,650193.0,311772856.5
2025,Abril,Manica,Gondola,Transferências,677970.0,328487321.17
2025,Maio,Manica,Gondola,Transferências,855394.0,472571332.75
2025,Junho,Manica,Gondola,Transferências,901992.0,491738341.92
2025,Julho,Manica,Gondola,Transferências,975938.0,526504172.61
2025,Agosto,Manica,Gondola,Transferências,1060557.0,544065440.63
2025,Setembro,Manica,Gondola,Transferências,993229.0,511074869.14
2025,Outubro,Manica,Gondola,Transferências,939939.0,501057707.89
2025,Novembro,Manica,Gondola,Transferências,1191113.0,636766652.0699999
2025,Dezembro,Manica,Gondola,Transferências,1358632.0,799768485.25
2025,Janeiro,Manica,Guro,Transferências,244580.0,118717057.98
2025,Fevereiro,Manica,Guro,Transferências,270214.0,135640391.53
2025,Março,Manica,Guro,Transferências,317448.0,146157766.5
2025,Abril,Manica,Guro,Transferências,305317.0,142062530.21
2025,Maio,Manica,Guro,Transferências,319751.0,159982394.62
2025,Junho,Manica,Guro,Transferências,352785.0,171041640.44
2025,Julho,Manica,Guro,Transferências,406475.0,181514669.53
2025,Agosto,Manica,Guro,Transferências,418503.0,177829466.79
2025,Setembro,Manica,Guro,Transferências,424732.0,173812425.74
2025,Outubro,Manica,Guro,Transferências,403071.0,167702939.02
2025,Novembro,Manica,Guro,Transferências,471270.0,189290868.11
2025,Dezembro,Manica,Guro,Transferências,479868.0,213186820.95
2025,Janeiro,Manica,Machaze,Transferências,207671.0,175515169.88
2025,Fevereiro,Manica,Machaze,Transferências,224428.0,186338769.01
2025,Março,Manica,Machaze,Transferências,283597.0,216834944.6
2025,Abril,Manica,Machaze,Transferências,313507.0,212263072.29
2025,Maio,Manica,Machaze,Transferências,331066.0,231437691.56
2025,Junho,Manica,Machaze,Transferências,348066.0,237234171.55
2025,Julho,Manica,Machaze,Transferências,332658.0,225333954.72
2025,Agosto,Manica,Machaze,Transferências,356840.0,222880426.36
2025,Setembro,Manica,Machaze,Transferências,392497.0,242074431.01
2025,Outubro,Manica,Machaze,Transferências,405999.0,251109649.1
2025,Novembro,Manica,Machaze,Transferências,400371.0,285681806.65
2025,Dezembro,Manica,Machaze,Transferências,425600.0,363998071.31
2025,Janeiro,Manica,Macossa,Transferências,158211.0,63880182.6
2025,Fevereiro,Manica,Macossa,Transferências,175408.0,74469577.94
2025,Março,Manica,Macossa,Transferências,198267.0,74271560.56
2025,Abril,Manica,Macossa,Transferências,211463.0,86134248.07
2025,Maio,Manica,Macossa,Transferências,217679.0,82037806.97
2025,Junho,Manica,Macossa,Transferências,222931.0,80225402.0
2025,Julho,Manica,Macossa,Transferências,248036.0,82514707.3
2025,Agosto,Manica,Macossa,Transferências,257252.0,96899582.74
2025,Setembro,Manica,Macossa,Transferências,264650.0,91204158.2
2025,Outubro,Manica,Macossa,Transferências,260703.0,89530452.5
2025,Novembro,Manica,Macossa,Transferências,309999.0,116241920.0
2025,Dezembro,Manica,Macossa,Transferências,326049.0,140812840.65
2025,Janeiro,Manica,Manica,Transferências,857993.0,624204296.46
2025,Fevereiro,Manica,Manica,Transferências,864436.0,633565642.11
2025,Março,Manica,Manica,Transferências,1004004.0,696012382.94
2025,Abril,Manica,Manica,Transferências,1055776.0,748726226.1800001
2025,Maio,Manica,Manica,Transferências,1114959.0,775713134.91
2025,Junho,Manica,Manica,Transferências,1179021.0,806441155.7
2025,Julho,Manica,Manica,Transferências,1275685.0,845510071.24
2025,Agosto,Manica,Manica,Transferências,1353495.0,870788584.0699999
2025,Setembro,Manica,Manica,Transferências,1326766.0,854200740.12
2025,Outubro,Manica,Manica,Transferências,1263244.0,829807475.33
2025,Novembro,Manica,Manica,Transferências,1497385.0,945856499.59
2025,Dezembro,Manica,Manica,Transferências,1592178.0,1116285162.05
2025,Janeiro,Manica,Mossurize,Transferências,182518.0,190901419.21
2025,Fevereiro,Manica,Mossurize,Transferências,206781.0,222833296.94
2025,Março,Manica,Mossurize,Transferências,232519.0,239754235.0
2025,Abril,Manica,Mossurize,Transferências,243426.0,245815138.5
2025,Maio,Manica,Mossurize,Transferências,267133.0,288858683.13
2025,Junho,Manica,Mossurize,Transferências,275071.0,315433256.84000003
2025,Julho,Manica,Mossurize,Transferências,276384.0,296382679.3
2025,Agosto,Manica,Mossurize,Transferências,267210.0,273472717.3
2025,Setembro,Manica,Mossurize,Transferências,264831.0,258331847.77
2025,Outubro,Manica,Mossurize,Transferências,264209.0,292487823.95
2025,Novembro,Manica,Mossurize,Transferências,311661.0,341815691.4
2025,Dezembro,Manica,Mossurize,Transferências,335429.0,429199754.93
2025,Janeiro,Manica,Sussundenga,Transferências,444063.0,221559996.63
2025,Fevereiro,Manica,Sussundenga,Transferências,461458.0,233216016.26
2025,Março,Manica,Sussundenga,Transferências,535152.0,258073651.51
2025,Abril,Manica,Sussundenga,Transferências,539721.0,262959565.44
2025,Maio,Manica,Sussundenga,Transferências,571425.0,284299999.25
2025,Junho,Manica,Sussundenga,Transferências,592956.0,277702246.56
2025,Julho,Manica,Sussundenga,Transferências,651632.0,280113491.58
2025,Agosto,Manica,Sussundenga,Transferências,675987.0,265501627.07999998
2025,Setembro,Manica,Sussundenga,Transferências,701961.0,285264672.24
2025,Outubro,Manica,Sussundenga,Transferências,665348.0,283171078.46
2025,Novembro,Manica,Sussundenga,Transferências,785231.0,322766102.43
2025,Dezembro,Manica,Sussundenga,Transferências,935633.0,501390223.52
2025,Janeiro,Manica,Tambara,Transferências,208085.0,53628825.0
2025,Fevereiro,Manica,Tambara,Transferências,230495.0,75213999.7
2025,Março,Manica,Tambara,Transferências,260859.0,74775843.2
2025,Abril,Manica,Tambara,Transferências,277997.0,79359723.49
2025,Maio,Manica,Tambara,Transferências,264430.0,67565305.75
2025,Junho,Manica,Tambara,Transferências,291653.0,71975809.2
2025,Julho,Manica,Tambara,Transferências,325814.0,77343066.3
2025,Agosto,Manica,Tambara,Transferências,347242.0,79419367.0
2025,Setembro,Manica,Tambara,Transferências,383257.0,96719211.0
2025,Outubro,Manica,Tambara,Transferências,353706.0,97069692.0
2025,Novembro,Manica,Tambara,Transferências,415376.0,99191075.0
2025,Dezembro,Manica,Tambara,Transferências,426082.0,112216766.0
2025,Janeiro,Manica,Macate,Transferências,144229.0,37853128.32
2025,Fevereiro,Manica,Macate,Transferências,145729.0,38727924.12
2025,Março,Manica,Macate,Transferências,169117.0,43102995.08
2025,Abril,Manica,Macate,Transferências,184243.0,50587755.28
2025,Maio,Manica,Macate,Transferências,219696.0,77948439.68
2025,Junho,Manica,Macate,Transferências,232872.0,88297518.88
2025,Julho,Manica,Macate,Transferências,251950.0,92415123.09
2025,Agosto,Manica,Macate,Transferências,262147.0,89864779.71000001
2025,Setembro,Manica,Macate,Transferências,229756.0,66378872.2
2025,Outubro,Manica,Macate,Transferências,214033.0,52096392.04
2025,Novembro,Manica,Macate,Transferências,261583.0,71840006.81
2025,Dezembro,Manica,Macate,Transferências,294739.0,86984692.41
2025,Janeiro,Manica,Vanduzi,Transferências,518519.0,259062782.34
2025,Fevereiro,Manica,Vanduzi,Transferências,536076.0,264833756.5
2025,Março,Manica,Vanduzi,Transferências,629320.0,293602651.08
2025,Abril,Manica,Vanduzi,Transferências,669182.0,309254022.54
2025,Maio,Manica,Vanduzi,Transferências,637654.0,303234062.79
2025,Junho,Manica,Vanduzi,Transferências,680986.0,308954500.25
2025,Julho,Manica,Vanduzi,Transferências,756591.0,336396098.83
2025,Agosto,Manica,Vanduzi,Transferências,829070.0,391465655.73
2025,Setembro,Manica,Vanduzi,Transferências,894730.0,406878474.3
2025,Outubro,Manica,Vanduzi,Transferências,846578.0,411322065.72
2025,Novembro,Manica,Vanduzi,Transferências,1001628.0,469372618.08
2025,Dezembro,Manica,Vanduzi,Transferências,1010549.0,536971511.57
2025,Janeiro,Tete,Cidade de Tete,Transferências,2746103.0,2346483520.68
2025,Fevereiro,Tete,Cidade de Tete,Transferências,2855826.0,2505985703.92
2025,Março,Tete,Cidade de Tete,Transferências,3439789.0,3002565172.73
2025,Abril,Tete,Cidade de Tete,Transferências,3465445.0,2992655461.46
2025,Maio,Tete,Cidade de Tete,Transferências,3760586.0,3386596606.68
2025,Junho,Tete,Cidade de Tete,Transferências,3693066.0,3441419007.4700003
2025,Julho,Tete,Cidade de Tete,Transferências,3884843.0,3687100468.2799997
2025,Agosto,Tete,Cidade de Tete,Transferências,4052257.0,3622064558.9700003
2025,Setembro,Tete,Cidade de Tete,Transferências,3870054.0,3384026250.31
2025,Outubro,Tete,Cidade de Tete,Transferências,3687798.0,3272982793.61
2025,Novembro,Tete,Cidade de Tete,Transferências,2613115.0,2213389949.4
2025,Dezembro,Tete,Cidade de Tete,Transferências,4866530.0,4632216699.440001
2025,Janeiro,Tete,Angónia,Transferências,479729.0,562404571.5
2025,Fevereiro,Tete,Angónia,Transferências,510592.0,594444747.49
2025,Março,Tete,Angónia,Transferências,616897.0,646064800.9
2025,Abril,Tete,Angónia,Transferências,630603.0,633403099.42
2025,Maio,Tete,Angónia,Transferências,706021.0,642607148.74
2025,Junho,Tete,Angónia,Transferências,789675.0,650191726.21
2025,Julho,Tete,Angónia,Transferências,843697.0,669460686.14
2025,Agosto,Tete,Angónia,Transferências,852141.0,638128629.69
2025,Setembro,Tete,Angónia,Transferências,828974.0,594542529.77
2025,Outubro,Tete,Angónia,Transferências,791633.0,630213495.45
2025,Novembro,Tete,Angónia,Transferências,909038.0,676443227.16
2025,Dezembro,Tete,Angónia,Transferências,943129.0,905407818.22
2025,Janeiro,Tete,Cahora-Bassa,Transferências,494215.0,323509927.14
2025,Fevereiro,Tete,Cahora-Bassa,Transferências,525853.0,340163763.86
2025,Março,Tete,Cahora-Bassa,Transferências,652432.0,392347898.3
2025,Abril,Tete,Cahora-Bassa,Transferências,636432.0,368316572.7
2025,Maio,Tete,Cahora-Bassa,Transferências,652754.0,390345196.43
2025,Junho,Tete,Cahora-Bassa,Transferências,675245.0,407533544.36
2025,Julho,Tete,Cahora-Bassa,Transferências,663675.0,495371304.73
2025,Agosto,Tete,Cahora-Bassa,Transferências,748050.0,577760384.49
2025,Setembro,Tete,Cahora-Bassa,Transferências,813494.0,630203542.7
2025,Outubro,Tete,Cahora-Bassa,Transferências,665042.0,409567488.37
2025,Novembro,Tete,Cahora-Bassa,Transferências,800969.0,473265958.26
2025,Dezembro,Tete,Cahora-Bassa,Transferências,843670.0,539288142.3199999
2025,Janeiro,Tete,Changara,Transferências,267905.0,204778524.62
2025,Fevereiro,Tete,Changara,Transferências,292749.0,243491019.29000002
2025,Março,Tete,Changara,Transferências,340221.0,243050430.29000002
2025,Abril,Tete,Changara,Transferências,344786.0,248024712.13
2025,Maio,Tete,Changara,Transferências,385240.0,286993280.48
2025,Junho,Tete,Changara,Transferências,423104.0,325043574.6
2025,Julho,Tete,Changara,Transferências,448318.0,334218727.18
2025,Agosto,Tete,Changara,Transferências,465658.0,313193310.1
2025,Setembro,Tete,Changara,Transferências,455014.0,312700687.39
2025,Outubro,Tete,Changara,Transferências,431480.0,297105365.9
2025,Novembro,Tete,Changara,Transferências,503170.0,351342727.4
2025,Dezembro,Tete,Changara,Transferências,527289.0,384409915.39
2025,Janeiro,Tete,Chifunde,Transferências,85950.0,71807211.0
2025,Fevereiro,Tete,Chifunde,Transferências,94283.0,83186095.78
2025,Março,Tete,Chifunde,Transferências,117992.0,99211576.75
2025,Abril,Tete,Chifunde,Transferências,119439.0,94787283.53999999
2025,Maio,Tete,Chifunde,Transferências,137110.0,108525788.49
2025,Junho,Tete,Chifunde,Transferências,152246.0,112363525.83
2025,Julho,Tete,Chifunde,Transferências,167576.0,124511440.84
2025,Agosto,Tete,Chifunde,Transferências,168708.0,102196382.08
2025,Setembro,Tete,Chifunde,Transferências,157018.0,101690012.45
2025,Outubro,Tete,Chifunde,Transferências,157667.0,112993505.52
2025,Novembro,Tete,Chifunde,Transferências,179333.0,134520272.05
2025,Dezembro,Tete,Chifunde,Transferências,175987.0,153373371.92000002
2025,Janeiro,Tete,Chiuta,Transferências,134343.0,83715689.47
2025,Fevereiro,Tete,Chiuta,Transferências,143754.0,99226685.28999999
2025,Março,Tete,Chiuta,Transferências,173253.0,110069797.14
2025,Abril,Tete,Chiuta,Transferências,173080.0,106714923.8
2025,Maio,Tete,Chiuta,Transferências,175878.0,114915034.14
2025,Junho,Tete,Chiuta,Transferências,194155.0,139019741.7
2025,Julho,Tete,Chiuta,Transferências,211841.0,156180641.59
2025,Agosto,Tete,Chiuta,Transferências,220040.0,137329521.76
2025,Setembro,Tete,Chiuta,Transferências,220761.0,137993244.07
2025,Outubro,Tete,Chiuta,Transferências,225252.0,148554084.32999998
2025,Novembro,Tete,Chiuta,Transferências,268984.0,168678163.8
2025,Dezembro,Tete,Chiuta,Transferências,271788.0,192904912.77
2025,Janeiro,Tete,Macanga,Transferências,200379.0,95117122.8
2025,Fevereiro,Tete,Macanga,Transferências,205075.0,100270770.53999999
2025,Março,Tete,Macanga,Transferências,268771.0,129853888.27
2025,Abril,Tete,Macanga,Transferências,299324.0,134241493.03
2025,Maio,Tete,Macanga,Transferências,338113.0,149657485.79
2025,Junho,Tete,Macanga,Transferências,345830.0,132345492.08
2025,Julho,Tete,Macanga,Transferências,415435.0,156176896.2
2025,Agosto,Tete,Macanga,Transferências,413870.0,121531918.61
2025,Setembro,Tete,Macanga,Transferências,380408.0,109900623.7
2025,Outubro,Tete,Macanga,Transferências,356214.0,118030485.81
2025,Novembro,Tete,Macanga,Transferências,397162.0,124427362.52
2025,Dezembro,Tete,Macanga,Transferências,425267.0,187932639.37
2025,Janeiro,Tete,Mágoe,Transferências,141576.0,89437971.01
2025,Fevereiro,Tete,Mágoe,Transferências,153757.0,88677922.5
2025,Março,Tete,Mágoe,Transferências,186571.0,105092764.2
2025,Abril,Tete,Mágoe,Transferências,182658.0,98671135.08
2025,Maio,Tete,Mágoe,Transferências,182275.0,90839100.13
2025,Junho,Tete,Mágoe,Transferências,198150.0,114223017.38
2025,Julho,Tete,Mágoe,Transferências,198073.0,91141348.23
2025,Agosto,Tete,Mágoe,Transferências,198060.0,87469466.09
2025,Setembro,Tete,Mágoe,Transferências,202023.0,88204923.0
2025,Outubro,Tete,Mágoe,Transferências,198499.0,95064307.43
2025,Novembro,Tete,Mágoe,Transferências,237406.0,107758861.6
2025,Dezembro,Tete,Mágoe,Transferências,244445.0,129414985.06
2025,Janeiro,Tete,Maravia,Transferências,75157.0,56937982.95
2025,Fevereiro,Tete,Maravia,Transferências,80833.0,61679898.18
2025,Março,Tete,Maravia,Transferências,94578.0,64601357.4
2025,Abril,Tete,Maravia,Transferências,100683.0,62815098.36
2025,Maio,Tete,Maravia,Transferências,103146.0,86735014.47
2025,Junho,Tete,Maravia,Transferências,129156.0,146627243.88
2025,Julho,Tete,Maravia,Transferências,167004.0,264022903.45
2025,Agosto,Tete,Maravia,Transferências,170938.0,229975248.01
2025,Setembro,Tete,Maravia,Transferências,168444.0,208805936.43
2025,Outubro,Tete,Maravia,Transferências,157430.0,118193865.5
2025,Novembro,Tete,Maravia,Transferências,168574.0,103792957.93
2025,Dezembro,Tete,Maravia,Transferências,155796.0,92490155.06
2025,Janeiro,Tete,Moatize,Transferências,674178.0,496784464.8
2025,Fevereiro,Tete,Moatize,Transferências,685090.0,552055057.29
2025,Março,Tete,Moatize,Transferências,816698.0,622488667.09
2025,Abril,Tete,Moatize,Transferências,887729.0,660550022.91
2025,Maio,Tete,Moatize,Transferências,878040.0,654997651.76
2025,Junho,Tete,Moatize,Transferências,876213.0,678617217.96
2025,Julho,Tete,Moatize,Transferências,950353.0,712679896.34
2025,Agosto,Tete,Moatize,Transferências,984373.0,698940201.92
2025,Setembro,Tete,Moatize,Transferências,941954.0,681727380.9
2025,Outubro,Tete,Moatize,Transferências,938560.0,680851199.55
2025,Novembro,Tete,Moatize,Transferências,1111261.0,813081210.0699999
2025,Dezembro,Tete,Moatize,Transferências,1237900.0,1013517496.04
2025,Janeiro,Tete,Mutarara,Transferências,246683.0,127154383.53
2025,Fevereiro,Tete,Mutarara,Transferências,261940.0,148324196.26
2025,Março,Tete,Mutarara,Transferências,298282.0,172081160.1
2025,Abril,Tete,Mutarara,Transferências,290657.0,167747100.78
2025,Maio,Tete,Mutarara,Transferências,294493.0,162429403.83
2025,Junho,Tete,Mutarara,Transferências,315589.0,170390846.35
2025,Julho,Tete,Mutarara,Transferências,353926.0,172196706.34
2025,Agosto,Tete,Mutarara,Transferências,373747.0,154177700.68
2025,Setembro,Tete,Mutarara,Transferências,369146.0,155409425.98
2025,Outubro,Tete,Mutarara,Transferências,353215.0,154782415.17
2025,Novembro,Tete,Mutarara,Transferências,442156.0,185393154.71
2025,Dezembro,Tete,Mutarara,Transferências,479712.0,229878842.25
2025,Janeiro,Tete,Tsangano,Transferências,236283.0,129966173.23
2025,Fevereiro,Tete,Tsangano,Transferências,234886.0,133629026.8
2025,Março,Tete,Tsangano,Transferências,274234.0,145340399.3
2025,Abril,Tete,Tsangano,Transferências,306725.0,169950325.87
2025,Maio,Tete,Tsangano,Transferências,329836.0,187651696.0
2025,Junho,Tete,Tsangano,Transferências,359842.0,166256592.89
2025,Julho,Tete,Tsangano,Transferências,400898.0,182496395.85
2025,Agosto,Tete,Tsangano,Transferências,406040.0,167668042.74
2025,Setembro,Tete,Tsangano,Transferências,403732.0,151333051.0
2025,Outubro,Tete,Tsangano,Transferências,383119.0,150746589.26
2025,Novembro,Tete,Tsangano,Transferências,455252.0,217275767.13
2025,Dezembro,Tete,Tsangano,Transferências,477668.0,285477471.0
2025,Janeiro,Tete,Zumbo,Transferências,50453.0,33361089.0
2025,Fevereiro,Tete,Zumbo,Transferências,59594.0,39297189.0
2025,Março,Tete,Zumbo,Transferências,70660.0,41854425.25
2025,Abril,Tete,Zumbo,Transferências,74195.0,40939731.0
2025,Maio,Tete,Zumbo,Transferências,76884.0,44521474.0
2025,Junho,Tete,Zumbo,Transferências,91787.0,58729917.0
2025,Julho,Tete,Zumbo,Transferências,105884.0,68962080.0
2025,Agosto,Tete,Zumbo,Transferências,105561.0,69621547.0
2025,Setembro,Tete,Zumbo,Transferências,109275.0,65030479.0
2025,Outubro,Tete,Zumbo,Transferências,105104.0,59580637.0
2025,Novembro,Tete,Zumbo,Transferências,119518.0,63383417.0
2025,Dezembro,Tete,Zumbo,Transferências,106940.0,59622343.0
2025,Janeiro,Tete,Doa,Transferências,153941.0,56204729.7
2025,Fevereiro,Tete,Doa,Transferências,164208.0,71674087.94
2025,Março,Tete,Doa,Transferências,167715.0,60732719.31
2025,Abril,Tete,Doa,Transferências,179061.0,63585675.96
2025,Maio,Tete,Doa,Transferências,192313.0,69346305.2
2025,Junho,Tete,Doa,Transferências,200182.0,71353133.0
2025,Julho,Tete,Doa,Transferências,234612.0,72246528.36
2025,Agosto,Tete,Doa,Transferências,247710.0,66983603.88
2025,Setembro,Tete,Doa,Transferências,234625.0,69824184.64
2025,Outubro,Tete,Doa,Transferências,222631.0,68417339.16
2025,Novembro,Tete,Doa,Transferências,278230.0,85900665.8
2025,Dezembro,Tete,Doa,Transferências,282206.0,98298696.0
2025,Janeiro,Tete,Marara,Transferências,79452.0,48874964.26
2025,Fevereiro,Tete,Marara,Transferências,88777.0,59629909.84
2025,Março,Tete,Marara,Transferências,99502.0,63669159.34
2025,Abril,Tete,Marara,Transferências,113665.0,74724214.21000001
2025,Maio,Tete,Marara,Transferências,105551.0,73310877.25
2025,Junho,Tete,Marara,Transferências,91522.0,57416899.64
2025,Julho,Tete,Marara,Transferências,96252.0,60196017.65
2025,Agosto,Tete,Marara,Transferências,98692.0,57363983.67
2025,Setembro,Tete,Marara,Transferências,96692.0,58559122.76
2025,Outubro,Tete,Marara,Transferências,110876.0,71567375.06
2025,Novembro,Tete,Marara,Transferências,115611.0,72041564.22999999
2025,Dezembro,Tete,Marara,Transferências,137378.0,104302260.2
2025,Janeiro,Zambézia,Cidade de Quelimane,Transferências,2230798.0,1369776854.05
2025,Fevereiro,Zambézia,Cidade de Quelimane,Transferências,2265425.0,1481049566.98
2025,Março,Zambézia,Cidade de Quelimane,Transferências,2562630.0,1585231824.8
2025,Abril,Zambézia,Cidade de Quelimane,Transferências,2763962.0,1747962575.32
2025,Maio,Zambézia,Cidade de Quelimane,Transferências,3019771.0,1937571256.93
2025,Junho,Zambézia,Cidade de Quelimane,Transferências,3022127.0,1937443135.12
2025,Julho,Zambézia,Cidade de Quelimane,Transferências,3313172.0,2109098544.81
2025,Agosto,Zambézia,Cidade de Quelimane,Transferências,3488323.0,2064163655.44
2025,Setembro,Zambézia,Cidade de Quelimane,Transferências,3300958.0,1871586913.24
2025,Outubro,Zambézia,Cidade de Quelimane,Transferências,3223732.0,1943989017.34
2025,Novembro,Zambézia,Cidade de Quelimane,Transferências,4026922.0,2327417804.95
2025,Dezembro,Zambézia,Cidade de Quelimane,Transferências,4427258.0,2900196883.18
2025,Janeiro,Zambézia,Alto Molócuè,Transferências,594213.0,274640370.43
2025,Fevereiro,Zambézia,Alto Molócuè,Transferências,597169.0,303566236.21
2025,Março,Zambézia,Alto Molócuè,Transferências,675047.0,333934615.2
2025,Abril,Zambézia,Alto Molócuè,Transferências,739743.0,371651442.12
2025,Maio,Zambézia,Alto Molócuè,Transferências,837461.0,419328302.90999997
2025,Junho,Zambézia,Alto Molócuè,Transferências,863957.0,397861596.08
2025,Julho,Zambézia,Alto Molócuè,Transferências,924232.0,413029474.57
2025,Agosto,Zambézia,Alto Molócuè,Transferências,1026252.0,474936591.04
2025,Setembro,Zambézia,Alto Molócuè,Transferências,1038858.0,457746065.53
2025,Outubro,Zambézia,Alto Molócuè,Transferências,996828.0,436481535.14
2025,Novembro,Zambézia,Alto Molócuè,Transferências,1126799.0,442452436.65999997
2025,Dezembro,Zambézia,Alto Molócuè,Transferências,1168874.0,507604748.09000003
2025,Janeiro,Zambézia,Chinde,Transferências,151523.0,45006240.14
2025,Fevereiro,Zambézia,Chinde,Transferências,163592.0,58950381.4
2025,Março,Zambézia,Chinde,Transferências,192343.0,66768154.45
2025,Abril,Zambézia,Chinde,Transferências,185571.0,70505090.7
2025,Maio,Zambézia,Chinde,Transferências,207654.0,73170577.03999999
2025,Junho,Zambézia,Chinde,Transferências,223794.0,73321014.58
2025,Julho,Zambézia,Chinde,Transferências,260195.0,78023006.49
2025,Agosto,Zambézia,Chinde,Transferências,258240.0,76742172.5
2025,Setembro,Zambézia,Chinde,Transferências,245497.0,60979175.75
2025,Outubro,Zambézia,Chinde,Transferências,250944.0,70855488.22
2025,Novembro,Zambézia,Chinde,Transferências,308608.0,81672538.55
2025,Dezembro,Zambézia,Chinde,Transferências,312642.0,88045801.22
2025,Janeiro,Zambézia,Gurúè,Transferências,837688.0,335072380.94
2025,Fevereiro,Zambézia,Gurúè,Transferências,866893.0,377287194.73
2025,Março,Zambézia,Gurúè,Transferências,1044296.0,487513637.73
2025,Abril,Zambézia,Gurúè,Transferências,1170329.0,614792054.53
2025,Maio,Zambézia,Gurúè,Transferências,1263373.0,654812046.25
2025,Junho,Zambézia,Gurúè,Transferências,1273972.0,560607803.69
2025,Julho,Zambézia,Gurúè,Transferências,1358843.0,525913554.52
2025,Agosto,Zambézia,Gurúè,Transferências,1449804.0,583684072.77
2025,Setembro,Zambézia,Gurúè,Transferências,1416229.0,520823397.56
2025,Outubro,Zambézia,Gurúè,Transferências,1344758.0,518426646.89
2025,Novembro,Zambézia,Gurúè,Transferências,1545703.0,539370620.94
2025,Dezembro,Zambézia,Gurúè,Transferências,1572220.0,624222551.31
2025,Janeiro,Zambézia,Ile,Transferências,294350.0,101863430.0
2025,Fevereiro,Zambézia,Ile,Transferências,310002.0,134947668.04
2025,Março,Zambézia,Ile,Transferências,318629.0,123819728.21000001
2025,Abril,Zambézia,Ile,Transferências,357354.0,160677752.79
2025,Maio,Zambézia,Ile,Transferências,374896.0,161751652.45
2025,Junho,Zambézia,Ile,Transferências,397077.0,150699634.21
2025,Julho,Zambézia,Ile,Transferências,432116.0,160219820.98
2025,Agosto,Zambézia,Ile,Transferências,458027.0,158950963.35
2025,Setembro,Zambézia,Ile,Transferências,446702.0,147618084.67000002
2025,Outubro,Zambézia,Ile,Transferências,455315.0,185533499.0
2025,Novembro,Zambézia,Ile,Transferências,511297.0,192482834.31
2025,Dezembro,Zambézia,Ile,Transferências,530968.0,215499112.73
2025,Janeiro,Zambézia,Inhassunge,Transferências,145986.0,53200250.14
2025,Fevereiro,Zambézia,Inhassunge,Transferências,150497.0,63237464.7
2025,Março,Zambézia,Inhassunge,Transferências,167357.0,70106550.36
2025,Abril,Zambézia,Inhassunge,Transferências,186851.0,76293201.4
2025,Maio,Zambézia,Inhassunge,Transferências,200367.0,81382106.03
2025,Junho,Zambézia,Inhassunge,Transferências,210566.0,80743477.64
2025,Julho,Zambézia,Inhassunge,Transferências,229453.0,79653316.14
2025,Agosto,Zambézia,Inhassunge,Transferências,249088.0,81508060.18
2025,Setembro,Zambézia,Inhassunge,Transferências,253028.0,79852114.4
2025,Outubro,Zambézia,Inhassunge,Transferências,252294.0,85705430.24
2025,Novembro,Zambézia,Inhassunge,Transferências,319849.0,106202869.27
2025,Dezembro,Zambézia,Inhassunge,Transferências,359898.0,121128364.78
2025,Janeiro,Zambézia,Lugela,Transferências,304367.0,48847341.44
2025,Fevereiro,Zambézia,Lugela,Transferências,287792.0,66633572.49
2025,Março,Zambézia,Lugela,Transferências,343315.0,88167451.49
2025,Abril,Zambézia,Lugela,Transferências,386786.0,85084342.08
2025,Maio,Zambézia,Lugela,Transferências,379362.0,78576709.94
2025,Junho,Zambézia,Lugela,Transferências,390311.0,77891601.67
2025,Julho,Zambézia,Lugela,Transferências,448060.0,89123874.59
2025,Agosto,Zambézia,Lugela,Transferências,447973.0,80909504.97
2025,Setembro,Zambézia,Lugela,Transferências,512411.0,103526781.1
2025,Outubro,Zambézia,Lugela,Transferências,546776.0,119430711.53
2025,Novembro,Zambézia,Lugela,Transferências,616790.0,110935061.73
2025,Dezembro,Zambézia,Lugela,Transferências,644577.0,130764388.16
2025,Janeiro,Zambézia,Gilé,Transferências,511122.0,176644014.3
2025,Fevereiro,Zambézia,Gilé,Transferências,527501.0,189033620.94
2025,Março,Zambézia,Gilé,Transferências,609297.0,234372708.25
2025,Abril,Zambézia,Gilé,Transferências,689623.0,278770994.74
2025,Maio,Zambézia,Gilé,Transferências,735259.0,272674452.66
2025,Junho,Zambézia,Gilé,Transferências,773548.0,272586822.18
2025,Julho,Zambézia,Gilé,Transferências,872678.0,304130048.47
2025,Agosto,Zambézia,Gilé,Transferências,899933.0,310118674.83
2025,Setembro,Zambézia,Gilé,Transferências,870606.0,289658042.6
2025,Outubro,Zambézia,Gilé,Transferências,831524.0,286634745.86
2025,Novembro,Zambézia,Gilé,Transferências,1036570.0,348198741.47
2025,Dezembro,Zambézia,Gilé,Transferências,1055204.0,389810536.7
2025,Janeiro,Zambézia,Maganja da Costa,Transferências,479656.0,216319499.46
2025,Fevereiro,Zambézia,Maganja da Costa,Transferências,495426.0,244769804.5
2025,Março,Zambézia,Maganja da Costa,Transferências,529464.0,241571524.94
2025,Abril,Zambézia,Maganja da Costa,Transferências,579814.0,270924358.83
2025,Maio,Zambézia,Maganja da Costa,Transferências,643887.0,289326353.62
2025,Junho,Zambézia,Maganja da Costa,Transferências,671722.0,293894187.06
2025,Julho,Zambézia,Maganja da Costa,Transferências,724848.0,302577345.33
2025,Agosto,Zambézia,Maganja da Costa,Transferências,765389.0,306965210.44
2025,Setembro,Zambézia,Maganja da Costa,Transferências,715151.0,290611313.09000003
2025,Outubro,Zambézia,Maganja da Costa,Transferências,691683.0,276672549.85
2025,Novembro,Zambézia,Maganja da Costa,Transferências,808193.0,309085294.75
2025,Dezembro,Zambézia,Maganja da Costa,Transferências,903320.0,385711436.0
2025,Janeiro,Zambézia,Milange,Transferências,720473.0,262935089.94
2025,Fevereiro,Zambézia,Milange,Transferências,707834.0,328702075.38
2025,Março,Zambézia,Milange,Transferências,839633.0,394971822.08
2025,Abril,Zambézia,Milange,Transferências,964473.0,438776359.43
2025,Maio,Zambézia,Milange,Transferências,993075.0,482890763.11
2025,Junho,Zambézia,Milange,Transferências,996098.0,430660530.57
2025,Julho,Zambézia,Milange,Transferências,1088920.0,429345094.54
2025,Agosto,Zambézia,Milange,Transferências,1203103.0,423851506.24
2025,Setembro,Zambézia,Milange,Transferências,1200531.0,413170683.32
2025,Outubro,Zambézia,Milange,Transferências,1151652.0,439422304.57
2025,Novembro,Zambézia,Milange,Transferências,1250892.0,473353028.7
2025,Dezembro,Zambézia,Milange,Transferências,1206305.0,542059049.94
2025,Janeiro,Zambézia,Mocuba,Transferências,1363481.0,791985558.8199999
2025,Fevereiro,Zambézia,Mocuba,Transferências,1391150.0,852718378.03
2025,Março,Zambézia,Mocuba,Transferências,1569814.0,924023545.76
2025,Abril,Zambézia,Mocuba,Transferências,1733211.0,1028170783.42
2025,Maio,Zambézia,Mocuba,Transferências,1927492.0,1131673280.3
2025,Junho,Zambézia,Mocuba,Transferências,1917950.0,1097334648.56
2025,Julho,Zambézia,Mocuba,Transferências,2126938.0,1250495737.91
2025,Agosto,Zambézia,Mocuba,Transferências,2220430.0,1217446428.75
2025,Setembro,Zambézia,Mocuba,Transferências,2181580.0,1182636918.88
2025,Outubro,Zambézia,Mocuba,Transferências,2113594.0,1191436708.91
2025,Novembro,Zambézia,Mocuba,Transferências,2464212.0,1320357019.56
2025,Dezembro,Zambézia,Mocuba,Transferências,2707863.0,1565811226.33
2025,Janeiro,Zambézia,Mopeia,Transferências,351449.0,98855716.1
2025,Fevereiro,Zambézia,Mopeia,Transferências,367976.0,124563090.18
2025,Março,Zambézia,Mopeia,Transferências,412118.0,131546614.06
2025,Abril,Zambézia,Mopeia,Transferências,453411.0,159763574.62
2025,Maio,Zambézia,Mopeia,Transferências,445315.0,145408403.28
2025,Junho,Zambézia,Mopeia,Transferências,459332.0,137701506.16
2025,Julho,Zambézia,Mopeia,Transferências,511477.0,166657220.64
2025,Agosto,Zambézia,Mopeia,Transferências,540258.0,147308247.37
2025,Setembro,Zambézia,Mopeia,Transferências,544893.0,139276474.36
2025,Outubro,Zambézia,Mopeia,Transferências,559993.0,164376064.63
2025,Novembro,Zambézia,Mopeia,Transferências,691548.0,180346664.75
2025,Dezembro,Zambézia,Mopeia,Transferências,733924.0,214563363.8
2025,Janeiro,Zambézia,Morrumbala,Transferências,765292.0,188784298.91
2025,Fevereiro,Zambézia,Morrumbala,Transferências,762169.0,242309741.18
2025,Março,Zambézia,Morrumbala,Transferências,866834.0,268794124.17
2025,Abril,Zambézia,Morrumbala,Transferências,958500.0,303128579.59
2025,Maio,Zambézia,Morrumbala,Transferências,990578.0,315150575.68
2025,Junho,Zambézia,Morrumbala,Transferências,1017545.0,296308196.78
2025,Julho,Zambézia,Morrumbala,Transferências,1159089.0,357950422.45
2025,Agosto,Zambézia,Morrumbala,Transferências,1220849.0,326437438.32
2025,Setembro,Zambézia,Morrumbala,Transferências,1257407.0,358582135.83
2025,Outubro,Zambézia,Morrumbala,Transferências,1275311.0,394957947.49
2025,Novembro,Zambézia,Morrumbala,Transferências,1470643.0,399838066.7
2025,Dezembro,Zambézia,Morrumbala,Transferências,1474053.0,456024409.53
2025,Janeiro,Zambézia,Namacurra,Transferências,305066.0,130132409.32
2025,Fevereiro,Zambézia,Namacurra,Transferências,316721.0,143549682.25
2025,Março,Zambézia,Namacurra,Transferências,349491.0,158978320.89
2025,Abril,Zambézia,Namacurra,Transferências,383551.0,166265590.53
2025,Maio,Zambézia,Namacurra,Transferências,418074.0,193061093.61
2025,Junho,Zambézia,Namacurra,Transferências,439625.0,197156353.48
2025,Julho,Zambézia,Namacurra,Transferências,467229.0,205395008.97
2025,Agosto,Zambézia,Namacurra,Transferências,485684.0,204023235.25
2025,Setembro,Zambézia,Namacurra,Transferências,481097.0,192602462.27
2025,Outubro,Zambézia,Namacurra,Transferências,462968.0,190467310.86
2025,Novembro,Zambézia,Namacurra,Transferências,561966.0,215036335.22
2025,Dezembro,Zambézia,Namacurra,Transferências,651420.0,284287566.23
2025,Janeiro,Zambézia,Namarroi,Transferências,243021.0,35628231.0
2025,Fevereiro,Zambézia,Namarroi,Transferências,242081.0,47837898.0
2025,Março,Zambézia,Namarroi,Transferências,286830.0,55266348.3
2025,Abril,Zambézia,Namarroi,Transferências,316368.0,61735641.2
2025,Maio,Zambézia,Namarroi,Transferências,327268.0,63090238.0
2025,Junho,Zambézia,Namarroi,Transferências,330796.0,57583943.37
2025,Julho,Zambézia,Namarroi,Transferências,353437.0,59285556.43
2025,Agosto,Zambézia,Namarroi,Transferências,380947.0,61941359.08
2025,Setembro,Zambézia,Namarroi,Transferências,393727.0,56564610.86
2025,Outubro,Zambézia,Namarroi,Transferências,368010.0,58873178.56
2025,Novembro,Zambézia,Namarroi,Transferências,420503.0,65100611.46
2025,Dezembro,Zambézia,Namarroi,Transferências,393140.0,70594219.61
2025,Janeiro,Zambézia,Nicoadala,Transferências,478579.0,220202973.11
2025,Fevereiro,Zambézia,Nicoadala,Transferências,492482.0,242658607.28
2025,Março,Zambézia,Nicoadala,Transferências,532726.0,244891472.02
2025,Abril,Zambézia,Nicoadala,Transferências,616832.0,278321450.24
2025,Maio,Zambézia,Nicoadala,Transferências,663253.0,303077779.66
2025,Junho,Zambézia,Nicoadala,Transferências,695213.0,328711366.52
2025,Julho,Zambézia,Nicoadala,Transferências,753017.0,345374266.68
2025,Agosto,Zambézia,Nicoadala,Transferências,775740.0,325458690.83
2025,Setembro,Zambézia,Nicoadala,Transferências,775849.0,321848684.47
2025,Outubro,Zambézia,Nicoadala,Transferências,770592.0,328779054.84000003
2025,Novembro,Zambézia,Nicoadala,Transferências,967097.0,397123296.84000003
2025,Dezembro,Zambézia,Nicoadala,Transferências,1084018.0,507473387.81
2025,Janeiro,Zambézia,Pebane,Transferências,602000.0,201040560.87
2025,Fevereiro,Zambézia,Pebane,Transferências,562838.0,200326328.74
2025,Março,Zambézia,Pebane,Transferências,577764.0,204991172.03
2025,Abril,Zambézia,Pebane,Transferências,651003.0,233224483.07
2025,Maio,Zambézia,Pebane,Transferências,691394.0,244943044.78
2025,Junho,Zambézia,Pebane,Transferências,729401.0,256521632.95
2025,Julho,Zambézia,Pebane,Transferências,800440.0,270201121.43
2025,Agosto,Zambézia,Pebane,Transferências,842512.0,290635325.09
2025,Setembro,Zambézia,Pebane,Transferências,900567.0,292879231.65
2025,Outubro,Zambézia,Pebane,Transferências,729844.0,302782113.47
2025,Novembro,Zambézia,Pebane,Transferências,1040612.0,358357948.78
2025,Dezembro,Zambézia,Pebane,Transferências,1041163.0,363178547.78
2025,Janeiro,Zambézia,Molumbo,Transferências,275382.0,78612191.82
2025,Fevereiro,Zambézia,Molumbo,Transferências,278070.0,95200583.0
2025,Março,Zambézia,Molumbo,Transferências,378918.0,142606112.06
2025,Abril,Zambézia,Molumbo,Transferências,466777.0,173762740.4
2025,Maio,Zambézia,Molumbo,Transferências,595260.0,221109165.5
2025,Junho,Zambézia,Molumbo,Transferências,605415.0,184108695.87
2025,Julho,Zambézia,Molumbo,Transferências,666169.0,175281618.0
2025,Agosto,Zambézia,Molumbo,Transferências,690773.0,158556937.98
2025,Setembro,Zambézia,Molumbo,Transferências,583504.0,129530072.54
2025,Outubro,Zambézia,Molumbo,Transferências,502908.0,114303333.2
2025,Novembro,Zambézia,Molumbo,Transferências,526816.0,115024838.5
2025,Dezembro,Zambézia,Molumbo,Transferências,527554.0,132653742.33
2025,Janeiro,Zambézia,Mocubela,Transferências,13089.0,6747419.99
2025,Fevereiro,Zambézia,Mocubela,Transferências,11832.0,5645493.45
2025,Março,Zambézia,Mocubela,Transferências,14281.0,9024086.71
2025,Abril,Zambézia,Mocubela,Transferências,18170.0,9861781.95
2025,Maio,Zambézia,Mocubela,Transferências,15732.0,10612771.09
2025,Junho,Zambézia,Mocubela,Transferências,14147.0,9588755.98
2025,Julho,Zambézia,Mocubela,Transferências,15288.0,9337964.08
2025,Agosto,Zambézia,Mocubela,Transferências,14571.0,6420442.26
2025,Setembro,Zambézia,Mocubela,Transferências,16101.0,7705216.88
2025,Outubro,Zambézia,Mocubela,Transferências,20796.0,9007798.96
2025,Novembro,Zambézia,Mocubela,Transferências,20541.0,10942774.96
2025,Dezembro,Zambézia,Mocubela,Transferências,22919.0,12947496.83
2025,Janeiro,Zambézia,Mulevala,Transferências,442641.0,195570310.0
2025,Fevereiro,Zambézia,Mulevala,Transferências,425815.0,178977467.94
2025,Março,Zambézia,Mulevala,Transferências,459234.0,177178302.43
2025,Abril,Zambézia,Mulevala,Transferências,513476.0,200568955.45
2025,Maio,Zambézia,Mulevala,Transferências,537553.0,174918422.08
2025,Junho,Zambézia,Mulevala,Transferências,544122.0,154197458.86
2025,Julho,Zambézia,Mulevala,Transferências,624370.0,189793473.1
2025,Agosto,Zambézia,Mulevala,Transferências,660057.0,190298106.46
2025,Setembro,Zambézia,Mulevala,Transferências,650521.0,178842728.92
2025,Outubro,Zambézia,Mulevala,Transferências,617229.0,187301006.89
2025,Novembro,Zambézia,Mulevala,Transferências,758028.0,224526476.0
2025,Dezembro,Zambézia,Mulevala,Transferências,783636.0,251440281.72
2025,Janeiro,Zambézia,Luabo,Transferências,15618.0,3070758.18
2025,Fevereiro,Zambézia,Luabo,Transferências,17049.0,4863738.92
2025,Março,Zambézia,Luabo,Transferências,17652.0,4617883.23
2025,Abril,Zambézia,Luabo,Transferências,19770.0,6752098.65
2025,Maio,Zambézia,Luabo,Transferências,19444.0,5199676.58
2025,Junho,Zambézia,Luabo,Transferências,19452.0,5001275.46
2025,Julho,Zambézia,Luabo,Transferências,19675.0,4683499.02
2025,Agosto,Zambézia,Luabo,Transferências,18510.0,4422289.58
2025,Setembro,Zambézia,Luabo,Transferências,18769.0,3915694.62
2025,Outubro,Zambézia,Luabo,Transferências,23090.0,5686590.04
2025,Novembro,Zambézia,Luabo,Transferências,21662.0,6131059.56
2025,Dezembro,Zambézia,Luabo,Transferências,22668.0,6648233.24
2025,Janeiro,Zambézia,Derre,Transferências,4091.0,2100605.0
2025,Fevereiro,Zambézia,Derre,Transferências,4025.0,2743027.0
2025,Março,Zambézia,Derre,Transferências,5001.0,2975398.1
2025,Abril,Zambézia,Derre,Transferências,8384.0,8595082.21
2025,Maio,Zambézia,Derre,Transferências,6606.0,4927592.88
2025,Junho,Zambézia,Derre,Transferências,5876.0,3118665.25
2025,Julho,Zambézia,Derre,Transferências,5849.0,3923769.57
2025,Agosto,Zambézia,Derre,Transferências,6929.0,4878364.58
2025,Setembro,Zambézia,Derre,Transferências,7702.0,7724468.0
2025,Outubro,Zambézia,Derre,Transferências,7991.0,11549393.92
2025,Novembro,Zambézia,Derre,Transferências,8734.0,6663466.99
2025,Dezembro,Zambézia,Derre,Transferências,9508.0,9168917.52
2025,Janeiro,Nampula,Cidade de Nampula,Transferências,8728299.0,5769290433.64
2025,Fevereiro,Nampula,Cidade de Nampula,Transferências,9135781.0,6360015062.85
2025,Março,Nampula,Cidade de Nampula,Transferências,10216247.0,6829610174.13
2025,Abril,Nampula,Cidade de Nampula,Transferências,11117848.0,7449871018.92
2025,Maio,Nampula,Cidade de Nampula,Transferências,12475612.0,8679466737.84
2025,Junho,Nampula,Cidade de Nampula,Transferências,12443612.0,8838953191.44
2025,Julho,Nampula,Cidade de Nampula,Transferências,13701696.0,9385456114.96
2025,Agosto,Nampula,Cidade de Nampula,Transferências,13943763.0,9000001254.07
2025,Setembro,Nampula,Cidade de Nampula,Transferências,12948686.0,8184975682.33
2025,Outubro,Nampula,Cidade de Nampula,Transferências,11997639.0,7787468996.71
2025,Novembro,Nampula,Cidade de Nampula,Transferências,14904126.0,9589114675.83
2025,Dezembro,Nampula,Cidade de Nampula,Transferências,16080138.0,11460883424.48
2025,Janeiro,Nampula,Cidade de Nacala-Porto,Transferências,3206851.0,1474549051.08
2025,Fevereiro,Nampula,Cidade de Nacala-Porto,Transferências,3335766.0,1581024029.76
2025,Março,Nampula,Cidade de Nacala-Porto,Transferências,3566542.0,1747870753.95
2025,Abril,Nampula,Cidade de Nacala-Porto,Transferências,4023886.0,1833300443.52
2025,Maio,Nampula,Cidade de Nacala-Porto,Transferências,4549590.0,2041105768.84
2025,Junho,Nampula,Cidade de Nacala-Porto,Transferências,4719290.0,2217687035.96
2025,Julho,Nampula,Cidade de Nacala-Porto,Transferências,5191599.0,2337701240.47
2025,Agosto,Nampula,Cidade de Nacala-Porto,Transferências,5358777.0,2276181307.14
2025,Setembro,Nampula,Cidade de Nacala-Porto,Transferências,5140696.0,2227314061.27
2025,Outubro,Nampula,Cidade de Nacala-Porto,Transferências,4821772.0,2193619566.84
2025,Novembro,Nampula,Cidade de Nacala-Porto,Transferências,6260760.0,2819310198.84
2025,Dezembro,Nampula,Cidade de Nacala-Porto,Transferências,6805723.0,3525378635.41
2025,Janeiro,Nampula,Angoche,Transferências,1485852.0,385326442.08
2025,Fevereiro,Nampula,Angoche,Transferências,1279207.0,430232864.55
2025,Março,Nampula,Angoche,Transferências,1326272.0,511514431.02
2025,Abril,Nampula,Angoche,Transferências,1457276.0,519125284.3
2025,Maio,Nampula,Angoche,Transferências,1639406.0,573542396.71
2025,Junho,Nampula,Angoche,Transferências,1761542.0,649492176.95
2025,Julho,Nampula,Angoche,Transferências,1893320.0,650147369.61
2025,Agosto,Nampula,Angoche,Transferências,1917095.0,635667711.04
2025,Setembro,Nampula,Angoche,Transferências,1825280.0,567393185.8
2025,Outubro,Nampula,Angoche,Transferências,1691022.0,608157772.01
2025,Novembro,Nampula,Angoche,Transferências,2168950.0,734478572.46
2025,Dezembro,Nampula,Angoche,Transferências,2276168.0,975388079.3
2025,Janeiro,Nampula,Ilha de Moçambique,Transferências,220420.0,102712028.38
2025,Fevereiro,Nampula,Ilha de Moçambique,Transferências,267232.0,121128079.81
2025,Março,Nampula,Ilha de Moçambique,Transferências,270791.0,129872719.42
2025,Abril,Nampula,Ilha de Moçambique,Transferências,339220.0,144640769.12
2025,Maio,Nampula,Ilha de Moçambique,Transferências,336482.0,133347926.9
2025,Junho,Nampula,Ilha de Moçambique,Transferências,361185.0,164606444.37
2025,Julho,Nampula,Ilha de Moçambique,Transferências,386764.0,152245099.77
2025,Agosto,Nampula,Ilha de Moçambique,Transferências,423944.0,191168891.22
2025,Setembro,Nampula,Ilha de Moçambique,Transferências,431346.0,173318473.8
2025,Outubro,Nampula,Ilha de Moçambique,Transferências,396644.0,154717315.08
2025,Novembro,Nampula,Ilha de Moçambique,Transferências,499131.0,193606951.85
2025,Dezembro,Nampula,Ilha de Moçambique,Transferências,640927.0,278185699.74
2025,Janeiro,Nampula,Lalaua,Transferências,86040.0,23825459.0
2025,Fevereiro,Nampula,Lalaua,Transferências,99739.0,37199077.4
2025,Março,Nampula,Lalaua,Transferências,84604.0,28272751.44
2025,Abril,Nampula,Lalaua,Transferências,117078.0,39060376.6
2025,Maio,Nampula,Lalaua,Transferências,134594.0,56610550.8
2025,Junho,Nampula,Lalaua,Transferências,164507.0,75504807.92
2025,Julho,Nampula,Lalaua,Transferências,206321.0,91880415.04
2025,Agosto,Nampula,Lalaua,Transferências,227036.0,82479421.83
2025,Setembro,Nampula,Lalaua,Transferências,222820.0,67839350.26
2025,Outubro,Nampula,Lalaua,Transferências,196440.0,57970821.46
2025,Novembro,Nampula,Lalaua,Transferências,213991.0,60429429.8
2025,Dezembro,Nampula,Lalaua,Transferências,213123.0,60802752.0
2025,Janeiro,Nampula,Malema,Transferências,364765.0,146430121.05
2025,Fevereiro,Nampula,Malema,Transferências,395884.0,175173468.41
2025,Março,Nampula,Malema,Transferências,442881.0,180978177.0
2025,Abril,Nampula,Malema,Transferências,481262.0,215122755.34
2025,Maio,Nampula,Malema,Transferências,522782.0,249150454.23
2025,Junho,Nampula,Malema,Transferências,573426.0,274492277.04
2025,Julho,Nampula,Malema,Transferências,658880.0,267180023.23
2025,Agosto,Nampula,Malema,Transferências,709448.0,306782718.61
2025,Setembro,Nampula,Malema,Transferências,686954.0,255841750.81
2025,Outubro,Nampula,Malema,Transferências,620129.0,220980060.42000002
2025,Novembro,Nampula,Malema,Transferências,740430.0,279181336.89
2025,Dezembro,Nampula,Malema,Transferências,762198.0,315703975.15
2025,Janeiro,Nampula,Meconta (Namialo),Transferências,956616.0,197157006.13
2025,Fevereiro,Nampula,Meconta (Namialo),Transferências,608818.0,190753262.07
2025,Março,Nampula,Meconta (Namialo),Transferências,539354.0,190892992.57
2025,Abril,Nampula,Meconta (Namialo),Transferências,634304.0,258297930.4
2025,Maio,Nampula,Meconta (Namialo),Transferências,711731.0,278958630.29
2025,Junho,Nampula,Meconta (Namialo),Transferências,729230.0,272320023.68
2025,Julho,Nampula,Meconta (Namialo),Transferências,817896.0,285667027.07
2025,Agosto,Nampula,Meconta (Namialo),Transferências,844369.0,297184977.06
2025,Setembro,Nampula,Meconta (Namialo),Transferências,809518.0,268494996.03
2025,Outubro,Nampula,Meconta (Namialo),Transferências,810749.0,300623911.11
2025,Novembro,Nampula,Meconta (Namialo),Transferências,1072070.0,366194652.81
2025,Dezembro,Nampula,Meconta (Namialo),Transferências,1008946.0,415760718.69
2025,Janeiro,Nampula,Mecuburi,Transferências,209184.0,72965647.15
2025,Fevereiro,Nampula,Mecuburi,Transferências,244767.0,101513888.07
2025,Março,Nampula,Mecuburi,Transferências,241421.0,95486686.02
2025,Abril,Nampula,Mecuburi,Transferências,297509.0,107970865.88
2025,Maio,Nampula,Mecuburi,Transferências,324622.0,112400544.49
2025,Junho,Nampula,Mecuburi,Transferências,364320.0,114058828.98
2025,Julho,Nampula,Mecuburi,Transferências,425962.0,125634715.92
2025,Agosto,Nampula,Mecuburi,Transferências,434916.0,122620182.96
2025,Setembro,Nampula,Mecuburi,Transferências,429043.0,131987715.88
2025,Outubro,Nampula,Mecuburi,Transferências,399877.0,127217134.7
2025,Novembro,Nampula,Mecuburi,Transferências,486535.0,163163299.05
2025,Dezembro,Nampula,Mecuburi,Transferências,475489.0,166578126.15
2025,Janeiro,Nampula,Memba,Transferências,492543.0,125908664.7
2025,Fevereiro,Nampula,Memba,Transferências,541433.0,152004324.79
2025,Março,Nampula,Memba,Transferências,468397.0,151483726.31
2025,Abril,Nampula,Memba,Transferências,617512.0,173614412.75
2025,Maio,Nampula,Memba,Transferências,666617.0,179145970.88
2025,Junho,Nampula,Memba,Transferências,726506.0,178971097.76
2025,Julho,Nampula,Memba,Transferências,815336.0,196018806.79
2025,Agosto,Nampula,Memba,Transferências,867322.0,211793789.89
2025,Setembro,Nampula,Memba,Transferências,895177.0,264507015.87
2025,Outubro,Nampula,Memba,Transferências,870218.0,266048009.49
2025,Novembro,Nampula,Memba,Transferências,1159765.0,324156249.45
2025,Dezembro,Nampula,Memba,Transferências,1045352.0,315196062.06
2025,Janeiro,Nampula,Mogincual,Transferências,268831.0,67955532.49
2025,Fevereiro,Nampula,Mogincual,Transferências,342281.0,122712734.44
2025,Março,Nampula,Mogincual,Transferências,340903.0,127228868.54
2025,Abril,Nampula,Mogincual,Transferências,378380.0,131934944.11
2025,Maio,Nampula,Mogincual,Transferências,381749.0,124187572.4
2025,Junho,Nampula,Mogincual,Transferências,412300.0,138570601.0
2025,Julho,Nampula,Mogincual,Transferências,481239.0,151365703.63
2025,Agosto,Nampula,Mogincual,Transferências,466943.0,134508363.1
2025,Setembro,Nampula,Mogincual,Transferências,467862.0,127568973.27
2025,Outubro,Nampula,Mogincual,Transferências,445316.0,134777428.1
2025,Novembro,Nampula,Mogincual,Transferências,589857.0,174291317.65
2025,Dezembro,Nampula,Mogincual,Transferências,597346.0,173247626.85
2025,Janeiro,Nampula,Mogovolas,Transferências,660131.0,192730115.26
2025,Fevereiro,Nampula,Mogovolas,Transferências,680410.0,227850747.85
2025,Março,Nampula,Mogovolas,Transferências,710565.0,266029425.55
2025,Abril,Nampula,Mogovolas,Transferências,892582.0,414531572.42
2025,Maio,Nampula,Mogovolas,Transferências,976252.0,365457166.8
2025,Junho,Nampula,Mogovolas,Transferências,977535.0,308740684.11
2025,Julho,Nampula,Mogovolas,Transferências,1069391.0,308826374.88
2025,Agosto,Nampula,Mogovolas,Transferências,1044535.0,299993656.42
2025,Setembro,Nampula,Mogovolas,Transferências,988246.0,284499723.24
2025,Outubro,Nampula,Mogovolas,Transferências,934278.0,319786212.33
2025,Novembro,Nampula,Mogovolas,Transferências,1249243.0,439562591.54
2025,Dezembro,Nampula,Mogovolas,Transferências,1255529.0,402740878.28
2025,Janeiro,Nampula,Moma,Transferências,1286081.0,429354268.01
2025,Fevereiro,Nampula,Moma,Transferências,1303718.0,455358570.39
2025,Março,Nampula,Moma,Transferências,1266774.0,515999516.90999997
2025,Abril,Nampula,Moma,Transferências,1507404.0,559112777.96
2025,Maio,Nampula,Moma,Transferências,1653424.0,614626401.36
2025,Junho,Nampula,Moma,Transferências,1743660.0,618416026.76
2025,Julho,Nampula,Moma,Transferências,1935660.0,634328351.2
2025,Agosto,Nampula,Moma,Transferências,1993718.0,629886529.24
2025,Setembro,Nampula,Moma,Transferências,1906909.0,609030718.19
2025,Outubro,Nampula,Moma,Transferências,1700160.0,537308556.35
2025,Novembro,Nampula,Moma,Transferências,2140732.0,697462998.44
2025,Dezembro,Nampula,Moma,Transferências,2123006.0,704325159.47
2025,Janeiro,Nampula,Monapo,Transferências,632342.0,175655205.76
2025,Fevereiro,Nampula,Monapo,Transferências,660849.0,199992200.57
2025,Março,Nampula,Monapo,Transferências,616629.0,205293437.27
2025,Abril,Nampula,Monapo,Transferências,761188.0,232317865.61
2025,Maio,Nampula,Monapo,Transferências,763596.0,229800900.86
2025,Junho,Nampula,Monapo,Transferências,840223.0,239105748.81
2025,Julho,Nampula,Monapo,Transferências,905881.0,258136359.54
2025,Agosto,Nampula,Monapo,Transferências,1015856.0,266608481.69
2025,Setembro,Nampula,Monapo,Transferências,1029104.0,265704648.16
2025,Outubro,Nampula,Monapo,Transferências,956044.0,252334692.79
2025,Novembro,Nampula,Monapo,Transferências,1223006.0,326456247.8
2025,Dezembro,Nampula,Monapo,Transferências,1244553.0,365527278.88
2025,Janeiro,Nampula,Mossuril,Transferências,189361.0,73006221.6
2025,Fevereiro,Nampula,Mossuril,Transferências,209415.0,92458568.97
2025,Março,Nampula,Mossuril,Transferências,215257.0,102163756.33
2025,Abril,Nampula,Mossuril,Transferências,243272.0,96404758.02
2025,Maio,Nampula,Mossuril,Transferências,288890.0,112170652.69
2025,Junho,Nampula,Mossuril,Transferências,317637.0,141706921.47
2025,Julho,Nampula,Mossuril,Transferências,359281.0,135372726.65
2025,Agosto,Nampula,Mossuril,Transferências,391412.0,143404360.61
2025,Setembro,Nampula,Mossuril,Transferências,366703.0,121672002.19
2025,Outubro,Nampula,Mossuril,Transferências,363787.0,128677834.99
2025,Novembro,Nampula,Mossuril,Transferências,460801.0,151470153.49
2025,Dezembro,Nampula,Mossuril,Transferências,501285.0,183328057.98
2025,Janeiro,Nampula,Muecate,Transferências,133067.0,27722202.4
2025,Fevereiro,Nampula,Muecate,Transferências,131670.0,33762885.52
2025,Março,Nampula,Muecate,Transferências,106216.0,29110197.94
2025,Abril,Nampula,Muecate,Transferências,161630.0,46728172.53
2025,Maio,Nampula,Muecate,Transferências,172546.0,39705512.98
2025,Junho,Nampula,Muecate,Transferências,190349.0,47464009.15
2025,Julho,Nampula,Muecate,Transferências,225275.0,52224768.42
2025,Agosto,Nampula,Muecate,Transferências,235916.0,47882416.58
2025,Setembro,Nampula,Muecate,Transferências,232813.0,46480951.64
2025,Outubro,Nampula,Muecate,Transferências,207732.0,43965978.38
2025,Novembro,Nampula,Muecate,Transferências,278519.0,59718364.3
2025,Dezembro,Nampula,Muecate,Transferências,281169.0,66395290.47
2025,Janeiro,Nampula,Murrupula,Transferências,219385.0,86023067.03
2025,Fevereiro,Nampula,Murrupula,Transferências,218496.0,89914709.65
2025,Março,Nampula,Murrupula,Transferências,249318.0,99972788.77
2025,Abril,Nampula,Murrupula,Transferências,312298.0,138361949.48
2025,Maio,Nampula,Murrupula,Transferências,318515.0,126697349.06
2025,Junho,Nampula,Murrupula,Transferências,337318.0,123184304.96000001
2025,Julho,Nampula,Murrupula,Transferências,379519.0,127781846.92
2025,Agosto,Nampula,Murrupula,Transferências,399201.0,124867904.88
2025,Setembro,Nampula,Murrupula,Transferências,398308.0,125624657.66
2025,Outubro,Nampula,Murrupula,Transferências,382347.0,118452311.78999999
2025,Novembro,Nampula,Murrupula,Transferências,537847.0,204625318.23
2025,Dezembro,Nampula,Murrupula,Transferências,517863.0,178076340.52
2025,Janeiro,Nampula,Nacala-Velha,Transferências,236906.0,62134431.5
2025,Fevereiro,Nampula,Nacala-Velha,Transferências,255258.0,64572724.01
2025,Março,Nampula,Nacala-Velha,Transferências,250762.0,73533390.48
2025,Abril,Nampula,Nacala-Velha,Transferências,303953.0,87959934.38
2025,Maio,Nampula,Nacala-Velha,Transferências,374659.0,122685798.33
2025,Junho,Nampula,Nacala-Velha,Transferências,377389.0,117869488.66
2025,Julho,Nampula,Nacala-Velha,Transferências,458430.0,138691406.75
2025,Agosto,Nampula,Nacala-Velha,Transferências,472828.0,129388867.65
2025,Setembro,Nampula,Nacala-Velha,Transferências,442090.0,107619246.89
2025,Outubro,Nampula,Nacala-Velha,Transferências,416778.0,102536451.89
2025,Novembro,Nampula,Nacala-Velha,Transferências,526320.0,129337180.3
2025,Dezembro,Nampula,Nacala-Velha,Transferências,574284.0,164694987.15
2025,Janeiro,Nampula,Nacaroa,Transferências,216756.0,49254456.33
2025,Fevereiro,Nampula,Nacaroa,Transferências,224605.0,56943967.42
2025,Março,Nampula,Nacaroa,Transferências,203618.0,62081980.46
2025,Abril,Nampula,Nacaroa,Transferências,302625.0,95400983.27
2025,Maio,Nampula,Nacaroa,Transferências,336547.0,92208969.13
2025,Junho,Nampula,Nacaroa,Transferências,350762.0,82661582.4
2025,Julho,Nampula,Nacaroa,Transferências,381987.0,83625076.95
2025,Agosto,Nampula,Nacaroa,Transferências,369046.0,72472798.13
2025,Setembro,Nampula,Nacaroa,Transferências,346301.0,68114352.64
2025,Outubro,Nampula,Nacaroa,Transferências,329022.0,80617075.21
2025,Novembro,Nampula,Nacaroa,Transferências,442242.0,107353716.33
2025,Dezembro,Nampula,Nacaroa,Transferências,446608.0,107931342.03
2025,Janeiro,Nampula,Namapa-Erati,Transferências,403983.0,134504608.7
2025,Fevereiro,Nampula,Namapa-Erati,Transferências,375268.0,166479691.45
2025,Março,Nampula,Namapa-Erati,Transferências,398096.0,184352892.58
2025,Abril,Nampula,Namapa-Erati,Transferências,477045.0,252140776.71
2025,Maio,Nampula,Namapa-Erati,Transferências,544726.0,256686104.91
2025,Junho,Nampula,Namapa-Erati,Transferências,581591.0,250990590.81
2025,Julho,Nampula,Namapa-Erati,Transferências,654974.0,250164373.11
2025,Agosto,Nampula,Namapa-Erati,Transferências,702121.0,268476628.41
2025,Setembro,Nampula,Namapa-Erati,Transferências,689109.0,238375031.24
2025,Outubro,Nampula,Namapa-Erati,Transferências,663958.0,241418555.28
2025,Novembro,Nampula,Namapa-Erati,Transferências,855711.0,338776174.39
2025,Dezembro,Nampula,Namapa-Erati,Transferências,862669.0,346173448.0
2025,Janeiro,Nampula,Rapale-Nampula,Transferências,902586.0,378280533.57
2025,Fevereiro,Nampula,Rapale-Nampula,Transferências,951545.0,395522180.5
2025,Março,Nampula,Rapale-Nampula,Transferências,887037.0,357105159.42
2025,Abril,Nampula,Rapale-Nampula,Transferências,1061951.0,409558017.27
2025,Maio,Nampula,Rapale-Nampula,Transferências,1244973.0,513549094.66
2025,Junho,Nampula,Rapale-Nampula,Transferências,1295260.0,520139658.69
2025,Julho,Nampula,Rapale-Nampula,Transferências,1440257.0,555772763.39
2025,Agosto,Nampula,Rapale-Nampula,Transferências,1773963.0,879763400.33
2025,Setembro,Nampula,Rapale-Nampula,Transferências,1822228.0,851794380.03
2025,Outubro,Nampula,Rapale-Nampula,Transferências,1821733.0,856813302.5
2025,Novembro,Nampula,Rapale-Nampula,Transferências,2368087.0,1079062170.05
2025,Dezembro,Nampula,Rapale-Nampula,Transferências,2617562.0,1395867051.56
2025,Janeiro,Nampula,Ribaué,Transferências,339962.0,149075468.78
2025,Fevereiro,Nampula,Ribaué,Transferências,371922.0,175161938.79
2025,Março,Nampula,Ribaué,Transferências,401965.0,179653390.26
2025,Abril,Nampula,Ribaué,Transferências,503828.0,211859275.82
2025,Maio,Nampula,Ribaué,Transferências,540140.0,223167879.69
2025,Junho,Nampula,Ribaué,Transferências,554951.0,203500331.22
2025,Julho,Nampula,Ribaué,Transferências,600722.0,213129085.95
2025,Agosto,Nampula,Ribaué,Transferências,662375.0,219105937.8
2025,Setembro,Nampula,Ribaué,Transferências,660665.0,215779307.1
2025,Outubro,Nampula,Ribaué,Transferências,611899.0,208425445.6
2025,Novembro,Nampula,Ribaué,Transferências,712564.0,232688748.53
2025,Dezembro,Nampula,Ribaué,Transferências,796891.0,298165617.24
2025,Janeiro,Nampula,Liupo,Transferências,1006.0,108788.0
2025,Fevereiro,Nampula,Liupo,Transferências,1059.0,117080.0
2025,Março,Nampula,Liupo,Transferências,1078.0,983754.12
2025,Abril,Nampula,Liupo,Transferências,1493.0,957742.88
2025,Maio,Nampula,Liupo,Transferências,1296.0,660647.0
2025,Junho,Nampula,Liupo,Transferências,2277.0,4955124.9
2025,Julho,Nampula,Liupo,Transferências,2025.0,5726985.33
2025,Agosto,Nampula,Liupo,Transferências,2656.0,8358485.98
2025,Setembro,Nampula,Liupo,Transferências,2767.0,8433603.3
2025,Outubro,Nampula,Liupo,Transferências,4354.0,5620344.39
2025,Novembro,Nampula,Liupo,Transferências,4098.0,4896215.11
2025,Dezembro,Nampula,Liupo,Transferências,2946.0,4075464.99
2025,Janeiro,Nampula,Larde,Transferências,2617.0,780526.5
2025,Fevereiro,Nampula,Larde,Transferências,3771.0,1478139.45
2025,Março,Nampula,Larde,Transferências,1658.0,697517.48
2025,Abril,Nampula,Larde,Transferências,7439.0,3372407.9
2025,Maio,Nampula,Larde,Transferências,10575.0,4313196.13
2025,Junho,Nampula,Larde,Transferências,8934.0,3262510.06
2025,Julho,Nampula,Larde,Transferências,9872.0,3743837.05
2025,Agosto,Nampula,Larde,Transferências,10783.0,4592235.06
2025,Setembro,Nampula,Larde,Transferências,10653.0,4109390.46
2025,Outubro,Nampula,Larde,Transferências,73369.0,62409087.01
2025,Novembro,Nampula,Larde,Transferências,63416.0,48448730.05
2025,Dezembro,Nampula,Larde,Transferências,53615.0,42698091.11
2025,Janeiro,Cabo Delgado,Cidade de Pemba,Transferências,2177176.0,1673892438.16
2025,Fevereiro,Cabo Delgado,Cidade de Pemba,Transferências,2285271.0,1740038197.79
2025,Março,Cabo Delgado,Cidade de Pemba,Transferências,2487827.0,1837883331.43
2025,Abril,Cabo Delgado,Cidade de Pemba,Transferências,2586965.0,1826853864.74
2025,Maio,Cabo Delgado,Cidade de Pemba,Transferências,2948860.0,2123688334.07
2025,Junho,Cabo Delgado,Cidade de Pemba,Transferências,2903390.0,2077638581.45
2025,Julho,Cabo Delgado,Cidade de Pemba,Transferências,3190351.0,2279245027.37
2025,Agosto,Cabo Delgado,Cidade de Pemba,Transferências,3348667.0,2190875791.73
2025,Setembro,Cabo Delgado,Cidade de Pemba,Transferências,3185680.0,2095765184.41
2025,Outubro,Cabo Delgado,Cidade de Pemba,Transferências,3080076.0,2053072414.98
2025,Novembro,Cabo Delgado,Cidade de Pemba,Transferências,3861715.0,2475840055.95
2025,Dezembro,Cabo Delgado,Cidade de Pemba,Transferências,4216539.0,3047582174.9900002
2025,Janeiro,Cabo Delgado,Ancuabe,Transferências,358188.0,146089477.72
2025,Fevereiro,Cabo Delgado,Ancuabe,Transferências,408745.0,190446280.63
2025,Março,Cabo Delgado,Ancuabe,Transferências,449145.0,191828371.44
2025,Abril,Cabo Delgado,Ancuabe,Transferências,435238.0,176886585.77
2025,Maio,Cabo Delgado,Ancuabe,Transferências,494641.0,222371520.1
2025,Junho,Cabo Delgado,Ancuabe,Transferências,549184.0,235022124.44
2025,Julho,Cabo Delgado,Ancuabe,Transferências,620479.0,253961137.1
2025,Agosto,Cabo Delgado,Ancuabe,Transferências,639823.0,228820752.65
2025,Setembro,Cabo Delgado,Ancuabe,Transferências,636132.0,234358613.53
2025,Outubro,Cabo Delgado,Ancuabe,Transferências,572434.0,212069050.95
2025,Novembro,Cabo Delgado,Ancuabe,Transferências,697750.0,260283720.4
2025,Dezembro,Cabo Delgado,Ancuabe,Transferências,740189.0,310785664.0
2025,Janeiro,Cabo Delgado,Balama,Transferências,156314.0,77627472.64
2025,Fevereiro,Cabo Delgado,Balama,Transferências,165397.0,86934888.85
2025,Março,Cabo Delgado,Balama,Transferências,184577.0,84526212.35
2025,Abril,Cabo Delgado,Balama,Transferências,199108.0,88483561.15
2025,Maio,Cabo Delgado,Balama,Transferências,231278.0,126095735.85
2025,Junho,Cabo Delgado,Balama,Transferências,286513.0,193947639.42000002
2025,Julho,Cabo Delgado,Balama,Transferências,344750.0,196724885.76
2025,Agosto,Cabo Delgado,Balama,Transferências,371942.0,211076392.29
2025,Setembro,Cabo Delgado,Balama,Transferências,365369.0,184937301.4
2025,Outubro,Cabo Delgado,Balama,Transferências,346793.0,176158314.01
2025,Novembro,Cabo Delgado,Balama,Transferências,387912.0,183762947.13
2025,Dezembro,Cabo Delgado,Balama,Transferências,405351.0,210559215.0
2025,Janeiro,Cabo Delgado,Chiúre,Transferências,422322.0,211938226.83
2025,Fevereiro,Cabo Delgado,Chiúre,Transferências,473573.0,230958677.13
2025,Março,Cabo Delgado,Chiúre,Transferências,545961.0,246162687.41
2025,Abril,Cabo Delgado,Chiúre,Transferências,653376.0,324227773.78
2025,Maio,Cabo Delgado,Chiúre,Transferências,731302.0,340253413.65
2025,Junho,Cabo Delgado,Chiúre,Transferências,808578.0,355953149.85
2025,Julho,Cabo Delgado,Chiúre,Transferências,933039.0,363036741.1
2025,Agosto,Cabo Delgado,Chiúre,Transferências,974213.0,339929237.76
2025,Setembro,Cabo Delgado,Chiúre,Transferências,955495.0,300664424.56
2025,Outubro,Cabo Delgado,Chiúre,Transferências,906707.0,301564250.8
2025,Novembro,Cabo Delgado,Chiúre,Transferências,1078096.0,401220314.34000003
2025,Dezembro,Cabo Delgado,Chiúre,Transferências,1074748.0,437992351.53
2025,Janeiro,Cabo Delgado,Ibo,Transferências,105787.0,60136729.0
2025,Fevereiro,Cabo Delgado,Ibo,Transferências,112078.0,61982833.0
2025,Março,Cabo Delgado,Ibo,Transferências,129387.0,74320511.0
2025,Abril,Cabo Delgado,Ibo,Transferências,126058.0,68918457.0
2025,Maio,Cabo Delgado,Ibo,Transferências,98658.0,54634713.0
2025,Junho,Cabo Delgado,Ibo,Transferências,123953.0,60827951.0
2025,Julho,Cabo Delgado,Ibo,Transferências,118814.0,56495059.0
2025,Agosto,Cabo Delgado,Ibo,Transferências,124025.0,57656894.0
2025,Setembro,Cabo Delgado,Ibo,Transferências,131278.0,59150101.0
2025,Outubro,Cabo Delgado,Ibo,Transferências,132812.0,62766678.0
2025,Novembro,Cabo Delgado,Ibo,Transferências,177166.0,92723234.0
2025,Dezembro,Cabo Delgado,Ibo,Transferências,185161.0,94741026.0
2025,Janeiro,Cabo Delgado,Macomia,Transferências,124324.0,75599252.0
2025,Fevereiro,Cabo Delgado,Macomia,Transferências,160664.0,104766334.42
2025,Março,Cabo Delgado,Macomia,Transferências,176365.0,109040132.78999999
2025,Abril,Cabo Delgado,Macomia,Transferências,176642.0,95230114.4
2025,Maio,Cabo Delgado,Macomia,Transferências,190938.0,102276514.86
2025,Junho,Cabo Delgado,Macomia,Transferências,185600.0,106347840.51
2025,Julho,Cabo Delgado,Macomia,Transferências,199518.0,110549178.83
2025,Agosto,Cabo Delgado,Macomia,Transferências,195761.0,95802628.67
2025,Setembro,Cabo Delgado,Macomia,Transferências,220287.0,100955516.05
2025,Outubro,Cabo Delgado,Macomia,Transferências,189032.0,85825091.42
2025,Novembro,Cabo Delgado,Macomia,Transferências,246605.0,131750711.02
2025,Dezembro,Cabo Delgado,Macomia,Transferências,276212.0,165202277.19
2025,Janeiro,Cabo Delgado,Mecufi,Transferências,48847.0,17115042.0
2025,Fevereiro,Cabo Delgado,Mecufi,Transferências,64522.0,25443880.38
2025,Março,Cabo Delgado,Mecufi,Transferências,75400.0,24133610.0
2025,Abril,Cabo Delgado,Mecufi,Transferências,90780.0,29217084.0
2025,Maio,Cabo Delgado,Mecufi,Transferências,94963.0,29790410.0
2025,Junho,Cabo Delgado,Mecufi,Transferências,103133.0,35901811.0
2025,Julho,Cabo Delgado,Mecufi,Transferências,117585.0,36675556.0
2025,Agosto,Cabo Delgado,Mecufi,Transferências,125800.0,35362215.44
2025,Setembro,Cabo Delgado,Mecufi,Transferências,132043.0,35874342.9
2025,Outubro,Cabo Delgado,Mecufi,Transferências,134526.0,36436351.0
2025,Novembro,Cabo Delgado,Mecufi,Transferências,175676.0,46570712.25
2025,Dezembro,Cabo Delgado,Mecufi,Transferências,194001.0,59547925.0
2025,Janeiro,Cabo Delgado,Meluco,Transferências,36974.0,17404090.0
2025,Fevereiro,Cabo Delgado,Meluco,Transferências,47206.0,30229400.4
2025,Março,Cabo Delgado,Meluco,Transferências,55347.0,27446317.4
2025,Abril,Cabo Delgado,Meluco,Transferências,58189.0,26591764.0
2025,Maio,Cabo Delgado,Meluco,Transferências,61118.0,30433935.0
2025,Junho,Cabo Delgado,Meluco,Transferências,69731.0,29628186.0
2025,Julho,Cabo Delgado,Meluco,Transferências,83577.0,42133766.99
2025,Agosto,Cabo Delgado,Meluco,Transferências,91426.0,45168225.07
2025,Setembro,Cabo Delgado,Meluco,Transferências,92787.0,46373005.0
2025,Outubro,Cabo Delgado,Meluco,Transferências,96237.0,49700937.69
2025,Novembro,Cabo Delgado,Meluco,Transferências,118077.0,61209770.0
2025,Dezembro,Cabo Delgado,Meluco,Transferências,116626.0,58051469.5
2025,Janeiro,Cabo Delgado,Mocimboa da Praia,Transferências,206272.0,164279412.57
2025,Fevereiro,Cabo Delgado,Mocimboa da Praia,Transferências,243803.0,209655658.79000002
2025,Março,Cabo Delgado,Mocimboa da Praia,Transferências,367022.0,224267909.79
2025,Abril,Cabo Delgado,Mocimboa da Praia,Transferências,256501.0,214726470.25
2025,Maio,Cabo Delgado,Mocimboa da Praia,Transferências,297442.0,274687403.59000003
2025,Junho,Cabo Delgado,Mocimboa da Praia,Transferências,300230.0,262332855.24
2025,Julho,Cabo Delgado,Mocimboa da Praia,Transferências,302046.0,242392589.05
2025,Agosto,Cabo Delgado,Mocimboa da Praia,Transferências,316447.0,245820219.02
2025,Setembro,Cabo Delgado,Mocimboa da Praia,Transferências,299479.0,228152554.1
2025,Outubro,Cabo Delgado,Mocimboa da Praia,Transferências,236220.0,187437165.06
2025,Novembro,Cabo Delgado,Mocimboa da Praia,Transferências,272171.0,215589075.11
2025,Dezembro,Cabo Delgado,Mocimboa da Praia,Transferências,308307.0,253563446.28
2025,Janeiro,Cabo Delgado,Montepuez,Transferências,911507.0,597075523.97
2025,Fevereiro,Cabo Delgado,Montepuez,Transferências,995488.0,698397054.55
2025,Março,Cabo Delgado,Montepuez,Transferências,217148.0,168822859.84
2025,Abril,Cabo Delgado,Montepuez,Transferências,1158500.0,752775005.34
2025,Maio,Cabo Delgado,Montepuez,Transferências,1277462.0,837042501.71
2025,Junho,Cabo Delgado,Montepuez,Transferências,1323777.0,831579864.36
2025,Julho,Cabo Delgado,Montepuez,Transferências,1419209.0,844639845.4
2025,Agosto,Cabo Delgado,Montepuez,Transferências,1487948.0,829023732.38
2025,Setembro,Cabo Delgado,Montepuez,Transferências,1449583.0,791238910.15
2025,Outubro,Cabo Delgado,Montepuez,Transferências,1421214.0,825497387.1
2025,Novembro,Cabo Delgado,Montepuez,Transferências,1758287.0,1010666612.05
2025,Dezembro,Cabo Delgado,Montepuez,Transferências,1980546.0,1328365934.87
2025,Janeiro,Cabo Delgado,Mueda,Transferências,423587.0,286480790.26
2025,Fevereiro,Cabo Delgado,Mueda,Transferências,486121.0,358401990.04
2025,Março,Cabo Delgado,Mueda,Transferências,1013425.0,753794892.52
2025,Abril,Cabo Delgado,Mueda,Transferências,534476.0,304306931.39
2025,Maio,Cabo Delgado,Mueda,Transferências,635985.0,403575931.9
2025,Junho,Cabo Delgado,Mueda,Transferências,648690.0,407421233.21
2025,Julho,Cabo Delgado,Mueda,Transferências,699865.0,402266294.29
2025,Agosto,Cabo Delgado,Mueda,Transferências,717849.0,350499519.2
2025,Setembro,Cabo Delgado,Mueda,Transferências,702617.0,370948429.34000003
2025,Outubro,Cabo Delgado,Mueda,Transferências,674796.0,364642227.82
2025,Novembro,Cabo Delgado,Mueda,Transferências,815601.0,547301917.1800001
2025,Dezembro,Cabo Delgado,Mueda,Transferências,898683.0,676929916.16
2025,Janeiro,Cabo Delgado,Muidumbe,Transferências,116664.0,37114296.0
2025,Fevereiro,Cabo Delgado,Muidumbe,Transferências,149151.0,62203589.0
2025,Março,Cabo Delgado,Muidumbe,Transferências,486829.0,285798789.0
2025,Abril,Cabo Delgado,Muidumbe,Transferências,126256.0,43061925.9
2025,Maio,Cabo Delgado,Muidumbe,Transferências,156261.0,62831859.75
2025,Junho,Cabo Delgado,Muidumbe,Transferências,160935.0,55025622.2
2025,Julho,Cabo Delgado,Muidumbe,Transferências,172828.0,59216378.0
2025,Agosto,Cabo Delgado,Muidumbe,Transferências,183239.0,50642936.0
2025,Setembro,Cabo Delgado,Muidumbe,Transferências,197744.0,57299205.0
2025,Outubro,Cabo Delgado,Muidumbe,Transferências,172074.0,54735313.0
2025,Novembro,Cabo Delgado,Muidumbe,Transferências,224036.0,67073847.8
2025,Dezembro,Cabo Delgado,Muidumbe,Transferências,252062.0,87104346.0
2025,Janeiro,Cabo Delgado,Namuno,Transferências,251536.0,103640837.0
2025,Fevereiro,Cabo Delgado,Namuno,Transferências,268638.0,118780599.14
2025,Março,Cabo Delgado,Namuno,Transferências,142498.0,52687263.49
2025,Abril,Cabo Delgado,Namuno,Transferências,366133.0,162250512.87
2025,Maio,Cabo Delgado,Namuno,Transferências,398151.0,169986719.8
2025,Junho,Cabo Delgado,Namuno,Transferências,472332.0,210199203.98
2025,Julho,Cabo Delgado,Namuno,Transferências,548069.0,197775121.68
2025,Agosto,Cabo Delgado,Namuno,Transferências,560041.0,171548848.43
2025,Setembro,Cabo Delgado,Namuno,Transferências,533044.0,161543748.5
2025,Outubro,Cabo Delgado,Namuno,Transferências,501092.0,163002556.05
2025,Novembro,Cabo Delgado,Namuno,Transferências,600620.0,198462505.3
2025,Dezembro,Cabo Delgado,Namuno,Transferências,610843.0,225173277.66
2025,Janeiro,Cabo Delgado,Nangade,Transferências,142118.0,77372899.05
2025,Fevereiro,Cabo Delgado,Nangade,Transferências,168962.0,88059252.56
2025,Março,Cabo Delgado,Nangade,Transferências,317983.0,150579258.8
2025,Abril,Cabo Delgado,Nangade,Transferências,161102.0,65129711.0
2025,Maio,Cabo Delgado,Nangade,Transferências,175218.0,75633381.94
2025,Junho,Cabo Delgado,Nangade,Transferências,185139.0,82414235.16
2025,Julho,Cabo Delgado,Nangade,Transferências,199998.0,75628303.05
2025,Agosto,Cabo Delgado,Nangade,Transferências,193912.0,60996145.519999996
2025,Setembro,Cabo Delgado,Nangade,Transferências,212515.0,66744849.99
2025,Outubro,Cabo Delgado,Nangade,Transferências,197188.0,74304503.53999999
2025,Novembro,Cabo Delgado,Nangade,Transferências,268309.0,213473767.1
2025,Dezembro,Cabo Delgado,Nangade,Transferências,303026.0,197565082.1
2025,Janeiro,Cabo Delgado,Palma,Transferências,219884.0,195150187.44
2025,Fevereiro,Cabo Delgado,Palma,Transferências,223768.0,201792375.16
2025,Março,Cabo Delgado,Palma,Transferências,383695.0,290737888.71000004
2025,Abril,Cabo Delgado,Palma,Transferências,243685.0,230191847.13
2025,Maio,Cabo Delgado,Palma,Transferências,256550.0,227720988.77
2025,Junho,Cabo Delgado,Palma,Transferências,249203.0,220439344.64
2025,Julho,Cabo Delgado,Palma,Transferências,262325.0,240151088.09
2025,Agosto,Cabo Delgado,Palma,Transferências,282989.0,248020170.11
2025,Setembro,Cabo Delgado,Palma,Transferências,307680.0,272185210.52
2025,Outubro,Cabo Delgado,Palma,Transferências,327795.0,306132608.19
2025,Novembro,Cabo Delgado,Palma,Transferências,375342.0,360833398.77
2025,Dezembro,Cabo Delgado,Palma,Transferências,411691.0,443164462.44
2025,Janeiro,Cabo Delgado,Pemba-Metuge,Transferências,153259.0,68486773.0
2025,Fevereiro,Cabo Delgado,Pemba-Metuge,Transferências,174835.0,80080182.0
2025,Março,Cabo Delgado,Pemba-Metuge,Transferências,25466.0,18087069.0
2025,Abril,Cabo Delgado,Pemba-Metuge,Transferências,211795.0,79021915.0
2025,Maio,Cabo Delgado,Pemba-Metuge,Transferências,247081.0,103648968.58
2025,Junho,Cabo Delgado,Pemba-Metuge,Transferências,262786.0,104588401.0
2025,Julho,Cabo Delgado,Pemba-Metuge,Transferências,2794608.0,1907728756.0
2025,Agosto,Cabo Delgado,Pemba-Metuge,Transferências,2940687.0,1830128218.0
2025,Setembro,Cabo Delgado,Pemba-Metuge,Transferências,315116.0,103637069.0
2025,Outubro,Cabo Delgado,Pemba-Metuge,Transferências,2679859.0,1720669151.66
2025,Novembro,Cabo Delgado,Pemba-Metuge,Transferências,388217.0,138074108.62
2025,Dezembro,Cabo Delgado,Pemba-Metuge,Transferências,417207.0,159105453.61
2025,Janeiro,Cabo Delgado,Quissanga,Transferências,57292.0,21959738.0
2025,Fevereiro,Cabo Delgado,Quissanga,Transferências,63836.0,25534505.0
2025,Março,Cabo Delgado,Quissanga,Transferências,71778.0,27784564.0
2025,Abril,Cabo Delgado,Quissanga,Transferências,75551.0,28390039.0
2025,Maio,Cabo Delgado,Quissanga,Transferências,132613.0,52616302.0
2025,Junho,Cabo Delgado,Quissanga,Transferências,136415.0,51599446.0
2025,Julho,Cabo Delgado,Quissanga,Transferências,148588.0,55149354.0
2025,Agosto,Cabo Delgado,Quissanga,Transferências,159141.0,52814404.0
2025,Setembro,Cabo Delgado,Quissanga,Transferências,159382.0,46500177.0
2025,Outubro,Cabo Delgado,Quissanga,Transferências,154442.0,45823451.0
2025,Novembro,Cabo Delgado,Quissanga,Transferências,188377.0,56982895.78
2025,Dezembro,Cabo Delgado,Quissanga,Transferências,204535.0,64137154.0
2025,Janeiro,Niassa,Cidade de Lichinga,Transferências,1819354.0,990093267.17
2025,Fevereiro,Niassa,Cidade de Lichinga,Transferências,1945726.0,1091439970.09
2025,Março,Niassa,Cidade de Lichinga,Transferências,2152351.0,1130299469.57
2025,Abril,Niassa,Cidade de Lichinga,Transferências,2259126.0,1173171978.28
2025,Maio,Niassa,Cidade de Lichinga,Transferências,2494382.0,1480208374.9
2025,Junho,Niassa,Cidade de Lichinga,Transferências,2384440.0,1539374240.0
2025,Julho,Niassa,Cidade de Lichinga,Transferências,2564182.0,1568132026.75
2025,Agosto,Niassa,Cidade de Lichinga,Transferências,2866529.0,1554593147.52
2025,Setembro,Niassa,Cidade de Lichinga,Transferências,2796855.0,1495966784.4
2025,Outubro,Niassa,Cidade de Lichinga,Transferências,2491588.0,1409627753.6
2025,Novembro,Niassa,Cidade de Lichinga,Transferências,2977207.0,1660017467.73
2025,Dezembro,Niassa,Cidade de Lichinga,Transferências,3262314.0,2036746554.97
2025,Janeiro,Niassa,Cuamba,Transferências,644367.0,347719255.02
2025,Fevereiro,Niassa,Cuamba,Transferências,687020.0,337695508.68
2025,Março,Niassa,Cuamba,Transferências,776288.0,365733485.13
2025,Abril,Niassa,Cuamba,Transferências,846328.0,423282318.74
2025,Maio,Niassa,Cuamba,Transferências,983531.0,583378861.44
2025,Junho,Niassa,Cuamba,Transferências,1022324.0,632184866.99
2025,Julho,Niassa,Cuamba,Transferências,1112449.0,601046054.56
2025,Agosto,Niassa,Cuamba,Transferências,1209724.0,636045808.2
2025,Setembro,Niassa,Cuamba,Transferências,1173914.0,552915052.97
2025,Outubro,Niassa,Cuamba,Transferências,1048291.0,470845238.8
2025,Novembro,Niassa,Cuamba,Transferências,1271566.0,578972657.55
2025,Dezembro,Niassa,Cuamba,Transferências,1382540.0,709654916.5
2025,Janeiro,Niassa,Lago,Transferências,248731.0,96995749.46
2025,Fevereiro,Niassa,Lago,Transferências,258185.0,108266488.48
2025,Março,Niassa,Lago,Transferências,299960.0,118062785.5
2025,Abril,Niassa,Lago,Transferências,298385.0,113087887.88
2025,Maio,Niassa,Lago,Transferências,302616.0,125168916.75
2025,Junho,Niassa,Lago,Transferências,315038.0,134559360.68
2025,Julho,Niassa,Lago,Transferências,363696.0,148497253.73
2025,Agosto,Niassa,Lago,Transferências,391197.0,158514124.3
2025,Setembro,Niassa,Lago,Transferências,421501.0,183853784.33
2025,Outubro,Niassa,Lago,Transferências,409632.0,208941314.74
2025,Novembro,Niassa,Lago,Transferências,506177.0,267628485.25
2025,Dezembro,Niassa,Lago,Transferências,600189.0,299896606.1
2025,Janeiro,Niassa,Manjune,Transferências,114044.0,29773490.0
2025,Fevereiro,Niassa,Manjune,Transferências,122585.0,33706366.0
2025,Março,Niassa,Manjune,Transferências,142974.0,33047532.66
2025,Abril,Niassa,Manjune,Transferências,147605.0,33123008.65
2025,Maio,Niassa,Manjune,Transferências,162828.0,38492591.1
2025,Junho,Niassa,Manjune,Transferências,183124.0,42023710.0
2025,Julho,Niassa,Manjune,Transferências,186054.0,39223671.92
2025,Agosto,Niassa,Manjune,Transferências,193121.0,40233370.0
2025,Setembro,Niassa,Manjune,Transferências,192333.0,35030673.0
2025,Outubro,Niassa,Manjune,Transferências,190311.0,39640376.0
2025,Novembro,Niassa,Manjune,Transferências,238492.0,46590774.83
2025,Dezembro,Niassa,Manjune,Transferências,267653.0,61920487.0
2025,Janeiro,Niassa,Mandimba,Transferências,346745.0,163631619.19
2025,Fevereiro,Niassa,Mandimba,Transferências,357967.0,194326288.28
2025,Março,Niassa,Mandimba,Transferências,411739.0,201662215.01
2025,Abril,Niassa,Mandimba,Transferências,444627.0,222450397.65
2025,Maio,Niassa,Mandimba,Transferências,496122.0,282468961.1
2025,Junho,Niassa,Mandimba,Transferências,541398.0,297108858.18
2025,Julho,Niassa,Mandimba,Transferências,737806.0,389557051.71
2025,Agosto,Niassa,Mandimba,Transferências,791520.0,423822180.11
2025,Setembro,Niassa,Mandimba,Transferências,684774.0,316546837.24
2025,Outubro,Niassa,Mandimba,Transferências,616107.0,289946287.57
2025,Novembro,Niassa,Mandimba,Transferências,739646.0,357022835.85
2025,Dezembro,Niassa,Mandimba,Transferências,792003.0,413671811.81
2025,Janeiro,Niassa,Marrupa,Transferências,132830.0,68871144.0
2025,Fevereiro,Niassa,Marrupa,Transferências,141648.0,76257322.54
2025,Março,Niassa,Marrupa,Transferências,160619.0,92611304.17
2025,Abril,Niassa,Marrupa,Transferências,165434.0,84755614.77
2025,Maio,Niassa,Marrupa,Transferências,192166.0,105875213.88
2025,Junho,Niassa,Marrupa,Transferências,225422.0,106886977.88
2025,Julho,Niassa,Marrupa,Transferências,237123.0,93472604.76
2025,Agosto,Niassa,Marrupa,Transferências,245332.0,100357291.8
2025,Setembro,Niassa,Marrupa,Transferências,229523.0,96356316.85
2025,Outubro,Niassa,Marrupa,Transferências,219324.0,92548479.0
2025,Novembro,Niassa,Marrupa,Transferências,267369.0,113520531.55
2025,Dezembro,Niassa,Marrupa,Transferências,229474.0,113867816.0
2025,Janeiro,Niassa,Maúa,Transferências,80750.0,23458073.4
2025,Fevereiro,Niassa,Maúa,Transferências,88822.0,28509162.92
2025,Março,Niassa,Maúa,Transferências,94432.0,29853038.72
2025,Abril,Niassa,Maúa,Transferências,100108.0,31575294.94
2025,Maio,Niassa,Maúa,Transferências,115334.0,39462680.87
2025,Junho,Niassa,Maúa,Transferências,127166.0,46406411.83
2025,Julho,Niassa,Maúa,Transferências,151967.0,51089863.72
2025,Agosto,Niassa,Maúa,Transferências,169843.0,49379154.8
2025,Setembro,Niassa,Maúa,Transferências,160295.0,41670157.14
2025,Outubro,Niassa,Maúa,Transferências,143927.0,38624784.35
2025,Novembro,Niassa,Maúa,Transferências,167618.0,44100417.33
2025,Dezembro,Niassa,Maúa,Transferências,169080.0,43026542.11
2025,Janeiro,Niassa,Mavago,Transferências,47104.0,17405419.0
2025,Fevereiro,Niassa,Mavago,Transferências,52717.0,22852366.0
2025,Março,Niassa,Mavago,Transferências,58280.0,20802477.0
2025,Abril,Niassa,Mavago,Transferências,59317.0,25997900.0
2025,Maio,Niassa,Mavago,Transferências,66559.0,35379668.0
2025,Junho,Niassa,Mavago,Transferências,83885.0,48595713.27
2025,Julho,Niassa,Mavago,Transferências,85686.0,35808749.59
2025,Agosto,Niassa,Mavago,Transferências,81211.0,24571564.0
2025,Setembro,Niassa,Mavago,Transferências,79513.0,24194784.21
2025,Outubro,Niassa,Mavago,Transferências,76763.0,25778037.0
2025,Novembro,Niassa,Mavago,Transferências,85937.0,33622988.7
2025,Dezembro,Niassa,Mavago,Transferências,84122.0,31979005.5
2025,Janeiro,Niassa,Mecanhelas,Transferências,268352.0,84027215.32
2025,Fevereiro,Niassa,Mecanhelas,Transferências,280633.0,104157499.47
2025,Março,Niassa,Mecanhelas,Transferências,342575.0,120016282.67
2025,Abril,Niassa,Mecanhelas,Transferências,372055.0,121514664.21
2025,Maio,Niassa,Mecanhelas,Transferências,415762.0,138364531.61
2025,Junho,Niassa,Mecanhelas,Transferências,444223.0,142436009.14
2025,Julho,Niassa,Mecanhelas,Transferências,518366.0,140275778.7
2025,Agosto,Niassa,Mecanhelas,Transferências,555762.0,132546652.28999999
2025,Setembro,Niassa,Mecanhelas,Transferências,525103.0,124331709.4
2025,Outubro,Niassa,Mecanhelas,Transferências,494897.0,141057761.06
2025,Novembro,Niassa,Mecanhelas,Transferências,565302.0,158654984.68
2025,Dezembro,Niassa,Mecanhelas,Transferências,597189.0,179462957.62
2025,Janeiro,Niassa,Mecula,Transferências,47310.0,21555236.13
2025,Fevereiro,Niassa,Mecula,Transferências,54388.0,26574919.93
2025,Março,Niassa,Mecula,Transferências,57258.0,26567249.96
2025,Abril,Niassa,Mecula,Transferências,59149.0,26900958.4
2025,Maio,Niassa,Mecula,Transferências,76579.0,32872943.0
2025,Junho,Niassa,Mecula,Transferências,89075.0,43071602.46
2025,Julho,Niassa,Mecula,Transferências,92325.0,33920318.0
2025,Agosto,Niassa,Mecula,Transferências,85261.0,31751510.0
2025,Setembro,Niassa,Mecula,Transferências,83356.0,35333711.0
2025,Outubro,Niassa,Mecula,Transferências,72370.0,28431870.5
2025,Novembro,Niassa,Mecula,Transferências,85971.0,34817854.45
2025,Dezembro,Niassa,Mecula,Transferências,88041.0,40905667.0
2025,Janeiro,Niassa,Metarica,Transferências,78413.0,25139916.67
2025,Fevereiro,Niassa,Metarica,Transferências,83119.0,30077235.509999998
2025,Março,Niassa,Metarica,Transferências,92208.0,33832729.13
2025,Abril,Niassa,Metarica,Transferências,102589.0,41389409.230000004
2025,Maio,Niassa,Metarica,Transferências,112632.0,52113884.47
2025,Junho,Niassa,Metarica,Transferências,117773.0,47476871.15
2025,Julho,Niassa,Metarica,Transferências,133961.0,46046417.4
2025,Agosto,Niassa,Metarica,Transferências,150838.0,48609695.15
2025,Setembro,Niassa,Metarica,Transferências,162795.0,47733103.3
2025,Outubro,Niassa,Metarica,Transferências,153593.0,50458514.79
2025,Novembro,Niassa,Metarica,Transferências,168090.0,60817229.129999995
2025,Dezembro,Niassa,Metarica,Transferências,172070.0,56643143.69
2025,Janeiro,Niassa,Muembe,Transferências,111535.0,28761412.5
2025,Fevereiro,Niassa,Muembe,Transferências,119796.0,32251948.0
2025,Março,Niassa,Muembe,Transferências,128774.0,31862420.0
2025,Abril,Niassa,Muembe,Transferências,128205.0,33110742.79
2025,Maio,Niassa,Muembe,Transferências,144432.0,41110223.75
2025,Junho,Niassa,Muembe,Transferências,172736.0,52974299.24
2025,Julho,Niassa,Muembe,Transferências,197580.0,49813375.0
2025,Agosto,Niassa,Muembe,Transferências,194153.0,39358975.0
2025,Setembro,Niassa,Muembe,Transferências,201057.0,41062321.64
2025,Outubro,Niassa,Muembe,Transferências,182992.0,42778898.97
2025,Novembro,Niassa,Muembe,Transferências,211027.0,47664029.0
2025,Dezembro,Niassa,Muembe,Transferências,233865.0,63438707.12
2025,Janeiro,Niassa,N´gauma,Transferências,99384.0,34374298.34
2025,Fevereiro,Niassa,N´gauma,Transferências,109072.0,42428702.06
2025,Março,Niassa,N´gauma,Transferências,130708.0,39778490.0
2025,Abril,Niassa,N´gauma,Transferências,141464.0,44131021.03
2025,Maio,Niassa,N´gauma,Transferências,138551.0,39083526.89
2025,Junho,Niassa,N´gauma,Transferências,173598.0,56483555.83
2025,Julho,Niassa,N´gauma,Transferências,200627.0,59937749.15
2025,Agosto,Niassa,N´gauma,Transferências,195315.0,49483817.55
2025,Setembro,Niassa,N´gauma,Transferências,189368.0,41190270.83
2025,Outubro,Niassa,N´gauma,Transferências,165872.0,40512797.69
2025,Novembro,Niassa,N´gauma,Transferências,196875.0,48467023.7
2025,Dezembro,Niassa,N´gauma,Transferências,211835.0,57292460.51
2025,Janeiro,Niassa,Nipepe,Transferências,87734.0,24120819.6
2025,Fevereiro,Niassa,Nipepe,Transferências,84622.0,23440896.0
2025,Março,Niassa,Nipepe,Transferências,90356.0,25270488.0
2025,Abril,Niassa,Nipepe,Transferências,98511.0,28748671.6
2025,Maio,Niassa,Nipepe,Transferências,116325.0,37264544.56
2025,Junho,Niassa,Nipepe,Transferências,124965.0,41501722.26
2025,Julho,Niassa,Nipepe,Transferências,163616.0,51457115.19
2025,Agosto,Niassa,Nipepe,Transferências,171952.0,46401252.94
2025,Setembro,Niassa,Nipepe,Transferências,168468.0,38473749.8
2025,Outubro,Niassa,Nipepe,Transferências,154290.0,38670518.3
2025,Novembro,Niassa,Nipepe,Transferências,165076.0,39199218.33
2025,Dezembro,Niassa,Nipepe,Transferências,176479.0,47151330.84
2025,Janeiro,Niassa,Sanga,Transferências,211773.0,62408839.0
2025,Fevereiro,Niassa,Sanga,Transferências,242286.0,70090223.62
2025,Março,Niassa,Sanga,Transferências,250507.0,59415174.04
2025,Abril,Niassa,Sanga,Transferências,236511.0,62294805.8
2025,Maio,Niassa,Sanga,Transferências,281151.0,76856955.95
2025,Junho,Niassa,Sanga,Transferências,318327.0,86824175.86
2025,Julho,Niassa,Sanga,Transferências,341863.0,81623041.0
2025,Agosto,Niassa,Sanga,Transferências,334303.0,77395995.57
2025,Setembro,Niassa,Sanga,Transferências,331490.0,75895831.83
2025,Outubro,Niassa,Sanga,Transferências,303513.0,69681488.5
2025,Novembro,Niassa,Sanga,Transferências,372536.0,91954864.5
2025,Dezembro,Niassa,Sanga,Transferências,429419.0,108615638.38
2025,Janeiro,Niassa,Chimbunhila,Transferências,113045.0,29401676.1
2025,Fevereiro,Niassa,Chimbunhila,Transferências,126065.0,40552164.84
2025,Março,Niassa,Chimbunhila,Transferências,154310.0,42591959.28
2025,Abril,Niassa,Chimbunhila,Transferências,138952.0,38535982.0
2025,Maio,Niassa,Chimbunhila,Transferências,136703.0,37623611.4
2025,Junho,Niassa,Chimbunhila,Transferências,168142.0,48826784.34
2025,Julho,Niassa,Chimbunhila,Transferências,193858.0,53020070.22
2025,Agosto,Niassa,Chimbunhila,Transferências,195545.0,51515280.0
2025,Setembro,Niassa,Chimbunhila,Transferências,197387.0,62368331.7
2025,Outubro,Niassa,Chimbunhila,Transferências,180099.0,72645990.75999999
2025,Novembro,Niassa,Chimbunhila,Transferências,203408.0,62122664.67
2025,Dezembro,Niassa,Chimbunhila,Transferências,225669.0,64612180.66
2025,Janeiro,Província de Maputo,Cidade de Maputo,Pagamentos,3277731.0,684824853.02
2025,Fevereiro,Província de Maputo,Cidade de Maputo,Pagamentos,3186376.0,734860573.76
2025,Março,Província de Maputo,Cidade de Maputo,Pagamentos,3806433.0,791032388.2700001
2025,Abril,Província de Maputo,Cidade de Maputo,Pagamentos,3239086.0,719720581.1
2025,Maio,Província de Maputo,Cidade de Maputo,Pagamentos,3945623.0,771756620.06
2025,Junho,Província de Maputo,Cidade de Maputo,Pagamentos,3661784.0,636755859.2
2025,Julho,Província de Maputo,Cidade de Maputo,Pagamentos,4150446.0,706763480.04
2025,Agosto,Província de Maputo,Cidade de Maputo,Pagamentos,5049653.0,798228765.6800001
2025,Setembro,Província de Maputo,Cidade de Maputo,Pagamentos,4233927.0,701505331.12
2025,Outubro,Província de Maputo,Cidade de Maputo,Pagamentos,4440060.0,755767042.8799999
2025,Novembro,Província de Maputo,Cidade de Maputo,Pagamentos,4795038.0,765759624.54
2025,Dezembro,Província de Maputo,Cidade de Maputo,Pagamentos,4863340.0,825015834.4699999
2025,Janeiro,Província de Maputo,Cidade da Matola,Pagamentos,2605381.0,543932319.84
2025,Fevereiro,Província de Maputo,Cidade da Matola,Pagamentos,2475187.0,539739368.0
2025,Março,Província de Maputo,Cidade da Matola,Pagamentos,3079430.0,656418475.49
2025,Abril,Província de Maputo,Cidade da Matola,Pagamentos,2536389.0,536566659.33
2025,Maio,Província de Maputo,Cidade da Matola,Pagamentos,2761699.0,583380795.36
2025,Junho,Província de Maputo,Cidade da Matola,Pagamentos,2341419.0,483500149.37
2025,Julho,Província de Maputo,Cidade da Matola,Pagamentos,2641347.0,516334238.87
2025,Agosto,Província de Maputo,Cidade da Matola,Pagamentos,3483231.0,639381822.22
2025,Setembro,Província de Maputo,Cidade da Matola,Pagamentos,3087659.0,636531921.44
2025,Outubro,Província de Maputo,Cidade da Matola,Pagamentos,3326609.0,635263593.59
2025,Novembro,Província de Maputo,Cidade da Matola,Pagamentos,3279570.0,595639641.53
2025,Dezembro,Província de Maputo,Cidade da Matola,Pagamentos,3365559.0,633000168.06
2025,Janeiro,Província de Maputo,Boane,Pagamentos,570793.0,121519071.11
2025,Fevereiro,Província de Maputo,Boane,Pagamentos,551369.0,121983685.61
2025,Março,Província de Maputo,Boane,Pagamentos,653996.0,149339144.44
2025,Abril,Província de Maputo,Boane,Pagamentos,534045.0,114661655.08000001
2025,Maio,Província de Maputo,Boane,Pagamentos,597987.0,145737340.56
2025,Junho,Província de Maputo,Boane,Pagamentos,500750.0,108091157.47
2025,Julho,Província de Maputo,Boane,Pagamentos,548562.0,111233041.26
2025,Agosto,Província de Maputo,Boane,Pagamentos,750708.0,150498504.46
2025,Setembro,Província de Maputo,Boane,Pagamentos,629980.0,151558134.20000002
2025,Outubro,Província de Maputo,Boane,Pagamentos,701396.0,164941818.91
2025,Novembro,Província de Maputo,Boane,Pagamentos,715702.0,157376470.26
2025,Dezembro,Província de Maputo,Boane,Pagamentos,783488.0,188667473.82000002
2025,Janeiro,Província de Maputo,Magude,Pagamentos,46086.0,7703381.39
2025,Fevereiro,Província de Maputo,Magude,Pagamentos,44552.0,7302587.01
2025,Março,Província de Maputo,Magude,Pagamentos,48364.0,7561019.9
2025,Abril,Província de Maputo,Magude,Pagamentos,48123.0,7774000.0
2025,Maio,Província de Maputo,Magude,Pagamentos,49905.0,7698761.43
2025,Junho,Província de Maputo,Magude,Pagamentos,45812.0,7286056.62
2025,Julho,Província de Maputo,Magude,Pagamentos,51570.0,7773627.95
2025,Agosto,Província de Maputo,Magude,Pagamentos,63432.0,8714846.1
2025,Setembro,Província de Maputo,Magude,Pagamentos,55659.0,9533626.54
2025,Outubro,Província de Maputo,Magude,Pagamentos,58926.0,10217973.7
2025,Novembro,Província de Maputo,Magude,Pagamentos,59232.0,9326276.280000001
2025,Dezembro,Província de Maputo,Magude,Pagamentos,65728.0,11429491.75
2025,Janeiro,Província de Maputo,Manhiça,Pagamentos,252588.0,42174585.36
2025,Fevereiro,Província de Maputo,Manhiça,Pagamentos,239896.0,40210856.89
2025,Março,Província de Maputo,Manhiça,Pagamentos,249667.0,37075449.64
2025,Abril,Província de Maputo,Manhiça,Pagamentos,258596.0,45006486.85
2025,Maio,Província de Maputo,Manhiça,Pagamentos,270326.0,45629257.86
2025,Junho,Província de Maputo,Manhiça,Pagamentos,230929.0,36576123.41
2025,Julho,Província de Maputo,Manhiça,Pagamentos,254451.0,39183078.69
2025,Agosto,Província de Maputo,Manhiça,Pagamentos,333094.0,47635365.89
2025,Setembro,Província de Maputo,Manhiça,Pagamentos,255821.0,46405889.12
2025,Outubro,Província de Maputo,Manhiça,Pagamentos,277616.0,50377948.04
2025,Novembro,Província de Maputo,Manhiça,Pagamentos,281524.0,49493189.01
2025,Dezembro,Província de Maputo,Manhiça,Pagamentos,312198.0,53813885.67
2025,Janeiro,Província de Maputo,Marracuene,Pagamentos,526740.0,105768407.97999999
2025,Fevereiro,Província de Maputo,Marracuene,Pagamentos,481425.0,92155250.08
2025,Março,Província de Maputo,Marracuene,Pagamentos,544530.0,98302613.69
2025,Abril,Província de Maputo,Marracuene,Pagamentos,535232.0,101776432.87
2025,Maio,Província de Maputo,Marracuene,Pagamentos,525998.0,91982386.74
2025,Junho,Província de Maputo,Marracuene,Pagamentos,449958.0,67639783.97999999
2025,Julho,Província de Maputo,Marracuene,Pagamentos,526390.0,70821650.8
2025,Agosto,Província de Maputo,Marracuene,Pagamentos,644173.0,84062311.05
2025,Setembro,Província de Maputo,Marracuene,Pagamentos,618946.0,88784306.13
2025,Outubro,Província de Maputo,Marracuene,Pagamentos,689861.0,98327753.75999999
2025,Novembro,Província de Maputo,Marracuene,Pagamentos,686676.0,98130921.18
2025,Dezembro,Província de Maputo,Marracuene,Pagamentos,731124.0,116699035.81
2025,Janeiro,Província de Maputo,Matutuíne,Pagamentos,64276.0,14325921.88
2025,Fevereiro,Província de Maputo,Matutuíne,Pagamentos,60565.0,11711442.59
2025,Março,Província de Maputo,Matutuíne,Pagamentos,70292.0,13861291.21
2025,Abril,Província de Maputo,Matutuíne,Pagamentos,64252.0,13305907.11
2025,Maio,Província de Maputo,Matutuíne,Pagamentos,60123.0,11409698.08
2025,Junho,Província de Maputo,Matutuíne,Pagamentos,57379.0,9004261.5
2025,Julho,Província de Maputo,Matutuíne,Pagamentos,67104.0,9403111.440000001
2025,Agosto,Província de Maputo,Matutuíne,Pagamentos,78105.0,11665048.96
2025,Setembro,Província de Maputo,Matutuíne,Pagamentos,69241.0,12362864.91
2025,Outubro,Província de Maputo,Matutuíne,Pagamentos,81375.0,14779886.3
2025,Novembro,Província de Maputo,Matutuíne,Pagamentos,88771.0,14419433.5
2025,Dezembro,Província de Maputo,Matutuíne,Pagamentos,98630.0,20710133.619999997
2025,Janeiro,Província de Maputo,Namaacha,Pagamentos,43361.0,6078050.77
2025,Fevereiro,Província de Maputo,Namaacha,Pagamentos,41059.0,5946715.9
2025,Março,Província de Maputo,Namaacha,Pagamentos,46555.0,6358714.3
2025,Abril,Província de Maputo,Namaacha,Pagamentos,48148.0,7231730.8
2025,Maio,Província de Maputo,Namaacha,Pagamentos,45354.0,6069138.99
2025,Junho,Província de Maputo,Namaacha,Pagamentos,38395.0,4713810.23
2025,Julho,Província de Maputo,Namaacha,Pagamentos,44414.0,4779954.46
2025,Agosto,Província de Maputo,Namaacha,Pagamentos,59013.0,6727920.63
2025,Setembro,Província de Maputo,Namaacha,Pagamentos,49359.0,6657683.96
2025,Outubro,Província de Maputo,Namaacha,Pagamentos,54167.0,7504220.62
2025,Novembro,Província de Maputo,Namaacha,Pagamentos,52105.0,7254283.17
2025,Dezembro,Província de Maputo,Namaacha,Pagamentos,56003.0,8190599.91
2025,Janeiro,Província de Maputo,Moamba,Pagamentos,179317.0,25646175.57
2025,Fevereiro,Província de Maputo,Moamba,Pagamentos,148996.0,22039519.68
2025,Março,Província de Maputo,Moamba,Pagamentos,161019.0,24167370.28
2025,Abril,Província de Maputo,Moamba,Pagamentos,174658.0,25744059.25
2025,Maio,Província de Maputo,Moamba,Pagamentos,167112.0,22192020.549999997
2025,Junho,Província de Maputo,Moamba,Pagamentos,144001.0,17398590.87
2025,Julho,Província de Maputo,Moamba,Pagamentos,165627.0,18242768.46
2025,Agosto,Província de Maputo,Moamba,Pagamentos,204602.0,22221703.48
2025,Setembro,Província de Maputo,Moamba,Pagamentos,182683.0,22507832.71
2025,Outubro,Província de Maputo,Moamba,Pagamentos,207764.0,25537158.9
2025,Novembro,Província de Maputo,Moamba,Pagamentos,207852.0,27894331.08
2025,Dezembro,Província de Maputo,Moamba,Pagamentos,220060.0,33127596.81
2025,Janeiro,Gaza,Cidade de Xai-Xai,Pagamentos,272971.0,47483551.57
2025,Fevereiro,Gaza,Cidade de Xai-Xai,Pagamentos,258676.0,46434270.41
2025,Março,Gaza,Cidade de Xai-Xai,Pagamentos,292697.0,49165143.78
2025,Abril,Gaza,Cidade de Xai-Xai,Pagamentos,277490.0,46238243.74
2025,Maio,Gaza,Cidade de Xai-Xai,Pagamentos,295075.0,48375465.16
2025,Junho,Gaza,Cidade de Xai-Xai,Pagamentos,295636.0,41500374.400000006
2025,Julho,Gaza,Cidade de Xai-Xai,Pagamentos,345325.0,45420143.82
2025,Agosto,Gaza,Cidade de Xai-Xai,Pagamentos,384152.0,47308821.9
2025,Setembro,Gaza,Cidade de Xai-Xai,Pagamentos,321234.0,43608911.36
2025,Outubro,Gaza,Cidade de Xai-Xai,Pagamentos,354498.0,49281446.15
2025,Novembro,Gaza,Cidade de Xai-Xai,Pagamentos,359283.0,45946970.480000004
2025,Dezembro,Gaza,Cidade de Xai-Xai,Pagamentos,375739.0,53631083.74
2025,Janeiro,Gaza,Bilene-Macia,Pagamentos,249018.0,38310868.07
2025,Fevereiro,Gaza,Bilene-Macia,Pagamentos,222727.0,33163443.11
2025,Março,Gaza,Bilene-Macia,Pagamentos,262604.0,35778458.69
2025,Abril,Gaza,Bilene-Macia,Pagamentos,230089.0,34526032.77
2025,Maio,Gaza,Bilene-Macia,Pagamentos,247430.0,34815706.25
2025,Junho,Gaza,Bilene-Macia,Pagamentos,230631.0,29068365.160000004
2025,Julho,Gaza,Bilene-Macia,Pagamentos,250664.0,30822947.75
2025,Agosto,Gaza,Bilene-Macia,Pagamentos,327261.0,43782219.629999995
2025,Setembro,Gaza,Bilene-Macia,Pagamentos,230651.0,41204681.230000004
2025,Outubro,Gaza,Bilene-Macia,Pagamentos,247630.0,44323763.15
2025,Novembro,Gaza,Bilene-Macia,Pagamentos,250414.0,41978656.4
2025,Dezembro,Gaza,Bilene-Macia,Pagamentos,302625.0,69084980.52
2025,Janeiro,Gaza,Chibuto,Pagamentos,186137.0,24108043.7
2025,Fevereiro,Gaza,Chibuto,Pagamentos,168518.0,21386502.65
2025,Março,Gaza,Chibuto,Pagamentos,198761.0,24857536.58
2025,Abril,Gaza,Chibuto,Pagamentos,175480.0,22474787.42
2025,Maio,Gaza,Chibuto,Pagamentos,192152.0,24279045.09
2025,Junho,Gaza,Chibuto,Pagamentos,180526.0,19790007.240000002
2025,Julho,Gaza,Chibuto,Pagamentos,195649.0,21258699.41
2025,Agosto,Gaza,Chibuto,Pagamentos,246798.0,27528202.02
2025,Setembro,Gaza,Chibuto,Pagamentos,174941.0,26485464.450000003
2025,Outubro,Gaza,Chibuto,Pagamentos,191804.0,28350522.71
2025,Novembro,Gaza,Chibuto,Pagamentos,182983.0,27147744.95
2025,Dezembro,Gaza,Chibuto,Pagamentos,215722.0,35418010.08
2025,Janeiro,Gaza,Chicualacuala,Pagamentos,11279.0,1102832.44
2025,Fevereiro,Gaza,Chicualacuala,Pagamentos,11017.0,1004905.0
2025,Março,Gaza,Chicualacuala,Pagamentos,12850.0,1190021.67
2025,Abril,Gaza,Chicualacuala,Pagamentos,11885.0,1196895.33
2025,Maio,Gaza,Chicualacuala,Pagamentos,12148.0,1096860.1400000001
2025,Junho,Gaza,Chicualacuala,Pagamentos,13537.0,1910475.19
2025,Julho,Gaza,Chicualacuala,Pagamentos,17735.0,1741884.5
2025,Agosto,Gaza,Chicualacuala,Pagamentos,17713.0,1297176.82
2025,Setembro,Gaza,Chicualacuala,Pagamentos,16460.0,1500921.44
2025,Outubro,Gaza,Chicualacuala,Pagamentos,17403.0,1279058.69
2025,Novembro,Gaza,Chicualacuala,Pagamentos,18304.0,1399666.21
2025,Dezembro,Gaza,Chicualacuala,Pagamentos,19723.0,1587047.15
2025,Janeiro,Gaza,Chigubo,Pagamentos,7757.0,570331.29
2025,Fevereiro,Gaza,Chigubo,Pagamentos,7070.0,519498.62
2025,Março,Gaza,Chigubo,Pagamentos,8676.0,652020.77
2025,Abril,Gaza,Chigubo,Pagamentos,7659.0,665587.7
2025,Maio,Gaza,Chigubo,Pagamentos,7646.0,731400.8400000001
2025,Junho,Gaza,Chigubo,Pagamentos,8699.0,768494.7
2025,Julho,Gaza,Chigubo,Pagamentos,10664.0,849461.9
2025,Agosto,Gaza,Chigubo,Pagamentos,19742.0,1565677.1400000001
2025,Setembro,Gaza,Chigubo,Pagamentos,18038.0,2323248.37
2025,Outubro,Gaza,Chigubo,Pagamentos,24308.0,1992333.82
2025,Novembro,Gaza,Chigubo,Pagamentos,24537.0,1924495.52
2025,Dezembro,Gaza,Chigubo,Pagamentos,25059.0,2212970.18
2025,Janeiro,Gaza,Chókwè,Pagamentos,230539.0,35905532.910000004
2025,Fevereiro,Gaza,Chókwè,Pagamentos,211980.0,31000419.25
2025,Março,Gaza,Chókwè,Pagamentos,247279.0,34846346.37
2025,Abril,Gaza,Chókwè,Pagamentos,224701.0,34408243.01
2025,Maio,Gaza,Chókwè,Pagamentos,237903.0,33904178.07
2025,Junho,Gaza,Chókwè,Pagamentos,225012.0,29232449.57
2025,Julho,Gaza,Chókwè,Pagamentos,247171.0,30665974.86
2025,Agosto,Gaza,Chókwè,Pagamentos,295629.0,34281814.2
2025,Setembro,Gaza,Chókwè,Pagamentos,233769.0,33672937.66
2025,Outubro,Gaza,Chókwè,Pagamentos,248739.0,37230308.49
2025,Novembro,Gaza,Chókwè,Pagamentos,248535.0,35001286.45
2025,Dezembro,Gaza,Chókwè,Pagamentos,272756.0,38626713.269999996
2025,Janeiro,Gaza,Guijá,Pagamentos,51325.0,7025073.06
2025,Fevereiro,Gaza,Guijá,Pagamentos,48726.0,6996997.46
2025,Março,Gaza,Guijá,Pagamentos,54567.0,7079966.16
2025,Abril,Gaza,Guijá,Pagamentos,54164.0,7198047.7299999995
2025,Maio,Gaza,Guijá,Pagamentos,54383.0,7055723.140000001
2025,Junho,Gaza,Guijá,Pagamentos,47965.0,5841701.78
2025,Julho,Gaza,Guijá,Pagamentos,54276.0,6199312.73
2025,Agosto,Gaza,Guijá,Pagamentos,65264.0,6998562.55
2025,Setembro,Gaza,Guijá,Pagamentos,55938.0,6927948.49
2025,Outubro,Gaza,Guijá,Pagamentos,61422.0,7622981.24
2025,Novembro,Gaza,Guijá,Pagamentos,59238.0,6964504.75
2025,Dezembro,Gaza,Guijá,Pagamentos,69663.0,8344408.880000001
2025,Janeiro,Gaza,Mabalane,Pagamentos,15308.0,1293813.3599999999
2025,Fevereiro,Gaza,Mabalane,Pagamentos,14274.0,1258490.92
2025,Março,Gaza,Mabalane,Pagamentos,17088.0,1667385.23
2025,Abril,Gaza,Mabalane,Pagamentos,16349.0,1434121.88
2025,Maio,Gaza,Mabalane,Pagamentos,16692.0,1345758.38
2025,Junho,Gaza,Mabalane,Pagamentos,18558.0,1403461.79
2025,Julho,Gaza,Mabalane,Pagamentos,21835.0,1592223.02
2025,Agosto,Gaza,Mabalane,Pagamentos,22191.0,1516513.6
2025,Setembro,Gaza,Mabalane,Pagamentos,20347.0,1660784.0
2025,Outubro,Gaza,Mabalane,Pagamentos,22786.0,1720560.04
2025,Novembro,Gaza,Mabalane,Pagamentos,23201.0,2124841.56
2025,Dezembro,Gaza,Mabalane,Pagamentos,25389.0,1906825.6600000001
2025,Janeiro,Gaza,Manjacaze,Pagamentos,117480.0,13867009.44
2025,Fevereiro,Gaza,Manjacaze,Pagamentos,101512.0,13003030.1
2025,Março,Gaza,Manjacaze,Pagamentos,117446.0,14930763.11
2025,Abril,Gaza,Manjacaze,Pagamentos,107869.0,12915362.8
2025,Maio,Gaza,Manjacaze,Pagamentos,109117.0,12673006.8
2025,Junho,Gaza,Manjacaze,Pagamentos,106933.0,10757864.52
2025,Julho,Gaza,Manjacaze,Pagamentos,125562.0,11431349.05
2025,Agosto,Gaza,Manjacaze,Pagamentos,138546.0,13073042.15
2025,Setembro,Gaza,Manjacaze,Pagamentos,106766.0,13014133.09
2025,Outubro,Gaza,Manjacaze,Pagamentos,114048.0,13084264.76
2025,Novembro,Gaza,Manjacaze,Pagamentos,121186.0,12485388.18
2025,Dezembro,Gaza,Manjacaze,Pagamentos,138291.0,15284360.68
2025,Janeiro,Gaza,Massangena,Pagamentos,7837.0,506560.0
2025,Fevereiro,Gaza,Massangena,Pagamentos,7359.0,505088.18
2025,Março,Gaza,Massangena,Pagamentos,7479.0,557326.08
2025,Abril,Gaza,Massangena,Pagamentos,8605.0,739353.4
2025,Maio,Gaza,Massangena,Pagamentos,9395.0,839616.59
2025,Junho,Gaza,Massangena,Pagamentos,11019.0,857329.3
2025,Julho,Gaza,Massangena,Pagamentos,13085.0,882468.7
2025,Agosto,Gaza,Massangena,Pagamentos,12941.0,878468.5
2025,Setembro,Gaza,Massangena,Pagamentos,12796.0,948924.83
2025,Outubro,Gaza,Massangena,Pagamentos,13648.0,1047340.91
2025,Novembro,Gaza,Massangena,Pagamentos,14179.0,984840.3
2025,Dezembro,Gaza,Massangena,Pagamentos,14876.0,1050328.57
2025,Janeiro,Gaza,Massingir,Pagamentos,18809.0,2568250.94
2025,Fevereiro,Gaza,Massingir,Pagamentos,17197.0,2526557.55
2025,Março,Gaza,Massingir,Pagamentos,19165.0,3201512.16
2025,Abril,Gaza,Massingir,Pagamentos,16816.0,2595345.8
2025,Maio,Gaza,Massingir,Pagamentos,15267.0,2878292.37
2025,Junho,Gaza,Massingir,Pagamentos,16081.0,2703717.71
2025,Julho,Gaza,Massingir,Pagamentos,19968.0,3504959.04
2025,Agosto,Gaza,Massingir,Pagamentos,19965.0,3078136.52
2025,Setembro,Gaza,Massingir,Pagamentos,17588.0,2442411.26
2025,Outubro,Gaza,Massingir,Pagamentos,21103.0,3077408.1500000004
2025,Novembro,Gaza,Massingir,Pagamentos,20516.0,3001505.16
2025,Dezembro,Gaza,Massingir,Pagamentos,22357.0,4476463.83
2025,Janeiro,Gaza,Chonguene,Pagamentos,133779.0,15750289.280000001
2025,Fevereiro,Gaza,Chonguene,Pagamentos,121940.0,15259376.85
2025,Março,Gaza,Chonguene,Pagamentos,145226.0,18142177.01
2025,Abril,Gaza,Chonguene,Pagamentos,122902.0,14862188.21
2025,Maio,Gaza,Chonguene,Pagamentos,130351.0,14516379.28
2025,Junho,Gaza,Chonguene,Pagamentos,132234.0,13307396.33
2025,Julho,Gaza,Chonguene,Pagamentos,145018.0,12926781.38
2025,Agosto,Gaza,Chonguene,Pagamentos,175558.0,17755161.39
2025,Setembro,Gaza,Chonguene,Pagamentos,131134.0,18270040.6
2025,Outubro,Gaza,Chonguene,Pagamentos,148812.0,22049955.78
2025,Novembro,Gaza,Chonguene,Pagamentos,145565.0,20690299.65
2025,Dezembro,Gaza,Chonguene,Pagamentos,163841.0,25247599.200000003
2025,Janeiro,Gaza,Mapai,Pagamentos,19392.0,1619507.45
2025,Fevereiro,Gaza,Mapai,Pagamentos,17571.0,1509269.8
2025,Março,Gaza,Mapai,Pagamentos,20656.0,1821358.4100000001
2025,Abril,Gaza,Mapai,Pagamentos,19795.0,1677182.0
2025,Maio,Gaza,Mapai,Pagamentos,19783.0,1790832.74
2025,Junho,Gaza,Mapai,Pagamentos,21515.0,1712709.22
2025,Julho,Gaza,Mapai,Pagamentos,27881.0,1827704.1999999997
2025,Agosto,Gaza,Mapai,Pagamentos,27731.0,2026666.81
2025,Setembro,Gaza,Mapai,Pagamentos,25666.0,2066907.73
2025,Outubro,Gaza,Mapai,Pagamentos,28657.0,2358259.3
2025,Novembro,Gaza,Mapai,Pagamentos,28767.0,2482317.89
2025,Dezembro,Gaza,Mapai,Pagamentos,31521.0,2770713.05
2025,Janeiro,Gaza,Limpopo,Pagamentos,121799.0,15644766.67
2025,Fevereiro,Gaza,Limpopo,Pagamentos,109595.0,13926348.22
2025,Março,Gaza,Limpopo,Pagamentos,136812.0,17436947.31
2025,Abril,Gaza,Limpopo,Pagamentos,117993.0,14978867.89
2025,Maio,Gaza,Limpopo,Pagamentos,111661.0,12820788.139999999
2025,Junho,Gaza,Limpopo,Pagamentos,94654.0,9329690.870000001
2025,Julho,Gaza,Limpopo,Pagamentos,101455.0,8931163.469999999
2025,Agosto,Gaza,Limpopo,Pagamentos,127890.0,13161301.149999999
2025,Setembro,Gaza,Limpopo,Pagamentos,88659.0,12922471.419999998
2025,Outubro,Gaza,Limpopo,Pagamentos,97094.0,14588122.83
2025,Novembro,Gaza,Limpopo,Pagamentos,92788.0,13287619.6
2025,Dezembro,Gaza,Limpopo,Pagamentos,112738.0,17821444.439999998
2025,Janeiro,Inhambane,Cidade de Inhambane,Pagamentos,163185.0,26926013.189999998
2025,Fevereiro,Inhambane,Cidade de Inhambane,Pagamentos,150191.0,23910962.119999997
2025,Março,Inhambane,Cidade de Inhambane,Pagamentos,164284.0,25148345.689999998
2025,Abril,Inhambane,Cidade de Inhambane,Pagamentos,153237.0,21809477.97
2025,Maio,Inhambane,Cidade de Inhambane,Pagamentos,164289.0,23969757.35
2025,Junho,Inhambane,Cidade de Inhambane,Pagamentos,164288.0,21176638.14
2025,Julho,Inhambane,Cidade de Inhambane,Pagamentos,194276.0,24406975.759999998
2025,Agosto,Inhambane,Cidade de Inhambane,Pagamentos,227438.0,26925396.98
2025,Setembro,Inhambane,Cidade de Inhambane,Pagamentos,189632.0,24479151.21
2025,Outubro,Inhambane,Cidade de Inhambane,Pagamentos,197343.0,25442229.490000002
2025,Novembro,Inhambane,Cidade de Inhambane,Pagamentos,202342.0,24087428.32
2025,Dezembro,Inhambane,Cidade de Inhambane,Pagamentos,210493.0,28965791.59
2025,Janeiro,Inhambane,Cidade de Maxixe,Pagamentos,208997.0,27421604.07
2025,Fevereiro,Inhambane,Cidade de Maxixe,Pagamentos,190506.0,25277184.34
2025,Março,Inhambane,Cidade de Maxixe,Pagamentos,215256.0,28323008.06
2025,Abril,Inhambane,Cidade de Maxixe,Pagamentos,199747.0,26672717.43
2025,Maio,Inhambane,Cidade de Maxixe,Pagamentos,203228.0,26822968.130000003
2025,Junho,Inhambane,Cidade de Maxixe,Pagamentos,203389.0,24444153.02
2025,Julho,Inhambane,Cidade de Maxixe,Pagamentos,237222.0,26592247.73
2025,Agosto,Inhambane,Cidade de Maxixe,Pagamentos,278505.0,31752983.52
2025,Setembro,Inhambane,Cidade de Maxixe,Pagamentos,241858.0,32190519.939999998
2025,Outubro,Inhambane,Cidade de Maxixe,Pagamentos,256379.0,31217412.9
2025,Novembro,Inhambane,Cidade de Maxixe,Pagamentos,261266.0,30222267.96
2025,Dezembro,Inhambane,Cidade de Maxixe,Pagamentos,270844.0,32616860.3
2025,Janeiro,Inhambane,Funhaloro,Pagamentos,16313.0,1241313.97
2025,Fevereiro,Inhambane,Funhaloro,Pagamentos,13708.0,1123412.2200000002
2025,Março,Inhambane,Funhaloro,Pagamentos,16135.0,1416395.58
2025,Abril,Inhambane,Funhaloro,Pagamentos,14400.0,1367604.42
2025,Maio,Inhambane,Funhaloro,Pagamentos,14116.0,1180486.31
2025,Junho,Inhambane,Funhaloro,Pagamentos,16340.0,1096736.14
2025,Julho,Inhambane,Funhaloro,Pagamentos,19645.0,1185324.31
2025,Agosto,Inhambane,Funhaloro,Pagamentos,20461.0,1293100.42
2025,Setembro,Inhambane,Funhaloro,Pagamentos,18554.0,1433399.25
2025,Outubro,Inhambane,Funhaloro,Pagamentos,20596.0,1553984.8199999998
2025,Novembro,Inhambane,Funhaloro,Pagamentos,22125.0,1748235.37
2025,Dezembro,Inhambane,Funhaloro,Pagamentos,24106.0,1752839.6099999999
2025,Janeiro,Inhambane,Govuro,Pagamentos,26861.0,2928126.49
2025,Fevereiro,Inhambane,Govuro,Pagamentos,24420.0,2531250.89
2025,Março,Inhambane,Govuro,Pagamentos,30041.0,3309812.6399999997
2025,Abril,Inhambane,Govuro,Pagamentos,27986.0,3177651.4
2025,Maio,Inhambane,Govuro,Pagamentos,31975.0,3505603.41
2025,Junho,Inhambane,Govuro,Pagamentos,34875.0,3663890.1399999997
2025,Julho,Inhambane,Govuro,Pagamentos,41897.0,3678185.85
2025,Agosto,Inhambane,Govuro,Pagamentos,48463.0,4340767.87
2025,Setembro,Inhambane,Govuro,Pagamentos,38193.0,4185036.73
2025,Outubro,Inhambane,Govuro,Pagamentos,41144.0,4459155.9399999995
2025,Novembro,Inhambane,Govuro,Pagamentos,41038.0,3835141.3200000003
2025,Dezembro,Inhambane,Govuro,Pagamentos,44519.0,4319601.15
2025,Janeiro,Inhambane,Homoine,Pagamentos,51801.0,4815741.63
2025,Fevereiro,Inhambane,Homoine,Pagamentos,45151.0,4266805.47
2025,Março,Inhambane,Homoine,Pagamentos,49428.0,5195869.890000001
2025,Abril,Inhambane,Homoine,Pagamentos,50714.0,4841775.3
2025,Maio,Inhambane,Homoine,Pagamentos,50819.0,4507557.83
2025,Junho,Inhambane,Homoine,Pagamentos,50578.0,3695918.1799999997
2025,Julho,Inhambane,Homoine,Pagamentos,59024.0,3898906.52
2025,Agosto,Inhambane,Homoine,Pagamentos,66780.0,4529557.25
2025,Setembro,Inhambane,Homoine,Pagamentos,56600.0,4694817.16
2025,Outubro,Inhambane,Homoine,Pagamentos,65568.0,5703689.470000001
2025,Novembro,Inhambane,Homoine,Pagamentos,66597.0,5615624.65
2025,Dezembro,Inhambane,Homoine,Pagamentos,76968.0,7431996.17
2025,Janeiro,Inhambane,Inharrime,Pagamentos,77746.0,8193243.68
2025,Fevereiro,Inhambane,Inharrime,Pagamentos,65871.0,7019828.430000001
2025,Março,Inhambane,Inharrime,Pagamentos,75970.0,8106461.63
2025,Abril,Inhambane,Inharrime,Pagamentos,71993.0,7278443.13
2025,Maio,Inhambane,Inharrime,Pagamentos,71262.0,6874406.9799999995
2025,Junho,Inhambane,Inharrime,Pagamentos,69961.0,5384847.45
2025,Julho,Inhambane,Inharrime,Pagamentos,78776.0,5447683.02
2025,Agosto,Inhambane,Inharrime,Pagamentos,94472.0,7895002.89
2025,Setembro,Inhambane,Inharrime,Pagamentos,69788.0,7883243.67
2025,Outubro,Inhambane,Inharrime,Pagamentos,78432.0,8852339.48
2025,Novembro,Inhambane,Inharrime,Pagamentos,81506.0,9179960.95
2025,Dezembro,Inhambane,Inharrime,Pagamentos,89762.0,12163478.25
2025,Janeiro,Inhambane,Inhassoro,Pagamentos,56300.0,7217323.98
2025,Fevereiro,Inhambane,Inhassoro,Pagamentos,53438.0,7985899.23
2025,Março,Inhambane,Inhassoro,Pagamentos,64303.0,9370949.45
2025,Abril,Inhambane,Inhassoro,Pagamentos,61668.0,7907719.62
2025,Maio,Inhambane,Inhassoro,Pagamentos,62540.0,8232526.3
2025,Junho,Inhambane,Inhassoro,Pagamentos,63512.0,7865348.640000001
2025,Julho,Inhambane,Inhassoro,Pagamentos,75890.0,8414694.1
2025,Agosto,Inhambane,Inhassoro,Pagamentos,85010.0,9662057.59
2025,Setembro,Inhambane,Inhassoro,Pagamentos,69963.0,9174219.120000001
2025,Outubro,Inhambane,Inhassoro,Pagamentos,76543.0,9740453.96
2025,Novembro,Inhambane,Inhassoro,Pagamentos,77755.0,9219065.559999999
2025,Dezembro,Inhambane,Inhassoro,Pagamentos,80692.0,9297098.07
2025,Janeiro,Inhambane,Jangamo,Pagamentos,57445.0,5350028.82
2025,Fevereiro,Inhambane,Jangamo,Pagamentos,49514.0,4312766.84
2025,Março,Inhambane,Jangamo,Pagamentos,56015.0,5000647.66
2025,Abril,Inhambane,Jangamo,Pagamentos,56593.0,5033043.34
2025,Maio,Inhambane,Jangamo,Pagamentos,57782.0,4893387.68
2025,Junho,Inhambane,Jangamo,Pagamentos,50358.0,3264809.9699999997
2025,Julho,Inhambane,Jangamo,Pagamentos,57252.0,3921883.0700000003
2025,Agosto,Inhambane,Jangamo,Pagamentos,66460.0,4800989.55
2025,Setembro,Inhambane,Jangamo,Pagamentos,44953.0,4669753.529999999
2025,Outubro,Inhambane,Jangamo,Pagamentos,52940.0,5806635.28
2025,Novembro,Inhambane,Jangamo,Pagamentos,54852.0,6257035.43
2025,Dezembro,Inhambane,Jangamo,Pagamentos,62279.0,8904795.35
2025,Janeiro,Inhambane,Mabote,Pagamentos,20614.0,2172461.16
2025,Fevereiro,Inhambane,Mabote,Pagamentos,19480.0,2061523.4
2025,Março,Inhambane,Mabote,Pagamentos,22774.0,2614032.4
2025,Abril,Inhambane,Mabote,Pagamentos,20785.0,1878641.22
2025,Maio,Inhambane,Mabote,Pagamentos,20629.0,1856539.5899999999
2025,Junho,Inhambane,Mabote,Pagamentos,23173.0,2063345.3
2025,Julho,Inhambane,Mabote,Pagamentos,28227.0,1979300.4
2025,Agosto,Inhambane,Mabote,Pagamentos,30326.0,2431606.52
2025,Setembro,Inhambane,Mabote,Pagamentos,26383.0,2948453.1399999997
2025,Outubro,Inhambane,Mabote,Pagamentos,28410.0,3182219.65
2025,Novembro,Inhambane,Mabote,Pagamentos,28901.0,2804196.9699999997
2025,Dezembro,Inhambane,Mabote,Pagamentos,31114.0,2781524.49
2025,Janeiro,Inhambane,Massinga,Pagamentos,145275.0,18519860.23
2025,Fevereiro,Inhambane,Massinga,Pagamentos,131638.0,16170684.829999998
2025,Março,Inhambane,Massinga,Pagamentos,155161.0,21230115.61
2025,Abril,Inhambane,Massinga,Pagamentos,145950.0,18481719.46
2025,Maio,Inhambane,Massinga,Pagamentos,142454.0,17233541.73
2025,Junho,Inhambane,Massinga,Pagamentos,136214.0,13538818.93
2025,Julho,Inhambane,Massinga,Pagamentos,152302.0,13881503.690000001
2025,Agosto,Inhambane,Massinga,Pagamentos,178799.0,17958414.58
2025,Setembro,Inhambane,Massinga,Pagamentos,134610.0,17855810.46
2025,Outubro,Inhambane,Massinga,Pagamentos,152379.0,20512696.130000003
2025,Novembro,Inhambane,Massinga,Pagamentos,156408.0,20351547.41
2025,Dezembro,Inhambane,Massinga,Pagamentos,172134.0,25016562.87
2025,Janeiro,Inhambane,Morrumbene,Pagamentos,66232.0,6956127.46
2025,Fevereiro,Inhambane,Morrumbene,Pagamentos,58055.0,6792196.77
2025,Março,Inhambane,Morrumbene,Pagamentos,66698.0,8665227.61
2025,Abril,Inhambane,Morrumbene,Pagamentos,65634.0,7253201.89
2025,Maio,Inhambane,Morrumbene,Pagamentos,64843.0,7284544.78
2025,Junho,Inhambane,Morrumbene,Pagamentos,61068.0,6522406.6899999995
2025,Julho,Inhambane,Morrumbene,Pagamentos,70443.0,7003715.359999999
2025,Agosto,Inhambane,Morrumbene,Pagamentos,80576.0,7900051.06
2025,Setembro,Inhambane,Morrumbene,Pagamentos,62905.0,8125506.92
2025,Outubro,Inhambane,Morrumbene,Pagamentos,67785.0,8598031.129999999
2025,Novembro,Inhambane,Morrumbene,Pagamentos,69301.0,8503961.219999999
2025,Dezembro,Inhambane,Morrumbene,Pagamentos,78215.0,9232458.11
2025,Janeiro,Inhambane,Panda,Pagamentos,19138.0,1485069.81
2025,Fevereiro,Inhambane,Panda,Pagamentos,17217.0,1367298.25
2025,Março,Inhambane,Panda,Pagamentos,19682.0,1601323.23
2025,Abril,Inhambane,Panda,Pagamentos,19997.0,1609195.6099999999
2025,Maio,Inhambane,Panda,Pagamentos,18138.0,1416002.6099999999
2025,Junho,Inhambane,Panda,Pagamentos,18304.0,1222623.31
2025,Julho,Inhambane,Panda,Pagamentos,21012.0,1226103.95
2025,Agosto,Inhambane,Panda,Pagamentos,22147.0,1485281.4100000001
2025,Setembro,Inhambane,Panda,Pagamentos,18577.0,1295733.3599999999
2025,Outubro,Inhambane,Panda,Pagamentos,20910.0,1627945.1099999999
2025,Novembro,Inhambane,Panda,Pagamentos,21751.0,1517001.63
2025,Dezembro,Inhambane,Panda,Pagamentos,24305.0,1945804.6600000001
2025,Janeiro,Inhambane,Vilankulo,Pagamentos,158770.0,20066765.59
2025,Fevereiro,Inhambane,Vilankulo,Pagamentos,150044.0,18350157.62
2025,Março,Inhambane,Vilankulo,Pagamentos,195860.0,23156222.21
2025,Abril,Inhambane,Vilankulo,Pagamentos,170290.0,19665573.490000002
2025,Maio,Inhambane,Vilankulo,Pagamentos,170731.0,19510991.66
2025,Junho,Inhambane,Vilankulo,Pagamentos,163507.0,15791179.25
2025,Julho,Inhambane,Vilankulo,Pagamentos,186383.0,16699381.6
2025,Agosto,Inhambane,Vilankulo,Pagamentos,217311.0,20844907.78
2025,Setembro,Inhambane,Vilankulo,Pagamentos,174625.0,19827111.81
2025,Outubro,Inhambane,Vilankulo,Pagamentos,187249.0,22300447.5
2025,Novembro,Inhambane,Vilankulo,Pagamentos,193013.0,23224130.2
2025,Dezembro,Inhambane,Vilankulo,Pagamentos,203876.0,27159740.6
2025,Janeiro,Inhambane,Zavala (Quissico),Pagamentos,86482.0,7665463.66
2025,Fevereiro,Inhambane,Zavala (Quissico),Pagamentos,73889.0,6844529.84
2025,Março,Inhambane,Zavala (Quissico),Pagamentos,84613.0,8213080.07
2025,Abril,Inhambane,Zavala (Quissico),Pagamentos,85989.0,7822131.51
2025,Maio,Inhambane,Zavala (Quissico),Pagamentos,79930.0,7064097.55
2025,Junho,Inhambane,Zavala (Quissico),Pagamentos,76619.0,5692475.359999999
2025,Julho,Inhambane,Zavala (Quissico),Pagamentos,85707.0,5717141.51
2025,Agosto,Inhambane,Zavala (Quissico),Pagamentos,95107.0,6982228.3100000005
2025,Setembro,Inhambane,Zavala (Quissico),Pagamentos,75404.0,6963457.18
2025,Outubro,Inhambane,Zavala (Quissico),Pagamentos,85560.0,8083060.04
2025,Novembro,Inhambane,Zavala (Quissico),Pagamentos,88264.0,8471308.129999999
2025,Dezembro,Inhambane,Zavala (Quissico),Pagamentos,98331.0,10092857.36
2025,Janeiro,Sofala,Cidade da Beira,Pagamentos,1306849.0,202392017.48000002
2025,Fevereiro,Sofala,Cidade da Beira,Pagamentos,1199508.0,184416062.74
2025,Março,Sofala,Cidade da Beira,Pagamentos,1416220.0,209528040.13
2025,Abril,Sofala,Cidade da Beira,Pagamentos,1229756.0,182240424.21
2025,Maio,Sofala,Cidade da Beira,Pagamentos,1306963.0,187974168.87
2025,Junho,Sofala,Cidade da Beira,Pagamentos,1299942.0,173810369.88
2025,Julho,Sofala,Cidade da Beira,Pagamentos,1479682.0,182518410.52999997
2025,Agosto,Sofala,Cidade da Beira,Pagamentos,1763418.0,229077220.39
2025,Setembro,Sofala,Cidade da Beira,Pagamentos,1420098.0,219110244.95
2025,Outubro,Sofala,Cidade da Beira,Pagamentos,1582458.0,244466350.32
2025,Novembro,Sofala,Cidade da Beira,Pagamentos,1603769.0,237506786.32999998
2025,Dezembro,Sofala,Cidade da Beira,Pagamentos,1673948.0,261184978.27999997
2025,Janeiro,Sofala,Buzi,Pagamentos,52014.0,4298511.58
2025,Fevereiro,Sofala,Buzi,Pagamentos,47073.0,3355722.88
2025,Março,Sofala,Buzi,Pagamentos,56406.0,4131413.46
2025,Abril,Sofala,Buzi,Pagamentos,48849.0,5565897.3100000005
2025,Maio,Sofala,Buzi,Pagamentos,51543.0,3733623.51
2025,Junho,Sofala,Buzi,Pagamentos,61208.0,4185453.83
2025,Julho,Sofala,Buzi,Pagamentos,70624.0,4729506.01
2025,Agosto,Sofala,Buzi,Pagamentos,76601.0,4692457.48
2025,Setembro,Sofala,Buzi,Pagamentos,60491.0,4596938.45
2025,Outubro,Sofala,Buzi,Pagamentos,67972.0,5228117.08
2025,Novembro,Sofala,Buzi,Pagamentos,67707.0,5143279.73
2025,Dezembro,Sofala,Buzi,Pagamentos,69255.0,5633759.59
2025,Janeiro,Sofala,Caia,Pagamentos,74799.0,6270170.4
2025,Fevereiro,Sofala,Caia,Pagamentos,69747.0,5809854.609999999
2025,Março,Sofala,Caia,Pagamentos,78673.0,6376324.109999999
2025,Abril,Sofala,Caia,Pagamentos,72813.0,6194288.17
2025,Maio,Sofala,Caia,Pagamentos,78730.0,6495172.8
2025,Junho,Sofala,Caia,Pagamentos,85121.0,5997466.76
2025,Julho,Sofala,Caia,Pagamentos,103362.0,7082976.6899999995
2025,Agosto,Sofala,Caia,Pagamentos,116732.0,8288541.029999999
2025,Setembro,Sofala,Caia,Pagamentos,84265.0,7779532.52
2025,Outubro,Sofala,Caia,Pagamentos,96584.0,8942620.79
2025,Novembro,Sofala,Caia,Pagamentos,101543.0,8751688.89
2025,Dezembro,Sofala,Caia,Pagamentos,103114.0,9292975.649999999
2025,Janeiro,Sofala,Chemba,Pagamentos,19193.0,1301839.46
2025,Fevereiro,Sofala,Chemba,Pagamentos,18601.0,1263284.16
2025,Março,Sofala,Chemba,Pagamentos,21400.0,1477963.54
2025,Abril,Sofala,Chemba,Pagamentos,16204.0,1290098.13
2025,Maio,Sofala,Chemba,Pagamentos,16004.0,1063146.3
2025,Junho,Sofala,Chemba,Pagamentos,18196.0,1236730.87
2025,Julho,Sofala,Chemba,Pagamentos,20947.0,1213574.62
2025,Agosto,Sofala,Chemba,Pagamentos,22688.0,1264781.59
2025,Setembro,Sofala,Chemba,Pagamentos,21965.0,1515408.59
2025,Outubro,Sofala,Chemba,Pagamentos,24431.0,1864620.1400000001
2025,Novembro,Sofala,Chemba,Pagamentos,23435.0,1629292.6
2025,Dezembro,Sofala,Chemba,Pagamentos,21836.0,1603180.6099999999
2025,Janeiro,Sofala,Cheringoma,Pagamentos,21509.0,1899885.31
2025,Fevereiro,Sofala,Cheringoma,Pagamentos,19371.0,1810130.4100000001
2025,Março,Sofala,Cheringoma,Pagamentos,24956.0,2129068.5
2025,Abril,Sofala,Cheringoma,Pagamentos,22135.0,2113066.06
2025,Maio,Sofala,Cheringoma,Pagamentos,23575.0,2137306.52
2025,Junho,Sofala,Cheringoma,Pagamentos,25556.0,2284897.19
2025,Julho,Sofala,Cheringoma,Pagamentos,30222.0,2427041.5700000003
2025,Agosto,Sofala,Cheringoma,Pagamentos,34763.0,2971011.01
2025,Setembro,Sofala,Cheringoma,Pagamentos,26506.0,2812874.91
2025,Outubro,Sofala,Cheringoma,Pagamentos,29645.0,3156177.75
2025,Novembro,Sofala,Cheringoma,Pagamentos,27626.0,2636935.62
2025,Dezembro,Sofala,Cheringoma,Pagamentos,26550.0,2826545.48
2025,Janeiro,Sofala,Chibabava,Pagamentos,34401.0,3881720.13
2025,Fevereiro,Sofala,Chibabava,Pagamentos,33806.0,4383709.26
2025,Março,Sofala,Chibabava,Pagamentos,40878.0,5359204.64
2025,Abril,Sofala,Chibabava,Pagamentos,35367.0,4059651.72
2025,Maio,Sofala,Chibabava,Pagamentos,36253.0,4889295.73
2025,Junho,Sofala,Chibabava,Pagamentos,39450.0,3928918.31
2025,Julho,Sofala,Chibabava,Pagamentos,45644.0,4406836.1
2025,Agosto,Sofala,Chibabava,Pagamentos,47136.0,5592853.95
2025,Setembro,Sofala,Chibabava,Pagamentos,35171.0,4957053.33
2025,Outubro,Sofala,Chibabava,Pagamentos,39980.0,6092067.970000001
2025,Novembro,Sofala,Chibabava,Pagamentos,39490.0,4628372.35
2025,Dezembro,Sofala,Chibabava,Pagamentos,42205.0,4688998.93
2025,Janeiro,Sofala,Dondo,Pagamentos,227644.0,20626824.939999998
2025,Fevereiro,Sofala,Dondo,Pagamentos,208746.0,19245248.939999998
2025,Março,Sofala,Dondo,Pagamentos,252366.0,22755859.9
2025,Abril,Sofala,Dondo,Pagamentos,217918.0,20028835.18
2025,Maio,Sofala,Dondo,Pagamentos,224925.0,20170560.9
2025,Junho,Sofala,Dondo,Pagamentos,226392.0,18117252.35
2025,Julho,Sofala,Dondo,Pagamentos,253054.0,19242034.59
2025,Agosto,Sofala,Dondo,Pagamentos,287871.0,22942771.25
2025,Setembro,Sofala,Dondo,Pagamentos,204182.0,22346489.47
2025,Outubro,Sofala,Dondo,Pagamentos,225586.0,24117277.36
2025,Novembro,Sofala,Dondo,Pagamentos,232019.0,24211469.68
2025,Dezembro,Sofala,Dondo,Pagamentos,242658.0,27766999.88
2025,Janeiro,Sofala,Gorongoza,Pagamentos,65446.0,5441115.98
2025,Fevereiro,Sofala,Gorongoza,Pagamentos,60326.0,5218975.95
2025,Março,Sofala,Gorongoza,Pagamentos,75377.0,6459021.2
2025,Abril,Sofala,Gorongoza,Pagamentos,69976.0,5973440.2
2025,Maio,Sofala,Gorongoza,Pagamentos,72323.0,5911249.67
2025,Junho,Sofala,Gorongoza,Pagamentos,78260.0,6237257.59
2025,Julho,Sofala,Gorongoza,Pagamentos,92952.0,6812339.55
2025,Agosto,Sofala,Gorongoza,Pagamentos,98898.0,7949829.24
2025,Setembro,Sofala,Gorongoza,Pagamentos,87968.0,7713486.84
2025,Outubro,Sofala,Gorongoza,Pagamentos,97426.0,8645898.58
2025,Novembro,Sofala,Gorongoza,Pagamentos,93900.0,7479498.92
2025,Dezembro,Sofala,Gorongoza,Pagamentos,96628.0,7488103.0200000005
2025,Janeiro,Sofala,Machanga,Pagamentos,9497.0,898099.56
2025,Fevereiro,Sofala,Machanga,Pagamentos,8921.0,946401.3200000001
2025,Março,Sofala,Machanga,Pagamentos,10595.0,1084044.8900000001
2025,Abril,Sofala,Machanga,Pagamentos,10911.0,1163732.6400000001
2025,Maio,Sofala,Machanga,Pagamentos,11239.0,1187485.23
2025,Junho,Sofala,Machanga,Pagamentos,13058.0,908644.09
2025,Julho,Sofala,Machanga,Pagamentos,16091.0,1035827.89
2025,Agosto,Sofala,Machanga,Pagamentos,16320.0,994400.02
2025,Setembro,Sofala,Machanga,Pagamentos,13434.0,1049627.0
2025,Outubro,Sofala,Machanga,Pagamentos,15548.0,1242624.92
2025,Novembro,Sofala,Machanga,Pagamentos,15640.0,1342947.27
2025,Dezembro,Sofala,Machanga,Pagamentos,16562.0,1556795.04
2025,Janeiro,Sofala,Maringue,Pagamentos,19282.0,1441552.13
2025,Fevereiro,Sofala,Maringue,Pagamentos,19275.0,1615698.56
2025,Março,Sofala,Maringue,Pagamentos,24401.0,1875671.08
2025,Abril,Sofala,Maringue,Pagamentos,21829.0,2054267.17
2025,Maio,Sofala,Maringue,Pagamentos,23162.0,2022056.12
2025,Junho,Sofala,Maringue,Pagamentos,27523.0,2515603.75
2025,Julho,Sofala,Maringue,Pagamentos,32814.0,2469690.14
2025,Agosto,Sofala,Maringue,Pagamentos,35451.0,2378748.11
2025,Setembro,Sofala,Maringue,Pagamentos,37504.0,2440240.2199999997
2025,Outubro,Sofala,Maringue,Pagamentos,41861.0,2912906.07
2025,Novembro,Sofala,Maringue,Pagamentos,38434.0,2835912.4699999997
2025,Dezembro,Sofala,Maringue,Pagamentos,37107.0,2619646.0300000003
2025,Janeiro,Sofala,Marromeu,Pagamentos,64661.0,4468809.25
2025,Fevereiro,Sofala,Marromeu,Pagamentos,57311.0,4368810.13
2025,Março,Sofala,Marromeu,Pagamentos,65673.0,5246359.18
2025,Abril,Sofala,Marromeu,Pagamentos,64525.0,5084213.73
2025,Maio,Sofala,Marromeu,Pagamentos,65573.0,4652927.11
2025,Junho,Sofala,Marromeu,Pagamentos,66813.0,4196265.14
2025,Julho,Sofala,Marromeu,Pagamentos,81170.0,4582343.02
2025,Agosto,Sofala,Marromeu,Pagamentos,87917.0,5097966.02
2025,Setembro,Sofala,Marromeu,Pagamentos,57401.0,5181130.21
2025,Outubro,Sofala,Marromeu,Pagamentos,66101.0,5795213.77
2025,Novembro,Sofala,Marromeu,Pagamentos,64639.0,5577483.98
2025,Dezembro,Sofala,Marromeu,Pagamentos,67548.0,6003510.74
2025,Janeiro,Sofala,Muanza,Pagamentos,11413.0,702304.87
2025,Fevereiro,Sofala,Muanza,Pagamentos,15260.0,805644.8
2025,Março,Sofala,Muanza,Pagamentos,16539.0,920611.99
2025,Abril,Sofala,Muanza,Pagamentos,9658.0,864511.86
2025,Maio,Sofala,Muanza,Pagamentos,8702.0,747086.05
2025,Junho,Sofala,Muanza,Pagamentos,10365.0,670741.1799999999
2025,Julho,Sofala,Muanza,Pagamentos,12497.0,746322.1
2025,Agosto,Sofala,Muanza,Pagamentos,13936.0,877906.21
2025,Setembro,Sofala,Muanza,Pagamentos,16851.0,1043255.95
2025,Outubro,Sofala,Muanza,Pagamentos,18727.0,1236947.35
2025,Novembro,Sofala,Muanza,Pagamentos,17647.0,1085741.0
2025,Dezembro,Sofala,Muanza,Pagamentos,16052.0,1094310.44
2025,Janeiro,Sofala,Nhamatanda,Pagamentos,132448.0,9924343.559999999
2025,Fevereiro,Sofala,Nhamatanda,Pagamentos,124714.0,9065469.55
2025,Março,Sofala,Nhamatanda,Pagamentos,146784.0,10554976.129999999
2025,Abril,Sofala,Nhamatanda,Pagamentos,151050.0,11278125.32
2025,Maio,Sofala,Nhamatanda,Pagamentos,141569.0,10124941.14
2025,Junho,Sofala,Nhamatanda,Pagamentos,138858.0,8834398.83
2025,Julho,Sofala,Nhamatanda,Pagamentos,160352.0,9455622.9
2025,Agosto,Sofala,Nhamatanda,Pagamentos,173618.0,10639774.18
2025,Setembro,Sofala,Nhamatanda,Pagamentos,126834.0,10778737.030000001
2025,Outubro,Sofala,Nhamatanda,Pagamentos,138154.0,12145882.969999999
2025,Novembro,Sofala,Nhamatanda,Pagamentos,138927.0,11525943.129999999
2025,Dezembro,Sofala,Nhamatanda,Pagamentos,144271.0,12804830.219999999
2025,Janeiro,Manica,Cidade de Chimoio,Pagamentos,663512.0,78222238.03
2025,Fevereiro,Manica,Cidade de Chimoio,Pagamentos,623992.0,74300058.61
2025,Março,Manica,Cidade de Chimoio,Pagamentos,718522.0,90192109.53
2025,Abril,Manica,Cidade de Chimoio,Pagamentos,671511.0,80211489.73
2025,Maio,Manica,Cidade de Chimoio,Pagamentos,725677.0,87275192.56
2025,Junho,Manica,Cidade de Chimoio,Pagamentos,765787.0,86916425.48
2025,Julho,Manica,Cidade de Chimoio,Pagamentos,873546.0,87714795.14
2025,Agosto,Manica,Cidade de Chimoio,Pagamentos,940829.0,98127443.52000001
2025,Setembro,Manica,Cidade de Chimoio,Pagamentos,835318.0,95934963.42
2025,Outubro,Manica,Cidade de Chimoio,Pagamentos,932573.0,108891726.22999999
2025,Novembro,Manica,Cidade de Chimoio,Pagamentos,905057.0,101550345.42
2025,Dezembro,Manica,Cidade de Chimoio,Pagamentos,925539.0,111416179.07
2025,Janeiro,Manica,Bárue,Pagamentos,77822.0,7402442.6899999995
2025,Fevereiro,Manica,Bárue,Pagamentos,74602.0,7185999.63
2025,Março,Manica,Bárue,Pagamentos,88606.0,8836666.31
2025,Abril,Manica,Bárue,Pagamentos,77699.0,8183877.49
2025,Maio,Manica,Bárue,Pagamentos,92872.0,9252973.21
2025,Junho,Manica,Bárue,Pagamentos,102041.0,9014756.48
2025,Julho,Manica,Bárue,Pagamentos,121401.0,9395119.9
2025,Agosto,Manica,Bárue,Pagamentos,135253.0,10246270.879999999
2025,Setembro,Manica,Bárue,Pagamentos,111951.0,9752535.41
2025,Outubro,Manica,Bárue,Pagamentos,124451.0,10516041.95
2025,Novembro,Manica,Bárue,Pagamentos,116914.0,9612711.77
2025,Dezembro,Manica,Bárue,Pagamentos,117145.0,9783800.61
2025,Janeiro,Manica,Gondola,Pagamentos,132033.0,8653718.19
2025,Fevereiro,Manica,Gondola,Pagamentos,122327.0,8654227.04
2025,Março,Manica,Gondola,Pagamentos,146565.0,11444607.260000002
2025,Abril,Manica,Gondola,Pagamentos,138858.0,10066855.79
2025,Maio,Manica,Gondola,Pagamentos,165461.0,14194483.030000001
2025,Junho,Manica,Gondola,Pagamentos,174486.0,11938546.3
2025,Julho,Manica,Gondola,Pagamentos,196257.0,12625294.91
2025,Agosto,Manica,Gondola,Pagamentos,217890.0,14585533.91
2025,Setembro,Manica,Gondola,Pagamentos,165461.0,14023853.9
2025,Outubro,Manica,Gondola,Pagamentos,183518.0,16650935.649999999
2025,Novembro,Manica,Gondola,Pagamentos,183238.0,15280699.63
2025,Dezembro,Manica,Gondola,Pagamentos,195866.0,18142004.48
2025,Janeiro,Manica,Guro,Pagamentos,29626.0,2628110.4
2025,Fevereiro,Manica,Guro,Pagamentos,29544.0,3032561.73
2025,Março,Manica,Guro,Pagamentos,36298.0,3488107.1399999997
2025,Abril,Manica,Guro,Pagamentos,32995.0,3090249.72
2025,Maio,Manica,Guro,Pagamentos,36584.0,3215590.3899999997
2025,Junho,Manica,Guro,Pagamentos,38686.0,2623513.1
2025,Julho,Manica,Guro,Pagamentos,46388.0,3070856.7
2025,Agosto,Manica,Guro,Pagamentos,50357.0,3091629.35
2025,Setembro,Manica,Guro,Pagamentos,38089.0,3138059.69
2025,Outubro,Manica,Guro,Pagamentos,42804.0,3656161.0700000003
2025,Novembro,Manica,Guro,Pagamentos,39875.0,3007828.96
2025,Dezembro,Manica,Guro,Pagamentos,38626.0,3109049.54
2025,Janeiro,Manica,Machaze,Pagamentos,25613.0,1891475.51
2025,Fevereiro,Manica,Machaze,Pagamentos,23168.0,1697236.38
2025,Março,Manica,Machaze,Pagamentos,27839.0,2260274.96
2025,Abril,Manica,Machaze,Pagamentos,26879.0,2078678.32
2025,Maio,Manica,Machaze,Pagamentos,25182.0,2056344.47
2025,Junho,Manica,Machaze,Pagamentos,29075.0,2111822.14
2025,Julho,Manica,Machaze,Pagamentos,34220.0,2233374.38
2025,Agosto,Manica,Machaze,Pagamentos,36664.0,2308293.7
2025,Setembro,Manica,Machaze,Pagamentos,35376.0,2446332.66
2025,Outubro,Manica,Machaze,Pagamentos,39182.0,2802477.17
2025,Novembro,Manica,Machaze,Pagamentos,37260.0,2663549.24
2025,Dezembro,Manica,Machaze,Pagamentos,41526.0,2923451.26
2025,Janeiro,Manica,Macossa,Pagamentos,8044.0,662349.58
2025,Fevereiro,Manica,Macossa,Pagamentos,8603.0,781038.53
2025,Março,Manica,Macossa,Pagamentos,10879.0,983623.22
2025,Abril,Manica,Macossa,Pagamentos,9833.0,976230.03
2025,Maio,Manica,Macossa,Pagamentos,10187.0,903594.73
2025,Junho,Manica,Macossa,Pagamentos,11839.0,897656.5
2025,Julho,Manica,Macossa,Pagamentos,14395.0,900146.54
2025,Agosto,Manica,Macossa,Pagamentos,15224.0,940711.8
2025,Setembro,Manica,Macossa,Pagamentos,15664.0,1068704.07
2025,Outubro,Manica,Macossa,Pagamentos,17415.0,1391370.35
2025,Novembro,Manica,Macossa,Pagamentos,16260.0,1253182.05
2025,Dezembro,Manica,Macossa,Pagamentos,16460.0,1142128.81
2025,Janeiro,Manica,Manica,Pagamentos,199722.0,22019085.33
2025,Fevereiro,Manica,Manica,Pagamentos,186273.0,20241480.759999998
2025,Março,Manica,Manica,Pagamentos,223299.0,25917200.25
2025,Abril,Manica,Manica,Pagamentos,210819.0,24262985.39
2025,Maio,Manica,Manica,Pagamentos,204779.0,22746999.28
2025,Junho,Manica,Manica,Pagamentos,213922.0,21904141.27
2025,Julho,Manica,Manica,Pagamentos,248132.0,22486763.130000003
2025,Agosto,Manica,Manica,Pagamentos,273195.0,25049880.86
2025,Setembro,Manica,Manica,Pagamentos,244707.0,25998550.61
2025,Outubro,Manica,Manica,Pagamentos,276362.0,29176724.369999997
2025,Novembro,Manica,Manica,Pagamentos,270112.0,27504605.83
2025,Dezembro,Manica,Manica,Pagamentos,277044.0,29491336.77
2025,Janeiro,Manica,Mossurize,Pagamentos,30072.0,3243368.71
2025,Fevereiro,Manica,Mossurize,Pagamentos,28844.0,3075551.01
2025,Março,Manica,Mossurize,Pagamentos,33417.0,3536140.85
2025,Abril,Manica,Mossurize,Pagamentos,32797.0,3880142.5300000003
2025,Maio,Manica,Mossurize,Pagamentos,33791.0,4067925.01
2025,Junho,Manica,Mossurize,Pagamentos,36885.0,4163435.1799999997
2025,Julho,Manica,Mossurize,Pagamentos,43458.0,4586236.58
2025,Agosto,Manica,Mossurize,Pagamentos,48818.0,4445823.52
2025,Setembro,Manica,Mossurize,Pagamentos,45465.0,5646179.05
2025,Outubro,Manica,Mossurize,Pagamentos,50947.0,5617402.15
2025,Novembro,Manica,Mossurize,Pagamentos,47218.0,4983213.55
2025,Dezembro,Manica,Mossurize,Pagamentos,49247.0,5375767.77
2025,Janeiro,Manica,Sussundenga,Pagamentos,47199.0,4268480.2
2025,Fevereiro,Manica,Sussundenga,Pagamentos,43997.0,4091925.9299999997
2025,Março,Manica,Sussundenga,Pagamentos,52858.0,4708865.33
2025,Abril,Manica,Sussundenga,Pagamentos,52310.0,4789645.33
2025,Maio,Manica,Sussundenga,Pagamentos,49663.0,4257713.93
2025,Junho,Manica,Sussundenga,Pagamentos,53202.0,3653110.13
2025,Julho,Manica,Sussundenga,Pagamentos,64951.0,3817870.23
2025,Agosto,Manica,Sussundenga,Pagamentos,66810.0,4187408.33
2025,Setembro,Manica,Sussundenga,Pagamentos,62398.0,4488393.41
2025,Outubro,Manica,Sussundenga,Pagamentos,69805.0,4943501.88
2025,Novembro,Manica,Sussundenga,Pagamentos,65419.0,4566137.98
2025,Dezembro,Manica,Sussundenga,Pagamentos,76088.0,6351270.99
2025,Janeiro,Manica,Tambara,Pagamentos,6117.0,533407.16
2025,Fevereiro,Manica,Tambara,Pagamentos,7398.0,572292.23
2025,Março,Manica,Tambara,Pagamentos,10546.0,782580.0
2025,Abril,Manica,Tambara,Pagamentos,8402.0,816388.0
2025,Maio,Manica,Tambara,Pagamentos,8123.0,902859.0
2025,Junho,Manica,Tambara,Pagamentos,10396.0,725443.05
2025,Julho,Manica,Tambara,Pagamentos,12936.0,729869.1
2025,Agosto,Manica,Tambara,Pagamentos,13503.0,800528.13
2025,Setembro,Manica,Tambara,Pagamentos,13742.0,790561.29
2025,Outubro,Manica,Tambara,Pagamentos,15226.0,1043017.86
2025,Novembro,Manica,Tambara,Pagamentos,15142.0,999921.9
2025,Dezembro,Manica,Tambara,Pagamentos,14246.0,870957.06
2025,Janeiro,Manica,Macate,Pagamentos,19037.0,962221.1699999999
2025,Fevereiro,Manica,Macate,Pagamentos,18526.0,988661.38
2025,Março,Manica,Macate,Pagamentos,20114.0,1037618.61
2025,Abril,Manica,Macate,Pagamentos,22356.0,1198470.8900000001
2025,Maio,Manica,Macate,Pagamentos,26419.0,1645926.78
2025,Junho,Manica,Macate,Pagamentos,29035.0,1597766.33
2025,Julho,Manica,Macate,Pagamentos,33641.0,1842402.3
2025,Agosto,Manica,Macate,Pagamentos,34039.0,1809688.8900000001
2025,Setembro,Manica,Macate,Pagamentos,22223.0,1276555.77
2025,Outubro,Manica,Macate,Pagamentos,23943.0,1212385.43
2025,Novembro,Manica,Macate,Pagamentos,22276.0,1085032.16
2025,Dezembro,Manica,Macate,Pagamentos,24338.0,1127480.28
2025,Janeiro,Manica,Vanduzi,Pagamentos,67033.0,6303013.28
2025,Fevereiro,Manica,Vanduzi,Pagamentos,64848.0,6086112.26
2025,Março,Manica,Vanduzi,Pagamentos,75533.0,7085063.6899999995
2025,Abril,Manica,Vanduzi,Pagamentos,75691.0,8492071.88
2025,Maio,Manica,Vanduzi,Pagamentos,67290.0,6090259.72
2025,Junho,Manica,Vanduzi,Pagamentos,72176.0,5448306.17
2025,Julho,Manica,Vanduzi,Pagamentos,90395.0,5795808.98
2025,Agosto,Manica,Vanduzi,Pagamentos,96439.0,6365292.53
2025,Setembro,Manica,Vanduzi,Pagamentos,91196.0,7280110.8
2025,Outubro,Manica,Vanduzi,Pagamentos,103838.0,8369813.6899999995
2025,Novembro,Manica,Vanduzi,Pagamentos,99706.0,7527928.4399999995
2025,Dezembro,Manica,Vanduzi,Pagamentos,100231.0,7734914.48
2025,Janeiro,Tete,Cidade de Tete,Pagamentos,673884.0,105812419.4
2025,Fevereiro,Tete,Cidade de Tete,Pagamentos,633688.0,97712497.01
2025,Março,Tete,Cidade de Tete,Pagamentos,733344.0,113322778.22999999
2025,Abril,Tete,Cidade de Tete,Pagamentos,676679.0,99981095.84
2025,Maio,Tete,Cidade de Tete,Pagamentos,684977.0,99058479.45
2025,Junho,Tete,Cidade de Tete,Pagamentos,649875.0,81751361.66
2025,Julho,Tete,Cidade de Tete,Pagamentos,734274.0,86870911.94
2025,Agosto,Tete,Cidade de Tete,Pagamentos,835010.0,104625231.28999999
2025,Setembro,Tete,Cidade de Tete,Pagamentos,674574.0,102080795.41999999
2025,Outubro,Tete,Cidade de Tete,Pagamentos,758103.0,118429789.74000001
2025,Novembro,Tete,Cidade de Tete,Pagamentos,764260.0,114425241.13
2025,Dezembro,Tete,Cidade de Tete,Pagamentos,778599.0,121174020.03999999
2025,Janeiro,Tete,Angónia,Pagamentos,100087.0,11245112.059999999
2025,Fevereiro,Tete,Angónia,Pagamentos,100539.0,13099103.52
2025,Março,Tete,Angónia,Pagamentos,116952.0,14281798.7
2025,Abril,Tete,Angónia,Pagamentos,114995.0,12295330.030000001
2025,Maio,Tete,Angónia,Pagamentos,126693.0,13970894.649999999
2025,Junho,Tete,Angónia,Pagamentos,130561.0,13272503.8
2025,Julho,Tete,Angónia,Pagamentos,137308.0,13023024.15
2025,Agosto,Tete,Angónia,Pagamentos,148065.0,14150379.5
2025,Setembro,Tete,Angónia,Pagamentos,119511.0,13569262.54
2025,Outubro,Tete,Angónia,Pagamentos,128961.0,14271596.02
2025,Novembro,Tete,Angónia,Pagamentos,122355.0,12428014.469999999
2025,Dezembro,Tete,Angónia,Pagamentos,121131.0,13377811.16
2025,Janeiro,Tete,Cahora-Bassa,Pagamentos,94098.0,11980439.96
2025,Fevereiro,Tete,Cahora-Bassa,Pagamentos,91504.0,9842409.67
2025,Março,Tete,Cahora-Bassa,Pagamentos,106367.0,12026621.14
2025,Abril,Tete,Cahora-Bassa,Pagamentos,92445.0,11150741.04
2025,Maio,Tete,Cahora-Bassa,Pagamentos,98372.0,11520006.42
2025,Junho,Tete,Cahora-Bassa,Pagamentos,107410.0,10809703.86
2025,Julho,Tete,Cahora-Bassa,Pagamentos,117760.0,11829211.98
2025,Agosto,Tete,Cahora-Bassa,Pagamentos,138625.0,13889618.59
2025,Setembro,Tete,Cahora-Bassa,Pagamentos,105808.0,19623308.82
2025,Outubro,Tete,Cahora-Bassa,Pagamentos,95924.0,14011037.78
2025,Novembro,Tete,Cahora-Bassa,Pagamentos,95701.0,13183724.27
2025,Dezembro,Tete,Cahora-Bassa,Pagamentos,94712.0,12079035.07
2025,Janeiro,Tete,Changara,Pagamentos,67869.0,6456747.5
2025,Fevereiro,Tete,Changara,Pagamentos,67933.0,6934707.51
2025,Março,Tete,Changara,Pagamentos,80435.0,7826592.46
2025,Abril,Tete,Changara,Pagamentos,72401.0,9970863.66
2025,Maio,Tete,Changara,Pagamentos,82517.0,8156928.16
2025,Junho,Tete,Changara,Pagamentos,83721.0,6774950.59
2025,Julho,Tete,Changara,Pagamentos,93821.0,7468689.67
2025,Agosto,Tete,Changara,Pagamentos,104193.0,9229583.36
2025,Setembro,Tete,Changara,Pagamentos,73069.0,9231511.129999999
2025,Outubro,Tete,Changara,Pagamentos,78471.0,9423340.21
2025,Novembro,Tete,Changara,Pagamentos,76497.0,9029481.14
2025,Dezembro,Tete,Changara,Pagamentos,77983.0,8778528.34
2025,Janeiro,Tete,Chifunde,Pagamentos,12907.0,1418686.57
2025,Fevereiro,Tete,Chifunde,Pagamentos,13241.0,1458403.65
2025,Março,Tete,Chifunde,Pagamentos,15989.0,2059068.67
2025,Abril,Tete,Chifunde,Pagamentos,15293.0,1359080.78
2025,Maio,Tete,Chifunde,Pagamentos,19231.0,2028568.16
2025,Junho,Tete,Chifunde,Pagamentos,19877.0,1551272.12
2025,Julho,Tete,Chifunde,Pagamentos,22196.0,1585751.78
2025,Agosto,Tete,Chifunde,Pagamentos,24642.0,2963355.49
2025,Setembro,Tete,Chifunde,Pagamentos,17632.0,1565774.4
2025,Outubro,Tete,Chifunde,Pagamentos,19432.0,1715132.21
2025,Novembro,Tete,Chifunde,Pagamentos,18449.0,1600910.48
2025,Dezembro,Tete,Chifunde,Pagamentos,18100.0,1588737.3599999999
2025,Janeiro,Tete,Chiuta,Pagamentos,24951.0,2716597.37
2025,Fevereiro,Tete,Chiuta,Pagamentos,25058.0,2836172.48
2025,Março,Tete,Chiuta,Pagamentos,28275.0,4365976.33
2025,Abril,Tete,Chiuta,Pagamentos,25570.0,2836757.01
2025,Maio,Tete,Chiuta,Pagamentos,27207.0,2862402.02
2025,Junho,Tete,Chiuta,Pagamentos,29104.0,2583553.65
2025,Julho,Tete,Chiuta,Pagamentos,34307.0,2785624.37
2025,Agosto,Tete,Chiuta,Pagamentos,35380.0,3056102.24
2025,Setembro,Tete,Chiuta,Pagamentos,30807.0,3127208.27
2025,Outubro,Tete,Chiuta,Pagamentos,36001.0,3634530.1100000003
2025,Novembro,Tete,Chiuta,Pagamentos,33613.0,3155259.13
2025,Dezembro,Tete,Chiuta,Pagamentos,32665.0,3194800.3
2025,Janeiro,Tete,Macanga,Pagamentos,35106.0,2844409.4
2025,Fevereiro,Tete,Macanga,Pagamentos,37637.0,3032536.85
2025,Março,Tete,Macanga,Pagamentos,45427.0,3422145.6100000003
2025,Abril,Tete,Macanga,Pagamentos,47446.0,4107513.55
2025,Maio,Tete,Macanga,Pagamentos,53723.0,4170952.16
2025,Junho,Tete,Macanga,Pagamentos,52507.0,3684442.6
2025,Julho,Tete,Macanga,Pagamentos,63997.0,3859591.35
2025,Agosto,Tete,Macanga,Pagamentos,59523.0,3515930.15
2025,Setembro,Tete,Macanga,Pagamentos,48083.0,3181333.59
2025,Outubro,Tete,Macanga,Pagamentos,53856.0,3927346.1799999997
2025,Novembro,Tete,Macanga,Pagamentos,47122.0,3253131.02
2025,Dezembro,Tete,Macanga,Pagamentos,48427.0,3481135.31
2025,Janeiro,Tete,Mágoe,Pagamentos,16165.0,1602634.22
2025,Fevereiro,Tete,Mágoe,Pagamentos,16768.0,1699579.56
2025,Março,Tete,Mágoe,Pagamentos,19042.0,1930647.82
2025,Abril,Tete,Mágoe,Pagamentos,19176.0,2149464.84
2025,Maio,Tete,Mágoe,Pagamentos,17439.0,1722892.27
2025,Junho,Tete,Mágoe,Pagamentos,20109.0,1700950.52
2025,Julho,Tete,Mágoe,Pagamentos,23449.0,1800655.23
2025,Agosto,Tete,Mágoe,Pagamentos,24286.0,1795797.69
2025,Setembro,Tete,Mágoe,Pagamentos,23573.0,1991471.08
2025,Outubro,Tete,Mágoe,Pagamentos,26763.0,2247375.06
2025,Novembro,Tete,Mágoe,Pagamentos,26650.0,2376382.86
2025,Dezembro,Tete,Mágoe,Pagamentos,24582.0,2322929.88
2025,Janeiro,Tete,Maravia,Pagamentos,12381.0,1591601.22
2025,Fevereiro,Tete,Maravia,Pagamentos,13358.0,1354669.52
2025,Março,Tete,Maravia,Pagamentos,15044.0,1576144.35
2025,Abril,Tete,Maravia,Pagamentos,14752.0,1964326.62
2025,Maio,Tete,Maravia,Pagamentos,15447.0,3427549.57
2025,Junho,Tete,Maravia,Pagamentos,16799.0,1682820.95
2025,Julho,Tete,Maravia,Pagamentos,21481.0,1963815.73
2025,Agosto,Tete,Maravia,Pagamentos,21935.0,1930488.08
2025,Setembro,Tete,Maravia,Pagamentos,18634.0,1722864.62
2025,Outubro,Tete,Maravia,Pagamentos,19945.0,1999043.49
2025,Novembro,Tete,Maravia,Pagamentos,17250.0,2008174.03
2025,Dezembro,Tete,Maravia,Pagamentos,15524.0,1816599.1400000001
2025,Janeiro,Tete,Moatize,Pagamentos,189304.0,18541794.77
2025,Fevereiro,Tete,Moatize,Pagamentos,182643.0,19166685.83
2025,Março,Tete,Moatize,Pagamentos,227863.0,23761469.09
2025,Abril,Tete,Moatize,Pagamentos,215376.0,25824767.209999997
2025,Maio,Tete,Moatize,Pagamentos,202232.0,20192187.91
2025,Junho,Tete,Moatize,Pagamentos,198215.0,17624522.87
2025,Julho,Tete,Moatize,Pagamentos,224959.0,19570884.61
2025,Agosto,Tete,Moatize,Pagamentos,244928.0,19734910.9
2025,Setembro,Tete,Moatize,Pagamentos,179573.0,18670429.15
2025,Outubro,Tete,Moatize,Pagamentos,203837.0,22074117.619999997
2025,Novembro,Tete,Moatize,Pagamentos,201273.0,21857437.82
2025,Dezembro,Tete,Moatize,Pagamentos,211937.0,25721894.86
2025,Janeiro,Tete,Mutarara,Pagamentos,34212.0,2890068.87
2025,Fevereiro,Tete,Mutarara,Pagamentos,32525.0,2698803.71
2025,Março,Tete,Mutarara,Pagamentos,36979.0,3164363.87
2025,Abril,Tete,Mutarara,Pagamentos,37962.0,3494289.46
2025,Maio,Tete,Mutarara,Pagamentos,33363.0,2900986.51
2025,Junho,Tete,Mutarara,Pagamentos,31375.0,2186119.3
2025,Julho,Tete,Mutarara,Pagamentos,39113.0,2364860.42
2025,Agosto,Tete,Mutarara,Pagamentos,41010.0,2611300.07
2025,Setembro,Tete,Mutarara,Pagamentos,36137.0,2875001.18
2025,Outubro,Tete,Mutarara,Pagamentos,40965.0,3244986.45
2025,Novembro,Tete,Mutarara,Pagamentos,40227.0,3345668.42
2025,Dezembro,Tete,Mutarara,Pagamentos,40638.0,3392882.2199999997
2025,Janeiro,Tete,Tsangano,Pagamentos,17281.0,1304001.28
2025,Fevereiro,Tete,Tsangano,Pagamentos,17657.0,1761965.71
2025,Março,Tete,Tsangano,Pagamentos,19979.0,1727130.38
2025,Abril,Tete,Tsangano,Pagamentos,23437.0,2435788.9299999997
2025,Maio,Tete,Tsangano,Pagamentos,24687.0,1981144.7
2025,Junho,Tete,Tsangano,Pagamentos,27259.0,1914059.07
2025,Julho,Tete,Tsangano,Pagamentos,32461.0,2040758.56
2025,Agosto,Tete,Tsangano,Pagamentos,31984.0,1912108.58
2025,Setembro,Tete,Tsangano,Pagamentos,26892.0,1630510.72
2025,Outubro,Tete,Tsangano,Pagamentos,29247.0,2071623.26
2025,Novembro,Tete,Tsangano,Pagamentos,26818.0,1783828.3
2025,Dezembro,Tete,Tsangano,Pagamentos,27066.0,2455889.82
2025,Janeiro,Tete,Zumbo,Pagamentos,4985.0,462472.48
2025,Fevereiro,Tete,Zumbo,Pagamentos,4989.0,481336.0
2025,Março,Tete,Zumbo,Pagamentos,6473.0,603056.73
2025,Abril,Tete,Zumbo,Pagamentos,5961.0,578596.85
2025,Maio,Tete,Zumbo,Pagamentos,5400.0,506221.0
2025,Junho,Tete,Zumbo,Pagamentos,6682.0,512830.7
2025,Julho,Tete,Zumbo,Pagamentos,9135.0,530045.0
2025,Agosto,Tete,Zumbo,Pagamentos,9513.0,563673.5
2025,Setembro,Tete,Zumbo,Pagamentos,9219.0,603243.6
2025,Outubro,Tete,Zumbo,Pagamentos,10136.0,726008.7
2025,Novembro,Tete,Zumbo,Pagamentos,9401.0,750018.99
2025,Dezembro,Tete,Zumbo,Pagamentos,7826.0,624466.4
2025,Janeiro,Tete,Doa,Pagamentos,7651.0,718249.4
2025,Fevereiro,Tete,Doa,Pagamentos,8296.0,912179.66
2025,Março,Tete,Doa,Pagamentos,9896.0,1099626.68
2025,Abril,Tete,Doa,Pagamentos,10023.0,1295378.95
2025,Maio,Tete,Doa,Pagamentos,10054.0,1102949.47
2025,Junho,Tete,Doa,Pagamentos,12279.0,1041541.39
2025,Julho,Tete,Doa,Pagamentos,15741.0,1109954.74
2025,Agosto,Tete,Doa,Pagamentos,15424.0,1059740.62
2025,Setembro,Tete,Doa,Pagamentos,14154.0,1098761.84
2025,Outubro,Tete,Doa,Pagamentos,16199.0,1252114.6400000001
2025,Novembro,Tete,Doa,Pagamentos,15053.0,1203531.97
2025,Dezembro,Tete,Doa,Pagamentos,14165.0,1196507.21
2025,Janeiro,Tete,Marara,Pagamentos,31162.0,2695820.27
2025,Fevereiro,Tete,Marara,Pagamentos,30970.0,2931276.57
2025,Março,Tete,Marara,Pagamentos,38624.0,3474983.64
2025,Abril,Tete,Marara,Pagamentos,40173.0,3632385.42
2025,Maio,Tete,Marara,Pagamentos,40443.0,2877742.04
2025,Junho,Tete,Marara,Pagamentos,33468.0,1985353.33
2025,Julho,Tete,Marara,Pagamentos,35188.0,2027873.95
2025,Agosto,Tete,Marara,Pagamentos,40404.0,2973292.89
2025,Setembro,Tete,Marara,Pagamentos,17905.0,2792443.04
2025,Outubro,Tete,Marara,Pagamentos,20259.0,3278282.18
2025,Novembro,Tete,Marara,Pagamentos,19433.0,2965525.17
2025,Dezembro,Tete,Marara,Pagamentos,21863.0,3607202.91
2025,Janeiro,Zambézia,Cidade de Quelimane,Pagamentos,574096.0,63275031.35
2025,Fevereiro,Zambézia,Cidade de Quelimane,Pagamentos,504125.0,53701918.85
2025,Março,Zambézia,Cidade de Quelimane,Pagamentos,555079.0,58274373.89
2025,Abril,Zambézia,Cidade de Quelimane,Pagamentos,503015.0,57825407.91
2025,Maio,Zambézia,Cidade de Quelimane,Pagamentos,512098.0,54875394.81
2025,Junho,Zambézia,Cidade de Quelimane,Pagamentos,507592.0,48495827.78
2025,Julho,Zambézia,Cidade de Quelimane,Pagamentos,589710.0,51061511.410000004
2025,Agosto,Zambézia,Cidade de Quelimane,Pagamentos,631513.0,54364279.48
2025,Setembro,Zambézia,Cidade de Quelimane,Pagamentos,505498.0,53366685.150000006
2025,Outubro,Zambézia,Cidade de Quelimane,Pagamentos,569743.0,61959063.77
2025,Novembro,Zambézia,Cidade de Quelimane,Pagamentos,587679.0,59819836.440000005
2025,Dezembro,Zambézia,Cidade de Quelimane,Pagamentos,598678.0,67490012.11
2025,Janeiro,Zambézia,Alto Molócuè,Pagamentos,118818.0,9227153.190000001
2025,Fevereiro,Zambézia,Alto Molócuè,Pagamentos,111587.0,9516293.57
2025,Março,Zambézia,Alto Molócuè,Pagamentos,125926.0,11054370.76
2025,Abril,Zambézia,Alto Molócuè,Pagamentos,116924.0,10347215.530000001
2025,Maio,Zambézia,Alto Molócuè,Pagamentos,130263.0,11660274.86
2025,Junho,Zambézia,Alto Molócuè,Pagamentos,134877.0,10606690.649999999
2025,Julho,Zambézia,Alto Molócuè,Pagamentos,155124.0,11392640.34
2025,Agosto,Zambézia,Alto Molócuè,Pagamentos,172611.0,13947512.620000001
2025,Setembro,Zambézia,Alto Molócuè,Pagamentos,138248.0,11814954.309999999
2025,Outubro,Zambézia,Alto Molócuè,Pagamentos,153550.0,13221116.36
2025,Novembro,Zambézia,Alto Molócuè,Pagamentos,147740.0,11466829.95
2025,Dezembro,Zambézia,Alto Molócuè,Pagamentos,139556.0,12143947.940000001
2025,Janeiro,Zambézia,Chinde,Pagamentos,16152.0,857033.77
2025,Fevereiro,Zambézia,Chinde,Pagamentos,11153.0,733848.01
2025,Março,Zambézia,Chinde,Pagamentos,8283.0,606796.14
2025,Abril,Zambézia,Chinde,Pagamentos,8267.0,506610.0
2025,Maio,Zambézia,Chinde,Pagamentos,9366.0,709369.11
2025,Junho,Zambézia,Chinde,Pagamentos,12484.0,1035503.27
2025,Julho,Zambézia,Chinde,Pagamentos,17757.0,1162915.01
2025,Agosto,Zambézia,Chinde,Pagamentos,20391.0,1338648.2
2025,Setembro,Zambézia,Chinde,Pagamentos,14785.0,1221870.3900000001
2025,Outubro,Zambézia,Chinde,Pagamentos,15302.0,1271816.35
2025,Novembro,Zambézia,Chinde,Pagamentos,15046.0,1354304.15
2025,Dezembro,Zambézia,Chinde,Pagamentos,14160.0,1121627.48
2025,Janeiro,Zambézia,Gurúè,Pagamentos,131346.0,9645238.25
2025,Fevereiro,Zambézia,Gurúè,Pagamentos,124127.0,9316094.41
2025,Março,Zambézia,Gurúè,Pagamentos,143408.0,11199254.76
2025,Abril,Zambézia,Gurúè,Pagamentos,144794.0,12664498.24
2025,Maio,Zambézia,Gurúè,Pagamentos,155690.0,12623432.21
2025,Junho,Zambézia,Gurúè,Pagamentos,159579.0,11088527.0
2025,Julho,Zambézia,Gurúè,Pagamentos,183295.0,11282261.4
2025,Agosto,Zambézia,Gurúè,Pagamentos,189034.0,11454699.67
2025,Setembro,Zambézia,Gurúè,Pagamentos,158969.0,11438015.29
2025,Outubro,Zambézia,Gurúè,Pagamentos,177780.0,13897425.0
2025,Novembro,Zambézia,Gurúè,Pagamentos,167631.0,12521762.370000001
2025,Dezembro,Zambézia,Gurúè,Pagamentos,161932.0,12305081.82
2025,Janeiro,Zambézia,Ile,Pagamentos,33829.0,2557510.6799999997
2025,Fevereiro,Zambézia,Ile,Pagamentos,33491.0,2676400.7
2025,Março,Zambézia,Ile,Pagamentos,38480.0,3033751.08
2025,Abril,Zambézia,Ile,Pagamentos,37798.0,3095585.81
2025,Maio,Zambézia,Ile,Pagamentos,36143.0,3072995.6399999997
2025,Junho,Zambézia,Ile,Pagamentos,37699.0,2929150.16
2025,Julho,Zambézia,Ile,Pagamentos,43201.0,2996238.0300000003
2025,Agosto,Zambézia,Ile,Pagamentos,47001.0,2965310.75
2025,Setembro,Zambézia,Ile,Pagamentos,38889.0,3229678.75
2025,Outubro,Zambézia,Ile,Pagamentos,44948.0,4072349.48
2025,Novembro,Zambézia,Ile,Pagamentos,42126.0,3674568.54
2025,Dezembro,Zambézia,Ile,Pagamentos,38219.0,3339722.3899999997
2025,Janeiro,Zambézia,Inhassunge,Pagamentos,20111.0,862253.89
2025,Fevereiro,Zambézia,Inhassunge,Pagamentos,18156.0,832382.44
2025,Março,Zambézia,Inhassunge,Pagamentos,17437.0,803429.74
2025,Abril,Zambézia,Inhassunge,Pagamentos,17981.0,841193.12
2025,Maio,Zambézia,Inhassunge,Pagamentos,19346.0,869879.52
2025,Junho,Zambézia,Inhassunge,Pagamentos,21455.0,802544.52
2025,Julho,Zambézia,Inhassunge,Pagamentos,25816.0,895077.0
2025,Agosto,Zambézia,Inhassunge,Pagamentos,25686.0,1002773.09
2025,Setembro,Zambézia,Inhassunge,Pagamentos,19322.0,913503.96
2025,Outubro,Zambézia,Inhassunge,Pagamentos,22736.0,1137459.8900000001
2025,Novembro,Zambézia,Inhassunge,Pagamentos,23083.0,1118179.1
2025,Dezembro,Zambézia,Inhassunge,Pagamentos,23961.0,1169664.85
2025,Janeiro,Zambézia,Lugela,Pagamentos,24474.0,1276701.66
2025,Fevereiro,Zambézia,Lugela,Pagamentos,23044.0,1337061.69
2025,Março,Zambézia,Lugela,Pagamentos,25227.0,1629175.1400000001
2025,Abril,Zambézia,Lugela,Pagamentos,23532.0,1648013.02
2025,Maio,Zambézia,Lugela,Pagamentos,23516.0,1610838.94
2025,Junho,Zambézia,Lugela,Pagamentos,26793.0,1596480.0
2025,Julho,Zambézia,Lugela,Pagamentos,33488.0,1561646.6400000001
2025,Agosto,Zambézia,Lugela,Pagamentos,33104.0,1720013.65
2025,Setembro,Zambézia,Lugela,Pagamentos,31575.0,1815596.8599999999
2025,Outubro,Zambézia,Lugela,Pagamentos,24352.0,1514009.56
2025,Novembro,Zambézia,Lugela,Pagamentos,42447.0,2749887.1100000003
2025,Dezembro,Zambézia,Lugela,Pagamentos,42979.0,4919448.17
2025,Janeiro,Zambézia,Gilé,Pagamentos,45775.0,3489464.13
2025,Fevereiro,Zambézia,Gilé,Pagamentos,44386.0,3418257.56
2025,Março,Zambézia,Gilé,Pagamentos,49711.0,3772122.4699999997
2025,Abril,Zambézia,Gilé,Pagamentos,49103.0,4819283.12
2025,Maio,Zambézia,Gilé,Pagamentos,50993.0,4470770.8
2025,Junho,Zambézia,Gilé,Pagamentos,55464.0,4067758.02
2025,Julho,Zambézia,Gilé,Pagamentos,65712.0,4283126.0600000005
2025,Agosto,Zambézia,Gilé,Pagamentos,67469.0,4114260.9
2025,Setembro,Zambézia,Gilé,Pagamentos,59079.0,3958736.36
2025,Outubro,Zambézia,Gilé,Pagamentos,68794.0,5058684.66
2025,Novembro,Zambézia,Gilé,Pagamentos,70716.0,5203783.96
2025,Dezembro,Zambézia,Gilé,Pagamentos,72959.0,5527528.16
2025,Janeiro,Zambézia,Maganja da Costa,Pagamentos,77783.0,5452207.33
2025,Fevereiro,Zambézia,Maganja da Costa,Pagamentos,76301.0,5560784.51
2025,Março,Zambézia,Maganja da Costa,Pagamentos,83510.0,5373173.47
2025,Abril,Zambézia,Maganja da Costa,Pagamentos,71090.0,5870609.720000001
2025,Maio,Zambézia,Maganja da Costa,Pagamentos,72416.0,5537194.96
2025,Junho,Zambézia,Maganja da Costa,Pagamentos,74826.0,4780836.76
2025,Julho,Zambézia,Maganja da Costa,Pagamentos,88472.0,5337467.5600000005
2025,Agosto,Zambézia,Maganja da Costa,Pagamentos,93857.0,5477703.72
2025,Setembro,Zambézia,Maganja da Costa,Pagamentos,67959.0,5286618.6899999995
2025,Outubro,Zambézia,Maganja da Costa,Pagamentos,77849.0,6408720.53
2025,Novembro,Zambézia,Maganja da Costa,Pagamentos,75234.0,5981640.15
2025,Dezembro,Zambézia,Maganja da Costa,Pagamentos,80024.0,6359974.25
2025,Janeiro,Zambézia,Milange,Pagamentos,104356.0,7759269.220000001
2025,Fevereiro,Zambézia,Milange,Pagamentos,106258.0,7202551.26
2025,Março,Zambézia,Milange,Pagamentos,103425.0,8697770.809999999
2025,Abril,Zambézia,Milange,Pagamentos,107272.0,9627786.48
2025,Maio,Zambézia,Milange,Pagamentos,108362.0,9558724.77
2025,Junho,Zambézia,Milange,Pagamentos,105848.0,8025807.02
2025,Julho,Zambézia,Milange,Pagamentos,120083.0,8033484.869999999
2025,Agosto,Zambézia,Milange,Pagamentos,127991.0,9440323.03
2025,Setembro,Zambézia,Milange,Pagamentos,111170.0,8262106.26
2025,Outubro,Zambézia,Milange,Pagamentos,125629.0,10211660.56
2025,Novembro,Zambézia,Milange,Pagamentos,108459.0,8510667.17
2025,Dezembro,Zambézia,Milange,Pagamentos,105117.0,8408582.8
2025,Janeiro,Zambézia,Mocuba,Pagamentos,283578.0,27690148.56
2025,Fevereiro,Zambézia,Mocuba,Pagamentos,260048.0,26212908.46
2025,Março,Zambézia,Mocuba,Pagamentos,291010.0,29270896.32
2025,Abril,Zambézia,Mocuba,Pagamentos,287381.0,30554673.910000004
2025,Maio,Zambézia,Mocuba,Pagamentos,282705.0,29872659.41
2025,Junho,Zambézia,Mocuba,Pagamentos,273105.0,24141390.11
2025,Julho,Zambézia,Mocuba,Pagamentos,316724.0,25542062.21
2025,Agosto,Zambézia,Mocuba,Pagamentos,344758.0,28359540.93
2025,Setembro,Zambézia,Mocuba,Pagamentos,295262.0,30316875.32
2025,Outubro,Zambézia,Mocuba,Pagamentos,340595.0,36119197.230000004
2025,Novembro,Zambézia,Mocuba,Pagamentos,324293.0,33396963.01
2025,Dezembro,Zambézia,Mocuba,Pagamentos,315767.0,36897101.3
2025,Janeiro,Zambézia,Mopeia,Pagamentos,37451.0,2559627.8
2025,Fevereiro,Zambézia,Mopeia,Pagamentos,36846.0,2654770.68
2025,Março,Zambézia,Mopeia,Pagamentos,42480.0,3199462.79
2025,Abril,Zambézia,Mopeia,Pagamentos,43356.0,3699340.1
2025,Maio,Zambézia,Mopeia,Pagamentos,40845.0,3334038.33
2025,Junho,Zambézia,Mopeia,Pagamentos,43136.0,2955917.0300000003
2025,Julho,Zambézia,Mopeia,Pagamentos,55242.0,3403838.9
2025,Agosto,Zambézia,Mopeia,Pagamentos,57332.0,3134134.2800000003
2025,Setembro,Zambézia,Mopeia,Pagamentos,48775.0,3091589.39
2025,Outubro,Zambézia,Mopeia,Pagamentos,57518.0,3960886.83
2025,Novembro,Zambézia,Mopeia,Pagamentos,56874.0,3736984.4
2025,Dezembro,Zambézia,Mopeia,Pagamentos,54385.0,3702966.98
2025,Janeiro,Zambézia,Morrumbala,Pagamentos,53988.0,3984353.0300000003
2025,Fevereiro,Zambézia,Morrumbala,Pagamentos,57195.0,4286595.03
2025,Março,Zambézia,Morrumbala,Pagamentos,66325.0,6123075.65
2025,Abril,Zambézia,Morrumbala,Pagamentos,61426.0,6207060.95
2025,Maio,Zambézia,Morrumbala,Pagamentos,60239.0,6059385.71
2025,Junho,Zambézia,Morrumbala,Pagamentos,62131.0,4899782.28
2025,Julho,Zambézia,Morrumbala,Pagamentos,78258.0,5412475.39
2025,Agosto,Zambézia,Morrumbala,Pagamentos,77157.0,5013838.86
2025,Setembro,Zambézia,Morrumbala,Pagamentos,75870.0,4859005.62
2025,Outubro,Zambézia,Morrumbala,Pagamentos,87708.0,6533495.18
2025,Novembro,Zambézia,Morrumbala,Pagamentos,79053.0,5482807.35
2025,Dezembro,Zambézia,Morrumbala,Pagamentos,75036.0,5467371.92
2025,Janeiro,Zambézia,Namacurra,Pagamentos,64748.0,4405143.66
2025,Fevereiro,Zambézia,Namacurra,Pagamentos,59089.0,3687208.92
2025,Março,Zambézia,Namacurra,Pagamentos,62265.0,4268623.58
2025,Abril,Zambézia,Namacurra,Pagamentos,60874.0,4382070.95
2025,Maio,Zambézia,Namacurra,Pagamentos,58816.0,4156668.84
2025,Junho,Zambézia,Namacurra,Pagamentos,63227.0,3817279.13
2025,Julho,Zambézia,Namacurra,Pagamentos,76288.0,4106891.63
2025,Agosto,Zambézia,Namacurra,Pagamentos,77005.0,4099844.8
2025,Setembro,Zambézia,Namacurra,Pagamentos,59453.0,3754812.02
2025,Outubro,Zambézia,Namacurra,Pagamentos,67617.0,4530214.03
2025,Novembro,Zambézia,Namacurra,Pagamentos,65824.0,4129991.15
2025,Dezembro,Zambézia,Namacurra,Pagamentos,70187.0,4649838.04
2025,Janeiro,Zambézia,Namarroi,Pagamentos,13367.0,847627.8
2025,Fevereiro,Zambézia,Namarroi,Pagamentos,13296.0,970200.54
2025,Março,Zambézia,Namarroi,Pagamentos,14542.0,1213000.24
2025,Abril,Zambézia,Namarroi,Pagamentos,13143.0,1606574.03
2025,Maio,Zambézia,Namarroi,Pagamentos,13764.0,1150976.03
2025,Junho,Zambézia,Namarroi,Pagamentos,16057.0,1078029.66
2025,Julho,Zambézia,Namarroi,Pagamentos,20046.0,1103850.18
2025,Agosto,Zambézia,Namarroi,Pagamentos,21095.0,1165749.08
2025,Setembro,Zambézia,Namarroi,Pagamentos,19433.0,1055704.35
2025,Outubro,Zambézia,Namarroi,Pagamentos,22186.0,1713257.8900000001
2025,Novembro,Zambézia,Namarroi,Pagamentos,20529.0,1647440.7
2025,Dezembro,Zambézia,Namarroi,Pagamentos,17706.0,1462989.73
2025,Janeiro,Zambézia,Nicoadala,Pagamentos,119133.0,8186243.32
2025,Fevereiro,Zambézia,Nicoadala,Pagamentos,104721.0,7312237.15
2025,Março,Zambézia,Nicoadala,Pagamentos,114626.0,8319711.77
2025,Abril,Zambézia,Nicoadala,Pagamentos,119921.0,8827740.36
2025,Maio,Zambézia,Nicoadala,Pagamentos,119451.0,8570086.69
2025,Junho,Zambézia,Nicoadala,Pagamentos,121840.0,7905698.5600000005
2025,Julho,Zambézia,Nicoadala,Pagamentos,140799.0,8108125.52
2025,Agosto,Zambézia,Nicoadala,Pagamentos,140462.0,8329926.76
2025,Setembro,Zambézia,Nicoadala,Pagamentos,117176.0,8128641.17
2025,Outubro,Zambézia,Nicoadala,Pagamentos,135616.0,9571855.51
2025,Novembro,Zambézia,Nicoadala,Pagamentos,135337.0,10454612.03
2025,Dezembro,Zambézia,Nicoadala,Pagamentos,138129.0,10808031.71
2025,Janeiro,Zambézia,Pebane,Pagamentos,74182.0,4910267.89
2025,Fevereiro,Zambézia,Pebane,Pagamentos,72142.0,4138092.87
2025,Março,Zambézia,Pebane,Pagamentos,76799.0,4781467.5
2025,Abril,Zambézia,Pebane,Pagamentos,61259.0,4282681.77
2025,Maio,Zambézia,Pebane,Pagamentos,58428.0,3959902.01
2025,Junho,Zambézia,Pebane,Pagamentos,61599.0,3730571.05
2025,Julho,Zambézia,Pebane,Pagamentos,71017.0,3838313.44
2025,Agosto,Zambézia,Pebane,Pagamentos,73694.0,4047856.0
2025,Setembro,Zambézia,Pebane,Pagamentos,61309.0,4175386.7199999997
2025,Outubro,Zambézia,Pebane,Pagamentos,71818.0,4734302.65
2025,Novembro,Zambézia,Pebane,Pagamentos,73385.0,4573570.7
2025,Dezembro,Zambézia,Pebane,Pagamentos,75752.0,4774041.09
2025,Janeiro,Zambézia,Molumbo,Pagamentos,24791.0,1817784.65
2025,Fevereiro,Zambézia,Molumbo,Pagamentos,25282.0,2056575.8
2025,Março,Zambézia,Molumbo,Pagamentos,30516.0,2635184.92
2025,Abril,Zambézia,Molumbo,Pagamentos,31862.0,2787822.19
2025,Maio,Zambézia,Molumbo,Pagamentos,36818.0,3167502.76
2025,Junho,Zambézia,Molumbo,Pagamentos,37690.0,2832236.0
2025,Julho,Zambézia,Molumbo,Pagamentos,47602.0,2829906.15
2025,Agosto,Zambézia,Molumbo,Pagamentos,48435.0,2963794.65
2025,Setembro,Zambézia,Molumbo,Pagamentos,40905.0,2306725.63
2025,Outubro,Zambézia,Molumbo,Pagamentos,45187.0,2723780.88
2025,Novembro,Zambézia,Molumbo,Pagamentos,38802.0,2150800.25
2025,Dezembro,Zambézia,Molumbo,Pagamentos,37715.0,2338169.54
2025,Janeiro,Zambézia,Mocubela,Pagamentos,12782.0,733022.36
2025,Fevereiro,Zambézia,Mocubela,Pagamentos,12069.0,649685.23
2025,Março,Zambézia,Mocubela,Pagamentos,13231.0,842858.06
2025,Abril,Zambézia,Mocubela,Pagamentos,14209.0,888544.83
2025,Maio,Zambézia,Mocubela,Pagamentos,13017.0,832364.08
2025,Junho,Zambézia,Mocubela,Pagamentos,10866.0,566432.53
2025,Julho,Zambézia,Mocubela,Pagamentos,11313.0,489678.92
2025,Agosto,Zambézia,Mocubela,Pagamentos,14435.0,698324.03
2025,Setembro,Zambézia,Mocubela,Pagamentos,6085.0,653462.99
2025,Outubro,Zambézia,Mocubela,Pagamentos,7050.0,1108687.18
2025,Novembro,Zambézia,Mocubela,Pagamentos,6659.0,818123.58
2025,Dezembro,Zambézia,Mocubela,Pagamentos,7470.0,1063525.18
2025,Janeiro,Zambézia,Mulevala,Pagamentos,41221.0,2064101.2
2025,Fevereiro,Zambézia,Mulevala,Pagamentos,43080.0,2178831.0
2025,Março,Zambézia,Mulevala,Pagamentos,43208.0,2404138.54
2025,Abril,Zambézia,Mulevala,Pagamentos,26500.0,2088119.38
2025,Maio,Zambézia,Mulevala,Pagamentos,24899.0,1919277.19
2025,Junho,Zambézia,Mulevala,Pagamentos,26453.0,1753392.5
2025,Julho,Zambézia,Mulevala,Pagamentos,33628.0,1924151.04
2025,Agosto,Zambézia,Mulevala,Pagamentos,33882.0,1830592.43
2025,Setembro,Zambézia,Mulevala,Pagamentos,34535.0,1853768.7
2025,Outubro,Zambézia,Mulevala,Pagamentos,40742.0,2288008.65
2025,Novembro,Zambézia,Mulevala,Pagamentos,40409.0,2114253.42
2025,Dezembro,Zambézia,Mulevala,Pagamentos,38781.0,2175450.47
2025,Janeiro,Zambézia,Luabo,Pagamentos,12350.0,362495.5
2025,Fevereiro,Zambézia,Luabo,Pagamentos,11638.0,296749.71
2025,Março,Zambézia,Luabo,Pagamentos,13097.0,473538.66
2025,Abril,Zambézia,Luabo,Pagamentos,12372.0,392147.26
2025,Maio,Zambézia,Luabo,Pagamentos,13661.0,389439.31
2025,Junho,Zambézia,Luabo,Pagamentos,13265.0,481153.66
2025,Julho,Zambézia,Luabo,Pagamentos,15641.0,464769.96
2025,Agosto,Zambézia,Luabo,Pagamentos,14537.0,395293.27
2025,Setembro,Zambézia,Luabo,Pagamentos,3589.0,492497.3
2025,Outubro,Zambézia,Luabo,Pagamentos,4108.0,384090.13
2025,Novembro,Zambézia,Luabo,Pagamentos,4215.0,339436.28
2025,Dezembro,Zambézia,Luabo,Pagamentos,4987.0,504198.23
2025,Janeiro,Zambézia,Derre,Pagamentos,4062.0,116089.88
2025,Fevereiro,Zambézia,Derre,Pagamentos,3147.0,181444.97
2025,Março,Zambézia,Derre,Pagamentos,3646.0,189875.03
2025,Abril,Zambézia,Derre,Pagamentos,4667.0,419493.31
2025,Maio,Zambézia,Derre,Pagamentos,4507.0,248373.25
2025,Junho,Zambézia,Derre,Pagamentos,4896.0,274407.0
2025,Julho,Zambézia,Derre,Pagamentos,5395.0,144486.2
2025,Agosto,Zambézia,Derre,Pagamentos,5697.0,254574.29
2025,Setembro,Zambézia,Derre,Pagamentos,1348.0,200812.89
2025,Outubro,Zambézia,Derre,Pagamentos,1249.0,342839.72
2025,Novembro,Zambézia,Derre,Pagamentos,1731.0,531692.7
2025,Dezembro,Zambézia,Derre,Pagamentos,1378.0,355950.04
2025,Janeiro,Nampula,Cidade de Nampula,Pagamentos,1158554.0,140792387.66
2025,Fevereiro,Nampula,Cidade de Nampula,Pagamentos,1091490.0,136333650.97
2025,Março,Nampula,Cidade de Nampula,Pagamentos,1197756.0,151306088.6
2025,Abril,Nampula,Cidade de Nampula,Pagamentos,1162478.0,148973009.78
2025,Maio,Nampula,Cidade de Nampula,Pagamentos,1232305.0,157489408.77
2025,Junho,Nampula,Cidade de Nampula,Pagamentos,1277530.0,128881939.75
2025,Julho,Nampula,Cidade de Nampula,Pagamentos,1479277.0,141357418.79
2025,Agosto,Nampula,Cidade de Nampula,Pagamentos,1553376.0,145229013.34
2025,Setembro,Nampula,Cidade de Nampula,Pagamentos,1296025.0,140147509.72
2025,Outubro,Nampula,Cidade de Nampula,Pagamentos,1489886.0,161605764.61
2025,Novembro,Nampula,Cidade de Nampula,Pagamentos,1551589.0,167231107.61
2025,Dezembro,Nampula,Cidade de Nampula,Pagamentos,1574495.0,179942014.07
2025,Janeiro,Nampula,Cidade de Nacala-Porto,Pagamentos,425604.0,40936392.49
2025,Fevereiro,Nampula,Cidade de Nacala-Porto,Pagamentos,415635.0,38795458.94
2025,Março,Nampula,Cidade de Nacala-Porto,Pagamentos,424731.0,43639517.34
2025,Abril,Nampula,Cidade de Nacala-Porto,Pagamentos,433844.0,41890182.3
2025,Maio,Nampula,Cidade de Nacala-Porto,Pagamentos,458227.0,44698964.94
2025,Junho,Nampula,Cidade de Nacala-Porto,Pagamentos,480801.0,40637357.91
2025,Julho,Nampula,Cidade de Nacala-Porto,Pagamentos,548284.0,41202855.18
2025,Agosto,Nampula,Cidade de Nacala-Porto,Pagamentos,561310.0,43457247.59
2025,Setembro,Nampula,Cidade de Nacala-Porto,Pagamentos,482968.0,43265139.099999994
2025,Outubro,Nampula,Cidade de Nacala-Porto,Pagamentos,546411.0,47566904.39
2025,Novembro,Nampula,Cidade de Nacala-Porto,Pagamentos,573272.0,50696183.8
2025,Dezembro,Nampula,Cidade de Nacala-Porto,Pagamentos,591320.0,52750608.36
2025,Janeiro,Nampula,Angoche,Pagamentos,177705.0,10208378.55
2025,Fevereiro,Nampula,Angoche,Pagamentos,187457.0,10002992.64
2025,Março,Nampula,Angoche,Pagamentos,195831.0,10537091.0
2025,Abril,Nampula,Angoche,Pagamentos,191454.0,10609156.35
2025,Maio,Nampula,Angoche,Pagamentos,215858.0,11932892.15
2025,Junho,Nampula,Angoche,Pagamentos,218018.0,12571611.57
2025,Julho,Nampula,Angoche,Pagamentos,234134.0,12636311.379999999
2025,Agosto,Nampula,Angoche,Pagamentos,244822.0,12982582.18
2025,Setembro,Nampula,Angoche,Pagamentos,197239.0,11877848.48
2025,Outubro,Nampula,Angoche,Pagamentos,223327.0,13370426.93
2025,Novembro,Nampula,Angoche,Pagamentos,234207.0,13867841.309999999
2025,Dezembro,Nampula,Angoche,Pagamentos,221945.0,13399774.940000001
2025,Janeiro,Nampula,Ilha de Moçambique,Pagamentos,55142.0,3449791.24
2025,Fevereiro,Nampula,Ilha de Moçambique,Pagamentos,66086.0,3797787.6
2025,Março,Nampula,Ilha de Moçambique,Pagamentos,64143.0,3463350.42
2025,Abril,Nampula,Ilha de Moçambique,Pagamentos,73244.0,4252095.13
2025,Maio,Nampula,Ilha de Moçambique,Pagamentos,71069.0,3987042.4
2025,Junho,Nampula,Ilha de Moçambique,Pagamentos,70815.0,3716641.21
2025,Julho,Nampula,Ilha de Moçambique,Pagamentos,78734.0,3783710.34
2025,Agosto,Nampula,Ilha de Moçambique,Pagamentos,84837.0,4217667.14
2025,Setembro,Nampula,Ilha de Moçambique,Pagamentos,67443.0,4208841.5
2025,Outubro,Nampula,Ilha de Moçambique,Pagamentos,76074.0,4600580.55
2025,Novembro,Nampula,Ilha de Moçambique,Pagamentos,78178.0,4547767.49
2025,Dezembro,Nampula,Ilha de Moçambique,Pagamentos,94632.0,5570414.39
2025,Janeiro,Nampula,Lalaua,Pagamentos,7600.0,549698.17
2025,Fevereiro,Nampula,Lalaua,Pagamentos,9505.0,774804.04
2025,Março,Nampula,Lalaua,Pagamentos,7790.0,615805.05
2025,Abril,Nampula,Lalaua,Pagamentos,10359.0,852578.35
2025,Maio,Nampula,Lalaua,Pagamentos,12478.0,888377.26
2025,Junho,Nampula,Lalaua,Pagamentos,14946.0,952425.39
2025,Julho,Nampula,Lalaua,Pagamentos,18961.0,1099189.03
2025,Agosto,Nampula,Lalaua,Pagamentos,20516.0,1032811.0
2025,Setembro,Nampula,Lalaua,Pagamentos,16970.0,1047294.6
2025,Outubro,Nampula,Lalaua,Pagamentos,18363.0,1131753.0
2025,Novembro,Nampula,Lalaua,Pagamentos,16551.0,943644.21
2025,Dezembro,Nampula,Lalaua,Pagamentos,14980.0,893960.1
2025,Janeiro,Nampula,Malema,Pagamentos,41219.0,3096252.5300000003
2025,Fevereiro,Nampula,Malema,Pagamentos,40201.0,3190872.1
2025,Março,Nampula,Malema,Pagamentos,46740.0,3760186.44
2025,Abril,Nampula,Malema,Pagamentos,48215.0,3829016.86
2025,Maio,Nampula,Malema,Pagamentos,49524.0,3758975.76
2025,Junho,Nampula,Malema,Pagamentos,58590.0,3925918.21
2025,Julho,Nampula,Malema,Pagamentos,72260.0,4096341.42
2025,Agosto,Nampula,Malema,Pagamentos,77038.0,4258654.92
2025,Setembro,Nampula,Malema,Pagamentos,64659.0,4269110.61
2025,Outubro,Nampula,Malema,Pagamentos,71499.0,4657446.99
2025,Novembro,Nampula,Malema,Pagamentos,66252.0,4265385.4
2025,Dezembro,Nampula,Malema,Pagamentos,62107.0,4122240.36
2025,Janeiro,Nampula,Meconta (Namialo),Pagamentos,118830.0,7039669.04
2025,Fevereiro,Nampula,Meconta (Namialo),Pagamentos,114366.0,6595455.98
2025,Março,Nampula,Meconta (Namialo),Pagamentos,120477.0,6947931.25
2025,Abril,Nampula,Meconta (Namialo),Pagamentos,124182.0,8057414.26
2025,Maio,Nampula,Meconta (Namialo),Pagamentos,122990.0,7590547.52
2025,Junho,Nampula,Meconta (Namialo),Pagamentos,127439.0,6980164.39
2025,Julho,Nampula,Meconta (Namialo),Pagamentos,143774.0,7265555.88
2025,Agosto,Nampula,Meconta (Namialo),Pagamentos,153532.0,6865006.6
2025,Setembro,Nampula,Meconta (Namialo),Pagamentos,123586.0,7622798.43
2025,Outubro,Nampula,Meconta (Namialo),Pagamentos,127921.0,7519548.46
2025,Novembro,Nampula,Meconta (Namialo),Pagamentos,139403.0,8641029.62
2025,Dezembro,Nampula,Meconta (Namialo),Pagamentos,129918.0,8527193.44
2025,Janeiro,Nampula,Mecuburi,Pagamentos,24230.0,1463084.44
2025,Fevereiro,Nampula,Mecuburi,Pagamentos,24334.0,1562833.9
2025,Março,Nampula,Mecuburi,Pagamentos,23769.0,1532199.7
2025,Abril,Nampula,Mecuburi,Pagamentos,30261.0,2051055.52
2025,Maio,Nampula,Mecuburi,Pagamentos,32476.0,2162041.61
2025,Junho,Nampula,Mecuburi,Pagamentos,35983.0,2008833.47
2025,Julho,Nampula,Mecuburi,Pagamentos,43137.0,2112709.06
2025,Agosto,Nampula,Mecuburi,Pagamentos,43903.0,1951591.58
2025,Setembro,Nampula,Mecuburi,Pagamentos,39367.0,2062887.24
2025,Outubro,Nampula,Mecuburi,Pagamentos,52903.0,3201834.57
2025,Novembro,Nampula,Mecuburi,Pagamentos,45114.0,2257545.33
2025,Dezembro,Nampula,Mecuburi,Pagamentos,42326.0,2176577.21
2025,Janeiro,Nampula,Memba,Pagamentos,52162.0,2740603.98
2025,Fevereiro,Nampula,Memba,Pagamentos,53566.0,2920663.14
2025,Março,Nampula,Memba,Pagamentos,48093.0,2749710.27
2025,Abril,Nampula,Memba,Pagamentos,61902.0,3781094.35
2025,Maio,Nampula,Memba,Pagamentos,67340.0,3526137.92
2025,Junho,Nampula,Memba,Pagamentos,69673.0,3180636.8200000003
2025,Julho,Nampula,Memba,Pagamentos,80149.0,3329935.93
2025,Agosto,Nampula,Memba,Pagamentos,83805.0,3255085.15
2025,Setembro,Nampula,Memba,Pagamentos,72285.0,3418707.25
2025,Outubro,Nampula,Memba,Pagamentos,80877.0,4114059.76
2025,Novembro,Nampula,Memba,Pagamentos,80742.0,3890528.24
2025,Dezembro,Nampula,Memba,Pagamentos,76541.0,3538670.9699999997
2025,Janeiro,Nampula,Mogincual,Pagamentos,34379.0,1637836.76
2025,Fevereiro,Nampula,Mogincual,Pagamentos,47054.0,2247429.24
2025,Março,Nampula,Mogincual,Pagamentos,40692.0,2044528.67
2025,Abril,Nampula,Mogincual,Pagamentos,40133.0,2320103.58
2025,Maio,Nampula,Mogincual,Pagamentos,40343.0,2064606.6
2025,Junho,Nampula,Mogincual,Pagamentos,42321.0,1998482.66
2025,Julho,Nampula,Mogincual,Pagamentos,49706.0,2347041.7800000003
2025,Agosto,Nampula,Mogincual,Pagamentos,49254.0,2104630.48
2025,Setembro,Nampula,Mogincual,Pagamentos,43587.0,2007961.67
2025,Outubro,Nampula,Mogincual,Pagamentos,50618.0,2442403.52
2025,Novembro,Nampula,Mogincual,Pagamentos,53614.0,2424590.5300000003
2025,Dezembro,Nampula,Mogincual,Pagamentos,49709.0,2226869.04
2025,Janeiro,Nampula,Mogovolas,Pagamentos,48380.0,3270613.01
2025,Fevereiro,Nampula,Mogovolas,Pagamentos,49467.0,3368028.67
2025,Março,Nampula,Mogovolas,Pagamentos,52938.0,3559829.61
2025,Abril,Nampula,Mogovolas,Pagamentos,59893.0,4246246.79
2025,Maio,Nampula,Mogovolas,Pagamentos,65614.0,4413242.48
2025,Junho,Nampula,Mogovolas,Pagamentos,70484.0,4072779.0
2025,Julho,Nampula,Mogovolas,Pagamentos,81127.0,4051344.38
2025,Agosto,Nampula,Mogovolas,Pagamentos,80626.0,3870008.54
2025,Setembro,Nampula,Mogovolas,Pagamentos,71598.0,3492163.93
2025,Outubro,Nampula,Mogovolas,Pagamentos,81757.0,4203632.61
2025,Novembro,Nampula,Mogovolas,Pagamentos,89803.0,4721007.13
2025,Dezembro,Nampula,Mogovolas,Pagamentos,83043.0,4445951.38
2025,Janeiro,Nampula,Moma,Pagamentos,153542.0,10647775.85
2025,Fevereiro,Nampula,Moma,Pagamentos,160760.0,10022544.07
2025,Março,Nampula,Moma,Pagamentos,161638.0,10709246.99
2025,Abril,Nampula,Moma,Pagamentos,150986.0,10645907.8
2025,Maio,Nampula,Moma,Pagamentos,156632.0,10662737.97
2025,Junho,Nampula,Moma,Pagamentos,167124.0,10323573.879999999
2025,Julho,Nampula,Moma,Pagamentos,195893.0,11888245.5
2025,Agosto,Nampula,Moma,Pagamentos,199491.0,10968506.52
2025,Setembro,Nampula,Moma,Pagamentos,154195.0,10688734.629999999
2025,Outubro,Nampula,Moma,Pagamentos,167723.0,10374655.28
2025,Novembro,Nampula,Moma,Pagamentos,177280.0,10098014.99
2025,Dezembro,Nampula,Moma,Pagamentos,175405.0,9928959.78
2025,Janeiro,Nampula,Monapo,Pagamentos,80064.0,4726733.7
2025,Fevereiro,Nampula,Monapo,Pagamentos,75946.0,4576854.09
2025,Março,Nampula,Monapo,Pagamentos,68727.0,4411882.05
2025,Abril,Nampula,Monapo,Pagamentos,85443.0,6023512.6
2025,Maio,Nampula,Monapo,Pagamentos,81190.0,5417406.68
2025,Junho,Nampula,Monapo,Pagamentos,84422.0,4825910.76
2025,Julho,Nampula,Monapo,Pagamentos,95323.0,4996156.38
2025,Agosto,Nampula,Monapo,Pagamentos,100810.0,4915164.04
2025,Setembro,Nampula,Monapo,Pagamentos,91871.0,4694865.08
2025,Outubro,Nampula,Monapo,Pagamentos,105231.0,5433426.98
2025,Novembro,Nampula,Monapo,Pagamentos,111321.0,5663941.37
2025,Dezembro,Nampula,Monapo,Pagamentos,106044.0,5956071.71
2025,Janeiro,Nampula,Mossuril,Pagamentos,42080.0,2171442.69
2025,Fevereiro,Nampula,Mossuril,Pagamentos,45136.0,2428203.81
2025,Março,Nampula,Mossuril,Pagamentos,45031.0,2351908.3200000003
2025,Abril,Nampula,Mossuril,Pagamentos,55222.0,3196775.43
2025,Maio,Nampula,Mossuril,Pagamentos,56583.0,2749117.22
2025,Junho,Nampula,Mossuril,Pagamentos,55111.0,2384953.3
2025,Julho,Nampula,Mossuril,Pagamentos,61276.0,2629418.7
2025,Agosto,Nampula,Mossuril,Pagamentos,63379.0,2928501.24
2025,Setembro,Nampula,Mossuril,Pagamentos,46944.0,2798192.03
2025,Outubro,Nampula,Mossuril,Pagamentos,54630.0,3019511.96
2025,Novembro,Nampula,Mossuril,Pagamentos,57171.0,3018517.2800000003
2025,Dezembro,Nampula,Mossuril,Pagamentos,60885.0,3480810.3200000003
2025,Janeiro,Nampula,Muecate,Pagamentos,14142.0,821554.79
2025,Fevereiro,Nampula,Muecate,Pagamentos,13189.0,814492.0
2025,Março,Nampula,Muecate,Pagamentos,10782.0,694392.0
2025,Abril,Nampula,Muecate,Pagamentos,15042.0,953249.67
2025,Maio,Nampula,Muecate,Pagamentos,16191.0,948359.6799999999
2025,Junho,Nampula,Muecate,Pagamentos,19846.0,1051071.26
2025,Julho,Nampula,Muecate,Pagamentos,24243.0,1148358.62
2025,Agosto,Nampula,Muecate,Pagamentos,23972.0,1036938.8200000001
2025,Setembro,Nampula,Muecate,Pagamentos,21350.0,987690.26
2025,Outubro,Nampula,Muecate,Pagamentos,24874.0,1191380.84
2025,Novembro,Nampula,Muecate,Pagamentos,27846.0,1221280.27
2025,Dezembro,Nampula,Muecate,Pagamentos,26303.0,1254821.27
2025,Janeiro,Nampula,Murrupula,Pagamentos,36174.0,2345554.73
2025,Fevereiro,Nampula,Murrupula,Pagamentos,31933.0,1998659.29
2025,Março,Nampula,Murrupula,Pagamentos,36540.0,2421638.62
2025,Abril,Nampula,Murrupula,Pagamentos,41421.0,2887985.42
2025,Maio,Nampula,Murrupula,Pagamentos,39018.0,2563725.02
2025,Junho,Nampula,Murrupula,Pagamentos,42051.0,2338303.6
2025,Julho,Nampula,Murrupula,Pagamentos,49218.0,2426852.19
2025,Agosto,Nampula,Murrupula,Pagamentos,48123.0,2247017.54
2025,Setembro,Nampula,Murrupula,Pagamentos,43475.0,2278793.98
2025,Outubro,Nampula,Murrupula,Pagamentos,50208.0,2847757.5300000003
2025,Novembro,Nampula,Murrupula,Pagamentos,57260.0,3495398.59
2025,Dezembro,Nampula,Murrupula,Pagamentos,50862.0,2905868.7800000003
2025,Janeiro,Nampula,Nacala-Velha,Pagamentos,29917.0,1633734.34
2025,Fevereiro,Nampula,Nacala-Velha,Pagamentos,31113.0,1763787.78
2025,Março,Nampula,Nacala-Velha,Pagamentos,27051.0,1506701.16
2025,Abril,Nampula,Nacala-Velha,Pagamentos,37298.0,2320069.47
2025,Maio,Nampula,Nacala-Velha,Pagamentos,39218.0,2449607.35
2025,Junho,Nampula,Nacala-Velha,Pagamentos,40497.0,2210379.2
2025,Julho,Nampula,Nacala-Velha,Pagamentos,46953.0,2443219.1399999997
2025,Agosto,Nampula,Nacala-Velha,Pagamentos,47303.0,2253109.88
2025,Setembro,Nampula,Nacala-Velha,Pagamentos,42346.0,1940497.02
2025,Outubro,Nampula,Nacala-Velha,Pagamentos,48631.0,2248455.04
2025,Novembro,Nampula,Nacala-Velha,Pagamentos,50698.0,2385091.64
2025,Dezembro,Nampula,Nacala-Velha,Pagamentos,51840.0,2543280.13
2025,Janeiro,Nampula,Nacaroa,Pagamentos,24789.0,1344896.81
2025,Fevereiro,Nampula,Nacaroa,Pagamentos,24316.0,1431308.3
2025,Março,Nampula,Nacaroa,Pagamentos,18191.0,864526.5
2025,Abril,Nampula,Nacaroa,Pagamentos,28051.0,1755791.5
2025,Maio,Nampula,Nacaroa,Pagamentos,30289.0,1776968.54
2025,Junho,Nampula,Nacaroa,Pagamentos,33221.0,1510114.41
2025,Julho,Nampula,Nacaroa,Pagamentos,37564.0,1575476.33
2025,Agosto,Nampula,Nacaroa,Pagamentos,39163.0,1511517.54
2025,Setembro,Nampula,Nacaroa,Pagamentos,32415.0,1504705.45
2025,Outubro,Nampula,Nacaroa,Pagamentos,37217.0,1854584.97
2025,Novembro,Nampula,Nacaroa,Pagamentos,40624.0,1876364.3599999999
2025,Dezembro,Nampula,Nacaroa,Pagamentos,40484.0,1891893.68
2025,Janeiro,Nampula,Namapa-Erati,Pagamentos,34089.0,2216061.15
2025,Fevereiro,Nampula,Namapa-Erati,Pagamentos,45316.0,3358407.85
2025,Março,Nampula,Namapa-Erati,Pagamentos,50103.0,3622496.7
2025,Abril,Nampula,Namapa-Erati,Pagamentos,60247.0,4745748.53
2025,Maio,Nampula,Namapa-Erati,Pagamentos,63703.0,4549251.21
2025,Junho,Nampula,Namapa-Erati,Pagamentos,62555.0,4090664.44
2025,Julho,Nampula,Namapa-Erati,Pagamentos,74447.0,4248330.8
2025,Agosto,Nampula,Namapa-Erati,Pagamentos,81074.0,4862310.36
2025,Setembro,Nampula,Namapa-Erati,Pagamentos,72005.0,4929794.11
2025,Outubro,Nampula,Namapa-Erati,Pagamentos,80026.0,5219201.65
2025,Novembro,Nampula,Namapa-Erati,Pagamentos,81808.0,5066255.73
2025,Dezembro,Nampula,Namapa-Erati,Pagamentos,80722.0,4784749.98
2025,Janeiro,Nampula,Rapale-Nampula,Pagamentos,102165.0,7180560.8
2025,Fevereiro,Nampula,Rapale-Nampula,Pagamentos,94846.0,6436852.92
2025,Março,Nampula,Rapale-Nampula,Pagamentos,86839.0,6153086.75
2025,Abril,Nampula,Rapale-Nampula,Pagamentos,97660.0,7030897.3
2025,Maio,Nampula,Rapale-Nampula,Pagamentos,111404.0,7866166.83
2025,Junho,Nampula,Rapale-Nampula,Pagamentos,125741.0,8033574.22
2025,Julho,Nampula,Rapale-Nampula,Pagamentos,149013.0,8113200.640000001
2025,Agosto,Nampula,Rapale-Nampula,Pagamentos,170604.0,10743714.07
2025,Setembro,Nampula,Rapale-Nampula,Pagamentos,175832.0,10850703.569999998
2025,Outubro,Nampula,Rapale-Nampula,Pagamentos,217076.0,13697386.26
2025,Novembro,Nampula,Rapale-Nampula,Pagamentos,246705.0,15987568.59
2025,Dezembro,Nampula,Rapale-Nampula,Pagamentos,231443.0,15616728.93
2025,Janeiro,Nampula,Ribaué,Pagamentos,45471.0,3405772.01
2025,Fevereiro,Nampula,Ribaué,Pagamentos,46226.0,3915713.63
2025,Março,Nampula,Ribaué,Pagamentos,44479.0,3433659.16
2025,Abril,Nampula,Ribaué,Pagamentos,57803.0,4612319.89
2025,Maio,Nampula,Ribaué,Pagamentos,58715.0,4548515.18
2025,Junho,Nampula,Ribaué,Pagamentos,64252.0,4086240.7800000003
2025,Julho,Nampula,Ribaué,Pagamentos,76295.0,4433315.17
2025,Agosto,Nampula,Ribaué,Pagamentos,80826.0,4323334.1
2025,Setembro,Nampula,Ribaué,Pagamentos,69480.0,4208422.2
2025,Outubro,Nampula,Ribaué,Pagamentos,76071.0,4677476.92
2025,Novembro,Nampula,Ribaué,Pagamentos,70519.0,4055810.55
2025,Dezembro,Nampula,Ribaué,Pagamentos,75636.0,4616646.27
2025,Janeiro,Nampula,Liupo,Pagamentos,3600.0,117028.0
2025,Fevereiro,Nampula,Liupo,Pagamentos,3541.0,119999.0
2025,Março,Nampula,Liupo,Pagamentos,2787.0,96764.0
2025,Abril,Nampula,Liupo,Pagamentos,3274.0,108463.99
2025,Maio,Nampula,Liupo,Pagamentos,4340.0,139481.0
2025,Junho,Nampula,Liupo,Pagamentos,4740.0,163277.2
2025,Julho,Nampula,Liupo,Pagamentos,4848.0,171620.0
2025,Agosto,Nampula,Liupo,Pagamentos,5322.0,178277.6
2025,Setembro,Nampula,Liupo,Pagamentos,3693.0,128860.0
2025,Outubro,Nampula,Liupo,Pagamentos,4593.0,303725.73
2025,Novembro,Nampula,Liupo,Pagamentos,4354.0,224746.99
2025,Dezembro,Nampula,Liupo,Pagamentos,4459.0,209486.0
2025,Janeiro,Nampula,Larde,Pagamentos,2271.0,86298.0
2025,Fevereiro,Nampula,Larde,Pagamentos,2609.0,135092.0
2025,Março,Nampula,Larde,Pagamentos,1281.0,47500.0
2025,Abril,Nampula,Larde,Pagamentos,3048.0,146761.0
2025,Maio,Nampula,Larde,Pagamentos,4750.0,208661.04
2025,Junho,Nampula,Larde,Pagamentos,4048.0,193233.5
2025,Julho,Nampula,Larde,Pagamentos,4655.0,198137.0
2025,Agosto,Nampula,Larde,Pagamentos,5526.0,290668.9
2025,Setembro,Nampula,Larde,Pagamentos,2752.0,1222970.54
2025,Outubro,Nampula,Larde,Pagamentos,10252.0,2126042.44
2025,Novembro,Nampula,Larde,Pagamentos,10101.0,2678493.31
2025,Dezembro,Nampula,Larde,Pagamentos,10716.0,2862131.18
2025,Janeiro,Cabo Delgado,Cidade de Pemba,Pagamentos,439077.0,70792778.49
2025,Fevereiro,Cabo Delgado,Cidade de Pemba,Pagamentos,419105.0,70768124.2
2025,Março,Cabo Delgado,Cidade de Pemba,Pagamentos,491802.0,74328379.28
2025,Abril,Cabo Delgado,Cidade de Pemba,Pagamentos,440907.0,67181265.17
2025,Maio,Cabo Delgado,Cidade de Pemba,Pagamentos,459396.0,70545017.56
2025,Junho,Cabo Delgado,Cidade de Pemba,Pagamentos,455283.0,61576232.97
2025,Julho,Cabo Delgado,Cidade de Pemba,Pagamentos,532964.0,65263777.31999999
2025,Agosto,Cabo Delgado,Cidade de Pemba,Pagamentos,577009.0,67363579.64
2025,Setembro,Cabo Delgado,Cidade de Pemba,Pagamentos,496546.0,67619982.19
2025,Outubro,Cabo Delgado,Cidade de Pemba,Pagamentos,565268.0,78872994.28999999
2025,Novembro,Cabo Delgado,Cidade de Pemba,Pagamentos,582003.0,74365561.82
2025,Dezembro,Cabo Delgado,Cidade de Pemba,Pagamentos,598743.0,78279875.21000001
2025,Janeiro,Cabo Delgado,Ancuabe,Pagamentos,35485.0,3365460.54
2025,Fevereiro,Cabo Delgado,Ancuabe,Pagamentos,36659.0,3948914.12
2025,Março,Cabo Delgado,Ancuabe,Pagamentos,40331.0,3988004.31
2025,Abril,Cabo Delgado,Ancuabe,Pagamentos,37423.0,3940322.63
2025,Maio,Cabo Delgado,Ancuabe,Pagamentos,43425.0,4636428.96
2025,Junho,Cabo Delgado,Ancuabe,Pagamentos,50133.0,5287656.37
2025,Julho,Cabo Delgado,Ancuabe,Pagamentos,62113.0,5300276.640000001
2025,Agosto,Cabo Delgado,Ancuabe,Pagamentos,68540.0,4860170.78
2025,Setembro,Cabo Delgado,Ancuabe,Pagamentos,52551.0,4904190.32
2025,Outubro,Cabo Delgado,Ancuabe,Pagamentos,58590.0,5463163.1899999995
2025,Novembro,Cabo Delgado,Ancuabe,Pagamentos,57424.0,4678692.61
2025,Dezembro,Cabo Delgado,Ancuabe,Pagamentos,58375.0,4479411.97
2025,Janeiro,Cabo Delgado,Balama,Pagamentos,27642.0,2770052.19
2025,Fevereiro,Cabo Delgado,Balama,Pagamentos,26760.0,2935147.13
2025,Março,Cabo Delgado,Balama,Pagamentos,29434.0,4072496.83
2025,Abril,Cabo Delgado,Balama,Pagamentos,28665.0,2904847.54
2025,Maio,Cabo Delgado,Balama,Pagamentos,33685.0,3398605.4
2025,Junho,Cabo Delgado,Balama,Pagamentos,42832.0,3506113.1799999997
2025,Julho,Cabo Delgado,Balama,Pagamentos,50498.0,3893167.59
2025,Agosto,Cabo Delgado,Balama,Pagamentos,56771.0,4165537.19
2025,Setembro,Cabo Delgado,Balama,Pagamentos,40302.0,4049633.31
2025,Outubro,Cabo Delgado,Balama,Pagamentos,44829.0,4690008.75
2025,Novembro,Cabo Delgado,Balama,Pagamentos,42233.0,4317981.53
2025,Dezembro,Cabo Delgado,Balama,Pagamentos,43587.0,4356278.08
2025,Janeiro,Cabo Delgado,Chiúre,Pagamentos,35263.0,3542510.0700000003
2025,Fevereiro,Cabo Delgado,Chiúre,Pagamentos,40811.0,4552348.21
2025,Março,Cabo Delgado,Chiúre,Pagamentos,48594.0,4802091.63
2025,Abril,Cabo Delgado,Chiúre,Pagamentos,50776.0,5759085.84
2025,Maio,Cabo Delgado,Chiúre,Pagamentos,58423.0,5829917.98
2025,Junho,Cabo Delgado,Chiúre,Pagamentos,69610.0,6120487.35
2025,Julho,Cabo Delgado,Chiúre,Pagamentos,87743.0,6515881.99
2025,Agosto,Cabo Delgado,Chiúre,Pagamentos,92870.0,6968143.96
2025,Setembro,Cabo Delgado,Chiúre,Pagamentos,71475.0,6373990.21
2025,Outubro,Cabo Delgado,Chiúre,Pagamentos,81730.0,7189768.65
2025,Novembro,Cabo Delgado,Chiúre,Pagamentos,80392.0,6568580.529999999
2025,Dezembro,Cabo Delgado,Chiúre,Pagamentos,81064.0,6608385.05
2025,Janeiro,Cabo Delgado,Ibo,Pagamentos,4264.0,375938.0
2025,Fevereiro,Cabo Delgado,Ibo,Pagamentos,5970.0,516866.0
2025,Março,Cabo Delgado,Ibo,Pagamentos,7359.0,613153.0
2025,Abril,Cabo Delgado,Ibo,Pagamentos,6257.0,591062.0
2025,Maio,Cabo Delgado,Ibo,Pagamentos,4869.0,388475.0
2025,Junho,Cabo Delgado,Ibo,Pagamentos,6027.0,421025.5
2025,Julho,Cabo Delgado,Ibo,Pagamentos,7479.0,441682.0
2025,Agosto,Cabo Delgado,Ibo,Pagamentos,8372.0,493673.8
2025,Setembro,Cabo Delgado,Ibo,Pagamentos,8032.0,529458.23
2025,Outubro,Cabo Delgado,Ibo,Pagamentos,9281.0,666786.0
2025,Novembro,Cabo Delgado,Ibo,Pagamentos,9187.0,636432.45
2025,Dezembro,Cabo Delgado,Ibo,Pagamentos,9079.0,591475.39
2025,Janeiro,Cabo Delgado,Macomia,Pagamentos,12488.0,914953.79
2025,Fevereiro,Cabo Delgado,Macomia,Pagamentos,15853.0,1235549.5899999999
2025,Março,Cabo Delgado,Macomia,Pagamentos,19563.0,1694115.77
2025,Abril,Cabo Delgado,Macomia,Pagamentos,16670.0,1602267.9
2025,Maio,Cabo Delgado,Macomia,Pagamentos,18804.0,1334849.6600000001
2025,Junho,Cabo Delgado,Macomia,Pagamentos,19650.0,1267809.58
2025,Julho,Cabo Delgado,Macomia,Pagamentos,23568.0,1535925.08
2025,Agosto,Cabo Delgado,Macomia,Pagamentos,26040.0,1699737.33
2025,Setembro,Cabo Delgado,Macomia,Pagamentos,17594.0,1596701.0899999999
2025,Outubro,Cabo Delgado,Macomia,Pagamentos,18975.0,1794903.4300000002
2025,Novembro,Cabo Delgado,Macomia,Pagamentos,18856.0,1610653.12
2025,Dezembro,Cabo Delgado,Macomia,Pagamentos,19860.0,1496337.37
2025,Janeiro,Cabo Delgado,Mecufi,Pagamentos,3363.0,190154.0
2025,Fevereiro,Cabo Delgado,Mecufi,Pagamentos,4150.0,267079.0
2025,Março,Cabo Delgado,Mecufi,Pagamentos,5595.0,374313.0
2025,Abril,Cabo Delgado,Mecufi,Pagamentos,6959.0,572803.0
2025,Maio,Cabo Delgado,Mecufi,Pagamentos,7204.0,505283.0
2025,Junho,Cabo Delgado,Mecufi,Pagamentos,9084.0,531672.5
2025,Julho,Cabo Delgado,Mecufi,Pagamentos,12074.0,588081.5
2025,Agosto,Cabo Delgado,Mecufi,Pagamentos,11155.0,570998.5
2025,Setembro,Cabo Delgado,Mecufi,Pagamentos,13128.0,721901.96
2025,Outubro,Cabo Delgado,Mecufi,Pagamentos,16071.0,909809.14
2025,Novembro,Cabo Delgado,Mecufi,Pagamentos,17367.0,965426.99
2025,Dezembro,Cabo Delgado,Mecufi,Pagamentos,19299.0,1612329.04
2025,Janeiro,Cabo Delgado,Meluco,Pagamentos,4011.0,418606.0
2025,Fevereiro,Cabo Delgado,Meluco,Pagamentos,6609.0,595903.46
2025,Março,Cabo Delgado,Meluco,Pagamentos,6413.0,640186.77
2025,Abril,Cabo Delgado,Meluco,Pagamentos,6021.0,691502.0
2025,Maio,Cabo Delgado,Meluco,Pagamentos,6478.0,710206.0
2025,Junho,Cabo Delgado,Meluco,Pagamentos,7808.0,725519.31
2025,Julho,Cabo Delgado,Meluco,Pagamentos,9988.0,781680.0
2025,Agosto,Cabo Delgado,Meluco,Pagamentos,10425.0,790598.29
2025,Setembro,Cabo Delgado,Meluco,Pagamentos,9294.0,756885.86
2025,Outubro,Cabo Delgado,Meluco,Pagamentos,10720.0,978680.79
2025,Novembro,Cabo Delgado,Meluco,Pagamentos,10851.0,939306.13
2025,Dezembro,Cabo Delgado,Meluco,Pagamentos,10971.0,1264177.15
2025,Janeiro,Cabo Delgado,Mocimboa da Praia,Pagamentos,75130.0,3980652.6
2025,Fevereiro,Cabo Delgado,Mocimboa da Praia,Pagamentos,82881.0,4688937.62
2025,Março,Cabo Delgado,Mocimboa da Praia,Pagamentos,112048.0,7816253.02
2025,Abril,Cabo Delgado,Mocimboa da Praia,Pagamentos,84072.0,4931336.48
2025,Maio,Cabo Delgado,Mocimboa da Praia,Pagamentos,88758.0,4692537.41
2025,Junho,Cabo Delgado,Mocimboa da Praia,Pagamentos,82593.0,4257287.970000001
2025,Julho,Cabo Delgado,Mocimboa da Praia,Pagamentos,83775.0,4216128.859999999
2025,Agosto,Cabo Delgado,Mocimboa da Praia,Pagamentos,90686.0,5321036.42
2025,Setembro,Cabo Delgado,Mocimboa da Praia,Pagamentos,41776.0,4148099.33
2025,Outubro,Cabo Delgado,Mocimboa da Praia,Pagamentos,37384.0,3315910.5
2025,Novembro,Cabo Delgado,Mocimboa da Praia,Pagamentos,34901.0,3324432.17
2025,Dezembro,Cabo Delgado,Mocimboa da Praia,Pagamentos,38795.0,3935139.44
2025,Janeiro,Cabo Delgado,Montepuez,Pagamentos,121477.0,14182440.79
2025,Fevereiro,Cabo Delgado,Montepuez,Pagamentos,119840.0,14972477.16
2025,Março,Cabo Delgado,Montepuez,Pagamentos,130765.0,16849825.06
2025,Abril,Cabo Delgado,Montepuez,Pagamentos,136430.0,20600547.08
2025,Maio,Cabo Delgado,Montepuez,Pagamentos,138192.0,18411673.79
2025,Junho,Cabo Delgado,Montepuez,Pagamentos,151567.0,16356865.530000001
2025,Julho,Cabo Delgado,Montepuez,Pagamentos,152245.0,16545041.92
2025,Agosto,Cabo Delgado,Montepuez,Pagamentos,190240.0,16788614.79
2025,Setembro,Cabo Delgado,Montepuez,Pagamentos,163560.0,16884532.71
2025,Outubro,Cabo Delgado,Montepuez,Pagamentos,186671.0,19365853.009999998
2025,Novembro,Cabo Delgado,Montepuez,Pagamentos,184683.0,19302449.05
2025,Dezembro,Cabo Delgado,Montepuez,Pagamentos,192468.0,20980833.21
2025,Janeiro,Cabo Delgado,Mueda,Pagamentos,53405.0,4564170.71
2025,Fevereiro,Cabo Delgado,Mueda,Pagamentos,55191.0,5289892.050000001
2025,Março,Cabo Delgado,Mueda,Pagamentos,68468.0,6917263.83
2025,Abril,Cabo Delgado,Mueda,Pagamentos,58635.0,5613165.42
2025,Maio,Cabo Delgado,Mueda,Pagamentos,60801.0,6174777.4399999995
2025,Junho,Cabo Delgado,Mueda,Pagamentos,66344.0,4951614.73
2025,Julho,Cabo Delgado,Mueda,Pagamentos,65943.0,5188280.88
2025,Agosto,Cabo Delgado,Mueda,Pagamentos,86354.0,5822321.4399999995
2025,Setembro,Cabo Delgado,Mueda,Pagamentos,64540.0,5445668.97
2025,Outubro,Cabo Delgado,Mueda,Pagamentos,75545.0,6681493.9399999995
2025,Novembro,Cabo Delgado,Mueda,Pagamentos,75206.0,6356681.890000001
2025,Dezembro,Cabo Delgado,Mueda,Pagamentos,80602.0,6928949.15
2025,Janeiro,Cabo Delgado,Muidumbe,Pagamentos,5313.0,344169.0
2025,Fevereiro,Cabo Delgado,Muidumbe,Pagamentos,5483.0,396480.0
2025,Março,Cabo Delgado,Muidumbe,Pagamentos,5837.0,460043.0
2025,Abril,Cabo Delgado,Muidumbe,Pagamentos,5800.0,560695.6
2025,Maio,Cabo Delgado,Muidumbe,Pagamentos,6265.0,616616.0
2025,Junho,Cabo Delgado,Muidumbe,Pagamentos,7804.0,562661.4
2025,Julho,Cabo Delgado,Muidumbe,Pagamentos,7469.0,581643.7
2025,Agosto,Cabo Delgado,Muidumbe,Pagamentos,11336.0,677109.5
2025,Setembro,Cabo Delgado,Muidumbe,Pagamentos,10637.0,719555.1
2025,Outubro,Cabo Delgado,Muidumbe,Pagamentos,11568.0,870478.46
2025,Novembro,Cabo Delgado,Muidumbe,Pagamentos,12393.0,800055.05
2025,Dezembro,Cabo Delgado,Muidumbe,Pagamentos,13378.0,741698.49
2025,Janeiro,Cabo Delgado,Namuno,Pagamentos,20642.0,1921021.3900000001
2025,Fevereiro,Cabo Delgado,Namuno,Pagamentos,21358.0,2104219.06
2025,Março,Cabo Delgado,Namuno,Pagamentos,25517.0,2392471.34
2025,Abril,Cabo Delgado,Namuno,Pagamentos,28362.0,2759480.15
2025,Maio,Cabo Delgado,Namuno,Pagamentos,28137.0,2632467.4
2025,Junho,Cabo Delgado,Namuno,Pagamentos,35182.0,2404506.7
2025,Julho,Cabo Delgado,Namuno,Pagamentos,42661.0,2744189.15
2025,Agosto,Cabo Delgado,Namuno,Pagamentos,44544.0,2803246.01
2025,Setembro,Cabo Delgado,Namuno,Pagamentos,36700.0,2753414.77
2025,Outubro,Cabo Delgado,Namuno,Pagamentos,41519.0,3129451.45
2025,Novembro,Cabo Delgado,Namuno,Pagamentos,40326.0,3130365.96
2025,Dezembro,Cabo Delgado,Namuno,Pagamentos,40637.0,2979960.92
2025,Janeiro,Cabo Delgado,Nangade,Pagamentos,9695.0,865854.6799999999
2025,Fevereiro,Cabo Delgado,Nangade,Pagamentos,9628.0,1848707.74
2025,Março,Cabo Delgado,Nangade,Pagamentos,9979.0,3770562.31
2025,Abril,Cabo Delgado,Nangade,Pagamentos,10006.0,1512456.49
2025,Maio,Cabo Delgado,Nangade,Pagamentos,10314.0,1229350.0
2025,Junho,Cabo Delgado,Nangade,Pagamentos,11912.0,1079088.35
2025,Julho,Cabo Delgado,Nangade,Pagamentos,15857.0,1209023.1
2025,Agosto,Cabo Delgado,Nangade,Pagamentos,16901.0,1145963.1
2025,Setembro,Cabo Delgado,Nangade,Pagamentos,13501.0,1008972.2
2025,Outubro,Cabo Delgado,Nangade,Pagamentos,15110.0,1288824.1400000001
2025,Novembro,Cabo Delgado,Nangade,Pagamentos,17587.0,1397311.94
2025,Dezembro,Cabo Delgado,Nangade,Pagamentos,19518.0,1507017.1
2025,Janeiro,Cabo Delgado,Palma,Pagamentos,63893.0,4742833.04
2025,Fevereiro,Cabo Delgado,Palma,Pagamentos,69335.0,5387826.39
2025,Março,Cabo Delgado,Palma,Pagamentos,88508.0,8353395.81
2025,Abril,Cabo Delgado,Palma,Pagamentos,77277.0,6464708.99
2025,Maio,Cabo Delgado,Palma,Pagamentos,81940.0,6819453.8
2025,Junho,Cabo Delgado,Palma,Pagamentos,69245.0,5425805.8
2025,Julho,Cabo Delgado,Palma,Pagamentos,71207.0,6081794.15
2025,Agosto,Cabo Delgado,Palma,Pagamentos,82215.0,6832204.74
2025,Setembro,Cabo Delgado,Palma,Pagamentos,40578.0,7757767.14
2025,Outubro,Cabo Delgado,Palma,Pagamentos,43471.0,7601297.32
2025,Novembro,Cabo Delgado,Palma,Pagamentos,46089.0,7894769.21
2025,Dezembro,Cabo Delgado,Palma,Pagamentos,54256.0,10799746.4
2025,Janeiro,Cabo Delgado,Pemba-Metuge,Pagamentos,16301.0,1388363.0
2025,Fevereiro,Cabo Delgado,Pemba-Metuge,Pagamentos,14541.0,1041208.13
2025,Março,Cabo Delgado,Pemba-Metuge,Pagamentos,17433.0,1268627.12
2025,Abril,Cabo Delgado,Pemba-Metuge,Pagamentos,18854.0,1564006.01
2025,Maio,Cabo Delgado,Pemba-Metuge,Pagamentos,21308.0,1684114.99
2025,Junho,Cabo Delgado,Pemba-Metuge,Pagamentos,25845.0,1758634.0
2025,Julho,Cabo Delgado,Pemba-Metuge,Pagamentos,420162.0,37693256.23
2025,Agosto,Cabo Delgado,Pemba-Metuge,Pagamentos,431063.0,37309934.88
2025,Setembro,Cabo Delgado,Pemba-Metuge,Pagamentos,32515.0,1623303.52
2025,Outubro,Cabo Delgado,Pemba-Metuge,Pagamentos,36836.0,1872429.28
2025,Novembro,Cabo Delgado,Pemba-Metuge,Pagamentos,40340.0,2177978.5300000003
2025,Dezembro,Cabo Delgado,Pemba-Metuge,Pagamentos,41063.0,2190101.3
2025,Janeiro,Cabo Delgado,Quissanga,Pagamentos,2158.0,147961.0
2025,Fevereiro,Cabo Delgado,Quissanga,Pagamentos,2169.0,150406.0
2025,Março,Cabo Delgado,Quissanga,Pagamentos,2193.0,154435.0
2025,Abril,Cabo Delgado,Quissanga,Pagamentos,2752.0,217455.77
2025,Maio,Cabo Delgado,Quissanga,Pagamentos,4087.0,288450.0
2025,Junho,Cabo Delgado,Quissanga,Pagamentos,4611.0,224683.0
2025,Julho,Cabo Delgado,Quissanga,Pagamentos,6910.0,256557.5
2025,Agosto,Cabo Delgado,Quissanga,Pagamentos,8143.0,380364.6
2025,Setembro,Cabo Delgado,Quissanga,Pagamentos,5716.0,269357.2
2025,Outubro,Cabo Delgado,Quissanga,Pagamentos,6850.0,450864.75
2025,Novembro,Cabo Delgado,Quissanga,Pagamentos,6918.0,416768.37
2025,Dezembro,Cabo Delgado,Quissanga,Pagamentos,7143.0,365383.32
2025,Janeiro,Niassa,Cidade de Lichinga,Pagamentos,297879.0,33284640.58
2025,Fevereiro,Niassa,Cidade de Lichinga,Pagamentos,283351.0,33306613.76
2025,Março,Niassa,Cidade de Lichinga,Pagamentos,323690.0,33231283.740000002
2025,Abril,Niassa,Cidade de Lichinga,Pagamentos,306697.0,32917586.259999998
2025,Maio,Niassa,Cidade de Lichinga,Pagamentos,334328.0,36243790.239999995
2025,Junho,Niassa,Cidade de Lichinga,Pagamentos,333782.0,33331225.52
2025,Julho,Niassa,Cidade de Lichinga,Pagamentos,393014.0,37019314.44
2025,Agosto,Niassa,Cidade de Lichinga,Pagamentos,438343.0,39151296.53
2025,Setembro,Niassa,Cidade de Lichinga,Pagamentos,368099.0,37787872.21
2025,Outubro,Niassa,Cidade de Lichinga,Pagamentos,407150.0,42372910.66
2025,Novembro,Niassa,Cidade de Lichinga,Pagamentos,417880.0,40257089.65
2025,Dezembro,Niassa,Cidade de Lichinga,Pagamentos,410746.0,43462336.89
2025,Janeiro,Niassa,Cuamba,Pagamentos,148252.0,10944700.75
2025,Fevereiro,Niassa,Cuamba,Pagamentos,136658.0,10317364.45
2025,Março,Niassa,Cuamba,Pagamentos,155525.0,11972995.42
2025,Abril,Niassa,Cuamba,Pagamentos,152583.0,12306821.350000001
2025,Maio,Niassa,Cuamba,Pagamentos,168379.0,12888409.290000001
2025,Junho,Niassa,Cuamba,Pagamentos,178808.0,12195971.489999998
2025,Julho,Niassa,Cuamba,Pagamentos,206316.0,12892242.43
2025,Agosto,Niassa,Cuamba,Pagamentos,222993.0,13770359.239999998
2025,Setembro,Niassa,Cuamba,Pagamentos,158138.0,12711922.3
2025,Outubro,Niassa,Cuamba,Pagamentos,174551.0,14205830.13
2025,Novembro,Niassa,Cuamba,Pagamentos,166087.0,13010432.63
2025,Dezembro,Niassa,Cuamba,Pagamentos,160710.0,13445482.620000001
2025,Janeiro,Niassa,Lago,Pagamentos,38010.0,3339197.98
2025,Fevereiro,Niassa,Lago,Pagamentos,37867.0,3257721.38
2025,Março,Niassa,Lago,Pagamentos,44610.0,3405491.89
2025,Abril,Niassa,Lago,Pagamentos,43333.0,3775952.95
2025,Maio,Niassa,Lago,Pagamentos,45500.0,3831157.81
2025,Junho,Niassa,Lago,Pagamentos,49276.0,3640382.09
2025,Julho,Niassa,Lago,Pagamentos,59724.0,3839241.73
2025,Agosto,Niassa,Lago,Pagamentos,60115.0,3865467.73
2025,Setembro,Niassa,Lago,Pagamentos,52055.0,3840977.87
2025,Outubro,Niassa,Lago,Pagamentos,55257.0,4459795.1
2025,Novembro,Niassa,Lago,Pagamentos,55746.0,4219195.93
2025,Dezembro,Niassa,Lago,Pagamentos,63866.0,4880719.68
2025,Janeiro,Niassa,Manjune,Pagamentos,10347.0,887279.58
2025,Fevereiro,Niassa,Manjune,Pagamentos,9814.0,892690.0
2025,Março,Niassa,Manjune,Pagamentos,11783.0,998566.69
2025,Abril,Niassa,Manjune,Pagamentos,12088.0,1161283.18
2025,Maio,Niassa,Manjune,Pagamentos,12422.0,1196063.13
2025,Junho,Niassa,Manjune,Pagamentos,14921.0,1192131.34
2025,Julho,Niassa,Manjune,Pagamentos,17714.0,1242078.54
2025,Agosto,Niassa,Manjune,Pagamentos,17500.0,1067239.53
2025,Setembro,Niassa,Manjune,Pagamentos,16267.0,1141972.58
2025,Outubro,Niassa,Manjune,Pagamentos,17447.0,1241704.6
2025,Novembro,Niassa,Manjune,Pagamentos,16981.0,1157648.37
2025,Dezembro,Niassa,Manjune,Pagamentos,17764.0,1188086.89
2025,Janeiro,Niassa,Mandimba,Pagamentos,44838.0,3073924.49
2025,Fevereiro,Niassa,Mandimba,Pagamentos,41187.0,2894589.88
2025,Março,Niassa,Mandimba,Pagamentos,49566.0,3595349.77
2025,Abril,Niassa,Mandimba,Pagamentos,50992.0,3972885.14
2025,Maio,Niassa,Mandimba,Pagamentos,52446.0,4089764.79
2025,Junho,Niassa,Mandimba,Pagamentos,57508.0,3947721.7
2025,Julho,Niassa,Mandimba,Pagamentos,81576.0,5673102.22
2025,Agosto,Niassa,Mandimba,Pagamentos,88237.0,5725351.57
2025,Setembro,Niassa,Mandimba,Pagamentos,68183.0,4624760.62
2025,Outubro,Niassa,Mandimba,Pagamentos,73828.0,4991917.46
2025,Novembro,Niassa,Mandimba,Pagamentos,72399.0,4747824.78
2025,Dezembro,Niassa,Mandimba,Pagamentos,72699.0,4787677.1
2025,Janeiro,Niassa,Marrupa,Pagamentos,18126.0,1721096.76
2025,Fevereiro,Niassa,Marrupa,Pagamentos,17700.0,1775653.66
2025,Março,Niassa,Marrupa,Pagamentos,20392.0,2110879.83
2025,Abril,Niassa,Marrupa,Pagamentos,20328.0,2106780.1
2025,Maio,Niassa,Marrupa,Pagamentos,22013.0,2195792.74
2025,Junho,Niassa,Marrupa,Pagamentos,25015.0,2254985.41
2025,Julho,Niassa,Marrupa,Pagamentos,29998.0,2492862.27
2025,Agosto,Niassa,Marrupa,Pagamentos,31492.0,2360952.61
2025,Setembro,Niassa,Marrupa,Pagamentos,27170.0,2143970.53
2025,Outubro,Niassa,Marrupa,Pagamentos,31147.0,2674062.94
2025,Novembro,Niassa,Marrupa,Pagamentos,30379.0,2541381.85
2025,Dezembro,Niassa,Marrupa,Pagamentos,24785.0,2042780.6099999999
2025,Janeiro,Niassa,Maúa,Pagamentos,11231.0,1001549.91
2025,Fevereiro,Niassa,Maúa,Pagamentos,10852.0,932612.92
2025,Março,Niassa,Maúa,Pagamentos,13041.0,1278073.87
2025,Abril,Niassa,Maúa,Pagamentos,12366.0,1148025.95
2025,Maio,Niassa,Maúa,Pagamentos,12215.0,969054.6
2025,Junho,Niassa,Maúa,Pagamentos,14607.0,981947.8
2025,Julho,Niassa,Maúa,Pagamentos,18260.0,1190861.81
2025,Agosto,Niassa,Maúa,Pagamentos,19109.0,1079676.35
2025,Setembro,Niassa,Maúa,Pagamentos,15688.0,1112520.3599999999
2025,Outubro,Niassa,Maúa,Pagamentos,17230.0,1833654.01
2025,Novembro,Niassa,Maúa,Pagamentos,17191.0,2030384.23
2025,Dezembro,Niassa,Maúa,Pagamentos,15026.0,1088010.34
2025,Janeiro,Niassa,Mavago,Pagamentos,4361.0,359005.13
2025,Fevereiro,Niassa,Mavago,Pagamentos,4264.0,373159.0
2025,Março,Niassa,Mavago,Pagamentos,4933.0,347282.33999999997
2025,Abril,Niassa,Mavago,Pagamentos,4950.0,358932.83
2025,Maio,Niassa,Mavago,Pagamentos,5991.0,384229.19
2025,Junho,Niassa,Mavago,Pagamentos,7332.0,468471.06
2025,Julho,Niassa,Mavago,Pagamentos,9529.0,531422.0
2025,Agosto,Niassa,Mavago,Pagamentos,9503.0,479684.13
2025,Setembro,Niassa,Mavago,Pagamentos,7871.0,491821.5
2025,Outubro,Niassa,Mavago,Pagamentos,8956.0,637610.0
2025,Novembro,Niassa,Mavago,Pagamentos,8439.0,588280.3
2025,Dezembro,Niassa,Mavago,Pagamentos,8169.0,554532.8
2025,Janeiro,Niassa,Mecanhelas,Pagamentos,32696.0,3040159.25
2025,Fevereiro,Niassa,Mecanhelas,Pagamentos,31885.0,2965126.39
2025,Março,Niassa,Mecanhelas,Pagamentos,42357.0,4111743.4699999997
2025,Abril,Niassa,Mecanhelas,Pagamentos,40751.0,4159229.83
2025,Maio,Niassa,Mecanhelas,Pagamentos,44559.0,3845500.6
2025,Junho,Niassa,Mecanhelas,Pagamentos,47783.0,3647745.1
2025,Julho,Niassa,Mecanhelas,Pagamentos,60165.0,4071264.62
2025,Agosto,Niassa,Mecanhelas,Pagamentos,63288.0,3885667.85
2025,Setembro,Niassa,Mecanhelas,Pagamentos,50715.0,3813081.92
2025,Outubro,Niassa,Mecanhelas,Pagamentos,56735.0,4580687.54
2025,Novembro,Niassa,Mecanhelas,Pagamentos,52977.0,4034792.25
2025,Dezembro,Niassa,Mecanhelas,Pagamentos,49960.0,3806882.66
2025,Janeiro,Niassa,Mecula,Pagamentos,3232.0,338343.77
2025,Fevereiro,Niassa,Mecula,Pagamentos,3365.0,390117.75
2025,Março,Niassa,Mecula,Pagamentos,3908.0,424417.77
2025,Abril,Niassa,Mecula,Pagamentos,4244.0,525175.19
2025,Maio,Niassa,Mecula,Pagamentos,4783.0,510270.4
2025,Junho,Niassa,Mecula,Pagamentos,5290.0,459312.5
2025,Julho,Niassa,Mecula,Pagamentos,6688.0,568134.5
2025,Agosto,Niassa,Mecula,Pagamentos,7030.0,597619.45
2025,Setembro,Niassa,Mecula,Pagamentos,6541.0,608950.1
2025,Outubro,Niassa,Mecula,Pagamentos,7134.0,628898.21
2025,Novembro,Niassa,Mecula,Pagamentos,7242.0,691356.66
2025,Dezembro,Niassa,Mecula,Pagamentos,6775.0,612886.4
2025,Janeiro,Niassa,Metarica,Pagamentos,9729.0,767492.42
2025,Fevereiro,Niassa,Metarica,Pagamentos,9425.0,925367.74
2025,Março,Niassa,Metarica,Pagamentos,12165.0,990427.35
2025,Abril,Niassa,Metarica,Pagamentos,13158.0,1127429.76
2025,Maio,Niassa,Metarica,Pagamentos,12711.0,1317889.56
2025,Junho,Niassa,Metarica,Pagamentos,13172.0,1046272.81
2025,Julho,Niassa,Metarica,Pagamentos,15622.0,1020604.15
2025,Agosto,Niassa,Metarica,Pagamentos,18118.0,1216068.63
2025,Setembro,Niassa,Metarica,Pagamentos,15223.0,1121767.3599999999
2025,Outubro,Niassa,Metarica,Pagamentos,17065.0,1413947.6800000002
2025,Novembro,Niassa,Metarica,Pagamentos,15542.0,1361595.78
2025,Dezembro,Niassa,Metarica,Pagamentos,14921.0,1270021.77
2025,Janeiro,Niassa,Muembe,Pagamentos,14037.0,1228448.43
2025,Fevereiro,Niassa,Muembe,Pagamentos,12677.0,952538.08
2025,Março,Niassa,Muembe,Pagamentos,15032.0,1120073.69
2025,Abril,Niassa,Muembe,Pagamentos,15340.0,1337688.6099999999
2025,Maio,Niassa,Muembe,Pagamentos,18275.0,1707713.0
2025,Junho,Niassa,Muembe,Pagamentos,19857.0,1709471.47
2025,Julho,Niassa,Muembe,Pagamentos,23166.0,1857997.73
2025,Agosto,Niassa,Muembe,Pagamentos,22442.0,1621872.8
2025,Setembro,Niassa,Muembe,Pagamentos,20249.0,1690234.78
2025,Outubro,Niassa,Muembe,Pagamentos,21118.0,2062707.4
2025,Novembro,Niassa,Muembe,Pagamentos,19526.0,1896173.37
2025,Dezembro,Niassa,Muembe,Pagamentos,18556.0,1742972.55
2025,Janeiro,Niassa,N´gauma,Pagamentos,11561.0,1021163.56
2025,Fevereiro,Niassa,N´gauma,Pagamentos,10556.0,982823.2
2025,Março,Niassa,N´gauma,Pagamentos,13442.0,1284540.54
2025,Abril,Niassa,N´gauma,Pagamentos,14106.0,1362436.0
2025,Maio,Niassa,N´gauma,Pagamentos,14101.0,1354501.0
2025,Junho,Niassa,N´gauma,Pagamentos,15027.0,1256739.5
2025,Julho,Niassa,N´gauma,Pagamentos,18406.0,1582934.0
2025,Agosto,Niassa,N´gauma,Pagamentos,18135.0,1399893.81
2025,Setembro,Niassa,N´gauma,Pagamentos,16872.0,1630899.6099999999
2025,Outubro,Niassa,N´gauma,Pagamentos,18132.0,1547527.67
2025,Novembro,Niassa,N´gauma,Pagamentos,17488.0,1520140.08
2025,Dezembro,Niassa,N´gauma,Pagamentos,17150.0,1354477.96
2025,Janeiro,Niassa,Nipepe,Pagamentos,7919.0,599497.49
2025,Fevereiro,Niassa,Nipepe,Pagamentos,6832.0,542690.83
2025,Março,Niassa,Nipepe,Pagamentos,8604.0,664395.83
2025,Abril,Niassa,Nipepe,Pagamentos,8624.0,707052.39
2025,Maio,Niassa,Nipepe,Pagamentos,8942.0,645351.99
2025,Junho,Niassa,Nipepe,Pagamentos,9984.0,627562.77
2025,Julho,Niassa,Nipepe,Pagamentos,13597.0,831867.01
2025,Agosto,Niassa,Nipepe,Pagamentos,14363.0,772706.52
2025,Setembro,Niassa,Nipepe,Pagamentos,11412.0,725470.39
2025,Outubro,Niassa,Nipepe,Pagamentos,12591.0,838254.87
2025,Novembro,Niassa,Nipepe,Pagamentos,11967.0,702563.37
2025,Dezembro,Niassa,Nipepe,Pagamentos,12241.0,778197.58
2025,Janeiro,Niassa,Sanga,Pagamentos,24424.0,2032633.2
2025,Fevereiro,Niassa,Sanga,Pagamentos,25355.0,2313875.05
2025,Março,Niassa,Sanga,Pagamentos,30089.0,2206139.42
2025,Abril,Niassa,Sanga,Pagamentos,29950.0,2316333.81
2025,Maio,Niassa,Sanga,Pagamentos,32068.0,2609596.45
2025,Junho,Niassa,Sanga,Pagamentos,33485.0,2421329.29
2025,Julho,Niassa,Sanga,Pagamentos,43058.0,2882439.06
2025,Agosto,Niassa,Sanga,Pagamentos,42902.0,2821534.8
2025,Setembro,Niassa,Sanga,Pagamentos,36481.0,2812795.04
2025,Outubro,Niassa,Sanga,Pagamentos,39186.0,3414913.09
2025,Novembro,Niassa,Sanga,Pagamentos,38425.0,3269496.37
2025,Dezembro,Niassa,Sanga,Pagamentos,35331.0,2506917.85
2025,Janeiro,Niassa,Chimbunhila,Pagamentos,13529.0,1202609.23
2025,Fevereiro,Niassa,Chimbunhila,Pagamentos,14511.0,1381742.46
2025,Março,Niassa,Chimbunhila,Pagamentos,18131.0,1596301.13
2025,Abril,Niassa,Chimbunhila,Pagamentos,15965.0,1490843.3599999999
2025,Maio,Niassa,Chimbunhila,Pagamentos,18174.0,1779865.79
2025,Junho,Niassa,Chimbunhila,Pagamentos,20311.0,1772683.57
2025,Julho,Niassa,Chimbunhila,Pagamentos,24595.0,2255003.2
2025,Agosto,Niassa,Chimbunhila,Pagamentos,25207.0,2380211.08
2025,Setembro,Niassa,Chimbunhila,Pagamentos,21896.0,2573831.1
2025,Outubro,Niassa,Chimbunhila,Pagamentos,23946.0,2686030.09
2025,Novembro,Niassa,Chimbunhila,Pagamentos,20243.0,2002881.0899999999
2025,Dezembro,Niassa,Chimbunhila,Pagamentos,19365.0,1800890.25
