Year,Month,Province,District,Transaction_Type,Volume,Value
2023,Janeiro,Província de Maputo,Cidade de Maputo,Depósitos,4227546.0,4236412517.67
2023,Fevereiro,Província de Maputo,Cidade de Maputo,Depósitos,4320556.0,4542685835.35
2023,Março,Província de Maputo,Cidade de Maputo,Depósitos,5073832.0,5320398970.139999
2023,Abril,Província de Maputo,Cidade de Maputo,Depósitos,4979650.0,5008908987.34
2023,Maio,Província de Maputo,Cidade de Maputo,Depósitos,5254747.0,5368651403.13
2023,Junho,Província de Maputo,Cidade de Maputo,Depósitos,5072428.0,5262988244.72
2023,Julho,Província de Maputo,Cidade de Maputo,Depósitos,5488758.0,5714362551.03
2023,Agosto,Província de Maputo,Cidade de Maputo,Depósitos,6075842.0,6166669242.059999
2023,Setembro,Província de Maputo,Cidade de Maputo,Depósitos,6008002.0,6250067068.23
2023,Outubro,Província de Maputo,Cidade de Maputo,Depósitos,5636627.0,5910089389.04
2023,Novembro,Província de Maputo,Cidade de Maputo,Depósitos,7622435.0,7867795298.52
2023,Dezembro,Província de Maputo,Cidade de Maputo,Depósitos,6455796.0,7835124855.129999
2023,Janeiro,Província de Maputo,Cidade da Matola,Depósitos,3491970.0,2746149496.6
2023,Fevereiro,Província de Maputo,Cidade da Matola,Depósitos,3409269.0,2725082086.48
2023,Março,Província de Maputo,Cidade da Matola,Depósitos,3942882.0,3131920736.63
2023,Abril,Província de Maputo,Cidade da Matola,Depósitos,3939018.0,3097832153.26
2023,Maio,Província de Maputo,Cidade da Matola,Depósitos,4165811.0,3319522712.29
2023,Junho,Província de Maputo,Cidade da Matola,Depósitos,3993215.0,3207759170.77
2023,Julho,Província de Maputo,Cidade da Matola,Depósitos,4462921.0,3610269564.67
2023,Agosto,Província de Maputo,Cidade da Matola,Depósitos,4866485.0,3944539758.71
2023,Setembro,Província de Maputo,Cidade da Matola,Depósitos,4861333.0,4037989131.64
2023,Outubro,Província de Maputo,Cidade da Matola,Depósitos,4762601.0,3968088224.14
2023,Novembro,Província de Maputo,Cidade da Matola,Depósitos,6364448.0,5398861550.23
2023,Dezembro,Província de Maputo,Cidade da Matola,Depósitos,5356544.0,5297539127.8
2023,Janeiro,Província de Maputo,Boane,Depósitos,491695.0,418141167.47
2023,Fevereiro,Província de Maputo,Boane,Depósitos,466295.0,403090122.25
2023,Março,Província de Maputo,Boane,Depósitos,566258.0,477569123.41
2023,Abril,Província de Maputo,Boane,Depósitos,600507.0,502447499.88
2023,Maio,Província de Maputo,Boane,Depósitos,629860.0,511019671.72
2023,Junho,Província de Maputo,Boane,Depósitos,616606.0,529719745.15
2023,Julho,Província de Maputo,Boane,Depósitos,682996.0,580567615.26
2023,Agosto,Província de Maputo,Boane,Depósitos,758309.0,641902545.06
2023,Setembro,Província de Maputo,Boane,Depósitos,756812.0,657877833.3299999
2023,Outubro,Província de Maputo,Boane,Depósitos,763385.0,666294310.22
2023,Novembro,Província de Maputo,Boane,Depósitos,997433.0,883863884.86
2023,Dezembro,Província de Maputo,Boane,Depósitos,880994.0,924516296.06
2023,Janeiro,Província de Maputo,Magude,Depósitos,55480.0,49155649.27
2023,Fevereiro,Província de Maputo,Magude,Depósitos,52766.0,43350104.79
2023,Março,Província de Maputo,Magude,Depósitos,66115.0,57635748.58
2023,Abril,Província de Maputo,Magude,Depósitos,68100.0,56069358.870000005
2023,Maio,Província de Maputo,Magude,Depósitos,72400.0,61276810.91
2023,Junho,Província de Maputo,Magude,Depósitos,71856.0,67416596.75
2023,Julho,Província de Maputo,Magude,Depósitos,76718.0,68969803.34
2023,Agosto,Província de Maputo,Magude,Depósitos,83733.0,73415414.97999999
2023,Setembro,Província de Maputo,Magude,Depósitos,83049.0,75561974.46000001
2023,Outubro,Província de Maputo,Magude,Depósitos,85149.0,74657295.5
2023,Novembro,Província de Maputo,Magude,Depósitos,114057.0,98164689.42
2023,Dezembro,Província de Maputo,Magude,Depósitos,93200.0,98658657.08
2023,Janeiro,Província de Maputo,Manhiça,Depósitos,301817.0,197008369.55
2023,Fevereiro,Província de Maputo,Manhiça,Depósitos,286585.0,190177708.29
2023,Março,Província de Maputo,Manhiça,Depósitos,330075.0,213692077.03
2023,Abril,Província de Maputo,Manhiça,Depósitos,335690.0,211164365.28
2023,Maio,Província de Maputo,Manhiça,Depósitos,357999.0,229327761.38
2023,Junho,Província de Maputo,Manhiça,Depósitos,334106.0,227459998.43
2023,Julho,Província de Maputo,Manhiça,Depósitos,372502.0,256789699.1
2023,Agosto,Província de Maputo,Manhiça,Depósitos,404494.0,268981326.56
2023,Setembro,Província de Maputo,Manhiça,Depósitos,405161.0,274881025.85
2023,Outubro,Província de Maputo,Manhiça,Depósitos,400512.0,274438633.94
2023,Novembro,Província de Maputo,Manhiça,Depósitos,503520.0,332163106.32
2023,Dezembro,Província de Maputo,Manhiça,Depósitos,449876.0,351333263.6
2023,Janeiro,Província de Maputo,Marracuene,Depósitos,593091.0,481746701.21
2023,Fevereiro,Província de Maputo,Marracuene,Depósitos,569223.0,471998858.01
2023,Março,Província de Maputo,Marracuene,Depósitos,672181.0,575043185.44
2023,Abril,Província de Maputo,Marracuene,Depósitos,807677.0,674466825.45
2023,Maio,Província de Maputo,Marracuene,Depósitos,868348.0,699670583.89
2023,Junho,Província de Maputo,Marracuene,Depósitos,843370.0,725471627.3399999
2023,Julho,Província de Maputo,Marracuene,Depósitos,946325.0,798935135.5899999
2023,Agosto,Província de Maputo,Marracuene,Depósitos,1025570.0,848167449.0799999
2023,Setembro,Província de Maputo,Marracuene,Depósitos,1039483.0,890161572.78
2023,Outubro,Província de Maputo,Marracuene,Depósitos,1024103.0,966671813.46
2023,Novembro,Província de Maputo,Marracuene,Depósitos,1338117.0,1294840619.4099998
2023,Dezembro,Província de Maputo,Marracuene,Depósitos,1158546.0,1301322691.36
2023,Janeiro,Província de Maputo,Matutuíne,Depósitos,80559.0,70493603.22
2023,Fevereiro,Província de Maputo,Matutuíne,Depósitos,77138.0,59272259.66
2023,Março,Província de Maputo,Matutuíne,Depósitos,93245.0,71028575.17
2023,Abril,Província de Maputo,Matutuíne,Depósitos,98341.0,78992058.13
2023,Maio,Província de Maputo,Matutuíne,Depósitos,100006.0,77594705.46000001
2023,Junho,Província de Maputo,Matutuíne,Depósitos,97025.0,78068801.35
2023,Julho,Província de Maputo,Matutuíne,Depósitos,107569.0,86622812.84
2023,Agosto,Província de Maputo,Matutuíne,Depósitos,122642.0,94645024.95
2023,Setembro,Província de Maputo,Matutuíne,Depósitos,121668.0,97137871.37
2023,Outubro,Província de Maputo,Matutuíne,Depósitos,122119.0,95773221.21
2023,Novembro,Província de Maputo,Matutuíne,Depósitos,169422.0,133612587.13
2023,Dezembro,Província de Maputo,Matutuíne,Depósitos,148988.0,147517491.13
2023,Janeiro,Província de Maputo,Namaacha,Depósitos,47091.0,42723682.75
2023,Fevereiro,Província de Maputo,Namaacha,Depósitos,41805.0,47249290.3
2023,Março,Província de Maputo,Namaacha,Depósitos,51020.0,51148921.23
2023,Abril,Província de Maputo,Namaacha,Depósitos,52805.0,55282568.86
2023,Maio,Província de Maputo,Namaacha,Depósitos,56131.0,56128947.75
2023,Junho,Província de Maputo,Namaacha,Depósitos,57922.0,61128813.86
2023,Julho,Província de Maputo,Namaacha,Depósitos,60927.0,61563416.97
2023,Agosto,Província de Maputo,Namaacha,Depósitos,63811.0,64873243.53
2023,Setembro,Província de Maputo,Namaacha,Depósitos,64164.0,66623285.89
2023,Outubro,Província de Maputo,Namaacha,Depósitos,62182.0,62171016.69
2023,Novembro,Província de Maputo,Namaacha,Depósitos,82755.0,78710740.46000001
2023,Dezembro,Província de Maputo,Namaacha,Depósitos,69957.0,78035035.11
2023,Janeiro,Província de Maputo,Moamba,Depósitos,185203.0,258665720.64
2023,Fevereiro,Província de Maputo,Moamba,Depósitos,184082.0,276393863.68
2023,Março,Província de Maputo,Moamba,Depósitos,220025.0,339623114.24
2023,Abril,Província de Maputo,Moamba,Depósitos,220381.0,326299134.28
2023,Maio,Província de Maputo,Moamba,Depósitos,230787.0,342563117.86
2023,Junho,Província de Maputo,Moamba,Depósitos,220799.0,336784211.47
2023,Julho,Província de Maputo,Moamba,Depósitos,242340.0,353687626.35
2023,Agosto,Província de Maputo,Moamba,Depósitos,268856.0,389825027.52
2023,Setembro,Província de Maputo,Moamba,Depósitos,269565.0,393112220.67
2023,Outubro,Província de Maputo,Moamba,Depósitos,270058.0,448613058.98
2023,Novembro,Província de Maputo,Moamba,Depósitos,360087.0,566938993.12
2023,Dezembro,Província de Maputo,Moamba,Depósitos,302352.0,450737923.9
2023,Janeiro,Gaza,Cidade de Xai-Xai,Depósitos,412038.0,376785358.95
2023,Fevereiro,Gaza,Cidade de Xai-Xai,Depósitos,406138.0,368675394.14
2023,Março,Gaza,Cidade de Xai-Xai,Depósitos,477794.0,414836734.28
2023,Abril,Gaza,Cidade de Xai-Xai,Depósitos,473190.0,388208766.41
2023,Maio,Gaza,Cidade de Xai-Xai,Depósitos,504217.0,410853332.15
2023,Junho,Gaza,Cidade de Xai-Xai,Depósitos,479097.0,408526669.18
2023,Julho,Gaza,Cidade de Xai-Xai,Depósitos,529004.0,441593505.21
2023,Agosto,Gaza,Cidade de Xai-Xai,Depósitos,588772.0,478994156.79
2023,Setembro,Gaza,Cidade de Xai-Xai,Depósitos,576921.0,448725678.71
2023,Outubro,Gaza,Cidade de Xai-Xai,Depósitos,567879.0,446436037.83
2023,Novembro,Gaza,Cidade de Xai-Xai,Depósitos,789113.0,633859880.98
2023,Dezembro,Gaza,Cidade de Xai-Xai,Depósitos,672441.0,657133001.87
2023,Janeiro,Gaza,Bilene-Macia,Depósitos,256518.0,218203536.93
2023,Fevereiro,Gaza,Bilene-Macia,Depósitos,232965.0,206975098.46
2023,Março,Gaza,Bilene-Macia,Depósitos,265957.0,244262418.33
2023,Abril,Gaza,Bilene-Macia,Depósitos,268850.0,236916180.35
2023,Maio,Gaza,Bilene-Macia,Depósitos,276770.0,242580582.14
2023,Junho,Gaza,Bilene-Macia,Depósitos,268079.0,250665860.15
2023,Julho,Gaza,Bilene-Macia,Depósitos,292816.0,272992740.21
2023,Agosto,Gaza,Bilene-Macia,Depósitos,320366.0,265995329.51
2023,Setembro,Gaza,Bilene-Macia,Depósitos,313191.0,267507249.61
2023,Outubro,Gaza,Bilene-Macia,Depósitos,312729.0,280028594.90999997
2023,Novembro,Gaza,Bilene-Macia,Depósitos,417793.0,354379233.53
2023,Dezembro,Gaza,Bilene-Macia,Depósitos,385053.0,376898999.07
2023,Janeiro,Gaza,Chibuto,Depósitos,138362.0,124980550.11
2023,Fevereiro,Gaza,Chibuto,Depósitos,128177.0,118973855.09
2023,Março,Gaza,Chibuto,Depósitos,146800.0,135523278.57
2023,Abril,Gaza,Chibuto,Depósitos,150804.0,133137787.43
2023,Maio,Gaza,Chibuto,Depósitos,161248.0,141564053.71
2023,Junho,Gaza,Chibuto,Depósitos,156774.0,148367327.56
2023,Julho,Gaza,Chibuto,Depósitos,167235.0,154502503.54
2023,Agosto,Gaza,Chibuto,Depósitos,190680.0,166973486.15
2023,Setembro,Gaza,Chibuto,Depósitos,186546.0,158792673.28
2023,Outubro,Gaza,Chibuto,Depósitos,195750.0,181418019.49
2023,Novembro,Gaza,Chibuto,Depósitos,264730.0,235786997.36
2023,Dezembro,Gaza,Chibuto,Depósitos,237437.0,241221696.66
2023,Janeiro,Gaza,Chicualacuala,Depósitos,24933.0,20602088.06
2023,Fevereiro,Gaza,Chicualacuala,Depósitos,25176.0,21045261.19
2023,Março,Gaza,Chicualacuala,Depósitos,28214.0,24111502.63
2023,Abril,Gaza,Chicualacuala,Depósitos,30932.0,23052714.59
2023,Maio,Gaza,Chicualacuala,Depósitos,33602.0,24598724.38
2023,Junho,Gaza,Chicualacuala,Depósitos,31641.0,23502630.72
2023,Julho,Gaza,Chicualacuala,Depósitos,36447.0,26541149.62
2023,Agosto,Gaza,Chicualacuala,Depósitos,40104.0,29585562.48
2023,Setembro,Gaza,Chicualacuala,Depósitos,39472.0,24498599.29
2023,Outubro,Gaza,Chicualacuala,Depósitos,39563.0,24937176.62
2023,Novembro,Gaza,Chicualacuala,Depósitos,55902.0,40706727.92
2023,Dezembro,Gaza,Chicualacuala,Depósitos,45081.0,39004110.02
2023,Janeiro,Gaza,Chigubo,Depósitos,7106.0,6947284.23
2023,Fevereiro,Gaza,Chigubo,Depósitos,8310.0,7078484.17
2023,Março,Gaza,Chigubo,Depósitos,8556.0,6489300.86
2023,Abril,Gaza,Chigubo,Depósitos,9097.0,7434521.24
2023,Maio,Gaza,Chigubo,Depósitos,9796.0,8581436.57
2023,Junho,Gaza,Chigubo,Depósitos,9439.0,8349985.49
2023,Julho,Gaza,Chigubo,Depósitos,11829.0,10578144.4
2023,Agosto,Gaza,Chigubo,Depósitos,12707.0,11326065.47
2023,Setembro,Gaza,Chigubo,Depósitos,13021.0,10266392.4
2023,Outubro,Gaza,Chigubo,Depósitos,12944.0,10467996.56
2023,Novembro,Gaza,Chigubo,Depósitos,19178.0,16653110.82
2023,Dezembro,Gaza,Chigubo,Depósitos,14909.0,17117991.93
2023,Janeiro,Gaza,Chókwè,Depósitos,221934.0,198634241.48
2023,Fevereiro,Gaza,Chókwè,Depósitos,215406.0,184823233.81
2023,Março,Gaza,Chókwè,Depósitos,252984.0,214149886.38
2023,Abril,Gaza,Chókwè,Depósitos,267905.0,220945314.95
2023,Maio,Gaza,Chókwè,Depósitos,282859.0,230621993.94
2023,Junho,Gaza,Chókwè,Depósitos,272434.0,238948502.28
2023,Julho,Gaza,Chókwè,Depósitos,300312.0,258914615.32
2023,Agosto,Gaza,Chókwè,Depósitos,334232.0,283413455.11
2023,Setembro,Gaza,Chókwè,Depósitos,326601.0,270173977.2
2023,Outubro,Gaza,Chókwè,Depósitos,328023.0,264251902.68
2023,Novembro,Gaza,Chókwè,Depósitos,457203.0,373518042.35
2023,Dezembro,Gaza,Chókwè,Depósitos,390913.0,362636762.71
2023,Janeiro,Gaza,Guijá,Depósitos,33346.0,26981892.45
2023,Fevereiro,Gaza,Guijá,Depósitos,35013.0,30971756.78
2023,Março,Gaza,Guijá,Depósitos,41182.0,37550200.58
2023,Abril,Gaza,Guijá,Depósitos,42170.0,37115812.45
2023,Maio,Gaza,Guijá,Depósitos,46695.0,41122160.44
2023,Junho,Gaza,Guijá,Depósitos,44957.0,38868205.66
2023,Julho,Gaza,Guijá,Depósitos,51867.0,47366865.59
2023,Agosto,Gaza,Guijá,Depósitos,55991.0,47125283.93
2023,Setembro,Gaza,Guijá,Depósitos,55409.0,48484026.56
2023,Outubro,Gaza,Guijá,Depósitos,59333.0,50471550.57
2023,Novembro,Gaza,Guijá,Depósitos,82739.0,70666830.02000001
2023,Dezembro,Gaza,Guijá,Depósitos,68569.0,64608338.77
2023,Janeiro,Gaza,Mabalane,Depósitos,27547.0,21066485.28
2023,Fevereiro,Gaza,Mabalane,Depósitos,28464.0,21595361.9
2023,Março,Gaza,Mabalane,Depósitos,31904.0,22206856.61
2023,Abril,Gaza,Mabalane,Depósitos,33830.0,23061952.36
2023,Maio,Gaza,Mabalane,Depósitos,35080.0,25551296.28
2023,Junho,Gaza,Mabalane,Depósitos,32637.0,26799027.06
2023,Julho,Gaza,Mabalane,Depósitos,38850.0,29174484.76
2023,Agosto,Gaza,Mabalane,Depósitos,45969.0,34323533.64
2023,Setembro,Gaza,Mabalane,Depósitos,44365.0,29689901.17
2023,Outubro,Gaza,Mabalane,Depósitos,46661.0,31149958.04
2023,Novembro,Gaza,Mabalane,Depósitos,67327.0,45917540.95
2023,Dezembro,Gaza,Mabalane,Depósitos,53153.0,42226514.72
2023,Janeiro,Gaza,Manjacaze,Depósitos,116836.0,76074319.4
2023,Fevereiro,Gaza,Manjacaze,Depósitos,105426.0,87475188.39
2023,Março,Gaza,Manjacaze,Depósitos,117050.0,77882103.87
2023,Abril,Gaza,Manjacaze,Depósitos,116758.0,76997781.13
2023,Maio,Gaza,Manjacaze,Depósitos,126187.0,81602998.4
2023,Junho,Gaza,Manjacaze,Depósitos,123061.0,84421946.58
2023,Julho,Gaza,Manjacaze,Depósitos,136885.0,89627926.63
2023,Agosto,Gaza,Manjacaze,Depósitos,151721.0,94085636.04
2023,Setembro,Gaza,Manjacaze,Depósitos,142282.0,82669186.07
2023,Outubro,Gaza,Manjacaze,Depósitos,144553.0,85725088.38
2023,Novembro,Gaza,Manjacaze,Depósitos,203899.0,124644844.67
2023,Dezembro,Gaza,Manjacaze,Depósitos,178220.0,132128692.7
2023,Janeiro,Gaza,Massangena,Depósitos,7960.0,9435820.4
2023,Fevereiro,Gaza,Massangena,Depósitos,9509.0,10741294.26
2023,Março,Gaza,Massangena,Depósitos,10791.0,9557187.58
2023,Abril,Gaza,Massangena,Depósitos,11370.0,8021181.92
2023,Maio,Gaza,Massangena,Depósitos,11098.0,9599774.04
2023,Junho,Gaza,Massangena,Depósitos,10580.0,10262269.87
2023,Julho,Gaza,Massangena,Depósitos,12687.0,11684361.49
2023,Agosto,Gaza,Massangena,Depósitos,14264.0,13939060.31
2023,Setembro,Gaza,Massangena,Depósitos,14450.0,11777373.75
2023,Outubro,Gaza,Massangena,Depósitos,13802.0,10620696.46
2023,Novembro,Gaza,Massangena,Depósitos,20626.0,20278909.54
2023,Dezembro,Gaza,Massangena,Depósitos,17223.0,21832608.58
2023,Janeiro,Gaza,Massingir,Depósitos,18673.0,20662123.81
2023,Fevereiro,Gaza,Massingir,Depósitos,20780.0,25031712.1
2023,Março,Gaza,Massingir,Depósitos,25271.0,26876191.12
2023,Abril,Gaza,Massingir,Depósitos,26259.0,24737598.15
2023,Maio,Gaza,Massingir,Depósitos,27078.0,25228995.49
2023,Junho,Gaza,Massingir,Depósitos,24961.0,22153341.32
2023,Julho,Gaza,Massingir,Depósitos,28665.0,26061021.98
2023,Agosto,Gaza,Massingir,Depósitos,32879.0,29682135.99
2023,Setembro,Gaza,Massingir,Depósitos,33500.0,28345732.76
2023,Outubro,Gaza,Massingir,Depósitos,34229.0,30506458.35
2023,Novembro,Gaza,Massingir,Depósitos,50099.0,51256499.11
2023,Dezembro,Gaza,Massingir,Depósitos,40990.0,51710061.2
2023,Janeiro,Gaza,Chonguene,Depósitos,103066.0,70883875.18
2023,Fevereiro,Gaza,Chonguene,Depósitos,93022.0,66130761.49
2023,Março,Gaza,Chonguene,Depósitos,108798.0,75516999.09
2023,Abril,Gaza,Chonguene,Depósitos,121684.0,89112933.44
2023,Maio,Gaza,Chonguene,Depósitos,126084.0,83441177.2
2023,Junho,Gaza,Chonguene,Depósitos,119442.0,88222050.66
2023,Julho,Gaza,Chonguene,Depósitos,132785.0,94966111.43
2023,Agosto,Gaza,Chonguene,Depósitos,156449.0,105615063.64
2023,Setembro,Gaza,Chonguene,Depósitos,156316.0,102998176.9
2023,Outubro,Gaza,Chonguene,Depósitos,150514.0,108513323.72
2023,Novembro,Gaza,Chonguene,Depósitos,217264.0,154802115.37
2023,Dezembro,Gaza,Chonguene,Depósitos,186031.0,153165531.18
2023,Janeiro,Gaza,Mapai,Depósitos,26817.0,19766148.25
2023,Fevereiro,Gaza,Mapai,Depósitos,29621.0,21300609.96
2023,Março,Gaza,Mapai,Depósitos,33315.0,25065310.05
2023,Abril,Gaza,Mapai,Depósitos,35409.0,23707017.19
2023,Maio,Gaza,Mapai,Depósitos,37769.0,27454153.1
2023,Junho,Gaza,Mapai,Depósitos,36131.0,28056283.09
2023,Julho,Gaza,Mapai,Depósitos,41692.0,31635270.42
2023,Agosto,Gaza,Mapai,Depósitos,47367.0,33726042.620000005
2023,Setembro,Gaza,Mapai,Depósitos,48605.0,32161758.35
2023,Outubro,Gaza,Mapai,Depósitos,48541.0,30717350.53
2023,Novembro,Gaza,Mapai,Depósitos,70401.0,49665012.23
2023,Dezembro,Gaza,Mapai,Depósitos,57586.0,49276170.23
2023,Janeiro,Gaza,Limpopo,Depósitos,83824.0,52719335.05
2023,Fevereiro,Gaza,Limpopo,Depósitos,77039.0,49295433.36
2023,Março,Gaza,Limpopo,Depósitos,92454.0,61931381.010000005
2023,Abril,Gaza,Limpopo,Depósitos,93518.0,59143193.93
2023,Maio,Gaza,Limpopo,Depósitos,95917.0,56242527.620000005
2023,Junho,Gaza,Limpopo,Depósitos,93217.0,58758061.15
2023,Julho,Gaza,Limpopo,Depósitos,106553.0,68481376.63
2023,Agosto,Gaza,Limpopo,Depósitos,117403.0,72458621.56
2023,Setembro,Gaza,Limpopo,Depósitos,115911.0,67980358.38
2023,Outubro,Gaza,Limpopo,Depósitos,124017.0,74431785.27000001
2023,Novembro,Gaza,Limpopo,Depósitos,168283.0,99039147.89
2023,Dezembro,Gaza,Limpopo,Depósitos,149627.0,104368902.4
2023,Janeiro,Inhambane,Cidade de Inhambane,Depósitos,228622.0,157896470.1
2023,Fevereiro,Inhambane,Cidade de Inhambane,Depósitos,210393.0,139292841.7
2023,Março,Inhambane,Cidade de Inhambane,Depósitos,249277.0,163902759.61
2023,Abril,Inhambane,Cidade de Inhambane,Depósitos,252725.0,160901828.86
2023,Maio,Inhambane,Cidade de Inhambane,Depósitos,266136.0,165105833.49
2023,Junho,Inhambane,Cidade de Inhambane,Depósitos,251976.0,159948994.43
2023,Julho,Inhambane,Cidade de Inhambane,Depósitos,282226.0,184144337.5
2023,Agosto,Inhambane,Cidade de Inhambane,Depósitos,312779.0,210730543.42
2023,Setembro,Inhambane,Cidade de Inhambane,Depósitos,307394.0,204364543.01
2023,Outubro,Inhambane,Cidade de Inhambane,Depósitos,306790.0,206495089.78
2023,Novembro,Inhambane,Cidade de Inhambane,Depósitos,429316.0,302104114.05
2023,Dezembro,Inhambane,Cidade de Inhambane,Depósitos,363586.0,317949731.72
2023,Janeiro,Inhambane,Cidade de Maxixe,Depósitos,287037.0,255940101.1
2023,Fevereiro,Inhambane,Cidade de Maxixe,Depósitos,260261.0,228162969.75
2023,Março,Inhambane,Cidade de Maxixe,Depósitos,311996.0,271588567.43
2023,Abril,Inhambane,Cidade de Maxixe,Depósitos,316869.0,268542365.59000003
2023,Maio,Inhambane,Cidade de Maxixe,Depósitos,332318.0,268616052.58000004
2023,Junho,Inhambane,Cidade de Maxixe,Depósitos,317187.0,271421339.90999997
2023,Julho,Inhambane,Cidade de Maxixe,Depósitos,352825.0,300936044.45
2023,Agosto,Inhambane,Cidade de Maxixe,Depósitos,388354.0,326775746.95
2023,Setembro,Inhambane,Cidade de Maxixe,Depósitos,382218.0,326024294.51
2023,Outubro,Inhambane,Cidade de Maxixe,Depósitos,378281.0,315483389.49
2023,Novembro,Inhambane,Cidade de Maxixe,Depósitos,535155.0,440247387.88
2023,Dezembro,Inhambane,Cidade de Maxixe,Depósitos,464512.0,462007082.72
2023,Janeiro,Inhambane,Funhaloro,Depósitos,28483.0,19034328.27
2023,Fevereiro,Inhambane,Funhaloro,Depósitos,26293.0,19407716.08
2023,Março,Inhambane,Funhaloro,Depósitos,28808.0,22923422.46
2023,Abril,Inhambane,Funhaloro,Depósitos,30820.0,23523478.19
2023,Maio,Inhambane,Funhaloro,Depósitos,32443.0,25940493.92
2023,Junho,Inhambane,Funhaloro,Depósitos,31050.0,24833933.93
2023,Julho,Inhambane,Funhaloro,Depósitos,35099.0,25011280.44
2023,Agosto,Inhambane,Funhaloro,Depósitos,41272.0,31776133.14
2023,Setembro,Inhambane,Funhaloro,Depósitos,41920.0,31736311.91
2023,Outubro,Inhambane,Funhaloro,Depósitos,43101.0,27990456.85
2023,Novembro,Inhambane,Funhaloro,Depósitos,57753.0,44149249.97
2023,Dezembro,Inhambane,Funhaloro,Depósitos,47737.0,41895967.17
2023,Janeiro,Inhambane,Govuro,Depósitos,41863.0,44736611.66
2023,Fevereiro,Inhambane,Govuro,Depósitos,38957.0,38079207.13
2023,Março,Inhambane,Govuro,Depósitos,44025.0,45120790.41
2023,Abril,Inhambane,Govuro,Depósitos,51118.0,50607816.5
2023,Maio,Inhambane,Govuro,Depósitos,52747.0,53759554.55
2023,Junho,Inhambane,Govuro,Depósitos,50589.0,54586790.95
2023,Julho,Inhambane,Govuro,Depósitos,56249.0,52605154.3
2023,Agosto,Inhambane,Govuro,Depósitos,62627.0,58086667.77
2023,Setembro,Inhambane,Govuro,Depósitos,60671.0,51374774.11
2023,Outubro,Inhambane,Govuro,Depósitos,58748.0,49269023.96
2023,Novembro,Inhambane,Govuro,Depósitos,84892.0,68125384.31
2023,Dezembro,Inhambane,Govuro,Depósitos,68180.0,62964365.42
2023,Janeiro,Inhambane,Homoine,Depósitos,57443.0,42025406.97
2023,Fevereiro,Inhambane,Homoine,Depósitos,46987.0,35826456.4
2023,Março,Inhambane,Homoine,Depósitos,54842.0,45304815.9
2023,Abril,Inhambane,Homoine,Depósitos,55252.0,44001427.4
2023,Maio,Inhambane,Homoine,Depósitos,61367.0,46928230.66
2023,Junho,Inhambane,Homoine,Depósitos,60344.0,43898833.77
2023,Julho,Inhambane,Homoine,Depósitos,68757.0,48078729.75
2023,Agosto,Inhambane,Homoine,Depósitos,76422.0,50520461.96
2023,Setembro,Inhambane,Homoine,Depósitos,76243.0,47243410.03
2023,Outubro,Inhambane,Homoine,Depósitos,78451.0,50632960.48
2023,Novembro,Inhambane,Homoine,Depósitos,111090.0,66368403.66
2023,Dezembro,Inhambane,Homoine,Depósitos,98056.0,69072132.47
2023,Janeiro,Inhambane,Inharrime,Depósitos,89956.0,76443118.63
2023,Fevereiro,Inhambane,Inharrime,Depósitos,76640.0,60197334.36
2023,Março,Inhambane,Inharrime,Depósitos,85701.0,69370908.31
2023,Abril,Inhambane,Inharrime,Depósitos,88143.0,68470838.35
2023,Maio,Inhambane,Inharrime,Depósitos,92217.0,69372996.1
2023,Junho,Inhambane,Inharrime,Depósitos,87714.0,68652568.9
2023,Julho,Inhambane,Inharrime,Depósitos,99355.0,75871937.97999999
2023,Agosto,Inhambane,Inharrime,Depósitos,106899.0,77288896.63
2023,Setembro,Inhambane,Inharrime,Depósitos,105463.0,75723943.28999999
2023,Outubro,Inhambane,Inharrime,Depósitos,106041.0,77530299.88
2023,Novembro,Inhambane,Inharrime,Depósitos,143268.0,100325387.69
2023,Dezembro,Inhambane,Inharrime,Depósitos,131048.0,118168318.99
2023,Janeiro,Inhambane,Inhassoro,Depósitos,112209.0,73774312.08
2023,Fevereiro,Inhambane,Inhassoro,Depósitos,103830.0,69258900.5
2023,Março,Inhambane,Inhassoro,Depósitos,118980.0,82864248.27
2023,Abril,Inhambane,Inhassoro,Depósitos,128718.0,88887392.06
2023,Maio,Inhambane,Inhassoro,Depósitos,136945.0,93966212.7
2023,Junho,Inhambane,Inhassoro,Depósitos,134299.0,97161774.99
2023,Julho,Inhambane,Inhassoro,Depósitos,147889.0,110061818.59
2023,Agosto,Inhambane,Inhassoro,Depósitos,160656.0,120879269.3
2023,Setembro,Inhambane,Inhassoro,Depósitos,158841.0,118082405.01
2023,Outubro,Inhambane,Inhassoro,Depósitos,154156.0,109209744.0
2023,Novembro,Inhambane,Inhassoro,Depósitos,212449.0,151927376.9
2023,Dezembro,Inhambane,Inhassoro,Depósitos,175012.0,154748318.8
2023,Janeiro,Inhambane,Jangamo,Depósitos,63440.0,49426487.67
2023,Fevereiro,Inhambane,Jangamo,Depósitos,53966.0,45876174.08
2023,Março,Inhambane,Jangamo,Depósitos,59166.0,48840067.39
2023,Abril,Inhambane,Jangamo,Depósitos,59366.0,47912065.21
2023,Maio,Inhambane,Jangamo,Depósitos,61971.0,47705331.23
2023,Junho,Inhambane,Jangamo,Depósitos,59686.0,51433269.74
2023,Julho,Inhambane,Jangamo,Depósitos,64951.0,51210466.53
2023,Agosto,Inhambane,Jangamo,Depósitos,72942.0,56210340.45
2023,Setembro,Inhambane,Jangamo,Depósitos,72394.0,56528240.86
2023,Outubro,Inhambane,Jangamo,Depósitos,71389.0,56507892.52
2023,Novembro,Inhambane,Jangamo,Depósitos,95577.0,71879286.27000001
2023,Dezembro,Inhambane,Jangamo,Depósitos,91122.0,83223433.47999999
2023,Janeiro,Inhambane,Mabote,Depósitos,28832.0,22838938.9
2023,Fevereiro,Inhambane,Mabote,Depósitos,27393.0,20260465.35
2023,Março,Inhambane,Mabote,Depósitos,28151.0,21624351.26
2023,Abril,Inhambane,Mabote,Depósitos,32767.0,23935984.66
2023,Maio,Inhambane,Mabote,Depósitos,35460.0,28399636.07
2023,Junho,Inhambane,Mabote,Depósitos,34302.0,28241692.19
2023,Julho,Inhambane,Mabote,Depósitos,39358.0,31720348.72
2023,Agosto,Inhambane,Mabote,Depósitos,45053.0,33749422.29
2023,Setembro,Inhambane,Mabote,Depósitos,46214.0,34130751.85
2023,Outubro,Inhambane,Mabote,Depósitos,45487.0,34019855.19
2023,Novembro,Inhambane,Mabote,Depósitos,65165.0,54568515.59
2023,Dezembro,Inhambane,Mabote,Depósitos,54110.0,51570690.5
2023,Janeiro,Inhambane,Massinga,Depósitos,191326.0,221609681.74
2023,Fevereiro,Inhambane,Massinga,Depósitos,159252.0,190510331.97
2023,Março,Inhambane,Massinga,Depósitos,187995.0,229054251.82
2023,Abril,Inhambane,Massinga,Depósitos,196006.0,226481585.2
2023,Maio,Inhambane,Massinga,Depósitos,204969.0,237092421.89
2023,Junho,Inhambane,Massinga,Depósitos,194549.0,255468573.66
2023,Julho,Inhambane,Massinga,Depósitos,214472.0,259733770.6
2023,Agosto,Inhambane,Massinga,Depósitos,233529.0,277868912.65999997
2023,Setembro,Inhambane,Massinga,Depósitos,227849.0,263166502.24
2023,Outubro,Inhambane,Massinga,Depósitos,229118.0,262291484.16
2023,Novembro,Inhambane,Massinga,Depósitos,304933.0,354849096.44
2023,Dezembro,Inhambane,Massinga,Depósitos,271315.0,320224573.9
2023,Janeiro,Inhambane,Morrumbene,Depósitos,82481.0,75710468.37
2023,Fevereiro,Inhambane,Morrumbene,Depósitos,65993.0,58105647.870000005
2023,Março,Inhambane,Morrumbene,Depósitos,77038.0,75897423.0
2023,Abril,Inhambane,Morrumbene,Depósitos,78373.0,68783624.65
2023,Maio,Inhambane,Morrumbene,Depósitos,82336.0,74262249.56
2023,Junho,Inhambane,Morrumbene,Depósitos,80808.0,80251179.02
2023,Julho,Inhambane,Morrumbene,Depósitos,89019.0,82011643.45
2023,Agosto,Inhambane,Morrumbene,Depósitos,96756.0,83234135.21000001
2023,Setembro,Inhambane,Morrumbene,Depósitos,94032.0,77776355.22999999
2023,Outubro,Inhambane,Morrumbene,Depósitos,95322.0,97021851.73
2023,Novembro,Inhambane,Morrumbene,Depósitos,131715.0,118289335.13
2023,Dezembro,Inhambane,Morrumbene,Depósitos,116743.0,111928996.03
2023,Janeiro,Inhambane,Panda,Depósitos,27334.0,15794919.06
2023,Fevereiro,Inhambane,Panda,Depósitos,24360.0,14339603.09
2023,Março,Inhambane,Panda,Depósitos,30031.0,17099790.62
2023,Abril,Inhambane,Panda,Depósitos,32082.0,17956077.07
2023,Maio,Inhambane,Panda,Depósitos,32159.0,18021471.14
2023,Junho,Inhambane,Panda,Depósitos,30328.0,18262859.93
2023,Julho,Inhambane,Panda,Depósitos,35320.0,21040323.39
2023,Agosto,Inhambane,Panda,Depósitos,38709.0,20887141.54
2023,Setembro,Inhambane,Panda,Depósitos,40163.0,21312478.78
2023,Outubro,Inhambane,Panda,Depósitos,37568.0,20789310.56
2023,Novembro,Inhambane,Panda,Depósitos,52861.0,28165177.63
2023,Dezembro,Inhambane,Panda,Depósitos,43813.0,26147532.89
2023,Janeiro,Inhambane,Vilankulo,Depósitos,247872.0,175600222.22
2023,Fevereiro,Inhambane,Vilankulo,Depósitos,223162.0,153983591.74
2023,Março,Inhambane,Vilankulo,Depósitos,274378.0,185125853.68
2023,Abril,Inhambane,Vilankulo,Depósitos,286043.0,193666160.26
2023,Maio,Inhambane,Vilankulo,Depósitos,294339.0,201632673.83
2023,Junho,Inhambane,Vilankulo,Depósitos,280513.0,209195934.24
2023,Julho,Inhambane,Vilankulo,Depósitos,314485.0,223889121.84
2023,Agosto,Inhambane,Vilankulo,Depósitos,348933.0,251596514.77
2023,Setembro,Inhambane,Vilankulo,Depósitos,355308.0,248610999.24
2023,Outubro,Inhambane,Vilankulo,Depósitos,349603.0,250537813.13
2023,Novembro,Inhambane,Vilankulo,Depósitos,479273.0,367594604.73
2023,Dezembro,Inhambane,Vilankulo,Depósitos,411953.0,374806674.25
2023,Janeiro,Inhambane,Zavala (Quissico),Depósitos,96040.0,92013756.47
2023,Fevereiro,Inhambane,Zavala (Quissico),Depósitos,84838.0,80349445.42
2023,Março,Inhambane,Zavala (Quissico),Depósitos,97618.0,88778720.21000001
2023,Abril,Inhambane,Zavala (Quissico),Depósitos,98097.0,85879575.06
2023,Maio,Inhambane,Zavala (Quissico),Depósitos,102912.0,89805888.23
2023,Junho,Inhambane,Zavala (Quissico),Depósitos,99873.0,94039622.23
2023,Julho,Inhambane,Zavala (Quissico),Depósitos,110566.0,96060023.87
2023,Agosto,Inhambane,Zavala (Quissico),Depósitos,123166.0,109659144.59
2023,Setembro,Inhambane,Zavala (Quissico),Depósitos,118740.0,104320647.28
2023,Outubro,Inhambane,Zavala (Quissico),Depósitos,119661.0,104717761.97
2023,Novembro,Inhambane,Zavala (Quissico),Depósitos,163107.0,130765495.0
2023,Dezembro,Inhambane,Zavala (Quissico),Depósitos,146609.0,148324900.04000002
2023,Janeiro,Sofala,Cidade da Beira,Depósitos,1971791.0,1430490974.6
2023,Fevereiro,Sofala,Cidade da Beira,Depósitos,1913966.0,1368502479.76
2023,Março,Sofala,Cidade da Beira,Depósitos,2222477.0,1526187730.27
2023,Abril,Sofala,Cidade da Beira,Depósitos,2351443.0,1558317209.23
2023,Maio,Sofala,Cidade da Beira,Depósitos,2492562.0,1712930387.22
2023,Junho,Sofala,Cidade da Beira,Depósitos,2319984.0,1646401119.96
2023,Julho,Sofala,Cidade da Beira,Depósitos,2603481.0,1823450291.62
2023,Agosto,Sofala,Cidade da Beira,Depósitos,2885504.0,1991032694.85
2023,Setembro,Sofala,Cidade da Beira,Depósitos,2812162.0,1898439965.74
2023,Outubro,Sofala,Cidade da Beira,Depósitos,2836785.0,1901243196.55
2023,Novembro,Sofala,Cidade da Beira,Depósitos,3922121.0,2688553792.35
2023,Dezembro,Sofala,Cidade da Beira,Depósitos,3270077.0,2592389211.01
2023,Janeiro,Sofala,Buzi,Depósitos,64749.0,45780750.620000005
2023,Fevereiro,Sofala,Buzi,Depósitos,67261.0,46765949.16
2023,Março,Sofala,Buzi,Depósitos,74470.0,44876186.08
2023,Abril,Sofala,Buzi,Depósitos,82707.0,47771446.66
2023,Maio,Sofala,Buzi,Depósitos,91672.0,55973546.2
2023,Junho,Sofala,Buzi,Depósitos,88635.0,57983065.29
2023,Julho,Sofala,Buzi,Depósitos,99863.0,59646864.86
2023,Agosto,Sofala,Buzi,Depósitos,113284.0,64421035.43
2023,Setembro,Sofala,Buzi,Depósitos,112686.0,60438842.21
2023,Outubro,Sofala,Buzi,Depósitos,112439.0,60372605.37
2023,Novembro,Sofala,Buzi,Depósitos,167755.0,90155218.19
2023,Dezembro,Sofala,Buzi,Depósitos,139404.0,85434496.77
2023,Janeiro,Sofala,Caia,Depósitos,107685.0,91993306.44
2023,Fevereiro,Sofala,Caia,Depósitos,110556.0,81567159.84
2023,Março,Sofala,Caia,Depósitos,121863.0,81986163.03
2023,Abril,Sofala,Caia,Depósitos,140613.0,87105921.22
2023,Maio,Sofala,Caia,Depósitos,156952.0,101634350.38
2023,Junho,Sofala,Caia,Depósitos,157005.0,111156777.13
2023,Julho,Sofala,Caia,Depósitos,185972.0,139566507.20999998
2023,Agosto,Sofala,Caia,Depósitos,202628.0,133197074.67
2023,Setembro,Sofala,Caia,Depósitos,193353.0,116057641.85
2023,Outubro,Sofala,Caia,Depósitos,193743.0,113726060.59
2023,Novembro,Sofala,Caia,Depósitos,266061.0,157628474.78
2023,Dezembro,Sofala,Caia,Depósitos,223357.0,152564491.57
2023,Janeiro,Sofala,Chemba,Depósitos,21756.0,19185687.52
2023,Fevereiro,Sofala,Chemba,Depósitos,28741.0,20801487.76
2023,Março,Sofala,Chemba,Depósitos,33226.0,20792539.4
2023,Abril,Sofala,Chemba,Depósitos,34928.0,25293640.96
2023,Maio,Sofala,Chemba,Depósitos,37396.0,22756573.3
2023,Junho,Sofala,Chemba,Depósitos,38404.0,24125927.5
2023,Julho,Sofala,Chemba,Depósitos,47576.0,28528424.11
2023,Agosto,Sofala,Chemba,Depósitos,53628.0,28675759.04
2023,Setembro,Sofala,Chemba,Depósitos,51154.0,27214813.31
2023,Outubro,Sofala,Chemba,Depósitos,45879.0,24816256.51
2023,Novembro,Sofala,Chemba,Depósitos,66391.0,40822036.37
2023,Dezembro,Sofala,Chemba,Depósitos,50917.0,32797209.57
2023,Janeiro,Sofala,Cheringoma,Depósitos,37296.0,18364991.42
2023,Fevereiro,Sofala,Cheringoma,Depósitos,40528.0,18869667.76
2023,Março,Sofala,Cheringoma,Depósitos,43756.0,21948235.869999997
2023,Abril,Sofala,Cheringoma,Depósitos,50135.0,20818644.46
2023,Maio,Sofala,Cheringoma,Depósitos,55100.0,24398424.92
2023,Junho,Sofala,Cheringoma,Depósitos,55892.0,25574925.5
2023,Julho,Sofala,Cheringoma,Depósitos,65889.0,31207469.65
2023,Agosto,Sofala,Cheringoma,Depósitos,73571.0,32478511.51
2023,Setembro,Sofala,Cheringoma,Depósitos,71034.0,28770720.04
2023,Outubro,Sofala,Cheringoma,Depósitos,73571.0,35045902.33
2023,Novembro,Sofala,Cheringoma,Depósitos,97911.0,49942880.04
2023,Dezembro,Sofala,Cheringoma,Depósitos,81595.0,61677222.53
2023,Janeiro,Sofala,Chibabava,Depósitos,61460.0,102560633.01
2023,Fevereiro,Sofala,Chibabava,Depósitos,63550.0,112064609.66
2023,Março,Sofala,Chibabava,Depósitos,69771.0,68692207.33
2023,Abril,Sofala,Chibabava,Depósitos,74916.0,70403297.76
2023,Maio,Sofala,Chibabava,Depósitos,79828.0,74784991.18
2023,Junho,Sofala,Chibabava,Depósitos,79563.0,83152187.6
2023,Julho,Sofala,Chibabava,Depósitos,89833.0,85928793.17
2023,Agosto,Sofala,Chibabava,Depósitos,96853.0,89739257.93
2023,Setembro,Sofala,Chibabava,Depósitos,94542.0,78270890.58
2023,Outubro,Sofala,Chibabava,Depósitos,94984.0,76946932.8
2023,Novembro,Sofala,Chibabava,Depósitos,133576.0,106224861.48
2023,Dezembro,Sofala,Chibabava,Depósitos,112349.0,99598870.4
2023,Janeiro,Sofala,Dondo,Depósitos,338511.0,214197315.84
2023,Fevereiro,Sofala,Dondo,Depósitos,306176.0,190714717.05
2023,Março,Sofala,Dondo,Depósitos,335262.0,189848347.34
2023,Abril,Sofala,Dondo,Depósitos,359228.0,204478689.79
2023,Maio,Sofala,Dondo,Depósitos,379131.0,222991343.35
2023,Junho,Sofala,Dondo,Depósitos,368068.0,222178332.67
2023,Julho,Sofala,Dondo,Depósitos,404197.0,249540430.26
2023,Agosto,Sofala,Dondo,Depósitos,441679.0,259954717.48
2023,Setembro,Sofala,Dondo,Depósitos,429721.0,251957419.48
2023,Outubro,Sofala,Dondo,Depósitos,439525.0,258706071.99
2023,Novembro,Sofala,Dondo,Depósitos,578247.0,364711394.4
2023,Dezembro,Sofala,Dondo,Depósitos,527308.0,358629670.85
2023,Janeiro,Sofala,Gorongoza,Depósitos,77325.0,61693415.88
2023,Fevereiro,Sofala,Gorongoza,Depósitos,87230.0,66574387.18
2023,Março,Sofala,Gorongoza,Depósitos,85972.0,58723777.56
2023,Abril,Sofala,Gorongoza,Depósitos,108299.0,69503814.28
2023,Maio,Sofala,Gorongoza,Depósitos,120879.0,82471108.5
2023,Junho,Sofala,Gorongoza,Depósitos,116878.0,104872807.09
2023,Julho,Sofala,Gorongoza,Depósitos,140828.0,118548037.07
2023,Agosto,Sofala,Gorongoza,Depósitos,154521.0,99776500.18
2023,Setembro,Sofala,Gorongoza,Depósitos,158039.0,88148142.72999999
2023,Outubro,Sofala,Gorongoza,Depósitos,160667.0,95712237.2
2023,Novembro,Sofala,Gorongoza,Depósitos,231480.0,124036764.58
2023,Dezembro,Sofala,Gorongoza,Depósitos,192755.0,113359170.11
2023,Janeiro,Sofala,Machanga,Depósitos,12445.0,10974515.88
2023,Fevereiro,Sofala,Machanga,Depósitos,14440.0,11595444.5
2023,Março,Sofala,Machanga,Depósitos,19005.0,13081615.85
2023,Abril,Sofala,Machanga,Depósitos,19291.0,14181050.12
2023,Maio,Sofala,Machanga,Depósitos,20186.0,15374234.55
2023,Junho,Sofala,Machanga,Depósitos,20951.0,17445356.13
2023,Julho,Sofala,Machanga,Depósitos,23586.0,16102005.33
2023,Agosto,Sofala,Machanga,Depósitos,25329.0,19569836.44
2023,Setembro,Sofala,Machanga,Depósitos,25220.0,16283531.92
2023,Outubro,Sofala,Machanga,Depósitos,27109.0,17657826.8
2023,Novembro,Sofala,Machanga,Depósitos,34868.0,24092889.03
2023,Dezembro,Sofala,Machanga,Depósitos,28354.0,24053087.84
2023,Janeiro,Sofala,Maringue,Depósitos,47417.0,34597810.35
2023,Fevereiro,Sofala,Maringue,Depósitos,55645.0,33465288.24
2023,Março,Sofala,Maringue,Depósitos,59147.0,29164886.3
2023,Abril,Sofala,Maringue,Depósitos,65693.0,31484676.76
2023,Maio,Sofala,Maringue,Depósitos,75874.0,43091637.41
2023,Junho,Sofala,Maringue,Depósitos,78888.0,50540258.96
2023,Julho,Sofala,Maringue,Depósitos,91923.0,55142772.42
2023,Agosto,Sofala,Maringue,Depósitos,98942.0,58563362.66
2023,Setembro,Sofala,Maringue,Depósitos,99997.0,50708409.46
2023,Outubro,Sofala,Maringue,Depósitos,93540.0,47487499.61
2023,Novembro,Sofala,Maringue,Depósitos,127473.0,71994294.0
2023,Dezembro,Sofala,Maringue,Depósitos,98695.0,59221922.76
2023,Janeiro,Sofala,Marromeu,Depósitos,73142.0,49655117.87
2023,Fevereiro,Sofala,Marromeu,Depósitos,76189.0,51000899.27
2023,Março,Sofala,Marromeu,Depósitos,81245.0,46747443.95
2023,Abril,Sofala,Marromeu,Depósitos,94087.0,53801608.69
2023,Maio,Sofala,Marromeu,Depósitos,105319.0,57599664.07
2023,Junho,Sofala,Marromeu,Depósitos,104057.0,58913559.65
2023,Julho,Sofala,Marromeu,Depósitos,126522.0,84152503.25999999
2023,Agosto,Sofala,Marromeu,Depósitos,131983.0,82194415.39
2023,Setembro,Sofala,Marromeu,Depósitos,128909.0,67443295.14
2023,Outubro,Sofala,Marromeu,Depósitos,128087.0,75028371.68
2023,Novembro,Sofala,Marromeu,Depósitos,172191.0,101189495.1
2023,Dezembro,Sofala,Marromeu,Depósitos,152943.0,100127765.63
2023,Janeiro,Sofala,Muanza,Depósitos,14598.0,6799294.4
2023,Fevereiro,Sofala,Muanza,Depósitos,17556.0,8851343.0
2023,Março,Sofala,Muanza,Depósitos,18479.0,9810622.41
2023,Abril,Sofala,Muanza,Depósitos,22578.0,12577184.78
2023,Maio,Sofala,Muanza,Depósitos,23198.0,12565063.47
2023,Junho,Sofala,Muanza,Depósitos,24632.0,14579839.43
2023,Julho,Sofala,Muanza,Depósitos,31237.0,18839619.54
2023,Agosto,Sofala,Muanza,Depósitos,34977.0,18590943.869999997
2023,Setembro,Sofala,Muanza,Depósitos,34046.0,17563875.54
2023,Outubro,Sofala,Muanza,Depósitos,32873.0,15860839.94
2023,Novembro,Sofala,Muanza,Depósitos,47348.0,23605876.03
2023,Dezembro,Sofala,Muanza,Depósitos,35933.0,18086090.12
2023,Janeiro,Sofala,Nhamatanda,Depósitos,173200.0,110057217.68
2023,Fevereiro,Sofala,Nhamatanda,Depósitos,169771.0,108705186.17
2023,Março,Sofala,Nhamatanda,Depósitos,202010.0,126141182.45
2023,Abril,Sofala,Nhamatanda,Depósitos,215651.0,131513425.3
2023,Maio,Sofala,Nhamatanda,Depósitos,229374.0,126948211.5
2023,Junho,Sofala,Nhamatanda,Depósitos,214858.0,134620208.01
2023,Julho,Sofala,Nhamatanda,Depósitos,248936.0,160862082.9
2023,Agosto,Sofala,Nhamatanda,Depósitos,273729.0,157731101.26
2023,Setembro,Sofala,Nhamatanda,Depósitos,267918.0,152064703.11
2023,Outubro,Sofala,Nhamatanda,Depósitos,269263.0,150062311.20999998
2023,Novembro,Sofala,Nhamatanda,Depósitos,365496.0,228082562.31
2023,Dezembro,Sofala,Nhamatanda,Depósitos,312472.0,213625282.91
2023,Janeiro,Manica,Cidade de Chimoio,Depósitos,962669.0,744888468.63
2023,Fevereiro,Manica,Cidade de Chimoio,Depósitos,976126.0,734832645.46
2023,Março,Manica,Cidade de Chimoio,Depósitos,1139657.0,792687032.88
2023,Abril,Manica,Cidade de Chimoio,Depósitos,1182908.0,812193824.96
2023,Maio,Manica,Cidade de Chimoio,Depósitos,1271413.0,905380437.4
2023,Junho,Manica,Cidade de Chimoio,Depósitos,1240389.0,904068743.36
2023,Julho,Manica,Cidade de Chimoio,Depósitos,1388955.0,969826800.95
2023,Agosto,Manica,Cidade de Chimoio,Depósitos,1553465.0,1057292036.04
2023,Setembro,Manica,Cidade de Chimoio,Depósitos,1239935.0,1003825800.19
2023,Outubro,Manica,Cidade de Chimoio,Depósitos,1517655.0,964218019.87
2023,Novembro,Manica,Cidade de Chimoio,Depósitos,2114039.0,1368190041.39
2023,Dezembro,Manica,Cidade de Chimoio,Depósitos,1739340.0,1290969873.04
2023,Janeiro,Manica,Bárue,Depósitos,106916.0,77377942.46000001
2023,Fevereiro,Manica,Bárue,Depósitos,120636.0,84371302.95
2023,Março,Manica,Bárue,Depósitos,139294.0,77668757.16
2023,Abril,Manica,Bárue,Depósitos,156892.0,87224651.83
2023,Maio,Manica,Bárue,Depósitos,173618.0,104061045.86
2023,Junho,Manica,Bárue,Depósitos,176239.0,114137073.4
2023,Julho,Manica,Bárue,Depósitos,205215.0,126717373.34
2023,Agosto,Manica,Bárue,Depósitos,242127.0,146871007.49
2023,Setembro,Manica,Bárue,Depósitos,246205.0,132323192.73
2023,Outubro,Manica,Bárue,Depósitos,223772.0,123056182.51
2023,Novembro,Manica,Bárue,Depósitos,303482.0,174594085.56
2023,Dezembro,Manica,Bárue,Depósitos,237378.0,148620888.69
2023,Janeiro,Manica,Gondola,Depósitos,49311.0,18545361.63
2023,Fevereiro,Manica,Gondola,Depósitos,59968.0,24398037.16
2023,Março,Manica,Gondola,Depósitos,72314.0,26145710.6
2023,Abril,Manica,Gondola,Depósitos,83211.0,34004108.93
2023,Maio,Manica,Gondola,Depósitos,95489.0,41356465.54
2023,Junho,Manica,Gondola,Depósitos,96323.0,42420868.65
2023,Julho,Manica,Gondola,Depósitos,115806.0,51335148.98
2023,Agosto,Manica,Gondola,Depósitos,132457.0,65393725.95
2023,Setembro,Manica,Gondola,Depósitos,143198.0,66501778.84
2023,Outubro,Manica,Gondola,Depósitos,145261.0,68669895.36
2023,Novembro,Manica,Gondola,Depósitos,229615.0,125061339.4
2023,Dezembro,Manica,Gondola,Depósitos,192756.0,115676098.21
2023,Janeiro,Manica,Guro,Depósitos,53835.0,41361629.19
2023,Fevereiro,Manica,Guro,Depósitos,58630.0,43152943.0
2023,Março,Manica,Guro,Depósitos,61978.0,39860976.7
2023,Abril,Manica,Guro,Depósitos,69957.0,46489100.72
2023,Maio,Manica,Guro,Depósitos,77011.0,55352068.629999995
2023,Junho,Manica,Guro,Depósitos,77597.0,62330962.6
2023,Julho,Manica,Guro,Depósitos,92589.0,77188921.34
2023,Agosto,Manica,Guro,Depósitos,106107.0,87798216.53
2023,Setembro,Manica,Guro,Depósitos,105997.0,84080168.39
2023,Outubro,Manica,Guro,Depósitos,100925.0,69243499.5
2023,Novembro,Manica,Guro,Depósitos,136251.0,92366304.51
2023,Dezembro,Manica,Guro,Depósitos,102621.0,73758919.5
2023,Janeiro,Manica,Machaze,Depósitos,37760.0,49088250.33
2023,Fevereiro,Manica,Machaze,Depósitos,38316.0,48548631.77
2023,Março,Manica,Machaze,Depósitos,44675.0,48028183.64
2023,Abril,Manica,Machaze,Depósitos,48512.0,49101221.85
2023,Maio,Manica,Machaze,Depósitos,52268.0,60414424.44
2023,Junho,Manica,Machaze,Depósitos,50398.0,62217642.0
2023,Julho,Manica,Machaze,Depósitos,59736.0,62774508.05
2023,Agosto,Manica,Machaze,Depósitos,66283.0,65967911.08
2023,Setembro,Manica,Machaze,Depósitos,69084.0,65804224.57
2023,Outubro,Manica,Machaze,Depósitos,66094.0,66185798.94
2023,Novembro,Manica,Machaze,Depósitos,96120.0,88016333.59
2023,Dezembro,Manica,Machaze,Depósitos,76875.0,85130862.88
2023,Janeiro,Manica,Macossa,Depósitos,17437.0,11548638.56
2023,Fevereiro,Manica,Macossa,Depósitos,21566.0,11166326.73
2023,Março,Manica,Macossa,Depósitos,24528.0,11789425.21
2023,Abril,Manica,Macossa,Depósitos,28555.0,12300906.15
2023,Maio,Manica,Macossa,Depósitos,29462.0,13640947.17
2023,Junho,Manica,Macossa,Depósitos,31302.0,14888188.66
2023,Julho,Manica,Macossa,Depósitos,37144.0,18009235.67
2023,Agosto,Manica,Macossa,Depósitos,38906.0,18962403.28
2023,Setembro,Manica,Macossa,Depósitos,39128.0,16440389.13
2023,Outubro,Manica,Macossa,Depósitos,33450.0,16733520.78
2023,Novembro,Manica,Macossa,Depósitos,47643.0,24706666.72
2023,Dezembro,Manica,Macossa,Depósitos,35698.0,19501559.45
2023,Janeiro,Manica,Manica,Depósitos,207409.0,203870800.99
2023,Fevereiro,Manica,Manica,Depósitos,215639.0,203660957.02
2023,Março,Manica,Manica,Depósitos,250309.0,226697010.79
2023,Abril,Manica,Manica,Depósitos,256826.0,230027567.44
2023,Maio,Manica,Manica,Depósitos,278380.0,248476550.51
2023,Junho,Manica,Manica,Depósitos,267598.0,240489369.76
2023,Julho,Manica,Manica,Depósitos,307228.0,263022058.9
2023,Agosto,Manica,Manica,Depósitos,344628.0,287852243.82
2023,Setembro,Manica,Manica,Depósitos,350666.0,278680723.78999996
2023,Outubro,Manica,Manica,Depósitos,361838.0,276939255.55
2023,Novembro,Manica,Manica,Depósitos,518495.0,387317710.95
2023,Dezembro,Manica,Manica,Depósitos,427604.0,363787226.84
2023,Janeiro,Manica,Mossurize,Depósitos,46436.0,55251707.9
2023,Fevereiro,Manica,Mossurize,Depósitos,53298.0,56322823.7
2023,Março,Manica,Mossurize,Depósitos,60315.0,59854065.3
2023,Abril,Manica,Mossurize,Depósitos,67533.0,74732225.75999999
2023,Maio,Manica,Mossurize,Depósitos,78734.0,109660683.18
2023,Junho,Manica,Mossurize,Depósitos,74467.0,106315919.67
2023,Julho,Manica,Mossurize,Depósitos,86400.0,99577227.61
2023,Agosto,Manica,Mossurize,Depósitos,98625.0,104534364.45
2023,Setembro,Manica,Mossurize,Depósitos,101017.0,93509560.05
2023,Outubro,Manica,Mossurize,Depósitos,100458.0,91329525.51
2023,Novembro,Manica,Mossurize,Depósitos,151070.0,134326249.9
2023,Dezembro,Manica,Mossurize,Depósitos,118970.0,122071085.37
2023,Janeiro,Manica,Sussundenga,Depósitos,72924.0,46686858.6
2023,Fevereiro,Manica,Sussundenga,Depósitos,82379.0,49411708.86
2023,Março,Manica,Sussundenga,Depósitos,97356.0,55673862.73
2023,Abril,Manica,Sussundenga,Depósitos,101689.0,54758961.73
2023,Maio,Manica,Sussundenga,Depósitos,118469.0,61603738.86
2023,Junho,Manica,Sussundenga,Depósitos,120324.0,65923879.01
2023,Julho,Manica,Sussundenga,Depósitos,135115.0,69891418.52000001
2023,Agosto,Manica,Sussundenga,Depósitos,150153.0,78758790.78999999
2023,Setembro,Manica,Sussundenga,Depósitos,147276.0,75006309.91
2023,Outubro,Manica,Sussundenga,Depósitos,143808.0,75021766.25999999
2023,Novembro,Manica,Sussundenga,Depósitos,209570.0,114517750.57
2023,Dezembro,Manica,Sussundenga,Depósitos,166716.0,101799332.82
2023,Janeiro,Manica,Tambara,Depósitos,17006.0,9868947.98
2023,Fevereiro,Manica,Tambara,Depósitos,20782.0,12207613.2
2023,Março,Manica,Tambara,Depósitos,21608.0,9566161.04
2023,Abril,Manica,Tambara,Depósitos,24879.0,11192318.21
2023,Maio,Manica,Tambara,Depósitos,35374.0,13032409.65
2023,Junho,Manica,Tambara,Depósitos,40763.0,15467299.01
2023,Julho,Manica,Tambara,Depósitos,51264.0,21993238.76
2023,Agosto,Manica,Tambara,Depósitos,56887.0,27333976.62
2023,Setembro,Manica,Tambara,Depósitos,44466.0,27663126.28
2023,Outubro,Manica,Tambara,Depósitos,38199.0,21913328.72
2023,Novembro,Manica,Tambara,Depósitos,49499.0,26774417.17
2023,Dezembro,Manica,Tambara,Depósitos,37533.0,22239327.71
2023,Janeiro,Manica,Macate,Depósitos,12908.0,4725026.93
2023,Fevereiro,Manica,Macate,Depósitos,14384.0,4887061.3
2023,Março,Manica,Macate,Depósitos,17421.0,6191673.85
2023,Abril,Manica,Macate,Depósitos,17073.0,6035437.48
2023,Maio,Manica,Macate,Depósitos,20319.0,7213239.64
2023,Junho,Manica,Macate,Depósitos,21134.0,8248390.31
2023,Julho,Manica,Macate,Depósitos,24946.0,8990457.34
2023,Agosto,Manica,Macate,Depósitos,28269.0,10197514.71
2023,Setembro,Manica,Macate,Depósitos,27343.0,10099484.8
2023,Outubro,Manica,Macate,Depósitos,28618.0,10262056.92
2023,Novembro,Manica,Macate,Depósitos,40990.0,15989270.02
2023,Dezembro,Manica,Macate,Depósitos,34611.0,15557416.32
2023,Janeiro,Manica,Vanduzi,Depósitos,90610.0,52191654.36
2023,Fevereiro,Manica,Vanduzi,Depósitos,99956.0,57217831.32
2023,Março,Manica,Vanduzi,Depósitos,126527.0,56145078.28
2023,Abril,Manica,Vanduzi,Depósitos,134463.0,56930196.93
2023,Maio,Manica,Vanduzi,Depósitos,144938.0,63334615.39
2023,Junho,Manica,Vanduzi,Depósitos,142179.0,68731001.68
2023,Julho,Manica,Vanduzi,Depósitos,160303.0,76826764.52000001
2023,Agosto,Manica,Vanduzi,Depósitos,186699.0,89931525.75
2023,Setembro,Manica,Vanduzi,Depósitos,190464.0,86926180.25
2023,Outubro,Manica,Vanduzi,Depósitos,191318.0,87538720.56
2023,Novembro,Manica,Vanduzi,Depósitos,271691.0,131244771.88
2023,Dezembro,Manica,Vanduzi,Depósitos,218983.0,120111648.71
2023,Janeiro,Tete,Cidade de Tete,Depósitos,976331.0,854492891.22
2023,Fevereiro,Tete,Cidade de Tete,Depósitos,1024631.0,851331000.89
2023,Março,Tete,Cidade de Tete,Depósitos,1205655.0,973977089.31
2023,Abril,Tete,Cidade de Tete,Depósitos,1206320.0,966929468.42
2023,Maio,Tete,Cidade de Tete,Depósitos,1327759.0,1030045269.67
2023,Junho,Tete,Cidade de Tete,Depósitos,1306411.0,1046274942.18
2023,Julho,Tete,Cidade de Tete,Depósitos,1488059.0,1162841615.35
2023,Agosto,Tete,Cidade de Tete,Depósitos,1616907.0,1238630421.8200002
2023,Setembro,Tete,Cidade de Tete,Depósitos,1637805.0,1158530103.28
2023,Outubro,Tete,Cidade de Tete,Depósitos,1655103.0,1151786932.44
2023,Novembro,Tete,Cidade de Tete,Depósitos,1786675.0,1614244230.5
2023,Dezembro,Tete,Cidade de Tete,Depósitos,1509752.0,1517975877.71
2023,Janeiro,Tete,Angónia,Depósitos,93207.0,118358031.71
2023,Fevereiro,Tete,Angónia,Depósitos,111615.0,116798384.19
2023,Março,Tete,Angónia,Depósitos,142542.0,142842506.17000002
2023,Abril,Tete,Angónia,Depósitos,152009.0,129309875.76
2023,Maio,Tete,Angónia,Depósitos,172419.0,152713184.2
2023,Junho,Tete,Angónia,Depósitos,172809.0,152157401.47
2023,Julho,Tete,Angónia,Depósitos,197569.0,172446141.42000002
2023,Agosto,Tete,Angónia,Depósitos,210612.0,167962814.37
2023,Setembro,Tete,Angónia,Depósitos,213210.0,148542891.55
2023,Outubro,Tete,Angónia,Depósitos,208195.0,150010913.85
2023,Novembro,Tete,Angónia,Depósitos,297915.0,220065869.86
2023,Dezembro,Tete,Angónia,Depósitos,231681.0,188488344.45
2023,Janeiro,Tete,Cahora-Bassa,Depósitos,108965.0,89860618.55
2023,Fevereiro,Tete,Cahora-Bassa,Depósitos,114560.0,91497726.33
2023,Março,Tete,Cahora-Bassa,Depósitos,133115.0,102792705.99
2023,Abril,Tete,Cahora-Bassa,Depósitos,142456.0,104804203.31
2023,Maio,Tete,Cahora-Bassa,Depósitos,156165.0,115137069.02
2023,Junho,Tete,Cahora-Bassa,Depósitos,152662.0,119386695.12
2023,Julho,Tete,Cahora-Bassa,Depósitos,165721.0,124392335.37
2023,Agosto,Tete,Cahora-Bassa,Depósitos,173584.0,121244978.59
2023,Setembro,Tete,Cahora-Bassa,Depósitos,167254.0,115624063.73
2023,Outubro,Tete,Cahora-Bassa,Depósitos,167713.0,116388886.69
2023,Novembro,Tete,Cahora-Bassa,Depósitos,228300.0,163770676.23000002
2023,Dezembro,Tete,Cahora-Bassa,Depósitos,194258.0,165663564.22
2023,Janeiro,Tete,Changara,Depósitos,65378.0,63235230.74
2023,Fevereiro,Tete,Changara,Depósitos,71464.0,63599543.989999995
2023,Março,Tete,Changara,Depósitos,81920.0,70212388.12
2023,Abril,Tete,Changara,Depósitos,88824.0,67541439.51
2023,Maio,Tete,Changara,Depósitos,95037.0,75930416.7
2023,Junho,Tete,Changara,Depósitos,96262.0,92915248.6
2023,Julho,Tete,Changara,Depósitos,112078.0,103413839.41
2023,Agosto,Tete,Changara,Depósitos,124051.0,104857686.72
2023,Setembro,Tete,Changara,Depósitos,123849.0,104110393.6
2023,Outubro,Tete,Changara,Depósitos,123024.0,99674972.98
2023,Novembro,Tete,Changara,Depósitos,163835.0,128834097.25
2023,Dezembro,Tete,Changara,Depósitos,134251.0,118673155.07
2023,Janeiro,Tete,Chifunde,Depósitos,7883.0,12230297.36
2023,Fevereiro,Tete,Chifunde,Depósitos,10937.0,12145758.37
2023,Março,Tete,Chifunde,Depósitos,12234.0,12804786.75
2023,Abril,Tete,Chifunde,Depósitos,12418.0,12101781.98
2023,Maio,Tete,Chifunde,Depósitos,15712.0,17287672.869999997
2023,Junho,Tete,Chifunde,Depósitos,16579.0,18813163.79
2023,Julho,Tete,Chifunde,Depósitos,19260.0,19454645.05
2023,Agosto,Tete,Chifunde,Depósitos,19427.0,19239669.11
2023,Setembro,Tete,Chifunde,Depósitos,18524.0,17185919.09
2023,Outubro,Tete,Chifunde,Depósitos,17306.0,17095258.96
2023,Novembro,Tete,Chifunde,Depósitos,24145.0,24737476.21
2023,Dezembro,Tete,Chifunde,Depósitos,18621.0,21483580.47
2023,Janeiro,Tete,Chiuta,Depósitos,22080.0,18352921.9
2023,Fevereiro,Tete,Chiuta,Depósitos,27879.0,21759757.26
2023,Março,Tete,Chiuta,Depósitos,34899.0,24308546.59
2023,Abril,Tete,Chiuta,Depósitos,37429.0,23399499.2
2023,Maio,Tete,Chiuta,Depósitos,41315.0,26004614.86
2023,Junho,Tete,Chiuta,Depósitos,41437.0,29767696.5
2023,Julho,Tete,Chiuta,Depósitos,50130.0,35878161.33
2023,Agosto,Tete,Chiuta,Depósitos,56055.0,38597953.1
2023,Setembro,Tete,Chiuta,Depósitos,55320.0,36406689.95
2023,Outubro,Tete,Chiuta,Depósitos,52819.0,34822316.81
2023,Novembro,Tete,Chiuta,Depósitos,76152.0,52457299.72
2023,Dezembro,Tete,Chiuta,Depósitos,58758.0,47717783.82
2023,Janeiro,Tete,Macanga,Depósitos,41110.0,24735284.27
2023,Fevereiro,Tete,Macanga,Depósitos,49994.0,26150774.64
2023,Março,Tete,Macanga,Depósitos,63832.0,28797898.630000003
2023,Abril,Tete,Macanga,Depósitos,74748.0,28572352.64
2023,Maio,Tete,Macanga,Depósitos,86070.0,39607070.15
2023,Junho,Tete,Macanga,Depósitos,95070.0,51546479.14
2023,Julho,Tete,Macanga,Depósitos,115118.0,58006642.989999995
2023,Agosto,Tete,Macanga,Depósitos,115997.0,49316396.35
2023,Setembro,Tete,Macanga,Depósitos,122288.0,46970878.5
2023,Outubro,Tete,Macanga,Depósitos,113738.0,47796297.78
2023,Novembro,Tete,Macanga,Depósitos,155197.0,63860259.07
2023,Dezembro,Tete,Macanga,Depósitos,115029.0,54244287.4
2023,Janeiro,Tete,Mágoe,Depósitos,18519.0,19147235.01
2023,Fevereiro,Tete,Mágoe,Depósitos,24735.0,24367723.19
2023,Março,Tete,Mágoe,Depósitos,28949.0,25002926.32
2023,Abril,Tete,Mágoe,Depósitos,30949.0,25498001.16
2023,Maio,Tete,Mágoe,Depósitos,32005.0,36060658.32
2023,Junho,Tete,Mágoe,Depósitos,30982.0,38245291.55
2023,Julho,Tete,Mágoe,Depósitos,35204.0,31101845.1
2023,Agosto,Tete,Mágoe,Depósitos,39033.0,31451230.89
2023,Setembro,Tete,Mágoe,Depósitos,40255.0,28151225.39
2023,Outubro,Tete,Mágoe,Depósitos,38207.0,27646582.76
2023,Novembro,Tete,Mágoe,Depósitos,55217.0,41185901.06
2023,Dezembro,Tete,Mágoe,Depósitos,44338.0,36147340.18
2023,Janeiro,Tete,Maravia,Depósitos,14545.0,14061140.03
2023,Fevereiro,Tete,Maravia,Depósitos,19160.0,17878481.96
2023,Março,Tete,Maravia,Depósitos,23045.0,18205693.4
2023,Abril,Tete,Maravia,Depósitos,23153.0,17290367.18
2023,Maio,Tete,Maravia,Depósitos,26145.0,22029224.98
2023,Junho,Tete,Maravia,Depósitos,27042.0,26605034.68
2023,Julho,Tete,Maravia,Depósitos,34378.0,35889710.36
2023,Agosto,Tete,Maravia,Depósitos,38336.0,34875493.22
2023,Setembro,Tete,Maravia,Depósitos,40125.0,31728414.19
2023,Outubro,Tete,Maravia,Depósitos,37381.0,31008602.85
2023,Novembro,Tete,Maravia,Depósitos,46743.0,35667948.379999995
2023,Dezembro,Tete,Maravia,Depósitos,32207.0,25362716.01
2023,Janeiro,Tete,Moatize,Depósitos,251035.0,199721919.81
2023,Fevereiro,Tete,Moatize,Depósitos,242582.0,201160172.2
2023,Março,Tete,Moatize,Depósitos,284316.0,219065323.13
2023,Abril,Tete,Moatize,Depósitos,297243.0,217858027.98
2023,Maio,Tete,Moatize,Depósitos,317496.0,234107993.49
2023,Junho,Tete,Moatize,Depósitos,305642.0,244160109.43
2023,Julho,Tete,Moatize,Depósitos,335200.0,267888883.6
2023,Agosto,Tete,Moatize,Depósitos,359155.0,270594498.36
2023,Setembro,Tete,Moatize,Depósitos,352011.0,264539863.22
2023,Outubro,Tete,Moatize,Depósitos,355717.0,276991936.62
2023,Novembro,Tete,Moatize,Depósitos,465684.0,360164122.2
2023,Dezembro,Tete,Moatize,Depósitos,408786.0,351231129.31
2023,Janeiro,Tete,Mutarara,Depósitos,51260.0,40402982.91
2023,Fevereiro,Tete,Mutarara,Depósitos,55733.0,40442571.99
2023,Março,Tete,Mutarara,Depósitos,61731.0,41338930.78
2023,Abril,Tete,Mutarara,Depósitos,68600.0,38839433.42
2023,Maio,Tete,Mutarara,Depósitos,76655.0,44141258.75
2023,Junho,Tete,Mutarara,Depósitos,78561.0,50482110.45
2023,Julho,Tete,Mutarara,Depósitos,95290.0,62632963.38
2023,Agosto,Tete,Mutarara,Depósitos,100743.0,62782644.69
2023,Setembro,Tete,Mutarara,Depósitos,98687.0,55545972.84
2023,Outubro,Tete,Mutarara,Depósitos,94007.0,89070760.72999999
2023,Novembro,Tete,Mutarara,Depósitos,128962.0,95854490.3
2023,Dezembro,Tete,Mutarara,Depósitos,98466.0,74041248.39
2023,Janeiro,Tete,Tsangano,Depósitos,20883.0,13297920.75
2023,Fevereiro,Tete,Tsangano,Depósitos,29395.0,15997155.76
2023,Março,Tete,Tsangano,Depósitos,38684.0,15129205.51
2023,Abril,Tete,Tsangano,Depósitos,39906.0,15052744.41
2023,Maio,Tete,Tsangano,Depósitos,48552.0,18688651.24
2023,Junho,Tete,Tsangano,Depósitos,50401.0,22470515.76
2023,Julho,Tete,Tsangano,Depósitos,58041.0,26267599.43
2023,Agosto,Tete,Tsangano,Depósitos,66369.0,30956856.4
2023,Setembro,Tete,Tsangano,Depósitos,69392.0,31079790.46
2023,Outubro,Tete,Tsangano,Depósitos,67015.0,32459627.67
2023,Novembro,Tete,Tsangano,Depósitos,100287.0,57951780.63
2023,Dezembro,Tete,Tsangano,Depósitos,76424.0,51919447.71
2023,Janeiro,Tete,Zumbo,Depósitos,2549.0,3338152.54
2023,Fevereiro,Tete,Zumbo,Depósitos,3639.0,5376699.28
2023,Março,Tete,Zumbo,Depósitos,4740.0,5179670.25
2023,Abril,Tete,Zumbo,Depósitos,3867.0,4918575.11
2023,Maio,Tete,Zumbo,Depósitos,5091.0,5550727.18
2023,Junho,Tete,Zumbo,Depósitos,5907.0,7232836.2
2023,Julho,Tete,Zumbo,Depósitos,7620.0,11648574.79
2023,Agosto,Tete,Zumbo,Depósitos,8327.0,12038397.51
2023,Setembro,Tete,Zumbo,Depósitos,8886.0,10406456.11
2023,Outubro,Tete,Zumbo,Depósitos,8374.0,10155633.64
2023,Novembro,Tete,Zumbo,Depósitos,10838.0,13423616.94
2023,Dezembro,Tete,Zumbo,Depósitos,8084.0,10275107.07
2023,Janeiro,Tete,Doa,Depósitos,16213.0,10201059.66
2023,Fevereiro,Tete,Doa,Depósitos,19629.0,11429483.87
2023,Março,Tete,Doa,Depósitos,18351.0,8138403.63
2023,Abril,Tete,Doa,Depósitos,21715.0,11951328.03
2023,Maio,Tete,Doa,Depósitos,24311.0,11752674.26
2023,Junho,Tete,Doa,Depósitos,26094.0,14735103.51
2023,Julho,Tete,Doa,Depósitos,34679.0,22688620.66
2023,Agosto,Tete,Doa,Depósitos,38822.0,21047068.42
2023,Setembro,Tete,Doa,Depósitos,37053.0,19721758.23
2023,Outubro,Tete,Doa,Depósitos,32909.0,17726995.509999998
2023,Novembro,Tete,Doa,Depósitos,47783.0,24717633.21
2023,Dezembro,Tete,Doa,Depósitos,35768.0,19810767.76
2023,Janeiro,Tete,Marara,Depósitos,18779.0,16421188.16
2023,Fevereiro,Tete,Marara,Depósitos,19549.0,19571131.73
2023,Março,Tete,Marara,Depósitos,21780.0,22871253.65
2023,Abril,Tete,Marara,Depósitos,21875.0,20089787.35
2023,Maio,Tete,Marara,Depósitos,24531.0,22163322.45
2023,Junho,Tete,Marara,Depósitos,25509.0,24949046.8
2023,Julho,Tete,Marara,Depósitos,26991.0,26110214.56
2023,Agosto,Tete,Marara,Depósitos,27122.0,27021445.64
2023,Setembro,Tete,Marara,Depósitos,68360.0,25729224.97
2023,Outubro,Tete,Marara,Depósitos,76069.0,27229072.7
2023,Novembro,Tete,Marara,Depósitos,31597.0,28769692.51
2023,Dezembro,Tete,Marara,Depósitos,29813.0,32452082.59
2023,Janeiro,Zambézia,Cidade de Quelimane,Depósitos,763309.0,621518323.01
2023,Fevereiro,Zambézia,Cidade de Quelimane,Depósitos,756457.0,588481846.92
2023,Março,Zambézia,Cidade de Quelimane,Depósitos,680571.0,652781439.67
2023,Abril,Zambézia,Cidade de Quelimane,Depósitos,827161.0,599871994.88
2023,Maio,Zambézia,Cidade de Quelimane,Depósitos,911194.0,662852648.65
2023,Junho,Zambézia,Cidade de Quelimane,Depósitos,868730.0,606655006.86
2023,Julho,Zambézia,Cidade de Quelimane,Depósitos,981112.0,737679291.6
2023,Agosto,Zambézia,Cidade de Quelimane,Depósitos,1068409.0,723178911.8
2023,Setembro,Zambézia,Cidade de Quelimane,Depósitos,1043361.0,734041138.9200001
2023,Outubro,Zambézia,Cidade de Quelimane,Depósitos,1028107.0,804950134.72
2023,Novembro,Zambézia,Cidade de Quelimane,Depósitos,1429918.0,1130771928.5
2023,Dezembro,Zambézia,Cidade de Quelimane,Depósitos,1236456.0,1095631021.23
2023,Janeiro,Zambézia,Alto Molócuè,Depósitos,119668.0,101232249.45
2023,Fevereiro,Zambézia,Alto Molócuè,Depósitos,126082.0,90880344.35
2023,Março,Zambézia,Alto Molócuè,Depósitos,136694.0,94223937.84
2023,Abril,Zambézia,Alto Molócuè,Depósitos,155214.0,103625955.77
2023,Maio,Zambézia,Alto Molócuè,Depósitos,175294.0,127554295.71
2023,Junho,Zambézia,Alto Molócuè,Depósitos,168082.0,109498778.43
2023,Julho,Zambézia,Alto Molócuè,Depósitos,201851.0,137196361.23000002
2023,Agosto,Zambézia,Alto Molócuè,Depósitos,228339.0,153929731.76
2023,Setembro,Zambézia,Alto Molócuè,Depósitos,220455.0,127124467.11
2023,Outubro,Zambézia,Alto Molócuè,Depósitos,211401.0,128461958.61
2023,Novembro,Zambézia,Alto Molócuè,Depósitos,305701.0,186548131.21
2023,Dezembro,Zambézia,Alto Molócuè,Depósitos,246677.0,165331446.74
2023,Janeiro,Zambézia,Chinde,Depósitos,13993.0,10825295.49
2023,Fevereiro,Zambézia,Chinde,Depósitos,15513.0,10925052.89
2023,Março,Zambézia,Chinde,Depósitos,7266.0,6481391.109999999
2023,Abril,Zambézia,Chinde,Depósitos,12925.0,9556894.62
2023,Maio,Zambézia,Chinde,Depósitos,18237.0,12766260.25
2023,Junho,Zambézia,Chinde,Depósitos,19441.0,12627219.78
2023,Julho,Zambézia,Chinde,Depósitos,22000.0,15490144.55
2023,Agosto,Zambézia,Chinde,Depósitos,26016.0,17431968.41
2023,Setembro,Zambézia,Chinde,Depósitos,25286.0,14167182.74
2023,Outubro,Zambézia,Chinde,Depósitos,21678.0,13443614.59
2023,Novembro,Zambézia,Chinde,Depósitos,30841.0,17338980.990000002
2023,Dezembro,Zambézia,Chinde,Depósitos,23480.0,17271499.9
2023,Janeiro,Zambézia,Gurúè,Depósitos,168683.0,125928872.3
2023,Fevereiro,Zambézia,Gurúè,Depósitos,181422.0,107984208.81
2023,Março,Zambézia,Gurúè,Depósitos,188820.0,106742424.02
2023,Abril,Zambézia,Gurúè,Depósitos,223258.0,126922088.73
2023,Maio,Zambézia,Gurúè,Depósitos,253157.0,165000390.36
2023,Junho,Zambézia,Gurúè,Depósitos,246291.0,138341233.76999998
2023,Julho,Zambézia,Gurúè,Depósitos,302062.0,201208079.45
2023,Agosto,Zambézia,Gurúè,Depósitos,344562.0,249219128.96
2023,Setembro,Zambézia,Gurúè,Depósitos,339805.0,168083324.63
2023,Outubro,Zambézia,Gurúè,Depósitos,308979.0,150242445.89
2023,Novembro,Zambézia,Gurúè,Depósitos,423916.0,201516893.19
2023,Dezembro,Zambézia,Gurúè,Depósitos,347789.0,178534248.64
2023,Janeiro,Zambézia,Ile,Depósitos,46985.0,30950330.9
2023,Fevereiro,Zambézia,Ile,Depósitos,54416.0,33306358.69
2023,Março,Zambézia,Ile,Depósitos,59062.0,34999753.870000005
2023,Abril,Zambézia,Ile,Depósitos,72328.0,44552611.98
2023,Maio,Zambézia,Ile,Depósitos,82718.0,48553389.79
2023,Junho,Zambézia,Ile,Depósitos,79327.0,40648835.72
2023,Julho,Zambézia,Ile,Depósitos,94585.0,50401734.18
2023,Agosto,Zambézia,Ile,Depósitos,105924.0,55032786.04
2023,Setembro,Zambézia,Ile,Depósitos,103538.0,44320291.99
2023,Outubro,Zambézia,Ile,Depósitos,93220.0,41262388.13
2023,Novembro,Zambézia,Ile,Depósitos,128015.0,58750284.13
2023,Dezembro,Zambézia,Ile,Depósitos,107413.0,52661486.03
2023,Janeiro,Zambézia,Inhassunge,Depósitos,15320.0,7131889.3100000005
2023,Fevereiro,Zambézia,Inhassunge,Depósitos,15314.0,7489245.1
2023,Março,Zambézia,Inhassunge,Depósitos,9567.0,5707621.92
2023,Abril,Zambézia,Inhassunge,Depósitos,16291.0,8557992.18
2023,Maio,Zambézia,Inhassunge,Depósitos,21365.0,11507158.21
2023,Junho,Zambézia,Inhassunge,Depósitos,22373.0,11424192.63
2023,Julho,Zambézia,Inhassunge,Depósitos,26968.0,13849686.63
2023,Agosto,Zambézia,Inhassunge,Depósitos,30100.0,15322417.08
2023,Setembro,Zambézia,Inhassunge,Depósitos,30292.0,14920539.48
2023,Outubro,Zambézia,Inhassunge,Depósitos,28293.0,13280262.76
2023,Novembro,Zambézia,Inhassunge,Depósitos,43011.0,20979462.71
2023,Dezembro,Zambézia,Inhassunge,Depósitos,34826.0,17873350.22
2023,Janeiro,Zambézia,Lugela,Depósitos,20188.0,7840911.5
2023,Fevereiro,Zambézia,Lugela,Depósitos,24370.0,10046393.27
2023,Março,Zambézia,Lugela,Depósitos,28144.0,12521375.29
2023,Abril,Zambézia,Lugela,Depósitos,33946.0,14649209.38
2023,Maio,Zambézia,Lugela,Depósitos,37742.0,15522745.8
2023,Junho,Zambézia,Lugela,Depósitos,39972.0,17089553.82
2023,Julho,Zambézia,Lugela,Depósitos,46651.0,20373340.12
2023,Agosto,Zambézia,Lugela,Depósitos,51474.0,22022644.69
2023,Setembro,Zambézia,Lugela,Depósitos,53119.0,23004714.24
2023,Outubro,Zambézia,Lugela,Depósitos,54958.0,25684935.02
2023,Novembro,Zambézia,Lugela,Depósitos,69914.0,29152600.83
2023,Dezembro,Zambézia,Lugela,Depósitos,57821.0,25582496.04
2023,Janeiro,Zambézia,Gilé,Depósitos,76675.0,51017031.35
2023,Fevereiro,Zambézia,Gilé,Depósitos,83319.0,53855995.68
2023,Março,Zambézia,Gilé,Depósitos,94706.0,61893802.72
2023,Abril,Zambézia,Gilé,Depósitos,108585.0,70195856.50999999
2023,Maio,Zambézia,Gilé,Depósitos,122826.0,80462255.57
2023,Junho,Zambézia,Gilé,Depósitos,113882.0,68286093.9
2023,Julho,Zambézia,Gilé,Depósitos,131940.0,74405934.16
2023,Agosto,Zambézia,Gilé,Depósitos,150054.0,80439442.76
2023,Setembro,Zambézia,Gilé,Depósitos,151163.0,73197476.25
2023,Outubro,Zambézia,Gilé,Depósitos,140988.0,66616041.48
2023,Novembro,Zambézia,Gilé,Depósitos,207657.0,109447886.41
2023,Dezembro,Zambézia,Gilé,Depósitos,170609.0,100009415.27
2023,Janeiro,Zambézia,Maganja da Costa,Depósitos,64968.0,41990117.87
2023,Fevereiro,Zambézia,Maganja da Costa,Depósitos,76270.0,45487251.02
2023,Março,Zambézia,Maganja da Costa,Depósitos,77731.0,42817127.15
2023,Abril,Zambézia,Maganja da Costa,Depósitos,95557.0,49437779.59
2023,Maio,Zambézia,Maganja da Costa,Depósitos,109443.0,60149389.07
2023,Junho,Zambézia,Maganja da Costa,Depósitos,105369.0,56598779.05
2023,Julho,Zambézia,Maganja da Costa,Depósitos,128752.0,71785571.41
2023,Agosto,Zambézia,Maganja da Costa,Depósitos,140689.0,79683931.33
2023,Setembro,Zambézia,Maganja da Costa,Depósitos,138775.0,74119108.15
2023,Outubro,Zambézia,Maganja da Costa,Depósitos,131472.0,73156432.75999999
2023,Novembro,Zambézia,Maganja da Costa,Depósitos,183026.0,105785599.85
2023,Dezembro,Zambézia,Maganja da Costa,Depósitos,160614.0,111647854.68
2023,Janeiro,Zambézia,Milange,Depósitos,135874.0,79161058.35
2023,Fevereiro,Zambézia,Milange,Depósitos,144072.0,77972371.53999999
2023,Março,Zambézia,Milange,Depósitos,152141.0,76046703.63
2023,Abril,Zambézia,Milange,Depósitos,187508.0,88455946.36
2023,Maio,Zambézia,Milange,Depósitos,216477.0,113213167.19
2023,Junho,Zambézia,Milange,Depósitos,209325.0,94054448.13
2023,Julho,Zambézia,Milange,Depósitos,265272.0,127425803.48
2023,Agosto,Zambézia,Milange,Depósitos,283396.0,130039849.45
2023,Setembro,Zambézia,Milange,Depósitos,270484.0,111218798.56
2023,Outubro,Zambézia,Milange,Depósitos,253955.0,110906179.0
2023,Novembro,Zambézia,Milange,Depósitos,335543.0,150919216.43
2023,Dezembro,Zambézia,Milange,Depósitos,262503.0,126829079.42
2023,Janeiro,Zambézia,Mocuba,Depósitos,285233.0,235119850.69
2023,Fevereiro,Zambézia,Mocuba,Depósitos,287657.0,222023452.74
2023,Março,Zambézia,Mocuba,Depósitos,310597.0,231962446.23
2023,Abril,Zambézia,Mocuba,Depósitos,350762.0,265101151.76
2023,Maio,Zambézia,Mocuba,Depósitos,388490.0,303490430.18
2023,Junho,Zambézia,Mocuba,Depósitos,372544.0,276298030.76
2023,Julho,Zambézia,Mocuba,Depósitos,429987.0,308628331.53
2023,Agosto,Zambézia,Mocuba,Depósitos,472484.0,338403484.21000004
2023,Setembro,Zambézia,Mocuba,Depósitos,468930.0,312622064.46000004
2023,Outubro,Zambézia,Mocuba,Depósitos,455947.0,329029162.11
2023,Novembro,Zambézia,Mocuba,Depósitos,606237.0,424430537.62
2023,Dezembro,Zambézia,Mocuba,Depósitos,521861.0,416908861.27
2023,Janeiro,Zambézia,Mopeia,Depósitos,67289.0,32810356.9
2023,Fevereiro,Zambézia,Mopeia,Depósitos,72990.0,33010372.83
2023,Março,Zambézia,Mopeia,Depósitos,68780.0,30309363.72
2023,Abril,Zambézia,Mopeia,Depósitos,87222.0,36551371.57
2023,Maio,Zambézia,Mopeia,Depósitos,100758.0,43684031.489999995
2023,Junho,Zambézia,Mopeia,Depósitos,97933.0,42450924.64
2023,Julho,Zambézia,Mopeia,Depósitos,117143.0,51757959.81
2023,Agosto,Zambézia,Mopeia,Depósitos,126039.0,60555898.16
2023,Setembro,Zambézia,Mopeia,Depósitos,122038.0,49833272.48
2023,Outubro,Zambézia,Mopeia,Depósitos,106997.0,46551127.28
2023,Novembro,Zambézia,Mopeia,Depósitos,159251.0,72540301.53
2023,Dezembro,Zambézia,Mopeia,Depósitos,131888.0,65596180.33
2023,Janeiro,Zambézia,Morrumbala,Depósitos,110265.0,54371239.12
2023,Fevereiro,Zambézia,Morrumbala,Depósitos,128692.0,57725157.57
2023,Março,Zambézia,Morrumbala,Depósitos,131091.0,61144827.28
2023,Abril,Zambézia,Morrumbala,Depósitos,166409.0,73391327.74000001
2023,Maio,Zambézia,Morrumbala,Depósitos,184384.0,82810514.54
2023,Junho,Zambézia,Morrumbala,Depósitos,184218.0,78155351.82
2023,Julho,Zambézia,Morrumbala,Depósitos,226862.0,111412636.47
2023,Agosto,Zambézia,Morrumbala,Depósitos,233767.0,104438478.37
2023,Setembro,Zambézia,Morrumbala,Depósitos,243659.0,106247283.01
2023,Outubro,Zambézia,Morrumbala,Depósitos,222279.0,99356057.88
2023,Novembro,Zambézia,Morrumbala,Depósitos,300665.0,133179064.04
2023,Dezembro,Zambézia,Morrumbala,Depósitos,238418.0,115438161.65
2023,Janeiro,Zambézia,Namacurra,Depósitos,68099.0,47723380.55
2023,Fevereiro,Zambézia,Namacurra,Depósitos,67047.0,44362343.629999995
2023,Março,Zambézia,Namacurra,Depósitos,49253.0,31814984.16
2023,Abril,Zambézia,Namacurra,Depósitos,60120.0,37229956.239999995
2023,Maio,Zambézia,Namacurra,Depósitos,76424.0,43364382.760000005
2023,Junho,Zambézia,Namacurra,Depósitos,78980.0,42700029.48
2023,Julho,Zambézia,Namacurra,Depósitos,93122.0,51658667.620000005
2023,Agosto,Zambézia,Namacurra,Depósitos,105191.0,56802492.58
2023,Setembro,Zambézia,Namacurra,Depósitos,102849.0,53498428.99
2023,Outubro,Zambézia,Namacurra,Depósitos,99573.0,53017229.76
2023,Novembro,Zambézia,Namacurra,Depósitos,153328.0,90471052.69
2023,Dezembro,Zambézia,Namacurra,Depósitos,131902.0,77493917.62
2023,Janeiro,Zambézia,Namarroi,Depósitos,15444.0,6006256.0600000005
2023,Fevereiro,Zambézia,Namarroi,Depósitos,18715.0,6850867.66
2023,Março,Zambézia,Namarroi,Depósitos,21237.0,7027108.66
2023,Abril,Zambézia,Namarroi,Depósitos,25052.0,8411222.690000001
2023,Maio,Zambézia,Namarroi,Depósitos,30015.0,10423341.39
2023,Junho,Zambézia,Namarroi,Depósitos,29318.0,9181358.57
2023,Julho,Zambézia,Namarroi,Depósitos,37708.0,14841483.11
2023,Agosto,Zambézia,Namarroi,Depósitos,46383.0,18345564.49
2023,Setembro,Zambézia,Namarroi,Depósitos,45046.0,13714673.86
2023,Outubro,Zambézia,Namarroi,Depósitos,38009.0,11092442.28
2023,Novembro,Zambézia,Namarroi,Depósitos,52654.0,19687586.42
2023,Dezembro,Zambézia,Namarroi,Depósitos,41244.0,16240485.97
2023,Janeiro,Zambézia,Nicoadala,Depósitos,127218.0,81462785.57
2023,Fevereiro,Zambézia,Nicoadala,Depósitos,128248.0,88017545.9
2023,Março,Zambézia,Nicoadala,Depósitos,94636.0,66267242.59
2023,Abril,Zambézia,Nicoadala,Depósitos,104547.0,65186062.29
2023,Maio,Zambézia,Nicoadala,Depósitos,135082.0,76444717.14
2023,Junho,Zambézia,Nicoadala,Depósitos,143386.0,85272006.97999999
2023,Julho,Zambézia,Nicoadala,Depósitos,164443.0,98411760.15
2023,Agosto,Zambézia,Nicoadala,Depósitos,187515.0,119472398.55
2023,Setembro,Zambézia,Nicoadala,Depósitos,178742.0,97365506.26
2023,Outubro,Zambézia,Nicoadala,Depósitos,182975.0,110164056.28
2023,Novembro,Zambézia,Nicoadala,Depósitos,270230.0,177412766.82
2023,Dezembro,Zambézia,Nicoadala,Depósitos,237255.0,148908394.55
2023,Janeiro,Zambézia,Pebane,Depósitos,82733.0,50369221.61
2023,Fevereiro,Zambézia,Pebane,Depósitos,97882.0,55654909.42
2023,Março,Zambézia,Pebane,Depósitos,98102.0,53319139.31
2023,Abril,Zambézia,Pebane,Depósitos,121056.0,52992949.77
2023,Maio,Zambézia,Pebane,Depósitos,134914.0,62056505.61
2023,Junho,Zambézia,Pebane,Depósitos,134509.0,66870077.78
2023,Julho,Zambézia,Pebane,Depósitos,155099.0,61789711.56
2023,Agosto,Zambézia,Pebane,Depósitos,178423.0,75859555.34
2023,Setembro,Zambézia,Pebane,Depósitos,183017.0,72097768.99000001
2023,Outubro,Zambézia,Pebane,Depósitos,173661.0,72967638.99000001
2023,Novembro,Zambézia,Pebane,Depósitos,268542.0,129089092.22
2023,Dezembro,Zambézia,Pebane,Depósitos,210437.0,95176383.55
2023,Janeiro,Zambézia,Molumbo,Depósitos,36071.0,18107242.33
2023,Fevereiro,Zambézia,Molumbo,Depósitos,45334.0,21274107.8
2023,Março,Zambézia,Molumbo,Depósitos,53651.0,25283360.62
2023,Abril,Zambézia,Molumbo,Depósitos,67658.0,26977172.52
2023,Maio,Zambézia,Molumbo,Depósitos,82859.0,38762689.06
2023,Junho,Zambézia,Molumbo,Depósitos,92971.0,42603255.4
2023,Julho,Zambézia,Molumbo,Depósitos,120706.0,62047563.99
2023,Agosto,Zambézia,Molumbo,Depósitos,125860.0,60831285.77
2023,Setembro,Zambézia,Molumbo,Depósitos,115950.0,39763248.36
2023,Outubro,Zambézia,Molumbo,Depósitos,100855.0,34242154.879999995
2023,Novembro,Zambézia,Molumbo,Depósitos,139504.0,45225480.01
2023,Dezembro,Zambézia,Molumbo,Depósitos,106108.0,40336350.85
2023,Janeiro,Zambézia,Mocubela,Depósitos,11009.0,14687590.0
2023,Fevereiro,Zambézia,Mocubela,Depósitos,10070.0,11489191.0
2023,Março,Zambézia,Mocubela,Depósitos,7855.0,8701217.0
2023,Abril,Zambézia,Mocubela,Depósitos,8919.0,9015026.0
2023,Maio,Zambézia,Mocubela,Depósitos,9588.0,9869419.0
2023,Junho,Zambézia,Mocubela,Depósitos,7328.0,7637434.0
2023,Julho,Zambézia,Mocubela,Depósitos,6163.0,6094549.0
2023,Agosto,Zambézia,Mocubela,Depósitos,6256.0,5556770.0
2023,Setembro,Zambézia,Mocubela,Depósitos,6018.0,4247517.0
2023,Outubro,Zambézia,Mocubela,Depósitos,5772.0,3614391.0
2023,Novembro,Zambézia,Mocubela,Depósitos,4989.0,2765847.0
2023,Dezembro,Zambézia,Mocubela,Depósitos,5094.0,2681200.0
2023,Janeiro,Zambézia,Mulevala,Depósitos,41282.0,22057462.34
2023,Fevereiro,Zambézia,Mulevala,Depósitos,48079.0,23149209.26
2023,Março,Zambézia,Mulevala,Depósitos,53774.0,26850443.09
2023,Abril,Zambézia,Mulevala,Depósitos,71021.0,36356643.739999995
2023,Maio,Zambézia,Mulevala,Depósitos,84534.0,44894417.35
2023,Junho,Zambézia,Mulevala,Depósitos,77586.0,35599213.84
2023,Julho,Zambézia,Mulevala,Depósitos,89633.0,42833692.64
2023,Agosto,Zambézia,Mulevala,Depósitos,101707.0,59695929.44
2023,Setembro,Zambézia,Mulevala,Depósitos,101423.0,50945618.61
2023,Outubro,Zambézia,Mulevala,Depósitos,92887.0,51320045.36
2023,Novembro,Zambézia,Mulevala,Depósitos,135849.0,76605297.48
2023,Dezembro,Zambézia,Mulevala,Depósitos,112437.0,63020720.71
2023,Janeiro,Zambézia,Luabo,Depósitos,8162.0,5350007.0
2023,Fevereiro,Zambézia,Luabo,Depósitos,7307.0,4927050.0
2023,Março,Zambézia,Luabo,Depósitos,6090.0,3982442.0
2023,Abril,Zambézia,Luabo,Depósitos,7904.0,4634534.0
2023,Maio,Zambézia,Luabo,Depósitos,8951.0,5053756.0
2023,Junho,Zambézia,Luabo,Depósitos,7528.0,4610306.0
2023,Julho,Zambézia,Luabo,Depósitos,7878.0,5003445.0
2023,Agosto,Zambézia,Luabo,Depósitos,7211.0,4390231.0
2023,Setembro,Zambézia,Luabo,Depósitos,6522.0,2894457.0
2023,Outubro,Zambézia,Luabo,Depósitos,6686.0,3212608.0
2023,Novembro,Zambézia,Luabo,Depósitos,6917.0,3134827.0
2023,Dezembro,Zambézia,Luabo,Depósitos,6625.0,3480515.0
2023,Janeiro,Zambézia,Derre,Depósitos,1910.0,2983395.0
2023,Fevereiro,Zambézia,Derre,Depósitos,2685.0,3536677.0
2023,Março,Zambézia,Derre,Depósitos,1642.0,1735723.0
2023,Abril,Zambézia,Derre,Depósitos,1424.0,1136975.0
2023,Maio,Zambézia,Derre,Depósitos,1644.0,1257579.0
2023,Junho,Zambézia,Derre,Depósitos,1515.0,1145432.0
2023,Julho,Zambézia,Derre,Depósitos,1665.0,2047619.0
2023,Agosto,Zambézia,Derre,Depósitos,1372.0,1232191.0
2023,Setembro,Zambézia,Derre,Depósitos,1238.0,989732.0
2023,Outubro,Zambézia,Derre,Depósitos,1468.0,3334628.0
2023,Novembro,Zambézia,Derre,Depósitos,726.0,521261.0
2023,Dezembro,Zambézia,Derre,Depósitos,480.0,371311.0
2023,Janeiro,Nampula,Cidade de Nampula,Depósitos,2144540.0,1574917162.4299998
2023,Fevereiro,Nampula,Cidade de Nampula,Depósitos,2092921.0,1556930759.13
2023,Março,Nampula,Cidade de Nampula,Depósitos,2358064.0,1658011521.01
2023,Abril,Nampula,Cidade de Nampula,Depósitos,2457669.0,1697273474.4099998
2023,Maio,Nampula,Cidade de Nampula,Depósitos,2609291.0,1885975248.37
2023,Junho,Nampula,Cidade de Nampula,Depósitos,2479570.0,1796671304.3
2023,Julho,Nampula,Cidade de Nampula,Depósitos,2815274.0,2043433242.96
2023,Agosto,Nampula,Cidade de Nampula,Depósitos,3060266.0,2209959649.5
2023,Setembro,Nampula,Cidade de Nampula,Depósitos,3010860.0,2104534089.34
2023,Outubro,Nampula,Cidade de Nampula,Depósitos,2904559.0,1964470771.12
2023,Novembro,Nampula,Cidade de Nampula,Depósitos,4057984.0,2908052757.16
2023,Dezembro,Nampula,Cidade de Nampula,Depósitos,3446797.0,2688627413.91
2023,Janeiro,Nampula,Cidade de Nacala-Porto,Depósitos,689789.0,428982220.03
2023,Fevereiro,Nampula,Cidade de Nacala-Porto,Depósitos,688222.0,443947053.43
2023,Março,Nampula,Cidade de Nacala-Porto,Depósitos,769318.0,473319286.8
2023,Abril,Nampula,Cidade de Nacala-Porto,Depósitos,812765.0,470963008.5
2023,Maio,Nampula,Cidade de Nacala-Porto,Depósitos,860145.0,505930037.91
2023,Junho,Nampula,Cidade de Nacala-Porto,Depósitos,819052.0,488436217.1
2023,Julho,Nampula,Cidade de Nacala-Porto,Depósitos,945159.0,556331776.88
2023,Agosto,Nampula,Cidade de Nacala-Porto,Depósitos,1051402.0,617797198.81
2023,Setembro,Nampula,Cidade de Nacala-Porto,Depósitos,1037558.0,611186641.94
2023,Outubro,Nampula,Cidade de Nacala-Porto,Depósitos,1021033.0,577784254.5699999
2023,Novembro,Nampula,Cidade de Nacala-Porto,Depósitos,1469024.0,862219746.56
2023,Dezembro,Nampula,Cidade de Nacala-Porto,Depósitos,1238342.0,786085703.56
2023,Janeiro,Nampula,Angoche,Depósitos,259744.0,126800921.13
2023,Fevereiro,Nampula,Angoche,Depósitos,248404.0,114233239.25
2023,Março,Nampula,Angoche,Depósitos,284514.0,111065152.78
2023,Abril,Nampula,Angoche,Depósitos,298861.0,117588806.51
2023,Maio,Nampula,Angoche,Depósitos,364545.0,135699197.07999998
2023,Junho,Nampula,Angoche,Depósitos,367621.0,126858482.24
2023,Julho,Nampula,Angoche,Depósitos,451949.0,129478025.43
2023,Agosto,Nampula,Angoche,Depósitos,503574.0,136696710.91
2023,Setembro,Nampula,Angoche,Depósitos,502755.0,140139183.42000002
2023,Outubro,Nampula,Angoche,Depósitos,450429.0,123388162.0
2023,Novembro,Nampula,Angoche,Depósitos,639202.0,189457488.73
2023,Dezembro,Nampula,Angoche,Depósitos,522048.0,159900903.04
2023,Janeiro,Nampula,Ilha de Moçambique,Depósitos,103686.0,52257386.08
2023,Fevereiro,Nampula,Ilha de Moçambique,Depósitos,95172.0,44016154.28
2023,Março,Nampula,Ilha de Moçambique,Depósitos,102681.0,46012040.43
2023,Abril,Nampula,Ilha de Moçambique,Depósitos,106719.0,48466925.58
2023,Maio,Nampula,Ilha de Moçambique,Depósitos,112977.0,50517794.620000005
2023,Junho,Nampula,Ilha de Moçambique,Depósitos,100491.0,48842523.370000005
2023,Julho,Nampula,Ilha de Moçambique,Depósitos,112069.0,50522174.66
2023,Agosto,Nampula,Ilha de Moçambique,Depósitos,122543.0,56978966.78
2023,Setembro,Nampula,Ilha de Moçambique,Depósitos,128738.0,61600304.74
2023,Outubro,Nampula,Ilha de Moçambique,Depósitos,127152.0,57912727.49
2023,Novembro,Nampula,Ilha de Moçambique,Depósitos,188640.0,81870238.72
2023,Dezembro,Nampula,Ilha de Moçambique,Depósitos,164690.0,77968062.83
2023,Janeiro,Nampula,Lalaua,Depósitos,15473.0,8726353.26
2023,Fevereiro,Nampula,Lalaua,Depósitos,18172.0,9120753.18
2023,Março,Nampula,Lalaua,Depósitos,21098.0,9616292.8
2023,Abril,Nampula,Lalaua,Depósitos,25732.0,11495772.57
2023,Maio,Nampula,Lalaua,Depósitos,31181.0,19191841.46
2023,Junho,Nampula,Lalaua,Depósitos,32490.0,18005204.130000003
2023,Julho,Nampula,Lalaua,Depósitos,41052.0,25060570.83
2023,Agosto,Nampula,Lalaua,Depósitos,44629.0,27377329.85
2023,Setembro,Nampula,Lalaua,Depósitos,43132.0,21902259.68
2023,Outubro,Nampula,Lalaua,Depósitos,39230.0,16032835.4
2023,Novembro,Nampula,Lalaua,Depósitos,49819.0,21662010.02
2023,Dezembro,Nampula,Lalaua,Depósitos,40124.0,18541549.14
2023,Janeiro,Nampula,Malema,Depósitos,80305.0,50267909.28
2023,Fevereiro,Nampula,Malema,Depósitos,83787.0,47100592.47
2023,Março,Nampula,Malema,Depósitos,94672.0,47897062.09
2023,Abril,Nampula,Malema,Depósitos,101910.0,49263986.52
2023,Maio,Nampula,Malema,Depósitos,113786.0,57478940.21
2023,Junho,Nampula,Malema,Depósitos,117515.0,63685744.23
2023,Julho,Nampula,Malema,Depósitos,152096.0,84608035.46
2023,Agosto,Nampula,Malema,Depósitos,178111.0,112712852.82
2023,Setembro,Nampula,Malema,Depósitos,169022.0,78896184.25
2023,Outubro,Nampula,Malema,Depósitos,156780.0,69468767.21000001
2023,Novembro,Nampula,Malema,Depósitos,215279.0,95882639.99
2023,Dezembro,Nampula,Malema,Depósitos,170450.0,82109154.65
2023,Janeiro,Nampula,Meconta (Namialo),Depósitos,177368.0,75154567.72
2023,Fevereiro,Nampula,Meconta (Namialo),Depósitos,163122.0,67174834.85
2023,Março,Nampula,Meconta (Namialo),Depósitos,169369.0,65575855.81999999
2023,Abril,Nampula,Meconta (Namialo),Depósitos,173016.0,69966483.84
2023,Maio,Nampula,Meconta (Namialo),Depósitos,200324.0,86584159.33
2023,Junho,Nampula,Meconta (Namialo),Depósitos,200047.0,87035690.01
2023,Julho,Nampula,Meconta (Namialo),Depósitos,238960.0,100010415.55
2023,Agosto,Nampula,Meconta (Namialo),Depósitos,273940.0,99336470.15
2023,Setembro,Nampula,Meconta (Namialo),Depósitos,244703.0,94688407.66
2023,Outubro,Nampula,Meconta (Namialo),Depósitos,249653.0,88177447.25
2023,Novembro,Nampula,Meconta (Namialo),Depósitos,345553.0,141558419.99
2023,Dezembro,Nampula,Meconta (Namialo),Depósitos,297897.0,123413432.98
2023,Janeiro,Nampula,Mecuburi,Depósitos,46853.0,25857041.79
2023,Fevereiro,Nampula,Mecuburi,Depósitos,54736.0,29306132.68
2023,Março,Nampula,Mecuburi,Depósitos,60792.0,28886249.26
2023,Abril,Nampula,Mecuburi,Depósitos,65145.0,26835168.46
2023,Maio,Nampula,Mecuburi,Depósitos,70162.0,30729035.61
2023,Junho,Nampula,Mecuburi,Depósitos,68782.0,29514076.26
2023,Julho,Nampula,Mecuburi,Depósitos,82340.0,34934653.980000004
2023,Agosto,Nampula,Mecuburi,Depósitos,90360.0,40142737.88
2023,Setembro,Nampula,Mecuburi,Depósitos,92925.0,38944125.3
2023,Outubro,Nampula,Mecuburi,Depósitos,85786.0,34615891.67
2023,Novembro,Nampula,Mecuburi,Depósitos,118918.0,49632182.69
2023,Dezembro,Nampula,Mecuburi,Depósitos,90805.0,42042501.04
2023,Janeiro,Nampula,Memba,Depósitos,63361.0,30937267.55
2023,Fevereiro,Nampula,Memba,Depósitos,76447.0,31471289.21
2023,Março,Nampula,Memba,Depósitos,91884.0,35154760.86
2023,Abril,Nampula,Memba,Depósitos,101361.0,38232073.21
2023,Maio,Nampula,Memba,Depósitos,116935.0,41398088.19
2023,Junho,Nampula,Memba,Depósitos,116533.0,42873730.35
2023,Julho,Nampula,Memba,Depósitos,142377.0,52092277.64
2023,Agosto,Nampula,Memba,Depósitos,154967.0,54743114.81
2023,Setembro,Nampula,Memba,Depósitos,159482.0,51225303.89
2023,Outubro,Nampula,Memba,Depósitos,159246.0,50053529.37
2023,Novembro,Nampula,Memba,Depósitos,230611.0,74040869.52
2023,Dezembro,Nampula,Memba,Depósitos,182140.0,61115907.92
2023,Janeiro,Nampula,Mogincual,Depósitos,86575.0,30239403.56
2023,Fevereiro,Nampula,Mogincual,Depósitos,95452.0,31791729.0
2023,Março,Nampula,Mogincual,Depósitos,101477.0,30244022.9
2023,Abril,Nampula,Mogincual,Depósitos,107509.0,30526308.93
2023,Maio,Nampula,Mogincual,Depósitos,138025.0,40824206.4
2023,Junho,Nampula,Mogincual,Depósitos,141362.0,41012425.04
2023,Julho,Nampula,Mogincual,Depósitos,160824.0,43152096.8
2023,Agosto,Nampula,Mogincual,Depósitos,167393.0,47230552.68
2023,Setembro,Nampula,Mogincual,Depósitos,171968.0,41002878.48
2023,Outubro,Nampula,Mogincual,Depósitos,155308.0,34723187.879999995
2023,Novembro,Nampula,Mogincual,Depósitos,243647.0,58472447.2
2023,Dezembro,Nampula,Mogincual,Depósitos,190827.0,53268852.97
2023,Janeiro,Nampula,Mogovolas,Depósitos,103604.0,50365459.77
2023,Fevereiro,Nampula,Mogovolas,Depósitos,111645.0,46841302.91
2023,Março,Nampula,Mogovolas,Depósitos,135728.0,54111930.65
2023,Abril,Nampula,Mogovolas,Depósitos,149871.0,54716823.32
2023,Maio,Nampula,Mogovolas,Depósitos,181597.0,73296290.22
2023,Junho,Nampula,Mogovolas,Depósitos,178789.0,65248777.2
2023,Julho,Nampula,Mogovolas,Depósitos,211082.0,73488436.33
2023,Agosto,Nampula,Mogovolas,Depósitos,227506.0,73144473.59
2023,Setembro,Nampula,Mogovolas,Depósitos,242059.0,74419952.03
2023,Outubro,Nampula,Mogovolas,Depósitos,227680.0,72742988.98
2023,Novembro,Nampula,Mogovolas,Depósitos,359058.0,118080165.06
2023,Dezembro,Nampula,Mogovolas,Depósitos,283686.0,99302228.19
2023,Janeiro,Nampula,Moma,Depósitos,258686.0,154603477.95
2023,Fevereiro,Nampula,Moma,Depósitos,283507.0,127686672.69
2023,Março,Nampula,Moma,Depósitos,336662.0,148989903.67000002
2023,Abril,Nampula,Moma,Depósitos,358340.0,147384220.70999998
2023,Maio,Nampula,Moma,Depósitos,403025.0,177411427.03
2023,Junho,Nampula,Moma,Depósitos,389331.0,176847891.38
2023,Julho,Nampula,Moma,Depósitos,437218.0,180916048.93
2023,Agosto,Nampula,Moma,Depósitos,462475.0,173475510.73
2023,Setembro,Nampula,Moma,Depósitos,491640.0,180462885.79
2023,Outubro,Nampula,Moma,Depósitos,462888.0,165808333.0
2023,Novembro,Nampula,Moma,Depósitos,677623.0,265775509.2
2023,Dezembro,Nampula,Moma,Depósitos,534148.0,233749135.27
2023,Janeiro,Nampula,Monapo,Depósitos,96771.0,47475386.21
2023,Fevereiro,Nampula,Monapo,Depósitos,97724.0,46221750.85
2023,Março,Nampula,Monapo,Depósitos,109918.0,48293345.239999995
2023,Abril,Nampula,Monapo,Depósitos,124852.0,48363232.53
2023,Maio,Nampula,Monapo,Depósitos,153801.0,61285086.33
2023,Junho,Nampula,Monapo,Depósitos,153407.0,64603742.4
2023,Julho,Nampula,Monapo,Depósitos,187698.0,79976252.88
2023,Agosto,Nampula,Monapo,Depósitos,203208.0,82039338.47999999
2023,Setembro,Nampula,Monapo,Depósitos,207533.0,76868947.00999999
2023,Outubro,Nampula,Monapo,Depósitos,203899.0,73885772.52000001
2023,Novembro,Nampula,Monapo,Depósitos,295665.0,107642233.2
2023,Dezembro,Nampula,Monapo,Depósitos,233104.0,97435412.86
2023,Janeiro,Nampula,Mossuril,Depósitos,42612.0,21698300.99
2023,Fevereiro,Nampula,Mossuril,Depósitos,37881.0,18899290.78
2023,Março,Nampula,Mossuril,Depósitos,41120.0,18057703.07
2023,Abril,Nampula,Mossuril,Depósitos,43203.0,19769447.23
2023,Maio,Nampula,Mossuril,Depósitos,50227.0,19896434.55
2023,Junho,Nampula,Mossuril,Depósitos,51667.0,22862245.09
2023,Julho,Nampula,Mossuril,Depósitos,62442.0,25797282.89
2023,Agosto,Nampula,Mossuril,Depósitos,67300.0,28916722.87
2023,Setembro,Nampula,Mossuril,Depósitos,69892.0,30461627.97
2023,Outubro,Nampula,Mossuril,Depósitos,70580.0,28762167.26
2023,Novembro,Nampula,Mossuril,Depósitos,97735.0,45647232.55
2023,Dezembro,Nampula,Mossuril,Depósitos,84251.0,42867523.260000005
2023,Janeiro,Nampula,Muecate,Depósitos,24534.0,11178815.37
2023,Fevereiro,Nampula,Muecate,Depósitos,24924.0,10185603.58
2023,Março,Nampula,Muecate,Depósitos,30336.0,11725673.16
2023,Abril,Nampula,Muecate,Depósitos,34835.0,12621966.49
2023,Maio,Nampula,Muecate,Depósitos,41184.0,14611297.25
2023,Junho,Nampula,Muecate,Depósitos,42070.0,16331678.96
2023,Julho,Nampula,Muecate,Depósitos,50209.0,18814288.23
2023,Agosto,Nampula,Muecate,Depósitos,57403.0,20322313.09
2023,Setembro,Nampula,Muecate,Depósitos,61443.0,18276258.55
2023,Outubro,Nampula,Muecate,Depósitos,61059.0,16795875.98
2023,Novembro,Nampula,Muecate,Depósitos,97369.0,27763612.26
2023,Dezembro,Nampula,Muecate,Depósitos,72963.0,22216704.97
2023,Janeiro,Nampula,Murrupula,Depósitos,45286.0,30763903.18
2023,Fevereiro,Nampula,Murrupula,Depósitos,40938.0,28344484.99
2023,Março,Nampula,Murrupula,Depósitos,52431.0,31005142.78
2023,Abril,Nampula,Murrupula,Depósitos,63576.0,38237640.31
2023,Maio,Nampula,Murrupula,Depósitos,73797.0,42698023.239999995
2023,Junho,Nampula,Murrupula,Depósitos,72842.0,44069231.98
2023,Julho,Nampula,Murrupula,Depósitos,85601.0,46800223.97
2023,Agosto,Nampula,Murrupula,Depósitos,94263.0,49887847.96
2023,Setembro,Nampula,Murrupula,Depósitos,98148.0,47599548.74
2023,Outubro,Nampula,Murrupula,Depósitos,95974.0,41225106.8
2023,Novembro,Nampula,Murrupula,Depósitos,142247.0,66265185.0
2023,Dezembro,Nampula,Murrupula,Depósitos,118682.0,57542536.36
2023,Janeiro,Nampula,Nacala-Velha,Depósitos,49692.0,18867447.78
2023,Fevereiro,Nampula,Nacala-Velha,Depósitos,49912.0,19100631.89
2023,Março,Nampula,Nacala-Velha,Depósitos,59217.0,21937590.02
2023,Abril,Nampula,Nacala-Velha,Depósitos,64301.0,20761973.27
2023,Maio,Nampula,Nacala-Velha,Depósitos,78619.0,25331150.13
2023,Junho,Nampula,Nacala-Velha,Depósitos,76752.0,24241991.55
2023,Julho,Nampula,Nacala-Velha,Depósitos,89680.0,27825994.54
2023,Agosto,Nampula,Nacala-Velha,Depósitos,96529.0,31234885.0
2023,Setembro,Nampula,Nacala-Velha,Depósitos,96696.0,31049621.02
2023,Outubro,Nampula,Nacala-Velha,Depósitos,99869.0,27071065.45
2023,Novembro,Nampula,Nacala-Velha,Depósitos,151774.0,45244986.35
2023,Dezembro,Nampula,Nacala-Velha,Depósitos,119501.0,39755909.22
2023,Janeiro,Nampula,Nacaroa,Depósitos,33120.0,15583066.21
2023,Fevereiro,Nampula,Nacaroa,Depósitos,34847.0,14225458.02
2023,Março,Nampula,Nacaroa,Depósitos,40268.0,16768754.84
2023,Abril,Nampula,Nacaroa,Depósitos,45606.0,18233391.5
2023,Maio,Nampula,Nacaroa,Depósitos,48908.0,20385494.25
2023,Junho,Nampula,Nacaroa,Depósitos,49602.0,21083157.79
2023,Julho,Nampula,Nacaroa,Depósitos,59868.0,23025687.06
2023,Agosto,Nampula,Nacaroa,Depósitos,65789.0,23654895.59
2023,Setembro,Nampula,Nacaroa,Depósitos,63960.0,21245621.34
2023,Outubro,Nampula,Nacaroa,Depósitos,64474.0,22980169.14
2023,Novembro,Nampula,Nacaroa,Depósitos,100562.0,37755673.379999995
2023,Dezembro,Nampula,Nacaroa,Depósitos,79308.0,31911719.55
2023,Janeiro,Nampula,Namapa-Erati,Depósitos,97182.0,79825462.46000001
2023,Fevereiro,Nampula,Namapa-Erati,Depósitos,99690.0,73431724.27
2023,Março,Nampula,Namapa-Erati,Depósitos,116764.0,73356483.6
2023,Abril,Nampula,Namapa-Erati,Depósitos,135349.0,99214988.51
2023,Maio,Nampula,Namapa-Erati,Depósitos,151334.0,132613290.67
2023,Junho,Nampula,Namapa-Erati,Depósitos,146001.0,116389480.44
2023,Julho,Nampula,Namapa-Erati,Depósitos,176518.0,135653704.31
2023,Agosto,Nampula,Namapa-Erati,Depósitos,200555.0,145448138.26999998
2023,Setembro,Nampula,Namapa-Erati,Depósitos,200558.0,117491020.19
2023,Outubro,Nampula,Namapa-Erati,Depósitos,187777.0,101365147.07
2023,Novembro,Nampula,Namapa-Erati,Depósitos,261048.0,155805880.55
2023,Dezembro,Nampula,Namapa-Erati,Depósitos,202148.0,131491102.91
2023,Janeiro,Nampula,Rapale-Nampula,Depósitos,64384.0,32425911.59
2023,Fevereiro,Nampula,Rapale-Nampula,Depósitos,64504.0,30912896.97
2023,Março,Nampula,Rapale-Nampula,Depósitos,76394.0,35412148.370000005
2023,Abril,Nampula,Rapale-Nampula,Depósitos,89261.0,40681086.45
2023,Maio,Nampula,Rapale-Nampula,Depósitos,103654.0,50035756.46
2023,Junho,Nampula,Rapale-Nampula,Depósitos,103281.0,51287451.34
2023,Julho,Nampula,Rapale-Nampula,Depósitos,123692.0,63854191.4
2023,Agosto,Nampula,Rapale-Nampula,Depósitos,137733.0,74643422.45
2023,Setembro,Nampula,Rapale-Nampula,Depósitos,145317.0,73493892.08
2023,Outubro,Nampula,Rapale-Nampula,Depósitos,142158.0,71102616.88
2023,Novembro,Nampula,Rapale-Nampula,Depósitos,218904.0,113621901.82
2023,Dezembro,Nampula,Rapale-Nampula,Depósitos,181336.0,100620108.54
2023,Janeiro,Nampula,Ribaué,Depósitos,85762.0,55191819.81
2023,Fevereiro,Nampula,Ribaué,Depósitos,83262.0,48960541.5
2023,Março,Nampula,Ribaué,Depósitos,95211.0,49744667.86
2023,Abril,Nampula,Ribaué,Depósitos,97452.0,47688439.83
2023,Maio,Nampula,Ribaué,Depósitos,112295.0,53042359.16
2023,Junho,Nampula,Ribaué,Depósitos,117571.0,57193819.26
2023,Julho,Nampula,Ribaué,Depósitos,140564.0,70317341.72
2023,Agosto,Nampula,Ribaué,Depósitos,159340.0,85305634.0
2023,Setembro,Nampula,Ribaué,Depósitos,157485.0,76247397.93
2023,Outubro,Nampula,Ribaué,Depósitos,148245.0,70551308.97999999
2023,Novembro,Nampula,Ribaué,Depósitos,205677.0,97618342.46
2023,Dezembro,Nampula,Ribaué,Depósitos,166913.0,85821364.36
2023,Janeiro,Nampula,Liupo,Depósitos,1924.0,1112066.0
2023,Fevereiro,Nampula,Liupo,Depósitos,1601.0,934423.0
2023,Março,Nampula,Liupo,Depósitos,1400.0,484743.0
2023,Abril,Nampula,Liupo,Depósitos,1294.0,344200.0
2023,Maio,Nampula,Liupo,Depósitos,1550.0,360536.0
2023,Junho,Nampula,Liupo,Depósitos,1017.0,220698.0
2023,Julho,Nampula,Liupo,Depósitos,1106.0,247777.0
2023,Agosto,Nampula,Liupo,Depósitos,920.0,96755.0
2023,Setembro,Nampula,Liupo,Depósitos,813.0,128861.0
2023,Outubro,Nampula,Liupo,Depósitos,440.0,46223.0
2023,Novembro,Nampula,Liupo,Depósitos,250.0,29303.0
2023,Dezembro,Nampula,Liupo,Depósitos,257.0,29920.0
2023,Janeiro,Nampula,Larde,Depósitos,1214.0,428699.0
2023,Fevereiro,Nampula,Larde,Depósitos,1081.0,422489.0
2023,Março,Nampula,Larde,Depósitos,1476.0,571806.0
2023,Abril,Nampula,Larde,Depósitos,1514.0,489133.0
2023,Maio,Nampula,Larde,Depósitos,1774.0,756397.0
2023,Junho,Nampula,Larde,Depósitos,1564.0,419621.0
2023,Julho,Nampula,Larde,Depósitos,1585.0,571352.0
2023,Agosto,Nampula,Larde,Depósitos,1543.0,332385.0
2023,Setembro,Nampula,Larde,Depósitos,1563.0,356086.0
2023,Outubro,Nampula,Larde,Depósitos,1433.0,339179.0
2023,Novembro,Nampula,Larde,Depósitos,1295.0,309357.0
2023,Dezembro,Nampula,Larde,Depósitos,1340.0,317738.0
2023,Janeiro,Cabo Delgado,Cidade de Pemba,Depósitos,685859.0,660524433.88
2023,Fevereiro,Cabo Delgado,Cidade de Pemba,Depósitos,704952.0,634031323.62
2023,Março,Cabo Delgado,Cidade de Pemba,Depósitos,784209.0,666227197.46
2023,Abril,Cabo Delgado,Cidade de Pemba,Depósitos,814179.0,673955783.02
2023,Maio,Cabo Delgado,Cidade de Pemba,Depósitos,853406.0,699171924.37
2023,Junho,Cabo Delgado,Cidade de Pemba,Depósitos,788806.0,664110985.62
2023,Julho,Cabo Delgado,Cidade de Pemba,Depósitos,902636.0,763347958.8399999
2023,Agosto,Cabo Delgado,Cidade de Pemba,Depósitos,1001737.0,823533584.27
2023,Setembro,Cabo Delgado,Cidade de Pemba,Depósitos,998573.0,785038349.85
2023,Outubro,Cabo Delgado,Cidade de Pemba,Depósitos,1009079.0,776031472.4
2023,Novembro,Cabo Delgado,Cidade de Pemba,Depósitos,1389599.0,1066312976.61
2023,Dezembro,Cabo Delgado,Cidade de Pemba,Depósitos,1213581.0,1093864181.13
2023,Janeiro,Cabo Delgado,Ancuabe,Depósitos,62173.0,38097988.65
2023,Fevereiro,Cabo Delgado,Ancuabe,Depósitos,74088.0,42528993.07
2023,Março,Cabo Delgado,Ancuabe,Depósitos,92166.0,49174290.25
2023,Abril,Cabo Delgado,Ancuabe,Depósitos,98640.0,47987799.45
2023,Maio,Cabo Delgado,Ancuabe,Depósitos,109084.0,59995845.79
2023,Junho,Cabo Delgado,Ancuabe,Depósitos,104215.0,60419048.47
2023,Julho,Cabo Delgado,Ancuabe,Depósitos,123344.0,72870272.11
2023,Agosto,Cabo Delgado,Ancuabe,Depósitos,146520.0,86073371.46000001
2023,Setembro,Cabo Delgado,Ancuabe,Depósitos,151563.0,80233942.41
2023,Outubro,Cabo Delgado,Ancuabe,Depósitos,148184.0,75353161.50999999
2023,Novembro,Cabo Delgado,Ancuabe,Depósitos,207907.0,106222553.17
2023,Dezembro,Cabo Delgado,Ancuabe,Depósitos,167872.0,91527117.04
2023,Janeiro,Cabo Delgado,Balama,Depósitos,47852.0,44706150.65
2023,Fevereiro,Cabo Delgado,Balama,Depósitos,50176.0,42048096.95
2023,Março,Cabo Delgado,Balama,Depósitos,56056.0,44329954.49
2023,Abril,Cabo Delgado,Balama,Depósitos,57587.0,41237795.89
2023,Maio,Cabo Delgado,Balama,Depósitos,64628.0,49715140.35
2023,Junho,Cabo Delgado,Balama,Depósitos,70061.0,81572244.93
2023,Julho,Cabo Delgado,Balama,Depósitos,86543.0,102994780.32
2023,Agosto,Cabo Delgado,Balama,Depósitos,92331.0,87400770.38
2023,Setembro,Cabo Delgado,Balama,Depósitos,87903.0,67280516.38
2023,Outubro,Cabo Delgado,Balama,Depósitos,80941.0,55779928.09
2023,Novembro,Cabo Delgado,Balama,Depósitos,108190.0,71311689.82
2023,Dezembro,Cabo Delgado,Balama,Depósitos,91557.0,66926446.2
2023,Janeiro,Cabo Delgado,Chiúre,Depósitos,94481.0,68880825.45
2023,Fevereiro,Cabo Delgado,Chiúre,Depósitos,109378.0,69425659.59
2023,Março,Cabo Delgado,Chiúre,Depósitos,133793.0,77104168.88
2023,Abril,Cabo Delgado,Chiúre,Depósitos,142326.0,78963481.35
2023,Maio,Cabo Delgado,Chiúre,Depósitos,159276.0,91704935.34
2023,Junho,Cabo Delgado,Chiúre,Depósitos,161260.0,102603172.58
2023,Julho,Cabo Delgado,Chiúre,Depósitos,193149.0,114349559.53
2023,Agosto,Cabo Delgado,Chiúre,Depósitos,219684.0,130977228.51
2023,Setembro,Cabo Delgado,Chiúre,Depósitos,219949.0,111819813.15
2023,Outubro,Cabo Delgado,Chiúre,Depósitos,203022.0,100001610.21
2023,Novembro,Cabo Delgado,Chiúre,Depósitos,285390.0,146151234.85
2023,Dezembro,Cabo Delgado,Chiúre,Depósitos,232903.0,143960208.62
2023,Janeiro,Cabo Delgado,Ibo,Depósitos,8299.0,7557042.18
2023,Fevereiro,Cabo Delgado,Ibo,Depósitos,10168.0,9380676.38
2023,Março,Cabo Delgado,Ibo,Depósitos,13288.0,12266671.03
2023,Abril,Cabo Delgado,Ibo,Depósitos,16637.0,16949644.33
2023,Maio,Cabo Delgado,Ibo,Depósitos,18536.0,17277538.05
2023,Junho,Cabo Delgado,Ibo,Depósitos,17081.0,15449548.1
2023,Julho,Cabo Delgado,Ibo,Depósitos,18575.0,16411498.24
2023,Agosto,Cabo Delgado,Ibo,Depósitos,20787.0,18280458.05
2023,Setembro,Cabo Delgado,Ibo,Depósitos,22526.0,16226352.91
2023,Outubro,Cabo Delgado,Ibo,Depósitos,22811.0,17329588.92
2023,Novembro,Cabo Delgado,Ibo,Depósitos,31634.0,24630587.14
2023,Dezembro,Cabo Delgado,Ibo,Depósitos,26171.0,21418959.32
2023,Janeiro,Cabo Delgado,Macomia,Depósitos,29708.0,23839299.27
2023,Fevereiro,Cabo Delgado,Macomia,Depósitos,34652.0,22941540.35
2023,Março,Cabo Delgado,Macomia,Depósitos,38397.0,23594809.19
2023,Abril,Cabo Delgado,Macomia,Depósitos,43022.0,27479946.73
2023,Maio,Cabo Delgado,Macomia,Depósitos,45929.0,26351175.630000003
2023,Junho,Cabo Delgado,Macomia,Depósitos,42596.0,25448657.53
2023,Julho,Cabo Delgado,Macomia,Depósitos,52291.0,28537010.68
2023,Agosto,Cabo Delgado,Macomia,Depósitos,56880.0,30971023.36
2023,Setembro,Cabo Delgado,Macomia,Depósitos,61513.0,33563745.45
2023,Outubro,Cabo Delgado,Macomia,Depósitos,56153.0,28621685.4
2023,Novembro,Cabo Delgado,Macomia,Depósitos,78974.0,41094509.67
2023,Dezembro,Cabo Delgado,Macomia,Depósitos,68604.0,45839703.0
2023,Janeiro,Cabo Delgado,Mecufi,Depósitos,17447.0,9359014.26
2023,Fevereiro,Cabo Delgado,Mecufi,Depósitos,19979.0,8612877.45
2023,Março,Cabo Delgado,Mecufi,Depósitos,24846.0,9426964.64
2023,Abril,Cabo Delgado,Mecufi,Depósitos,26286.0,10172830.98
2023,Maio,Cabo Delgado,Mecufi,Depósitos,27225.0,9958162.33
2023,Junho,Cabo Delgado,Mecufi,Depósitos,23978.0,10892573.98
2023,Julho,Cabo Delgado,Mecufi,Depósitos,31830.0,13729905.1
2023,Agosto,Cabo Delgado,Mecufi,Depósitos,37579.0,13231635.09
2023,Setembro,Cabo Delgado,Mecufi,Depósitos,42798.0,13932689.14
2023,Outubro,Cabo Delgado,Mecufi,Depósitos,45460.0,15426736.8
2023,Novembro,Cabo Delgado,Mecufi,Depósitos,66757.0,21601031.8
2023,Dezembro,Cabo Delgado,Mecufi,Depósitos,59471.0,20399190.28
2023,Janeiro,Cabo Delgado,Meluco,Depósitos,7843.0,7491725.35
2023,Fevereiro,Cabo Delgado,Meluco,Depósitos,5043.0,4271042.65
2023,Março,Cabo Delgado,Meluco,Depósitos,9411.0,5375628.29
2023,Abril,Cabo Delgado,Meluco,Depósitos,11951.0,6614980.4
2023,Maio,Cabo Delgado,Meluco,Depósitos,14228.0,8291909.15
2023,Junho,Cabo Delgado,Meluco,Depósitos,14165.0,8698345.83
2023,Julho,Cabo Delgado,Meluco,Depósitos,18683.0,13045047.16
2023,Agosto,Cabo Delgado,Meluco,Depósitos,23156.0,16932578.47
2023,Setembro,Cabo Delgado,Meluco,Depósitos,25301.0,16357690.67
2023,Outubro,Cabo Delgado,Meluco,Depósitos,25755.0,17892615.48
2023,Novembro,Cabo Delgado,Meluco,Depósitos,35599.0,26283700.13
2023,Dezembro,Cabo Delgado,Meluco,Depósitos,28153.0,23951135.81
2023,Janeiro,Cabo Delgado,Mocimboa da Praia,Depósitos,40960.0,46872966.63
2023,Fevereiro,Cabo Delgado,Mocimboa da Praia,Depósitos,39829.0,47324818.49
2023,Março,Cabo Delgado,Mocimboa da Praia,Depósitos,52567.0,56829006.91
2023,Abril,Cabo Delgado,Mocimboa da Praia,Depósitos,56594.0,56076653.92
2023,Maio,Cabo Delgado,Mocimboa da Praia,Depósitos,63567.0,62278281.79
2023,Junho,Cabo Delgado,Mocimboa da Praia,Depósitos,60268.0,63272354.38
2023,Julho,Cabo Delgado,Mocimboa da Praia,Depósitos,71132.0,75527644.24
2023,Agosto,Cabo Delgado,Mocimboa da Praia,Depósitos,82903.0,90730897.51
2023,Setembro,Cabo Delgado,Mocimboa da Praia,Depósitos,79701.0,81472131.89
2023,Outubro,Cabo Delgado,Mocimboa da Praia,Depósitos,86720.0,86198616.57
2023,Novembro,Cabo Delgado,Mocimboa da Praia,Depósitos,105036.0,97828163.91
2023,Dezembro,Cabo Delgado,Mocimboa da Praia,Depósitos,108400.0,112656804.97
2023,Janeiro,Cabo Delgado,Montepuez,Depósitos,234653.0,270708419.95
2023,Fevereiro,Cabo Delgado,Montepuez,Depósitos,239619.0,249718811.74
2023,Março,Cabo Delgado,Montepuez,Depósitos,294361.0,282143188.89
2023,Abril,Cabo Delgado,Montepuez,Depósitos,305040.0,251539625.7
2023,Maio,Cabo Delgado,Montepuez,Depósitos,332866.0,285544177.98
2023,Junho,Cabo Delgado,Montepuez,Depósitos,314503.0,267701905.09
2023,Julho,Cabo Delgado,Montepuez,Depósitos,377804.0,324298365.28
2023,Agosto,Cabo Delgado,Montepuez,Depósitos,420802.0,334434967.51
2023,Setembro,Cabo Delgado,Montepuez,Depósitos,433102.0,313692884.96000004
2023,Outubro,Cabo Delgado,Montepuez,Depósitos,424830.0,296189141.84000003
2023,Novembro,Cabo Delgado,Montepuez,Depósitos,608491.0,413887027.44
2023,Dezembro,Cabo Delgado,Montepuez,Depósitos,522965.0,420089815.18
2023,Janeiro,Cabo Delgado,Mueda,Depósitos,131749.0,141496585.39
2023,Fevereiro,Cabo Delgado,Mueda,Depósitos,147156.0,144402554.47
2023,Março,Cabo Delgado,Mueda,Depósitos,187081.0,148373480.02
2023,Abril,Cabo Delgado,Mueda,Depósitos,196127.0,130629268.82
2023,Maio,Cabo Delgado,Mueda,Depósitos,202097.0,144922028.52
2023,Junho,Cabo Delgado,Mueda,Depósitos,192612.0,140087328.26
2023,Julho,Cabo Delgado,Mueda,Depósitos,231311.0,167154033.01999998
2023,Agosto,Cabo Delgado,Mueda,Depósitos,256323.0,174852389.48000002
2023,Setembro,Cabo Delgado,Mueda,Depósitos,265372.0,166871885.55
2023,Outubro,Cabo Delgado,Mueda,Depósitos,268920.0,159263353.73000002
2023,Novembro,Cabo Delgado,Mueda,Depósitos,389398.0,243158933.21
2023,Dezembro,Cabo Delgado,Mueda,Depósitos,341575.0,246181050.57
2023,Janeiro,Cabo Delgado,Muidumbe,Depósitos,9726.0,5269630.37
2023,Fevereiro,Cabo Delgado,Muidumbe,Depósitos,14491.0,7018112.96
2023,Março,Cabo Delgado,Muidumbe,Depósitos,19398.0,7841971.43
2023,Abril,Cabo Delgado,Muidumbe,Depósitos,21878.0,7500157.17
2023,Maio,Cabo Delgado,Muidumbe,Depósitos,21891.0,8537289.14
2023,Junho,Cabo Delgado,Muidumbe,Depósitos,20029.0,8346426.45
2023,Julho,Cabo Delgado,Muidumbe,Depósitos,23795.0,10199198.74
2023,Agosto,Cabo Delgado,Muidumbe,Depósitos,28719.0,11051117.44
2023,Setembro,Cabo Delgado,Muidumbe,Depósitos,30410.0,10986548.97
2023,Outubro,Cabo Delgado,Muidumbe,Depósitos,28816.0,11793198.04
2023,Novembro,Cabo Delgado,Muidumbe,Depósitos,41881.0,16515640.1
2023,Dezembro,Cabo Delgado,Muidumbe,Depósitos,38712.0,19355721.25
2023,Janeiro,Cabo Delgado,Namuno,Depósitos,33089.0,29752535.630000003
2023,Fevereiro,Cabo Delgado,Namuno,Depósitos,39558.0,31832585.17
2023,Março,Cabo Delgado,Namuno,Depósitos,48902.0,36720954.45
2023,Abril,Cabo Delgado,Namuno,Depósitos,53685.0,38329734.92
2023,Maio,Cabo Delgado,Namuno,Depósitos,59610.0,45215956.55
2023,Junho,Cabo Delgado,Namuno,Depósitos,62619.0,58723344.51
2023,Julho,Cabo Delgado,Namuno,Depósitos,76289.0,69328091.1
2023,Agosto,Cabo Delgado,Namuno,Depósitos,85153.0,60452584.17
2023,Setembro,Cabo Delgado,Namuno,Depósitos,89309.0,56942313.73
2023,Outubro,Cabo Delgado,Namuno,Depósitos,84930.0,49118626.97
2023,Novembro,Cabo Delgado,Namuno,Depósitos,125433.0,71438077.17
2023,Dezembro,Cabo Delgado,Namuno,Depósitos,101113.0,61550451.42
2023,Janeiro,Cabo Delgado,Nangade,Depósitos,18898.0,17431491.09
2023,Fevereiro,Cabo Delgado,Nangade,Depósitos,21994.0,16843214.9
2023,Março,Cabo Delgado,Nangade,Depósitos,28105.0,17775377.15
2023,Abril,Cabo Delgado,Nangade,Depósitos,30492.0,16081316.01
2023,Maio,Cabo Delgado,Nangade,Depósitos,33752.0,18341454.1
2023,Junho,Cabo Delgado,Nangade,Depósitos,34195.0,23748703.01
2023,Julho,Cabo Delgado,Nangade,Depósitos,42558.0,26197138.65
2023,Agosto,Cabo Delgado,Nangade,Depósitos,50183.0,23805347.97
2023,Setembro,Cabo Delgado,Nangade,Depósitos,55839.0,26506672.48
2023,Outubro,Cabo Delgado,Nangade,Depósitos,55821.0,26486711.63
2023,Novembro,Cabo Delgado,Nangade,Depósitos,87643.0,50959384.21
2023,Dezembro,Cabo Delgado,Nangade,Depósitos,78439.0,48180179.47
2023,Janeiro,Cabo Delgado,Palma,Depósitos,33502.0,49806137.0
2023,Fevereiro,Cabo Delgado,Palma,Depósitos,31251.0,45000952.0
2023,Março,Cabo Delgado,Palma,Depósitos,41127.0,59555849.0
2023,Abril,Cabo Delgado,Palma,Depósitos,41060.0,57920923.0
2023,Maio,Cabo Delgado,Palma,Depósitos,46568.0,63698561.82
2023,Junho,Cabo Delgado,Palma,Depósitos,47222.0,67289992.0
2023,Julho,Cabo Delgado,Palma,Depósitos,53329.0,81599958.31
2023,Agosto,Cabo Delgado,Palma,Depósitos,60706.0,93328084.46
2023,Setembro,Cabo Delgado,Palma,Depósitos,61239.0,94597090.86
2023,Outubro,Cabo Delgado,Palma,Depósitos,73757.0,98040198.4
2023,Novembro,Cabo Delgado,Palma,Depósitos,75462.0,98988182.81
2023,Dezembro,Cabo Delgado,Palma,Depósitos,83037.0,118074330.23
2023,Janeiro,Cabo Delgado,Pemba-Metuge,Depósitos,22718.0,7171111.21
2023,Fevereiro,Cabo Delgado,Pemba-Metuge,Depósitos,31110.0,9474456.22
2023,Março,Cabo Delgado,Pemba-Metuge,Depósitos,38964.0,10448107.08
2023,Abril,Cabo Delgado,Pemba-Metuge,Depósitos,43614.0,12141114.36
2023,Maio,Cabo Delgado,Pemba-Metuge,Depósitos,52157.0,15531106.02
2023,Junho,Cabo Delgado,Pemba-Metuge,Depósitos,53792.0,18646923.43
2023,Julho,Cabo Delgado,Pemba-Metuge,Depósitos,70617.0,26950450.09
2023,Agosto,Cabo Delgado,Pemba-Metuge,Depósitos,81474.0,30527756.23
2023,Setembro,Cabo Delgado,Pemba-Metuge,Depósitos,88662.0,31837624.84
2023,Outubro,Cabo Delgado,Pemba-Metuge,Depósitos,93271.0,33382764.45
2023,Novembro,Cabo Delgado,Pemba-Metuge,Depósitos,147185.0,54189772.97
2023,Dezembro,Cabo Delgado,Pemba-Metuge,Depósitos,126375.0,53855661.36
2023,Janeiro,Cabo Delgado,Quissanga,Depósitos,2011.0,2112163.0
2023,Fevereiro,Cabo Delgado,Quissanga,Depósitos,2671.0,2820075.0
2023,Março,Cabo Delgado,Quissanga,Depósitos,3786.0,3579016.37
2023,Abril,Cabo Delgado,Quissanga,Depósitos,3827.0,3153517.5
2023,Maio,Cabo Delgado,Quissanga,Depósitos,4819.0,3360335.5
2023,Junho,Cabo Delgado,Quissanga,Depósitos,5751.0,4252883.5
2023,Julho,Cabo Delgado,Quissanga,Depósitos,11668.0,9679622.91
2023,Agosto,Cabo Delgado,Quissanga,Depósitos,18877.0,16504747.05
2023,Setembro,Cabo Delgado,Quissanga,Depósitos,21864.0,16415820.37
2023,Outubro,Cabo Delgado,Quissanga,Depósitos,22704.0,16566772.89
2023,Novembro,Cabo Delgado,Quissanga,Depósitos,34821.0,25253537.09
2023,Dezembro,Cabo Delgado,Quissanga,Depósitos,29526.0,21142286.85
2023,Janeiro,Niassa,Cidade de Lichinga,Depósitos,467321.0,321314520.76
2023,Fevereiro,Niassa,Cidade de Lichinga,Depósitos,537272.0,327979693.52
2023,Março,Niassa,Cidade de Lichinga,Depósitos,635942.0,310258724.07
2023,Abril,Niassa,Cidade de Lichinga,Depósitos,686970.0,318982891.59
2023,Maio,Niassa,Cidade de Lichinga,Depósitos,682891.0,351205119.38
2023,Junho,Niassa,Cidade de Lichinga,Depósitos,617640.0,353207359.78999996
2023,Julho,Niassa,Cidade de Lichinga,Depósitos,755551.0,427474432.63
2023,Agosto,Niassa,Cidade de Lichinga,Depósitos,865884.0,469080628.63
2023,Setembro,Niassa,Cidade de Lichinga,Depósitos,887302.0,448672225.95
2023,Outubro,Niassa,Cidade de Lichinga,Depósitos,872131.0,412218603.58
2023,Novembro,Niassa,Cidade de Lichinga,Depósitos,1215846.0,584025606.5999999
2023,Dezembro,Niassa,Cidade de Lichinga,Depósitos,1009202.0,552470581.25
2023,Janeiro,Niassa,Cuamba,Depósitos,188308.0,130389954.94
2023,Fevereiro,Niassa,Cuamba,Depósitos,188482.0,129639293.7
2023,Março,Niassa,Cuamba,Depósitos,207872.0,130490277.26
2023,Abril,Niassa,Cuamba,Depósitos,222797.0,132438700.56
2023,Maio,Niassa,Cuamba,Depósitos,242486.0,160980012.03
2023,Junho,Niassa,Cuamba,Depósitos,217950.0,152118687.94
2023,Julho,Niassa,Cuamba,Depósitos,269865.0,189353084.14
2023,Agosto,Niassa,Cuamba,Depósitos,324989.0,261179179.86
2023,Setembro,Niassa,Cuamba,Depósitos,335791.0,214625533.29
2023,Outubro,Niassa,Cuamba,Depósitos,308815.0,162865752.25
2023,Novembro,Niassa,Cuamba,Depósitos,406980.0,214453970.92
2023,Dezembro,Niassa,Cuamba,Depósitos,351189.0,198482413.46
2023,Janeiro,Niassa,Lago,Depósitos,42025.0,28502620.49
2023,Fevereiro,Niassa,Lago,Depósitos,52256.0,28031345.24
2023,Março,Niassa,Lago,Depósitos,58911.0,28846085.73
2023,Abril,Niassa,Lago,Depósitos,66409.0,32694677.65
2023,Maio,Niassa,Lago,Depósitos,71770.0,35268272.16
2023,Junho,Niassa,Lago,Depósitos,63609.0,34054086.09
2023,Julho,Niassa,Lago,Depósitos,78025.0,41568910.56
2023,Agosto,Niassa,Lago,Depósitos,90950.0,45578551.42
2023,Setembro,Niassa,Lago,Depósitos,104697.0,52315298.58
2023,Outubro,Niassa,Lago,Depósitos,108429.0,61526749.81
2023,Novembro,Niassa,Lago,Depósitos,151449.0,75240891.77
2023,Dezembro,Niassa,Lago,Depósitos,117952.0,61215329.07
2023,Janeiro,Niassa,Manjune,Depósitos,17020.0,7105004.71
2023,Fevereiro,Niassa,Manjune,Depósitos,19809.0,7865670.15
2023,Março,Niassa,Manjune,Depósitos,23864.0,8718292.04
2023,Abril,Niassa,Manjune,Depósitos,25406.0,8008011.63
2023,Maio,Niassa,Manjune,Depósitos,27732.0,13146630.48
2023,Junho,Niassa,Manjune,Depósitos,27914.0,10300929.17
2023,Julho,Niassa,Manjune,Depósitos,35921.0,13518858.05
2023,Agosto,Niassa,Manjune,Depósitos,39056.0,14247036.57
2023,Setembro,Niassa,Manjune,Depósitos,38886.0,13963267.78
2023,Outubro,Niassa,Manjune,Depósitos,35794.0,12069822.57
2023,Novembro,Niassa,Manjune,Depósitos,47802.0,18359804.95
2023,Dezembro,Niassa,Manjune,Depósitos,38511.0,16981254.869999997
2023,Janeiro,Niassa,Mandimba,Depósitos,78234.0,43725736.11
2023,Fevereiro,Niassa,Mandimba,Depósitos,87402.0,41493379.06
2023,Março,Niassa,Mandimba,Depósitos,102098.0,39324536.65
2023,Abril,Niassa,Mandimba,Depósitos,118074.0,44344341.52
2023,Maio,Niassa,Mandimba,Depósitos,126856.0,50810183.2
2023,Junho,Niassa,Mandimba,Depósitos,121025.0,56277908.27
2023,Julho,Niassa,Mandimba,Depósitos,159132.0,71075729.22999999
2023,Agosto,Niassa,Mandimba,Depósitos,197024.0,79640320.0
2023,Setembro,Niassa,Mandimba,Depósitos,201048.0,81741957.18
2023,Outubro,Niassa,Mandimba,Depósitos,195589.0,75073798.97
2023,Novembro,Niassa,Mandimba,Depósitos,265007.0,92554882.43
2023,Dezembro,Niassa,Mandimba,Depósitos,213264.0,79375504.62
2023,Janeiro,Niassa,Marrupa,Depósitos,39022.0,31436026.7
2023,Fevereiro,Niassa,Marrupa,Depósitos,45796.0,36334808.84
2023,Março,Niassa,Marrupa,Depósitos,52604.0,36894086.39
2023,Abril,Niassa,Marrupa,Depósitos,54703.0,31920632.52
2023,Maio,Niassa,Marrupa,Depósitos,54650.0,34850956.07
2023,Junho,Niassa,Marrupa,Depósitos,50120.0,42424670.1
2023,Julho,Niassa,Marrupa,Depósitos,67342.0,59575180.72
2023,Agosto,Niassa,Marrupa,Depósitos,72127.0,49361059.02
2023,Setembro,Niassa,Marrupa,Depósitos,72164.0,42150757.69
2023,Outubro,Niassa,Marrupa,Depósitos,71765.0,45063008.86
2023,Novembro,Niassa,Marrupa,Depósitos,99424.0,55197741.55
2023,Dezembro,Niassa,Marrupa,Depósitos,80697.0,53755565.62
2023,Janeiro,Niassa,Maúa,Depósitos,19556.0,12864616.65
2023,Fevereiro,Niassa,Maúa,Depósitos,22202.0,15244566.17
2023,Março,Niassa,Maúa,Depósitos,24414.0,12134897.09
2023,Abril,Niassa,Maúa,Depósitos,26628.0,11080340.15
2023,Maio,Niassa,Maúa,Depósitos,27989.0,12634856.78
2023,Junho,Niassa,Maúa,Depósitos,25068.0,15747888.19
2023,Julho,Niassa,Maúa,Depósitos,33580.0,22573398.9
2023,Agosto,Niassa,Maúa,Depósitos,37859.0,32789160.22
2023,Setembro,Niassa,Maúa,Depósitos,38855.0,24438672.36
2023,Outubro,Niassa,Maúa,Depósitos,35083.0,17264730.869999997
2023,Novembro,Niassa,Maúa,Depósitos,49400.0,21752186.93
2023,Dezembro,Niassa,Maúa,Depósitos,42304.0,20296814.31
2023,Janeiro,Niassa,Mavago,Depósitos,15806.0,11736345.29
2023,Fevereiro,Niassa,Mavago,Depósitos,20290.0,12371899.88
2023,Março,Niassa,Mavago,Depósitos,23101.0,11384882.15
2023,Abril,Niassa,Mavago,Depósitos,25066.0,12286488.98
2023,Maio,Niassa,Mavago,Depósitos,22859.0,11700791.23
2023,Junho,Niassa,Mavago,Depósitos,21850.0,19517578.95
2023,Julho,Niassa,Mavago,Depósitos,30947.0,21422032.98
2023,Agosto,Niassa,Mavago,Depósitos,34410.0,20523222.43
2023,Setembro,Niassa,Mavago,Depósitos,36862.0,17648691.68
2023,Outubro,Niassa,Mavago,Depósitos,32897.0,15880126.58
2023,Novembro,Niassa,Mavago,Depósitos,45076.0,20406590.19
2023,Dezembro,Niassa,Mavago,Depósitos,33928.0,16810961.29
2023,Janeiro,Niassa,Mecanhelas,Depósitos,50796.0,29885800.11
2023,Fevereiro,Niassa,Mecanhelas,Depósitos,61436.0,35740366.33
2023,Março,Niassa,Mecanhelas,Depósitos,69551.0,28458708.92
2023,Abril,Niassa,Mecanhelas,Depósitos,78930.0,31728698.62
2023,Maio,Niassa,Mecanhelas,Depósitos,86474.0,35325681.16
2023,Junho,Niassa,Mecanhelas,Depósitos,84835.0,42655641.25
2023,Julho,Niassa,Mecanhelas,Depósitos,110655.0,61111954.44
2023,Agosto,Niassa,Mecanhelas,Depósitos,120378.0,58572766.79
2023,Setembro,Niassa,Mecanhelas,Depósitos,120074.0,45574675.72
2023,Outubro,Niassa,Mecanhelas,Depósitos,115616.0,44960161.24
2023,Novembro,Niassa,Mecanhelas,Depósitos,158146.0,66845292.24
2023,Dezembro,Niassa,Mecanhelas,Depósitos,127744.0,53663400.36
2023,Janeiro,Niassa,Mecula,Depósitos,6179.0,3763231.0
2023,Fevereiro,Niassa,Mecula,Depósitos,7012.0,4897314.05
2023,Março,Niassa,Mecula,Depósitos,8522.0,4648585.29
2023,Abril,Niassa,Mecula,Depósitos,9656.0,4624869.3
2023,Maio,Niassa,Mecula,Depósitos,11116.0,6352538.64
2023,Junho,Niassa,Mecula,Depósitos,9814.0,4858014.83
2023,Julho,Niassa,Mecula,Depósitos,13403.0,6418585.73
2023,Agosto,Niassa,Mecula,Depósitos,15199.0,7514180.87
2023,Setembro,Niassa,Mecula,Depósitos,16820.0,10026689.24
2023,Outubro,Niassa,Mecula,Depósitos,17539.0,11502814.83
2023,Novembro,Niassa,Mecula,Depósitos,24097.0,17648411.11
2023,Dezembro,Niassa,Mecula,Depósitos,19304.0,16740440.08
2023,Janeiro,Niassa,Metarica,Depósitos,18924.0,8702314.58
2023,Fevereiro,Niassa,Metarica,Depósitos,20482.0,7319763.09
2023,Março,Niassa,Metarica,Depósitos,22755.0,6889761.41
2023,Abril,Niassa,Metarica,Depósitos,21756.0,7124883.23
2023,Maio,Niassa,Metarica,Depósitos,26598.0,8712435.34
2023,Junho,Niassa,Metarica,Depósitos,22101.0,9574759.12
2023,Julho,Niassa,Metarica,Depósitos,30849.0,14053270.59
2023,Agosto,Niassa,Metarica,Depósitos,38807.0,22507253.76
2023,Setembro,Niassa,Metarica,Depósitos,37141.0,15518563.24
2023,Outubro,Niassa,Metarica,Depósitos,35406.0,12898499.8
2023,Novembro,Niassa,Metarica,Depósitos,46412.0,16116261.24
2023,Dezembro,Niassa,Metarica,Depósitos,36099.0,15501166.19
2023,Janeiro,Niassa,Muembe,Depósitos,11447.0,5357174.12
2023,Fevereiro,Niassa,Muembe,Depósitos,12701.0,5282166.62
2023,Março,Niassa,Muembe,Depósitos,15475.0,5291951.38
2023,Abril,Niassa,Muembe,Depósitos,16066.0,5362039.18
2023,Maio,Niassa,Muembe,Depósitos,16594.0,6015205.86
2023,Junho,Niassa,Muembe,Depósitos,18078.0,7720276.89
2023,Julho,Niassa,Muembe,Depósitos,23874.0,10846075.62
2023,Agosto,Niassa,Muembe,Depósitos,28090.0,12275987.48
2023,Setembro,Niassa,Muembe,Depósitos,29462.0,8928516.26
2023,Outubro,Niassa,Muembe,Depósitos,28576.0,8416882.879999999
2023,Novembro,Niassa,Muembe,Depósitos,43755.0,14069356.49
2023,Dezembro,Niassa,Muembe,Depósitos,36908.0,16266459.83
2023,Janeiro,Niassa,N´gauma,Depósitos,11563.0,5208692.3
2023,Fevereiro,Niassa,N´gauma,Depósitos,15352.0,5421496.04
2023,Março,Niassa,N´gauma,Depósitos,18027.0,5711638.03
2023,Abril,Niassa,N´gauma,Depósitos,19175.0,5103772.02
2023,Maio,Niassa,N´gauma,Depósitos,20366.0,7281411.46
2023,Junho,Niassa,N´gauma,Depósitos,18958.0,7318009.94
2023,Julho,Niassa,N´gauma,Depósitos,24268.0,8870959.780000001
2023,Agosto,Niassa,N´gauma,Depósitos,27667.0,10276698.54
2023,Setembro,Niassa,N´gauma,Depósitos,28982.0,10720082.13
2023,Outubro,Niassa,N´gauma,Depósitos,27211.0,10285941.31
2023,Novembro,Niassa,N´gauma,Depósitos,36773.0,14020686.69
2023,Dezembro,Niassa,N´gauma,Depósitos,28912.0,11334740.33
2023,Janeiro,Niassa,Nipepe,Depósitos,9052.0,7287010.52
2023,Fevereiro,Niassa,Nipepe,Depósitos,9911.0,7010256.74
2023,Março,Niassa,Nipepe,Depósitos,11961.0,6121661.79
2023,Abril,Niassa,Nipepe,Depósitos,14065.0,6795297.65
2023,Maio,Niassa,Nipepe,Depósitos,18445.0,11581523.15
2023,Junho,Niassa,Nipepe,Depósitos,18892.0,13318761.0
2023,Julho,Niassa,Nipepe,Depósitos,24951.0,20890317.28
2023,Agosto,Niassa,Nipepe,Depósitos,27055.0,22783572.27
2023,Setembro,Niassa,Nipepe,Depósitos,25759.0,17155905.43
2023,Outubro,Niassa,Nipepe,Depósitos,26038.0,14345301.73
2023,Novembro,Niassa,Nipepe,Depósitos,34896.0,16961184.79
2023,Dezembro,Niassa,Nipepe,Depósitos,27701.0,13594337.04
2023,Janeiro,Niassa,Sanga,Depósitos,17366.0,11275540.33
2023,Fevereiro,Niassa,Sanga,Depósitos,21987.0,13223294.94
2023,Março,Niassa,Sanga,Depósitos,26112.0,9145403.65
2023,Abril,Niassa,Sanga,Depósitos,29924.0,9984500.23
2023,Maio,Niassa,Sanga,Depósitos,32880.0,12295450.29
2023,Junho,Niassa,Sanga,Depósitos,34631.0,13663380.92
2023,Julho,Niassa,Sanga,Depósitos,42426.0,15646746.48
2023,Agosto,Niassa,Sanga,Depósitos,47751.0,17799408.59
2023,Setembro,Niassa,Sanga,Depósitos,51775.0,16627132.33
2023,Outubro,Niassa,Sanga,Depósitos,51278.0,16542843.69
2023,Novembro,Niassa,Sanga,Depósitos,71033.0,22487809.97
2023,Dezembro,Niassa,Sanga,Depósitos,53114.0,21008940.83
2023,Janeiro,Niassa,Chimbunhila,Depósitos,5538.0,2046304.23
2023,Fevereiro,Niassa,Chimbunhila,Depósitos,8308.0,2918152.84
2023,Março,Niassa,Chimbunhila,Depósitos,11569.0,3387074.94
2023,Abril,Niassa,Chimbunhila,Depósitos,16078.0,5587751.82
2023,Maio,Niassa,Chimbunhila,Depósitos,15425.0,5726851.36
2023,Junho,Niassa,Chimbunhila,Depósitos,15335.0,6010345.8
2023,Julho,Niassa,Chimbunhila,Depósitos,20427.0,7618378.36
2023,Agosto,Niassa,Chimbunhila,Depósitos,25045.0,8095963.44
2023,Setembro,Niassa,Chimbunhila,Depósitos,27172.0,8189449.3
2023,Outubro,Niassa,Chimbunhila,Depósitos,27410.0,7993560.52
2023,Novembro,Niassa,Chimbunhila,Depósitos,37677.0,11734532.34
2023,Dezembro,Niassa,Chimbunhila,Depósitos,30351.0,9218918.16
2023,Janeiro,Província de Maputo,Cidade de Maputo,Levantamentos,3919582.0,4112607708.5100007
2023,Fevereiro,Província de Maputo,Cidade de Maputo,Levantamentos,3836841.0,3944408655.9299994
2023,Março,Província de Maputo,Cidade de Maputo,Levantamentos,4570289.0,4641466093.78
2023,Abril,Província de Maputo,Cidade de Maputo,Levantamentos,4405755.0,4395907401.050001
2023,Maio,Província de Maputo,Cidade de Maputo,Levantamentos,4672272.0,4722333991.43
2023,Junho,Província de Maputo,Cidade de Maputo,Levantamentos,4733795.0,4773293706.82
2023,Julho,Província de Maputo,Cidade de Maputo,Levantamentos,4936881.0,5063240913.789999
2023,Agosto,Província de Maputo,Cidade de Maputo,Levantamentos,5226473.0,5363160037.089998
2023,Setembro,Província de Maputo,Cidade de Maputo,Levantamentos,5111972.0,5228923450.469999
2023,Outubro,Província de Maputo,Cidade de Maputo,Levantamentos,5141073.0,5204778846.5099945
2023,Novembro,Província de Maputo,Cidade de Maputo,Levantamentos,6367374.0,6674789575.43
2023,Dezembro,Província de Maputo,Cidade de Maputo,Levantamentos,5820141.0,6965863905.529999
2023,Janeiro,Província de Maputo,Cidade da Matola,Levantamentos,3044638.0,2511642605.28
2023,Fevereiro,Província de Maputo,Cidade da Matola,Levantamentos,2924363.0,2319919291.35
2023,Março,Província de Maputo,Cidade da Matola,Levantamentos,3429876.0,2691353856.17
2023,Abril,Província de Maputo,Cidade da Matola,Levantamentos,3414985.0,2698097633.1499996
2023,Maio,Província de Maputo,Cidade da Matola,Levantamentos,3622315.0,2869240965.92
2023,Junho,Província de Maputo,Cidade da Matola,Levantamentos,3683318.0,2891855057.9
2023,Julho,Província de Maputo,Cidade da Matola,Levantamentos,3934379.0,3145995745.8599997
2023,Agosto,Província de Maputo,Cidade da Matola,Levantamentos,4100335.0,3325801024.43
2023,Setembro,Província de Maputo,Cidade da Matola,Levantamentos,4153752.0,3397765279.04
2023,Outubro,Província de Maputo,Cidade da Matola,Levantamentos,4264535.0,3493742845.419998
2023,Novembro,Província de Maputo,Cidade da Matola,Levantamentos,5238330.0,4417042119.02
2023,Dezembro,Província de Maputo,Cidade da Matola,Levantamentos,4751981.0,4515519103.71
2023,Janeiro,Província de Maputo,Boane,Levantamentos,502530.0,420865763.77
2023,Fevereiro,Província de Maputo,Boane,Levantamentos,470656.0,399724759.75000006
2023,Março,Província de Maputo,Boane,Levantamentos,574898.0,483882081.4500001
2023,Abril,Província de Maputo,Boane,Levantamentos,592976.0,495621885.76
2023,Maio,Província de Maputo,Boane,Levantamentos,619345.0,510156463.6
2023,Junho,Província de Maputo,Boane,Levantamentos,635022.0,526898114.21
2023,Julho,Província de Maputo,Boane,Levantamentos,673937.0,559892832.88
2023,Agosto,Província de Maputo,Boane,Levantamentos,709053.0,601217643.56
2023,Setembro,Província de Maputo,Boane,Levantamentos,725252.0,620730322.4100001
2023,Outubro,Província de Maputo,Boane,Levantamentos,753880.0,638962444.9100001
2023,Novembro,Província de Maputo,Boane,Levantamentos,887107.0,775171666.69
2023,Dezembro,Província de Maputo,Boane,Levantamentos,841831.0,841836567.42
2023,Janeiro,Província de Maputo,Magude,Levantamentos,38610.0,47184781.0
2023,Fevereiro,Província de Maputo,Magude,Levantamentos,40309.0,45319574.0
2023,Março,Província de Maputo,Magude,Levantamentos,52405.0,61271124.65
2023,Abril,Província de Maputo,Magude,Levantamentos,52951.0,61174045.0
2023,Maio,Província de Maputo,Magude,Levantamentos,54720.0,62323268.0
2023,Junho,Província de Maputo,Magude,Levantamentos,57174.0,65542152.0
2023,Julho,Província de Maputo,Magude,Levantamentos,59483.0,67416060.0
2023,Agosto,Província de Maputo,Magude,Levantamentos,59347.0,68770455.0
2023,Setembro,Província de Maputo,Magude,Levantamentos,61438.0,68709718.0
2023,Outubro,Província de Maputo,Magude,Levantamentos,66814.0,72423047.48
2023,Novembro,Província de Maputo,Magude,Levantamentos,81485.0,90469171.63
2023,Dezembro,Província de Maputo,Magude,Levantamentos,69644.0,96344100.1
2023,Janeiro,Província de Maputo,Manhiça,Levantamentos,214020.0,200488185.06000003
2023,Fevereiro,Província de Maputo,Manhiça,Levantamentos,213312.0,202643411.2
2023,Março,Província de Maputo,Manhiça,Levantamentos,240362.0,230093582.26
2023,Abril,Província de Maputo,Manhiça,Levantamentos,238556.0,221162997.7
2023,Maio,Província de Maputo,Manhiça,Levantamentos,256242.0,241784393.8
2023,Junho,Província de Maputo,Manhiça,Levantamentos,257514.0,242649364.6
2023,Julho,Província de Maputo,Manhiça,Levantamentos,275695.0,263902646.87999997
2023,Agosto,Província de Maputo,Manhiça,Levantamentos,285936.0,274695423.7
2023,Setembro,Província de Maputo,Manhiça,Levantamentos,293056.0,278095816.1
2023,Outubro,Província de Maputo,Manhiça,Levantamentos,303096.0,290778990.65999997
2023,Novembro,Província de Maputo,Manhiça,Levantamentos,345264.0,331641763.95
2023,Dezembro,Província de Maputo,Manhiça,Levantamentos,328641.0,370098470.08
2023,Janeiro,Província de Maputo,Marracuene,Levantamentos,535031.0,452532625.67
2023,Fevereiro,Província de Maputo,Marracuene,Levantamentos,504095.0,421774955.99
2023,Março,Província de Maputo,Marracuene,Levantamentos,598946.0,499521664.78
2023,Abril,Província de Maputo,Marracuene,Levantamentos,726283.0,611881578.77
2023,Maio,Província de Maputo,Marracuene,Levantamentos,778295.0,652072173.12
2023,Junho,Província de Maputo,Marracuene,Levantamentos,801512.0,674761930.36
2023,Julho,Província de Maputo,Marracuene,Levantamentos,858656.0,744219821.87
2023,Agosto,Província de Maputo,Marracuene,Levantamentos,901651.0,782146443.9
2023,Setembro,Província de Maputo,Marracuene,Levantamentos,938857.0,851243216.3899999
2023,Outubro,Província de Maputo,Marracuene,Levantamentos,959065.0,895154505.9400003
2023,Novembro,Província de Maputo,Marracuene,Levantamentos,1146654.0,1096746100.35
2023,Dezembro,Província de Maputo,Marracuene,Levantamentos,1078307.0,1206516481.15
2023,Janeiro,Província de Maputo,Matutuíne,Levantamentos,45573.0,47300831.0
2023,Fevereiro,Província de Maputo,Matutuíne,Levantamentos,42881.0,39813092.0
2023,Março,Província de Maputo,Matutuíne,Levantamentos,51039.0,48772247.0
2023,Abril,Província de Maputo,Matutuíne,Levantamentos,53592.0,51382301.8
2023,Maio,Província de Maputo,Matutuíne,Levantamentos,56288.0,52689623.0
2023,Junho,Província de Maputo,Matutuíne,Levantamentos,56827.0,55635808.0
2023,Julho,Província de Maputo,Matutuíne,Levantamentos,61153.0,59217982.0
2023,Agosto,Província de Maputo,Matutuíne,Levantamentos,65608.0,62852295.0
2023,Setembro,Província de Maputo,Matutuíne,Levantamentos,68827.0,67878816.0
2023,Outubro,Província de Maputo,Matutuíne,Levantamentos,69994.0,67538109.67
2023,Novembro,Província de Maputo,Matutuíne,Levantamentos,92399.0,92429388.9
2023,Dezembro,Província de Maputo,Matutuíne,Levantamentos,87923.0,101676050.9
2023,Janeiro,Província de Maputo,Namaacha,Levantamentos,33107.0,36760763.0
2023,Fevereiro,Província de Maputo,Namaacha,Levantamentos,30470.0,41975918.0
2023,Março,Província de Maputo,Namaacha,Levantamentos,39106.0,46948061.0
2023,Abril,Província de Maputo,Namaacha,Levantamentos,38834.0,47886407.0
2023,Maio,Província de Maputo,Namaacha,Levantamentos,40349.0,50198200.0
2023,Junho,Província de Maputo,Namaacha,Levantamentos,44092.0,54410543.0
2023,Julho,Província de Maputo,Namaacha,Levantamentos,43986.0,54193770.5
2023,Agosto,Província de Maputo,Namaacha,Levantamentos,44494.0,57185068.879999995
2023,Setembro,Província de Maputo,Namaacha,Levantamentos,46280.0,57481615.0
2023,Outubro,Província de Maputo,Namaacha,Levantamentos,45838.0,59919435.75
2023,Novembro,Província de Maputo,Namaacha,Levantamentos,55796.0,73281009.0
2023,Dezembro,Província de Maputo,Namaacha,Levantamentos,50766.0,78362397.0
2023,Janeiro,Província de Maputo,Moamba,Levantamentos,116784.0,188520060.8
2023,Fevereiro,Província de Maputo,Moamba,Levantamentos,116387.0,199720289.8
2023,Março,Província de Maputo,Moamba,Levantamentos,142929.0,242324931.0
2023,Abril,Província de Maputo,Moamba,Levantamentos,141651.0,245989133.0
2023,Maio,Província de Maputo,Moamba,Levantamentos,149831.0,252540715.2
2023,Junho,Província de Maputo,Moamba,Levantamentos,153722.0,277362821.0
2023,Julho,Província de Maputo,Moamba,Levantamentos,161394.0,277198264.1
2023,Agosto,Província de Maputo,Moamba,Levantamentos,172566.0,293664197.6
2023,Setembro,Província de Maputo,Moamba,Levantamentos,170082.0,292701573.1
2023,Outubro,Província de Maputo,Moamba,Levantamentos,178648.0,334233923.91999996
2023,Novembro,Província de Maputo,Moamba,Levantamentos,226693.0,439865379.97
2023,Dezembro,Província de Maputo,Moamba,Levantamentos,210039.0,384641009.5
2023,Janeiro,Gaza,Cidade de Xai-Xai,Levantamentos,306234.0,339989417.42
2023,Fevereiro,Gaza,Cidade de Xai-Xai,Levantamentos,310610.0,349746437.82
2023,Março,Gaza,Cidade de Xai-Xai,Levantamentos,365911.0,399486634.95
2023,Abril,Gaza,Cidade de Xai-Xai,Levantamentos,350435.0,366225651.41
2023,Maio,Gaza,Cidade de Xai-Xai,Levantamentos,383140.0,399442512.72
2023,Junho,Gaza,Cidade de Xai-Xai,Levantamentos,382331.0,398947418.59
2023,Julho,Gaza,Cidade de Xai-Xai,Levantamentos,400640.0,420326984.65
2023,Agosto,Gaza,Cidade de Xai-Xai,Levantamentos,425250.0,444653998.33
2023,Setembro,Gaza,Cidade de Xai-Xai,Levantamentos,436572.0,436426703.5
2023,Outubro,Gaza,Cidade de Xai-Xai,Levantamentos,450405.0,457101263.1099999
2023,Novembro,Gaza,Cidade de Xai-Xai,Levantamentos,565776.0,559872267.35
2023,Dezembro,Gaza,Cidade de Xai-Xai,Levantamentos,493893.0,567111147.16
2023,Janeiro,Gaza,Bilene-Macia,Levantamentos,184772.0,212475716.5
2023,Fevereiro,Gaza,Bilene-Macia,Levantamentos,174992.0,204503341.6
2023,Março,Gaza,Bilene-Macia,Levantamentos,202977.0,238687324.9
2023,Abril,Gaza,Bilene-Macia,Levantamentos,197923.0,224613080.8
2023,Maio,Gaza,Bilene-Macia,Levantamentos,204129.0,232256610.6
2023,Junho,Gaza,Bilene-Macia,Levantamentos,206764.0,234862350.22
2023,Julho,Gaza,Bilene-Macia,Levantamentos,219989.0,257384872.8
2023,Agosto,Gaza,Bilene-Macia,Levantamentos,232394.0,272476279.5
2023,Setembro,Gaza,Bilene-Macia,Levantamentos,237405.0,269288741.6
2023,Outubro,Gaza,Bilene-Macia,Levantamentos,240316.0,282683941.3
2023,Novembro,Gaza,Bilene-Macia,Levantamentos,284117.0,328629740.64
2023,Dezembro,Gaza,Bilene-Macia,Levantamentos,275771.0,357168548.0
2023,Janeiro,Gaza,Chibuto,Levantamentos,106444.0,128718241.95
2023,Fevereiro,Gaza,Chibuto,Levantamentos,112556.0,135167128.45
2023,Março,Gaza,Chibuto,Levantamentos,136406.0,171170035.6
2023,Abril,Gaza,Chibuto,Levantamentos,134262.0,166814663.95
2023,Maio,Gaza,Chibuto,Levantamentos,144297.0,179303640.4
2023,Junho,Gaza,Chibuto,Levantamentos,142033.0,173633581.25
2023,Julho,Gaza,Chibuto,Levantamentos,148558.0,181946721.95
2023,Agosto,Gaza,Chibuto,Levantamentos,161289.0,195380773.15
2023,Setembro,Gaza,Chibuto,Levantamentos,163626.0,193713677.51
2023,Outubro,Gaza,Chibuto,Levantamentos,170597.0,206939975.28
2023,Novembro,Gaza,Chibuto,Levantamentos,202397.0,240760681.5
2023,Dezembro,Gaza,Chibuto,Levantamentos,183971.0,239441364.6
2023,Janeiro,Gaza,Chicualacuala,Levantamentos,15070.0,16740300.0
2023,Fevereiro,Gaza,Chicualacuala,Levantamentos,15835.0,18068628.0
2023,Março,Gaza,Chicualacuala,Levantamentos,19235.0,21967791.0
2023,Abril,Gaza,Chicualacuala,Levantamentos,19765.0,21431067.0
2023,Maio,Gaza,Chicualacuala,Levantamentos,20838.0,21648495.0
2023,Junho,Gaza,Chicualacuala,Levantamentos,23289.0,23968500.0
2023,Julho,Gaza,Chicualacuala,Levantamentos,24915.0,25288322.0
2023,Agosto,Gaza,Chicualacuala,Levantamentos,25184.0,27253066.0
2023,Setembro,Gaza,Chicualacuala,Levantamentos,24188.0,23413741.0
2023,Outubro,Gaza,Chicualacuala,Levantamentos,26243.0,25298508.7
2023,Novembro,Gaza,Chicualacuala,Levantamentos,36666.0,38996202.0
2023,Dezembro,Gaza,Chicualacuala,Levantamentos,29387.0,34321434.0
2023,Janeiro,Gaza,Chigubo,Levantamentos,4118.0,6249572.0
2023,Fevereiro,Gaza,Chigubo,Levantamentos,4958.0,6394201.0
2023,Março,Gaza,Chigubo,Levantamentos,5641.0,6201976.0
2023,Abril,Gaza,Chigubo,Levantamentos,6256.0,6969682.0
2023,Maio,Gaza,Chigubo,Levantamentos,6610.0,7519563.0
2023,Junho,Gaza,Chigubo,Levantamentos,7089.0,8811920.0
2023,Julho,Gaza,Chigubo,Levantamentos,7845.0,10049910.0
2023,Agosto,Gaza,Chigubo,Levantamentos,7797.0,11055967.0
2023,Setembro,Gaza,Chigubo,Levantamentos,7565.0,9873112.0
2023,Outubro,Gaza,Chigubo,Levantamentos,8240.0,11274540.0
2023,Novembro,Gaza,Chigubo,Levantamentos,11147.0,16914962.0
2023,Dezembro,Gaza,Chigubo,Levantamentos,9986.0,17492884.0
2023,Janeiro,Gaza,Chókwè,Levantamentos,169624.0,200848673.9
2023,Fevereiro,Gaza,Chókwè,Levantamentos,170705.0,198107229.54
2023,Março,Gaza,Chókwè,Levantamentos,204532.0,244008438.57
2023,Abril,Gaza,Chókwè,Levantamentos,215613.0,250476038.48
2023,Maio,Gaza,Chókwè,Levantamentos,228029.0,259186484.06
2023,Junho,Gaza,Chókwè,Levantamentos,226034.0,253264774.94
2023,Julho,Gaza,Chókwè,Levantamentos,237701.0,272786887.95
2023,Agosto,Gaza,Chókwè,Levantamentos,257487.0,296778118.67
2023,Setembro,Gaza,Chókwè,Levantamentos,257978.0,291471487.03
2023,Outubro,Gaza,Chókwè,Levantamentos,264681.0,295621643.25
2023,Novembro,Gaza,Chókwè,Levantamentos,333678.0,370574566.66
2023,Dezembro,Gaza,Chókwè,Levantamentos,293895.0,367596583.12
2023,Janeiro,Gaza,Guijá,Levantamentos,31980.0,43084379.58
2023,Fevereiro,Gaza,Guijá,Levantamentos,36273.0,48647613.18
2023,Março,Gaza,Guijá,Levantamentos,42039.0,57889599.32
2023,Abril,Gaza,Guijá,Levantamentos,42928.0,56687310.3
2023,Maio,Gaza,Guijá,Levantamentos,45440.0,60233625.2
2023,Junho,Gaza,Guijá,Levantamentos,47498.0,61301241.3
2023,Julho,Gaza,Guijá,Levantamentos,50564.0,68981218.61
2023,Agosto,Gaza,Guijá,Levantamentos,51557.0,68115453.52
2023,Setembro,Gaza,Guijá,Levantamentos,52176.0,69297350.32
2023,Outubro,Gaza,Guijá,Levantamentos,58573.0,81509370.66
2023,Novembro,Gaza,Guijá,Levantamentos,70257.0,98321207.4
2023,Dezembro,Gaza,Guijá,Levantamentos,60043.0,87657769.97
2023,Janeiro,Gaza,Mabalane,Levantamentos,14123.0,17533014.0
2023,Fevereiro,Gaza,Mabalane,Levantamentos,15041.0,18325241.0
2023,Março,Gaza,Mabalane,Levantamentos,17913.0,20340636.0
2023,Abril,Gaza,Mabalane,Levantamentos,17783.0,20913721.0
2023,Maio,Gaza,Mabalane,Levantamentos,18753.0,22013051.0
2023,Junho,Gaza,Mabalane,Levantamentos,20023.0,23654337.0
2023,Julho,Gaza,Mabalane,Levantamentos,21648.0,24710253.0
2023,Agosto,Gaza,Mabalane,Levantamentos,24312.0,28971687.0
2023,Setembro,Gaza,Mabalane,Levantamentos,23764.0,25485049.0
2023,Outubro,Gaza,Mabalane,Levantamentos,26681.0,28567897.83
2023,Novembro,Gaza,Mabalane,Levantamentos,35889.0,40888303.0
2023,Dezembro,Gaza,Mabalane,Levantamentos,27540.0,37413944.0
2023,Janeiro,Gaza,Manjacaze,Levantamentos,82483.0,86511707.0
2023,Fevereiro,Gaza,Manjacaze,Levantamentos,79507.0,86539899.8
2023,Março,Gaza,Manjacaze,Levantamentos,89686.0,100992940.2
2023,Abril,Gaza,Manjacaze,Levantamentos,87726.0,97977235.7
2023,Maio,Gaza,Manjacaze,Levantamentos,94469.0,105154784.7
2023,Junho,Gaza,Manjacaze,Levantamentos,96419.0,104341437.1
2023,Julho,Gaza,Manjacaze,Levantamentos,101769.0,111772677.5
2023,Agosto,Gaza,Manjacaze,Levantamentos,105217.0,114770504.7
2023,Setembro,Gaza,Manjacaze,Levantamentos,100458.0,106615371.0
2023,Outubro,Gaza,Manjacaze,Levantamentos,107668.0,117398789.31
2023,Novembro,Gaza,Manjacaze,Levantamentos,132979.0,144437895.0
2023,Dezembro,Gaza,Manjacaze,Levantamentos,120162.0,165946111.8
2023,Janeiro,Gaza,Massangena,Levantamentos,6169.0,5672530.0
2023,Fevereiro,Gaza,Massangena,Levantamentos,7172.0,7679717.0
2023,Março,Gaza,Massangena,Levantamentos,8495.0,7411419.18
2023,Abril,Gaza,Massangena,Levantamentos,8597.0,5681570.0
2023,Maio,Gaza,Massangena,Levantamentos,9255.0,7348067.0
2023,Junho,Gaza,Massangena,Levantamentos,10021.0,7995647.0
2023,Julho,Gaza,Massangena,Levantamentos,11426.0,8833834.0
2023,Agosto,Gaza,Massangena,Levantamentos,11646.0,10031291.0
2023,Setembro,Gaza,Massangena,Levantamentos,11404.0,8675438.0
2023,Outubro,Gaza,Massangena,Levantamentos,13054.0,9152710.0
2023,Novembro,Gaza,Massangena,Levantamentos,18676.0,14798400.0
2023,Dezembro,Gaza,Massangena,Levantamentos,16012.0,16152840.0
2023,Janeiro,Gaza,Massingir,Levantamentos,11754.0,14962453.0
2023,Fevereiro,Gaza,Massingir,Levantamentos,13457.0,16904945.0
2023,Março,Gaza,Massingir,Levantamentos,14163.0,19288645.0
2023,Abril,Gaza,Massingir,Levantamentos,13762.0,16743990.0
2023,Maio,Gaza,Massingir,Levantamentos,15043.0,17621774.0
2023,Junho,Gaza,Massingir,Levantamentos,14947.0,17180375.0
2023,Julho,Gaza,Massingir,Levantamentos,17070.0,19580517.0
2023,Agosto,Gaza,Massingir,Levantamentos,18701.0,20569552.0
2023,Setembro,Gaza,Massingir,Levantamentos,19727.0,21250481.0
2023,Outubro,Gaza,Massingir,Levantamentos,21713.0,24143303.0
2023,Novembro,Gaza,Massingir,Levantamentos,30142.0,34457777.0
2023,Dezembro,Gaza,Massingir,Levantamentos,26097.0,33818920.0
2023,Janeiro,Gaza,Chonguene,Levantamentos,72480.0,67071148.2
2023,Fevereiro,Gaza,Chonguene,Levantamentos,69781.0,64740556.16
2023,Março,Gaza,Chonguene,Levantamentos,87108.0,76875997.78
2023,Abril,Gaza,Chonguene,Levantamentos,94271.0,87158781.93
2023,Maio,Gaza,Chonguene,Levantamentos,93088.0,80806437.0
2023,Junho,Gaza,Chonguene,Levantamentos,94712.0,84070798.0
2023,Julho,Gaza,Chonguene,Levantamentos,99715.0,93348981.0
2023,Agosto,Gaza,Chonguene,Levantamentos,110475.0,102724321.5
2023,Setembro,Gaza,Chonguene,Levantamentos,114754.0,101216787.0
2023,Outubro,Gaza,Chonguene,Levantamentos,119213.0,111679831.13
2023,Novembro,Gaza,Chonguene,Levantamentos,152271.0,144849895.0
2023,Dezembro,Gaza,Chonguene,Levantamentos,129948.0,136255958.52
2023,Janeiro,Gaza,Mapai,Levantamentos,14967.0,20811771.0
2023,Fevereiro,Gaza,Mapai,Levantamentos,16895.0,21513658.0
2023,Março,Gaza,Mapai,Levantamentos,21394.0,26620826.0
2023,Abril,Gaza,Mapai,Levantamentos,20503.0,23975840.0
2023,Maio,Gaza,Mapai,Levantamentos,21361.0,25044732.0
2023,Junho,Gaza,Mapai,Levantamentos,24135.0,28355861.0
2023,Julho,Gaza,Mapai,Levantamentos,25888.0,30605085.0
2023,Agosto,Gaza,Mapai,Levantamentos,27353.0,31871108.0
2023,Setembro,Gaza,Mapai,Levantamentos,26870.0,29375194.0
2023,Outubro,Gaza,Mapai,Levantamentos,29722.0,33243841.5
2023,Novembro,Gaza,Mapai,Levantamentos,42065.0,50047402.0
2023,Dezembro,Gaza,Mapai,Levantamentos,35285.0,49218953.0
2023,Janeiro,Gaza,Limpopo,Levantamentos,61391.0,57949407.3
2023,Fevereiro,Gaza,Limpopo,Levantamentos,58375.0,55943021.02
2023,Março,Gaza,Limpopo,Levantamentos,70082.0,68247145.0
2023,Abril,Gaza,Limpopo,Levantamentos,68221.0,69459226.3
2023,Maio,Gaza,Limpopo,Levantamentos,66553.0,66870611.99
2023,Junho,Gaza,Limpopo,Levantamentos,71989.0,70799028.44
2023,Julho,Gaza,Limpopo,Levantamentos,75853.0,78911171.03
2023,Agosto,Gaza,Limpopo,Levantamentos,80559.0,83056294.53
2023,Setembro,Gaza,Limpopo,Levantamentos,81344.0,84103805.92
2023,Outubro,Gaza,Limpopo,Levantamentos,87048.0,92238569.67
2023,Novembro,Gaza,Limpopo,Levantamentos,102568.0,109614336.0
2023,Dezembro,Gaza,Limpopo,Levantamentos,91094.0,105070497.17
2023,Janeiro,Inhambane,Cidade de Inhambane,Levantamentos,143728.0,122266247.0
2023,Fevereiro,Inhambane,Cidade de Inhambane,Levantamentos,130967.0,107136741.0
2023,Março,Inhambane,Cidade de Inhambane,Levantamentos,158569.0,129594341.7
2023,Abril,Inhambane,Cidade de Inhambane,Levantamentos,158374.0,126661635.0
2023,Maio,Inhambane,Cidade de Inhambane,Levantamentos,167769.0,132888427.0
2023,Junho,Inhambane,Cidade de Inhambane,Levantamentos,172688.0,138146617.5
2023,Julho,Inhambane,Cidade de Inhambane,Levantamentos,182591.0,148711882.49
2023,Agosto,Inhambane,Cidade de Inhambane,Levantamentos,192343.0,160585760.84
2023,Setembro,Inhambane,Cidade de Inhambane,Levantamentos,196588.0,161106592.2
2023,Outubro,Inhambane,Cidade de Inhambane,Levantamentos,208628.0,172222367.21
2023,Novembro,Inhambane,Cidade de Inhambane,Levantamentos,265017.0,219090068.18
2023,Dezembro,Inhambane,Cidade de Inhambane,Levantamentos,228858.0,219404178.77
2023,Janeiro,Inhambane,Cidade de Maxixe,Levantamentos,221249.0,246423478.1
2023,Fevereiro,Inhambane,Cidade de Maxixe,Levantamentos,198215.0,214685969.05
2023,Março,Inhambane,Cidade de Maxixe,Levantamentos,242662.0,262838420.88
2023,Abril,Inhambane,Cidade de Maxixe,Levantamentos,242903.0,255184756.53
2023,Maio,Inhambane,Cidade de Maxixe,Levantamentos,256377.0,261168539.05
2023,Junho,Inhambane,Cidade de Maxixe,Levantamentos,264747.0,277863956.99
2023,Julho,Inhambane,Cidade de Maxixe,Levantamentos,274934.0,288837695.99
2023,Agosto,Inhambane,Cidade de Maxixe,Levantamentos,293096.0,312316220.32
2023,Setembro,Inhambane,Cidade de Maxixe,Levantamentos,296335.0,304606129.54
2023,Outubro,Inhambane,Cidade de Maxixe,Levantamentos,308317.0,310956024.78
2023,Novembro,Inhambane,Cidade de Maxixe,Levantamentos,385523.0,381864692.0
2023,Dezembro,Inhambane,Cidade de Maxixe,Levantamentos,354945.0,403965919.7
2023,Janeiro,Inhambane,Funhaloro,Levantamentos,14316.0,17654482.9
2023,Fevereiro,Inhambane,Funhaloro,Levantamentos,13472.0,16536708.3
2023,Março,Inhambane,Funhaloro,Levantamentos,16859.0,20497213.0
2023,Abril,Inhambane,Funhaloro,Levantamentos,17503.0,20395782.8
2023,Maio,Inhambane,Funhaloro,Levantamentos,19427.0,23076592.0
2023,Junho,Inhambane,Funhaloro,Levantamentos,20781.0,22622745.0
2023,Julho,Inhambane,Funhaloro,Levantamentos,22394.0,24583381.3
2023,Agosto,Inhambane,Funhaloro,Levantamentos,23517.0,26964534.2
2023,Setembro,Inhambane,Funhaloro,Levantamentos,25196.0,26851063.7
2023,Outubro,Inhambane,Funhaloro,Levantamentos,25193.0,25844589.8
2023,Novembro,Inhambane,Funhaloro,Levantamentos,33808.0,36245928.8
2023,Dezembro,Inhambane,Funhaloro,Levantamentos,29191.0,36691281.5
2023,Janeiro,Inhambane,Govuro,Levantamentos,30120.0,39296216.0
2023,Fevereiro,Inhambane,Govuro,Levantamentos,27801.0,33028979.0
2023,Março,Inhambane,Govuro,Levantamentos,31047.0,38382330.0
2023,Abril,Inhambane,Govuro,Levantamentos,34096.0,43638719.1
2023,Maio,Inhambane,Govuro,Levantamentos,35625.0,45906260.0
2023,Junho,Inhambane,Govuro,Levantamentos,37478.0,46054777.0
2023,Julho,Inhambane,Govuro,Levantamentos,38806.0,44901089.0
2023,Agosto,Inhambane,Govuro,Levantamentos,40778.0,50636283.0
2023,Setembro,Inhambane,Govuro,Levantamentos,40128.0,45493792.0
2023,Outubro,Inhambane,Govuro,Levantamentos,41818.0,45296507.5
2023,Novembro,Inhambane,Govuro,Levantamentos,52308.0,58309295.0
2023,Dezembro,Inhambane,Govuro,Levantamentos,48966.0,58660734.0
2023,Janeiro,Inhambane,Homoine,Levantamentos,50431.0,54150066.5
2023,Fevereiro,Inhambane,Homoine,Levantamentos,42106.0,41507242.9
2023,Março,Inhambane,Homoine,Levantamentos,53435.0,51771768.0
2023,Abril,Inhambane,Homoine,Levantamentos,51396.0,49263431.1
2023,Maio,Inhambane,Homoine,Levantamentos,54622.0,54151412.7
2023,Junho,Inhambane,Homoine,Levantamentos,57548.0,57287856.2
2023,Julho,Inhambane,Homoine,Levantamentos,58951.0,64399210.6
2023,Agosto,Inhambane,Homoine,Levantamentos,61019.0,67548186.7
2023,Setembro,Inhambane,Homoine,Levantamentos,61486.0,64247698.0
2023,Outubro,Inhambane,Homoine,Levantamentos,64823.0,68352226.91
2023,Novembro,Inhambane,Homoine,Levantamentos,78081.0,78930421.0
2023,Dezembro,Inhambane,Homoine,Levantamentos,75815.0,89464825.0
2023,Janeiro,Inhambane,Inharrime,Levantamentos,69354.0,93696053.3
2023,Fevereiro,Inhambane,Inharrime,Levantamentos,62305.0,85061389.7
2023,Março,Inhambane,Inharrime,Levantamentos,75617.0,105626588.5
2023,Abril,Inhambane,Inharrime,Levantamentos,73927.0,100107496.5
2023,Maio,Inhambane,Inharrime,Levantamentos,76858.0,100566199.9
2023,Junho,Inhambane,Inharrime,Levantamentos,77324.0,95360121.2
2023,Julho,Inhambane,Inharrime,Levantamentos,82307.0,107625295.5
2023,Agosto,Inhambane,Inharrime,Levantamentos,85828.0,114510649.1
2023,Setembro,Inhambane,Inharrime,Levantamentos,88100.0,111410039.8
2023,Outubro,Inhambane,Inharrime,Levantamentos,93075.0,118770578.3
2023,Novembro,Inhambane,Inharrime,Levantamentos,106727.0,134628418.0
2023,Dezembro,Inhambane,Inharrime,Levantamentos,105704.0,148967864.21
2023,Janeiro,Inhambane,Inhassoro,Levantamentos,55538.0,54511905.27
2023,Fevereiro,Inhambane,Inhassoro,Levantamentos,54365.0,54027158.8
2023,Março,Inhambane,Inhassoro,Levantamentos,63933.0,66933231.5
2023,Abril,Inhambane,Inhassoro,Levantamentos,65530.0,69912347.0
2023,Maio,Inhambane,Inhassoro,Levantamentos,72158.0,75089686.0
2023,Junho,Inhambane,Inhassoro,Levantamentos,76475.0,80355460.0
2023,Julho,Inhambane,Inhassoro,Levantamentos,81550.0,84314234.0
2023,Agosto,Inhambane,Inhassoro,Levantamentos,83229.0,88194510.0
2023,Setembro,Inhambane,Inhassoro,Levantamentos,87673.0,93757888.09
2023,Outubro,Inhambane,Inhassoro,Levantamentos,91991.0,94853357.92
2023,Novembro,Inhambane,Inhassoro,Levantamentos,114895.0,116494075.1
2023,Dezembro,Inhambane,Inhassoro,Levantamentos,103407.0,118320770.0
2023,Janeiro,Inhambane,Jangamo,Levantamentos,52327.0,72230476.28999999
2023,Fevereiro,Inhambane,Jangamo,Levantamentos,48152.0,62647279.88
2023,Março,Inhambane,Jangamo,Levantamentos,56150.0,74286757.28
2023,Abril,Inhambane,Jangamo,Levantamentos,56606.0,73011485.74000001
2023,Maio,Inhambane,Jangamo,Levantamentos,58838.0,77787756.77000001
2023,Junho,Inhambane,Jangamo,Levantamentos,59588.0,72123346.29
2023,Julho,Inhambane,Jangamo,Levantamentos,59535.0,77424701.30000001
2023,Agosto,Inhambane,Jangamo,Levantamentos,62073.0,83353110.62
2023,Setembro,Inhambane,Jangamo,Levantamentos,65412.0,85715905.19
2023,Outubro,Inhambane,Jangamo,Levantamentos,65553.0,87151285.41
2023,Novembro,Inhambane,Jangamo,Levantamentos,74693.0,102566320.56
2023,Dezembro,Inhambane,Jangamo,Levantamentos,75999.0,110496126.5
2023,Janeiro,Inhambane,Mabote,Levantamentos,18041.0,23231776.0
2023,Fevereiro,Inhambane,Mabote,Levantamentos,17640.0,21722801.0
2023,Março,Inhambane,Mabote,Levantamentos,20550.0,25726211.0
2023,Abril,Inhambane,Mabote,Levantamentos,21344.0,27502791.0
2023,Maio,Inhambane,Mabote,Levantamentos,23372.0,30632709.6
2023,Junho,Inhambane,Mabote,Levantamentos,25579.0,31420950.0
2023,Julho,Inhambane,Mabote,Levantamentos,27900.0,34214001.0
2023,Agosto,Inhambane,Mabote,Levantamentos,30123.0,36462679.0
2023,Setembro,Inhambane,Mabote,Levantamentos,31679.0,36951452.0
2023,Outubro,Inhambane,Mabote,Levantamentos,33853.0,39920369.6
2023,Novembro,Inhambane,Mabote,Levantamentos,43619.0,50632889.0
2023,Dezembro,Inhambane,Mabote,Levantamentos,38856.0,52579495.11
2023,Janeiro,Inhambane,Massinga,Levantamentos,155394.0,240805805.47
2023,Fevereiro,Inhambane,Massinga,Levantamentos,132633.0,194041700.44
2023,Março,Inhambane,Massinga,Levantamentos,164746.0,254453265.46
2023,Abril,Inhambane,Massinga,Levantamentos,169997.0,248925111.4
2023,Maio,Inhambane,Massinga,Levantamentos,183365.0,274299906.55
2023,Junho,Inhambane,Massinga,Levantamentos,186254.0,273360699.58
2023,Julho,Inhambane,Massinga,Levantamentos,192834.0,291010842.26
2023,Agosto,Inhambane,Massinga,Levantamentos,197662.0,297413152.98
2023,Setembro,Inhambane,Massinga,Levantamentos,200279.0,294275027.40000004
2023,Outubro,Inhambane,Massinga,Levantamentos,209565.0,312200684.18999994
2023,Novembro,Inhambane,Massinga,Levantamentos,237234.0,357478172.87
2023,Dezembro,Inhambane,Massinga,Levantamentos,230273.0,367043029.15
2023,Janeiro,Inhambane,Morrumbene,Levantamentos,65552.0,89807282.35
2023,Fevereiro,Inhambane,Morrumbene,Levantamentos,54898.0,73051550.0
2023,Março,Inhambane,Morrumbene,Levantamentos,69802.0,99155920.98
2023,Abril,Inhambane,Morrumbene,Levantamentos,68520.0,90582608.0
2023,Maio,Inhambane,Morrumbene,Levantamentos,71419.0,96657684.0
2023,Junho,Inhambane,Morrumbene,Levantamentos,73226.0,100420663.05
2023,Julho,Inhambane,Morrumbene,Levantamentos,77611.0,103340560.0
2023,Agosto,Inhambane,Morrumbene,Levantamentos,78413.0,105357035.0
2023,Setembro,Inhambane,Morrumbene,Levantamentos,81471.0,104964115.0
2023,Outubro,Inhambane,Morrumbene,Levantamentos,87210.0,126462095.04
2023,Novembro,Inhambane,Morrumbene,Levantamentos,103630.0,145909441.78
2023,Dezembro,Inhambane,Morrumbene,Levantamentos,98036.0,137833549.68
2023,Janeiro,Inhambane,Panda,Levantamentos,17570.0,17656982.6
2023,Fevereiro,Inhambane,Panda,Levantamentos,15312.0,14141296.0
2023,Março,Inhambane,Panda,Levantamentos,19190.0,18646280.0
2023,Abril,Inhambane,Panda,Levantamentos,18730.0,17249325.0
2023,Maio,Inhambane,Panda,Levantamentos,20178.0,18472558.4
2023,Junho,Inhambane,Panda,Levantamentos,21731.0,19541690.0
2023,Julho,Inhambane,Panda,Levantamentos,23605.0,20833372.0
2023,Agosto,Inhambane,Panda,Levantamentos,22872.0,22262384.0
2023,Setembro,Inhambane,Panda,Levantamentos,24505.0,22604452.0
2023,Outubro,Inhambane,Panda,Levantamentos,26363.0,24388624.1
2023,Novembro,Inhambane,Panda,Levantamentos,31142.0,48545640.0
2023,Dezembro,Inhambane,Panda,Levantamentos,27868.0,29367746.0
2023,Janeiro,Inhambane,Vilankulo,Levantamentos,153753.0,156566943.63
2023,Fevereiro,Inhambane,Vilankulo,Levantamentos,135135.0,133200460.0
2023,Março,Inhambane,Vilankulo,Levantamentos,172247.0,174008634.3
2023,Abril,Inhambane,Vilankulo,Levantamentos,173458.0,170161327.05
2023,Maio,Inhambane,Vilankulo,Levantamentos,185234.0,177792215.1
2023,Junho,Inhambane,Vilankulo,Levantamentos,189865.0,180868448.8
2023,Julho,Inhambane,Vilankulo,Levantamentos,202920.0,196147170.28
2023,Agosto,Inhambane,Vilankulo,Levantamentos,211118.0,211091063.4
2023,Setembro,Inhambane,Vilankulo,Levantamentos,217543.0,220128529.0
2023,Outubro,Inhambane,Vilankulo,Levantamentos,226704.0,228629969.53999996
2023,Novembro,Inhambane,Vilankulo,Levantamentos,276099.0,286172941.5
2023,Dezembro,Inhambane,Vilankulo,Levantamentos,259319.0,290743270.5
2023,Janeiro,Inhambane,Zavala (Quissico),Levantamentos,78290.0,103051340.5
2023,Fevereiro,Inhambane,Zavala (Quissico),Levantamentos,72544.0,96678898.95
2023,Março,Inhambane,Zavala (Quissico),Levantamentos,87430.0,120073290.45
2023,Abril,Inhambane,Zavala (Quissico),Levantamentos,85602.0,114110082.0
2023,Maio,Inhambane,Zavala (Quissico),Levantamentos,89316.0,121172814.8
2023,Junho,Inhambane,Zavala (Quissico),Levantamentos,94865.0,124110570.6
2023,Julho,Inhambane,Zavala (Quissico),Levantamentos,95581.0,130040265.5
2023,Agosto,Inhambane,Zavala (Quissico),Levantamentos,99661.0,135382538.0
2023,Setembro,Inhambane,Zavala (Quissico),Levantamentos,100137.0,127449991.95
2023,Outubro,Inhambane,Zavala (Quissico),Levantamentos,103626.0,133648817.91
2023,Novembro,Inhambane,Zavala (Quissico),Levantamentos,120061.0,152890970.0
2023,Dezembro,Inhambane,Zavala (Quissico),Levantamentos,115645.0,166235707.0
2023,Janeiro,Sofala,Cidade da Beira,Levantamentos,1708825.0,1358750156.4299998
2023,Fevereiro,Sofala,Cidade da Beira,Levantamentos,1566185.0,1234729026.04
2023,Março,Sofala,Cidade da Beira,Levantamentos,1799496.0,1371453592.06
2023,Abril,Sofala,Cidade da Beira,Levantamentos,1882143.0,1425228335.76
2023,Maio,Sofala,Cidade da Beira,Levantamentos,2024142.0,1571062420.65
2023,Junho,Sofala,Cidade da Beira,Levantamentos,2024418.0,1603605697.7399998
2023,Julho,Sofala,Cidade da Beira,Levantamentos,2148998.0,1706173992.26
2023,Agosto,Sofala,Cidade da Beira,Levantamentos,2287483.0,1781918242.22
2023,Setembro,Sofala,Cidade da Beira,Levantamentos,2275920.0,1722379793.88
2023,Outubro,Sofala,Cidade da Beira,Levantamentos,2379349.0,1756261513.2100005
2023,Novembro,Sofala,Cidade da Beira,Levantamentos,3003492.0,2313630385.1800003
2023,Dezembro,Sofala,Cidade da Beira,Levantamentos,2577928.0,2262114676.16
2023,Janeiro,Sofala,Buzi,Levantamentos,47425.0,39882669.98
2023,Fevereiro,Sofala,Buzi,Levantamentos,47860.0,37653141.0
2023,Março,Sofala,Buzi,Levantamentos,53476.0,40522019.0
2023,Abril,Sofala,Buzi,Levantamentos,60459.0,43843798.5
2023,Maio,Sofala,Buzi,Levantamentos,66547.0,51127028.0
2023,Junho,Sofala,Buzi,Levantamentos,70528.0,58393825.0
2023,Julho,Sofala,Buzi,Levantamentos,72997.0,55593629.29
2023,Agosto,Sofala,Buzi,Levantamentos,78521.0,59608564.0
2023,Setembro,Sofala,Buzi,Levantamentos,80129.0,55109680.0
2023,Outubro,Sofala,Buzi,Levantamentos,85783.0,61511108.0
2023,Novembro,Sofala,Buzi,Levantamentos,116615.0,89907771.0
2023,Dezembro,Sofala,Buzi,Levantamentos,99643.0,89097229.0
2023,Janeiro,Sofala,Caia,Levantamentos,81053.0,75410506.0
2023,Fevereiro,Sofala,Caia,Levantamentos,80363.0,68243407.0
2023,Março,Sofala,Caia,Levantamentos,85420.0,71293518.0
2023,Abril,Sofala,Caia,Levantamentos,89201.0,73292623.74
2023,Maio,Sofala,Caia,Levantamentos,101378.0,83537635.5
2023,Junho,Sofala,Caia,Levantamentos,108867.0,93070508.07
2023,Julho,Sofala,Caia,Levantamentos,116535.0,100839969.67
2023,Agosto,Sofala,Caia,Levantamentos,120340.0,96111619.79
2023,Setembro,Sofala,Caia,Levantamentos,125168.0,96559415.95
2023,Outubro,Sofala,Caia,Levantamentos,133237.0,101564086.94
2023,Novembro,Sofala,Caia,Levantamentos,171676.0,131242254.0
2023,Dezembro,Sofala,Caia,Levantamentos,155328.0,130598848.0
2023,Janeiro,Sofala,Chemba,Levantamentos,10859.0,11581717.0
2023,Fevereiro,Sofala,Chemba,Levantamentos,12281.0,10662603.0
2023,Março,Sofala,Chemba,Levantamentos,16364.0,15169080.0
2023,Abril,Sofala,Chemba,Levantamentos,16697.0,21217594.0
2023,Maio,Sofala,Chemba,Levantamentos,17933.0,18030039.0
2023,Junho,Sofala,Chemba,Levantamentos,19644.0,18448132.0
2023,Julho,Sofala,Chemba,Levantamentos,22492.0,19044839.0
2023,Agosto,Sofala,Chemba,Levantamentos,25385.0,22535094.21
2023,Setembro,Sofala,Chemba,Levantamentos,24799.0,21652484.0
2023,Outubro,Sofala,Chemba,Levantamentos,25427.0,22904427.0
2023,Novembro,Sofala,Chemba,Levantamentos,33516.0,33338225.0
2023,Dezembro,Sofala,Chemba,Levantamentos,27540.0,27831394.0
2023,Janeiro,Sofala,Cheringoma,Levantamentos,20340.0,13101770.0
2023,Fevereiro,Sofala,Cheringoma,Levantamentos,20729.0,13099970.0
2023,Março,Sofala,Cheringoma,Levantamentos,24278.0,16678688.0
2023,Abril,Sofala,Cheringoma,Levantamentos,26020.0,15159345.6
2023,Maio,Sofala,Cheringoma,Levantamentos,29213.0,16700526.0
2023,Junho,Sofala,Cheringoma,Levantamentos,30459.0,21895422.3
2023,Julho,Sofala,Cheringoma,Levantamentos,32734.0,22377682.0
2023,Agosto,Sofala,Cheringoma,Levantamentos,35059.0,23514757.0
2023,Setembro,Sofala,Cheringoma,Levantamentos,35080.0,23282744.5
2023,Outubro,Sofala,Cheringoma,Levantamentos,37160.0,29364617.73
2023,Novembro,Sofala,Cheringoma,Levantamentos,48995.0,39317779.0
2023,Dezembro,Sofala,Cheringoma,Levantamentos,44789.0,54563769.0
2023,Janeiro,Sofala,Chibabava,Levantamentos,49673.0,88349285.0
2023,Fevereiro,Sofala,Chibabava,Levantamentos,50608.0,94637691.0
2023,Março,Sofala,Chibabava,Levantamentos,47429.0,74710665.85
2023,Abril,Sofala,Chibabava,Levantamentos,47381.0,71358683.0
2023,Maio,Sofala,Chibabava,Levantamentos,50996.0,79628088.4
2023,Junho,Sofala,Chibabava,Levantamentos,53837.0,84401604.0
2023,Julho,Sofala,Chibabava,Levantamentos,56256.0,84576621.3
2023,Agosto,Sofala,Chibabava,Levantamentos,60611.0,92546804.8
2023,Setembro,Sofala,Chibabava,Levantamentos,57892.0,82758550.89
2023,Outubro,Sofala,Chibabava,Levantamentos,61044.0,83596694.22999999
2023,Novembro,Sofala,Chibabava,Levantamentos,73191.0,97028143.1
2023,Dezembro,Sofala,Chibabava,Levantamentos,67077.0,102135054.0
2023,Janeiro,Sofala,Dondo,Levantamentos,300198.0,205411882.06
2023,Fevereiro,Sofala,Dondo,Levantamentos,269347.0,186861193.0
2023,Março,Sofala,Dondo,Levantamentos,292580.0,193994604.01
2023,Abril,Sofala,Dondo,Levantamentos,306187.0,199648524.6
2023,Maio,Sofala,Dondo,Levantamentos,317422.0,205983720.0
2023,Junho,Sofala,Dondo,Levantamentos,335500.0,221297269.21
2023,Julho,Sofala,Dondo,Levantamentos,359017.0,236984625.16
2023,Agosto,Sofala,Dondo,Levantamentos,372349.0,248467417.3
2023,Setembro,Sofala,Dondo,Levantamentos,362284.0,242589521.8
2023,Outubro,Sofala,Dondo,Levantamentos,383187.0,259764992.96999997
2023,Novembro,Sofala,Dondo,Levantamentos,456886.0,341718809.4
2023,Dezembro,Sofala,Dondo,Levantamentos,431206.0,333462458.69
2023,Janeiro,Sofala,Gorongoza,Levantamentos,50060.0,46213952.0
2023,Fevereiro,Sofala,Gorongoza,Levantamentos,50746.0,46394790.0
2023,Março,Sofala,Gorongoza,Levantamentos,51634.0,47016230.0
2023,Abril,Sofala,Gorongoza,Levantamentos,57709.0,52484492.0
2023,Maio,Sofala,Gorongoza,Levantamentos,61460.0,52774931.0
2023,Junho,Sofala,Gorongoza,Levantamentos,63232.0,54546023.8
2023,Julho,Sofala,Gorongoza,Levantamentos,71531.0,62994342.32
2023,Agosto,Sofala,Gorongoza,Levantamentos,77329.0,63558685.0
2023,Setembro,Sofala,Gorongoza,Levantamentos,78300.0,64759832.0
2023,Outubro,Sofala,Gorongoza,Levantamentos,86321.0,72013107.16
2023,Novembro,Sofala,Gorongoza,Levantamentos,118016.0,95428108.0
2023,Dezembro,Sofala,Gorongoza,Levantamentos,106122.0,93173768.0
2023,Janeiro,Sofala,Machanga,Levantamentos,8641.0,10835017.0
2023,Fevereiro,Sofala,Machanga,Levantamentos,9492.0,10031724.0
2023,Março,Sofala,Machanga,Levantamentos,11943.0,11250647.0
2023,Abril,Sofala,Machanga,Levantamentos,12204.0,11563355.0
2023,Maio,Sofala,Machanga,Levantamentos,13012.0,12276858.8
2023,Junho,Sofala,Machanga,Levantamentos,14764.0,14132063.0
2023,Julho,Sofala,Machanga,Levantamentos,15115.0,12963724.0
2023,Agosto,Sofala,Machanga,Levantamentos,15588.0,16415003.0
2023,Setembro,Sofala,Machanga,Levantamentos,15869.0,14621307.5
2023,Outubro,Sofala,Machanga,Levantamentos,17746.0,15330900.0
2023,Novembro,Sofala,Machanga,Levantamentos,21190.0,19191355.0
2023,Dezembro,Sofala,Machanga,Levantamentos,18844.0,19273195.0
2023,Janeiro,Sofala,Maringue,Levantamentos,25929.0,28975516.4
2023,Fevereiro,Sofala,Maringue,Levantamentos,26514.0,25796025.5
2023,Março,Sofala,Maringue,Levantamentos,29703.0,23895046.2
2023,Abril,Sofala,Maringue,Levantamentos,33542.0,26930713.0
2023,Maio,Sofala,Maringue,Levantamentos,36949.0,36740907.0
2023,Junho,Sofala,Maringue,Levantamentos,33252.0,37077897.0
2023,Julho,Sofala,Maringue,Levantamentos,35867.0,42000802.0
2023,Agosto,Sofala,Maringue,Levantamentos,42315.0,47704441.0
2023,Setembro,Sofala,Maringue,Levantamentos,46093.0,46097281.0
2023,Outubro,Sofala,Maringue,Levantamentos,51963.0,49115938.71
2023,Novembro,Sofala,Maringue,Levantamentos,73976.0,66173198.0
2023,Dezembro,Sofala,Maringue,Levantamentos,63136.0,57181211.0
2023,Janeiro,Sofala,Marromeu,Levantamentos,60876.0,43437811.5
2023,Fevereiro,Sofala,Marromeu,Levantamentos,64834.0,45270575.7
2023,Março,Sofala,Marromeu,Levantamentos,67990.0,46974342.34
2023,Abril,Sofala,Marromeu,Levantamentos,69064.0,47356705.94
2023,Maio,Sofala,Marromeu,Levantamentos,74328.0,49171944.78
2023,Junho,Sofala,Marromeu,Levantamentos,78494.0,52804320.870000005
2023,Julho,Sofala,Marromeu,Levantamentos,83119.0,59220641.0
2023,Agosto,Sofala,Marromeu,Levantamentos,91109.0,63681065.7
2023,Setembro,Sofala,Marromeu,Levantamentos,89307.0,56085042.3
2023,Outubro,Sofala,Marromeu,Levantamentos,98553.0,66507564.0
2023,Novembro,Sofala,Marromeu,Levantamentos,125563.0,87565490.5
2023,Dezembro,Sofala,Marromeu,Levantamentos,116303.0,88354169.99000001
2023,Janeiro,Sofala,Muanza,Levantamentos,7468.0,4787908.0
2023,Fevereiro,Sofala,Muanza,Levantamentos,8647.0,5585163.0
2023,Março,Sofala,Muanza,Levantamentos,10002.0,7035060.0
2023,Abril,Sofala,Muanza,Levantamentos,11833.0,8867519.0
2023,Maio,Sofala,Muanza,Levantamentos,12473.0,10516303.0
2023,Junho,Sofala,Muanza,Levantamentos,14715.0,13975110.0
2023,Julho,Sofala,Muanza,Levantamentos,17684.0,16015508.58
2023,Agosto,Sofala,Muanza,Levantamentos,19243.0,17803163.0
2023,Setembro,Sofala,Muanza,Levantamentos,19250.0,13670151.0
2023,Outubro,Sofala,Muanza,Levantamentos,20189.0,14788612.0
2023,Novembro,Sofala,Muanza,Levantamentos,26926.0,19542064.0
2023,Dezembro,Sofala,Muanza,Levantamentos,22145.0,16534704.0
2023,Janeiro,Sofala,Nhamatanda,Levantamentos,144718.0,99487269.04
2023,Fevereiro,Sofala,Nhamatanda,Levantamentos,139901.0,103556706.38
2023,Março,Sofala,Nhamatanda,Levantamentos,157039.0,133949734.8
2023,Abril,Sofala,Nhamatanda,Levantamentos,169065.0,135188219.75
2023,Maio,Sofala,Nhamatanda,Levantamentos,175560.0,121441322.6
2023,Junho,Sofala,Nhamatanda,Levantamentos,179868.0,132536942.0
2023,Julho,Sofala,Nhamatanda,Levantamentos,183089.0,141429082.3
2023,Agosto,Sofala,Nhamatanda,Levantamentos,197067.0,134237817.22
2023,Setembro,Sofala,Nhamatanda,Levantamentos,206741.0,142906879.0
2023,Outubro,Sofala,Nhamatanda,Levantamentos,220754.0,150823001.0
2023,Novembro,Sofala,Nhamatanda,Levantamentos,270468.0,226257374.7
2023,Dezembro,Sofala,Nhamatanda,Levantamentos,250814.0,205987444.5
2023,Janeiro,Manica,Cidade de Chimoio,Levantamentos,852647.0,759129801.75
2023,Fevereiro,Manica,Cidade de Chimoio,Levantamentos,837736.0,727236876.4000001
2023,Março,Manica,Cidade de Chimoio,Levantamentos,966855.0,816412787.39
2023,Abril,Manica,Cidade de Chimoio,Levantamentos,972311.0,815756276.5699999
2023,Maio,Manica,Cidade de Chimoio,Levantamentos,1045482.0,911930317.91
2023,Junho,Manica,Cidade de Chimoio,Levantamentos,1066392.0,922255304.31
2023,Julho,Manica,Cidade de Chimoio,Levantamentos,1129265.0,971988555.49
2023,Agosto,Manica,Cidade de Chimoio,Levantamentos,1192738.0,1014197144.4
2023,Setembro,Manica,Cidade de Chimoio,Levantamentos,1197171.0,962175070.62
2023,Outubro,Manica,Cidade de Chimoio,Levantamentos,1266954.0,989364964.47
2023,Novembro,Manica,Cidade de Chimoio,Levantamentos,1635698.0,1264881655.41
2023,Dezembro,Manica,Cidade de Chimoio,Levantamentos,1376963.0,1233576498.96
2023,Janeiro,Manica,Bárue,Levantamentos,83544.0,67650004.0
2023,Fevereiro,Manica,Bárue,Levantamentos,84152.0,64279137.0
2023,Março,Manica,Bárue,Levantamentos,93101.0,69428908.2
2023,Abril,Manica,Bárue,Levantamentos,92813.0,69418790.6
2023,Maio,Manica,Bárue,Levantamentos,96627.0,82328650.0
2023,Junho,Manica,Bárue,Levantamentos,105112.0,85116996.0
2023,Julho,Manica,Bárue,Levantamentos,117399.0,93550686.0
2023,Agosto,Manica,Bárue,Levantamentos,124147.0,104107971.0
2023,Setembro,Manica,Bárue,Levantamentos,138206.0,98309441.0
2023,Outubro,Manica,Bárue,Levantamentos,150674.0,108414365.85
2023,Novembro,Manica,Bárue,Levantamentos,203209.0,150500637.0
2023,Dezembro,Manica,Bárue,Levantamentos,169156.0,133218428.0
2023,Janeiro,Manica,Gondola,Levantamentos,16743.0,10241630.0
2023,Fevereiro,Manica,Gondola,Levantamentos,20488.0,12944399.0
2023,Março,Manica,Gondola,Levantamentos,26421.0,16848731.0
2023,Abril,Manica,Gondola,Levantamentos,34229.0,22742309.0
2023,Maio,Manica,Gondola,Levantamentos,44390.0,31917567.0
2023,Junho,Manica,Gondola,Levantamentos,49604.0,34481844.0
2023,Julho,Manica,Gondola,Levantamentos,58167.0,42311500.0
2023,Agosto,Manica,Gondola,Levantamentos,69531.0,51224973.0
2023,Setembro,Manica,Gondola,Levantamentos,77108.0,55930148.0
2023,Outubro,Manica,Gondola,Levantamentos,87536.0,63904293.0
2023,Novembro,Manica,Gondola,Levantamentos,140451.0,108654021.0
2023,Dezembro,Manica,Gondola,Levantamentos,122245.0,101088952.0
2023,Janeiro,Manica,Guro,Levantamentos,35913.0,39420698.8
2023,Fevereiro,Manica,Guro,Levantamentos,37651.0,35173235.5
2023,Março,Manica,Guro,Levantamentos,39985.0,34103458.0
2023,Abril,Manica,Guro,Levantamentos,42424.0,39585629.0
2023,Maio,Manica,Guro,Levantamentos,43958.0,49524460.0
2023,Junho,Manica,Guro,Levantamentos,46871.0,56516516.0
2023,Julho,Manica,Guro,Levantamentos,51045.0,68074846.0
2023,Agosto,Manica,Guro,Levantamentos,55286.0,72961135.0
2023,Setembro,Manica,Guro,Levantamentos,57587.0,69836166.0
2023,Outubro,Manica,Guro,Levantamentos,62791.0,67194473.75
2023,Novembro,Manica,Guro,Levantamentos,79892.0,80779274.0
2023,Dezembro,Manica,Guro,Levantamentos,63532.0,67646399.0
2023,Janeiro,Manica,Machaze,Levantamentos,31458.0,48382999.0
2023,Fevereiro,Manica,Machaze,Levantamentos,32905.0,48982072.0
2023,Março,Manica,Machaze,Levantamentos,36507.0,57163297.0
2023,Abril,Manica,Machaze,Levantamentos,40783.0,55614085.0
2023,Maio,Manica,Machaze,Levantamentos,43271.0,59387249.0
2023,Junho,Manica,Machaze,Levantamentos,46847.0,66014654.0
2023,Julho,Manica,Machaze,Levantamentos,50042.0,67577074.0
2023,Agosto,Manica,Machaze,Levantamentos,51434.0,71500323.1
2023,Setembro,Manica,Machaze,Levantamentos,53058.0,69258484.0
2023,Outubro,Manica,Machaze,Levantamentos,58464.0,71767168.0
2023,Novembro,Manica,Machaze,Levantamentos,74865.0,87321552.0
2023,Dezembro,Manica,Machaze,Levantamentos,58967.0,91628805.0
2023,Janeiro,Manica,Macossa,Levantamentos,10991.0,9383210.0
2023,Fevereiro,Manica,Macossa,Levantamentos,13367.0,9192632.0
2023,Março,Manica,Macossa,Levantamentos,14419.0,9605796.0
2023,Abril,Manica,Macossa,Levantamentos,14673.0,10327305.0
2023,Maio,Manica,Macossa,Levantamentos,14861.0,11269406.0
2023,Junho,Manica,Macossa,Levantamentos,16090.0,13342347.0
2023,Julho,Manica,Macossa,Levantamentos,17859.0,13855287.0
2023,Agosto,Manica,Macossa,Levantamentos,18895.0,15748680.0
2023,Setembro,Manica,Macossa,Levantamentos,19704.0,13770704.0
2023,Outubro,Manica,Macossa,Levantamentos,22044.0,14801239.0
2023,Novembro,Manica,Macossa,Levantamentos,32308.0,22751394.0
2023,Dezembro,Manica,Macossa,Levantamentos,24317.0,18752318.0
2023,Janeiro,Manica,Manica,Levantamentos,140136.0,166238215.6
2023,Fevereiro,Manica,Manica,Levantamentos,134727.0,155731579.3
2023,Março,Manica,Manica,Levantamentos,149188.0,170679765.0
2023,Abril,Manica,Manica,Levantamentos,150537.0,166756209.5
2023,Maio,Manica,Manica,Levantamentos,165226.0,192151108.0
2023,Junho,Manica,Manica,Levantamentos,170669.0,193052951.0
2023,Julho,Manica,Manica,Levantamentos,189737.0,210560532.1
2023,Agosto,Manica,Manica,Levantamentos,203053.0,227499690.6
2023,Setembro,Manica,Manica,Levantamentos,210693.0,225673375.0
2023,Outubro,Manica,Manica,Levantamentos,226511.0,239217714.98
2023,Novembro,Manica,Manica,Levantamentos,291911.0,305923154.99
2023,Dezembro,Manica,Manica,Levantamentos,253167.0,293561675.8
2023,Janeiro,Manica,Mossurize,Levantamentos,26371.0,49947106.3
2023,Fevereiro,Manica,Mossurize,Levantamentos,29835.0,51397660.5
2023,Março,Manica,Mossurize,Levantamentos,33535.0,59205270.0
2023,Abril,Manica,Mossurize,Levantamentos,33456.0,58460867.1
2023,Maio,Manica,Mossurize,Levantamentos,35461.0,62115963.85
2023,Junho,Manica,Mossurize,Levantamentos,38134.0,66718539.0
2023,Julho,Manica,Mossurize,Levantamentos,41240.0,72316051.0
2023,Agosto,Manica,Mossurize,Levantamentos,44897.0,79793894.0
2023,Setembro,Manica,Mossurize,Levantamentos,45746.0,77846555.5
2023,Outubro,Manica,Mossurize,Levantamentos,49915.0,82132712.65
2023,Novembro,Manica,Mossurize,Levantamentos,68212.0,104525741.0
2023,Dezembro,Manica,Mossurize,Levantamentos,55935.0,103381060.0
2023,Janeiro,Manica,Sussundenga,Levantamentos,53041.0,44830145.0
2023,Fevereiro,Manica,Sussundenga,Levantamentos,55624.0,42847908.0
2023,Março,Manica,Sussundenga,Levantamentos,62113.0,50095693.0
2023,Abril,Manica,Sussundenga,Levantamentos,59101.0,49636707.1
2023,Maio,Manica,Sussundenga,Levantamentos,65752.0,56383321.9
2023,Junho,Manica,Sussundenga,Levantamentos,73716.0,64652965.0
2023,Julho,Manica,Sussundenga,Levantamentos,79339.0,65039169.0
2023,Agosto,Manica,Sussundenga,Levantamentos,87204.0,73007520.2
2023,Setembro,Manica,Sussundenga,Levantamentos,90705.0,70069400.0
2023,Outubro,Manica,Sussundenga,Levantamentos,97395.0,77632310.0
2023,Novembro,Manica,Sussundenga,Levantamentos,132937.0,105886064.0
2023,Dezembro,Manica,Sussundenga,Levantamentos,110817.0,98368606.0
2023,Janeiro,Manica,Tambara,Levantamentos,8898.0,7986233.0
2023,Fevereiro,Manica,Tambara,Levantamentos,12055.0,9224653.0
2023,Março,Manica,Tambara,Levantamentos,13335.0,9207113.0
2023,Abril,Manica,Tambara,Levantamentos,14816.0,10538965.0
2023,Maio,Manica,Tambara,Levantamentos,16376.0,12894931.0
2023,Junho,Manica,Tambara,Levantamentos,18230.0,15770097.0
2023,Julho,Manica,Tambara,Levantamentos,20888.0,17831662.0
2023,Agosto,Manica,Tambara,Levantamentos,23064.0,23606902.0
2023,Setembro,Manica,Tambara,Levantamentos,22998.0,23492220.0
2023,Outubro,Manica,Tambara,Levantamentos,24634.0,20193749.48
2023,Novembro,Manica,Tambara,Levantamentos,31058.0,20446538.0
2023,Dezembro,Manica,Tambara,Levantamentos,25871.0,18533135.0
2023,Janeiro,Manica,Macate,Levantamentos,7922.0,4295116.0
2023,Fevereiro,Manica,Macate,Levantamentos,8573.0,4540852.0
2023,Março,Manica,Macate,Levantamentos,9406.0,5347991.0
2023,Abril,Manica,Macate,Levantamentos,9137.0,5530855.0
2023,Maio,Manica,Macate,Levantamentos,10540.0,6787725.0
2023,Junho,Manica,Macate,Levantamentos,12885.0,8616273.0
2023,Julho,Manica,Macate,Levantamentos,13754.0,8493915.0
2023,Agosto,Manica,Macate,Levantamentos,16393.0,10062237.0
2023,Setembro,Manica,Macate,Levantamentos,17690.0,10580307.0
2023,Outubro,Manica,Macate,Levantamentos,19393.0,11711232.0
2023,Novembro,Manica,Macate,Levantamentos,28000.0,16673798.0
2023,Dezembro,Manica,Macate,Levantamentos,25562.0,17789420.0
2023,Janeiro,Manica,Vanduzi,Levantamentos,66597.0,48783442.65
2023,Fevereiro,Manica,Vanduzi,Levantamentos,67970.0,50170853.75
2023,Março,Manica,Vanduzi,Levantamentos,82685.0,53923306.0
2023,Abril,Manica,Vanduzi,Levantamentos,86624.0,54047479.0
2023,Maio,Manica,Vanduzi,Levantamentos,94224.0,61776226.0
2023,Junho,Manica,Vanduzi,Levantamentos,101665.0,69234680.0
2023,Julho,Manica,Vanduzi,Levantamentos,107403.0,73205665.0
2023,Agosto,Manica,Vanduzi,Levantamentos,119855.0,83298746.0
2023,Setembro,Manica,Vanduzi,Levantamentos,131549.0,85535681.0
2023,Outubro,Manica,Vanduzi,Levantamentos,143362.0,88372239.61
2023,Novembro,Manica,Vanduzi,Levantamentos,190160.0,118253183.0
2023,Dezembro,Manica,Vanduzi,Levantamentos,159920.0,111641060.0
2023,Janeiro,Tete,Cidade de Tete,Levantamentos,852031.0,777155741.16
2023,Fevereiro,Tete,Cidade de Tete,Levantamentos,827498.0,763114905.5500001
2023,Março,Tete,Cidade de Tete,Levantamentos,947177.0,883644112.72
2023,Abril,Tete,Cidade de Tete,Levantamentos,970735.0,854172880.87
2023,Maio,Tete,Cidade de Tete,Levantamentos,1035377.0,913981134.74
2023,Junho,Tete,Cidade de Tete,Levantamentos,1057822.0,966669705.24
2023,Julho,Tete,Cidade de Tete,Levantamentos,1119289.0,1038552279.3
2023,Agosto,Tete,Cidade de Tete,Levantamentos,1170523.0,1083494897.06
2023,Setembro,Tete,Cidade de Tete,Levantamentos,1146180.0,1037082076.25
2023,Outubro,Tete,Cidade de Tete,Levantamentos,1187851.0,1077571065.9200003
2023,Novembro,Tete,Cidade de Tete,Levantamentos,1454506.0,1338727901.56
2023,Dezembro,Tete,Cidade de Tete,Levantamentos,1314765.0,1343947923.02
2023,Janeiro,Tete,Angónia,Levantamentos,74230.0,131406988.1
2023,Fevereiro,Tete,Angónia,Levantamentos,77091.0,129309065.9
2023,Março,Tete,Angónia,Levantamentos,87240.0,148819957.8
2023,Abril,Tete,Angónia,Levantamentos,88181.0,133924477.5
2023,Maio,Tete,Angónia,Levantamentos,92247.0,137509115.9
2023,Junho,Tete,Angónia,Levantamentos,96146.0,131163970.82
2023,Julho,Tete,Angónia,Levantamentos,104520.0,141665054.0
2023,Agosto,Tete,Angónia,Levantamentos,109238.0,149601658.0
2023,Setembro,Tete,Angónia,Levantamentos,114321.0,143693450.0
2023,Outubro,Tete,Angónia,Levantamentos,127694.0,170050779.19
2023,Novembro,Tete,Angónia,Levantamentos,167846.0,239587006.0
2023,Dezembro,Tete,Angónia,Levantamentos,140734.0,216048028.0
2023,Janeiro,Tete,Cahora-Bassa,Levantamentos,72701.0,73232647.0
2023,Fevereiro,Tete,Cahora-Bassa,Levantamentos,73248.0,73851582.0
2023,Março,Tete,Cahora-Bassa,Levantamentos,84564.0,80921718.5
2023,Abril,Tete,Cahora-Bassa,Levantamentos,88335.0,81889585.27
2023,Maio,Tete,Cahora-Bassa,Levantamentos,93729.0,87133206.0
2023,Junho,Tete,Cahora-Bassa,Levantamentos,99469.0,91858095.0
2023,Julho,Tete,Cahora-Bassa,Levantamentos,102649.0,93190484.5
2023,Agosto,Tete,Cahora-Bassa,Levantamentos,107106.0,96755286.0
2023,Setembro,Tete,Cahora-Bassa,Levantamentos,108346.0,97898411.8
2023,Outubro,Tete,Cahora-Bassa,Levantamentos,112413.0,99216309.03
2023,Novembro,Tete,Cahora-Bassa,Levantamentos,140729.0,128949179.0
2023,Dezembro,Tete,Cahora-Bassa,Levantamentos,132078.0,131869005.0
2023,Janeiro,Tete,Changara,Levantamentos,41652.0,48756077.25
2023,Fevereiro,Tete,Changara,Levantamentos,42379.0,51843726.8
2023,Março,Tete,Changara,Levantamentos,46226.0,56825084.0
2023,Abril,Tete,Changara,Levantamentos,48936.0,55761462.0
2023,Maio,Tete,Changara,Levantamentos,53236.0,61349674.1
2023,Junho,Tete,Changara,Levantamentos,59472.0,73537746.0
2023,Julho,Tete,Changara,Levantamentos,64638.0,81578238.2
2023,Agosto,Tete,Changara,Levantamentos,68146.0,84851178.0
2023,Setembro,Tete,Changara,Levantamentos,73912.0,90799157.0
2023,Outubro,Tete,Changara,Levantamentos,73809.0,88878586.48
2023,Novembro,Tete,Changara,Levantamentos,92530.0,108543633.2
2023,Dezembro,Tete,Changara,Levantamentos,83500.0,103450039.0
2023,Janeiro,Tete,Chifunde,Levantamentos,5973.0,7754952.0
2023,Fevereiro,Tete,Chifunde,Levantamentos,7139.0,9026988.0
2023,Março,Tete,Chifunde,Levantamentos,8023.0,9032374.0
2023,Abril,Tete,Chifunde,Levantamentos,7614.0,8863970.0
2023,Maio,Tete,Chifunde,Levantamentos,8477.0,10547300.0
2023,Junho,Tete,Chifunde,Levantamentos,8443.0,11329284.0
2023,Julho,Tete,Chifunde,Levantamentos,9885.0,13084216.0
2023,Agosto,Tete,Chifunde,Levantamentos,10643.0,13794184.0
2023,Setembro,Tete,Chifunde,Levantamentos,9871.0,12908340.0
2023,Outubro,Tete,Chifunde,Levantamentos,11012.0,15297750.5
2023,Novembro,Tete,Chifunde,Levantamentos,14544.0,22402451.0
2023,Dezembro,Tete,Chifunde,Levantamentos,11599.0,17019315.0
2023,Janeiro,Tete,Chiuta,Levantamentos,11837.0,12003009.0
2023,Fevereiro,Tete,Chiuta,Levantamentos,13355.0,13202622.0
2023,Março,Tete,Chiuta,Levantamentos,16393.0,14887853.6
2023,Abril,Tete,Chiuta,Levantamentos,19422.0,17396533.0
2023,Maio,Tete,Chiuta,Levantamentos,20986.0,21134610.0
2023,Junho,Tete,Chiuta,Levantamentos,23715.0,23856621.0
2023,Julho,Tete,Chiuta,Levantamentos,27426.0,29592740.0
2023,Agosto,Tete,Chiuta,Levantamentos,30415.0,29443808.0
2023,Setembro,Tete,Chiuta,Levantamentos,31240.0,31654129.0
2023,Outubro,Tete,Chiuta,Levantamentos,33147.0,32397327.0
2023,Novembro,Tete,Chiuta,Levantamentos,46894.0,44124498.0
2023,Dezembro,Tete,Chiuta,Levantamentos,38849.0,40370504.0
2023,Janeiro,Tete,Macanga,Levantamentos,24020.0,21021855.0
2023,Fevereiro,Tete,Macanga,Levantamentos,27368.0,22204995.0
2023,Março,Tete,Macanga,Levantamentos,31306.0,21577961.0
2023,Abril,Tete,Macanga,Levantamentos,34136.0,23479950.0
2023,Maio,Tete,Macanga,Levantamentos,32104.0,25234199.0
2023,Junho,Tete,Macanga,Levantamentos,36634.0,30171880.0
2023,Julho,Tete,Macanga,Levantamentos,41063.0,37498607.0
2023,Agosto,Tete,Macanga,Levantamentos,43045.0,37157213.0
2023,Setembro,Tete,Macanga,Levantamentos,46547.0,33582389.1
2023,Outubro,Tete,Macanga,Levantamentos,52601.0,39976273.0
2023,Novembro,Tete,Macanga,Levantamentos,71080.0,52431307.0
2023,Dezembro,Tete,Macanga,Levantamentos,58857.0,47899308.0
2023,Janeiro,Tete,Mágoe,Levantamentos,12150.0,16047072.8
2023,Fevereiro,Tete,Mágoe,Levantamentos,13476.0,18105018.0
2023,Março,Tete,Mágoe,Levantamentos,15609.0,18869506.0
2023,Abril,Tete,Mágoe,Levantamentos,16572.0,19177598.3
2023,Maio,Tete,Mágoe,Levantamentos,14546.0,19235131.0
2023,Junho,Tete,Mágoe,Levantamentos,14556.0,19510977.0
2023,Julho,Tete,Mágoe,Levantamentos,17303.0,21414531.0
2023,Agosto,Tete,Mágoe,Levantamentos,20282.0,24203878.0
2023,Setembro,Tete,Mágoe,Levantamentos,21473.0,23073177.0
2023,Outubro,Tete,Mágoe,Levantamentos,22612.0,23009118.75
2023,Novembro,Tete,Mágoe,Levantamentos,32559.0,33281834.0
2023,Dezembro,Tete,Mágoe,Levantamentos,27272.0,29544071.0
2023,Janeiro,Tete,Maravia,Levantamentos,7084.0,6329117.0
2023,Fevereiro,Tete,Maravia,Levantamentos,9582.0,8844716.0
2023,Março,Tete,Maravia,Levantamentos,10847.0,9692783.0
2023,Abril,Tete,Maravia,Levantamentos,10915.0,9660172.0
2023,Maio,Tete,Maravia,Levantamentos,11090.0,9692966.5
2023,Junho,Tete,Maravia,Levantamentos,12078.0,12634370.0
2023,Julho,Tete,Maravia,Levantamentos,14367.0,16961597.0
2023,Agosto,Tete,Maravia,Levantamentos,15205.0,18623439.0
2023,Setembro,Tete,Maravia,Levantamentos,16695.0,16751487.0
2023,Outubro,Tete,Maravia,Levantamentos,16570.0,15448985.0
2023,Novembro,Tete,Maravia,Levantamentos,22163.0,21018076.0
2023,Dezembro,Tete,Maravia,Levantamentos,16879.0,15834756.0
2023,Janeiro,Tete,Moatize,Levantamentos,212212.0,194858634.0
2023,Fevereiro,Tete,Moatize,Levantamentos,201627.0,195251939.52
2023,Março,Tete,Moatize,Levantamentos,229461.0,216265325.18
2023,Abril,Tete,Moatize,Levantamentos,236293.0,210200988.4
2023,Maio,Tete,Moatize,Levantamentos,250437.0,231608780.13
2023,Junho,Tete,Moatize,Levantamentos,260563.0,244076545.73
2023,Julho,Tete,Moatize,Levantamentos,277320.0,262805502.8
2023,Agosto,Tete,Moatize,Levantamentos,283765.0,271855978.3
2023,Setembro,Tete,Moatize,Levantamentos,283135.0,263801312.0
2023,Outubro,Tete,Moatize,Levantamentos,291324.0,269733141.03
2023,Novembro,Tete,Moatize,Levantamentos,353206.0,335295280.35
2023,Dezembro,Tete,Moatize,Levantamentos,331947.0,356029967.0
2023,Janeiro,Tete,Mutarara,Levantamentos,34234.0,35404372.65
2023,Fevereiro,Tete,Mutarara,Levantamentos,33413.0,35794899.03
2023,Março,Tete,Mutarara,Levantamentos,36914.0,37538802.1
2023,Abril,Tete,Mutarara,Levantamentos,39639.0,35802577.70999999
2023,Maio,Tete,Mutarara,Levantamentos,43120.0,39665206.8
2023,Junho,Tete,Mutarara,Levantamentos,51425.0,49443188.0
2023,Julho,Tete,Mutarara,Levantamentos,54050.0,52413453.0
2023,Agosto,Tete,Mutarara,Levantamentos,55820.0,53518727.0
2023,Setembro,Tete,Mutarara,Levantamentos,67551.0,89201667.5
2023,Outubro,Tete,Mutarara,Levantamentos,61211.0,87955017.25
2023,Novembro,Tete,Mutarara,Levantamentos,82710.0,109763027.0
2023,Dezembro,Tete,Mutarara,Levantamentos,70969.0,76229299.24000001
2023,Janeiro,Tete,Tsangano,Levantamentos,9376.0,11253546.0
2023,Fevereiro,Tete,Tsangano,Levantamentos,11254.0,13213320.0
2023,Março,Tete,Tsangano,Levantamentos,12569.0,13070738.0
2023,Abril,Tete,Tsangano,Levantamentos,13289.0,12874397.0
2023,Maio,Tete,Tsangano,Levantamentos,16237.0,15899294.0
2023,Junho,Tete,Tsangano,Levantamentos,18978.0,20774507.0
2023,Julho,Tete,Tsangano,Levantamentos,21724.0,23489041.0
2023,Agosto,Tete,Tsangano,Levantamentos,24675.0,28236457.0
2023,Setembro,Tete,Tsangano,Levantamentos,26672.0,31771675.0
2023,Outubro,Tete,Tsangano,Levantamentos,29219.0,40417079.1
2023,Novembro,Tete,Tsangano,Levantamentos,47786.0,72376995.0
2023,Dezembro,Tete,Tsangano,Levantamentos,40178.0,67418024.0
2023,Janeiro,Tete,Zumbo,Levantamentos,901.0,1528550.0
2023,Fevereiro,Tete,Zumbo,Levantamentos,949.0,1147243.0
2023,Março,Tete,Zumbo,Levantamentos,1103.0,1623937.0
2023,Abril,Tete,Zumbo,Levantamentos,1072.0,1087507.0
2023,Maio,Tete,Zumbo,Levantamentos,1253.0,1801191.0
2023,Junho,Tete,Zumbo,Levantamentos,1528.0,2599776.0
2023,Julho,Tete,Zumbo,Levantamentos,1671.0,4614705.0
2023,Agosto,Tete,Zumbo,Levantamentos,2671.0,5538851.0
2023,Setembro,Tete,Zumbo,Levantamentos,2529.0,4797313.0
2023,Outubro,Tete,Zumbo,Levantamentos,3295.0,6342693.0
2023,Novembro,Tete,Zumbo,Levantamentos,4385.0,6934122.0
2023,Dezembro,Tete,Zumbo,Levantamentos,4346.0,6194958.0
2023,Janeiro,Tete,Doa,Levantamentos,10742.0,9503090.0
2023,Fevereiro,Tete,Doa,Levantamentos,11711.0,10143531.0
2023,Março,Tete,Doa,Levantamentos,9505.0,6122047.0
2023,Abril,Tete,Doa,Levantamentos,13555.0,10231642.85
2023,Maio,Tete,Doa,Levantamentos,15228.0,10905672.0
2023,Junho,Tete,Doa,Levantamentos,16767.0,14305192.0
2023,Julho,Tete,Doa,Levantamentos,18500.0,18567710.0
2023,Agosto,Tete,Doa,Levantamentos,20781.0,18855634.0
2023,Setembro,Tete,Doa,Levantamentos,21414.0,18462739.0
2023,Outubro,Tete,Doa,Levantamentos,22554.0,17367192.5
2023,Novembro,Tete,Doa,Levantamentos,31246.0,22329603.0
2023,Dezembro,Tete,Doa,Levantamentos,27840.0,19012743.0
2023,Janeiro,Tete,Marara,Levantamentos,22191.0,20032024.0
2023,Fevereiro,Tete,Marara,Levantamentos,23324.0,22941066.0
2023,Março,Tete,Marara,Levantamentos,25526.0,26336263.0
2023,Abril,Tete,Marara,Levantamentos,24895.0,23164766.07
2023,Maio,Tete,Marara,Levantamentos,27376.0,25262612.1
2023,Junho,Tete,Marara,Levantamentos,29352.0,27644473.0
2023,Julho,Tete,Marara,Levantamentos,28955.0,28378195.8
2023,Agosto,Tete,Marara,Levantamentos,29153.0,28000856.0
2023,Setembro,Tete,Marara,Levantamentos,28028.0,26277118.0
2023,Outubro,Tete,Marara,Levantamentos,29102.0,26518534.5
2023,Novembro,Tete,Marara,Levantamentos,32191.0,29873806.0
2023,Dezembro,Tete,Marara,Levantamentos,35505.0,36823074.0
2023,Janeiro,Zambézia,Cidade de Quelimane,Levantamentos,596838.0,546874582.24
2023,Fevereiro,Zambézia,Cidade de Quelimane,Levantamentos,573415.0,522569641.9
2023,Março,Zambézia,Cidade de Quelimane,Levantamentos,558324.0,615804448.1800001
2023,Abril,Zambézia,Cidade de Quelimane,Levantamentos,648771.0,541081986.0
2023,Maio,Zambézia,Cidade de Quelimane,Levantamentos,707843.0,591970702.8
2023,Junho,Zambézia,Cidade de Quelimane,Levantamentos,719776.0,575066865.7
2023,Julho,Zambézia,Cidade de Quelimane,Levantamentos,776296.0,653893730.7
2023,Agosto,Zambézia,Cidade de Quelimane,Levantamentos,833235.0,666096995.4100001
2023,Setembro,Zambézia,Cidade de Quelimane,Levantamentos,831581.0,683341669.02
2023,Outubro,Zambézia,Cidade de Quelimane,Levantamentos,889950.0,788394029.19
2023,Novembro,Zambézia,Cidade de Quelimane,Levantamentos,1135572.0,1024223062.36
2023,Dezembro,Zambézia,Cidade de Quelimane,Levantamentos,1009418.0,970201042.26
2023,Janeiro,Zambézia,Alto Molócuè,Levantamentos,95957.0,109837504.0
2023,Fevereiro,Zambézia,Alto Molócuè,Levantamentos,92060.0,77850922.7
2023,Março,Zambézia,Alto Molócuè,Levantamentos,98828.0,75976946.9
2023,Abril,Zambézia,Alto Molócuè,Levantamentos,103431.0,80244103.5
2023,Maio,Zambézia,Alto Molócuè,Levantamentos,114411.0,99626064.9
2023,Junho,Zambézia,Alto Molócuè,Levantamentos,114210.0,91527186.0
2023,Julho,Zambézia,Alto Molócuè,Levantamentos,129867.0,103565984.6
2023,Agosto,Zambézia,Alto Molócuè,Levantamentos,134573.0,103367192.3
2023,Setembro,Zambézia,Alto Molócuè,Levantamentos,136485.0,96887739.55
2023,Outubro,Zambézia,Alto Molócuè,Levantamentos,150169.0,119728813.68
2023,Novembro,Zambézia,Alto Molócuè,Levantamentos,186548.0,150242984.7
2023,Dezembro,Zambézia,Alto Molócuè,Levantamentos,162577.0,137799780.6
2023,Janeiro,Zambézia,Chinde,Levantamentos,8948.0,8413650.02
2023,Fevereiro,Zambézia,Chinde,Levantamentos,9755.0,8850399.5
2023,Março,Zambézia,Chinde,Levantamentos,6181.0,4690932.0
2023,Abril,Zambézia,Chinde,Levantamentos,9887.0,7866922.0
2023,Maio,Zambézia,Chinde,Levantamentos,13055.0,11746966.5
2023,Junho,Zambézia,Chinde,Levantamentos,14400.0,11534524.0
2023,Julho,Zambézia,Chinde,Levantamentos,17021.0,12771676.0
2023,Agosto,Zambézia,Chinde,Levantamentos,17618.0,14022489.2
2023,Setembro,Zambézia,Chinde,Levantamentos,17048.0,11567515.0
2023,Outubro,Zambézia,Chinde,Levantamentos,16969.0,11363774.0
2023,Novembro,Zambézia,Chinde,Levantamentos,21800.0,14000278.0
2023,Dezembro,Zambézia,Chinde,Levantamentos,18209.0,12902165.0
2023,Janeiro,Zambézia,Gurúè,Levantamentos,127609.0,128253189.51
2023,Fevereiro,Zambézia,Gurúè,Levantamentos,122593.0,92722380.36
2023,Março,Zambézia,Gurúè,Levantamentos,132276.0,95723632.0
2023,Abril,Zambézia,Gurúè,Levantamentos,138215.0,99792339.0
2023,Maio,Zambézia,Gurúè,Levantamentos,148675.0,110460232.0
2023,Junho,Zambézia,Gurúè,Levantamentos,158870.0,113670834.4
2023,Julho,Zambézia,Gurúè,Levantamentos,178765.0,128787308.6
2023,Agosto,Zambézia,Gurúè,Levantamentos,177018.0,125357735.0
2023,Setembro,Zambézia,Gurúè,Levantamentos,188067.0,111040127.5
2023,Outubro,Zambézia,Gurúè,Levantamentos,207943.0,137519169.63
2023,Novembro,Zambézia,Gurúè,Levantamentos,266003.0,172697014.5
2023,Dezembro,Zambézia,Gurúè,Levantamentos,224509.0,155299933.0
2023,Janeiro,Zambézia,Ile,Levantamentos,40389.0,28648984.48
2023,Fevereiro,Zambézia,Ile,Levantamentos,42282.0,29472977.83
2023,Março,Zambézia,Ile,Levantamentos,47037.0,32935027.0
2023,Abril,Zambézia,Ile,Levantamentos,50738.0,40905587.0
2023,Maio,Zambézia,Ile,Levantamentos,55023.0,43958920.0
2023,Junho,Zambézia,Ile,Levantamentos,54840.0,38312114.0
2023,Julho,Zambézia,Ile,Levantamentos,63947.0,44977347.1
2023,Agosto,Zambézia,Ile,Levantamentos,56522.0,41244376.0
2023,Setembro,Zambézia,Ile,Levantamentos,57455.0,37648992.0
2023,Outubro,Zambézia,Ile,Levantamentos,61582.0,39825246.0
2023,Novembro,Zambézia,Ile,Levantamentos,78651.0,51410068.0
2023,Dezembro,Zambézia,Ile,Levantamentos,69594.0,46506675.0
2023,Janeiro,Zambézia,Inhassunge,Levantamentos,11434.0,7238166.32
2023,Fevereiro,Zambézia,Inhassunge,Levantamentos,11695.0,7704725.0
2023,Março,Zambézia,Inhassunge,Levantamentos,8772.0,6143319.0
2023,Abril,Zambézia,Inhassunge,Levantamentos,12510.0,8512270.0
2023,Maio,Zambézia,Inhassunge,Levantamentos,14780.0,9988773.0
2023,Junho,Zambézia,Inhassunge,Levantamentos,16316.0,11447780.35
2023,Julho,Zambézia,Inhassunge,Levantamentos,19984.0,14164819.0
2023,Agosto,Zambézia,Inhassunge,Levantamentos,20340.0,14310332.0
2023,Setembro,Zambézia,Inhassunge,Levantamentos,21747.0,16536075.0
2023,Outubro,Zambézia,Inhassunge,Levantamentos,24037.0,16284410.0
2023,Novembro,Zambézia,Inhassunge,Levantamentos,31187.0,21491788.0
2023,Dezembro,Zambézia,Inhassunge,Levantamentos,27858.0,19352129.0
2023,Janeiro,Zambézia,Lugela,Levantamentos,13605.0,6928923.0
2023,Fevereiro,Zambézia,Lugela,Levantamentos,16241.0,8879279.0
2023,Março,Zambézia,Lugela,Levantamentos,19364.0,11640640.0
2023,Abril,Zambézia,Lugela,Levantamentos,20522.0,13048562.0
2023,Maio,Zambézia,Lugela,Levantamentos,22646.0,14696830.0
2023,Junho,Zambézia,Lugela,Levantamentos,26643.0,16537947.25
2023,Julho,Zambézia,Lugela,Levantamentos,30668.0,18757400.0
2023,Agosto,Zambézia,Lugela,Levantamentos,33116.0,19747864.0
2023,Setembro,Zambézia,Lugela,Levantamentos,31328.0,19344283.0
2023,Outubro,Zambézia,Lugela,Levantamentos,33060.0,21961722.0
2023,Novembro,Zambézia,Lugela,Levantamentos,46195.0,28386974.0
2023,Dezembro,Zambézia,Lugela,Levantamentos,42163.0,27157965.0
2023,Janeiro,Zambézia,Gilé,Levantamentos,39939.0,28849186.2
2023,Fevereiro,Zambézia,Gilé,Levantamentos,39941.0,29810703.2
2023,Março,Zambézia,Gilé,Levantamentos,46939.0,34519669.0
2023,Abril,Zambézia,Gilé,Levantamentos,49457.0,36777802.0
2023,Maio,Zambézia,Gilé,Levantamentos,55847.0,44183071.0
2023,Junho,Zambézia,Gilé,Levantamentos,58580.0,42784853.0
2023,Julho,Zambézia,Gilé,Levantamentos,64702.0,45084773.0
2023,Agosto,Zambézia,Gilé,Levantamentos,73152.0,49222735.0
2023,Setembro,Zambézia,Gilé,Levantamentos,70012.0,44722198.0
2023,Outubro,Zambézia,Gilé,Levantamentos,74806.0,46710184.2
2023,Novembro,Zambézia,Gilé,Levantamentos,95967.0,71075957.0
2023,Dezembro,Zambézia,Gilé,Levantamentos,81079.0,61665942.0
2023,Janeiro,Zambézia,Maganja da Costa,Levantamentos,42092.0,36453264.87
2023,Fevereiro,Zambézia,Maganja da Costa,Levantamentos,45745.0,38070522.6
2023,Março,Zambézia,Maganja da Costa,Levantamentos,51288.0,40940426.67
2023,Abril,Zambézia,Maganja da Costa,Levantamentos,57700.0,45631556.0
2023,Maio,Zambézia,Maganja da Costa,Levantamentos,68212.0,56173366.0
2023,Junho,Zambézia,Maganja da Costa,Levantamentos,70865.0,57298781.1
2023,Julho,Zambézia,Maganja da Costa,Levantamentos,81303.0,65264721.6
2023,Agosto,Zambézia,Maganja da Costa,Levantamentos,88828.0,75132684.0
2023,Setembro,Zambézia,Maganja da Costa,Levantamentos,90456.0,68731289.3
2023,Outubro,Zambézia,Maganja da Costa,Levantamentos,93501.0,70848298.0
2023,Novembro,Zambézia,Maganja da Costa,Levantamentos,120029.0,92776940.0
2023,Dezembro,Zambézia,Maganja da Costa,Levantamentos,112372.0,97322475.2
2023,Janeiro,Zambézia,Milange,Levantamentos,94811.0,90527210.0
2023,Fevereiro,Zambézia,Milange,Levantamentos,97667.0,87982259.24
2023,Março,Zambézia,Milange,Levantamentos,99561.0,90164244.5
2023,Abril,Zambézia,Milange,Levantamentos,110227.0,95870143.3
2023,Maio,Zambézia,Milange,Levantamentos,122982.0,114416316.0
2023,Junho,Zambézia,Milange,Levantamentos,127593.0,106745630.09
2023,Julho,Zambézia,Milange,Levantamentos,141256.0,121954909.26
2023,Agosto,Zambézia,Milange,Levantamentos,151851.0,130968686.0
2023,Setembro,Zambézia,Milange,Levantamentos,154747.0,116807107.8
2023,Outubro,Zambézia,Milange,Levantamentos,157563.0,120062091.2
2023,Novembro,Zambézia,Milange,Levantamentos,206904.0,161498849.82
2023,Dezembro,Zambézia,Milange,Levantamentos,169350.0,147267477.0
2023,Janeiro,Zambézia,Mocuba,Levantamentos,279531.0,230785001.99999997
2023,Fevereiro,Zambézia,Mocuba,Levantamentos,273614.0,222800082.0
2023,Março,Zambézia,Mocuba,Levantamentos,300570.0,247420956.69
2023,Abril,Zambézia,Mocuba,Levantamentos,320348.0,273985257.18
2023,Maio,Zambézia,Mocuba,Levantamentos,349490.0,296543560.56
2023,Junho,Zambézia,Mocuba,Levantamentos,351517.0,282903224.01
2023,Julho,Zambézia,Mocuba,Levantamentos,379832.0,307604153.45
2023,Agosto,Zambézia,Mocuba,Levantamentos,406885.0,328463717.3
2023,Setembro,Zambézia,Mocuba,Levantamentos,400536.0,303969479.1
2023,Outubro,Zambézia,Mocuba,Levantamentos,419870.0,318909008.25
2023,Novembro,Zambézia,Mocuba,Levantamentos,530949.0,411786630.0
2023,Dezembro,Zambézia,Mocuba,Levantamentos,481010.0,395110371.3
2023,Janeiro,Zambézia,Mopeia,Levantamentos,40288.0,25018932.75
2023,Fevereiro,Zambézia,Mopeia,Levantamentos,40644.0,23742082.0
2023,Março,Zambézia,Mopeia,Levantamentos,41015.0,22581648.0
2023,Abril,Zambézia,Mopeia,Levantamentos,46614.0,26402280.5
2023,Maio,Zambézia,Mopeia,Levantamentos,56188.0,33016500.8
2023,Junho,Zambézia,Mopeia,Levantamentos,58321.0,35492415.18
2023,Julho,Zambézia,Mopeia,Levantamentos,62111.0,36515519.0
2023,Agosto,Zambézia,Mopeia,Levantamentos,65043.0,39815014.5
2023,Setembro,Zambézia,Mopeia,Levantamentos,64895.0,36861389.0
2023,Outubro,Zambézia,Mopeia,Levantamentos,65309.0,38087812.5
2023,Novembro,Zambézia,Mopeia,Levantamentos,94991.0,56912335.0
2023,Dezembro,Zambézia,Mopeia,Levantamentos,82678.0,52065177.0
2023,Janeiro,Zambézia,Morrumbala,Levantamentos,61298.0,39312780.0
2023,Fevereiro,Zambézia,Morrumbala,Levantamentos,66317.0,43378462.0
2023,Março,Zambézia,Morrumbala,Levantamentos,72539.0,46236053.4
2023,Abril,Zambézia,Morrumbala,Levantamentos,82391.0,55644722.0
2023,Maio,Zambézia,Morrumbala,Levantamentos,90985.0,64289690.0
2023,Junho,Zambézia,Morrumbala,Levantamentos,98852.0,63719648.99
2023,Julho,Zambézia,Morrumbala,Levantamentos,106674.0,69711380.0
2023,Agosto,Zambézia,Morrumbala,Levantamentos,114913.0,74350699.0
2023,Setembro,Zambézia,Morrumbala,Levantamentos,115547.0,75003620.0
2023,Outubro,Zambézia,Morrumbala,Levantamentos,119735.0,74159752.5
2023,Novembro,Zambézia,Morrumbala,Levantamentos,164930.0,92030971.0
2023,Dezembro,Zambézia,Morrumbala,Levantamentos,138607.0,84793030.0
2023,Janeiro,Zambézia,Namacurra,Levantamentos,54007.0,41341667.0
2023,Fevereiro,Zambézia,Namacurra,Levantamentos,55210.0,38576024.8
2023,Março,Zambézia,Namacurra,Levantamentos,46045.0,27780110.1
2023,Abril,Zambézia,Namacurra,Levantamentos,53474.0,33987450.0
2023,Maio,Zambézia,Namacurra,Levantamentos,61088.0,39706627.0
2023,Junho,Zambézia,Namacurra,Levantamentos,64177.0,41139178.3
2023,Julho,Zambézia,Namacurra,Levantamentos,71489.0,47570743.98
2023,Agosto,Zambézia,Namacurra,Levantamentos,78258.0,52114840.0
2023,Setembro,Zambézia,Namacurra,Levantamentos,79069.0,55975122.900000006
2023,Outubro,Zambézia,Namacurra,Levantamentos,83946.0,55791290.1
2023,Novembro,Zambézia,Namacurra,Levantamentos,110346.0,86451364.1
2023,Dezembro,Zambézia,Namacurra,Levantamentos,100286.0,74287654.0
2023,Janeiro,Zambézia,Namarroi,Levantamentos,7967.0,5239894.0
2023,Fevereiro,Zambézia,Namarroi,Levantamentos,10210.0,5978684.0
2023,Março,Zambézia,Namarroi,Levantamentos,12107.0,6302897.0
2023,Abril,Zambézia,Namarroi,Levantamentos,13581.0,7658894.0
2023,Maio,Zambézia,Namarroi,Levantamentos,14673.0,9360882.0
2023,Junho,Zambézia,Namarroi,Levantamentos,14943.0,8929016.0
2023,Julho,Zambézia,Namarroi,Levantamentos,17549.0,11635244.0
2023,Agosto,Zambézia,Namarroi,Levantamentos,18260.0,12164760.0
2023,Setembro,Zambézia,Namarroi,Levantamentos,19169.0,10904622.0
2023,Outubro,Zambézia,Namarroi,Levantamentos,19742.0,11078326.13
2023,Novembro,Zambézia,Namarroi,Levantamentos,25805.0,16598032.0
2023,Dezembro,Zambézia,Namarroi,Levantamentos,22782.0,15390372.0
2023,Janeiro,Zambézia,Nicoadala,Levantamentos,124974.0,84831190.81
2023,Fevereiro,Zambézia,Nicoadala,Levantamentos,119286.0,91280693.0
2023,Março,Zambézia,Nicoadala,Levantamentos,105167.0,67307745.4
2023,Abril,Zambézia,Nicoadala,Levantamentos,116576.0,70149912.0
2023,Maio,Zambézia,Nicoadala,Levantamentos,132049.0,81054781.7
2023,Junho,Zambézia,Nicoadala,Levantamentos,139594.0,91970712.0
2023,Julho,Zambézia,Nicoadala,Levantamentos,156246.0,110205187.8
2023,Agosto,Zambézia,Nicoadala,Levantamentos,167844.0,119828532.0
2023,Setembro,Zambézia,Nicoadala,Levantamentos,164255.0,108176433.44
2023,Outubro,Zambézia,Nicoadala,Levantamentos,180782.0,121428705.0
2023,Novembro,Zambézia,Nicoadala,Levantamentos,235341.0,179805023.6
2023,Dezembro,Zambézia,Nicoadala,Levantamentos,211803.0,149875329.8
2023,Janeiro,Zambézia,Pebane,Levantamentos,45818.0,38182584.0
2023,Fevereiro,Zambézia,Pebane,Levantamentos,50333.0,41407931.2
2023,Março,Zambézia,Pebane,Levantamentos,55778.0,41440174.0
2023,Abril,Zambézia,Pebane,Levantamentos,59242.0,42284754.0
2023,Maio,Zambézia,Pebane,Levantamentos,69406.0,56158466.0
2023,Junho,Zambézia,Pebane,Levantamentos,76486.0,59002593.0
2023,Julho,Zambézia,Pebane,Levantamentos,83290.0,50840643.0
2023,Agosto,Zambézia,Pebane,Levantamentos,93944.0,63598249.0
2023,Setembro,Zambézia,Pebane,Levantamentos,96391.0,64551608.0
2023,Outubro,Zambézia,Pebane,Levantamentos,101688.0,67290063.0
2023,Novembro,Zambézia,Pebane,Levantamentos,131546.0,106348426.0
2023,Dezembro,Zambézia,Pebane,Levantamentos,105130.0,73169261.0
2023,Janeiro,Zambézia,Molumbo,Levantamentos,18215.0,15256544.33
2023,Fevereiro,Zambézia,Molumbo,Levantamentos,23004.0,15888861.0
2023,Março,Zambézia,Molumbo,Levantamentos,25949.0,19446791.0
2023,Abril,Zambézia,Molumbo,Levantamentos,27301.0,18751350.0
2023,Maio,Zambézia,Molumbo,Levantamentos,26024.0,17542585.0
2023,Junho,Zambézia,Molumbo,Levantamentos,34339.0,24995973.0
2023,Julho,Zambézia,Molumbo,Levantamentos,36223.0,28646522.0
2023,Agosto,Zambézia,Molumbo,Levantamentos,40845.0,31979405.0
2023,Setembro,Zambézia,Molumbo,Levantamentos,41312.0,24543492.0
2023,Outubro,Zambézia,Molumbo,Levantamentos,45314.0,27601322.48
2023,Novembro,Zambézia,Molumbo,Levantamentos,61029.0,34326053.0
2023,Dezembro,Zambézia,Molumbo,Levantamentos,47204.0,29538465.0
2023,Janeiro,Zambézia,Mocubela,Levantamentos,12690.0,14374959.0
2023,Fevereiro,Zambézia,Mocubela,Levantamentos,12224.0,11467156.0
2023,Março,Zambézia,Mocubela,Levantamentos,11035.0,8398284.0
2023,Abril,Zambézia,Mocubela,Levantamentos,10375.0,8818763.0
2023,Maio,Zambézia,Mocubela,Levantamentos,10725.0,9877405.0
2023,Junho,Zambézia,Mocubela,Levantamentos,8481.0,7462328.0
2023,Julho,Zambézia,Mocubela,Levantamentos,7839.0,5992698.0
2023,Agosto,Zambézia,Mocubela,Levantamentos,6685.0,5564966.0
2023,Setembro,Zambézia,Mocubela,Levantamentos,5212.0,4287226.0
2023,Outubro,Zambézia,Mocubela,Levantamentos,4998.0,3589650.0
2023,Novembro,Zambézia,Mocubela,Levantamentos,4129.0,2686678.0
2023,Dezembro,Zambézia,Mocubela,Levantamentos,4064.0,2834698.0
2023,Janeiro,Zambézia,Mulevala,Levantamentos,23684.0,17293762.0
2023,Fevereiro,Zambézia,Mulevala,Levantamentos,26544.0,18035889.0
2023,Março,Zambézia,Mulevala,Levantamentos,30757.0,20713005.0
2023,Abril,Zambézia,Mulevala,Levantamentos,35311.0,30070897.5
2023,Maio,Zambézia,Mulevala,Levantamentos,41929.0,37236120.0
2023,Junho,Zambézia,Mulevala,Levantamentos,41353.0,32286488.0
2023,Julho,Zambézia,Mulevala,Levantamentos,49442.0,36124282.0
2023,Agosto,Zambézia,Mulevala,Levantamentos,58531.0,47649965.0
2023,Setembro,Zambézia,Mulevala,Levantamentos,55093.0,39826582.0
2023,Outubro,Zambézia,Mulevala,Levantamentos,57918.0,42711375.0
2023,Novembro,Zambézia,Mulevala,Levantamentos,77766.0,59425693.0
2023,Dezembro,Zambézia,Mulevala,Levantamentos,66062.0,50229364.0
2023,Janeiro,Zambézia,Luabo,Levantamentos,7834.0,5210167.0
2023,Fevereiro,Zambézia,Luabo,Levantamentos,9643.0,5695788.220000001
2023,Março,Zambézia,Luabo,Levantamentos,10109.0,4252760.0
2023,Abril,Zambézia,Luabo,Levantamentos,9164.0,4654052.75
2023,Maio,Zambézia,Luabo,Levantamentos,8855.0,4964882.0
2023,Junho,Zambézia,Luabo,Levantamentos,7951.0,4290973.0
2023,Julho,Zambézia,Luabo,Levantamentos,7259.0,4472620.0
2023,Agosto,Zambézia,Luabo,Levantamentos,6538.0,3769572.0
2023,Setembro,Zambézia,Luabo,Levantamentos,5728.0,2967939.8
2023,Outubro,Zambézia,Luabo,Levantamentos,6820.0,3320293.0
2023,Novembro,Zambézia,Luabo,Levantamentos,6082.0,3291665.0
2023,Dezembro,Zambézia,Luabo,Levantamentos,6347.0,3587670.0
2023,Janeiro,Zambézia,Derre,Levantamentos,1748.0,1492596.0
2023,Fevereiro,Zambézia,Derre,Levantamentos,2664.0,2477939.0
2023,Março,Zambézia,Derre,Levantamentos,1734.0,1638374.0
2023,Abril,Zambézia,Derre,Levantamentos,1704.0,1629818.0
2023,Maio,Zambézia,Derre,Levantamentos,1625.0,1344721.0
2023,Junho,Zambézia,Derre,Levantamentos,1396.0,1246925.0
2023,Julho,Zambézia,Derre,Levantamentos,1152.0,934532.0
2023,Agosto,Zambézia,Derre,Levantamentos,966.0,767718.0
2023,Setembro,Zambézia,Derre,Levantamentos,942.0,822860.0
2023,Outubro,Zambézia,Derre,Levantamentos,668.0,453440.0
2023,Novembro,Zambézia,Derre,Levantamentos,588.0,372526.0
2023,Dezembro,Zambézia,Derre,Levantamentos,435.0,362870.0
2023,Janeiro,Nampula,Cidade de Nampula,Levantamentos,2107820.0,1855930197.71
2023,Fevereiro,Nampula,Cidade de Nampula,Levantamentos,2001599.0,1657976472.1799998
2023,Março,Nampula,Cidade de Nampula,Levantamentos,2206479.0,1805711603.25
2023,Abril,Nampula,Cidade de Nampula,Levantamentos,2221769.0,1837299004.84
2023,Maio,Nampula,Cidade de Nampula,Levantamentos,2416485.0,2076590077.49
2023,Junho,Nampula,Cidade de Nampula,Levantamentos,2425337.0,2079166884.52
2023,Julho,Nampula,Cidade de Nampula,Levantamentos,2656912.0,2307618646.32
2023,Agosto,Nampula,Cidade de Nampula,Levantamentos,2805027.0,2413689827.71
2023,Setembro,Nampula,Cidade de Nampula,Levantamentos,2767738.0,2266831054.5
2023,Outubro,Nampula,Cidade de Nampula,Levantamentos,2825728.0,2205554860.1600003
2023,Novembro,Nampula,Cidade de Nampula,Levantamentos,3587187.0,2963806308.71
2023,Dezembro,Nampula,Cidade de Nampula,Levantamentos,3145910.0,2798700433.63
2023,Janeiro,Nampula,Cidade de Nacala-Porto,Levantamentos,600010.0,341348611.90999997
2023,Fevereiro,Nampula,Cidade de Nacala-Porto,Levantamentos,581337.0,338329046.19
2023,Março,Nampula,Cidade de Nacala-Porto,Levantamentos,638609.0,367838830.24
2023,Abril,Nampula,Cidade de Nacala-Porto,Levantamentos,645395.0,371621181.79
2023,Maio,Nampula,Cidade de Nacala-Porto,Levantamentos,696970.0,395560929.53
2023,Junho,Nampula,Cidade de Nacala-Porto,Levantamentos,725767.0,411116656.89
2023,Julho,Nampula,Cidade de Nacala-Porto,Levantamentos,809282.0,452638938.93
2023,Agosto,Nampula,Cidade de Nacala-Porto,Levantamentos,847600.0,493241503.43
2023,Setembro,Nampula,Cidade de Nacala-Porto,Levantamentos,859496.0,497474477.09
2023,Outubro,Nampula,Cidade de Nacala-Porto,Levantamentos,877246.0,483207061.33
2023,Novembro,Nampula,Cidade de Nacala-Porto,Levantamentos,1143276.0,659971662.03
2023,Dezembro,Nampula,Cidade de Nacala-Porto,Levantamentos,999139.0,602415518.3
2023,Janeiro,Nampula,Angoche,Levantamentos,160050.0,114231600.5
2023,Fevereiro,Nampula,Angoche,Levantamentos,154505.0,106885146.3
2023,Março,Nampula,Angoche,Levantamentos,169445.0,110746755.0
2023,Abril,Nampula,Angoche,Levantamentos,166859.0,114673050.0
2023,Maio,Nampula,Angoche,Levantamentos,175388.0,125189466.0
2023,Junho,Nampula,Angoche,Levantamentos,187512.0,124085566.0
2023,Julho,Nampula,Angoche,Levantamentos,205706.0,118523423.3
2023,Agosto,Nampula,Angoche,Levantamentos,215289.0,127377933.1
2023,Setembro,Nampula,Angoche,Levantamentos,211122.0,130513645.0
2023,Outubro,Nampula,Angoche,Levantamentos,213559.0,126742682.95
2023,Novembro,Nampula,Angoche,Levantamentos,263867.0,163824647.0
2023,Dezembro,Nampula,Angoche,Levantamentos,216184.0,140598257.0
2023,Janeiro,Nampula,Ilha de Moçambique,Levantamentos,77041.0,51398857.3
2023,Fevereiro,Nampula,Ilha de Moçambique,Levantamentos,71579.0,43423439.0
2023,Março,Nampula,Ilha de Moçambique,Levantamentos,79202.0,46173055.5
2023,Abril,Nampula,Ilha de Moçambique,Levantamentos,79251.0,47980243.0
2023,Maio,Nampula,Ilha de Moçambique,Levantamentos,83425.0,50908101.0
2023,Junho,Nampula,Ilha de Moçambique,Levantamentos,88672.0,48244593.3
2023,Julho,Nampula,Ilha de Moçambique,Levantamentos,94104.0,50651961.0
2023,Agosto,Nampula,Ilha de Moçambique,Levantamentos,93186.0,53929427.75
2023,Setembro,Nampula,Ilha de Moçambique,Levantamentos,98210.0,61395951.0
2023,Outubro,Nampula,Ilha de Moçambique,Levantamentos,98229.0,58406484.8
2023,Novembro,Nampula,Ilha de Moçambique,Levantamentos,122134.0,77780268.8
2023,Dezembro,Nampula,Ilha de Moçambique,Levantamentos,111363.0,73672240.0
2023,Janeiro,Nampula,Lalaua,Levantamentos,8567.0,6873064.0
2023,Fevereiro,Nampula,Lalaua,Levantamentos,10062.0,7005017.0
2023,Março,Nampula,Lalaua,Levantamentos,10586.0,6557434.0
2023,Abril,Nampula,Lalaua,Levantamentos,12444.0,8399590.0
2023,Maio,Nampula,Lalaua,Levantamentos,13634.0,12529732.0
2023,Junho,Nampula,Lalaua,Levantamentos,14214.0,12741219.0
2023,Julho,Nampula,Lalaua,Levantamentos,16600.0,17199809.0
2023,Agosto,Nampula,Lalaua,Levantamentos,17790.0,16954033.0
2023,Setembro,Nampula,Lalaua,Levantamentos,18028.0,16209824.0
2023,Outubro,Nampula,Lalaua,Levantamentos,19070.0,13968871.0
2023,Novembro,Nampula,Lalaua,Levantamentos,25149.0,19309624.0
2023,Dezembro,Nampula,Lalaua,Levantamentos,19686.0,15458987.0
2023,Janeiro,Nampula,Malema,Levantamentos,54884.0,41724505.8
2023,Fevereiro,Nampula,Malema,Levantamentos,54391.0,40581614.9
2023,Março,Nampula,Malema,Levantamentos,59191.0,39274204.5
2023,Abril,Nampula,Malema,Levantamentos,63484.0,41068172.0
2023,Maio,Nampula,Malema,Levantamentos,67944.0,49848497.0
2023,Junho,Nampula,Malema,Levantamentos,72349.0,61007238.0
2023,Julho,Nampula,Malema,Levantamentos,84310.0,77604623.0
2023,Agosto,Nampula,Malema,Levantamentos,82983.0,74854979.0
2023,Setembro,Nampula,Malema,Levantamentos,87436.0,61018476.0
2023,Outubro,Nampula,Malema,Levantamentos,94250.0,64747924.75
2023,Novembro,Nampula,Malema,Levantamentos,129091.0,85742481.0
2023,Dezembro,Nampula,Malema,Levantamentos,107404.0,75344302.0
2023,Janeiro,Nampula,Meconta (Namialo),Levantamentos,115580.0,68811155.68
2023,Fevereiro,Nampula,Meconta (Namialo),Levantamentos,108568.0,62908585.94
2023,Março,Nampula,Meconta (Namialo),Levantamentos,111959.0,63133044.22
2023,Abril,Nampula,Meconta (Namialo),Levantamentos,109096.0,63141878.89
2023,Maio,Nampula,Meconta (Namialo),Levantamentos,117757.0,68366112.42
2023,Junho,Nampula,Meconta (Namialo),Levantamentos,129448.0,75937373.78
2023,Julho,Nampula,Meconta (Namialo),Levantamentos,146656.0,87167649.1
2023,Agosto,Nampula,Meconta (Namialo),Levantamentos,155051.0,91533768.36
2023,Setembro,Nampula,Meconta (Namialo),Levantamentos,153749.0,88752252.89
2023,Outubro,Nampula,Meconta (Namialo),Levantamentos,163095.0,88345592.81
2023,Novembro,Nampula,Meconta (Namialo),Levantamentos,200839.0,114325648.5
2023,Dezembro,Nampula,Meconta (Namialo),Levantamentos,183611.0,107578468.0
2023,Janeiro,Nampula,Mecuburi,Levantamentos,28904.0,19338823.0
2023,Fevereiro,Nampula,Mecuburi,Levantamentos,32031.0,20235091.0
2023,Março,Nampula,Mecuburi,Levantamentos,35901.0,21749564.0
2023,Abril,Nampula,Mecuburi,Levantamentos,36058.0,20339541.0
2023,Maio,Nampula,Mecuburi,Levantamentos,37419.0,23875794.0
2023,Junho,Nampula,Mecuburi,Levantamentos,35718.0,22361840.0
2023,Julho,Nampula,Mecuburi,Levantamentos,39967.0,25789739.0
2023,Agosto,Nampula,Mecuburi,Levantamentos,41246.0,28273698.0
2023,Setembro,Nampula,Mecuburi,Levantamentos,42999.0,28247856.0
2023,Outubro,Nampula,Mecuburi,Levantamentos,46640.0,29470817.0
2023,Novembro,Nampula,Mecuburi,Levantamentos,60683.0,39440600.0
2023,Dezembro,Nampula,Mecuburi,Levantamentos,49400.0,34128717.0
2023,Janeiro,Nampula,Memba,Levantamentos,39857.0,27864961.55
2023,Fevereiro,Nampula,Memba,Levantamentos,42182.0,27171036.7
2023,Março,Nampula,Memba,Levantamentos,47999.0,30265946.0
2023,Abril,Nampula,Memba,Levantamentos,50044.0,32645502.0
2023,Maio,Nampula,Memba,Levantamentos,49447.0,31580221.0
2023,Junho,Nampula,Memba,Levantamentos,57409.0,38151738.0
2023,Julho,Nampula,Memba,Levantamentos,70652.0,45618596.0
2023,Agosto,Nampula,Memba,Levantamentos,77104.0,49287561.0
2023,Setembro,Nampula,Memba,Levantamentos,79110.0,46601421.0
2023,Outubro,Nampula,Memba,Levantamentos,88716.0,51892783.0
2023,Novembro,Nampula,Memba,Levantamentos,114275.0,65360330.0
2023,Dezembro,Nampula,Memba,Levantamentos,96083.0,57912402.0
2023,Janeiro,Nampula,Mogincual,Levantamentos,46617.0,28083659.0
2023,Fevereiro,Nampula,Mogincual,Levantamentos,49723.0,26635201.0
2023,Março,Nampula,Mogincual,Levantamentos,52512.0,27273174.0
2023,Abril,Nampula,Mogincual,Levantamentos,50902.0,27354151.0
2023,Maio,Nampula,Mogincual,Levantamentos,54266.0,38360657.0
2023,Junho,Nampula,Mogincual,Levantamentos,62116.0,39864907.0
2023,Julho,Nampula,Mogincual,Levantamentos,67895.0,38687880.0
2023,Agosto,Nampula,Mogincual,Levantamentos,69743.0,43524171.0
2023,Setembro,Nampula,Mogincual,Levantamentos,68216.0,37172465.0
2023,Outubro,Nampula,Mogincual,Levantamentos,71040.0,36161810.1
2023,Novembro,Nampula,Mogincual,Levantamentos,95677.0,54990599.0
2023,Dezembro,Nampula,Mogincual,Levantamentos,78068.0,50439046.0
2023,Janeiro,Nampula,Mogovolas,Levantamentos,57934.0,35896499.0
2023,Fevereiro,Nampula,Mogovolas,Levantamentos,60458.0,33350164.0
2023,Março,Nampula,Mogovolas,Levantamentos,74019.0,40433780.2
2023,Abril,Nampula,Mogovolas,Levantamentos,73688.0,41697988.0
2023,Maio,Nampula,Mogovolas,Levantamentos,76611.0,46192988.0
2023,Junho,Nampula,Mogovolas,Levantamentos,86093.0,49270481.0
2023,Julho,Nampula,Mogovolas,Levantamentos,104161.0,58258709.0
2023,Agosto,Nampula,Mogovolas,Levantamentos,109532.0,58983788.0
2023,Setembro,Nampula,Mogovolas,Levantamentos,111115.0,55743501.0
2023,Outubro,Nampula,Mogovolas,Levantamentos,117017.0,59148904.0
2023,Novembro,Nampula,Mogovolas,Levantamentos,146418.0,81317788.0
2023,Dezembro,Nampula,Mogovolas,Levantamentos,122756.0,69758024.0
2023,Janeiro,Nampula,Moma,Levantamentos,145840.0,94968516.8
2023,Fevereiro,Nampula,Moma,Levantamentos,150213.0,91776133.0
2023,Março,Nampula,Moma,Levantamentos,177438.0,101816912.0
2023,Abril,Nampula,Moma,Levantamentos,177094.0,102486051.0
2023,Maio,Nampula,Moma,Levantamentos,185793.0,120438859.25
2023,Junho,Nampula,Moma,Levantamentos,199419.0,120158718.1
2023,Julho,Nampula,Moma,Levantamentos,224158.0,121115936.5
2023,Agosto,Nampula,Moma,Levantamentos,230092.0,123647479.05
2023,Setembro,Nampula,Moma,Levantamentos,234738.0,132416782.4
2023,Outubro,Nampula,Moma,Levantamentos,240478.0,135291338.3
2023,Novembro,Nampula,Moma,Levantamentos,307268.0,173625467.0
2023,Dezembro,Nampula,Moma,Levantamentos,254862.0,152653084.0
2023,Janeiro,Nampula,Monapo,Levantamentos,90294.0,47255163.0
2023,Fevereiro,Nampula,Monapo,Levantamentos,88055.0,44341698.7
2023,Março,Nampula,Monapo,Levantamentos,90419.0,44997364.8
2023,Abril,Nampula,Monapo,Levantamentos,91069.0,45948392.8
2023,Maio,Nampula,Monapo,Levantamentos,97998.0,51532208.0
2023,Junho,Nampula,Monapo,Levantamentos,105607.0,56934324.0
2023,Julho,Nampula,Monapo,Levantamentos,124958.0,66877726.5
2023,Agosto,Nampula,Monapo,Levantamentos,136397.0,75402611.0
2023,Setembro,Nampula,Monapo,Levantamentos,139845.0,75186764.0
2023,Outubro,Nampula,Monapo,Levantamentos,141840.0,74145621.0
2023,Novembro,Nampula,Monapo,Levantamentos,181172.0,94043529.0
2023,Dezembro,Nampula,Monapo,Levantamentos,154436.0,88202952.0
2023,Janeiro,Nampula,Mossuril,Levantamentos,30452.0,20759988.0
2023,Fevereiro,Nampula,Mossuril,Levantamentos,27535.0,17587507.2
2023,Março,Nampula,Mossuril,Levantamentos,30334.0,18574668.5
2023,Abril,Nampula,Mossuril,Levantamentos,30590.0,20670600.0
2023,Maio,Nampula,Mossuril,Levantamentos,32053.0,21430513.7
2023,Junho,Nampula,Mossuril,Levantamentos,36975.0,24405099.0
2023,Julho,Nampula,Mossuril,Levantamentos,40629.0,26507079.85
2023,Agosto,Nampula,Mossuril,Levantamentos,43407.0,30327675.0
2023,Setembro,Nampula,Mossuril,Levantamentos,43650.0,29404696.0
2023,Outubro,Nampula,Mossuril,Levantamentos,46188.0,30495222.2
2023,Novembro,Nampula,Mossuril,Levantamentos,58479.0,44575494.0
2023,Dezembro,Nampula,Mossuril,Levantamentos,55240.0,42913744.5
2023,Janeiro,Nampula,Muecate,Levantamentos,17849.0,9323349.0
2023,Fevereiro,Nampula,Muecate,Levantamentos,18929.0,9430662.0
2023,Março,Nampula,Muecate,Levantamentos,21043.0,10858088.0
2023,Abril,Nampula,Muecate,Levantamentos,21077.0,10964568.0
2023,Maio,Nampula,Muecate,Levantamentos,20449.0,10982789.0
2023,Junho,Nampula,Muecate,Levantamentos,24139.0,13368580.0
2023,Julho,Nampula,Muecate,Levantamentos,29608.0,16547196.0
2023,Agosto,Nampula,Muecate,Levantamentos,32427.0,18731327.0
2023,Setembro,Nampula,Muecate,Levantamentos,33445.0,16786126.0
2023,Outubro,Nampula,Muecate,Levantamentos,37013.0,17360475.0
2023,Novembro,Nampula,Muecate,Levantamentos,48161.0,24131162.0
2023,Dezembro,Nampula,Muecate,Levantamentos,40808.0,21485441.0
2023,Janeiro,Nampula,Murrupula,Levantamentos,32627.0,23787798.0
2023,Fevereiro,Nampula,Murrupula,Levantamentos,32659.0,23213110.0
2023,Março,Nampula,Murrupula,Levantamentos,37260.0,29630058.0
2023,Abril,Nampula,Murrupula,Levantamentos,40672.0,38815706.400000006
2023,Maio,Nampula,Murrupula,Levantamentos,45052.0,40939680.0
2023,Junho,Nampula,Murrupula,Levantamentos,48585.0,45040823.0
2023,Julho,Nampula,Murrupula,Levantamentos,55686.0,47979988.0
2023,Agosto,Nampula,Murrupula,Levantamentos,57499.0,50811070.1
2023,Setembro,Nampula,Murrupula,Levantamentos,55216.0,44625783.0
2023,Outubro,Nampula,Murrupula,Levantamentos,58992.0,44083598.0
2023,Novembro,Nampula,Murrupula,Levantamentos,74860.0,60358677.0
2023,Dezembro,Nampula,Murrupula,Levantamentos,66400.0,51055633.0
2023,Janeiro,Nampula,Nacala-Velha,Levantamentos,35039.0,16031171.0
2023,Fevereiro,Nampula,Nacala-Velha,Levantamentos,34924.0,15857806.5
2023,Março,Nampula,Nacala-Velha,Levantamentos,40723.0,18404065.0
2023,Abril,Nampula,Nacala-Velha,Levantamentos,38376.0,17345964.75
2023,Maio,Nampula,Nacala-Velha,Levantamentos,43387.0,20113664.0
2023,Junho,Nampula,Nacala-Velha,Levantamentos,46750.0,21688347.0
2023,Julho,Nampula,Nacala-Velha,Levantamentos,53583.0,24525225.0
2023,Agosto,Nampula,Nacala-Velha,Levantamentos,56414.0,27228189.0
2023,Setembro,Nampula,Nacala-Velha,Levantamentos,57739.0,28369557.1
2023,Outubro,Nampula,Nacala-Velha,Levantamentos,63669.0,28736517.5
2023,Novembro,Nampula,Nacala-Velha,Levantamentos,84872.0,38395930.0
2023,Dezembro,Nampula,Nacala-Velha,Levantamentos,70793.0,34159429.0
2023,Janeiro,Nampula,Nacaroa,Levantamentos,18059.0,12233572.0
2023,Fevereiro,Nampula,Nacaroa,Levantamentos,19168.0,12752730.0
2023,Março,Nampula,Nacaroa,Levantamentos,22578.0,14468023.0
2023,Abril,Nampula,Nacaroa,Levantamentos,20928.0,14866444.0
2023,Maio,Nampula,Nacaroa,Levantamentos,17205.0,11297684.0
2023,Junho,Nampula,Nacaroa,Levantamentos,23211.0,16998331.0
2023,Julho,Nampula,Nacaroa,Levantamentos,27424.0,18345226.96
2023,Agosto,Nampula,Nacaroa,Levantamentos,28529.0,19664883.0
2023,Setembro,Nampula,Nacaroa,Levantamentos,29168.0,17588366.0
2023,Outubro,Nampula,Nacaroa,Levantamentos,32340.0,21120617.5
2023,Novembro,Nampula,Nacaroa,Levantamentos,37742.0,24449379.0
2023,Dezembro,Nampula,Nacaroa,Levantamentos,33332.0,23932550.0
2023,Janeiro,Nampula,Namapa-Erati,Levantamentos,63623.0,60216958.0
2023,Fevereiro,Nampula,Namapa-Erati,Levantamentos,63224.0,53725062.5
2023,Março,Nampula,Namapa-Erati,Levantamentos,70517.0,61566042.0
2023,Abril,Nampula,Namapa-Erati,Levantamentos,67159.0,64270428.0
2023,Maio,Nampula,Namapa-Erati,Levantamentos,71319.0,64031332.95
2023,Junho,Nampula,Namapa-Erati,Levantamentos,81386.0,70467563.0
2023,Julho,Nampula,Namapa-Erati,Levantamentos,93391.0,77695347.0
2023,Agosto,Nampula,Namapa-Erati,Levantamentos,97389.0,81210259.0
2023,Setembro,Nampula,Namapa-Erati,Levantamentos,101165.0,78938113.5
2023,Outubro,Nampula,Namapa-Erati,Levantamentos,112230.0,86649039.0
2023,Novembro,Nampula,Namapa-Erati,Levantamentos,136812.0,107024790.0
2023,Dezembro,Nampula,Namapa-Erati,Levantamentos,113841.0,90262362.0
2023,Janeiro,Nampula,Rapale-Nampula,Levantamentos,45801.0,25182995.5
2023,Fevereiro,Nampula,Rapale-Nampula,Levantamentos,47286.0,25150861.5
2023,Março,Nampula,Rapale-Nampula,Levantamentos,54319.0,30156119.0
2023,Abril,Nampula,Rapale-Nampula,Levantamentos,62631.0,39301763.0
2023,Maio,Nampula,Rapale-Nampula,Levantamentos,71924.0,46134074.0
2023,Junho,Nampula,Rapale-Nampula,Levantamentos,78415.0,51977606.0
2023,Julho,Nampula,Rapale-Nampula,Levantamentos,92777.0,61117382.0
2023,Agosto,Nampula,Rapale-Nampula,Levantamentos,103256.0,71488513.0
2023,Setembro,Nampula,Rapale-Nampula,Levantamentos,108068.0,68715286.0
2023,Outubro,Nampula,Rapale-Nampula,Levantamentos,118612.0,74598967.0
2023,Novembro,Nampula,Rapale-Nampula,Levantamentos,163646.0,108766319.0
2023,Dezembro,Nampula,Rapale-Nampula,Levantamentos,147108.0,103826828.0
2023,Janeiro,Nampula,Ribaué,Levantamentos,54482.0,42735464.1
2023,Fevereiro,Nampula,Ribaué,Levantamentos,55769.0,40421790.0
2023,Março,Nampula,Ribaué,Levantamentos,59607.0,40356525.8
2023,Abril,Nampula,Ribaué,Levantamentos,62694.0,40651547.0
2023,Maio,Nampula,Ribaué,Levantamentos,67615.0,45910642.0
2023,Junho,Nampula,Ribaué,Levantamentos,69679.0,47921861.0
2023,Julho,Nampula,Ribaué,Levantamentos,79153.0,55837041.0
2023,Agosto,Nampula,Ribaué,Levantamentos,78805.0,59631728.0
2023,Setembro,Nampula,Ribaué,Levantamentos,82075.0,58179269.0
2023,Outubro,Nampula,Ribaué,Levantamentos,89993.0,62080119.35
2023,Novembro,Nampula,Ribaué,Levantamentos,115101.0,81267411.0
2023,Dezembro,Nampula,Ribaué,Levantamentos,100613.0,71557774.0
2023,Janeiro,Nampula,Liupo,Levantamentos,1282.0,1107482.5
2023,Fevereiro,Nampula,Liupo,Levantamentos,1151.0,952844.0
2023,Março,Nampula,Liupo,Levantamentos,908.0,500633.0
2023,Abril,Nampula,Liupo,Levantamentos,703.0,331491.0
2023,Maio,Nampula,Liupo,Levantamentos,541.0,370086.0
2023,Junho,Nampula,Liupo,Levantamentos,428.0,213344.0
2023,Julho,Nampula,Liupo,Levantamentos,411.0,256787.0
2023,Agosto,Nampula,Liupo,Levantamentos,261.0,97337.0
2023,Setembro,Nampula,Liupo,Levantamentos,214.0,124520.0
2023,Outubro,Nampula,Liupo,Levantamentos,123.0,44040.0
2023,Novembro,Nampula,Liupo,Levantamentos,95.0,29925.0
2023,Dezembro,Nampula,Liupo,Levantamentos,77.0,27110.0
2023,Janeiro,Nampula,Larde,Levantamentos,943.0,392853.0
2023,Fevereiro,Nampula,Larde,Levantamentos,700.0,412880.0
2023,Março,Nampula,Larde,Levantamentos,963.0,580008.0
2023,Abril,Nampula,Larde,Levantamentos,1036.0,555351.0
2023,Maio,Nampula,Larde,Levantamentos,1119.0,644990.0
2023,Junho,Nampula,Larde,Levantamentos,1027.0,415858.0
2023,Julho,Nampula,Larde,Levantamentos,1098.0,560881.0
2023,Agosto,Nampula,Larde,Levantamentos,887.0,343880.0
2023,Setembro,Nampula,Larde,Levantamentos,888.0,339694.0
2023,Outubro,Nampula,Larde,Levantamentos,883.0,359460.0
2023,Novembro,Nampula,Larde,Levantamentos,781.0,275402.0
2023,Dezembro,Nampula,Larde,Levantamentos,761.0,303530.0
2023,Janeiro,Cabo Delgado,Cidade de Pemba,Levantamentos,628059.0,566659013.56
2023,Fevereiro,Cabo Delgado,Cidade de Pemba,Levantamentos,590372.0,524968722.3
2023,Março,Cabo Delgado,Cidade de Pemba,Levantamentos,664952.0,585248683.06
2023,Abril,Cabo Delgado,Cidade de Pemba,Levantamentos,656273.0,561992539.5999999
2023,Maio,Cabo Delgado,Cidade de Pemba,Levantamentos,726075.0,600900965.2
2023,Junho,Cabo Delgado,Cidade de Pemba,Levantamentos,738180.0,600173726.54
2023,Julho,Cabo Delgado,Cidade de Pemba,Levantamentos,803043.0,672106924.56
2023,Agosto,Cabo Delgado,Cidade de Pemba,Levantamentos,841223.0,707024976.9000001
2023,Setembro,Cabo Delgado,Cidade de Pemba,Levantamentos,841935.0,702691585.6899999
2023,Outubro,Cabo Delgado,Cidade de Pemba,Levantamentos,902121.0,738909571.06
2023,Novembro,Cabo Delgado,Cidade de Pemba,Levantamentos,1077637.0,884485632.74
2023,Dezembro,Cabo Delgado,Cidade de Pemba,Levantamentos,989630.0,911429614.35
2023,Janeiro,Cabo Delgado,Ancuabe,Levantamentos,48290.0,35873246.0
2023,Fevereiro,Cabo Delgado,Ancuabe,Levantamentos,51767.0,38337887.0
2023,Março,Cabo Delgado,Ancuabe,Levantamentos,57505.0,42361333.0
2023,Abril,Cabo Delgado,Ancuabe,Levantamentos,57984.0,42756348.0
2023,Maio,Cabo Delgado,Ancuabe,Levantamentos,66609.0,54622759.0
2023,Junho,Cabo Delgado,Ancuabe,Levantamentos,67046.0,56785970.0
2023,Julho,Cabo Delgado,Ancuabe,Levantamentos,76687.0,66537619.5
2023,Agosto,Cabo Delgado,Ancuabe,Levantamentos,85790.0,74238604.0
2023,Setembro,Cabo Delgado,Ancuabe,Levantamentos,92137.0,75257050.44
2023,Outubro,Cabo Delgado,Ancuabe,Levantamentos,101980.0,77998239.25
2023,Novembro,Cabo Delgado,Ancuabe,Levantamentos,130575.0,95048553.21
2023,Dezembro,Cabo Delgado,Ancuabe,Levantamentos,114125.0,90815068.61
2023,Janeiro,Cabo Delgado,Balama,Levantamentos,29095.0,26964221.0
2023,Fevereiro,Cabo Delgado,Balama,Levantamentos,29812.0,25553342.0
2023,Março,Cabo Delgado,Balama,Levantamentos,33328.0,25098139.0
2023,Abril,Cabo Delgado,Balama,Levantamentos,34371.0,25404583.0
2023,Maio,Cabo Delgado,Balama,Levantamentos,35354.0,28078608.0
2023,Junho,Cabo Delgado,Balama,Levantamentos,36018.0,36940859.0
2023,Julho,Cabo Delgado,Balama,Levantamentos,43049.0,49885899.0
2023,Agosto,Cabo Delgado,Balama,Levantamentos,44135.0,50617421.34
2023,Setembro,Cabo Delgado,Balama,Levantamentos,45307.0,42869136.0
2023,Outubro,Cabo Delgado,Balama,Levantamentos,50889.0,43769946.5
2023,Novembro,Cabo Delgado,Balama,Levantamentos,62174.0,53578977.0
2023,Dezembro,Cabo Delgado,Balama,Levantamentos,55668.0,51251907.1
2023,Janeiro,Cabo Delgado,Chiúre,Levantamentos,70125.0,65582334.2
2023,Fevereiro,Cabo Delgado,Chiúre,Levantamentos,71306.0,66398807.5
2023,Março,Cabo Delgado,Chiúre,Levantamentos,81814.0,70914467.17
2023,Abril,Cabo Delgado,Chiúre,Levantamentos,83784.0,70736506.4
2023,Maio,Cabo Delgado,Chiúre,Levantamentos,91600.0,82898142.16
2023,Junho,Cabo Delgado,Chiúre,Levantamentos,99068.0,92000296.06
2023,Julho,Cabo Delgado,Chiúre,Levantamentos,112585.0,92048688.76
2023,Agosto,Cabo Delgado,Chiúre,Levantamentos,115276.0,98971328.85
2023,Setembro,Cabo Delgado,Chiúre,Levantamentos,116752.0,86572437.8
2023,Outubro,Cabo Delgado,Chiúre,Levantamentos,131131.0,99134585.35
2023,Novembro,Cabo Delgado,Chiúre,Levantamentos,167383.0,127455312.8
2023,Dezembro,Cabo Delgado,Chiúre,Levantamentos,144574.0,126697341.7
2023,Janeiro,Cabo Delgado,Ibo,Levantamentos,4880.0,5725121.0
2023,Fevereiro,Cabo Delgado,Ibo,Levantamentos,5904.0,6986794.0
2023,Março,Cabo Delgado,Ibo,Levantamentos,8386.0,9834065.0
2023,Abril,Cabo Delgado,Ibo,Levantamentos,9921.0,12954612.0
2023,Maio,Cabo Delgado,Ibo,Levantamentos,11859.0,15044409.0
2023,Junho,Cabo Delgado,Ibo,Levantamentos,12727.0,14750346.0
2023,Julho,Cabo Delgado,Ibo,Levantamentos,13394.0,14779311.0
2023,Agosto,Cabo Delgado,Ibo,Levantamentos,14678.0,15657702.0
2023,Setembro,Cabo Delgado,Ibo,Levantamentos,14416.0,13546136.0
2023,Outubro,Cabo Delgado,Ibo,Levantamentos,17466.0,16560675.0
2023,Novembro,Cabo Delgado,Ibo,Levantamentos,22691.0,20126669.34
2023,Dezembro,Cabo Delgado,Ibo,Levantamentos,18741.0,17463198.0
2023,Janeiro,Cabo Delgado,Macomia,Levantamentos,26476.0,22929081.0
2023,Fevereiro,Cabo Delgado,Macomia,Levantamentos,29165.0,23205394.0
2023,Março,Cabo Delgado,Macomia,Levantamentos,28059.0,21908331.0
2023,Abril,Cabo Delgado,Macomia,Levantamentos,29614.0,25656341.0
2023,Maio,Cabo Delgado,Macomia,Levantamentos,31569.0,25080512.0
2023,Junho,Cabo Delgado,Macomia,Levantamentos,31979.0,24454358.0
2023,Julho,Cabo Delgado,Macomia,Levantamentos,34899.0,27098079.0
2023,Agosto,Cabo Delgado,Macomia,Levantamentos,36791.0,28806956.0
2023,Setembro,Cabo Delgado,Macomia,Levantamentos,38963.0,30580576.0
2023,Outubro,Cabo Delgado,Macomia,Levantamentos,40060.0,28288286.25
2023,Novembro,Cabo Delgado,Macomia,Levantamentos,48220.0,36749358.19
2023,Dezembro,Cabo Delgado,Macomia,Levantamentos,46296.0,42537701.0
2023,Janeiro,Cabo Delgado,Mecufi,Levantamentos,12495.0,7168085.0
2023,Fevereiro,Cabo Delgado,Mecufi,Levantamentos,12263.0,7000137.0
2023,Março,Cabo Delgado,Mecufi,Levantamentos,14179.0,8234297.0
2023,Abril,Cabo Delgado,Mecufi,Levantamentos,15109.0,9443218.0
2023,Maio,Cabo Delgado,Mecufi,Levantamentos,15545.0,9177722.0
2023,Junho,Cabo Delgado,Mecufi,Levantamentos,15802.0,9514863.0
2023,Julho,Cabo Delgado,Mecufi,Levantamentos,19561.0,11565419.24
2023,Agosto,Cabo Delgado,Mecufi,Levantamentos,21763.0,13117742.33
2023,Setembro,Cabo Delgado,Mecufi,Levantamentos,24105.0,13356402.0
2023,Outubro,Cabo Delgado,Mecufi,Levantamentos,28356.0,16319382.6
2023,Novembro,Cabo Delgado,Mecufi,Levantamentos,38267.0,23657456.0
2023,Dezembro,Cabo Delgado,Mecufi,Levantamentos,33775.0,20450544.0
2023,Janeiro,Cabo Delgado,Meluco,Levantamentos,6264.0,6072550.0
2023,Fevereiro,Cabo Delgado,Meluco,Levantamentos,3533.0,3476848.0
2023,Março,Cabo Delgado,Meluco,Levantamentos,6127.0,5436798.0
2023,Abril,Cabo Delgado,Meluco,Levantamentos,7405.0,6521120.0
2023,Maio,Cabo Delgado,Meluco,Levantamentos,8246.0,7752253.0
2023,Junho,Cabo Delgado,Meluco,Levantamentos,8663.0,9358768.0
2023,Julho,Cabo Delgado,Meluco,Levantamentos,10129.0,11498666.0
2023,Agosto,Cabo Delgado,Meluco,Levantamentos,11703.0,13785011.0
2023,Setembro,Cabo Delgado,Meluco,Levantamentos,11342.0,12028884.0
2023,Outubro,Cabo Delgado,Meluco,Levantamentos,15631.0,16262741.0
2023,Novembro,Cabo Delgado,Meluco,Levantamentos,20625.0,20357144.0
2023,Dezembro,Cabo Delgado,Meluco,Levantamentos,16573.0,18080368.0
2023,Janeiro,Cabo Delgado,Mocimboa da Praia,Levantamentos,42593.0,45273194.0
2023,Fevereiro,Cabo Delgado,Mocimboa da Praia,Levantamentos,39787.0,46631666.2
2023,Março,Cabo Delgado,Mocimboa da Praia,Levantamentos,50205.0,54799862.0
2023,Abril,Cabo Delgado,Mocimboa da Praia,Levantamentos,54124.0,55404893.3
2023,Maio,Cabo Delgado,Mocimboa da Praia,Levantamentos,58501.0,59472259.0
2023,Junho,Cabo Delgado,Mocimboa da Praia,Levantamentos,60876.0,60601544.0
2023,Julho,Cabo Delgado,Mocimboa da Praia,Levantamentos,67369.0,71115632.0
2023,Agosto,Cabo Delgado,Mocimboa da Praia,Levantamentos,72335.0,84196151.0
2023,Setembro,Cabo Delgado,Mocimboa da Praia,Levantamentos,74566.0,78276280.0
2023,Outubro,Cabo Delgado,Mocimboa da Praia,Levantamentos,79078.0,81489929.5
2023,Novembro,Cabo Delgado,Mocimboa da Praia,Levantamentos,75570.0,86735533.1
2023,Dezembro,Cabo Delgado,Mocimboa da Praia,Levantamentos,84392.0,103361376.07
2023,Janeiro,Cabo Delgado,Montepuez,Levantamentos,183516.0,185303261.3
2023,Fevereiro,Cabo Delgado,Montepuez,Levantamentos,178503.0,177245550.53
2023,Março,Cabo Delgado,Montepuez,Levantamentos,204809.0,201551699.0
2023,Abril,Cabo Delgado,Montepuez,Levantamentos,205959.0,180000779.89999998
2023,Maio,Cabo Delgado,Montepuez,Levantamentos,225628.0,193021481.5
2023,Junho,Cabo Delgado,Montepuez,Levantamentos,233650.0,202070009.17
2023,Julho,Cabo Delgado,Montepuez,Levantamentos,264863.0,231900005.17
2023,Agosto,Cabo Delgado,Montepuez,Levantamentos,277954.0,238940437.67
2023,Setembro,Cabo Delgado,Montepuez,Levantamentos,279864.0,232278080.8
2023,Outubro,Cabo Delgado,Montepuez,Levantamentos,313238.0,253595780.33
2023,Novembro,Cabo Delgado,Montepuez,Levantamentos,402769.0,319706698.48
2023,Dezembro,Cabo Delgado,Montepuez,Levantamentos,366538.0,330992645.5
2023,Janeiro,Cabo Delgado,Mueda,Levantamentos,83600.0,123317339.0
2023,Fevereiro,Cabo Delgado,Mueda,Levantamentos,83858.0,122933369.0
2023,Março,Cabo Delgado,Mueda,Levantamentos,97366.0,142325904.0
2023,Abril,Cabo Delgado,Mueda,Levantamentos,92222.0,112395977.0
2023,Maio,Cabo Delgado,Mueda,Levantamentos,102123.0,127695774.9
2023,Junho,Cabo Delgado,Mueda,Levantamentos,109099.0,134723968.0
2023,Julho,Cabo Delgado,Mueda,Levantamentos,122618.0,147916346.2
2023,Agosto,Cabo Delgado,Mueda,Levantamentos,121567.0,143444893.0
2023,Setembro,Cabo Delgado,Mueda,Levantamentos,130703.0,144277571.2
2023,Outubro,Cabo Delgado,Mueda,Levantamentos,144868.0,149568185.23
2023,Novembro,Cabo Delgado,Mueda,Levantamentos,174755.0,176923389.0
2023,Dezembro,Cabo Delgado,Mueda,Levantamentos,165210.0,201363768.81
2023,Janeiro,Cabo Delgado,Muidumbe,Levantamentos,4612.0,4961506.0
2023,Fevereiro,Cabo Delgado,Muidumbe,Levantamentos,5960.0,6017289.0
2023,Março,Cabo Delgado,Muidumbe,Levantamentos,7199.0,6633367.0
2023,Abril,Cabo Delgado,Muidumbe,Levantamentos,8363.0,6501017.0
2023,Maio,Cabo Delgado,Muidumbe,Levantamentos,9235.0,8023427.0
2023,Junho,Cabo Delgado,Muidumbe,Levantamentos,10134.0,9523176.0
2023,Julho,Cabo Delgado,Muidumbe,Levantamentos,11574.0,11109776.0
2023,Agosto,Cabo Delgado,Muidumbe,Levantamentos,12449.0,10932975.0
2023,Setembro,Cabo Delgado,Muidumbe,Levantamentos,13776.0,12178424.0
2023,Outubro,Cabo Delgado,Muidumbe,Levantamentos,15759.0,13486661.5
2023,Novembro,Cabo Delgado,Muidumbe,Levantamentos,20359.0,16734894.81
2023,Dezembro,Cabo Delgado,Muidumbe,Levantamentos,21015.0,21369512.0
2023,Janeiro,Cabo Delgado,Namuno,Levantamentos,17516.0,19938127.0
2023,Fevereiro,Cabo Delgado,Namuno,Levantamentos,20120.0,23403337.0
2023,Março,Cabo Delgado,Namuno,Levantamentos,24086.0,26129890.0
2023,Abril,Cabo Delgado,Namuno,Levantamentos,24474.0,26728569.0
2023,Maio,Cabo Delgado,Namuno,Levantamentos,26537.0,33187303.0
2023,Junho,Cabo Delgado,Namuno,Levantamentos,26801.0,32477039.0
2023,Julho,Cabo Delgado,Namuno,Levantamentos,32408.0,35135348.5
2023,Agosto,Cabo Delgado,Namuno,Levantamentos,36464.0,40356550.86
2023,Setembro,Cabo Delgado,Namuno,Levantamentos,36934.0,35857035.72
2023,Outubro,Cabo Delgado,Namuno,Levantamentos,45888.0,44101603.0
2023,Novembro,Cabo Delgado,Namuno,Levantamentos,64397.0,63063316.0
2023,Dezembro,Cabo Delgado,Namuno,Levantamentos,53962.0,53394376.0
2023,Janeiro,Cabo Delgado,Nangade,Levantamentos,12498.0,15898238.0
2023,Fevereiro,Cabo Delgado,Nangade,Levantamentos,13014.0,16902952.0
2023,Março,Cabo Delgado,Nangade,Levantamentos,15999.0,19121148.0
2023,Abril,Cabo Delgado,Nangade,Levantamentos,16682.0,17174132.0
2023,Maio,Cabo Delgado,Nangade,Levantamentos,17437.0,18758281.0
2023,Junho,Cabo Delgado,Nangade,Levantamentos,17106.0,22709379.0
2023,Julho,Cabo Delgado,Nangade,Levantamentos,21791.0,25225863.0
2023,Agosto,Cabo Delgado,Nangade,Levantamentos,24126.0,22818980.0
2023,Setembro,Cabo Delgado,Nangade,Levantamentos,27555.0,25849876.0
2023,Outubro,Cabo Delgado,Nangade,Levantamentos,29235.0,28107894.0
2023,Novembro,Cabo Delgado,Nangade,Levantamentos,32115.0,32968910.0
2023,Dezembro,Cabo Delgado,Nangade,Levantamentos,33423.0,37317778.0
2023,Janeiro,Cabo Delgado,Palma,Levantamentos,35239.0,43217704.0
2023,Fevereiro,Cabo Delgado,Palma,Levantamentos,35169.0,42964752.0
2023,Março,Cabo Delgado,Palma,Levantamentos,45134.0,61225968.47
2023,Abril,Cabo Delgado,Palma,Levantamentos,45282.0,57664077.0
2023,Maio,Cabo Delgado,Palma,Levantamentos,51303.0,64072242.0
2023,Junho,Cabo Delgado,Palma,Levantamentos,54062.0,66156644.1
2023,Julho,Cabo Delgado,Palma,Levantamentos,59647.0,73986488.0
2023,Agosto,Cabo Delgado,Palma,Levantamentos,59040.0,73604433.80000001
2023,Setembro,Cabo Delgado,Palma,Levantamentos,55164.0,66970967.0
2023,Outubro,Cabo Delgado,Palma,Levantamentos,61096.0,73408873.51
2023,Novembro,Cabo Delgado,Palma,Levantamentos,63447.0,73011686.30000001
2023,Dezembro,Cabo Delgado,Palma,Levantamentos,72709.0,91177798.1
2023,Janeiro,Cabo Delgado,Pemba-Metuge,Levantamentos,8110.0,4855187.0
2023,Fevereiro,Cabo Delgado,Pemba-Metuge,Levantamentos,10310.0,6034606.0
2023,Março,Cabo Delgado,Pemba-Metuge,Levantamentos,14368.0,7721173.0
2023,Abril,Cabo Delgado,Pemba-Metuge,Levantamentos,17153.0,9455196.0
2023,Maio,Cabo Delgado,Pemba-Metuge,Levantamentos,22682.0,12881124.0
2023,Junho,Cabo Delgado,Pemba-Metuge,Levantamentos,27297.0,16637286.0
2023,Julho,Cabo Delgado,Pemba-Metuge,Levantamentos,35637.0,21890673.0
2023,Agosto,Cabo Delgado,Pemba-Metuge,Levantamentos,42792.0,25877993.0
2023,Setembro,Cabo Delgado,Pemba-Metuge,Levantamentos,50018.0,28451289.0
2023,Outubro,Cabo Delgado,Pemba-Metuge,Levantamentos,59449.0,35042817.0
2023,Novembro,Cabo Delgado,Pemba-Metuge,Levantamentos,85184.0,50665205.0
2023,Dezembro,Cabo Delgado,Pemba-Metuge,Levantamentos,79035.0,49537735.0
2023,Janeiro,Cabo Delgado,Quissanga,Levantamentos,906.0,1474460.0
2023,Fevereiro,Cabo Delgado,Quissanga,Levantamentos,1213.0,1674036.0
2023,Março,Cabo Delgado,Quissanga,Levantamentos,1876.0,2407514.0
2023,Abril,Cabo Delgado,Quissanga,Levantamentos,1664.0,2013601.0
2023,Maio,Cabo Delgado,Quissanga,Levantamentos,2179.0,2340246.0
2023,Junho,Cabo Delgado,Quissanga,Levantamentos,3230.0,3075922.0
2023,Julho,Cabo Delgado,Quissanga,Levantamentos,6681.0,7330350.0
2023,Agosto,Cabo Delgado,Quissanga,Levantamentos,11858.0,14991045.0
2023,Setembro,Cabo Delgado,Quissanga,Levantamentos,13545.0,14421980.0
2023,Outubro,Cabo Delgado,Quissanga,Levantamentos,15514.0,16841046.5
2023,Novembro,Cabo Delgado,Quissanga,Levantamentos,21263.0,23865936.0
2023,Dezembro,Cabo Delgado,Quissanga,Levantamentos,18976.0,20916572.0
2023,Janeiro,Niassa,Cidade de Lichinga,Levantamentos,315627.0,283527824.5
2023,Fevereiro,Niassa,Cidade de Lichinga,Levantamentos,315441.0,272369035.82
2023,Março,Niassa,Cidade de Lichinga,Levantamentos,350614.0,284718203.91999996
2023,Abril,Niassa,Cidade de Lichinga,Levantamentos,374277.0,286496774.02
2023,Maio,Niassa,Cidade de Lichinga,Levantamentos,404075.0,319387845.19
2023,Junho,Niassa,Cidade de Lichinga,Levantamentos,401303.0,346377162.2
2023,Julho,Niassa,Cidade de Lichinga,Levantamentos,451251.0,403747609.1
2023,Agosto,Niassa,Cidade de Lichinga,Levantamentos,494747.0,432441380.9
2023,Setembro,Niassa,Cidade de Lichinga,Levantamentos,515061.0,410685701.4
2023,Outubro,Niassa,Cidade de Lichinga,Levantamentos,563667.0,432618246.37
2023,Novembro,Niassa,Cidade de Lichinga,Levantamentos,711979.0,529655802.0
2023,Dezembro,Niassa,Cidade de Lichinga,Levantamentos,605957.0,492119316.75
2023,Janeiro,Niassa,Cuamba,Levantamentos,151489.0,111840627.0
2023,Fevereiro,Niassa,Cuamba,Levantamentos,148494.0,111269486.2
2023,Março,Niassa,Cuamba,Levantamentos,158507.0,109347139.7
2023,Abril,Niassa,Cuamba,Levantamentos,169740.0,120390363.1
2023,Maio,Niassa,Cuamba,Levantamentos,177369.0,135382650.4
2023,Junho,Niassa,Cuamba,Levantamentos,179255.0,129266726.3
2023,Julho,Niassa,Cuamba,Levantamentos,195255.0,145885713.85
2023,Agosto,Niassa,Cuamba,Levantamentos,224957.0,220173528.58
2023,Setembro,Niassa,Cuamba,Levantamentos,232303.0,217821202.58
2023,Outubro,Niassa,Cuamba,Levantamentos,227724.0,152891427.05
2023,Novembro,Niassa,Cuamba,Levantamentos,286130.0,195630377.36
2023,Dezembro,Niassa,Cuamba,Levantamentos,251695.0,184690239.9
2023,Janeiro,Niassa,Lago,Levantamentos,26036.0,24450599.5
2023,Fevereiro,Niassa,Lago,Levantamentos,25702.0,22751759.25
2023,Março,Niassa,Lago,Levantamentos,29841.0,23833798.0
2023,Abril,Niassa,Lago,Levantamentos,32218.0,24758306.0
2023,Maio,Niassa,Lago,Levantamentos,35026.0,27580784.0
2023,Junho,Niassa,Lago,Levantamentos,37358.0,29380339.0
2023,Julho,Niassa,Lago,Levantamentos,45241.0,35822930.0
2023,Agosto,Niassa,Lago,Levantamentos,49167.0,37860025.0
2023,Setembro,Niassa,Lago,Levantamentos,52575.0,45265100.0
2023,Outubro,Niassa,Lago,Levantamentos,61143.0,56520031.0
2023,Novembro,Niassa,Lago,Levantamentos,76551.0,61677854.0
2023,Dezembro,Niassa,Lago,Levantamentos,64893.0,54473016.5
2023,Janeiro,Niassa,Manjune,Levantamentos,8139.0,5762955.0
2023,Fevereiro,Niassa,Manjune,Levantamentos,9793.0,6423710.0
2023,Março,Niassa,Manjune,Levantamentos,11644.0,7016923.0
2023,Abril,Niassa,Manjune,Levantamentos,12662.0,7753136.0
2023,Maio,Niassa,Manjune,Levantamentos,14062.0,10608801.0
2023,Junho,Niassa,Manjune,Levantamentos,13152.0,8499647.0
2023,Julho,Niassa,Manjune,Levantamentos,16019.0,11260259.0
2023,Agosto,Niassa,Manjune,Levantamentos,17061.0,12115326.0
2023,Setembro,Niassa,Manjune,Levantamentos,17686.0,11432000.0
2023,Outubro,Niassa,Manjune,Levantamentos,20636.0,11904727.0
2023,Novembro,Niassa,Manjune,Levantamentos,24032.0,14365027.0
2023,Dezembro,Niassa,Manjune,Levantamentos,21088.0,15146995.0
2023,Janeiro,Niassa,Mandimba,Levantamentos,48430.0,39872694.0
2023,Fevereiro,Niassa,Mandimba,Levantamentos,47706.0,38932782.0
2023,Março,Niassa,Mandimba,Levantamentos,53120.0,33860468.0
2023,Abril,Niassa,Mandimba,Levantamentos,54131.0,36756259.0
2023,Maio,Niassa,Mandimba,Levantamentos,54498.0,42349331.0
2023,Junho,Niassa,Mandimba,Levantamentos,61703.0,49488631.0
2023,Julho,Niassa,Mandimba,Levantamentos,69969.0,59234958.0
2023,Agosto,Niassa,Mandimba,Levantamentos,80185.0,72927354.0
2023,Setembro,Niassa,Mandimba,Levantamentos,85829.0,77049022.0
2023,Outubro,Niassa,Mandimba,Levantamentos,94497.0,88419345.21000001
2023,Novembro,Niassa,Mandimba,Levantamentos,120002.0,102516896.76
2023,Dezembro,Niassa,Mandimba,Levantamentos,101916.0,93566127.0
2023,Janeiro,Niassa,Marrupa,Levantamentos,22713.0,21529356.0
2023,Fevereiro,Niassa,Marrupa,Levantamentos,24815.0,24046653.0
2023,Março,Niassa,Marrupa,Levantamentos,27533.0,26147155.0
2023,Abril,Niassa,Marrupa,Levantamentos,29186.0,23321311.0
2023,Maio,Niassa,Marrupa,Levantamentos,30377.0,24749520.0
2023,Junho,Niassa,Marrupa,Levantamentos,31614.0,31791546.0
2023,Julho,Niassa,Marrupa,Levantamentos,40994.0,47095093.0
2023,Agosto,Niassa,Marrupa,Levantamentos,40664.0,36783670.0
2023,Setembro,Niassa,Marrupa,Levantamentos,39319.0,35310927.0
2023,Outubro,Niassa,Marrupa,Levantamentos,45729.0,41700683.5
2023,Novembro,Niassa,Marrupa,Levantamentos,56549.0,49126123.5
2023,Dezembro,Niassa,Marrupa,Levantamentos,46750.0,43548572.0
2023,Janeiro,Niassa,Maúa,Levantamentos,11394.0,8049838.0
2023,Fevereiro,Niassa,Maúa,Levantamentos,11945.0,8414174.0
2023,Março,Niassa,Maúa,Levantamentos,11449.0,7555141.0
2023,Abril,Niassa,Maúa,Levantamentos,12776.0,7616076.0
2023,Maio,Niassa,Maúa,Levantamentos,12967.0,9393058.0
2023,Junho,Niassa,Maúa,Levantamentos,13704.0,10772240.0
2023,Julho,Niassa,Maúa,Levantamentos,14353.0,12903822.0
2023,Agosto,Niassa,Maúa,Levantamentos,15019.0,16668376.0
2023,Setembro,Niassa,Maúa,Levantamentos,15392.0,10724816.0
2023,Outubro,Niassa,Maúa,Levantamentos,18399.0,10830144.48
2023,Novembro,Niassa,Maúa,Levantamentos,23894.0,14813159.0
2023,Dezembro,Niassa,Maúa,Levantamentos,20461.0,13339408.0
2023,Janeiro,Niassa,Mavago,Levantamentos,6002.0,4654825.0
2023,Fevereiro,Niassa,Mavago,Levantamentos,6677.0,4603636.0
2023,Março,Niassa,Mavago,Levantamentos,7731.0,5565865.0
2023,Abril,Niassa,Mavago,Levantamentos,8473.0,5537448.0
2023,Maio,Niassa,Mavago,Levantamentos,8725.0,5485141.0
2023,Junho,Niassa,Mavago,Levantamentos,8968.0,9630866.0
2023,Julho,Niassa,Mavago,Levantamentos,11382.0,9001492.0
2023,Agosto,Niassa,Mavago,Levantamentos,12483.0,9653875.0
2023,Setembro,Niassa,Mavago,Levantamentos,13610.0,9687268.0
2023,Outubro,Niassa,Mavago,Levantamentos,14330.0,8276072.0
2023,Novembro,Niassa,Mavago,Levantamentos,16524.0,12028479.0
2023,Dezembro,Niassa,Mavago,Levantamentos,12687.0,10221060.0
2023,Janeiro,Niassa,Mecanhelas,Levantamentos,28811.0,24170348.0
2023,Fevereiro,Niassa,Mecanhelas,Levantamentos,32353.0,25066444.78
2023,Março,Niassa,Mecanhelas,Levantamentos,33933.0,24684454.8
2023,Abril,Niassa,Mecanhelas,Levantamentos,35900.0,24154123.8
2023,Maio,Niassa,Mecanhelas,Levantamentos,37604.0,25873674.8
2023,Junho,Niassa,Mecanhelas,Levantamentos,44082.0,32818598.8
2023,Julho,Niassa,Mecanhelas,Levantamentos,47695.0,34824832.0
2023,Agosto,Niassa,Mecanhelas,Levantamentos,50947.0,38621310.0
2023,Setembro,Niassa,Mecanhelas,Levantamentos,55083.0,37294573.0
2023,Outubro,Niassa,Mecanhelas,Levantamentos,60946.0,38344879.0
2023,Novembro,Niassa,Mecanhelas,Levantamentos,80844.0,52422052.0
2023,Dezembro,Niassa,Mecanhelas,Levantamentos,65672.0,47710458.0
2023,Janeiro,Niassa,Mecula,Levantamentos,4105.0,3025618.0
2023,Fevereiro,Niassa,Mecula,Levantamentos,5032.0,4087976.0
2023,Março,Niassa,Mecula,Levantamentos,5485.0,3809886.0
2023,Abril,Niassa,Mecula,Levantamentos,5737.0,3660726.0
2023,Maio,Niassa,Mecula,Levantamentos,6537.0,5087365.0
2023,Junho,Niassa,Mecula,Levantamentos,6813.0,4556367.0
2023,Julho,Niassa,Mecula,Levantamentos,8166.0,5357006.0
2023,Agosto,Niassa,Mecula,Levantamentos,8617.0,5831749.0
2023,Setembro,Niassa,Mecula,Levantamentos,9594.0,6389221.0
2023,Outubro,Niassa,Mecula,Levantamentos,9535.0,6842289.0
2023,Novembro,Niassa,Mecula,Levantamentos,11867.0,8492650.0
2023,Dezembro,Niassa,Mecula,Levantamentos,10228.0,8246755.0
2023,Janeiro,Niassa,Metarica,Levantamentos,9389.0,7049515.0
2023,Fevereiro,Niassa,Metarica,Levantamentos,10542.0,7105376.0
2023,Março,Niassa,Metarica,Levantamentos,11185.0,7016477.0
2023,Abril,Niassa,Metarica,Levantamentos,12335.0,7421998.0
2023,Maio,Niassa,Metarica,Levantamentos,12750.0,9543613.0
2023,Junho,Niassa,Metarica,Levantamentos,11953.0,8582876.0
2023,Julho,Niassa,Metarica,Levantamentos,15078.0,12669788.0
2023,Agosto,Niassa,Metarica,Levantamentos,15940.0,16686450.0
2023,Setembro,Niassa,Metarica,Levantamentos,16079.0,10476955.0
2023,Outubro,Niassa,Metarica,Levantamentos,18175.0,11568009.0
2023,Novembro,Niassa,Metarica,Levantamentos,22652.0,12863344.0
2023,Dezembro,Niassa,Metarica,Levantamentos,20129.0,14031588.0
2023,Janeiro,Niassa,Muembe,Levantamentos,5512.0,4152513.0
2023,Fevereiro,Niassa,Muembe,Levantamentos,6176.0,4743593.0
2023,Março,Niassa,Muembe,Levantamentos,7923.0,5129014.0
2023,Abril,Niassa,Muembe,Levantamentos,8480.0,5064530.0
2023,Maio,Niassa,Muembe,Levantamentos,8357.0,5180142.0
2023,Junho,Niassa,Muembe,Levantamentos,9064.0,7568285.0
2023,Julho,Niassa,Muembe,Levantamentos,10508.0,9137622.0
2023,Agosto,Niassa,Muembe,Levantamentos,11981.0,9696823.0
2023,Setembro,Niassa,Muembe,Levantamentos,11980.0,6936216.0
2023,Outubro,Niassa,Muembe,Levantamentos,15263.0,8299919.0
2023,Novembro,Niassa,Muembe,Levantamentos,21505.0,13168049.0
2023,Dezembro,Niassa,Muembe,Levantamentos,18669.0,14950911.0
2023,Janeiro,Niassa,N´gauma,Levantamentos,4975.0,3145707.0
2023,Fevereiro,Niassa,N´gauma,Levantamentos,5884.0,3359381.0
2023,Março,Niassa,N´gauma,Levantamentos,6957.0,3948947.0
2023,Abril,Niassa,N´gauma,Levantamentos,7084.0,3765472.0
2023,Maio,Niassa,N´gauma,Levantamentos,8016.0,5857466.0
2023,Junho,Niassa,N´gauma,Levantamentos,8792.0,5725224.0
2023,Julho,Niassa,N´gauma,Levantamentos,10663.0,7372138.0
2023,Agosto,Niassa,N´gauma,Levantamentos,11975.0,8398496.0
2023,Setembro,Niassa,N´gauma,Levantamentos,12509.0,8842413.0
2023,Outubro,Niassa,N´gauma,Levantamentos,13618.0,9430804.0
2023,Novembro,Niassa,N´gauma,Levantamentos,16818.0,12413273.0
2023,Dezembro,Niassa,N´gauma,Levantamentos,13934.0,11568588.0
2023,Janeiro,Niassa,Nipepe,Levantamentos,5030.0,3759184.0
2023,Fevereiro,Niassa,Nipepe,Levantamentos,5212.0,3501975.0
2023,Março,Niassa,Nipepe,Levantamentos,5492.0,3481116.0
2023,Abril,Niassa,Nipepe,Levantamentos,6344.0,3906025.0
2023,Maio,Niassa,Nipepe,Levantamentos,8132.0,6738359.0
2023,Junho,Niassa,Nipepe,Levantamentos,9127.0,9067156.0
2023,Julho,Niassa,Nipepe,Levantamentos,10134.0,13718872.0
2023,Agosto,Niassa,Nipepe,Levantamentos,11608.0,14287297.0
2023,Setembro,Niassa,Nipepe,Levantamentos,10228.0,11628955.0
2023,Outubro,Niassa,Nipepe,Levantamentos,12141.0,10463976.0
2023,Novembro,Niassa,Nipepe,Levantamentos,14976.0,11260402.0
2023,Dezembro,Niassa,Nipepe,Levantamentos,12463.0,9129052.0
2023,Janeiro,Niassa,Sanga,Levantamentos,10067.0,7987885.8
2023,Fevereiro,Niassa,Sanga,Levantamentos,10848.0,8883735.0
2023,Março,Niassa,Sanga,Levantamentos,12484.0,8040573.0
2023,Abril,Niassa,Sanga,Levantamentos,14375.0,8529928.0
2023,Maio,Niassa,Sanga,Levantamentos,13273.0,9768489.0
2023,Junho,Niassa,Sanga,Levantamentos,14997.0,12339841.0
2023,Julho,Niassa,Sanga,Levantamentos,16567.0,13021662.5
2023,Agosto,Niassa,Sanga,Levantamentos,16849.0,13504980.0
2023,Setembro,Niassa,Sanga,Levantamentos,18130.0,13058230.0
2023,Outubro,Niassa,Sanga,Levantamentos,20993.0,14874162.0
2023,Novembro,Niassa,Sanga,Levantamentos,28877.0,19445927.0
2023,Dezembro,Niassa,Sanga,Levantamentos,25391.0,19926274.0
2023,Janeiro,Niassa,Chimbunhila,Levantamentos,2180.0,1768531.0
2023,Fevereiro,Niassa,Chimbunhila,Levantamentos,3071.0,2161303.0
2023,Março,Niassa,Chimbunhila,Levantamentos,3924.0,2843900.0
2023,Abril,Niassa,Chimbunhila,Levantamentos,5764.0,3598798.0
2023,Maio,Niassa,Chimbunhila,Levantamentos,6331.0,4379390.0
2023,Junho,Niassa,Chimbunhila,Levantamentos,6478.0,5846839.0
2023,Julho,Niassa,Chimbunhila,Levantamentos,7658.0,6398320.0
2023,Agosto,Niassa,Chimbunhila,Levantamentos,9073.0,6937516.0
2023,Setembro,Niassa,Chimbunhila,Levantamentos,10314.0,7531042.0
2023,Outubro,Niassa,Chimbunhila,Levantamentos,12018.0,8651284.0
2023,Novembro,Niassa,Chimbunhila,Levantamentos,15591.0,11337385.0
2023,Dezembro,Niassa,Chimbunhila,Levantamentos,14244.0,9849846.0
2023,Janeiro,Província de Maputo,Cidade de Maputo,Transferências,5123979.0,5789849176.58
2023,Fevereiro,Província de Maputo,Cidade de Maputo,Transferências,4243226.0,4704407107.0
2023,Março,Província de Maputo,Cidade de Maputo,Transferências,4835408.0,5185215773.65
2023,Abril,Província de Maputo,Cidade de Maputo,Transferências,4385092.0,4783871678.46
2023,Maio,Província de Maputo,Cidade de Maputo,Transferências,5604184.0,5643694532.169999
2023,Junho,Província de Maputo,Cidade de Maputo,Transferências,6000440.0,5946599546.8
2023,Julho,Província de Maputo,Cidade de Maputo,Transferências,6698004.0,6622329098.74
2023,Agosto,Província de Maputo,Cidade de Maputo,Transferências,7173466.0,7065053035.47
2023,Setembro,Província de Maputo,Cidade de Maputo,Transferências,7640891.0,7465785918.860001
2023,Outubro,Província de Maputo,Cidade de Maputo,Transferências,7491480.0,7190509580.190001
2023,Novembro,Província de Maputo,Cidade de Maputo,Transferências,9835582.0,10137575729.91
2023,Dezembro,Província de Maputo,Cidade de Maputo,Transferências,8754595.0,9527367655.57
2023,Janeiro,Província de Maputo,Cidade da Matola,Transferências,4605681.0,4708111440.7
2023,Fevereiro,Província de Maputo,Cidade da Matola,Transferências,3663393.0,3537050723.17
2023,Março,Província de Maputo,Cidade da Matola,Transferências,4191718.0,3996826598.38
2023,Abril,Província de Maputo,Cidade da Matola,Transferências,3843313.0,3822286437.03
2023,Maio,Província de Maputo,Cidade da Matola,Transferências,4959500.0,4429757871.65
2023,Junho,Província de Maputo,Cidade da Matola,Transferências,5268783.0,4644985702.23
2023,Julho,Província de Maputo,Cidade da Matola,Transferências,5866545.0,5207311480.030001
2023,Agosto,Província de Maputo,Cidade da Matola,Transferências,6051430.0,5377419960.91
2023,Setembro,Província de Maputo,Cidade da Matola,Transferências,6479629.0,5737108568.27
2023,Outubro,Província de Maputo,Cidade da Matola,Transferências,6550606.0,5744024719.460001
2023,Novembro,Província de Maputo,Cidade da Matola,Transferências,8055261.0,7486067306.98
2023,Dezembro,Província de Maputo,Cidade da Matola,Transferências,7820586.0,7707364604.81
2023,Janeiro,Província de Maputo,Boane,Transferências,1046338.0,1010372066.89
2023,Fevereiro,Província de Maputo,Boane,Transferências,792184.0,710372537.68
2023,Março,Província de Maputo,Boane,Transferências,908645.0,806519726.7
2023,Abril,Província de Maputo,Boane,Transferências,874853.0,792754458.53
2023,Maio,Província de Maputo,Boane,Transferências,1116902.0,913475367.29
2023,Junho,Província de Maputo,Boane,Transferências,1157825.0,948588365.67
2023,Julho,Província de Maputo,Boane,Transferências,1256113.0,1045650799.92
2023,Agosto,Província de Maputo,Boane,Transferências,1297297.0,1080529690.3
2023,Setembro,Província de Maputo,Boane,Transferências,1362584.0,1135469569.3
2023,Outubro,Província de Maputo,Boane,Transferências,1378065.0,1129417994.29
2023,Novembro,Província de Maputo,Boane,Transferências,1663060.0,1437923633.54
2023,Dezembro,Província de Maputo,Boane,Transferências,1782866.0,1646902406.04
2023,Janeiro,Província de Maputo,Magude,Transferências,68149.0,72228500.68
2023,Fevereiro,Província de Maputo,Magude,Transferências,51072.0,45105160.89
2023,Março,Província de Maputo,Magude,Transferências,62561.0,54176422.24
2023,Abril,Província de Maputo,Magude,Transferências,56513.0,51032260.32
2023,Maio,Província de Maputo,Magude,Transferências,78405.0,63315214.6
2023,Junho,Província de Maputo,Magude,Transferências,89757.0,77740959.89
2023,Julho,Província de Maputo,Magude,Transferências,99708.0,84996691.85
2023,Agosto,Província de Maputo,Magude,Transferências,99244.0,83889944.08
2023,Setembro,Província de Maputo,Magude,Transferências,105143.0,86724577.08
2023,Outubro,Província de Maputo,Magude,Transferências,114811.0,90684907.84
2023,Novembro,Província de Maputo,Magude,Transferências,139099.0,119537729.13
2023,Dezembro,Província de Maputo,Magude,Transferências,121693.0,119629127.65
2023,Janeiro,Província de Maputo,Manhiça,Transferências,351860.0,328230957.59
2023,Fevereiro,Província de Maputo,Manhiça,Transferências,268426.0,220566558.41
2023,Março,Província de Maputo,Manhiça,Transferências,306540.0,239800044.03
2023,Abril,Província de Maputo,Manhiça,Transferências,277284.0,216322810.33
2023,Maio,Província de Maputo,Manhiça,Transferências,383849.0,270249265.12
2023,Junho,Província de Maputo,Manhiça,Transferências,364862.0,271874617.97
2023,Julho,Província de Maputo,Manhiça,Transferências,408098.0,314759227.83000004
2023,Agosto,Província de Maputo,Manhiça,Transferências,417104.0,320801554.58000004
2023,Setembro,Província de Maputo,Manhiça,Transferências,433623.0,333695856.58000004
2023,Outubro,Província de Maputo,Manhiça,Transferências,443904.0,329400032.28
2023,Novembro,Província de Maputo,Manhiça,Transferências,527628.0,413526335.44
2023,Dezembro,Província de Maputo,Manhiça,Transferências,511489.0,407089350.69
2023,Janeiro,Província de Maputo,Marracuene,Transferências,822602.0,834462697.44
2023,Fevereiro,Província de Maputo,Marracuene,Transferências,647124.0,623626185.72
2023,Março,Província de Maputo,Marracuene,Transferências,745812.0,713799105.47
2023,Abril,Província de Maputo,Marracuene,Transferências,822840.0,821999951.74
2023,Maio,Província de Maputo,Marracuene,Transferências,1071118.0,965343981.64
2023,Junho,Província de Maputo,Marracuene,Transferências,1134225.0,1003551742.96
2023,Julho,Província de Maputo,Marracuene,Transferências,1258813.0,1133982877.5
2023,Agosto,Província de Maputo,Marracuene,Transferências,1294322.0,1144689413.46
2023,Setembro,Província de Maputo,Marracuene,Transferências,1407909.0,1248939711.46
2023,Outubro,Província de Maputo,Marracuene,Transferências,1417971.0,1279059955.95
2023,Novembro,Província de Maputo,Marracuene,Transferências,1764372.0,1704295970.26
2023,Dezembro,Província de Maputo,Marracuene,Transferências,1290986.0,1284691093.1799998
2023,Janeiro,Província de Maputo,Matutuíne,Transferências,138209.0,121287192.12
2023,Fevereiro,Província de Maputo,Matutuíne,Transferências,111471.0,83888252.91
2023,Março,Província de Maputo,Matutuíne,Transferências,124797.0,91518512.14
2023,Abril,Província de Maputo,Matutuíne,Transferências,110790.0,84892050.23
2023,Maio,Província de Maputo,Matutuíne,Transferências,144761.0,99058115.84
2023,Junho,Província de Maputo,Matutuíne,Transferências,159790.0,110672633.48
2023,Julho,Província de Maputo,Matutuíne,Transferências,183705.0,129901708.05
2023,Agosto,Província de Maputo,Matutuíne,Transferências,192053.0,135552846.93
2023,Setembro,Província de Maputo,Matutuíne,Transferências,203425.0,141036675.93
2023,Outubro,Província de Maputo,Matutuíne,Transferências,208736.0,138540942.32
2023,Novembro,Província de Maputo,Matutuíne,Transferências,281217.0,216585405.47
2023,Dezembro,Província de Maputo,Matutuíne,Transferências,228281.0,184450115.45
2023,Janeiro,Província de Maputo,Namaacha,Transferências,96344.0,81516812.06
2023,Fevereiro,Província de Maputo,Namaacha,Transferências,69004.0,60955997.05
2023,Março,Província de Maputo,Namaacha,Transferências,83045.0,70367515.31
2023,Abril,Província de Maputo,Namaacha,Transferências,78872.0,67875081.31
2023,Maio,Província de Maputo,Namaacha,Transferências,104768.0,83001934.88
2023,Junho,Província de Maputo,Namaacha,Transferências,114847.0,90304127.45
2023,Julho,Província de Maputo,Namaacha,Transferências,116324.0,89956754.85
2023,Agosto,Província de Maputo,Namaacha,Transferências,120964.0,95609033.24
2023,Setembro,Província de Maputo,Namaacha,Transferências,127026.0,99626028.24
2023,Outubro,Província de Maputo,Namaacha,Transferências,123060.0,89538443.52
2023,Novembro,Província de Maputo,Namaacha,Transferências,154001.0,124545498.98
2023,Dezembro,Província de Maputo,Namaacha,Transferências,111274.0,91146269.63
2023,Janeiro,Província de Maputo,Moamba,Transferências,278074.0,307563768.44
2023,Fevereiro,Província de Maputo,Moamba,Transferências,233443.0,294617535.86
2023,Março,Província de Maputo,Moamba,Transferências,267157.0,326380992.09
2023,Abril,Província de Maputo,Moamba,Transferências,252052.0,325888206.02
2023,Maio,Província de Maputo,Moamba,Transferências,324538.0,383987912.8
2023,Junho,Província de Maputo,Moamba,Transferências,337783.0,390442286.41
2023,Julho,Província de Maputo,Moamba,Transferências,378965.0,429706439.72
2023,Agosto,Província de Maputo,Moamba,Transferências,384412.0,435686668.22
2023,Setembro,Província de Maputo,Moamba,Transferências,408392.0,446310953.22
2023,Outubro,Província de Maputo,Moamba,Transferências,405197.0,457143112.79
2023,Novembro,Província de Maputo,Moamba,Transferências,629650.0,762542981.44
2023,Dezembro,Província de Maputo,Moamba,Transferências,442450.0,539840394.29
2023,Janeiro,Gaza,Cidade de Xai-Xai,Transferências,428059.0,518721487.81
2023,Fevereiro,Gaza,Cidade de Xai-Xai,Transferências,360311.0,386475801.0
2023,Março,Gaza,Cidade de Xai-Xai,Transferências,419103.0,395038106.11
2023,Abril,Gaza,Cidade de Xai-Xai,Transferências,307983.0,318043395.76
2023,Maio,Gaza,Cidade de Xai-Xai,Transferências,413244.0,371230705.52
2023,Junho,Gaza,Cidade de Xai-Xai,Transferências,505965.0,455867649.15
2023,Julho,Gaza,Cidade de Xai-Xai,Transferências,595111.0,520080963.97
2023,Agosto,Gaza,Cidade de Xai-Xai,Transferências,637712.0,558597332.79
2023,Setembro,Gaza,Cidade de Xai-Xai,Transferências,685368.0,571890799.12
2023,Outubro,Gaza,Cidade de Xai-Xai,Transferências,722035.0,589466740.5
2023,Novembro,Gaza,Cidade de Xai-Xai,Transferências,926586.0,825109787.45
2023,Dezembro,Gaza,Cidade de Xai-Xai,Transferências,819497.0,782970134.22
2023,Janeiro,Gaza,Bilene-Macia,Transferências,265057.0,295231950.11
2023,Fevereiro,Gaza,Bilene-Macia,Transferências,199812.0,211549901.2
2023,Março,Gaza,Bilene-Macia,Transferências,226955.0,229821052.46
2023,Abril,Gaza,Bilene-Macia,Transferências,201160.0,220292817.88
2023,Maio,Gaza,Bilene-Macia,Transferências,262393.0,246145783.2
2023,Junho,Gaza,Bilene-Macia,Transferências,286751.0,264114929.48
2023,Julho,Gaza,Bilene-Macia,Transferências,321611.0,304553477.53999996
2023,Agosto,Gaza,Bilene-Macia,Transferências,341319.0,305201338.48
2023,Setembro,Gaza,Bilene-Macia,Transferências,357269.0,315046064.48
2023,Outubro,Gaza,Bilene-Macia,Transferências,369257.0,334857123.77
2023,Novembro,Gaza,Bilene-Macia,Transferências,453265.0,442058944.52
2023,Dezembro,Gaza,Bilene-Macia,Transferências,489700.0,519063588.58
2023,Janeiro,Gaza,Chibuto,Transferências,170130.0,191390231.11
2023,Fevereiro,Gaza,Chibuto,Transferências,122346.0,128094020.08
2023,Março,Gaza,Chibuto,Transferências,146476.0,148886829.3
2023,Abril,Gaza,Chibuto,Transferências,128659.0,138662323.65
2023,Maio,Gaza,Chibuto,Transferências,171860.0,157029582.32
2023,Junho,Gaza,Chibuto,Transferências,192863.0,180649383.6
2023,Julho,Gaza,Chibuto,Transferências,216544.0,197530816.11
2023,Agosto,Gaza,Chibuto,Transferências,238585.0,212910512.63
2023,Setembro,Gaza,Chibuto,Transferências,251107.0,214736228.63
2023,Outubro,Gaza,Chibuto,Transferências,270681.0,229336062.13
2023,Novembro,Gaza,Chibuto,Transferências,326143.0,288930796.41999996
2023,Dezembro,Gaza,Chibuto,Transferências,325169.0,312270152.98
2023,Janeiro,Gaza,Chicualacuala,Transferências,27751.0,23624969.0
2023,Fevereiro,Gaza,Chicualacuala,Transferências,29141.0,23178237.0
2023,Março,Gaza,Chicualacuala,Transferências,34969.0,25625055.0
2023,Abril,Gaza,Chicualacuala,Transferências,22121.0,16367410.0
2023,Maio,Gaza,Chicualacuala,Transferências,31892.0,22381080.0
2023,Junho,Gaza,Chicualacuala,Transferências,45159.0,32363453.5
2023,Julho,Gaza,Chicualacuala,Transferências,55448.0,39179716.0
2023,Agosto,Gaza,Chicualacuala,Transferências,56666.0,43142675.0
2023,Setembro,Gaza,Chicualacuala,Transferências,57169.0,35519345.0
2023,Outubro,Gaza,Chicualacuala,Transferências,62120.0,38252273.0
2023,Novembro,Gaza,Chicualacuala,Transferências,78783.0,58452146.0
2023,Dezembro,Gaza,Chicualacuala,Transferências,61996.0,50360914.0
2023,Janeiro,Gaza,Chigubo,Transferências,9294.0,10779462.4
2023,Fevereiro,Gaza,Chigubo,Transferências,9016.0,7905455.0
2023,Março,Gaza,Chigubo,Transferências,10766.0,8220430.2
2023,Abril,Gaza,Chigubo,Transferências,7881.0,6546951.1
2023,Maio,Gaza,Chigubo,Transferências,11457.0,10242824.0
2023,Junho,Gaza,Chigubo,Transferências,16569.0,13598548.0
2023,Julho,Gaza,Chigubo,Transferências,21714.0,17194796.0
2023,Agosto,Gaza,Chigubo,Transferências,22852.0,16712397.0
2023,Setembro,Gaza,Chigubo,Transferências,23478.0,16701998.0
2023,Outubro,Gaza,Chigubo,Transferências,26594.0,18949826.0
2023,Novembro,Gaza,Chigubo,Transferências,36059.0,27863424.0
2023,Dezembro,Gaza,Chigubo,Transferências,29728.0,27489000.08
2023,Janeiro,Gaza,Chókwè,Transferências,238094.0,280257497.64
2023,Fevereiro,Gaza,Chókwè,Transferências,192150.0,195385291.86
2023,Março,Gaza,Chókwè,Transferências,226259.0,220159876.39
2023,Abril,Gaza,Chókwè,Transferências,194669.0,198242002.2
2023,Maio,Gaza,Chókwè,Transferências,263742.0,230996920.55
2023,Junho,Gaza,Chókwè,Transferências,305624.0,272295868.93
2023,Julho,Gaza,Chókwè,Transferências,349659.0,316040708.72
2023,Agosto,Gaza,Chókwè,Transferências,373863.0,337392481.28
2023,Setembro,Gaza,Chókwè,Transferências,399227.0,343903942.28
2023,Outubro,Gaza,Chókwè,Transferências,420555.0,337696901.8
2023,Novembro,Gaza,Chókwè,Transferências,514466.0,446303678.58
2023,Dezembro,Gaza,Chókwè,Transferências,474096.0,449030326.73
2023,Janeiro,Gaza,Guijá,Transferências,53050.0,57238273.73
2023,Fevereiro,Gaza,Guijá,Transferências,41853.0,39441813.870000005
2023,Março,Gaza,Guijá,Transferências,49213.0,45503605.02
2023,Abril,Gaza,Guijá,Transferências,41841.0,41597541.21
2023,Maio,Gaza,Guijá,Transferências,60385.0,53965597.51
2023,Junho,Gaza,Guijá,Transferências,69647.0,55653928.0
2023,Julho,Gaza,Guijá,Transferências,78952.0,65902330.6
2023,Agosto,Gaza,Guijá,Transferências,81336.0,69844880.03999999
2023,Setembro,Gaza,Guijá,Transferências,85322.0,69989360.03999999
2023,Outubro,Gaza,Guijá,Transferências,94425.0,78189439.72999999
2023,Novembro,Gaza,Guijá,Transferências,113363.0,97297986.99
2023,Dezembro,Gaza,Guijá,Transferências,98293.0,91926795.54
2023,Janeiro,Gaza,Mabalane,Transferências,34556.0,32385116.0
2023,Fevereiro,Gaza,Mabalane,Transferências,33438.0,26167947.7
2023,Março,Gaza,Mabalane,Transferências,39448.0,29385388.1
2023,Abril,Gaza,Mabalane,Transferências,27061.0,21445868.5
2023,Maio,Gaza,Mabalane,Transferências,39713.0,29050781.52
2023,Junho,Gaza,Mabalane,Transferências,50723.0,38077578.0
2023,Julho,Gaza,Mabalane,Transferências,63249.0,42047445.0
2023,Agosto,Gaza,Mabalane,Transferências,71155.0,45891122.0
2023,Setembro,Gaza,Mabalane,Transferências,74561.0,45785415.0
2023,Outubro,Gaza,Mabalane,Transferências,83564.0,50337702.2
2023,Novembro,Gaza,Mabalane,Transferências,103504.0,66397993.4
2023,Dezembro,Gaza,Mabalane,Transferências,81724.0,58855709.34
2023,Janeiro,Gaza,Manjacaze,Transferências,129629.0,129968268.99
2023,Fevereiro,Gaza,Manjacaze,Transferências,93684.0,88239470.06
2023,Março,Gaza,Manjacaze,Transferências,111306.0,98407079.77
2023,Abril,Gaza,Manjacaze,Transferências,96111.0,87907532.12
2023,Maio,Gaza,Manjacaze,Transferências,114270.0,89694322.2
2023,Junho,Gaza,Manjacaze,Transferências,134046.0,106956415.13
2023,Julho,Gaza,Manjacaze,Transferências,154667.0,119173115.1
2023,Agosto,Gaza,Manjacaze,Transferências,164433.0,120491121.09
2023,Setembro,Gaza,Manjacaze,Transferências,171763.0,120899473.09
2023,Outubro,Gaza,Manjacaze,Transferências,188339.0,131995773.41
2023,Novembro,Gaza,Manjacaze,Transferências,236199.0,180732570.67
2023,Dezembro,Gaza,Manjacaze,Transferências,210877.0,182060255.01
2023,Janeiro,Gaza,Massangena,Transferências,14712.0,15218984.1
2023,Fevereiro,Gaza,Massangena,Transferências,14460.0,14504200.0
2023,Março,Gaza,Massangena,Transferências,16354.0,12528903.1
2023,Abril,Gaza,Massangena,Transferências,10487.0,8383729.1
2023,Maio,Gaza,Massangena,Transferências,13476.0,11317570.0
2023,Junho,Gaza,Massangena,Transferências,19234.0,15307511.0
2023,Julho,Gaza,Massangena,Transferências,26669.0,20756970.0
2023,Agosto,Gaza,Massangena,Transferências,27132.0,22474337.0
2023,Setembro,Gaza,Massangena,Transferências,27712.0,19788131.0
2023,Outubro,Gaza,Massangena,Transferências,32904.0,22423862.75
2023,Novembro,Gaza,Massangena,Transferências,43633.0,35279200.66
2023,Dezembro,Gaza,Massangena,Transferências,34458.0,31019566.27
2023,Janeiro,Gaza,Massingir,Transferências,27297.0,27874652.32
2023,Fevereiro,Gaza,Massingir,Transferências,30242.0,31514611.0
2023,Março,Gaza,Massingir,Transferências,33469.0,27960660.62
2023,Abril,Gaza,Massingir,Transferências,22172.0,19346342.62
2023,Maio,Gaza,Massingir,Transferências,29944.0,24197369.0
2023,Junho,Gaza,Massingir,Transferências,37265.0,27296476.0
2023,Julho,Gaza,Massingir,Transferências,50204.0,35376657.0
2023,Agosto,Gaza,Massingir,Transferências,57397.0,40983874.05
2023,Setembro,Gaza,Massingir,Transferências,64130.0,42377193.05
2023,Outubro,Gaza,Massingir,Transferências,73270.0,50552397.22
2023,Novembro,Gaza,Massingir,Transferências,97044.0,72740829.24
2023,Dezembro,Gaza,Massingir,Transferências,77453.0,63707392.0
2023,Janeiro,Gaza,Chonguene,Transferências,129093.0,128362614.46
2023,Fevereiro,Gaza,Chonguene,Transferências,100858.0,87455283.72999999
2023,Março,Gaza,Chonguene,Transferências,120092.0,98611972.5
2023,Abril,Gaza,Chonguene,Transferências,105573.0,94235032.3
2023,Maio,Gaza,Chonguene,Transferências,135249.0,105531516.29
2023,Junho,Gaza,Chonguene,Transferências,158551.0,127803451.0
2023,Julho,Gaza,Chonguene,Transferências,178829.0,144785945.01
2023,Agosto,Gaza,Chonguene,Transferências,194663.0,153470383.3
2023,Setembro,Gaza,Chonguene,Transferências,205098.0,155464379.3
2023,Outubro,Gaza,Chonguene,Transferências,226097.0,167566274.82999998
2023,Novembro,Gaza,Chonguene,Transferências,277867.0,228323904.57
2023,Dezembro,Gaza,Chonguene,Transferências,269905.0,246881652.69
2023,Janeiro,Gaza,Mapai,Transferências,26753.0,27206842.5
2023,Fevereiro,Gaza,Mapai,Transferências,26007.0,21127036.0
2023,Março,Gaza,Mapai,Transferências,33738.0,26129603.05
2023,Abril,Gaza,Mapai,Transferências,20544.0,17054071.05
2023,Maio,Gaza,Mapai,Transferências,31274.0,28229497.6
2023,Junho,Gaza,Mapai,Transferências,43655.0,35613259.0
2023,Julho,Gaza,Mapai,Transferências,56513.0,44549692.0
2023,Agosto,Gaza,Mapai,Transferências,58257.0,42892389.5
2023,Setembro,Gaza,Mapai,Transferências,62721.0,43280722.5
2023,Outubro,Gaza,Mapai,Transferências,72239.0,45799794.12
2023,Novembro,Gaza,Mapai,Transferências,91339.0,70508908.0
2023,Dezembro,Gaza,Mapai,Transferências,72607.0,64870492.74
2023,Janeiro,Gaza,Limpopo,Transferências,121308.0,131813178.71
2023,Fevereiro,Gaza,Limpopo,Transferências,92784.0,86477535.23
2023,Março,Gaza,Limpopo,Transferências,106306.0,101168757.35
2023,Abril,Gaza,Limpopo,Transferências,94451.0,95830806.95
2023,Maio,Gaza,Limpopo,Transferências,120390.0,96161330.38
2023,Junho,Gaza,Limpopo,Transferências,130801.0,104883573.61
2023,Julho,Gaza,Limpopo,Transferências,146080.0,118351109.3
2023,Agosto,Gaza,Limpopo,Transferências,153505.0,125359916.11
2023,Setembro,Gaza,Limpopo,Transferências,159818.0,127251314.11
2023,Outubro,Gaza,Limpopo,Transferências,167877.0,124968024.78
2023,Novembro,Gaza,Limpopo,Transferências,200839.0,173542812.28
2023,Dezembro,Gaza,Limpopo,Transferências,169259.0,158689436.55
2023,Janeiro,Inhambane,Cidade de Inhambane,Transferências,238848.0,229108924.19
2023,Fevereiro,Inhambane,Cidade de Inhambane,Transferências,179500.0,155409184.7
2023,Março,Inhambane,Cidade de Inhambane,Transferências,209049.0,176054625.98000002
2023,Abril,Inhambane,Cidade de Inhambane,Transferências,171300.0,152245898.5
2023,Maio,Inhambane,Cidade de Inhambane,Transferências,224475.0,171096438.92000002
2023,Junho,Inhambane,Cidade de Inhambane,Transferências,260599.0,203837840.68
2023,Julho,Inhambane,Cidade de Inhambane,Transferências,298703.0,233015554.45
2023,Agosto,Inhambane,Cidade de Inhambane,Transferências,322160.0,259412352.21
2023,Setembro,Inhambane,Cidade de Inhambane,Transferências,342296.0,273521355.21
2023,Outubro,Inhambane,Cidade de Inhambane,Transferências,365367.0,290222478.28
2023,Novembro,Inhambane,Cidade de Inhambane,Transferências,465369.0,389253037.49
2023,Dezembro,Inhambane,Cidade de Inhambane,Transferências,450156.0,405830212.97
2023,Janeiro,Inhambane,Cidade de Maxixe,Transferências,299554.0,360657220.99
2023,Fevereiro,Inhambane,Cidade de Maxixe,Transferências,224968.0,267680805.98
2023,Março,Inhambane,Cidade de Maxixe,Transferências,265864.0,272811835.03
2023,Abril,Inhambane,Cidade de Maxixe,Transferências,213663.0,237015753.0
2023,Maio,Inhambane,Cidade de Maxixe,Transferências,277462.0,267737183.43
2023,Junho,Inhambane,Cidade de Maxixe,Transferências,329509.0,315181184.43
2023,Julho,Inhambane,Cidade de Maxixe,Transferências,382342.0,372835385.07
2023,Agosto,Inhambane,Cidade de Maxixe,Transferências,409082.0,394047844.59
2023,Setembro,Inhambane,Cidade de Maxixe,Transferências,436783.0,415814886.59
2023,Outubro,Inhambane,Cidade de Maxixe,Transferências,454005.0,415901738.44
2023,Novembro,Inhambane,Cidade de Maxixe,Transferências,580003.0,571692247.37
2023,Dezembro,Inhambane,Cidade de Maxixe,Transferências,525991.0,559841339.38
2023,Janeiro,Inhambane,Funhaloro,Transferências,21676.0,23446895.11
2023,Fevereiro,Inhambane,Funhaloro,Transferências,17260.0,16209513.18
2023,Março,Inhambane,Funhaloro,Transferências,20322.0,19461395.16
2023,Abril,Inhambane,Funhaloro,Transferências,15909.0,16986029.96
2023,Maio,Inhambane,Funhaloro,Transferências,22295.0,21727745.0
2023,Junho,Inhambane,Funhaloro,Transferências,28512.0,25667509.0
2023,Julho,Inhambane,Funhaloro,Transferências,35584.0,30756707.0
2023,Agosto,Inhambane,Funhaloro,Transferências,40634.0,38127665.8
2023,Setembro,Inhambane,Funhaloro,Transferências,42876.0,37273759.8
2023,Outubro,Inhambane,Funhaloro,Transferências,43695.0,34979000.45
2023,Novembro,Inhambane,Funhaloro,Transferências,55121.0,47751986.4
2023,Dezembro,Inhambane,Funhaloro,Transferências,47127.0,47452785.44
2023,Janeiro,Inhambane,Govuro,Transferências,55973.0,63093368.4
2023,Fevereiro,Inhambane,Govuro,Transferências,43486.0,44311242.44
2023,Março,Inhambane,Govuro,Transferências,47711.0,48541814.64
2023,Abril,Inhambane,Govuro,Transferências,40606.0,44934749.53
2023,Maio,Inhambane,Govuro,Transferências,55603.0,51540553.25
2023,Junho,Inhambane,Govuro,Transferências,68662.0,63899018.1
2023,Julho,Inhambane,Govuro,Transferências,76386.0,65572438.99
2023,Agosto,Inhambane,Govuro,Transferências,84783.0,73243424.09
2023,Setembro,Inhambane,Govuro,Transferências,90892.0,76290888.09
2023,Outubro,Inhambane,Govuro,Transferências,91312.0,74827202.5
2023,Novembro,Inhambane,Govuro,Transferências,115392.0,95970512.73
2023,Dezembro,Inhambane,Govuro,Transferências,107800.0,96621003.3
2023,Janeiro,Inhambane,Homoine,Transferências,67190.0,69705854.8
2023,Fevereiro,Inhambane,Homoine,Transferências,45618.0,43563281.83
2023,Março,Inhambane,Homoine,Transferências,55950.0,49947928.69
2023,Abril,Inhambane,Homoine,Transferências,47408.0,45344540.65
2023,Maio,Inhambane,Homoine,Transferências,62773.0,47739520.28
2023,Junho,Inhambane,Homoine,Transferências,74599.0,58769029.3
2023,Julho,Inhambane,Homoine,Transferências,82701.0,66447479.24
2023,Agosto,Inhambane,Homoine,Transferências,88782.0,73799468.21000001
2023,Setembro,Inhambane,Homoine,Transferências,92360.0,73332030.21000001
2023,Outubro,Inhambane,Homoine,Transferências,97248.0,74578097.93
2023,Novembro,Inhambane,Homoine,Transferências,117865.0,94963604.97
2023,Dezembro,Inhambane,Homoine,Transferências,104663.0,95074086.62
2023,Janeiro,Inhambane,Inharrime,Transferências,99017.0,118275866.2
2023,Fevereiro,Inhambane,Inharrime,Transferências,68431.0,71193874.53
2023,Março,Inhambane,Inharrime,Transferências,81350.0,82894504.26
2023,Abril,Inhambane,Inharrime,Transferências,67030.0,73459990.14
2023,Maio,Inhambane,Inharrime,Transferências,85471.0,81180448.35
2023,Junho,Inhambane,Inharrime,Transferências,96124.0,90342767.6
2023,Julho,Inhambane,Inharrime,Transferências,109012.0,102000620.91
2023,Agosto,Inhambane,Inharrime,Transferências,109838.0,98798862.04
2023,Setembro,Inhambane,Inharrime,Transferências,113600.0,102129078.04
2023,Outubro,Inhambane,Inharrime,Transferências,119624.0,110885111.2
2023,Novembro,Inhambane,Inharrime,Transferências,147595.0,142896013.74
2023,Dezembro,Inhambane,Inharrime,Transferências,146742.0,151013173.39
2023,Janeiro,Inhambane,Inhassoro,Transferências,116369.0,121471144.74
2023,Fevereiro,Inhambane,Inhassoro,Transferências,95734.0,87089223.84
2023,Março,Inhambane,Inhassoro,Transferências,104529.0,98266147.37
2023,Abril,Inhambane,Inhassoro,Transferências,95023.0,93884280.18
2023,Maio,Inhambane,Inhassoro,Transferências,139752.0,125776082.56
2023,Junho,Inhambane,Inhassoro,Transferências,159574.0,138524743.28
2023,Julho,Inhambane,Inhassoro,Transferências,181606.0,159834042.76
2023,Agosto,Inhambane,Inhassoro,Transferências,190325.0,170309524.65
2023,Setembro,Inhambane,Inhassoro,Transferências,202655.0,176523106.65
2023,Outubro,Inhambane,Inhassoro,Transferências,207607.0,174180830.66
2023,Novembro,Inhambane,Inhassoro,Transferências,245930.0,206996380.44
2023,Dezembro,Inhambane,Inhassoro,Transferências,231737.0,209557009.33
2023,Janeiro,Inhambane,Jangamo,Transferências,93433.0,103957988.25
2023,Fevereiro,Inhambane,Jangamo,Transferências,58386.0,59425573.68
2023,Março,Inhambane,Jangamo,Transferências,67563.0,70005948.72
2023,Abril,Inhambane,Jangamo,Transferências,61594.0,67551721.31
2023,Maio,Inhambane,Jangamo,Transferências,77426.0,70085025.15
2023,Junho,Inhambane,Jangamo,Transferências,84879.0,79364233.59
2023,Julho,Inhambane,Jangamo,Transferências,90905.0,85902690.36
2023,Agosto,Inhambane,Jangamo,Transferências,91505.0,84423638.63
2023,Setembro,Inhambane,Jangamo,Transferências,94212.0,83688939.63
2023,Outubro,Inhambane,Jangamo,Transferências,97478.0,86370042.5
2023,Novembro,Inhambane,Jangamo,Transferências,123033.0,122339354.0
2023,Dezembro,Inhambane,Jangamo,Transferências,110589.0,119017746.74
2023,Janeiro,Inhambane,Mabote,Transferências,30881.0,31710319.21
2023,Fevereiro,Inhambane,Mabote,Transferências,25157.0,22820574.77
2023,Março,Inhambane,Mabote,Transferências,26798.0,23770759.6
2023,Abril,Inhambane,Mabote,Transferências,20870.0,20258459.29
2023,Maio,Inhambane,Mabote,Transferências,30328.0,27729016.619999997
2023,Junho,Inhambane,Mabote,Transferências,39550.0,34813617.1
2023,Julho,Inhambane,Mabote,Transferências,49023.0,44983135.38
2023,Agosto,Inhambane,Mabote,Transferências,51794.0,44992092.79
2023,Setembro,Inhambane,Mabote,Transferências,57896.0,48881528.79
2023,Outubro,Inhambane,Mabote,Transferências,61294.0,47594872.57
2023,Novembro,Inhambane,Mabote,Transferências,80192.0,72087514.78999999
2023,Dezembro,Inhambane,Mabote,Transferências,67225.0,61570196.76
2023,Janeiro,Inhambane,Massinga,Transferências,231226.0,344608046.17
2023,Fevereiro,Inhambane,Massinga,Transferências,149052.0,223822028.89
2023,Março,Inhambane,Massinga,Transferências,176037.0,262772701.25
2023,Abril,Inhambane,Massinga,Transferências,152757.0,240655385.16
2023,Maio,Inhambane,Massinga,Transferências,206275.0,288582109.07
2023,Junho,Inhambane,Massinga,Transferências,228960.0,329982725.38
2023,Julho,Inhambane,Massinga,Transferências,257641.0,375303378.93
2023,Agosto,Inhambane,Massinga,Transferências,263153.0,374568009.63
2023,Setembro,Inhambane,Massinga,Transferências,271188.0,384934696.63
2023,Outubro,Inhambane,Massinga,Transferências,281131.0,370362570.46
2023,Novembro,Inhambane,Massinga,Transferências,353531.0,511039940.1
2023,Dezembro,Inhambane,Massinga,Transferências,336743.0,478190545.74
2023,Janeiro,Inhambane,Morrumbene,Transferências,100511.0,114234007.42
2023,Fevereiro,Inhambane,Morrumbene,Transferências,64796.0,73548684.1
2023,Março,Inhambane,Morrumbene,Transferências,75541.0,77486710.22999999
2023,Abril,Inhambane,Morrumbene,Transferências,63908.0,67079022.2
2023,Maio,Inhambane,Morrumbene,Transferências,79465.0,71720268.15
2023,Junho,Inhambane,Morrumbene,Transferências,92972.0,89797572.43
2023,Julho,Inhambane,Morrumbene,Transferências,103589.0,96531802.0
2023,Agosto,Inhambane,Morrumbene,Transferências,108495.0,98099654.16
2023,Setembro,Inhambane,Morrumbene,Transferências,112363.0,97559478.16
2023,Outubro,Inhambane,Morrumbene,Transferências,117174.0,97222098.67
2023,Novembro,Inhambane,Morrumbene,Transferências,144356.0,129934163.55
2023,Dezembro,Inhambane,Morrumbene,Transferências,123706.0,121737030.07
2023,Janeiro,Inhambane,Panda,Transferências,27552.0,26869716.19
2023,Fevereiro,Inhambane,Panda,Transferências,18934.0,14787042.72
2023,Março,Inhambane,Panda,Transferências,22908.0,18664904.66
2023,Abril,Inhambane,Panda,Transferências,16975.0,14578577.12
2023,Maio,Inhambane,Panda,Transferências,24183.0,17085888.060000002
2023,Junho,Inhambane,Panda,Transferências,29699.0,22018558.1
2023,Julho,Inhambane,Panda,Transferências,36203.0,25997560.39
2023,Agosto,Inhambane,Panda,Transferências,36671.0,25839980.0
2023,Setembro,Inhambane,Panda,Transferências,38619.0,26037415.0
2023,Outubro,Inhambane,Panda,Transferências,40762.0,26856913.8
2023,Novembro,Inhambane,Panda,Transferências,50331.0,36385092.7
2023,Dezembro,Inhambane,Panda,Transferências,41398.0,30860156.5
2023,Janeiro,Inhambane,Vilankulo,Transferências,266062.0,300846039.02
2023,Fevereiro,Inhambane,Vilankulo,Transferências,198079.0,202846250.05
2023,Março,Inhambane,Vilankulo,Transferências,236412.0,226188592.29
2023,Abril,Inhambane,Vilankulo,Transferências,211956.0,212880869.92
2023,Maio,Inhambane,Vilankulo,Transferências,283446.0,252247607.95
2023,Junho,Inhambane,Vilankulo,Transferências,307643.0,279075395.6
2023,Julho,Inhambane,Vilankulo,Transferências,345678.0,313039250.96000004
2023,Agosto,Inhambane,Vilankulo,Transferências,360907.0,329570875.64
2023,Setembro,Inhambane,Vilankulo,Transferências,389294.0,355360460.64
2023,Outubro,Inhambane,Vilankulo,Transferências,411849.0,364873944.14
2023,Novembro,Inhambane,Vilankulo,Transferências,501145.0,477124454.47
2023,Dezembro,Inhambane,Vilankulo,Transferências,443181.0,438074276.55
2023,Janeiro,Inhambane,Zavala (Quissico),Transferências,117356.0,153595081.59
2023,Fevereiro,Inhambane,Zavala (Quissico),Transferências,81547.0,100332263.79
2023,Março,Inhambane,Zavala (Quissico),Transferências,93503.0,105101393.22
2023,Abril,Inhambane,Zavala (Quissico),Transferências,79221.0,93744651.33
2023,Maio,Inhambane,Zavala (Quissico),Transferências,102120.0,105120779.92
2023,Junho,Inhambane,Zavala (Quissico),Transferências,118228.0,114847390.83
2023,Julho,Inhambane,Zavala (Quissico),Transferências,131348.0,129569063.78
2023,Agosto,Inhambane,Zavala (Quissico),Transferências,138035.0,139568041.84
2023,Setembro,Inhambane,Zavala (Quissico),Transferências,142920.0,142623528.84
2023,Outubro,Inhambane,Zavala (Quissico),Transferências,148581.0,139562025.72
2023,Novembro,Inhambane,Zavala (Quissico),Transferências,193584.0,194640802.54
2023,Dezembro,Inhambane,Zavala (Quissico),Transferências,158157.0,174871551.17000002
2023,Janeiro,Sofala,Cidade da Beira,Transferências,1984354.0,1914684726.79
2023,Fevereiro,Sofala,Cidade da Beira,Transferências,1602577.0,1443430928.33
2023,Março,Sofala,Cidade da Beira,Transferências,1777851.0,1477285151.61
2023,Abril,Sofala,Cidade da Beira,Transferências,1583225.0,1367382319.68
2023,Maio,Sofala,Cidade da Beira,Transferências,2138803.0,1740909984.0
2023,Junho,Sofala,Cidade da Beira,Transferências,2357013.0,1949165037.68
2023,Julho,Sofala,Cidade da Beira,Transferências,2685971.0,2228057385.98
2023,Agosto,Sofala,Cidade da Beira,Transferências,2857415.0,2343841706.34
2023,Setembro,Sofala,Cidade da Beira,Transferências,3102542.0,2494676646.34
2023,Outubro,Sofala,Cidade da Beira,Transferências,3159474.0,2479051224.59
2023,Novembro,Sofala,Cidade da Beira,Transferências,3887848.0,3265333539.54
2023,Dezembro,Sofala,Cidade da Beira,Transferências,3580781.0,3161708026.26
2023,Janeiro,Sofala,Buzi,Transferências,99408.0,85075908.48
2023,Fevereiro,Sofala,Buzi,Transferências,88735.0,67486600.05
2023,Março,Sofala,Buzi,Transferências,104626.0,61591719.94
2023,Abril,Sofala,Buzi,Transferências,89075.0,55356268.66
2023,Maio,Sofala,Buzi,Transferências,127313.0,70095063.81
2023,Junho,Sofala,Buzi,Transferências,157781.0,87410200.33
2023,Julho,Sofala,Buzi,Transferências,179284.0,91616236.0
2023,Agosto,Sofala,Buzi,Transferências,196649.0,99495424.88
2023,Setembro,Sofala,Buzi,Transferências,215159.0,103880370.88
2023,Outubro,Sofala,Buzi,Transferências,227867.0,106946674.58
2023,Novembro,Sofala,Buzi,Transferências,298557.0,145567394.61
2023,Dezembro,Sofala,Buzi,Transferências,253837.0,138320617.02
2023,Janeiro,Sofala,Caia,Transferências,124904.0,134050971.53
2023,Fevereiro,Sofala,Caia,Transferências,99367.0,93850743.72
2023,Março,Sofala,Caia,Transferências,111456.0,88833319.28
2023,Abril,Sofala,Caia,Transferências,95617.0,81765920.33
2023,Maio,Sofala,Caia,Transferências,134391.0,104033367.4
2023,Junho,Sofala,Caia,Transferências,164646.0,123135333.82
2023,Julho,Sofala,Caia,Transferências,206248.0,162647936.45
2023,Agosto,Sofala,Caia,Transferências,224515.0,159445191.32
2023,Setembro,Sofala,Caia,Transferências,245514.0,162901538.32
2023,Outubro,Sofala,Caia,Transferências,264231.0,165380116.04
2023,Novembro,Sofala,Caia,Transferências,327683.0,212322762.97
2023,Dezembro,Sofala,Caia,Transferências,303598.0,211113648.2
2023,Janeiro,Sofala,Chemba,Transferências,43646.0,39866121.14
2023,Fevereiro,Sofala,Chemba,Transferências,46012.0,39602760.77
2023,Março,Sofala,Chemba,Transferências,51701.0,26994267.78
2023,Abril,Sofala,Chemba,Transferências,39901.0,25452151.71
2023,Maio,Sofala,Chemba,Transferências,56322.0,27056065.32
2023,Junho,Sofala,Chemba,Transferências,76356.0,34755648.0
2023,Julho,Sofala,Chemba,Transferências,97963.0,43781724.75
2023,Agosto,Sofala,Chemba,Transferências,106430.0,44881590.0
2023,Setembro,Sofala,Chemba,Transferências,112040.0,44281954.0
2023,Outubro,Sofala,Chemba,Transferências,124720.0,49685316.13
2023,Novembro,Sofala,Chemba,Transferências,157927.0,67111628.0
2023,Dezembro,Sofala,Chemba,Transferências,127867.0,52727935.72
2023,Janeiro,Sofala,Cheringoma,Transferências,39551.0,30357928.09
2023,Fevereiro,Sofala,Cheringoma,Transferências,34970.0,25512833.4
2023,Março,Sofala,Cheringoma,Transferências,37940.0,21675800.44
2023,Abril,Sofala,Cheringoma,Transferências,31829.0,17761629.060000002
2023,Maio,Sofala,Cheringoma,Transferências,43038.0,20251746.75
2023,Junho,Sofala,Cheringoma,Transferências,56326.0,26994518.86
2023,Julho,Sofala,Cheringoma,Transferências,69798.0,33073760.02
2023,Agosto,Sofala,Cheringoma,Transferências,76626.0,36554460.33
2023,Setembro,Sofala,Cheringoma,Transferências,82047.0,36205811.33
2023,Outubro,Sofala,Cheringoma,Transferências,91738.0,40157902.06
2023,Novembro,Sofala,Cheringoma,Transferências,113465.0,55489299.69
2023,Dezembro,Sofala,Cheringoma,Transferências,101785.0,55232967.44
2023,Janeiro,Sofala,Chibabava,Transferências,67070.0,148906600.59
2023,Fevereiro,Sofala,Chibabava,Transferências,76173.0,204580924.16
2023,Março,Sofala,Chibabava,Transferências,63203.0,86904067.56
2023,Abril,Sofala,Chibabava,Transferências,53130.0,67819002.36
2023,Maio,Sofala,Chibabava,Transferências,68442.0,78415591.07
2023,Junho,Sofala,Chibabava,Transferências,79046.0,90222035.1
2023,Julho,Sofala,Chibabava,Transferências,91141.0,97073948.81
2023,Agosto,Sofala,Chibabava,Transferências,97782.0,100006192.05
2023,Setembro,Sofala,Chibabava,Transferências,101535.0,98319389.05
2023,Outubro,Sofala,Chibabava,Transferências,106387.0,96803267.5
2023,Novembro,Sofala,Chibabava,Transferências,137616.0,133631605.07
2023,Dezembro,Sofala,Chibabava,Transferências,123416.0,127255432.65
2023,Janeiro,Sofala,Dondo,Transferências,332806.0,286262900.98
2023,Fevereiro,Sofala,Dondo,Transferências,246473.0,196716534.72
2023,Março,Sofala,Dondo,Transferências,255273.0,184445001.06
2023,Abril,Sofala,Dondo,Transferências,235056.0,175232130.29
2023,Maio,Sofala,Dondo,Transferências,315426.0,223764718.0
2023,Junho,Sofala,Dondo,Transferências,354944.0,248644391.25
2023,Julho,Sofala,Dondo,Transferências,386353.0,277868220.38
2023,Agosto,Sofala,Dondo,Transferências,408106.0,287428075.55
2023,Setembro,Sofala,Dondo,Transferências,438046.0,314222681.55
2023,Outubro,Sofala,Dondo,Transferências,435827.0,309820874.78
2023,Novembro,Sofala,Dondo,Transferências,552890.0,425879352.7
2023,Dezembro,Sofala,Dondo,Transferências,466331.0,369185765.7
2023,Janeiro,Sofala,Gorongoza,Transferências,104478.0,106210552.61
2023,Fevereiro,Sofala,Gorongoza,Transferências,91113.0,84543195.56
2023,Março,Sofala,Gorongoza,Transferências,95289.0,78840829.35
2023,Abril,Sofala,Gorongoza,Transferências,87456.0,76778898.39
2023,Maio,Sofala,Gorongoza,Transferências,121427.0,86219491.53999999
2023,Junho,Sofala,Gorongoza,Transferências,151271.0,119016229.06
2023,Julho,Sofala,Gorongoza,Transferências,192529.0,135949977.65
2023,Agosto,Sofala,Gorongoza,Transferências,211792.0,119371147.45
2023,Setembro,Sofala,Gorongoza,Transferências,240227.0,128590873.45
2023,Outubro,Sofala,Gorongoza,Transferências,262285.0,133552320.39
2023,Novembro,Sofala,Gorongoza,Transferências,337582.0,179769161.14
2023,Dezembro,Sofala,Gorongoza,Transferências,286202.0,157616859.01
2023,Janeiro,Sofala,Machanga,Transferências,28038.0,28878035.16
2023,Fevereiro,Sofala,Machanga,Transferências,25780.0,25333749.1
2023,Março,Sofala,Machanga,Transferências,32199.0,27475735.52
2023,Abril,Sofala,Machanga,Transferências,27598.0,24221144.96
2023,Maio,Sofala,Machanga,Transferências,37658.0,26979184.91
2023,Junho,Sofala,Machanga,Transferências,47658.0,31096202.0
2023,Julho,Sofala,Machanga,Transferências,52880.0,31043198.119999997
2023,Agosto,Sofala,Machanga,Transferências,62064.0,39098408.48
2023,Setembro,Sofala,Machanga,Transferências,69384.0,39240969.48
2023,Outubro,Sofala,Machanga,Transferências,75558.0,38247188.33
2023,Novembro,Sofala,Machanga,Transferências,84189.0,44616917.27
2023,Dezembro,Sofala,Machanga,Transferências,70598.0,40112129.94
2023,Janeiro,Sofala,Maringue,Transferências,79423.0,54695631.82
2023,Fevereiro,Sofala,Maringue,Transferências,85047.0,48443049.23
2023,Março,Sofala,Maringue,Transferências,95526.0,40622567.5
2023,Abril,Sofala,Maringue,Transferências,71781.0,34904009.5
2023,Maio,Sofala,Maringue,Transferências,106141.0,52098662.2
2023,Junho,Sofala,Maringue,Transferências,151024.0,72693810.5
2023,Julho,Sofala,Maringue,Transferências,197724.0,93152360.0
2023,Agosto,Sofala,Maringue,Transferências,221245.0,93895493.12
2023,Setembro,Sofala,Maringue,Transferências,236233.0,93651950.12
2023,Outubro,Sofala,Maringue,Transferências,264099.0,97291567.82
2023,Novembro,Sofala,Maringue,Transferências,343459.0,145248687.78
2023,Dezembro,Sofala,Maringue,Transferências,280959.0,119115321.2
2023,Janeiro,Sofala,Marromeu,Transferências,92628.0,86309840.3
2023,Fevereiro,Sofala,Marromeu,Transferências,79196.0,67643661.34
2023,Março,Sofala,Marromeu,Transferências,81559.0,55634507.83
2023,Abril,Sofala,Marromeu,Transferências,67758.0,50623976.24
2023,Maio,Sofala,Marromeu,Transferências,96317.0,65586072.4
2023,Junho,Sofala,Marromeu,Transferências,113086.0,75398397.03999999
2023,Julho,Sofala,Marromeu,Transferências,145603.0,107269568.51
2023,Agosto,Sofala,Marromeu,Transferências,153459.0,105845324.71
2023,Setembro,Sofala,Marromeu,Transferências,163523.0,109177776.71
2023,Outubro,Sofala,Marromeu,Transferências,170920.0,103398892.92
2023,Novembro,Sofala,Marromeu,Transferências,215103.0,134161304.03
2023,Dezembro,Sofala,Marromeu,Transferências,194801.0,117447374.69
2023,Janeiro,Sofala,Muanza,Transferências,28342.0,16022613.9
2023,Fevereiro,Sofala,Muanza,Transferências,30447.0,14298515.1
2023,Março,Sofala,Muanza,Transferências,36782.0,17259412.69
2023,Abril,Sofala,Muanza,Transferências,30522.0,15990965.69
2023,Maio,Sofala,Muanza,Transferências,43004.0,19724256.0
2023,Junho,Sofala,Muanza,Transferências,65345.0,33940156.13
2023,Julho,Sofala,Muanza,Transferências,87464.0,46364278.96
2023,Agosto,Sofala,Muanza,Transferências,92622.0,46743326.7
2023,Setembro,Sofala,Muanza,Transferências,99448.0,43344666.7
2023,Outubro,Sofala,Muanza,Transferências,100136.0,39369334.02
2023,Novembro,Sofala,Muanza,Transferências,132385.0,55555128.72
2023,Dezembro,Sofala,Muanza,Transferências,92960.0,36606992.99
2023,Janeiro,Sofala,Nhamatanda,Transferências,172503.0,150928857.49
2023,Fevereiro,Sofala,Nhamatanda,Transferências,140560.0,116770647.48
2023,Março,Sofala,Nhamatanda,Transferências,164295.0,129211564.99
2023,Abril,Sofala,Nhamatanda,Transferências,154288.0,126429987.09
2023,Maio,Sofala,Nhamatanda,Transferências,205361.0,129704567.24
2023,Junho,Sofala,Nhamatanda,Transferências,225762.0,147415560.99
2023,Julho,Sofala,Nhamatanda,Transferências,248659.0,172205515.2
2023,Agosto,Sofala,Nhamatanda,Transferências,272566.0,170534563.0
2023,Setembro,Sofala,Nhamatanda,Transferências,298397.0,185146355.0
2023,Outubro,Sofala,Nhamatanda,Transferências,309338.0,184287475.49
2023,Novembro,Sofala,Nhamatanda,Transferências,404199.0,291719183.12
2023,Dezembro,Sofala,Nhamatanda,Transferências,331714.0,234158249.79
2023,Janeiro,Manica,Cidade de Chimoio,Transferências,1042860.0,1043986435.45
2023,Fevereiro,Manica,Cidade de Chimoio,Transferências,844358.0,764944262.8299999
2023,Março,Manica,Cidade de Chimoio,Transferências,950969.0,787667433.4100001
2023,Abril,Manica,Cidade de Chimoio,Transferências,810907.0,717653396.9200001
2023,Maio,Manica,Cidade de Chimoio,Transferências,1091529.0,896509830.21
2023,Junho,Manica,Cidade de Chimoio,Transferências,1283911.0,1056495990.45
2023,Julho,Manica,Cidade de Chimoio,Transferências,1504744.0,1210124798.42
2023,Agosto,Manica,Cidade de Chimoio,Transferências,1634667.0,1295699046.57
2023,Setembro,Manica,Cidade de Chimoio,Transferências,1796178.0,1367867121.5700002
2023,Outubro,Manica,Cidade de Chimoio,Transferências,1887840.0,1400916943.4
2023,Novembro,Manica,Cidade de Chimoio,Transferências,2400811.0,1851273569.33
2023,Dezembro,Manica,Cidade de Chimoio,Transferências,2127202.0,1693886608.37
2023,Janeiro,Manica,Bárue,Transferências,135676.0,128097453.83
2023,Fevereiro,Manica,Bárue,Transferências,116519.0,100494314.15
2023,Março,Manica,Bárue,Transferências,127828.0,83528958.02000001
2023,Abril,Manica,Bárue,Transferências,108104.0,77283086.37
2023,Maio,Manica,Bárue,Transferências,146371.0,103158352.23
2023,Junho,Manica,Bárue,Transferências,191278.0,125145138.9
2023,Julho,Manica,Bárue,Transferências,239046.0,148719533.3
2023,Agosto,Manica,Bárue,Transferências,275084.0,168021934.03
2023,Setembro,Manica,Bárue,Transferências,310455.0,175044173.03
2023,Outubro,Manica,Bárue,Transferências,322170.0,171251168.57999998
2023,Novembro,Manica,Bárue,Transferências,402386.0,223380767.17
2023,Dezembro,Manica,Bárue,Transferências,356500.0,208647253.11
2023,Janeiro,Manica,Gondola,Transferências,18390.0,11942985.0
2023,Fevereiro,Manica,Gondola,Transferências,25177.0,20754829.0
2023,Março,Manica,Gondola,Transferências,33035.0,16523542.0
2023,Abril,Manica,Gondola,Transferências,24056.0,14346130.0
2023,Maio,Manica,Gondola,Transferências,36725.0,20470404.0
2023,Junho,Manica,Gondola,Transferências,57866.0,33056109.0
2023,Julho,Manica,Gondola,Transferências,81387.0,44974390.0
2023,Agosto,Manica,Gondola,Transferências,99945.0,57897962.0
2023,Setembro,Manica,Gondola,Transferências,120471.0,70353385.0
2023,Outubro,Manica,Gondola,Transferências,143941.0,81670855.0
2023,Novembro,Manica,Gondola,Transferências,209796.0,130634194.0
2023,Dezembro,Manica,Gondola,Transferências,180448.0,116531059.0
2023,Janeiro,Manica,Guro,Transferências,64254.0,57647618.1
2023,Fevereiro,Manica,Guro,Transferências,60575.0,43488069.45
2023,Março,Manica,Guro,Transferências,68136.0,44561134.3
2023,Abril,Manica,Guro,Transferências,51554.0,37047237.989999995
2023,Maio,Manica,Guro,Transferências,73074.0,54521241.129999995
2023,Junho,Manica,Guro,Transferências,97029.0,71772752.2
2023,Julho,Manica,Guro,Transferências,122380.0,95188921.16
2023,Agosto,Manica,Guro,Transferências,134313.0,102088170.85
2023,Setembro,Manica,Guro,Transferências,148693.0,101910050.85
2023,Outubro,Manica,Guro,Transferências,156234.0,95189593.16
2023,Novembro,Manica,Guro,Transferências,193023.0,130856008.8
2023,Dezembro,Manica,Guro,Transferências,148720.0,98834528.36
2023,Janeiro,Manica,Machaze,Transferências,53561.0,70770145.6
2023,Fevereiro,Manica,Machaze,Transferências,52806.0,75496506.68
2023,Março,Manica,Machaze,Transferências,59862.0,58734645.3
2023,Abril,Manica,Machaze,Transferências,44763.0,44022253.35
2023,Maio,Manica,Machaze,Transferências,67059.0,64372796.68
2023,Junho,Manica,Machaze,Transferências,93761.0,85368848.0
2023,Julho,Manica,Machaze,Transferências,116634.0,99345484.0
2023,Agosto,Manica,Machaze,Transferências,115377.0,101268834.4
2023,Setembro,Manica,Machaze,Transferências,130335.0,104472357.4
2023,Outubro,Manica,Machaze,Transferências,153665.0,115225694.7
2023,Novembro,Manica,Machaze,Transferências,172786.0,146679062.66
2023,Dezembro,Manica,Machaze,Transferências,135045.0,132176364.5
2023,Janeiro,Manica,Macossa,Transferências,30066.0,25276171.0
2023,Fevereiro,Manica,Macossa,Transferências,33357.0,24943397.67
2023,Março,Manica,Macossa,Transferências,35393.0,16437152.0
2023,Abril,Manica,Macossa,Transferências,24369.0,13109300.06
2023,Maio,Manica,Macossa,Transferências,33484.0,16865346.0
2023,Junho,Manica,Macossa,Transferências,48896.0,23075719.0
2023,Julho,Manica,Macossa,Transferências,66282.0,29894069.0
2023,Agosto,Manica,Macossa,Transferências,72718.0,32710248.0
2023,Setembro,Manica,Macossa,Transferências,78296.0,31611035.0
2023,Outubro,Manica,Macossa,Transferências,85438.0,34386399.0
2023,Novembro,Manica,Macossa,Transferências,117198.0,49251932.04
2023,Dezembro,Manica,Macossa,Transferências,87553.0,38699718.8
2023,Janeiro,Manica,Manica,Transferências,233206.0,262849551.55
2023,Fevereiro,Manica,Manica,Transferências,193343.0,195801001.92
2023,Março,Manica,Manica,Transferências,216338.0,205090569.1
2023,Abril,Manica,Manica,Transferências,188149.0,190633791.16
2023,Maio,Manica,Manica,Transferências,247058.0,224934536.67
2023,Junho,Manica,Manica,Transferências,281814.0,237883991.41
2023,Julho,Manica,Manica,Transferências,333987.0,277686187.58000004
2023,Agosto,Manica,Manica,Transferências,366072.0,290557501.57
2023,Setembro,Manica,Manica,Transferências,409771.0,314441895.57
2023,Outubro,Manica,Manica,Transferências,433086.0,314742345.65999997
2023,Novembro,Manica,Manica,Transferências,539502.0,409332481.54
2023,Dezembro,Manica,Manica,Transferências,452365.0,361706198.75
2023,Janeiro,Manica,Mossurize,Transferências,43280.0,62064976.71
2023,Fevereiro,Manica,Mossurize,Transferências,44326.0,59488380.65
2023,Março,Manica,Mossurize,Transferências,52007.0,57450794.29
2023,Abril,Manica,Mossurize,Transferências,37366.0,47221677.04
2023,Maio,Manica,Mossurize,Transferências,60658.0,86720439.99000001
2023,Junho,Manica,Mossurize,Transferências,77619.0,98201211.05
2023,Julho,Manica,Mossurize,Transferências,89711.0,104203807.0
2023,Agosto,Manica,Mossurize,Transferências,95239.0,105262536.93
2023,Setembro,Manica,Mossurize,Transferências,103080.0,104666533.93
2023,Outubro,Manica,Mossurize,Transferências,118667.0,114923631.3
2023,Novembro,Manica,Mossurize,Transferências,148628.0,148175869.86
2023,Dezembro,Manica,Mossurize,Transferências,116458.0,129387929.7
2023,Janeiro,Manica,Sussundenga,Transferências,106732.0,102090751.37
2023,Fevereiro,Manica,Sussundenga,Transferências,89661.0,76105910.47999999
2023,Março,Manica,Sussundenga,Transferências,105115.0,77002078.39
2023,Abril,Manica,Sussundenga,Transferências,84817.0,64969326.86
2023,Maio,Manica,Sussundenga,Transferências,117414.0,78292939.14
2023,Junho,Manica,Sussundenga,Transferências,147582.0,93484551.0
2023,Julho,Manica,Sussundenga,Transferências,178057.0,106090505.2
2023,Agosto,Manica,Sussundenga,Transferências,197092.0,116107667.73
2023,Setembro,Manica,Sussundenga,Transferências,213417.0,116107500.73
2023,Outubro,Manica,Sussundenga,Transferências,233510.0,125867728.01
2023,Novembro,Manica,Sussundenga,Transferências,304129.0,174282090.36
2023,Dezembro,Manica,Sussundenga,Transferências,230642.0,139385422.65
2023,Janeiro,Manica,Tambara,Transferências,39355.0,22806788.4
2023,Fevereiro,Manica,Tambara,Transferências,45025.0,24669624.0
2023,Março,Manica,Tambara,Transferências,49258.0,18611470.6
2023,Abril,Manica,Tambara,Transferências,36557.0,14591616.6
2023,Maio,Manica,Tambara,Transferências,54597.0,20963637.06
2023,Junho,Manica,Tambara,Transferências,79757.0,28909766.5
2023,Julho,Manica,Tambara,Transferências,109547.0,42494832.0
2023,Agosto,Manica,Tambara,Transferências,126735.0,49373347.1
2023,Setembro,Manica,Tambara,Transferências,140580.0,53326264.1
2023,Outubro,Manica,Tambara,Transferências,149520.0,52314320.0
2023,Novembro,Manica,Tambara,Transferências,178049.0,60667956.0
2023,Dezembro,Manica,Tambara,Transferências,147948.0,50611258.28
2023,Janeiro,Manica,Macate,Transferências,19492.0,11824476.5
2023,Fevereiro,Manica,Macate,Transferências,15881.0,8270598.6
2023,Março,Manica,Macate,Transferências,20371.0,9857989.36
2023,Abril,Manica,Macate,Transferências,17097.0,8889432.8
2023,Maio,Manica,Macate,Transferências,23431.0,10029399.03
2023,Junho,Manica,Macate,Transferências,29849.0,11783753.03
2023,Julho,Manica,Macate,Transferências,35245.0,13685555.2
2023,Agosto,Manica,Macate,Transferências,40714.0,14947487.2
2023,Setembro,Manica,Macate,Transferências,47653.0,17346485.2
2023,Outubro,Manica,Macate,Transferências,54463.0,20132924.39
2023,Novembro,Manica,Macate,Transferências,71200.0,27803163.06
2023,Dezembro,Manica,Macate,Transferências,58581.0,23474914.24
2023,Janeiro,Manica,Vanduzi,Transferências,93273.0,78167320.92
2023,Fevereiro,Manica,Vanduzi,Transferências,85692.0,75502389.24
2023,Março,Manica,Vanduzi,Transferências,93570.0,56269179.28
2023,Abril,Manica,Vanduzi,Transferências,78939.0,48656430.760000005
2023,Maio,Manica,Vanduzi,Transferências,111638.0,63215888.14
2023,Junho,Manica,Vanduzi,Transferências,141885.0,81392280.5
2023,Julho,Manica,Vanduzi,Transferências,165836.0,93754295.22
2023,Agosto,Manica,Vanduzi,Transferências,189716.0,113228140.4
2023,Setembro,Manica,Vanduzi,Transferências,220538.0,122194594.4
2023,Outubro,Manica,Vanduzi,Transferências,242047.0,131874998.77
2023,Novembro,Manica,Vanduzi,Transferências,323795.0,182765298.79
2023,Dezembro,Manica,Vanduzi,Transferências,328082.0,155866628.84
2023,Janeiro,Tete,Cidade de Tete,Transferências,1108766.0,1208354077.42
2023,Fevereiro,Tete,Cidade de Tete,Transferências,908975.0,923768336.42
2023,Março,Tete,Cidade de Tete,Transferências,1012981.0,992502617.0
2023,Abril,Tete,Cidade de Tete,Transferências,931322.0,935564653.13
2023,Maio,Tete,Cidade de Tete,Transferências,1219006.0,1076242734.48
2023,Junho,Tete,Cidade de Tete,Transferências,1337846.0,1228498471.47
2023,Julho,Tete,Cidade de Tete,Transferências,1458869.0,1381442941.63
2023,Agosto,Tete,Cidade de Tete,Transferências,1517511.0,1418130094.1799998
2023,Setembro,Tete,Cidade de Tete,Transferências,1643336.0,1506372804.1799998
2023,Outubro,Tete,Cidade de Tete,Transferências,1658278.0,1527325378.53
2023,Novembro,Tete,Cidade de Tete,Transferências,2084331.0,2027991237.22
2023,Dezembro,Tete,Cidade de Tete,Transferências,1853239.0,1837387322.04
2023,Janeiro,Tete,Angónia,Transferências,113595.0,174129305.42
2023,Fevereiro,Tete,Angónia,Transferências,95347.0,140462956.91
2023,Março,Tete,Angónia,Transferências,114417.0,152902391.95
2023,Abril,Tete,Angónia,Transferências,101186.0,148025521.13
2023,Maio,Tete,Angónia,Transferências,134190.0,167128220.86
2023,Junho,Tete,Angónia,Transferências,156208.0,177133939.16
2023,Julho,Tete,Angónia,Transferências,180536.0,206621966.56
2023,Agosto,Tete,Angónia,Transferências,190137.0,204742331.86
2023,Setembro,Tete,Angónia,Transferências,208290.0,212591751.86
2023,Outubro,Tete,Angónia,Transferências,229400.0,219008226.67
2023,Novembro,Tete,Angónia,Transferências,280252.0,290332579.4
2023,Dezembro,Tete,Angónia,Transferências,252949.0,264827430.48
2023,Janeiro,Tete,Cahora-Bassa,Transferências,137607.0,137029826.47
2023,Fevereiro,Tete,Cahora-Bassa,Transferências,110371.0,105507822.63
2023,Março,Tete,Cahora-Bassa,Transferências,124045.0,110579943.13
2023,Abril,Tete,Cahora-Bassa,Transferências,115249.0,104927791.85
2023,Maio,Tete,Cahora-Bassa,Transferências,155888.0,122088496.53
2023,Junho,Tete,Cahora-Bassa,Transferências,184787.0,141252446.26
2023,Julho,Tete,Cahora-Bassa,Transferências,196539.0,147787377.62
2023,Agosto,Tete,Cahora-Bassa,Transferências,196221.0,141281900.07999998
2023,Setembro,Tete,Cahora-Bassa,Transferências,217330.0,155442560.07999998
2023,Outubro,Tete,Cahora-Bassa,Transferências,225611.0,156528921.37
2023,Novembro,Tete,Cahora-Bassa,Transferências,276353.0,210823566.12
2023,Dezembro,Tete,Cahora-Bassa,Transferências,281323.0,218927635.3
2023,Janeiro,Tete,Changara,Transferências,81369.0,89347565.22
2023,Fevereiro,Tete,Changara,Transferências,68668.0,70939715.25999999
2023,Março,Tete,Changara,Transferências,74612.0,71419427.2
2023,Abril,Tete,Changara,Transferências,68993.0,67335711.99000001
2023,Maio,Tete,Changara,Transferências,93512.0,85172587.21
2023,Junho,Tete,Changara,Transferências,112023.0,105415719.56
2023,Julho,Tete,Changara,Transferências,124787.0,117167995.3
2023,Agosto,Tete,Changara,Transferências,132647.0,115155887.49
2023,Setembro,Tete,Changara,Transferências,145732.0,130178889.49
2023,Outubro,Tete,Changara,Transferências,145380.0,120976571.47
2023,Novembro,Tete,Changara,Transferências,181794.0,151337232.29
2023,Dezembro,Tete,Changara,Transferências,169002.0,147984022.1
2023,Janeiro,Tete,Chifunde,Transferências,34438.0,45878335.3
2023,Fevereiro,Tete,Chifunde,Transferências,28733.0,32028369.44
2023,Março,Tete,Chifunde,Transferências,32213.0,31513686.4
2023,Abril,Tete,Chifunde,Transferências,25227.0,26139215.43
2023,Maio,Tete,Chifunde,Transferências,36270.0,34483304.2
2023,Junho,Tete,Chifunde,Transferências,43918.0,40422791.0
2023,Julho,Tete,Chifunde,Transferências,53777.0,46729852.17
2023,Agosto,Tete,Chifunde,Transferências,52997.0,46684559.1
2023,Setembro,Tete,Chifunde,Transferências,53880.0,45929407.1
2023,Outubro,Tete,Chifunde,Transferências,56618.0,49426624.45
2023,Novembro,Tete,Chifunde,Transferências,71771.0,63258047.95
2023,Dezembro,Tete,Chifunde,Transferências,64655.0,62494582.09
2023,Janeiro,Tete,Chiuta,Transferências,24560.0,25812417.82
2023,Fevereiro,Tete,Chiuta,Transferências,22853.0,22293864.03
2023,Março,Tete,Chiuta,Transferências,27679.0,24621070.77
2023,Abril,Tete,Chiuta,Transferências,22381.0,19731364.27
2023,Maio,Tete,Chiuta,Transferências,30935.0,22373710.380000003
2023,Junho,Tete,Chiuta,Transferências,41121.0,30384508.0
2023,Julho,Tete,Chiuta,Transferências,54337.0,43345385.0
2023,Agosto,Tete,Chiuta,Transferências,61853.0,48347137.0
2023,Setembro,Tete,Chiuta,Transferências,66703.0,49997580.0
2023,Outubro,Tete,Chiuta,Transferências,71660.0,52813785.08
2023,Novembro,Tete,Chiuta,Transferências,89982.0,70896153.16
2023,Dezembro,Tete,Chiuta,Transferências,72873.0,59465584.75
2023,Janeiro,Tete,Macanga,Transferências,48860.0,53173313.25
2023,Fevereiro,Tete,Macanga,Transferências,41315.0,37416347.71
2023,Março,Tete,Macanga,Transferências,50098.0,37754412.66
2023,Abril,Tete,Macanga,Transferências,42289.0,34367952.96
2023,Maio,Tete,Macanga,Transferências,54507.0,41170355.73
2023,Junho,Tete,Macanga,Transferências,73257.0,55725693.0
2023,Julho,Tete,Macanga,Transferências,89480.0,63031536.0
2023,Agosto,Tete,Macanga,Transferências,89844.0,58045654.9
2023,Setembro,Tete,Macanga,Transferências,97791.0,59447617.9
2023,Outubro,Tete,Macanga,Transferências,109699.0,68395559.5
2023,Novembro,Tete,Macanga,Transferências,130462.0,78810203.92
2023,Dezembro,Tete,Macanga,Transferências,101605.0,67140842.03999999
2023,Janeiro,Tete,Mágoe,Transferências,35452.0,40874280.2
2023,Fevereiro,Tete,Mágoe,Transferências,33642.0,33020525.11
2023,Março,Tete,Mágoe,Transferências,39755.0,34759775.96
2023,Abril,Tete,Mágoe,Transferências,29951.0,28429199.06
2023,Maio,Tete,Mágoe,Transferências,42580.0,45299950.29
2023,Junho,Tete,Mágoe,Transferências,60708.0,61280123.0
2023,Julho,Tete,Mágoe,Transferências,63407.0,50394360.7
2023,Agosto,Tete,Mágoe,Transferências,67613.0,48929974.66
2023,Setembro,Tete,Mágoe,Transferências,75549.0,50295083.66
2023,Outubro,Tete,Mágoe,Transferências,78778.0,49644481.83
2023,Novembro,Tete,Mágoe,Transferências,102160.0,66859397.8
2023,Dezembro,Tete,Mágoe,Transferências,76597.0,51468672.58
2023,Janeiro,Tete,Maravia,Transferências,19079.0,20958402.0
2023,Fevereiro,Tete,Maravia,Transferências,21771.0,20972576.0
2023,Março,Tete,Maravia,Transferências,24754.0,21081160.0
2023,Abril,Tete,Maravia,Transferências,16504.0,16185899.0
2023,Maio,Tete,Maravia,Transferências,23550.0,21116219.2
2023,Junho,Tete,Maravia,Transferências,33491.0,29779997.0
2023,Julho,Tete,Maravia,Transferências,43714.0,43237456.51
2023,Agosto,Tete,Maravia,Transferências,46954.0,43242267.2
2023,Setembro,Tete,Maravia,Transferências,51260.0,44611843.2
2023,Outubro,Tete,Maravia,Transferências,54245.0,44360231.3
2023,Novembro,Tete,Maravia,Transferências,62876.0,53782954.64
2023,Dezembro,Tete,Maravia,Transferências,44849.0,37161482.11
2023,Janeiro,Tete,Moatize,Transferências,339289.0,332212686.23
2023,Fevereiro,Tete,Moatize,Transferências,274848.0,254579211.96
2023,Março,Tete,Moatize,Transferências,306932.0,280918628.08000004
2023,Abril,Tete,Moatize,Transferências,278265.0,255909149.44
2023,Maio,Tete,Moatize,Transferências,361852.0,306695268.0
2023,Junho,Tete,Moatize,Transferências,390446.0,330067932.01
2023,Julho,Tete,Moatize,Transferências,421831.0,376054724.93
2023,Agosto,Tete,Moatize,Transferências,402990.0,347417705.32
2023,Setembro,Tete,Moatize,Transferências,432054.0,361560620.32
2023,Outubro,Tete,Moatize,Transferências,435818.0,356146047.82
2023,Novembro,Tete,Moatize,Transferências,562608.0,489883024.53
2023,Dezembro,Tete,Moatize,Transferências,450707.0,383494039.75
2023,Janeiro,Tete,Mutarara,Transferências,63688.0,60391478.65
2023,Fevereiro,Tete,Mutarara,Transferências,48201.0,40009435.22
2023,Março,Tete,Mutarara,Transferências,51149.0,38461121.97
2023,Abril,Tete,Mutarara,Transferências,43482.0,34031013.85
2023,Maio,Tete,Mutarara,Transferências,61476.0,39979488.42
2023,Junho,Tete,Mutarara,Transferências,77196.0,51197056.0
2023,Julho,Tete,Mutarara,Transferências,96831.0,67519169.27
2023,Agosto,Tete,Mutarara,Transferências,105561.0,69457514.35
2023,Setembro,Tete,Mutarara,Transferências,115332.0,72099783.35
2023,Outubro,Tete,Mutarara,Transferências,126123.0,85448704.77
2023,Novembro,Tete,Mutarara,Transferências,158182.0,100561894.67
2023,Dezembro,Tete,Mutarara,Transferências,128056.0,84630848.1
2023,Janeiro,Tete,Tsangano,Transferências,24056.0,26692038.65
2023,Fevereiro,Tete,Tsangano,Transferências,25728.0,24357629.5
2023,Março,Tete,Tsangano,Transferências,31632.0,21373318.17
2023,Abril,Tete,Tsangano,Transferências,24008.0,18590524.28
2023,Maio,Tete,Tsangano,Transferências,34416.0,23395862.17
2023,Junho,Tete,Tsangano,Transferências,49850.0,31343662.4
2023,Julho,Tete,Tsangano,Transferências,66100.0,40459785.0
2023,Agosto,Tete,Tsangano,Transferências,74419.0,50023871.31
2023,Setembro,Tete,Tsangano,Transferências,82921.0,55233655.31
2023,Outubro,Tete,Tsangano,Transferências,94547.0,66121950.0
2023,Novembro,Tete,Tsangano,Transferências,123946.0,98900672.52
2023,Dezembro,Tete,Tsangano,Transferências,96433.0,79371149.16
2023,Janeiro,Tete,Zumbo,Transferências,17321.0,17227734.04
2023,Fevereiro,Tete,Zumbo,Transferências,19374.0,16621327.1
2023,Março,Tete,Zumbo,Transferências,24105.0,20111889.0
2023,Abril,Tete,Zumbo,Transferências,14726.0,11628127.0
2023,Maio,Tete,Zumbo,Transferências,18826.0,13695093.0
2023,Junho,Tete,Zumbo,Transferências,28243.0,21284717.0
2023,Julho,Tete,Zumbo,Transferências,39258.0,32019533.0
2023,Agosto,Tete,Zumbo,Transferências,42250.0,34176056.7
2023,Setembro,Tete,Zumbo,Transferências,42731.0,32714572.7
2023,Outubro,Tete,Zumbo,Transferências,45210.0,32438235.0
2023,Novembro,Tete,Zumbo,Transferências,49529.0,34671934.0
2023,Dezembro,Tete,Zumbo,Transferências,35346.0,26004187.0
2023,Janeiro,Tete,Doa,Transferências,26647.0,25340547.34
2023,Fevereiro,Tete,Doa,Transferências,27299.0,20154145.5
2023,Março,Tete,Doa,Transferências,29508.0,16033246.4
2023,Abril,Tete,Doa,Transferências,27662.0,17139019.0
2023,Maio,Tete,Doa,Transferências,34572.0,17089639.15
2023,Junho,Tete,Doa,Transferências,51022.0,25162161.0
2023,Julho,Tete,Doa,Transferências,66576.0,33796760.5
2023,Agosto,Tete,Doa,Transferências,70043.0,32383434.31
2023,Setembro,Tete,Doa,Transferências,75176.0,34286350.31
2023,Outubro,Tete,Doa,Transferências,85994.0,40136559.2
2023,Novembro,Tete,Doa,Transferências,107361.0,47688381.9
2023,Dezembro,Tete,Doa,Transferências,87016.0,38732321.26
2023,Janeiro,Tete,Marara,Transferências,62124.0,55329680.84
2023,Fevereiro,Tete,Marara,Transferências,52493.0,42998936.98
2023,Março,Tete,Marara,Transferências,58944.0,49871433.74
2023,Abril,Tete,Marara,Transferências,56239.0,48419878.98
2023,Maio,Tete,Marara,Transferências,64380.0,46081277.46
2023,Junho,Tete,Marara,Transferências,71270.0,52738620.43
2023,Julho,Tete,Marara,Transferências,73543.0,56193118.85
2023,Agosto,Tete,Marara,Transferências,72214.0,54768244.76
2023,Setembro,Tete,Marara,Transferências,72754.0,55505901.76
2023,Outubro,Tete,Marara,Transferências,76890.0,60008698.87
2023,Novembro,Tete,Marara,Transferências,89940.0,68955049.15
2023,Dezembro,Tete,Marara,Transferências,85932.0,73275005.62
2023,Janeiro,Zambézia,Cidade de Quelimane,Transferências,717695.0,663227860.71
2023,Fevereiro,Zambézia,Cidade de Quelimane,Transferências,570292.0,465636922.27
2023,Março,Zambézia,Cidade de Quelimane,Transferências,513063.0,438046133.75
2023,Abril,Zambézia,Cidade de Quelimane,Transferências,451498.0,395104823.61
2023,Maio,Zambézia,Cidade de Quelimane,Transferências,682882.0,530168495.66
2023,Junho,Zambézia,Cidade de Quelimane,Transferências,801082.0,619668410.77
2023,Julho,Zambézia,Cidade de Quelimane,Transferências,947124.0,764608606.5899999
2023,Agosto,Zambézia,Cidade de Quelimane,Transferências,1018206.0,795331247.87
2023,Setembro,Zambézia,Cidade de Quelimane,Transferências,1085988.0,817758153.87
2023,Outubro,Zambézia,Cidade de Quelimane,Transferências,1139290.0,849813606.5
2023,Novembro,Zambézia,Cidade de Quelimane,Transferências,1457130.0,1184952975.75
2023,Dezembro,Zambézia,Cidade de Quelimane,Transferências,1448284.0,1123877188.49
2023,Janeiro,Zambézia,Alto Molócuè,Transferências,121946.0,127036023.52
2023,Fevereiro,Zambézia,Alto Molócuè,Transferências,99696.0,89678614.5
2023,Março,Zambézia,Alto Molócuè,Transferências,107924.0,90156427.14
2023,Abril,Zambézia,Alto Molócuè,Transferências,88714.0,82195778.68
2023,Maio,Zambézia,Alto Molócuè,Transferências,129723.0,115000774.27
2023,Junho,Zambézia,Alto Molócuè,Transferências,156289.0,120236395.72
2023,Julho,Zambézia,Alto Molócuè,Transferências,196599.0,159873548.32999998
2023,Agosto,Zambézia,Alto Molócuè,Transferências,213584.0,172188523.55
2023,Setembro,Zambézia,Alto Molócuè,Transferências,223807.0,165731836.55
2023,Outubro,Zambézia,Alto Molócuè,Transferências,239799.0,179354826.99
2023,Novembro,Zambézia,Alto Molócuè,Transferências,297252.0,235055331.97
2023,Dezembro,Zambézia,Alto Molócuè,Transferências,272119.0,215332069.07
2023,Janeiro,Zambézia,Chinde,Transferências,40353.0,31487715.25
2023,Fevereiro,Zambézia,Chinde,Transferências,31845.0,21804536.01
2023,Março,Zambézia,Chinde,Transferências,19682.0,14559123.99
2023,Abril,Zambézia,Chinde,Transferências,19139.0,13762276.4
2023,Maio,Zambézia,Chinde,Transferências,34972.0,22196240.39
2023,Junho,Zambézia,Chinde,Transferências,47212.0,25099402.0
2023,Julho,Zambézia,Chinde,Transferências,56972.0,32387072.5
2023,Agosto,Zambézia,Chinde,Transferências,60983.0,32766340.89
2023,Setembro,Zambézia,Chinde,Transferências,62414.0,31577966.89
2023,Outubro,Zambézia,Chinde,Transferências,67933.0,34094374.84
2023,Novembro,Zambézia,Chinde,Transferências,84107.0,44900429.92
2023,Dezembro,Zambézia,Chinde,Transferências,71007.0,41089807.23
2023,Janeiro,Zambézia,Gurúè,Transferências,170391.0,153460201.05
2023,Fevereiro,Zambézia,Gurúè,Transferências,148919.0,121133820.89
2023,Março,Zambézia,Gurúè,Transferências,160741.0,106399718.17
2023,Abril,Zambézia,Gurúè,Transferências,127345.0,95787592.08
2023,Maio,Zambézia,Gurúè,Transferências,185862.0,142939236.03
2023,Junho,Zambézia,Gurúè,Transferências,241785.0,157736669.72
2023,Julho,Zambézia,Gurúè,Transferências,320375.0,252462449.0
2023,Agosto,Zambézia,Gurúè,Transferências,364288.0,298702461.42
2023,Setembro,Zambézia,Gurúè,Transferências,379655.0,226554858.42
2023,Outubro,Zambézia,Gurúè,Transferências,406241.0,225445735.28
2023,Novembro,Zambézia,Gurúè,Transferências,494065.0,286557201.35
2023,Dezembro,Zambézia,Gurúè,Transferências,418414.0,243006653.07
2023,Janeiro,Zambézia,Ile,Transferências,64030.0,58808026.38
2023,Fevereiro,Zambézia,Ile,Transferências,54446.0,44068822.17
2023,Março,Zambézia,Ile,Transferências,59240.0,41206786.370000005
2023,Abril,Zambézia,Ile,Transferências,49515.0,38326652.35
2023,Maio,Zambézia,Ile,Transferências,66838.0,46631832.05
2023,Junho,Zambézia,Ile,Transferências,87932.0,53199676.05
2023,Julho,Zambézia,Ile,Transferências,112006.0,70685685.2
2023,Agosto,Zambézia,Ile,Transferências,122977.0,76704071.89
2023,Setembro,Zambézia,Ile,Transferências,127875.0,66964263.89
2023,Outubro,Zambézia,Ile,Transferências,134120.0,68406882.14
2023,Novembro,Zambézia,Ile,Transferências,167648.0,89266715.84
2023,Dezembro,Zambézia,Ile,Transferências,144266.0,77119235.11
2023,Janeiro,Zambézia,Inhassunge,Transferências,23446.0,17720886.61
2023,Fevereiro,Zambézia,Inhassunge,Transferências,17856.0,12055044.23
2023,Março,Zambézia,Inhassunge,Transferências,13440.0,10632325.43
2023,Abril,Zambézia,Inhassunge,Transferências,13359.0,10199702.91
2023,Maio,Zambézia,Inhassunge,Transferências,25604.0,16424793.34
2023,Junho,Zambézia,Inhassunge,Transferências,35170.0,21970042.22
2023,Julho,Zambézia,Inhassunge,Transferências,43962.0,25644935.85
2023,Agosto,Zambézia,Inhassunge,Transferências,49570.0,30888375.58
2023,Setembro,Zambézia,Inhassunge,Transferências,49965.0,29271030.58
2023,Outubro,Zambézia,Inhassunge,Transferências,52864.0,29981940.21
2023,Novembro,Zambézia,Inhassunge,Transferências,69940.0,41049127.83
2023,Dezembro,Zambézia,Inhassunge,Transferências,57201.0,32102786.16
2023,Janeiro,Zambézia,Lugela,Transferências,34562.0,18146226.66
2023,Fevereiro,Zambézia,Lugela,Transferências,34803.0,15046195.11
2023,Março,Zambézia,Lugela,Transferências,43044.0,17777391.43
2023,Abril,Zambézia,Lugela,Transferências,34095.0,14310692.76
2023,Maio,Zambézia,Lugela,Transferências,51327.0,19261527.0
2023,Junho,Zambézia,Lugela,Transferências,78086.0,27164980.0
2023,Julho,Zambézia,Lugela,Transferências,103899.0,36782101.78
2023,Agosto,Zambézia,Lugela,Transferências,107709.0,37000618.12
2023,Setembro,Zambézia,Lugela,Transferências,120726.0,41481190.12
2023,Outubro,Zambézia,Lugela,Transferências,139819.0,50351366.96
2023,Novembro,Zambézia,Lugela,Transferências,159123.0,50776107.72
2023,Dezembro,Zambézia,Lugela,Transferências,132215.0,42410836.51
2023,Janeiro,Zambézia,Gilé,Transferências,101211.0,72863433.46000001
2023,Fevereiro,Zambézia,Gilé,Transferências,103554.0,67296736.66
2023,Março,Zambézia,Gilé,Transferências,117589.0,70711471.3
2023,Abril,Zambézia,Gilé,Transferências,83506.0,57993489.2
2023,Maio,Zambézia,Gilé,Transferências,124671.0,79503361.47
2023,Junho,Zambézia,Gilé,Transferências,162238.0,88902356.0
2023,Julho,Zambézia,Gilé,Transferências,205235.0,105810481.69
2023,Agosto,Zambézia,Gilé,Transferências,227460.0,113576669.65
2023,Setembro,Zambézia,Gilé,Transferências,242177.0,115624469.65
2023,Outubro,Zambézia,Gilé,Transferências,262389.0,121616984.03
2023,Novembro,Zambézia,Gilé,Transferências,321375.0,161912873.86
2023,Dezembro,Zambézia,Gilé,Transferências,266716.0,139101118.61
2023,Janeiro,Zambézia,Maganja da Costa,Transferências,73579.0,67536861.87
2023,Fevereiro,Zambézia,Maganja da Costa,Transferências,64811.0,49445288.97
2023,Março,Zambézia,Maganja da Costa,Transferências,71189.0,49459718.22
2023,Abril,Zambézia,Maganja da Costa,Transferências,61236.0,45420876.09
2023,Maio,Zambézia,Maganja da Costa,Transferências,94995.0,66873381.81
2023,Junho,Zambézia,Maganja da Costa,Transferências,121494.0,75812724.3
2023,Julho,Zambézia,Maganja da Costa,Transferências,162448.0,106631056.22
2023,Agosto,Zambézia,Maganja da Costa,Transferências,183801.0,126315984.67
2023,Setembro,Zambézia,Maganja da Costa,Transferências,193264.0,121512818.67
2023,Outubro,Zambézia,Maganja da Costa,Transferências,205670.0,128673732.24
2023,Novembro,Zambézia,Maganja da Costa,Transferências,254840.0,171787848.3
2023,Dezembro,Zambézia,Maganja da Costa,Transferências,232099.0,164018712.77
2023,Janeiro,Zambézia,Milange,Transferências,125333.0,109729376.91
2023,Fevereiro,Zambézia,Milange,Transferências,111857.0,88528110.4
2023,Março,Zambézia,Milange,Transferências,124004.0,81555522.55
2023,Abril,Zambézia,Milange,Transferências,98061.0,69535541.49000001
2023,Maio,Zambézia,Milange,Transferências,145578.0,98528198.51
2023,Junho,Zambézia,Milange,Transferências,199340.0,111247210.41
2023,Julho,Zambézia,Milange,Transferências,257795.0,142122748.47
2023,Agosto,Zambézia,Milange,Transferências,279382.0,155555329.72
2023,Setembro,Zambézia,Milange,Transferências,297096.0,144298424.72
2023,Outubro,Zambézia,Milange,Transferências,310567.0,158077459.0
2023,Novembro,Zambézia,Milange,Transferências,374300.0,204223716.17
2023,Dezembro,Zambézia,Milange,Transferências,306404.0,168252444.2
2023,Janeiro,Zambézia,Mocuba,Transferências,327640.0,319273251.87
2023,Fevereiro,Zambézia,Mocuba,Transferências,268106.0,228234727.93
2023,Março,Zambézia,Mocuba,Transferências,297097.0,238407325.72
2023,Abril,Zambézia,Mocuba,Transferências,254486.0,212320570.96
2023,Maio,Zambézia,Mocuba,Transferências,349265.0,294629685.49
2023,Junho,Zambézia,Mocuba,Transferências,412745.0,332366664.61
2023,Julho,Zambézia,Mocuba,Transferências,487481.0,388784739.47
2023,Agosto,Zambézia,Mocuba,Transferências,519162.0,415682387.47
2023,Setembro,Zambézia,Mocuba,Transferências,561067.0,415837546.47
2023,Outubro,Zambézia,Mocuba,Transferências,595934.0,456230594.99
2023,Novembro,Zambézia,Mocuba,Transferências,740485.0,583576629.6800001
2023,Dezembro,Zambézia,Mocuba,Transferências,660074.0,524345396.09
2023,Janeiro,Zambézia,Mopeia,Transferências,70942.0,55065301.49
2023,Fevereiro,Zambézia,Mopeia,Transferências,63054.0,37885418.44
2023,Março,Zambézia,Mopeia,Transferências,63873.0,34349436.72
2023,Abril,Zambézia,Mopeia,Transferências,51768.0,29231997.23
2023,Maio,Zambézia,Mopeia,Transferências,85024.0,45571193.260000005
2023,Junho,Zambézia,Mopeia,Transferências,110721.0,53009437.9
2023,Julho,Zambézia,Mopeia,Transferências,139907.0,68273586.0
2023,Agosto,Zambézia,Mopeia,Transferências,149465.0,75108797.41
2023,Setembro,Zambézia,Mopeia,Transferências,155359.0,70109492.41
2023,Outubro,Zambézia,Mopeia,Transferências,153679.0,76892670.48
2023,Novembro,Zambézia,Mopeia,Transferências,207181.0,105938155.55
2023,Dezembro,Zambézia,Mopeia,Transferências,171028.0,88699514.58
2023,Janeiro,Zambézia,Morrumbala,Transferências,123874.0,72653655.56
2023,Fevereiro,Zambézia,Morrumbala,Transferências,139004.0,63786742.11
2023,Março,Zambézia,Morrumbala,Transferências,152392.0,66491360.46
2023,Abril,Zambézia,Morrumbala,Transferências,116124.0,53907588.82
2023,Maio,Zambézia,Morrumbala,Transferências,173473.0,71624483.66
2023,Junho,Zambézia,Morrumbala,Transferências,259954.0,104131672.06
2023,Julho,Zambézia,Morrumbala,Transferências,348865.0,148417699.02
2023,Agosto,Zambézia,Morrumbala,Transferências,358529.0,145434589.98
2023,Setembro,Zambézia,Morrumbala,Transferências,397299.0,155571047.98
2023,Outubro,Zambézia,Morrumbala,Transferências,420669.0,168220907.98
2023,Novembro,Zambézia,Morrumbala,Transferências,520657.0,208047881.78
2023,Dezembro,Zambézia,Morrumbala,Transferências,454870.0,171339514.56
2023,Janeiro,Zambézia,Namacurra,Transferências,94081.0,84685376.75
2023,Fevereiro,Zambézia,Namacurra,Transferências,73033.0,60380972.15
2023,Março,Zambézia,Namacurra,Transferências,61040.0,50537907.57
2023,Abril,Zambézia,Namacurra,Transferências,53472.0,45011476.82
2023,Maio,Zambézia,Namacurra,Transferências,86503.0,59881636.46
2023,Junho,Zambézia,Namacurra,Transferências,98937.0,63345928.4
2023,Julho,Zambézia,Namacurra,Transferências,120501.0,80091073.91
2023,Agosto,Zambézia,Namacurra,Transferências,134200.0,86718700.66
2023,Setembro,Zambézia,Namacurra,Transferências,138944.0,86403730.66
2023,Outubro,Zambézia,Namacurra,Transferências,149162.0,91157960.98
2023,Novembro,Zambézia,Namacurra,Transferências,199747.0,147913246.07
2023,Dezembro,Zambézia,Namacurra,Transferências,182550.0,110832672.43
2023,Janeiro,Zambézia,Namarroi,Transferências,36939.0,19084715.91
2023,Fevereiro,Zambézia,Namarroi,Transferências,37857.0,16753201.67
2023,Março,Zambézia,Namarroi,Transferências,46287.0,16653186.72
2023,Abril,Zambézia,Namarroi,Transferências,34940.0,12960099.59
2023,Maio,Zambézia,Namarroi,Transferências,52493.0,18266771.2
2023,Junho,Zambézia,Namarroi,Transferências,72283.0,20368035.0
2023,Julho,Zambézia,Namarroi,Transferências,102086.0,31659648.5
2023,Agosto,Zambézia,Namarroi,Transferências,117454.0,34226554.5
2023,Setembro,Zambézia,Namarroi,Transferências,120645.0,28694072.5
2023,Outubro,Zambézia,Namarroi,Transferências,123839.0,29605972.0
2023,Novembro,Zambézia,Namarroi,Transferências,148607.0,40061820.96
2023,Dezembro,Zambézia,Namarroi,Transferências,116134.0,30496645.75
2023,Janeiro,Zambézia,Nicoadala,Transferências,153029.0,123985065.35
2023,Fevereiro,Zambézia,Nicoadala,Transferências,116353.0,81593817.24000001
2023,Março,Zambézia,Nicoadala,Transferências,102108.0,77078195.39
2023,Abril,Zambézia,Nicoadala,Transferências,85233.0,63352491.26
2023,Maio,Zambézia,Nicoadala,Transferências,127137.0,81680789.89
2023,Junho,Zambézia,Nicoadala,Transferências,160965.0,101841188.71
2023,Julho,Zambézia,Nicoadala,Transferências,189372.0,132690696.05
2023,Agosto,Zambézia,Nicoadala,Transferências,209986.0,139838522.6
2023,Setembro,Zambézia,Nicoadala,Transferências,214228.0,135398032.6
2023,Outubro,Zambézia,Nicoadala,Transferências,230699.0,152526534.2
2023,Novembro,Zambézia,Nicoadala,Transferências,306508.0,221701257.99
2023,Dezembro,Zambézia,Nicoadala,Transferências,275011.0,184956260.19
2023,Janeiro,Zambézia,Pebane,Transferências,98531.0,75866033.38
2023,Fevereiro,Zambézia,Pebane,Transferências,105813.0,68080406.13
2023,Março,Zambézia,Pebane,Transferências,115708.0,68498056.01
2023,Abril,Zambézia,Pebane,Transferências,82442.0,46650136.260000005
2023,Maio,Zambézia,Pebane,Transferências,129788.0,66748326.3
2023,Junho,Zambézia,Pebane,Transferências,180382.0,87879962.0
2023,Julho,Zambézia,Pebane,Transferências,217020.0,92416527.65
2023,Agosto,Zambézia,Pebane,Transferências,251992.0,112215967.07
2023,Setembro,Zambézia,Pebane,Transferências,278684.0,114895891.07
2023,Outubro,Zambézia,Pebane,Transferências,304092.0,138258499.77
2023,Novembro,Zambézia,Pebane,Transferências,394856.0,200657071.54
2023,Dezembro,Zambézia,Pebane,Transferências,318755.0,154053745.77
2023,Janeiro,Zambézia,Molumbo,Transferências,42525.0,29260847.75
2023,Fevereiro,Zambézia,Molumbo,Transferências,48346.0,27085788.9
2023,Março,Zambézia,Molumbo,Transferências,59402.0,28219487.15
2023,Abril,Zambézia,Molumbo,Transferências,45357.0,23488181.65
2023,Maio,Zambézia,Molumbo,Transferências,70717.0,34892231.04
2023,Junho,Zambézia,Molumbo,Transferências,117125.0,52649677.0
2023,Julho,Zambézia,Molumbo,Transferências,168267.0,85757244.15
2023,Agosto,Zambézia,Molumbo,Transferências,172188.0,82344575.86
2023,Setembro,Zambézia,Molumbo,Transferências,172184.0,62866441.86
2023,Outubro,Zambézia,Molumbo,Transferências,174060.0,63278999.59
2023,Novembro,Zambézia,Molumbo,Transferências,197581.0,72347222.42
2023,Dezembro,Zambézia,Molumbo,Transferências,151959.0,59482297.58
2023,Janeiro,Zambézia,Mocubela,Transferências,30980.0,35418108.04
2023,Fevereiro,Zambézia,Mocubela,Transferências,23543.0,27298799.15
2023,Março,Zambézia,Mocubela,Transferências,21728.0,22976306.59
2023,Abril,Zambézia,Mocubela,Transferências,21274.0,22406153.79
2023,Maio,Zambézia,Mocubela,Transferências,29247.0,27803255.79
2023,Junho,Zambézia,Mocubela,Transferências,21794.0,18987933.02
2023,Julho,Zambézia,Mocubela,Transferências,19949.0,15941821.1
2023,Agosto,Zambézia,Mocubela,Transferências,18233.0,14731124.15
2023,Setembro,Zambézia,Mocubela,Transferências,18233.0,14731124.15
2023,Outubro,Zambézia,Mocubela,Transferências,16374.0,11484460.48
2023,Novembro,Zambézia,Mocubela,Transferências,16453.0,12467073.98
2023,Dezembro,Zambézia,Mocubela,Transferências,25416.0,9213192.03
2023,Janeiro,Zambézia,Mulevala,Transferências,51842.0,40602097.81
2023,Fevereiro,Zambézia,Mulevala,Transferências,54753.0,37810908.19
2023,Março,Zambézia,Mulevala,Transferências,63500.0,35103037.74
2023,Abril,Zambézia,Mulevala,Transferências,49474.0,32065057.31
2023,Maio,Zambézia,Mulevala,Transferências,76268.0,44254012.22
2023,Junho,Zambézia,Mulevala,Transferências,102069.0,44275347.06
2023,Julho,Zambézia,Mulevala,Transferências,134537.0,60470202.5
2023,Agosto,Zambézia,Mulevala,Transferências,153571.0,77207710.5
2023,Setembro,Zambézia,Mulevala,Transferências,163135.0,74857105.5
2023,Outubro,Zambézia,Mulevala,Transferências,173362.0,85803695.32
2023,Novembro,Zambézia,Mulevala,Transferências,210337.0,109835212.38
2023,Dezembro,Zambézia,Mulevala,Transferências,171515.0,89010164.66
2023,Janeiro,Zambézia,Luabo,Transferências,21435.0,18996339.95
2023,Fevereiro,Zambézia,Luabo,Transferências,15741.0,12241926.07
2023,Março,Zambézia,Luabo,Transferências,18216.0,12712039.96
2023,Abril,Zambézia,Luabo,Transferências,17633.0,12025746.96
2023,Maio,Zambézia,Luabo,Transferências,18917.0,11707015.58
2023,Junho,Zambézia,Luabo,Transferências,16895.0,10489100.8
2023,Julho,Zambézia,Luabo,Transferências,16809.0,11990953.78
2023,Agosto,Zambézia,Luabo,Transferências,15763.0,9952560.41
2023,Setembro,Zambézia,Luabo,Transferências,15763.0,9952560.41
2023,Outubro,Zambézia,Luabo,Transferências,15399.0,7806308.12
2023,Novembro,Zambézia,Luabo,Transferências,15918.0,9773566.77
2023,Dezembro,Zambézia,Luabo,Transferências,20383.0,9128242.94
2023,Janeiro,Zambézia,Derre,Transferências,5766.0,6006471.7
2023,Fevereiro,Zambézia,Derre,Transferências,4902.0,4543873.71
2023,Março,Zambézia,Derre,Transferências,3748.0,3102057.5
2023,Abril,Zambézia,Derre,Transferências,3212.0,2750764.3
2023,Maio,Zambézia,Derre,Transferências,5002.0,3553780.5
2023,Junho,Zambézia,Derre,Transferências,5556.0,3443567.0
2023,Julho,Zambézia,Derre,Transferências,5461.0,3694560.0
2023,Agosto,Zambézia,Derre,Transferências,4285.0,2596143.01
2023,Setembro,Zambézia,Derre,Transferências,4285.0,2596143.01
2023,Outubro,Zambézia,Derre,Transferências,6710.0,5038125.05
2023,Novembro,Zambézia,Derre,Transferências,7700.0,5825175.85
2023,Dezembro,Zambézia,Derre,Transferências,4800.0,3029746.3
2023,Janeiro,Nampula,Cidade de Nampula,Transferências,2218280.0,2087861938.43
2023,Fevereiro,Nampula,Cidade de Nampula,Transferências,1833086.0,1658590137.65
2023,Março,Nampula,Cidade de Nampula,Transferências,2017610.0,1670877297.94
2023,Abril,Nampula,Cidade de Nampula,Transferências,1707787.0,1469495372.71
2023,Maio,Nampula,Cidade de Nampula,Transferências,2228987.0,1828795498.77
2023,Junho,Nampula,Cidade de Nampula,Transferências,2566434.0,2178447478.9300003
2023,Julho,Nampula,Cidade de Nampula,Transferências,3056248.0,2694907325.22
2023,Agosto,Nampula,Cidade de Nampula,Transferências,3306924.0,2906501176.63
2023,Setembro,Nampula,Cidade de Nampula,Transferências,3582077.0,2944526409.76
2023,Outubro,Nampula,Cidade de Nampula,Transferências,3696974.0,2995549345.26
2023,Novembro,Nampula,Cidade de Nampula,Transferências,4648399.0,4010627445.9
2023,Dezembro,Nampula,Cidade de Nampula,Transferências,4330243.0,3714490653.58
2023,Janeiro,Nampula,Cidade de Nacala-Porto,Transferências,704802.0,561269491.96
2023,Fevereiro,Nampula,Cidade de Nacala-Porto,Transferências,594705.0,466683154.92
2023,Março,Nampula,Cidade de Nacala-Porto,Transferências,657725.0,476357880.75
2023,Abril,Nampula,Cidade de Nacala-Porto,Transferências,550892.0,412402760.78
2023,Maio,Nampula,Cidade de Nacala-Porto,Transferências,729021.0,494904307.43
2023,Junho,Nampula,Cidade de Nacala-Porto,Transferências,860372.0,573341655.24
2023,Julho,Nampula,Cidade de Nacala-Porto,Transferências,1061869.0,709535429.26
2023,Agosto,Nampula,Cidade de Nacala-Porto,Transferências,1174134.0,787887821.23
2023,Setembro,Nampula,Cidade de Nacala-Porto,Transferências,1296205.0,848526616.23
2023,Outubro,Nampula,Cidade de Nacala-Porto,Transferências,1319993.0,836031836.1500001
2023,Novembro,Nampula,Cidade de Nacala-Porto,Transferências,1692013.0,1157353725.8
2023,Dezembro,Nampula,Cidade de Nacala-Porto,Transferências,1561714.0,1029916683.24
2023,Janeiro,Nampula,Angoche,Transferências,194925.0,145749292.94
2023,Fevereiro,Nampula,Angoche,Transferências,180300.0,120522681.86
2023,Março,Nampula,Angoche,Transferências,210379.0,105620500.99
2023,Abril,Nampula,Angoche,Transferências,146544.0,84191200.22999999
2023,Maio,Nampula,Angoche,Transferências,216167.0,114976556.72
2023,Junho,Nampula,Angoche,Transferências,301464.0,150455269.2
2023,Julho,Nampula,Angoche,Transferências,385239.0,167119443.66
2023,Agosto,Nampula,Angoche,Transferências,433139.0,178114490.97
2023,Setembro,Nampula,Angoche,Transferências,474434.0,189798352.97
2023,Outubro,Nampula,Angoche,Transferências,511296.0,194577022.71
2023,Novembro,Nampula,Angoche,Transferências,659671.0,250827406.71
2023,Dezembro,Nampula,Angoche,Transferências,623784.0,218153492.02
2023,Janeiro,Nampula,Ilha de Moçambique,Transferências,84605.0,65332823.63
2023,Fevereiro,Nampula,Ilha de Moçambique,Transferências,67566.0,47635224.57
2023,Março,Nampula,Ilha de Moçambique,Transferências,69971.0,46901512.33
2023,Abril,Nampula,Ilha de Moçambique,Transferências,63767.0,43455789.18
2023,Maio,Nampula,Ilha de Moçambique,Transferências,83834.0,50848876.26
2023,Junho,Nampula,Ilha de Moçambique,Transferências,92841.0,57884149.25
2023,Julho,Nampula,Ilha de Moçambique,Transferências,107881.0,63814934.32
2023,Agosto,Nampula,Ilha de Moçambique,Transferências,113569.0,73304158.64
2023,Setembro,Nampula,Ilha de Moçambique,Transferências,127863.0,83582555.64
2023,Outubro,Nampula,Ilha de Moçambique,Transferências,132027.0,76869977.95
2023,Novembro,Nampula,Ilha de Moçambique,Transferências,163118.0,94962334.48
2023,Dezembro,Nampula,Ilha de Moçambique,Transferências,158601.0,86772436.41
2023,Janeiro,Nampula,Lalaua,Transferências,19913.0,14228336.4
2023,Fevereiro,Nampula,Lalaua,Transferências,20041.0,12721663.59
2023,Março,Nampula,Lalaua,Transferências,23206.0,11976641.28
2023,Abril,Nampula,Lalaua,Transferências,16288.0,9602197.28
2023,Maio,Nampula,Lalaua,Transferências,25750.0,16693708.2
2023,Junho,Nampula,Lalaua,Transferências,36855.0,22897727.5
2023,Julho,Nampula,Lalaua,Transferências,52450.0,35148405.0
2023,Agosto,Nampula,Lalaua,Transferências,56009.0,37062232.02
2023,Setembro,Nampula,Lalaua,Transferências,57741.0,32289672.02
2023,Outubro,Nampula,Lalaua,Transferências,59713.0,27019096.0
2023,Novembro,Nampula,Lalaua,Transferências,70014.0,32232349.22
2023,Dezembro,Nampula,Lalaua,Transferências,56218.0,26275293.0
2023,Janeiro,Nampula,Malema,Transferências,74100.0,66800794.55
2023,Fevereiro,Nampula,Malema,Transferências,62598.0,46242147.77
2023,Março,Nampula,Malema,Transferências,71795.0,48136501.379999995
2023,Abril,Nampula,Malema,Transferências,52475.0,38098086.260000005
2023,Maio,Nampula,Malema,Transferências,73031.0,48807912.02
2023,Junho,Nampula,Malema,Transferências,103838.0,74583555.05
2023,Julho,Nampula,Malema,Transferências,142085.0,105508698.2
2023,Agosto,Nampula,Malema,Transferências,165624.0,125377437.66
2023,Setembro,Nampula,Malema,Transferências,167249.0,98604810.66
2023,Outubro,Nampula,Malema,Transferências,178404.0,96127553.43
2023,Novembro,Nampula,Malema,Transferências,221912.0,122451967.66
2023,Dezembro,Nampula,Malema,Transferências,187781.0,104818559.09
2023,Janeiro,Nampula,Meconta (Namialo),Transferências,115142.0,93527066.93
2023,Fevereiro,Nampula,Meconta (Namialo),Transferências,88958.0,62014068.44
2023,Março,Nampula,Meconta (Namialo),Transferências,92612.0,60801133.61
2023,Abril,Nampula,Meconta (Namialo),Transferências,79066.0,53197613.91
2023,Maio,Nampula,Meconta (Namialo),Transferências,109944.0,68892568.78999999
2023,Junho,Nampula,Meconta (Namialo),Transferências,134251.0,84346896.71000001
2023,Julho,Nampula,Meconta (Namialo),Transferências,161774.0,104259829.35
2023,Agosto,Nampula,Meconta (Namialo),Transferências,174688.0,105816626.05
2023,Setembro,Nampula,Meconta (Namialo),Transferências,188320.0,107397214.05
2023,Outubro,Nampula,Meconta (Namialo),Transferências,197717.0,106266440.94
2023,Novembro,Nampula,Meconta (Namialo),Transferências,270886.0,155314963.97
2023,Dezembro,Nampula,Meconta (Namialo),Transferências,395251.0,133099435.63
2023,Janeiro,Nampula,Mecuburi,Transferências,49326.0,31859922.71
2023,Fevereiro,Nampula,Mecuburi,Transferências,50307.0,30756276.3
2023,Março,Nampula,Mecuburi,Transferências,56312.0,29128953.76
2023,Abril,Nampula,Mecuburi,Transferências,35220.0,19727833.81
2023,Maio,Nampula,Mecuburi,Transferências,49722.0,25917982.5
2023,Junho,Nampula,Mecuburi,Transferências,63639.0,29431222.15
2023,Julho,Nampula,Mecuburi,Transferências,85704.0,39971424.44
2023,Agosto,Nampula,Mecuburi,Transferências,94564.0,44200426.44
2023,Setembro,Nampula,Mecuburi,Transferências,101252.0,45565685.44
2023,Outubro,Nampula,Mecuburi,Transferências,107063.0,46186207.25
2023,Novembro,Nampula,Mecuburi,Transferências,127492.0,57256357.17
2023,Dezembro,Nampula,Mecuburi,Transferências,101751.0,48301643.54
2023,Janeiro,Nampula,Memba,Transferências,72882.0,48936225.8
2023,Fevereiro,Nampula,Memba,Transferências,77123.0,44084566.45
2023,Março,Nampula,Memba,Transferências,98683.0,47336965.07
2023,Abril,Nampula,Memba,Transferências,70067.0,35423184.63
2023,Maio,Nampula,Memba,Transferências,108681.0,46795811.96
2023,Junho,Nampula,Memba,Transferências,155031.0,66551718.45
2023,Julho,Nampula,Memba,Transferências,203028.0,81896767.8
2023,Agosto,Nampula,Memba,Transferências,220873.0,86032797.19
2023,Setembro,Nampula,Memba,Transferências,234436.0,81381352.19
2023,Outubro,Nampula,Memba,Transferências,270882.0,94131044.18
2023,Novembro,Nampula,Memba,Transferências,322016.0,111259961.72
2023,Dezembro,Nampula,Memba,Transferências,258549.0,90242822.48
2023,Janeiro,Nampula,Mogincual,Transferências,62292.0,35014544.32
2023,Fevereiro,Nampula,Mogincual,Transferências,67928.0,32370402.5
2023,Março,Nampula,Mogincual,Transferências,76464.0,33440002.69
2023,Abril,Nampula,Mogincual,Transferências,45257.0,20066239.79
2023,Maio,Nampula,Mogincual,Transferências,70612.0,33534181.88
2023,Junho,Nampula,Mogincual,Transferências,102903.0,44286442.28
2023,Julho,Nampula,Mogincual,Transferências,128643.0,47630161.0
2023,Agosto,Nampula,Mogincual,Transferências,138101.0,54656064.55
2023,Setembro,Nampula,Mogincual,Transferências,142893.0,47326673.55
2023,Outubro,Nampula,Mogincual,Transferências,159233.0,53374024.68
2023,Novembro,Nampula,Mogincual,Transferências,200447.0,68483795.15
2023,Dezembro,Nampula,Mogincual,Transferências,219883.0,58226669.1
2023,Janeiro,Nampula,Mogovolas,Transferências,78209.0,57443350.510000005
2023,Fevereiro,Nampula,Mogovolas,Transferências,79846.0,42821810.1
2023,Março,Nampula,Mogovolas,Transferências,107379.0,53398857.47
2023,Abril,Nampula,Mogovolas,Transferências,69582.0,36891256.78
2023,Maio,Nampula,Mogovolas,Transferências,107671.0,56621761.8
2023,Junho,Nampula,Mogovolas,Transferências,151668.0,71427087.21000001
2023,Julho,Nampula,Mogovolas,Transferências,206247.0,87861375.8
2023,Agosto,Nampula,Mogovolas,Transferências,224696.0,89150085.0
2023,Setembro,Nampula,Mogovolas,Transferências,237813.0,90309973.0
2023,Outubro,Nampula,Mogovolas,Transferências,258741.0,103987971.24
2023,Novembro,Nampula,Mogovolas,Transferências,333769.0,141197920.0
2023,Dezembro,Nampula,Mogovolas,Transferências,275959.0,120449136.9
2023,Janeiro,Nampula,Moma,Transferências,253854.0,202702319.46
2023,Fevereiro,Nampula,Moma,Transferências,244115.0,150271077.57
2023,Março,Nampula,Moma,Transferências,304553.0,171896716.56
2023,Abril,Nampula,Moma,Transferências,210913.0,133648045.81
2023,Maio,Nampula,Moma,Transferências,304471.0,170773368.59
2023,Junho,Nampula,Moma,Transferências,408701.0,214029981.21
2023,Julho,Nampula,Moma,Transferências,510139.0,247767225.2
2023,Agosto,Nampula,Moma,Transferências,538130.0,241328776.0
2023,Setembro,Nampula,Moma,Transferências,587170.0,255704956.0
2023,Outubro,Nampula,Moma,Transferências,647465.0,272435902.82
2023,Novembro,Nampula,Moma,Transferências,797532.0,349388461.51
2023,Dezembro,Nampula,Moma,Transferências,659587.0,301209613.92
2023,Janeiro,Nampula,Monapo,Transferências,97948.0,71368351.27000001
2023,Fevereiro,Nampula,Monapo,Transferências,75414.0,47870208.77
2023,Março,Nampula,Monapo,Transferências,87788.0,51426487.86
2023,Abril,Nampula,Monapo,Transferências,75036.0,43212355.25
2023,Maio,Nampula,Monapo,Transferências,114243.0,57893810.45
2023,Junho,Nampula,Monapo,Transferências,143959.0,71494289.58
2023,Julho,Nampula,Monapo,Transferências,196673.0,96209572.0
2023,Agosto,Nampula,Monapo,Transferências,215134.0,100714155.35
2023,Setembro,Nampula,Monapo,Transferências,233762.0,102935836.35
2023,Outubro,Nampula,Monapo,Transferências,252285.0,106620845.45
2023,Novembro,Nampula,Monapo,Transferências,313042.0,144686463.22
2023,Dezembro,Nampula,Monapo,Transferências,246498.0,115446702.0
2023,Janeiro,Nampula,Mossuril,Transferências,52740.0,36722109.239999995
2023,Fevereiro,Nampula,Mossuril,Transferências,43335.0,27818180.61
2023,Março,Nampula,Mossuril,Transferências,43859.0,23049825.65
2023,Abril,Nampula,Mossuril,Transferências,39119.0,20851358.95
2023,Maio,Nampula,Mossuril,Transferências,54037.0,26881439.94
2023,Junho,Nampula,Mossuril,Transferências,64799.0,35143787.5
2023,Julho,Nampula,Mossuril,Transferências,76157.0,37622210.81
2023,Agosto,Nampula,Mossuril,Transferências,81121.0,40452722.5
2023,Setembro,Nampula,Mossuril,Transferências,87533.0,41809352.5
2023,Outubro,Nampula,Mossuril,Transferências,96778.0,46130582.39
2023,Novembro,Nampula,Mossuril,Transferências,120169.0,66233933.14
2023,Dezembro,Nampula,Mossuril,Transferências,98907.0,57046498.23
2023,Janeiro,Nampula,Muecate,Transferências,20709.0,14574447.17
2023,Fevereiro,Nampula,Muecate,Transferências,18581.0,10639843.2
2023,Março,Nampula,Muecate,Transferências,22918.0,12319230.9
2023,Abril,Nampula,Muecate,Transferências,17449.0,8624801.7
2023,Maio,Nampula,Muecate,Transferências,25838.0,12097476.12
2023,Junho,Nampula,Muecate,Transferências,36554.0,17447295.0
2023,Julho,Nampula,Muecate,Transferências,49140.0,22867724.12
2023,Agosto,Nampula,Muecate,Transferências,54115.0,24948416.23
2023,Setembro,Nampula,Muecate,Transferências,58595.0,23105504.23
2023,Outubro,Nampula,Muecate,Transferências,64029.0,23183089.34
2023,Novembro,Nampula,Muecate,Transferências,82688.0,31893685.16
2023,Dezembro,Nampula,Muecate,Transferências,63831.0,24329297.5
2023,Janeiro,Nampula,Murrupula,Transferências,37670.0,35862634.42
2023,Fevereiro,Nampula,Murrupula,Transferências,31006.0,26486227.88
2023,Março,Nampula,Murrupula,Transferências,35560.0,28300246.55
2023,Abril,Nampula,Murrupula,Transferências,29910.0,25730999.98
2023,Maio,Nampula,Murrupula,Transferências,43492.0,33211169.51
2023,Junho,Nampula,Murrupula,Transferências,55805.0,43087635.2
2023,Julho,Nampula,Murrupula,Transferências,69628.0,47767499.120000005
2023,Agosto,Nampula,Murrupula,Transferências,77143.0,50921334.45
2023,Setembro,Nampula,Murrupula,Transferências,82898.0,53876165.45
2023,Outubro,Nampula,Murrupula,Transferências,84996.0,48436172.46
2023,Novembro,Nampula,Murrupula,Transferências,109667.0,73968603.87
2023,Dezembro,Nampula,Murrupula,Transferências,92264.0,60919307.83
2023,Janeiro,Nampula,Nacala-Velha,Transferências,38477.0,23472489.19
2023,Fevereiro,Nampula,Nacala-Velha,Transferências,34738.0,19973954.76
2023,Março,Nampula,Nacala-Velha,Transferências,41040.0,21688075.65
2023,Abril,Nampula,Nacala-Velha,Transferências,32852.0,17450210.53
2023,Maio,Nampula,Nacala-Velha,Transferências,48166.0,20930295.6
2023,Junho,Nampula,Nacala-Velha,Transferências,61896.0,25625719.3
2023,Julho,Nampula,Nacala-Velha,Transferências,78339.0,35147833.87
2023,Agosto,Nampula,Nacala-Velha,Transferências,88590.0,38584583.26
2023,Setembro,Nampula,Nacala-Velha,Transferências,93448.0,39671524.26
2023,Outubro,Nampula,Nacala-Velha,Transferências,104022.0,39934783.6
2023,Novembro,Nampula,Nacala-Velha,Transferências,146410.0,60200121.15
2023,Dezembro,Nampula,Nacala-Velha,Transferências,109043.0,42047098.76
2023,Janeiro,Nampula,Nacaroa,Transferências,34859.0,28662438.08
2023,Fevereiro,Nampula,Nacaroa,Transferências,28208.0,16308150.55
2023,Março,Nampula,Nacaroa,Transferências,39420.0,24528874.42
2023,Abril,Nampula,Nacaroa,Transferências,29792.0,19484982.32
2023,Maio,Nampula,Nacaroa,Transferências,44078.0,23487232.2
2023,Junho,Nampula,Nacaroa,Transferências,58638.0,29059760.0
2023,Julho,Nampula,Nacaroa,Transferências,73846.0,33171814.5
2023,Agosto,Nampula,Nacaroa,Transferências,78737.0,33781247.95
2023,Setembro,Nampula,Nacaroa,Transferências,84465.0,32948889.95
2023,Outubro,Nampula,Nacaroa,Transferências,95684.0,38285778.38
2023,Novembro,Nampula,Nacaroa,Transferências,122412.0,49841404.9
2023,Dezembro,Nampula,Nacaroa,Transferências,124825.0,43184229.45
2023,Janeiro,Nampula,Namapa-Erati,Transferências,73528.0,91668154.62
2023,Fevereiro,Nampula,Namapa-Erati,Transferências,64938.0,63815294.23
2023,Março,Nampula,Namapa-Erati,Transferências,76004.0,61322855.81
2023,Abril,Nampula,Namapa-Erati,Transferências,59481.0,55652917.29
2023,Maio,Nampula,Namapa-Erati,Transferências,94116.0,94101929.63
2023,Junho,Nampula,Namapa-Erati,Transferências,116622.0,102311501.61
2023,Julho,Nampula,Namapa-Erati,Transferências,152597.0,133110839.0
2023,Agosto,Nampula,Namapa-Erati,Transferências,164701.0,133005427.88
2023,Setembro,Nampula,Namapa-Erati,Transferências,178796.0,125854030.88
2023,Outubro,Nampula,Namapa-Erati,Transferências,193414.0,120319047.16
2023,Novembro,Nampula,Namapa-Erati,Transferências,236805.0,164174151.39
2023,Dezembro,Nampula,Namapa-Erati,Transferências,190181.0,127896968.02
2023,Janeiro,Nampula,Rapale-Nampula,Transferências,49905.0,33839564.89
2023,Fevereiro,Nampula,Rapale-Nampula,Transferências,46251.0,27988623.7
2023,Março,Nampula,Rapale-Nampula,Transferências,56922.0,33721554.76
2023,Abril,Nampula,Rapale-Nampula,Transferências,45094.0,27909885.56
2023,Maio,Nampula,Rapale-Nampula,Transferências,66309.0,37446502.26
2023,Junho,Nampula,Rapale-Nampula,Transferências,87256.0,51831680.85
2023,Julho,Nampula,Rapale-Nampula,Transferências,114968.0,69971061.86
2023,Agosto,Nampula,Rapale-Nampula,Transferências,127331.0,80148253.69
2023,Setembro,Nampula,Rapale-Nampula,Transferências,143097.0,85762877.69
2023,Outubro,Nampula,Rapale-Nampula,Transferências,161263.0,97422898.85
2023,Novembro,Nampula,Rapale-Nampula,Transferências,225554.0,134262380.51
2023,Dezembro,Nampula,Rapale-Nampula,Transferências,200354.0,114182834.62
2023,Janeiro,Nampula,Ribaué,Transferências,74875.0,67769423.89
2023,Fevereiro,Nampula,Ribaué,Transferências,63194.0,52289866.43
2023,Março,Nampula,Ribaué,Transferências,67773.0,49657063.11
2023,Abril,Nampula,Ribaué,Transferências,55144.0,40903882.16
2023,Maio,Nampula,Ribaué,Transferências,74945.0,48967038.620000005
2023,Junho,Nampula,Ribaué,Transferências,94666.0,61396615.92
2023,Julho,Nampula,Ribaué,Transferências,122289.0,80425141.8
2023,Agosto,Nampula,Ribaué,Transferências,137447.0,92150209.27
2023,Setembro,Nampula,Ribaué,Transferências,151572.0,91536774.27
2023,Outubro,Nampula,Ribaué,Transferências,161940.0,91027281.31
2023,Novembro,Nampula,Ribaué,Transferências,200008.0,111572618.69
2023,Dezembro,Nampula,Ribaué,Transferências,164826.0,97660436.99
2023,Janeiro,Nampula,Liupo,Transferências,1993.0,2901264.42
2023,Fevereiro,Nampula,Liupo,Transferências,1058.0,1242479.5
2023,Março,Nampula,Liupo,Transferências,841.0,754472.0
2023,Abril,Nampula,Liupo,Transferências,952.0,918925.0
2023,Maio,Nampula,Liupo,Transferências,1287.0,1101398.8
2023,Junho,Nampula,Liupo,Transferências,1219.0,883497.0
2023,Julho,Nampula,Liupo,Transferências,907.0,509099.0
2023,Agosto,Nampula,Liupo,Transferências,970.0,551430.0
2023,Setembro,Nampula,Liupo,Transferências,970.0,551430.0
2023,Outubro,Nampula,Liupo,Transferências,754.0,479396.0
2023,Novembro,Nampula,Liupo,Transferências,621.0,350856.0
2023,Dezembro,Nampula,Liupo,Transferências,751.0,357739.8
2023,Janeiro,Nampula,Larde,Transferências,124.0,80885.34
2023,Fevereiro,Nampula,Larde,Transferências,1368.0,1728291.8
2023,Março,Nampula,Larde,Transferências,1549.0,1802991.7
2023,Abril,Nampula,Larde,Transferências,1192.0,1362733.7
2023,Maio,Nampula,Larde,Transferências,1771.0,1974286.0
2023,Junho,Nampula,Larde,Transferências,1359.0,1387150.0
2023,Julho,Nampula,Larde,Transferências,1939.0,1684563.0
2023,Agosto,Nampula,Larde,Transferências,1972.0,986480.78
2023,Setembro,Nampula,Larde,Transferências,1972.0,986480.78
2023,Outubro,Nampula,Larde,Transferências,1934.0,1121930.38
2023,Novembro,Nampula,Larde,Transferências,2238.0,1726597.1
2023,Dezembro,Nampula,Larde,Transferências,3725.0,1668862.28
2023,Janeiro,Cabo Delgado,Cidade de Pemba,Transferências,833372.0,946177130.38
2023,Fevereiro,Cabo Delgado,Cidade de Pemba,Transferências,657177.0,704053847.93
2023,Março,Cabo Delgado,Cidade de Pemba,Transferências,718888.0,713996305.55
2023,Abril,Cabo Delgado,Cidade de Pemba,Transferências,666325.0,673212438.02
2023,Maio,Cabo Delgado,Cidade de Pemba,Transferências,866714.0,773888550.07
2023,Junho,Cabo Delgado,Cidade de Pemba,Transferências,911054.0,811055480.44
2023,Julho,Cabo Delgado,Cidade de Pemba,Transferências,1038558.0,948930361.17
2023,Agosto,Cabo Delgado,Cidade de Pemba,Transferências,1100202.0,1014263268.79
2023,Setembro,Cabo Delgado,Cidade de Pemba,Transferências,1204210.0,1073809296.79
2023,Outubro,Cabo Delgado,Cidade de Pemba,Transferências,1251710.0,1093798286.54
2023,Novembro,Cabo Delgado,Cidade de Pemba,Transferências,1486811.0,1355202519.58
2023,Dezembro,Cabo Delgado,Cidade de Pemba,Transferências,1394652.0,1354462833.29
2023,Janeiro,Cabo Delgado,Ancuabe,Transferências,85491.0,73050005.00999999
2023,Fevereiro,Cabo Delgado,Ancuabe,Transferências,73472.0,53986592.14
2023,Março,Cabo Delgado,Ancuabe,Transferências,79983.0,54914071.96
2023,Abril,Cabo Delgado,Ancuabe,Transferências,67640.0,50145820.89
2023,Maio,Cabo Delgado,Ancuabe,Transferências,97765.0,67683160.74000001
2023,Junho,Cabo Delgado,Ancuabe,Transferências,104916.0,65507551.6
2023,Julho,Cabo Delgado,Ancuabe,Transferências,134279.0,84566435.0
2023,Agosto,Cabo Delgado,Ancuabe,Transferências,152317.0,98430300.87
2023,Setembro,Cabo Delgado,Ancuabe,Transferências,172216.0,105427805.87
2023,Outubro,Cabo Delgado,Ancuabe,Transferências,183357.0,108107560.27
2023,Novembro,Cabo Delgado,Ancuabe,Transferências,217582.0,129799632.83
2023,Dezembro,Cabo Delgado,Ancuabe,Transferências,199741.0,128904030.3
2023,Janeiro,Cabo Delgado,Balama,Transferências,57062.0,70959484.4
2023,Fevereiro,Cabo Delgado,Balama,Transferências,44333.0,50040708.37
2023,Março,Cabo Delgado,Balama,Transferências,47588.0,50605155.46
2023,Abril,Cabo Delgado,Balama,Transferências,43813.0,45516668.22
2023,Maio,Cabo Delgado,Balama,Transferências,57755.0,54045928.63
2023,Junho,Cabo Delgado,Balama,Transferências,71682.0,87477239.61
2023,Julho,Cabo Delgado,Balama,Transferências,90341.0,106949961.75
2023,Agosto,Cabo Delgado,Balama,Transferências,86708.0,90322899.85
2023,Setembro,Cabo Delgado,Balama,Transferências,94784.0,89791852.85
2023,Outubro,Cabo Delgado,Balama,Transferências,94333.0,71152972.02
2023,Novembro,Cabo Delgado,Balama,Transferências,110916.0,88153402.4
2023,Dezembro,Cabo Delgado,Balama,Transferências,103815.0,87041157.9
2023,Janeiro,Cabo Delgado,Chiúre,Transferências,92624.0,106104232.61
2023,Fevereiro,Cabo Delgado,Chiúre,Transferências,74958.0,73031991.06
2023,Março,Cabo Delgado,Chiúre,Transferências,86366.0,74137904.72
2023,Abril,Cabo Delgado,Chiúre,Transferências,75975.0,68403897.7
2023,Maio,Cabo Delgado,Chiúre,Transferências,106488.0,86101268.07
2023,Junho,Cabo Delgado,Chiúre,Transferências,136879.0,106357632.97
2023,Julho,Cabo Delgado,Chiúre,Transferências,174593.0,129899679.25
2023,Agosto,Cabo Delgado,Chiúre,Transferências,191266.0,143556629.71
2023,Setembro,Cabo Delgado,Chiúre,Transferências,209640.0,137138289.71
2023,Outubro,Cabo Delgado,Chiúre,Transferências,228115.0,137453357.88
2023,Novembro,Cabo Delgado,Chiúre,Transferências,286022.0,172486903.51
2023,Dezembro,Cabo Delgado,Chiúre,Transferências,246180.0,171528727.18
2023,Janeiro,Cabo Delgado,Ibo,Transferências,14678.0,14560598.0
2023,Fevereiro,Cabo Delgado,Ibo,Transferências,18089.0,16248017.0
2023,Março,Cabo Delgado,Ibo,Transferências,25352.0,21631822.0
2023,Abril,Cabo Delgado,Ibo,Transferências,17291.0,15248331.0
2023,Maio,Cabo Delgado,Ibo,Transferências,27262.0,23557691.0
2023,Junho,Cabo Delgado,Ibo,Transferências,36150.0,28413146.0
2023,Julho,Cabo Delgado,Ibo,Transferências,40690.0,32406572.05
2023,Agosto,Cabo Delgado,Ibo,Transferências,47604.0,38237053.0
2023,Setembro,Cabo Delgado,Ibo,Transferências,49626.0,36935077.0
2023,Outubro,Cabo Delgado,Ibo,Transferências,62393.0,44114760.24
2023,Novembro,Cabo Delgado,Ibo,Transferências,71225.0,50541144.1
2023,Dezembro,Cabo Delgado,Ibo,Transferências,58598.0,40113448.0
2023,Janeiro,Cabo Delgado,Macomia,Transferências,63315.0,59384447.56
2023,Fevereiro,Cabo Delgado,Macomia,Transferências,52161.0,43553964.68
2023,Março,Cabo Delgado,Macomia,Transferências,46531.0,36386686.67
2023,Abril,Cabo Delgado,Macomia,Transferências,42003.0,34038578.47
2023,Maio,Cabo Delgado,Macomia,Transferências,61088.0,45282531.87
2023,Junho,Cabo Delgado,Macomia,Transferências,55657.0,38110305.0
2023,Julho,Cabo Delgado,Macomia,Transferências,65785.0,45579970.17
2023,Agosto,Cabo Delgado,Macomia,Transferências,75919.0,53132733.77
2023,Setembro,Cabo Delgado,Macomia,Transferências,91834.0,64910656.77
2023,Outubro,Cabo Delgado,Macomia,Transferências,84288.0,54942749.93
2023,Novembro,Cabo Delgado,Macomia,Transferências,91474.0,60837255.19
2023,Dezembro,Cabo Delgado,Macomia,Transferências,86803.0,66322315.35
2023,Janeiro,Cabo Delgado,Mecufi,Transferências,20253.0,15909980.4
2023,Fevereiro,Cabo Delgado,Mecufi,Transferências,16853.0,12252233.53
2023,Março,Cabo Delgado,Mecufi,Transferências,19645.0,13586297.5
2023,Abril,Cabo Delgado,Mecufi,Transferências,17653.0,12294188.7
2023,Maio,Cabo Delgado,Mecufi,Transferências,23575.0,11361076.52
2023,Junho,Cabo Delgado,Mecufi,Transferências,26080.0,13562895.61
2023,Julho,Cabo Delgado,Mecufi,Transferências,29636.0,16351710.08
2023,Agosto,Cabo Delgado,Mecufi,Transferências,31772.0,16444099.96
2023,Setembro,Cabo Delgado,Mecufi,Transferências,34306.0,16671069.96
2023,Outubro,Cabo Delgado,Mecufi,Transferências,37468.0,17271697.79
2023,Novembro,Cabo Delgado,Mecufi,Transferências,50383.0,24632026.6
2023,Dezembro,Cabo Delgado,Mecufi,Transferências,39352.0,18196038.81
2023,Janeiro,Cabo Delgado,Meluco,Transferências,15567.0,15623018.4
2023,Fevereiro,Cabo Delgado,Meluco,Transferências,10187.0,9699532.83
2023,Março,Cabo Delgado,Meluco,Transferências,14001.0,11184150.8
2023,Abril,Cabo Delgado,Meluco,Transferências,11306.0,8602204.8
2023,Maio,Cabo Delgado,Meluco,Transferências,15672.0,11625650.0
2023,Junho,Cabo Delgado,Meluco,Transferências,18581.0,14083241.6
2023,Julho,Cabo Delgado,Meluco,Transferências,23162.0,19248450.0
2023,Agosto,Cabo Delgado,Meluco,Transferências,26890.0,23019136.73
2023,Setembro,Cabo Delgado,Meluco,Transferências,29932.0,25333205.73
2023,Outubro,Cabo Delgado,Meluco,Transferências,36409.0,33537837.0
2023,Novembro,Cabo Delgado,Meluco,Transferências,41875.0,34689378.0
2023,Dezembro,Cabo Delgado,Meluco,Transferências,32924.0,28433959.47
2023,Janeiro,Cabo Delgado,Mocimboa da Praia,Transferências,92161.0,106752590.94
2023,Fevereiro,Cabo Delgado,Mocimboa da Praia,Transferências,73434.0,78799734.69
2023,Março,Cabo Delgado,Mocimboa da Praia,Transferências,80515.0,81441549.92
2023,Abril,Cabo Delgado,Mocimboa da Praia,Transferências,86032.0,88314134.9
2023,Maio,Cabo Delgado,Mocimboa da Praia,Transferências,111658.0,114123717.03
2023,Junho,Cabo Delgado,Mocimboa da Praia,Transferências,116423.0,114494610.22
2023,Julho,Cabo Delgado,Mocimboa da Praia,Transferências,124733.0,121423942.35
2023,Agosto,Cabo Delgado,Mocimboa da Praia,Transferências,136937.0,138071412.59
2023,Setembro,Cabo Delgado,Mocimboa da Praia,Transferências,144765.0,142513813.59
2023,Outubro,Cabo Delgado,Mocimboa da Praia,Transferências,149624.0,139761128.48000002
2023,Novembro,Cabo Delgado,Mocimboa da Praia,Transferências,155420.0,146328556.78
2023,Dezembro,Cabo Delgado,Mocimboa da Praia,Transferências,156734.0,159087576.18
2023,Janeiro,Cabo Delgado,Montepuez,Transferências,235896.0,308380838.93
2023,Fevereiro,Cabo Delgado,Montepuez,Transferências,190564.0,251621384.12
2023,Março,Cabo Delgado,Montepuez,Transferências,208027.0,239475350.07
2023,Abril,Cabo Delgado,Montepuez,Transferências,187071.0,218319008.16
2023,Maio,Cabo Delgado,Montepuez,Transferências,253821.0,243102730.83
2023,Junho,Cabo Delgado,Montepuez,Transferências,284136.0,267232017.54
2023,Julho,Cabo Delgado,Montepuez,Transferências,351049.0,334326144.82
2023,Agosto,Cabo Delgado,Montepuez,Transferências,371861.0,343054299.02
2023,Setembro,Cabo Delgado,Montepuez,Transferências,409488.0,367386906.02
2023,Outubro,Cabo Delgado,Montepuez,Transferências,432392.0,359629286.72
2023,Novembro,Cabo Delgado,Montepuez,Transferências,549395.0,457462228.61
2023,Dezembro,Cabo Delgado,Montepuez,Transferências,502061.0,441983517.26
2023,Janeiro,Cabo Delgado,Mueda,Transferências,120113.0,167017642.0
2023,Fevereiro,Cabo Delgado,Mueda,Transferências,105119.0,146712357.41
2023,Março,Cabo Delgado,Mueda,Transferências,124722.0,137879424.43
2023,Abril,Cabo Delgado,Mueda,Transferências,105588.0,124646579.1
2023,Maio,Cabo Delgado,Mueda,Transferências,135489.0,135402994.59
2023,Junho,Cabo Delgado,Mueda,Transferências,159324.0,152977409.85
2023,Julho,Cabo Delgado,Mueda,Transferências,194297.0,188258788.25
2023,Agosto,Cabo Delgado,Mueda,Transferências,203813.0,191763312.03
2023,Setembro,Cabo Delgado,Mueda,Transferências,222333.0,203423512.03
2023,Outubro,Cabo Delgado,Mueda,Transferências,238046.0,197240144.92
2023,Novembro,Cabo Delgado,Mueda,Transferências,300367.0,260043669.24
2023,Dezembro,Cabo Delgado,Mueda,Transferências,270346.0,255462839.79
2023,Janeiro,Cabo Delgado,Muidumbe,Transferências,24453.0,17210866.09
2023,Fevereiro,Cabo Delgado,Muidumbe,Transferências,24975.0,15773004.44
2023,Março,Cabo Delgado,Muidumbe,Transferências,28996.0,13773389.06
2023,Abril,Cabo Delgado,Muidumbe,Transferências,24194.0,12215294.26
2023,Maio,Cabo Delgado,Muidumbe,Transferências,34074.0,20041008.3
2023,Junho,Cabo Delgado,Muidumbe,Transferências,27312.0,12246954.55
2023,Julho,Cabo Delgado,Muidumbe,Transferências,32740.0,16581500.02
2023,Agosto,Cabo Delgado,Muidumbe,Transferências,37517.0,19532202.4
2023,Setembro,Cabo Delgado,Muidumbe,Transferências,37261.0,17346651.4
2023,Outubro,Cabo Delgado,Muidumbe,Transferências,43515.0,20474426.0
2023,Novembro,Cabo Delgado,Muidumbe,Transferências,49309.0,22273907.16
2023,Dezembro,Cabo Delgado,Muidumbe,Transferências,44374.0,22838225.45
2023,Janeiro,Cabo Delgado,Namuno,Transferências,34675.0,38527891.67
2023,Fevereiro,Cabo Delgado,Namuno,Transferências,34207.0,33955549.2
2023,Março,Cabo Delgado,Namuno,Transferências,42007.0,37801141.010000005
2023,Abril,Cabo Delgado,Namuno,Transferências,31729.0,30489160.11
2023,Maio,Cabo Delgado,Namuno,Transferências,47946.0,42905654.05
2023,Junho,Cabo Delgado,Namuno,Transferências,68412.0,65776421.32
2023,Julho,Cabo Delgado,Namuno,Transferências,93407.0,83596051.0
2023,Agosto,Cabo Delgado,Namuno,Transferências,101903.0,72695571.2
2023,Setembro,Cabo Delgado,Namuno,Transferências,108713.0,66918065.2
2023,Outubro,Cabo Delgado,Namuno,Transferências,121452.0,70448208.88
2023,Novembro,Cabo Delgado,Namuno,Transferências,154097.0,92991372.38
2023,Dezembro,Cabo Delgado,Namuno,Transferências,122273.0,75484700.78
2023,Janeiro,Cabo Delgado,Nangade,Transferências,27828.0,32067310.67
2023,Fevereiro,Cabo Delgado,Nangade,Transferências,26362.0,24366857.58
2023,Março,Cabo Delgado,Nangade,Transferências,30751.0,24107164.98
2023,Abril,Cabo Delgado,Nangade,Transferências,24222.0,19762646.380000003
2023,Maio,Cabo Delgado,Nangade,Transferências,33796.0,23536162.9
2023,Junho,Cabo Delgado,Nangade,Transferências,39440.0,26090761.0
2023,Julho,Cabo Delgado,Nangade,Transferências,51244.0,36523087.0
2023,Agosto,Cabo Delgado,Nangade,Transferências,53512.0,32489912.82
2023,Setembro,Cabo Delgado,Nangade,Transferências,64482.0,36622274.82
2023,Outubro,Cabo Delgado,Nangade,Transferências,74679.0,45166435.9
2023,Novembro,Cabo Delgado,Nangade,Transferências,92773.0,71590576.9
2023,Dezembro,Cabo Delgado,Nangade,Transferências,77880.0,58455246.1
2023,Janeiro,Cabo Delgado,Palma,Transferências,85227.0,113709829.15
2023,Fevereiro,Cabo Delgado,Palma,Transferências,78028.0,94669644.05
2023,Março,Cabo Delgado,Palma,Transferências,92660.0,114070861.03
2023,Abril,Cabo Delgado,Palma,Transferências,97709.0,118590846.1
2023,Maio,Cabo Delgado,Palma,Transferências,131479.0,151594427.88
2023,Junho,Cabo Delgado,Palma,Transferências,137724.0,151197768.11
2023,Julho,Cabo Delgado,Palma,Transferências,155426.0,177685992.56
2023,Agosto,Cabo Delgado,Palma,Transferências,156930.0,182461359.1
2023,Setembro,Cabo Delgado,Palma,Transferências,159405.0,184380058.1
2023,Outubro,Cabo Delgado,Palma,Transferências,168917.0,185345863.59
2023,Novembro,Cabo Delgado,Palma,Transferências,174475.0,186834501.89
2023,Dezembro,Cabo Delgado,Palma,Transferências,173901.0,183966157.57
2023,Janeiro,Cabo Delgado,Pemba-Metuge,Transferências,8035.0,4556679.0
2023,Fevereiro,Cabo Delgado,Pemba-Metuge,Transferências,10968.0,7734382.0
2023,Março,Cabo Delgado,Pemba-Metuge,Transferências,14565.0,6681768.0
2023,Abril,Cabo Delgado,Pemba-Metuge,Transferências,10679.0,4765313.0
2023,Maio,Cabo Delgado,Pemba-Metuge,Transferências,17625.0,7623217.0
2023,Junho,Cabo Delgado,Pemba-Metuge,Transferências,28030.0,13083518.0
2023,Julho,Cabo Delgado,Pemba-Metuge,Transferências,45050.0,22641327.0
2023,Agosto,Cabo Delgado,Pemba-Metuge,Transferências,51940.0,25665073.0
2023,Setembro,Cabo Delgado,Pemba-Metuge,Transferências,64273.0,29293342.0
2023,Outubro,Cabo Delgado,Pemba-Metuge,Transferências,79425.0,36406344.0
2023,Novembro,Cabo Delgado,Pemba-Metuge,Transferências,103733.0,50107749.0
2023,Dezembro,Cabo Delgado,Pemba-Metuge,Transferências,90554.0,47256066.0
2023,Janeiro,Cabo Delgado,Quissanga,Transferências,8463.0,9285673.25
2023,Fevereiro,Cabo Delgado,Quissanga,Transferências,9342.0,7154319.0
2023,Março,Cabo Delgado,Quissanga,Transferências,10976.0,8656281.03
2023,Abril,Cabo Delgado,Quissanga,Transferências,7580.0,5537546.029999999
2023,Maio,Cabo Delgado,Quissanga,Transferências,9528.0,6461772.0
2023,Junho,Cabo Delgado,Quissanga,Transferências,14217.0,10046678.5
2023,Julho,Cabo Delgado,Quissanga,Transferências,25877.0,19215952.5
2023,Agosto,Cabo Delgado,Quissanga,Transferências,36481.0,26240632.82
2023,Setembro,Cabo Delgado,Quissanga,Transferências,43506.0,27816040.82
2023,Outubro,Cabo Delgado,Quissanga,Transferências,51880.0,33660497.019999996
2023,Novembro,Cabo Delgado,Quissanga,Transferências,60794.0,37469813.1
2023,Dezembro,Cabo Delgado,Quissanga,Transferências,47838.0,29642689.63
2023,Janeiro,Niassa,Cidade de Lichinga,Transferências,404047.0,427444553.43
2023,Fevereiro,Niassa,Cidade de Lichinga,Transferências,345663.0,342089853.21000004
2023,Março,Niassa,Cidade de Lichinga,Transferências,378211.0,280645879.65999997
2023,Abril,Niassa,Cidade de Lichinga,Transferências,319315.0,250974164.47
2023,Maio,Niassa,Cidade de Lichinga,Transferências,431953.0,291146479.47
2023,Junho,Niassa,Cidade de Lichinga,Transferências,521815.0,382237854.5
2023,Julho,Niassa,Cidade de Lichinga,Transferências,659486.0,497429286.07
2023,Agosto,Niassa,Cidade de Lichinga,Transferências,742763.0,544571697.39
2023,Setembro,Niassa,Cidade de Lichinga,Transferências,828610.0,565044565.39
2023,Outubro,Niassa,Cidade de Lichinga,Transferências,904715.0,577250373.39
2023,Novembro,Niassa,Cidade de Lichinga,Transferências,1115990.0,730912771.65
2023,Dezembro,Niassa,Cidade de Lichinga,Transferências,996535.0,700077084.05
2023,Janeiro,Niassa,Cuamba,Transferências,190619.0,190503161.31
2023,Fevereiro,Niassa,Cuamba,Transferências,147975.0,132523919.06
2023,Março,Niassa,Cuamba,Transferências,158352.0,119047228.19
2023,Abril,Niassa,Cuamba,Transferências,135254.0,105750059.08
2023,Maio,Niassa,Cuamba,Transferências,186170.0,145814189.09
2023,Junho,Niassa,Cuamba,Transferências,218370.0,162614698.47
2023,Julho,Niassa,Cuamba,Transferências,275569.0,217252942.9
2023,Agosto,Niassa,Cuamba,Transferências,334495.0,282833601.82
2023,Setembro,Niassa,Cuamba,Transferências,355549.0,263190214.82
2023,Outubro,Niassa,Cuamba,Transferências,363260.0,217165160.66
2023,Novembro,Niassa,Cuamba,Transferências,434857.0,265844431.8
2023,Dezembro,Niassa,Cuamba,Transferências,391695.0,243147040.08
2023,Janeiro,Niassa,Lago,Transferências,42978.0,44178411.58
2023,Fevereiro,Niassa,Lago,Transferências,38364.0,29024970.55
2023,Março,Niassa,Lago,Transferências,43822.0,28914348.26
2023,Abril,Niassa,Lago,Transferências,37603.0,27184803.19
2023,Maio,Niassa,Lago,Transferências,52471.0,30712854.14
2023,Junho,Niassa,Lago,Transferências,62788.0,37050741.0
2023,Julho,Niassa,Lago,Transferências,81184.0,48980865.2
2023,Agosto,Niassa,Lago,Transferências,92575.0,52725005.05
2023,Setembro,Niassa,Lago,Transferências,109069.0,64237938.05
2023,Outubro,Niassa,Lago,Transferências,133732.0,84708469.6
2023,Novembro,Niassa,Lago,Transferências,157058.0,92884438.86
2023,Dezembro,Niassa,Lago,Transferências,129126.0,76731887.0
2023,Janeiro,Niassa,Manjune,Transferências,20817.0,11827298.0
2023,Fevereiro,Niassa,Manjune,Transferências,21223.0,10356109.08
2023,Março,Niassa,Manjune,Transferências,25650.0,10349994.25
2023,Abril,Niassa,Manjune,Transferências,19534.0,8597645.0
2023,Maio,Niassa,Manjune,Transferências,30818.0,12021083.2
2023,Junho,Niassa,Manjune,Transferências,39274.0,13520020.0
2023,Julho,Niassa,Manjune,Transferências,55525.0,20781493.57
2023,Agosto,Niassa,Manjune,Transferências,55439.0,19744267.0
2023,Setembro,Niassa,Manjune,Transferências,60482.0,19368753.0
2023,Outubro,Niassa,Manjune,Transferências,68612.0,23321258.0
2023,Novembro,Niassa,Manjune,Transferências,75262.0,25771514.7
2023,Dezembro,Niassa,Manjune,Transferências,63607.0,25849309.0
2023,Janeiro,Niassa,Mandimba,Transferências,66938.0,67609408.1
2023,Fevereiro,Niassa,Mandimba,Transferências,53868.0,49208387.26
2023,Março,Niassa,Mandimba,Transferências,64336.0,47138049.94
2023,Abril,Niassa,Mandimba,Transferências,52749.0,43264705.4
2023,Maio,Niassa,Mandimba,Transferências,69917.0,50964696.21
2023,Junho,Niassa,Mandimba,Transferências,94200.0,64292700.2
2023,Julho,Niassa,Mandimba,Transferências,121761.0,84157352.0
2023,Agosto,Niassa,Mandimba,Transferências,139584.0,95475787.11
2023,Setembro,Niassa,Mandimba,Transferências,152994.0,94244852.11
2023,Outubro,Niassa,Mandimba,Transferências,174409.0,102799840.9
2023,Novembro,Niassa,Mandimba,Transferências,203362.0,110028001.4
2023,Dezembro,Niassa,Mandimba,Transferências,171380.0,94267717.08
2023,Janeiro,Niassa,Marrupa,Transferências,32733.0,39912922.1
2023,Fevereiro,Niassa,Marrupa,Transferências,28688.0,29379696.5
2023,Março,Niassa,Marrupa,Transferências,31459.0,24786112.380000003
2023,Abril,Niassa,Marrupa,Transferências,24231.0,22490261.23
2023,Maio,Niassa,Marrupa,Transferências,32770.0,24990549.1
2023,Junho,Niassa,Marrupa,Transferências,42447.0,34643198.0
2023,Julho,Niassa,Marrupa,Transferências,63273.0,52973013.0
2023,Agosto,Niassa,Marrupa,Transferências,65358.0,49262673.0
2023,Setembro,Niassa,Marrupa,Transferências,71614.0,47190602.0
2023,Outubro,Niassa,Marrupa,Transferências,82073.0,55881047.4
2023,Novembro,Niassa,Marrupa,Transferências,95406.0,59141553.5
2023,Dezembro,Niassa,Marrupa,Transferências,80329.0,55642399.0
2023,Janeiro,Niassa,Maúa,Transferências,17566.0,18113554.48
2023,Fevereiro,Niassa,Maúa,Transferências,16074.0,14570003.91
2023,Março,Niassa,Maúa,Transferências,16535.0,9853461.17
2023,Abril,Niassa,Maúa,Transferências,12949.0,9503241.42
2023,Maio,Niassa,Maúa,Transferências,18853.0,10761410.0
2023,Junho,Niassa,Maúa,Transferências,25913.0,16352617.2
2023,Julho,Niassa,Maúa,Transferências,35494.0,23487515.12
2023,Agosto,Niassa,Maúa,Transferências,42850.0,32528512.25
2023,Setembro,Niassa,Maúa,Transferências,47894.0,29412126.25
2023,Outubro,Niassa,Maúa,Transferências,48868.0,21348722.8
2023,Novembro,Niassa,Maúa,Transferências,59004.0,23610907.47
2023,Dezembro,Niassa,Maúa,Transferências,50603.0,21807679.0
2023,Janeiro,Niassa,Mavago,Transferências,10172.0,12837810.0
2023,Fevereiro,Niassa,Mavago,Transferências,12272.0,11471459.0
2023,Março,Niassa,Mavago,Transferências,14176.0,9199472.0
2023,Abril,Niassa,Mavago,Transferências,11054.0,8040493.0
2023,Maio,Niassa,Mavago,Transferências,13711.0,9377419.5
2023,Junho,Niassa,Mavago,Transferências,18778.0,19225519.0
2023,Julho,Niassa,Mavago,Transferências,26875.0,20835257.0
2023,Agosto,Niassa,Mavago,Transferências,30167.0,21140125.0
2023,Setembro,Niassa,Mavago,Transferências,30666.0,18419237.0
2023,Outubro,Niassa,Mavago,Transferências,33581.0,18598176.38
2023,Novembro,Niassa,Mavago,Transferências,37568.0,21737193.0
2023,Dezembro,Niassa,Mavago,Transferências,30208.0,16671001.0
2023,Janeiro,Niassa,Mecanhelas,Transferências,54134.0,50112013.97
2023,Fevereiro,Niassa,Mecanhelas,Transferências,50484.0,46629339.06
2023,Março,Niassa,Mecanhelas,Transferências,52273.0,30492934.47
2023,Abril,Niassa,Mecanhelas,Transferências,44098.0,27024664.17
2023,Maio,Niassa,Mecanhelas,Transferências,60406.0,32453450.68
2023,Junho,Niassa,Mecanhelas,Transferências,88444.0,51399190.8
2023,Julho,Niassa,Mecanhelas,Transferências,118717.0,68987801.9
2023,Agosto,Niassa,Mecanhelas,Transferências,132329.0,67835463.01
2023,Setembro,Niassa,Mecanhelas,Transferências,139041.0,64072213.01
2023,Outubro,Niassa,Mecanhelas,Transferências,159776.0,67922255.81
2023,Novembro,Niassa,Mecanhelas,Transferências,193067.0,84049086.43
2023,Dezembro,Niassa,Mecanhelas,Transferências,156989.0,70319956.73
2023,Janeiro,Niassa,Mecula,Transferências,16778.0,15280037.0
2023,Fevereiro,Niassa,Mecula,Transferências,12565.0,9806338.6
2023,Março,Niassa,Mecula,Transferências,13636.0,8485360.0
2023,Abril,Niassa,Mecula,Transferências,12890.0,8400889.98
2023,Maio,Niassa,Mecula,Transferências,15537.0,9919419.0
2023,Junho,Niassa,Mecula,Transferências,16182.0,9303090.0
2023,Julho,Niassa,Mecula,Transferências,20582.0,11964313.0
2023,Agosto,Niassa,Mecula,Transferências,23667.0,13741232.83
2023,Setembro,Niassa,Mecula,Transferências,28124.0,17832286.83
2023,Outubro,Niassa,Mecula,Transferências,28197.0,17480670.55
2023,Novembro,Niassa,Mecula,Transferências,35260.0,22389520.55
2023,Dezembro,Niassa,Mecula,Transferências,31137.0,21964258.01
2023,Janeiro,Niassa,Metarica,Transferências,15743.0,11352144.7
2023,Fevereiro,Niassa,Metarica,Transferências,13642.0,8183125.11
2023,Março,Niassa,Metarica,Transferências,14180.0,7870312.0
2023,Abril,Niassa,Metarica,Transferências,11732.0,6985725.1
2023,Maio,Niassa,Metarica,Transferências,17648.0,9272277.0
2023,Junho,Niassa,Metarica,Transferências,21911.0,11908526.0
2023,Julho,Niassa,Metarica,Transferências,29786.0,16844747.0
2023,Agosto,Niassa,Metarica,Transferências,37873.0,23168638.13
2023,Setembro,Niassa,Metarica,Transferências,40661.0,21071352.13
2023,Outubro,Niassa,Metarica,Transferências,46050.0,17945744.0
2023,Novembro,Niassa,Metarica,Transferências,54996.0,20580328.3
2023,Dezembro,Niassa,Metarica,Transferências,47909.0,20799945.0
2023,Janeiro,Niassa,Muembe,Transferências,12975.0,8677263.0
2023,Fevereiro,Niassa,Muembe,Transferências,13237.0,8218987.4
2023,Março,Niassa,Muembe,Transferências,16399.0,7263702.3
2023,Abril,Niassa,Muembe,Transferências,12513.0,6140909.3
2023,Maio,Niassa,Muembe,Transferências,17171.0,7073717.0
2023,Junho,Niassa,Muembe,Transferências,23683.0,10138667.0
2023,Julho,Niassa,Muembe,Transferências,31508.0,15820676.5
2023,Agosto,Niassa,Muembe,Transferências,35462.0,15218167.0
2023,Setembro,Niassa,Muembe,Transferências,39726.0,13736298.0
2023,Outubro,Niassa,Muembe,Transferências,48308.0,14730143.0
2023,Novembro,Niassa,Muembe,Transferências,60903.0,21719647.15
2023,Dezembro,Niassa,Muembe,Transferências,49868.0,20833772.0
2023,Janeiro,Niassa,N´gauma,Transferências,14445.0,13357419.9
2023,Fevereiro,Niassa,N´gauma,Transferências,13221.0,9911980.46
2023,Março,Niassa,N´gauma,Transferências,16442.0,10153920.6
2023,Abril,Niassa,N´gauma,Transferências,13157.0,8521276.6
2023,Maio,Niassa,N´gauma,Transferências,17714.0,10396308.15
2023,Junho,Niassa,N´gauma,Transferências,22331.0,12642772.0
2023,Julho,Niassa,N´gauma,Transferências,28372.0,16220725.45
2023,Agosto,Niassa,N´gauma,Transferências,30060.0,14378621.62
2023,Setembro,Niassa,N´gauma,Transferências,34168.0,16765175.62
2023,Outubro,Niassa,N´gauma,Transferências,40544.0,20770540.2
2023,Novembro,Niassa,N´gauma,Transferências,47384.0,26465889.56
2023,Dezembro,Niassa,N´gauma,Transferências,38808.0,22301414.0
2023,Janeiro,Niassa,Nipepe,Transferências,11471.0,9140632.04
2023,Fevereiro,Niassa,Nipepe,Transferências,11136.0,7730097.0
2023,Março,Niassa,Nipepe,Transferências,12918.0,6669298.0
2023,Abril,Niassa,Nipepe,Transferências,9499.0,5589397.0
2023,Maio,Niassa,Nipepe,Transferências,15558.0,8727624.11
2023,Junho,Niassa,Nipepe,Transferências,23843.0,14325921.0
2023,Julho,Niassa,Nipepe,Transferências,36114.0,21317745.0
2023,Agosto,Niassa,Nipepe,Transferências,42026.0,25400331.0
2023,Setembro,Niassa,Nipepe,Transferências,41486.0,18336369.0
2023,Outubro,Niassa,Nipepe,Transferências,45929.0,19893619.2
2023,Novembro,Niassa,Nipepe,Transferências,52784.0,22417662.0
2023,Dezembro,Niassa,Nipepe,Transferências,45948.0,20063574.0
2023,Janeiro,Niassa,Sanga,Transferências,31841.0,32374379.02
2023,Fevereiro,Niassa,Sanga,Transferências,28943.0,33470420.65
2023,Março,Niassa,Sanga,Transferências,31125.0,16949002.52
2023,Abril,Niassa,Sanga,Transferências,28826.0,15807698.62
2023,Maio,Niassa,Sanga,Transferências,40007.0,17453204.0
2023,Junho,Niassa,Sanga,Transferências,48886.0,20377967.96
2023,Julho,Niassa,Sanga,Transferências,58340.0,25192863.66
2023,Agosto,Niassa,Sanga,Transferências,55938.0,23425810.75
2023,Setembro,Niassa,Sanga,Transferências,64625.0,23574686.75
2023,Outubro,Niassa,Sanga,Transferências,77508.0,25475416.72
2023,Novembro,Niassa,Sanga,Transferências,95803.0,30666238.86
2023,Dezembro,Niassa,Sanga,Transferências,75259.0,26583413.98
2023,Janeiro,Niassa,Chimbunhila,Transferências,10144.0,7841853.0
2023,Fevereiro,Niassa,Chimbunhila,Transferências,9878.0,5629792.05
2023,Março,Niassa,Chimbunhila,Transferências,12751.0,5255807.0
2023,Abril,Niassa,Chimbunhila,Transferências,11062.0,4838968.23
2023,Maio,Niassa,Chimbunhila,Transferências,14385.0,5072682.0
2023,Junho,Niassa,Chimbunhila,Transferências,18584.0,6602586.0
2023,Julho,Niassa,Chimbunhila,Transferências,24632.0,10018405.0
2023,Agosto,Niassa,Chimbunhila,Transferências,28011.0,8985583.129999999
2023,Setembro,Niassa,Chimbunhila,Transferências,33386.0,10379699.13
2023,Outubro,Niassa,Chimbunhila,Transferências,38375.0,10825028.0
2023,Novembro,Niassa,Chimbunhila,Transferências,47609.0,15264542.0
2023,Dezembro,Niassa,Chimbunhila,Transferências,39742.0,11943078.82
2023,Janeiro,Província de Maputo,Cidade de Maputo,Pagamentos,13829938.0,2468671113.7999997
2023,Fevereiro,Província de Maputo,Cidade de Maputo,Pagamentos,13256569.0,2305438397.68
2023,Março,Província de Maputo,Cidade de Maputo,Pagamentos,14924133.0,2729039698.98
2023,Abril,Província de Maputo,Cidade de Maputo,Pagamentos,14287705.0,2611759778.329999
2023,Maio,Província de Maputo,Cidade de Maputo,Pagamentos,15696989.0,2627852358.589999
2023,Junho,Província de Maputo,Cidade de Maputo,Pagamentos,18026028.0,2695986682.0599995
2023,Julho,Província de Maputo,Cidade de Maputo,Pagamentos,18883554.0,2856318982.0800004
2023,Agosto,Província de Maputo,Cidade de Maputo,Pagamentos,19459791.0,2928236572.24
2023,Setembro,Província de Maputo,Cidade de Maputo,Pagamentos,17429846.0,2710753642.7800007
2023,Outubro,Província de Maputo,Cidade de Maputo,Pagamentos,19453921.0,2961297667.72
2023,Novembro,Província de Maputo,Cidade de Maputo,Pagamentos,19461989.00000001,2803884707.44
2023,Dezembro,Província de Maputo,Cidade de Maputo,Pagamentos,19871964.999999993,3049777529.7799997
2023,Janeiro,Província de Maputo,Cidade da Matola,Pagamentos,831804.0,63719590.0
2023,Fevereiro,Província de Maputo,Cidade da Matola,Pagamentos,796916.0,88011698.63
2023,Março,Província de Maputo,Cidade da Matola,Pagamentos,891321.0,69621530.0
2023,Abril,Província de Maputo,Cidade da Matola,Pagamentos,885832.0,67887756.97
2023,Maio,Província de Maputo,Cidade da Matola,Pagamentos,959662.0,72946163.2
2023,Junho,Província de Maputo,Cidade da Matola,Pagamentos,976098.0,73622482.8
2023,Julho,Província de Maputo,Cidade da Matola,Pagamentos,1033383.0,80740339.60000001
2023,Agosto,Província de Maputo,Cidade da Matola,Pagamentos,923544.0,71522072.1
2023,Setembro,Província de Maputo,Cidade da Matola,Pagamentos,1256341.0,108639867.64
2023,Outubro,Província de Maputo,Cidade da Matola,Pagamentos,1330527.0,116529412.57
2023,Novembro,Província de Maputo,Cidade da Matola,Pagamentos,1785751.0,161888299.38
2023,Dezembro,Província de Maputo,Cidade da Matola,Pagamentos,1451256.0,137799937.35
2023,Janeiro,Província de Maputo,Boane,Pagamentos,93377.0,6872426.1
2023,Fevereiro,Província de Maputo,Boane,Pagamentos,86358.0,6379497.95
2023,Março,Província de Maputo,Boane,Pagamentos,99909.0,7470013.0
2023,Abril,Província de Maputo,Boane,Pagamentos,108148.0,7937576.0
2023,Maio,Província de Maputo,Boane,Pagamentos,118837.0,8644363.0
2023,Junho,Província de Maputo,Boane,Pagamentos,125213.0,9270070.0
2023,Julho,Província de Maputo,Boane,Pagamentos,132488.0,9975781.0
2023,Agosto,Província de Maputo,Boane,Pagamentos,126216.0,9388251.68
2023,Setembro,Província de Maputo,Boane,Pagamentos,169884.0,15219114.24
2023,Outubro,Província de Maputo,Boane,Pagamentos,181566.0,16978454.63
2023,Novembro,Província de Maputo,Boane,Pagamentos,247145.0,23920314.11
2023,Dezembro,Província de Maputo,Boane,Pagamentos,209293.0,21156644.9
2023,Janeiro,Província de Maputo,Magude,Pagamentos,17775.0,1114074.0
2023,Fevereiro,Província de Maputo,Magude,Pagamentos,16819.0,1154179.0
2023,Março,Província de Maputo,Magude,Pagamentos,20533.0,1238649.0
2023,Abril,Província de Maputo,Magude,Pagamentos,21231.0,1248213.0
2023,Maio,Província de Maputo,Magude,Pagamentos,23464.0,1311978.0
2023,Junho,Província de Maputo,Magude,Pagamentos,24042.0,1357821.0
2023,Julho,Província de Maputo,Magude,Pagamentos,24083.0,1354444.0
2023,Agosto,Província de Maputo,Magude,Pagamentos,22462.0,1219650.0
2023,Setembro,Província de Maputo,Magude,Pagamentos,26962.0,1732414.0
2023,Outubro,Província de Maputo,Magude,Pagamentos,29009.0,1931334.0
2023,Novembro,Província de Maputo,Magude,Pagamentos,39985.0,2621442.0
2023,Dezembro,Província de Maputo,Magude,Pagamentos,32046.0,2207497.0
2023,Janeiro,Província de Maputo,Manhiça,Pagamentos,60802.0,4276181.0
2023,Fevereiro,Província de Maputo,Manhiça,Pagamentos,54935.0,3950786.0
2023,Março,Província de Maputo,Manhiça,Pagamentos,64379.0,4576577.0
2023,Abril,Província de Maputo,Manhiça,Pagamentos,67366.0,4513951.0
2023,Maio,Província de Maputo,Manhiça,Pagamentos,74664.0,4875801.0
2023,Junho,Província de Maputo,Manhiça,Pagamentos,71922.0,4769331.0
2023,Julho,Província de Maputo,Manhiça,Pagamentos,75346.0,4995789.0
2023,Agosto,Província de Maputo,Manhiça,Pagamentos,68178.0,4304255.8
2023,Setembro,Província de Maputo,Manhiça,Pagamentos,88622.0,6525586.0
2023,Outubro,Província de Maputo,Manhiça,Pagamentos,91420.0,6938442.0
2023,Novembro,Província de Maputo,Manhiça,Pagamentos,118509.0,9228996.0
2023,Dezembro,Província de Maputo,Manhiça,Pagamentos,98140.0,8056412.0
2023,Janeiro,Província de Maputo,Marracuene,Pagamentos,140863.0,10511764.0
2023,Fevereiro,Província de Maputo,Marracuene,Pagamentos,130202.0,9775709.68
2023,Março,Província de Maputo,Marracuene,Pagamentos,149954.0,11343674.0
2023,Abril,Província de Maputo,Marracuene,Pagamentos,179082.0,13161190.0
2023,Maio,Província de Maputo,Marracuene,Pagamentos,199459.0,14443129.0
2023,Junho,Província de Maputo,Marracuene,Pagamentos,199038.0,14708474.0
2023,Julho,Província de Maputo,Marracuene,Pagamentos,207800.0,15893502.0
2023,Agosto,Província de Maputo,Marracuene,Pagamentos,188238.0,13560340.19
2023,Setembro,Província de Maputo,Marracuene,Pagamentos,258400.0,22641448.0
2023,Outubro,Província de Maputo,Marracuene,Pagamentos,268685.0,23648548.69
2023,Novembro,Província de Maputo,Marracuene,Pagamentos,357738.0,32090148.64
2023,Dezembro,Província de Maputo,Marracuene,Pagamentos,299154.0,28054734.98
2023,Janeiro,Província de Maputo,Matutuíne,Pagamentos,28580.0,1703960.0
2023,Fevereiro,Província de Maputo,Matutuíne,Pagamentos,25646.0,1487276.0
2023,Março,Província de Maputo,Matutuíne,Pagamentos,28446.0,1741409.0
2023,Abril,Província de Maputo,Matutuíne,Pagamentos,28125.0,1721249.0
2023,Maio,Província de Maputo,Matutuíne,Pagamentos,30362.0,1868503.0
2023,Junho,Província de Maputo,Matutuíne,Pagamentos,30953.0,1984451.0
2023,Julho,Província de Maputo,Matutuíne,Pagamentos,32941.0,2151732.0
2023,Agosto,Província de Maputo,Matutuíne,Pagamentos,29861.0,1795742.0
2023,Setembro,Província de Maputo,Matutuíne,Pagamentos,35847.0,2636369.0
2023,Outubro,Província de Maputo,Matutuíne,Pagamentos,36775.0,2703350.0
2023,Novembro,Província de Maputo,Matutuíne,Pagamentos,49916.0,3926268.0
2023,Dezembro,Província de Maputo,Matutuíne,Pagamentos,42328.0,3520220.0
2023,Janeiro,Província de Maputo,Namaacha,Pagamentos,12924.0,861393.0
2023,Fevereiro,Província de Maputo,Namaacha,Pagamentos,11392.0,761477.0
2023,Março,Província de Maputo,Namaacha,Pagamentos,13497.0,924528.0
2023,Abril,Província de Maputo,Namaacha,Pagamentos,13729.0,890348.0
2023,Maio,Província de Maputo,Namaacha,Pagamentos,15098.0,996231.0
2023,Junho,Província de Maputo,Namaacha,Pagamentos,15330.0,953739.0
2023,Julho,Província de Maputo,Namaacha,Pagamentos,16235.0,1029273.0
2023,Agosto,Província de Maputo,Namaacha,Pagamentos,15081.0,913564.0
2023,Setembro,Província de Maputo,Namaacha,Pagamentos,19551.0,1330490.0
2023,Outubro,Província de Maputo,Namaacha,Pagamentos,20214.0,1356595.0
2023,Novembro,Província de Maputo,Namaacha,Pagamentos,27505.0,2008577.0
2023,Dezembro,Província de Maputo,Namaacha,Pagamentos,21677.0,1653618.0
2023,Janeiro,Província de Maputo,Moamba,Pagamentos,44283.0,2921445.0
2023,Fevereiro,Província de Maputo,Moamba,Pagamentos,41844.0,2864954.0
2023,Março,Província de Maputo,Moamba,Pagamentos,49778.0,3469995.0
2023,Abril,Província de Maputo,Moamba,Pagamentos,50420.0,3381679.0
2023,Maio,Província de Maputo,Moamba,Pagamentos,56024.0,3773419.0
2023,Junho,Província de Maputo,Moamba,Pagamentos,56732.0,3903580.0
2023,Julho,Província de Maputo,Moamba,Pagamentos,60774.0,4174692.0
2023,Agosto,Província de Maputo,Moamba,Pagamentos,57852.0,3705081.23
2023,Setembro,Província de Maputo,Moamba,Pagamentos,73713.0,5590182.0
2023,Outubro,Província de Maputo,Moamba,Pagamentos,78501.0,5893236.07
2023,Novembro,Província de Maputo,Moamba,Pagamentos,105369.0,8120778.68
2023,Dezembro,Província de Maputo,Moamba,Pagamentos,86036.0,6918096.35
2023,Janeiro,Gaza,Cidade de Xai-Xai,Pagamentos,183722.0,15088080.0
2023,Fevereiro,Gaza,Cidade de Xai-Xai,Pagamentos,167948.0,13054866.46
2023,Março,Gaza,Cidade de Xai-Xai,Pagamentos,187930.0,16324644.81
2023,Abril,Gaza,Cidade de Xai-Xai,Pagamentos,187699.0,14304131.4
2023,Maio,Gaza,Cidade de Xai-Xai,Pagamentos,204982.0,15402482.6
2023,Junho,Gaza,Cidade de Xai-Xai,Pagamentos,205254.0,15657251.91
2023,Julho,Gaza,Cidade de Xai-Xai,Pagamentos,205934.0,15289999.0
2023,Agosto,Gaza,Cidade de Xai-Xai,Pagamentos,184978.0,12837868.94
2023,Setembro,Gaza,Cidade de Xai-Xai,Pagamentos,234112.0,19355035.16
2023,Outubro,Gaza,Cidade de Xai-Xai,Pagamentos,244323.0,20453099.38
2023,Novembro,Gaza,Cidade de Xai-Xai,Pagamentos,320442.0,27608511.32
2023,Dezembro,Gaza,Cidade de Xai-Xai,Pagamentos,259795.0,24314776.630000003
2023,Janeiro,Gaza,Bilene-Macia,Pagamentos,68997.0,4871194.0
2023,Fevereiro,Gaza,Bilene-Macia,Pagamentos,59059.0,4137251.0
2023,Março,Gaza,Bilene-Macia,Pagamentos,64265.0,4575050.0
2023,Abril,Gaza,Bilene-Macia,Pagamentos,66222.0,4521010.0
2023,Maio,Gaza,Bilene-Macia,Pagamentos,70617.0,4722387.0
2023,Junho,Gaza,Bilene-Macia,Pagamentos,72271.0,4820757.0
2023,Julho,Gaza,Bilene-Macia,Pagamentos,76211.0,5006131.0
2023,Agosto,Gaza,Bilene-Macia,Pagamentos,68338.0,4085615.5
2023,Setembro,Gaza,Bilene-Macia,Pagamentos,87646.0,6253287.0
2023,Outubro,Gaza,Bilene-Macia,Pagamentos,91143.0,6639044.0
2023,Novembro,Gaza,Bilene-Macia,Pagamentos,124225.0,9380540.0
2023,Dezembro,Gaza,Bilene-Macia,Pagamentos,104051.0,8607585.0
2023,Janeiro,Gaza,Chibuto,Pagamentos,47616.0,2699093.0
2023,Fevereiro,Gaza,Chibuto,Pagamentos,41714.0,2406325.28
2023,Março,Gaza,Chibuto,Pagamentos,46661.0,2807599.0
2023,Abril,Gaza,Chibuto,Pagamentos,49139.0,2749637.0
2023,Maio,Gaza,Chibuto,Pagamentos,55156.0,3056343.0
2023,Junho,Gaza,Chibuto,Pagamentos,56417.0,3125126.86
2023,Julho,Gaza,Chibuto,Pagamentos,59298.0,3218909.0
2023,Agosto,Gaza,Chibuto,Pagamentos,60533.0,2977278.73
2023,Setembro,Gaza,Chibuto,Pagamentos,72483.0,4172296.0
2023,Outubro,Gaza,Chibuto,Pagamentos,77624.0,4650977.0
2023,Novembro,Gaza,Chibuto,Pagamentos,102126.0,6210931.0
2023,Dezembro,Gaza,Chibuto,Pagamentos,85399.0,5621138.0
2023,Janeiro,Gaza,Chicualacuala,Pagamentos,24129.0,1033494.0
2023,Fevereiro,Gaza,Chicualacuala,Pagamentos,16515.0,869240.0
2023,Março,Gaza,Chicualacuala,Pagamentos,16152.0,933853.0
2023,Abril,Gaza,Chicualacuala,Pagamentos,15861.0,840943.0
2023,Maio,Gaza,Chicualacuala,Pagamentos,16811.0,880299.0
2023,Junho,Gaza,Chicualacuala,Pagamentos,16755.0,894811.0
2023,Julho,Gaza,Chicualacuala,Pagamentos,16400.0,869457.0
2023,Agosto,Gaza,Chicualacuala,Pagamentos,15570.0,774481.0
2023,Setembro,Gaza,Chicualacuala,Pagamentos,16733.0,938355.0
2023,Outubro,Gaza,Chicualacuala,Pagamentos,16955.0,1004588.0
2023,Novembro,Gaza,Chicualacuala,Pagamentos,21151.0,1341725.0
2023,Dezembro,Gaza,Chicualacuala,Pagamentos,17117.0,1117225.0
2023,Janeiro,Gaza,Chigubo,Pagamentos,7243.0,288556.0
2023,Fevereiro,Gaza,Chigubo,Pagamentos,6582.0,295665.0
2023,Março,Gaza,Chigubo,Pagamentos,6717.0,291426.0
2023,Abril,Gaza,Chigubo,Pagamentos,6564.0,288568.0
2023,Maio,Gaza,Chigubo,Pagamentos,7113.0,319289.0
2023,Junho,Gaza,Chigubo,Pagamentos,7744.0,359239.0
2023,Julho,Gaza,Chigubo,Pagamentos,8316.0,387626.0
2023,Agosto,Gaza,Chigubo,Pagamentos,8629.0,344171.0
2023,Setembro,Gaza,Chigubo,Pagamentos,8814.0,374158.0
2023,Outubro,Gaza,Chigubo,Pagamentos,9341.0,415891.0
2023,Novembro,Gaza,Chigubo,Pagamentos,13080.0,611988.0
2023,Dezembro,Gaza,Chigubo,Pagamentos,10403.0,483155.0
2023,Janeiro,Gaza,Chókwè,Pagamentos,90736.0,5432585.0
2023,Fevereiro,Gaza,Chókwè,Pagamentos,84035.0,5009042.95
2023,Março,Gaza,Chókwè,Pagamentos,91097.0,5790078.9
2023,Abril,Gaza,Chókwè,Pagamentos,97904.0,5993231.43
2023,Maio,Gaza,Chókwè,Pagamentos,105989.0,6226284.0
2023,Junho,Gaza,Chókwè,Pagamentos,108441.0,6294172.0
2023,Julho,Gaza,Chókwè,Pagamentos,111325.0,6370188.77
2023,Agosto,Gaza,Chókwè,Pagamentos,100730.0,5324785.54
2023,Setembro,Gaza,Chókwè,Pagamentos,126613.0,7887880.99
2023,Outubro,Gaza,Chókwè,Pagamentos,137937.0,8785322.98
2023,Novembro,Gaza,Chókwè,Pagamentos,186265.0,12205762.23
2023,Dezembro,Gaza,Chókwè,Pagamentos,152720.0,10403164.72
2023,Janeiro,Gaza,Guijá,Pagamentos,17359.0,986230.0
2023,Fevereiro,Gaza,Guijá,Pagamentos,16365.0,965559.5
2023,Março,Gaza,Guijá,Pagamentos,17870.0,1120516.0
2023,Abril,Gaza,Guijá,Pagamentos,18652.0,1151317.0
2023,Maio,Gaza,Guijá,Pagamentos,20711.0,1201555.0
2023,Junho,Gaza,Guijá,Pagamentos,21966.0,1302584.0
2023,Julho,Gaza,Guijá,Pagamentos,23458.0,1282959.0
2023,Agosto,Gaza,Guijá,Pagamentos,20712.0,1052325.18
2023,Setembro,Gaza,Guijá,Pagamentos,26937.0,1544742.0
2023,Outubro,Gaza,Guijá,Pagamentos,28867.0,1648071.0
2023,Novembro,Gaza,Guijá,Pagamentos,40360.0,2360741.0
2023,Dezembro,Gaza,Guijá,Pagamentos,33836.0,2056288.25
2023,Janeiro,Gaza,Mabalane,Pagamentos,23404.0,915475.0
2023,Fevereiro,Gaza,Mabalane,Pagamentos,18075.0,845171.0
2023,Março,Gaza,Mabalane,Pagamentos,16779.0,813309.0
2023,Abril,Gaza,Mabalane,Pagamentos,16133.0,770906.0
2023,Maio,Gaza,Mabalane,Pagamentos,17469.0,821100.0
2023,Junho,Gaza,Mabalane,Pagamentos,17069.0,813199.0
2023,Julho,Gaza,Mabalane,Pagamentos,17605.0,853692.0
2023,Agosto,Gaza,Mabalane,Pagamentos,17675.0,766405.0
2023,Setembro,Gaza,Mabalane,Pagamentos,19373.0,980194.0
2023,Outubro,Gaza,Mabalane,Pagamentos,20518.0,1098705.0
2023,Novembro,Gaza,Mabalane,Pagamentos,26093.0,1452147.0
2023,Dezembro,Gaza,Mabalane,Pagamentos,20736.0,1188886.0
2023,Janeiro,Gaza,Manjacaze,Pagamentos,49784.0,2746510.0
2023,Fevereiro,Gaza,Manjacaze,Pagamentos,38911.0,2202351.0
2023,Março,Gaza,Manjacaze,Pagamentos,41603.0,2515280.65
2023,Abril,Gaza,Manjacaze,Pagamentos,44028.0,2607165.0
2023,Maio,Gaza,Manjacaze,Pagamentos,48757.0,2767885.0
2023,Junho,Gaza,Manjacaze,Pagamentos,50182.0,2838133.0
2023,Julho,Gaza,Manjacaze,Pagamentos,53976.0,2883770.0
2023,Agosto,Gaza,Manjacaze,Pagamentos,52251.0,2469908.2
2023,Setembro,Gaza,Manjacaze,Pagamentos,60700.0,3378441.0
2023,Outubro,Gaza,Manjacaze,Pagamentos,64129.0,3711265.24
2023,Novembro,Gaza,Manjacaze,Pagamentos,85966.0,5048995.24
2023,Dezembro,Gaza,Manjacaze,Pagamentos,74476.0,4729685.0
2023,Janeiro,Gaza,Massangena,Pagamentos,11326.0,402516.0
2023,Fevereiro,Gaza,Massangena,Pagamentos,8165.0,354796.0
2023,Março,Gaza,Massangena,Pagamentos,7600.0,343501.0
2023,Abril,Gaza,Massangena,Pagamentos,7297.0,332168.0
2023,Maio,Gaza,Massangena,Pagamentos,7284.0,369588.0
2023,Junho,Gaza,Massangena,Pagamentos,8053.0,366913.0
2023,Julho,Gaza,Massangena,Pagamentos,8603.0,363788.0
2023,Agosto,Gaza,Massangena,Pagamentos,7955.0,331965.0
2023,Setembro,Gaza,Massangena,Pagamentos,8449.0,382482.0
2023,Outubro,Gaza,Massangena,Pagamentos,8670.0,402273.0
2023,Novembro,Gaza,Massangena,Pagamentos,11047.0,554792.0
2023,Dezembro,Gaza,Massangena,Pagamentos,9528.0,476671.0
2023,Janeiro,Gaza,Massingir,Pagamentos,19862.0,1016131.0
2023,Fevereiro,Gaza,Massingir,Pagamentos,16938.0,902854.0
2023,Março,Gaza,Massingir,Pagamentos,16876.0,986254.0
2023,Abril,Gaza,Massingir,Pagamentos,16793.0,939091.0
2023,Maio,Gaza,Massingir,Pagamentos,17985.0,1004300.0
2023,Junho,Gaza,Massingir,Pagamentos,17831.0,982614.0
2023,Julho,Gaza,Massingir,Pagamentos,18360.0,942482.0
2023,Agosto,Gaza,Massingir,Pagamentos,17612.0,939133.0
2023,Setembro,Gaza,Massingir,Pagamentos,21591.0,1407759.0
2023,Outubro,Gaza,Massingir,Pagamentos,22804.0,1677213.0
2023,Novembro,Gaza,Massingir,Pagamentos,30544.0,2228352.0
2023,Dezembro,Gaza,Massingir,Pagamentos,25448.0,1904667.0
2023,Janeiro,Gaza,Chonguene,Pagamentos,44958.0,3397043.0
2023,Fevereiro,Gaza,Chonguene,Pagamentos,37966.0,2725363.0
2023,Março,Gaza,Chonguene,Pagamentos,42697.0,3147477.0
2023,Abril,Gaza,Chonguene,Pagamentos,49754.0,3555657.0
2023,Maio,Gaza,Chonguene,Pagamentos,52258.0,3457518.0
2023,Junho,Gaza,Chonguene,Pagamentos,52802.0,3653536.0
2023,Julho,Gaza,Chonguene,Pagamentos,52474.0,3600106.0
2023,Agosto,Gaza,Chonguene,Pagamentos,49173.0,3083050.72
2023,Setembro,Gaza,Chonguene,Pagamentos,61916.0,4502262.0
2023,Outubro,Gaza,Chonguene,Pagamentos,65091.0,4969526.07
2023,Novembro,Gaza,Chonguene,Pagamentos,87979.0,7154445.1
2023,Dezembro,Gaza,Chonguene,Pagamentos,72084.0,6518802.75
2023,Janeiro,Gaza,Mapai,Pagamentos,24178.0,1113640.0
2023,Fevereiro,Gaza,Mapai,Pagamentos,18518.0,943638.0
2023,Março,Gaza,Mapai,Pagamentos,18890.0,1014989.0
2023,Abril,Gaza,Mapai,Pagamentos,19189.0,965241.0
2023,Maio,Gaza,Mapai,Pagamentos,22217.0,1052299.0
2023,Junho,Gaza,Mapai,Pagamentos,23642.0,1104303.0
2023,Julho,Gaza,Mapai,Pagamentos,23583.0,1142626.0
2023,Agosto,Gaza,Mapai,Pagamentos,22940.0,1013765.0
2023,Setembro,Gaza,Mapai,Pagamentos,23802.0,1210227.0
2023,Outubro,Gaza,Mapai,Pagamentos,24664.0,1276481.0
2023,Novembro,Gaza,Mapai,Pagamentos,32632.0,1806775.0
2023,Dezembro,Gaza,Mapai,Pagamentos,27863.0,1550805.0
2023,Janeiro,Gaza,Limpopo,Pagamentos,30673.0,1955245.0
2023,Fevereiro,Gaza,Limpopo,Pagamentos,26689.0,1641683.0
2023,Março,Gaza,Limpopo,Pagamentos,29450.0,1882782.0
2023,Abril,Gaza,Limpopo,Pagamentos,31257.0,1993302.0
2023,Maio,Gaza,Limpopo,Pagamentos,34729.0,2171432.0
2023,Junho,Gaza,Limpopo,Pagamentos,35752.0,2241410.0
2023,Julho,Gaza,Limpopo,Pagamentos,38273.0,2261020.0
2023,Agosto,Gaza,Limpopo,Pagamentos,35403.0,1776003.56
2023,Setembro,Gaza,Limpopo,Pagamentos,44141.0,2987102.0
2023,Outubro,Gaza,Limpopo,Pagamentos,47207.0,2981966.0
2023,Novembro,Gaza,Limpopo,Pagamentos,62606.0,4172154.0
2023,Dezembro,Gaza,Limpopo,Pagamentos,52574.0,3762614.0
2023,Janeiro,Inhambane,Cidade de Inhambane,Pagamentos,85778.0,7185062.5
2023,Fevereiro,Inhambane,Cidade de Inhambane,Pagamentos,73201.0,5887011.62
2023,Março,Inhambane,Cidade de Inhambane,Pagamentos,82520.0,7415162.25
2023,Abril,Inhambane,Cidade de Inhambane,Pagamentos,84640.0,7154090.48
2023,Maio,Inhambane,Cidade de Inhambane,Pagamentos,91241.0,7393342.44
2023,Junho,Inhambane,Cidade de Inhambane,Pagamentos,92250.0,7580945.12
2023,Julho,Inhambane,Cidade de Inhambane,Pagamentos,95140.0,7995853.56
2023,Agosto,Inhambane,Cidade de Inhambane,Pagamentos,86197.0,7179430.6
2023,Setembro,Inhambane,Cidade de Inhambane,Pagamentos,109650.0,9676800.32
2023,Outubro,Inhambane,Cidade de Inhambane,Pagamentos,114415.0,10555124.87
2023,Novembro,Inhambane,Cidade de Inhambane,Pagamentos,155251.0,13957640.32
2023,Dezembro,Inhambane,Cidade de Inhambane,Pagamentos,128215.0,13127561.32
2023,Janeiro,Inhambane,Cidade de Maxixe,Pagamentos,107278.0,8201873.0
2023,Fevereiro,Inhambane,Cidade de Maxixe,Pagamentos,94499.0,7058719.0
2023,Março,Inhambane,Cidade de Maxixe,Pagamentos,107497.0,8301793.0
2023,Abril,Inhambane,Cidade de Maxixe,Pagamentos,109196.0,7928039.0
2023,Maio,Inhambane,Cidade de Maxixe,Pagamentos,119327.0,8321290.84
2023,Junho,Inhambane,Cidade de Maxixe,Pagamentos,122248.0,8618936.0
2023,Julho,Inhambane,Cidade de Maxixe,Pagamentos,126152.0,8698722.8
2023,Agosto,Inhambane,Cidade de Maxixe,Pagamentos,113175.0,7640209.6
2023,Setembro,Inhambane,Cidade de Maxixe,Pagamentos,144890.0,11430538.0
2023,Outubro,Inhambane,Cidade de Maxixe,Pagamentos,153677.0,12580531.35
2023,Novembro,Inhambane,Cidade de Maxixe,Pagamentos,208493.0,17178800.48
2023,Dezembro,Inhambane,Cidade de Maxixe,Pagamentos,174002.0,14967906.06
2023,Janeiro,Inhambane,Funhaloro,Pagamentos,15736.0,598157.0
2023,Fevereiro,Inhambane,Funhaloro,Pagamentos,11607.0,524668.92
2023,Março,Inhambane,Funhaloro,Pagamentos,11461.0,515636.0
2023,Abril,Inhambane,Funhaloro,Pagamentos,11667.0,519399.0
2023,Maio,Inhambane,Funhaloro,Pagamentos,12747.0,596853.0
2023,Junho,Inhambane,Funhaloro,Pagamentos,12993.0,594099.0
2023,Julho,Inhambane,Funhaloro,Pagamentos,14664.0,626273.0
2023,Agosto,Inhambane,Funhaloro,Pagamentos,15055.0,609507.0
2023,Setembro,Inhambane,Funhaloro,Pagamentos,15152.0,729436.0
2023,Outubro,Inhambane,Funhaloro,Pagamentos,15140.0,680972.0
2023,Novembro,Inhambane,Funhaloro,Pagamentos,19989.0,1006086.0
2023,Dezembro,Inhambane,Funhaloro,Pagamentos,17316.0,871718.0
2023,Janeiro,Inhambane,Govuro,Pagamentos,17119.0,759931.0
2023,Fevereiro,Inhambane,Govuro,Pagamentos,12259.0,639524.0
2023,Março,Inhambane,Govuro,Pagamentos,12830.0,722151.0
2023,Abril,Inhambane,Govuro,Pagamentos,14638.0,787114.0
2023,Maio,Inhambane,Govuro,Pagamentos,15726.0,824762.0
2023,Junho,Inhambane,Govuro,Pagamentos,15766.0,861783.0
2023,Julho,Inhambane,Govuro,Pagamentos,16541.0,913131.0
2023,Agosto,Inhambane,Govuro,Pagamentos,16718.0,811541.84
2023,Setembro,Inhambane,Govuro,Pagamentos,19255.0,1089376.0
2023,Outubro,Inhambane,Govuro,Pagamentos,18972.0,1116691.0
2023,Novembro,Inhambane,Govuro,Pagamentos,26019.0,1453252.0
2023,Dezembro,Inhambane,Govuro,Pagamentos,22517.0,1277438.0
2023,Janeiro,Inhambane,Homoine,Pagamentos,26171.0,1422804.0
2023,Fevereiro,Inhambane,Homoine,Pagamentos,20499.0,1138661.0
2023,Março,Inhambane,Homoine,Pagamentos,22333.0,1201912.0
2023,Abril,Inhambane,Homoine,Pagamentos,23457.0,1231029.0
2023,Maio,Inhambane,Homoine,Pagamentos,26439.0,1327056.0
2023,Junho,Inhambane,Homoine,Pagamentos,28355.0,1422693.0
2023,Julho,Inhambane,Homoine,Pagamentos,30363.0,1568480.0
2023,Agosto,Inhambane,Homoine,Pagamentos,29707.0,1313243.0
2023,Setembro,Inhambane,Homoine,Pagamentos,34316.0,1861012.0
2023,Outubro,Inhambane,Homoine,Pagamentos,36500.0,2039115.0
2023,Novembro,Inhambane,Homoine,Pagamentos,50184.0,2806812.0
2023,Dezembro,Inhambane,Homoine,Pagamentos,43443.0,2545541.0
2023,Janeiro,Inhambane,Inharrime,Pagamentos,30640.0,1804800.0
2023,Fevereiro,Inhambane,Inharrime,Pagamentos,23359.0,1415543.0
2023,Março,Inhambane,Inharrime,Pagamentos,25032.0,1517483.0
2023,Abril,Inhambane,Inharrime,Pagamentos,25339.0,1593859.0
2023,Maio,Inhambane,Inharrime,Pagamentos,28570.0,1680887.0
2023,Junho,Inhambane,Inharrime,Pagamentos,29472.0,1756719.0
2023,Julho,Inhambane,Inharrime,Pagamentos,31862.0,1803504.0
2023,Agosto,Inhambane,Inharrime,Pagamentos,30597.0,1591943.64
2023,Setembro,Inhambane,Inharrime,Pagamentos,36057.0,2176502.0
2023,Outubro,Inhambane,Inharrime,Pagamentos,38378.0,2255090.0
2023,Novembro,Inhambane,Inharrime,Pagamentos,52232.0,3282823.0
2023,Dezembro,Inhambane,Inharrime,Pagamentos,44767.0,2844691.0
2023,Janeiro,Inhambane,Inhassoro,Pagamentos,30175.0,1864193.0
2023,Fevereiro,Inhambane,Inhassoro,Pagamentos,25510.0,1681278.0
2023,Março,Inhambane,Inhassoro,Pagamentos,27614.0,1837431.0
2023,Abril,Inhambane,Inhassoro,Pagamentos,29562.0,1988246.0
2023,Maio,Inhambane,Inhassoro,Pagamentos,32611.0,2142216.0
2023,Junho,Inhambane,Inhassoro,Pagamentos,33023.0,2314941.0
2023,Julho,Inhambane,Inhassoro,Pagamentos,33618.0,2314918.2
2023,Agosto,Inhambane,Inhassoro,Pagamentos,31105.0,2043089.2
2023,Setembro,Inhambane,Inhassoro,Pagamentos,36851.0,2842136.0
2023,Outubro,Inhambane,Inhassoro,Pagamentos,37864.0,2932464.0
2023,Novembro,Inhambane,Inhassoro,Pagamentos,49978.0,3961676.0
2023,Dezembro,Inhambane,Inhassoro,Pagamentos,40384.0,3359377.0
2023,Janeiro,Inhambane,Jangamo,Pagamentos,16337.0,987586.0
2023,Fevereiro,Inhambane,Jangamo,Pagamentos,12836.0,813424.0
2023,Março,Inhambane,Jangamo,Pagamentos,13415.0,902168.0
2023,Abril,Inhambane,Jangamo,Pagamentos,14029.0,926406.0
2023,Maio,Inhambane,Jangamo,Pagamentos,15370.0,953618.0
2023,Junho,Inhambane,Jangamo,Pagamentos,16274.0,957929.0
2023,Julho,Inhambane,Jangamo,Pagamentos,17551.0,1086830.0
2023,Agosto,Inhambane,Jangamo,Pagamentos,16923.0,912542.0
2023,Setembro,Inhambane,Jangamo,Pagamentos,20676.0,1296974.0
2023,Outubro,Inhambane,Jangamo,Pagamentos,21912.0,1376735.0
2023,Novembro,Inhambane,Jangamo,Pagamentos,30102.0,2032946.88
2023,Dezembro,Inhambane,Jangamo,Pagamentos,25647.0,1864392.0
2023,Janeiro,Inhambane,Mabote,Pagamentos,18912.0,751402.0
2023,Fevereiro,Inhambane,Mabote,Pagamentos,14261.0,647889.0
2023,Março,Inhambane,Mabote,Pagamentos,11687.0,593260.0
2023,Abril,Inhambane,Mabote,Pagamentos,13863.0,670945.0
2023,Maio,Inhambane,Mabote,Pagamentos,15350.0,755171.0
2023,Junho,Inhambane,Mabote,Pagamentos,16391.0,757801.0
2023,Julho,Inhambane,Mabote,Pagamentos,17244.0,791406.0
2023,Agosto,Inhambane,Mabote,Pagamentos,17260.0,754630.0
2023,Setembro,Inhambane,Mabote,Pagamentos,19382.0,1019485.0
2023,Outubro,Inhambane,Mabote,Pagamentos,19356.0,1089640.0
2023,Novembro,Inhambane,Mabote,Pagamentos,25396.0,1435206.0
2023,Dezembro,Inhambane,Mabote,Pagamentos,20929.0,1169206.0
2023,Janeiro,Inhambane,Massinga,Pagamentos,51273.0,3409247.0
2023,Fevereiro,Inhambane,Massinga,Pagamentos,40536.0,2758885.0
2023,Março,Inhambane,Massinga,Pagamentos,44910.0,3184211.0
2023,Abril,Inhambane,Massinga,Pagamentos,46404.0,3176419.0
2023,Maio,Inhambane,Massinga,Pagamentos,51159.0,3437793.0
2023,Junho,Inhambane,Massinga,Pagamentos,52523.0,3440312.0
2023,Julho,Inhambane,Massinga,Pagamentos,56811.0,3578048.0
2023,Agosto,Inhambane,Massinga,Pagamentos,54534.0,2925981.0
2023,Setembro,Inhambane,Massinga,Pagamentos,63814.0,4215626.0
2023,Outubro,Inhambane,Massinga,Pagamentos,68217.0,4460523.84
2023,Novembro,Inhambane,Massinga,Pagamentos,89686.0,5898269.7
2023,Dezembro,Inhambane,Massinga,Pagamentos,74228.0,5226805.0
2023,Janeiro,Inhambane,Morrumbene,Pagamentos,30245.0,1709955.0
2023,Fevereiro,Inhambane,Morrumbene,Pagamentos,22628.0,1328599.0
2023,Março,Inhambane,Morrumbene,Pagamentos,24601.0,1489413.0
2023,Abril,Inhambane,Morrumbene,Pagamentos,24906.0,1441304.0
2023,Maio,Inhambane,Morrumbene,Pagamentos,27312.0,1549660.0
2023,Junho,Inhambane,Morrumbene,Pagamentos,28227.0,1650180.0
2023,Julho,Inhambane,Morrumbene,Pagamentos,30196.0,1662233.0
2023,Agosto,Inhambane,Morrumbene,Pagamentos,28699.0,1508612.0
2023,Setembro,Inhambane,Morrumbene,Pagamentos,34253.0,2073757.0
2023,Outubro,Inhambane,Morrumbene,Pagamentos,36653.0,2251479.0
2023,Novembro,Inhambane,Morrumbene,Pagamentos,49411.0,2993171.0
2023,Dezembro,Inhambane,Morrumbene,Pagamentos,42518.0,2764107.0
2023,Janeiro,Inhambane,Panda,Pagamentos,14036.0,639769.0
2023,Fevereiro,Inhambane,Panda,Pagamentos,10844.0,520391.0
2023,Março,Inhambane,Panda,Pagamentos,11376.0,586074.0
2023,Abril,Inhambane,Panda,Pagamentos,11850.0,602096.0
2023,Maio,Inhambane,Panda,Pagamentos,12641.0,624299.0
2023,Junho,Inhambane,Panda,Pagamentos,13372.0,690086.0
2023,Julho,Inhambane,Panda,Pagamentos,14702.0,697905.0
2023,Agosto,Inhambane,Panda,Pagamentos,14312.0,583997.0
2023,Setembro,Inhambane,Panda,Pagamentos,15803.0,767564.0
2023,Outubro,Inhambane,Panda,Pagamentos,15808.0,776459.0
2023,Novembro,Inhambane,Panda,Pagamentos,21125.0,1121832.0
2023,Dezembro,Inhambane,Panda,Pagamentos,17441.0,897275.0
2023,Janeiro,Inhambane,Vilankulo,Pagamentos,61308.0,3915108.67
2023,Fevereiro,Inhambane,Vilankulo,Pagamentos,50751.0,3260016.0
2023,Março,Inhambane,Vilankulo,Pagamentos,58371.0,3804769.0
2023,Abril,Inhambane,Vilankulo,Pagamentos,60935.0,3849898.0
2023,Maio,Inhambane,Vilankulo,Pagamentos,64527.0,4141913.0
2023,Junho,Inhambane,Vilankulo,Pagamentos,66482.0,4240926.0
2023,Julho,Inhambane,Vilankulo,Pagamentos,69017.0,4371406.0
2023,Agosto,Inhambane,Vilankulo,Pagamentos,64972.0,3807328.0
2023,Setembro,Inhambane,Vilankulo,Pagamentos,81848.0,5889270.0
2023,Outubro,Inhambane,Vilankulo,Pagamentos,85289.0,6616662.14
2023,Novembro,Inhambane,Vilankulo,Pagamentos,113105.0,8621475.35
2023,Dezembro,Inhambane,Vilankulo,Pagamentos,92848.0,7616596.32
2023,Janeiro,Inhambane,Zavala (Quissico),Pagamentos,36527.0,2028753.0
2023,Fevereiro,Inhambane,Zavala (Quissico),Pagamentos,28488.0,1579409.0
2023,Março,Inhambane,Zavala (Quissico),Pagamentos,30258.0,1759088.0
2023,Abril,Inhambane,Zavala (Quissico),Pagamentos,30762.0,1775031.0
2023,Maio,Inhambane,Zavala (Quissico),Pagamentos,34337.0,1930706.0
2023,Junho,Inhambane,Zavala (Quissico),Pagamentos,35615.0,1997414.0
2023,Julho,Inhambane,Zavala (Quissico),Pagamentos,39040.0,2040652.0
2023,Agosto,Inhambane,Zavala (Quissico),Pagamentos,37668.0,1791251.0
2023,Setembro,Inhambane,Zavala (Quissico),Pagamentos,43173.0,2565975.2
2023,Outubro,Inhambane,Zavala (Quissico),Pagamentos,46139.0,2668860.0
2023,Novembro,Inhambane,Zavala (Quissico),Pagamentos,62514.0,3657292.0
2023,Dezembro,Inhambane,Zavala (Quissico),Pagamentos,53821.0,3198384.0
2023,Janeiro,Sofala,Cidade da Beira,Pagamentos,539203.0,33074797.49
2023,Fevereiro,Sofala,Cidade da Beira,Pagamentos,477024.0,33058040.15
2023,Março,Sofala,Cidade da Beira,Pagamentos,525739.0,38745378.99
2023,Abril,Sofala,Cidade da Beira,Pagamentos,561794.0,40691371.46
2023,Maio,Sofala,Cidade da Beira,Pagamentos,620489.0,40201359.0
2023,Junho,Sofala,Cidade da Beira,Pagamentos,607183.0,38965964.48
2023,Julho,Sofala,Cidade da Beira,Pagamentos,634779.0,41027883.52
2023,Agosto,Sofala,Cidade da Beira,Pagamentos,598717.0,37308735.04
2023,Setembro,Sofala,Cidade da Beira,Pagamentos,743004.0,55102734.16
2023,Outubro,Sofala,Cidade da Beira,Pagamentos,798272.0,63503898.83
2023,Novembro,Sofala,Cidade da Beira,Pagamentos,1064529.0,86922765.61
2023,Dezembro,Sofala,Cidade da Beira,Pagamentos,883489.0,75518132.42
2023,Janeiro,Sofala,Buzi,Pagamentos,41368.0,1235490.0
2023,Fevereiro,Sofala,Buzi,Pagamentos,30610.0,1056126.0
2023,Março,Sofala,Buzi,Pagamentos,30753.0,1197026.0
2023,Abril,Sofala,Buzi,Pagamentos,33839.0,1297963.0
2023,Maio,Sofala,Buzi,Pagamentos,38346.0,1377030.0
2023,Junho,Sofala,Buzi,Pagamentos,39716.0,1506524.0
2023,Julho,Sofala,Buzi,Pagamentos,41712.0,1579266.0
2023,Agosto,Sofala,Buzi,Pagamentos,39793.0,1337096.2
2023,Setembro,Sofala,Buzi,Pagamentos,44676.0,1876590.0
2023,Outubro,Sofala,Buzi,Pagamentos,45708.0,1976089.0
2023,Novembro,Sofala,Buzi,Pagamentos,62409.0,2736915.0
2023,Dezembro,Sofala,Buzi,Pagamentos,51541.0,2393342.0
2023,Janeiro,Sofala,Caia,Pagamentos,35666.0,1417760.0
2023,Fevereiro,Sofala,Caia,Pagamentos,28519.0,1392403.0
2023,Março,Sofala,Caia,Pagamentos,28419.0,1573502.0
2023,Abril,Sofala,Caia,Pagamentos,31685.0,1735713.0
2023,Maio,Sofala,Caia,Pagamentos,34828.0,1940382.0
2023,Junho,Sofala,Caia,Pagamentos,37037.0,1997274.0
2023,Julho,Sofala,Caia,Pagamentos,39632.0,2068290.0
2023,Agosto,Sofala,Caia,Pagamentos,36015.0,1742882.0
2023,Setembro,Sofala,Caia,Pagamentos,44655.0,2721871.0
2023,Outubro,Sofala,Caia,Pagamentos,46872.0,3042676.0
2023,Novembro,Sofala,Caia,Pagamentos,58238.0,3715106.0
2023,Dezembro,Sofala,Caia,Pagamentos,47501.0,3189421.0
2023,Janeiro,Sofala,Chemba,Pagamentos,20840.0,614220.0
2023,Fevereiro,Sofala,Chemba,Pagamentos,11841.0,488081.0
2023,Março,Sofala,Chemba,Pagamentos,10000.0,497502.0
2023,Abril,Sofala,Chemba,Pagamentos,9744.0,538570.0
2023,Maio,Sofala,Chemba,Pagamentos,10543.0,598659.0
2023,Junho,Sofala,Chemba,Pagamentos,11681.0,623115.0
2023,Julho,Sofala,Chemba,Pagamentos,11435.0,605191.0
2023,Agosto,Sofala,Chemba,Pagamentos,10986.0,558305.05
2023,Setembro,Sofala,Chemba,Pagamentos,12308.0,740642.0
2023,Outubro,Sofala,Chemba,Pagamentos,12171.0,842112.0
2023,Novembro,Sofala,Chemba,Pagamentos,15727.0,1104208.0
2023,Dezembro,Sofala,Chemba,Pagamentos,11590.0,878129.0
2023,Janeiro,Sofala,Cheringoma,Pagamentos,17428.0,586294.0
2023,Fevereiro,Sofala,Cheringoma,Pagamentos,12789.0,533259.0
2023,Março,Sofala,Cheringoma,Pagamentos,11532.0,590345.0
2023,Abril,Sofala,Cheringoma,Pagamentos,12928.0,593451.0
2023,Maio,Sofala,Cheringoma,Pagamentos,13532.0,619766.0
2023,Junho,Sofala,Cheringoma,Pagamentos,13754.0,681905.0
2023,Julho,Sofala,Cheringoma,Pagamentos,14536.0,762208.0
2023,Agosto,Sofala,Cheringoma,Pagamentos,13867.0,690364.0
2023,Setembro,Sofala,Cheringoma,Pagamentos,16102.0,1076061.0
2023,Outubro,Sofala,Cheringoma,Pagamentos,16640.0,1190910.0
2023,Novembro,Sofala,Cheringoma,Pagamentos,20244.0,1434285.0
2023,Dezembro,Sofala,Cheringoma,Pagamentos,16057.0,1227844.0
2023,Janeiro,Sofala,Chibabava,Pagamentos,20804.0,892467.0
2023,Fevereiro,Sofala,Chibabava,Pagamentos,18005.0,901157.0
2023,Março,Sofala,Chibabava,Pagamentos,16877.0,911235.0
2023,Abril,Sofala,Chibabava,Pagamentos,17040.0,910416.0
2023,Maio,Sofala,Chibabava,Pagamentos,19758.0,1043609.0
2023,Junho,Sofala,Chibabava,Pagamentos,20864.0,1055527.0
2023,Julho,Sofala,Chibabava,Pagamentos,22226.0,1122643.0
2023,Agosto,Sofala,Chibabava,Pagamentos,22530.0,1062903.0
2023,Setembro,Sofala,Chibabava,Pagamentos,23886.0,1447659.0
2023,Outubro,Sofala,Chibabava,Pagamentos,25595.0,1607611.0
2023,Novembro,Sofala,Chibabava,Pagamentos,33434.0,2078689.0
2023,Dezembro,Sofala,Chibabava,Pagamentos,27585.0,1750343.0
2023,Janeiro,Sofala,Dondo,Pagamentos,68199.0,3645798.31
2023,Fevereiro,Sofala,Dondo,Pagamentos,55106.0,3178516.0
2023,Março,Sofala,Dondo,Pagamentos,59018.0,3402072.0
2023,Abril,Sofala,Dondo,Pagamentos,64664.0,3728677.0
2023,Maio,Sofala,Dondo,Pagamentos,71025.0,4225987.0
2023,Junho,Sofala,Dondo,Pagamentos,76330.0,4581662.77
2023,Julho,Sofala,Dondo,Pagamentos,78717.0,4733034.0
2023,Agosto,Sofala,Dondo,Pagamentos,76758.0,4115310.0
2023,Setembro,Sofala,Dondo,Pagamentos,100059.0,6406073.0
2023,Outubro,Sofala,Dondo,Pagamentos,102279.0,6898589.0
2023,Novembro,Sofala,Dondo,Pagamentos,135755.0,9204636.0
2023,Dezembro,Sofala,Dondo,Pagamentos,116642.0,8167663.0
2023,Janeiro,Sofala,Gorongoza,Pagamentos,35019.0,1275160.0
2023,Fevereiro,Sofala,Gorongoza,Pagamentos,27582.0,1233903.0
2023,Março,Sofala,Gorongoza,Pagamentos,23177.0,1101694.0
2023,Abril,Sofala,Gorongoza,Pagamentos,1613.0,100112.0
2023,Maio,Sofala,Gorongoza,Pagamentos,31710.0,1465655.0
2023,Junho,Sofala,Gorongoza,Pagamentos,33643.0,1596694.0
2023,Julho,Sofala,Gorongoza,Pagamentos,37876.0,1763258.2
2023,Agosto,Sofala,Gorongoza,Pagamentos,35945.0,1548959.2
2023,Setembro,Sofala,Gorongoza,Pagamentos,42855.0,2406428.0
2023,Outubro,Sofala,Gorongoza,Pagamentos,44032.0,2541284.0
2023,Novembro,Sofala,Gorongoza,Pagamentos,65965.0,3350335.0
2023,Dezembro,Sofala,Gorongoza,Pagamentos,51700.0,2861734.0
2023,Janeiro,Sofala,Machanga,Pagamentos,8352.0,261320.0
2023,Fevereiro,Sofala,Machanga,Pagamentos,6019.0,229473.0
2023,Março,Sofala,Machanga,Pagamentos,7731.0,364576.0
2023,Abril,Sofala,Machanga,Pagamentos,7665.0,286919.0
2023,Maio,Sofala,Machanga,Pagamentos,8743.0,324916.0
2023,Junho,Sofala,Machanga,Pagamentos,8969.0,319150.0
2023,Julho,Sofala,Machanga,Pagamentos,9191.0,335041.0
2023,Agosto,Sofala,Machanga,Pagamentos,9604.0,329137.0
2023,Setembro,Sofala,Machanga,Pagamentos,10418.0,422662.0
2023,Outubro,Sofala,Machanga,Pagamentos,10479.0,425677.0
2023,Novembro,Sofala,Machanga,Pagamentos,12930.0,558365.0
2023,Dezembro,Sofala,Machanga,Pagamentos,10831.0,489332.0
2023,Janeiro,Sofala,Maringue,Pagamentos,49163.0,1154376.0
2023,Fevereiro,Sofala,Maringue,Pagamentos,22184.0,801568.0
2023,Março,Sofala,Maringue,Pagamentos,17585.0,787147.0
2023,Abril,Sofala,Maringue,Pagamentos,17365.0,816632.0
2023,Maio,Sofala,Maringue,Pagamentos,18959.0,909702.0
2023,Junho,Sofala,Maringue,Pagamentos,21777.0,1060070.0
2023,Julho,Sofala,Maringue,Pagamentos,22445.0,1071172.0
2023,Agosto,Sofala,Maringue,Pagamentos,19937.0,922610.0
2023,Setembro,Sofala,Maringue,Pagamentos,20517.0,1287276.0
2023,Outubro,Sofala,Maringue,Pagamentos,19812.0,1339994.0
2023,Novembro,Sofala,Maringue,Pagamentos,24689.0,1811394.0
2023,Dezembro,Sofala,Maringue,Pagamentos,18872.0,1389977.0
2023,Janeiro,Sofala,Marromeu,Pagamentos,21967.0,883106.0
2023,Fevereiro,Sofala,Marromeu,Pagamentos,18136.0,996823.0
2023,Março,Sofala,Marromeu,Pagamentos,19266.0,1189795.0
2023,Abril,Sofala,Marromeu,Pagamentos,19542.0,1262128.0
2023,Maio,Sofala,Marromeu,Pagamentos,21829.0,1225496.0
2023,Junho,Sofala,Marromeu,Pagamentos,23394.0,1458441.0
2023,Julho,Sofala,Marromeu,Pagamentos,26801.0,1548637.0
2023,Agosto,Sofala,Marromeu,Pagamentos,24528.0,1263826.0
2023,Setembro,Sofala,Marromeu,Pagamentos,30732.0,2038810.0
2023,Outubro,Sofala,Marromeu,Pagamentos,31067.0,2238959.0
2023,Novembro,Sofala,Marromeu,Pagamentos,41254.0,2739223.0
2023,Dezembro,Sofala,Marromeu,Pagamentos,34070.0,2407094.0
2023,Janeiro,Sofala,Muanza,Pagamentos,15714.0,409208.0
2023,Fevereiro,Sofala,Muanza,Pagamentos,10062.0,352542.0
2023,Março,Sofala,Muanza,Pagamentos,8031.0,322159.0
2023,Abril,Sofala,Muanza,Pagamentos,9806.0,418178.0
2023,Maio,Sofala,Muanza,Pagamentos,10479.0,405394.0
2023,Junho,Sofala,Muanza,Pagamentos,11310.0,433611.0
2023,Julho,Sofala,Muanza,Pagamentos,12040.0,464025.0
2023,Agosto,Sofala,Muanza,Pagamentos,11684.0,442722.0
2023,Setembro,Sofala,Muanza,Pagamentos,12118.0,559532.0
2023,Outubro,Sofala,Muanza,Pagamentos,11456.0,579768.0
2023,Novembro,Sofala,Muanza,Pagamentos,13902.0,748477.0
2023,Dezembro,Sofala,Muanza,Pagamentos,10341.0,575718.0
2023,Janeiro,Sofala,Nhamatanda,Pagamentos,37837.0,1779873.0
2023,Fevereiro,Sofala,Nhamatanda,Pagamentos,30535.0,1587075.0
2023,Março,Sofala,Nhamatanda,Pagamentos,38043.0,2098255.0
2023,Abril,Sofala,Nhamatanda,Pagamentos,40214.0,2160715.0
2023,Maio,Sofala,Nhamatanda,Pagamentos,43066.0,2228311.0
2023,Junho,Sofala,Nhamatanda,Pagamentos,44067.0,2403068.0
2023,Julho,Sofala,Nhamatanda,Pagamentos,46507.0,2423867.0
2023,Agosto,Sofala,Nhamatanda,Pagamentos,46510.0,2236336.2
2023,Setembro,Sofala,Nhamatanda,Pagamentos,57867.0,3403237.0
2023,Outubro,Sofala,Nhamatanda,Pagamentos,61329.0,3837033.0
2023,Novembro,Sofala,Nhamatanda,Pagamentos,81582.0,4827317.0
2023,Dezembro,Sofala,Nhamatanda,Pagamentos,66890.0,4187379.0
2023,Janeiro,Manica,Cidade de Chimoio,Pagamentos,371138.0,17618720.0
2023,Fevereiro,Manica,Cidade de Chimoio,Pagamentos,331511.0,16908938.29
2023,Março,Manica,Cidade de Chimoio,Pagamentos,373918.0,19682773.91
2023,Abril,Manica,Cidade de Chimoio,Pagamentos,387155.0,20568449.75
2023,Maio,Manica,Cidade de Chimoio,Pagamentos,431380.0,22636453.0
2023,Junho,Manica,Cidade de Chimoio,Pagamentos,462373.0,23670410.0
2023,Julho,Manica,Cidade de Chimoio,Pagamentos,480947.0,24449442.93
2023,Agosto,Manica,Cidade de Chimoio,Pagamentos,446301.0,21920676.12
2023,Setembro,Manica,Cidade de Chimoio,Pagamentos,549179.0,32713414.24
2023,Outubro,Manica,Cidade de Chimoio,Pagamentos,567346.0,36495165.92
2023,Novembro,Manica,Cidade de Chimoio,Pagamentos,733339.0,48427088.9
2023,Dezembro,Manica,Cidade de Chimoio,Pagamentos,589595.0,40069104.63
2023,Janeiro,Manica,Bárue,Pagamentos,56706.0,1762758.0
2023,Fevereiro,Manica,Bárue,Pagamentos,39185.0,1532508.0
2023,Março,Manica,Bárue,Pagamentos,37894.0,1857746.0
2023,Abril,Manica,Bárue,Pagamentos,40441.0,2051441.0
2023,Maio,Manica,Bárue,Pagamentos,46497.0,2153052.0
2023,Junho,Manica,Bárue,Pagamentos,51339.0,2466116.0
2023,Julho,Manica,Bárue,Pagamentos,54151.0,2690072.0
2023,Agosto,Manica,Bárue,Pagamentos,57283.0,2424406.0
2023,Setembro,Manica,Bárue,Pagamentos,65560.0,3678041.0
2023,Outubro,Manica,Bárue,Pagamentos,63530.0,3880918.5
2023,Novembro,Manica,Bárue,Pagamentos,79855.0,4920949.0
2023,Dezembro,Manica,Bárue,Pagamentos,64956.0,4060949.0
2023,Janeiro,Manica,Gondola,Pagamentos,36426.0,1402691.0
2023,Fevereiro,Manica,Gondola,Pagamentos,32033.0,1359046.0
2023,Março,Manica,Gondola,Pagamentos,33960.0,1478562.0
2023,Abril,Manica,Gondola,Pagamentos,36364.0,1658135.0
2023,Maio,Manica,Gondola,Pagamentos,42219.0,1836028.0
2023,Junho,Manica,Gondola,Pagamentos,46495.0,2012684.0
2023,Julho,Manica,Gondola,Pagamentos,49062.0,2052913.0
2023,Agosto,Manica,Gondola,Pagamentos,46379.0,1856147.0
2023,Setembro,Manica,Gondola,Pagamentos,59618.0,2806284.0
2023,Outubro,Manica,Gondola,Pagamentos,62802.0,3105807.0
2023,Novembro,Manica,Gondola,Pagamentos,85968.0,4376102.0
2023,Dezembro,Manica,Gondola,Pagamentos,74712.0,3879494.0
2023,Janeiro,Manica,Guro,Pagamentos,31606.0,1008472.0
2023,Fevereiro,Manica,Guro,Pagamentos,23203.0,907955.0
2023,Março,Manica,Guro,Pagamentos,19197.0,910378.0
2023,Abril,Manica,Guro,Pagamentos,19717.0,975687.0
2023,Maio,Manica,Guro,Pagamentos,22217.0,1140676.0
2023,Junho,Manica,Guro,Pagamentos,23521.0,1204821.0
2023,Julho,Manica,Guro,Pagamentos,26393.0,1306981.0
2023,Agosto,Manica,Guro,Pagamentos,25403.0,1122457.0
2023,Setembro,Manica,Guro,Pagamentos,27048.0,1603215.0
2023,Outubro,Manica,Guro,Pagamentos,26730.0,1721192.0
2023,Novembro,Manica,Guro,Pagamentos,34447.0,2166848.0
2023,Dezembro,Manica,Guro,Pagamentos,26253.0,1632643.0
2023,Janeiro,Manica,Machaze,Pagamentos,36201.0,1326732.0
2023,Fevereiro,Manica,Machaze,Pagamentos,24991.0,1083864.0
2023,Março,Manica,Machaze,Pagamentos,23804.0,1155493.0
2023,Abril,Manica,Machaze,Pagamentos,25781.0,1184158.0
2023,Maio,Manica,Machaze,Pagamentos,27311.0,1261476.0
2023,Junho,Manica,Machaze,Pagamentos,28317.0,1392609.0
2023,Julho,Manica,Machaze,Pagamentos,30516.0,1395905.0
2023,Agosto,Manica,Machaze,Pagamentos,29035.0,1261488.0
2023,Setembro,Manica,Machaze,Pagamentos,31281.0,1618430.0
2023,Outubro,Manica,Machaze,Pagamentos,31552.0,1695841.0
2023,Novembro,Manica,Machaze,Pagamentos,41210.0,2097630.0
2023,Dezembro,Manica,Machaze,Pagamentos,33237.0,1722159.0
2023,Janeiro,Manica,Macossa,Pagamentos,16586.0,513170.0
2023,Fevereiro,Manica,Macossa,Pagamentos,9636.0,369682.0
2023,Março,Manica,Macossa,Pagamentos,8162.0,413526.0
2023,Abril,Manica,Macossa,Pagamentos,8135.0,423496.0
2023,Maio,Manica,Macossa,Pagamentos,9451.0,483486.0
2023,Junho,Manica,Macossa,Pagamentos,10288.0,550567.0
2023,Julho,Manica,Macossa,Pagamentos,11305.0,586665.0
2023,Agosto,Manica,Macossa,Pagamentos,9397.0,469131.0
2023,Setembro,Manica,Macossa,Pagamentos,10894.0,673923.0
2023,Outubro,Manica,Macossa,Pagamentos,10148.0,705176.0
2023,Novembro,Manica,Macossa,Pagamentos,12452.0,857198.0
2023,Dezembro,Manica,Macossa,Pagamentos,8573.0,652947.0
2023,Janeiro,Manica,Manica,Pagamentos,90159.0,3953937.0
2023,Fevereiro,Manica,Manica,Pagamentos,75041.0,3731650.0
2023,Março,Manica,Manica,Pagamentos,80138.0,4251085.91
2023,Abril,Manica,Manica,Pagamentos,82229.0,4470996.0
2023,Maio,Manica,Manica,Pagamentos,92180.0,4928317.0
2023,Junho,Manica,Manica,Pagamentos,98032.0,5136875.0
2023,Julho,Manica,Manica,Pagamentos,105885.0,5492672.0
2023,Agosto,Manica,Manica,Pagamentos,102407.0,4985652.51
2023,Setembro,Manica,Manica,Pagamentos,130572.0,7591508.0
2023,Outubro,Manica,Manica,Pagamentos,139015.0,8470480.8
2023,Novembro,Manica,Manica,Pagamentos,185108.0,11218576.69
2023,Dezembro,Manica,Manica,Pagamentos,150429.0,9526887.69
2023,Janeiro,Manica,Mossurize,Pagamentos,35803.0,1657866.0
2023,Fevereiro,Manica,Mossurize,Pagamentos,28317.0,1509717.0
2023,Março,Manica,Mossurize,Pagamentos,28252.0,1558783.0
2023,Abril,Manica,Mossurize,Pagamentos,28375.0,1520242.0
2023,Maio,Manica,Mossurize,Pagamentos,32334.0,1766577.0
2023,Junho,Manica,Mossurize,Pagamentos,32918.0,1878634.0
2023,Julho,Manica,Mossurize,Pagamentos,33318.0,1838366.0
2023,Agosto,Manica,Mossurize,Pagamentos,32287.0,1722731.0
2023,Setembro,Manica,Mossurize,Pagamentos,34688.0,2133135.0
2023,Outubro,Manica,Mossurize,Pagamentos,36769.0,2293556.0
2023,Novembro,Manica,Mossurize,Pagamentos,47336.0,2962516.0
2023,Dezembro,Manica,Mossurize,Pagamentos,37950.0,2520731.0
2023,Janeiro,Manica,Sussundenga,Pagamentos,45221.0,1494495.0
2023,Fevereiro,Manica,Sussundenga,Pagamentos,34868.0,1327525.0
2023,Março,Manica,Sussundenga,Pagamentos,35133.0,1490431.0
2023,Abril,Manica,Sussundenga,Pagamentos,36150.0,1512093.0
2023,Maio,Manica,Sussundenga,Pagamentos,42370.0,1647664.0
2023,Junho,Manica,Sussundenga,Pagamentos,44617.0,1769936.0
2023,Julho,Manica,Sussundenga,Pagamentos,47725.0,1873160.0
2023,Agosto,Manica,Sussundenga,Pagamentos,46323.0,1642071.0
2023,Setembro,Manica,Sussundenga,Pagamentos,50582.0,2296397.0
2023,Outubro,Manica,Sussundenga,Pagamentos,51745.0,2491943.0
2023,Novembro,Manica,Sussundenga,Pagamentos,69450.0,3408803.0
2023,Dezembro,Manica,Sussundenga,Pagamentos,54226.0,2688324.0
2023,Janeiro,Manica,Tambara,Pagamentos,24454.0,670797.0
2023,Fevereiro,Manica,Tambara,Pagamentos,10886.0,476225.0
2023,Março,Manica,Tambara,Pagamentos,8177.0,440951.0
2023,Abril,Manica,Tambara,Pagamentos,8826.0,465378.0
2023,Maio,Manica,Tambara,Pagamentos,9958.0,528503.0
2023,Junho,Manica,Tambara,Pagamentos,11111.0,618642.0
2023,Julho,Manica,Tambara,Pagamentos,12000.0,604381.0
2023,Agosto,Manica,Tambara,Pagamentos,10686.0,536314.0
2023,Setembro,Manica,Tambara,Pagamentos,10708.0,677949.0
2023,Outubro,Manica,Tambara,Pagamentos,9676.0,652320.0
2023,Novembro,Manica,Tambara,Pagamentos,11161.0,857463.0
2023,Dezembro,Manica,Tambara,Pagamentos,8331.0,619755.0
2023,Janeiro,Manica,Macate,Pagamentos,9360.0,210905.0
2023,Fevereiro,Manica,Macate,Pagamentos,7055.0,178761.0
2023,Março,Manica,Macate,Pagamentos,7968.0,219259.0
2023,Abril,Manica,Macate,Pagamentos,8262.0,219496.0
2023,Maio,Manica,Macate,Pagamentos,10365.0,262318.0
2023,Junho,Manica,Macate,Pagamentos,11270.0,298624.0
2023,Julho,Manica,Macate,Pagamentos,11766.0,301203.0
2023,Agosto,Manica,Macate,Pagamentos,12369.0,298462.45
2023,Setembro,Manica,Macate,Pagamentos,13633.0,369680.0
2023,Outubro,Manica,Macate,Pagamentos,13549.0,434656.0
2023,Novembro,Manica,Macate,Pagamentos,18280.0,551491.0
2023,Dezembro,Manica,Macate,Pagamentos,15499.0,446081.0
2023,Janeiro,Manica,Vanduzi,Pagamentos,44923.0,1756769.0
2023,Fevereiro,Manica,Vanduzi,Pagamentos,36070.0,1566919.0
2023,Março,Manica,Vanduzi,Pagamentos,40312.0,1846245.0
2023,Abril,Manica,Vanduzi,Pagamentos,42114.0,1938436.0
2023,Maio,Manica,Vanduzi,Pagamentos,47382.0,2177264.0
2023,Junho,Manica,Vanduzi,Pagamentos,51097.0,2409657.0
2023,Julho,Manica,Vanduzi,Pagamentos,50537.0,2456080.0
2023,Agosto,Manica,Vanduzi,Pagamentos,49138.0,2127778.25
2023,Setembro,Manica,Vanduzi,Pagamentos,61672.0,3349881.0
2023,Outubro,Manica,Vanduzi,Pagamentos,63500.0,3524742.0
2023,Novembro,Manica,Vanduzi,Pagamentos,83312.0,4891307.42
2023,Dezembro,Manica,Vanduzi,Pagamentos,67994.0,4119647.0
2023,Janeiro,Tete,Cidade de Tete,Pagamentos,251111.0,15969894.83
2023,Fevereiro,Tete,Cidade de Tete,Pagamentos,224162.0,15474484.47
2023,Março,Tete,Cidade de Tete,Pagamentos,252621.0,18299993.0
2023,Abril,Tete,Cidade de Tete,Pagamentos,262926.0,18430797.0
2023,Maio,Tete,Cidade de Tete,Pagamentos,285228.0,19678054.0
2023,Junho,Tete,Cidade de Tete,Pagamentos,295317.0,19921561.0
2023,Julho,Tete,Cidade de Tete,Pagamentos,309312.0,20947802.24
2023,Agosto,Tete,Cidade de Tete,Pagamentos,292942.0,19482772.32
2023,Setembro,Tete,Cidade de Tete,Pagamentos,369301.0,30889401.7
2023,Outubro,Tete,Cidade de Tete,Pagamentos,390711.0,36106343.42
2023,Novembro,Tete,Cidade de Tete,Pagamentos,529991.0,49623180.76
2023,Dezembro,Tete,Cidade de Tete,Pagamentos,422941.0,41867648.67
2023,Janeiro,Tete,Angónia,Pagamentos,46185.0,1800857.0
2023,Fevereiro,Tete,Angónia,Pagamentos,37518.0,1696623.0
2023,Março,Tete,Angónia,Pagamentos,42590.0,1989940.0
2023,Abril,Tete,Angónia,Pagamentos,45219.0,2097196.6100000003
2023,Maio,Tete,Angónia,Pagamentos,57690.0,2532297.0
2023,Junho,Tete,Angónia,Pagamentos,63242.0,2637556.0
2023,Julho,Tete,Angónia,Pagamentos,61985.0,2690570.0
2023,Agosto,Tete,Angónia,Pagamentos,57574.0,2287459.0
2023,Setembro,Tete,Angónia,Pagamentos,64976.0,3377657.0
2023,Outubro,Tete,Angónia,Pagamentos,65929.0,3745668.0
2023,Novembro,Tete,Angónia,Pagamentos,86076.0,4668037.0
2023,Dezembro,Tete,Angónia,Pagamentos,67800.0,3568585.0
2023,Janeiro,Tete,Cahora-Bassa,Pagamentos,43307.0,1831030.0
2023,Fevereiro,Tete,Cahora-Bassa,Pagamentos,34431.0,1758760.76
2023,Março,Tete,Cahora-Bassa,Pagamentos,33879.0,1944023.0
2023,Abril,Tete,Cahora-Bassa,Pagamentos,36390.0,2021948.0
2023,Maio,Tete,Cahora-Bassa,Pagamentos,40772.0,2214309.0
2023,Junho,Tete,Cahora-Bassa,Pagamentos,41383.0,2224891.0
2023,Julho,Tete,Cahora-Bassa,Pagamentos,40085.0,2232919.0
2023,Agosto,Tete,Cahora-Bassa,Pagamentos,38033.0,1971449.0
2023,Setembro,Tete,Cahora-Bassa,Pagamentos,45776.0,2948447.89
2023,Outubro,Tete,Cahora-Bassa,Pagamentos,46397.0,3122726.0
2023,Novembro,Tete,Cahora-Bassa,Pagamentos,61828.0,4149226.0
2023,Dezembro,Tete,Cahora-Bassa,Pagamentos,48819.0,3543403.0
2023,Janeiro,Tete,Changara,Pagamentos,26533.0,1075599.0
2023,Fevereiro,Tete,Changara,Pagamentos,20506.0,956741.0
2023,Março,Tete,Changara,Pagamentos,20332.0,1041888.0
2023,Abril,Tete,Changara,Pagamentos,22899.0,1152611.0
2023,Maio,Tete,Changara,Pagamentos,23581.0,1203007.0
2023,Junho,Tete,Changara,Pagamentos,25814.0,1357625.0
2023,Julho,Tete,Changara,Pagamentos,27467.0,1477045.0
2023,Agosto,Tete,Changara,Pagamentos,26821.0,1380865.0
2023,Setembro,Tete,Changara,Pagamentos,31969.0,2121234.0
2023,Outubro,Tete,Changara,Pagamentos,31616.0,2137082.0
2023,Novembro,Tete,Changara,Pagamentos,43476.0,3174606.0
2023,Dezembro,Tete,Changara,Pagamentos,34283.0,2549403.0
2023,Janeiro,Tete,Chifunde,Pagamentos,9907.0,361898.0
2023,Fevereiro,Tete,Chifunde,Pagamentos,8612.0,352037.0
2023,Março,Tete,Chifunde,Pagamentos,8994.0,396769.0
2023,Abril,Tete,Chifunde,Pagamentos,9570.0,382896.0
2023,Maio,Tete,Chifunde,Pagamentos,11053.0,486565.0
2023,Junho,Tete,Chifunde,Pagamentos,12005.0,489401.0
2023,Julho,Tete,Chifunde,Pagamentos,13326.0,499841.0
2023,Agosto,Tete,Chifunde,Pagamentos,12996.0,452566.0
2023,Setembro,Tete,Chifunde,Pagamentos,12888.0,492798.0
2023,Outubro,Tete,Chifunde,Pagamentos,12295.0,519239.0
2023,Novembro,Tete,Chifunde,Pagamentos,15541.0,662570.0
2023,Dezembro,Tete,Chifunde,Pagamentos,11917.0,499870.0
2023,Janeiro,Tete,Chiuta,Pagamentos,20155.0,783857.0
2023,Fevereiro,Tete,Chiuta,Pagamentos,15800.0,744800.0
2023,Março,Tete,Chiuta,Pagamentos,16082.0,863497.0
2023,Abril,Tete,Chiuta,Pagamentos,16439.0,934063.0
2023,Maio,Tete,Chiuta,Pagamentos,18759.0,1022001.0
2023,Junho,Tete,Chiuta,Pagamentos,18754.0,1042164.0
2023,Julho,Tete,Chiuta,Pagamentos,19358.0,1076437.0
2023,Agosto,Tete,Chiuta,Pagamentos,18386.0,931486.0
2023,Setembro,Tete,Chiuta,Pagamentos,21649.0,1428848.0
2023,Outubro,Tete,Chiuta,Pagamentos,21280.0,1529139.0
2023,Novembro,Tete,Chiuta,Pagamentos,28095.0,2016030.0
2023,Dezembro,Tete,Chiuta,Pagamentos,20847.0,1521473.0
2023,Janeiro,Tete,Macanga,Pagamentos,30305.0,850189.0
2023,Fevereiro,Tete,Macanga,Pagamentos,19257.0,652571.0
2023,Março,Tete,Macanga,Pagamentos,21669.0,766318.0
2023,Abril,Tete,Macanga,Pagamentos,22674.0,799202.2
2023,Maio,Tete,Macanga,Pagamentos,25250.0,901954.0
2023,Junho,Tete,Macanga,Pagamentos,28015.0,1026721.0
2023,Julho,Tete,Macanga,Pagamentos,29830.0,1122738.0
2023,Agosto,Tete,Macanga,Pagamentos,25992.0,924340.0
2023,Setembro,Tete,Macanga,Pagamentos,28970.0,1264920.0
2023,Outubro,Tete,Macanga,Pagamentos,28698.0,1306460.0
2023,Novembro,Tete,Macanga,Pagamentos,35375.0,1621169.0
2023,Dezembro,Tete,Macanga,Pagamentos,26670.0,1196465.0
2023,Janeiro,Tete,Mágoe,Pagamentos,21777.0,883891.0
2023,Fevereiro,Tete,Mágoe,Pagamentos,17917.0,864313.0
2023,Março,Tete,Mágoe,Pagamentos,17850.0,940790.0
2023,Abril,Tete,Mágoe,Pagamentos,16677.0,835484.0
2023,Maio,Tete,Mágoe,Pagamentos,17330.0,878594.0
2023,Junho,Tete,Mágoe,Pagamentos,19788.0,1064141.0
2023,Julho,Tete,Mágoe,Pagamentos,19207.0,992456.0
2023,Agosto,Tete,Mágoe,Pagamentos,17729.0,862097.0
2023,Setembro,Tete,Mágoe,Pagamentos,19388.0,1225135.0
2023,Outubro,Tete,Mágoe,Pagamentos,19949.0,1268678.0
2023,Novembro,Tete,Mágoe,Pagamentos,25382.0,1701210.0
2023,Dezembro,Tete,Mágoe,Pagamentos,19891.0,1347019.0
2023,Janeiro,Tete,Maravia,Pagamentos,18336.0,761877.0
2023,Fevereiro,Tete,Maravia,Pagamentos,12179.0,629854.0
2023,Março,Tete,Maravia,Pagamentos,11314.0,691585.0
2023,Abril,Tete,Maravia,Pagamentos,10068.0,656286.0
2023,Maio,Tete,Maravia,Pagamentos,11172.0,720368.0
2023,Junho,Tete,Maravia,Pagamentos,12158.0,772766.0
2023,Julho,Tete,Maravia,Pagamentos,13459.0,808987.0
2023,Agosto,Tete,Maravia,Pagamentos,12241.0,675378.0
2023,Setembro,Tete,Maravia,Pagamentos,14022.0,967217.0
2023,Outubro,Tete,Maravia,Pagamentos,13351.0,1063147.0
2023,Novembro,Tete,Maravia,Pagamentos,15074.0,1211852.0
2023,Dezembro,Tete,Maravia,Pagamentos,10648.0,810847.0
2023,Janeiro,Tete,Moatize,Pagamentos,58639.0,3329185.0
2023,Fevereiro,Tete,Moatize,Pagamentos,50383.0,3165451.0
2023,Março,Tete,Moatize,Pagamentos,54251.0,3609774.0
2023,Abril,Tete,Moatize,Pagamentos,56107.0,3671950.0
2023,Maio,Tete,Moatize,Pagamentos,60952.0,3955608.0
2023,Junho,Tete,Moatize,Pagamentos,62811.0,4066044.0
2023,Julho,Tete,Moatize,Pagamentos,66524.0,4144652.0
2023,Agosto,Tete,Moatize,Pagamentos,62542.0,3857021.0
2023,Setembro,Tete,Moatize,Pagamentos,81908.0,6157196.0
2023,Outubro,Tete,Moatize,Pagamentos,82976.0,6459813.0
2023,Novembro,Tete,Moatize,Pagamentos,112601.0,8733317.0
2023,Dezembro,Tete,Moatize,Pagamentos,92810.0,7290307.0
2023,Janeiro,Tete,Mutarara,Pagamentos,23721.0,871108.0
2023,Fevereiro,Tete,Mutarara,Pagamentos,16458.0,781105.0
2023,Março,Tete,Mutarara,Pagamentos,16049.0,869275.0
2023,Abril,Tete,Mutarara,Pagamentos,17307.0,1005068.0
2023,Maio,Tete,Mutarara,Pagamentos,18423.0,1059937.0
2023,Junho,Tete,Mutarara,Pagamentos,20201.0,1208157.0
2023,Julho,Tete,Mutarara,Pagamentos,21720.0,1257586.0
2023,Agosto,Tete,Mutarara,Pagamentos,20242.0,994021.0
2023,Setembro,Tete,Mutarara,Pagamentos,23940.0,1586392.0
2023,Outubro,Tete,Mutarara,Pagamentos,22881.0,1584891.0
2023,Novembro,Tete,Mutarara,Pagamentos,30337.0,2063043.0
2023,Dezembro,Tete,Mutarara,Pagamentos,23975.0,1648945.0
2023,Janeiro,Tete,Tsangano,Pagamentos,23742.0,656758.0
2023,Fevereiro,Tete,Tsangano,Pagamentos,15210.0,537338.0
2023,Março,Tete,Tsangano,Pagamentos,15538.0,625974.0
2023,Abril,Tete,Tsangano,Pagamentos,14694.0,593897.0
2023,Maio,Tete,Tsangano,Pagamentos,17340.0,782377.0
2023,Junho,Tete,Tsangano,Pagamentos,19364.0,761703.0
2023,Julho,Tete,Tsangano,Pagamentos,20233.0,785445.0
2023,Agosto,Tete,Tsangano,Pagamentos,20450.0,702041.0
2023,Setembro,Tete,Tsangano,Pagamentos,21022.0,867492.0
2023,Outubro,Tete,Tsangano,Pagamentos,20751.0,895385.0
2023,Novembro,Tete,Tsangano,Pagamentos,27097.0,1184508.0
2023,Dezembro,Tete,Tsangano,Pagamentos,20390.0,828682.0
2023,Janeiro,Tete,Zumbo,Pagamentos,14203.0,488517.0
2023,Fevereiro,Tete,Zumbo,Pagamentos,9749.0,442270.0
2023,Março,Tete,Zumbo,Pagamentos,9138.0,517344.0
2023,Abril,Tete,Zumbo,Pagamentos,7422.0,429416.0
2023,Maio,Tete,Zumbo,Pagamentos,8192.0,441917.0
2023,Junho,Tete,Zumbo,Pagamentos,9142.0,475154.0
2023,Julho,Tete,Zumbo,Pagamentos,10837.0,552736.0
2023,Agosto,Tete,Zumbo,Pagamentos,9817.0,549235.0
2023,Setembro,Tete,Zumbo,Pagamentos,9683.0,623694.0
2023,Outubro,Tete,Zumbo,Pagamentos,10223.0,690793.0
2023,Novembro,Tete,Zumbo,Pagamentos,11340.0,784355.0
2023,Dezembro,Tete,Zumbo,Pagamentos,7763.0,560418.0
2023,Janeiro,Tete,Doa,Pagamentos,14600.0,411873.0
2023,Fevereiro,Tete,Doa,Pagamentos,8750.0,314535.0
2023,Março,Tete,Doa,Pagamentos,8029.0,482804.0
2023,Abril,Tete,Doa,Pagamentos,9566.0,629837.0
2023,Maio,Tete,Doa,Pagamentos,8392.0,516506.0
2023,Junho,Tete,Doa,Pagamentos,9469.0,559162.0
2023,Julho,Tete,Doa,Pagamentos,9897.0,539488.0
2023,Agosto,Tete,Doa,Pagamentos,9211.0,433723.0
2023,Setembro,Tete,Doa,Pagamentos,9889.0,676420.0
2023,Outubro,Tete,Doa,Pagamentos,9898.0,688856.0
2023,Novembro,Tete,Doa,Pagamentos,12326.0,882995.0
2023,Dezembro,Tete,Doa,Pagamentos,9114.0,669587.0
2023,Janeiro,Tete,Marara,Pagamentos,2014.0,105572.0
2023,Fevereiro,Tete,Marara,Pagamentos,1784.0,99627.0
2023,Março,Tete,Marara,Pagamentos,2155.0,144445.0
2023,Abril,Tete,Marara,Pagamentos,1950.0,130825.0
2023,Maio,Tete,Marara,Pagamentos,2150.0,123442.0
2023,Junho,Tete,Marara,Pagamentos,2542.0,161874.0
2023,Julho,Tete,Marara,Pagamentos,2710.0,154011.0
2023,Agosto,Tete,Marara,Pagamentos,2292.0,125051.0
2023,Setembro,Tete,Marara,Pagamentos,2881.0,187476.0
2023,Outubro,Tete,Marara,Pagamentos,2935.0,212252.0
2023,Novembro,Tete,Marara,Pagamentos,4105.0,279144.0
2023,Dezembro,Tete,Marara,Pagamentos,3722.0,248507.0
2023,Janeiro,Zambézia,Cidade de Quelimane,Pagamentos,248664.0,14328016.5
2023,Fevereiro,Zambézia,Cidade de Quelimane,Pagamentos,219260.0,13451902.5
2023,Março,Zambézia,Cidade de Quelimane,Pagamentos,181065.0,12066452.0
2023,Abril,Zambézia,Cidade de Quelimane,Pagamentos,226715.0,14075639.5
2023,Maio,Zambézia,Cidade de Quelimane,Pagamentos,253254.0,15575482.33
2023,Junho,Zambézia,Cidade de Quelimane,Pagamentos,270550.0,16438229.5
2023,Julho,Zambézia,Cidade de Quelimane,Pagamentos,278034.0,17167002.18
2023,Agosto,Zambézia,Cidade de Quelimane,Pagamentos,256630.0,15351866.15
2023,Setembro,Zambézia,Cidade de Quelimane,Pagamentos,313666.0,23121673.5
2023,Outubro,Zambézia,Cidade de Quelimane,Pagamentos,334477.0,27089039.62
2023,Novembro,Zambézia,Cidade de Quelimane,Pagamentos,448553.0,36497982.96
2023,Dezembro,Zambézia,Cidade de Quelimane,Pagamentos,370207.0,32044640.68
2023,Janeiro,Zambézia,Alto Molócuè,Pagamentos,49641.0,1842174.0
2023,Fevereiro,Zambézia,Alto Molócuè,Pagamentos,41158.0,1692997.0
2023,Março,Zambézia,Alto Molócuè,Pagamentos,41389.0,1941967.0
2023,Abril,Zambézia,Alto Molócuè,Pagamentos,47523.0,2319871.0
2023,Maio,Zambézia,Alto Molócuè,Pagamentos,54224.0,2375350.0
2023,Junho,Zambézia,Alto Molócuè,Pagamentos,56882.0,2423260.0
2023,Julho,Zambézia,Alto Molócuè,Pagamentos,59494.0,2675350.0
2023,Agosto,Zambézia,Alto Molócuè,Pagamentos,56061.0,2312366.0
2023,Setembro,Zambézia,Alto Molócuè,Pagamentos,67009.0,3414184.0
2023,Outubro,Zambézia,Alto Molócuè,Pagamentos,70649.0,4093266.0
2023,Novembro,Zambézia,Alto Molócuè,Pagamentos,89013.0,5028008.0
2023,Dezembro,Zambézia,Alto Molócuè,Pagamentos,71471.0,4315143.69
2023,Janeiro,Zambézia,Chinde,Pagamentos,7774.0,220112.0
2023,Fevereiro,Zambézia,Chinde,Pagamentos,6232.0,230151.0
2023,Março,Zambézia,Chinde,Pagamentos,3671.0,187539.0
2023,Abril,Zambézia,Chinde,Pagamentos,5877.0,220457.0
2023,Maio,Zambézia,Chinde,Pagamentos,6726.0,283956.0
2023,Junho,Zambézia,Chinde,Pagamentos,7722.0,320731.0
2023,Julho,Zambézia,Chinde,Pagamentos,8206.0,341192.0
2023,Agosto,Zambézia,Chinde,Pagamentos,7377.0,324289.0
2023,Setembro,Zambézia,Chinde,Pagamentos,7205.0,392667.0
2023,Outubro,Zambézia,Chinde,Pagamentos,6855.0,376395.0
2023,Novembro,Zambézia,Chinde,Pagamentos,8922.0,502026.0
2023,Dezembro,Zambézia,Chinde,Pagamentos,6964.0,480373.0
2023,Janeiro,Zambézia,Gurúè,Pagamentos,92155.0,3534793.0
2023,Fevereiro,Zambézia,Gurúè,Pagamentos,75366.0,3313443.0
2023,Março,Zambézia,Gurúè,Pagamentos,74286.0,3763450.0
2023,Abril,Zambézia,Gurúè,Pagamentos,84900.0,4260341.0
2023,Maio,Zambézia,Gurúè,Pagamentos,93733.0,4462912.0
2023,Junho,Zambézia,Gurúè,Pagamentos,98198.0,4661464.0
2023,Julho,Zambézia,Gurúè,Pagamentos,107622.0,5245931.0
2023,Agosto,Zambézia,Gurúè,Pagamentos,96869.0,4442544.0
2023,Setembro,Zambézia,Gurúè,Pagamentos,115641.0,6187458.0
2023,Outubro,Zambézia,Gurúè,Pagamentos,115045.0,6679005.0
2023,Novembro,Zambézia,Gurúè,Pagamentos,138009.0,7932327.0
2023,Dezembro,Zambézia,Gurúè,Pagamentos,112575.0,6738311.0
2023,Janeiro,Zambézia,Ile,Pagamentos,24055.0,738681.0
2023,Fevereiro,Zambézia,Ile,Pagamentos,19355.0,707653.0
2023,Março,Zambézia,Ile,Pagamentos,18682.0,863995.0
2023,Abril,Zambézia,Ile,Pagamentos,21277.0,982207.0
2023,Maio,Zambézia,Ile,Pagamentos,23133.0,1008623.0
2023,Junho,Zambézia,Ile,Pagamentos,25252.0,1050461.0
2023,Julho,Zambézia,Ile,Pagamentos,27398.0,1141623.0
2023,Agosto,Zambézia,Ile,Pagamentos,24760.0,1022791.0
2023,Setembro,Zambézia,Ile,Pagamentos,28629.0,1327773.0
2023,Outubro,Zambézia,Ile,Pagamentos,26506.0,1396143.0
2023,Novembro,Zambézia,Ile,Pagamentos,33590.0,1731411.0
2023,Dezembro,Zambézia,Ile,Pagamentos,27482.0,1485473.0
2023,Janeiro,Zambézia,Inhassunge,Pagamentos,8579.0,229712.0
2023,Fevereiro,Zambézia,Inhassunge,Pagamentos,6183.0,227113.0
2023,Março,Zambézia,Inhassunge,Pagamentos,4597.0,134156.0
2023,Abril,Zambézia,Inhassunge,Pagamentos,8598.0,239460.0
2023,Maio,Zambézia,Inhassunge,Pagamentos,10522.0,348038.0
2023,Junho,Zambézia,Inhassunge,Pagamentos,11012.0,363478.0
2023,Julho,Zambézia,Inhassunge,Pagamentos,11603.0,387196.0
2023,Agosto,Zambézia,Inhassunge,Pagamentos,10627.0,386022.0
2023,Setembro,Zambézia,Inhassunge,Pagamentos,11231.0,464925.0
2023,Outubro,Zambézia,Inhassunge,Pagamentos,10539.0,464336.0
2023,Novembro,Zambézia,Inhassunge,Pagamentos,15127.0,640175.0
2023,Dezembro,Zambézia,Inhassunge,Pagamentos,12158.0,518214.0
2023,Janeiro,Zambézia,Lugela,Pagamentos,20396.0,543156.0
2023,Fevereiro,Zambézia,Lugela,Pagamentos,16665.0,538815.0
2023,Março,Zambézia,Lugela,Pagamentos,15356.0,570696.0
2023,Abril,Zambézia,Lugela,Pagamentos,18219.0,638118.0
2023,Maio,Zambézia,Lugela,Pagamentos,18596.0,608460.0
2023,Junho,Zambézia,Lugela,Pagamentos,20952.0,693397.0
2023,Julho,Zambézia,Lugela,Pagamentos,21939.0,726633.0
2023,Agosto,Zambézia,Lugela,Pagamentos,20131.0,618505.0
2023,Setembro,Zambézia,Lugela,Pagamentos,22355.0,831990.0
2023,Outubro,Zambézia,Lugela,Pagamentos,23690.0,968349.0
2023,Novembro,Zambézia,Lugela,Pagamentos,28098.0,1116083.0
2023,Dezembro,Zambézia,Lugela,Pagamentos,21476.0,839567.0
2023,Janeiro,Zambézia,Gilé,Pagamentos,52816.0,1780711.0
2023,Fevereiro,Zambézia,Gilé,Pagamentos,34268.0,1397023.0
2023,Março,Zambézia,Gilé,Pagamentos,30859.0,1455677.0
2023,Abril,Zambézia,Gilé,Pagamentos,34222.0,1647548.0
2023,Maio,Zambézia,Gilé,Pagamentos,36038.0,1805446.0
2023,Junho,Zambézia,Gilé,Pagamentos,36340.0,1794986.0
2023,Julho,Zambézia,Gilé,Pagamentos,36803.0,1811853.0
2023,Agosto,Zambézia,Gilé,Pagamentos,31871.0,1534933.0
2023,Setembro,Zambézia,Gilé,Pagamentos,38315.0,2079381.0
2023,Outubro,Zambézia,Gilé,Pagamentos,38831.0,2488270.0
2023,Novembro,Zambézia,Gilé,Pagamentos,47792.0,3088719.0
2023,Dezembro,Zambézia,Gilé,Pagamentos,40096.0,2764290.0
2023,Janeiro,Zambézia,Maganja da Costa,Pagamentos,34825.0,1209919.0
2023,Fevereiro,Zambézia,Maganja da Costa,Pagamentos,26912.0,1138148.0
2023,Março,Zambézia,Maganja da Costa,Pagamentos,23666.0,1200737.0
2023,Abril,Zambézia,Maganja da Costa,Pagamentos,28363.0,1398023.0
2023,Maio,Zambézia,Maganja da Costa,Pagamentos,35413.0,1689360.0
2023,Junho,Zambézia,Maganja da Costa,Pagamentos,36847.0,1750549.0
2023,Julho,Zambézia,Maganja da Costa,Pagamentos,39942.0,1822810.0
2023,Agosto,Zambézia,Maganja da Costa,Pagamentos,36084.0,1690108.0
2023,Setembro,Zambézia,Maganja da Costa,Pagamentos,42456.0,2331966.0
2023,Outubro,Zambézia,Maganja da Costa,Pagamentos,41634.0,2652114.0
2023,Novembro,Zambézia,Maganja da Costa,Pagamentos,55315.0,3511513.0
2023,Dezembro,Zambézia,Maganja da Costa,Pagamentos,46977.0,3086756.0
2023,Janeiro,Zambézia,Milange,Pagamentos,75410.0,2798770.0
2023,Fevereiro,Zambézia,Milange,Pagamentos,56649.0,2514033.0
2023,Março,Zambézia,Milange,Pagamentos,51622.0,2602393.0
2023,Abril,Zambézia,Milange,Pagamentos,64261.0,2963702.0
2023,Maio,Zambézia,Milange,Pagamentos,72784.0,3269578.0
2023,Junho,Zambézia,Milange,Pagamentos,76921.0,3432312.0
2023,Julho,Zambézia,Milange,Pagamentos,87399.0,3770380.0
2023,Agosto,Zambézia,Milange,Pagamentos,74982.0,3023219.0
2023,Setembro,Zambézia,Milange,Pagamentos,81584.0,4065016.0
2023,Outubro,Zambézia,Milange,Pagamentos,75841.0,4478182.0
2023,Novembro,Zambézia,Milange,Pagamentos,88470.0,5181257.0
2023,Dezembro,Zambézia,Milange,Pagamentos,69559.0,4257947.0
2023,Janeiro,Zambézia,Mocuba,Pagamentos,107692.0,5381868.0
2023,Fevereiro,Zambézia,Mocuba,Pagamentos,96055.0,5054946.0
2023,Março,Zambézia,Mocuba,Pagamentos,96490.0,5539602.0
2023,Abril,Zambézia,Mocuba,Pagamentos,109385.0,5819969.0
2023,Maio,Zambézia,Mocuba,Pagamentos,125172.0,6560735.0
2023,Junho,Zambézia,Mocuba,Pagamentos,132146.0,6873853.0
2023,Julho,Zambézia,Mocuba,Pagamentos,138288.0,7094151.63
2023,Agosto,Zambézia,Mocuba,Pagamentos,128319.0,6645677.71
2023,Setembro,Zambézia,Mocuba,Pagamentos,165849.0,10340449.34
2023,Outubro,Zambézia,Mocuba,Pagamentos,169817.0,12017556.03
2023,Novembro,Zambézia,Mocuba,Pagamentos,214164.0,15388869.74
2023,Dezembro,Zambézia,Mocuba,Pagamentos,179879.0,13861732.41
2023,Janeiro,Zambézia,Mopeia,Pagamentos,33906.0,1133041.0
2023,Fevereiro,Zambézia,Mopeia,Pagamentos,24744.0,994478.0
2023,Março,Zambézia,Mopeia,Pagamentos,19911.0,959944.0
2023,Abril,Zambézia,Mopeia,Pagamentos,24499.0,1106667.0
2023,Maio,Zambézia,Mopeia,Pagamentos,28559.0,1269241.0
2023,Junho,Zambézia,Mopeia,Pagamentos,29715.0,1373657.0
2023,Julho,Zambézia,Mopeia,Pagamentos,32123.0,1531460.0
2023,Agosto,Zambézia,Mopeia,Pagamentos,28558.0,1282829.0
2023,Setembro,Zambézia,Mopeia,Pagamentos,32559.0,1897439.0
2023,Outubro,Zambézia,Mopeia,Pagamentos,30006.0,1881289.0
2023,Novembro,Zambézia,Mopeia,Pagamentos,41782.0,2643102.0
2023,Dezembro,Zambézia,Mopeia,Pagamentos,33621.0,2122086.0
2023,Janeiro,Zambézia,Morrumbala,Pagamentos,91136.0,3032927.0
2023,Fevereiro,Zambézia,Morrumbala,Pagamentos,57496.0,2457430.0
2023,Março,Zambézia,Morrumbala,Pagamentos,49230.0,2633732.0
2023,Abril,Zambézia,Morrumbala,Pagamentos,61204.0,2941098.0
2023,Maio,Zambézia,Morrumbala,Pagamentos,67977.0,3181503.0
2023,Junho,Zambézia,Morrumbala,Pagamentos,71706.0,3394184.0
2023,Julho,Zambézia,Morrumbala,Pagamentos,72412.0,3547811.0
2023,Agosto,Zambézia,Morrumbala,Pagamentos,61645.0,2755329.0
2023,Setembro,Zambézia,Morrumbala,Pagamentos,74582.0,4323207.0
2023,Outubro,Zambézia,Morrumbala,Pagamentos,75757.0,4858263.0
2023,Novembro,Zambézia,Morrumbala,Pagamentos,90791.0,5819257.0
2023,Dezembro,Zambézia,Morrumbala,Pagamentos,67921.0,4425294.0
2023,Janeiro,Zambézia,Namacurra,Pagamentos,28073.0,1135040.0
2023,Fevereiro,Zambézia,Namacurra,Pagamentos,23090.0,1033018.0
2023,Março,Zambézia,Namacurra,Pagamentos,14326.0,592200.0
2023,Abril,Zambézia,Namacurra,Pagamentos,17372.0,458224.0
2023,Maio,Zambézia,Namacurra,Pagamentos,22497.0,804494.0
2023,Junho,Zambézia,Namacurra,Pagamentos,25890.0,1095830.0
2023,Julho,Zambézia,Namacurra,Pagamentos,28846.0,1244645.0
2023,Agosto,Zambézia,Namacurra,Pagamentos,27266.0,1190325.0
2023,Setembro,Zambézia,Namacurra,Pagamentos,31187.0,1621906.0
2023,Outubro,Zambézia,Namacurra,Pagamentos,31285.0,1795051.0
2023,Novembro,Zambézia,Namacurra,Pagamentos,43528.0,2445541.0
2023,Dezembro,Zambézia,Namacurra,Pagamentos,37874.0,2205051.0
2023,Janeiro,Zambézia,Namarroi,Pagamentos,15567.0,394549.0
2023,Fevereiro,Zambézia,Namarroi,Pagamentos,11145.0,356007.0
2023,Março,Zambézia,Namarroi,Pagamentos,10563.0,386996.0
2023,Abril,Zambézia,Namarroi,Pagamentos,11861.0,422291.0
2023,Maio,Zambézia,Namarroi,Pagamentos,13114.0,469421.0
2023,Junho,Zambézia,Namarroi,Pagamentos,14346.0,497850.0
2023,Julho,Zambézia,Namarroi,Pagamentos,15756.0,553058.0
2023,Agosto,Zambézia,Namarroi,Pagamentos,16843.0,547164.0
2023,Setembro,Zambézia,Namarroi,Pagamentos,16678.0,702230.0
2023,Outubro,Zambézia,Namarroi,Pagamentos,15101.0,719313.0
2023,Novembro,Zambézia,Namarroi,Pagamentos,18895.0,988544.0
2023,Dezembro,Zambézia,Namarroi,Pagamentos,14427.0,774377.0
2023,Janeiro,Zambézia,Nicoadala,Pagamentos,46501.0,1953748.0
2023,Fevereiro,Zambézia,Nicoadala,Pagamentos,37487.0,1769019.0
2023,Março,Zambézia,Nicoadala,Pagamentos,24397.0,1110325.0
2023,Abril,Zambézia,Nicoadala,Pagamentos,26757.0,795883.0
2023,Maio,Zambézia,Nicoadala,Pagamentos,39248.0,1794283.0
2023,Junho,Zambézia,Nicoadala,Pagamentos,47968.0,2437995.0
2023,Julho,Zambézia,Nicoadala,Pagamentos,49984.0,2622660.0
2023,Agosto,Zambézia,Nicoadala,Pagamentos,45890.0,2378360.2
2023,Setembro,Zambézia,Nicoadala,Pagamentos,55725.0,3395304.0
2023,Outubro,Zambézia,Nicoadala,Pagamentos,60197.0,3920368.0
2023,Novembro,Zambézia,Nicoadala,Pagamentos,83185.0,5344258.0
2023,Dezembro,Zambézia,Nicoadala,Pagamentos,71207.0,4766545.0
2023,Janeiro,Zambézia,Pebane,Pagamentos,63377.0,1917104.0
2023,Fevereiro,Zambézia,Pebane,Pagamentos,36740.0,1451850.0
2023,Março,Zambézia,Pebane,Pagamentos,28898.0,1318307.0
2023,Abril,Zambézia,Pebane,Pagamentos,32702.0,1502597.0
2023,Maio,Zambézia,Pebane,Pagamentos,38178.0,1718423.0
2023,Junho,Zambézia,Pebane,Pagamentos,36624.0,1746788.0
2023,Julho,Zambézia,Pebane,Pagamentos,35002.0,1690951.0
2023,Agosto,Zambézia,Pebane,Pagamentos,31052.0,1678345.0
2023,Setembro,Zambézia,Pebane,Pagamentos,36875.0,2244871.0
2023,Outubro,Zambézia,Pebane,Pagamentos,36876.0,2438142.0
2023,Novembro,Zambézia,Pebane,Pagamentos,49329.0,3389999.0
2023,Dezembro,Zambézia,Pebane,Pagamentos,39638.0,2799809.0
2023,Janeiro,Zambézia,Molumbo,Pagamentos,29305.0,1202196.0
2023,Fevereiro,Zambézia,Molumbo,Pagamentos,22951.0,1086021.0
2023,Março,Zambézia,Molumbo,Pagamentos,22809.0,1354996.0
2023,Abril,Zambézia,Molumbo,Pagamentos,26664.0,1427465.0
2023,Maio,Zambézia,Molumbo,Pagamentos,31767.0,1651880.0
2023,Junho,Zambézia,Molumbo,Pagamentos,35741.0,1901461.0
2023,Julho,Zambézia,Molumbo,Pagamentos,41861.0,2017905.0
2023,Agosto,Zambézia,Molumbo,Pagamentos,35762.0,1546638.0
2023,Setembro,Zambézia,Molumbo,Pagamentos,35168.0,2051555.0
2023,Outubro,Zambézia,Molumbo,Pagamentos,33598.0,2086130.0
2023,Novembro,Zambézia,Molumbo,Pagamentos,42346.0,2563336.0
2023,Dezembro,Zambézia,Molumbo,Pagamentos,32437.0,2014957.0
2023,Janeiro,Zambézia,Mocubela,Pagamentos,0.0,0.0
2023,Fevereiro,Zambézia,Mocubela,Pagamentos,0.0,0.0
2023,Março,Zambézia,Mocubela,Pagamentos,0.0,0.0
2023,Abril,Zambézia,Mocubela,Pagamentos,0.0,0.0
2023,Maio,Zambézia,Mocubela,Pagamentos,0.0,0.0
2023,Junho,Zambézia,Mocubela,Pagamentos,0.0,0.0
2023,Julho,Zambézia,Mocubela,Pagamentos,0.0,0.0
2023,Agosto,Zambézia,Mocubela,Pagamentos,0.0,0.0
2023,Setembro,Zambézia,Mocubela,Pagamentos,0.0,0.0
2023,Outubro,Zambézia,Mocubela,Pagamentos,0.0,0.0
2023,Novembro,Zambézia,Mocubela,Pagamentos,0.0,0.0
2023,Dezembro,Zambézia,Mocubela,Pagamentos,0.0,0.0
2023,Janeiro,Zambézia,Mulevala,Pagamentos,28462.0,801784.0
2023,Fevereiro,Zambézia,Mulevala,Pagamentos,19845.0,723420.0
2023,Março,Zambézia,Mulevala,Pagamentos,18471.0,769794.0
2023,Abril,Zambézia,Mulevala,Pagamentos,21965.0,932896.0
2023,Maio,Zambézia,Mulevala,Pagamentos,23098.0,1016421.0
2023,Junho,Zambézia,Mulevala,Pagamentos,23872.0,980031.0
2023,Julho,Zambézia,Mulevala,Pagamentos,24217.0,1065976.0
2023,Agosto,Zambézia,Mulevala,Pagamentos,23438.0,1016878.0
2023,Setembro,Zambézia,Mulevala,Pagamentos,25648.0,1272438.0
2023,Outubro,Zambézia,Mulevala,Pagamentos,24689.0,1381217.0
2023,Novembro,Zambézia,Mulevala,Pagamentos,31636.0,1762266.0
2023,Dezembro,Zambézia,Mulevala,Pagamentos,25898.0,1459163.0
2023,Janeiro,Zambézia,Luabo,Pagamentos,2.0,244.0
2023,Fevereiro,Zambézia,Luabo,Pagamentos,0.0,0.0
2023,Março,Zambézia,Luabo,Pagamentos,0.0,0.0
2023,Abril,Zambézia,Luabo,Pagamentos,0.0,0.0
2023,Maio,Zambézia,Luabo,Pagamentos,1.0,15.0
2023,Junho,Zambézia,Luabo,Pagamentos,0.0,0.0
2023,Julho,Zambézia,Luabo,Pagamentos,0.0,0.0
2023,Agosto,Zambézia,Luabo,Pagamentos,0.0,0.0
2023,Setembro,Zambézia,Luabo,Pagamentos,0.0,0.0
2023,Outubro,Zambézia,Luabo,Pagamentos,0.0,0.0
2023,Novembro,Zambézia,Luabo,Pagamentos,1.0,10.0
2023,Dezembro,Zambézia,Luabo,Pagamentos,9.0,160.0
2023,Janeiro,Zambézia,Derre,Pagamentos,0.0,0.0
2023,Fevereiro,Zambézia,Derre,Pagamentos,0.0,0.0
2023,Março,Zambézia,Derre,Pagamentos,0.0,0.0
2023,Abril,Zambézia,Derre,Pagamentos,0.0,0.0
2023,Maio,Zambézia,Derre,Pagamentos,0.0,0.0
2023,Junho,Zambézia,Derre,Pagamentos,0.0,0.0
2023,Julho,Zambézia,Derre,Pagamentos,0.0,0.0
2023,Agosto,Zambézia,Derre,Pagamentos,0.0,0.0
2023,Setembro,Zambézia,Derre,Pagamentos,0.0,0.0
2023,Outubro,Zambézia,Derre,Pagamentos,0.0,0.0
2023,Novembro,Zambézia,Derre,Pagamentos,0.0,0.0
2023,Dezembro,Zambézia,Derre,Pagamentos,0.0,0.0
2023,Janeiro,Nampula,Cidade de Nampula,Pagamentos,604586.0,33130092.3
2023,Fevereiro,Nampula,Cidade de Nampula,Pagamentos,519163.0,32876130.14
2023,Março,Nampula,Cidade de Nampula,Pagamentos,575150.0,41497137.72
2023,Abril,Nampula,Cidade de Nampula,Pagamentos,602583.0,41246787.0
2023,Maio,Nampula,Cidade de Nampula,Pagamentos,660460.0,42765869.0
2023,Junho,Nampula,Cidade de Nampula,Pagamentos,680257.0,42988280.18
2023,Julho,Nampula,Cidade de Nampula,Pagamentos,712454.0,45771145.5
2023,Agosto,Nampula,Cidade de Nampula,Pagamentos,637496.0,40630416.7
2023,Setembro,Nampula,Cidade de Nampula,Pagamentos,823814.0,59634622.32
2023,Outubro,Nampula,Cidade de Nampula,Pagamentos,891007.0,68779754.71
2023,Novembro,Nampula,Cidade de Nampula,Pagamentos,1148479.0,90919433.21
2023,Dezembro,Nampula,Cidade de Nampula,Pagamentos,935488.0,78628029.44
2023,Janeiro,Nampula,Cidade de Nacala-Porto,Pagamentos,187838.0,9383390.0
2023,Fevereiro,Nampula,Cidade de Nacala-Porto,Pagamentos,169329.0,9153091.96
2023,Março,Nampula,Cidade de Nacala-Porto,Pagamentos,189050.0,10549033.0
2023,Abril,Nampula,Cidade de Nacala-Porto,Pagamentos,203007.0,11226636.38
2023,Maio,Nampula,Cidade de Nacala-Porto,Pagamentos,213482.0,11916480.0
2023,Junho,Nampula,Cidade de Nacala-Porto,Pagamentos,221610.0,12397687.0
2023,Julho,Nampula,Cidade de Nacala-Porto,Pagamentos,231737.0,12888993.03
2023,Agosto,Nampula,Cidade de Nacala-Porto,Pagamentos,210458.0,11759123.1
2023,Setembro,Nampula,Cidade de Nacala-Porto,Pagamentos,267957.0,17317297.75
2023,Outubro,Nampula,Cidade de Nacala-Porto,Pagamentos,292167.0,19699051.19
2023,Novembro,Nampula,Cidade de Nacala-Porto,Pagamentos,386085.0,26386331.46
2023,Dezembro,Nampula,Cidade de Nacala-Porto,Pagamentos,312209.0,22317470.54
2023,Janeiro,Nampula,Angoche,Pagamentos,151696.0,5195809.0
2023,Fevereiro,Nampula,Angoche,Pagamentos,91799.0,3700992.0
2023,Março,Nampula,Angoche,Pagamentos,93053.0,3769772.0
2023,Abril,Nampula,Angoche,Pagamentos,95355.0,4198547.0
2023,Maio,Nampula,Angoche,Pagamentos,136520.0,5014179.0
2023,Junho,Nampula,Angoche,Pagamentos,134639.0,4651884.0
2023,Julho,Nampula,Angoche,Pagamentos,142015.0,4976296.0
2023,Agosto,Nampula,Angoche,Pagamentos,110532.0,3850048.0
2023,Setembro,Nampula,Angoche,Pagamentos,140154.0,5682019.0
2023,Outubro,Nampula,Angoche,Pagamentos,129041.0,5721918.0
2023,Novembro,Nampula,Angoche,Pagamentos,163564.0,7406778.0
2023,Dezembro,Nampula,Angoche,Pagamentos,135611.0,6247770.0
2023,Janeiro,Nampula,Ilha de Moçambique,Pagamentos,28556.0,1241833.0
2023,Fevereiro,Nampula,Ilha de Moçambique,Pagamentos,24284.0,1082062.0
2023,Março,Nampula,Ilha de Moçambique,Pagamentos,27114.0,1201548.0
2023,Abril,Nampula,Ilha de Moçambique,Pagamentos,29967.0,1372050.0
2023,Maio,Nampula,Ilha de Moçambique,Pagamentos,32764.0,1465546.0
2023,Junho,Nampula,Ilha de Moçambique,Pagamentos,33827.0,1531267.0
2023,Julho,Nampula,Ilha de Moçambique,Pagamentos,34404.0,1517197.0
2023,Agosto,Nampula,Ilha de Moçambique,Pagamentos,27986.0,1276020.0
2023,Setembro,Nampula,Ilha de Moçambique,Pagamentos,40725.0,2042900.0
2023,Outubro,Nampula,Ilha de Moçambique,Pagamentos,41993.0,2234615.0
2023,Novembro,Nampula,Ilha de Moçambique,Pagamentos,57725.0,3048150.0
2023,Dezembro,Nampula,Ilha de Moçambique,Pagamentos,47992.0,2562548.0
2023,Janeiro,Nampula,Lalaua,Pagamentos,12530.0,393880.0
2023,Fevereiro,Nampula,Lalaua,Pagamentos,9563.0,390301.0
2023,Março,Nampula,Lalaua,Pagamentos,9195.0,418722.0
2023,Abril,Nampula,Lalaua,Pagamentos,9780.0,501993.0
2023,Maio,Nampula,Lalaua,Pagamentos,11259.0,554543.0
2023,Junho,Nampula,Lalaua,Pagamentos,12231.0,642147.0
2023,Julho,Nampula,Lalaua,Pagamentos,13135.0,656060.0
2023,Agosto,Nampula,Lalaua,Pagamentos,12403.0,576544.0
2023,Setembro,Nampula,Lalaua,Pagamentos,13451.0,800723.0
2023,Outubro,Nampula,Lalaua,Pagamentos,13328.0,776959.0
2023,Novembro,Nampula,Lalaua,Pagamentos,15152.0,937287.0
2023,Dezembro,Nampula,Lalaua,Pagamentos,11851.0,776430.0
2023,Janeiro,Nampula,Malema,Pagamentos,44427.0,1590583.0
2023,Fevereiro,Nampula,Malema,Pagamentos,32602.0,1395496.0
2023,Março,Nampula,Malema,Pagamentos,32869.0,1554105.0
2023,Abril,Nampula,Malema,Pagamentos,33329.0,1604029.0
2023,Maio,Nampula,Malema,Pagamentos,37898.0,1794976.0
2023,Junho,Nampula,Malema,Pagamentos,40436.0,1968701.0
2023,Julho,Nampula,Malema,Pagamentos,46673.0,2151951.0
2023,Agosto,Nampula,Malema,Pagamentos,44203.0,1849559.0
2023,Setembro,Nampula,Malema,Pagamentos,49291.0,2506389.0
2023,Outubro,Nampula,Malema,Pagamentos,49902.0,2792178.0
2023,Novembro,Nampula,Malema,Pagamentos,59054.0,3416534.0
2023,Dezembro,Nampula,Malema,Pagamentos,45838.0,2742657.0
2023,Janeiro,Nampula,Meconta (Namialo),Pagamentos,42214.0,1817672.0
2023,Fevereiro,Nampula,Meconta (Namialo),Pagamentos,35735.0,1649817.0
2023,Março,Nampula,Meconta (Namialo),Pagamentos,38967.0,1871970.0
2023,Abril,Nampula,Meconta (Namialo),Pagamentos,41313.0,2036587.0
2023,Maio,Nampula,Meconta (Namialo),Pagamentos,53199.0,2434704.0
2023,Junho,Nampula,Meconta (Namialo),Pagamentos,55008.0,2534728.0
2023,Julho,Nampula,Meconta (Namialo),Pagamentos,55558.0,2631719.0
2023,Agosto,Nampula,Meconta (Namialo),Pagamentos,50283.0,2064728.0
2023,Setembro,Nampula,Meconta (Namialo),Pagamentos,66105.0,3081382.0
2023,Outubro,Nampula,Meconta (Namialo),Pagamentos,68887.0,3442599.0
2023,Novembro,Nampula,Meconta (Namialo),Pagamentos,89545.0,4545370.0
2023,Dezembro,Nampula,Meconta (Namialo),Pagamentos,73064.0,3771175.0
2023,Janeiro,Nampula,Mecuburi,Pagamentos,36068.0,1152967.0
2023,Fevereiro,Nampula,Mecuburi,Pagamentos,25774.0,1009847.0
2023,Março,Nampula,Mecuburi,Pagamentos,23784.0,1048184.0
2023,Abril,Nampula,Mecuburi,Pagamentos,22918.0,1163862.0
2023,Maio,Nampula,Mecuburi,Pagamentos,23879.0,1195403.0
2023,Junho,Nampula,Mecuburi,Pagamentos,25376.0,1260875.0
2023,Julho,Nampula,Mecuburi,Pagamentos,26132.0,1294096.0
2023,Agosto,Nampula,Mecuburi,Pagamentos,21228.0,971498.0
2023,Setembro,Nampula,Mecuburi,Pagamentos,26935.0,1429772.0
2023,Outubro,Nampula,Mecuburi,Pagamentos,27254.0,1580011.71
2023,Novembro,Nampula,Mecuburi,Pagamentos,32192.0,1799040.0
2023,Dezembro,Nampula,Mecuburi,Pagamentos,24262.0,1439061.0
2023,Janeiro,Nampula,Memba,Pagamentos,49516.0,1608703.0
2023,Fevereiro,Nampula,Memba,Pagamentos,32734.0,1301200.0
2023,Março,Nampula,Memba,Pagamentos,31828.0,1364055.0
2023,Abril,Nampula,Memba,Pagamentos,33109.0,1535854.0
2023,Maio,Nampula,Memba,Pagamentos,37095.0,1746706.0
2023,Junho,Nampula,Memba,Pagamentos,36893.0,1626413.0
2023,Julho,Nampula,Memba,Pagamentos,37236.0,1608485.0
2023,Agosto,Nampula,Memba,Pagamentos,32555.0,1323780.0
2023,Setembro,Nampula,Memba,Pagamentos,37182.0,1691925.0
2023,Outubro,Nampula,Memba,Pagamentos,37602.0,1830738.0
2023,Novembro,Nampula,Memba,Pagamentos,45398.0,2142845.0
2023,Dezembro,Nampula,Memba,Pagamentos,35666.0,1702644.0
2023,Janeiro,Nampula,Mogincual,Pagamentos,57278.0,1862577.0
2023,Fevereiro,Nampula,Mogincual,Pagamentos,28707.0,1273765.0
2023,Março,Nampula,Mogincual,Pagamentos,25439.0,1222881.0
2023,Abril,Nampula,Mogincual,Pagamentos,25069.0,1368533.0
2023,Maio,Nampula,Mogincual,Pagamentos,30721.0,1667287.0
2023,Junho,Nampula,Mogincual,Pagamentos,34579.0,1658934.0
2023,Julho,Nampula,Mogincual,Pagamentos,31089.0,1459545.0
2023,Agosto,Nampula,Mogincual,Pagamentos,23755.0,1191076.0
2023,Setembro,Nampula,Mogincual,Pagamentos,29827.0,1615598.0
2023,Outubro,Nampula,Mogincual,Pagamentos,27769.0,1555003.0
2023,Novembro,Nampula,Mogincual,Pagamentos,35988.0,2001101.0
2023,Dezembro,Nampula,Mogincual,Pagamentos,28147.0,1543487.0
2023,Janeiro,Nampula,Mogovolas,Pagamentos,61107.0,2204948.0
2023,Fevereiro,Nampula,Mogovolas,Pagamentos,41216.0,1610843.0
2023,Março,Nampula,Mogovolas,Pagamentos,40319.0,1792370.0
2023,Abril,Nampula,Mogovolas,Pagamentos,42073.0,1861167.5
2023,Maio,Nampula,Mogovolas,Pagamentos,47385.0,2126356.0
2023,Junho,Nampula,Mogovolas,Pagamentos,45229.0,2109232.0
2023,Julho,Nampula,Mogovolas,Pagamentos,46192.0,2178075.0
2023,Agosto,Nampula,Mogovolas,Pagamentos,37124.0,1724163.0
2023,Setembro,Nampula,Mogovolas,Pagamentos,46482.0,2398476.5
2023,Outubro,Nampula,Mogovolas,Pagamentos,47167.0,2665464.0
2023,Novembro,Nampula,Mogovolas,Pagamentos,62185.0,3467707.0
2023,Dezembro,Nampula,Mogovolas,Pagamentos,48967.0,2971113.0
2023,Janeiro,Nampula,Moma,Pagamentos,185624.0,6466462.0
2023,Fevereiro,Nampula,Moma,Pagamentos,91565.0,4050898.0
2023,Março,Nampula,Moma,Pagamentos,87475.0,4202125.0
2023,Abril,Nampula,Moma,Pagamentos,85077.0,4306525.0
2023,Maio,Nampula,Moma,Pagamentos,92422.0,4736043.25
2023,Junho,Nampula,Moma,Pagamentos,92375.0,4716609.0
2023,Julho,Nampula,Moma,Pagamentos,86783.0,4546757.0
2023,Agosto,Nampula,Moma,Pagamentos,64647.0,3824907.0
2023,Setembro,Nampula,Moma,Pagamentos,90170.0,5390032.0
2023,Outubro,Nampula,Moma,Pagamentos,93840.0,5731462.0
2023,Novembro,Nampula,Moma,Pagamentos,119430.0,7192922.0
2023,Dezembro,Nampula,Moma,Pagamentos,95900.0,6285057.0
2023,Janeiro,Nampula,Monapo,Pagamentos,40962.0,1876143.0
2023,Fevereiro,Nampula,Monapo,Pagamentos,33744.0,1802771.0
2023,Março,Nampula,Monapo,Pagamentos,36863.0,1888522.0
2023,Abril,Nampula,Monapo,Pagamentos,42977.0,2191102.0
2023,Maio,Nampula,Monapo,Pagamentos,48705.0,2420379.0
2023,Junho,Nampula,Monapo,Pagamentos,53992.0,2542425.0
2023,Julho,Nampula,Monapo,Pagamentos,58095.0,2510676.0
2023,Agosto,Nampula,Monapo,Pagamentos,49012.0,1977066.0
2023,Setembro,Nampula,Monapo,Pagamentos,61486.0,2799026.0
2023,Outubro,Nampula,Monapo,Pagamentos,66767.0,3175449.0
2023,Novembro,Nampula,Monapo,Pagamentos,82530.0,4077093.0
2023,Dezembro,Nampula,Monapo,Pagamentos,63475.0,3246901.0
2023,Janeiro,Nampula,Mossuril,Pagamentos,13995.0,646109.0
2023,Fevereiro,Nampula,Mossuril,Pagamentos,11221.0,474467.0
2023,Março,Nampula,Mossuril,Pagamentos,11151.0,498219.0
2023,Abril,Nampula,Mossuril,Pagamentos,12094.0,543442.0
2023,Maio,Nampula,Mossuril,Pagamentos,14095.0,654722.0
2023,Junho,Nampula,Mossuril,Pagamentos,15969.0,727941.0
2023,Julho,Nampula,Mossuril,Pagamentos,17505.0,789233.0
2023,Agosto,Nampula,Mossuril,Pagamentos,14990.0,640829.5
2023,Setembro,Nampula,Mossuril,Pagamentos,20159.0,990307.0
2023,Outubro,Nampula,Mossuril,Pagamentos,21433.0,1121306.0
2023,Novembro,Nampula,Mossuril,Pagamentos,27871.0,1430084.0
2023,Dezembro,Nampula,Mossuril,Pagamentos,22343.0,1222577.0
2023,Janeiro,Nampula,Muecate,Pagamentos,13345.0,397691.0
2023,Fevereiro,Nampula,Muecate,Pagamentos,9932.0,371250.0
2023,Março,Nampula,Muecate,Pagamentos,9896.0,410997.0
2023,Abril,Nampula,Muecate,Pagamentos,10888.0,477748.0
2023,Maio,Nampula,Muecate,Pagamentos,12478.0,506904.0
2023,Junho,Nampula,Muecate,Pagamentos,13457.0,558479.0
2023,Julho,Nampula,Muecate,Pagamentos,14190.0,555584.0
2023,Agosto,Nampula,Muecate,Pagamentos,12993.0,474783.0
2023,Setembro,Nampula,Muecate,Pagamentos,15330.0,601794.0
2023,Outubro,Nampula,Muecate,Pagamentos,15841.0,687577.0
2023,Novembro,Nampula,Muecate,Pagamentos,20517.0,888412.0
2023,Dezembro,Nampula,Muecate,Pagamentos,15217.0,714538.0
2023,Janeiro,Nampula,Murrupula,Pagamentos,18244.0,713229.0
2023,Fevereiro,Nampula,Murrupula,Pagamentos,14267.0,648903.0
2023,Março,Nampula,Murrupula,Pagamentos,17029.0,851379.0
2023,Abril,Nampula,Murrupula,Pagamentos,19153.0,1013979.0
2023,Maio,Nampula,Murrupula,Pagamentos,21289.0,1087156.0
2023,Junho,Nampula,Murrupula,Pagamentos,21878.0,1076293.0
2023,Julho,Nampula,Murrupula,Pagamentos,23647.0,1113197.0
2023,Agosto,Nampula,Murrupula,Pagamentos,20097.0,907652.0
2023,Setembro,Nampula,Murrupula,Pagamentos,25423.0,1202292.0
2023,Outubro,Nampula,Murrupula,Pagamentos,26989.0,1407609.0
2023,Novembro,Nampula,Murrupula,Pagamentos,34650.0,1868816.0
2023,Dezembro,Nampula,Murrupula,Pagamentos,27486.0,1513882.0
2023,Janeiro,Nampula,Nacala-Velha,Pagamentos,19477.0,704056.0
2023,Fevereiro,Nampula,Nacala-Velha,Pagamentos,17197.0,683108.0
2023,Março,Nampula,Nacala-Velha,Pagamentos,18741.0,768346.0
2023,Abril,Nampula,Nacala-Velha,Pagamentos,20541.0,869959.0
2023,Maio,Nampula,Nacala-Velha,Pagamentos,23571.0,1037065.0
2023,Junho,Nampula,Nacala-Velha,Pagamentos,22648.0,1021078.0
2023,Julho,Nampula,Nacala-Velha,Pagamentos,23093.0,1032851.0
2023,Agosto,Nampula,Nacala-Velha,Pagamentos,20069.0,850503.0
2023,Setembro,Nampula,Nacala-Velha,Pagamentos,25077.0,1151331.0
2023,Outubro,Nampula,Nacala-Velha,Pagamentos,27357.0,1336906.0
2023,Novembro,Nampula,Nacala-Velha,Pagamentos,36714.0,1841219.0
2023,Dezembro,Nampula,Nacala-Velha,Pagamentos,28686.0,1466478.0
2023,Janeiro,Nampula,Nacaroa,Pagamentos,16472.0,528885.0
2023,Fevereiro,Nampula,Nacaroa,Pagamentos,13646.0,506039.0
2023,Março,Nampula,Nacaroa,Pagamentos,14916.0,558276.0
2023,Abril,Nampula,Nacaroa,Pagamentos,15235.0,584733.0
2023,Maio,Nampula,Nacaroa,Pagamentos,17448.0,587805.0
2023,Junho,Nampula,Nacaroa,Pagamentos,18403.0,642316.0
2023,Julho,Nampula,Nacaroa,Pagamentos,18353.0,672265.0
2023,Agosto,Nampula,Nacaroa,Pagamentos,16913.0,578752.0
2023,Setembro,Nampula,Nacaroa,Pagamentos,17355.0,699508.0
2023,Outubro,Nampula,Nacaroa,Pagamentos,19732.0,847736.0
2023,Novembro,Nampula,Nacaroa,Pagamentos,25363.0,1117001.0
2023,Dezembro,Nampula,Nacaroa,Pagamentos,18846.0,865413.0
2023,Janeiro,Nampula,Namapa-Erati,Pagamentos,39002.0,1324414.0
2023,Fevereiro,Nampula,Namapa-Erati,Pagamentos,30050.0,1201071.0
2023,Março,Nampula,Namapa-Erati,Pagamentos,33104.0,1381227.0
2023,Abril,Nampula,Namapa-Erati,Pagamentos,35252.0,1598023.0
2023,Maio,Nampula,Namapa-Erati,Pagamentos,36664.0,1717144.0
2023,Junho,Nampula,Namapa-Erati,Pagamentos,40790.0,1933821.0
2023,Julho,Nampula,Namapa-Erati,Pagamentos,46591.0,2113659.0
2023,Agosto,Nampula,Namapa-Erati,Pagamentos,39380.0,1740367.0
2023,Setembro,Nampula,Namapa-Erati,Pagamentos,45614.0,2459078.0
2023,Outubro,Nampula,Namapa-Erati,Pagamentos,47505.0,2690736.0
2023,Novembro,Nampula,Namapa-Erati,Pagamentos,60190.0,3326049.0
2023,Dezembro,Nampula,Namapa-Erati,Pagamentos,44470.0,2535831.0
2023,Janeiro,Nampula,Rapale-Nampula,Pagamentos,34716.0,1479566.0
2023,Fevereiro,Nampula,Rapale-Nampula,Pagamentos,29508.0,1317715.0
2023,Março,Nampula,Rapale-Nampula,Pagamentos,31951.0,1510052.0
2023,Abril,Nampula,Rapale-Nampula,Pagamentos,35509.0,1745650.0
2023,Maio,Nampula,Rapale-Nampula,Pagamentos,39818.0,1965624.0
2023,Junho,Nampula,Rapale-Nampula,Pagamentos,40899.0,2024047.0
2023,Julho,Nampula,Rapale-Nampula,Pagamentos,45454.0,2234231.0
2023,Agosto,Nampula,Rapale-Nampula,Pagamentos,40086.0,1828521.0
2023,Setembro,Nampula,Rapale-Nampula,Pagamentos,51231.0,2829632.0
2023,Outubro,Nampula,Rapale-Nampula,Pagamentos,53461.0,3347273.0
2023,Novembro,Nampula,Rapale-Nampula,Pagamentos,72315.0,4365518.85
2023,Dezembro,Nampula,Rapale-Nampula,Pagamentos,60107.0,3699916.0
2023,Janeiro,Nampula,Ribaué,Pagamentos,35293.0,1530003.0
2023,Fevereiro,Nampula,Ribaué,Pagamentos,29868.0,1340176.0
2023,Março,Nampula,Ribaué,Pagamentos,34082.0,1599674.0
2023,Abril,Nampula,Ribaué,Pagamentos,32209.0,1710592.0
2023,Maio,Nampula,Ribaué,Pagamentos,35471.0,1808468.0
2023,Junho,Nampula,Ribaué,Pagamentos,38546.0,1950000.0
2023,Julho,Nampula,Ribaué,Pagamentos,41960.0,2223198.0
2023,Agosto,Nampula,Ribaué,Pagamentos,37960.0,1689925.0
2023,Setembro,Nampula,Ribaué,Pagamentos,46849.0,2605492.0
2023,Outubro,Nampula,Ribaué,Pagamentos,48769.0,2976298.0
2023,Novembro,Nampula,Ribaué,Pagamentos,59736.0,3586738.0
2023,Dezembro,Nampula,Ribaué,Pagamentos,46815.0,2920739.0
2023,Janeiro,Nampula,Liupo,Pagamentos,0.0,0.0
2023,Fevereiro,Nampula,Liupo,Pagamentos,0.0,0.0
2023,Março,Nampula,Liupo,Pagamentos,0.0,0.0
2023,Abril,Nampula,Liupo,Pagamentos,0.0,0.0
2023,Maio,Nampula,Liupo,Pagamentos,0.0,0.0
2023,Junho,Nampula,Liupo,Pagamentos,0.0,0.0
2023,Julho,Nampula,Liupo,Pagamentos,0.0,0.0
2023,Agosto,Nampula,Liupo,Pagamentos,0.0,0.0
2023,Setembro,Nampula,Liupo,Pagamentos,0.0,0.0
2023,Outubro,Nampula,Liupo,Pagamentos,0.0,0.0
2023,Novembro,Nampula,Liupo,Pagamentos,0.0,0.0
2023,Dezembro,Nampula,Liupo,Pagamentos,0.0,0.0
2023,Janeiro,Nampula,Larde,Pagamentos,0.0,0.0
2023,Fevereiro,Nampula,Larde,Pagamentos,0.0,0.0
2023,Março,Nampula,Larde,Pagamentos,0.0,0.0
2023,Abril,Nampula,Larde,Pagamentos,0.0,0.0
2023,Maio,Nampula,Larde,Pagamentos,4.0,9965.0
2023,Junho,Nampula,Larde,Pagamentos,0.0,0.0
2023,Julho,Nampula,Larde,Pagamentos,0.0,0.0
2023,Agosto,Nampula,Larde,Pagamentos,0.0,0.0
2023,Setembro,Nampula,Larde,Pagamentos,0.0,0.0
2023,Outubro,Nampula,Larde,Pagamentos,1.0,100.0
2023,Novembro,Nampula,Larde,Pagamentos,0.0,0.0
2023,Dezembro,Nampula,Larde,Pagamentos,0.0,0.0
2023,Janeiro,Cabo Delgado,Cidade de Pemba,Pagamentos,182318.0,10517803.5
2023,Fevereiro,Cabo Delgado,Cidade de Pemba,Pagamentos,158121.0,10106219.0
2023,Março,Cabo Delgado,Cidade de Pemba,Pagamentos,167247.0,11449008.28
2023,Abril,Cabo Delgado,Cidade de Pemba,Pagamentos,177660.0,11874174.31
2023,Maio,Cabo Delgado,Cidade de Pemba,Pagamentos,192619.0,13282128.5
2023,Junho,Cabo Delgado,Cidade de Pemba,Pagamentos,197784.0,13430283.7
2023,Julho,Cabo Delgado,Cidade de Pemba,Pagamentos,212948.0,14853104.12
2023,Agosto,Cabo Delgado,Cidade de Pemba,Pagamentos,204073.0,13718479.28
2023,Setembro,Cabo Delgado,Cidade de Pemba,Pagamentos,264624.0,19927790.34
2023,Outubro,Cabo Delgado,Cidade de Pemba,Pagamentos,289007.0,23249406.4
2023,Novembro,Cabo Delgado,Cidade de Pemba,Pagamentos,397579.0,32024139.42
2023,Dezembro,Cabo Delgado,Cidade de Pemba,Pagamentos,334767.0,28160988.64
2023,Janeiro,Cabo Delgado,Ancuabe,Pagamentos,24394.0,864563.0
2023,Fevereiro,Cabo Delgado,Ancuabe,Pagamentos,22269.0,890710.0
2023,Março,Cabo Delgado,Ancuabe,Pagamentos,24473.0,1061920.0
2023,Abril,Cabo Delgado,Ancuabe,Pagamentos,24884.0,1114480.0
2023,Maio,Cabo Delgado,Ancuabe,Pagamentos,27869.0,1351371.0
2023,Junho,Cabo Delgado,Ancuabe,Pagamentos,29866.0,1550026.0
2023,Julho,Cabo Delgado,Ancuabe,Pagamentos,32362.0,1584042.0
2023,Agosto,Cabo Delgado,Ancuabe,Pagamentos,30250.0,1372552.0
2023,Setembro,Cabo Delgado,Ancuabe,Pagamentos,36194.0,1910346.0
2023,Outubro,Cabo Delgado,Ancuabe,Pagamentos,37571.0,2069374.0
2023,Novembro,Cabo Delgado,Ancuabe,Pagamentos,46060.0,2566242.0
2023,Dezembro,Cabo Delgado,Ancuabe,Pagamentos,36763.0,2053160.0
2023,Janeiro,Cabo Delgado,Balama,Pagamentos,11483.0,471670.0
2023,Fevereiro,Cabo Delgado,Balama,Pagamentos,9353.0,452067.0
2023,Março,Cabo Delgado,Balama,Pagamentos,9759.0,519028.0
2023,Abril,Cabo Delgado,Balama,Pagamentos,10607.0,831115.0
2023,Maio,Cabo Delgado,Balama,Pagamentos,12424.0,687144.0
2023,Junho,Cabo Delgado,Balama,Pagamentos,14038.0,734108.0
2023,Julho,Cabo Delgado,Balama,Pagamentos,17257.0,870036.0
2023,Agosto,Cabo Delgado,Balama,Pagamentos,16086.0,757262.8
2023,Setembro,Cabo Delgado,Balama,Pagamentos,18443.0,1155754.0
2023,Outubro,Cabo Delgado,Balama,Pagamentos,18823.0,1268275.0
2023,Novembro,Cabo Delgado,Balama,Pagamentos,23897.0,1567979.0
2023,Dezembro,Cabo Delgado,Balama,Pagamentos,18890.0,1273156.0
2023,Janeiro,Cabo Delgado,Chiúre,Pagamentos,31554.0,1168442.0
2023,Fevereiro,Cabo Delgado,Chiúre,Pagamentos,26771.0,1128641.0
2023,Março,Cabo Delgado,Chiúre,Pagamentos,30226.0,1375530.0
2023,Abril,Cabo Delgado,Chiúre,Pagamentos,31711.0,1460268.0
2023,Maio,Cabo Delgado,Chiúre,Pagamentos,36598.0,1740116.0
2023,Junho,Cabo Delgado,Chiúre,Pagamentos,41544.0,1928429.0
2023,Julho,Cabo Delgado,Chiúre,Pagamentos,45388.0,2055129.0
2023,Agosto,Cabo Delgado,Chiúre,Pagamentos,42541.0,1845217.0
2023,Setembro,Cabo Delgado,Chiúre,Pagamentos,48948.0,2681329.0
2023,Outubro,Cabo Delgado,Chiúre,Pagamentos,48396.0,3127028.0
2023,Novembro,Cabo Delgado,Chiúre,Pagamentos,62625.0,3721008.0
2023,Dezembro,Cabo Delgado,Chiúre,Pagamentos,49550.0,3439539.0
2023,Janeiro,Cabo Delgado,Ibo,Pagamentos,14008.0,528697.0
2023,Fevereiro,Cabo Delgado,Ibo,Pagamentos,10279.0,472500.0
2023,Março,Cabo Delgado,Ibo,Pagamentos,10219.0,532555.0
2023,Abril,Cabo Delgado,Ibo,Pagamentos,10020.0,525030.0
2023,Maio,Cabo Delgado,Ibo,Pagamentos,10377.0,539809.0
2023,Junho,Cabo Delgado,Ibo,Pagamentos,9666.0,527549.0
2023,Julho,Cabo Delgado,Ibo,Pagamentos,9201.0,462147.0
2023,Agosto,Cabo Delgado,Ibo,Pagamentos,7255.0,412137.0
2023,Setembro,Cabo Delgado,Ibo,Pagamentos,8538.0,508559.0
2023,Outubro,Cabo Delgado,Ibo,Pagamentos,8952.0,558240.0
2023,Novembro,Cabo Delgado,Ibo,Pagamentos,11006.0,653281.0
2023,Dezembro,Cabo Delgado,Ibo,Pagamentos,9201.0,557618.0
2023,Janeiro,Cabo Delgado,Macomia,Pagamentos,10666.0,318148.0
2023,Fevereiro,Cabo Delgado,Macomia,Pagamentos,8117.0,292150.0
2023,Março,Cabo Delgado,Macomia,Pagamentos,7345.0,290911.0
2023,Abril,Cabo Delgado,Macomia,Pagamentos,7018.0,295581.0
2023,Maio,Cabo Delgado,Macomia,Pagamentos,8642.0,392180.0
2023,Junho,Cabo Delgado,Macomia,Pagamentos,7460.0,302815.0
2023,Julho,Cabo Delgado,Macomia,Pagamentos,8399.0,336459.0
2023,Agosto,Cabo Delgado,Macomia,Pagamentos,8403.0,300184.0
2023,Setembro,Cabo Delgado,Macomia,Pagamentos,10110.0,440815.0
2023,Outubro,Cabo Delgado,Macomia,Pagamentos,9809.0,512195.0
2023,Novembro,Cabo Delgado,Macomia,Pagamentos,12282.0,622271.0
2023,Dezembro,Cabo Delgado,Macomia,Pagamentos,10290.0,519910.0
2023,Janeiro,Cabo Delgado,Mecufi,Pagamentos,5888.0,190715.0
2023,Fevereiro,Cabo Delgado,Mecufi,Pagamentos,4965.0,206074.0
2023,Março,Cabo Delgado,Mecufi,Pagamentos,5770.0,234213.0
2023,Abril,Cabo Delgado,Mecufi,Pagamentos,6264.0,259069.0
2023,Maio,Cabo Delgado,Mecufi,Pagamentos,7019.0,286992.0
2023,Junho,Cabo Delgado,Mecufi,Pagamentos,7643.0,319654.0
2023,Julho,Cabo Delgado,Mecufi,Pagamentos,8937.0,370647.0
2023,Agosto,Cabo Delgado,Mecufi,Pagamentos,7644.0,321983.0
2023,Setembro,Cabo Delgado,Mecufi,Pagamentos,10277.0,483879.0
2023,Outubro,Cabo Delgado,Mecufi,Pagamentos,10796.0,546620.0
2023,Novembro,Cabo Delgado,Mecufi,Pagamentos,15793.0,787951.0
2023,Dezembro,Cabo Delgado,Mecufi,Pagamentos,12883.0,640636.0
2023,Janeiro,Cabo Delgado,Meluco,Pagamentos,4631.0,179574.0
2023,Fevereiro,Cabo Delgado,Meluco,Pagamentos,3851.0,196130.0
2023,Março,Cabo Delgado,Meluco,Pagamentos,5688.0,290885.0
2023,Abril,Cabo Delgado,Meluco,Pagamentos,6370.0,365314.0
2023,Maio,Cabo Delgado,Meluco,Pagamentos,4965.0,290817.0
2023,Junho,Cabo Delgado,Meluco,Pagamentos,5347.0,327483.0
2023,Julho,Cabo Delgado,Meluco,Pagamentos,5838.0,349965.0
2023,Agosto,Cabo Delgado,Meluco,Pagamentos,6065.0,327216.0
2023,Setembro,Cabo Delgado,Meluco,Pagamentos,6807.0,442312.0
2023,Outubro,Cabo Delgado,Meluco,Pagamentos,7104.0,488187.0
2023,Novembro,Cabo Delgado,Meluco,Pagamentos,8895.0,602547.0
2023,Dezembro,Cabo Delgado,Meluco,Pagamentos,6489.0,471093.0
2023,Janeiro,Cabo Delgado,Mocimboa da Praia,Pagamentos,4623.0,151258.0
2023,Fevereiro,Cabo Delgado,Mocimboa da Praia,Pagamentos,3335.0,105721.0
2023,Março,Cabo Delgado,Mocimboa da Praia,Pagamentos,3187.0,99062.0
2023,Abril,Cabo Delgado,Mocimboa da Praia,Pagamentos,4433.0,199811.0
2023,Maio,Cabo Delgado,Mocimboa da Praia,Pagamentos,4411.0,186806.0
2023,Junho,Cabo Delgado,Mocimboa da Praia,Pagamentos,4506.0,274838.0
2023,Julho,Cabo Delgado,Mocimboa da Praia,Pagamentos,6299.0,293981.0
2023,Agosto,Cabo Delgado,Mocimboa da Praia,Pagamentos,6516.0,185546.0
2023,Setembro,Cabo Delgado,Mocimboa da Praia,Pagamentos,7651.0,290407.0
2023,Outubro,Cabo Delgado,Mocimboa da Praia,Pagamentos,7935.0,353717.0
2023,Novembro,Cabo Delgado,Mocimboa da Praia,Pagamentos,10280.0,386896.0
2023,Dezembro,Cabo Delgado,Mocimboa da Praia,Pagamentos,8966.0,313973.0
2023,Janeiro,Cabo Delgado,Montepuez,Pagamentos,63026.0,2754465.0
2023,Fevereiro,Cabo Delgado,Montepuez,Pagamentos,51736.0,2580533.0
2023,Março,Cabo Delgado,Montepuez,Pagamentos,55638.0,2984149.0
2023,Abril,Cabo Delgado,Montepuez,Pagamentos,59045.0,3124018.0
2023,Maio,Cabo Delgado,Montepuez,Pagamentos,68479.0,3642781.0
2023,Junho,Cabo Delgado,Montepuez,Pagamentos,75146.0,4036782.0
2023,Julho,Cabo Delgado,Montepuez,Pagamentos,84819.0,4465711.0
2023,Agosto,Cabo Delgado,Montepuez,Pagamentos,84679.0,4163303.0
2023,Setembro,Cabo Delgado,Montepuez,Pagamentos,95248.0,5669491.0
2023,Outubro,Cabo Delgado,Montepuez,Pagamentos,100130.0,6428456.0
2023,Novembro,Cabo Delgado,Montepuez,Pagamentos,133813.0,8393279.0
2023,Dezembro,Cabo Delgado,Montepuez,Pagamentos,111856.0,7217801.8
2023,Janeiro,Cabo Delgado,Mueda,Pagamentos,45159.0,1622464.0
2023,Fevereiro,Cabo Delgado,Mueda,Pagamentos,31108.0,1371603.0
2023,Março,Cabo Delgado,Mueda,Pagamentos,30600.0,1421084.0
2023,Abril,Cabo Delgado,Mueda,Pagamentos,30949.0,1452041.0
2023,Maio,Cabo Delgado,Mueda,Pagamentos,32386.0,1560778.0
2023,Junho,Cabo Delgado,Mueda,Pagamentos,35744.0,1592911.0
2023,Julho,Cabo Delgado,Mueda,Pagamentos,40493.0,1765058.0
2023,Agosto,Cabo Delgado,Mueda,Pagamentos,39215.0,1543563.89
2023,Setembro,Cabo Delgado,Mueda,Pagamentos,41390.0,2001740.0
2023,Outubro,Cabo Delgado,Mueda,Pagamentos,44220.0,2167587.0
2023,Novembro,Cabo Delgado,Mueda,Pagamentos,59996.0,2870464.0
2023,Dezembro,Cabo Delgado,Mueda,Pagamentos,52111.0,2525328.0
2023,Janeiro,Cabo Delgado,Muidumbe,Pagamentos,9385.0,303220.0
2023,Fevereiro,Cabo Delgado,Muidumbe,Pagamentos,6276.0,210397.0
2023,Março,Cabo Delgado,Muidumbe,Pagamentos,5979.0,218840.0
2023,Abril,Cabo Delgado,Muidumbe,Pagamentos,5392.0,212532.0
2023,Maio,Cabo Delgado,Muidumbe,Pagamentos,5988.0,267419.0
2023,Junho,Cabo Delgado,Muidumbe,Pagamentos,6498.0,327631.0
2023,Julho,Cabo Delgado,Muidumbe,Pagamentos,6134.0,253479.0
2023,Agosto,Cabo Delgado,Muidumbe,Pagamentos,6448.0,218249.0
2023,Setembro,Cabo Delgado,Muidumbe,Pagamentos,5972.0,244582.0
2023,Outubro,Cabo Delgado,Muidumbe,Pagamentos,5990.0,270540.0
2023,Novembro,Cabo Delgado,Muidumbe,Pagamentos,7724.0,286667.0
2023,Dezembro,Cabo Delgado,Muidumbe,Pagamentos,7117.0,246851.0
2023,Janeiro,Cabo Delgado,Namuno,Pagamentos,21891.0,808933.0
2023,Fevereiro,Cabo Delgado,Namuno,Pagamentos,15732.0,689837.0
2023,Março,Cabo Delgado,Namuno,Pagamentos,15535.0,745021.0
2023,Abril,Cabo Delgado,Namuno,Pagamentos,16278.0,786553.0
2023,Maio,Cabo Delgado,Namuno,Pagamentos,18532.0,933640.0
2023,Junho,Cabo Delgado,Namuno,Pagamentos,21287.0,1086625.0
2023,Julho,Cabo Delgado,Namuno,Pagamentos,22889.0,1096242.0
2023,Agosto,Cabo Delgado,Namuno,Pagamentos,21084.0,1075997.0
2023,Setembro,Cabo Delgado,Namuno,Pagamentos,22544.0,1347367.0
2023,Outubro,Cabo Delgado,Namuno,Pagamentos,21730.0,1478511.0
2023,Novembro,Cabo Delgado,Namuno,Pagamentos,28026.0,1809236.0
2023,Dezembro,Cabo Delgado,Namuno,Pagamentos,21787.0,1334942.0
2023,Janeiro,Cabo Delgado,Nangade,Pagamentos,12628.0,401145.0
2023,Fevereiro,Cabo Delgado,Nangade,Pagamentos,9242.0,343345.0
2023,Março,Cabo Delgado,Nangade,Pagamentos,8151.0,339663.0
2023,Abril,Cabo Delgado,Nangade,Pagamentos,7174.0,335382.0
2023,Maio,Cabo Delgado,Nangade,Pagamentos,7491.0,364430.0
2023,Junho,Cabo Delgado,Nangade,Pagamentos,7713.0,357056.0
2023,Julho,Cabo Delgado,Nangade,Pagamentos,8522.0,404804.0
2023,Agosto,Cabo Delgado,Nangade,Pagamentos,7827.0,292828.0
2023,Setembro,Cabo Delgado,Nangade,Pagamentos,8895.0,435172.0
2023,Outubro,Cabo Delgado,Nangade,Pagamentos,9167.0,507481.0
2023,Novembro,Cabo Delgado,Nangade,Pagamentos,11656.0,563589.0
2023,Dezembro,Cabo Delgado,Nangade,Pagamentos,9991.0,488927.0
2023,Janeiro,Cabo Delgado,Palma,Pagamentos,29.0,2855.0
2023,Fevereiro,Cabo Delgado,Palma,Pagamentos,21.0,1115.0
2023,Março,Cabo Delgado,Palma,Pagamentos,28.0,1515.0
2023,Abril,Cabo Delgado,Palma,Pagamentos,101.0,11057.0
2023,Maio,Cabo Delgado,Palma,Pagamentos,123.0,5255.0
2023,Junho,Cabo Delgado,Palma,Pagamentos,39.0,2500.0
2023,Julho,Cabo Delgado,Palma,Pagamentos,408.0,8968.0
2023,Agosto,Cabo Delgado,Palma,Pagamentos,1355.0,40591.0
2023,Setembro,Cabo Delgado,Palma,Pagamentos,1818.0,73711.0
2023,Outubro,Cabo Delgado,Palma,Pagamentos,2166.0,95578.0
2023,Novembro,Cabo Delgado,Palma,Pagamentos,4605.0,334130.0
2023,Dezembro,Cabo Delgado,Palma,Pagamentos,6024.0,791649.0
2023,Janeiro,Cabo Delgado,Pemba-Metuge,Pagamentos,17437.0,658528.0
2023,Fevereiro,Cabo Delgado,Pemba-Metuge,Pagamentos,15151.0,649462.0
2023,Março,Cabo Delgado,Pemba-Metuge,Pagamentos,14891.0,670460.0
2023,Abril,Cabo Delgado,Pemba-Metuge,Pagamentos,15065.0,691966.0
2023,Maio,Cabo Delgado,Pemba-Metuge,Pagamentos,17732.0,792168.0
2023,Junho,Cabo Delgado,Pemba-Metuge,Pagamentos,19792.0,862148.0
2023,Julho,Cabo Delgado,Pemba-Metuge,Pagamentos,22290.0,943048.0
2023,Agosto,Cabo Delgado,Pemba-Metuge,Pagamentos,20228.0,841471.0
2023,Setembro,Cabo Delgado,Pemba-Metuge,Pagamentos,26355.0,1673997.0
2023,Outubro,Cabo Delgado,Pemba-Metuge,Pagamentos,28451.0,1469798.0
2023,Novembro,Cabo Delgado,Pemba-Metuge,Pagamentos,39180.0,1979949.0
2023,Dezembro,Cabo Delgado,Pemba-Metuge,Pagamentos,33347.0,1698378.0
2023,Janeiro,Cabo Delgado,Quissanga,Pagamentos,3219.0,73255.0
2023,Fevereiro,Cabo Delgado,Quissanga,Pagamentos,2783.0,81720.0
2023,Março,Cabo Delgado,Quissanga,Pagamentos,2678.0,113238.0
2023,Abril,Cabo Delgado,Quissanga,Pagamentos,1986.0,62958.0
2023,Maio,Cabo Delgado,Quissanga,Pagamentos,2077.0,77665.0
2023,Junho,Cabo Delgado,Quissanga,Pagamentos,2362.0,66000.0
2023,Julho,Cabo Delgado,Quissanga,Pagamentos,4016.0,128396.0
2023,Agosto,Cabo Delgado,Quissanga,Pagamentos,5391.0,214031.0
2023,Setembro,Cabo Delgado,Quissanga,Pagamentos,6209.0,275916.0
2023,Outubro,Cabo Delgado,Quissanga,Pagamentos,6022.0,291154.0
2023,Novembro,Cabo Delgado,Quissanga,Pagamentos,8143.0,387698.0
2023,Dezembro,Cabo Delgado,Quissanga,Pagamentos,5902.0,212811.0
2023,Janeiro,Niassa,Cidade de Lichinga,Pagamentos,166262.0,8262437.5
2023,Fevereiro,Niassa,Cidade de Lichinga,Pagamentos,150359.0,8020202.96
2023,Março,Niassa,Cidade de Lichinga,Pagamentos,162421.0,9559601.0
2023,Abril,Niassa,Cidade de Lichinga,Pagamentos,171558.0,10108672.43
2023,Maio,Niassa,Cidade de Lichinga,Pagamentos,187478.0,11607617.0
2023,Junho,Niassa,Cidade de Lichinga,Pagamentos,189182.0,11821580.0
2023,Julho,Niassa,Cidade de Lichinga,Pagamentos,217814.0,13678508.45
2023,Agosto,Niassa,Cidade de Lichinga,Pagamentos,200044.0,12260323.32
2023,Setembro,Niassa,Cidade de Lichinga,Pagamentos,244311.0,17337615.3
2023,Outubro,Niassa,Cidade de Lichinga,Pagamentos,259105.0,19274003.33
2023,Novembro,Niassa,Cidade de Lichinga,Pagamentos,327694.0,24721988.08
2023,Dezembro,Niassa,Cidade de Lichinga,Pagamentos,259760.0,19876944.0
2023,Janeiro,Niassa,Cuamba,Pagamentos,65710.0,2948009.0
2023,Fevereiro,Niassa,Cuamba,Pagamentos,56421.0,2827594.0
2023,Março,Niassa,Cuamba,Pagamentos,60896.0,3223798.0
2023,Abril,Niassa,Cuamba,Pagamentos,63256.0,3682213.0
2023,Maio,Niassa,Cuamba,Pagamentos,70565.0,3914652.0
2023,Junho,Niassa,Cuamba,Pagamentos,66943.0,3984518.0
2023,Julho,Niassa,Cuamba,Pagamentos,80746.0,4340348.0
2023,Agosto,Niassa,Cuamba,Pagamentos,78309.0,3950868.5
2023,Setembro,Niassa,Cuamba,Pagamentos,97466.0,5673871.0
2023,Outubro,Niassa,Cuamba,Pagamentos,100838.0,6307360.0
2023,Novembro,Niassa,Cuamba,Pagamentos,121366.0,7709874.0
2023,Dezembro,Niassa,Cuamba,Pagamentos,99752.0,6531352.2
2023,Janeiro,Niassa,Lago,Pagamentos,24343.0,1058637.0
2023,Fevereiro,Niassa,Lago,Pagamentos,19901.0,1046479.0
2023,Março,Niassa,Lago,Pagamentos,21458.0,1213449.0
2023,Abril,Niassa,Lago,Pagamentos,22961.0,1364543.0
2023,Maio,Niassa,Lago,Pagamentos,25025.0,1588488.0
2023,Junho,Niassa,Lago,Pagamentos,24692.0,1680632.0
2023,Julho,Niassa,Lago,Pagamentos,27228.0,1760849.0
2023,Agosto,Niassa,Lago,Pagamentos,24450.0,1416644.0
2023,Setembro,Niassa,Lago,Pagamentos,32544.0,2338770.0
2023,Outubro,Niassa,Lago,Pagamentos,35576.0,2877113.0
2023,Novembro,Niassa,Lago,Pagamentos,42716.0,3225138.0
2023,Dezembro,Niassa,Lago,Pagamentos,32514.0,2404558.0
2023,Janeiro,Niassa,Manjune,Pagamentos,13688.0,610570.0
2023,Fevereiro,Niassa,Manjune,Pagamentos,9005.0,482068.0
2023,Março,Niassa,Manjune,Pagamentos,8655.0,511092.0
2023,Abril,Niassa,Manjune,Pagamentos,8961.0,576388.0
2023,Maio,Niassa,Manjune,Pagamentos,10184.0,686182.0
2023,Junho,Niassa,Manjune,Pagamentos,10651.0,708879.0
2023,Julho,Niassa,Manjune,Pagamentos,11673.0,696834.0
2023,Agosto,Niassa,Manjune,Pagamentos,9067.0,508433.0
2023,Setembro,Niassa,Manjune,Pagamentos,10856.0,828156.0
2023,Outubro,Niassa,Manjune,Pagamentos,11068.0,862125.0
2023,Novembro,Niassa,Manjune,Pagamentos,12972.0,1016586.0
2023,Dezembro,Niassa,Manjune,Pagamentos,10296.0,778648.0
2023,Janeiro,Niassa,Mandimba,Pagamentos,31086.0,1309817.0
2023,Fevereiro,Niassa,Mandimba,Pagamentos,24697.0,1155724.0
2023,Março,Niassa,Mandimba,Pagamentos,26809.0,1385832.0
2023,Abril,Niassa,Mandimba,Pagamentos,28803.0,1559728.0
2023,Maio,Niassa,Mandimba,Pagamentos,31504.0,1661448.0
2023,Junho,Niassa,Mandimba,Pagamentos,34034.0,1727116.0
2023,Julho,Niassa,Mandimba,Pagamentos,38280.0,1894217.0
2023,Agosto,Niassa,Mandimba,Pagamentos,35871.0,1557066.0
2023,Setembro,Niassa,Mandimba,Pagamentos,41151.0,2259010.0
2023,Outubro,Niassa,Mandimba,Pagamentos,42533.0,2439457.0
2023,Novembro,Niassa,Mandimba,Pagamentos,50684.0,2917194.0
2023,Dezembro,Niassa,Mandimba,Pagamentos,39179.0,2222750.0
2023,Janeiro,Niassa,Marrupa,Pagamentos,18725.0,804049.0
2023,Fevereiro,Niassa,Marrupa,Pagamentos,14175.0,752684.0
2023,Março,Niassa,Marrupa,Pagamentos,14206.0,767792.0
2023,Abril,Niassa,Marrupa,Pagamentos,14947.0,881688.0
2023,Maio,Niassa,Marrupa,Pagamentos,15668.0,911371.0
2023,Junho,Niassa,Marrupa,Pagamentos,15699.0,1003277.0
2023,Julho,Niassa,Marrupa,Pagamentos,18842.0,1017072.0
2023,Agosto,Niassa,Marrupa,Pagamentos,16849.0,931903.0
2023,Setembro,Niassa,Marrupa,Pagamentos,20473.0,1395986.0
2023,Outubro,Niassa,Marrupa,Pagamentos,20622.0,1552103.0
2023,Novembro,Niassa,Marrupa,Pagamentos,25616.0,1910922.0
2023,Dezembro,Niassa,Marrupa,Pagamentos,19998.0,1505578.0
2023,Janeiro,Niassa,Maúa,Pagamentos,9181.0,364657.0
2023,Fevereiro,Niassa,Maúa,Pagamentos,6427.0,348676.0
2023,Março,Niassa,Maúa,Pagamentos,6340.0,351941.0
2023,Abril,Niassa,Maúa,Pagamentos,6747.0,339532.0
2023,Maio,Niassa,Maúa,Pagamentos,8170.0,386206.0
2023,Junho,Niassa,Maúa,Pagamentos,8269.0,444746.0
2023,Julho,Niassa,Maúa,Pagamentos,11299.0,472473.0
2023,Agosto,Niassa,Maúa,Pagamentos,10312.0,446153.0
2023,Setembro,Niassa,Maúa,Pagamentos,12410.0,629998.0
2023,Outubro,Niassa,Maúa,Pagamentos,11614.0,639720.0
2023,Novembro,Niassa,Maúa,Pagamentos,13972.0,796824.0
2023,Dezembro,Niassa,Maúa,Pagamentos,11456.0,681601.0
2023,Janeiro,Niassa,Mavago,Pagamentos,7197.0,269513.0
2023,Fevereiro,Niassa,Mavago,Pagamentos,4804.0,225511.0
2023,Março,Niassa,Mavago,Pagamentos,4918.0,229175.0
2023,Abril,Niassa,Mavago,Pagamentos,4410.0,246681.0
2023,Maio,Niassa,Mavago,Pagamentos,4504.0,239750.0
2023,Junho,Niassa,Mavago,Pagamentos,5404.0,281770.0
2023,Julho,Niassa,Mavago,Pagamentos,7440.0,347716.0
2023,Agosto,Niassa,Mavago,Pagamentos,5798.0,291034.0
2023,Setembro,Niassa,Mavago,Pagamentos,6449.0,357270.0
2023,Outubro,Niassa,Mavago,Pagamentos,5850.0,368527.0
2023,Novembro,Niassa,Mavago,Pagamentos,6601.0,403828.0
2023,Dezembro,Niassa,Mavago,Pagamentos,4689.0,300810.0
2023,Janeiro,Niassa,Mecanhelas,Pagamentos,21681.0,935308.0
2023,Fevereiro,Niassa,Mecanhelas,Pagamentos,17754.0,857023.0
2023,Março,Niassa,Mecanhelas,Pagamentos,18058.0,999357.0
2023,Abril,Niassa,Mecanhelas,Pagamentos,21477.0,1429641.0
2023,Maio,Niassa,Mecanhelas,Pagamentos,23844.0,1468750.0
2023,Junho,Niassa,Mecanhelas,Pagamentos,25978.0,1694579.0
2023,Julho,Niassa,Mecanhelas,Pagamentos,30657.0,1826044.0
2023,Agosto,Niassa,Mecanhelas,Pagamentos,27492.0,1458850.0
2023,Setembro,Niassa,Mecanhelas,Pagamentos,32501.0,2264969.0
2023,Outubro,Niassa,Mecanhelas,Pagamentos,34711.0,2593023.0
2023,Novembro,Niassa,Mecanhelas,Pagamentos,40229.0,3011477.0
2023,Dezembro,Niassa,Mecanhelas,Pagamentos,31114.0,2265177.0
2023,Janeiro,Niassa,Mecula,Pagamentos,3205.0,113355.0
2023,Fevereiro,Niassa,Mecula,Pagamentos,2731.0,112377.0
2023,Março,Niassa,Mecula,Pagamentos,2956.0,146657.0
2023,Abril,Niassa,Mecula,Pagamentos,3299.0,197450.0
2023,Maio,Niassa,Mecula,Pagamentos,3863.0,215257.0
2023,Junho,Niassa,Mecula,Pagamentos,3646.0,181117.0
2023,Julho,Niassa,Mecula,Pagamentos,4347.0,197402.0
2023,Agosto,Niassa,Mecula,Pagamentos,4556.0,200352.0
2023,Setembro,Niassa,Mecula,Pagamentos,5081.0,293656.0
2023,Outubro,Niassa,Mecula,Pagamentos,5056.0,317048.0
2023,Novembro,Niassa,Mecula,Pagamentos,6550.0,407421.0
2023,Dezembro,Niassa,Mecula,Pagamentos,4921.0,326286.0
2023,Janeiro,Niassa,Metarica,Pagamentos,8340.0,291978.0
2023,Fevereiro,Niassa,Metarica,Pagamentos,6009.0,234464.0
2023,Março,Niassa,Metarica,Pagamentos,5883.0,263197.0
2023,Abril,Niassa,Metarica,Pagamentos,6419.0,333379.0
2023,Maio,Niassa,Metarica,Pagamentos,7224.0,377951.0
2023,Junho,Niassa,Metarica,Pagamentos,7063.0,363382.0
2023,Julho,Niassa,Metarica,Pagamentos,8656.0,401458.0
2023,Agosto,Niassa,Metarica,Pagamentos,9742.0,381802.0
2023,Setembro,Niassa,Metarica,Pagamentos,10687.0,532414.0
2023,Outubro,Niassa,Metarica,Pagamentos,10762.0,537912.0
2023,Novembro,Niassa,Metarica,Pagamentos,13217.0,699505.0
2023,Dezembro,Niassa,Metarica,Pagamentos,10195.0,552496.0
2023,Janeiro,Niassa,Muembe,Pagamentos,11002.0,475722.0
2023,Fevereiro,Niassa,Muembe,Pagamentos,8057.0,355566.0
2023,Março,Niassa,Muembe,Pagamentos,8367.0,396506.0
2023,Abril,Niassa,Muembe,Pagamentos,8329.0,420085.0
2023,Maio,Niassa,Muembe,Pagamentos,9162.0,496659.0
2023,Junho,Niassa,Muembe,Pagamentos,10233.0,579007.0
2023,Julho,Niassa,Muembe,Pagamentos,11491.0,731251.0
2023,Agosto,Niassa,Muembe,Pagamentos,8497.0,468657.0
2023,Setembro,Niassa,Muembe,Pagamentos,10981.0,742056.0
2023,Outubro,Niassa,Muembe,Pagamentos,11466.0,880876.0
2023,Novembro,Niassa,Muembe,Pagamentos,15011.0,1043743.0
2023,Dezembro,Niassa,Muembe,Pagamentos,11740.0,690937.0
2023,Janeiro,Niassa,N´gauma,Pagamentos,8328.0,428678.0
2023,Fevereiro,Niassa,N´gauma,Pagamentos,6869.0,321276.0
2023,Março,Niassa,N´gauma,Pagamentos,7378.0,363164.0
2023,Abril,Niassa,N´gauma,Pagamentos,7428.0,452348.0
2023,Maio,Niassa,N´gauma,Pagamentos,8607.0,509058.0
2023,Junho,Niassa,N´gauma,Pagamentos,8952.0,561358.0
2023,Julho,Niassa,N´gauma,Pagamentos,10346.0,637464.0
2023,Agosto,Niassa,N´gauma,Pagamentos,9495.0,495285.0
2023,Setembro,Niassa,N´gauma,Pagamentos,11357.0,749521.0
2023,Outubro,Niassa,N´gauma,Pagamentos,11483.0,795752.0
2023,Novembro,Niassa,N´gauma,Pagamentos,14220.0,999372.0
2023,Dezembro,Niassa,N´gauma,Pagamentos,10696.0,690149.0
2023,Janeiro,Niassa,Nipepe,Pagamentos,6443.0,321484.0
2023,Fevereiro,Niassa,Nipepe,Pagamentos,5039.0,258454.0
2023,Março,Niassa,Nipepe,Pagamentos,4812.0,264608.0
2023,Abril,Niassa,Nipepe,Pagamentos,4911.0,305782.0
2023,Maio,Niassa,Nipepe,Pagamentos,5921.0,364074.0
2023,Junho,Niassa,Nipepe,Pagamentos,6185.0,344631.0
2023,Julho,Niassa,Nipepe,Pagamentos,7375.0,373450.0
2023,Agosto,Niassa,Nipepe,Pagamentos,6954.0,302817.0
2023,Setembro,Niassa,Nipepe,Pagamentos,7545.0,437957.0
2023,Outubro,Niassa,Nipepe,Pagamentos,7411.0,477026.0
2023,Novembro,Niassa,Nipepe,Pagamentos,8427.0,521403.0
2023,Dezembro,Niassa,Nipepe,Pagamentos,6599.0,451537.0
2023,Janeiro,Niassa,Sanga,Pagamentos,13804.0,607479.0
2023,Fevereiro,Niassa,Sanga,Pagamentos,11308.0,559230.0
2023,Março,Niassa,Sanga,Pagamentos,11261.0,560126.0
2023,Abril,Niassa,Sanga,Pagamentos,11761.0,682765.0
2023,Maio,Niassa,Sanga,Pagamentos,13652.0,1048745.0
2023,Junho,Niassa,Sanga,Pagamentos,14593.0,1044720.0
2023,Julho,Niassa,Sanga,Pagamentos,16188.0,1179645.0
2023,Agosto,Niassa,Sanga,Pagamentos,13253.0,862115.0
2023,Setembro,Niassa,Sanga,Pagamentos,17688.0,1501570.0
2023,Outubro,Niassa,Sanga,Pagamentos,18088.0,1762916.0
2023,Novembro,Niassa,Sanga,Pagamentos,22606.0,2035051.0
2023,Dezembro,Niassa,Sanga,Pagamentos,16937.0,1338856.0
2023,Janeiro,Niassa,Chimbunhila,Pagamentos,6980.0,299990.0
2023,Fevereiro,Niassa,Chimbunhila,Pagamentos,5963.0,308723.0
2023,Março,Niassa,Chimbunhila,Pagamentos,6461.0,328921.0
2023,Abril,Niassa,Chimbunhila,Pagamentos,7074.0,475513.0
2023,Maio,Niassa,Chimbunhila,Pagamentos,7394.0,509951.0
2023,Junho,Niassa,Chimbunhila,Pagamentos,8544.0,515562.0
2023,Julho,Niassa,Chimbunhila,Pagamentos,9570.0,601256.0
2023,Agosto,Niassa,Chimbunhila,Pagamentos,7684.0,409944.0
2023,Setembro,Niassa,Chimbunhila,Pagamentos,9856.0,819287.0
2023,Outubro,Niassa,Chimbunhila,Pagamentos,10433.0,979979.0
2023,Novembro,Niassa,Chimbunhila,Pagamentos,12623.0,1086187.0
2023,Dezembro,Niassa,Chimbunhila,Pagamentos,10121.0,749526.0
2025,Janeiro,Província de Maputo,Cidade de Maputo,Depósitos,6501765.0,7810913383.76
2025,Fevereiro,Província de Maputo,Cidade de Maputo,Depósitos,6681421.0,8312249340.12
2025,Março,Província de Maputo,Cidade de Maputo,Depósitos,8555808.0,12419584572.52
2025,Abril,Província de Maputo,Cidade de Maputo,Depósitos,8352147.0,12040150253.54
2025,Maio,Província de Maputo,Cidade de Maputo,Depósitos,9509914.0,13032349799.68
2025,Junho,Província de Maputo,Cidade de Maputo,Depósitos,9175857.0,11961035868.6
2025,Julho,Província de Maputo,Cidade de Maputo,Depósitos,9794612.0,13306011852.7
2025,Agosto,Província de Maputo,Cidade de Maputo,Depósitos,9633093.0,12884788685.18
2025,Setembro,Província de Maputo,Cidade de Maputo,Depósitos,8295083.0,11384092926.99
2025,Outubro,Província de Maputo,Cidade de Maputo,Depósitos,9232139.0,12550761154.1
2025,Novembro,Província de Maputo,Cidade de Maputo,Depósitos,8964962.0,12548936165.45
2025,Dezembro,Província de Maputo,Cidade de Maputo,Depósitos,9686830.0,15254394045.35
2025,Janeiro,Província de Maputo,Cidade da Matola,Depósitos,5961015.0,5848624501.51
2025,Fevereiro,Província de Maputo,Cidade da Matola,Depósitos,6693701.0,7286871724.64
2025,Março,Província de Maputo,Cidade da Matola,Depósitos,7321668.0,7328956527.87
2025,Abril,Província de Maputo,Cidade da Matola,Depósitos,6998636.0,6938202691.62
2025,Maio,Província de Maputo,Cidade da Matola,Depósitos,7522270.0,7635115580.99
2025,Junho,Província de Maputo,Cidade da Matola,Depósitos,7318277.0,7330489798.190001
2025,Julho,Província de Maputo,Cidade da Matola,Depósitos,7601139.0,7881084813.99
2025,Agosto,Província de Maputo,Cidade da Matola,Depósitos,7531638.0,7994202101.49
2025,Setembro,Província de Maputo,Cidade da Matola,Depósitos,7293426.0,7783051368.74
2025,Outubro,Província de Maputo,Cidade da Matola,Depósitos,3449093.0,4332163705.5
2025,Novembro,Província de Maputo,Cidade da Matola,Depósitos,7828992.0,8154091713.33
2025,Dezembro,Província de Maputo,Cidade da Matola,Depósitos,8218241.0,9531941075.83
2025,Janeiro,Província de Maputo,Boane,Depósitos,1078593.0,1090792661.97
2025,Fevereiro,Província de Maputo,Boane,Depósitos,1174711.0,1260841449.7
2025,Março,Província de Maputo,Boane,Depósitos,1338395.0,1390920621.4299998
2025,Abril,Província de Maputo,Boane,Depósitos,1269563.0,1393316285.99
2025,Maio,Província de Maputo,Boane,Depósitos,1353183.0,1428386658.92
2025,Junho,Província de Maputo,Boane,Depósitos,1315991.0,1337652926.14
2025,Julho,Província de Maputo,Boane,Depósitos,1369138.0,1437444236.86
2025,Agosto,Província de Maputo,Boane,Depósitos,1374700.0,1406404902.38
2025,Setembro,Província de Maputo,Boane,Depósitos,1338937.0,1405644895.03
2025,Outubro,Província de Maputo,Boane,Depósitos,1583702.0,1672000100.16
2025,Novembro,Província de Maputo,Boane,Depósitos,1633630.0,1686737442.14
2025,Dezembro,Província de Maputo,Boane,Depósitos,1791130.0,2106942098.59
2025,Janeiro,Província de Maputo,Magude,Depósitos,101461.0,83993064.68
2025,Fevereiro,Província de Maputo,Magude,Depósitos,104980.0,89052850.61
2025,Março,Província de Maputo,Magude,Depósitos,126392.0,97123119.72
2025,Abril,Província de Maputo,Magude,Depósitos,124400.0,102720574.92
2025,Maio,Província de Maputo,Magude,Depósitos,122954.0,94657022.42
2025,Junho,Província de Maputo,Magude,Depósitos,123157.0,94699778.15
2025,Julho,Província de Maputo,Magude,Depósitos,129902.0,104759083.08
2025,Agosto,Província de Maputo,Magude,Depósitos,126748.0,96812042.16
2025,Setembro,Província de Maputo,Magude,Depósitos,127917.0,107088554.62
2025,Outubro,Província de Maputo,Magude,Depósitos,145332.0,126333398.73
2025,Novembro,Província de Maputo,Magude,Depósitos,144769.0,122466985.47
2025,Dezembro,Província de Maputo,Magude,Depósitos,149134.0,148388293.56
2025,Janeiro,Província de Maputo,Manhiça,Depósitos,554778.0,347222582.41999996
2025,Fevereiro,Província de Maputo,Manhiça,Depósitos,550217.0,377347487.02
2025,Março,Província de Maputo,Manhiça,Depósitos,625158.0,418323414.07
2025,Abril,Província de Maputo,Manhiça,Depósitos,628806.0,437060354.8
2025,Maio,Província de Maputo,Manhiça,Depósitos,690220.0,502845950.44
2025,Junho,Província de Maputo,Manhiça,Depósitos,672528.0,525868931.34
2025,Julho,Província de Maputo,Manhiça,Depósitos,713353.0,567724753.86
2025,Agosto,Província de Maputo,Manhiça,Depósitos,728308.0,586123085.26
2025,Setembro,Província de Maputo,Manhiça,Depósitos,684191.0,584512574.3199999
2025,Outubro,Província de Maputo,Manhiça,Depósitos,744543.0,623795581.27
2025,Novembro,Província de Maputo,Manhiça,Depósitos,754409.0,621037769.14
2025,Dezembro,Província de Maputo,Manhiça,Depósitos,831827.0,767799894.29
2025,Janeiro,Província de Maputo,Marracuene,Depósitos,1490592.0,2059475405.79
2025,Fevereiro,Província de Maputo,Marracuene,Depósitos,1550040.0,2360828692.1400003
2025,Março,Província de Maputo,Marracuene,Depósitos,1723342.0,2542699868.05
2025,Abril,Província de Maputo,Marracuene,Depósitos,1615182.0,1989995392.88
2025,Maio,Província de Maputo,Marracuene,Depósitos,1640433.0,1679195063.24
2025,Junho,Província de Maputo,Marracuene,Depósitos,1613506.0,1636356183.02
2025,Julho,Província de Maputo,Marracuene,Depósitos,1674858.0,1671977326.8
2025,Agosto,Província de Maputo,Marracuene,Depósitos,1701888.0,1728421627.81
2025,Setembro,Província de Maputo,Marracuene,Depósitos,1784511.0,1960349921.41
2025,Outubro,Província de Maputo,Marracuene,Depósitos,1965979.0,2127526171.65
2025,Novembro,Província de Maputo,Marracuene,Depósitos,1955241.0,2134581801.35
2025,Dezembro,Província de Maputo,Marracuene,Depósitos,2025677.0,2470994785.75
2025,Janeiro,Província de Maputo,Matutuíne,Depósitos,194378.0,176722056.48000002
2025,Fevereiro,Província de Maputo,Matutuíne,Depósitos,190977.0,170147486.56
2025,Março,Província de Maputo,Matutuíne,Depósitos,210794.0,180016213.73000002
2025,Abril,Província de Maputo,Matutuíne,Depósitos,199339.0,171038771.4
2025,Maio,Província de Maputo,Matutuíne,Depósitos,199059.0,164916517.26999998
2025,Junho,Província de Maputo,Matutuíne,Depósitos,193503.0,159893658.76
2025,Julho,Província de Maputo,Matutuíne,Depósitos,206359.0,180972795.16
2025,Agosto,Província de Maputo,Matutuíne,Depósitos,209473.0,179338447.35
2025,Setembro,Província de Maputo,Matutuíne,Depósitos,217649.0,197836319.44
2025,Outubro,Província de Maputo,Matutuíne,Depósitos,251247.0,246125672.08
2025,Novembro,Província de Maputo,Matutuíne,Depósitos,270834.0,288437144.33000004
2025,Dezembro,Província de Maputo,Matutuíne,Depósitos,306211.0,394412436.63
2025,Janeiro,Província de Maputo,Namaacha,Depósitos,91122.0,93399978.8
2025,Fevereiro,Província de Maputo,Namaacha,Depósitos,94200.0,117909635.98
2025,Março,Província de Maputo,Namaacha,Depósitos,108336.0,128224668.73
2025,Abril,Província de Maputo,Namaacha,Depósitos,104303.0,125505585.1
2025,Maio,Província de Maputo,Namaacha,Depósitos,111358.0,142467316.11
2025,Junho,Província de Maputo,Namaacha,Depósitos,115266.0,130869121.61
2025,Julho,Província de Maputo,Namaacha,Depósitos,128488.0,142713310.18
2025,Agosto,Província de Maputo,Namaacha,Depósitos,128531.0,143222745.45
2025,Setembro,Província de Maputo,Namaacha,Depósitos,123102.0,142873259.45
2025,Outubro,Província de Maputo,Namaacha,Depósitos,137761.0,156579995.03
2025,Novembro,Província de Maputo,Namaacha,Depósitos,129061.0,154383808.84
2025,Dezembro,Província de Maputo,Namaacha,Depósitos,136430.0,157963105.76
2025,Janeiro,Província de Maputo,Moamba,Depósitos,385071.0,679964426.48
2025,Fevereiro,Província de Maputo,Moamba,Depósitos,420441.0,881516161.23
2025,Março,Província de Maputo,Moamba,Depósitos,490604.0,1127341827.99
2025,Abril,Província de Maputo,Moamba,Depósitos,478430.0,1066580153.57
2025,Maio,Província de Maputo,Moamba,Depósitos,487454.0,794847655.25
2025,Junho,Província de Maputo,Moamba,Depósitos,470954.0,682866129.88
2025,Julho,Província de Maputo,Moamba,Depósitos,234625.0,508076604.18
2025,Agosto,Província de Maputo,Moamba,Depósitos,505574.0,814831305.97
2025,Setembro,Província de Maputo,Moamba,Depósitos,506807.0,749305193.49
2025,Outubro,Província de Maputo,Moamba,Depósitos,565101.0,772495649.85
2025,Novembro,Província de Maputo,Moamba,Depósitos,552086.0,804175083.9300001
2025,Dezembro,Província de Maputo,Moamba,Depósitos,582373.0,873763671.35
2025,Janeiro,Gaza,Cidade de Xai-Xai,Depósitos,844894.0,709035519.1800001
2025,Fevereiro,Gaza,Cidade de Xai-Xai,Depósitos,852948.0,784395267.27
2025,Março,Gaza,Cidade de Xai-Xai,Depósitos,959260.0,1042369909.89
2025,Abril,Gaza,Cidade de Xai-Xai,Depósitos,938036.0,1123133305.62
2025,Maio,Gaza,Cidade de Xai-Xai,Depósitos,1055239.0,871411589.55
2025,Junho,Gaza,Cidade de Xai-Xai,Depósitos,1013802.0,826370849.0
2025,Julho,Gaza,Cidade de Xai-Xai,Depósitos,1072811.0,894394144.24
2025,Agosto,Gaza,Cidade de Xai-Xai,Depósitos,1056059.0,841746993.48
2025,Setembro,Gaza,Cidade de Xai-Xai,Depósitos,940342.0,784111788.66
2025,Outubro,Gaza,Cidade de Xai-Xai,Depósitos,1038373.0,873899601.05
2025,Novembro,Gaza,Cidade de Xai-Xai,Depósitos,1031527.0,875986818.6
2025,Dezembro,Gaza,Cidade de Xai-Xai,Depósitos,1103534.0,1114834196.49
2025,Janeiro,Gaza,Bilene-Macia,Depósitos,490608.0,396355000.92
2025,Fevereiro,Gaza,Bilene-Macia,Depósitos,475556.0,414573517.61
2025,Março,Gaza,Bilene-Macia,Depósitos,549400.0,494792986.75
2025,Abril,Gaza,Bilene-Macia,Depósitos,545374.0,501227096.78
2025,Maio,Gaza,Bilene-Macia,Depósitos,575674.0,498007983.55
2025,Junho,Gaza,Bilene-Macia,Depósitos,579114.0,504210033.63
2025,Julho,Gaza,Bilene-Macia,Depósitos,615906.0,535065965.96
2025,Agosto,Gaza,Bilene-Macia,Depósitos,613134.0,565297942.75
2025,Setembro,Gaza,Bilene-Macia,Depósitos,587908.0,539763766.61
2025,Outubro,Gaza,Bilene-Macia,Depósitos,649083.0,648609955.06
2025,Novembro,Gaza,Bilene-Macia,Depósitos,639175.0,620881314.06
2025,Dezembro,Gaza,Bilene-Macia,Depósitos,707389.0,800566044.64
2025,Janeiro,Gaza,Chibuto,Depósitos,374610.0,252680646.44
2025,Fevereiro,Gaza,Chibuto,Depósitos,362150.0,267288820.73
2025,Março,Gaza,Chibuto,Depósitos,405003.0,307766445.87
2025,Abril,Gaza,Chibuto,Depósitos,417818.0,290999121.06
2025,Maio,Gaza,Chibuto,Depósitos,460965.0,318215090.66999996
2025,Junho,Gaza,Chibuto,Depósitos,456788.0,324851484.90999997
2025,Julho,Gaza,Chibuto,Depósitos,478340.0,340697720.11
2025,Agosto,Gaza,Chibuto,Depósitos,489602.0,367836525.82
2025,Setembro,Gaza,Chibuto,Depósitos,472323.0,326554767.82
2025,Outubro,Gaza,Chibuto,Depósitos,535829.0,409821743.16
2025,Novembro,Gaza,Chibuto,Depósitos,488743.0,361718988.14
2025,Dezembro,Gaza,Chibuto,Depósitos,570584.0,620379347.19
2025,Janeiro,Gaza,Chicualacuala,Depósitos,55351.0,39291862.85
2025,Fevereiro,Gaza,Chicualacuala,Depósitos,56463.0,40115470.17
2025,Março,Gaza,Chicualacuala,Depósitos,68483.0,50268814.3
2025,Abril,Gaza,Chicualacuala,Depósitos,65927.0,44377438.7
2025,Maio,Gaza,Chicualacuala,Depósitos,70228.0,48297301.22
2025,Junho,Gaza,Chicualacuala,Depósitos,69413.0,47131770.25
2025,Julho,Gaza,Chicualacuala,Depósitos,74117.0,53254717.63
2025,Agosto,Gaza,Chicualacuala,Depósitos,67806.0,43408083.94
2025,Setembro,Gaza,Chicualacuala,Depósitos,64623.0,40801321.76
2025,Outubro,Gaza,Chicualacuala,Depósitos,73697.0,49727706.34
2025,Novembro,Gaza,Chicualacuala,Depósitos,72608.0,52374568.52
2025,Dezembro,Gaza,Chicualacuala,Depósitos,77257.0,67098113.93
2025,Janeiro,Gaza,Chigubo,Depósitos,18484.0,16080269.0
2025,Fevereiro,Gaza,Chigubo,Depósitos,20272.0,20175844.13
2025,Março,Gaza,Chigubo,Depósitos,27030.0,25234154.17
2025,Abril,Gaza,Chigubo,Depósitos,26445.0,22591853.61
2025,Maio,Gaza,Chigubo,Depósitos,26119.0,19042233.09
2025,Junho,Gaza,Chigubo,Depósitos,27352.0,20026115.5
2025,Julho,Gaza,Chigubo,Depósitos,29463.0,21023410.86
2025,Agosto,Gaza,Chigubo,Depósitos,62613.0,43158418.21
2025,Setembro,Gaza,Chigubo,Depósitos,56015.0,41368282.54
2025,Outubro,Gaza,Chigubo,Depósitos,82465.0,61077208.96
2025,Novembro,Gaza,Chigubo,Depósitos,77163.0,57142996.52
2025,Dezembro,Gaza,Chigubo,Depósitos,81589.0,70678048.22
2025,Janeiro,Gaza,Chókwè,Depósitos,594988.0,388002973.33
2025,Fevereiro,Gaza,Chókwè,Depósitos,564908.0,414679453.85
2025,Março,Gaza,Chókwè,Depósitos,644512.0,447366740.21
2025,Abril,Gaza,Chókwè,Depósitos,654837.0,441992358.34
2025,Maio,Gaza,Chókwè,Depósitos,715146.0,480630498.52
2025,Junho,Gaza,Chókwè,Depósitos,721745.0,486221995.36
2025,Julho,Gaza,Chókwè,Depósitos,742681.0,508222174.21
2025,Agosto,Gaza,Chókwè,Depósitos,731016.0,486939128.17
2025,Setembro,Gaza,Chókwè,Depósitos,684595.0,477180698.01
2025,Outubro,Gaza,Chókwè,Depósitos,746624.0,524493140.68
2025,Novembro,Gaza,Chókwè,Depósitos,735127.0,508359809.31
2025,Dezembro,Gaza,Chókwè,Depósitos,799167.0,639695198.74
2025,Janeiro,Gaza,Guijá,Depósitos,114831.0,72016179.22999999
2025,Fevereiro,Gaza,Guijá,Depósitos,118141.0,85016811.07
2025,Março,Gaza,Guijá,Depósitos,139881.0,93988438.48
2025,Abril,Gaza,Guijá,Depósitos,146368.0,98702202.74
2025,Maio,Gaza,Guijá,Depósitos,157622.0,103389860.74
2025,Junho,Gaza,Guijá,Depósitos,154977.0,102032173.18
2025,Julho,Gaza,Guijá,Depósitos,161364.0,110529872.48
2025,Agosto,Gaza,Guijá,Depósitos,163587.0,104072494.95
2025,Setembro,Gaza,Guijá,Depósitos,164127.0,104801482.82
2025,Outubro,Gaza,Guijá,Depósitos,185408.0,121423614.73
2025,Novembro,Gaza,Guijá,Depósitos,181116.0,113010223.22
2025,Dezembro,Gaza,Guijá,Depósitos,199587.0,151937964.49
2025,Janeiro,Gaza,Mabalane,Depósitos,60575.0,38158346.0
2025,Fevereiro,Gaza,Mabalane,Depósitos,64839.0,47510293.1
2025,Março,Gaza,Mabalane,Depósitos,74738.0,54360527.69
2025,Abril,Gaza,Mabalane,Depósitos,74090.0,54005044.72
2025,Maio,Gaza,Mabalane,Depósitos,79527.0,54952243.74
2025,Junho,Gaza,Mabalane,Depósitos,78878.0,51989346.51
2025,Julho,Gaza,Mabalane,Depósitos,85215.0,60274400.08
2025,Agosto,Gaza,Mabalane,Depósitos,83164.0,50581177.26
2025,Setembro,Gaza,Mabalane,Depósitos,81077.0,53617322.14
2025,Outubro,Gaza,Mabalane,Depósitos,92069.0,65695754.49
2025,Novembro,Gaza,Mabalane,Depósitos,90651.0,57893838.66
2025,Dezembro,Gaza,Mabalane,Depósitos,94530.0,81221449.79
2025,Janeiro,Gaza,Manjacaze,Depósitos,279680.0,166265284.26
2025,Fevereiro,Gaza,Manjacaze,Depósitos,258734.0,165681507.35
2025,Março,Gaza,Manjacaze,Depósitos,287734.0,179289663.95999998
2025,Abril,Gaza,Manjacaze,Depósitos,283436.0,238447157.95
2025,Maio,Gaza,Manjacaze,Depósitos,293232.0,181179365.15
2025,Junho,Gaza,Manjacaze,Depósitos,293574.0,189818979.96
2025,Julho,Gaza,Manjacaze,Depósitos,313166.0,201603800.74
2025,Agosto,Gaza,Manjacaze,Depósitos,308821.0,190283690.23
2025,Setembro,Gaza,Manjacaze,Depósitos,300807.0,189216218.49
2025,Outubro,Gaza,Manjacaze,Depósitos,339406.0,213821448.98
2025,Novembro,Gaza,Manjacaze,Depósitos,357016.0,218867039.25
2025,Dezembro,Gaza,Manjacaze,Depósitos,402376.0,296266373.98
2025,Janeiro,Gaza,Massangena,Depósitos,26267.0,21604233.52
2025,Fevereiro,Gaza,Massangena,Depósitos,27147.0,29680573.12
2025,Março,Gaza,Massangena,Depósitos,30438.0,34170713.91
2025,Abril,Gaza,Massangena,Depósitos,35040.0,31421868.06
2025,Maio,Gaza,Massangena,Depósitos,39255.0,35846099.23
2025,Junho,Gaza,Massangena,Depósitos,41674.0,35924629.24
2025,Julho,Gaza,Massangena,Depósitos,44706.0,38589473.74
2025,Agosto,Gaza,Massangena,Depósitos,42720.0,36169421.48
2025,Setembro,Gaza,Massangena,Depósitos,43787.0,38716086.56
2025,Outubro,Gaza,Massangena,Depósitos,48267.0,44962464.72
2025,Novembro,Gaza,Massangena,Depósitos,48356.0,44053312.86
2025,Dezembro,Gaza,Massangena,Depósitos,50682.0,56324864.14
2025,Janeiro,Gaza,Massingir,Depósitos,52201.0,44491237.37
2025,Fevereiro,Gaza,Massingir,Depósitos,54350.0,56548743.07
2025,Março,Gaza,Massingir,Depósitos,59948.0,61912723.86
2025,Abril,Gaza,Massingir,Depósitos,55237.0,55605502.33
2025,Maio,Gaza,Massingir,Depósitos,50961.0,49574457.95
2025,Junho,Gaza,Massingir,Depósitos,50168.0,46374756.42
2025,Julho,Gaza,Massingir,Depósitos,51832.0,46040964.56
2025,Agosto,Gaza,Massingir,Depósitos,51393.0,44037911.38
2025,Setembro,Gaza,Massingir,Depósitos,51065.0,42666534.51
2025,Outubro,Gaza,Massingir,Depósitos,61749.0,55771452.6
2025,Novembro,Gaza,Massingir,Depósitos,60072.0,53916321.39
2025,Dezembro,Gaza,Massingir,Depósitos,64968.0,70274564.03
2025,Janeiro,Gaza,Chonguene,Depósitos,277422.0,193516589.56
2025,Fevereiro,Gaza,Chonguene,Depósitos,277706.0,210983730.76
2025,Março,Gaza,Chonguene,Depósitos,321832.0,247514398.58
2025,Abril,Gaza,Chonguene,Depósitos,308527.0,253385220.05
2025,Maio,Gaza,Chonguene,Depósitos,316737.0,223802708.58
2025,Junho,Gaza,Chonguene,Depósitos,319615.0,234543180.71
2025,Julho,Gaza,Chonguene,Depósitos,322748.0,247597960.07
2025,Agosto,Gaza,Chonguene,Depósitos,330387.0,233718878.94
2025,Setembro,Gaza,Chonguene,Depósitos,342994.0,253583404.67
2025,Outubro,Gaza,Chonguene,Depósitos,401832.0,317683839.02
2025,Novembro,Gaza,Chonguene,Depósitos,379966.0,294058081.95
2025,Dezembro,Gaza,Chonguene,Depósitos,435279.0,391914798.21
2025,Janeiro,Gaza,Mapai,Depósitos,75598.0,43559630.42
2025,Fevereiro,Gaza,Mapai,Depósitos,75014.0,49976077.85
2025,Março,Gaza,Mapai,Depósitos,93359.0,58870743.23
2025,Abril,Gaza,Mapai,Depósitos,91345.0,53031940.6
2025,Maio,Gaza,Mapai,Depósitos,93618.0,55948436.96
2025,Junho,Gaza,Mapai,Depósitos,95207.0,54354819.99
2025,Julho,Gaza,Mapai,Depósitos,104937.0,58918240.97
2025,Agosto,Gaza,Mapai,Depósitos,103154.0,61170385.24
2025,Setembro,Gaza,Mapai,Depósitos,101821.0,54967708.65
2025,Outubro,Gaza,Mapai,Depósitos,116133.0,72101642.74000001
2025,Novembro,Gaza,Mapai,Depósitos,114976.0,66302458.86
2025,Dezembro,Gaza,Mapai,Depósitos,125202.0,95010117.47
2025,Janeiro,Gaza,Limpopo,Depósitos,241710.0,120027747.32
2025,Fevereiro,Gaza,Limpopo,Depósitos,218807.0,119386873.31
2025,Março,Gaza,Limpopo,Depósitos,249121.0,156684602.62
2025,Abril,Gaza,Limpopo,Depósitos,240452.0,149808563.56
2025,Maio,Gaza,Limpopo,Depósitos,234056.0,126574118.82
2025,Junho,Gaza,Limpopo,Depósitos,241217.0,135431717.99
2025,Julho,Gaza,Limpopo,Depósitos,251150.0,143856503.49
2025,Agosto,Gaza,Limpopo,Depósitos,245227.0,137559856.17000002
2025,Setembro,Gaza,Limpopo,Depósitos,248516.0,140269611.55
2025,Outubro,Gaza,Limpopo,Depósitos,283142.0,173660807.69
2025,Novembro,Gaza,Limpopo,Depósitos,272960.0,171461517.15
2025,Dezembro,Gaza,Limpopo,Depósitos,315047.0,242156587.47
2025,Janeiro,Inhambane,Cidade de Inhambane,Depósitos,400803.0,298250269.78999996
2025,Fevereiro,Inhambane,Cidade de Inhambane,Depósitos,394240.0,309193545.95
2025,Março,Inhambane,Cidade de Inhambane,Depósitos,439387.0,319327418.36
2025,Abril,Inhambane,Cidade de Inhambane,Depósitos,433390.0,318879004.66999996
2025,Maio,Inhambane,Cidade de Inhambane,Depósitos,472048.0,360795998.21
2025,Junho,Inhambane,Cidade de Inhambane,Depósitos,470941.0,361718281.93
2025,Julho,Inhambane,Cidade de Inhambane,Depósitos,505247.0,378074794.25
2025,Agosto,Inhambane,Cidade de Inhambane,Depósitos,495535.0,345258493.08
2025,Setembro,Inhambane,Cidade de Inhambane,Depósitos,470569.0,354579661.37
2025,Outubro,Inhambane,Cidade de Inhambane,Depósitos,526459.0,408778229.79
2025,Novembro,Inhambane,Cidade de Inhambane,Depósitos,517382.0,402703983.06
2025,Dezembro,Inhambane,Cidade de Inhambane,Depósitos,564860.0,508261432.31
2025,Janeiro,Inhambane,Cidade de Maxixe,Depósitos,555992.0,464798646.57
2025,Fevereiro,Inhambane,Cidade de Maxixe,Depósitos,543525.0,482689760.75
2025,Março,Inhambane,Cidade de Maxixe,Depósitos,612987.0,532835211.07
2025,Abril,Inhambane,Cidade de Maxixe,Depósitos,602604.0,544103916.2
2025,Maio,Inhambane,Cidade de Maxixe,Depósitos,646534.0,573096831.5899999
2025,Junho,Inhambane,Cidade de Maxixe,Depósitos,632444.0,539387531.1600001
2025,Julho,Inhambane,Cidade de Maxixe,Depósitos,671227.0,580717090.62
2025,Agosto,Inhambane,Cidade de Maxixe,Depósitos,669313.0,570428913.02
2025,Setembro,Inhambane,Cidade de Maxixe,Depósitos,633789.0,539695833.79
2025,Outubro,Inhambane,Cidade de Maxixe,Depósitos,701075.0,638556896.6800001
2025,Novembro,Inhambane,Cidade de Maxixe,Depósitos,692448.0,590232046.3399999
2025,Dezembro,Inhambane,Cidade de Maxixe,Depósitos,746302.0,775189040.1
2025,Janeiro,Inhambane,Funhaloro,Depósitos,58926.0,36735159.83
2025,Fevereiro,Inhambane,Funhaloro,Depósitos,55725.0,40254102.59
2025,Março,Inhambane,Funhaloro,Depósitos,64502.0,45106595.78
2025,Abril,Inhambane,Funhaloro,Depósitos,61612.0,43313728.72
2025,Maio,Inhambane,Funhaloro,Depósitos,62298.0,41923217.4
2025,Junho,Inhambane,Funhaloro,Depósitos,61343.0,40046281.98
2025,Julho,Inhambane,Funhaloro,Depósitos,64437.0,40117895.59
2025,Agosto,Inhambane,Funhaloro,Depósitos,66533.0,42606547.32
2025,Setembro,Inhambane,Funhaloro,Depósitos,67997.0,49510912.57
2025,Outubro,Inhambane,Funhaloro,Depósitos,81104.0,56381785.89
2025,Novembro,Inhambane,Funhaloro,Depósitos,83026.0,53193960.64
2025,Dezembro,Inhambane,Funhaloro,Depósitos,95719.0,80927727.15
2025,Janeiro,Inhambane,Govuro,Depósitos,95651.0,64300700.99
2025,Fevereiro,Inhambane,Govuro,Depósitos,95909.0,70676191.42
2025,Março,Inhambane,Govuro,Depósitos,109570.0,80421789.13
2025,Abril,Inhambane,Govuro,Depósitos,107846.0,80013240.25999999
2025,Maio,Inhambane,Govuro,Depósitos,129933.0,96641848.35
2025,Junho,Inhambane,Govuro,Depósitos,129211.0,95986126.48
2025,Julho,Inhambane,Govuro,Depósitos,139619.0,102129733.36
2025,Agosto,Inhambane,Govuro,Depósitos,143083.0,94984893.42
2025,Setembro,Inhambane,Govuro,Depósitos,135007.0,89980053.7
2025,Outubro,Inhambane,Govuro,Depósitos,151152.0,104515989.05
2025,Novembro,Inhambane,Govuro,Depósitos,147969.0,99978525.1
2025,Dezembro,Inhambane,Govuro,Depósitos,164503.0,126963861.79
2025,Janeiro,Inhambane,Homoine,Depósitos,138931.0,80092243.25
2025,Fevereiro,Inhambane,Homoine,Depósitos,131345.0,82303678.0
2025,Março,Inhambane,Homoine,Depósitos,150891.0,98815109.41
2025,Abril,Inhambane,Homoine,Depósitos,149180.0,94585244.78
2025,Maio,Inhambane,Homoine,Depósitos,158409.0,98472432.05
2025,Junho,Inhambane,Homoine,Depósitos,168493.0,111370364.55
2025,Julho,Inhambane,Homoine,Depósitos,179490.0,123024365.76
2025,Agosto,Inhambane,Homoine,Depósitos,180154.0,113587551.52
2025,Setembro,Inhambane,Homoine,Depósitos,174776.0,108676721.38
2025,Outubro,Inhambane,Homoine,Depósitos,198563.0,125024496.83
2025,Novembro,Inhambane,Homoine,Depósitos,192519.0,113739327.58
2025,Dezembro,Inhambane,Homoine,Depósitos,221417.0,162170707.42000002
2025,Janeiro,Inhambane,Inharrime,Depósitos,171652.0,144516027.48000002
2025,Fevereiro,Inhambane,Inharrime,Depósitos,161050.0,145963861.76999998
2025,Março,Inhambane,Inharrime,Depósitos,178564.0,181184450.04
2025,Abril,Inhambane,Inharrime,Depósitos,179016.0,199963624.39
2025,Maio,Inhambane,Inharrime,Depósitos,196971.0,178983900.17000002
2025,Junho,Inhambane,Inharrime,Depósitos,197775.0,173053944.23000002
2025,Julho,Inhambane,Inharrime,Depósitos,210607.0,185119176.68
2025,Agosto,Inhambane,Inharrime,Depósitos,206003.0,186395795.07
2025,Setembro,Inhambane,Inharrime,Depósitos,194498.0,180429211.4
2025,Outubro,Inhambane,Inharrime,Depósitos,222400.0,209859518.37
2025,Novembro,Inhambane,Inharrime,Depósitos,218182.0,202564396.13
2025,Dezembro,Inhambane,Inharrime,Depósitos,254393.0,334263934.65
2025,Janeiro,Inhambane,Inhassoro,Depósitos,186606.0,114168986.21
2025,Fevereiro,Inhambane,Inhassoro,Depósitos,193661.0,121911388.98
2025,Março,Inhambane,Inhassoro,Depósitos,230439.0,156361291.32999998
2025,Abril,Inhambane,Inhassoro,Depósitos,223673.0,154867375.23000002
2025,Maio,Inhambane,Inhassoro,Depósitos,233296.0,162620263.16
2025,Junho,Inhambane,Inhassoro,Depósitos,229723.0,156504578.88
2025,Julho,Inhambane,Inhassoro,Depósitos,245813.0,160164769.36
2025,Agosto,Inhambane,Inhassoro,Depósitos,245772.0,150228313.07999998
2025,Setembro,Inhambane,Inhassoro,Depósitos,237971.0,142521367.74
2025,Outubro,Inhambane,Inhassoro,Depósitos,266503.0,176707992.51999998
2025,Novembro,Inhambane,Inhassoro,Depósitos,254339.0,151047969.23000002
2025,Dezembro,Inhambane,Inhassoro,Depósitos,277634.0,199125360.46
2025,Janeiro,Inhambane,Jangamo,Depósitos,119585.0,84137067.35
2025,Fevereiro,Inhambane,Jangamo,Depósitos,109630.0,79796790.36
2025,Março,Inhambane,Jangamo,Depósitos,120076.0,92076007.82
2025,Abril,Inhambane,Jangamo,Depósitos,119593.0,92149627.39
2025,Maio,Inhambane,Jangamo,Depósitos,134848.0,106194660.48
2025,Junho,Inhambane,Jangamo,Depósitos,138197.0,109104112.59
2025,Julho,Inhambane,Jangamo,Depósitos,148285.0,113520686.09
2025,Agosto,Inhambane,Jangamo,Depósitos,151082.0,106210017.16
2025,Setembro,Inhambane,Jangamo,Depósitos,141707.0,108479562.67
2025,Outubro,Inhambane,Jangamo,Depósitos,157228.0,122294345.45
2025,Novembro,Inhambane,Jangamo,Depósitos,157668.0,120117970.22
2025,Dezembro,Inhambane,Jangamo,Depósitos,187930.0,172978192.57999998
2025,Janeiro,Inhambane,Mabote,Depósitos,70777.0,49415685.47
2025,Fevereiro,Inhambane,Mabote,Depósitos,73935.0,58449108.5
2025,Março,Inhambane,Mabote,Depósitos,83329.0,54891185.42
2025,Abril,Inhambane,Mabote,Depósitos,79911.0,53187965.27
2025,Maio,Inhambane,Mabote,Depósitos,85281.0,60503492.82
2025,Junho,Inhambane,Mabote,Depósitos,87139.0,60276398.0
2025,Julho,Inhambane,Mabote,Depósitos,93492.0,66164314.85
2025,Agosto,Inhambane,Mabote,Depósitos,93847.0,59635826.68
2025,Setembro,Inhambane,Mabote,Depósitos,94337.0,61750988.29
2025,Outubro,Inhambane,Mabote,Depósitos,105216.0,69407723.06
2025,Novembro,Inhambane,Mabote,Depósitos,112172.0,78234290.31
2025,Dezembro,Inhambane,Mabote,Depósitos,124907.0,121945842.11
2025,Janeiro,Inhambane,Massinga,Depósitos,336544.0,349719833.63
2025,Fevereiro,Inhambane,Massinga,Depósitos,330538.0,390505023.21
2025,Março,Inhambane,Massinga,Depósitos,378518.0,517514747.62
2025,Abril,Inhambane,Massinga,Depósitos,385890.0,636029135.94
2025,Maio,Inhambane,Massinga,Depósitos,409451.0,480284505.98
2025,Junho,Inhambane,Massinga,Depósitos,409620.0,505910416.5
2025,Julho,Inhambane,Massinga,Depósitos,436874.0,530398984.42
2025,Agosto,Inhambane,Massinga,Depósitos,439385.0,490521279.25
2025,Setembro,Inhambane,Massinga,Depósitos,425379.0,517377473.76
2025,Outubro,Inhambane,Massinga,Depósitos,484883.0,594762650.4300001
2025,Novembro,Inhambane,Massinga,Depósitos,478336.0,566205802.88
2025,Dezembro,Inhambane,Massinga,Depósitos,525044.0,680294666.1
2025,Janeiro,Inhambane,Morrumbene,Depósitos,169531.0,110174093.42
2025,Fevereiro,Inhambane,Morrumbene,Depósitos,153662.0,109232333.8
2025,Março,Inhambane,Morrumbene,Depósitos,172968.0,135058206.05
2025,Abril,Inhambane,Morrumbene,Depósitos,171244.0,145522899.16
2025,Maio,Inhambane,Morrumbene,Depósitos,177639.0,124104002.27
2025,Junho,Inhambane,Morrumbene,Depósitos,180561.0,123088635.64
2025,Julho,Inhambane,Morrumbene,Depósitos,192427.0,137222763.70999998
2025,Agosto,Inhambane,Morrumbene,Depósitos,189006.0,125254003.36
2025,Setembro,Inhambane,Morrumbene,Depósitos,184208.0,125387064.87
2025,Outubro,Inhambane,Morrumbene,Depósitos,200280.0,137996139.48000002
2025,Novembro,Inhambane,Morrumbene,Depósitos,197793.0,140866993.53
2025,Dezembro,Inhambane,Morrumbene,Depósitos,223093.0,195116998.38
2025,Janeiro,Inhambane,Panda,Depósitos,61684.0,32766856.78
2025,Fevereiro,Inhambane,Panda,Depósitos,60255.0,35570078.21
2025,Março,Inhambane,Panda,Depósitos,66746.0,37099664.04
2025,Abril,Inhambane,Panda,Depósitos,68965.0,39729453.260000005
2025,Maio,Inhambane,Panda,Depósitos,66001.0,38529452.09
2025,Junho,Inhambane,Panda,Depósitos,66288.0,34634199.56
2025,Julho,Inhambane,Panda,Depósitos,70058.0,37016812.989999995
2025,Agosto,Inhambane,Panda,Depósitos,66726.0,35734285.92
2025,Setembro,Inhambane,Panda,Depósitos,69470.0,36435226.98
2025,Outubro,Inhambane,Panda,Depósitos,161611.0,100654892.48
2025,Novembro,Inhambane,Panda,Depósitos,77935.0,44103426.870000005
2025,Dezembro,Inhambane,Panda,Depósitos,90201.0,67173527.38
2025,Janeiro,Inhambane,Vilankulo,Depósitos,508866.0,334621358.34000003
2025,Fevereiro,Inhambane,Vilankulo,Depósitos,496749.0,363747353.04
2025,Março,Inhambane,Vilankulo,Depósitos,564964.0,402641163.67
2025,Abril,Inhambane,Vilankulo,Depósitos,547861.0,380523620.4
2025,Maio,Inhambane,Vilankulo,Depósitos,594377.0,423975439.98
2025,Junho,Inhambane,Vilankulo,Depósitos,577756.0,408031378.68
2025,Julho,Inhambane,Vilankulo,Depósitos,607225.0,447541519.51
2025,Agosto,Inhambane,Vilankulo,Depósitos,607187.0,415518757.21
2025,Setembro,Inhambane,Vilankulo,Depósitos,568576.0,392775897.89
2025,Outubro,Inhambane,Vilankulo,Depósitos,637001.0,454414930.84
2025,Novembro,Inhambane,Vilankulo,Depósitos,646178.0,523260133.57
2025,Dezembro,Inhambane,Vilankulo,Depósitos,696003.0,601872154.6
2025,Janeiro,Inhambane,Zavala (Quissico),Depósitos,226492.0,179082998.48000002
2025,Fevereiro,Inhambane,Zavala (Quissico),Depósitos,204691.0,170196006.57
2025,Março,Inhambane,Zavala (Quissico),Depósitos,234302.0,250393807.02
2025,Abril,Inhambane,Zavala (Quissico),Depósitos,233962.0,300040444.07
2025,Maio,Inhambane,Zavala (Quissico),Depósitos,238608.0,218279673.43
2025,Junho,Inhambane,Zavala (Quissico),Depósitos,235909.0,202562588.81
2025,Julho,Inhambane,Zavala (Quissico),Depósitos,237630.0,208614067.76
2025,Agosto,Inhambane,Zavala (Quissico),Depósitos,241742.0,226098051.03
2025,Setembro,Inhambane,Zavala (Quissico),Depósitos,235714.0,258766467.47
2025,Outubro,Inhambane,Zavala (Quissico),Depósitos,265132.0,288635575.65
2025,Novembro,Inhambane,Zavala (Quissico),Depósitos,262892.0,300480347.97
2025,Dezembro,Inhambane,Zavala (Quissico),Depósitos,306505.0,438661043.78
2025,Janeiro,Sofala,Cidade da Beira,Depósitos,4256353.0,3101583090.21
2025,Fevereiro,Sofala,Cidade da Beira,Depósitos,4209523.0,3223791680.18
2025,Março,Sofala,Cidade da Beira,Depósitos,4903932.0,4053454345.35
2025,Abril,Sofala,Cidade da Beira,Depósitos,4788621.0,3979099415.28
2025,Maio,Sofala,Cidade da Beira,Depósitos,5270416.0,3937585646.9
2025,Junho,Sofala,Cidade da Beira,Depósitos,5220356.0,3800020112.5
2025,Julho,Sofala,Cidade da Beira,Depósitos,5451345.0,4124850724.92
2025,Agosto,Sofala,Cidade da Beira,Depósitos,5562730.0,4029257729.36
2025,Setembro,Sofala,Cidade da Beira,Depósitos,5233262.0,3858802738.51
2025,Outubro,Sofala,Cidade da Beira,Depósitos,5814007.0,4518996019.68
2025,Novembro,Sofala,Cidade da Beira,Depósitos,5743305.0,4309499235.32
2025,Dezembro,Sofala,Cidade da Beira,Depósitos,5924064.0,5117246190.38
2025,Janeiro,Sofala,Buzi,Depósitos,195672.0,102259136.04
2025,Fevereiro,Sofala,Buzi,Depósitos,192105.0,116990128.61
2025,Março,Sofala,Buzi,Depósitos,227974.0,121376658.73
2025,Abril,Sofala,Buzi,Depósitos,226566.0,124573004.87
2025,Maio,Sofala,Buzi,Depósitos,242847.0,137482899.05
2025,Junho,Sofala,Buzi,Depósitos,258642.0,152464347.15
2025,Julho,Sofala,Buzi,Depósitos,277377.0,145190582.07
2025,Agosto,Sofala,Buzi,Depósitos,285323.0,141275132.19
2025,Setembro,Sofala,Buzi,Depósitos,278860.0,145520109.03
2025,Outubro,Sofala,Buzi,Depósitos,311925.0,164481939.32
2025,Novembro,Sofala,Buzi,Depósitos,309538.0,170147688.47
2025,Dezembro,Sofala,Buzi,Depósitos,327756.0,204971906.01
2025,Janeiro,Sofala,Caia,Depósitos,286366.0,120895757.41
2025,Fevereiro,Sofala,Caia,Depósitos,283036.0,142783771.92000002
2025,Março,Sofala,Caia,Depósitos,300982.0,148371127.17
2025,Abril,Sofala,Caia,Depósitos,291047.0,134726800.87
2025,Maio,Sofala,Caia,Depósitos,328216.0,154807838.78
2025,Junho,Sofala,Caia,Depósitos,334144.0,163419605.29
2025,Julho,Sofala,Caia,Depósitos,388285.0,191399649.74
2025,Agosto,Sofala,Caia,Depósitos,393690.0,159355681.23
2025,Setembro,Sofala,Caia,Depósitos,377001.0,161167497.78
2025,Outubro,Sofala,Caia,Depósitos,321248.0,166439186.32
2025,Novembro,Sofala,Caia,Depósitos,442794.0,198630349.32
2025,Dezembro,Sofala,Caia,Depósitos,453039.0,244468509.21
2025,Janeiro,Sofala,Chemba,Depósitos,71467.0,29491206.78
2025,Fevereiro,Sofala,Chemba,Depósitos,64496.0,36595366.76
2025,Março,Sofala,Chemba,Depósitos,71518.0,36764655.01
2025,Abril,Sofala,Chemba,Depósitos,70385.0,32390773.19
2025,Maio,Sofala,Chemba,Depósitos,65771.0,30117059.66
2025,Junho,Sofala,Chemba,Depósitos,75285.0,44090670.15
2025,Julho,Sofala,Chemba,Depósitos,82720.0,45252648.26
2025,Agosto,Sofala,Chemba,Depósitos,82777.0,48445964.02
2025,Setembro,Sofala,Chemba,Depósitos,81938.0,36828354.62
2025,Outubro,Sofala,Chemba,Depósitos,94019.0,50121656.01
2025,Novembro,Sofala,Chemba,Depósitos,92792.0,45494021.76
2025,Dezembro,Sofala,Chemba,Depósitos,88330.0,47829222.64
2025,Janeiro,Sofala,Cheringoma,Depósitos,104712.0,43065005.38
2025,Fevereiro,Sofala,Cheringoma,Depósitos,105390.0,45701708.67
2025,Março,Sofala,Cheringoma,Depósitos,119790.0,44793103.43
2025,Abril,Sofala,Cheringoma,Depósitos,119198.0,48362469.03
2025,Maio,Sofala,Cheringoma,Depósitos,129012.0,47343543.15
2025,Junho,Sofala,Cheringoma,Depósitos,126941.0,47032875.29
2025,Julho,Sofala,Cheringoma,Depósitos,140613.0,49094993.57
2025,Agosto,Sofala,Cheringoma,Depósitos,141423.0,47721863.85
2025,Setembro,Sofala,Cheringoma,Depósitos,136613.0,42677114.89
2025,Outubro,Sofala,Cheringoma,Depósitos,99144.0,51071504.01
2025,Novembro,Sofala,Cheringoma,Depósitos,141314.0,50387001.96
2025,Dezembro,Sofala,Cheringoma,Depósitos,137602.0,61567358.71
2025,Janeiro,Sofala,Chibabava,Depósitos,143145.0,120121048.98
2025,Fevereiro,Sofala,Chibabava,Depósitos,143709.0,114965495.2
2025,Março,Sofala,Chibabava,Depósitos,160669.0,114903968.63
2025,Abril,Sofala,Chibabava,Depósitos,154972.0,122724511.61
2025,Maio,Sofala,Chibabava,Depósitos,159457.0,142003048.34
2025,Junho,Sofala,Chibabava,Depósitos,161611.0,147020288.36
2025,Julho,Sofala,Chibabava,Depósitos,171675.0,139083411.04000002
2025,Agosto,Sofala,Chibabava,Depósitos,163509.0,135024788.84
2025,Setembro,Sofala,Chibabava,Depósitos,152127.0,125249769.27
2025,Outubro,Sofala,Chibabava,Depósitos,168851.0,138091228.32
2025,Novembro,Sofala,Chibabava,Depósitos,172627.0,173209693.22
2025,Dezembro,Sofala,Chibabava,Depósitos,194539.0,229441893.23
2025,Janeiro,Sofala,Dondo,Depósitos,747391.0,372199463.59
2025,Fevereiro,Sofala,Dondo,Depósitos,736932.0,384401561.1
2025,Março,Sofala,Dondo,Depósitos,812971.0,382218469.47
2025,Abril,Sofala,Dondo,Depósitos,789707.0,382370142.31
2025,Maio,Sofala,Dondo,Depósitos,848499.0,409898334.67
2025,Junho,Sofala,Dondo,Depósitos,847079.0,416428811.25
2025,Julho,Sofala,Dondo,Depósitos,889654.0,436775547.76
2025,Agosto,Sofala,Dondo,Depósitos,918268.0,423045801.46
2025,Setembro,Sofala,Dondo,Depósitos,899271.0,429488646.2
2025,Outubro,Sofala,Dondo,Depósitos,971082.0,493682902.77
2025,Novembro,Sofala,Dondo,Depósitos,976959.0,484134369.44
2025,Dezembro,Sofala,Dondo,Depósitos,1022664.0,583922391.63
2025,Janeiro,Sofala,Gorongoza,Depósitos,325069.0,133564115.53
2025,Fevereiro,Sofala,Gorongoza,Depósitos,304599.0,148990989.0
2025,Março,Sofala,Gorongoza,Depósitos,351343.0,150265704.32999998
2025,Abril,Sofala,Gorongoza,Depósitos,349968.0,170470100.24
2025,Maio,Sofala,Gorongoza,Depósitos,387006.0,184492254.37
2025,Junho,Sofala,Gorongoza,Depósitos,403238.0,203303959.98
2025,Julho,Sofala,Gorongoza,Depósitos,433497.0,213183367.53
2025,Agosto,Sofala,Gorongoza,Depósitos,432537.0,190728872.11
2025,Setembro,Sofala,Gorongoza,Depósitos,415666.0,189728984.86
2025,Outubro,Sofala,Gorongoza,Depósitos,460475.0,229002047.37
2025,Novembro,Sofala,Gorongoza,Depósitos,438674.0,213180979.96
2025,Dezembro,Sofala,Gorongoza,Depósitos,451876.0,253874080.4
2025,Janeiro,Sofala,Machanga,Depósitos,40028.0,28755514.98
2025,Fevereiro,Sofala,Machanga,Depósitos,42637.0,31444565.95
2025,Março,Sofala,Machanga,Depósitos,47278.0,34298682.39
2025,Abril,Sofala,Machanga,Depósitos,46911.0,32869168.22
2025,Maio,Sofala,Machanga,Depósitos,50905.0,36454922.5
2025,Junho,Sofala,Machanga,Depósitos,52075.0,35964885.84
2025,Julho,Sofala,Machanga,Depósitos,57019.0,41807961.2
2025,Agosto,Sofala,Machanga,Depósitos,56353.0,40690687.02
2025,Setembro,Sofala,Machanga,Depósitos,58148.0,36088927.07
2025,Outubro,Sofala,Machanga,Depósitos,70679.0,44197808.51
2025,Novembro,Sofala,Machanga,Depósitos,71043.0,43539349.84
2025,Dezembro,Sofala,Machanga,Depósitos,77659.0,50446551.55
2025,Janeiro,Sofala,Maringue,Depósitos,116725.0,57366184.88
2025,Fevereiro,Sofala,Maringue,Depósitos,111323.0,65275543.03
2025,Março,Sofala,Maringue,Depósitos,128202.0,62907416.53
2025,Abril,Sofala,Maringue,Depósitos,135047.0,66348237.64
2025,Maio,Sofala,Maringue,Depósitos,158948.0,76760778.88
2025,Junho,Sofala,Maringue,Depósitos,182176.0,103060548.63
2025,Julho,Sofala,Maringue,Depósitos,195317.0,99941787.16
2025,Agosto,Sofala,Maringue,Depósitos,194571.0,93617529.64
2025,Setembro,Sofala,Maringue,Depósitos,180360.0,83224652.91
2025,Outubro,Sofala,Maringue,Depósitos,197017.0,107164668.52
2025,Novembro,Sofala,Maringue,Depósitos,186008.0,107346231.98
2025,Dezembro,Sofala,Maringue,Depósitos,183921.0,119421290.86
2025,Janeiro,Sofala,Marromeu,Depósitos,245573.0,93321622.47
2025,Fevereiro,Sofala,Marromeu,Depósitos,216186.0,99397848.95
2025,Março,Sofala,Marromeu,Depósitos,242253.0,93854389.84
2025,Abril,Sofala,Marromeu,Depósitos,250484.0,100578797.63
2025,Maio,Sofala,Marromeu,Depósitos,278237.0,113226202.29
2025,Junho,Sofala,Marromeu,Depósitos,278565.0,119007803.73
2025,Julho,Sofala,Marromeu,Depósitos,326355.0,146693544.45999998
2025,Agosto,Sofala,Marromeu,Depósitos,335085.0,138037677.69
2025,Setembro,Sofala,Marromeu,Depósitos,303003.0,122069267.53
2025,Outubro,Sofala,Marromeu,Depósitos,338506.0,151614625.8
2025,Novembro,Sofala,Marromeu,Depósitos,331000.0,139039831.06
2025,Dezembro,Sofala,Marromeu,Depósitos,351343.0,171723215.9
2025,Janeiro,Sofala,Muanza,Depósitos,46226.0,22936134.88
2025,Fevereiro,Sofala,Muanza,Depósitos,50052.0,26172448.97
2025,Março,Sofala,Muanza,Depósitos,56058.0,25226600.25
2025,Abril,Sofala,Muanza,Depósitos,55684.0,27455692.65
2025,Maio,Sofala,Muanza,Depósitos,56705.0,26580507.23
2025,Junho,Sofala,Muanza,Depósitos,61624.0,29709812.13
2025,Julho,Sofala,Muanza,Depósitos,64366.0,29797656.58
2025,Agosto,Sofala,Muanza,Depósitos,66022.0,29162072.26
2025,Setembro,Sofala,Muanza,Depósitos,61059.0,29192130.05
2025,Outubro,Sofala,Muanza,Depósitos,73582.0,36916060.14
2025,Novembro,Sofala,Muanza,Depósitos,74547.0,34408240.02
2025,Dezembro,Sofala,Muanza,Depósitos,76049.0,43521319.99
2025,Janeiro,Sofala,Nhamatanda,Depósitos,421546.0,192699698.12
2025,Fevereiro,Sofala,Nhamatanda,Depósitos,409287.0,203621823.31
2025,Março,Sofala,Nhamatanda,Depósitos,470320.0,203484278.38
2025,Abril,Sofala,Nhamatanda,Depósitos,477065.0,225343958.17
2025,Maio,Sofala,Nhamatanda,Depósitos,508652.0,256490403.29
2025,Junho,Sofala,Nhamatanda,Depósitos,506397.0,263372726.31
2025,Julho,Sofala,Nhamatanda,Depósitos,556151.0,278165988.24
2025,Agosto,Sofala,Nhamatanda,Depósitos,570235.0,264388130.1
2025,Setembro,Sofala,Nhamatanda,Depósitos,546225.0,260708711.77
2025,Outubro,Sofala,Nhamatanda,Depósitos,593004.0,292929253.1
2025,Novembro,Sofala,Nhamatanda,Depósitos,590845.0,283428987.83000004
2025,Dezembro,Sofala,Nhamatanda,Depósitos,613815.0,347725592.88
2025,Janeiro,Manica,Cidade de Chimoio,Depósitos,2342490.0,1491088369.1
2025,Fevereiro,Manica,Cidade de Chimoio,Depósitos,2329212.0,1573397085.3
2025,Março,Manica,Cidade de Chimoio,Depósitos,2666991.0,1641284239.19
2025,Abril,Manica,Cidade de Chimoio,Depósitos,2599758.0,1680422748.4
2025,Maio,Manica,Cidade de Chimoio,Depósitos,2860582.0,2022480973.06
2025,Junho,Manica,Cidade de Chimoio,Depósitos,2841460.0,1991805358.81
2025,Julho,Manica,Cidade de Chimoio,Depósitos,2990056.0,2071349042.66
2025,Agosto,Manica,Cidade de Chimoio,Depósitos,2991738.0,1989115000.84
2025,Setembro,Manica,Cidade de Chimoio,Depósitos,2811493.0,1875989611.68
2025,Outubro,Manica,Cidade de Chimoio,Depósitos,3137584.0,2171116619.98
2025,Novembro,Manica,Cidade de Chimoio,Depósitos,3016263.0,2030800436.66
2025,Dezembro,Manica,Cidade de Chimoio,Depósitos,3068077.0,2512110479.88
2025,Janeiro,Manica,Bárue,Depósitos,372826.0,232106838.15
2025,Fevereiro,Manica,Bárue,Depósitos,381501.0,241340530.98
2025,Março,Manica,Bárue,Depósitos,451746.0,252857350.44
2025,Abril,Manica,Bárue,Depósitos,430711.0,283732995.74
2025,Maio,Manica,Bárue,Depósitos,528770.0,360101723.04
2025,Junho,Manica,Bárue,Depósitos,529356.0,313154667.44
2025,Julho,Manica,Bárue,Depósitos,558190.0,312722813.64
2025,Agosto,Manica,Bárue,Depósitos,577369.0,346911329.49
2025,Setembro,Manica,Bárue,Depósitos,555730.0,294381882.34
2025,Outubro,Manica,Bárue,Depósitos,588106.0,323245297.81
2025,Novembro,Manica,Bárue,Depósitos,524825.0,281808577.15
2025,Dezembro,Manica,Bárue,Depósitos,518543.0,305385315.54
2025,Janeiro,Manica,Gondola,Depósitos,410575.0,207336777.2
2025,Fevereiro,Manica,Gondola,Depósitos,393289.0,230171463.03
2025,Março,Manica,Gondola,Depósitos,448397.0,236535413.14
2025,Abril,Manica,Gondola,Depósitos,443044.0,227795489.87
2025,Maio,Manica,Gondola,Depósitos,572008.0,347327526.53
2025,Junho,Manica,Gondola,Depósitos,587431.0,361430020.63
2025,Julho,Manica,Gondola,Depósitos,620919.0,376219676.16
2025,Agosto,Manica,Gondola,Depósitos,645851.0,361668677.83
2025,Setembro,Manica,Gondola,Depósitos,598775.0,338856806.5
2025,Outubro,Manica,Gondola,Depósitos,663793.0,392722526.34
2025,Novembro,Manica,Gondola,Depósitos,658395.0,396902113.25
2025,Dezembro,Manica,Gondola,Depósitos,694661.0,477133284.45
2025,Janeiro,Manica,Guro,Depósitos,125958.0,71495541.53
2025,Fevereiro,Manica,Guro,Depósitos,131087.0,81221866.23
2025,Março,Manica,Guro,Depósitos,161444.0,85340386.43
2025,Abril,Manica,Guro,Depósitos,145685.0,78278870.17
2025,Maio,Manica,Guro,Depósitos,162129.0,96945781.03
2025,Junho,Manica,Guro,Depósitos,166483.0,102472226.97
2025,Julho,Manica,Guro,Depósitos,183752.0,101889222.01
2025,Agosto,Manica,Guro,Depósitos,187515.0,99501480.19
2025,Setembro,Manica,Guro,Depósitos,191379.0,99301182.18
2025,Outubro,Manica,Guro,Depósitos,2927165.0,1875041572.98
2025,Novembro,Manica,Guro,Depósitos,190438.0,94703331.68
2025,Dezembro,Manica,Guro,Depósitos,177547.0,101219842.46
2025,Janeiro,Manica,Machaze,Depósitos,110668.0,121415011.23
2025,Fevereiro,Manica,Machaze,Depósitos,112019.0,124549576.68
2025,Março,Manica,Machaze,Depósitos,131216.0,192584560.9
2025,Abril,Manica,Machaze,Depósitos,129242.0,161647285.85
2025,Maio,Manica,Machaze,Depósitos,141472.0,127562430.16
2025,Junho,Manica,Machaze,Depósitos,142373.0,138106922.34
2025,Julho,Manica,Machaze,Depósitos,144807.0,134302083.31
2025,Agosto,Manica,Machaze,Depósitos,140752.0,124404273.41
2025,Setembro,Manica,Machaze,Depósitos,145804.0,129889416.69
2025,Outubro,Manica,Machaze,Depósitos,169796.0,171688378.22
2025,Novembro,Manica,Machaze,Depósitos,161980.0,168428000.53
2025,Dezembro,Manica,Machaze,Depósitos,177292.0,212875714.88
2025,Janeiro,Manica,Macossa,Depósitos,47791.0,34204036.3
2025,Fevereiro,Manica,Macossa,Depósitos,54156.0,43130331.33
2025,Março,Manica,Macossa,Depósitos,66568.0,40956532.28
2025,Abril,Manica,Macossa,Depósitos,68528.0,47893263.97
2025,Maio,Manica,Macossa,Depósitos,74706.0,42488004.09
2025,Junho,Manica,Macossa,Depósitos,75501.0,40040499.39
2025,Julho,Manica,Macossa,Depósitos,79914.0,42364040.19
2025,Agosto,Manica,Macossa,Depósitos,82054.0,42280957.72
2025,Setembro,Manica,Macossa,Depósitos,80366.0,38904760.7
2025,Outubro,Manica,Macossa,Depósitos,82662.0,52508920.08
2025,Novembro,Manica,Macossa,Depósitos,75505.0,49568142.85
2025,Dezembro,Manica,Macossa,Depósitos,75718.0,61777781.94
2025,Janeiro,Manica,Manica,Depósitos,635356.0,514683777.46
2025,Fevereiro,Manica,Manica,Depósitos,627661.0,525280866.01
2025,Março,Manica,Manica,Depósitos,725963.0,545919064.15
2025,Abril,Manica,Manica,Depósitos,717700.0,556068621.12
2025,Maio,Manica,Manica,Depósitos,767145.0,602390575.3
2025,Junho,Manica,Manica,Depósitos,787085.0,610500577.4
2025,Julho,Manica,Manica,Depósitos,842294.0,620245572.79
2025,Agosto,Manica,Manica,Depósitos,848761.0,619715278.15
2025,Setembro,Manica,Manica,Depósitos,805051.0,636589524.61
2025,Outubro,Manica,Manica,Depósitos,925903.0,734482831.54
2025,Novembro,Manica,Manica,Depósitos,903511.0,715404491.93
2025,Dezembro,Manica,Manica,Depósitos,931616.0,792945545.1
2025,Janeiro,Manica,Mossurize,Depósitos,163314.0,157708678.12
2025,Fevereiro,Manica,Mossurize,Depósitos,165088.0,171816875.14
2025,Março,Manica,Mossurize,Depósitos,192029.0,186646608.08
2025,Abril,Manica,Mossurize,Depósitos,193771.0,193364662.86
2025,Maio,Manica,Mossurize,Depósitos,219761.0,234261681.9
2025,Junho,Manica,Mossurize,Depósitos,217536.0,253089831.36
2025,Julho,Manica,Mossurize,Depósitos,218951.0,244914970.62
2025,Agosto,Manica,Mossurize,Depósitos,213317.0,200905065.98
2025,Setembro,Manica,Mossurize,Depósitos,207263.0,198498859.92
2025,Outubro,Manica,Mossurize,Depósitos,241425.0,256012310.3
2025,Novembro,Manica,Mossurize,Depósitos,230874.0,247448621.37
2025,Dezembro,Manica,Mossurize,Depósitos,237391.0,293014720.63
2025,Janeiro,Manica,Sussundenga,Depósitos,252858.0,134733985.44
2025,Fevereiro,Manica,Sussundenga,Depósitos,249667.0,146601667.32
2025,Março,Manica,Sussundenga,Depósitos,293138.0,152300927.79
2025,Abril,Manica,Sussundenga,Depósitos,287499.0,145756666.22
2025,Maio,Manica,Sussundenga,Depósitos,307851.0,167154055.75
2025,Junho,Manica,Sussundenga,Depósitos,313607.0,162120286.25
2025,Julho,Manica,Sussundenga,Depósitos,330081.0,167049319.64
2025,Agosto,Manica,Sussundenga,Depósitos,334931.0,154311525.85
2025,Setembro,Manica,Sussundenga,Depósitos,339300.0,170704639.01
2025,Outubro,Manica,Sussundenga,Depósitos,379754.0,210944894.93
2025,Novembro,Manica,Sussundenga,Depósitos,345569.0,184296153.22
2025,Dezembro,Manica,Sussundenga,Depósitos,389970.0,272092525.48
2025,Janeiro,Manica,Tambara,Depósitos,39847.0,24063469.91
2025,Fevereiro,Manica,Tambara,Depósitos,42659.0,34750791.1
2025,Março,Manica,Tambara,Depósitos,49067.0,33462012.17
2025,Abril,Manica,Tambara,Depósitos,52625.0,33149705.45
2025,Maio,Manica,Tambara,Depósitos,52185.0,28453699.08
2025,Junho,Manica,Tambara,Depósitos,58331.0,31423678.99
2025,Julho,Manica,Tambara,Depósitos,62795.0,34860722.3
2025,Agosto,Manica,Tambara,Depósitos,61856.0,34124073.13
2025,Setembro,Manica,Tambara,Depósitos,63289.0,36646819.61
2025,Outubro,Manica,Tambara,Depósitos,70654.0,50048771.44
2025,Novembro,Manica,Tambara,Depósitos,65673.0,40640061.03
2025,Dezembro,Manica,Tambara,Depósitos,63739.0,40542853.5
2025,Janeiro,Manica,Macate,Depósitos,57380.0,21771430.42
2025,Fevereiro,Manica,Macate,Depósitos,56187.0,22486549.88
2025,Março,Manica,Macate,Depósitos,67428.0,25346385.31
2025,Abril,Manica,Macate,Depósitos,70777.0,26258614.07
2025,Maio,Manica,Macate,Depósitos,99425.0,50107587.8
2025,Junho,Manica,Macate,Depósitos,101009.0,51243181.55
2025,Julho,Manica,Macate,Depósitos,108777.0,57159891.16
2025,Agosto,Manica,Macate,Depósitos,115530.0,57338107.41
2025,Setembro,Manica,Macate,Depósitos,90585.0,41858299.86
2025,Outubro,Manica,Macate,Depósitos,96244.0,43060036.21
2025,Novembro,Manica,Macate,Depósitos,87447.0,41350606.95
2025,Dezembro,Manica,Macate,Depósitos,95047.0,50177076.78
2025,Janeiro,Manica,Vanduzi,Depósitos,335946.0,178758345.04
2025,Fevereiro,Manica,Vanduzi,Depósitos,333716.0,186541471.92
2025,Março,Manica,Vanduzi,Depósitos,399846.0,202970134.66
2025,Abril,Manica,Vanduzi,Depósitos,385501.0,199993099.19
2025,Maio,Manica,Vanduzi,Depósitos,364510.0,195033781.38
2025,Junho,Manica,Vanduzi,Depósitos,371576.0,192743133.55
2025,Julho,Manica,Vanduzi,Depósitos,410841.0,216944877.28
2025,Agosto,Manica,Vanduzi,Depósitos,423637.0,224712113.72
2025,Setembro,Manica,Vanduzi,Depósitos,448675.0,246566965.39
2025,Outubro,Manica,Vanduzi,Depósitos,513588.0,299392696.14
2025,Novembro,Manica,Vanduzi,Depósitos,479586.0,283413317.28
2025,Dezembro,Manica,Vanduzi,Depósitos,467107.0,322246004.54
2025,Janeiro,Tete,Cidade de Tete,Depósitos,2339200.0,2026159540.4
2025,Fevereiro,Tete,Cidade de Tete,Depósitos,2002169.0,2048661170.59
2025,Março,Tete,Cidade de Tete,Depósitos,2243414.0,2628989807.13
2025,Abril,Tete,Cidade de Tete,Depósitos,2161764.0,2620554003.4700003
2025,Maio,Tete,Cidade de Tete,Depósitos,2384722.0,2332238059.98
2025,Junho,Tete,Cidade de Tete,Depósitos,2289224.0,2251481001.9300003
2025,Julho,Tete,Cidade de Tete,Depósitos,2410672.0,2372863275.63
2025,Agosto,Tete,Cidade de Tete,Depósitos,2425330.0,2295509558.33
2025,Setembro,Tete,Cidade de Tete,Depósitos,2267261.0,2187943300.06
2025,Outubro,Tete,Cidade de Tete,Depósitos,2491767.0,2430920752.41
2025,Novembro,Tete,Cidade de Tete,Depósitos,2471446.0,2364711409.5299997
2025,Dezembro,Tete,Cidade de Tete,Depósitos,2621863.0,2837798432.3
2025,Janeiro,Tete,Angónia,Depósitos,339046.0,235241245.21
2025,Fevereiro,Tete,Angónia,Depósitos,369004.0,264023868.0
2025,Março,Tete,Angónia,Depósitos,440719.0,289561207.03
2025,Abril,Tete,Angónia,Depósitos,459667.0,283668849.03
2025,Maio,Tete,Angónia,Depósitos,528842.0,318574608.14
2025,Junho,Tete,Angónia,Depósitos,566901.0,324053595.71
2025,Julho,Tete,Angónia,Depósitos,585898.0,329530970.46
2025,Agosto,Tete,Angónia,Depósitos,580165.0,305719251.67
2025,Setembro,Tete,Angónia,Depósitos,551882.0,275898833.72
2025,Outubro,Tete,Angónia,Depósitos,626424.0,364588819.5
2025,Novembro,Tete,Angónia,Depósitos,576707.0,314547987.31
2025,Dezembro,Tete,Angónia,Depósitos,563040.0,392736818.0
2025,Janeiro,Tete,Cahora-Bassa,Depósitos,269611.0,201779075.25
2025,Fevereiro,Tete,Cahora-Bassa,Depósitos,276353.0,215205413.93
2025,Março,Tete,Cahora-Bassa,Depósitos,335467.0,238620488.48
2025,Abril,Tete,Cahora-Bassa,Depósitos,325675.0,228148074.71
2025,Maio,Tete,Cahora-Bassa,Depósitos,344059.0,248749498.49
2025,Junho,Tete,Cahora-Bassa,Depósitos,351317.0,255575108.2
2025,Julho,Tete,Cahora-Bassa,Depósitos,344161.0,267599417.3
2025,Agosto,Tete,Cahora-Bassa,Depósitos,358361.0,273106254.51
2025,Setembro,Tete,Cahora-Bassa,Depósitos,357020.0,286325883.07
2025,Outubro,Tete,Cahora-Bassa,Depósitos,389405.0,280965310.27
2025,Novembro,Tete,Cahora-Bassa,Depósitos,382460.0,280175766.86
2025,Dezembro,Tete,Cahora-Bassa,Depósitos,392268.0,321150005.33
2025,Janeiro,Tete,Changara,Depósitos,189505.0,131959609.34
2025,Fevereiro,Tete,Changara,Depósitos,196476.0,147985288.44
2025,Março,Tete,Changara,Depósitos,234848.0,159464407.71
2025,Abril,Tete,Changara,Depósitos,237013.0,154550272.75
2025,Maio,Tete,Changara,Depósitos,246174.0,179440851.65
2025,Junho,Tete,Changara,Depósitos,265631.0,196943575.58
2025,Julho,Tete,Changara,Depósitos,280078.0,187711370.39
2025,Agosto,Tete,Changara,Depósitos,285941.0,173298981.93
2025,Setembro,Tete,Changara,Depósitos,290849.0,178939835.8
2025,Outubro,Tete,Changara,Depósitos,325893.0,209273538.93
2025,Novembro,Tete,Changara,Depósitos,317008.0,188157526.72
2025,Dezembro,Tete,Changara,Depósitos,319067.0,228846417.0
2025,Janeiro,Tete,Chifunde,Depósitos,31014.0,27360120.6
2025,Fevereiro,Tete,Chifunde,Depósitos,34459.0,32573590.95
2025,Março,Tete,Chifunde,Depósitos,43773.0,41588696.85
2025,Abril,Tete,Chifunde,Depósitos,44651.0,40489787.37
2025,Maio,Tete,Chifunde,Depósitos,53670.0,49633017.98
2025,Junho,Tete,Chifunde,Depósitos,60267.0,50821585.8
2025,Julho,Tete,Chifunde,Depósitos,65829.0,56261973.98
2025,Agosto,Tete,Chifunde,Depósitos,66059.0,43833979.63
2025,Setembro,Tete,Chifunde,Depósitos,62128.0,39196370.27
2025,Outubro,Tete,Chifunde,Depósitos,72587.0,60710771.84
2025,Novembro,Tete,Chifunde,Depósitos,65478.0,54051321.6
2025,Dezembro,Tete,Chifunde,Depósitos,61401.0,56860176.51
2025,Janeiro,Tete,Chiuta,Depósitos,95401.0,74018226.22
2025,Fevereiro,Tete,Chiuta,Depósitos,102428.0,87786971.94
2025,Março,Tete,Chiuta,Depósitos,119874.0,76680144.0
2025,Abril,Tete,Chiuta,Depósitos,115762.0,71340351.19
2025,Maio,Tete,Chiuta,Depósitos,120307.0,73300740.95
2025,Junho,Tete,Chiuta,Depósitos,129404.0,83942279.16
2025,Julho,Tete,Chiuta,Depósitos,139562.0,93366930.99
2025,Agosto,Tete,Chiuta,Depósitos,140822.0,79983054.32
2025,Setembro,Tete,Chiuta,Depósitos,138256.0,80918822.7
2025,Outubro,Tete,Chiuta,Depósitos,168827.0,113870084.98
2025,Novembro,Tete,Chiuta,Depósitos,163306.0,98919724.6
2025,Dezembro,Tete,Chiuta,Depósitos,164069.0,113491393.75
2025,Janeiro,Tete,Macanga,Depósitos,174229.0,64167869.49
2025,Fevereiro,Tete,Macanga,Depósitos,187608.0,72281860.1
2025,Março,Tete,Macanga,Depósitos,235662.0,92744977.18
2025,Abril,Tete,Macanga,Depósitos,249530.0,100972903.72
2025,Maio,Tete,Macanga,Depósitos,294757.0,120212026.58
2025,Junho,Tete,Macanga,Depósitos,288750.0,111924552.68
2025,Julho,Tete,Macanga,Depósitos,340043.0,129323803.66
2025,Agosto,Tete,Macanga,Depósitos,323574.0,89929982.74
2025,Setembro,Tete,Macanga,Depósitos,298727.0,80035826.41
2025,Outubro,Tete,Macanga,Depósitos,339437.0,117474596.86
2025,Novembro,Tete,Macanga,Depósitos,289351.0,88954006.48
2025,Dezembro,Tete,Macanga,Depósitos,282876.0,118002717.25
2025,Janeiro,Tete,Mágoe,Depósitos,74883.0,57962972.18
2025,Fevereiro,Tete,Mágoe,Depósitos,80135.0,62203307.05
2025,Março,Tete,Mágoe,Depósitos,99667.0,74712464.04
2025,Abril,Tete,Mágoe,Depósitos,92176.0,58604870.27
2025,Maio,Tete,Mágoe,Depósitos,97998.0,57553823.79
2025,Junho,Tete,Mágoe,Depósitos,110078.0,71244780.25
2025,Julho,Tete,Mágoe,Depósitos,115127.0,58417001.19
2025,Agosto,Tete,Mágoe,Depósitos,110610.0,49494437.2
2025,Setembro,Tete,Mágoe,Depósitos,110498.0,53827748.45
2025,Outubro,Tete,Mágoe,Depósitos,124553.0,70442146.54
2025,Novembro,Tete,Mágoe,Depósitos,122223.0,61188753.85
2025,Dezembro,Tete,Mágoe,Depósitos,115162.0,68583057.99
2025,Janeiro,Tete,Maravia,Depósitos,49162.0,43857632.41
2025,Fevereiro,Tete,Maravia,Depósitos,52945.0,56772358.39
2025,Março,Tete,Maravia,Depósitos,63965.0,42128529.26
2025,Abril,Tete,Maravia,Depósitos,63143.0,39825537.26
2025,Maio,Tete,Maravia,Depósitos,66627.0,58421093.42
2025,Junho,Tete,Maravia,Depósitos,78978.0,91393834.19
2025,Julho,Tete,Maravia,Depósitos,92582.0,160499463.91
2025,Agosto,Tete,Maravia,Depósitos,23336.0,15275794.18
2025,Setembro,Tete,Maravia,Depósitos,93152.0,123635489.39
2025,Outubro,Tete,Maravia,Depósitos,107557.0,89738966.1
2025,Novembro,Tete,Maravia,Depósitos,89978.0,64525089.69
2025,Dezembro,Tete,Maravia,Depósitos,79713.0,57847370.75
2025,Janeiro,Tete,Moatize,Depósitos,559249.0,372529768.35
2025,Fevereiro,Tete,Moatize,Depósitos,552866.0,406153151.96
2025,Março,Tete,Moatize,Depósitos,625866.0,430091560.14
2025,Abril,Tete,Moatize,Depósitos,633148.0,410785535.48
2025,Maio,Tete,Moatize,Depósitos,682855.0,454262120.68
2025,Junho,Tete,Moatize,Depósitos,686476.0,469195405.52
2025,Julho,Tete,Moatize,Depósitos,729968.0,504848840.71
2025,Agosto,Tete,Moatize,Depósitos,248214.0,224239086.86
2025,Setembro,Tete,Moatize,Depósitos,706829.0,461475466.26
2025,Outubro,Tete,Moatize,Depósitos,796195.0,530801649.76
2025,Novembro,Tete,Moatize,Depósitos,771558.0,506962241.65
2025,Dezembro,Tete,Moatize,Depósitos,812050.0,608837903.61
2025,Janeiro,Tete,Mutarara,Depósitos,128772.0,141871320.57
2025,Fevereiro,Tete,Mutarara,Depósitos,126644.0,160381086.57
2025,Março,Tete,Mutarara,Depósitos,136750.0,198601765.85
2025,Abril,Tete,Mutarara,Depósitos,134615.0,186602003.4
2025,Maio,Tete,Mutarara,Depósitos,138427.0,74359330.09
2025,Junho,Tete,Mutarara,Depósitos,139478.0,74309010.75
2025,Julho,Tete,Mutarara,Depósitos,160352.0,82712199.95
2025,Agosto,Tete,Mutarara,Depósitos,171915.0,71447019.86
2025,Setembro,Tete,Mutarara,Depósitos,169094.0,72419446.3
2025,Outubro,Tete,Mutarara,Depósitos,196578.0,93751790.96
2025,Novembro,Tete,Mutarara,Depósitos,190223.0,85184266.53
2025,Dezembro,Tete,Mutarara,Depósitos,184979.0,91928824.29
2025,Janeiro,Tete,Tsangano,Depósitos,146722.0,60734319.0
2025,Fevereiro,Tete,Tsangano,Depósitos,145491.0,71289509.12
2025,Março,Tete,Tsangano,Depósitos,178336.0,72051630.69
2025,Abril,Tete,Tsangano,Depósitos,189162.0,75225100.03
2025,Maio,Tete,Tsangano,Depósitos,220305.0,99858008.89
2025,Junho,Tete,Tsangano,Depósitos,238893.0,93852959.57
2025,Julho,Tete,Tsangano,Depósitos,254890.0,105843102.62
2025,Agosto,Tete,Tsangano,Depósitos,252509.0,83313583.54
2025,Setembro,Tete,Tsangano,Depósitos,240700.0,81467184.63
2025,Outubro,Tete,Tsangano,Depósitos,280485.0,103490409.36
2025,Novembro,Tete,Tsangano,Depósitos,257043.0,95726838.56
2025,Dezembro,Tete,Tsangano,Depósitos,244907.0,116402483.76
2025,Janeiro,Tete,Zumbo,Depósitos,12397.0,14706625.4
2025,Fevereiro,Tete,Zumbo,Depósitos,14485.0,19791802.21
2025,Março,Tete,Zumbo,Depósitos,17688.0,23505246.21
2025,Abril,Tete,Zumbo,Depósitos,17470.0,23289558.88
2025,Maio,Tete,Zumbo,Depósitos,18489.0,25518687.65
2025,Junho,Tete,Zumbo,Depósitos,23298.0,31318250.04
2025,Julho,Tete,Zumbo,Depósitos,27853.0,37760754.71
2025,Agosto,Tete,Zumbo,Depósitos,30053.0,42985185.76
2025,Setembro,Tete,Zumbo,Depósitos,30266.0,38169852.03
2025,Outubro,Tete,Zumbo,Depósitos,34055.0,42950264.98
2025,Novembro,Tete,Zumbo,Depósitos,30227.0,33906115.55
2025,Dezembro,Tete,Zumbo,Depósitos,26496.0,31644520.56
2025,Janeiro,Tete,Doa,Depósitos,43110.0,23010249.66
2025,Fevereiro,Tete,Doa,Depósitos,44185.0,34179567.48
2025,Março,Tete,Doa,Depósitos,50946.0,29365146.37
2025,Abril,Tete,Doa,Depósitos,53879.0,28984453.18
2025,Maio,Tete,Doa,Depósitos,58805.0,33392015.97
2025,Junho,Tete,Doa,Depósitos,70487.0,36790293.13
2025,Julho,Tete,Doa,Depósitos,85503.0,41721338.21
2025,Agosto,Tete,Doa,Depósitos,82324.0,33515629.69
2025,Setembro,Tete,Doa,Depósitos,75438.0,36402913.64
2025,Outubro,Tete,Doa,Depósitos,87153.0,43519582.36
2025,Novembro,Tete,Doa,Depósitos,78249.0,41175313.83
2025,Dezembro,Tete,Doa,Depósitos,70560.0,42472100.13
2025,Janeiro,Tete,Marara,Depósitos,31841.0,23471231.9
2025,Fevereiro,Tete,Marara,Depósitos,32793.0,26525525.380000003
2025,Março,Tete,Marara,Depósitos,39930.0,30460390.68
2025,Abril,Tete,Marara,Depósitos,40353.0,30940790.66
2025,Maio,Tete,Marara,Depósitos,44646.0,34678047.22
2025,Junho,Tete,Marara,Depósitos,42798.0,34612544.01
2025,Julho,Tete,Marara,Depósitos,46537.0,35929469.92
2025,Agosto,Tete,Marara,Depósitos,48148.0,33677347.18
2025,Setembro,Tete,Marara,Depósitos,46124.0,32581587.5
2025,Outubro,Tete,Marara,Depósitos,52215.0,39707457.85
2025,Novembro,Tete,Marara,Depósitos,50488.0,35021569.05
2025,Dezembro,Tete,Marara,Depósitos,50935.0,39828342.92
2025,Janeiro,Zambézia,Cidade de Quelimane,Depósitos,1667510.0,1041352717.22
2025,Fevereiro,Zambézia,Cidade de Quelimane,Depósitos,1674013.0,1149753086.33
2025,Março,Zambézia,Cidade de Quelimane,Depósitos,1899179.0,1168791189.69
2025,Abril,Zambézia,Cidade de Quelimane,Depósitos,1883923.0,1207746300.95
2025,Maio,Zambézia,Cidade de Quelimane,Depósitos,2072139.0,1190329344.0
2025,Junho,Zambézia,Cidade de Quelimane,Depósitos,1999874.0,1151217894.43
2025,Julho,Zambézia,Cidade de Quelimane,Depósitos,2133489.0,1217946653.63
2025,Agosto,Zambézia,Cidade de Quelimane,Depósitos,2121681.0,1112648099.9099998
2025,Setembro,Zambézia,Cidade de Quelimane,Depósitos,1953842.0,1025084939.54
2025,Outubro,Zambézia,Cidade de Quelimane,Depósitos,2206049.0,1249100184.41
2025,Novembro,Zambézia,Cidade de Quelimane,Depósitos,2168587.0,1176367837.22
2025,Dezembro,Zambézia,Cidade de Quelimane,Depósitos,2233668.0,1422659174.07
2025,Janeiro,Zambézia,Alto Molócuè,Depósitos,407358.0,196878481.2
2025,Fevereiro,Zambézia,Alto Molócuè,Depósitos,417911.0,215582129.99
2025,Março,Zambézia,Alto Molócuè,Depósitos,474415.0,211655460.99
2025,Abril,Zambézia,Alto Molócuè,Depósitos,512265.0,218047451.41
2025,Maio,Zambézia,Alto Molócuè,Depósitos,590193.0,256742689.74
2025,Junho,Zambézia,Alto Molócuè,Depósitos,575452.0,221563055.25
2025,Julho,Zambézia,Alto Molócuè,Depósitos,598646.0,227485070.98
2025,Agosto,Zambézia,Alto Molócuè,Depósitos,667782.0,251468687.25
2025,Setembro,Zambézia,Alto Molócuè,Depósitos,670709.0,236006231.14
2025,Outubro,Zambézia,Alto Molócuè,Depósitos,763510.0,276221391.28999996
2025,Novembro,Zambézia,Alto Molócuè,Depósitos,678866.0,230676340.06
2025,Dezembro,Zambézia,Alto Molócuè,Depósitos,630878.0,248658411.66
2025,Janeiro,Zambézia,Chinde,Depósitos,37947.0,19279531.2
2025,Fevereiro,Zambézia,Chinde,Depósitos,37223.0,27234579.33
2025,Março,Zambézia,Chinde,Depósitos,38975.0,27557526.87
2025,Abril,Zambézia,Chinde,Depósitos,38885.0,28351978.86
2025,Maio,Zambézia,Chinde,Depósitos,41673.0,27229490.09
2025,Junho,Zambézia,Chinde,Depósitos,42081.0,26600911.77
2025,Julho,Zambézia,Chinde,Depósitos,49043.0,24704343.9
2025,Agosto,Zambézia,Chinde,Depósitos,50967.0,23792354.67
2025,Setembro,Zambézia,Chinde,Depósitos,50662.0,21435341.96
2025,Outubro,Zambézia,Chinde,Depósitos,55800.0,32081895.97
2025,Novembro,Zambézia,Chinde,Depósitos,54758.0,28189757.99
2025,Dezembro,Zambézia,Chinde,Depósitos,55012.0,31376212.99
2025,Janeiro,Zambézia,Gurúè,Depósitos,550037.0,198539989.04
2025,Fevereiro,Zambézia,Gurúè,Depósitos,552459.0,223410669.82
2025,Março,Zambézia,Gurúè,Depósitos,656224.0,270888459.7
2025,Abril,Zambézia,Gurúè,Depósitos,704738.0,423428664.79
2025,Maio,Zambézia,Gurúè,Depósitos,801534.0,392348245.27
2025,Junho,Zambézia,Gurúè,Depósitos,798212.0,343620788.15
2025,Julho,Zambézia,Gurúè,Depósitos,827949.0,310848040.25
2025,Agosto,Zambézia,Gurúè,Depósitos,923014.0,354192608.14
2025,Setembro,Zambézia,Gurúè,Depósitos,891725.0,314535607.06
2025,Outubro,Zambézia,Gurúè,Depósitos,974184.0,338538883.45
2025,Novembro,Zambézia,Gurúè,Depósitos,839289.0,286164342.32
2025,Dezembro,Zambézia,Gurúè,Depósitos,788503.0,306380620.89
2025,Janeiro,Zambézia,Ile,Depósitos,145008.0,53187716.22
2025,Fevereiro,Zambézia,Ile,Depósitos,147669.0,66602360.97
2025,Março,Zambézia,Ile,Depósitos,176239.0,62761490.48
2025,Abril,Zambézia,Ile,Depósitos,186068.0,72667800.15
2025,Maio,Zambézia,Ile,Depósitos,198834.0,75229246.13
2025,Junho,Zambézia,Ile,Depósitos,196729.0,70862636.6
2025,Julho,Zambézia,Ile,Depósitos,206047.0,72996728.79
2025,Agosto,Zambézia,Ile,Depósitos,223651.0,66196396.36
2025,Setembro,Zambézia,Ile,Depósitos,224408.0,64105250.04
2025,Outubro,Zambézia,Ile,Depósitos,256725.0,97897122.89
2025,Novembro,Zambézia,Ile,Depósitos,221038.0,77647917.58
2025,Dezembro,Zambézia,Ile,Depósitos,209417.0,77057691.27
2025,Janeiro,Zambézia,Inhassunge,Depósitos,61013.0,22969527.05
2025,Fevereiro,Zambézia,Inhassunge,Depósitos,60022.0,28572543.72
2025,Março,Zambézia,Inhassunge,Depósitos,64805.0,28963981.45
2025,Abril,Zambézia,Inhassunge,Depósitos,64285.0,27945886.18
2025,Maio,Zambézia,Inhassunge,Depósitos,70926.0,33073038.47
2025,Junho,Zambézia,Inhassunge,Depósitos,76517.0,33669980.489999995
2025,Julho,Zambézia,Inhassunge,Depósitos,86354.0,34921729.07
2025,Agosto,Zambézia,Inhassunge,Depósitos,89277.0,31769251.96
2025,Setembro,Zambézia,Inhassunge,Depósitos,85192.0,29475516.27
2025,Outubro,Zambézia,Inhassunge,Depósitos,102972.0,40608810.38
2025,Novembro,Zambézia,Inhassunge,Depósitos,103262.0,39745702.34
2025,Dezembro,Zambézia,Inhassunge,Depósitos,108121.0,43778027.07
2025,Janeiro,Zambézia,Lugela,Depósitos,101114.0,26691877.67
2025,Fevereiro,Zambézia,Lugela,Depósitos,104152.0,36382125.16
2025,Março,Zambézia,Lugela,Depósitos,125533.0,41530978.41
2025,Abril,Zambézia,Lugela,Depósitos,143685.0,43229771.71
2025,Maio,Zambézia,Lugela,Depósitos,151826.0,43745765.51
2025,Junho,Zambézia,Lugela,Depósitos,145914.0,44235019.99
2025,Julho,Zambézia,Lugela,Depósitos,165192.0,45335522.35
2025,Agosto,Zambézia,Lugela,Depósitos,166713.0,40914634.43
2025,Setembro,Zambézia,Lugela,Depósitos,196647.0,56661804.94
2025,Outubro,Zambézia,Lugela,Depósitos,276926.0,89390955.93
2025,Novembro,Zambézia,Lugela,Depósitos,238754.0,63058399.29
2025,Dezembro,Zambézia,Lugela,Depósitos,225706.0,67501063.00999999
2025,Janeiro,Zambézia,Gilé,Depósitos,279040.0,115528794.52
2025,Fevereiro,Zambézia,Gilé,Depósitos,285511.0,127195187.62
2025,Março,Zambézia,Gilé,Depósitos,339720.0,145258397.58
2025,Abril,Zambézia,Gilé,Depósitos,365147.0,176317999.03
2025,Maio,Zambézia,Gilé,Depósitos,405252.0,162610851.57
2025,Junho,Zambézia,Gilé,Depósitos,410962.0,165952198.38
2025,Julho,Zambézia,Gilé,Depósitos,435590.0,172441213.98
2025,Agosto,Zambézia,Gilé,Depósitos,436199.0,164985738.15
2025,Setembro,Zambézia,Gilé,Depósitos,349983.0,129591490.05
2025,Outubro,Zambézia,Gilé,Depósitos,470442.0,189964344.88
2025,Novembro,Zambézia,Gilé,Depósitos,478339.0,192286188.02
2025,Dezembro,Zambézia,Gilé,Depósitos,466117.0,198564662.78
2025,Janeiro,Zambézia,Maganja da Costa,Depósitos,287899.0,123355639.08
2025,Fevereiro,Zambézia,Maganja da Costa,Depósitos,297950.0,149701191.32
2025,Março,Zambézia,Maganja da Costa,Depósitos,319168.0,133082138.15
2025,Abril,Zambézia,Maganja da Costa,Depósitos,318512.0,134165636.31
2025,Maio,Zambézia,Maganja da Costa,Depósitos,364623.0,151146285.94
2025,Junho,Zambézia,Maganja da Costa,Depósitos,360994.0,146765540.29
2025,Julho,Zambézia,Maganja da Costa,Depósitos,391264.0,152899196.84
2025,Agosto,Zambézia,Maganja da Costa,Depósitos,406673.0,146153424.7
2025,Setembro,Zambézia,Maganja da Costa,Depósitos,377555.0,138822122.05
2025,Outubro,Zambézia,Maganja da Costa,Depósitos,432260.0,172029369.53
2025,Novembro,Zambézia,Maganja da Costa,Depósitos,425303.0,152259195.26
2025,Dezembro,Zambézia,Maganja da Costa,Depósitos,462127.0,179327054.98
2025,Janeiro,Zambézia,Milange,Depósitos,458385.0,143306845.96
2025,Fevereiro,Zambézia,Milange,Depósitos,462101.0,170557536.37
2025,Março,Zambézia,Milange,Depósitos,524815.0,276414849.95
2025,Abril,Zambézia,Milange,Depósitos,550417.0,208932186.78
2025,Maio,Zambézia,Milange,Depósitos,593218.0,254924635.17
2025,Junho,Zambézia,Milange,Depósitos,589975.0,232254570.09
2025,Julho,Zambézia,Milange,Depósitos,635887.0,246039744.49
2025,Agosto,Zambézia,Milange,Depósitos,689380.0,229726344.53
2025,Setembro,Zambézia,Milange,Depósitos,679624.0,228052506.93
2025,Outubro,Zambézia,Milange,Depósitos,773674.0,304706445.28
2025,Novembro,Zambézia,Milange,Depósitos,653565.0,333444349.16999996
2025,Dezembro,Zambézia,Milange,Depósitos,586192.0,244605570.94
2025,Janeiro,Zambézia,Mocuba,Depósitos,823419.0,482940827.77
2025,Fevereiro,Zambézia,Mocuba,Depósitos,820562.0,517716101.78
2025,Março,Zambézia,Mocuba,Depósitos,913744.0,524731755.92
2025,Abril,Zambézia,Mocuba,Depósitos,938497.0,527624254.23
2025,Maio,Zambézia,Mocuba,Depósitos,1061372.0,607685162.05
2025,Junho,Zambézia,Mocuba,Depósitos,1030398.0,567474868.19
2025,Julho,Zambézia,Mocuba,Depósitos,1120760.0,626180056.76
2025,Agosto,Zambézia,Mocuba,Depósitos,1124896.0,595830715.84
2025,Setembro,Zambézia,Mocuba,Depósitos,1132387.0,603981457.23
2025,Outubro,Zambézia,Mocuba,Depósitos,1329873.0,755016510.25
2025,Novembro,Zambézia,Mocuba,Depósitos,1216602.0,672152992.45
2025,Dezembro,Zambézia,Mocuba,Depósitos,1228782.0,752262594.91
2025,Janeiro,Zambézia,Mopeia,Depósitos,195384.0,55531616.52
2025,Fevereiro,Zambézia,Mopeia,Depósitos,191743.0,78978698.41
2025,Março,Zambézia,Mopeia,Depósitos,208581.0,71159779.31
2025,Abril,Zambézia,Mopeia,Depósitos,217779.0,78566061.28
2025,Maio,Zambézia,Mopeia,Depósitos,230455.0,79907296.93
2025,Junho,Zambézia,Mopeia,Depósitos,228322.0,77808630.6
2025,Julho,Zambézia,Mopeia,Depósitos,272502.0,99996107.87
2025,Agosto,Zambézia,Mopeia,Depósitos,295373.0,91317547.6
2025,Setembro,Zambézia,Mopeia,Depósitos,285644.0,78935399.18
2025,Outubro,Zambézia,Mopeia,Depósitos,346666.0,118944130.7
2025,Novembro,Zambézia,Mopeia,Depósitos,316792.0,92392786.92
2025,Dezembro,Zambézia,Mopeia,Depósitos,306175.0,104726780.29
2025,Janeiro,Zambézia,Morrumbala,Depósitos,259323.0,94999794.34
2025,Fevereiro,Zambézia,Morrumbala,Depósitos,252634.0,119132909.55
2025,Março,Zambézia,Morrumbala,Depósitos,293050.0,194629373.76
2025,Abril,Zambézia,Morrumbala,Depósitos,323032.0,252676373.02
2025,Maio,Zambézia,Morrumbala,Depósitos,344975.0,137897871.35
2025,Junho,Zambézia,Morrumbala,Depósitos,329830.0,126623171.01
2025,Julho,Zambézia,Morrumbala,Depósitos,407887.0,177044611.51
2025,Agosto,Zambézia,Morrumbala,Depósitos,419347.0,157175131.78
2025,Setembro,Zambézia,Morrumbala,Depósitos,436966.0,172515928.59
2025,Outubro,Zambézia,Morrumbala,Depósitos,533658.0,246951566.42
2025,Novembro,Zambézia,Morrumbala,Depósitos,450262.0,178163159.23
2025,Dezembro,Zambézia,Morrumbala,Depósitos,388880.0,166644094.07
2025,Janeiro,Zambézia,Namacurra,Depósitos,228304.0,91750374.95
2025,Fevereiro,Zambézia,Namacurra,Depósitos,236985.0,106310597.35
2025,Março,Zambézia,Namacurra,Depósitos,249631.0,93903448.64
2025,Abril,Zambézia,Namacurra,Depósitos,249644.0,91634269.37
2025,Maio,Zambézia,Namacurra,Depósitos,279684.0,113053678.92
2025,Junho,Zambézia,Namacurra,Depósitos,283938.0,112168073.39
2025,Julho,Zambézia,Namacurra,Depósitos,305020.0,116484716.76
2025,Agosto,Zambézia,Namacurra,Depósitos,307242.0,108647403.71
2025,Setembro,Zambézia,Namacurra,Depósitos,297324.0,100444987.38
2025,Outubro,Zambézia,Namacurra,Depósitos,343609.0,126244505.34
2025,Novembro,Zambézia,Namacurra,Depósitos,332524.0,109786868.24
2025,Dezembro,Zambézia,Namacurra,Depósitos,360479.0,141195732.2
2025,Janeiro,Zambézia,Namarroi,Depósitos,77034.0,19438780.91
2025,Fevereiro,Zambézia,Namarroi,Depósitos,76551.0,26023098.4
2025,Março,Zambézia,Namarroi,Depósitos,99693.0,27712603.13
2025,Abril,Zambézia,Namarroi,Depósitos,119384.0,31506685.05
2025,Maio,Zambézia,Namarroi,Depósitos,133978.0,32057957.21
2025,Junho,Zambézia,Namarroi,Depósitos,125704.0,30748531.0
2025,Julho,Zambézia,Namarroi,Depósitos,128191.0,30697918.53
2025,Agosto,Zambézia,Namarroi,Depósitos,156306.0,30901673.86
2025,Setembro,Zambézia,Namarroi,Depósitos,159470.0,28632446.99
2025,Outubro,Zambézia,Namarroi,Depósitos,172453.0,38972684.12
2025,Novembro,Zambézia,Namarroi,Depósitos,140944.0,32965289.07
2025,Dezembro,Zambézia,Namarroi,Depósitos,115356.0,28643380.49
2025,Janeiro,Zambézia,Nicoadala,Depósitos,382695.0,143618470.01
2025,Fevereiro,Zambézia,Nicoadala,Depósitos,358553.0,178410172.83
2025,Março,Zambézia,Nicoadala,Depósitos,379081.0,178856273.87
2025,Abril,Zambézia,Nicoadala,Depósitos,398788.0,197742425.64
2025,Maio,Zambézia,Nicoadala,Depósitos,444503.0,179895965.23
2025,Junho,Zambézia,Nicoadala,Depósitos,445521.0,174622874.46
2025,Julho,Zambézia,Nicoadala,Depósitos,476304.0,178726532.59
2025,Agosto,Zambézia,Nicoadala,Depósitos,486503.0,167311589.33
2025,Setembro,Zambézia,Nicoadala,Depósitos,467641.0,162714126.6
2025,Outubro,Zambézia,Nicoadala,Depósitos,535318.0,198136930.38
2025,Novembro,Zambézia,Nicoadala,Depósitos,535000.0,186129871.88
2025,Dezembro,Zambézia,Nicoadala,Depósitos,557406.0,234695318.21
2025,Janeiro,Zambézia,Pebane,Depósitos,413882.0,109827772.19
2025,Fevereiro,Zambézia,Pebane,Depósitos,381482.0,115732436.67
2025,Março,Zambézia,Pebane,Depósitos,399109.0,118069616.96
2025,Abril,Zambézia,Pebane,Depósitos,412838.0,126642431.64
2025,Maio,Zambézia,Pebane,Depósitos,449446.0,131632482.78
2025,Junho,Zambézia,Pebane,Depósitos,456992.0,132701787.14
2025,Julho,Zambézia,Pebane,Depósitos,468453.0,137608211.07999998
2025,Agosto,Zambézia,Pebane,Depósitos,479238.0,146662257.45999998
2025,Setembro,Zambézia,Pebane,Depósitos,470870.0,145797945.12
2025,Outubro,Zambézia,Pebane,Depósitos,557336.0,187381172.7
2025,Novembro,Zambézia,Pebane,Depósitos,597288.0,174239967.22
2025,Dezembro,Zambézia,Pebane,Depósitos,594981.0,171061396.71
2025,Janeiro,Zambézia,Molumbo,Depósitos,166212.0,40040478.67
2025,Fevereiro,Zambézia,Molumbo,Depósitos,171272.0,50511895.15
2025,Março,Zambézia,Molumbo,Depósitos,238341.0,73994718.26
2025,Abril,Zambézia,Molumbo,Depósitos,285639.0,80470596.16
2025,Maio,Zambézia,Molumbo,Depósitos,372952.0,113097782.12
2025,Junho,Zambézia,Molumbo,Depósitos,385940.0,94890297.38
2025,Julho,Zambézia,Molumbo,Depósitos,428582.0,89730501.37
2025,Agosto,Zambézia,Molumbo,Depósitos,444440.0,83314642.28
2025,Setembro,Zambézia,Molumbo,Depósitos,371830.0,60951157.58
2025,Outubro,Zambézia,Molumbo,Depósitos,378545.0,70956601.86
2025,Novembro,Zambézia,Molumbo,Depósitos,306344.0,49377985.36
2025,Dezembro,Zambézia,Molumbo,Depósitos,277437.0,51798544.38
2025,Janeiro,Zambézia,Mocubela,Depósitos,4766.0,4807007.0
2025,Fevereiro,Zambézia,Mocubela,Depósitos,4520.0,4400500.0
2025,Março,Zambézia,Mocubela,Depósitos,3488.0,1087385.0
2025,Abril,Zambézia,Mocubela,Depósitos,3808.0,800769.0
2025,Maio,Zambézia,Mocubela,Depósitos,3550.0,684585.0
2025,Junho,Zambézia,Mocubela,Depósitos,3948.0,787630.0
2025,Julho,Zambézia,Mocubela,Depósitos,4262.0,804503.0
2025,Agosto,Zambézia,Mocubela,Depósitos,3920.0,425865.0
2025,Setembro,Zambézia,Mocubela,Depósitos,4748.0,649645.0
2025,Outubro,Zambézia,Mocubela,Depósitos,4702.0,665612.0
2025,Novembro,Zambézia,Mocubela,Depósitos,4429.0,804558.0
2025,Dezembro,Zambézia,Mocubela,Depósitos,4297.0,795439.0
2025,Janeiro,Zambézia,Mulevala,Depósitos,188240.0,98464696.81
2025,Fevereiro,Zambézia,Mulevala,Depósitos,185923.0,96988810.05
2025,Março,Zambézia,Mulevala,Depósitos,204417.0,93056854.04
2025,Abril,Zambézia,Mulevala,Depósitos,212122.0,98814810.09
2025,Maio,Zambézia,Mulevala,Depósitos,217159.0,90078353.08
2025,Junho,Zambézia,Mulevala,Depósitos,200346.0,73923303.53
2025,Julho,Zambézia,Mulevala,Depósitos,216969.0,84398598.52
2025,Agosto,Zambézia,Mulevala,Depósitos,223215.0,83726280.18
2025,Setembro,Zambézia,Mulevala,Depósitos,236060.0,86358972.0
2025,Outubro,Zambézia,Mulevala,Depósitos,280897.0,119451808.28
2025,Novembro,Zambézia,Mulevala,Depósitos,266118.0,97074413.67
2025,Dezembro,Zambézia,Mulevala,Depósitos,268105.0,106809723.65
2025,Janeiro,Zambézia,Luabo,Depósitos,5556.0,1057631.0
2025,Fevereiro,Zambézia,Luabo,Depósitos,6645.0,1336936.0
2025,Março,Zambézia,Luabo,Depósitos,5662.0,1208223.0
2025,Abril,Zambézia,Luabo,Depósitos,6327.0,1230827.0
2025,Maio,Zambézia,Luabo,Depósitos,6413.0,1288468.0
2025,Junho,Zambézia,Luabo,Depósitos,5376.0,976821.0
2025,Julho,Zambézia,Luabo,Depósitos,6272.0,1011482.0
2025,Agosto,Zambézia,Luabo,Depósitos,6849.0,1030643.0
2025,Setembro,Zambézia,Luabo,Depósitos,6896.0,967488.0
2025,Outubro,Zambézia,Luabo,Depósitos,6726.0,956454.0
2025,Novembro,Zambézia,Luabo,Depósitos,5814.0,773081.0
2025,Dezembro,Zambézia,Luabo,Depósitos,5477.0,802370.0
2025,Janeiro,Zambézia,Derre,Depósitos,3745.0,946871.0
2025,Fevereiro,Zambézia,Derre,Depósitos,1526.0,639934.0
2025,Março,Zambézia,Derre,Depósitos,550.0,613142.0
2025,Abril,Zambézia,Derre,Depósitos,751.0,630106.0
2025,Maio,Zambézia,Derre,Depósitos,724.0,591176.0
2025,Junho,Zambézia,Derre,Depósitos,818.0,755919.0
2025,Julho,Zambézia,Derre,Depósitos,1144.0,1899248.0
2025,Agosto,Zambézia,Derre,Depósitos,920.0,1380900.0
2025,Setembro,Zambézia,Derre,Depósitos,1365.0,5438580.0
2025,Outubro,Zambézia,Derre,Depósitos,1022.0,3550885.0
2025,Novembro,Zambézia,Derre,Depósitos,706.0,1050437.0
2025,Dezembro,Zambézia,Derre,Depósitos,368.0,905495.0
2025,Janeiro,Nampula,Cidade de Nampula,Depósitos,4616092.0,2785228186.57
2025,Fevereiro,Nampula,Cidade de Nampula,Depósitos,4151149.0,3028334887.49
2025,Março,Nampula,Cidade de Nampula,Depósitos,4396536.0,3167009822.36
2025,Abril,Nampula,Cidade de Nampula,Depósitos,4501455.0,3308372154.44
2025,Maio,Nampula,Cidade de Nampula,Depósitos,5143616.0,3933969391.34
2025,Junho,Nampula,Cidade de Nampula,Depósitos,5024137.0,3774918540.48
2025,Julho,Nampula,Cidade de Nampula,Depósitos,5306544.0,3886964005.43
2025,Agosto,Nampula,Cidade de Nampula,Depósitos,5157387.0,3607229527.68
2025,Setembro,Nampula,Cidade de Nampula,Depósitos,4726951.0,3220143714.91
2025,Outubro,Nampula,Cidade de Nampula,Depósitos,5255009.0,3676161411.9
2025,Novembro,Nampula,Cidade de Nampula,Depósitos,5252411.0,3669827700.77
2025,Dezembro,Nampula,Cidade de Nampula,Depósitos,5521796.0,4261974388.92
2025,Janeiro,Nampula,Cidade de Nacala-Porto,Depósitos,1895920.0,925198618.19
2025,Fevereiro,Nampula,Cidade de Nacala-Porto,Depósitos,1753083.0,947886205.8
2025,Março,Nampula,Cidade de Nacala-Porto,Depósitos,1802872.0,1011451923.54
2025,Abril,Nampula,Cidade de Nacala-Porto,Depósitos,1863284.0,984246196.27
2025,Maio,Nampula,Cidade de Nacala-Porto,Depósitos,2132958.0,1129487761.4
2025,Junho,Nampula,Cidade de Nacala-Porto,Depósitos,2053377.0,1109770598.14
2025,Julho,Nampula,Cidade de Nacala-Porto,Depósitos,2189411.0,1171781400.53
2025,Agosto,Nampula,Cidade de Nacala-Porto,Depósitos,2155394.0,1077820096.6
2025,Setembro,Nampula,Cidade de Nacala-Porto,Depósitos,1950327.0,1042946433.37
2025,Outubro,Nampula,Cidade de Nacala-Porto,Depósitos,2197563.0,1244161025.9
2025,Novembro,Nampula,Cidade de Nacala-Porto,Depósitos,2262065.0,1252736178.91
2025,Dezembro,Nampula,Cidade de Nacala-Porto,Depósitos,2461097.0,1559508189.35
2025,Janeiro,Nampula,Angoche,Depósitos,3161192.0,208186718.2
2025,Fevereiro,Nampula,Angoche,Depósitos,797809.0,207151574.08
2025,Março,Nampula,Angoche,Depósitos,577610.0,203149873.29
2025,Abril,Nampula,Angoche,Depósitos,635117.0,205959217.51
2025,Maio,Nampula,Angoche,Depósitos,725797.0,228038036.53
2025,Junho,Nampula,Angoche,Depósitos,752990.0,239008205.59
2025,Julho,Nampula,Angoche,Depósitos,776976.0,255327172.16
2025,Agosto,Nampula,Angoche,Depósitos,771301.0,242755817.3
2025,Setembro,Nampula,Angoche,Depósitos,729209.0,202472558.57
2025,Outubro,Nampula,Angoche,Depósitos,815160.0,252202781.14
2025,Novembro,Nampula,Angoche,Depósitos,919543.0,275959102.44
2025,Dezembro,Nampula,Angoche,Depósitos,938031.0,380895774.3
2025,Janeiro,Nampula,Ilha de Moçambique,Depósitos,172667.0,70080142.85
2025,Fevereiro,Nampula,Ilha de Moçambique,Depósitos,203419.0,77435368.54
2025,Março,Nampula,Ilha de Moçambique,Depósitos,171881.0,74002558.06
2025,Abril,Nampula,Ilha de Moçambique,Depósitos,205678.0,77575943.55
2025,Maio,Nampula,Ilha de Moçambique,Depósitos,212512.0,71236257.54
2025,Junho,Nampula,Ilha de Moçambique,Depósitos,212995.0,80210628.88
2025,Julho,Nampula,Ilha de Moçambique,Depósitos,221425.0,72915402.79
2025,Agosto,Nampula,Ilha de Moçambique,Depósitos,232974.0,82367201.34
2025,Setembro,Nampula,Ilha de Moçambique,Depósitos,232621.0,80702437.49
2025,Outubro,Nampula,Ilha de Moçambique,Depósitos,269053.0,95695961.39
2025,Novembro,Nampula,Ilha de Moçambique,Depósitos,267998.0,89365314.87
2025,Dezembro,Nampula,Ilha de Moçambique,Depósitos,349973.0,135290698.8
2025,Janeiro,Nampula,Lalaua,Depósitos,49197.0,15019931.83
2025,Fevereiro,Nampula,Lalaua,Depósitos,58619.0,25038263.84
2025,Março,Nampula,Lalaua,Depósitos,49944.0,18625209.28
2025,Abril,Nampula,Lalaua,Depósitos,67773.0,23050938.56
2025,Maio,Nampula,Lalaua,Depósitos,85295.0,32302298.54
2025,Junho,Nampula,Lalaua,Depósitos,96537.0,37889063.04
2025,Julho,Nampula,Lalaua,Depósitos,116670.0,45316065.71
2025,Agosto,Nampula,Lalaua,Depósitos,128496.0,41831797.04
2025,Setembro,Nampula,Lalaua,Depósitos,115132.0,35510178.22
2025,Outubro,Nampula,Lalaua,Depósitos,115574.0,37877431.38
2025,Novembro,Nampula,Lalaua,Depósitos,96377.0,28742490.06
2025,Dezembro,Nampula,Lalaua,Depósitos,89761.0,30330061.31
2025,Janeiro,Nampula,Malema,Depósitos,274062.0,86155795.17
2025,Fevereiro,Nampula,Malema,Depósitos,236396.0,100236558.02
2025,Março,Nampula,Malema,Depósitos,249666.0,96616707.31
2025,Abril,Nampula,Malema,Depósitos,266919.0,105022690.19
2025,Maio,Nampula,Malema,Depósitos,308987.0,130794888.54
2025,Junho,Nampula,Malema,Depósitos,324896.0,142618298.01
2025,Julho,Nampula,Malema,Depósitos,362966.0,147423971.64
2025,Agosto,Nampula,Malema,Depósitos,400827.0,179728336.13
2025,Setembro,Nampula,Malema,Depósitos,387165.0,150471363.45
2025,Outubro,Nampula,Malema,Depósitos,401484.0,142105723.29
2025,Novembro,Nampula,Malema,Depósitos,358331.0,133036272.96
2025,Dezembro,Nampula,Malema,Depósitos,336188.0,141087200.32
2025,Janeiro,Nampula,Meconta (Namialo),Depósitos,3585512.0,150889630.94
2025,Fevereiro,Nampula,Meconta (Namialo),Depósitos,1095145.0,131027864.58
2025,Março,Nampula,Meconta (Namialo),Depósitos,404538.0,131165285.21
2025,Abril,Nampula,Meconta (Namialo),Depósitos,464525.0,168096657.79
2025,Maio,Nampula,Meconta (Namialo),Depósitos,515790.0,181219636.72
2025,Junho,Nampula,Meconta (Namialo),Depósitos,521673.0,172384530.89000002
2025,Julho,Nampula,Meconta (Namialo),Depósitos,532221.0,172035342.41
2025,Agosto,Nampula,Meconta (Namialo),Depósitos,525493.0,160983224.56
2025,Setembro,Nampula,Meconta (Namialo),Depósitos,482940.0,136280321.26
2025,Outubro,Nampula,Meconta (Namialo),Depósitos,556034.0,201398485.12
2025,Novembro,Nampula,Meconta (Namialo),Depósitos,608000.0,228631838.56
2025,Dezembro,Nampula,Meconta (Namialo),Depósitos,562518.0,251655508.99
2025,Janeiro,Nampula,Mecuburi,Depósitos,143035.0,44686872.02
2025,Fevereiro,Nampula,Mecuburi,Depósitos,160965.0,64409862.44
2025,Março,Nampula,Mecuburi,Depósitos,168944.0,67823306.57
2025,Abril,Nampula,Mecuburi,Depósitos,203013.0,71641400.87
2025,Maio,Nampula,Mecuburi,Depósitos,226979.0,71050192.34
2025,Junho,Nampula,Mecuburi,Depósitos,236013.0,70289893.2
2025,Julho,Nampula,Mecuburi,Depósitos,261467.0,81801742.72
2025,Agosto,Nampula,Mecuburi,Depósitos,271854.0,68600301.69
2025,Setembro,Nampula,Mecuburi,Depósitos,281317.0,75346391.24
2025,Outubro,Nampula,Mecuburi,Depósitos,303037.0,89882417.43
2025,Novembro,Nampula,Mecuburi,Depósitos,299943.0,81842515.74
2025,Dezembro,Nampula,Mecuburi,Depósitos,276240.0,88071018.25
2025,Janeiro,Nampula,Memba,Depósitos,314145.0,75704220.09
2025,Fevereiro,Nampula,Memba,Depósitos,326437.0,90533132.77
2025,Março,Nampula,Memba,Depósitos,277765.0,82664699.04
2025,Abril,Nampula,Memba,Depósitos,367738.0,89667334.41
2025,Maio,Nampula,Memba,Depósitos,416568.0,98832532.29
2025,Junho,Nampula,Memba,Depósitos,448082.0,104753879.01
2025,Julho,Nampula,Memba,Depósitos,475255.0,109820937.32
2025,Agosto,Nampula,Memba,Depósitos,478763.0,103002138.54
2025,Setembro,Nampula,Memba,Depósitos,475135.0,115370279.07
2025,Outubro,Nampula,Memba,Depósitos,544334.0,140524878.21
2025,Novembro,Nampula,Memba,Depósitos,643803.0,153067498.32
2025,Dezembro,Nampula,Memba,Depósitos,553114.0,152293808.04
2025,Janeiro,Nampula,Mogincual,Depósitos,266693.0,38473210.77
2025,Fevereiro,Nampula,Mogincual,Depósitos,268345.0,63399750.7
2025,Março,Nampula,Mogincual,Depósitos,227567.0,63655364.39
2025,Abril,Nampula,Mogincual,Depósitos,270885.0,78388257.25
2025,Maio,Nampula,Mogincual,Depósitos,287470.0,61908017.38
2025,Junho,Nampula,Mogincual,Depósitos,301009.0,67911530.55
2025,Julho,Nampula,Mogincual,Depósitos,332996.0,72671522.74
2025,Agosto,Nampula,Mogincual,Depósitos,327061.0,58515388.92
2025,Setembro,Nampula,Mogincual,Depósitos,310377.0,56440051.59
2025,Outubro,Nampula,Mogincual,Depósitos,358453.0,77170342.11
2025,Novembro,Nampula,Mogincual,Depósitos,408408.0,81383751.19
2025,Dezembro,Nampula,Mogincual,Depósitos,385243.0,76792584.44
2025,Janeiro,Nampula,Mogovolas,Depósitos,508529.0,111622295.88
2025,Fevereiro,Nampula,Mogovolas,Depósitos,474021.0,127958472.65
2025,Março,Nampula,Mogovolas,Depósitos,466389.0,135910932.63
2025,Abril,Nampula,Mogovolas,Depósitos,576592.0,186098666.28
2025,Maio,Nampula,Mogovolas,Depósitos,653988.0,185342990.39
2025,Junho,Nampula,Mogovolas,Depósitos,653527.0,156583375.0
2025,Julho,Nampula,Mogovolas,Depósitos,651873.0,150185649.07
2025,Agosto,Nampula,Mogovolas,Depósitos,606549.0,132278485.68
2025,Setembro,Nampula,Mogovolas,Depósitos,568812.0,124327072.72
2025,Outubro,Nampula,Mogovolas,Depósitos,641778.0,159910932.65
2025,Novembro,Nampula,Mogovolas,Depósitos,786321.0,215948584.61
2025,Dezembro,Nampula,Mogovolas,Depósitos,745102.0,191989395.47
2025,Janeiro,Nampula,Moma,Depósitos,911569.0,270233085.87
2025,Fevereiro,Nampula,Moma,Depósitos,817933.0,281301452.65999997
2025,Março,Nampula,Moma,Depósitos,739074.0,302259271.16
2025,Abril,Nampula,Moma,Depósitos,830092.0,302605625.41
2025,Maio,Nampula,Moma,Depósitos,947234.0,353753772.56
2025,Junho,Nampula,Moma,Depósitos,1019037.0,356699540.95
2025,Julho,Nampula,Moma,Depósitos,1063561.0,353315029.19
2025,Agosto,Nampula,Moma,Depósitos,1068012.0,329797455.24
2025,Setembro,Nampula,Moma,Depósitos,1006622.0,333049256.14
2025,Outubro,Nampula,Moma,Depósitos,1095918.0,386077981.68
2025,Novembro,Nampula,Moma,Depósitos,1190809.0,400179149.29
2025,Dezembro,Nampula,Moma,Depósitos,1169329.0,398929796.31
2025,Janeiro,Nampula,Monapo,Depósitos,456955.0,105546062.57
2025,Fevereiro,Nampula,Monapo,Depósitos,413390.0,116272266.3
2025,Março,Nampula,Monapo,Depósitos,339524.0,107193969.1
2025,Abril,Nampula,Monapo,Depósitos,415700.0,118695677.38
2025,Maio,Nampula,Monapo,Depósitos,445222.0,119320052.7
2025,Junho,Nampula,Monapo,Depósitos,468541.0,119354698.11
2025,Julho,Nampula,Monapo,Depósitos,462439.0,122609269.22
2025,Agosto,Nampula,Monapo,Depósitos,493386.0,125737846.7
2025,Setembro,Nampula,Monapo,Depósitos,490550.0,127106972.89
2025,Outubro,Nampula,Monapo,Depósitos,555585.0,148334795.43
2025,Novembro,Nampula,Monapo,Depósitos,619243.0,159573224.15
2025,Dezembro,Nampula,Monapo,Depósitos,593982.0,165434356.48
2025,Janeiro,Nampula,Mossuril,Depósitos,190195.0,38741501.64
2025,Fevereiro,Nampula,Mossuril,Depósitos,126211.0,50623445.67
2025,Março,Nampula,Mossuril,Depósitos,114653.0,46829920.42
2025,Abril,Nampula,Mossuril,Depósitos,137332.0,45427970.01
2025,Maio,Nampula,Mossuril,Depósitos,174061.0,57369944.67
2025,Junho,Nampula,Mossuril,Depósitos,178846.0,60754709.9
2025,Julho,Nampula,Mossuril,Depósitos,197746.0,64431101.75
2025,Agosto,Nampula,Mossuril,Depósitos,208748.0,65272080.56
2025,Setembro,Nampula,Mossuril,Depósitos,182642.0,52701979.81
2025,Outubro,Nampula,Mossuril,Depósitos,206928.0,63585853.44
2025,Novembro,Nampula,Mossuril,Depósitos,221558.0,59028963.69
2025,Dezembro,Nampula,Mossuril,Depósitos,227254.0,73262918.67
2025,Janeiro,Nampula,Muecate,Depósitos,126177.0,21486833.88
2025,Fevereiro,Nampula,Muecate,Depósitos,117877.0,25483740.76
2025,Março,Nampula,Muecate,Depósitos,88044.0,20088650.18
2025,Abril,Nampula,Muecate,Depósitos,120935.0,28793936.97
2025,Maio,Nampula,Muecate,Depósitos,139827.0,24211833.83
2025,Junho,Nampula,Muecate,Depósitos,147300.0,29702736.81
2025,Julho,Nampula,Muecate,Depósitos,155047.0,29779021.76
2025,Agosto,Nampula,Muecate,Depósitos,163988.0,26641717.05
2025,Setembro,Nampula,Muecate,Depósitos,159693.0,27566364.34
2025,Outubro,Nampula,Muecate,Depósitos,168975.0,32043387.26
2025,Novembro,Nampula,Muecate,Depósitos,206592.0,34743219.45
2025,Dezembro,Nampula,Muecate,Depósitos,192303.0,35549520.02
2025,Janeiro,Nampula,Murrupula,Depósitos,242368.0,64232123.15
2025,Fevereiro,Nampula,Murrupula,Depósitos,213761.0,65659784.3
2025,Março,Nampula,Murrupula,Depósitos,233248.0,67846172.12
2025,Abril,Nampula,Murrupula,Depósitos,270986.0,85666576.97
2025,Maio,Nampula,Murrupula,Depósitos,287243.0,78577778.08
2025,Junho,Nampula,Murrupula,Depósitos,293928.0,74062342.18
2025,Julho,Nampula,Murrupula,Depósitos,307615.0,75540438.4
2025,Agosto,Nampula,Murrupula,Depósitos,319814.0,70612951.94
2025,Setembro,Nampula,Murrupula,Depósitos,324229.0,76505302.78999999
2025,Outubro,Nampula,Murrupula,Depósitos,369078.0,92192304.48
2025,Novembro,Nampula,Murrupula,Depósitos,415650.0,118340991.23
2025,Dezembro,Nampula,Murrupula,Depósitos,385401.0,100615540.73
2025,Janeiro,Nampula,Nacala-Velha,Depósitos,160813.0,42191467.49
2025,Fevereiro,Nampula,Nacala-Velha,Depósitos,158886.0,43902744.04
2025,Março,Nampula,Nacala-Velha,Depósitos,147145.0,44632901.2
2025,Abril,Nampula,Nacala-Velha,Depósitos,178588.0,51795813.36
2025,Maio,Nampula,Nacala-Velha,Depósitos,225216.0,73727014.01
2025,Junho,Nampula,Nacala-Velha,Depósitos,214573.0,73426973.93
2025,Julho,Nampula,Nacala-Velha,Depósitos,241635.0,79892533.35
2025,Agosto,Nampula,Nacala-Velha,Depósitos,237095.0,70505994.3
2025,Setembro,Nampula,Nacala-Velha,Depósitos,208976.0,53229774.9
2025,Outubro,Nampula,Nacala-Velha,Depósitos,236334.0,62295959.84
2025,Novembro,Nampula,Nacala-Velha,Depósitos,255120.0,63724046.75
2025,Dezembro,Nampula,Nacala-Velha,Depósitos,261499.0,78877566.93
2025,Janeiro,Nampula,Nacaroa,Depósitos,146551.0,34523389.08
2025,Fevereiro,Nampula,Nacaroa,Depósitos,145613.0,39559876.65
2025,Março,Nampula,Nacaroa,Depósitos,126176.0,39740324.86
2025,Abril,Nampula,Nacaroa,Depósitos,179145.0,60167806.42
2025,Maio,Nampula,Nacaroa,Depósitos,211469.0,60870012.53
2025,Junho,Nampula,Nacaroa,Depósitos,211182.0,53701701.92
2025,Julho,Nampula,Nacaroa,Depósitos,223992.0,52565050.9
2025,Agosto,Nampula,Nacaroa,Depósitos,215728.0,44591019.16
2025,Setembro,Nampula,Nacaroa,Depósitos,199357.0,41621430.08
2025,Outubro,Nampula,Nacaroa,Depósitos,226758.0,57670083.88
2025,Novembro,Nampula,Nacaroa,Depósitos,259243.0,65823223.24
2025,Dezembro,Nampula,Nacaroa,Depósitos,250669.0,63276641.77
2025,Janeiro,Nampula,Namapa-Erati,Depósitos,512331.0,99110992.2
2025,Fevereiro,Nampula,Namapa-Erati,Depósitos,252234.0,119007705.41
2025,Março,Nampula,Namapa-Erati,Depósitos,260355.0,123307959.92
2025,Abril,Nampula,Namapa-Erati,Depósitos,317764.0,166422957.55
2025,Maio,Nampula,Namapa-Erati,Depósitos,371624.0,183627103.91
2025,Junho,Nampula,Namapa-Erati,Depósitos,364820.0,170760249.14
2025,Julho,Nampula,Namapa-Erati,Depósitos,400302.0,163776752.21
2025,Agosto,Nampula,Namapa-Erati,Depósitos,441959.0,170919022.31
2025,Setembro,Nampula,Namapa-Erati,Depósitos,410241.0,147739961.07
2025,Outubro,Nampula,Namapa-Erati,Depósitos,452339.0,182485334.14
2025,Novembro,Nampula,Namapa-Erati,Depósitos,522633.0,211023058.62
2025,Dezembro,Nampula,Namapa-Erati,Depósitos,524104.0,199857399.78
2025,Janeiro,Nampula,Rapale-Nampula,Depósitos,472085.0,211031231.94
2025,Fevereiro,Nampula,Rapale-Nampula,Depósitos,459740.0,220531400.93
2025,Março,Nampula,Rapale-Nampula,Depósitos,421742.0,189341554.32
2025,Abril,Nampula,Rapale-Nampula,Depósitos,488931.0,205537760.41
2025,Maio,Nampula,Rapale-Nampula,Depósitos,604695.0,257341599.47
2025,Junho,Nampula,Rapale-Nampula,Depósitos,619963.0,243329139.12
2025,Julho,Nampula,Rapale-Nampula,Depósitos,657627.0,256052069.48
2025,Agosto,Nampula,Rapale-Nampula,Depósitos,759922.0,377802036.23
2025,Setembro,Nampula,Rapale-Nampula,Depósitos,766603.0,347925113.5
2025,Outubro,Nampula,Rapale-Nampula,Depósitos,442877.0,139590565.61
2025,Novembro,Nampula,Rapale-Nampula,Depósitos,964572.0,451486411.68
2025,Dezembro,Nampula,Rapale-Nampula,Depósitos,1005627.0,573917631.9
2025,Janeiro,Nampula,Ribaué,Depósitos,270627.0,100506099.34
2025,Fevereiro,Nampula,Ribaué,Depósitos,276315.0,118785131.24
2025,Março,Nampula,Ribaué,Depósitos,269388.0,104537341.03
2025,Abril,Nampula,Ribaué,Depósitos,323804.0,117292281.74
2025,Maio,Nampula,Ribaué,Depósitos,361798.0,129096539.13
2025,Junho,Nampula,Ribaué,Depósitos,366643.0,122981838.29
2025,Julho,Nampula,Ribaué,Depósitos,382804.0,122258288.76
2025,Agosto,Nampula,Ribaué,Depósitos,426478.0,129405004.12
2025,Setembro,Nampula,Ribaué,Depósitos,415243.0,128239096.97
2025,Outubro,Nampula,Ribaué,Depósitos,447285.0,143610874.61
2025,Novembro,Nampula,Ribaué,Depósitos,397980.0,115111463.06
2025,Dezembro,Nampula,Ribaué,Depósitos,411286.0,142689719.56
2025,Janeiro,Nampula,Liupo,Depósitos,1045.0,42873.0
2025,Fevereiro,Nampula,Liupo,Depósitos,575.0,27814.0
2025,Março,Nampula,Liupo,Depósitos,252.0,14874.0
2025,Abril,Nampula,Liupo,Depósitos,433.0,17688.0
2025,Maio,Nampula,Liupo,Depósitos,388.0,13363.0
2025,Junho,Nampula,Liupo,Depósitos,341.0,12150.0
2025,Julho,Nampula,Liupo,Depósitos,104.0,2311.0
2025,Agosto,Nampula,Liupo,Depósitos,962.0,46562.0
2025,Setembro,Nampula,Liupo,Depósitos,838.0,26511.0
2025,Outubro,Nampula,Liupo,Depósitos,1493.0,67753.0
2025,Novembro,Nampula,Liupo,Depósitos,2039.0,2083610.0
2025,Dezembro,Nampula,Liupo,Depósitos,1412.0,375352.0
2025,Janeiro,Nampula,Larde,Depósitos,3686.0,349230.0
2025,Fevereiro,Nampula,Larde,Depósitos,3627.0,518372.0
2025,Março,Nampula,Larde,Depósitos,3001.0,493370.0
2025,Abril,Nampula,Larde,Depósitos,10307.0,4683972.0
2025,Maio,Nampula,Larde,Depósitos,13745.0,5305665.0
2025,Junho,Nampula,Larde,Depósitos,8248.0,4082644.0
2025,Julho,Nampula,Larde,Depósitos,9140.0,3733060.0
2025,Agosto,Nampula,Larde,Depósitos,7395.0,2217068.0
2025,Setembro,Nampula,Larde,Depósitos,6720.0,2851562.0
2025,Outubro,Nampula,Larde,Depósitos,27977.0,17631505.0
2025,Novembro,Nampula,Larde,Depósitos,28461.0,10653937.0
2025,Dezembro,Nampula,Larde,Depósitos,26804.0,9339870.0
2025,Janeiro,Cabo Delgado,Cidade de Pemba,Depósitos,1600607.0,1234763742.47
2025,Fevereiro,Cabo Delgado,Cidade de Pemba,Depósitos,1636676.0,1314832776.99
2025,Março,Cabo Delgado,Cidade de Pemba,Depósitos,1825955.0,1345099638.48
2025,Abril,Cabo Delgado,Cidade de Pemba,Depósitos,1745618.0,1247799354.42
2025,Maio,Cabo Delgado,Cidade de Pemba,Depósitos,1994373.0,1521162345.35
2025,Junho,Cabo Delgado,Cidade de Pemba,Depósitos,1894570.0,1366119641.71
2025,Julho,Cabo Delgado,Cidade de Pemba,Depósitos,2044820.0,1507638223.07
2025,Agosto,Cabo Delgado,Cidade de Pemba,Depósitos,2093818.0,1417523888.78
2025,Setembro,Cabo Delgado,Cidade de Pemba,Depósitos,1945378.0,1363728930.7
2025,Outubro,Cabo Delgado,Cidade de Pemba,Depósitos,2225722.0,1621111996.45
2025,Novembro,Cabo Delgado,Cidade de Pemba,Depósitos,2270650.0,1587348107.64
2025,Dezembro,Cabo Delgado,Cidade de Pemba,Depósitos,2405970.0,1932734599.31
2025,Janeiro,Cabo Delgado,Ancuabe,Depósitos,258370.0,105467599.24
2025,Fevereiro,Cabo Delgado,Ancuabe,Depósitos,276528.0,140160500.6
2025,Março,Cabo Delgado,Ancuabe,Depósitos,315273.0,137007486.38
2025,Abril,Cabo Delgado,Ancuabe,Depósitos,311425.0,122234115.06
2025,Maio,Cabo Delgado,Ancuabe,Depósitos,371498.0,154447210.61
2025,Junho,Cabo Delgado,Ancuabe,Depósitos,380756.0,148986106.01
2025,Julho,Cabo Delgado,Ancuabe,Depósitos,425993.0,157770177.91
2025,Agosto,Cabo Delgado,Ancuabe,Depósitos,466198.0,143906106.87
2025,Setembro,Cabo Delgado,Ancuabe,Depósitos,445160.0,145728970.21
2025,Outubro,Cabo Delgado,Ancuabe,Depósitos,479402.0,162857640.07
2025,Novembro,Cabo Delgado,Ancuabe,Depósitos,475227.0,154526507.21
2025,Dezembro,Cabo Delgado,Ancuabe,Depósitos,484107.0,182107745.16
2025,Janeiro,Cabo Delgado,Balama,Depósitos,138632.0,67399394.08
2025,Fevereiro,Cabo Delgado,Balama,Depósitos,141345.0,80724383.87
2025,Março,Cabo Delgado,Balama,Depósitos,153718.0,72012344.46000001
2025,Abril,Cabo Delgado,Balama,Depósitos,162215.0,75627825.06
2025,Maio,Cabo Delgado,Balama,Depósitos,190228.0,95616913.35
2025,Junho,Cabo Delgado,Balama,Depósitos,239287.0,138086600.65
2025,Julho,Cabo Delgado,Balama,Depósitos,283496.0,141962603.93
2025,Agosto,Cabo Delgado,Balama,Depósitos,301405.0,138663796.57
2025,Setembro,Cabo Delgado,Balama,Depósitos,294305.0,114144933.38
2025,Outubro,Cabo Delgado,Balama,Depósitos,328760.0,133292904.75
2025,Novembro,Cabo Delgado,Balama,Depósitos,288964.0,113907554.63
2025,Dezembro,Cabo Delgado,Balama,Depósitos,290467.0,129197958.74
2025,Janeiro,Cabo Delgado,Chiúre,Depósitos,296110.0,145451818.51
2025,Fevereiro,Cabo Delgado,Chiúre,Depósitos,309792.0,170688788.92
2025,Março,Cabo Delgado,Chiúre,Depósitos,354020.0,168615327.48
2025,Abril,Cabo Delgado,Chiúre,Depósitos,409517.0,218004671.38
2025,Maio,Cabo Delgado,Chiúre,Depósitos,476156.0,229819662.99
2025,Junho,Cabo Delgado,Chiúre,Depósitos,499415.0,232308878.46
2025,Julho,Cabo Delgado,Chiúre,Depósitos,590047.0,233953622.57
2025,Agosto,Cabo Delgado,Chiúre,Depósitos,610239.0,217170553.28
2025,Setembro,Cabo Delgado,Chiúre,Depósitos,554341.0,180168352.57
2025,Outubro,Cabo Delgado,Chiúre,Depósitos,629148.0,219221317.33
2025,Novembro,Cabo Delgado,Chiúre,Depósitos,593634.0,225376853.24
2025,Dezembro,Cabo Delgado,Chiúre,Depósitos,559676.0,246021735.96
2025,Janeiro,Cabo Delgado,Ibo,Depósitos,41580.0,32417948.43
2025,Fevereiro,Cabo Delgado,Ibo,Depósitos,44209.0,33060638.41
2025,Março,Cabo Delgado,Ibo,Depósitos,53318.0,38380628.18
2025,Abril,Cabo Delgado,Ibo,Depósitos,47393.0,32305508.2
2025,Maio,Cabo Delgado,Ibo,Depósitos,37289.0,24759917.98
2025,Junho,Cabo Delgado,Ibo,Depósitos,45344.0,28222358.02
2025,Julho,Cabo Delgado,Ibo,Depósitos,47487.0,27410555.66
2025,Agosto,Cabo Delgado,Ibo,Depósitos,51877.0,26727157.48
2025,Setembro,Cabo Delgado,Ibo,Depósitos,52901.0,28189472.81
2025,Outubro,Cabo Delgado,Ibo,Depósitos,60058.0,35807535.66
2025,Novembro,Cabo Delgado,Ibo,Depósitos,59889.0,34149833.28
2025,Dezembro,Cabo Delgado,Ibo,Depósitos,62146.0,36278925.83
2025,Janeiro,Cabo Delgado,Macomia,Depósitos,99344.0,61159120.71
2025,Fevereiro,Cabo Delgado,Macomia,Depósitos,109369.0,79970075.09
2025,Março,Cabo Delgado,Macomia,Depósitos,117644.0,79434829.17
2025,Abril,Cabo Delgado,Macomia,Depósitos,113014.0,67293605.44
2025,Maio,Cabo Delgado,Macomia,Depósitos,124509.0,73186027.97
2025,Junho,Cabo Delgado,Macomia,Depósitos,121243.0,75492618.61
2025,Julho,Cabo Delgado,Macomia,Depósitos,128842.0,77448508.48
2025,Agosto,Cabo Delgado,Macomia,Depósitos,135711.0,61826352.87
2025,Setembro,Cabo Delgado,Macomia,Depósitos,145090.0,73175724.75
2025,Outubro,Cabo Delgado,Macomia,Depósitos,156332.0,75422245.46
2025,Novembro,Cabo Delgado,Macomia,Depósitos,163242.0,81205743.91
2025,Dezembro,Cabo Delgado,Macomia,Depósitos,174128.0,100695119.89
2025,Janeiro,Cabo Delgado,Mecufi,Depósitos,55152.0,18325662.35
2025,Fevereiro,Cabo Delgado,Mecufi,Depósitos,62753.0,23031857.58
2025,Março,Cabo Delgado,Mecufi,Depósitos,76484.0,22338785.77
2025,Abril,Cabo Delgado,Mecufi,Depósitos,80059.0,23590221.94
2025,Maio,Cabo Delgado,Mecufi,Depósitos,86070.0,23331939.4
2025,Junho,Cabo Delgado,Mecufi,Depósitos,95548.0,25366031.44
2025,Julho,Cabo Delgado,Mecufi,Depósitos,106006.0,25650082.69
2025,Agosto,Cabo Delgado,Mecufi,Depósitos,104014.0,25646841.28
2025,Setembro,Cabo Delgado,Mecufi,Depósitos,119254.0,24589365.3
2025,Outubro,Cabo Delgado,Mecufi,Depósitos,145225.0,33820814.65
2025,Novembro,Cabo Delgado,Mecufi,Depósitos,151280.0,34605311.3
2025,Dezembro,Cabo Delgado,Mecufi,Depósitos,163172.0,44740434.43
2025,Janeiro,Cabo Delgado,Meluco,Depósitos,31957.0,15830838.14
2025,Fevereiro,Cabo Delgado,Meluco,Depósitos,39405.0,26955781.77
2025,Março,Cabo Delgado,Meluco,Depósitos,46984.0,23099849.58
2025,Abril,Cabo Delgado,Meluco,Depósitos,43941.0,20094291.09
2025,Maio,Cabo Delgado,Meluco,Depósitos,47036.0,24421780.78
2025,Junho,Cabo Delgado,Meluco,Depósitos,50426.0,21880548.66
2025,Julho,Cabo Delgado,Meluco,Depósitos,59048.0,32531689.46
2025,Agosto,Cabo Delgado,Meluco,Depósitos,63321.0,32372272.3
2025,Setembro,Cabo Delgado,Meluco,Depósitos,61852.0,30770249.69
2025,Outubro,Cabo Delgado,Meluco,Depósitos,73521.0,44218523.33
2025,Novembro,Cabo Delgado,Meluco,Depósitos,72363.0,43623083.16
2025,Dezembro,Cabo Delgado,Meluco,Depósitos,68363.0,40365067.32
2025,Janeiro,Cabo Delgado,Mocimboa da Praia,Depósitos,184389.0,143835113.87
2025,Fevereiro,Cabo Delgado,Mocimboa da Praia,Depósitos,191613.0,165523841.65
2025,Março,Cabo Delgado,Mocimboa da Praia,Depósitos,212192.0,159224639.59
2025,Abril,Cabo Delgado,Mocimboa da Praia,Depósitos,187458.0,136530364.13
2025,Maio,Cabo Delgado,Mocimboa da Praia,Depósitos,206937.0,158023582.78
2025,Junho,Cabo Delgado,Mocimboa da Praia,Depósitos,196798.0,152584826.97
2025,Julho,Cabo Delgado,Mocimboa da Praia,Depósitos,197839.0,147169047.8
2025,Agosto,Cabo Delgado,Mocimboa da Praia,Depósitos,202721.0,140031822.74
2025,Setembro,Cabo Delgado,Mocimboa da Praia,Depósitos,187373.0,126813404.33
2025,Outubro,Cabo Delgado,Mocimboa da Praia,Depósitos,159501.0,100548807.62
2025,Novembro,Cabo Delgado,Mocimboa da Praia,Depósitos,178158.0,128610535.72
2025,Dezembro,Cabo Delgado,Mocimboa da Praia,Depósitos,197537.0,161176677.1
2025,Janeiro,Cabo Delgado,Montepuez,Depósitos,785545.0,486773312.18
2025,Fevereiro,Cabo Delgado,Montepuez,Depósitos,797266.0,547175032.19
2025,Março,Cabo Delgado,Montepuez,Depósitos,844167.0,577949748.25
2025,Abril,Cabo Delgado,Montepuez,Depósitos,866539.0,544044884.62
2025,Maio,Cabo Delgado,Montepuez,Depósitos,989384.0,621388050.7
2025,Junho,Cabo Delgado,Montepuez,Depósitos,999954.0,602751346.74
2025,Julho,Cabo Delgado,Montepuez,Depósitos,1078536.0,609377632.35
2025,Agosto,Cabo Delgado,Montepuez,Depósitos,1112335.0,566852378.3399999
2025,Setembro,Cabo Delgado,Montepuez,Depósitos,1060960.0,537240812.7
2025,Outubro,Cabo Delgado,Montepuez,Depósitos,1218905.0,691479630.18
2025,Novembro,Cabo Delgado,Montepuez,Depósitos,1209916.0,670200677.21
2025,Dezembro,Cabo Delgado,Montepuez,Depósitos,1283597.0,848664666.81
2025,Janeiro,Cabo Delgado,Mueda,Depósitos,485868.0,280915886.57
2025,Fevereiro,Cabo Delgado,Mueda,Depósitos,511848.0,346531221.25
2025,Março,Cabo Delgado,Mueda,Depósitos,593330.0,301680587.5
2025,Abril,Cabo Delgado,Mueda,Depósitos,565671.0,245852955.37
2025,Maio,Cabo Delgado,Mueda,Depósitos,679101.0,365244993.4
2025,Junho,Cabo Delgado,Mueda,Depósitos,668163.0,350128734.6
2025,Julho,Cabo Delgado,Mueda,Depósitos,706687.0,346275320.09
2025,Agosto,Cabo Delgado,Mueda,Depósitos,706875.0,289976951.15
2025,Setembro,Cabo Delgado,Mueda,Depósitos,669323.0,297402791.1
2025,Outubro,Cabo Delgado,Mueda,Depósitos,774753.0,363029189.62
2025,Novembro,Cabo Delgado,Mueda,Depósitos,776569.0,418353430.24
2025,Dezembro,Cabo Delgado,Mueda,Depósitos,846498.0,513410721.68
2025,Janeiro,Cabo Delgado,Muidumbe,Depósitos,84939.0,33975721.83
2025,Fevereiro,Cabo Delgado,Muidumbe,Depósitos,95351.0,56730439.27
2025,Março,Cabo Delgado,Muidumbe,Depósitos,99119.0,46148244.23
2025,Abril,Cabo Delgado,Muidumbe,Depósitos,95292.0,36439346.33
2025,Maio,Cabo Delgado,Muidumbe,Depósitos,114053.0,57859276.44
2025,Junho,Cabo Delgado,Muidumbe,Depósitos,119969.0,51221983.55
2025,Julho,Cabo Delgado,Muidumbe,Depósitos,123957.0,51795912.8
2025,Agosto,Cabo Delgado,Muidumbe,Depósitos,125680.0,42120509.93
2025,Setembro,Cabo Delgado,Muidumbe,Depósitos,130284.0,51535236.08
2025,Outubro,Cabo Delgado,Muidumbe,Depósitos,145295.0,63769046.12
2025,Novembro,Cabo Delgado,Muidumbe,Depósitos,150122.0,58100304.11
2025,Dezembro,Cabo Delgado,Muidumbe,Depósitos,162815.0,70728656.85
2025,Janeiro,Cabo Delgado,Namuno,Depósitos,191400.0,80038604.23
2025,Fevereiro,Cabo Delgado,Namuno,Depósitos,192778.0,89664641.89
2025,Março,Cabo Delgado,Namuno,Depósitos,231399.0,102133348.23
2025,Abril,Cabo Delgado,Namuno,Depósitos,250754.0,110110496.0
2025,Maio,Cabo Delgado,Namuno,Depósitos,291624.0,118343678.7
2025,Junho,Cabo Delgado,Namuno,Depósitos,338139.0,149826183.67
2025,Julho,Cabo Delgado,Namuno,Depósitos,381261.0,138730762.37
2025,Agosto,Cabo Delgado,Namuno,Depósitos,404669.0,124548969.63
2025,Setembro,Cabo Delgado,Namuno,Depósitos,373622.0,112966579.82
2025,Outubro,Cabo Delgado,Namuno,Depósitos,416862.0,148056577.61
2025,Novembro,Cabo Delgado,Namuno,Depósitos,399620.0,137484827.3
2025,Dezembro,Cabo Delgado,Namuno,Depósitos,396346.0,157011155.17
2025,Janeiro,Cabo Delgado,Nangade,Depósitos,137982.0,65311198.88
2025,Fevereiro,Cabo Delgado,Nangade,Depósitos,149224.0,78992859.77
2025,Março,Cabo Delgado,Nangade,Depósitos,148424.0,61385195.89
2025,Abril,Cabo Delgado,Nangade,Depósitos,145883.0,50336150.37
2025,Maio,Cabo Delgado,Nangade,Depósitos,165492.0,68466435.45
2025,Junho,Cabo Delgado,Nangade,Depósitos,172153.0,74604959.2
2025,Julho,Cabo Delgado,Nangade,Depósitos,182913.0,65639241.4
2025,Agosto,Cabo Delgado,Nangade,Depósitos,165316.0,49091290.84
2025,Setembro,Cabo Delgado,Nangade,Depósitos,165762.0,54438221.35
2025,Outubro,Cabo Delgado,Nangade,Depósitos,197387.0,75899940.45
2025,Novembro,Cabo Delgado,Nangade,Depósitos,233029.0,155359648.93
2025,Dezembro,Cabo Delgado,Nangade,Depósitos,269640.0,127026150.78
2025,Janeiro,Cabo Delgado,Palma,Depósitos,99160.0,101487338.86
2025,Fevereiro,Cabo Delgado,Palma,Depósitos,106071.0,122956828.29
2025,Março,Cabo Delgado,Palma,Depósitos,123965.0,142154629.49
2025,Abril,Cabo Delgado,Palma,Depósitos,111241.0,127047603.15
2025,Maio,Cabo Delgado,Palma,Depósitos,120109.0,124381004.83
2025,Junho,Cabo Delgado,Palma,Depósitos,120019.0,127031431.52
2025,Julho,Cabo Delgado,Palma,Depósitos,129045.0,146797492.19
2025,Agosto,Cabo Delgado,Palma,Depósitos,141076.0,145817626.95
2025,Setembro,Cabo Delgado,Palma,Depósitos,139533.0,144176539.02
2025,Outubro,Cabo Delgado,Palma,Depósitos,135078.0,146255578.86
2025,Novembro,Cabo Delgado,Palma,Depósitos,142196.0,181124050.82
2025,Dezembro,Cabo Delgado,Palma,Depósitos,165369.0,215276705.46
2025,Janeiro,Cabo Delgado,Pemba-Metuge,Depósitos,143241.0,53060719.24
2025,Fevereiro,Cabo Delgado,Pemba-Metuge,Depósitos,153710.0,63226057.78
2025,Março,Cabo Delgado,Pemba-Metuge,Depósitos,182854.0,58820542.66
2025,Abril,Cabo Delgado,Pemba-Metuge,Depósitos,187118.0,57500952.03
2025,Maio,Cabo Delgado,Pemba-Metuge,Depósitos,226569.0,82879453.04
2025,Junho,Cabo Delgado,Pemba-Metuge,Depósitos,236049.0,78760458.05
2025,Julho,Cabo Delgado,Pemba-Metuge,Depósitos,1910556.0,1407998615.07
2025,Agosto,Cabo Delgado,Pemba-Metuge,Depósitos,1954378.0,1330535795.78
2025,Setembro,Cabo Delgado,Pemba-Metuge,Depósitos,252155.0,71223213.04
2025,Outubro,Cabo Delgado,Pemba-Metuge,Depósitos,2098700.0,1537675081.45
2025,Novembro,Cabo Delgado,Pemba-Metuge,Depósitos,310195.0,88093047.89
2025,Dezembro,Cabo Delgado,Pemba-Metuge,Depósitos,317639.0,104981230.55
2025,Janeiro,Cabo Delgado,Quissanga,Depósitos,24054.0,13343697.95
2025,Fevereiro,Cabo Delgado,Quissanga,Depósitos,26787.0,14075279.17
2025,Março,Cabo Delgado,Quissanga,Depósitos,26859.0,13034053.91
2025,Abril,Cabo Delgado,Quissanga,Depósitos,27527.0,13211756.77
2025,Maio,Cabo Delgado,Quissanga,Depósitos,52046.0,26750067.3
2025,Junho,Cabo Delgado,Quissanga,Depósitos,53309.0,25813977.12
2025,Julho,Cabo Delgado,Quissanga,Depósitos,65371.0,30601199.21
2025,Agosto,Cabo Delgado,Quissanga,Depósitos,69251.0,28708447.48
2025,Setembro,Cabo Delgado,Quissanga,Depósitos,69735.0,27277087.3
2025,Outubro,Cabo Delgado,Quissanga,Depósitos,83096.0,31947150.47
2025,Novembro,Cabo Delgado,Quissanga,Depósitos,82334.0,32164251.99
2025,Dezembro,Cabo Delgado,Quissanga,Depósitos,86600.0,36680833.82
2025,Janeiro,Niassa,Cidade de Lichinga,Depósitos,1376205.0,683663200.5699999
2025,Fevereiro,Niassa,Cidade de Lichinga,Depósitos,1401753.0,782560583.1700001
2025,Março,Niassa,Cidade de Lichinga,Depósitos,1565129.0,842403529.1500001
2025,Abril,Niassa,Cidade de Lichinga,Depósitos,1510425.0,873214225.97
2025,Maio,Niassa,Cidade de Lichinga,Depósitos,1630169.0,913799397.2
2025,Junho,Niassa,Cidade de Lichinga,Depósitos,1518303.0,896568347.27
2025,Julho,Niassa,Cidade de Lichinga,Depósitos,1664670.0,933616827.5
2025,Agosto,Niassa,Cidade de Lichinga,Depósitos,1729206.0,875679571.86
2025,Setembro,Niassa,Cidade de Lichinga,Depósitos,1661415.0,837683810.21
2025,Outubro,Niassa,Cidade de Lichinga,Depósitos,1824464.0,979265551.96
2025,Novembro,Niassa,Cidade de Lichinga,Depósitos,1783408.0,928642789.17
2025,Dezembro,Niassa,Cidade de Lichinga,Depósitos,1730206.0,1071412302.39
2025,Janeiro,Niassa,Cuamba,Depósitos,466057.0,218308988.94
2025,Fevereiro,Niassa,Cuamba,Depósitos,455326.0,244057988.58
2025,Março,Niassa,Cuamba,Depósitos,508908.0,245850170.47
2025,Abril,Niassa,Cuamba,Depósitos,525991.0,264333365.59
2025,Maio,Niassa,Cuamba,Depósitos,625198.0,364968322.66
2025,Junho,Niassa,Cuamba,Depósitos,637595.0,349506613.51
2025,Julho,Niassa,Cuamba,Depósitos,686715.0,338908836.17
2025,Agosto,Niassa,Cuamba,Depósitos,733635.0,345874741.75
2025,Setembro,Niassa,Cuamba,Depósitos,687444.0,300984275.36
2025,Outubro,Niassa,Cuamba,Depósitos,717337.0,308315672.67
2025,Novembro,Niassa,Cuamba,Depósitos,663512.0,290074181.33
2025,Dezembro,Niassa,Cuamba,Depósitos,670944.0,351397172.59
2025,Janeiro,Niassa,Lago,Depósitos,191429.0,76328702.63
2025,Fevereiro,Niassa,Lago,Depósitos,201730.0,92276320.31
2025,Março,Niassa,Lago,Depósitos,234843.0,92266703.3
2025,Abril,Niassa,Lago,Depósitos,231851.0,87119360.37
2025,Maio,Niassa,Lago,Depósitos,251785.0,96550702.61
2025,Junho,Niassa,Lago,Depósitos,244888.0,94731823.65
2025,Julho,Niassa,Lago,Depósitos,275992.0,105554513.97
2025,Agosto,Niassa,Lago,Depósitos,297298.0,103263414.01
2025,Setembro,Niassa,Lago,Depósitos,312248.0,114757045.29
2025,Outubro,Niassa,Lago,Depósitos,353741.0,141655474.33
2025,Novembro,Niassa,Lago,Depósitos,330896.0,133480025.19
2025,Dezembro,Niassa,Lago,Depósitos,371533.0,164168094.76
2025,Janeiro,Niassa,Manjune,Depósitos,52521.0,19425818.05
2025,Fevereiro,Niassa,Manjune,Depósitos,54870.0,22441274.79
2025,Março,Niassa,Manjune,Depósitos,62650.0,21306376.69
2025,Abril,Niassa,Manjune,Depósitos,61658.0,20571442.58
2025,Maio,Niassa,Manjune,Depósitos,77383.0,26721397.16
2025,Junho,Niassa,Manjune,Depósitos,87484.0,29159726.57
2025,Julho,Niassa,Manjune,Depósitos,91272.0,26167353.89
2025,Agosto,Niassa,Manjune,Depósitos,89748.0,23925820.53
2025,Setembro,Niassa,Manjune,Depósitos,86720.0,21566340.3
2025,Outubro,Niassa,Manjune,Depósitos,91353.0,30313369.98
2025,Novembro,Niassa,Manjune,Depósitos,81987.0,26034095.36
2025,Dezembro,Niassa,Manjune,Depósitos,83310.0,32202178.96
2025,Janeiro,Niassa,Mandimba,Depósitos,274043.0,86570663.73
2025,Fevereiro,Niassa,Mandimba,Depósitos,265095.0,104087084.42
2025,Março,Niassa,Mandimba,Depósitos,315416.0,105702572.67
2025,Abril,Niassa,Mandimba,Depósitos,326347.0,106888823.14
2025,Maio,Niassa,Mandimba,Depósitos,378806.0,150492878.79
2025,Junho,Niassa,Mandimba,Depósitos,394742.0,158069213.84
2025,Julho,Niassa,Mandimba,Depósitos,497139.0,211876609.33
2025,Agosto,Niassa,Mandimba,Depósitos,539637.0,211662414.63
2025,Setembro,Niassa,Mandimba,Depósitos,454944.0,151708069.2
2025,Outubro,Niassa,Mandimba,Depósitos,473930.0,164644661.13
2025,Novembro,Niassa,Mandimba,Depósitos,434397.0,154120382.38
2025,Dezembro,Niassa,Mandimba,Depósitos,437845.0,172132667.53
2025,Janeiro,Niassa,Marrupa,Depósitos,111257.0,60867789.64
2025,Fevereiro,Niassa,Marrupa,Depósitos,112033.0,67288154.78
2025,Março,Niassa,Marrupa,Depósitos,126859.0,72431258.93
2025,Abril,Niassa,Marrupa,Depósitos,123417.0,70951921.56
2025,Maio,Niassa,Marrupa,Depósitos,146208.0,89854317.87
2025,Junho,Niassa,Marrupa,Depósitos,153353.0,93069293.57
2025,Julho,Niassa,Marrupa,Depósitos,161770.0,81954284.49
2025,Agosto,Niassa,Marrupa,Depósitos,169404.0,86157674.38
2025,Setembro,Niassa,Marrupa,Depósitos,156989.0,74046197.0
2025,Outubro,Niassa,Marrupa,Depósitos,180955.0,87203804.74
2025,Novembro,Niassa,Marrupa,Depósitos,173173.0,80949089.9
2025,Dezembro,Niassa,Marrupa,Depósitos,143246.0,79315281.33
2025,Janeiro,Niassa,Maúa,Depósitos,56579.0,21083401.0
2025,Fevereiro,Niassa,Maúa,Depósitos,56897.0,24976705.88
2025,Março,Niassa,Maúa,Depósitos,66693.0,24450344.41
2025,Abril,Niassa,Maúa,Depósitos,68499.0,25784497.59
2025,Maio,Niassa,Maúa,Depósitos,79373.0,31526284.06
2025,Junho,Niassa,Maúa,Depósitos,84245.0,37161545.37
2025,Julho,Niassa,Maúa,Depósitos,97500.0,40957074.14
2025,Agosto,Niassa,Maúa,Depósitos,105630.0,38570059.23
2025,Setembro,Niassa,Maúa,Depósitos,95614.0,30354142.8
2025,Outubro,Niassa,Maúa,Depósitos,103441.0,33575806.18
2025,Novembro,Niassa,Maúa,Depósitos,98204.0,28357067.77
2025,Dezembro,Niassa,Maúa,Depósitos,93388.0,27947433.32
2025,Janeiro,Niassa,Mavago,Depósitos,41817.0,17636644.3
2025,Fevereiro,Niassa,Mavago,Depósitos,45504.0,21288502.69
2025,Março,Niassa,Mavago,Depósitos,53871.0,19898491.67
2025,Abril,Niassa,Mavago,Depósitos,48698.0,21426209.76
2025,Maio,Niassa,Mavago,Depósitos,58334.0,28770482.78
2025,Junho,Niassa,Mavago,Depósitos,69067.0,41750769.77
2025,Julho,Niassa,Mavago,Depósitos,77227.0,33502527.08
2025,Agosto,Niassa,Mavago,Depósitos,75976.0,22543691.8
2025,Setembro,Niassa,Mavago,Depósitos,74908.0,21974815.71
2025,Outubro,Niassa,Mavago,Depósitos,78685.0,33427925.4
2025,Novembro,Niassa,Mavago,Depósitos,67194.0,26225053.21
2025,Dezembro,Niassa,Mavago,Depósitos,61483.0,24538057.41
2025,Janeiro,Niassa,Mecanhelas,Depósitos,161854.0,57424417.85
2025,Fevereiro,Niassa,Mecanhelas,Depósitos,162323.0,70079345.71
2025,Março,Niassa,Mecanhelas,Depósitos,214199.0,72970057.88
2025,Abril,Niassa,Mecanhelas,Depósitos,221099.0,70837226.71
2025,Maio,Niassa,Mecanhelas,Depósitos,262626.0,87819819.12
2025,Junho,Niassa,Mecanhelas,Depósitos,276082.0,83870918.98
2025,Julho,Niassa,Mecanhelas,Depósitos,328735.0,83722480.83
2025,Agosto,Niassa,Mecanhelas,Depósitos,357054.0,80012376.77
2025,Setembro,Niassa,Mecanhelas,Depósitos,329501.0,69414478.41
2025,Outubro,Niassa,Mecanhelas,Depósitos,354152.0,93314558.6
2025,Novembro,Niassa,Mecanhelas,Depósitos,311852.0,78136146.17
2025,Dezembro,Niassa,Mecanhelas,Depósitos,303379.0,88684619.71
2025,Janeiro,Niassa,Mecula,Depósitos,31375.0,19912650.0
2025,Fevereiro,Niassa,Mecula,Depósitos,32227.0,24416185.73
2025,Março,Niassa,Mecula,Depósitos,36023.0,24506485.24
2025,Abril,Niassa,Mecula,Depósitos,37166.0,22441961.66
2025,Maio,Niassa,Mecula,Depósitos,43613.0,28735635.51
2025,Junho,Niassa,Mecula,Depósitos,39400.0,32326854.59
2025,Julho,Niassa,Mecula,Depósitos,42508.0,28036597.08
2025,Agosto,Niassa,Mecula,Depósitos,40924.0,20591196.33
2025,Setembro,Niassa,Mecula,Depósitos,40499.0,28070275.17
2025,Outubro,Niassa,Mecula,Depósitos,44788.0,31044583.67
2025,Novembro,Niassa,Mecula,Depósitos,44320.0,25736722.53
2025,Dezembro,Niassa,Mecula,Depósitos,45081.0,31740293.57
2025,Janeiro,Niassa,Metarica,Depósitos,46023.0,17383364.36
2025,Fevereiro,Niassa,Metarica,Depósitos,45815.0,21414892.21
2025,Março,Niassa,Metarica,Depósitos,53802.0,19791438.39
2025,Abril,Niassa,Metarica,Depósitos,57961.0,21799332.4
2025,Maio,Niassa,Metarica,Depósitos,66168.0,25407332.54
2025,Junho,Niassa,Metarica,Depósitos,65597.0,24947194.33
2025,Julho,Niassa,Metarica,Depósitos,73219.0,23937582.26
2025,Agosto,Niassa,Metarica,Depósitos,84265.0,28745449.44
2025,Setembro,Niassa,Metarica,Depósitos,85573.0,27822952.01
2025,Outubro,Niassa,Metarica,Depósitos,87018.0,31790567.01
2025,Novembro,Niassa,Metarica,Depósitos,76414.0,24342629.0
2025,Dezembro,Niassa,Metarica,Depósitos,70997.0,22035979.24
2025,Janeiro,Niassa,Muembe,Depósitos,61930.0,21839606.23
2025,Fevereiro,Niassa,Muembe,Depósitos,59591.0,26360255.73
2025,Março,Niassa,Muembe,Depósitos,71858.0,22827185.84
2025,Abril,Niassa,Muembe,Depósitos,67992.0,20603439.28
2025,Maio,Niassa,Muembe,Depósitos,87914.0,28238409.83
2025,Junho,Niassa,Muembe,Depósitos,105035.0,34208087.4
2025,Julho,Niassa,Muembe,Depósitos,123687.0,34343557.91
2025,Agosto,Niassa,Muembe,Depósitos,120846.0,26904985.35
2025,Setembro,Niassa,Muembe,Depósitos,123716.0,25767405.39
2025,Outubro,Niassa,Muembe,Depósitos,130451.0,32373265.32
2025,Novembro,Niassa,Muembe,Depósitos,118128.0,26841936.2
2025,Dezembro,Niassa,Muembe,Depósitos,111535.0,36222503.18
2025,Janeiro,Niassa,N´gauma,Depósitos,50081.0,18191860.14
2025,Fevereiro,Niassa,N´gauma,Depósitos,50793.0,22073723.81
2025,Março,Niassa,N´gauma,Depósitos,69348.0,23148069.56
2025,Abril,Niassa,N´gauma,Depósitos,73170.0,22213933.06
2025,Maio,Niassa,N´gauma,Depósitos,79296.0,22904678.98
2025,Junho,Niassa,N´gauma,Depósitos,92333.0,26657117.73
2025,Julho,Niassa,N´gauma,Depósitos,110722.0,31005433.45
2025,Agosto,Niassa,N´gauma,Depósitos,113937.0,26869134.36
2025,Setembro,Niassa,N´gauma,Depósitos,109089.0,22646082.72
2025,Outubro,Niassa,N´gauma,Depósitos,118619.0,27760231.54
2025,Novembro,Niassa,N´gauma,Depósitos,100529.0,26276523.0
2025,Dezembro,Niassa,N´gauma,Depósitos,94278.0,31351365.75
2025,Janeiro,Niassa,Nipepe,Depósitos,54978.0,18065393.6
2025,Fevereiro,Niassa,Nipepe,Depósitos,44410.0,19594392.61
2025,Março,Niassa,Nipepe,Depósitos,48360.0,19360373.5
2025,Abril,Niassa,Nipepe,Depósitos,51059.0,18782785.14
2025,Maio,Niassa,Nipepe,Depósitos,59960.0,29179922.95
2025,Junho,Niassa,Nipepe,Depósitos,62945.0,27995984.0
2025,Julho,Niassa,Nipepe,Depósitos,80852.0,39802349.81
2025,Agosto,Niassa,Nipepe,Depósitos,85686.0,37217568.53
2025,Setembro,Niassa,Nipepe,Depósitos,82150.0,27640163.72
2025,Outubro,Niassa,Nipepe,Depósitos,85393.0,31761131.19
2025,Novembro,Niassa,Nipepe,Depósitos,77028.0,24930368.77
2025,Dezembro,Niassa,Nipepe,Depósitos,80463.0,30612678.85
2025,Janeiro,Niassa,Sanga,Depósitos,114268.0,36953314.87
2025,Fevereiro,Niassa,Sanga,Depósitos,118698.0,44002333.81
2025,Março,Niassa,Sanga,Depósitos,144444.0,37966217.96
2025,Abril,Niassa,Sanga,Depósitos,144239.0,39413982.51
2025,Maio,Niassa,Sanga,Depósitos,175878.0,53285576.4
2025,Junho,Niassa,Sanga,Depósitos,197588.0,59380030.16
2025,Julho,Niassa,Sanga,Depósitos,240063.0,58740342.04
2025,Agosto,Niassa,Sanga,Depósitos,257549.0,48261773.48
2025,Setembro,Niassa,Sanga,Depósitos,260658.0,47937275.51
2025,Outubro,Niassa,Sanga,Depósitos,273134.0,53908874.7
2025,Novembro,Niassa,Sanga,Depósitos,237171.0,53539638.91
2025,Dezembro,Niassa,Sanga,Depósitos,210614.0,58332314.49
2025,Janeiro,Niassa,Chimbunhila,Depósitos,60655.0,17477054.74
2025,Fevereiro,Niassa,Chimbunhila,Depósitos,65535.0,19862167.46
2025,Março,Niassa,Chimbunhila,Depósitos,82224.0,21378665.68
2025,Abril,Niassa,Chimbunhila,Depósitos,76062.0,18148840.83
2025,Maio,Niassa,Chimbunhila,Depósitos,82966.0,22161968.1
2025,Junho,Niassa,Chimbunhila,Depósitos,91969.0,25173567.79
2025,Julho,Niassa,Chimbunhila,Depósitos,124183.0,30947148.33
2025,Agosto,Niassa,Chimbunhila,Depósitos,132592.0,24648515.71
2025,Setembro,Niassa,Chimbunhila,Depósitos,142519.0,25260259.31
2025,Outubro,Niassa,Chimbunhila,Depósitos,151827.0,26423100.02
2025,Novembro,Niassa,Chimbunhila,Depósitos,114801.0,22592714.31
2025,Dezembro,Niassa,Chimbunhila,Depósitos,105014.0,28643815.4
2025,Janeiro,Província de Maputo,Cidade de Maputo,Levantamentos,4866182.0,4756645749.91
2025,Fevereiro,Província de Maputo,Cidade de Maputo,Levantamentos,5563144.0,5566193704.24
2025,Março,Província de Maputo,Cidade de Maputo,Levantamentos,7139953.0,7682347028.1
2025,Abril,Província de Maputo,Cidade de Maputo,Levantamentos,7143104.0,7459578728.57
2025,Maio,Província de Maputo,Cidade de Maputo,Levantamentos,7902881.0,7334188665.16
2025,Junho,Província de Maputo,Cidade de Maputo,Levantamentos,7551002.0,6819300307.92
2025,Julho,Província de Maputo,Cidade de Maputo,Levantamentos,7837689.0,7210873152.92
2025,Agosto,Província de Maputo,Cidade de Maputo,Levantamentos,7794415.0,6943187339.8
2025,Setembro,Província de Maputo,Cidade de Maputo,Levantamentos,7094790.0,6360409016.2
2025,Outubro,Província de Maputo,Cidade de Maputo,Levantamentos,7862424.0,7072857754.24
2025,Novembro,Província de Maputo,Cidade de Maputo,Levantamentos,7522707.0,6765107541.37
2025,Dezembro,Província de Maputo,Cidade de Maputo,Levantamentos,8175732.0,8803469978.35
2025,Janeiro,Província de Maputo,Cidade da Matola,Levantamentos,4278445.0,3357390843.75
2025,Fevereiro,Província de Maputo,Cidade da Matola,Levantamentos,4975363.0,3936609552.8499994
2025,Março,Província de Maputo,Cidade da Matola,Levantamentos,5966808.0,4413417980.2
2025,Abril,Província de Maputo,Cidade da Matola,Levantamentos,5859302.0,4277029282.67
2025,Maio,Província de Maputo,Cidade da Matola,Levantamentos,6202892.0,4560529159.46
2025,Junho,Província de Maputo,Cidade da Matola,Levantamentos,6016934.0,4397887568.8
2025,Julho,Província de Maputo,Cidade da Matola,Levantamentos,6122939.0,4461968443.0
2025,Agosto,Província de Maputo,Cidade da Matola,Levantamentos,6109904.0,4366917111.4
2025,Setembro,Província de Maputo,Cidade da Matola,Levantamentos,6057408.0,4362324818.64
2025,Outubro,Província de Maputo,Cidade da Matola,Levantamentos,3462962.0,2680207756.52
2025,Novembro,Província de Maputo,Cidade da Matola,Levantamentos,3233545.0,2513177529.38
2025,Dezembro,Província de Maputo,Cidade da Matola,Levantamentos,6565731.0,5401068419.6
2025,Janeiro,Província de Maputo,Boane,Levantamentos,795947.0,646747786.98
2025,Fevereiro,Província de Maputo,Boane,Levantamentos,968955.0,765035340.5799999
2025,Março,Província de Maputo,Boane,Levantamentos,1152065.0,890694240.99
2025,Abril,Província de Maputo,Boane,Levantamentos,1112553.0,837631964.8299999
2025,Maio,Província de Maputo,Boane,Levantamentos,1178224.0,872713590.48
2025,Junho,Província de Maputo,Boane,Levantamentos,1166158.0,865837678.4100001
2025,Julho,Província de Maputo,Boane,Levantamentos,1186112.0,876674563.98
2025,Agosto,Província de Maputo,Boane,Levantamentos,1191524.0,858164723.6600001
2025,Setembro,Província de Maputo,Boane,Levantamentos,1176761.0,857653535.28
2025,Outubro,Província de Maputo,Boane,Levantamentos,1395274.0,1021596363.99
2025,Novembro,Província de Maputo,Boane,Levantamentos,1402706.0,1026874242.41
2025,Dezembro,Província de Maputo,Boane,Levantamentos,1551309.0,1305349419.6799998
2025,Janeiro,Província de Maputo,Magude,Levantamentos,67035.0,71607259.8
2025,Fevereiro,Província de Maputo,Magude,Levantamentos,77303.0,78799291.2
2025,Março,Província de Maputo,Magude,Levantamentos,94433.0,93415596.74
2025,Abril,Província de Maputo,Magude,Levantamentos,94194.0,92576159.73
2025,Maio,Província de Maputo,Magude,Levantamentos,94541.0,94951358.69
2025,Junho,Província de Maputo,Magude,Levantamentos,92854.0,92397484.37
2025,Julho,Província de Maputo,Magude,Levantamentos,95029.0,107005015.99
2025,Agosto,Província de Maputo,Magude,Levantamentos,92426.0,89173256.6
2025,Setembro,Província de Maputo,Magude,Levantamentos,95163.0,94279824.31
2025,Outubro,Província de Maputo,Magude,Levantamentos,106614.0,107815455.72
2025,Novembro,Província de Maputo,Magude,Levantamentos,104314.0,108797324.11
2025,Dezembro,Província de Maputo,Magude,Levantamentos,104928.0,131136764.22
2025,Janeiro,Província de Maputo,Manhiça,Levantamentos,322200.0,285818423.22
2025,Fevereiro,Província de Maputo,Manhiça,Levantamentos,363839.0,321478124.17
2025,Março,Província de Maputo,Manhiça,Levantamentos,422437.0,369044521.66
2025,Abril,Província de Maputo,Manhiça,Levantamentos,427466.0,371790003.75
2025,Maio,Província de Maputo,Manhiça,Levantamentos,464028.0,406476103.34
2025,Junho,Província de Maputo,Manhiça,Levantamentos,464198.0,404305046.64
2025,Julho,Província de Maputo,Manhiça,Levantamentos,479554.0,421833335.3
2025,Agosto,Província de Maputo,Manhiça,Levantamentos,485190.0,430208514.67
2025,Setembro,Província de Maputo,Manhiça,Levantamentos,476394.0,420247085.87
2025,Outubro,Província de Maputo,Manhiça,Levantamentos,511110.0,462561094.8
2025,Novembro,Província de Maputo,Manhiça,Levantamentos,507112.0,468988035.0
2025,Dezembro,Província de Maputo,Manhiça,Levantamentos,565011.0,622580435.19
2025,Janeiro,Província de Maputo,Marracuene,Levantamentos,1152069.0,1446877829.42
2025,Fevereiro,Província de Maputo,Marracuene,Levantamentos,1297184.0,1655089749.9199998
2025,Março,Província de Maputo,Marracuene,Levantamentos,1454244.0,1812820253.75
2025,Abril,Província de Maputo,Marracuene,Levantamentos,1409982.0,1383133014.52
2025,Maio,Província de Maputo,Marracuene,Levantamentos,1417791.0,1029777084.29
2025,Junho,Província de Maputo,Marracuene,Levantamentos,1383451.0,1000490206.63
2025,Julho,Província de Maputo,Marracuene,Levantamentos,1401990.0,1005064563.32
2025,Agosto,Província de Maputo,Marracuene,Levantamentos,1445320.0,1035257984.63
2025,Setembro,Província de Maputo,Marracuene,Levantamentos,1539982.0,1130149829.51
2025,Outubro,Província de Maputo,Marracuene,Levantamentos,1655551.0,1203293761.34
2025,Novembro,Província de Maputo,Marracuene,Levantamentos,1627189.0,1200994939.69
2025,Dezembro,Província de Maputo,Marracuene,Levantamentos,1666752.0,1374869706.91
2025,Janeiro,Província de Maputo,Matutuíne,Levantamentos,98546.0,86857190.78
2025,Fevereiro,Província de Maputo,Matutuíne,Levantamentos,102576.0,88282716.6
2025,Março,Província de Maputo,Matutuíne,Levantamentos,114535.0,98861795.93
2025,Abril,Província de Maputo,Matutuíne,Levantamentos,110360.0,92254306.49
2025,Maio,Província de Maputo,Matutuíne,Levantamentos,112819.0,94981772.07
2025,Junho,Província de Maputo,Matutuíne,Levantamentos,109576.0,87676214.07
2025,Julho,Província de Maputo,Matutuíne,Levantamentos,113372.0,92726170.33
2025,Agosto,Província de Maputo,Matutuíne,Levantamentos,120957.0,98395603.27
2025,Setembro,Província de Maputo,Matutuíne,Levantamentos,132860.0,106971344.6
2025,Outubro,Província de Maputo,Matutuíne,Levantamentos,152772.0,128547836.33
2025,Novembro,Província de Maputo,Matutuíne,Levantamentos,169543.0,147327607.76
2025,Dezembro,Província de Maputo,Matutuíne,Levantamentos,190140.0,195384677.01
2025,Janeiro,Província de Maputo,Namaacha,Levantamentos,56562.0,64236336.74
2025,Fevereiro,Província de Maputo,Namaacha,Levantamentos,63368.0,72980340.2
2025,Março,Província de Maputo,Namaacha,Levantamentos,72989.0,83569204.3
2025,Abril,Província de Maputo,Namaacha,Levantamentos,72774.0,83889062.35
2025,Maio,Província de Maputo,Namaacha,Levantamentos,78957.0,96825066.0
2025,Junho,Província de Maputo,Namaacha,Levantamentos,78867.0,91492619.28
2025,Julho,Província de Maputo,Namaacha,Levantamentos,84601.0,99084320.9
2025,Agosto,Província de Maputo,Namaacha,Levantamentos,84567.0,93841580.74
2025,Setembro,Província de Maputo,Namaacha,Levantamentos,82604.0,96051797.0
2025,Outubro,Província de Maputo,Namaacha,Levantamentos,94937.0,108187692.0
2025,Novembro,Província de Maputo,Namaacha,Levantamentos,90002.0,104144377.0
2025,Dezembro,Província de Maputo,Namaacha,Levantamentos,94840.0,118587200.0
2025,Janeiro,Província de Maputo,Moamba,Levantamentos,231806.0,310592919.84
2025,Fevereiro,Província de Maputo,Moamba,Levantamentos,268162.0,414775828.57
2025,Março,Província de Maputo,Moamba,Levantamentos,305792.0,591263854.3299999
2025,Abril,Província de Maputo,Moamba,Levantamentos,316652.0,610443456.99
2025,Maio,Província de Maputo,Moamba,Levantamentos,325375.0,405664587.8
2025,Junho,Província de Maputo,Moamba,Levantamentos,316149.0,406097172.85
2025,Julho,Província de Maputo,Moamba,Levantamentos,321725.0,395381485.1
2025,Agosto,Província de Maputo,Moamba,Levantamentos,332463.0,399013760.89
2025,Setembro,Província de Maputo,Moamba,Levantamentos,340669.0,386822977.25
2025,Outubro,Província de Maputo,Moamba,Levantamentos,383457.0,437726539.0
2025,Novembro,Província de Maputo,Moamba,Levantamentos,368827.0,425970408.5
2025,Dezembro,Província de Maputo,Moamba,Levantamentos,393362.0,535225916.0
2025,Janeiro,Gaza,Cidade de Xai-Xai,Levantamentos,465056.0,487309867.28
2025,Fevereiro,Gaza,Cidade de Xai-Xai,Levantamentos,521978.0,583732078.37
2025,Março,Gaza,Cidade de Xai-Xai,Levantamentos,606522.0,897907994.49
2025,Abril,Gaza,Cidade de Xai-Xai,Levantamentos,614802.0,957502930.64
2025,Maio,Gaza,Cidade de Xai-Xai,Levantamentos,659782.0,652503627.81
2025,Junho,Gaza,Cidade de Xai-Xai,Levantamentos,629635.0,603243685.74
2025,Julho,Gaza,Cidade de Xai-Xai,Levantamentos,653198.0,644268163.28
2025,Agosto,Gaza,Cidade de Xai-Xai,Levantamentos,657379.0,641330772.8
2025,Setembro,Gaza,Cidade de Xai-Xai,Levantamentos,617992.0,605974088.0
2025,Outubro,Gaza,Cidade de Xai-Xai,Levantamentos,663257.0,624722806.0
2025,Novembro,Gaza,Cidade de Xai-Xai,Levantamentos,653105.0,643749932.0
2025,Dezembro,Gaza,Cidade de Xai-Xai,Levantamentos,671763.0,765232790.0799999
2025,Janeiro,Gaza,Bilene-Macia,Levantamentos,292081.0,311170404.79999995
2025,Fevereiro,Gaza,Bilene-Macia,Levantamentos,315188.0,343960176.65000004
2025,Março,Gaza,Bilene-Macia,Levantamentos,364299.0,431851322.0
2025,Abril,Gaza,Bilene-Macia,Levantamentos,369799.0,437565191.45
2025,Maio,Gaza,Bilene-Macia,Levantamentos,382851.0,439992328.43
2025,Junho,Gaza,Bilene-Macia,Levantamentos,388396.0,433014751.89
2025,Julho,Gaza,Bilene-Macia,Levantamentos,414050.0,467875979.65
2025,Agosto,Gaza,Bilene-Macia,Levantamentos,413864.0,469040470.14
2025,Setembro,Gaza,Bilene-Macia,Levantamentos,414156.0,464958924.81
2025,Outubro,Gaza,Bilene-Macia,Levantamentos,447537.0,508550314.0
2025,Novembro,Gaza,Bilene-Macia,Levantamentos,432590.0,501302136.35
2025,Dezembro,Gaza,Bilene-Macia,Levantamentos,468891.0,636018304.95
2025,Janeiro,Gaza,Chibuto,Levantamentos,201312.0,222439655.41
2025,Fevereiro,Gaza,Chibuto,Levantamentos,218645.0,250738322.51000005
2025,Março,Gaza,Chibuto,Levantamentos,261048.0,304429056.82
2025,Abril,Gaza,Chibuto,Levantamentos,267534.0,293475833.71000004
2025,Maio,Gaza,Chibuto,Levantamentos,285332.0,337732074.66999996
2025,Junho,Gaza,Chibuto,Levantamentos,275086.0,316818176.46000004
2025,Julho,Gaza,Chibuto,Levantamentos,285959.0,329601312.32
2025,Agosto,Gaza,Chibuto,Levantamentos,290636.0,335422414.44
2025,Setembro,Gaza,Chibuto,Levantamentos,295466.0,340355866.0
2025,Outubro,Gaza,Chibuto,Levantamentos,336894.0,401111397.17
2025,Novembro,Gaza,Chibuto,Levantamentos,309837.0,395009112.69
2025,Dezembro,Gaza,Chibuto,Levantamentos,350828.0,516183080.9
2025,Janeiro,Gaza,Chicualacuala,Levantamentos,26623.0,24104322.0
2025,Fevereiro,Gaza,Chicualacuala,Levantamentos,28987.0,27042057.08
2025,Março,Gaza,Chicualacuala,Levantamentos,36022.0,34280600.0
2025,Abril,Gaza,Chicualacuala,Levantamentos,36262.0,32195245.0
2025,Maio,Gaza,Chicualacuala,Levantamentos,36969.0,35417933.0
2025,Junho,Gaza,Chicualacuala,Levantamentos,37959.0,34687940.56
2025,Julho,Gaza,Chicualacuala,Levantamentos,38131.0,35820903.0
2025,Agosto,Gaza,Chicualacuala,Levantamentos,34657.0,31310224.0
2025,Setembro,Gaza,Chicualacuala,Levantamentos,34639.0,30012272.0
2025,Outubro,Gaza,Chicualacuala,Levantamentos,40728.0,35040315.0
2025,Novembro,Gaza,Chicualacuala,Levantamentos,40103.0,38674054.0
2025,Dezembro,Gaza,Chicualacuala,Levantamentos,43360.0,47952804.0
2025,Janeiro,Gaza,Chigubo,Levantamentos,8282.0,11834863.0
2025,Fevereiro,Gaza,Chigubo,Levantamentos,9680.0,13157745.0
2025,Março,Gaza,Chigubo,Levantamentos,11828.0,16398782.0
2025,Abril,Gaza,Chigubo,Levantamentos,11934.0,15016554.0
2025,Maio,Gaza,Chigubo,Levantamentos,11335.0,12206157.0
2025,Junho,Gaza,Chigubo,Levantamentos,12599.0,15196354.6
2025,Julho,Gaza,Chigubo,Levantamentos,12567.0,14268357.0
2025,Agosto,Gaza,Chigubo,Levantamentos,27308.0,27442911.0
2025,Setembro,Gaza,Chigubo,Levantamentos,26414.0,26840468.0
2025,Outubro,Gaza,Chigubo,Levantamentos,38494.0,38016107.0
2025,Novembro,Gaza,Chigubo,Levantamentos,36574.0,38277686.0
2025,Dezembro,Gaza,Chigubo,Levantamentos,37666.0,42369699.0
2025,Janeiro,Gaza,Chókwè,Levantamentos,310738.0,310749025.83000004
2025,Fevereiro,Gaza,Chókwè,Levantamentos,344864.0,338482104.99
2025,Março,Gaza,Chókwè,Levantamentos,413577.0,415422160.17
2025,Abril,Gaza,Chókwè,Levantamentos,419277.0,413216810.05
2025,Maio,Gaza,Chókwè,Levantamentos,448358.0,453132727.78
2025,Junho,Gaza,Chókwè,Levantamentos,443513.0,441876474.26
2025,Julho,Gaza,Chókwè,Levantamentos,447557.0,448266575.96
2025,Agosto,Gaza,Chókwè,Levantamentos,455052.0,462308614.98
2025,Setembro,Gaza,Chókwè,Levantamentos,441724.0,453582246.0
2025,Outubro,Gaza,Chókwè,Levantamentos,479819.0,495805986.0
2025,Novembro,Gaza,Chókwè,Levantamentos,460674.0,483189469.0
2025,Dezembro,Gaza,Chókwè,Levantamentos,486835.0,598374692.0
2025,Janeiro,Gaza,Guijá,Levantamentos,65437.0,76149149.85
2025,Fevereiro,Gaza,Guijá,Levantamentos,78115.0,93672267.1
2025,Março,Gaza,Guijá,Levantamentos,98244.0,123939435.59
2025,Abril,Gaza,Guijá,Levantamentos,101744.0,125936478.85
2025,Maio,Gaza,Guijá,Levantamentos,108014.0,135836471.29000002
2025,Junho,Gaza,Guijá,Levantamentos,102414.0,124806480.41
2025,Julho,Gaza,Guijá,Levantamentos,104018.0,128756869.65
2025,Agosto,Gaza,Guijá,Levantamentos,106650.0,132448821.13
2025,Setembro,Gaza,Guijá,Levantamentos,108990.0,132401324.0
2025,Outubro,Gaza,Guijá,Levantamentos,118001.0,139682860.0
2025,Novembro,Gaza,Guijá,Levantamentos,115091.0,140580672.0
2025,Dezembro,Gaza,Guijá,Levantamentos,119321.0,161231792.0
2025,Janeiro,Gaza,Mabalane,Levantamentos,27967.0,28460920.0
2025,Fevereiro,Gaza,Mabalane,Levantamentos,33679.0,33348280.0
2025,Março,Gaza,Mabalane,Levantamentos,42505.0,45027939.0
2025,Abril,Gaza,Mabalane,Levantamentos,42454.0,42274124.83
2025,Maio,Gaza,Mabalane,Levantamentos,43736.0,44792166.5
2025,Junho,Gaza,Mabalane,Levantamentos,44254.0,40595318.64
2025,Julho,Gaza,Mabalane,Levantamentos,45910.0,44297757.83
2025,Agosto,Gaza,Mabalane,Levantamentos,43074.0,37776746.0
2025,Setembro,Gaza,Mabalane,Levantamentos,44158.0,39786747.0
2025,Outubro,Gaza,Mabalane,Levantamentos,52461.0,48679765.0
2025,Novembro,Gaza,Mabalane,Levantamentos,49162.0,46569598.0
2025,Dezembro,Gaza,Mabalane,Levantamentos,52324.0,61052672.0
2025,Janeiro,Gaza,Manjacaze,Levantamentos,130592.0,133443581.0
2025,Fevereiro,Gaza,Manjacaze,Levantamentos,137455.0,143269825.82999998
2025,Março,Gaza,Manjacaze,Levantamentos,159199.0,175317523.0
2025,Abril,Gaza,Manjacaze,Levantamentos,160082.0,231025157.51
2025,Maio,Gaza,Manjacaze,Levantamentos,165908.0,179854027.28
2025,Junho,Gaza,Manjacaze,Levantamentos,165184.0,178100049.19
2025,Julho,Gaza,Manjacaze,Levantamentos,173364.0,181992624.97
2025,Agosto,Gaza,Manjacaze,Levantamentos,171602.0,182383718.54
2025,Setembro,Gaza,Manjacaze,Levantamentos,177176.0,185706177.0
2025,Outubro,Gaza,Manjacaze,Levantamentos,196160.0,194156725.49
2025,Novembro,Gaza,Manjacaze,Levantamentos,189493.0,193645125.0
2025,Dezembro,Gaza,Manjacaze,Levantamentos,202876.0,240748413.0
2025,Janeiro,Gaza,Massangena,Levantamentos,11306.0,11044341.0
2025,Fevereiro,Gaza,Massangena,Levantamentos,13968.0,14341977.0
2025,Março,Gaza,Massangena,Levantamentos,14994.0,18235090.66
2025,Abril,Gaza,Massangena,Levantamentos,17928.0,17728886.0
2025,Maio,Gaza,Massangena,Levantamentos,19364.0,18206720.0
2025,Junho,Gaza,Massangena,Levantamentos,19186.0,18579390.0
2025,Julho,Gaza,Massangena,Levantamentos,19294.0,17806846.0
2025,Agosto,Gaza,Massangena,Levantamentos,19020.0,17397506.0
2025,Setembro,Gaza,Massangena,Levantamentos,20901.0,18739609.0
2025,Outubro,Gaza,Massangena,Levantamentos,22614.0,20924242.0
2025,Novembro,Gaza,Massangena,Levantamentos,22116.0,21940895.0
2025,Dezembro,Gaza,Massangena,Levantamentos,23567.0,28863758.0
2025,Janeiro,Gaza,Massingir,Levantamentos,23832.0,25009565.65
2025,Fevereiro,Gaza,Massingir,Levantamentos,27907.0,31343115.2
2025,Março,Gaza,Massingir,Levantamentos,29477.0,34177010.0
2025,Abril,Gaza,Massingir,Levantamentos,27870.0,31657174.0
2025,Maio,Gaza,Massingir,Levantamentos,26091.0,29671786.55
2025,Junho,Gaza,Massingir,Levantamentos,25480.0,27821997.0
2025,Julho,Gaza,Massingir,Levantamentos,24808.0,25193011.29
2025,Agosto,Gaza,Massingir,Levantamentos,24036.0,25814545.3
2025,Setembro,Gaza,Massingir,Levantamentos,24981.0,28243384.0
2025,Outubro,Gaza,Massingir,Levantamentos,30782.0,34962471.0
2025,Novembro,Gaza,Massingir,Levantamentos,28882.0,36202894.0
2025,Dezembro,Gaza,Massingir,Levantamentos,32706.0,48030910.0
2025,Janeiro,Gaza,Chonguene,Levantamentos,152838.0,138602434.77
2025,Fevereiro,Gaza,Chonguene,Levantamentos,173510.0,158853733.45
2025,Março,Gaza,Chonguene,Levantamentos,212517.0,215013927.15
2025,Abril,Gaza,Chonguene,Levantamentos,208318.0,221566121.69
2025,Maio,Gaza,Chonguene,Levantamentos,206561.0,191210535.51
2025,Junho,Gaza,Chonguene,Levantamentos,211512.0,205880150.6
2025,Julho,Gaza,Chonguene,Levantamentos,206958.0,215132227.02
2025,Agosto,Gaza,Chonguene,Levantamentos,213806.0,209018122.64
2025,Setembro,Gaza,Chonguene,Levantamentos,231371.0,228429497.2
2025,Outubro,Gaza,Chonguene,Levantamentos,275876.0,293234864.90999997
2025,Novembro,Gaza,Chonguene,Levantamentos,255490.0,259065341.1
2025,Dezembro,Gaza,Chonguene,Levantamentos,275748.0,330937072.9
2025,Janeiro,Gaza,Mapai,Levantamentos,34371.0,35685652.3
2025,Fevereiro,Gaza,Mapai,Levantamentos,37035.0,40073367.18
2025,Março,Gaza,Mapai,Levantamentos,46005.0,49583759.3
2025,Abril,Gaza,Mapai,Levantamentos,44256.0,45364218.3
2025,Maio,Gaza,Mapai,Levantamentos,45712.0,46950336.4
2025,Junho,Gaza,Mapai,Levantamentos,47260.0,44095729.0
2025,Julho,Gaza,Mapai,Levantamentos,50065.0,47567015.0
2025,Agosto,Gaza,Mapai,Levantamentos,48830.0,50349443.0
2025,Setembro,Gaza,Mapai,Levantamentos,49538.0,46009758.0
2025,Outubro,Gaza,Mapai,Levantamentos,61668.0,60938219.0
2025,Novembro,Gaza,Mapai,Levantamentos,59279.0,62047882.0
2025,Dezembro,Gaza,Mapai,Levantamentos,64343.0,84692345.0
2025,Janeiro,Gaza,Limpopo,Levantamentos,118083.0,114566858.31000002
2025,Fevereiro,Gaza,Limpopo,Levantamentos,124895.0,128003494.96999998
2025,Março,Gaza,Limpopo,Levantamentos,147801.0,183202441.3
2025,Abril,Gaza,Limpopo,Levantamentos,143220.0,168534932.44
2025,Maio,Gaza,Limpopo,Levantamentos,140452.0,153083926.91
2025,Junho,Gaza,Limpopo,Levantamentos,152909.0,172733551.86
2025,Julho,Gaza,Limpopo,Levantamentos,156464.0,172899937.32
2025,Agosto,Gaza,Limpopo,Levantamentos,153584.0,177094504.99
2025,Setembro,Gaza,Limpopo,Levantamentos,157967.0,173174042.0
2025,Outubro,Gaza,Limpopo,Levantamentos,184316.0,212307661.0
2025,Novembro,Gaza,Limpopo,Levantamentos,173052.0,206819410.0
2025,Dezembro,Gaza,Limpopo,Levantamentos,187642.0,254419286.0
2025,Janeiro,Inhambane,Cidade de Inhambane,Levantamentos,214835.0,156925731.3
2025,Fevereiro,Inhambane,Cidade de Inhambane,Levantamentos,227992.0,168864569.73
2025,Março,Inhambane,Cidade de Inhambane,Levantamentos,263612.0,188361917.86
2025,Abril,Inhambane,Cidade de Inhambane,Levantamentos,266487.0,188091746.3
2025,Maio,Inhambane,Cidade de Inhambane,Levantamentos,289602.0,211494707.97
2025,Junho,Inhambane,Cidade de Inhambane,Levantamentos,287904.0,216507289.76
2025,Julho,Inhambane,Cidade de Inhambane,Levantamentos,300402.0,224936357.37
2025,Agosto,Inhambane,Cidade de Inhambane,Levantamentos,294153.0,204581339.19
2025,Setembro,Inhambane,Cidade de Inhambane,Levantamentos,287590.0,204674689.99
2025,Outubro,Inhambane,Cidade de Inhambane,Levantamentos,324416.0,239211584.46
2025,Novembro,Inhambane,Cidade de Inhambane,Levantamentos,314250.0,227764945.5
2025,Dezembro,Inhambane,Cidade de Inhambane,Levantamentos,325260.0,282125491.8
2025,Janeiro,Inhambane,Cidade de Maxixe,Levantamentos,350618.0,327757207.41999996
2025,Fevereiro,Inhambane,Cidade de Maxixe,Levantamentos,366249.0,339134602.57
2025,Março,Inhambane,Cidade de Maxixe,Levantamentos,423196.0,386775444.93
2025,Abril,Inhambane,Cidade de Maxixe,Levantamentos,424727.0,403758022.18
2025,Maio,Inhambane,Cidade de Maxixe,Levantamentos,447464.0,394007782.62
2025,Junho,Inhambane,Cidade de Maxixe,Levantamentos,435748.0,381261475.51
2025,Julho,Inhambane,Cidade de Maxixe,Levantamentos,445910.0,390967124.61
2025,Agosto,Inhambane,Cidade de Maxixe,Levantamentos,448852.0,389208423.98
2025,Setembro,Inhambane,Cidade de Maxixe,Levantamentos,443471.0,379528306.33
2025,Outubro,Inhambane,Cidade de Maxixe,Levantamentos,480512.0,413746275.6
2025,Novembro,Inhambane,Cidade de Maxixe,Levantamentos,465720.0,384534819.0
2025,Dezembro,Inhambane,Cidade de Maxixe,Levantamentos,489288.0,498095829.98
2025,Janeiro,Inhambane,Funhaloro,Levantamentos,26237.0,30381053.0
2025,Fevereiro,Inhambane,Funhaloro,Levantamentos,29027.0,31953037.72
2025,Março,Inhambane,Funhaloro,Levantamentos,34051.0,37388432.0
2025,Abril,Inhambane,Funhaloro,Levantamentos,32831.0,34615447.0
2025,Maio,Inhambane,Funhaloro,Levantamentos,33578.0,35492913.4
2025,Junho,Inhambane,Funhaloro,Levantamentos,33884.0,36604839.4
2025,Julho,Inhambane,Funhaloro,Levantamentos,33379.0,38058540.0
2025,Agosto,Inhambane,Funhaloro,Levantamentos,35477.0,39928616.85
2025,Setembro,Inhambane,Funhaloro,Levantamentos,37194.0,44844885.0
2025,Outubro,Inhambane,Funhaloro,Levantamentos,44119.0,48495210.0
2025,Novembro,Inhambane,Funhaloro,Levantamentos,40360.0,49166691.0
2025,Dezembro,Inhambane,Funhaloro,Levantamentos,48549.0,69618074.2
2025,Janeiro,Inhambane,Govuro,Levantamentos,50671.0,50719928.99
2025,Fevereiro,Inhambane,Govuro,Levantamentos,56509.0,56785729.1
2025,Março,Inhambane,Govuro,Levantamentos,64676.0,65790723.4
2025,Abril,Inhambane,Govuro,Levantamentos,66364.0,71041987.15
2025,Maio,Inhambane,Govuro,Levantamentos,75418.0,76549865.5
2025,Junho,Inhambane,Govuro,Levantamentos,75126.0,74622179.7
2025,Julho,Inhambane,Govuro,Levantamentos,76096.0,73275210.65
2025,Agosto,Inhambane,Govuro,Levantamentos,77170.0,72249467.21000001
2025,Setembro,Inhambane,Govuro,Levantamentos,74952.0,68519924.0
2025,Outubro,Inhambane,Govuro,Levantamentos,84016.0,75635904.0
2025,Novembro,Inhambane,Govuro,Levantamentos,81024.0,77251986.0
2025,Dezembro,Inhambane,Govuro,Levantamentos,90844.0,95040309.0
2025,Janeiro,Inhambane,Homoine,Levantamentos,79932.0,83632828.82999998
2025,Fevereiro,Inhambane,Homoine,Levantamentos,80737.0,83694635.03
2025,Março,Inhambane,Homoine,Levantamentos,96748.0,112814209.14
2025,Abril,Inhambane,Homoine,Levantamentos,99092.0,109346285.9
2025,Maio,Inhambane,Homoine,Levantamentos,104929.0,110802786.4
2025,Junho,Inhambane,Homoine,Levantamentos,112511.0,125868605.6
2025,Julho,Inhambane,Homoine,Levantamentos,116257.0,132963340.27
2025,Agosto,Inhambane,Homoine,Levantamentos,117323.0,131210275.74
2025,Setembro,Inhambane,Homoine,Levantamentos,120176.0,125336385.0
2025,Outubro,Inhambane,Homoine,Levantamentos,132191.0,139538822.3
2025,Novembro,Inhambane,Homoine,Levantamentos,124164.0,135916025.64
2025,Dezembro,Inhambane,Homoine,Levantamentos,145489.0,179593217.75
2025,Janeiro,Inhambane,Inharrime,Levantamentos,113182.0,140493134.51
2025,Fevereiro,Inhambane,Inharrime,Levantamentos,116843.0,145401711.34
2025,Março,Inhambane,Inharrime,Levantamentos,132425.0,198375430.18
2025,Abril,Inhambane,Inharrime,Levantamentos,136644.0,217222716.85
2025,Maio,Inhambane,Inharrime,Levantamentos,143738.0,190226951.77
2025,Junho,Inhambane,Inharrime,Levantamentos,149354.0,191190476.99
2025,Julho,Inhambane,Inharrime,Levantamentos,153493.0,198547623.11
2025,Agosto,Inhambane,Inharrime,Levantamentos,152116.0,196772073.2
2025,Setembro,Inhambane,Inharrime,Levantamentos,152898.0,195970114.0
2025,Outubro,Inhambane,Inharrime,Levantamentos,171952.0,226342871.75
2025,Novembro,Inhambane,Inharrime,Levantamentos,166504.0,217361807.0
2025,Dezembro,Inhambane,Inharrime,Levantamentos,193208.0,295986020.0
2025,Janeiro,Inhambane,Inhassoro,Levantamentos,90323.0,71674709.8
2025,Fevereiro,Inhambane,Inhassoro,Levantamentos,101465.0,79746844.44
2025,Março,Inhambane,Inhassoro,Levantamentos,128637.0,102137679.5
2025,Abril,Inhambane,Inhassoro,Levantamentos,125762.0,108116103.78
2025,Maio,Inhambane,Inhassoro,Levantamentos,126118.0,111092925.76
2025,Junho,Inhambane,Inhassoro,Levantamentos,125294.0,109238338.48
2025,Julho,Inhambane,Inhassoro,Levantamentos,127470.0,105973404.2
2025,Agosto,Inhambane,Inhassoro,Levantamentos,126591.0,104476000.97
2025,Setembro,Inhambane,Inhassoro,Levantamentos,126538.0,101549912.93
2025,Outubro,Inhambane,Inhassoro,Levantamentos,143160.0,118912098.05
2025,Novembro,Inhambane,Inhassoro,Levantamentos,131497.0,105997649.45
2025,Dezembro,Inhambane,Inhassoro,Levantamentos,144483.0,137158377.5
2025,Janeiro,Inhambane,Jangamo,Levantamentos,83275.0,96928855.34
2025,Fevereiro,Inhambane,Jangamo,Levantamentos,85367.0,100721952.39
2025,Março,Inhambane,Jangamo,Levantamentos,97233.0,123215430.07
2025,Abril,Inhambane,Jangamo,Levantamentos,98985.0,119576221.11
2025,Maio,Inhambane,Jangamo,Levantamentos,107068.0,130366067.59
2025,Junho,Inhambane,Jangamo,Levantamentos,111978.0,137870693.64
2025,Julho,Inhambane,Jangamo,Levantamentos,116047.0,141779187.66
2025,Agosto,Inhambane,Jangamo,Levantamentos,117232.0,136951287.76999998
2025,Setembro,Inhambane,Jangamo,Levantamentos,117055.0,138543194.0
2025,Outubro,Inhambane,Jangamo,Levantamentos,128633.0,154580953.31
2025,Novembro,Inhambane,Jangamo,Levantamentos,124818.0,154532052.0
2025,Dezembro,Inhambane,Jangamo,Levantamentos,148275.0,197587849.21
2025,Janeiro,Inhambane,Mabote,Levantamentos,36264.0,38034527.8
2025,Fevereiro,Inhambane,Mabote,Levantamentos,41433.0,43561503.9
2025,Março,Inhambane,Mabote,Levantamentos,48135.0,49518057.04
2025,Abril,Inhambane,Mabote,Levantamentos,48425.0,46553693.92
2025,Maio,Inhambane,Mabote,Levantamentos,51978.0,54084682.5
2025,Junho,Inhambane,Mabote,Levantamentos,53568.0,54382930.83
2025,Julho,Inhambane,Mabote,Levantamentos,55585.0,67101667.25
2025,Agosto,Inhambane,Mabote,Levantamentos,52100.0,53922396.19
2025,Setembro,Inhambane,Mabote,Levantamentos,56420.0,55090233.0
2025,Outubro,Inhambane,Mabote,Levantamentos,61233.0,60459877.21
2025,Novembro,Inhambane,Mabote,Levantamentos,57592.0,64797599.0
2025,Dezembro,Inhambane,Mabote,Levantamentos,61716.0,79864200.85
2025,Janeiro,Inhambane,Massinga,Levantamentos,239763.0,340879821.14
2025,Fevereiro,Inhambane,Massinga,Levantamentos,252739.0,351837698.0200001
2025,Março,Inhambane,Massinga,Levantamentos,296870.0,513368254.95
2025,Abril,Inhambane,Massinga,Levantamentos,311049.0,590762436.53
2025,Maio,Inhambane,Massinga,Levantamentos,323128.0,463553076.39
2025,Junho,Inhambane,Massinga,Levantamentos,325013.0,465324037.07
2025,Julho,Inhambane,Massinga,Levantamentos,336444.0,469674639.61
2025,Agosto,Inhambane,Massinga,Levantamentos,341015.0,481763520.07
2025,Setembro,Inhambane,Massinga,Levantamentos,344153.0,479362162.5
2025,Outubro,Inhambane,Massinga,Levantamentos,387600.0,543481661.28
2025,Novembro,Inhambane,Massinga,Levantamentos,363533.0,506639723.82
2025,Dezembro,Inhambane,Massinga,Levantamentos,399100.0,635883557.14
2025,Janeiro,Inhambane,Morrumbene,Levantamentos,108688.0,119997375.88
2025,Fevereiro,Inhambane,Morrumbene,Levantamentos,107750.0,120661388.98
2025,Março,Inhambane,Morrumbene,Levantamentos,123197.0,154773516.05
2025,Abril,Inhambane,Morrumbene,Levantamentos,126853.0,163025833.62
2025,Maio,Inhambane,Morrumbene,Levantamentos,130169.0,145290087.32999998
2025,Junho,Inhambane,Morrumbene,Levantamentos,133533.0,148263296.62
2025,Julho,Inhambane,Morrumbene,Levantamentos,139606.0,155881105.61
2025,Agosto,Inhambane,Morrumbene,Levantamentos,135559.0,146521971.81
2025,Setembro,Inhambane,Morrumbene,Levantamentos,137150.0,148110648.0
2025,Outubro,Inhambane,Morrumbene,Levantamentos,149540.0,163952353.63
2025,Novembro,Inhambane,Morrumbene,Levantamentos,143407.0,159898187.5
2025,Dezembro,Inhambane,Morrumbene,Levantamentos,167095.0,213404971.0
2025,Janeiro,Inhambane,Panda,Levantamentos,30651.0,30964956.130000003
2025,Fevereiro,Inhambane,Panda,Levantamentos,30081.0,31344961.73
2025,Março,Inhambane,Panda,Levantamentos,34627.0,34797799.2
2025,Abril,Inhambane,Panda,Levantamentos,36965.0,35456977.739999995
2025,Maio,Inhambane,Panda,Levantamentos,37149.0,36437401.77
2025,Junho,Inhambane,Panda,Levantamentos,36920.0,36898468.68
2025,Julho,Inhambane,Panda,Levantamentos,37655.0,35852780.010000005
2025,Agosto,Inhambane,Panda,Levantamentos,36393.0,34717348.8
2025,Setembro,Inhambane,Panda,Levantamentos,38478.0,35496865.0
2025,Outubro,Inhambane,Panda,Levantamentos,45966.0,44167032.0
2025,Novembro,Inhambane,Panda,Levantamentos,41623.0,41330217.0
2025,Dezembro,Inhambane,Panda,Levantamentos,49170.0,61926503.15
2025,Janeiro,Inhambane,Vilankulo,Levantamentos,255782.0,211844559.51
2025,Fevereiro,Inhambane,Vilankulo,Levantamentos,275822.0,227595884.44
2025,Março,Inhambane,Vilankulo,Levantamentos,318074.0,257421008.61
2025,Abril,Inhambane,Vilankulo,Levantamentos,315275.0,257685164.86
2025,Maio,Inhambane,Vilankulo,Levantamentos,333068.0,283323934.44
2025,Junho,Inhambane,Vilankulo,Levantamentos,325844.0,269094964.47
2025,Julho,Inhambane,Vilankulo,Levantamentos,333347.0,281175957.75
2025,Agosto,Inhambane,Vilankulo,Levantamentos,328913.0,276198366.96
2025,Setembro,Inhambane,Vilankulo,Levantamentos,315990.0,272512037.6
2025,Outubro,Inhambane,Vilankulo,Levantamentos,353352.0,303797669.79
2025,Novembro,Inhambane,Vilankulo,Levantamentos,348813.0,317955602.01
2025,Dezembro,Inhambane,Vilankulo,Levantamentos,374508.0,351968729.78999996
2025,Janeiro,Inhambane,Zavala (Quissico),Levantamentos,133364.0,158035097.02000004
2025,Fevereiro,Inhambane,Zavala (Quissico),Levantamentos,134377.0,160308138.81
2025,Março,Inhambane,Zavala (Quissico),Levantamentos,157495.0,251943102.97
2025,Abril,Inhambane,Zavala (Quissico),Levantamentos,163658.0,293699771.4
2025,Maio,Inhambane,Zavala (Quissico),Levantamentos,166307.0,210214769.34
2025,Junho,Inhambane,Zavala (Quissico),Levantamentos,170968.0,220838947.73
2025,Julho,Inhambane,Zavala (Quissico),Levantamentos,170505.0,226637495.09
2025,Agosto,Inhambane,Zavala (Quissico),Levantamentos,172973.0,231630065.85
2025,Setembro,Inhambane,Zavala (Quissico),Levantamentos,178184.0,237860745.0
2025,Outubro,Inhambane,Zavala (Quissico),Levantamentos,197835.0,266929419.76
2025,Novembro,Inhambane,Zavala (Quissico),Levantamentos,188018.0,285643101.0
2025,Dezembro,Inhambane,Zavala (Quissico),Levantamentos,224088.0,430459129.0
2025,Janeiro,Sofala,Cidade da Beira,Levantamentos,2733917.0,2076888494.76
2025,Fevereiro,Sofala,Cidade da Beira,Levantamentos,2952117.0,2234404788.36
2025,Março,Sofala,Cidade da Beira,Levantamentos,3501474.0,3004510186.1
2025,Abril,Sofala,Cidade da Beira,Levantamentos,3575579.0,2923113278.13
2025,Maio,Sofala,Cidade da Beira,Levantamentos,3855949.0,2668874381.99
2025,Junho,Sofala,Cidade da Beira,Levantamentos,3838169.0,2678363026.55
2025,Julho,Sofala,Cidade da Beira,Levantamentos,3918195.0,2803412310.23
2025,Agosto,Sofala,Cidade da Beira,Levantamentos,4011240.0,2780535416.34
2025,Setembro,Sofala,Cidade da Beira,Levantamentos,3884873.0,2711082374.84
2025,Outubro,Sofala,Cidade da Beira,Levantamentos,4350181.0,3098080194.9
2025,Novembro,Sofala,Cidade da Beira,Levantamentos,4257970.0,2883926731.33
2025,Dezembro,Sofala,Cidade da Beira,Levantamentos,4159462.0,3326269866.88
2025,Janeiro,Sofala,Buzi,Levantamentos,105094.0,78889400.38
2025,Fevereiro,Sofala,Buzi,Levantamentos,118018.0,93664207.0
2025,Março,Sofala,Buzi,Levantamentos,132094.0,94717939.0
2025,Abril,Sofala,Buzi,Levantamentos,136619.0,98977807.52
2025,Maio,Sofala,Buzi,Levantamentos,141668.0,105855162.2
2025,Junho,Sofala,Buzi,Levantamentos,148717.0,113142361.16
2025,Julho,Sofala,Buzi,Levantamentos,146674.0,98871095.0
2025,Agosto,Sofala,Buzi,Levantamentos,154515.0,103552652.0
2025,Setembro,Sofala,Buzi,Levantamentos,155658.0,109065229.0
2025,Outubro,Sofala,Buzi,Levantamentos,176162.0,125644271.0
2025,Novembro,Sofala,Buzi,Levantamentos,171107.0,129299679.0
2025,Dezembro,Sofala,Buzi,Levantamentos,174889.0,151585048.0
2025,Janeiro,Sofala,Caia,Levantamentos,138583.0,79739209.32
2025,Fevereiro,Sofala,Caia,Levantamentos,155923.0,96665776.56
2025,Março,Sofala,Caia,Levantamentos,170188.0,106106808.1
2025,Abril,Sofala,Caia,Levantamentos,159365.0,94140796.11
2025,Maio,Sofala,Caia,Levantamentos,171658.0,103416986.15
2025,Junho,Sofala,Caia,Levantamentos,168942.0,102370999.51
2025,Julho,Sofala,Caia,Levantamentos,170620.0,106704776.38
2025,Agosto,Sofala,Caia,Levantamentos,162420.0,92510977.5
2025,Setembro,Sofala,Caia,Levantamentos,165519.0,103848265.0
2025,Outubro,Sofala,Caia,Levantamentos,190032.0,128071322.0
2025,Novembro,Sofala,Caia,Levantamentos,200235.0,129556261.0
2025,Dezembro,Sofala,Caia,Levantamentos,205498.0,148939197.0
2025,Janeiro,Sofala,Chemba,Levantamentos,25027.0,18540452.0
2025,Fevereiro,Sofala,Chemba,Levantamentos,30571.0,24668233.13
2025,Março,Sofala,Chemba,Levantamentos,34600.0,24198577.0
2025,Abril,Sofala,Chemba,Levantamentos,33589.0,24084972.0
2025,Maio,Sofala,Chemba,Levantamentos,31080.0,24216349.0
2025,Junho,Sofala,Chemba,Levantamentos,33544.0,30700060.0
2025,Julho,Sofala,Chemba,Levantamentos,31812.0,29734179.0
2025,Agosto,Sofala,Chemba,Levantamentos,32904.0,27224203.68
2025,Setembro,Sofala,Chemba,Levantamentos,32759.0,29440229.0
2025,Outubro,Sofala,Chemba,Levantamentos,39138.0,38071628.0
2025,Novembro,Sofala,Chemba,Levantamentos,40356.0,34014564.0
2025,Dezembro,Sofala,Chemba,Levantamentos,39196.0,33525015.0
2025,Janeiro,Sofala,Cheringoma,Levantamentos,46999.0,24773089.65
2025,Fevereiro,Sofala,Cheringoma,Levantamentos,48120.0,24008304.53
2025,Março,Sofala,Cheringoma,Levantamentos,57264.0,27597742.69
2025,Abril,Sofala,Cheringoma,Levantamentos,57353.0,27451792.0
2025,Maio,Sofala,Cheringoma,Levantamentos,61389.0,28508602.0
2025,Junho,Sofala,Cheringoma,Levantamentos,59630.0,28431617.0
2025,Julho,Sofala,Cheringoma,Levantamentos,60126.0,28345869.0
2025,Agosto,Sofala,Cheringoma,Levantamentos,61470.0,28181609.0
2025,Setembro,Sofala,Cheringoma,Levantamentos,62264.0,28294485.0
2025,Outubro,Sofala,Cheringoma,Levantamentos,74127.0,35763902.0
2025,Novembro,Sofala,Cheringoma,Levantamentos,67656.0,30247127.0
2025,Dezembro,Sofala,Cheringoma,Levantamentos,64399.0,36577437.0
2025,Janeiro,Sofala,Chibabava,Levantamentos,61907.0,93946492.88
2025,Fevereiro,Sofala,Chibabava,Levantamentos,69622.0,100542973.42
2025,Março,Sofala,Chibabava,Levantamentos,77373.0,111912109.53
2025,Abril,Sofala,Chibabava,Levantamentos,76135.0,98170564.32
2025,Maio,Sofala,Chibabava,Levantamentos,83245.0,108368959.44
2025,Junho,Sofala,Chibabava,Levantamentos,82107.0,110680611.48
2025,Julho,Sofala,Chibabava,Levantamentos,83182.0,114171783.16
2025,Agosto,Sofala,Chibabava,Levantamentos,82070.0,110308715.3
2025,Setembro,Sofala,Chibabava,Levantamentos,78985.0,116518747.0
2025,Outubro,Sofala,Chibabava,Levantamentos,87164.0,126531396.0
2025,Novembro,Sofala,Chibabava,Levantamentos,77634.0,132884858.0
2025,Dezembro,Sofala,Chibabava,Levantamentos,88112.0,159010435.0
2025,Janeiro,Sofala,Dondo,Levantamentos,477476.0,271931911.35
2025,Fevereiro,Sofala,Dondo,Levantamentos,507636.0,292119054.51
2025,Março,Sofala,Dondo,Levantamentos,580788.0,309969607.98
2025,Abril,Sofala,Dondo,Levantamentos,580126.0,324251558.18
2025,Maio,Sofala,Dondo,Levantamentos,614329.0,342431619.1
2025,Junho,Sofala,Dondo,Levantamentos,609784.0,342291273.79
2025,Julho,Sofala,Dondo,Levantamentos,624864.0,346278421.12
2025,Agosto,Sofala,Dondo,Levantamentos,629708.0,347424030.67
2025,Setembro,Sofala,Dondo,Levantamentos,634806.0,360061794.0
2025,Outubro,Sofala,Dondo,Levantamentos,691652.0,405680333.72
2025,Novembro,Sofala,Dondo,Levantamentos,672480.0,390402973.62
2025,Dezembro,Sofala,Dondo,Levantamentos,665199.0,452330739.0
2025,Janeiro,Sofala,Gorongoza,Levantamentos,118244.0,65279176.45
2025,Fevereiro,Sofala,Gorongoza,Levantamentos,120576.0,70881654.05
2025,Março,Sofala,Gorongoza,Levantamentos,140286.0,75044924.24
2025,Abril,Sofala,Gorongoza,Levantamentos,141782.0,83648967.0
2025,Maio,Sofala,Gorongoza,Levantamentos,157751.0,94089227.0
2025,Junho,Sofala,Gorongoza,Levantamentos,157705.0,94795477.0
2025,Julho,Sofala,Gorongoza,Levantamentos,157842.0,92031229.0
2025,Agosto,Sofala,Gorongoza,Levantamentos,156326.0,89949238.34
2025,Setembro,Sofala,Gorongoza,Levantamentos,148630.0,86637691.0
2025,Outubro,Sofala,Gorongoza,Levantamentos,174784.0,108036791.0
2025,Novembro,Sofala,Gorongoza,Levantamentos,173859.0,113915920.0
2025,Dezembro,Sofala,Gorongoza,Levantamentos,174675.0,131149384.0
2025,Janeiro,Sofala,Machanga,Levantamentos,19618.0,20557128.0
2025,Fevereiro,Sofala,Machanga,Levantamentos,22366.0,20808406.45
2025,Março,Sofala,Machanga,Levantamentos,26996.0,26419635.0
2025,Abril,Sofala,Machanga,Levantamentos,26969.0,26526523.28
2025,Maio,Sofala,Machanga,Levantamentos,27565.0,30443839.4
2025,Junho,Sofala,Machanga,Levantamentos,29708.0,29487941.6
2025,Julho,Sofala,Machanga,Levantamentos,29525.0,35986986.56
2025,Agosto,Sofala,Machanga,Levantamentos,25640.0,23895855.0
2025,Setembro,Sofala,Machanga,Levantamentos,30169.0,23880349.0
2025,Outubro,Sofala,Machanga,Levantamentos,38704.0,30816153.0
2025,Novembro,Sofala,Machanga,Levantamentos,38116.0,34616206.0
2025,Dezembro,Sofala,Machanga,Levantamentos,41074.0,38208773.0
2025,Janeiro,Sofala,Maringue,Levantamentos,56366.0,38551977.0
2025,Fevereiro,Sofala,Maringue,Levantamentos,59467.0,42363259.8
2025,Março,Sofala,Maringue,Levantamentos,62904.0,40916272.0
2025,Abril,Sofala,Maringue,Levantamentos,61727.0,42654673.0
2025,Maio,Sofala,Maringue,Levantamentos,64819.0,48920986.0
2025,Junho,Sofala,Maringue,Levantamentos,65001.0,58106995.0
2025,Julho,Sofala,Maringue,Levantamentos,67110.0,55764035.0
2025,Agosto,Sofala,Maringue,Levantamentos,71237.0,64264704.0
2025,Setembro,Sofala,Maringue,Levantamentos,71460.0,63358126.0
2025,Outubro,Sofala,Maringue,Levantamentos,88195.0,78905842.0
2025,Novembro,Sofala,Maringue,Levantamentos,81339.0,72682794.0
2025,Dezembro,Sofala,Maringue,Levantamentos,84947.0,81534061.0
2025,Janeiro,Sofala,Marromeu,Levantamentos,112070.0,51639570.22
2025,Fevereiro,Sofala,Marromeu,Levantamentos,127503.0,62404525.22
2025,Março,Sofala,Marromeu,Levantamentos,141804.0,62108495.1
2025,Abril,Sofala,Marromeu,Levantamentos,146554.0,67813036.13
2025,Maio,Sofala,Marromeu,Levantamentos,160590.0,81084136.0
2025,Junho,Sofala,Marromeu,Levantamentos,155738.0,74008839.01
2025,Julho,Sofala,Marromeu,Levantamentos,161272.0,76865156.66
2025,Agosto,Sofala,Marromeu,Levantamentos,164488.0,80170514.31
2025,Setembro,Sofala,Marromeu,Levantamentos,156775.0,80690297.0
2025,Outubro,Sofala,Marromeu,Levantamentos,180771.0,94923282.0
2025,Novembro,Sofala,Marromeu,Levantamentos,176208.0,92844422.0
2025,Dezembro,Sofala,Marromeu,Levantamentos,184615.0,109533443.0
2025,Janeiro,Sofala,Muanza,Levantamentos,20598.0,15717444.0
2025,Fevereiro,Sofala,Muanza,Levantamentos,24323.0,17106777.4
2025,Março,Sofala,Muanza,Levantamentos,26644.0,17264950.0
2025,Abril,Sofala,Muanza,Levantamentos,27623.0,20877471.0
2025,Maio,Sofala,Muanza,Levantamentos,28149.0,18998936.0
2025,Junho,Sofala,Muanza,Levantamentos,29767.0,20907777.0
2025,Julho,Sofala,Muanza,Levantamentos,29647.0,18985877.0
2025,Agosto,Sofala,Muanza,Levantamentos,29492.0,19757738.0
2025,Setembro,Sofala,Muanza,Levantamentos,30511.0,21273220.0
2025,Outubro,Sofala,Muanza,Levantamentos,36758.0,25386423.0
2025,Novembro,Sofala,Muanza,Levantamentos,36372.0,25138327.0
2025,Dezembro,Sofala,Muanza,Levantamentos,38940.0,31499245.0
2025,Janeiro,Sofala,Nhamatanda,Levantamentos,266055.0,143700145.77
2025,Fevereiro,Sofala,Nhamatanda,Levantamentos,270507.0,149816632.63
2025,Março,Sofala,Nhamatanda,Levantamentos,300040.0,151841156.06
2025,Abril,Sofala,Nhamatanda,Levantamentos,316771.0,167520854.61
2025,Maio,Sofala,Nhamatanda,Levantamentos,342492.0,189322427.89
2025,Junho,Sofala,Nhamatanda,Levantamentos,339042.0,184837039.87
2025,Julho,Sofala,Nhamatanda,Levantamentos,333807.0,180995734.78
2025,Agosto,Sofala,Nhamatanda,Levantamentos,351837.0,183632553.07
2025,Setembro,Sofala,Nhamatanda,Levantamentos,352682.0,192012908.0
2025,Outubro,Sofala,Nhamatanda,Levantamentos,384608.0,207800673.0
2025,Novembro,Sofala,Nhamatanda,Levantamentos,374581.0,209412355.0
2025,Dezembro,Sofala,Nhamatanda,Levantamentos,378498.0,248410167.0
2025,Janeiro,Manica,Cidade de Chimoio,Levantamentos,1440549.0,986442118.77
2025,Fevereiro,Manica,Cidade de Chimoio,Levantamentos,1555747.0,1068465430.8
2025,Março,Manica,Cidade de Chimoio,Levantamentos,1833768.0,1184421144.26
2025,Abril,Manica,Cidade de Chimoio,Levantamentos,1833948.0,1233920590.0
2025,Maio,Manica,Cidade de Chimoio,Levantamentos,1944112.0,1409855301.15
2025,Junho,Manica,Cidade de Chimoio,Levantamentos,1923653.0,1386691513.24
2025,Julho,Manica,Cidade de Chimoio,Levantamentos,1949209.0,1373945520.72
2025,Agosto,Manica,Cidade de Chimoio,Levantamentos,1948490.0,1320463515.64
2025,Setembro,Manica,Cidade de Chimoio,Levantamentos,1882247.0,1296450716.2
2025,Outubro,Manica,Cidade de Chimoio,Levantamentos,2129134.0,1454825077.91
2025,Novembro,Manica,Cidade de Chimoio,Levantamentos,2037549.0,1396092315.92
2025,Dezembro,Manica,Cidade de Chimoio,Levantamentos,1993484.0,1676117543.5
2025,Janeiro,Manica,Bárue,Levantamentos,208451.0,147000885.0
2025,Fevereiro,Manica,Bárue,Levantamentos,230192.0,163779458.45
2025,Março,Manica,Bárue,Levantamentos,254268.0,181990862.8
2025,Abril,Manica,Bárue,Levantamentos,229185.0,199995649.0
2025,Maio,Manica,Bárue,Levantamentos,260886.0,228191995.32
2025,Junho,Manica,Bárue,Levantamentos,258881.0,210407964.0
2025,Julho,Manica,Bárue,Levantamentos,263667.0,198651835.0
2025,Agosto,Manica,Bárue,Levantamentos,236561.0,201467392.69
2025,Setembro,Manica,Bárue,Levantamentos,241049.0,160825299.0
2025,Outubro,Manica,Bárue,Levantamentos,294382.0,199228272.0
2025,Novembro,Manica,Bárue,Levantamentos,279765.0,183599370.0
2025,Dezembro,Manica,Bárue,Levantamentos,269962.0,192395571.77
2025,Janeiro,Manica,Gondola,Levantamentos,234924.0,142033801.84
2025,Fevereiro,Manica,Gondola,Levantamentos,248070.0,159331556.41
2025,Março,Manica,Gondola,Levantamentos,272887.0,167645605.31
2025,Abril,Manica,Gondola,Levantamentos,274164.0,171158798.39
2025,Maio,Manica,Gondola,Levantamentos,332323.0,228999312.68
2025,Junho,Manica,Gondola,Levantamentos,338516.0,239936023.51
2025,Julho,Manica,Gondola,Levantamentos,337281.0,230101360.55
2025,Agosto,Manica,Gondola,Levantamentos,340669.0,223058768.85
2025,Setembro,Manica,Gondola,Levantamentos,319669.0,214458464.0
2025,Outubro,Manica,Gondola,Levantamentos,355319.0,243690046.0
2025,Novembro,Manica,Gondola,Levantamentos,351185.0,247869351.0
2025,Dezembro,Manica,Gondola,Levantamentos,372475.0,300117022.0
2025,Janeiro,Manica,Guro,Levantamentos,66383.0,46901990.0
2025,Fevereiro,Manica,Guro,Levantamentos,74463.0,54224126.0
2025,Março,Manica,Guro,Levantamentos,81604.0,55446635.0
2025,Abril,Manica,Guro,Levantamentos,75042.0,56315132.0
2025,Maio,Manica,Guro,Levantamentos,78169.0,62782646.5
2025,Junho,Manica,Guro,Levantamentos,80793.0,63449629.25
2025,Julho,Manica,Guro,Levantamentos,86318.0,66838559.0
2025,Agosto,Manica,Guro,Levantamentos,81735.0,65249285.0
2025,Setembro,Manica,Guro,Levantamentos,78217.0,61052418.0
2025,Outubro,Manica,Guro,Levantamentos,94886.0,71933437.0
2025,Novembro,Manica,Guro,Levantamentos,85609.0,61994445.0
2025,Dezembro,Manica,Guro,Levantamentos,78832.0,66052484.4
2025,Janeiro,Manica,Machaze,Levantamentos,53227.0,74410715.33
2025,Fevereiro,Manica,Machaze,Levantamentos,60498.0,81719217.92
2025,Março,Manica,Machaze,Levantamentos,73538.0,163050015.55
2025,Abril,Manica,Machaze,Levantamentos,73277.0,138960780.07
2025,Maio,Manica,Machaze,Levantamentos,75799.0,99601826.45
2025,Junho,Manica,Machaze,Levantamentos,77650.0,104841628.0
2025,Julho,Manica,Machaze,Levantamentos,77745.0,100117291.0
2025,Agosto,Manica,Machaze,Levantamentos,75236.0,101314644.63
2025,Setembro,Manica,Machaze,Levantamentos,78354.0,107666728.0
2025,Outubro,Manica,Machaze,Levantamentos,93266.0,126019992.0
2025,Novembro,Manica,Machaze,Levantamentos,300921.0,232335226.0
2025,Dezembro,Manica,Machaze,Levantamentos,79607.0,147410154.0
2025,Janeiro,Manica,Macossa,Levantamentos,19048.0,13084172.0
2025,Fevereiro,Manica,Macossa,Levantamentos,22631.0,15749188.0
2025,Março,Manica,Macossa,Levantamentos,24688.0,19141170.0
2025,Abril,Manica,Macossa,Levantamentos,24380.0,21461938.0
2025,Maio,Manica,Macossa,Levantamentos,24377.0,20305909.0
2025,Junho,Manica,Macossa,Levantamentos,23239.0,17580853.0
2025,Julho,Manica,Macossa,Levantamentos,23492.0,18308622.0
2025,Agosto,Manica,Macossa,Levantamentos,22721.0,17602326.0
2025,Setembro,Manica,Macossa,Levantamentos,23346.0,17829907.0
2025,Outubro,Manica,Macossa,Levantamentos,31114.0,22256203.0
2025,Novembro,Manica,Macossa,Levantamentos,28120.0,19711859.0
2025,Dezembro,Manica,Macossa,Levantamentos,27544.0,23681404.0
2025,Janeiro,Manica,Manica,Levantamentos,270817.0,266090904.5
2025,Fevereiro,Manica,Manica,Levantamentos,291774.0,281072158.72
2025,Março,Manica,Manica,Levantamentos,326626.0,293523551.15
2025,Abril,Manica,Manica,Levantamentos,334173.0,297515439.85
2025,Maio,Manica,Manica,Levantamentos,355822.0,321588375.81
2025,Junho,Manica,Manica,Levantamentos,367184.0,341412094.4
2025,Julho,Manica,Manica,Levantamentos,377976.0,333277390.55
2025,Agosto,Manica,Manica,Levantamentos,373362.0,337104647.65999997
2025,Setembro,Manica,Manica,Levantamentos,359970.0,337910155.71
2025,Outubro,Manica,Manica,Levantamentos,421170.0,400124024.0
2025,Novembro,Manica,Manica,Levantamentos,402389.0,373618858.39
2025,Dezembro,Manica,Manica,Levantamentos,406966.0,437938331.74
2025,Janeiro,Manica,Mossurize,Levantamentos,62273.0,116237768.5
2025,Fevereiro,Manica,Mossurize,Levantamentos,71684.0,129865078.0
2025,Março,Manica,Mossurize,Levantamentos,80613.0,146153480.59
2025,Abril,Manica,Mossurize,Levantamentos,80991.0,137061906.75
2025,Maio,Manica,Mossurize,Levantamentos,83478.0,149962184.69
2025,Junho,Manica,Mossurize,Levantamentos,83545.0,163937696.0
2025,Julho,Manica,Mossurize,Levantamentos,83799.0,157488125.0
2025,Agosto,Manica,Mossurize,Levantamentos,80039.0,152653125.4
2025,Setembro,Manica,Mossurize,Levantamentos,82239.0,161103153.0
2025,Outubro,Manica,Mossurize,Levantamentos,99570.0,195054082.0
2025,Novembro,Manica,Mossurize,Levantamentos,93385.0,189512592.0
2025,Dezembro,Manica,Mossurize,Levantamentos,95684.0,229825551.0
2025,Janeiro,Manica,Sussundenga,Levantamentos,119062.0,83232876.0
2025,Fevereiro,Manica,Sussundenga,Levantamentos,129640.0,91231654.0
2025,Março,Manica,Sussundenga,Levantamentos,143624.0,97746694.0
2025,Abril,Manica,Sussundenga,Levantamentos,138884.0,98707812.65
2025,Maio,Manica,Sussundenga,Levantamentos,147491.0,115412956.35
2025,Junho,Manica,Sussundenga,Levantamentos,145469.0,113949600.15
2025,Julho,Manica,Sussundenga,Levantamentos,144851.0,110305007.64
2025,Agosto,Manica,Sussundenga,Levantamentos,144446.0,101600024.04
2025,Setembro,Manica,Sussundenga,Levantamentos,149198.0,107993433.0
2025,Outubro,Manica,Sussundenga,Levantamentos,172004.0,128767154.0
2025,Novembro,Manica,Sussundenga,Levantamentos,155710.0,118540720.0
2025,Dezembro,Manica,Sussundenga,Levantamentos,177586.0,160507462.0
2025,Janeiro,Manica,Tambara,Levantamentos,15012.0,10731326.0
2025,Fevereiro,Manica,Tambara,Levantamentos,17681.0,12731676.0
2025,Março,Manica,Tambara,Levantamentos,19137.0,13845474.0
2025,Abril,Manica,Tambara,Levantamentos,20272.0,14626784.0
2025,Maio,Manica,Tambara,Levantamentos,18229.0,13093506.0
2025,Junho,Manica,Tambara,Levantamentos,19005.0,14246438.0
2025,Julho,Manica,Tambara,Levantamentos,18840.0,15150072.0
2025,Agosto,Manica,Tambara,Levantamentos,18370.0,18220121.0
2025,Setembro,Manica,Tambara,Levantamentos,20176.0,21552115.0
2025,Outubro,Manica,Tambara,Levantamentos,23721.0,24731532.0
2025,Novembro,Manica,Tambara,Levantamentos,22095.0,18961586.0
2025,Dezembro,Manica,Tambara,Levantamentos,22285.0,19586514.0
2025,Janeiro,Manica,Macate,Levantamentos,31532.0,17120165.0
2025,Fevereiro,Manica,Macate,Levantamentos,34425.0,19009921.0
2025,Março,Manica,Macate,Levantamentos,38753.0,21478653.0
2025,Abril,Manica,Macate,Levantamentos,39941.0,22377128.0
2025,Maio,Manica,Macate,Levantamentos,54682.0,36193773.0
2025,Junho,Manica,Macate,Levantamentos,53954.0,35488528.0
2025,Julho,Manica,Macate,Levantamentos,55478.0,37338443.0
2025,Agosto,Manica,Macate,Levantamentos,67513.0,42540567.9
2025,Setembro,Manica,Macate,Levantamentos,57675.0,36458743.57
2025,Outubro,Manica,Macate,Levantamentos,59119.0,35023700.0
2025,Novembro,Manica,Macate,Levantamentos,55522.0,33995115.0
2025,Dezembro,Manica,Macate,Levantamentos,63636.0,43306169.0
2025,Janeiro,Manica,Vanduzi,Levantamentos,175403.0,105103565.0
2025,Fevereiro,Manica,Vanduzi,Levantamentos,192239.0,117729532.0
2025,Março,Manica,Vanduzi,Levantamentos,223305.0,130744399.0
2025,Abril,Manica,Vanduzi,Levantamentos,224142.0,140368361.0
2025,Maio,Manica,Vanduzi,Levantamentos,204715.0,129366820.0
2025,Junho,Manica,Vanduzi,Levantamentos,207514.0,132758981.0
2025,Julho,Manica,Vanduzi,Levantamentos,215743.0,142889682.0
2025,Agosto,Manica,Vanduzi,Levantamentos,220634.0,145852374.0
2025,Setembro,Manica,Vanduzi,Levantamentos,237908.0,159368698.0
2025,Outubro,Manica,Vanduzi,Levantamentos,270032.0,181309764.0
2025,Novembro,Manica,Vanduzi,Levantamentos,243109.0,163696557.0
2025,Dezembro,Manica,Vanduzi,Levantamentos,227032.0,172099018.0
2025,Janeiro,Tete,Cidade de Tete,Levantamentos,1329507.0,1067897434.07
2025,Fevereiro,Tete,Cidade de Tete,Levantamentos,1409453.0,1212618933.56
2025,Março,Tete,Cidade de Tete,Levantamentos,1752598.0,1885784017.28
2025,Abril,Tete,Cidade de Tete,Levantamentos,1741177.0,1853545539.23
2025,Maio,Tete,Cidade de Tete,Levantamentos,1861344.0,1492175132.55
2025,Junho,Tete,Cidade de Tete,Levantamentos,1807689.0,1470317688.07
2025,Julho,Tete,Cidade de Tete,Levantamentos,1829829.0,1486070974.28
2025,Agosto,Tete,Cidade de Tete,Levantamentos,1827598.0,1406711509.51
2025,Setembro,Tete,Cidade de Tete,Levantamentos,1759393.0,1359984590.9
2025,Outubro,Tete,Cidade de Tete,Levantamentos,1946392.0,1494450381.0
2025,Novembro,Tete,Cidade de Tete,Levantamentos,1909173.0,1439419546.0
2025,Dezembro,Tete,Cidade de Tete,Levantamentos,1908673.0,1683226424.96
2025,Janeiro,Tete,Angónia,Levantamentos,129321.0,225432484.55
2025,Fevereiro,Tete,Angónia,Levantamentos,156405.0,265038338.5
2025,Março,Tete,Angónia,Levantamentos,185747.0,293916462.5
2025,Abril,Tete,Angónia,Levantamentos,182652.0,276813155.94
2025,Maio,Tete,Angónia,Levantamentos,183205.0,252763090.59
2025,Junho,Tete,Angónia,Levantamentos,195914.0,244116995.53
2025,Julho,Tete,Angónia,Levantamentos,198027.0,223052364.0
2025,Agosto,Tete,Angónia,Levantamentos,198761.0,212543073.0
2025,Setembro,Tete,Angónia,Levantamentos,198580.0,199790771.0
2025,Outubro,Tete,Angónia,Levantamentos,247706.0,267749349.0
2025,Novembro,Tete,Angónia,Levantamentos,232175.0,250780290.0
2025,Dezembro,Tete,Angónia,Levantamentos,228495.0,309132738.0
2025,Janeiro,Tete,Cahora-Bassa,Levantamentos,139476.0,120729886.4
2025,Fevereiro,Tete,Cahora-Bassa,Levantamentos,149169.0,131857144.03
2025,Março,Tete,Cahora-Bassa,Levantamentos,184551.0,150118591.07
2025,Abril,Tete,Cahora-Bassa,Levantamentos,191055.0,146929171.2
2025,Maio,Tete,Cahora-Bassa,Levantamentos,200337.0,157422537.32999998
2025,Junho,Tete,Cahora-Bassa,Levantamentos,200156.0,154557327.89
2025,Julho,Tete,Cahora-Bassa,Levantamentos,186908.0,154345292.55
2025,Agosto,Tete,Cahora-Bassa,Levantamentos,194547.0,162796014.3
2025,Setembro,Tete,Cahora-Bassa,Levantamentos,202895.0,171881356.0
2025,Outubro,Tete,Cahora-Bassa,Levantamentos,226529.0,176673085.0
2025,Novembro,Tete,Cahora-Bassa,Levantamentos,221344.0,167502090.0
2025,Dezembro,Tete,Cahora-Bassa,Levantamentos,220622.0,188647785.0
2025,Janeiro,Tete,Changara,Levantamentos,85979.0,91610627.6
2025,Fevereiro,Tete,Changara,Levantamentos,95092.0,99210771.59
2025,Março,Tete,Changara,Levantamentos,111347.0,111518591.54
2025,Abril,Tete,Changara,Levantamentos,114389.0,108900321.2
2025,Maio,Tete,Changara,Levantamentos,119019.0,127104251.91
2025,Junho,Tete,Changara,Levantamentos,127960.0,135030156.93
2025,Julho,Tete,Changara,Levantamentos,130335.0,129225382.0
2025,Agosto,Tete,Changara,Levantamentos,128112.0,120012073.9
2025,Setembro,Tete,Changara,Levantamentos,134068.0,134205437.0
2025,Outubro,Tete,Changara,Levantamentos,150417.0,147551516.0
2025,Novembro,Tete,Changara,Levantamentos,142200.0,130402124.0
2025,Dezembro,Tete,Changara,Levantamentos,145339.0,159089255.0
2025,Janeiro,Tete,Chifunde,Levantamentos,11441.0,15931935.0
2025,Fevereiro,Tete,Chifunde,Levantamentos,14263.0,16276116.0
2025,Março,Tete,Chifunde,Levantamentos,16479.0,20531065.0
2025,Abril,Tete,Chifunde,Levantamentos,15219.0,17796666.0
2025,Maio,Tete,Chifunde,Levantamentos,16031.0,21021619.0
2025,Junho,Tete,Chifunde,Levantamentos,15270.0,20317012.0
2025,Julho,Tete,Chifunde,Levantamentos,17053.0,22740234.0
2025,Agosto,Tete,Chifunde,Levantamentos,17320.0,23167283.0
2025,Setembro,Tete,Chifunde,Levantamentos,16832.0,19444141.0
2025,Outubro,Tete,Chifunde,Levantamentos,22112.0,27735769.0
2025,Novembro,Tete,Chifunde,Levantamentos,20825.0,24406446.0
2025,Dezembro,Tete,Chifunde,Levantamentos,20473.0,27296479.0
2025,Janeiro,Tete,Chiuta,Levantamentos,44379.0,38275842.0
2025,Fevereiro,Tete,Chiuta,Levantamentos,47429.0,43804172.0
2025,Março,Tete,Chiuta,Levantamentos,54835.0,45161949.0
2025,Abril,Tete,Chiuta,Levantamentos,51619.0,40119283.0
2025,Maio,Tete,Chiuta,Levantamentos,52667.0,41573714.0
2025,Junho,Tete,Chiuta,Levantamentos,54028.0,47027464.0
2025,Julho,Tete,Chiuta,Levantamentos,53625.0,49099420.0
2025,Agosto,Tete,Chiuta,Levantamentos,55133.0,49683394.7
2025,Setembro,Tete,Chiuta,Levantamentos,56737.0,48380027.0
2025,Outubro,Tete,Chiuta,Levantamentos,78025.0,68251678.0
2025,Novembro,Tete,Chiuta,Levantamentos,77905.0,63236887.0
2025,Dezembro,Tete,Chiuta,Levantamentos,81212.0,74206574.0
2025,Janeiro,Tete,Macanga,Levantamentos,53453.0,40815934.25
2025,Fevereiro,Tete,Macanga,Levantamentos,60421.0,49440712.2
2025,Março,Tete,Macanga,Levantamentos,78043.0,63519969.85
2025,Abril,Tete,Macanga,Levantamentos,75539.0,58627721.0
2025,Maio,Tete,Macanga,Levantamentos,73934.0,58406270.7
2025,Junho,Tete,Macanga,Levantamentos,63763.0,51061548.0
2025,Julho,Tete,Macanga,Levantamentos,74683.0,59372289.0
2025,Agosto,Tete,Macanga,Levantamentos,78687.0,53574386.0
2025,Setembro,Tete,Macanga,Levantamentos,76421.0,47424178.0
2025,Outubro,Tete,Macanga,Levantamentos,91601.0,59696712.0
2025,Novembro,Tete,Macanga,Levantamentos,85339.0,54072174.0
2025,Dezembro,Tete,Macanga,Levantamentos,87367.0,66419459.0
2025,Janeiro,Tete,Mágoe,Levantamentos,27524.0,30362190.0
2025,Fevereiro,Tete,Mágoe,Levantamentos,33605.0,35591387.0
2025,Março,Tete,Mágoe,Levantamentos,42001.0,42463639.0
2025,Abril,Tete,Mágoe,Levantamentos,39728.0,36846183.0
2025,Maio,Tete,Mágoe,Levantamentos,39093.0,35680321.0
2025,Junho,Tete,Mágoe,Levantamentos,36668.0,34496573.0
2025,Julho,Tete,Mágoe,Levantamentos,36096.0,29273807.0
2025,Agosto,Tete,Mágoe,Levantamentos,36857.0,30113171.0
2025,Setembro,Tete,Mágoe,Levantamentos,39368.0,36919707.0
2025,Outubro,Tete,Mágoe,Levantamentos,48163.0,41280860.0
2025,Novembro,Tete,Mágoe,Levantamentos,43960.0,37533439.0
2025,Dezembro,Tete,Mágoe,Levantamentos,42531.0,39534882.0
2025,Janeiro,Tete,Maravia,Levantamentos,17484.0,13796238.0
2025,Fevereiro,Tete,Maravia,Levantamentos,19855.0,20482913.0
2025,Março,Tete,Maravia,Levantamentos,23153.0,15725468.0
2025,Abril,Tete,Maravia,Levantamentos,23838.0,16884133.0
2025,Maio,Tete,Maravia,Levantamentos,22615.0,19758493.0
2025,Junho,Tete,Maravia,Levantamentos,24353.0,38526632.0
2025,Julho,Tete,Maravia,Levantamentos,27030.0,70162258.0
2025,Agosto,Tete,Maravia,Levantamentos,28427.0,68381352.0
2025,Setembro,Tete,Maravia,Levantamentos,27515.0,59228592.0
2025,Outubro,Tete,Maravia,Levantamentos,32837.0,35450799.0
2025,Novembro,Tete,Maravia,Levantamentos,29496.0,26267506.0
2025,Dezembro,Tete,Maravia,Levantamentos,27589.0,24579529.0
2025,Janeiro,Tete,Moatize,Levantamentos,342110.0,289384879.47
2025,Fevereiro,Tete,Moatize,Levantamentos,373886.0,337338233.99
2025,Março,Tete,Moatize,Levantamentos,433885.0,352514730.11
2025,Abril,Tete,Moatize,Levantamentos,445411.0,348792961.44
2025,Maio,Tete,Moatize,Levantamentos,475176.0,376268795.83
2025,Junho,Tete,Moatize,Levantamentos,477399.0,386368756.62
2025,Julho,Tete,Moatize,Levantamentos,485750.0,379102969.75
2025,Agosto,Tete,Moatize,Levantamentos,483559.0,380091923.87
2025,Setembro,Tete,Moatize,Levantamentos,458737.0,370135245.0
2025,Outubro,Tete,Moatize,Levantamentos,515351.0,414951090.0
2025,Novembro,Tete,Moatize,Levantamentos,513194.0,420683329.42
2025,Dezembro,Tete,Moatize,Levantamentos,521384.0,498949160.0
2025,Janeiro,Tete,Mutarara,Levantamentos,71221.0,289622744.85
2025,Fevereiro,Tete,Mutarara,Levantamentos,78527.0,234790878.15
2025,Março,Tete,Mutarara,Levantamentos,84102.0,196054550.0
2025,Abril,Tete,Mutarara,Levantamentos,79072.0,174624137.0
2025,Maio,Tete,Mutarara,Levantamentos,72913.0,57351187.43
2025,Junho,Tete,Mutarara,Levantamentos,72266.0,56331465.0
2025,Julho,Tete,Mutarara,Levantamentos,71305.0,53022805.0
2025,Agosto,Tete,Mutarara,Levantamentos,70584.0,50769854.0
2025,Setembro,Tete,Mutarara,Levantamentos,77250.0,57899444.0
2025,Outubro,Tete,Mutarara,Levantamentos,93543.0,76960052.0
2025,Novembro,Tete,Mutarara,Levantamentos,88940.0,70446667.0
2025,Dezembro,Tete,Mutarara,Levantamentos,86718.0,74706636.0
2025,Janeiro,Tete,Tsangano,Levantamentos,37875.0,55088969.0
2025,Fevereiro,Tete,Tsangano,Levantamentos,44145.0,57249989.0
2025,Março,Tete,Tsangano,Levantamentos,48207.0,67831735.0
2025,Abril,Tete,Tsangano,Levantamentos,52479.0,75490769.0
2025,Maio,Tete,Tsangano,Levantamentos,59600.0,88875364.0
2025,Junho,Tete,Tsangano,Levantamentos,60692.0,83137890.8
2025,Julho,Tete,Tsangano,Levantamentos,63110.0,85053790.0
2025,Agosto,Tete,Tsangano,Levantamentos,58253.0,73897307.0
2025,Setembro,Tete,Tsangano,Levantamentos,56612.0,71256056.0
2025,Outubro,Tete,Tsangano,Levantamentos,69362.0,94603261.0
2025,Novembro,Tete,Tsangano,Levantamentos,66905.0,91548239.0
2025,Dezembro,Tete,Tsangano,Levantamentos,73019.0,118265017.0
2025,Janeiro,Tete,Zumbo,Levantamentos,3051.0,4489007.0
2025,Fevereiro,Tete,Zumbo,Levantamentos,4250.0,6120151.0
2025,Março,Tete,Zumbo,Levantamentos,4694.0,7681083.0
2025,Abril,Tete,Zumbo,Levantamentos,4588.0,5791458.0
2025,Maio,Tete,Zumbo,Levantamentos,3797.0,8155654.0
2025,Junho,Tete,Zumbo,Levantamentos,4789.0,12125429.0
2025,Julho,Tete,Zumbo,Levantamentos,5691.0,18523951.0
2025,Agosto,Tete,Zumbo,Levantamentos,5797.0,22097906.0
2025,Setembro,Tete,Zumbo,Levantamentos,5903.0,22689193.0
2025,Outubro,Tete,Zumbo,Levantamentos,6574.0,20669709.0
2025,Novembro,Tete,Zumbo,Levantamentos,6128.0,13997914.0
2025,Dezembro,Tete,Zumbo,Levantamentos,5500.0,9221682.0
2025,Janeiro,Tete,Doa,Levantamentos,22483.0,13629827.0
2025,Fevereiro,Tete,Doa,Levantamentos,28482.0,17189596.0
2025,Março,Tete,Doa,Levantamentos,30228.0,17524061.0
2025,Abril,Tete,Doa,Levantamentos,30234.0,17792704.0
2025,Maio,Tete,Doa,Levantamentos,33027.0,20347447.0
2025,Junho,Tete,Doa,Levantamentos,31929.0,20743190.0
2025,Julho,Tete,Doa,Levantamentos,33193.0,23643144.0
2025,Agosto,Tete,Doa,Levantamentos,33609.0,22429268.0
2025,Setembro,Tete,Doa,Levantamentos,33079.0,22472716.0
2025,Outubro,Tete,Doa,Levantamentos,40078.0,25961955.0
2025,Novembro,Tete,Doa,Levantamentos,38155.0,25424955.0
2025,Dezembro,Tete,Doa,Levantamentos,33844.0,23469574.0
2025,Janeiro,Tete,Marara,Levantamentos,27781.0,22403458.119999997
2025,Fevereiro,Tete,Marara,Levantamentos,33172.0,26709367.520000003
2025,Março,Tete,Marara,Levantamentos,37299.0,31354066.04
2025,Abril,Tete,Marara,Levantamentos,37159.0,30520380.85
2025,Maio,Tete,Marara,Levantamentos,40209.0,33988081.370000005
2025,Junho,Tete,Marara,Levantamentos,36430.0,29965994.17
2025,Julho,Tete,Marara,Levantamentos,37139.0,30395155.4
2025,Agosto,Tete,Marara,Levantamentos,37576.0,28863702.78
2025,Setembro,Tete,Marara,Levantamentos,35316.0,26932659.0
2025,Outubro,Tete,Marara,Levantamentos,38861.0,32557324.0
2025,Novembro,Tete,Marara,Levantamentos,36715.0,27885233.0
2025,Dezembro,Tete,Marara,Levantamentos,42087.0,36785465.0
2025,Janeiro,Zambézia,Cidade de Quelimane,Levantamentos,1043662.0,660305235.5
2025,Fevereiro,Zambézia,Cidade de Quelimane,Levantamentos,1133671.0,775328416.03
2025,Março,Zambézia,Cidade de Quelimane,Levantamentos,1311416.0,815597246.41
2025,Abril,Zambézia,Cidade de Quelimane,Levantamentos,1344253.0,876007879.97
2025,Maio,Zambézia,Cidade de Quelimane,Levantamentos,1401069.0,769681376.37
2025,Junho,Zambézia,Cidade de Quelimane,Levantamentos,1349707.0,727495291.76
2025,Julho,Zambézia,Cidade de Quelimane,Levantamentos,1366349.0,755109583.27
2025,Agosto,Zambézia,Cidade de Quelimane,Levantamentos,1350616.0,714816445.9
2025,Setembro,Zambézia,Cidade de Quelimane,Levantamentos,1268398.0,684600251.37
2025,Outubro,Zambézia,Cidade de Quelimane,Levantamentos,1425109.0,815403397.75
2025,Novembro,Zambézia,Cidade de Quelimane,Levantamentos,1358557.0,774419734.01
2025,Dezembro,Zambézia,Cidade de Quelimane,Levantamentos,1318543.0,875357541.5
2025,Janeiro,Zambézia,Alto Molócuè,Levantamentos,147608.0,95376661.37
2025,Fevereiro,Zambézia,Alto Molócuè,Levantamentos,184957.0,115280456.62
2025,Março,Zambézia,Alto Molócuè,Levantamentos,218953.0,128558301.04
2025,Abril,Zambézia,Alto Molócuè,Levantamentos,232460.0,146652523.51
2025,Maio,Zambézia,Alto Molócuè,Levantamentos,247670.0,153669518.3
2025,Junho,Zambézia,Alto Molócuè,Levantamentos,238132.0,141163371.77
2025,Julho,Zambézia,Alto Molócuè,Levantamentos,242362.0,134695183.75
2025,Agosto,Zambézia,Alto Molócuè,Levantamentos,222909.0,125530273.09
2025,Setembro,Zambézia,Alto Molócuè,Levantamentos,209012.0,111737839.0
2025,Outubro,Zambézia,Alto Molócuè,Levantamentos,255121.0,151313120.6
2025,Novembro,Zambézia,Alto Molócuè,Levantamentos,245349.0,141902453.9
2025,Dezembro,Zambézia,Alto Molócuè,Levantamentos,237777.0,155107336.0
2025,Janeiro,Zambézia,Chinde,Levantamentos,14615.0,9192077.38
2025,Fevereiro,Zambézia,Chinde,Levantamentos,17288.0,12659247.0
2025,Março,Zambézia,Chinde,Levantamentos,19588.0,14486901.0
2025,Abril,Zambézia,Chinde,Levantamentos,19617.0,16182923.33
2025,Maio,Zambézia,Chinde,Levantamentos,20780.0,16015391.2
2025,Junho,Zambézia,Chinde,Levantamentos,18097.0,14189475.0
2025,Julho,Zambézia,Chinde,Levantamentos,19021.0,15239763.0
2025,Agosto,Zambézia,Chinde,Levantamentos,18645.0,14260256.0
2025,Setembro,Zambézia,Chinde,Levantamentos,17945.0,11352720.0
2025,Outubro,Zambézia,Chinde,Levantamentos,21098.0,13407969.0
2025,Novembro,Zambézia,Chinde,Levantamentos,19259.0,13420743.0
2025,Dezembro,Zambézia,Chinde,Levantamentos,20054.0,14173706.0
2025,Janeiro,Zambézia,Gurúè,Levantamentos,234273.0,129128696.93
2025,Fevereiro,Zambézia,Gurúè,Levantamentos,268984.0,144018702.55
2025,Março,Zambézia,Gurúè,Levantamentos,312553.0,206421161.83
2025,Abril,Zambézia,Gurúè,Levantamentos,327496.0,335497990.98
2025,Maio,Zambézia,Gurúè,Levantamentos,333851.0,216756107.6
2025,Junho,Zambézia,Gurúè,Levantamentos,318945.0,188118780.68
2025,Julho,Zambézia,Gurúè,Levantamentos,322668.0,174649991.75
2025,Agosto,Zambézia,Gurúè,Levantamentos,293543.0,165699960.0
2025,Setembro,Zambézia,Gurúè,Levantamentos,289274.0,158031398.0
2025,Outubro,Zambézia,Gurúè,Levantamentos,353598.0,199009544.0
2025,Novembro,Zambézia,Gurúè,Levantamentos,334434.0,193453159.0
2025,Dezembro,Zambézia,Gurúè,Levantamentos,319713.0,185327625.0
2025,Janeiro,Zambézia,Ile,Levantamentos,58232.0,34700066.0
2025,Fevereiro,Zambézia,Ile,Levantamentos,70003.0,41635563.0
2025,Março,Zambézia,Ile,Levantamentos,76827.0,42642329.4
2025,Abril,Zambézia,Ile,Levantamentos,83391.0,50096359.6
2025,Maio,Zambézia,Ile,Levantamentos,87622.0,55541921.4
2025,Junho,Zambézia,Ile,Levantamentos,85374.0,50803008.8
2025,Julho,Zambézia,Ile,Levantamentos,84750.0,49082895.0
2025,Agosto,Zambézia,Ile,Levantamentos,76807.0,41927061.0
2025,Setembro,Zambézia,Ile,Levantamentos,75049.0,38039925.0
2025,Outubro,Zambézia,Ile,Levantamentos,96017.0,56530947.0
2025,Novembro,Zambézia,Ile,Levantamentos,324479.0,160332148.0
2025,Dezembro,Zambézia,Ile,Levantamentos,80769.0,52401280.0
2025,Janeiro,Zambézia,Inhassunge,Levantamentos,28297.0,18997630.3
2025,Fevereiro,Zambézia,Inhassunge,Levantamentos,32138.0,23251819.7
2025,Março,Zambézia,Inhassunge,Levantamentos,35851.0,22717786.5
2025,Abril,Zambézia,Inhassunge,Levantamentos,39513.0,24601952.34
2025,Maio,Zambézia,Inhassunge,Levantamentos,38029.0,26096991.75
2025,Junho,Zambézia,Inhassunge,Levantamentos,39959.0,26775684.4
2025,Julho,Zambézia,Inhassunge,Levantamentos,41152.0,26562430.76
2025,Agosto,Zambézia,Inhassunge,Levantamentos,39226.0,26390342.64
2025,Setembro,Zambézia,Inhassunge,Levantamentos,37270.0,24873232.0
2025,Outubro,Zambézia,Inhassunge,Levantamentos,45704.0,32400381.0
2025,Novembro,Zambézia,Inhassunge,Levantamentos,42655.0,30976501.0
2025,Dezembro,Zambézia,Inhassunge,Levantamentos,45555.0,36541535.0
2025,Janeiro,Zambézia,Lugela,Levantamentos,39557.0,20913084.0
2025,Fevereiro,Zambézia,Lugela,Levantamentos,47419.0,26933465.0
2025,Março,Zambézia,Lugela,Levantamentos,53681.0,34261680.5
2025,Abril,Zambézia,Lugela,Levantamentos,58171.0,34096139.96
2025,Maio,Zambézia,Lugela,Levantamentos,58487.0,32288659.0
2025,Junho,Zambézia,Lugela,Levantamentos,57704.0,31100685.0
2025,Julho,Zambézia,Lugela,Levantamentos,58449.0,32464125.0
2025,Agosto,Zambézia,Lugela,Levantamentos,57587.0,29538338.0
2025,Setembro,Zambézia,Lugela,Levantamentos,56457.0,32102532.0
2025,Outubro,Zambézia,Lugela,Levantamentos,75021.0,46599772.0
2025,Novembro,Zambézia,Lugela,Levantamentos,91717.0,46399842.0
2025,Dezembro,Zambézia,Lugela,Levantamentos,109043.0,55751132.0
2025,Janeiro,Zambézia,Gilé,Levantamentos,74679.0,60604218.0
2025,Fevereiro,Zambézia,Gilé,Levantamentos,86272.0,71788828.0
2025,Março,Zambézia,Gilé,Levantamentos,96943.0,85122871.0
2025,Abril,Zambézia,Gilé,Levantamentos,104053.0,98128710.18
2025,Maio,Zambézia,Gilé,Levantamentos,106102.0,97629078.0
2025,Junho,Zambézia,Gilé,Levantamentos,103173.0,96359258.0
2025,Julho,Zambézia,Gilé,Levantamentos,106002.0,97591745.0
2025,Agosto,Zambézia,Gilé,Levantamentos,101220.0,93129734.12
2025,Setembro,Zambézia,Gilé,Levantamentos,92171.0,78716105.0
2025,Outubro,Zambézia,Gilé,Levantamentos,109948.0,92342937.0
2025,Novembro,Zambézia,Gilé,Levantamentos,102250.0,94198297.0
2025,Dezembro,Zambézia,Gilé,Levantamentos,99295.0,89066122.0
2025,Janeiro,Zambézia,Maganja da Costa,Levantamentos,114387.0,87257783.11
2025,Fevereiro,Zambézia,Maganja da Costa,Levantamentos,131897.0,101721881.75
2025,Março,Zambézia,Maganja da Costa,Levantamentos,147064.0,95777026.95
2025,Abril,Zambézia,Maganja da Costa,Levantamentos,151536.0,99214546.57
2025,Maio,Zambézia,Maganja da Costa,Levantamentos,167659.0,112763956.35
2025,Junho,Zambézia,Maganja da Costa,Levantamentos,161129.0,111648423.84
2025,Julho,Zambézia,Maganja da Costa,Levantamentos,163734.0,113466446.9
2025,Agosto,Zambézia,Maganja da Costa,Levantamentos,161035.0,117626419.6
2025,Setembro,Zambézia,Maganja da Costa,Levantamentos,154323.0,108456655.0
2025,Outubro,Zambézia,Maganja da Costa,Levantamentos,174497.0,120208702.0
2025,Novembro,Zambézia,Maganja da Costa,Levantamentos,166105.0,113171054.0
2025,Dezembro,Zambézia,Maganja da Costa,Levantamentos,173543.0,131590895.0
2025,Janeiro,Zambézia,Milange,Levantamentos,188055.0,128230245.57
2025,Fevereiro,Zambézia,Milange,Levantamentos,213805.0,160362887.55
2025,Março,Zambézia,Milange,Levantamentos,250807.0,276840108.0
2025,Abril,Zambézia,Milange,Levantamentos,255306.0,186276225.0
2025,Maio,Zambézia,Milange,Levantamentos,271226.0,206822718.63
2025,Junho,Zambézia,Milange,Levantamentos,267308.0,192184548.1
2025,Julho,Zambézia,Milange,Levantamentos,266359.0,183461870.0
2025,Agosto,Zambézia,Milange,Levantamentos,260868.0,176244718.0
2025,Setembro,Zambézia,Milange,Levantamentos,252126.0,173024673.0
2025,Outubro,Zambézia,Milange,Levantamentos,303560.0,210536624.0
2025,Novembro,Zambézia,Milange,Levantamentos,285578.0,290146361.0
2025,Dezembro,Zambézia,Milange,Levantamentos,259707.0,210333211.46
2025,Janeiro,Zambézia,Mocuba,Levantamentos,537265.0,331378888.52
2025,Fevereiro,Zambézia,Mocuba,Levantamentos,594921.0,373140125.74
2025,Março,Zambézia,Mocuba,Levantamentos,680191.0,431330785.48
2025,Abril,Zambézia,Mocuba,Levantamentos,692774.0,443265578.96
2025,Maio,Zambézia,Mocuba,Levantamentos,750512.0,464601008.1
2025,Junho,Zambézia,Mocuba,Levantamentos,724323.0,438890137.62
2025,Julho,Zambézia,Mocuba,Levantamentos,743662.0,458621323.55
2025,Agosto,Zambézia,Mocuba,Levantamentos,744013.0,455167500.58
2025,Setembro,Zambézia,Mocuba,Levantamentos,686791.0,415134484.88
2025,Outubro,Zambézia,Mocuba,Levantamentos,784731.0,499308050.16
2025,Novembro,Zambézia,Mocuba,Levantamentos,752040.0,462003762.5
2025,Dezembro,Zambézia,Mocuba,Levantamentos,773765.0,526436058.2
2025,Janeiro,Zambézia,Mopeia,Levantamentos,81005.0,35155725.0
2025,Fevereiro,Zambézia,Mopeia,Levantamentos,97926.0,45470490.0
2025,Março,Zambézia,Mopeia,Levantamentos,105671.0,44077172.0
2025,Abril,Zambézia,Mopeia,Levantamentos,103367.0,46490297.65
2025,Maio,Zambézia,Mopeia,Levantamentos,106310.0,47491064.0
2025,Junho,Zambézia,Mopeia,Levantamentos,105610.0,46193781.0
2025,Julho,Zambézia,Mopeia,Levantamentos,104202.0,50346542.28
2025,Agosto,Zambézia,Mopeia,Levantamentos,104687.0,45074351.0
2025,Setembro,Zambézia,Mopeia,Levantamentos,102068.0,47190621.0
2025,Outubro,Zambézia,Mopeia,Levantamentos,121450.0,63089706.0
2025,Novembro,Zambézia,Mopeia,Levantamentos,118953.0,56123664.0
2025,Dezembro,Zambézia,Mopeia,Levantamentos,117082.0,63177723.0
2025,Janeiro,Zambézia,Morrumbala,Levantamentos,89564.0,55879604.33
2025,Fevereiro,Zambézia,Morrumbala,Levantamentos,95602.0,66753175.0
2025,Março,Zambézia,Morrumbala,Levantamentos,106442.0,144093690.0
2025,Abril,Zambézia,Morrumbala,Levantamentos,106722.0,205267070.15
2025,Maio,Zambézia,Morrumbala,Levantamentos,105885.0,80269072.0
2025,Junho,Zambézia,Morrumbala,Levantamentos,101196.0,76325122.86
2025,Julho,Zambézia,Morrumbala,Levantamentos,101908.0,86262974.56
2025,Agosto,Zambézia,Morrumbala,Levantamentos,102535.0,86688256.48
2025,Setembro,Zambézia,Morrumbala,Levantamentos,93756.0,91517419.18
2025,Outubro,Zambézia,Morrumbala,Levantamentos,119166.0,16448470.68
2025,Novembro,Zambézia,Morrumbala,Levantamentos,111381.0,97318308.55
2025,Dezembro,Zambézia,Morrumbala,Levantamentos,104788.0,98355284.73
2025,Janeiro,Zambézia,Namacurra,Levantamentos,108150.0,64910909.51
2025,Fevereiro,Zambézia,Namacurra,Levantamentos,127896.0,79925314.7
2025,Março,Zambézia,Namacurra,Levantamentos,134617.0,78963478.28999999
2025,Abril,Zambézia,Namacurra,Levantamentos,136620.0,78736394.6
2025,Maio,Zambézia,Namacurra,Levantamentos,144123.0,91065792.14
2025,Junho,Zambézia,Namacurra,Levantamentos,144557.0,87820789.14
2025,Julho,Zambézia,Namacurra,Levantamentos,149568.0,90150723.04
2025,Agosto,Zambézia,Namacurra,Levantamentos,143690.0,87368495.15
2025,Setembro,Zambézia,Namacurra,Levantamentos,141328.0,84725599.0
2025,Outubro,Zambézia,Namacurra,Levantamentos,162097.0,96882383.0
2025,Novembro,Zambézia,Namacurra,Levantamentos,155332.0,89574346.0
2025,Dezembro,Zambézia,Namacurra,Levantamentos,164158.0,111408961.59
2025,Janeiro,Zambézia,Namarroi,Levantamentos,18841.0,10241021.0
2025,Fevereiro,Zambézia,Namarroi,Levantamentos,23419.0,13472925.0
2025,Março,Zambézia,Namarroi,Levantamentos,26552.0,16332880.0
2025,Abril,Zambézia,Namarroi,Levantamentos,28282.0,19511538.0
2025,Maio,Zambézia,Namarroi,Levantamentos,30315.0,18051893.0
2025,Junho,Zambézia,Namarroi,Levantamentos,27800.0,16426858.0
2025,Julho,Zambézia,Namarroi,Levantamentos,29197.0,17172854.0
2025,Agosto,Zambézia,Namarroi,Levantamentos,26530.0,16870891.0
2025,Setembro,Zambézia,Namarroi,Levantamentos,25423.0,13942982.0
2025,Outubro,Zambézia,Namarroi,Levantamentos,32694.0,18163992.0
2025,Novembro,Zambézia,Namarroi,Levantamentos,31819.0,18082585.0
2025,Dezembro,Zambézia,Namarroi,Levantamentos,31437.0,18308105.0
2025,Janeiro,Zambézia,Nicoadala,Levantamentos,203273.0,100892895.85
2025,Fevereiro,Zambézia,Nicoadala,Levantamentos,235505.0,135716913.57
2025,Março,Zambézia,Nicoadala,Levantamentos,255504.0,139244336.0
2025,Abril,Zambézia,Nicoadala,Levantamentos,270171.0,162382562.62
2025,Maio,Zambézia,Nicoadala,Levantamentos,282107.0,139140732.52
2025,Junho,Zambézia,Nicoadala,Levantamentos,274287.0,138601299.47
2025,Julho,Zambézia,Nicoadala,Levantamentos,269455.0,136351137.9
2025,Agosto,Zambézia,Nicoadala,Levantamentos,264086.0,130072331.12
2025,Setembro,Zambézia,Nicoadala,Levantamentos,254074.0,130939245.0
2025,Outubro,Zambézia,Nicoadala,Levantamentos,282445.0,159078171.0
2025,Novembro,Zambézia,Nicoadala,Levantamentos,264617.0,150614966.5
2025,Dezembro,Zambézia,Nicoadala,Levantamentos,267306.0,173908933.0
2025,Janeiro,Zambézia,Pebane,Levantamentos,106388.0,65126726.0
2025,Fevereiro,Zambézia,Pebane,Levantamentos,115942.0,65369777.72
2025,Março,Zambézia,Pebane,Levantamentos,127811.0,76720980.2
2025,Abril,Zambézia,Pebane,Levantamentos,132516.0,83275396.0
2025,Maio,Zambézia,Pebane,Levantamentos,137004.0,81723916.0
2025,Junho,Zambézia,Pebane,Levantamentos,135732.0,84700479.36
2025,Julho,Zambézia,Pebane,Levantamentos,139331.0,79489674.0
2025,Agosto,Zambézia,Pebane,Levantamentos,136282.0,87431603.5
2025,Setembro,Zambézia,Pebane,Levantamentos,138713.0,91145872.0
2025,Outubro,Zambézia,Pebane,Levantamentos,155118.0,91987633.0
2025,Novembro,Zambézia,Pebane,Levantamentos,140920.0,100833582.0
2025,Dezembro,Zambézia,Pebane,Levantamentos,131808.0,86681609.0
2025,Janeiro,Zambézia,Molumbo,Levantamentos,34174.0,22643908.0
2025,Fevereiro,Zambézia,Molumbo,Levantamentos,39639.0,26518192.0
2025,Março,Zambézia,Molumbo,Levantamentos,49316.0,41396907.0
2025,Abril,Zambézia,Molumbo,Levantamentos,50997.0,51542493.0
2025,Maio,Zambézia,Molumbo,Levantamentos,57920.0,60861952.55
2025,Junho,Zambézia,Molumbo,Levantamentos,59773.0,48948154.0
2025,Julho,Zambézia,Molumbo,Levantamentos,60170.0,41791240.0
2025,Agosto,Zambézia,Molumbo,Levantamentos,59810.0,38311466.48
2025,Setembro,Zambézia,Molumbo,Levantamentos,51033.0,33899784.0
2025,Outubro,Zambézia,Molumbo,Levantamentos,62532.0,36913071.0
2025,Novembro,Zambézia,Molumbo,Levantamentos,54868.0,31375761.0
2025,Dezembro,Zambézia,Molumbo,Levantamentos,53171.0,31607084.0
2025,Janeiro,Zambézia,Mocubela,Levantamentos,2066.0,1168144.0
2025,Fevereiro,Zambézia,Mocubela,Levantamentos,2188.0,1582373.0
2025,Março,Zambézia,Mocubela,Levantamentos,1725.0,1071012.0
2025,Abril,Zambézia,Mocubela,Levantamentos,1726.0,796360.0
2025,Maio,Zambézia,Mocubela,Levantamentos,1638.0,711630.0
2025,Junho,Zambézia,Mocubela,Levantamentos,1890.0,897493.0
2025,Julho,Zambézia,Mocubela,Levantamentos,2017.0,866826.0
2025,Agosto,Zambézia,Mocubela,Levantamentos,1278.0,481716.0
2025,Setembro,Zambézia,Mocubela,Levantamentos,1568.0,760873.0
2025,Outubro,Zambézia,Mocubela,Levantamentos,1599.0,866851.0
2025,Novembro,Zambézia,Mocubela,Levantamentos,1348.0,743793.0
2025,Dezembro,Zambézia,Mocubela,Levantamentos,1387.0,896288.0
2025,Janeiro,Zambézia,Mulevala,Levantamentos,62696.0,58205956.0
2025,Fevereiro,Zambézia,Mulevala,Levantamentos,76171.0,57099580.0
2025,Março,Zambézia,Mulevala,Levantamentos,82552.0,57832220.0
2025,Abril,Zambézia,Mulevala,Levantamentos,84752.0,63870016.0
2025,Maio,Zambézia,Mulevala,Levantamentos,87035.0,59234950.0
2025,Junho,Zambézia,Mulevala,Levantamentos,77164.0,48881934.1
2025,Julho,Zambézia,Mulevala,Levantamentos,77650.0,53679867.12
2025,Agosto,Zambézia,Mulevala,Levantamentos,73516.0,51236362.0
2025,Setembro,Zambézia,Mulevala,Levantamentos,69886.0,48489105.0
2025,Outubro,Zambézia,Mulevala,Levantamentos,83627.0,57770628.0
2025,Novembro,Zambézia,Mulevala,Levantamentos,74904.0,58113876.0
2025,Dezembro,Zambézia,Mulevala,Levantamentos,76528.0,61188160.0
2025,Janeiro,Zambézia,Luabo,Levantamentos,3622.0,1082679.92
2025,Fevereiro,Zambézia,Luabo,Levantamentos,4812.0,1526287.0
2025,Março,Zambézia,Luabo,Levantamentos,4016.0,1161461.0
2025,Abril,Zambézia,Luabo,Levantamentos,4160.0,1223633.0
2025,Maio,Zambézia,Luabo,Levantamentos,3969.0,1250526.14
2025,Junho,Zambézia,Luabo,Levantamentos,3480.0,1200357.0
2025,Julho,Zambézia,Luabo,Levantamentos,3379.0,1010340.0
2025,Agosto,Zambézia,Luabo,Levantamentos,3341.0,1001784.1
2025,Setembro,Zambézia,Luabo,Levantamentos,3262.0,994914.0
2025,Outubro,Zambézia,Luabo,Levantamentos,3290.0,1021064.0
2025,Novembro,Zambézia,Luabo,Levantamentos,2367.0,806931.0
2025,Dezembro,Zambézia,Luabo,Levantamentos,2084.0,859925.0
2025,Janeiro,Zambézia,Derre,Levantamentos,593.0,295324.0
2025,Fevereiro,Zambézia,Derre,Levantamentos,381.0,140800.0
2025,Março,Zambézia,Derre,Levantamentos,292.0,269823.0
2025,Abril,Zambézia,Derre,Levantamentos,479.0,564489.0
2025,Maio,Zambézia,Derre,Levantamentos,370.0,306000.39
2025,Junho,Zambézia,Derre,Levantamentos,396.0,248337.0
2025,Julho,Zambézia,Derre,Levantamentos,478.0,406918.0
2025,Agosto,Zambézia,Derre,Levantamentos,287.0,188962.0
2025,Setembro,Zambézia,Derre,Levantamentos,534.0,1105139.0
2025,Outubro,Zambézia,Derre,Levantamentos,340.0,624339.0
2025,Novembro,Zambézia,Derre,Levantamentos,259.0,158003.0
2025,Dezembro,Zambézia,Derre,Levantamentos,130.0,121395.0
2025,Janeiro,Nampula,Cidade de Nampula,Levantamentos,2067503.0,1946110250.74
2025,Fevereiro,Nampula,Cidade de Nampula,Levantamentos,2236884.0,2245994375.29
2025,Março,Nampula,Cidade de Nampula,Levantamentos,2443264.0,2458237415.4
2025,Abril,Nampula,Cidade de Nampula,Levantamentos,2461580.0,2636294949.05
2025,Maio,Nampula,Cidade de Nampula,Levantamentos,2581639.0,3010190861.76
2025,Junho,Nampula,Cidade de Nampula,Levantamentos,2383396.0,2885366479.11
2025,Julho,Nampula,Cidade de Nampula,Levantamentos,2395524.0,2840636946.69
2025,Agosto,Nampula,Cidade de Nampula,Levantamentos,2266181.0,2678959323.49
2025,Setembro,Nampula,Cidade de Nampula,Levantamentos,2082526.0,2476893429.19
2025,Outubro,Nampula,Cidade de Nampula,Levantamentos,2296853.0,2805401224.25
2025,Novembro,Nampula,Cidade de Nampula,Levantamentos,2257609.0,2802876959.85
2025,Dezembro,Nampula,Cidade de Nampula,Levantamentos,2217837.0,3132924590.08
2025,Janeiro,Nampula,Cidade de Nacala-Porto,Levantamentos,973974.0,503732919.03
2025,Fevereiro,Nampula,Cidade de Nacala-Porto,Levantamentos,1018091.0,539597233.26
2025,Março,Nampula,Cidade de Nacala-Porto,Levantamentos,1085463.0,615503883.89
2025,Abril,Nampula,Cidade de Nacala-Porto,Levantamentos,1125353.0,604762097.44
2025,Maio,Nampula,Cidade de Nacala-Porto,Levantamentos,1180708.0,675819953.14
2025,Junho,Nampula,Cidade de Nacala-Porto,Levantamentos,1119927.0,671033468.47
2025,Julho,Nampula,Cidade de Nacala-Porto,Levantamentos,1107887.0,665084770.53
2025,Agosto,Nampula,Cidade de Nacala-Porto,Levantamentos,1042560.0,615414063.95
2025,Setembro,Nampula,Cidade de Nacala-Porto,Levantamentos,957618.0,625197757.06
2025,Outubro,Nampula,Cidade de Nacala-Porto,Levantamentos,1049028.0,718405036.73
2025,Novembro,Nampula,Cidade de Nacala-Porto,Levantamentos,1035451.0,727909533.36
2025,Dezembro,Nampula,Cidade de Nacala-Porto,Levantamentos,1027665.0,918313158.15
2025,Janeiro,Nampula,Angoche,Levantamentos,153677.0,145412788.15
2025,Fevereiro,Nampula,Angoche,Levantamentos,145609.0,146645028.21
2025,Março,Nampula,Angoche,Levantamentos,143793.0,160985287.05
2025,Abril,Nampula,Angoche,Levantamentos,150773.0,160345599.76
2025,Maio,Nampula,Angoche,Levantamentos,162826.0,172219014.0
2025,Junho,Nampula,Angoche,Levantamentos,162544.0,188887808.95
2025,Julho,Nampula,Angoche,Levantamentos,156279.0,177284219.31
2025,Agosto,Nampula,Angoche,Levantamentos,144164.0,160329834.0
2025,Setembro,Nampula,Angoche,Levantamentos,137909.0,144159157.25
2025,Outubro,Nampula,Angoche,Levantamentos,149254.0,179251740.0
2025,Novembro,Nampula,Angoche,Levantamentos,153255.0,176346803.0
2025,Dezembro,Nampula,Angoche,Levantamentos,155759.0,239211720.0
2025,Janeiro,Nampula,Ilha de Moçambique,Levantamentos,90460.0,51149090.0
2025,Fevereiro,Nampula,Ilha de Moçambique,Levantamentos,99220.0,57696781.0
2025,Março,Nampula,Ilha de Moçambique,Levantamentos,91378.0,59289530.1
2025,Abril,Nampula,Ilha de Moçambique,Levantamentos,106536.0,59151940.85
2025,Maio,Nampula,Ilha de Moçambique,Levantamentos,105216.0,52998147.5
2025,Junho,Nampula,Ilha de Moçambique,Levantamentos,104547.0,59731247.0
2025,Julho,Nampula,Ilha de Moçambique,Levantamentos,102855.0,53347519.5
2025,Agosto,Nampula,Ilha de Moçambique,Levantamentos,99690.0,65658519.0
2025,Setembro,Nampula,Ilha de Moçambique,Levantamentos,97615.0,59364167.0
2025,Outubro,Nampula,Ilha de Moçambique,Levantamentos,105537.0,68828328.0
2025,Novembro,Nampula,Ilha de Moçambique,Levantamentos,102696.0,66520702.0
2025,Dezembro,Nampula,Ilha de Moçambique,Levantamentos,124773.0,108786695.0
2025,Janeiro,Nampula,Lalaua,Levantamentos,13155.0,8484388.0
2025,Fevereiro,Nampula,Lalaua,Levantamentos,19453.0,12693273.0
2025,Março,Nampula,Lalaua,Levantamentos,16420.0,10674376.0
2025,Abril,Nampula,Lalaua,Levantamentos,20508.0,14503881.0
2025,Maio,Nampula,Lalaua,Levantamentos,21768.0,21038645.0
2025,Junho,Nampula,Lalaua,Levantamentos,23198.0,27168962.0
2025,Julho,Nampula,Lalaua,Levantamentos,24305.0,27496527.0
2025,Agosto,Nampula,Lalaua,Levantamentos,24541.0,27497735.0
2025,Setembro,Nampula,Lalaua,Levantamentos,22274.0,20946932.0
2025,Outubro,Nampula,Lalaua,Levantamentos,24232.0,19822151.0
2025,Novembro,Nampula,Lalaua,Levantamentos,20678.0,18597405.0
2025,Dezembro,Nampula,Lalaua,Levantamentos,18027.0,16944712.0
2025,Janeiro,Nampula,Malema,Levantamentos,87618.0,64472511.0
2025,Fevereiro,Nampula,Malema,Levantamentos,99513.0,73496843.2
2025,Março,Nampula,Malema,Levantamentos,105508.0,75937068.0
2025,Abril,Nampula,Malema,Levantamentos,105701.0,89593307.0
2025,Maio,Nampula,Malema,Levantamentos,105025.0,94483364.98
2025,Junho,Nampula,Malema,Levantamentos,106582.0,100780339.99
2025,Julho,Nampula,Malema,Levantamentos,112109.0,94572573.2
2025,Agosto,Nampula,Malema,Levantamentos,101696.0,93020846.0
2025,Setembro,Nampula,Malema,Levantamentos,100097.0,79710953.0
2025,Outubro,Nampula,Malema,Levantamentos,115844.0,89717668.0
2025,Novembro,Nampula,Malema,Levantamentos,111956.0,92496745.0
2025,Dezembro,Nampula,Malema,Levantamentos,103431.0,97586386.0
2025,Janeiro,Nampula,Meconta (Namialo),Levantamentos,211884.0,115264422.13
2025,Fevereiro,Nampula,Meconta (Namialo),Levantamentos,198552.0,102208709.35
2025,Março,Nampula,Meconta (Namialo),Levantamentos,187051.0,108048211.28
2025,Abril,Nampula,Meconta (Namialo),Levantamentos,197565.0,132949570.44
2025,Maio,Nampula,Meconta (Namialo),Levantamentos,208652.0,127044568.43
2025,Junho,Nampula,Meconta (Namialo),Levantamentos,206986.0,115590291.1
2025,Julho,Nampula,Meconta (Namialo),Levantamentos,213148.0,119861424.4
2025,Agosto,Nampula,Meconta (Namialo),Levantamentos,202767.0,117302022.2
2025,Setembro,Nampula,Meconta (Namialo),Levantamentos,186281.0,100085566.0
2025,Outubro,Nampula,Meconta (Namialo),Levantamentos,207825.0,149259511.0
2025,Novembro,Nampula,Meconta (Namialo),Levantamentos,198872.0,164081081.0
2025,Dezembro,Nampula,Meconta (Namialo),Levantamentos,178698.0,179624378.0
2025,Janeiro,Nampula,Mecuburi,Levantamentos,34384.0,28086915.0
2025,Fevereiro,Nampula,Mecuburi,Levantamentos,44846.0,37569103.0
2025,Março,Nampula,Mecuburi,Levantamentos,46196.0,38318961.74
2025,Abril,Nampula,Mecuburi,Levantamentos,53581.0,45251285.0
2025,Maio,Nampula,Mecuburi,Levantamentos,53989.0,48914432.0
2025,Junho,Nampula,Mecuburi,Levantamentos,53191.0,45193390.0
2025,Julho,Nampula,Mecuburi,Levantamentos,54512.0,48762089.0
2025,Agosto,Nampula,Mecuburi,Levantamentos,50726.0,46223077.0
2025,Setembro,Nampula,Mecuburi,Levantamentos,53417.0,49201684.0
2025,Outubro,Nampula,Mecuburi,Levantamentos,60947.0,56229322.0
2025,Novembro,Nampula,Mecuburi,Levantamentos,60891.0,56671381.0
2025,Dezembro,Nampula,Mecuburi,Levantamentos,52683.0,61362043.0
2025,Janeiro,Nampula,Memba,Levantamentos,82541.0,48052694.0
2025,Fevereiro,Nampula,Memba,Levantamentos,96953.0,56577166.6
2025,Março,Nampula,Memba,Levantamentos,84874.0,57611293.9
2025,Abril,Nampula,Memba,Levantamentos,97241.0,60992700.0
2025,Maio,Nampula,Memba,Levantamentos,104522.0,65689486.43
2025,Junho,Nampula,Memba,Levantamentos,108921.0,69360510.18
2025,Julho,Nampula,Memba,Levantamentos,111677.0,69216905.83
2025,Agosto,Nampula,Memba,Levantamentos,109371.0,70826017.58
2025,Setembro,Nampula,Memba,Levantamentos,108704.0,104133169.56
2025,Outubro,Nampula,Memba,Levantamentos,68004.0,92013483.02
2025,Novembro,Nampula,Memba,Levantamentos,65530.0,78899770.0
2025,Dezembro,Nampula,Memba,Levantamentos,98363.0,105701353.46
2025,Janeiro,Nampula,Mogincual,Levantamentos,35235.0,27175369.0
2025,Fevereiro,Nampula,Mogincual,Levantamentos,45412.0,48580609.0
2025,Março,Nampula,Mogincual,Levantamentos,46145.0,48890754.0
2025,Abril,Nampula,Mogincual,Levantamentos,47911.0,67853006.0
2025,Maio,Nampula,Mogincual,Levantamentos,49216.0,49434695.0
2025,Junho,Nampula,Mogincual,Levantamentos,49535.0,52581015.0
2025,Julho,Nampula,Mogincual,Levantamentos,50692.0,55235341.0
2025,Agosto,Nampula,Mogincual,Levantamentos,46920.0,50517527.0
2025,Setembro,Nampula,Mogincual,Levantamentos,45349.0,46653934.0
2025,Outubro,Nampula,Mogincual,Levantamentos,52946.0,61049059.0
2025,Novembro,Nampula,Mogincual,Levantamentos,55080.0,57951314.0
2025,Dezembro,Nampula,Mogincual,Levantamentos,51484.0,53592333.0
2025,Janeiro,Nampula,Mogovolas,Levantamentos,117058.0,68682002.24
2025,Fevereiro,Nampula,Mogovolas,Levantamentos,125273.0,75440554.8
2025,Março,Nampula,Mogovolas,Levantamentos,122435.0,85543963.37
2025,Abril,Nampula,Mogovolas,Levantamentos,136667.0,155689503.0
2025,Maio,Nampula,Mogovolas,Levantamentos,144862.0,108821061.0
2025,Junho,Nampula,Mogovolas,Levantamentos,138014.0,102415705.0
2025,Julho,Nampula,Mogovolas,Levantamentos,137201.0,101983724.0
2025,Agosto,Nampula,Mogovolas,Levantamentos,126238.0,91973627.0
2025,Setembro,Nampula,Mogovolas,Levantamentos,117091.0,87562220.0
2025,Outubro,Nampula,Mogovolas,Levantamentos,134446.0,106454920.0
2025,Novembro,Nampula,Mogovolas,Levantamentos,130378.0,101762608.0
2025,Dezembro,Nampula,Mogovolas,Levantamentos,120981.0,97892279.0
2025,Janeiro,Nampula,Moma,Levantamentos,203555.0,123261873.4
2025,Fevereiro,Nampula,Moma,Levantamentos,224909.0,137672603.12
2025,Março,Nampula,Moma,Levantamentos,220920.0,157714165.5
2025,Abril,Nampula,Moma,Levantamentos,237642.0,162915154.15
2025,Maio,Nampula,Moma,Levantamentos,241792.0,178020444.0
2025,Junho,Nampula,Moma,Levantamentos,240873.0,173382909.23
2025,Julho,Nampula,Moma,Levantamentos,238850.0,167894796.0
2025,Agosto,Nampula,Moma,Levantamentos,230888.0,168548850.0
2025,Setembro,Nampula,Moma,Levantamentos,219081.0,158328535.0
2025,Outubro,Nampula,Moma,Levantamentos,229841.0,179226948.94
2025,Novembro,Nampula,Moma,Levantamentos,217477.0,165522724.0
2025,Dezembro,Nampula,Moma,Levantamentos,204973.0,164387595.0
2025,Janeiro,Nampula,Monapo,Levantamentos,120588.0,71214614.7
2025,Fevereiro,Nampula,Monapo,Levantamentos,131481.0,78159382.15
2025,Março,Nampula,Monapo,Levantamentos,123505.0,80122690.2
2025,Abril,Nampula,Monapo,Levantamentos,130877.0,86227225.33
2025,Maio,Nampula,Monapo,Levantamentos,121758.0,79348954.0
2025,Junho,Nampula,Monapo,Levantamentos,124766.0,84529562.37
2025,Julho,Nampula,Monapo,Levantamentos,122422.0,84694316.48
2025,Agosto,Nampula,Monapo,Levantamentos,129506.0,89547517.27
2025,Setembro,Nampula,Monapo,Levantamentos,136609.0,94639473.0
2025,Outubro,Nampula,Monapo,Levantamentos,150753.0,109499506.0
2025,Novembro,Nampula,Monapo,Levantamentos,142375.0,105633034.0
2025,Dezembro,Nampula,Monapo,Levantamentos,136953.0,112914539.0
2025,Janeiro,Nampula,Mossuril,Levantamentos,46638.0,30810786.08
2025,Fevereiro,Nampula,Mossuril,Levantamentos,56791.0,38037739.0
2025,Março,Nampula,Mossuril,Levantamentos,53531.0,39410660.48
2025,Abril,Nampula,Mossuril,Levantamentos,57683.0,35484929.11
2025,Maio,Nampula,Mossuril,Levantamentos,67081.0,42529300.0
2025,Junho,Nampula,Mossuril,Levantamentos,69210.0,51489403.0
2025,Julho,Nampula,Mossuril,Levantamentos,67076.0,46101358.0
2025,Agosto,Nampula,Mossuril,Levantamentos,67981.0,50944900.0
2025,Setembro,Nampula,Mossuril,Levantamentos,60652.0,41831158.0
2025,Outubro,Nampula,Mossuril,Levantamentos,65965.0,46825042.0
2025,Novembro,Nampula,Mossuril,Levantamentos,64059.0,44261656.0
2025,Dezembro,Nampula,Mossuril,Levantamentos,67610.0,54168184.0
2025,Janeiro,Nampula,Muecate,Levantamentos,30444.0,13650384.0
2025,Fevereiro,Nampula,Muecate,Levantamentos,36955.0,16488311.0
2025,Março,Nampula,Muecate,Levantamentos,29734.0,16288691.0
2025,Abril,Nampula,Muecate,Levantamentos,34766.0,20636616.75
2025,Maio,Nampula,Muecate,Levantamentos,33490.0,19457507.0
2025,Junho,Nampula,Muecate,Levantamentos,36138.0,20817196.0
2025,Julho,Nampula,Muecate,Levantamentos,38773.0,20948817.0
2025,Agosto,Nampula,Muecate,Levantamentos,35709.0,20040650.0
2025,Setembro,Nampula,Muecate,Levantamentos,34479.0,19970742.0
2025,Outubro,Nampula,Muecate,Levantamentos,36679.0,21287424.0
2025,Novembro,Nampula,Muecate,Levantamentos,34171.0,20418704.0
2025,Dezembro,Nampula,Muecate,Levantamentos,33783.0,20470969.66
2025,Janeiro,Nampula,Murrupula,Levantamentos,57853.0,39921943.0
2025,Fevereiro,Nampula,Murrupula,Levantamentos,65627.0,42110196.0
2025,Março,Nampula,Murrupula,Levantamentos,68272.0,47426378.82
2025,Abril,Nampula,Murrupula,Levantamentos,71247.0,67035161.9
2025,Maio,Nampula,Murrupula,Levantamentos,70754.0,59804985.0
2025,Junho,Nampula,Murrupula,Levantamentos,72550.0,55486511.0
2025,Julho,Nampula,Murrupula,Levantamentos,72681.0,56340760.0
2025,Agosto,Nampula,Murrupula,Levantamentos,72634.0,53417376.9
2025,Setembro,Nampula,Murrupula,Levantamentos,69142.0,43887074.0
2025,Outubro,Nampula,Murrupula,Levantamentos,81815.0,56108702.0
2025,Novembro,Nampula,Murrupula,Levantamentos,81566.0,63934509.0
2025,Dezembro,Nampula,Murrupula,Levantamentos,70764.0,52005701.0
2025,Janeiro,Nampula,Nacala-Velha,Levantamentos,62904.0,27951796.0
2025,Fevereiro,Nampula,Nacala-Velha,Levantamentos,69892.0,30283201.0
2025,Março,Nampula,Nacala-Velha,Levantamentos,66586.0,31654320.3
2025,Abril,Nampula,Nacala-Velha,Levantamentos,73463.0,36339079.0
2025,Maio,Nampula,Nacala-Velha,Levantamentos,81598.0,46625617.4
2025,Junho,Nampula,Nacala-Velha,Levantamentos,79948.0,45964868.0
2025,Julho,Nampula,Nacala-Velha,Levantamentos,78296.0,47342565.0
2025,Agosto,Nampula,Nacala-Velha,Levantamentos,74119.0,44476032.0
2025,Setembro,Nampula,Nacala-Velha,Levantamentos,66909.0,40208739.0
2025,Outubro,Nampula,Nacala-Velha,Levantamentos,72750.0,42976115.0
2025,Novembro,Nampula,Nacala-Velha,Levantamentos,69815.0,44259049.0
2025,Dezembro,Nampula,Nacala-Velha,Levantamentos,69123.0,48114960.0
2025,Janeiro,Nampula,Nacaroa,Levantamentos,27025.0,16067335.0
2025,Fevereiro,Nampula,Nacaroa,Levantamentos,32950.0,20246818.0
2025,Março,Nampula,Nacaroa,Levantamentos,30464.0,21829923.92
2025,Abril,Nampula,Nacaroa,Levantamentos,37279.0,37651193.3
2025,Maio,Nampula,Nacaroa,Levantamentos,37865.0,36046252.0
2025,Junho,Nampula,Nacaroa,Levantamentos,42433.0,32873011.8
2025,Julho,Nampula,Nacaroa,Levantamentos,44403.0,30238075.84
2025,Agosto,Nampula,Nacaroa,Levantamentos,40999.0,25401867.9
2025,Setembro,Nampula,Nacaroa,Levantamentos,39599.0,22545548.0
2025,Outubro,Nampula,Nacaroa,Levantamentos,45654.0,31494132.0
2025,Novembro,Nampula,Nacaroa,Levantamentos,41117.0,28652281.0
2025,Dezembro,Nampula,Nacaroa,Levantamentos,39519.0,24410476.15
2025,Janeiro,Nampula,Namapa-Erati,Levantamentos,79434.0,54840337.0
2025,Fevereiro,Nampula,Namapa-Erati,Levantamentos,106542.0,68998528.21
2025,Março,Nampula,Namapa-Erati,Levantamentos,113781.0,80327965.0
2025,Abril,Nampula,Namapa-Erati,Levantamentos,123686.0,108618936.1
2025,Maio,Nampula,Namapa-Erati,Levantamentos,136514.0,112419724.0
2025,Junho,Nampula,Namapa-Erati,Levantamentos,142959.0,101149341.6
2025,Julho,Nampula,Namapa-Erati,Levantamentos,145910.0,88061059.0
2025,Agosto,Nampula,Namapa-Erati,Levantamentos,135168.0,81210222.7
2025,Setembro,Nampula,Namapa-Erati,Levantamentos,137286.0,76380389.0
2025,Outubro,Nampula,Namapa-Erati,Levantamentos,168879.0,105691387.0
2025,Novembro,Nampula,Namapa-Erati,Levantamentos,156912.0,107886447.0
2025,Dezembro,Nampula,Namapa-Erati,Levantamentos,158235.0,98217044.0
2025,Janeiro,Nampula,Rapale-Nampula,Levantamentos,214860.0,149024937.0
2025,Fevereiro,Nampula,Rapale-Nampula,Levantamentos,225706.0,171724246.0
2025,Março,Nampula,Rapale-Nampula,Levantamentos,203566.0,152350329.0
2025,Abril,Nampula,Rapale-Nampula,Levantamentos,216562.0,162755825.4
2025,Maio,Nampula,Rapale-Nampula,Levantamentos,239861.0,204355677.0
2025,Junho,Nampula,Rapale-Nampula,Levantamentos,227204.0,201953381.0
2025,Julho,Nampula,Rapale-Nampula,Levantamentos,223875.0,190991304.0
2025,Agosto,Nampula,Rapale-Nampula,Levantamentos,258855.0,288831422.0
2025,Setembro,Nampula,Rapale-Nampula,Levantamentos,253438.0,280730042.0
2025,Outubro,Nampula,Rapale-Nampula,Levantamentos,305688.0,350578479.0
2025,Novembro,Nampula,Rapale-Nampula,Levantamentos,303807.0,357912283.0
2025,Dezembro,Nampula,Rapale-Nampula,Levantamentos,308584.0,408641775.0
2025,Janeiro,Nampula,Ribaué,Levantamentos,89206.0,65889108.0
2025,Fevereiro,Nampula,Ribaué,Levantamentos,100952.0,76071277.25
2025,Março,Nampula,Ribaué,Levantamentos,99517.0,70225327.91
2025,Abril,Nampula,Ribaué,Levantamentos,108580.0,85188790.0
2025,Maio,Nampula,Ribaué,Levantamentos,109282.0,92513777.41
2025,Junho,Nampula,Ribaué,Levantamentos,106303.0,79369950.0
2025,Julho,Nampula,Ribaué,Levantamentos,101336.0,74945176.0
2025,Agosto,Nampula,Ribaué,Levantamentos,94424.0,72391840.0
2025,Setembro,Nampula,Ribaué,Levantamentos,95011.0,75937392.0
2025,Outubro,Nampula,Ribaué,Levantamentos,112664.0,93623954.25
2025,Novembro,Nampula,Ribaué,Levantamentos,101626.0,84773157.0
2025,Dezembro,Nampula,Ribaué,Levantamentos,104906.0,93277191.0
2025,Janeiro,Nampula,Liupo,Levantamentos,98.0,39770.0
2025,Fevereiro,Nampula,Liupo,Levantamentos,91.0,25487.0
2025,Março,Nampula,Liupo,Levantamentos,37.0,13005.0
2025,Abril,Nampula,Liupo,Levantamentos,75.0,17212.0
2025,Maio,Nampula,Liupo,Levantamentos,69.0,17286.0
2025,Junho,Nampula,Liupo,Levantamentos,41.0,8047.0
2025,Julho,Nampula,Liupo,Levantamentos,17.0,2125.0
2025,Agosto,Nampula,Liupo,Levantamentos,149.0,67814.0
2025,Setembro,Nampula,Liupo,Levantamentos,131.0,27445.0
2025,Outubro,Nampula,Liupo,Levantamentos,249.0,65027.0
2025,Novembro,Nampula,Liupo,Levantamentos,911.0,2087267.0
2025,Dezembro,Nampula,Liupo,Levantamentos,265.0,463832.0
2025,Janeiro,Nampula,Larde,Levantamentos,739.0,366932.0
2025,Fevereiro,Nampula,Larde,Levantamentos,800.0,503630.0
2025,Março,Nampula,Larde,Levantamentos,617.0,527640.0
2025,Abril,Nampula,Larde,Levantamentos,5595.0,4317091.0
2025,Maio,Nampula,Larde,Levantamentos,7957.0,4533040.1
2025,Junho,Nampula,Larde,Levantamentos,3911.0,2835224.48
2025,Julho,Nampula,Larde,Levantamentos,4143.0,2760072.0
2025,Agosto,Nampula,Larde,Levantamentos,3564.0,2249747.0
2025,Setembro,Nampula,Larde,Levantamentos,3023.0,2504894.0
2025,Outubro,Nampula,Larde,Levantamentos,16037.0,12517524.0
2025,Novembro,Nampula,Larde,Levantamentos,13715.0,8295165.0
2025,Dezembro,Nampula,Larde,Levantamentos,11882.0,8673888.0
2025,Janeiro,Cabo Delgado,Cidade de Pemba,Levantamentos,1005981.0,695663445.78
2025,Fevereiro,Cabo Delgado,Cidade de Pemba,Levantamentos,1080784.0,739462563.11
2025,Março,Cabo Delgado,Cidade de Pemba,Levantamentos,1221290.0,804902675.66
2025,Abril,Cabo Delgado,Cidade de Pemba,Levantamentos,1273476.0,784918720.34
2025,Maio,Cabo Delgado,Cidade de Pemba,Levantamentos,1385212.0,867926315.19
2025,Junho,Cabo Delgado,Cidade de Pemba,Levantamentos,1324209.0,795980094.65
2025,Julho,Cabo Delgado,Cidade de Pemba,Levantamentos,1371006.0,822034383.61
2025,Agosto,Cabo Delgado,Cidade de Pemba,Levantamentos,1372317.0,778297513.63
2025,Setembro,Cabo Delgado,Cidade de Pemba,Levantamentos,1290484.0,748943175.6
2025,Outubro,Cabo Delgado,Cidade de Pemba,Levantamentos,1502425.0,895314962.83
2025,Novembro,Cabo Delgado,Cidade de Pemba,Levantamentos,1503202.0,874635020.35
2025,Dezembro,Cabo Delgado,Cidade de Pemba,Levantamentos,1486607.0,1024660228.64
2025,Janeiro,Cabo Delgado,Ancuabe,Levantamentos,104353.0,65191476.0
2025,Fevereiro,Cabo Delgado,Ancuabe,Levantamentos,128109.0,84864207.0
2025,Março,Cabo Delgado,Ancuabe,Levantamentos,134666.0,93040674.0
2025,Abril,Cabo Delgado,Ancuabe,Levantamentos,128824.0,80271445.25
2025,Maio,Cabo Delgado,Ancuabe,Levantamentos,147553.0,101520376.0
2025,Junho,Cabo Delgado,Ancuabe,Levantamentos,147512.0,98951027.0
2025,Julho,Cabo Delgado,Ancuabe,Levantamentos,152790.0,96605807.0
2025,Agosto,Cabo Delgado,Ancuabe,Levantamentos,148633.0,89372611.0
2025,Setembro,Cabo Delgado,Ancuabe,Levantamentos,154107.0,93726803.0
2025,Outubro,Cabo Delgado,Ancuabe,Levantamentos,178583.0,105511652.0
2025,Novembro,Cabo Delgado,Ancuabe,Levantamentos,173883.0,105164332.0
2025,Dezembro,Cabo Delgado,Ancuabe,Levantamentos,176188.0,115124492.66
2025,Janeiro,Cabo Delgado,Balama,Levantamentos,50490.0,36255543.91
2025,Fevereiro,Cabo Delgado,Balama,Levantamentos,59228.0,41833319.79
2025,Março,Cabo Delgado,Balama,Levantamentos,64754.0,42589966.68
2025,Abril,Cabo Delgado,Balama,Levantamentos,65340.0,43331244.1
2025,Maio,Cabo Delgado,Balama,Levantamentos,71332.0,52832851.0
2025,Junho,Cabo Delgado,Balama,Levantamentos,74399.0,65409681.0
2025,Julho,Cabo Delgado,Balama,Levantamentos,83468.0,68612118.0
2025,Agosto,Cabo Delgado,Balama,Levantamentos,82424.0,69342726.65
2025,Setembro,Cabo Delgado,Balama,Levantamentos,84542.0,63633077.0
2025,Outubro,Cabo Delgado,Balama,Levantamentos,101947.0,69810461.0
2025,Novembro,Cabo Delgado,Balama,Levantamentos,97272.0,65313852.0
2025,Dezembro,Cabo Delgado,Balama,Levantamentos,96239.0,73778286.0
2025,Janeiro,Cabo Delgado,Chiúre,Levantamentos,118445.0,95511168.2
2025,Fevereiro,Cabo Delgado,Chiúre,Levantamentos,139691.0,110008871.45
2025,Março,Cabo Delgado,Chiúre,Levantamentos,147719.0,113726750.66
2025,Abril,Cabo Delgado,Chiúre,Levantamentos,160408.0,141182130.0
2025,Maio,Cabo Delgado,Chiúre,Levantamentos,179125.0,155681868.0
2025,Junho,Cabo Delgado,Chiúre,Levantamentos,179252.0,144845084.0
2025,Julho,Cabo Delgado,Chiúre,Levantamentos,186358.0,133150917.0
2025,Agosto,Cabo Delgado,Chiúre,Levantamentos,172899.0,122035759.38
2025,Setembro,Cabo Delgado,Chiúre,Levantamentos,163851.0,109406171.0
2025,Outubro,Cabo Delgado,Chiúre,Levantamentos,200968.0,139899021.83
2025,Novembro,Cabo Delgado,Chiúre,Levantamentos,193223.0,147634825.32999998
2025,Dezembro,Cabo Delgado,Chiúre,Levantamentos,184224.0,163913701.24
2025,Janeiro,Cabo Delgado,Ibo,Levantamentos,22421.0,20783248.0
2025,Fevereiro,Cabo Delgado,Ibo,Levantamentos,25034.0,22410329.0
2025,Março,Cabo Delgado,Ibo,Levantamentos,29472.0,29626634.0
2025,Abril,Cabo Delgado,Ibo,Levantamentos,27463.0,23642948.0
2025,Maio,Cabo Delgado,Ibo,Levantamentos,19939.0,17944247.0
2025,Junho,Cabo Delgado,Ibo,Levantamentos,19359.0,19165423.0
2025,Julho,Cabo Delgado,Ibo,Levantamentos,19996.0,16791923.0
2025,Agosto,Cabo Delgado,Ibo,Levantamentos,19931.0,19728056.0
2025,Setembro,Cabo Delgado,Ibo,Levantamentos,19865.0,19626836.0
2025,Outubro,Cabo Delgado,Ibo,Levantamentos,23236.0,23256546.0
2025,Novembro,Cabo Delgado,Ibo,Levantamentos,23764.0,25776289.0
2025,Dezembro,Cabo Delgado,Ibo,Levantamentos,23150.0,25175957.0
2025,Janeiro,Cabo Delgado,Macomia,Levantamentos,43860.0,36876468.0
2025,Fevereiro,Cabo Delgado,Macomia,Levantamentos,53290.0,45622288.0
2025,Março,Cabo Delgado,Macomia,Levantamentos,59316.0,47753025.89
2025,Abril,Cabo Delgado,Macomia,Levantamentos,55704.0,40655046.0
2025,Maio,Cabo Delgado,Macomia,Levantamentos,59309.0,45878496.0
2025,Junho,Cabo Delgado,Macomia,Levantamentos,58703.0,46925441.0
2025,Julho,Cabo Delgado,Macomia,Levantamentos,58296.0,42881879.0
2025,Agosto,Cabo Delgado,Macomia,Levantamentos,54191.0,35923264.0
2025,Setembro,Cabo Delgado,Macomia,Levantamentos,57051.0,39204906.0
2025,Outubro,Cabo Delgado,Macomia,Levantamentos,64405.0,44950562.0
2025,Novembro,Cabo Delgado,Macomia,Levantamentos,65966.0,49866488.0
2025,Dezembro,Cabo Delgado,Macomia,Levantamentos,70032.0,55186170.0
2025,Janeiro,Cabo Delgado,Mecufi,Levantamentos,25989.0,14881503.0
2025,Fevereiro,Cabo Delgado,Mecufi,Levantamentos,34626.0,19779964.0
2025,Março,Cabo Delgado,Mecufi,Levantamentos,38528.0,19282247.0
2025,Abril,Cabo Delgado,Mecufi,Levantamentos,37240.0,18838478.0
2025,Maio,Cabo Delgado,Mecufi,Levantamentos,38469.0,19704315.0
2025,Junho,Cabo Delgado,Mecufi,Levantamentos,40590.0,20357256.0
2025,Julho,Cabo Delgado,Mecufi,Levantamentos,41689.0,21022708.0
2025,Agosto,Cabo Delgado,Mecufi,Levantamentos,43139.0,22176275.0
2025,Setembro,Cabo Delgado,Mecufi,Levantamentos,47623.0,23638326.0
2025,Outubro,Cabo Delgado,Mecufi,Levantamentos,59863.0,31461410.0
2025,Novembro,Cabo Delgado,Mecufi,Levantamentos,60962.0,34336689.0
2025,Dezembro,Cabo Delgado,Mecufi,Levantamentos,64689.0,41903220.0
2025,Janeiro,Cabo Delgado,Meluco,Levantamentos,10971.0,9499876.0
2025,Fevereiro,Cabo Delgado,Meluco,Levantamentos,15433.0,13976467.0
2025,Março,Cabo Delgado,Meluco,Levantamentos,16644.0,13026963.0
2025,Abril,Cabo Delgado,Meluco,Levantamentos,17346.0,10836775.0
2025,Maio,Cabo Delgado,Meluco,Levantamentos,18432.0,13944580.0
2025,Junho,Cabo Delgado,Meluco,Levantamentos,19436.0,12211518.0
2025,Julho,Cabo Delgado,Meluco,Levantamentos,21510.0,17090283.0
2025,Agosto,Cabo Delgado,Meluco,Levantamentos,22058.0,16836164.0
2025,Setembro,Cabo Delgado,Meluco,Levantamentos,21382.0,15877466.0
2025,Outubro,Cabo Delgado,Meluco,Levantamentos,28664.0,21673766.0
2025,Novembro,Cabo Delgado,Meluco,Levantamentos,27531.0,22938565.0
2025,Dezembro,Cabo Delgado,Meluco,Levantamentos,26391.0,21854034.0
2025,Janeiro,Cabo Delgado,Mocimboa da Praia,Levantamentos,112796.0,113340168.52
2025,Fevereiro,Cabo Delgado,Mocimboa da Praia,Levantamentos,125564.0,129955105.15
2025,Março,Cabo Delgado,Mocimboa da Praia,Levantamentos,139653.0,131620472.56
2025,Abril,Cabo Delgado,Mocimboa da Praia,Levantamentos,125065.0,104580898.9
2025,Maio,Cabo Delgado,Mocimboa da Praia,Levantamentos,140696.0,115734426.05
2025,Junho,Cabo Delgado,Mocimboa da Praia,Levantamentos,135573.0,115408287.58
2025,Julho,Cabo Delgado,Mocimboa da Praia,Levantamentos,134989.0,104933371.35
2025,Agosto,Cabo Delgado,Mocimboa da Praia,Levantamentos,132862.0,102339340.76
2025,Setembro,Cabo Delgado,Mocimboa da Praia,Levantamentos,119434.0,95152271.0
2025,Outubro,Cabo Delgado,Mocimboa da Praia,Levantamentos,88701.0,79862562.0
2025,Novembro,Cabo Delgado,Mocimboa da Praia,Levantamentos,89792.0,91653098.0
2025,Dezembro,Cabo Delgado,Mocimboa da Praia,Levantamentos,102207.0,107057455.0
2025,Janeiro,Cabo Delgado,Montepuez,Levantamentos,384558.0,283170392.86
2025,Fevereiro,Cabo Delgado,Montepuez,Levantamentos,443744.0,325857406.88
2025,Março,Cabo Delgado,Montepuez,Levantamentos,471751.0,360004159.39
2025,Abril,Cabo Delgado,Montepuez,Levantamentos,498179.0,341419694.0
2025,Maio,Cabo Delgado,Montepuez,Levantamentos,551408.0,386784899.7
2025,Junho,Cabo Delgado,Montepuez,Levantamentos,538241.0,364410054.1
2025,Julho,Cabo Delgado,Montepuez,Levantamentos,547282.0,367173973.1
2025,Agosto,Cabo Delgado,Montepuez,Levantamentos,538862.0,338274319.7
2025,Setembro,Cabo Delgado,Montepuez,Levantamentos,523909.0,326487554.0
2025,Outubro,Cabo Delgado,Montepuez,Levantamentos,640533.0,421491373.0
2025,Novembro,Cabo Delgado,Montepuez,Levantamentos,617911.0,400522737.0
2025,Dezembro,Cabo Delgado,Montepuez,Levantamentos,618610.0,488556452.0
2025,Janeiro,Cabo Delgado,Mueda,Levantamentos,159054.0,151329302.0
2025,Fevereiro,Cabo Delgado,Mueda,Levantamentos,196430.0,200035674.97
2025,Março,Cabo Delgado,Mueda,Levantamentos,202433.0,185489222.0
2025,Abril,Cabo Delgado,Mueda,Levantamentos,192419.0,141679242.82
2025,Maio,Cabo Delgado,Mueda,Levantamentos,239970.0,221549677.4
2025,Junho,Cabo Delgado,Mueda,Levantamentos,233786.0,205655753.34
2025,Julho,Cabo Delgado,Mueda,Levantamentos,233670.0,183626480.03
2025,Agosto,Cabo Delgado,Mueda,Levantamentos,224571.0,170882692.0
2025,Setembro,Cabo Delgado,Mueda,Levantamentos,222910.0,175360057.6
2025,Outubro,Cabo Delgado,Mueda,Levantamentos,274546.0,213916341.2
2025,Novembro,Cabo Delgado,Mueda,Levantamentos,254872.0,212471475.0
2025,Dezembro,Cabo Delgado,Mueda,Levantamentos,256598.0,234418247.0
2025,Janeiro,Cabo Delgado,Muidumbe,Levantamentos,26448.0,22056932.0
2025,Fevereiro,Cabo Delgado,Muidumbe,Levantamentos,35037.0,33948773.0
2025,Março,Cabo Delgado,Muidumbe,Levantamentos,33998.0,30504425.0
2025,Abril,Cabo Delgado,Muidumbe,Levantamentos,29660.0,21493075.0
2025,Maio,Cabo Delgado,Muidumbe,Levantamentos,40215.0,37544563.0
2025,Junho,Cabo Delgado,Muidumbe,Levantamentos,39076.0,32305854.0
2025,Julho,Cabo Delgado,Muidumbe,Levantamentos,39223.0,30243161.0
2025,Agosto,Cabo Delgado,Muidumbe,Levantamentos,38162.0,26223187.0
2025,Setembro,Cabo Delgado,Muidumbe,Levantamentos,38960.0,29925786.0
2025,Outubro,Cabo Delgado,Muidumbe,Levantamentos,46657.0,37074825.0
2025,Novembro,Cabo Delgado,Muidumbe,Levantamentos,44359.0,37764202.0
2025,Dezembro,Cabo Delgado,Muidumbe,Levantamentos,47640.0,44784715.0
2025,Janeiro,Cabo Delgado,Namuno,Levantamentos,51322.0,43103219.0
2025,Fevereiro,Cabo Delgado,Namuno,Levantamentos,59932.0,51163266.0
2025,Março,Cabo Delgado,Namuno,Levantamentos,68199.0,60119158.32
2025,Abril,Cabo Delgado,Namuno,Levantamentos,75354.0,65377746.34
2025,Maio,Cabo Delgado,Namuno,Levantamentos,78269.0,68813832.0
2025,Junho,Cabo Delgado,Namuno,Levantamentos,79458.0,77051658.65
2025,Julho,Cabo Delgado,Namuno,Levantamentos,84007.0,73420175.66
2025,Agosto,Cabo Delgado,Namuno,Levantamentos,86056.0,73823673.0
2025,Setembro,Cabo Delgado,Namuno,Levantamentos,79987.0,62810074.34
2025,Outubro,Cabo Delgado,Namuno,Levantamentos,101974.0,85448593.0
2025,Novembro,Cabo Delgado,Namuno,Levantamentos,96546.0,79746854.99
2025,Dezembro,Cabo Delgado,Namuno,Levantamentos,94068.0,83828044.0
2025,Janeiro,Cabo Delgado,Nangade,Levantamentos,31911.0,31256708.0
2025,Fevereiro,Cabo Delgado,Nangade,Levantamentos,45762.0,41019747.0
2025,Março,Cabo Delgado,Nangade,Levantamentos,44278.0,34764249.0
2025,Abril,Cabo Delgado,Nangade,Levantamentos,41965.0,28614248.0
2025,Maio,Cabo Delgado,Nangade,Levantamentos,47806.0,42677507.7
2025,Junho,Cabo Delgado,Nangade,Levantamentos,47038.0,46699829.02
2025,Julho,Cabo Delgado,Nangade,Levantamentos,46515.0,34844011.67
2025,Agosto,Cabo Delgado,Nangade,Levantamentos,47054.0,29989234.66
2025,Setembro,Cabo Delgado,Nangade,Levantamentos,52047.0,34170803.6
2025,Outubro,Cabo Delgado,Nangade,Levantamentos,55437.0,45560934.62
2025,Novembro,Cabo Delgado,Nangade,Levantamentos,39360.0,62675667.85
2025,Dezembro,Cabo Delgado,Nangade,Levantamentos,43185.0,42256565.78
2025,Janeiro,Cabo Delgado,Palma,Levantamentos,82033.0,73697937.74000001
2025,Fevereiro,Cabo Delgado,Palma,Levantamentos,86124.0,80465505.65
2025,Março,Cabo Delgado,Palma,Levantamentos,100950.0,113183396.26
2025,Abril,Cabo Delgado,Palma,Levantamentos,93388.0,92144862.1
2025,Maio,Cabo Delgado,Palma,Levantamentos,104692.0,97585450.92
2025,Junho,Cabo Delgado,Palma,Levantamentos,105367.0,98396723.35
2025,Julho,Cabo Delgado,Palma,Levantamentos,111287.0,105785577.32
2025,Agosto,Cabo Delgado,Palma,Levantamentos,109745.0,102578258.18
2025,Setembro,Cabo Delgado,Palma,Levantamentos,108331.0,97225172.0
2025,Outubro,Cabo Delgado,Palma,Levantamentos,109946.0,104147404.9
2025,Novembro,Cabo Delgado,Palma,Levantamentos,117364.0,127200684.0
2025,Dezembro,Cabo Delgado,Palma,Levantamentos,128519.0,149744302.25
2025,Janeiro,Cabo Delgado,Pemba-Metuge,Levantamentos,69245.0,40187256.0
2025,Fevereiro,Cabo Delgado,Pemba-Metuge,Levantamentos,81034.0,46334789.0
2025,Março,Cabo Delgado,Pemba-Metuge,Levantamentos,90536.0,48502911.0
2025,Abril,Cabo Delgado,Pemba-Metuge,Levantamentos,91910.0,45235618.0
2025,Maio,Cabo Delgado,Pemba-Metuge,Levantamentos,107227.0,59455234.0
2025,Junho,Cabo Delgado,Pemba-Metuge,Levantamentos,107242.0,59453859.0
2025,Julho,Cabo Delgado,Pemba-Metuge,Levantamentos,1240959.0,706746767.0
2025,Agosto,Cabo Delgado,Pemba-Metuge,Levantamentos,1246561.0,674446433.0
2025,Setembro,Cabo Delgado,Pemba-Metuge,Levantamentos,111228.0,55675302.0
2025,Outubro,Cabo Delgado,Pemba-Metuge,Levantamentos,1384673.0,790187347.33
2025,Novembro,Cabo Delgado,Pemba-Metuge,Levantamentos,137125.0,68808454.33
2025,Dezembro,Cabo Delgado,Pemba-Metuge,Levantamentos,137423.0,78378361.9
2025,Janeiro,Cabo Delgado,Quissanga,Levantamentos,10355.0,9654532.0
2025,Fevereiro,Cabo Delgado,Quissanga,Levantamentos,12423.0,11082352.0
2025,Março,Cabo Delgado,Quissanga,Levantamentos,13568.0,11800558.0
2025,Abril,Cabo Delgado,Quissanga,Levantamentos,13248.0,11592797.0
2025,Maio,Cabo Delgado,Quissanga,Levantamentos,24184.0,19817345.0
2025,Junho,Cabo Delgado,Quissanga,Levantamentos,23586.0,21062383.0
2025,Julho,Cabo Delgado,Quissanga,Levantamentos,24653.0,22951724.0
2025,Agosto,Cabo Delgado,Quissanga,Levantamentos,26215.0,21338124.0
2025,Setembro,Cabo Delgado,Quissanga,Levantamentos,27340.0,21112957.0
2025,Outubro,Cabo Delgado,Quissanga,Levantamentos,33020.0,25360709.0
2025,Novembro,Cabo Delgado,Quissanga,Levantamentos,31901.0,26419771.0
2025,Dezembro,Cabo Delgado,Quissanga,Levantamentos,32399.0,26896240.0
2025,Janeiro,Niassa,Cidade de Lichinga,Levantamentos,635788.0,412097500.8
2025,Fevereiro,Niassa,Cidade de Lichinga,Levantamentos,724683.0,479211285.15
2025,Março,Niassa,Cidade de Lichinga,Levantamentos,802767.0,576863604.04
2025,Abril,Niassa,Cidade de Lichinga,Levantamentos,825814.0,650684060.89
2025,Maio,Niassa,Cidade de Lichinga,Levantamentos,881719.0,643028978.0
2025,Junho,Niassa,Cidade de Lichinga,Levantamentos,802819.0,635384324.37
2025,Julho,Niassa,Cidade de Lichinga,Levantamentos,834686.0,612812409.05
2025,Agosto,Niassa,Cidade de Lichinga,Levantamentos,848697.0,574793776.93
2025,Setembro,Niassa,Cidade de Lichinga,Levantamentos,817934.0,535193371.0
2025,Outubro,Niassa,Cidade de Lichinga,Levantamentos,941918.0,633677264.0
2025,Novembro,Niassa,Cidade de Lichinga,Levantamentos,858103.0,623034786.14
2025,Dezembro,Niassa,Cidade de Lichinga,Levantamentos,812847.0,665629286.69
2025,Janeiro,Niassa,Cuamba,Levantamentos,247908.0,131474996.94
2025,Fevereiro,Niassa,Cuamba,Levantamentos,268823.0,148504931.82
2025,Março,Niassa,Cuamba,Levantamentos,288200.0,154780466.23
2025,Abril,Niassa,Cuamba,Levantamentos,284756.0,168388316.9
2025,Maio,Niassa,Cuamba,Levantamentos,306021.0,212500574.91
2025,Junho,Niassa,Cuamba,Levantamentos,290714.0,198629008.18
2025,Julho,Niassa,Cuamba,Levantamentos,295486.0,179939494.14
2025,Agosto,Niassa,Cuamba,Levantamentos,295273.0,180740665.26
2025,Setembro,Niassa,Cuamba,Levantamentos,285345.0,167233553.19
2025,Outubro,Niassa,Cuamba,Levantamentos,320250.0,184736788.0
2025,Novembro,Niassa,Cuamba,Levantamentos,296655.0,181532294.0
2025,Dezembro,Niassa,Cuamba,Levantamentos,289943.0,196881256.0
2025,Janeiro,Niassa,Lago,Levantamentos,71257.0,43210332.0
2025,Fevereiro,Niassa,Lago,Levantamentos,83465.0,54815046.98
2025,Março,Niassa,Lago,Levantamentos,89698.0,55403886.0
2025,Abril,Niassa,Lago,Levantamentos,89759.0,51340279.0
2025,Maio,Niassa,Lago,Levantamentos,97505.0,60813043.0
2025,Junho,Niassa,Lago,Levantamentos,90881.0,60379029.0
2025,Julho,Niassa,Lago,Levantamentos,94779.0,62254548.0
2025,Agosto,Niassa,Lago,Levantamentos,96772.0,63527079.0
2025,Setembro,Niassa,Lago,Levantamentos,99430.0,73745745.0
2025,Outubro,Niassa,Lago,Levantamentos,116523.0,92697956.0
2025,Novembro,Niassa,Lago,Levantamentos,108346.0,81308186.0
2025,Dezembro,Niassa,Lago,Levantamentos,120404.0,88835506.0
2025,Janeiro,Niassa,Manjune,Levantamentos,18516.0,10569951.0
2025,Fevereiro,Niassa,Manjune,Levantamentos,21406.0,12288469.0
2025,Março,Niassa,Manjune,Levantamentos,23594.0,12016329.0
2025,Abril,Niassa,Manjune,Levantamentos,23520.0,11740593.0
2025,Maio,Niassa,Manjune,Levantamentos,24112.0,13984814.0
2025,Junho,Niassa,Manjune,Levantamentos,24372.0,14569569.0
2025,Julho,Niassa,Manjune,Levantamentos,25539.0,14554609.0
2025,Agosto,Niassa,Manjune,Levantamentos,25925.0,14346953.0
2025,Setembro,Niassa,Manjune,Levantamentos,24805.0,12715555.0
2025,Outubro,Niassa,Manjune,Levantamentos,29779.0,16176472.0
2025,Novembro,Niassa,Manjune,Levantamentos,27928.0,14732628.0
2025,Dezembro,Niassa,Manjune,Levantamentos,29443.0,18794167.0
2025,Janeiro,Niassa,Mandimba,Levantamentos,101445.0,84274055.8
2025,Fevereiro,Niassa,Mandimba,Levantamentos,113425.0,103459941.0
2025,Março,Niassa,Mandimba,Levantamentos,123995.0,105077059.5
2025,Abril,Niassa,Mandimba,Levantamentos,119370.0,106450730.0
2025,Maio,Niassa,Mandimba,Levantamentos,124148.0,126888598.64
2025,Junho,Niassa,Mandimba,Levantamentos,124858.0,138799378.0
2025,Julho,Niassa,Mandimba,Levantamentos,163310.0,168018840.0
2025,Agosto,Niassa,Mandimba,Levantamentos,165891.0,175270410.05
2025,Setembro,Niassa,Mandimba,Levantamentos,140762.0,142328194.12
2025,Outubro,Niassa,Mandimba,Levantamentos,160614.0,156155693.8
2025,Novembro,Niassa,Mandimba,Levantamentos,153586.0,154891667.0
2025,Dezembro,Niassa,Mandimba,Levantamentos,149180.0,170653230.0
2025,Janeiro,Niassa,Marrupa,Levantamentos,44971.0,42359498.0
2025,Fevereiro,Niassa,Marrupa,Levantamentos,51950.0,47304185.0
2025,Março,Niassa,Marrupa,Levantamentos,55411.0,50347344.0
2025,Abril,Niassa,Marrupa,Levantamentos,55050.0,48902060.0
2025,Maio,Niassa,Marrupa,Levantamentos,63598.0,65259729.0
2025,Junho,Niassa,Marrupa,Levantamentos,65936.0,60964704.0
2025,Julho,Niassa,Marrupa,Levantamentos,64610.0,56511644.0
2025,Agosto,Niassa,Marrupa,Levantamentos,61529.0,58432388.0
2025,Setembro,Niassa,Marrupa,Levantamentos,59109.0,51282048.0
2025,Outubro,Niassa,Marrupa,Levantamentos,73060.0,64206165.0
2025,Novembro,Niassa,Marrupa,Levantamentos,69181.0,60677684.0
2025,Dezembro,Niassa,Marrupa,Levantamentos,52608.0,54660083.0
2025,Janeiro,Niassa,Maúa,Levantamentos,19374.0,10112905.0
2025,Fevereiro,Niassa,Maúa,Levantamentos,22842.0,12501681.0
2025,Março,Niassa,Maúa,Levantamentos,23366.0,10815544.0
2025,Abril,Niassa,Maúa,Levantamentos,25564.0,13843004.0
2025,Maio,Niassa,Maúa,Levantamentos,28117.0,18641875.0
2025,Junho,Niassa,Maúa,Levantamentos,25208.0,15057059.0
2025,Julho,Niassa,Maúa,Levantamentos,23644.0,13974587.0
2025,Agosto,Niassa,Maúa,Levantamentos,24092.0,14747257.19
2025,Setembro,Niassa,Maúa,Levantamentos,23862.0,12931572.0
2025,Outubro,Niassa,Maúa,Levantamentos,29461.0,16017429.0
2025,Novembro,Niassa,Maúa,Levantamentos,27216.0,14163360.0
2025,Dezembro,Niassa,Maúa,Levantamentos,27133.0,14991546.0
2025,Janeiro,Niassa,Mavago,Levantamentos,10969.0,6343265.0
2025,Fevereiro,Niassa,Mavago,Levantamentos,13327.0,8060760.0
2025,Março,Niassa,Mavago,Levantamentos,15534.0,8591726.0
2025,Abril,Niassa,Mavago,Levantamentos,15286.0,9455368.6
2025,Maio,Niassa,Mavago,Levantamentos,16051.0,13072202.0
2025,Junho,Niassa,Mavago,Levantamentos,18034.0,15118126.0
2025,Julho,Niassa,Mavago,Levantamentos,19381.0,12721860.0
2025,Agosto,Niassa,Mavago,Levantamentos,18898.0,10391801.0
2025,Setembro,Niassa,Mavago,Levantamentos,18889.0,10854990.0
2025,Outubro,Niassa,Mavago,Levantamentos,22595.0,16374919.0
2025,Novembro,Niassa,Mavago,Levantamentos,17166.0,12079547.0
2025,Dezembro,Niassa,Mavago,Levantamentos,15515.0,9515350.0
2025,Janeiro,Niassa,Mecanhelas,Levantamentos,70019.0,39596333.83
2025,Fevereiro,Niassa,Mecanhelas,Levantamentos,72858.0,42518290.0
2025,Março,Niassa,Mecanhelas,Levantamentos,79533.0,45415657.95
2025,Abril,Niassa,Mecanhelas,Levantamentos,76594.0,46162124.2
2025,Maio,Niassa,Mecanhelas,Levantamentos,78310.0,47502269.95
2025,Junho,Niassa,Mecanhelas,Levantamentos,75862.0,46122059.24
2025,Julho,Niassa,Mecanhelas,Levantamentos,77507.0,41880266.77
2025,Agosto,Niassa,Mecanhelas,Levantamentos,78029.0,42013109.0
2025,Setembro,Niassa,Mecanhelas,Levantamentos,76540.0,42629885.5
2025,Outubro,Niassa,Mecanhelas,Levantamentos,93326.0,54402685.0
2025,Novembro,Niassa,Mecanhelas,Levantamentos,84611.0,52158743.0
2025,Dezembro,Niassa,Mecanhelas,Levantamentos,81830.0,59453345.0
2025,Janeiro,Niassa,Mecula,Levantamentos,9771.0,7719713.0
2025,Fevereiro,Niassa,Mecula,Levantamentos,11115.0,9259865.0
2025,Março,Niassa,Mecula,Levantamentos,10844.0,9413496.0
2025,Abril,Niassa,Mecula,Levantamentos,12357.0,10176372.9
2025,Maio,Niassa,Mecula,Levantamentos,15611.0,11949749.5
2025,Junho,Niassa,Mecula,Levantamentos,16309.0,14178216.0
2025,Julho,Niassa,Mecula,Levantamentos,15168.0,10212865.0
2025,Agosto,Niassa,Mecula,Levantamentos,13739.0,9126475.0
2025,Setembro,Niassa,Mecula,Levantamentos,14580.0,12358216.0
2025,Outubro,Niassa,Mecula,Levantamentos,15482.0,13072955.0
2025,Novembro,Niassa,Mecula,Levantamentos,14619.0,11033147.0
2025,Dezembro,Niassa,Mecula,Levantamentos,15388.0,13400289.0
2025,Janeiro,Niassa,Metarica,Levantamentos,18557.0,9945319.0
2025,Fevereiro,Niassa,Metarica,Levantamentos,21641.0,12192286.5
2025,Março,Niassa,Metarica,Levantamentos,22632.0,11375029.0
2025,Abril,Niassa,Metarica,Levantamentos,23303.0,15259433.0
2025,Maio,Niassa,Metarica,Levantamentos,23799.0,20986323.0
2025,Junho,Niassa,Metarica,Levantamentos,21908.0,15626232.0
2025,Julho,Niassa,Metarica,Levantamentos,22174.0,14764410.0
2025,Agosto,Niassa,Metarica,Levantamentos,21693.0,16015969.0
2025,Setembro,Niassa,Metarica,Levantamentos,22808.0,16448329.0
2025,Outubro,Niassa,Metarica,Levantamentos,27610.0,16153759.0
2025,Novembro,Niassa,Metarica,Levantamentos,24083.0,13493895.0
2025,Dezembro,Niassa,Metarica,Levantamentos,21825.0,13891555.0
2025,Janeiro,Niassa,Muembe,Levantamentos,19438.0,12071106.0
2025,Fevereiro,Niassa,Muembe,Levantamentos,22567.0,15286527.0
2025,Março,Niassa,Muembe,Levantamentos,23935.0,12369162.0
2025,Abril,Niassa,Muembe,Levantamentos,24312.0,11992402.0
2025,Maio,Niassa,Muembe,Levantamentos,25112.0,18052717.0
2025,Junho,Niassa,Muembe,Levantamentos,25634.0,20138803.0
2025,Julho,Niassa,Muembe,Levantamentos,25672.0,16911034.0
2025,Agosto,Niassa,Muembe,Levantamentos,25734.0,15897529.0
2025,Setembro,Niassa,Muembe,Levantamentos,26285.0,16471825.0
2025,Outubro,Niassa,Muembe,Levantamentos,32238.0,18643255.0
2025,Novembro,Niassa,Muembe,Levantamentos,28211.0,15654804.0
2025,Dezembro,Niassa,Muembe,Levantamentos,30118.0,20289568.0
2025,Janeiro,Niassa,N´gauma,Levantamentos,13705.0,10623703.0
2025,Fevereiro,Niassa,N´gauma,Levantamentos,16725.0,12854794.0
2025,Março,Niassa,N´gauma,Levantamentos,18401.0,13525330.0
2025,Abril,Niassa,N´gauma,Levantamentos,17875.0,12671976.0
2025,Maio,Niassa,N´gauma,Levantamentos,16521.0,13734337.23
2025,Junho,Niassa,N´gauma,Levantamentos,18150.0,16902350.0
2025,Julho,Niassa,N´gauma,Levantamentos,20435.0,16748071.0
2025,Agosto,Niassa,N´gauma,Levantamentos,19511.0,15153182.0
2025,Setembro,Niassa,N´gauma,Levantamentos,19597.0,13118961.0
2025,Outubro,Niassa,N´gauma,Levantamentos,23240.0,15283537.0
2025,Novembro,Niassa,N´gauma,Levantamentos,21718.0,14573055.0
2025,Dezembro,Niassa,N´gauma,Levantamentos,20872.0,16113024.0
2025,Janeiro,Niassa,Nipepe,Levantamentos,12917.0,7392829.0
2025,Fevereiro,Niassa,Nipepe,Levantamentos,13385.0,7723085.0
2025,Março,Niassa,Nipepe,Levantamentos,14389.0,7594111.0
2025,Abril,Niassa,Nipepe,Levantamentos,16240.0,8178621.0
2025,Maio,Niassa,Nipepe,Levantamentos,19681.0,15106222.0
2025,Junho,Niassa,Nipepe,Levantamentos,17947.0,14440474.0
2025,Julho,Niassa,Nipepe,Levantamentos,18327.0,16557920.0
2025,Agosto,Niassa,Nipepe,Levantamentos,19396.0,16004569.0
2025,Setembro,Niassa,Nipepe,Levantamentos,18708.0,14233853.0
2025,Outubro,Niassa,Nipepe,Levantamentos,23477.0,15464714.0
2025,Novembro,Niassa,Nipepe,Levantamentos,21183.0,12129894.0
2025,Dezembro,Niassa,Nipepe,Levantamentos,22580.0,14168060.0
2025,Janeiro,Niassa,Sanga,Levantamentos,31950.0,20922058.0
2025,Fevereiro,Niassa,Sanga,Levantamentos,42342.0,29704642.0
2025,Março,Niassa,Sanga,Levantamentos,47981.0,27098188.0
2025,Abril,Niassa,Sanga,Levantamentos,47058.0,26607291.0
2025,Maio,Niassa,Sanga,Levantamentos,44860.0,33987485.0
2025,Junho,Niassa,Sanga,Levantamentos,45929.0,35242587.0
2025,Julho,Niassa,Sanga,Levantamentos,47746.0,35347980.0
2025,Agosto,Niassa,Sanga,Levantamentos,47473.0,29484799.0
2025,Setembro,Niassa,Sanga,Levantamentos,50828.0,31153288.0
2025,Outubro,Niassa,Sanga,Levantamentos,59066.0,34207449.0
2025,Novembro,Niassa,Sanga,Levantamentos,54389.0,35152935.0
2025,Dezembro,Niassa,Sanga,Levantamentos,55105.0,37648098.0
2025,Janeiro,Niassa,Chimbunhila,Levantamentos,19609.0,14465710.0
2025,Fevereiro,Niassa,Chimbunhila,Levantamentos,23883.0,17676971.0
2025,Março,Niassa,Chimbunhila,Levantamentos,27916.0,18957981.0
2025,Abril,Niassa,Chimbunhila,Levantamentos,25650.0,14845177.0
2025,Maio,Niassa,Chimbunhila,Levantamentos,24209.0,16792705.0
2025,Junho,Niassa,Chimbunhila,Levantamentos,25131.0,20952855.0
2025,Julho,Niassa,Chimbunhila,Levantamentos,28713.0,24194783.0
2025,Agosto,Niassa,Chimbunhila,Levantamentos,29770.0,19352835.0
2025,Setembro,Niassa,Chimbunhila,Levantamentos,32548.0,19621571.0
2025,Outubro,Niassa,Chimbunhila,Levantamentos,36480.0,22133586.0
2025,Novembro,Niassa,Chimbunhila,Levantamentos,30374.0,20064785.0
2025,Dezembro,Niassa,Chimbunhila,Levantamentos,31788.0,20214881.0
2025,Janeiro,Província de Maputo,Cidade de Maputo,Transferências,10200184.0,10378124695.76
2025,Fevereiro,Província de Maputo,Cidade de Maputo,Transferências,13081097.0,12156180204.96
2025,Março,Província de Maputo,Cidade de Maputo,Transferências,15164113.0,14094445216.64
2025,Abril,Província de Maputo,Cidade de Maputo,Transferências,15525870.0,14590700792.76
2025,Maio,Província de Maputo,Cidade de Maputo,Transferências,17288790.0,16409237274.46
2025,Junho,Província de Maputo,Cidade de Maputo,Transferências,17411524.0,16551624984.23
2025,Julho,Província de Maputo,Cidade de Maputo,Transferências,18606126.0,18090195424.94
2025,Agosto,Província de Maputo,Cidade de Maputo,Transferências,16195330.0,17447139829.95
2025,Setembro,Província de Maputo,Cidade de Maputo,Transferências,14582202.0,16066053431.73
2025,Outubro,Província de Maputo,Cidade de Maputo,Transferências,14497855.0,16660554076.52
2025,Novembro,Província de Maputo,Cidade de Maputo,Transferências,15831961.0,17979327148.48
2025,Dezembro,Província de Maputo,Cidade de Maputo,Transferências,17954439.0,22269333379.4
2025,Janeiro,Província de Maputo,Cidade da Matola,Transferências,10402945.0,9416869582.64
2025,Fevereiro,Província de Maputo,Cidade da Matola,Transferências,10741116.0,10130171535.8
2025,Março,Província de Maputo,Cidade da Matola,Transferências,13001277.0,12485337637.81
2025,Abril,Província de Maputo,Cidade da Matola,Transferências,11907839.0,11130171500.03
2025,Maio,Província de Maputo,Cidade da Matola,Transferências,13080714.0,12685351719.51
2025,Junho,Província de Maputo,Cidade da Matola,Transferências,12670821.0,12177026228.9
2025,Julho,Província de Maputo,Cidade da Matola,Transferências,13228143.0,13016943783.04
2025,Agosto,Província de Maputo,Cidade da Matola,Transferências,13896511.0,13477219204.68
2025,Setembro,Província de Maputo,Cidade da Matola,Transferências,13643402.0,13261776519.74
2025,Outubro,Província de Maputo,Cidade da Matola,Transferências,12932782.0,12827619159.55
2025,Novembro,Província de Maputo,Cidade da Matola,Transferências,14054025.0,13664272141.69
2025,Dezembro,Província de Maputo,Cidade da Matola,Transferências,15674167.0,16469844360.48
2025,Janeiro,Província de Maputo,Boane,Transferências,2442856.0,1998242221.45
2025,Fevereiro,Província de Maputo,Boane,Transferências,2566605.0,2157487793.21
2025,Março,Província de Maputo,Boane,Transferências,2864428.0,2416904921.48
2025,Abril,Província de Maputo,Boane,Transferências,2675409.0,2242361526.8900003
2025,Maio,Província de Maputo,Boane,Transferências,2972225.0,2605867416.2200003
2025,Junho,Província de Maputo,Boane,Transferências,3083086.0,2733083531.4
2025,Julho,Província de Maputo,Boane,Transferências,3194843.0,2910962720.65
2025,Agosto,Província de Maputo,Boane,Transferências,3232038.0,2789010513.1800003
2025,Setembro,Província de Maputo,Boane,Transferências,3160937.0,2779811516.25
2025,Outubro,Província de Maputo,Boane,Transferências,3271491.0,2994331485.4300003
2025,Novembro,Província de Maputo,Boane,Transferências,3529021.0,3144239030.58
2025,Dezembro,Província de Maputo,Boane,Transferências,4171534.0,4089127712.59
2025,Janeiro,Província de Maputo,Magude,Transferências,171833.0,127728892.78
2025,Fevereiro,Província de Maputo,Magude,Transferências,180494.0,134272585.76
2025,Março,Província de Maputo,Magude,Transferências,193746.0,132731868.04
2025,Abril,Província de Maputo,Magude,Transferências,224233.0,158236994.28
2025,Maio,Província de Maputo,Magude,Transferências,230106.0,160551595.31
2025,Junho,Província de Maputo,Magude,Transferências,236079.0,160873895.7
2025,Julho,Província de Maputo,Magude,Transferências,252223.0,179035598.51999998
2025,Agosto,Província de Maputo,Magude,Transferências,264028.0,174151236.35
2025,Setembro,Província de Maputo,Magude,Transferências,271643.0,179477066.03
2025,Outubro,Província de Maputo,Magude,Transferências,273701.0,177971198.75
2025,Novembro,Província de Maputo,Magude,Transferências,302453.0,198220161.43
2025,Dezembro,Província de Maputo,Magude,Transferências,359290.0,296756937.09000003
2025,Janeiro,Província de Maputo,Manhiça,Transferências,753632.0,553950688.74
2025,Fevereiro,Província de Maputo,Manhiça,Transferências,748116.0,608494686.9100001
2025,Março,Província de Maputo,Manhiça,Transferências,754154.0,637580159.0699999
2025,Abril,Província de Maputo,Manhiça,Transferências,900769.0,726051984.26
2025,Maio,Província de Maputo,Manhiça,Transferências,976768.0,791587495.45
2025,Junho,Província de Maputo,Manhiça,Transferências,976013.0,745061543.9100001
2025,Julho,Província de Maputo,Manhiça,Transferências,1043317.0,807350356.61
2025,Agosto,Província de Maputo,Manhiça,Transferências,1123489.0,849099564.69
2025,Setembro,Província de Maputo,Manhiça,Transferências,1096493.0,827064158.01
2025,Outubro,Província de Maputo,Manhiça,Transferências,852714.0,680555991.68
2025,Novembro,Província de Maputo,Manhiça,Transferências,1232193.0,988622990.19
2025,Dezembro,Província de Maputo,Manhiça,Transferências,1384794.0,1240958627.22
2025,Janeiro,Província de Maputo,Marracuene,Transferências,2130807.0,1891103614.44
2025,Fevereiro,Província de Maputo,Marracuene,Transferências,2107297.0,1907247662.4
2025,Março,Província de Maputo,Marracuene,Transferências,2342727.0,2059160263.32
2025,Abril,Província de Maputo,Marracuene,Transferências,2478009.0,2244850904.66
2025,Maio,Província de Maputo,Marracuene,Transferências,2356718.0,2149810803.3
2025,Junho,Província de Maputo,Marracuene,Transferências,2178262.0,1852473219.01
2025,Julho,Província de Maputo,Marracuene,Transferências,2276443.0,1958245429.0
2025,Agosto,Província de Maputo,Marracuene,Transferências,2374394.0,1987280711.84
2025,Setembro,Província de Maputo,Marracuene,Transferências,2552329.0,2203567033.91
2025,Outubro,Província de Maputo,Marracuene,Transferências,2501237.0,2205189432.27
2025,Novembro,Província de Maputo,Marracuene,Transferências,2912617.0,2603812538.51
2025,Dezembro,Província de Maputo,Marracuene,Transferências,3372061.0,3319861750.01
2025,Janeiro,Província de Maputo,Matutuíne,Transferências,343345.0,257485740.04
2025,Fevereiro,Província de Maputo,Matutuíne,Transferências,351578.0,266120013.03
2025,Março,Província de Maputo,Matutuíne,Transferências,403374.0,311988749.15
2025,Abril,Província de Maputo,Matutuíne,Transferências,426019.0,330761189.96000004
2025,Maio,Província de Maputo,Matutuíne,Transferências,396243.0,320517573.85
2025,Junho,Província de Maputo,Matutuíne,Transferências,363413.0,242268764.38
2025,Julho,Província de Maputo,Matutuíne,Transferências,395373.0,268234632.64
2025,Agosto,Província de Maputo,Matutuíne,Transferências,400900.0,266217687.7
2025,Setembro,Província de Maputo,Matutuíne,Transferências,425623.0,301274020.39
2025,Outubro,Província de Maputo,Matutuíne,Transferências,444460.0,325402898.09000003
2025,Novembro,Província de Maputo,Matutuíne,Transferências,530064.0,386396979.54
2025,Dezembro,Província de Maputo,Matutuíne,Transferências,634143.0,543460977.37
2025,Janeiro,Província de Maputo,Namaacha,Transferências,156268.0,126046751.63
2025,Fevereiro,Província de Maputo,Namaacha,Transferências,160668.0,141368820.2
2025,Março,Província de Maputo,Namaacha,Transferências,177466.0,148686485.61
2025,Abril,Província de Maputo,Namaacha,Transferências,200080.0,163456793.75
2025,Maio,Província de Maputo,Namaacha,Transferências,192294.0,176310217.91
2025,Junho,Província de Maputo,Namaacha,Transferências,184890.0,150322872.63
2025,Julho,Província de Maputo,Namaacha,Transferências,203173.0,173234806.07999998
2025,Agosto,Província de Maputo,Namaacha,Transferências,211887.0,179383186.7
2025,Setembro,Província de Maputo,Namaacha,Transferências,211066.0,171665368.11
2025,Outubro,Província de Maputo,Namaacha,Transferências,220633.0,188327883.87
2025,Novembro,Província de Maputo,Namaacha,Transferências,234311.0,200617646.41
2025,Dezembro,Província de Maputo,Namaacha,Transferências,276025.0,254813223.44
2025,Janeiro,Província de Maputo,Moamba,Transferências,775710.0,969333019.8
2025,Fevereiro,Província de Maputo,Moamba,Transferências,862679.0,1193078269.03
2025,Março,Província de Maputo,Moamba,Transferências,966811.0,1416230300.85
2025,Abril,Província de Maputo,Moamba,Transferências,1115784.0,1573953058.45
2025,Maio,Província de Maputo,Moamba,Transferências,1047523.0,1392531220.44
2025,Junho,Província de Maputo,Moamba,Transferências,882496.0,954016632.58
2025,Julho,Província de Maputo,Moamba,Transferências,935975.0,1027108708.5
2025,Agosto,Província de Maputo,Moamba,Transferências,976720.0,1093526249.87
2025,Setembro,Província de Maputo,Moamba,Transferências,1016753.0,1114493241.19
2025,Outubro,Província de Maputo,Moamba,Transferências,1092615.0,1330628179.05
2025,Novembro,Província de Maputo,Moamba,Transferências,1214943.0,1482876032.5900002
2025,Dezembro,Província de Maputo,Moamba,Transferências,1316563.0,1593392221.46
2025,Janeiro,Gaza,Cidade de Xai-Xai,Transferências,1104024.0,910621521.34
2025,Fevereiro,Gaza,Cidade de Xai-Xai,Transferências,1154392.0,1007229251.91
2025,Março,Gaza,Cidade de Xai-Xai,Transferências,1314317.0,1111293708.95
2025,Abril,Gaza,Cidade de Xai-Xai,Transferências,1379209.0,1204994731.45
2025,Maio,Gaza,Cidade de Xai-Xai,Transferências,1520463.0,1343104542.33
2025,Junho,Gaza,Cidade de Xai-Xai,Transferências,1490399.0,1289475372.31
2025,Julho,Gaza,Cidade de Xai-Xai,Transferências,1603088.0,1414806401.75
2025,Agosto,Gaza,Cidade de Xai-Xai,Transferências,1624484.0,1390222881.07
2025,Setembro,Gaza,Cidade de Xai-Xai,Transferências,1512584.0,1267503581.24
2025,Outubro,Gaza,Cidade de Xai-Xai,Transferências,1451250.0,1273223094.02
2025,Novembro,Gaza,Cidade de Xai-Xai,Transferências,1698949.0,1452718053.45
2025,Dezembro,Gaza,Cidade de Xai-Xai,Transferências,1895979.0,1874609549.36
2025,Janeiro,Gaza,Bilene-Macia,Transferências,715972.0,642658998.45
2025,Fevereiro,Gaza,Bilene-Macia,Transferências,710416.0,651276406.0
2025,Março,Gaza,Bilene-Macia,Transferências,813232.0,747827267.78
2025,Abril,Gaza,Bilene-Macia,Transferências,824654.0,757958469.71
2025,Maio,Gaza,Bilene-Macia,Transferências,918490.0,907082534.67
2025,Junho,Gaza,Bilene-Macia,Transferências,1029888.0,1105952334.56
2025,Julho,Gaza,Bilene-Macia,Transferências,1087409.0,1168816174.51
2025,Agosto,Gaza,Bilene-Macia,Transferências,1190552.0,1249891798.0
2025,Setembro,Gaza,Bilene-Macia,Transferências,1167664.0,1233871922.0700002
2025,Outubro,Gaza,Bilene-Macia,Transferências,1185192.0,1273748776.9
2025,Novembro,Gaza,Bilene-Macia,Transferências,1240522.0,1284468524.89
2025,Dezembro,Gaza,Bilene-Macia,Transferências,1706765.0,2179263654.85
2025,Janeiro,Gaza,Chibuto,Transferências,498716.0,430430227.2
2025,Fevereiro,Gaza,Chibuto,Transferências,507288.0,483610455.2
2025,Março,Gaza,Chibuto,Transferências,592299.0,588440226.39
2025,Abril,Gaza,Chibuto,Transferências,604431.0,577989080.25
2025,Maio,Gaza,Chibuto,Transferências,676499.0,638714261.1800001
2025,Junho,Gaza,Chibuto,Transferências,724425.0,696184732.8
2025,Julho,Gaza,Chibuto,Transferências,770514.0,756753234.2
2025,Agosto,Gaza,Chibuto,Transferências,836302.0,773466583.97
2025,Setembro,Gaza,Chibuto,Transferências,825306.0,772131585.11
2025,Outubro,Gaza,Chibuto,Transferências,680588.0,661720158.84
2025,Novembro,Gaza,Chibuto,Transferências,881775.0,849754637.86
2025,Dezembro,Gaza,Chibuto,Transferências,1085891.0,1138134829.0700002
2025,Janeiro,Gaza,Chicualacuala,Transferências,93785.0,49372952.0
2025,Fevereiro,Gaza,Chicualacuala,Transferências,102265.0,56084621.0
2025,Março,Gaza,Chicualacuala,Transferências,128089.0,69334872.0
2025,Abril,Gaza,Chicualacuala,Transferências,128987.0,64579882.0
2025,Maio,Gaza,Chicualacuala,Transferências,129259.0,71027659.0
2025,Junho,Gaza,Chicualacuala,Transferências,140341.0,76955494.11
2025,Julho,Gaza,Chicualacuala,Transferências,160531.0,83225850.84
2025,Agosto,Gaza,Chicualacuala,Transferências,144722.0,70167369.0
2025,Setembro,Gaza,Chicualacuala,Transferências,153177.0,72070280.69
2025,Outubro,Gaza,Chicualacuala,Transferências,140119.0,79217413.02
2025,Novembro,Gaza,Chicualacuala,Transferências,176688.0,93616692.0
2025,Dezembro,Gaza,Chicualacuala,Transferências,185199.0,126185853.1
2025,Janeiro,Gaza,Chigubo,Transferências,44515.0,27167415.79
2025,Fevereiro,Gaza,Chigubo,Transferências,49437.0,31495791.23
2025,Março,Gaza,Chigubo,Transferências,65080.0,41186611.0
2025,Abril,Gaza,Chigubo,Transferências,64733.0,38303103.11
2025,Maio,Gaza,Chigubo,Transferências,61775.0,35443320.0
2025,Junho,Gaza,Chigubo,Transferências,67939.0,38807363.0
2025,Julho,Gaza,Chigubo,Transferências,77103.0,42046684.0
2025,Agosto,Gaza,Chigubo,Transferências,122461.0,79897821.0
2025,Setembro,Gaza,Chigubo,Transferências,126233.0,70019340.23
2025,Outubro,Gaza,Chigubo,Transferências,121984.0,77492040.0
2025,Novembro,Gaza,Chigubo,Transferências,170148.0,94417932.36
2025,Dezembro,Gaza,Chigubo,Transferências,177634.0,116005463.2
2025,Janeiro,Gaza,Chókwè,Transferências,706755.0,561585517.21
2025,Fevereiro,Gaza,Chókwè,Transferências,726930.0,594431104.1600001
2025,Março,Gaza,Chókwè,Transferências,870157.0,694964797.8199999
2025,Abril,Gaza,Chókwè,Transferências,891581.0,713352232.0799999
2025,Maio,Gaza,Chókwè,Transferências,1000275.0,811403298.1800001
2025,Junho,Gaza,Chókwè,Transferências,1036193.0,842921411.35
2025,Julho,Gaza,Chókwè,Transferências,1082741.0,896156922.44
2025,Agosto,Gaza,Chókwè,Transferências,1116283.0,888041646.24
2025,Setembro,Gaza,Chókwè,Transferências,1088719.0,891804318.87
2025,Outubro,Gaza,Chókwè,Transferências,1042716.0,849857543.27
2025,Novembro,Gaza,Chókwè,Transferências,1163487.0,933182132.68
2025,Dezembro,Gaza,Chókwè,Transferências,1356524.0,1276745937.52
2025,Janeiro,Gaza,Guijá,Transferências,152038.0,109420313.82
2025,Fevereiro,Gaza,Guijá,Transferências,168320.0,127897539.2
2025,Março,Gaza,Guijá,Transferências,202798.0,160612755.48000002
2025,Abril,Gaza,Guijá,Transferências,220517.0,165339933.49
2025,Maio,Gaza,Guijá,Transferências,230055.0,166502713.24
2025,Junho,Gaza,Guijá,Transferências,229817.0,167950092.93
2025,Julho,Gaza,Guijá,Transferências,246913.0,181437046.28
2025,Agosto,Gaza,Guijá,Transferências,252256.0,180098648.12
2025,Setembro,Gaza,Guijá,Transferências,262004.0,198198701.05
2025,Outubro,Gaza,Guijá,Transferências,270565.0,207891573.96
2025,Novembro,Gaza,Guijá,Transferências,286633.0,205503750.25
2025,Dezembro,Gaza,Guijá,Transferências,346936.0,299066890.5
2025,Janeiro,Gaza,Mabalane,Transferências,103919.0,60441014.48
2025,Fevereiro,Gaza,Mabalane,Transferências,118602.0,76174935.19
2025,Março,Gaza,Mabalane,Transferências,144229.0,89771731.0
2025,Abril,Gaza,Mabalane,Transferências,152156.0,91023291.0
2025,Maio,Gaza,Mabalane,Transferências,159523.0,92825026.23
2025,Junho,Gaza,Mabalane,Transferências,165437.0,83452693.43
2025,Julho,Gaza,Mabalane,Transferências,181638.0,95157614.97
2025,Agosto,Gaza,Mabalane,Transferências,172423.0,84875674.51
2025,Setembro,Gaza,Mabalane,Transferências,174328.0,85536061.26
2025,Outubro,Gaza,Mabalane,Transferências,169684.0,85936945.0
2025,Novembro,Gaza,Mabalane,Transferências,196323.0,99798262.75
2025,Dezembro,Gaza,Mabalane,Transferências,217124.0,144515875.0
2025,Janeiro,Gaza,Manjacaze,Transferências,351670.0,240431185.55
2025,Fevereiro,Gaza,Manjacaze,Transferências,346126.0,253891815.56
2025,Março,Gaza,Manjacaze,Transferências,401063.0,309991820.73
2025,Abril,Gaza,Manjacaze,Transferências,422956.0,320325693.58000004
2025,Maio,Gaza,Manjacaze,Transferências,427000.0,328640959.73
2025,Junho,Gaza,Manjacaze,Transferências,437820.0,327452819.34000003
2025,Julho,Gaza,Manjacaze,Transferências,469313.0,344979208.33000004
2025,Agosto,Gaza,Manjacaze,Transferências,479956.0,343096779.40999997
2025,Setembro,Gaza,Manjacaze,Transferências,492548.0,361666836.64
2025,Outubro,Gaza,Manjacaze,Transferências,474965.0,317596797.78999996
2025,Novembro,Gaza,Manjacaze,Transferências,534119.0,340494425.7
2025,Dezembro,Gaza,Manjacaze,Transferências,604969.0,446209314.32
2025,Janeiro,Gaza,Massangena,Transferências,71615.0,39740253.0
2025,Fevereiro,Gaza,Massangena,Transferências,82847.0,50343076.5
2025,Março,Gaza,Massangena,Transferências,92854.0,62030270.0
2025,Abril,Gaza,Massangena,Transferências,106763.0,59030996.0
2025,Maio,Gaza,Massangena,Transferências,117405.0,67868902.0
2025,Junho,Gaza,Massangena,Transferências,131045.0,67576217.0
2025,Julho,Gaza,Massangena,Transferências,150000.0,73248113.0
2025,Agosto,Gaza,Massangena,Transferências,145334.0,65819971.0
2025,Setembro,Gaza,Massangena,Transferências,157988.0,68240665.0
2025,Outubro,Gaza,Massangena,Transferências,145320.0,62840713.0
2025,Novembro,Gaza,Massangena,Transferências,174239.0,76947062.0
2025,Dezembro,Gaza,Massangena,Transferências,185290.0,98204241.0
2025,Janeiro,Gaza,Massingir,Transferências,114043.0,65034576.02
2025,Fevereiro,Gaza,Massingir,Transferências,131841.0,80589175.0
2025,Março,Gaza,Massingir,Transferências,150942.0,90909679.23
2025,Abril,Gaza,Massingir,Transferências,143554.0,84558969.04
2025,Maio,Gaza,Massingir,Transferências,130699.0,76168169.0
2025,Junho,Gaza,Massingir,Transferências,135694.0,77332592.75
2025,Julho,Gaza,Massingir,Transferências,143929.0,76664290.64
2025,Agosto,Gaza,Massingir,Transferências,141184.0,67327258.58
2025,Setembro,Gaza,Massingir,Transferências,139872.0,71628915.37
2025,Outubro,Gaza,Massingir,Transferências,145632.0,74980152.5
2025,Novembro,Gaza,Massingir,Transferências,172490.0,94298215.49
2025,Dezembro,Gaza,Massingir,Transferências,193630.0,124520301.0
2025,Janeiro,Gaza,Chonguene,Transferências,437417.0,354551040.71000004
2025,Fevereiro,Gaza,Chonguene,Transferências,450581.0,381118465.28
2025,Março,Gaza,Chonguene,Transferências,532898.0,448081704.6
2025,Abril,Gaza,Chonguene,Transferências,527827.0,443210396.66
2025,Maio,Gaza,Chonguene,Transferências,565861.0,523280538.55
2025,Junho,Gaza,Chonguene,Transferências,618493.0,576765442.8199999
2025,Julho,Gaza,Chonguene,Transferências,628781.0,604297498.48
2025,Agosto,Gaza,Chonguene,Transferências,674085.0,624319634.5
2025,Setembro,Gaza,Chonguene,Transferências,698897.0,630638610.0899999
2025,Outubro,Gaza,Chonguene,Transferências,744805.0,682158686.02
2025,Novembro,Gaza,Chonguene,Transferências,781567.0,707220095.47
2025,Dezembro,Gaza,Chonguene,Transferências,943984.0,961160556.31
2025,Janeiro,Gaza,Mapai,Transferências,117420.0,69675764.9
2025,Fevereiro,Gaza,Mapai,Transferências,126959.0,86955607.24
2025,Março,Gaza,Mapai,Transferências,152985.0,100502475.22
2025,Abril,Gaza,Mapai,Transferências,155995.0,96109865.44
2025,Maio,Gaza,Mapai,Transferências,154777.0,94490046.93
2025,Junho,Gaza,Mapai,Transferências,163566.0,92379237.96
2025,Julho,Gaza,Mapai,Transferências,191141.0,102743720.4
2025,Agosto,Gaza,Mapai,Transferências,196945.0,120397763.98
2025,Setembro,Gaza,Mapai,Transferências,200462.0,110646652.34
2025,Outubro,Gaza,Mapai,Transferências,198441.0,111688098.25
2025,Novembro,Gaza,Mapai,Transferências,223273.0,118345721.75
2025,Dezembro,Gaza,Mapai,Transferências,231476.0,164315980.2
2025,Janeiro,Gaza,Limpopo,Transferências,285375.0,221574823.42
2025,Fevereiro,Gaza,Limpopo,Transferências,285043.0,247122841.83
2025,Março,Gaza,Limpopo,Transferências,343779.0,312898075.96000004
2025,Abril,Gaza,Limpopo,Transferências,349678.0,293226743.19
2025,Maio,Gaza,Limpopo,Transferências,334445.0,299731789.1
2025,Junho,Gaza,Limpopo,Transferências,337480.0,295474551.69
2025,Julho,Gaza,Limpopo,Transferências,349383.0,309278020.15999997
2025,Agosto,Gaza,Limpopo,Transferências,364014.0,314326058.68
2025,Setembro,Gaza,Limpopo,Transferências,381386.0,318991502.82
2025,Outubro,Gaza,Limpopo,Transferências,392449.0,337613055.81
2025,Novembro,Gaza,Limpopo,Transferências,417503.0,354731329.22
2025,Dezembro,Gaza,Limpopo,Transferências,533213.0,549756252.5699999
2025,Janeiro,Inhambane,Cidade de Inhambane,Transferências,583484.0,413007444.19
2025,Fevereiro,Inhambane,Cidade de Inhambane,Transferências,573666.0,417764688.68
2025,Março,Inhambane,Cidade de Inhambane,Transferências,618357.0,438370642.09
2025,Abril,Inhambane,Cidade de Inhambane,Transferências,640616.0,468168556.74
2025,Maio,Inhambane,Cidade de Inhambane,Transferências,708404.0,524471557.21
2025,Junho,Inhambane,Cidade de Inhambane,Transferências,749036.0,575248890.46
2025,Julho,Inhambane,Cidade de Inhambane,Transferências,798298.0,600588919.97
2025,Agosto,Inhambane,Cidade de Inhambane,Transferências,813172.0,577771597.61
2025,Setembro,Inhambane,Cidade de Inhambane,Transferências,791463.0,576724012.37
2025,Outubro,Inhambane,Cidade de Inhambane,Transferências,735571.0,536406124.9
2025,Novembro,Inhambane,Cidade de Inhambane,Transferências,844619.0,596908013.28
2025,Dezembro,Inhambane,Cidade de Inhambane,Transferências,958421.0,773049931.4300001
2025,Janeiro,Inhambane,Cidade de Maxixe,Transferências,767680.0,654753210.39
2025,Fevereiro,Inhambane,Cidade de Maxixe,Transferências,765020.0,683257317.06
2025,Março,Inhambane,Cidade de Maxixe,Transferências,879369.0,817503511.63
2025,Abril,Inhambane,Cidade de Maxixe,Transferências,895064.0,820023743.4100001
2025,Maio,Inhambane,Cidade de Maxixe,Transferências,982493.0,916174934.14
2025,Junho,Inhambane,Cidade de Maxixe,Transferências,995773.0,948129254.64
2025,Julho,Inhambane,Cidade de Maxixe,Transferências,1054743.0,1015044305.17
2025,Agosto,Inhambane,Cidade de Maxixe,Transferências,1093499.0,986308374.27
2025,Setembro,Inhambane,Cidade de Maxixe,Transferências,1063950.0,975280970.97
2025,Outubro,Inhambane,Cidade de Maxixe,Transferências,970472.0,871061825.61
2025,Novembro,Inhambane,Cidade de Maxixe,Transferências,1130378.0,996963717.22
2025,Dezembro,Inhambane,Cidade de Maxixe,Transferências,1234900.0,1263584360.82
2025,Janeiro,Inhambane,Funhaloro,Transferências,68331.0,44414583.0
2025,Fevereiro,Inhambane,Funhaloro,Transferências,68475.0,47507247.22
2025,Março,Inhambane,Funhaloro,Transferências,82358.0,58857670.37
2025,Abril,Inhambane,Funhaloro,Transferências,82998.0,53205192.97
2025,Maio,Inhambane,Funhaloro,Transferências,84713.0,57392094.11
2025,Junho,Inhambane,Funhaloro,Transferências,90992.0,66212958.06
2025,Julho,Inhambane,Funhaloro,Transferências,101587.0,79481060.64
2025,Agosto,Inhambane,Funhaloro,Transferências,103944.0,70911830.93
2025,Setembro,Inhambane,Funhaloro,Transferências,106171.0,71656115.98
2025,Outubro,Inhambane,Funhaloro,Transferências,106499.0,75469361.50999999
2025,Novembro,Inhambane,Funhaloro,Transferências,117682.0,73725798.14
2025,Dezembro,Inhambane,Funhaloro,Transferências,132762.0,103216565.97
2025,Janeiro,Inhambane,Govuro,Transferências,183807.0,123423194.97
2025,Fevereiro,Inhambane,Govuro,Transferências,191847.0,133305817.56
2025,Março,Inhambane,Govuro,Transferências,226672.0,160812994.71
2025,Abril,Inhambane,Govuro,Transferências,241146.0,166234576.13
2025,Maio,Inhambane,Govuro,Transferências,272854.0,189582822.72
2025,Junho,Inhambane,Govuro,Transferências,285013.0,188344116.86
2025,Julho,Inhambane,Govuro,Transferências,292877.0,187110856.91
2025,Agosto,Inhambane,Govuro,Transferências,305496.0,182461973.31
2025,Setembro,Inhambane,Govuro,Transferências,292078.0,167108814.68
2025,Outubro,Inhambane,Govuro,Transferências,147709.0,96374407.62
2025,Novembro,Inhambane,Govuro,Transferências,324220.0,205831627.33
2025,Dezembro,Inhambane,Govuro,Transferências,368803.0,245082881.34
2025,Janeiro,Inhambane,Homoine,Transferências,180431.0,131349652.94
2025,Fevereiro,Inhambane,Homoine,Transferências,175910.0,136590827.23000002
2025,Março,Inhambane,Homoine,Transferências,204602.0,165212068.01999998
2025,Abril,Inhambane,Homoine,Transferências,220952.0,174587405.89
2025,Maio,Inhambane,Homoine,Transferências,232158.0,190218493.91
2025,Junho,Inhambane,Homoine,Transferências,236382.0,175857651.94
2025,Julho,Inhambane,Homoine,Transferências,248789.0,186531330.71
2025,Agosto,Inhambane,Homoine,Transferências,255246.0,193356998.19
2025,Setembro,Inhambane,Homoine,Transferências,252523.0,168002208.15
2025,Outubro,Inhambane,Homoine,Transferências,268544.0,198789398.87
2025,Novembro,Inhambane,Homoine,Transferências,303118.0,227978437.24
2025,Dezembro,Inhambane,Homoine,Transferências,365350.0,326891281.90999997
2025,Janeiro,Inhambane,Inharrime,Transferências,238604.0,285628777.49
2025,Fevereiro,Inhambane,Inharrime,Transferências,228995.0,291863604.18
2025,Março,Inhambane,Inharrime,Transferências,272220.0,374130878.57
2025,Abril,Inhambane,Inharrime,Transferências,280687.0,387252993.8
2025,Maio,Inhambane,Inharrime,Transferências,282314.0,330096626.66999996
2025,Junho,Inhambane,Inharrime,Transferências,287830.0,298928384.62
2025,Julho,Inhambane,Inharrime,Transferências,306521.0,323177822.90999997
2025,Agosto,Inhambane,Inharrime,Transferências,321775.0,339257116.05
2025,Setembro,Inhambane,Inharrime,Transferências,319658.0,336521692.07
2025,Outubro,Inhambane,Inharrime,Transferências,340305.0,398414930.85
2025,Novembro,Inhambane,Inharrime,Transferências,375353.0,444797141.12
2025,Dezembro,Inhambane,Inharrime,Transferências,456097.0,605252545.04
2025,Janeiro,Inhambane,Inhassoro,Transferências,269693.0,160340789.38
2025,Fevereiro,Inhambane,Inhassoro,Transferências,278736.0,169091521.48
2025,Março,Inhambane,Inhassoro,Transferências,348483.0,218005454.77
2025,Abril,Inhambane,Inhassoro,Transferências,369841.0,248472355.09
2025,Maio,Inhambane,Inhassoro,Transferências,384785.0,253562418.97
2025,Junho,Inhambane,Inhassoro,Transferências,385625.0,258711329.89
2025,Julho,Inhambane,Inhassoro,Transferências,416781.0,272347752.18
2025,Agosto,Inhambane,Inhassoro,Transferências,408760.0,262901658.74
2025,Setembro,Inhambane,Inhassoro,Transferências,401489.0,247294411.77
2025,Outubro,Inhambane,Inhassoro,Transferências,406019.0,231573309.19
2025,Novembro,Inhambane,Inhassoro,Transferências,466412.0,256431678.83
2025,Dezembro,Inhambane,Inhassoro,Transferências,516206.0,311202737.63
2025,Janeiro,Inhambane,Jangamo,Transferências,163118.0,144164640.53
2025,Fevereiro,Inhambane,Jangamo,Transferências,156808.0,148312841.5
2025,Março,Inhambane,Jangamo,Transferências,184944.0,190369567.55
2025,Abril,Inhambane,Jangamo,Transferências,200937.0,193453450.28
2025,Maio,Inhambane,Jangamo,Transferências,212996.0,210998408.4
2025,Junho,Inhambane,Jangamo,Transferências,189484.0,175367118.39
2025,Julho,Inhambane,Jangamo,Transferências,200681.0,193687548.25
2025,Agosto,Inhambane,Jangamo,Transferências,211762.0,191066363.02
2025,Setembro,Inhambane,Jangamo,Transferências,204913.0,182517246.99
2025,Outubro,Inhambane,Jangamo,Transferências,227432.0,210415548.33
2025,Novembro,Inhambane,Jangamo,Transferências,247535.0,239960362.26
2025,Dezembro,Inhambane,Jangamo,Transferências,310412.0,345010056.88
2025,Janeiro,Inhambane,Mabote,Transferências,100973.0,67106569.129999995
2025,Fevereiro,Inhambane,Mabote,Transferências,114030.0,83144289.81
2025,Março,Inhambane,Mabote,Transferências,131399.0,90159377.85
2025,Abril,Inhambane,Mabote,Transferências,135145.0,85353717.74
2025,Maio,Inhambane,Mabote,Transferências,142625.0,99130624.58
2025,Junho,Inhambane,Mabote,Transferências,153225.0,102748757.16
2025,Julho,Inhambane,Mabote,Transferências,164058.0,118756430.23
2025,Agosto,Inhambane,Mabote,Transferências,163167.0,109687537.95
2025,Setembro,Inhambane,Mabote,Transferências,172073.0,100234604.6
2025,Outubro,Inhambane,Mabote,Transferências,164931.0,106858650.12
2025,Novembro,Inhambane,Mabote,Transferências,197293.0,146452808.6
2025,Dezembro,Inhambane,Mabote,Transferências,211214.0,181884824.64
2025,Janeiro,Inhambane,Massinga,Transferências,539281.0,696104582.5899999
2025,Fevereiro,Inhambane,Massinga,Transferências,545310.0,758318810.54
2025,Março,Inhambane,Massinga,Transferências,648143.0,968263878.27
2025,Abril,Inhambane,Massinga,Transferências,682971.0,982906074.41
2025,Maio,Inhambane,Massinga,Transferências,700745.0,1011108680.2
2025,Junho,Inhambane,Massinga,Transferências,699832.0,945015390.66
2025,Julho,Inhambane,Massinga,Transferências,740244.0,1015666782.38
2025,Agosto,Inhambane,Massinga,Transferências,754657.0,1007675206.91
2025,Setembro,Inhambane,Massinga,Transferências,760510.0,997790999.68
2025,Outubro,Inhambane,Massinga,Transferências,839568.0,1148263063.25
2025,Novembro,Inhambane,Massinga,Transferências,884769.0,1183928169.45
2025,Dezembro,Inhambane,Massinga,Transferências,1063399.0,1578352119.63
2025,Janeiro,Inhambane,Morrumbene,Transferências,213234.0,229604152.12
2025,Fevereiro,Inhambane,Morrumbene,Transferências,209196.0,226824037.3
2025,Março,Inhambane,Morrumbene,Transferências,247615.0,283749535.31
2025,Abril,Inhambane,Morrumbene,Transferências,264089.0,271379226.26
2025,Maio,Inhambane,Morrumbene,Transferências,264350.0,270966337.38
2025,Junho,Inhambane,Morrumbene,Transferências,243559.0,213103905.21
2025,Julho,Inhambane,Morrumbene,Transferências,260155.0,235718965.9
2025,Agosto,Inhambane,Morrumbene,Transferências,265490.0,241508178.66
2025,Setembro,Inhambane,Morrumbene,Transferências,268654.0,245859130.73
2025,Outubro,Inhambane,Morrumbene,Transferências,270067.0,257859581.63
2025,Novembro,Inhambane,Morrumbene,Transferências,298643.0,289371985.65999997
2025,Dezembro,Inhambane,Morrumbene,Transferências,365291.0,391985189.89
2025,Janeiro,Inhambane,Panda,Transferências,65492.0,48125947.86
2025,Fevereiro,Inhambane,Panda,Transferências,66186.0,43336810.68
2025,Março,Inhambane,Panda,Transferências,78871.0,56534530.53
2025,Abril,Inhambane,Panda,Transferências,85646.0,57879893.75
2025,Maio,Inhambane,Panda,Transferências,79741.0,53590016.239999995
2025,Junho,Inhambane,Panda,Transferências,78584.0,48767474.54
2025,Julho,Inhambane,Panda,Transferências,86379.0,49639871.45
2025,Agosto,Inhambane,Panda,Transferências,86890.0,53318217.6
2025,Setembro,Inhambane,Panda,Transferências,96284.0,53623006.260000005
2025,Outubro,Inhambane,Panda,Transferências,94675.0,54145897.77
2025,Novembro,Inhambane,Panda,Transferências,109256.0,63415630.73
2025,Dezembro,Inhambane,Panda,Transferências,129463.0,101681935.87
2025,Janeiro,Inhambane,Vilankulo,Transferências,658562.0,473115551.16
2025,Fevereiro,Inhambane,Vilankulo,Transferências,662055.0,496253315.68
2025,Março,Inhambane,Vilankulo,Transferências,790877.0,598719730.01
2025,Abril,Inhambane,Vilankulo,Transferências,815597.0,593202554.99
2025,Maio,Inhambane,Vilankulo,Transferências,862506.0,633435567.6700001
2025,Junho,Inhambane,Vilankulo,Transferências,864902.0,619997006.53
2025,Julho,Inhambane,Vilankulo,Transferências,906351.0,667011073.01
2025,Agosto,Inhambane,Vilankulo,Transferências,939937.0,682683396.25
2025,Setembro,Inhambane,Vilankulo,Transferências,921362.0,652365070.88
2025,Outubro,Inhambane,Vilankulo,Transferências,910880.0,671707739.47
2025,Novembro,Inhambane,Vilankulo,Transferências,1068093.0,775468132.61
2025,Dezembro,Inhambane,Vilankulo,Transferências,1200824.0,961246612.8
2025,Janeiro,Inhambane,Zavala (Quissico),Transferências,280069.0,254717099.47
2025,Fevereiro,Inhambane,Zavala (Quissico),Transferências,273572.0,270317930.36
2025,Março,Inhambane,Zavala (Quissico),Transferências,326344.0,331536285.22
2025,Abril,Inhambane,Zavala (Quissico),Transferências,351703.0,346514584.73
2025,Maio,Inhambane,Zavala (Quissico),Transferências,341103.0,339246403.16999996
2025,Junho,Inhambane,Zavala (Quissico),Transferências,311954.0,264882463.19
2025,Julho,Inhambane,Zavala (Quissico),Transferências,323358.0,272950483.65
2025,Agosto,Inhambane,Zavala (Quissico),Transferências,338171.0,300258803.35
2025,Setembro,Inhambane,Zavala (Quissico),Transferências,336113.0,288472836.15
2025,Outubro,Inhambane,Zavala (Quissico),Transferências,355688.0,328470357.12
2025,Novembro,Inhambane,Zavala (Quissico),Transferências,416225.0,384691576.39
2025,Dezembro,Inhambane,Zavala (Quissico),Transferências,511853.0,568561938.4300001
2025,Janeiro,Sofala,Cidade da Beira,Transferências,5498594.0,4381980873.17
2025,Fevereiro,Sofala,Cidade da Beira,Transferências,5485466.0,4520429656.54
2025,Março,Sofala,Cidade da Beira,Transferências,6236917.0,4986234332.58
2025,Abril,Sofala,Cidade da Beira,Transferências,6323941.0,5183224218.03
2025,Maio,Sofala,Cidade da Beira,Transferências,7006818.0,5904825122.27
2025,Junho,Sofala,Cidade da Beira,Transferências,7143821.0,6051599795.5
2025,Julho,Sofala,Cidade da Beira,Transferências,7606479.0,6603763956.89
2025,Agosto,Sofala,Cidade da Beira,Transferências,8209457.0,6826707070.690001
2025,Setembro,Sofala,Cidade da Beira,Transferências,7816358.0,6511521582.059999
2025,Outubro,Sofala,Cidade da Beira,Transferências,7500007.0,6452767075.55
2025,Novembro,Sofala,Cidade da Beira,Transferências,8889538.0,7447733379.59
2025,Dezembro,Sofala,Cidade da Beira,Transferências,9624282.0,8800191931.27
2025,Janeiro,Sofala,Buzi,Transferências,442737.0,173962644.18
2025,Fevereiro,Sofala,Buzi,Transferências,452698.0,209646986.31
2025,Março,Sofala,Buzi,Transferências,529271.0,229116386.28
2025,Abril,Sofala,Buzi,Transferências,575906.0,262551671.88
2025,Maio,Sofala,Buzi,Transferências,603164.0,270728780.77
2025,Junho,Sofala,Buzi,Transferências,660831.0,305608364.75
2025,Julho,Sofala,Buzi,Transferências,677845.0,276038987.79
2025,Agosto,Sofala,Buzi,Transferências,717887.0,278688599.76
2025,Setembro,Sofala,Buzi,Transferências,708544.0,280853116.27
2025,Outubro,Sofala,Buzi,Transferências,658308.0,266252266.49
2025,Novembro,Sofala,Buzi,Transferências,792730.0,329076871.85
2025,Dezembro,Sofala,Buzi,Transferências,855985.0,405831103.59
2025,Janeiro,Sofala,Caia,Transferências,517176.0,225832310.37
2025,Fevereiro,Sofala,Caia,Transferências,538549.0,266360648.04
2025,Março,Sofala,Caia,Transferências,603511.0,287275796.35
2025,Abril,Sofala,Caia,Transferências,597174.0,272058315.98
2025,Maio,Sofala,Caia,Transferências,656948.0,297866064.21
2025,Junho,Sofala,Caia,Transferências,690359.0,321646344.34000003
2025,Julho,Sofala,Caia,Transferências,765980.0,355255093.79
2025,Agosto,Sofala,Caia,Transferências,797518.0,321135871.51
2025,Setembro,Sofala,Caia,Transferências,791077.0,346478453.89
2025,Outubro,Sofala,Caia,Transferências,747825.0,349357812.19
2025,Novembro,Sofala,Caia,Transferências,941228.0,418178432.62
2025,Dezembro,Sofala,Caia,Transferências,1057654.0,514095704.06
2025,Janeiro,Sofala,Chemba,Transferências,182296.0,56421393.76
2025,Fevereiro,Sofala,Chemba,Transferências,183495.0,67338422.36
2025,Março,Sofala,Chemba,Transferências,204246.0,73015507.89
2025,Abril,Sofala,Chemba,Transferências,196861.0,61783929.22
2025,Maio,Sofala,Chemba,Transferências,197249.0,62795266.7
2025,Junho,Sofala,Chemba,Transferências,243002.0,86598960.51
2025,Julho,Sofala,Chemba,Transferências,262561.0,84980133.57
2025,Agosto,Sofala,Chemba,Transferências,281216.0,81464131.95
2025,Setembro,Sofala,Chemba,Transferências,280720.0,82575181.59
2025,Outubro,Sofala,Chemba,Transferências,266745.0,86293832.73
2025,Novembro,Sofala,Chemba,Transferências,322837.0,96433605.17
2025,Dezembro,Sofala,Chemba,Transferências,332622.0,107086723.22
2025,Janeiro,Sofala,Cheringoma,Transferências,168055.0,59339908.04
2025,Fevereiro,Sofala,Cheringoma,Transferências,158660.0,63536009.76
2025,Março,Sofala,Cheringoma,Transferências,170484.0,61114721.54
2025,Abril,Sofala,Cheringoma,Transferências,175972.0,63277223.99
2025,Maio,Sofala,Cheringoma,Transferências,191778.0,68017129.4
2025,Junho,Sofala,Cheringoma,Transferências,197708.0,69837773.78999999
2025,Julho,Sofala,Cheringoma,Transferências,222751.0,74715247.6
2025,Agosto,Sofala,Cheringoma,Transferências,238905.0,73242610.48
2025,Setembro,Sofala,Cheringoma,Transferências,246437.0,73673400.08
2025,Outubro,Sofala,Cheringoma,Transferências,239310.0,84960012.5
2025,Novembro,Sofala,Cheringoma,Transferências,276882.0,85761097.73
2025,Dezembro,Sofala,Cheringoma,Transferências,289275.0,113964635.61
2025,Janeiro,Sofala,Chibabava,Transferências,186729.0,207782444.96
2025,Fevereiro,Sofala,Chibabava,Transferências,195683.0,213428739.05
2025,Março,Sofala,Chibabava,Transferências,216880.0,226776885.48
2025,Abril,Sofala,Chibabava,Transferências,218317.0,226643414.97
2025,Maio,Sofala,Chibabava,Transferências,239752.0,251301973.56
2025,Junho,Sofala,Chibabava,Transferências,248065.0,270373519.08
2025,Julho,Sofala,Chibabava,Transferências,258915.0,267168617.32
2025,Agosto,Sofala,Chibabava,Transferências,262181.0,285436861.28999996
2025,Setembro,Sofala,Chibabava,Transferências,243136.0,269896878.67
2025,Outubro,Sofala,Chibabava,Transferências,241597.0,281234733.61
2025,Novembro,Sofala,Chibabava,Transferências,268335.0,325989503.18
2025,Dezembro,Sofala,Chibabava,Transferências,316025.0,454210411.98
2025,Janeiro,Sofala,Dondo,Transferências,747132.0,441243581.32
2025,Fevereiro,Sofala,Dondo,Transferências,732266.0,453572192.43
2025,Março,Sofala,Dondo,Transferências,829028.0,491548732.81
2025,Abril,Sofala,Dondo,Transferências,836656.0,506950454.29
2025,Maio,Sofala,Dondo,Transferências,897807.0,556011542.6800001
2025,Junho,Sofala,Dondo,Transferências,932163.0,596622471.3
2025,Julho,Sofala,Dondo,Transferências,979346.0,625606246.76
2025,Agosto,Sofala,Dondo,Transferências,1055018.0,649588523.91
2025,Setembro,Sofala,Dondo,Transferências,1056476.0,664244658.09
2025,Outubro,Sofala,Dondo,Transferências,1027121.0,644146172.54
2025,Novembro,Sofala,Dondo,Transferências,1237071.0,771961825.76
2025,Dezembro,Sofala,Dondo,Transferências,1395597.0,974956530.85
2025,Janeiro,Sofala,Gorongoza,Transferências,547785.0,176972211.61
2025,Fevereiro,Sofala,Gorongoza,Transferências,536156.0,192504453.64
2025,Março,Sofala,Gorongoza,Transferências,617364.0,219000487.5
2025,Abril,Sofala,Gorongoza,Transferências,634900.0,236615726.6
2025,Maio,Sofala,Gorongoza,Transferências,685984.0,255750415.64
2025,Junho,Sofala,Gorongoza,Transferências,725581.0,282776644.43
2025,Julho,Sofala,Gorongoza,Transferências,802846.0,288768272.9
2025,Agosto,Sofala,Gorongoza,Transferências,818297.0,277919725.1
2025,Setembro,Sofala,Gorongoza,Transferências,791221.0,265961338.95
2025,Outubro,Sofala,Gorongoza,Transferências,736973.0,267666411.13
2025,Novembro,Sofala,Gorongoza,Transferências,918361.0,333725580.6
2025,Dezembro,Sofala,Gorongoza,Transferências,1017546.0,420987921.4
2025,Janeiro,Sofala,Machanga,Transferências,140124.0,64991633.64
2025,Fevereiro,Sofala,Machanga,Transferências,146715.0,70264864.46000001
2025,Março,Sofala,Machanga,Transferências,177105.0,87758303.21000001
2025,Abril,Sofala,Machanga,Transferências,193007.0,94247500.06
2025,Maio,Sofala,Machanga,Transferências,200710.0,101814751.22
2025,Junho,Sofala,Machanga,Transferências,200408.0,92127741.04
2025,Julho,Sofala,Machanga,Transferências,211607.0,98306649.39
2025,Agosto,Sofala,Machanga,Transferências,210504.0,82324838.77
2025,Setembro,Sofala,Machanga,Transferências,209881.0,81732127.7
2025,Outubro,Sofala,Machanga,Transferências,202448.0,80612381.95
2025,Novembro,Sofala,Machanga,Transferências,263805.0,119366928.56
2025,Dezembro,Sofala,Machanga,Transferências,279988.0,133837867.72
2025,Janeiro,Sofala,Maringue,Transferências,427939.0,134311388.0
2025,Fevereiro,Sofala,Maringue,Transferências,403773.0,149742783.06
2025,Março,Sofala,Maringue,Transferências,446654.0,143299442.0
2025,Abril,Sofala,Maringue,Transferências,463735.0,144783128.67
2025,Maio,Sofala,Maringue,Transferências,512242.0,164633472.59
2025,Junho,Sofala,Maringue,Transferências,569249.0,197010546.88
2025,Julho,Sofala,Maringue,Transferências,622120.0,204833294.14
2025,Agosto,Sofala,Maringue,Transferências,665929.0,211692293.88
2025,Setembro,Sofala,Maringue,Transferências,629505.0,200247579.56
2025,Outubro,Sofala,Maringue,Transferências,595455.0,193009131.99
2025,Novembro,Sofala,Maringue,Transferências,697520.0,229841174.69
2025,Dezembro,Sofala,Maringue,Transferências,738597.0,277668660.14
2025,Janeiro,Sofala,Marromeu,Transferências,311688.0,120221705.23
2025,Fevereiro,Sofala,Marromeu,Transferências,302724.0,139243005.31
2025,Março,Sofala,Marromeu,Transferências,326725.0,147344567.16
2025,Abril,Sofala,Marromeu,Transferências,371907.0,167383209.07999998
2025,Maio,Sofala,Marromeu,Transferências,416047.0,183255081.3
2025,Junho,Sofala,Marromeu,Transferências,433361.0,190268581.11
2025,Julho,Sofala,Marromeu,Transferências,476335.0,216979155.47
2025,Agosto,Sofala,Marromeu,Transferências,496681.0,212183292.77
2025,Setembro,Sofala,Marromeu,Transferências,472078.0,186467646.49
2025,Outubro,Sofala,Marromeu,Transferências,471020.0,204693283.04
2025,Novembro,Sofala,Marromeu,Transferências,549922.0,226551113.9
2025,Dezembro,Sofala,Marromeu,Transferências,617167.0,276711495.63
2025,Janeiro,Sofala,Muanza,Transferências,155484.0,55700355.8
2025,Fevereiro,Sofala,Muanza,Transferências,166999.0,60554532.0
2025,Março,Sofala,Muanza,Transferências,183206.0,66184359.3
2025,Abril,Sofala,Muanza,Transferências,206049.0,79505845.4
2025,Maio,Sofala,Muanza,Transferências,186470.0,71953233.0
2025,Junho,Sofala,Muanza,Transferências,208463.0,69730450.5
2025,Julho,Sofala,Muanza,Transferências,220409.0,70379525.45
2025,Agosto,Sofala,Muanza,Transferências,244183.0,83085947.0
2025,Setembro,Sofala,Muanza,Transferências,248998.0,79585577.0
2025,Outubro,Sofala,Muanza,Transferências,231306.0,70810184.0
2025,Novembro,Sofala,Muanza,Transferências,292155.0,91568819.0
2025,Dezembro,Sofala,Muanza,Transferências,318006.0,114334665.0
2025,Janeiro,Sofala,Nhamatanda,Transferências,467105.0,234076152.02
2025,Fevereiro,Sofala,Nhamatanda,Transferências,462639.0,263411702.61
2025,Março,Sofala,Nhamatanda,Transferências,543533.0,277923141.09000003
2025,Abril,Sofala,Nhamatanda,Transferências,608645.0,330137504.19
2025,Maio,Sofala,Nhamatanda,Transferências,635744.0,361318992.74
2025,Junho,Sofala,Nhamatanda,Transferências,646986.0,358105887.84000003
2025,Julho,Sofala,Nhamatanda,Transferências,689976.0,373812339.94
2025,Agosto,Sofala,Nhamatanda,Transferências,721339.0,365785452.43
2025,Setembro,Sofala,Nhamatanda,Transferências,742065.0,369583769.03
2025,Outubro,Sofala,Nhamatanda,Transferências,699191.0,351896261.57
2025,Novembro,Sofala,Nhamatanda,Transferências,839500.0,421530711.29
2025,Dezembro,Sofala,Nhamatanda,Transferências,931812.0,542345095.3199999
2025,Janeiro,Manica,Cidade de Chimoio,Transferências,3598874.0,2538339278.5299997
2025,Fevereiro,Manica,Cidade de Chimoio,Transferências,3713659.0,2607039690.66
2025,Março,Manica,Cidade de Chimoio,Transferências,4276448.0,2842638279.34
2025,Abril,Manica,Cidade de Chimoio,Transferências,4373778.0,3011330324.25
2025,Maio,Manica,Cidade de Chimoio,Transferências,4822217.0,3516465029.21
2025,Junho,Manica,Cidade de Chimoio,Transferências,4896665.0,3608750725.56
2025,Julho,Manica,Cidade de Chimoio,Transferências,5272712.0,3799762039.88
2025,Agosto,Manica,Cidade de Chimoio,Transferências,5459537.0,3717137199.22
2025,Setembro,Manica,Cidade de Chimoio,Transferências,5212620.0,3587304350.01
2025,Outubro,Manica,Cidade de Chimoio,Transferências,4913489.0,3414043599.54
2025,Novembro,Manica,Cidade de Chimoio,Transferências,5949476.0,4041672625.88
2025,Dezembro,Manica,Cidade de Chimoio,Transferências,6395141.0,5126902458.93
2025,Janeiro,Manica,Bárue,Transferências,843770.0,468976446.95
2025,Fevereiro,Manica,Bárue,Transferências,856419.0,464442342.94
2025,Março,Manica,Bárue,Transferências,970934.0,506622814.01
2025,Abril,Manica,Bárue,Transferências,943471.0,552700953.14
2025,Maio,Manica,Bárue,Transferências,1098809.0,669963578.89
2025,Junho,Manica,Bárue,Transferências,1154851.0,601516288.46
2025,Julho,Manica,Bárue,Transferências,1249455.0,588173680.09
2025,Agosto,Manica,Bárue,Transferências,1327437.0,656504916.96
2025,Setembro,Manica,Bárue,Transferências,1303614.0,568725317.2
2025,Outubro,Manica,Bárue,Transferências,1226877.0,546441318.39
2025,Novembro,Manica,Bárue,Transferências,1489964.0,611981053.85
2025,Dezembro,Manica,Bárue,Transferências,1547139.0,678707552.44
2025,Janeiro,Manica,Gondola,Transferências,564112.0,262697943.28
2025,Fevereiro,Manica,Gondola,Transferências,566222.0,282483299.99
2025,Março,Manica,Gondola,Transferências,650193.0,311772856.5
2025,Abril,Manica,Gondola,Transferências,677970.0,328487321.17
2025,Maio,Manica,Gondola,Transferências,855394.0,472571332.75
2025,Junho,Manica,Gondola,Transferências,901992.0,491738341.92
2025,Julho,Manica,Gondola,Transferências,975938.0,526504172.61
2025,Agosto,Manica,Gondola,Transferências,1060557.0,544065440.63
2025,Setembro,Manica,Gondola,Transferências,993229.0,511074869.14
2025,Outubro,Manica,Gondola,Transferências,939939.0,501057707.89
2025,Novembro,Manica,Gondola,Transferências,1191113.0,636766652.0699999
2025,Dezembro,Manica,Gondola,Transferências,1358632.0,799768485.25
2025,Janeiro,Manica,Guro,Transferências,244580.0,118717057.98
2025,Fevereiro,Manica,Guro,Transferências,270214.0,135640391.53
2025,Março,Manica,Guro,Transferências,317448.0,146157766.5
2025,Abril,Manica,Guro,Transferências,305317.0,142062530.21
2025,Maio,Manica,Guro,Transferências,319751.0,159982394.62
2025,Junho,Manica,Guro,Transferências,352785.0,171041640.44
2025,Julho,Manica,Guro,Transferências,406475.0,181514669.53
2025,Agosto,Manica,Guro,Transferências,418503.0,177829466.79
2025,Setembro,Manica,Guro,Transferências,424732.0,173812425.74
2025,Outubro,Manica,Guro,Transferências,403071.0,167702939.02
2025,Novembro,Manica,Guro,Transferências,471270.0,189290868.11
2025,Dezembro,Manica,Guro,Transferências,479868.0,213186820.95
2025,Janeiro,Manica,Machaze,Transferências,207671.0,175515169.88
2025,Fevereiro,Manica,Machaze,Transferências,224428.0,186338769.01
2025,Março,Manica,Machaze,Transferências,283597.0,216834944.6
2025,Abril,Manica,Machaze,Transferências,313507.0,212263072.29
2025,Maio,Manica,Machaze,Transferências,331066.0,231437691.56
2025,Junho,Manica,Machaze,Transferências,348066.0,237234171.55
2025,Julho,Manica,Machaze,Transferências,332658.0,225333954.72
2025,Agosto,Manica,Machaze,Transferências,356840.0,222880426.36
2025,Setembro,Manica,Machaze,Transferências,392497.0,242074431.01
2025,Outubro,Manica,Machaze,Transferências,405999.0,251109649.1
2025,Novembro,Manica,Machaze,Transferências,400371.0,285681806.65
2025,Dezembro,Manica,Machaze,Transferências,425600.0,363998071.31
2025,Janeiro,Manica,Macossa,Transferências,158211.0,63880182.6
2025,Fevereiro,Manica,Macossa,Transferências,175408.0,74469577.94
2025,Março,Manica,Macossa,Transferências,198267.0,74271560.56
2025,Abril,Manica,Macossa,Transferências,211463.0,86134248.07
2025,Maio,Manica,Macossa,Transferências,217679.0,82037806.97
2025,Junho,Manica,Macossa,Transferências,222931.0,80225402.0
2025,Julho,Manica,Macossa,Transferências,248036.0,82514707.3
2025,Agosto,Manica,Macossa,Transferências,257252.0,96899582.74
2025,Setembro,Manica,Macossa,Transferências,264650.0,91204158.2
2025,Outubro,Manica,Macossa,Transferências,260703.0,89530452.5
2025,Novembro,Manica,Macossa,Transferências,309999.0,116241920.0
2025,Dezembro,Manica,Macossa,Transferências,326049.0,140812840.65
2025,Janeiro,Manica,Manica,Transferências,857993.0,624204296.46
2025,Fevereiro,Manica,Manica,Transferências,864436.0,633565642.11
2025,Março,Manica,Manica,Transferências,1004004.0,696012382.94
2025,Abril,Manica,Manica,Transferências,1055776.0,748726226.1800001
2025,Maio,Manica,Manica,Transferências,1114959.0,775713134.91
2025,Junho,Manica,Manica,Transferências,1179021.0,806441155.7
2025,Julho,Manica,Manica,Transferências,1275685.0,845510071.24
2025,Agosto,Manica,Manica,Transferências,1353495.0,870788584.0699999
2025,Setembro,Manica,Manica,Transferências,1326766.0,854200740.12
2025,Outubro,Manica,Manica,Transferências,1263244.0,829807475.33
2025,Novembro,Manica,Manica,Transferências,1497385.0,945856499.59
2025,Dezembro,Manica,Manica,Transferências,1592178.0,1116285162.05
2025,Janeiro,Manica,Mossurize,Transferências,182518.0,190901419.21
2025,Fevereiro,Manica,Mossurize,Transferências,206781.0,222833296.94
2025,Março,Manica,Mossurize,Transferências,232519.0,239754235.0
2025,Abril,Manica,Mossurize,Transferências,243426.0,245815138.5
2025,Maio,Manica,Mossurize,Transferências,267133.0,288858683.13
2025,Junho,Manica,Mossurize,Transferências,275071.0,315433256.84000003
2025,Julho,Manica,Mossurize,Transferências,276384.0,296382679.3
2025,Agosto,Manica,Mossurize,Transferências,267210.0,273472717.3
2025,Setembro,Manica,Mossurize,Transferências,264831.0,258331847.77
2025,Outubro,Manica,Mossurize,Transferências,264209.0,292487823.95
2025,Novembro,Manica,Mossurize,Transferências,311661.0,341815691.4
2025,Dezembro,Manica,Mossurize,Transferências,335429.0,429199754.93
2025,Janeiro,Manica,Sussundenga,Transferências,444063.0,221559996.63
2025,Fevereiro,Manica,Sussundenga,Transferências,461458.0,233216016.26
2025,Março,Manica,Sussundenga,Transferências,535152.0,258073651.51
2025,Abril,Manica,Sussundenga,Transferências,539721.0,262959565.44
2025,Maio,Manica,Sussundenga,Transferências,571425.0,284299999.25
2025,Junho,Manica,Sussundenga,Transferências,592956.0,277702246.56
2025,Julho,Manica,Sussundenga,Transferências,651632.0,280113491.58
2025,Agosto,Manica,Sussundenga,Transferências,675987.0,265501627.08
2025,Setembro,Manica,Sussundenga,Transferências,701961.0,285264672.24
2025,Outubro,Manica,Sussundenga,Transferências,665348.0,283171078.46
2025,Novembro,Manica,Sussundenga,Transferências,785231.0,322766102.43
2025,Dezembro,Manica,Sussundenga,Transferências,935633.0,501390223.52
2025,Janeiro,Manica,Tambara,Transferências,208085.0,53628825.0
2025,Fevereiro,Manica,Tambara,Transferências,230495.0,75213999.7
2025,Março,Manica,Tambara,Transferências,260859.0,74775843.2
2025,Abril,Manica,Tambara,Transferências,277997.0,79359723.49
2025,Maio,Manica,Tambara,Transferências,264430.0,67565305.75
2025,Junho,Manica,Tambara,Transferências,291653.0,71975809.2
2025,Julho,Manica,Tambara,Transferências,325814.0,77343066.3
2025,Agosto,Manica,Tambara,Transferências,347242.0,79419367.0
2025,Setembro,Manica,Tambara,Transferências,383257.0,96719211.0
2025,Outubro,Manica,Tambara,Transferências,353706.0,97069692.0
2025,Novembro,Manica,Tambara,Transferências,415376.0,99191075.0
2025,Dezembro,Manica,Tambara,Transferências,426082.0,112216766.0
2025,Janeiro,Manica,Macate,Transferências,144229.0,37853128.32
2025,Fevereiro,Manica,Macate,Transferências,145729.0,38727924.12
2025,Março,Manica,Macate,Transferências,169117.0,43102995.08
2025,Abril,Manica,Macate,Transferências,184243.0,50587755.28
2025,Maio,Manica,Macate,Transferências,219696.0,77948439.68
2025,Junho,Manica,Macate,Transferências,232872.0,88297518.88
2025,Julho,Manica,Macate,Transferências,251950.0,92415123.09
2025,Agosto,Manica,Macate,Transferências,262147.0,89864779.71000001
2025,Setembro,Manica,Macate,Transferências,229756.0,66378872.2
2025,Outubro,Manica,Macate,Transferências,214033.0,52096392.04
2025,Novembro,Manica,Macate,Transferências,261583.0,71840006.81
2025,Dezembro,Manica,Macate,Transferências,294739.0,86984692.41
2025,Janeiro,Manica,Vanduzi,Transferências,518519.0,259062782.34
2025,Fevereiro,Manica,Vanduzi,Transferências,536076.0,264833756.5
2025,Março,Manica,Vanduzi,Transferências,629320.0,293602651.08
2025,Abril,Manica,Vanduzi,Transferências,669182.0,309254022.54
2025,Maio,Manica,Vanduzi,Transferências,637654.0,303234062.79
2025,Junho,Manica,Vanduzi,Transferências,680986.0,308954500.25
2025,Julho,Manica,Vanduzi,Transferências,756591.0,336396098.83
2025,Agosto,Manica,Vanduzi,Transferências,829070.0,391465655.73
2025,Setembro,Manica,Vanduzi,Transferências,894730.0,406878474.3
2025,Outubro,Manica,Vanduzi,Transferências,846578.0,411322065.72
2025,Novembro,Manica,Vanduzi,Transferências,1001628.0,469372618.08
2025,Dezembro,Manica,Vanduzi,Transferências,1010549.0,536971511.57
2025,Janeiro,Tete,Cidade de Tete,Transferências,2746103.0,2346483520.68
2025,Fevereiro,Tete,Cidade de Tete,Transferências,2855826.0,2505985703.92
2025,Março,Tete,Cidade de Tete,Transferências,3439789.0,3002565172.73
2025,Abril,Tete,Cidade de Tete,Transferências,3465445.0,2992655461.46
2025,Maio,Tete,Cidade de Tete,Transferências,3760586.0,3386596606.68
2025,Junho,Tete,Cidade de Tete,Transferências,3693066.0,3441419007.4700003
2025,Julho,Tete,Cidade de Tete,Transferências,3884843.0,3687100468.28
2025,Agosto,Tete,Cidade de Tete,Transferências,4052257.0,3622064558.97
2025,Setembro,Tete,Cidade de Tete,Transferências,3870054.0,3384026250.31
2025,Outubro,Tete,Cidade de Tete,Transferências,3687798.0,3272982793.61
2025,Novembro,Tete,Cidade de Tete,Transferências,2613115.0,2213389949.4
2025,Dezembro,Tete,Cidade de Tete,Transferências,4866530.0,4632216699.440001
2025,Janeiro,Tete,Angónia,Transferências,479729.0,562404571.5
2025,Fevereiro,Tete,Angónia,Transferências,510592.0,594444747.49
2025,Março,Tete,Angónia,Transferências,616897.0,646064800.9
2025,Abril,Tete,Angónia,Transferências,630603.0,633403099.42
2025,Maio,Tete,Angónia,Transferências,706021.0,642607148.74
2025,Junho,Tete,Angónia,Transferências,789675.0,650191726.21
2025,Julho,Tete,Angónia,Transferências,843697.0,669460686.14
2025,Agosto,Tete,Angónia,Transferências,852141.0,638128629.69
2025,Setembro,Tete,Angónia,Transferências,828974.0,594542529.77
2025,Outubro,Tete,Angónia,Transferências,791633.0,630213495.45
2025,Novembro,Tete,Angónia,Transferências,909038.0,676443227.16
2025,Dezembro,Tete,Angónia,Transferências,943129.0,905407818.22
2025,Janeiro,Tete,Cahora-Bassa,Transferências,494215.0,323509927.14
2025,Fevereiro,Tete,Cahora-Bassa,Transferências,525853.0,340163763.86
2025,Março,Tete,Cahora-Bassa,Transferências,652432.0,392347898.3
2025,Abril,Tete,Cahora-Bassa,Transferências,636432.0,368316572.7
2025,Maio,Tete,Cahora-Bassa,Transferências,652754.0,390345196.43
2025,Junho,Tete,Cahora-Bassa,Transferências,675245.0,407533544.36
2025,Julho,Tete,Cahora-Bassa,Transferências,663675.0,495371304.73
2025,Agosto,Tete,Cahora-Bassa,Transferências,748050.0,577760384.49
2025,Setembro,Tete,Cahora-Bassa,Transferências,813494.0,630203542.7
2025,Outubro,Tete,Cahora-Bassa,Transferências,665042.0,409567488.37
2025,Novembro,Tete,Cahora-Bassa,Transferências,800969.0,473265958.26
2025,Dezembro,Tete,Cahora-Bassa,Transferências,843670.0,539288142.3199999
2025,Janeiro,Tete,Changara,Transferências,267905.0,204778524.62
2025,Fevereiro,Tete,Changara,Transferências,292749.0,243491019.29
2025,Março,Tete,Changara,Transferências,340221.0,243050430.29
2025,Abril,Tete,Changara,Transferências,344786.0,248024712.13
2025,Maio,Tete,Changara,Transferências,385240.0,286993280.48
2025,Junho,Tete,Changara,Transferências,423104.0,325043574.6
2025,Julho,Tete,Changara,Transferências,448318.0,334218727.18
2025,Agosto,Tete,Changara,Transferências,465658.0,313193310.1
2025,Setembro,Tete,Changara,Transferências,455014.0,312700687.39
2025,Outubro,Tete,Changara,Transferências,431480.0,297105365.9
2025,Novembro,Tete,Changara,Transferências,503170.0,351342727.4
2025,Dezembro,Tete,Changara,Transferências,527289.0,384409915.39
2025,Janeiro,Tete,Chifunde,Transferências,85950.0,71807211.0
2025,Fevereiro,Tete,Chifunde,Transferências,94283.0,83186095.78
2025,Março,Tete,Chifunde,Transferências,117992.0,99211576.75
2025,Abril,Tete,Chifunde,Transferências,119439.0,94787283.54
2025,Maio,Tete,Chifunde,Transferências,137110.0,108525788.49
2025,Junho,Tete,Chifunde,Transferências,152246.0,112363525.83
2025,Julho,Tete,Chifunde,Transferências,167576.0,124511440.84
2025,Agosto,Tete,Chifunde,Transferências,168708.0,102196382.08
2025,Setembro,Tete,Chifunde,Transferências,157018.0,101690012.45
2025,Outubro,Tete,Chifunde,Transferências,157667.0,112993505.52
2025,Novembro,Tete,Chifunde,Transferências,179333.0,134520272.05
2025,Dezembro,Tete,Chifunde,Transferências,175987.0,153373371.92000002
2025,Janeiro,Tete,Chiuta,Transferências,134343.0,83715689.47
2025,Fevereiro,Tete,Chiuta,Transferências,143754.0,99226685.29
2025,Março,Tete,Chiuta,Transferências,173253.0,110069797.14
2025,Abril,Tete,Chiuta,Transferências,173080.0,106714923.8
2025,Maio,Tete,Chiuta,Transferências,175878.0,114915034.14
2025,Junho,Tete,Chiuta,Transferências,194155.0,139019741.7
2025,Julho,Tete,Chiuta,Transferências,211841.0,156180641.59
2025,Agosto,Tete,Chiuta,Transferências,220040.0,137329521.76
2025,Setembro,Tete,Chiuta,Transferências,220761.0,137993244.07
2025,Outubro,Tete,Chiuta,Transferências,225252.0,148554084.32999998
2025,Novembro,Tete,Chiuta,Transferências,268984.0,168678163.8
2025,Dezembro,Tete,Chiuta,Transferências,271788.0,192904912.77
2025,Janeiro,Tete,Macanga,Transferências,200379.0,95117122.8
2025,Fevereiro,Tete,Macanga,Transferências,205075.0,100270770.54
2025,Março,Tete,Macanga,Transferências,268771.0,129853888.27
2025,Abril,Tete,Macanga,Transferências,299324.0,134241493.03
2025,Maio,Tete,Macanga,Transferências,338113.0,149657485.79
2025,Junho,Tete,Macanga,Transferências,345830.0,132345492.08
2025,Julho,Tete,Macanga,Transferências,415435.0,156176896.2
2025,Agosto,Tete,Macanga,Transferências,413870.0,121531918.61
2025,Setembro,Tete,Macanga,Transferências,380408.0,109900623.7
2025,Outubro,Tete,Macanga,Transferências,356214.0,118030485.81
2025,Novembro,Tete,Macanga,Transferências,397162.0,124427362.52
2025,Dezembro,Tete,Macanga,Transferências,425267.0,187932639.37
2025,Janeiro,Tete,Mágoe,Transferências,141576.0,89437971.01
2025,Fevereiro,Tete,Mágoe,Transferências,153757.0,88677922.5
2025,Março,Tete,Mágoe,Transferências,186571.0,105092764.2
2025,Abril,Tete,Mágoe,Transferências,182658.0,98671135.08
2025,Maio,Tete,Mágoe,Transferências,182275.0,90839100.13
2025,Junho,Tete,Mágoe,Transferências,198150.0,114223017.38
2025,Julho,Tete,Mágoe,Transferências,198073.0,91141348.23
2025,Agosto,Tete,Mágoe,Transferências,198060.0,87469466.09
2025,Setembro,Tete,Mágoe,Transferências,202023.0,88204923.0
2025,Outubro,Tete,Mágoe,Transferências,198499.0,95064307.43
2025,Novembro,Tete,Mágoe,Transferências,237406.0,107758861.6
2025,Dezembro,Tete,Mágoe,Transferências,244445.0,129414985.06
2025,Janeiro,Tete,Maravia,Transferências,75157.0,56937982.95
2025,Fevereiro,Tete,Maravia,Transferências,80833.0,61679898.18
2025,Março,Tete,Maravia,Transferências,94578.0,64601357.4
2025,Abril,Tete,Maravia,Transferências,100683.0,62815098.36
2025,Maio,Tete,Maravia,Transferências,103146.0,86735014.47
2025,Junho,Tete,Maravia,Transferências,129156.0,146627243.88
2025,Julho,Tete,Maravia,Transferências,167004.0,264022903.45
2025,Agosto,Tete,Maravia,Transferências,170938.0,229975248.01
2025,Setembro,Tete,Maravia,Transferências,168444.0,208805936.43
2025,Outubro,Tete,Maravia,Transferências,157430.0,118193865.5
2025,Novembro,Tete,Maravia,Transferências,168574.0,103792957.93
2025,Dezembro,Tete,Maravia,Transferências,155796.0,92490155.06
2025,Janeiro,Tete,Moatize,Transferências,674178.0,496784464.8
2025,Fevereiro,Tete,Moatize,Transferências,685090.0,552055057.29
2025,Março,Tete,Moatize,Transferências,816698.0,622488667.09
2025,Abril,Tete,Moatize,Transferências,887729.0,660550022.91
2025,Maio,Tete,Moatize,Transferências,878040.0,654997651.76
2025,Junho,Tete,Moatize,Transferências,876213.0,678617217.96
2025,Julho,Tete,Moatize,Transferências,950353.0,712679896.34
2025,Agosto,Tete,Moatize,Transferências,984373.0,698940201.92
2025,Setembro,Tete,Moatize,Transferências,941954.0,681727380.9
2025,Outubro,Tete,Moatize,Transferências,938560.0,680851199.55
2025,Novembro,Tete,Moatize,Transferências,1111261.0,813081210.0699999
2025,Dezembro,Tete,Moatize,Transferências,1237900.0,1013517496.04
2025,Janeiro,Tete,Mutarara,Transferências,246683.0,127154383.53
2025,Fevereiro,Tete,Mutarara,Transferências,261940.0,148324196.26
2025,Março,Tete,Mutarara,Transferências,298282.0,172081160.1
2025,Abril,Tete,Mutarara,Transferências,290657.0,167747100.78
2025,Maio,Tete,Mutarara,Transferências,294493.0,162429403.83
2025,Junho,Tete,Mutarara,Transferências,315589.0,170390846.35
2025,Julho,Tete,Mutarara,Transferências,353926.0,172196706.34
2025,Agosto,Tete,Mutarara,Transferências,373747.0,154177700.68
2025,Setembro,Tete,Mutarara,Transferências,369146.0,155409425.98
2025,Outubro,Tete,Mutarara,Transferências,353215.0,154782415.17
2025,Novembro,Tete,Mutarara,Transferências,442156.0,185393154.71
2025,Dezembro,Tete,Mutarara,Transferências,479712.0,229878842.25
2025,Janeiro,Tete,Tsangano,Transferências,236283.0,129966173.23
2025,Fevereiro,Tete,Tsangano,Transferências,234886.0,133629026.8
2025,Março,Tete,Tsangano,Transferências,274234.0,145340399.3
2025,Abril,Tete,Tsangano,Transferências,306725.0,169950325.87
2025,Maio,Tete,Tsangano,Transferências,329836.0,187651696.0
2025,Junho,Tete,Tsangano,Transferências,359842.0,166256592.89
2025,Julho,Tete,Tsangano,Transferências,400898.0,182496395.85
2025,Agosto,Tete,Tsangano,Transferências,406040.0,167668042.74
2025,Setembro,Tete,Tsangano,Transferências,403732.0,151333051.0
2025,Outubro,Tete,Tsangano,Transferências,383119.0,150746589.26
2025,Novembro,Tete,Tsangano,Transferências,455252.0,217275767.13
2025,Dezembro,Tete,Tsangano,Transferências,477668.0,285477471.0
2025,Janeiro,Tete,Zumbo,Transferências,50453.0,33361089.0
2025,Fevereiro,Tete,Zumbo,Transferências,59594.0,39297189.0
2025,Março,Tete,Zumbo,Transferências,70660.0,41854425.25
2025,Abril,Tete,Zumbo,Transferências,74195.0,40939731.0
2025,Maio,Tete,Zumbo,Transferências,76884.0,44521474.0
2025,Junho,Tete,Zumbo,Transferências,91787.0,58729917.0
2025,Julho,Tete,Zumbo,Transferências,105884.0,68962080.0
2025,Agosto,Tete,Zumbo,Transferências,105561.0,69621547.0
2025,Setembro,Tete,Zumbo,Transferências,109275.0,65030479.0
2025,Outubro,Tete,Zumbo,Transferências,105104.0,59580637.0
2025,Novembro,Tete,Zumbo,Transferências,119518.0,63383417.0
2025,Dezembro,Tete,Zumbo,Transferências,106940.0,59622343.0
2025,Janeiro,Tete,Doa,Transferências,153941.0,56204729.7
2025,Fevereiro,Tete,Doa,Transferências,164208.0,71674087.94
2025,Março,Tete,Doa,Transferências,167715.0,60732719.31
2025,Abril,Tete,Doa,Transferências,179061.0,63585675.96
2025,Maio,Tete,Doa,Transferências,192313.0,69346305.2
2025,Junho,Tete,Doa,Transferências,200182.0,71353133.0
2025,Julho,Tete,Doa,Transferências,234612.0,72246528.36
2025,Agosto,Tete,Doa,Transferências,247710.0,66983603.88
2025,Setembro,Tete,Doa,Transferências,234625.0,69824184.64
2025,Outubro,Tete,Doa,Transferências,222631.0,68417339.16
2025,Novembro,Tete,Doa,Transferências,278230.0,85900665.8
2025,Dezembro,Tete,Doa,Transferências,282206.0,98298696.0
2025,Janeiro,Tete,Marara,Transferências,79452.0,48874964.26
2025,Fevereiro,Tete,Marara,Transferências,88777.0,59629909.84
2025,Março,Tete,Marara,Transferências,99502.0,63669159.34
2025,Abril,Tete,Marara,Transferências,113665.0,74724214.21000001
2025,Maio,Tete,Marara,Transferências,105551.0,73310877.25
2025,Junho,Tete,Marara,Transferências,91522.0,57416899.64
2025,Julho,Tete,Marara,Transferências,96252.0,60196017.65
2025,Agosto,Tete,Marara,Transferências,98692.0,57363983.67
2025,Setembro,Tete,Marara,Transferências,96692.0,58559122.76
2025,Outubro,Tete,Marara,Transferências,110876.0,71567375.06
2025,Novembro,Tete,Marara,Transferências,115611.0,72041564.22999999
2025,Dezembro,Tete,Marara,Transferências,137378.0,104302260.2
2025,Janeiro,Zambézia,Cidade de Quelimane,Transferências,2230798.0,1369776854.05
2025,Fevereiro,Zambézia,Cidade de Quelimane,Transferências,2265425.0,1481049566.98
2025,Março,Zambézia,Cidade de Quelimane,Transferências,2562630.0,1585231824.8
2025,Abril,Zambézia,Cidade de Quelimane,Transferências,2763962.0,1747962575.32
2025,Maio,Zambézia,Cidade de Quelimane,Transferências,3019771.0,1937571256.93
2025,Junho,Zambézia,Cidade de Quelimane,Transferências,3022127.0,1937443135.12
2025,Julho,Zambézia,Cidade de Quelimane,Transferências,3313172.0,2109098544.81
2025,Agosto,Zambézia,Cidade de Quelimane,Transferências,3488323.0,2064163655.44
2025,Setembro,Zambézia,Cidade de Quelimane,Transferências,3300958.0,1871586913.24
2025,Outubro,Zambézia,Cidade de Quelimane,Transferências,3223732.0,1943989017.34
2025,Novembro,Zambézia,Cidade de Quelimane,Transferências,4026922.0,2327417804.95
2025,Dezembro,Zambézia,Cidade de Quelimane,Transferências,4427258.0,2900196883.18
2025,Janeiro,Zambézia,Alto Molócuè,Transferências,594213.0,274640370.43
2025,Fevereiro,Zambézia,Alto Molócuè,Transferências,597169.0,303566236.21
2025,Março,Zambézia,Alto Molócuè,Transferências,675047.0,333934615.2
2025,Abril,Zambézia,Alto Molócuè,Transferências,739743.0,371651442.12
2025,Maio,Zambézia,Alto Molócuè,Transferências,837461.0,419328302.91
2025,Junho,Zambézia,Alto Molócuè,Transferências,863957.0,397861596.08
2025,Julho,Zambézia,Alto Molócuè,Transferências,924232.0,413029474.57
2025,Agosto,Zambézia,Alto Molócuè,Transferências,1026252.0,474936591.04
2025,Setembro,Zambézia,Alto Molócuè,Transferências,1038858.0,457746065.53
2025,Outubro,Zambézia,Alto Molócuè,Transferências,996828.0,436481535.14
2025,Novembro,Zambézia,Alto Molócuè,Transferências,1126799.0,442452436.66
2025,Dezembro,Zambézia,Alto Molócuè,Transferências,1168874.0,507604748.09
2025,Janeiro,Zambézia,Chinde,Transferências,151523.0,45006240.14
2025,Fevereiro,Zambézia,Chinde,Transferências,163592.0,58950381.4
2025,Março,Zambézia,Chinde,Transferências,192343.0,66768154.45
2025,Abril,Zambézia,Chinde,Transferências,185571.0,70505090.7
2025,Maio,Zambézia,Chinde,Transferências,207654.0,73170577.03999999
2025,Junho,Zambézia,Chinde,Transferências,223794.0,73321014.58
2025,Julho,Zambézia,Chinde,Transferências,260195.0,78023006.49
2025,Agosto,Zambézia,Chinde,Transferências,258240.0,76742172.5
2025,Setembro,Zambézia,Chinde,Transferências,245497.0,60979175.75
2025,Outubro,Zambézia,Chinde,Transferências,250944.0,70855488.22
2025,Novembro,Zambézia,Chinde,Transferências,308608.0,81672538.55
2025,Dezembro,Zambézia,Chinde,Transferências,312642.0,88045801.22
2025,Janeiro,Zambézia,Gurúè,Transferências,837688.0,335072380.94
2025,Fevereiro,Zambézia,Gurúè,Transferências,866893.0,377287194.73
2025,Março,Zambézia,Gurúè,Transferências,1044296.0,487513637.73
2025,Abril,Zambézia,Gurúè,Transferências,1170329.0,614792054.53
2025,Maio,Zambézia,Gurúè,Transferências,1263373.0,654812046.25
2025,Junho,Zambézia,Gurúè,Transferências,1273972.0,560607803.69
2025,Julho,Zambézia,Gurúè,Transferências,1358843.0,525913554.52
2025,Agosto,Zambézia,Gurúè,Transferências,1449804.0,583684072.77
2025,Setembro,Zambézia,Gurúè,Transferências,1416229.0,520823397.56
2025,Outubro,Zambézia,Gurúè,Transferências,1344758.0,518426646.89
2025,Novembro,Zambézia,Gurúè,Transferências,1545703.0,539370620.94
2025,Dezembro,Zambézia,Gurúè,Transferências,1572220.0,624222551.31
2025,Janeiro,Zambézia,Ile,Transferências,294350.0,101863430.0
2025,Fevereiro,Zambézia,Ile,Transferências,310002.0,134947668.04
2025,Março,Zambézia,Ile,Transferências,318629.0,123819728.21
2025,Abril,Zambézia,Ile,Transferências,357354.0,160677752.79
2025,Maio,Zambézia,Ile,Transferências,374896.0,161751652.45
2025,Junho,Zambézia,Ile,Transferências,397077.0,150699634.21
2025,Julho,Zambézia,Ile,Transferências,432116.0,160219820.98
2025,Agosto,Zambézia,Ile,Transferências,458027.0,158950963.35
2025,Setembro,Zambézia,Ile,Transferências,446702.0,147618084.67000002
2025,Outubro,Zambézia,Ile,Transferências,455315.0,185533499.0
2025,Novembro,Zambézia,Ile,Transferências,511297.0,192482834.31
2025,Dezembro,Zambézia,Ile,Transferências,530968.0,215499112.73
2025,Janeiro,Zambézia,Inhassunge,Transferências,145986.0,53200250.14
2025,Fevereiro,Zambézia,Inhassunge,Transferências,150497.0,63237464.7
2025,Março,Zambézia,Inhassunge,Transferências,167357.0,70106550.36
2025,Abril,Zambézia,Inhassunge,Transferências,186851.0,76293201.4
2025,Maio,Zambézia,Inhassunge,Transferências,200367.0,81382106.03
2025,Junho,Zambézia,Inhassunge,Transferências,210566.0,80743477.64
2025,Julho,Zambézia,Inhassunge,Transferências,229453.0,79653316.14
2025,Agosto,Zambézia,Inhassunge,Transferências,249088.0,81508060.18
2025,Setembro,Zambézia,Inhassunge,Transferências,253028.0,79852114.4
2025,Outubro,Zambézia,Inhassunge,Transferências,252294.0,85705430.24
2025,Novembro,Zambézia,Inhassunge,Transferências,319849.0,106202869.27
2025,Dezembro,Zambézia,Inhassunge,Transferências,359898.0,121128364.78
2025,Janeiro,Zambézia,Lugela,Transferências,304367.0,48847341.44
2025,Fevereiro,Zambézia,Lugela,Transferências,287792.0,66633572.49
2025,Março,Zambézia,Lugela,Transferências,343315.0,88167451.49
2025,Abril,Zambézia,Lugela,Transferências,386786.0,85084342.08
2025,Maio,Zambézia,Lugela,Transferências,379362.0,78576709.94
2025,Junho,Zambézia,Lugela,Transferências,390311.0,77891601.67
2025,Julho,Zambézia,Lugela,Transferências,448060.0,89123874.59
2025,Agosto,Zambézia,Lugela,Transferências,447973.0,80909504.97
2025,Setembro,Zambézia,Lugela,Transferências,512411.0,103526781.1
2025,Outubro,Zambézia,Lugela,Transferências,546776.0,119430711.53
2025,Novembro,Zambézia,Lugela,Transferências,616790.0,110935061.73
2025,Dezembro,Zambézia,Lugela,Transferências,644577.0,130764388.16
2025,Janeiro,Zambézia,Gilé,Transferências,511122.0,176644014.3
2025,Fevereiro,Zambézia,Gilé,Transferências,527501.0,189033620.94
2025,Março,Zambézia,Gilé,Transferências,609297.0,234372708.25
2025,Abril,Zambézia,Gilé,Transferências,689623.0,278770994.74
2025,Maio,Zambézia,Gilé,Transferências,735259.0,272674452.66
2025,Junho,Zambézia,Gilé,Transferências,773548.0,272586822.18
2025,Julho,Zambézia,Gilé,Transferências,872678.0,304130048.47
2025,Agosto,Zambézia,Gilé,Transferências,899933.0,310118674.83
2025,Setembro,Zambézia,Gilé,Transferências,870606.0,289658042.6
2025,Outubro,Zambézia,Gilé,Transferências,831524.0,286634745.86
2025,Novembro,Zambézia,Gilé,Transferências,1036570.0,348198741.47
2025,Dezembro,Zambézia,Gilé,Transferências,1055204.0,389810536.7
2025,Janeiro,Zambézia,Maganja da Costa,Transferências,479656.0,216319499.46
2025,Fevereiro,Zambézia,Maganja da Costa,Transferências,495426.0,244769804.5
2025,Março,Zambézia,Maganja da Costa,Transferências,529464.0,241571524.94
2025,Abril,Zambézia,Maganja da Costa,Transferências,579814.0,270924358.83
2025,Maio,Zambézia,Maganja da Costa,Transferências,643887.0,289326353.62
2025,Junho,Zambézia,Maganja da Costa,Transferências,671722.0,293894187.06
2025,Julho,Zambézia,Maganja da Costa,Transferências,724848.0,302577345.33
2025,Agosto,Zambézia,Maganja da Costa,Transferências,765389.0,306965210.44
2025,Setembro,Zambézia,Maganja da Costa,Transferências,715151.0,290611313.09000003
2025,Outubro,Zambézia,Maganja da Costa,Transferências,691683.0,276672549.85
2025,Novembro,Zambézia,Maganja da Costa,Transferências,808193.0,309085294.75
2025,Dezembro,Zambézia,Maganja da Costa,Transferências,903320.0,385711436.0
2025,Janeiro,Zambézia,Milange,Transferências,720473.0,262935089.94
2025,Fevereiro,Zambézia,Milange,Transferências,707834.0,328702075.38
2025,Março,Zambézia,Milange,Transferências,839633.0,394971822.08
2025,Abril,Zambézia,Milange,Transferências,964473.0,438776359.43
2025,Maio,Zambézia,Milange,Transferências,993075.0,482890763.11
2025,Junho,Zambézia,Milange,Transferências,996098.0,430660530.57
2025,Julho,Zambézia,Milange,Transferências,1088920.0,429345094.54
2025,Agosto,Zambézia,Milange,Transferências,1203103.0,423851506.24
2025,Setembro,Zambézia,Milange,Transferências,1200531.0,413170683.32
2025,Outubro,Zambézia,Milange,Transferências,1151652.0,439422304.57
2025,Novembro,Zambézia,Milange,Transferências,1250892.0,473353028.7
2025,Dezembro,Zambézia,Milange,Transferências,1206305.0,542059049.94
2025,Janeiro,Zambézia,Mocuba,Transferências,1363481.0,791985558.8199999
2025,Fevereiro,Zambézia,Mocuba,Transferências,1391150.0,852718378.03
2025,Março,Zambézia,Mocuba,Transferências,1569814.0,924023545.76
2025,Abril,Zambézia,Mocuba,Transferências,1733211.0,1028170783.42
2025,Maio,Zambézia,Mocuba,Transferências,1927492.0,1131673280.3
2025,Junho,Zambézia,Mocuba,Transferências,1917950.0,1097334648.56
2025,Julho,Zambézia,Mocuba,Transferências,2126938.0,1250495737.91
2025,Agosto,Zambézia,Mocuba,Transferências,2220430.0,1217446428.75
2025,Setembro,Zambézia,Mocuba,Transferências,2181580.0,1182636918.88
2025,Outubro,Zambézia,Mocuba,Transferências,2113594.0,1191436708.91
2025,Novembro,Zambézia,Mocuba,Transferências,2464212.0,1320357019.56
2025,Dezembro,Zambézia,Mocuba,Transferências,2707863.0,1565811226.33
2025,Janeiro,Zambézia,Mopeia,Transferências,351449.0,98855716.1
2025,Fevereiro,Zambézia,Mopeia,Transferências,367976.0,124563090.18
2025,Março,Zambézia,Mopeia,Transferências,412118.0,131546614.06
2025,Abril,Zambézia,Mopeia,Transferências,453411.0,159763574.62
2025,Maio,Zambézia,Mopeia,Transferências,445315.0,145408403.28
2025,Junho,Zambézia,Mopeia,Transferências,459332.0,137701506.16
2025,Julho,Zambézia,Mopeia,Transferências,511477.0,166657220.64
2025,Agosto,Zambézia,Mopeia,Transferências,540258.0,147308247.37
2025,Setembro,Zambézia,Mopeia,Transferências,544893.0,139276474.36
2025,Outubro,Zambézia,Mopeia,Transferências,559993.0,164376064.63
2025,Novembro,Zambézia,Mopeia,Transferências,691548.0,180346664.75
2025,Dezembro,Zambézia,Mopeia,Transferências,733924.0,214563363.8
2025,Janeiro,Zambézia,Morrumbala,Transferências,765292.0,188784298.91
2025,Fevereiro,Zambézia,Morrumbala,Transferências,762169.0,242309741.18
2025,Março,Zambézia,Morrumbala,Transferências,866834.0,268794124.17
2025,Abril,Zambézia,Morrumbala,Transferências,958500.0,303128579.59
2025,Maio,Zambézia,Morrumbala,Transferências,990578.0,315150575.68
2025,Junho,Zambézia,Morrumbala,Transferências,1017545.0,296308196.78
2025,Julho,Zambézia,Morrumbala,Transferências,1159089.0,357950422.45
2025,Agosto,Zambézia,Morrumbala,Transferências,1220849.0,326437438.32
2025,Setembro,Zambézia,Morrumbala,Transferências,1257407.0,358582135.83
2025,Outubro,Zambézia,Morrumbala,Transferências,1275311.0,394957947.49
2025,Novembro,Zambézia,Morrumbala,Transferências,1470643.0,399838066.7
2025,Dezembro,Zambézia,Morrumbala,Transferências,1474053.0,456024409.53
2025,Janeiro,Zambézia,Namacurra,Transferências,305066.0,130132409.32
2025,Fevereiro,Zambézia,Namacurra,Transferências,316721.0,143549682.25
2025,Março,Zambézia,Namacurra,Transferências,349491.0,158978320.89
2025,Abril,Zambézia,Namacurra,Transferências,383551.0,166265590.53
2025,Maio,Zambézia,Namacurra,Transferências,418074.0,193061093.61
2025,Junho,Zambézia,Namacurra,Transferências,439625.0,197156353.48
2025,Julho,Zambézia,Namacurra,Transferências,467229.0,205395008.97
2025,Agosto,Zambézia,Namacurra,Transferências,485684.0,204023235.25
2025,Setembro,Zambézia,Namacurra,Transferências,481097.0,192602462.27
2025,Outubro,Zambézia,Namacurra,Transferências,462968.0,190467310.86
2025,Novembro,Zambézia,Namacurra,Transferências,561966.0,215036335.22
2025,Dezembro,Zambézia,Namacurra,Transferências,651420.0,284287566.23
2025,Janeiro,Zambézia,Namarroi,Transferências,243021.0,35628231.0
2025,Fevereiro,Zambézia,Namarroi,Transferências,242081.0,47837898.0
2025,Março,Zambézia,Namarroi,Transferências,286830.0,55266348.3
2025,Abril,Zambézia,Namarroi,Transferências,316368.0,61735641.2
2025,Maio,Zambézia,Namarroi,Transferências,327268.0,63090238.0
2025,Junho,Zambézia,Namarroi,Transferências,330796.0,57583943.37
2025,Julho,Zambézia,Namarroi,Transferências,353437.0,59285556.43
2025,Agosto,Zambézia,Namarroi,Transferências,380947.0,61941359.08
2025,Setembro,Zambézia,Namarroi,Transferências,393727.0,56564610.86
2025,Outubro,Zambézia,Namarroi,Transferências,368010.0,58873178.56
2025,Novembro,Zambézia,Namarroi,Transferências,420503.0,65100611.46
2025,Dezembro,Zambézia,Namarroi,Transferências,393140.0,70594219.61
2025,Janeiro,Zambézia,Nicoadala,Transferências,478579.0,220202973.11
2025,Fevereiro,Zambézia,Nicoadala,Transferências,492482.0,242658607.28
2025,Março,Zambézia,Nicoadala,Transferências,532726.0,244891472.02
2025,Abril,Zambézia,Nicoadala,Transferências,616832.0,278321450.24
2025,Maio,Zambézia,Nicoadala,Transferências,663253.0,303077779.66
2025,Junho,Zambézia,Nicoadala,Transferências,695213.0,328711366.52
2025,Julho,Zambézia,Nicoadala,Transferências,753017.0,345374266.68
2025,Agosto,Zambézia,Nicoadala,Transferências,775740.0,325458690.83
2025,Setembro,Zambézia,Nicoadala,Transferências,775849.0,321848684.47
2025,Outubro,Zambézia,Nicoadala,Transferências,770592.0,328779054.84000003
2025,Novembro,Zambézia,Nicoadala,Transferências,967097.0,397123296.84
2025,Dezembro,Zambézia,Nicoadala,Transferências,1084018.0,507473387.81
2025,Janeiro,Zambézia,Pebane,Transferências,602000.0,201040560.87
2025,Fevereiro,Zambézia,Pebane,Transferências,562838.0,200326328.74
2025,Março,Zambézia,Pebane,Transferências,577764.0,204991172.03
2025,Abril,Zambézia,Pebane,Transferências,651003.0,233224483.07
2025,Maio,Zambézia,Pebane,Transferências,691394.0,244943044.78
2025,Junho,Zambézia,Pebane,Transferências,729401.0,256521632.95
2025,Julho,Zambézia,Pebane,Transferências,800440.0,270201121.43
2025,Agosto,Zambézia,Pebane,Transferências,842512.0,290635325.09
2025,Setembro,Zambézia,Pebane,Transferências,900567.0,292879231.65
2025,Outubro,Zambézia,Pebane,Transferências,729844.0,302782113.47
2025,Novembro,Zambézia,Pebane,Transferências,1040612.0,358357948.78
2025,Dezembro,Zambézia,Pebane,Transferências,1041163.0,363178547.78
2025,Janeiro,Zambézia,Molumbo,Transferências,275382.0,78612191.82
2025,Fevereiro,Zambézia,Molumbo,Transferências,278070.0,95200583.0
2025,Março,Zambézia,Molumbo,Transferências,378918.0,142606112.06
2025,Abril,Zambézia,Molumbo,Transferências,466777.0,173762740.4
2025,Maio,Zambézia,Molumbo,Transferências,595260.0,221109165.5
2025,Junho,Zambézia,Molumbo,Transferências,605415.0,184108695.87
2025,Julho,Zambézia,Molumbo,Transferências,666169.0,175281618.0
2025,Agosto,Zambézia,Molumbo,Transferências,690773.0,158556937.98
2025,Setembro,Zambézia,Molumbo,Transferências,583504.0,129530072.54
2025,Outubro,Zambézia,Molumbo,Transferências,502908.0,114303333.2
2025,Novembro,Zambézia,Molumbo,Transferências,526816.0,115024838.5
2025,Dezembro,Zambézia,Molumbo,Transferências,527554.0,132653742.33
2025,Janeiro,Zambézia,Mocubela,Transferências,13089.0,6747419.99
2025,Fevereiro,Zambézia,Mocubela,Transferências,11832.0,5645493.45
2025,Março,Zambézia,Mocubela,Transferências,14281.0,9024086.71
2025,Abril,Zambézia,Mocubela,Transferências,18170.0,9861781.95
2025,Maio,Zambézia,Mocubela,Transferências,15732.0,10612771.09
2025,Junho,Zambézia,Mocubela,Transferências,14147.0,9588755.98
2025,Julho,Zambézia,Mocubela,Transferências,15288.0,9337964.08
2025,Agosto,Zambézia,Mocubela,Transferências,14571.0,6420442.26
2025,Setembro,Zambézia,Mocubela,Transferências,16101.0,7705216.88
2025,Outubro,Zambézia,Mocubela,Transferências,20796.0,9007798.96
2025,Novembro,Zambézia,Mocubela,Transferências,20541.0,10942774.96
2025,Dezembro,Zambézia,Mocubela,Transferências,22919.0,12947496.83
2025,Janeiro,Zambézia,Mulevala,Transferências,442641.0,195570310.0
2025,Fevereiro,Zambézia,Mulevala,Transferências,425815.0,178977467.94
2025,Março,Zambézia,Mulevala,Transferências,459234.0,177178302.43
2025,Abril,Zambézia,Mulevala,Transferências,513476.0,200568955.45
2025,Maio,Zambézia,Mulevala,Transferências,537553.0,174918422.08
2025,Junho,Zambézia,Mulevala,Transferências,544122.0,154197458.86
2025,Julho,Zambézia,Mulevala,Transferências,624370.0,189793473.1
2025,Agosto,Zambézia,Mulevala,Transferências,660057.0,190298106.46
2025,Setembro,Zambézia,Mulevala,Transferências,650521.0,178842728.92
2025,Outubro,Zambézia,Mulevala,Transferências,617229.0,187301006.89
2025,Novembro,Zambézia,Mulevala,Transferências,758028.0,224526476.0
2025,Dezembro,Zambézia,Mulevala,Transferências,783636.0,251440281.72
2025,Janeiro,Zambézia,Luabo,Transferências,15618.0,3070758.18
2025,Fevereiro,Zambézia,Luabo,Transferências,17049.0,4863738.92
2025,Março,Zambézia,Luabo,Transferências,17652.0,4617883.23
2025,Abril,Zambézia,Luabo,Transferências,19770.0,6752098.65
2025,Maio,Zambézia,Luabo,Transferências,19444.0,5199676.58
2025,Junho,Zambézia,Luabo,Transferências,19452.0,5001275.46
2025,Julho,Zambézia,Luabo,Transferências,19675.0,4683499.02
2025,Agosto,Zambézia,Luabo,Transferências,18510.0,4422289.58
2025,Setembro,Zambézia,Luabo,Transferências,18769.0,3915694.62
2025,Outubro,Zambézia,Luabo,Transferências,23090.0,5686590.04
2025,Novembro,Zambézia,Luabo,Transferências,21662.0,6131059.56
2025,Dezembro,Zambézia,Luabo,Transferências,22668.0,6648233.24
2025,Janeiro,Zambézia,Derre,Transferências,4091.0,2100605.0
2025,Fevereiro,Zambézia,Derre,Transferências,4025.0,2743027.0
2025,Março,Zambézia,Derre,Transferências,5001.0,2975398.1
2025,Abril,Zambézia,Derre,Transferências,8384.0,8595082.21
2025,Maio,Zambézia,Derre,Transferências,6606.0,4927592.88
2025,Junho,Zambézia,Derre,Transferências,5876.0,3118665.25
2025,Julho,Zambézia,Derre,Transferências,5849.0,3923769.57
2025,Agosto,Zambézia,Derre,Transferências,6929.0,4878364.58
2025,Setembro,Zambézia,Derre,Transferências,7702.0,7724468.0
2025,Outubro,Zambézia,Derre,Transferências,7991.0,11549393.92
2025,Novembro,Zambézia,Derre,Transferências,8734.0,6663466.99
2025,Dezembro,Zambézia,Derre,Transferências,9508.0,9168917.52
2025,Janeiro,Nampula,Cidade de Nampula,Transferências,8728299.0,5769290433.64
2025,Fevereiro,Nampula,Cidade de Nampula,Transferências,9135781.0,6360015062.85
2025,Março,Nampula,Cidade de Nampula,Transferências,10216247.0,6829610174.13
2025,Abril,Nampula,Cidade de Nampula,Transferências,11117848.0,7449871018.92
2025,Maio,Nampula,Cidade de Nampula,Transferências,12475612.0,8679466737.84
2025,Junho,Nampula,Cidade de Nampula,Transferências,12443612.0,8838953191.44
2025,Julho,Nampula,Cidade de Nampula,Transferências,13701696.0,9385456114.96
2025,Agosto,Nampula,Cidade de Nampula,Transferências,13943763.0,9000001254.07
2025,Setembro,Nampula,Cidade de Nampula,Transferências,12948686.0,8184975682.33
2025,Outubro,Nampula,Cidade de Nampula,Transferências,11997639.0,7787468996.71
2025,Novembro,Nampula,Cidade de Nampula,Transferências,14904126.0,9589114675.83
2025,Dezembro,Nampula,Cidade de Nampula,Transferências,16080138.0,11460883424.48
2025,Janeiro,Nampula,Cidade de Nacala-Porto,Transferências,3206851.0,1474549051.08
2025,Fevereiro,Nampula,Cidade de Nacala-Porto,Transferências,3335766.0,1581024029.76
2025,Março,Nampula,Cidade de Nacala-Porto,Transferências,3566542.0,1747870753.95
2025,Abril,Nampula,Cidade de Nacala-Porto,Transferências,4023886.0,1833300443.52
2025,Maio,Nampula,Cidade de Nacala-Porto,Transferências,4549590.0,2041105768.84
2025,Junho,Nampula,Cidade de Nacala-Porto,Transferências,4719290.0,2217687035.96
2025,Julho,Nampula,Cidade de Nacala-Porto,Transferências,5191599.0,2337701240.47
2025,Agosto,Nampula,Cidade de Nacala-Porto,Transferências,5358777.0,2276181307.14
2025,Setembro,Nampula,Cidade de Nacala-Porto,Transferências,5140696.0,2227314061.27
2025,Outubro,Nampula,Cidade de Nacala-Porto,Transferências,4821772.0,2193619566.84
2025,Novembro,Nampula,Cidade de Nacala-Porto,Transferências,6260760.0,2819310198.84
2025,Dezembro,Nampula,Cidade de Nacala-Porto,Transferências,6805723.0,3525378635.41
2025,Janeiro,Nampula,Angoche,Transferências,1485852.0,385326442.08
2025,Fevereiro,Nampula,Angoche,Transferências,1279207.0,430232864.55
2025,Março,Nampula,Angoche,Transferências,1326272.0,511514431.02
2025,Abril,Nampula,Angoche,Transferências,1457276.0,519125284.3
2025,Maio,Nampula,Angoche,Transferências,1639406.0,573542396.71
2025,Junho,Nampula,Angoche,Transferências,1761542.0,649492176.95
2025,Julho,Nampula,Angoche,Transferências,1893320.0,650147369.61
2025,Agosto,Nampula,Angoche,Transferências,1917095.0,635667711.04
2025,Setembro,Nampula,Angoche,Transferências,1825280.0,567393185.8
2025,Outubro,Nampula,Angoche,Transferências,1691022.0,608157772.01
2025,Novembro,Nampula,Angoche,Transferências,2168950.0,734478572.46
2025,Dezembro,Nampula,Angoche,Transferências,2276168.0,975388079.3
2025,Janeiro,Nampula,Ilha de Moçambique,Transferências,220420.0,102712028.38
2025,Fevereiro,Nampula,Ilha de Moçambique,Transferências,267232.0,121128079.81
2025,Março,Nampula,Ilha de Moçambique,Transferências,270791.0,129872719.42
2025,Abril,Nampula,Ilha de Moçambique,Transferências,339220.0,144640769.12
2025,Maio,Nampula,Ilha de Moçambique,Transferências,336482.0,133347926.9
2025,Junho,Nampula,Ilha de Moçambique,Transferências,361185.0,164606444.37
2025,Julho,Nampula,Ilha de Moçambique,Transferências,386764.0,152245099.77
2025,Agosto,Nampula,Ilha de Moçambique,Transferências,423944.0,191168891.22
2025,Setembro,Nampula,Ilha de Moçambique,Transferências,431346.0,173318473.8
2025,Outubro,Nampula,Ilha de Moçambique,Transferências,396644.0,154717315.08
2025,Novembro,Nampula,Ilha de Moçambique,Transferências,499131.0,193606951.85
2025,Dezembro,Nampula,Ilha de Moçambique,Transferências,640927.0,278185699.74
2025,Janeiro,Nampula,Lalaua,Transferências,86040.0,23825459.0
2025,Fevereiro,Nampula,Lalaua,Transferências,99739.0,37199077.4
2025,Março,Nampula,Lalaua,Transferências,84604.0,28272751.44
2025,Abril,Nampula,Lalaua,Transferências,117078.0,39060376.6
2025,Maio,Nampula,Lalaua,Transferências,134594.0,56610550.8
2025,Junho,Nampula,Lalaua,Transferências,164507.0,75504807.92
2025,Julho,Nampula,Lalaua,Transferências,206321.0,91880415.04
2025,Agosto,Nampula,Lalaua,Transferências,227036.0,82479421.83
2025,Setembro,Nampula,Lalaua,Transferências,222820.0,67839350.26
2025,Outubro,Nampula,Lalaua,Transferências,196440.0,57970821.46
2025,Novembro,Nampula,Lalaua,Transferências,213991.0,60429429.8
2025,Dezembro,Nampula,Lalaua,Transferências,213123.0,60802752.0
2025,Janeiro,Nampula,Malema,Transferências,364765.0,146430121.05
2025,Fevereiro,Nampula,Malema,Transferências,395884.0,175173468.41
2025,Março,Nampula,Malema,Transferências,442881.0,180978177.0
2025,Abril,Nampula,Malema,Transferências,481262.0,215122755.34
2025,Maio,Nampula,Malema,Transferências,522782.0,249150454.23
2025,Junho,Nampula,Malema,Transferências,573426.0,274492277.04
2025,Julho,Nampula,Malema,Transferências,658880.0,267180023.23
2025,Agosto,Nampula,Malema,Transferências,709448.0,306782718.61
2025,Setembro,Nampula,Malema,Transferências,686954.0,255841750.81
2025,Outubro,Nampula,Malema,Transferências,620129.0,220980060.42
2025,Novembro,Nampula,Malema,Transferências,740430.0,279181336.89
2025,Dezembro,Nampula,Malema,Transferências,762198.0,315703975.15
2025,Janeiro,Nampula,Meconta (Namialo),Transferências,956616.0,197157006.13
2025,Fevereiro,Nampula,Meconta (Namialo),Transferências,608818.0,190753262.07
2025,Março,Nampula,Meconta (Namialo),Transferências,539354.0,190892992.57
2025,Abril,Nampula,Meconta (Namialo),Transferências,634304.0,258297930.4
2025,Maio,Nampula,Meconta (Namialo),Transferências,711731.0,278958630.29
2025,Junho,Nampula,Meconta (Namialo),Transferências,729230.0,272320023.68
2025,Julho,Nampula,Meconta (Namialo),Transferências,817896.0,285667027.07
2025,Agosto,Nampula,Meconta (Namialo),Transferências,844369.0,297184977.06
2025,Setembro,Nampula,Meconta (Namialo),Transferências,809518.0,268494996.03
2025,Outubro,Nampula,Meconta (Namialo),Transferências,810749.0,300623911.11
2025,Novembro,Nampula,Meconta (Namialo),Transferências,1072070.0,366194652.81
2025,Dezembro,Nampula,Meconta (Namialo),Transferências,1008946.0,415760718.69
2025,Janeiro,Nampula,Mecuburi,Transferências,209184.0,72965647.15
2025,Fevereiro,Nampula,Mecuburi,Transferências,244767.0,101513888.07
2025,Março,Nampula,Mecuburi,Transferências,241421.0,95486686.02
2025,Abril,Nampula,Mecuburi,Transferências,297509.0,107970865.88
2025,Maio,Nampula,Mecuburi,Transferências,324622.0,112400544.49
2025,Junho,Nampula,Mecuburi,Transferências,364320.0,114058828.98
2025,Julho,Nampula,Mecuburi,Transferências,425962.0,125634715.92
2025,Agosto,Nampula,Mecuburi,Transferências,434916.0,122620182.96
2025,Setembro,Nampula,Mecuburi,Transferências,429043.0,131987715.88
2025,Outubro,Nampula,Mecuburi,Transferências,399877.0,127217134.7
2025,Novembro,Nampula,Mecuburi,Transferências,486535.0,163163299.05
2025,Dezembro,Nampula,Mecuburi,Transferências,475489.0,166578126.15
2025,Janeiro,Nampula,Memba,Transferências,492543.0,125908664.7
2025,Fevereiro,Nampula,Memba,Transferências,541433.0,152004324.79
2025,Março,Nampula,Memba,Transferências,468397.0,151483726.31
2025,Abril,Nampula,Memba,Transferências,617512.0,173614412.75
2025,Maio,Nampula,Memba,Transferências,666617.0,179145970.88
2025,Junho,Nampula,Memba,Transferências,726506.0,178971097.76
2025,Julho,Nampula,Memba,Transferências,815336.0,196018806.79
2025,Agosto,Nampula,Memba,Transferências,867322.0,211793789.89
2025,Setembro,Nampula,Memba,Transferências,895177.0,264507015.87
2025,Outubro,Nampula,Memba,Transferências,870218.0,266048009.49
2025,Novembro,Nampula,Memba,Transferências,1159765.0,324156249.45
2025,Dezembro,Nampula,Memba,Transferências,1045352.0,315196062.06
2025,Janeiro,Nampula,Mogincual,Transferências,268831.0,67955532.49
2025,Fevereiro,Nampula,Mogincual,Transferências,342281.0,122712734.44
2025,Março,Nampula,Mogincual,Transferências,340903.0,127228868.54
2025,Abril,Nampula,Mogincual,Transferências,378380.0,131934944.11
2025,Maio,Nampula,Mogincual,Transferências,381749.0,124187572.4
2025,Junho,Nampula,Mogincual,Transferências,412300.0,138570601.0
2025,Julho,Nampula,Mogincual,Transferências,481239.0,151365703.63
2025,Agosto,Nampula,Mogincual,Transferências,466943.0,134508363.1
2025,Setembro,Nampula,Mogincual,Transferências,467862.0,127568973.27
2025,Outubro,Nampula,Mogincual,Transferências,445316.0,134777428.1
2025,Novembro,Nampula,Mogincual,Transferências,589857.0,174291317.65
2025,Dezembro,Nampula,Mogincual,Transferências,597346.0,173247626.85
2025,Janeiro,Nampula,Mogovolas,Transferências,660131.0,192730115.26
2025,Fevereiro,Nampula,Mogovolas,Transferências,680410.0,227850747.85
2025,Março,Nampula,Mogovolas,Transferências,710565.0,266029425.55
2025,Abril,Nampula,Mogovolas,Transferências,892582.0,414531572.42
2025,Maio,Nampula,Mogovolas,Transferências,976252.0,365457166.8
2025,Junho,Nampula,Mogovolas,Transferências,977535.0,308740684.11
2025,Julho,Nampula,Mogovolas,Transferências,1069391.0,308826374.88
2025,Agosto,Nampula,Mogovolas,Transferências,1044535.0,299993656.42
2025,Setembro,Nampula,Mogovolas,Transferências,988246.0,284499723.24
2025,Outubro,Nampula,Mogovolas,Transferências,934278.0,319786212.33
2025,Novembro,Nampula,Mogovolas,Transferências,1249243.0,439562591.54
2025,Dezembro,Nampula,Mogovolas,Transferências,1255529.0,402740878.28
2025,Janeiro,Nampula,Moma,Transferências,1286081.0,429354268.01
2025,Fevereiro,Nampula,Moma,Transferências,1303718.0,455358570.39
2025,Março,Nampula,Moma,Transferências,1266774.0,515999516.91
2025,Abril,Nampula,Moma,Transferências,1507404.0,559112777.96
2025,Maio,Nampula,Moma,Transferências,1653424.0,614626401.36
2025,Junho,Nampula,Moma,Transferências,1743660.0,618416026.76
2025,Julho,Nampula,Moma,Transferências,1935660.0,634328351.2
2025,Agosto,Nampula,Moma,Transferências,1993718.0,629886529.24
2025,Setembro,Nampula,Moma,Transferências,1906909.0,609030718.19
2025,Outubro,Nampula,Moma,Transferências,1700160.0,537308556.35
2025,Novembro,Nampula,Moma,Transferências,2140732.0,697462998.44
2025,Dezembro,Nampula,Moma,Transferências,2123006.0,704325159.47
2025,Janeiro,Nampula,Monapo,Transferências,632342.0,175655205.76
2025,Fevereiro,Nampula,Monapo,Transferências,660849.0,199992200.57
2025,Março,Nampula,Monapo,Transferências,616629.0,205293437.27
2025,Abril,Nampula,Monapo,Transferências,761188.0,232317865.61
2025,Maio,Nampula,Monapo,Transferências,763596.0,229800900.86
2025,Junho,Nampula,Monapo,Transferências,840223.0,239105748.81
2025,Julho,Nampula,Monapo,Transferências,905881.0,258136359.54
2025,Agosto,Nampula,Monapo,Transferências,1015856.0,266608481.69
2025,Setembro,Nampula,Monapo,Transferências,1029104.0,265704648.16
2025,Outubro,Nampula,Monapo,Transferências,956044.0,252334692.79
2025,Novembro,Nampula,Monapo,Transferências,1223006.0,326456247.8
2025,Dezembro,Nampula,Monapo,Transferências,1244553.0,365527278.88
2025,Janeiro,Nampula,Mossuril,Transferências,189361.0,73006221.6
2025,Fevereiro,Nampula,Mossuril,Transferências,209415.0,92458568.97
2025,Março,Nampula,Mossuril,Transferências,215257.0,102163756.33
2025,Abril,Nampula,Mossuril,Transferências,243272.0,96404758.02
2025,Maio,Nampula,Mossuril,Transferências,288890.0,112170652.69
2025,Junho,Nampula,Mossuril,Transferências,317637.0,141706921.47
2025,Julho,Nampula,Mossuril,Transferências,359281.0,135372726.65
2025,Agosto,Nampula,Mossuril,Transferências,391412.0,143404360.61
2025,Setembro,Nampula,Mossuril,Transferências,366703.0,121672002.19
2025,Outubro,Nampula,Mossuril,Transferências,363787.0,128677834.99
2025,Novembro,Nampula,Mossuril,Transferências,460801.0,151470153.49
2025,Dezembro,Nampula,Mossuril,Transferências,501285.0,183328057.98
2025,Janeiro,Nampula,Muecate,Transferências,133067.0,27722202.4
2025,Fevereiro,Nampula,Muecate,Transferências,131670.0,33762885.52
2025,Março,Nampula,Muecate,Transferências,106216.0,29110197.94
2025,Abril,Nampula,Muecate,Transferências,161630.0,46728172.53
2025,Maio,Nampula,Muecate,Transferências,172546.0,39705512.98
2025,Junho,Nampula,Muecate,Transferências,190349.0,47464009.15
2025,Julho,Nampula,Muecate,Transferências,225275.0,52224768.42
2025,Agosto,Nampula,Muecate,Transferências,235916.0,47882416.58
2025,Setembro,Nampula,Muecate,Transferências,232813.0,46480951.64
2025,Outubro,Nampula,Muecate,Transferências,207732.0,43965978.38
2025,Novembro,Nampula,Muecate,Transferências,278519.0,59718364.3
2025,Dezembro,Nampula,Muecate,Transferências,281169.0,66395290.47
2025,Janeiro,Nampula,Murrupula,Transferências,219385.0,86023067.03
2025,Fevereiro,Nampula,Murrupula,Transferências,218496.0,89914709.65
2025,Março,Nampula,Murrupula,Transferências,249318.0,99972788.77
2025,Abril,Nampula,Murrupula,Transferências,312298.0,138361949.48
2025,Maio,Nampula,Murrupula,Transferências,318515.0,126697349.06
2025,Junho,Nampula,Murrupula,Transferências,337318.0,123184304.96
2025,Julho,Nampula,Murrupula,Transferências,379519.0,127781846.92
2025,Agosto,Nampula,Murrupula,Transferências,399201.0,124867904.88
2025,Setembro,Nampula,Murrupula,Transferências,398308.0,125624657.66
2025,Outubro,Nampula,Murrupula,Transferências,382347.0,118452311.79
2025,Novembro,Nampula,Murrupula,Transferências,537847.0,204625318.23
2025,Dezembro,Nampula,Murrupula,Transferências,517863.0,178076340.52
2025,Janeiro,Nampula,Nacala-Velha,Transferências,236906.0,62134431.5
2025,Fevereiro,Nampula,Nacala-Velha,Transferências,255258.0,64572724.01
2025,Março,Nampula,Nacala-Velha,Transferências,250762.0,73533390.48
2025,Abril,Nampula,Nacala-Velha,Transferências,303953.0,87959934.38
2025,Maio,Nampula,Nacala-Velha,Transferências,374659.0,122685798.33
2025,Junho,Nampula,Nacala-Velha,Transferências,377389.0,117869488.66
2025,Julho,Nampula,Nacala-Velha,Transferências,458430.0,138691406.75
2025,Agosto,Nampula,Nacala-Velha,Transferências,472828.0,129388867.65
2025,Setembro,Nampula,Nacala-Velha,Transferências,442090.0,107619246.89
2025,Outubro,Nampula,Nacala-Velha,Transferências,416778.0,102536451.89
2025,Novembro,Nampula,Nacala-Velha,Transferências,526320.0,129337180.3
2025,Dezembro,Nampula,Nacala-Velha,Transferências,574284.0,164694987.15
2025,Janeiro,Nampula,Nacaroa,Transferências,216756.0,49254456.33
2025,Fevereiro,Nampula,Nacaroa,Transferências,224605.0,56943967.42
2025,Março,Nampula,Nacaroa,Transferências,203618.0,62081980.46
2025,Abril,Nampula,Nacaroa,Transferências,302625.0,95400983.27
2025,Maio,Nampula,Nacaroa,Transferências,336547.0,92208969.13
2025,Junho,Nampula,Nacaroa,Transferências,350762.0,82661582.4
2025,Julho,Nampula,Nacaroa,Transferências,381987.0,83625076.95
2025,Agosto,Nampula,Nacaroa,Transferências,369046.0,72472798.13
2025,Setembro,Nampula,Nacaroa,Transferências,346301.0,68114352.64
2025,Outubro,Nampula,Nacaroa,Transferências,329022.0,80617075.21
2025,Novembro,Nampula,Nacaroa,Transferências,442242.0,107353716.33
2025,Dezembro,Nampula,Nacaroa,Transferências,446608.0,107931342.03
2025,Janeiro,Nampula,Namapa-Erati,Transferências,403983.0,134504608.7
2025,Fevereiro,Nampula,Namapa-Erati,Transferências,375268.0,166479691.45
2025,Março,Nampula,Namapa-Erati,Transferências,398096.0,184352892.58
2025,Abril,Nampula,Namapa-Erati,Transferências,477045.0,252140776.71
2025,Maio,Nampula,Namapa-Erati,Transferências,544726.0,256686104.91
2025,Junho,Nampula,Namapa-Erati,Transferências,581591.0,250990590.81
2025,Julho,Nampula,Namapa-Erati,Transferências,654974.0,250164373.11
2025,Agosto,Nampula,Namapa-Erati,Transferências,702121.0,268476628.41
2025,Setembro,Nampula,Namapa-Erati,Transferências,689109.0,238375031.24
2025,Outubro,Nampula,Namapa-Erati,Transferências,663958.0,241418555.28
2025,Novembro,Nampula,Namapa-Erati,Transferências,855711.0,338776174.39
2025,Dezembro,Nampula,Namapa-Erati,Transferências,862669.0,346173448.0
2025,Janeiro,Nampula,Rapale-Nampula,Transferências,902586.0,378280533.57
2025,Fevereiro,Nampula,Rapale-Nampula,Transferências,951545.0,395522180.5
2025,Março,Nampula,Rapale-Nampula,Transferências,887037.0,357105159.42
2025,Abril,Nampula,Rapale-Nampula,Transferências,1061951.0,409558017.27
2025,Maio,Nampula,Rapale-Nampula,Transferências,1244973.0,513549094.66
2025,Junho,Nampula,Rapale-Nampula,Transferências,1295260.0,520139658.69
2025,Julho,Nampula,Rapale-Nampula,Transferências,1440257.0,555772763.39
2025,Agosto,Nampula,Rapale-Nampula,Transferências,1773963.0,879763400.33
2025,Setembro,Nampula,Rapale-Nampula,Transferências,1822228.0,851794380.03
2025,Outubro,Nampula,Rapale-Nampula,Transferências,1821733.0,856813302.5
2025,Novembro,Nampula,Rapale-Nampula,Transferências,2368087.0,1079062170.05
2025,Dezembro,Nampula,Rapale-Nampula,Transferências,2617562.0,1395867051.56
2025,Janeiro,Nampula,Ribaué,Transferências,339962.0,149075468.78
2025,Fevereiro,Nampula,Ribaué,Transferências,371922.0,175161938.79
2025,Março,Nampula,Ribaué,Transferências,401965.0,179653390.26
2025,Abril,Nampula,Ribaué,Transferências,503828.0,211859275.82
2025,Maio,Nampula,Ribaué,Transferências,540140.0,223167879.69
2025,Junho,Nampula,Ribaué,Transferências,554951.0,203500331.22
2025,Julho,Nampula,Ribaué,Transferências,600722.0,213129085.95
2025,Agosto,Nampula,Ribaué,Transferências,662375.0,219105937.8
2025,Setembro,Nampula,Ribaué,Transferências,660665.0,215779307.1
2025,Outubro,Nampula,Ribaué,Transferências,611899.0,208425445.6
2025,Novembro,Nampula,Ribaué,Transferências,712564.0,232688748.53
2025,Dezembro,Nampula,Ribaué,Transferências,796891.0,298165617.24
2025,Janeiro,Nampula,Liupo,Transferências,1006.0,108788.0
2025,Fevereiro,Nampula,Liupo,Transferências,1059.0,117080.0
2025,Março,Nampula,Liupo,Transferências,1078.0,983754.12
2025,Abril,Nampula,Liupo,Transferências,1493.0,957742.88
2025,Maio,Nampula,Liupo,Transferências,1296.0,660647.0
2025,Junho,Nampula,Liupo,Transferências,2277.0,4955124.9
2025,Julho,Nampula,Liupo,Transferências,2025.0,5726985.33
2025,Agosto,Nampula,Liupo,Transferências,2656.0,8358485.98
2025,Setembro,Nampula,Liupo,Transferências,2767.0,8433603.3
2025,Outubro,Nampula,Liupo,Transferências,4354.0,5620344.39
2025,Novembro,Nampula,Liupo,Transferências,4098.0,4896215.11
2025,Dezembro,Nampula,Liupo,Transferências,2946.0,4075464.99
2025,Janeiro,Nampula,Larde,Transferências,2617.0,780526.5
2025,Fevereiro,Nampula,Larde,Transferências,3771.0,1478139.45
2025,Março,Nampula,Larde,Transferências,1658.0,697517.48
2025,Abril,Nampula,Larde,Transferências,7439.0,3372407.9
2025,Maio,Nampula,Larde,Transferências,10575.0,4313196.13
2025,Junho,Nampula,Larde,Transferências,8934.0,3262510.06
2025,Julho,Nampula,Larde,Transferências,9872.0,3743837.05
2025,Agosto,Nampula,Larde,Transferências,10783.0,4592235.06
2025,Setembro,Nampula,Larde,Transferências,10653.0,4109390.46
2025,Outubro,Nampula,Larde,Transferências,73369.0,62409087.01
2025,Novembro,Nampula,Larde,Transferências,63416.0,48448730.05
2025,Dezembro,Nampula,Larde,Transferências,53615.0,42698091.11
2025,Janeiro,Cabo Delgado,Cidade de Pemba,Transferências,2177176.0,1673892438.16
2025,Fevereiro,Cabo Delgado,Cidade de Pemba,Transferências,2285271.0,1740038197.79
2025,Março,Cabo Delgado,Cidade de Pemba,Transferências,2487827.0,1837883331.43
2025,Abril,Cabo Delgado,Cidade de Pemba,Transferências,2586965.0,1826853864.74
2025,Maio,Cabo Delgado,Cidade de Pemba,Transferências,2948860.0,2123688334.07
2025,Junho,Cabo Delgado,Cidade de Pemba,Transferências,2903390.0,2077638581.45
2025,Julho,Cabo Delgado,Cidade de Pemba,Transferências,3190351.0,2279245027.37
2025,Agosto,Cabo Delgado,Cidade de Pemba,Transferências,3348667.0,2190875791.73
2025,Setembro,Cabo Delgado,Cidade de Pemba,Transferências,3185680.0,2095765184.41
2025,Outubro,Cabo Delgado,Cidade de Pemba,Transferências,3080076.0,2053072414.98
2025,Novembro,Cabo Delgado,Cidade de Pemba,Transferências,3861715.0,2475840055.95
2025,Dezembro,Cabo Delgado,Cidade de Pemba,Transferências,4216539.0,3047582174.99
2025,Janeiro,Cabo Delgado,Ancuabe,Transferências,358188.0,146089477.72
2025,Fevereiro,Cabo Delgado,Ancuabe,Transferências,408745.0,190446280.63
2025,Março,Cabo Delgado,Ancuabe,Transferências,449145.0,191828371.44
2025,Abril,Cabo Delgado,Ancuabe,Transferências,435238.0,176886585.77
2025,Maio,Cabo Delgado,Ancuabe,Transferências,494641.0,222371520.1
2025,Junho,Cabo Delgado,Ancuabe,Transferências,549184.0,235022124.44
2025,Julho,Cabo Delgado,Ancuabe,Transferências,620479.0,253961137.1
2025,Agosto,Cabo Delgado,Ancuabe,Transferências,639823.0,228820752.65
2025,Setembro,Cabo Delgado,Ancuabe,Transferências,636132.0,234358613.53
2025,Outubro,Cabo Delgado,Ancuabe,Transferências,572434.0,212069050.95
2025,Novembro,Cabo Delgado,Ancuabe,Transferências,697750.0,260283720.4
2025,Dezembro,Cabo Delgado,Ancuabe,Transferências,740189.0,310785664.0
2025,Janeiro,Cabo Delgado,Balama,Transferências,156314.0,77627472.64
2025,Fevereiro,Cabo Delgado,Balama,Transferências,165397.0,86934888.85
2025,Março,Cabo Delgado,Balama,Transferências,184577.0,84526212.35
2025,Abril,Cabo Delgado,Balama,Transferências,199108.0,88483561.15
2025,Maio,Cabo Delgado,Balama,Transferências,231278.0,126095735.85
2025,Junho,Cabo Delgado,Balama,Transferências,286513.0,193947639.42
2025,Julho,Cabo Delgado,Balama,Transferências,344750.0,196724885.76
2025,Agosto,Cabo Delgado,Balama,Transferências,371942.0,211076392.29
2025,Setembro,Cabo Delgado,Balama,Transferências,365369.0,184937301.4
2025,Outubro,Cabo Delgado,Balama,Transferências,346793.0,176158314.01
2025,Novembro,Cabo Delgado,Balama,Transferências,387912.0,183762947.13
2025,Dezembro,Cabo Delgado,Balama,Transferências,405351.0,210559215.0
2025,Janeiro,Cabo Delgado,Chiúre,Transferências,422322.0,211938226.83
2025,Fevereiro,Cabo Delgado,Chiúre,Transferências,473573.0,230958677.13
2025,Março,Cabo Delgado,Chiúre,Transferências,545961.0,246162687.41
2025,Abril,Cabo Delgado,Chiúre,Transferências,653376.0,324227773.78
2025,Maio,Cabo Delgado,Chiúre,Transferências,731302.0,340253413.65
2025,Junho,Cabo Delgado,Chiúre,Transferências,808578.0,355953149.85
2025,Julho,Cabo Delgado,Chiúre,Transferências,933039.0,363036741.1
2025,Agosto,Cabo Delgado,Chiúre,Transferências,974213.0,339929237.76
2025,Setembro,Cabo Delgado,Chiúre,Transferências,955495.0,300664424.56
2025,Outubro,Cabo Delgado,Chiúre,Transferências,906707.0,301564250.8
2025,Novembro,Cabo Delgado,Chiúre,Transferências,1078096.0,401220314.34
2025,Dezembro,Cabo Delgado,Chiúre,Transferências,1074748.0,437992351.53
2025,Janeiro,Cabo Delgado,Ibo,Transferências,105787.0,60136729.0
2025,Fevereiro,Cabo Delgado,Ibo,Transferências,112078.0,61982833.0
2025,Março,Cabo Delgado,Ibo,Transferências,129387.0,74320511.0
2025,Abril,Cabo Delgado,Ibo,Transferências,126058.0,68918457.0
2025,Maio,Cabo Delgado,Ibo,Transferências,98658.0,54634713.0
2025,Junho,Cabo Delgado,Ibo,Transferências,123953.0,60827951.0
2025,Julho,Cabo Delgado,Ibo,Transferências,118814.0,56495059.0
2025,Agosto,Cabo Delgado,Ibo,Transferências,124025.0,57656894.0
2025,Setembro,Cabo Delgado,Ibo,Transferências,131278.0,59150101.0
2025,Outubro,Cabo Delgado,Ibo,Transferências,132812.0,62766678.0
2025,Novembro,Cabo Delgado,Ibo,Transferências,177166.0,92723234.0
2025,Dezembro,Cabo Delgado,Ibo,Transferências,185161.0,94741026.0
2025,Janeiro,Cabo Delgado,Macomia,Transferências,124324.0,75599252.0
2025,Fevereiro,Cabo Delgado,Macomia,Transferências,160664.0,104766334.42
2025,Março,Cabo Delgado,Macomia,Transferências,176365.0,109040132.79
2025,Abril,Cabo Delgado,Macomia,Transferências,176642.0,95230114.4
2025,Maio,Cabo Delgado,Macomia,Transferências,190938.0,102276514.86
2025,Junho,Cabo Delgado,Macomia,Transferências,185600.0,106347840.51
2025,Julho,Cabo Delgado,Macomia,Transferências,199518.0,110549178.83
2025,Agosto,Cabo Delgado,Macomia,Transferências,195761.0,95802628.67
2025,Setembro,Cabo Delgado,Macomia,Transferências,220287.0,100955516.05
2025,Outubro,Cabo Delgado,Macomia,Transferências,189032.0,85825091.42
2025,Novembro,Cabo Delgado,Macomia,Transferências,246605.0,131750711.02
2025,Dezembro,Cabo Delgado,Macomia,Transferências,276212.0,165202277.19
2025,Janeiro,Cabo Delgado,Mecufi,Transferências,48847.0,17115042.0
2025,Fevereiro,Cabo Delgado,Mecufi,Transferências,64522.0,25443880.38
2025,Março,Cabo Delgado,Mecufi,Transferências,75400.0,24133610.0
2025,Abril,Cabo Delgado,Mecufi,Transferências,90780.0,29217084.0
2025,Maio,Cabo Delgado,Mecufi,Transferências,94963.0,29790410.0
2025,Junho,Cabo Delgado,Mecufi,Transferências,103133.0,35901811.0
2025,Julho,Cabo Delgado,Mecufi,Transferências,117585.0,36675556.0
2025,Agosto,Cabo Delgado,Mecufi,Transferências,125800.0,35362215.44
2025,Setembro,Cabo Delgado,Mecufi,Transferências,132043.0,35874342.9
2025,Outubro,Cabo Delgado,Mecufi,Transferências,134526.0,36436351.0
2025,Novembro,Cabo Delgado,Mecufi,Transferências,175676.0,46570712.25
2025,Dezembro,Cabo Delgado,Mecufi,Transferências,194001.0,59547925.0
2025,Janeiro,Cabo Delgado,Meluco,Transferências,36974.0,17404090.0
2025,Fevereiro,Cabo Delgado,Meluco,Transferências,47206.0,30229400.4
2025,Março,Cabo Delgado,Meluco,Transferências,55347.0,27446317.4
2025,Abril,Cabo Delgado,Meluco,Transferências,58189.0,26591764.0
2025,Maio,Cabo Delgado,Meluco,Transferências,61118.0,30433935.0
2025,Junho,Cabo Delgado,Meluco,Transferências,69731.0,29628186.0
2025,Julho,Cabo Delgado,Meluco,Transferências,83577.0,42133766.99
2025,Agosto,Cabo Delgado,Meluco,Transferências,91426.0,45168225.07
2025,Setembro,Cabo Delgado,Meluco,Transferências,92787.0,46373005.0
2025,Outubro,Cabo Delgado,Meluco,Transferências,96237.0,49700937.69
2025,Novembro,Cabo Delgado,Meluco,Transferências,118077.0,61209770.0
2025,Dezembro,Cabo Delgado,Meluco,Transferências,116626.0,58051469.5
2025,Janeiro,Cabo Delgado,Mocimboa da Praia,Transferências,206272.0,164279412.57
2025,Fevereiro,Cabo Delgado,Mocimboa da Praia,Transferências,243803.0,209655658.79
2025,Março,Cabo Delgado,Mocimboa da Praia,Transferências,367022.0,224267909.79
2025,Abril,Cabo Delgado,Mocimboa da Praia,Transferências,256501.0,214726470.25
2025,Maio,Cabo Delgado,Mocimboa da Praia,Transferências,297442.0,274687403.59000003
2025,Junho,Cabo Delgado,Mocimboa da Praia,Transferências,300230.0,262332855.24
2025,Julho,Cabo Delgado,Mocimboa da Praia,Transferências,302046.0,242392589.05
2025,Agosto,Cabo Delgado,Mocimboa da Praia,Transferências,316447.0,245820219.02
2025,Setembro,Cabo Delgado,Mocimboa da Praia,Transferências,299479.0,228152554.1
2025,Outubro,Cabo Delgado,Mocimboa da Praia,Transferências,236220.0,187437165.06
2025,Novembro,Cabo Delgado,Mocimboa da Praia,Transferências,272171.0,215589075.11
2025,Dezembro,Cabo Delgado,Mocimboa da Praia,Transferências,308307.0,253563446.28
2025,Janeiro,Cabo Delgado,Montepuez,Transferências,911507.0,597075523.97
2025,Fevereiro,Cabo Delgado,Montepuez,Transferências,995488.0,698397054.55
2025,Março,Cabo Delgado,Montepuez,Transferências,217148.0,168822859.84
2025,Abril,Cabo Delgado,Montepuez,Transferências,1158500.0,752775005.34
2025,Maio,Cabo Delgado,Montepuez,Transferências,1277462.0,837042501.71
2025,Junho,Cabo Delgado,Montepuez,Transferências,1323777.0,831579864.36
2025,Julho,Cabo Delgado,Montepuez,Transferências,1419209.0,844639845.4
2025,Agosto,Cabo Delgado,Montepuez,Transferências,1487948.0,829023732.38
2025,Setembro,Cabo Delgado,Montepuez,Transferências,1449583.0,791238910.15
2025,Outubro,Cabo Delgado,Montepuez,Transferências,1421214.0,825497387.1
2025,Novembro,Cabo Delgado,Montepuez,Transferências,1758287.0,1010666612.05
2025,Dezembro,Cabo Delgado,Montepuez,Transferências,1980546.0,1328365934.87
2025,Janeiro,Cabo Delgado,Mueda,Transferências,423587.0,286480790.26
2025,Fevereiro,Cabo Delgado,Mueda,Transferências,486121.0,358401990.04
2025,Março,Cabo Delgado,Mueda,Transferências,1013425.0,753794892.52
2025,Abril,Cabo Delgado,Mueda,Transferências,534476.0,304306931.39
2025,Maio,Cabo Delgado,Mueda,Transferências,635985.0,403575931.9
2025,Junho,Cabo Delgado,Mueda,Transferências,648690.0,407421233.21
2025,Julho,Cabo Delgado,Mueda,Transferências,699865.0,402266294.29
2025,Agosto,Cabo Delgado,Mueda,Transferências,717849.0,350499519.2
2025,Setembro,Cabo Delgado,Mueda,Transferências,702617.0,370948429.34
2025,Outubro,Cabo Delgado,Mueda,Transferências,674796.0,364642227.82
2025,Novembro,Cabo Delgado,Mueda,Transferências,815601.0,547301917.1800001
2025,Dezembro,Cabo Delgado,Mueda,Transferências,898683.0,676929916.16
2025,Janeiro,Cabo Delgado,Muidumbe,Transferências,116664.0,37114296.0
2025,Fevereiro,Cabo Delgado,Muidumbe,Transferências,149151.0,62203589.0
2025,Março,Cabo Delgado,Muidumbe,Transferências,486829.0,285798789.0
2025,Abril,Cabo Delgado,Muidumbe,Transferências,126256.0,43061925.9
2025,Maio,Cabo Delgado,Muidumbe,Transferências,156261.0,62831859.75
2025,Junho,Cabo Delgado,Muidumbe,Transferências,160935.0,55025622.2
2025,Julho,Cabo Delgado,Muidumbe,Transferências,172828.0,59216378.0
2025,Agosto,Cabo Delgado,Muidumbe,Transferências,183239.0,50642936.0
2025,Setembro,Cabo Delgado,Muidumbe,Transferências,197744.0,57299205.0
2025,Outubro,Cabo Delgado,Muidumbe,Transferências,172074.0,54735313.0
2025,Novembro,Cabo Delgado,Muidumbe,Transferências,224036.0,67073847.8
2025,Dezembro,Cabo Delgado,Muidumbe,Transferências,252062.0,87104346.0
2025,Janeiro,Cabo Delgado,Namuno,Transferências,251536.0,103640837.0
2025,Fevereiro,Cabo Delgado,Namuno,Transferências,268638.0,118780599.14
2025,Março,Cabo Delgado,Namuno,Transferências,142498.0,52687263.49
2025,Abril,Cabo Delgado,Namuno,Transferências,366133.0,162250512.87
2025,Maio,Cabo Delgado,Namuno,Transferências,398151.0,169986719.8
2025,Junho,Cabo Delgado,Namuno,Transferências,472332.0,210199203.98
2025,Julho,Cabo Delgado,Namuno,Transferências,548069.0,197775121.68
2025,Agosto,Cabo Delgado,Namuno,Transferências,560041.0,171548848.43
2025,Setembro,Cabo Delgado,Namuno,Transferências,533044.0,161543748.5
2025,Outubro,Cabo Delgado,Namuno,Transferências,501092.0,163002556.05
2025,Novembro,Cabo Delgado,Namuno,Transferências,600620.0,198462505.3
2025,Dezembro,Cabo Delgado,Namuno,Transferências,610843.0,225173277.66
2025,Janeiro,Cabo Delgado,Nangade,Transferências,142118.0,77372899.05
2025,Fevereiro,Cabo Delgado,Nangade,Transferências,168962.0,88059252.56
2025,Março,Cabo Delgado,Nangade,Transferências,317983.0,150579258.8
2025,Abril,Cabo Delgado,Nangade,Transferências,161102.0,65129711.0
2025,Maio,Cabo Delgado,Nangade,Transferências,175218.0,75633381.94
2025,Junho,Cabo Delgado,Nangade,Transferências,185139.0,82414235.16
2025,Julho,Cabo Delgado,Nangade,Transferências,199998.0,75628303.05
2025,Agosto,Cabo Delgado,Nangade,Transferências,193912.0,60996145.52
2025,Setembro,Cabo Delgado,Nangade,Transferências,212515.0,66744849.99
2025,Outubro,Cabo Delgado,Nangade,Transferências,197188.0,74304503.53999999
2025,Novembro,Cabo Delgado,Nangade,Transferências,268309.0,213473767.1
2025,Dezembro,Cabo Delgado,Nangade,Transferências,303026.0,197565082.1
2025,Janeiro,Cabo Delgado,Palma,Transferências,219884.0,195150187.44
2025,Fevereiro,Cabo Delgado,Palma,Transferências,223768.0,201792375.16
2025,Março,Cabo Delgado,Palma,Transferências,383695.0,290737888.71000004
2025,Abril,Cabo Delgado,Palma,Transferências,243685.0,230191847.13
2025,Maio,Cabo Delgado,Palma,Transferências,256550.0,227720988.77
2025,Junho,Cabo Delgado,Palma,Transferências,249203.0,220439344.64
2025,Julho,Cabo Delgado,Palma,Transferências,262325.0,240151088.09
2025,Agosto,Cabo Delgado,Palma,Transferências,282989.0,248020170.11
2025,Setembro,Cabo Delgado,Palma,Transferências,307680.0,272185210.52
2025,Outubro,Cabo Delgado,Palma,Transferências,327795.0,306132608.19
2025,Novembro,Cabo Delgado,Palma,Transferências,375342.0,360833398.77
2025,Dezembro,Cabo Delgado,Palma,Transferências,411691.0,443164462.44
2025,Janeiro,Cabo Delgado,Pemba-Metuge,Transferências,153259.0,68486773.0
2025,Fevereiro,Cabo Delgado,Pemba-Metuge,Transferências,174835.0,80080182.0
2025,Março,Cabo Delgado,Pemba-Metuge,Transferências,25466.0,18087069.0
2025,Abril,Cabo Delgado,Pemba-Metuge,Transferências,211795.0,79021915.0
2025,Maio,Cabo Delgado,Pemba-Metuge,Transferências,247081.0,103648968.58
2025,Junho,Cabo Delgado,Pemba-Metuge,Transferências,262786.0,104588401.0
2025,Julho,Cabo Delgado,Pemba-Metuge,Transferências,2794608.0,1907728756.0
2025,Agosto,Cabo Delgado,Pemba-Metuge,Transferências,2940687.0,1830128218.0
2025,Setembro,Cabo Delgado,Pemba-Metuge,Transferências,315116.0,103637069.0
2025,Outubro,Cabo Delgado,Pemba-Metuge,Transferências,2679859.0,1720669151.66
2025,Novembro,Cabo Delgado,Pemba-Metuge,Transferências,388217.0,138074108.62
2025,Dezembro,Cabo Delgado,Pemba-Metuge,Transferências,417207.0,159105453.61
2025,Janeiro,Cabo Delgado,Quissanga,Transferências,57292.0,21959738.0
2025,Fevereiro,Cabo Delgado,Quissanga,Transferências,63836.0,25534505.0
2025,Março,Cabo Delgado,Quissanga,Transferências,71778.0,27784564.0
2025,Abril,Cabo Delgado,Quissanga,Transferências,75551.0,28390039.0
2025,Maio,Cabo Delgado,Quissanga,Transferências,132613.0,52616302.0
2025,Junho,Cabo Delgado,Quissanga,Transferências,136415.0,51599446.0
2025,Julho,Cabo Delgado,Quissanga,Transferências,148588.0,55149354.0
2025,Agosto,Cabo Delgado,Quissanga,Transferências,159141.0,52814404.0
2025,Setembro,Cabo Delgado,Quissanga,Transferências,159382.0,46500177.0
2025,Outubro,Cabo Delgado,Quissanga,Transferências,154442.0,45823451.0
2025,Novembro,Cabo Delgado,Quissanga,Transferências,188377.0,56982895.78
2025,Dezembro,Cabo Delgado,Quissanga,Transferências,204535.0,64137154.0
2025,Janeiro,Niassa,Cidade de Lichinga,Transferências,1819354.0,990093267.17
2025,Fevereiro,Niassa,Cidade de Lichinga,Transferências,1945726.0,1091439970.09
2025,Março,Niassa,Cidade de Lichinga,Transferências,2152351.0,1130299469.57
2025,Abril,Niassa,Cidade de Lichinga,Transferências,2259126.0,1173171978.28
2025,Maio,Niassa,Cidade de Lichinga,Transferências,2494382.0,1480208374.9
2025,Junho,Niassa,Cidade de Lichinga,Transferências,2384440.0,1539374240.0
2025,Julho,Niassa,Cidade de Lichinga,Transferências,2564182.0,1568132026.75
2025,Agosto,Niassa,Cidade de Lichinga,Transferências,2866529.0,1554593147.52
2025,Setembro,Niassa,Cidade de Lichinga,Transferências,2796855.0,1495966784.4
2025,Outubro,Niassa,Cidade de Lichinga,Transferências,2491588.0,1409627753.6
2025,Novembro,Niassa,Cidade de Lichinga,Transferências,2977207.0,1660017467.73
2025,Dezembro,Niassa,Cidade de Lichinga,Transferências,3262314.0,2036746554.97
2025,Janeiro,Niassa,Cuamba,Transferências,644367.0,347719255.02
2025,Fevereiro,Niassa,Cuamba,Transferências,687020.0,337695508.68
2025,Março,Niassa,Cuamba,Transferências,776288.0,365733485.13
2025,Abril,Niassa,Cuamba,Transferências,846328.0,423282318.74
2025,Maio,Niassa,Cuamba,Transferências,983531.0,583378861.44
2025,Junho,Niassa,Cuamba,Transferências,1022324.0,632184866.99
2025,Julho,Niassa,Cuamba,Transferências,1112449.0,601046054.56
2025,Agosto,Niassa,Cuamba,Transferências,1209724.0,636045808.2
2025,Setembro,Niassa,Cuamba,Transferências,1173914.0,552915052.97
2025,Outubro,Niassa,Cuamba,Transferências,1048291.0,470845238.8
2025,Novembro,Niassa,Cuamba,Transferências,1271566.0,578972657.55
2025,Dezembro,Niassa,Cuamba,Transferências,1382540.0,709654916.5
2025,Janeiro,Niassa,Lago,Transferências,248731.0,96995749.46
2025,Fevereiro,Niassa,Lago,Transferências,258185.0,108266488.48
2025,Março,Niassa,Lago,Transferências,299960.0,118062785.5
2025,Abril,Niassa,Lago,Transferências,298385.0,113087887.88
2025,Maio,Niassa,Lago,Transferências,302616.0,125168916.75
2025,Junho,Niassa,Lago,Transferências,315038.0,134559360.68
2025,Julho,Niassa,Lago,Transferências,363696.0,148497253.73
2025,Agosto,Niassa,Lago,Transferências,391197.0,158514124.3
2025,Setembro,Niassa,Lago,Transferências,421501.0,183853784.33
2025,Outubro,Niassa,Lago,Transferências,409632.0,208941314.74
2025,Novembro,Niassa,Lago,Transferências,506177.0,267628485.25
2025,Dezembro,Niassa,Lago,Transferências,600189.0,299896606.1
2025,Janeiro,Niassa,Manjune,Transferências,114044.0,29773490.0
2025,Fevereiro,Niassa,Manjune,Transferências,122585.0,33706366.0
2025,Março,Niassa,Manjune,Transferências,142974.0,33047532.66
2025,Abril,Niassa,Manjune,Transferências,147605.0,33123008.65
2025,Maio,Niassa,Manjune,Transferências,162828.0,38492591.1
2025,Junho,Niassa,Manjune,Transferências,183124.0,42023710.0
2025,Julho,Niassa,Manjune,Transferências,186054.0,39223671.92
2025,Agosto,Niassa,Manjune,Transferências,193121.0,40233370.0
2025,Setembro,Niassa,Manjune,Transferências,192333.0,35030673.0
2025,Outubro,Niassa,Manjune,Transferências,190311.0,39640376.0
2025,Novembro,Niassa,Manjune,Transferências,238492.0,46590774.83
2025,Dezembro,Niassa,Manjune,Transferências,267653.0,61920487.0
2025,Janeiro,Niassa,Mandimba,Transferências,346745.0,163631619.19
2025,Fevereiro,Niassa,Mandimba,Transferências,357967.0,194326288.28
2025,Março,Niassa,Mandimba,Transferências,411739.0,201662215.01
2025,Abril,Niassa,Mandimba,Transferências,444627.0,222450397.65
2025,Maio,Niassa,Mandimba,Transferências,496122.0,282468961.1
2025,Junho,Niassa,Mandimba,Transferências,541398.0,297108858.18
2025,Julho,Niassa,Mandimba,Transferências,737806.0,389557051.71
2025,Agosto,Niassa,Mandimba,Transferências,791520.0,423822180.11
2025,Setembro,Niassa,Mandimba,Transferências,684774.0,316546837.24
2025,Outubro,Niassa,Mandimba,Transferências,616107.0,289946287.57
2025,Novembro,Niassa,Mandimba,Transferências,739646.0,357022835.85
2025,Dezembro,Niassa,Mandimba,Transferências,792003.0,413671811.81
2025,Janeiro,Niassa,Marrupa,Transferências,132830.0,68871144.0
2025,Fevereiro,Niassa,Marrupa,Transferências,141648.0,76257322.54
2025,Março,Niassa,Marrupa,Transferências,160619.0,92611304.17
2025,Abril,Niassa,Marrupa,Transferências,165434.0,84755614.77
2025,Maio,Niassa,Marrupa,Transferências,192166.0,105875213.88
2025,Junho,Niassa,Marrupa,Transferências,225422.0,106886977.88
2025,Julho,Niassa,Marrupa,Transferências,237123.0,93472604.76
2025,Agosto,Niassa,Marrupa,Transferências,245332.0,100357291.8
2025,Setembro,Niassa,Marrupa,Transferências,229523.0,96356316.85
2025,Outubro,Niassa,Marrupa,Transferências,219324.0,92548479.0
2025,Novembro,Niassa,Marrupa,Transferências,267369.0,113520531.55
2025,Dezembro,Niassa,Marrupa,Transferências,229474.0,113867816.0
2025,Janeiro,Niassa,Maúa,Transferências,80750.0,23458073.4
2025,Fevereiro,Niassa,Maúa,Transferências,88822.0,28509162.92
2025,Março,Niassa,Maúa,Transferências,94432.0,29853038.72
2025,Abril,Niassa,Maúa,Transferências,100108.0,31575294.94
2025,Maio,Niassa,Maúa,Transferências,115334.0,39462680.87
2025,Junho,Niassa,Maúa,Transferências,127166.0,46406411.83
2025,Julho,Niassa,Maúa,Transferências,151967.0,51089863.72
2025,Agosto,Niassa,Maúa,Transferências,169843.0,49379154.8
2025,Setembro,Niassa,Maúa,Transferências,160295.0,41670157.14
2025,Outubro,Niassa,Maúa,Transferências,143927.0,38624784.35
2025,Novembro,Niassa,Maúa,Transferências,167618.0,44100417.33
2025,Dezembro,Niassa,Maúa,Transferências,169080.0,43026542.11
2025,Janeiro,Niassa,Mavago,Transferências,47104.0,17405419.0
2025,Fevereiro,Niassa,Mavago,Transferências,52717.0,22852366.0
2025,Março,Niassa,Mavago,Transferências,58280.0,20802477.0
2025,Abril,Niassa,Mavago,Transferências,59317.0,25997900.0
2025,Maio,Niassa,Mavago,Transferências,66559.0,35379668.0
2025,Junho,Niassa,Mavago,Transferências,83885.0,48595713.27
2025,Julho,Niassa,Mavago,Transferências,85686.0,35808749.59
2025,Agosto,Niassa,Mavago,Transferências,81211.0,24571564.0
2025,Setembro,Niassa,Mavago,Transferências,79513.0,24194784.21
2025,Outubro,Niassa,Mavago,Transferências,76763.0,25778037.0
2025,Novembro,Niassa,Mavago,Transferências,85937.0,33622988.7
2025,Dezembro,Niassa,Mavago,Transferências,84122.0,31979005.5
2025,Janeiro,Niassa,Mecanhelas,Transferências,268352.0,84027215.32
2025,Fevereiro,Niassa,Mecanhelas,Transferências,280633.0,104157499.47
2025,Março,Niassa,Mecanhelas,Transferências,342575.0,120016282.67
2025,Abril,Niassa,Mecanhelas,Transferências,372055.0,121514664.21
2025,Maio,Niassa,Mecanhelas,Transferências,415762.0,138364531.61
2025,Junho,Niassa,Mecanhelas,Transferências,444223.0,142436009.14
2025,Julho,Niassa,Mecanhelas,Transferências,518366.0,140275778.7
2025,Agosto,Niassa,Mecanhelas,Transferências,555762.0,132546652.29
2025,Setembro,Niassa,Mecanhelas,Transferências,525103.0,124331709.4
2025,Outubro,Niassa,Mecanhelas,Transferências,494897.0,141057761.06
2025,Novembro,Niassa,Mecanhelas,Transferências,565302.0,158654984.68
2025,Dezembro,Niassa,Mecanhelas,Transferências,597189.0,179462957.62
2025,Janeiro,Niassa,Mecula,Transferências,47310.0,21555236.13
2025,Fevereiro,Niassa,Mecula,Transferências,54388.0,26574919.93
2025,Março,Niassa,Mecula,Transferências,57258.0,26567249.96
2025,Abril,Niassa,Mecula,Transferências,59149.0,26900958.4
2025,Maio,Niassa,Mecula,Transferências,76579.0,32872943.0
2025,Junho,Niassa,Mecula,Transferências,89075.0,43071602.46
2025,Julho,Niassa,Mecula,Transferências,92325.0,33920318.0
2025,Agosto,Niassa,Mecula,Transferências,85261.0,31751510.0
2025,Setembro,Niassa,Mecula,Transferências,83356.0,35333711.0
2025,Outubro,Niassa,Mecula,Transferências,72370.0,28431870.5
2025,Novembro,Niassa,Mecula,Transferências,85971.0,34817854.45
2025,Dezembro,Niassa,Mecula,Transferências,88041.0,40905667.0
2025,Janeiro,Niassa,Metarica,Transferências,78413.0,25139916.67
2025,Fevereiro,Niassa,Metarica,Transferências,83119.0,30077235.51
2025,Março,Niassa,Metarica,Transferências,92208.0,33832729.13
2025,Abril,Niassa,Metarica,Transferências,102589.0,41389409.23
2025,Maio,Niassa,Metarica,Transferências,112632.0,52113884.47
2025,Junho,Niassa,Metarica,Transferências,117773.0,47476871.15
2025,Julho,Niassa,Metarica,Transferências,133961.0,46046417.4
2025,Agosto,Niassa,Metarica,Transferências,150838.0,48609695.15
2025,Setembro,Niassa,Metarica,Transferências,162795.0,47733103.3
2025,Outubro,Niassa,Metarica,Transferências,153593.0,50458514.79
2025,Novembro,Niassa,Metarica,Transferências,168090.0,60817229.129999995
2025,Dezembro,Niassa,Metarica,Transferências,172070.0,56643143.69
2025,Janeiro,Niassa,Muembe,Transferências,111535.0,28761412.5
2025,Fevereiro,Niassa,Muembe,Transferências,119796.0,32251948.0
2025,Março,Niassa,Muembe,Transferências,128774.0,31862420.0
2025,Abril,Niassa,Muembe,Transferências,128205.0,33110742.79
2025,Maio,Niassa,Muembe,Transferências,144432.0,41110223.75
2025,Junho,Niassa,Muembe,Transferências,172736.0,52974299.24
2025,Julho,Niassa,Muembe,Transferências,197580.0,49813375.0
2025,Agosto,Niassa,Muembe,Transferências,194153.0,39358975.0
2025,Setembro,Niassa,Muembe,Transferências,201057.0,41062321.64
2025,Outubro,Niassa,Muembe,Transferências,182992.0,42778898.97
2025,Novembro,Niassa,Muembe,Transferências,211027.0,47664029.0
2025,Dezembro,Niassa,Muembe,Transferências,233865.0,63438707.12
2025,Janeiro,Niassa,N´gauma,Transferências,99384.0,34374298.34
2025,Fevereiro,Niassa,N´gauma,Transferências,109072.0,42428702.06
2025,Março,Niassa,N´gauma,Transferências,130708.0,39778490.0
2025,Abril,Niassa,N´gauma,Transferências,141464.0,44131021.03
2025,Maio,Niassa,N´gauma,Transferências,138551.0,39083526.89
2025,Junho,Niassa,N´gauma,Transferências,173598.0,56483555.83
2025,Julho,Niassa,N´gauma,Transferências,200627.0,59937749.15
2025,Agosto,Niassa,N´gauma,Transferências,195315.0,49483817.55
2025,Setembro,Niassa,N´gauma,Transferências,189368.0,41190270.83
2025,Outubro,Niassa,N´gauma,Transferências,165872.0,40512797.69
2025,Novembro,Niassa,N´gauma,Transferências,196875.0,48467023.7
2025,Dezembro,Niassa,N´gauma,Transferências,211835.0,57292460.51
2025,Janeiro,Niassa,Nipepe,Transferências,87734.0,24120819.6
2025,Fevereiro,Niassa,Nipepe,Transferências,84622.0,23440896.0
2025,Março,Niassa,Nipepe,Transferências,90356.0,25270488.0
2025,Abril,Niassa,Nipepe,Transferências,98511.0,28748671.6
2025,Maio,Niassa,Nipepe,Transferências,116325.0,37264544.56
2025,Junho,Niassa,Nipepe,Transferências,124965.0,41501722.26
2025,Julho,Niassa,Nipepe,Transferências,163616.0,51457115.19
2025,Agosto,Niassa,Nipepe,Transferências,171952.0,46401252.94
2025,Setembro,Niassa,Nipepe,Transferências,168468.0,38473749.8
2025,Outubro,Niassa,Nipepe,Transferências,154290.0,38670518.3
2025,Novembro,Niassa,Nipepe,Transferências,165076.0,39199218.33
2025,Dezembro,Niassa,Nipepe,Transferências,176479.0,47151330.84
2025,Janeiro,Niassa,Sanga,Transferências,211773.0,62408839.0
2025,Fevereiro,Niassa,Sanga,Transferências,242286.0,70090223.62
2025,Março,Niassa,Sanga,Transferências,250507.0,59415174.04
2025,Abril,Niassa,Sanga,Transferências,236511.0,62294805.8
2025,Maio,Niassa,Sanga,Transferências,281151.0,76856955.95
2025,Junho,Niassa,Sanga,Transferências,318327.0,86824175.86
2025,Julho,Niassa,Sanga,Transferências,341863.0,81623041.0
2025,Agosto,Niassa,Sanga,Transferências,334303.0,77395995.57
2025,Setembro,Niassa,Sanga,Transferências,331490.0,75895831.83
2025,Outubro,Niassa,Sanga,Transferências,303513.0,69681488.5
2025,Novembro,Niassa,Sanga,Transferências,372536.0,91954864.5
2025,Dezembro,Niassa,Sanga,Transferências,429419.0,108615638.38
2025,Janeiro,Niassa,Chimbunhila,Transferências,113045.0,29401676.1
2025,Fevereiro,Niassa,Chimbunhila,Transferências,126065.0,40552164.84
2025,Março,Niassa,Chimbunhila,Transferências,154310.0,42591959.28
2025,Abril,Niassa,Chimbunhila,Transferências,138952.0,38535982.0
2025,Maio,Niassa,Chimbunhila,Transferências,136703.0,37623611.4
2025,Junho,Niassa,Chimbunhila,Transferências,168142.0,48826784.34
2025,Julho,Niassa,Chimbunhila,Transferências,193858.0,53020070.22
2025,Agosto,Niassa,Chimbunhila,Transferências,195545.0,51515280.0
2025,Setembro,Niassa,Chimbunhila,Transferências,197387.0,62368331.7
2025,Outubro,Niassa,Chimbunhila,Transferências,180099.0,72645990.75999999
2025,Novembro,Niassa,Chimbunhila,Transferências,203408.0,62122664.67
2025,Dezembro,Niassa,Chimbunhila,Transferências,225669.0,64612180.66
2025,Janeiro,Província de Maputo,Cidade de Maputo,Pagamentos,3277731.0,684824853.02
2025,Fevereiro,Província de Maputo,Cidade de Maputo,Pagamentos,3186376.0,734860573.76
2025,Março,Província de Maputo,Cidade de Maputo,Pagamentos,3806433.0,791032388.2700001
2025,Abril,Província de Maputo,Cidade de Maputo,Pagamentos,3239086.0,719720581.1
2025,Maio,Província de Maputo,Cidade de Maputo,Pagamentos,3945623.0,771756620.06
2025,Junho,Província de Maputo,Cidade de Maputo,Pagamentos,3661784.0,636755859.2
2025,Julho,Província de Maputo,Cidade de Maputo,Pagamentos,4150446.0,706763480.04
2025,Agosto,Província de Maputo,Cidade de Maputo,Pagamentos,5049653.0,798228765.6800001
2025,Setembro,Província de Maputo,Cidade de Maputo,Pagamentos,4233927.0,701505331.12
2025,Outubro,Província de Maputo,Cidade de Maputo,Pagamentos,4440060.0,755767042.8799999
2025,Novembro,Província de Maputo,Cidade de Maputo,Pagamentos,4795038.0,765759624.54
2025,Dezembro,Província de Maputo,Cidade de Maputo,Pagamentos,4863340.0,825015834.4699999
2025,Janeiro,Província de Maputo,Cidade da Matola,Pagamentos,2605381.0,543932319.84
2025,Fevereiro,Província de Maputo,Cidade da Matola,Pagamentos,2475187.0,539739368.0
2025,Março,Província de Maputo,Cidade da Matola,Pagamentos,3079430.0,656418475.49
2025,Abril,Província de Maputo,Cidade da Matola,Pagamentos,2536389.0,536566659.33
2025,Maio,Província de Maputo,Cidade da Matola,Pagamentos,2761699.0,583380795.36
2025,Junho,Província de Maputo,Cidade da Matola,Pagamentos,2341419.0,483500149.37
2025,Julho,Província de Maputo,Cidade da Matola,Pagamentos,2641347.0,516334238.87
2025,Agosto,Província de Maputo,Cidade da Matola,Pagamentos,3483231.0,639381822.22
2025,Setembro,Província de Maputo,Cidade da Matola,Pagamentos,3087659.0,636531921.44
2025,Outubro,Província de Maputo,Cidade da Matola,Pagamentos,3326609.0,635263593.59
2025,Novembro,Província de Maputo,Cidade da Matola,Pagamentos,3279570.0,595639641.53
2025,Dezembro,Província de Maputo,Cidade da Matola,Pagamentos,3365559.0,633000168.06
2025,Janeiro,Província de Maputo,Boane,Pagamentos,570793.0,121519071.11
2025,Fevereiro,Província de Maputo,Boane,Pagamentos,551369.0,121983685.61
2025,Março,Província de Maputo,Boane,Pagamentos,653996.0,149339144.44
2025,Abril,Província de Maputo,Boane,Pagamentos,534045.0,114661655.08
2025,Maio,Província de Maputo,Boane,Pagamentos,597987.0,145737340.56
2025,Junho,Província de Maputo,Boane,Pagamentos,500750.0,108091157.47
2025,Julho,Província de Maputo,Boane,Pagamentos,548562.0,111233041.26
2025,Agosto,Província de Maputo,Boane,Pagamentos,750708.0,150498504.46
2025,Setembro,Província de Maputo,Boane,Pagamentos,629980.0,151558134.20000002
2025,Outubro,Província de Maputo,Boane,Pagamentos,701396.0,164941818.91
2025,Novembro,Província de Maputo,Boane,Pagamentos,715702.0,157376470.26
2025,Dezembro,Província de Maputo,Boane,Pagamentos,783488.0,188667473.82
2025,Janeiro,Província de Maputo,Magude,Pagamentos,46086.0,7703381.39
2025,Fevereiro,Província de Maputo,Magude,Pagamentos,44552.0,7302587.01
2025,Março,Província de Maputo,Magude,Pagamentos,48364.0,7561019.9
2025,Abril,Província de Maputo,Magude,Pagamentos,48123.0,7774000.0
2025,Maio,Província de Maputo,Magude,Pagamentos,49905.0,7698761.43
2025,Junho,Província de Maputo,Magude,Pagamentos,45812.0,7286056.62
2025,Julho,Província de Maputo,Magude,Pagamentos,51570.0,7773627.95
2025,Agosto,Província de Maputo,Magude,Pagamentos,63432.0,8714846.1
2025,Setembro,Província de Maputo,Magude,Pagamentos,55659.0,9533626.54
2025,Outubro,Província de Maputo,Magude,Pagamentos,58926.0,10217973.7
2025,Novembro,Província de Maputo,Magude,Pagamentos,59232.0,9326276.28
2025,Dezembro,Província de Maputo,Magude,Pagamentos,65728.0,11429491.75
2025,Janeiro,Província de Maputo,Manhiça,Pagamentos,252588.0,42174585.36
2025,Fevereiro,Província de Maputo,Manhiça,Pagamentos,239896.0,40210856.89
2025,Março,Província de Maputo,Manhiça,Pagamentos,249667.0,37075449.64
2025,Abril,Província de Maputo,Manhiça,Pagamentos,258596.0,45006486.85
2025,Maio,Província de Maputo,Manhiça,Pagamentos,270326.0,45629257.86
2025,Junho,Província de Maputo,Manhiça,Pagamentos,230929.0,36576123.41
2025,Julho,Província de Maputo,Manhiça,Pagamentos,254451.0,39183078.69
2025,Agosto,Província de Maputo,Manhiça,Pagamentos,333094.0,47635365.89
2025,Setembro,Província de Maputo,Manhiça,Pagamentos,255821.0,46405889.12
2025,Outubro,Província de Maputo,Manhiça,Pagamentos,277616.0,50377948.04
2025,Novembro,Província de Maputo,Manhiça,Pagamentos,281524.0,49493189.01
2025,Dezembro,Província de Maputo,Manhiça,Pagamentos,312198.0,53813885.67
2025,Janeiro,Província de Maputo,Marracuene,Pagamentos,526740.0,105768407.98
2025,Fevereiro,Província de Maputo,Marracuene,Pagamentos,481425.0,92155250.08
2025,Março,Província de Maputo,Marracuene,Pagamentos,544530.0,98302613.69
2025,Abril,Província de Maputo,Marracuene,Pagamentos,535232.0,101776432.87
2025,Maio,Província de Maputo,Marracuene,Pagamentos,525998.0,91982386.74
2025,Junho,Província de Maputo,Marracuene,Pagamentos,449958.0,67639783.97999999
2025,Julho,Província de Maputo,Marracuene,Pagamentos,526390.0,70821650.8
2025,Agosto,Província de Maputo,Marracuene,Pagamentos,644173.0,84062311.05
2025,Setembro,Província de Maputo,Marracuene,Pagamentos,618946.0,88784306.13
2025,Outubro,Província de Maputo,Marracuene,Pagamentos,689861.0,98327753.76
2025,Novembro,Província de Maputo,Marracuene,Pagamentos,686676.0,98130921.18
2025,Dezembro,Província de Maputo,Marracuene,Pagamentos,731124.0,116699035.81
2025,Janeiro,Província de Maputo,Matutuíne,Pagamentos,64276.0,14325921.88
2025,Fevereiro,Província de Maputo,Matutuíne,Pagamentos,60565.0,11711442.59
2025,Março,Província de Maputo,Matutuíne,Pagamentos,70292.0,13861291.21
2025,Abril,Província de Maputo,Matutuíne,Pagamentos,64252.0,13305907.11
2025,Maio,Província de Maputo,Matutuíne,Pagamentos,60123.0,11409698.08
2025,Junho,Província de Maputo,Matutuíne,Pagamentos,57379.0,9004261.5
2025,Julho,Província de Maputo,Matutuíne,Pagamentos,67104.0,9403111.44
2025,Agosto,Província de Maputo,Matutuíne,Pagamentos,78105.0,11665048.96
2025,Setembro,Província de Maputo,Matutuíne,Pagamentos,69241.0,12362864.91
2025,Outubro,Província de Maputo,Matutuíne,Pagamentos,81375.0,14779886.3
2025,Novembro,Província de Maputo,Matutuíne,Pagamentos,88771.0,14419433.5
2025,Dezembro,Província de Maputo,Matutuíne,Pagamentos,98630.0,20710133.619999997
2025,Janeiro,Província de Maputo,Namaacha,Pagamentos,43361.0,6078050.77
2025,Fevereiro,Província de Maputo,Namaacha,Pagamentos,41059.0,5946715.9
2025,Março,Província de Maputo,Namaacha,Pagamentos,46555.0,6358714.3
2025,Abril,Província de Maputo,Namaacha,Pagamentos,48148.0,7231730.8
2025,Maio,Província de Maputo,Namaacha,Pagamentos,45354.0,6069138.99
2025,Junho,Província de Maputo,Namaacha,Pagamentos,38395.0,4713810.23
2025,Julho,Província de Maputo,Namaacha,Pagamentos,44414.0,4779954.46
2025,Agosto,Província de Maputo,Namaacha,Pagamentos,59013.0,6727920.63
2025,Setembro,Província de Maputo,Namaacha,Pagamentos,49359.0,6657683.96
2025,Outubro,Província de Maputo,Namaacha,Pagamentos,54167.0,7504220.62
2025,Novembro,Província de Maputo,Namaacha,Pagamentos,52105.0,7254283.17
2025,Dezembro,Província de Maputo,Namaacha,Pagamentos,56003.0,8190599.91
2025,Janeiro,Província de Maputo,Moamba,Pagamentos,179317.0,25646175.57
2025,Fevereiro,Província de Maputo,Moamba,Pagamentos,148996.0,22039519.68
2025,Março,Província de Maputo,Moamba,Pagamentos,161019.0,24167370.28
2025,Abril,Província de Maputo,Moamba,Pagamentos,174658.0,25744059.25
2025,Maio,Província de Maputo,Moamba,Pagamentos,167112.0,22192020.549999997
2025,Junho,Província de Maputo,Moamba,Pagamentos,144001.0,17398590.87
2025,Julho,Província de Maputo,Moamba,Pagamentos,165627.0,18242768.46
2025,Agosto,Província de Maputo,Moamba,Pagamentos,204602.0,22221703.48
2025,Setembro,Província de Maputo,Moamba,Pagamentos,182683.0,22507832.71
2025,Outubro,Província de Maputo,Moamba,Pagamentos,207764.0,25537158.9
2025,Novembro,Província de Maputo,Moamba,Pagamentos,207852.0,27894331.08
2025,Dezembro,Província de Maputo,Moamba,Pagamentos,220060.0,33127596.81
2025,Janeiro,Gaza,Cidade de Xai-Xai,Pagamentos,272971.0,47483551.57
2025,Fevereiro,Gaza,Cidade de Xai-Xai,Pagamentos,258676.0,46434270.41
2025,Março,Gaza,Cidade de Xai-Xai,Pagamentos,292697.0,49165143.78
2025,Abril,Gaza,Cidade de Xai-Xai,Pagamentos,277490.0,46238243.74
2025,Maio,Gaza,Cidade de Xai-Xai,Pagamentos,295075.0,48375465.16
2025,Junho,Gaza,Cidade de Xai-Xai,Pagamentos,295636.0,41500374.400000006
2025,Julho,Gaza,Cidade de Xai-Xai,Pagamentos,345325.0,45420143.82
2025,Agosto,Gaza,Cidade de Xai-Xai,Pagamentos,384152.0,47308821.9
2025,Setembro,Gaza,Cidade de Xai-Xai,Pagamentos,321234.0,43608911.36
2025,Outubro,Gaza,Cidade de Xai-Xai,Pagamentos,354498.0,49281446.15
2025,Novembro,Gaza,Cidade de Xai-Xai,Pagamentos,359283.0,45946970.48
2025,Dezembro,Gaza,Cidade de Xai-Xai,Pagamentos,375739.0,53631083.74
2025,Janeiro,Gaza,Bilene-Macia,Pagamentos,249018.0,38310868.07
2025,Fevereiro,Gaza,Bilene-Macia,Pagamentos,222727.0,33163443.11
2025,Março,Gaza,Bilene-Macia,Pagamentos,262604.0,35778458.69
2025,Abril,Gaza,Bilene-Macia,Pagamentos,230089.0,34526032.77
2025,Maio,Gaza,Bilene-Macia,Pagamentos,247430.0,34815706.25
2025,Junho,Gaza,Bilene-Macia,Pagamentos,230631.0,29068365.160000004
2025,Julho,Gaza,Bilene-Macia,Pagamentos,250664.0,30822947.75
2025,Agosto,Gaza,Bilene-Macia,Pagamentos,327261.0,43782219.629999995
2025,Setembro,Gaza,Bilene-Macia,Pagamentos,230651.0,41204681.23
2025,Outubro,Gaza,Bilene-Macia,Pagamentos,247630.0,44323763.15
2025,Novembro,Gaza,Bilene-Macia,Pagamentos,250414.0,41978656.4
2025,Dezembro,Gaza,Bilene-Macia,Pagamentos,302625.0,69084980.52
2025,Janeiro,Gaza,Chibuto,Pagamentos,186137.0,24108043.7
2025,Fevereiro,Gaza,Chibuto,Pagamentos,168518.0,21386502.65
2025,Março,Gaza,Chibuto,Pagamentos,198761.0,24857536.58
2025,Abril,Gaza,Chibuto,Pagamentos,175480.0,22474787.42
2025,Maio,Gaza,Chibuto,Pagamentos,192152.0,24279045.09
2025,Junho,Gaza,Chibuto,Pagamentos,180526.0,19790007.24
2025,Julho,Gaza,Chibuto,Pagamentos,195649.0,21258699.41
2025,Agosto,Gaza,Chibuto,Pagamentos,246798.0,27528202.02
2025,Setembro,Gaza,Chibuto,Pagamentos,174941.0,26485464.450000003
2025,Outubro,Gaza,Chibuto,Pagamentos,191804.0,28350522.71
2025,Novembro,Gaza,Chibuto,Pagamentos,182983.0,27147744.95
2025,Dezembro,Gaza,Chibuto,Pagamentos,215722.0,35418010.08
2025,Janeiro,Gaza,Chicualacuala,Pagamentos,11279.0,1102832.44
2025,Fevereiro,Gaza,Chicualacuala,Pagamentos,11017.0,1004905.0
2025,Março,Gaza,Chicualacuala,Pagamentos,12850.0,1190021.67
2025,Abril,Gaza,Chicualacuala,Pagamentos,11885.0,1196895.33
2025,Maio,Gaza,Chicualacuala,Pagamentos,12148.0,1096860.14
2025,Junho,Gaza,Chicualacuala,Pagamentos,13537.0,1910475.19
2025,Julho,Gaza,Chicualacuala,Pagamentos,17735.0,1741884.5
2025,Agosto,Gaza,Chicualacuala,Pagamentos,17713.0,1297176.82
2025,Setembro,Gaza,Chicualacuala,Pagamentos,16460.0,1500921.44
2025,Outubro,Gaza,Chicualacuala,Pagamentos,17403.0,1279058.69
2025,Novembro,Gaza,Chicualacuala,Pagamentos,18304.0,1399666.21
2025,Dezembro,Gaza,Chicualacuala,Pagamentos,19723.0,1587047.15
2025,Janeiro,Gaza,Chigubo,Pagamentos,7757.0,570331.29
2025,Fevereiro,Gaza,Chigubo,Pagamentos,7070.0,519498.62
2025,Março,Gaza,Chigubo,Pagamentos,8676.0,652020.77
2025,Abril,Gaza,Chigubo,Pagamentos,7659.0,665587.7
2025,Maio,Gaza,Chigubo,Pagamentos,7646.0,731400.8400000001
2025,Junho,Gaza,Chigubo,Pagamentos,8699.0,768494.7
2025,Julho,Gaza,Chigubo,Pagamentos,10664.0,849461.9
2025,Agosto,Gaza,Chigubo,Pagamentos,19742.0,1565677.14
2025,Setembro,Gaza,Chigubo,Pagamentos,18038.0,2323248.37
2025,Outubro,Gaza,Chigubo,Pagamentos,24308.0,1992333.82
2025,Novembro,Gaza,Chigubo,Pagamentos,24537.0,1924495.52
2025,Dezembro,Gaza,Chigubo,Pagamentos,25059.0,2212970.18
2025,Janeiro,Gaza,Chókwè,Pagamentos,230539.0,35905532.910000004
2025,Fevereiro,Gaza,Chókwè,Pagamentos,211980.0,31000419.25
2025,Março,Gaza,Chókwè,Pagamentos,247279.0,34846346.37
2025,Abril,Gaza,Chókwè,Pagamentos,224701.0,34408243.01
2025,Maio,Gaza,Chókwè,Pagamentos,237903.0,33904178.07
2025,Junho,Gaza,Chókwè,Pagamentos,225012.0,29232449.57
2025,Julho,Gaza,Chókwè,Pagamentos,247171.0,30665974.86
2025,Agosto,Gaza,Chókwè,Pagamentos,295629.0,34281814.2
2025,Setembro,Gaza,Chókwè,Pagamentos,233769.0,33672937.66
2025,Outubro,Gaza,Chókwè,Pagamentos,248739.0,37230308.49
2025,Novembro,Gaza,Chókwè,Pagamentos,248535.0,35001286.45
2025,Dezembro,Gaza,Chókwè,Pagamentos,272756.0,38626713.27
2025,Janeiro,Gaza,Guijá,Pagamentos,51325.0,7025073.06
2025,Fevereiro,Gaza,Guijá,Pagamentos,48726.0,6996997.46
2025,Março,Gaza,Guijá,Pagamentos,54567.0,7079966.16
2025,Abril,Gaza,Guijá,Pagamentos,54164.0,7198047.7299999995
2025,Maio,Gaza,Guijá,Pagamentos,54383.0,7055723.140000001
2025,Junho,Gaza,Guijá,Pagamentos,47965.0,5841701.78
2025,Julho,Gaza,Guijá,Pagamentos,54276.0,6199312.73
2025,Agosto,Gaza,Guijá,Pagamentos,65264.0,6998562.55
2025,Setembro,Gaza,Guijá,Pagamentos,55938.0,6927948.49
2025,Outubro,Gaza,Guijá,Pagamentos,61422.0,7622981.24
2025,Novembro,Gaza,Guijá,Pagamentos,59238.0,6964504.75
2025,Dezembro,Gaza,Guijá,Pagamentos,69663.0,8344408.880000001
2025,Janeiro,Gaza,Mabalane,Pagamentos,15308.0,1293813.36
2025,Fevereiro,Gaza,Mabalane,Pagamentos,14274.0,1258490.92
2025,Março,Gaza,Mabalane,Pagamentos,17088.0,1667385.23
2025,Abril,Gaza,Mabalane,Pagamentos,16349.0,1434121.88
2025,Maio,Gaza,Mabalane,Pagamentos,16692.0,1345758.38
2025,Junho,Gaza,Mabalane,Pagamentos,18558.0,1403461.79
2025,Julho,Gaza,Mabalane,Pagamentos,21835.0,1592223.02
2025,Agosto,Gaza,Mabalane,Pagamentos,22191.0,1516513.6
2025,Setembro,Gaza,Mabalane,Pagamentos,20347.0,1660784.0
2025,Outubro,Gaza,Mabalane,Pagamentos,22786.0,1720560.04
2025,Novembro,Gaza,Mabalane,Pagamentos,23201.0,2124841.56
2025,Dezembro,Gaza,Mabalane,Pagamentos,25389.0,1906825.66
2025,Janeiro,Gaza,Manjacaze,Pagamentos,117480.0,13867009.44
2025,Fevereiro,Gaza,Manjacaze,Pagamentos,101512.0,13003030.1
2025,Março,Gaza,Manjacaze,Pagamentos,117446.0,14930763.11
2025,Abril,Gaza,Manjacaze,Pagamentos,107869.0,12915362.8
2025,Maio,Gaza,Manjacaze,Pagamentos,109117.0,12673006.8
2025,Junho,Gaza,Manjacaze,Pagamentos,106933.0,10757864.52
2025,Julho,Gaza,Manjacaze,Pagamentos,125562.0,11431349.05
2025,Agosto,Gaza,Manjacaze,Pagamentos,138546.0,13073042.15
2025,Setembro,Gaza,Manjacaze,Pagamentos,106766.0,13014133.09
2025,Outubro,Gaza,Manjacaze,Pagamentos,114048.0,13084264.76
2025,Novembro,Gaza,Manjacaze,Pagamentos,121186.0,12485388.18
2025,Dezembro,Gaza,Manjacaze,Pagamentos,138291.0,15284360.68
2025,Janeiro,Gaza,Massangena,Pagamentos,7837.0,506560.0
2025,Fevereiro,Gaza,Massangena,Pagamentos,7359.0,505088.18
2025,Março,Gaza,Massangena,Pagamentos,7479.0,557326.08
2025,Abril,Gaza,Massangena,Pagamentos,8605.0,739353.4
2025,Maio,Gaza,Massangena,Pagamentos,9395.0,839616.59
2025,Junho,Gaza,Massangena,Pagamentos,11019.0,857329.3
2025,Julho,Gaza,Massangena,Pagamentos,13085.0,882468.7
2025,Agosto,Gaza,Massangena,Pagamentos,12941.0,878468.5
2025,Setembro,Gaza,Massangena,Pagamentos,12796.0,948924.83
2025,Outubro,Gaza,Massangena,Pagamentos,13648.0,1047340.91
2025,Novembro,Gaza,Massangena,Pagamentos,14179.0,984840.3
2025,Dezembro,Gaza,Massangena,Pagamentos,14876.0,1050328.57
2025,Janeiro,Gaza,Massingir,Pagamentos,18809.0,2568250.94
2025,Fevereiro,Gaza,Massingir,Pagamentos,17197.0,2526557.55
2025,Março,Gaza,Massingir,Pagamentos,19165.0,3201512.16
2025,Abril,Gaza,Massingir,Pagamentos,16816.0,2595345.8
2025,Maio,Gaza,Massingir,Pagamentos,15267.0,2878292.37
2025,Junho,Gaza,Massingir,Pagamentos,16081.0,2703717.71
2025,Julho,Gaza,Massingir,Pagamentos,19968.0,3504959.04
2025,Agosto,Gaza,Massingir,Pagamentos,19965.0,3078136.52
2025,Setembro,Gaza,Massingir,Pagamentos,17588.0,2442411.26
2025,Outubro,Gaza,Massingir,Pagamentos,21103.0,3077408.1500000004
2025,Novembro,Gaza,Massingir,Pagamentos,20516.0,3001505.16
2025,Dezembro,Gaza,Massingir,Pagamentos,22357.0,4476463.83
2025,Janeiro,Gaza,Chonguene,Pagamentos,133779.0,15750289.28
2025,Fevereiro,Gaza,Chonguene,Pagamentos,121940.0,15259376.85
2025,Março,Gaza,Chonguene,Pagamentos,145226.0,18142177.01
2025,Abril,Gaza,Chonguene,Pagamentos,122902.0,14862188.21
2025,Maio,Gaza,Chonguene,Pagamentos,130351.0,14516379.28
2025,Junho,Gaza,Chonguene,Pagamentos,132234.0,13307396.33
2025,Julho,Gaza,Chonguene,Pagamentos,145018.0,12926781.38
2025,Agosto,Gaza,Chonguene,Pagamentos,175558.0,17755161.39
2025,Setembro,Gaza,Chonguene,Pagamentos,131134.0,18270040.6
2025,Outubro,Gaza,Chonguene,Pagamentos,148812.0,22049955.78
2025,Novembro,Gaza,Chonguene,Pagamentos,145565.0,20690299.65
2025,Dezembro,Gaza,Chonguene,Pagamentos,163841.0,25247599.200000003
2025,Janeiro,Gaza,Mapai,Pagamentos,19392.0,1619507.45
2025,Fevereiro,Gaza,Mapai,Pagamentos,17571.0,1509269.8
2025,Março,Gaza,Mapai,Pagamentos,20656.0,1821358.41
2025,Abril,Gaza,Mapai,Pagamentos,19795.0,1677182.0
2025,Maio,Gaza,Mapai,Pagamentos,19783.0,1790832.74
2025,Junho,Gaza,Mapai,Pagamentos,21515.0,1712709.22
2025,Julho,Gaza,Mapai,Pagamentos,27881.0,1827704.1999999995
2025,Agosto,Gaza,Mapai,Pagamentos,27731.0,2026666.81
2025,Setembro,Gaza,Mapai,Pagamentos,25666.0,2066907.73
2025,Outubro,Gaza,Mapai,Pagamentos,28657.0,2358259.3
2025,Novembro,Gaza,Mapai,Pagamentos,28767.0,2482317.89
2025,Dezembro,Gaza,Mapai,Pagamentos,31521.0,2770713.05
2025,Janeiro,Gaza,Limpopo,Pagamentos,121799.0,15644766.67
2025,Fevereiro,Gaza,Limpopo,Pagamentos,109595.0,13926348.22
2025,Março,Gaza,Limpopo,Pagamentos,136812.0,17436947.31
2025,Abril,Gaza,Limpopo,Pagamentos,117993.0,14978867.89
2025,Maio,Gaza,Limpopo,Pagamentos,111661.0,12820788.14
2025,Junho,Gaza,Limpopo,Pagamentos,94654.0,9329690.87
2025,Julho,Gaza,Limpopo,Pagamentos,101455.0,8931163.469999999
2025,Agosto,Gaza,Limpopo,Pagamentos,127890.0,13161301.15
2025,Setembro,Gaza,Limpopo,Pagamentos,88659.0,12922471.419999998
2025,Outubro,Gaza,Limpopo,Pagamentos,97094.0,14588122.83
2025,Novembro,Gaza,Limpopo,Pagamentos,92788.0,13287619.6
2025,Dezembro,Gaza,Limpopo,Pagamentos,112738.0,17821444.439999998
2025,Janeiro,Inhambane,Cidade de Inhambane,Pagamentos,163185.0,26926013.19
2025,Fevereiro,Inhambane,Cidade de Inhambane,Pagamentos,150191.0,23910962.119999997
2025,Março,Inhambane,Cidade de Inhambane,Pagamentos,164284.0,25148345.69
2025,Abril,Inhambane,Cidade de Inhambane,Pagamentos,153237.0,21809477.97
2025,Maio,Inhambane,Cidade de Inhambane,Pagamentos,164289.0,23969757.35
2025,Junho,Inhambane,Cidade de Inhambane,Pagamentos,164288.0,21176638.14
2025,Julho,Inhambane,Cidade de Inhambane,Pagamentos,194276.0,24406975.76
2025,Agosto,Inhambane,Cidade de Inhambane,Pagamentos,227438.0,26925396.98
2025,Setembro,Inhambane,Cidade de Inhambane,Pagamentos,189632.0,24479151.21
2025,Outubro,Inhambane,Cidade de Inhambane,Pagamentos,197343.0,25442229.49
2025,Novembro,Inhambane,Cidade de Inhambane,Pagamentos,202342.0,24087428.32
2025,Dezembro,Inhambane,Cidade de Inhambane,Pagamentos,210493.0,28965791.59
2025,Janeiro,Inhambane,Cidade de Maxixe,Pagamentos,208997.0,27421604.07
2025,Fevereiro,Inhambane,Cidade de Maxixe,Pagamentos,190506.0,25277184.34
2025,Março,Inhambane,Cidade de Maxixe,Pagamentos,215256.0,28323008.06
2025,Abril,Inhambane,Cidade de Maxixe,Pagamentos,199747.0,26672717.43
2025,Maio,Inhambane,Cidade de Maxixe,Pagamentos,203228.0,26822968.130000003
2025,Junho,Inhambane,Cidade de Maxixe,Pagamentos,203389.0,24444153.02
2025,Julho,Inhambane,Cidade de Maxixe,Pagamentos,237222.0,26592247.73
2025,Agosto,Inhambane,Cidade de Maxixe,Pagamentos,278505.0,31752983.52
2025,Setembro,Inhambane,Cidade de Maxixe,Pagamentos,241858.0,32190519.94
2025,Outubro,Inhambane,Cidade de Maxixe,Pagamentos,256379.0,31217412.9
2025,Novembro,Inhambane,Cidade de Maxixe,Pagamentos,261266.0,30222267.96
2025,Dezembro,Inhambane,Cidade de Maxixe,Pagamentos,270844.0,32616860.3
2025,Janeiro,Inhambane,Funhaloro,Pagamentos,16313.0,1241313.97
2025,Fevereiro,Inhambane,Funhaloro,Pagamentos,13708.0,1123412.2200000002
2025,Março,Inhambane,Funhaloro,Pagamentos,16135.0,1416395.58
2025,Abril,Inhambane,Funhaloro,Pagamentos,14400.0,1367604.42
2025,Maio,Inhambane,Funhaloro,Pagamentos,14116.0,1180486.31
2025,Junho,Inhambane,Funhaloro,Pagamentos,16340.0,1096736.14
2025,Julho,Inhambane,Funhaloro,Pagamentos,19645.0,1185324.31
2025,Agosto,Inhambane,Funhaloro,Pagamentos,20461.0,1293100.42
2025,Setembro,Inhambane,Funhaloro,Pagamentos,18554.0,1433399.25
2025,Outubro,Inhambane,Funhaloro,Pagamentos,20596.0,1553984.8199999998
2025,Novembro,Inhambane,Funhaloro,Pagamentos,22125.0,1748235.37
2025,Dezembro,Inhambane,Funhaloro,Pagamentos,24106.0,1752839.61
2025,Janeiro,Inhambane,Govuro,Pagamentos,26861.0,2928126.49
2025,Fevereiro,Inhambane,Govuro,Pagamentos,24420.0,2531250.89
2025,Março,Inhambane,Govuro,Pagamentos,30041.0,3309812.6399999997
2025,Abril,Inhambane,Govuro,Pagamentos,27986.0,3177651.4
2025,Maio,Inhambane,Govuro,Pagamentos,31975.0,3505603.41
2025,Junho,Inhambane,Govuro,Pagamentos,34875.0,3663890.14
2025,Julho,Inhambane,Govuro,Pagamentos,41897.0,3678185.85
2025,Agosto,Inhambane,Govuro,Pagamentos,48463.0,4340767.87
2025,Setembro,Inhambane,Govuro,Pagamentos,38193.0,4185036.73
2025,Outubro,Inhambane,Govuro,Pagamentos,41144.0,4459155.9399999995
2025,Novembro,Inhambane,Govuro,Pagamentos,41038.0,3835141.32
2025,Dezembro,Inhambane,Govuro,Pagamentos,44519.0,4319601.15
2025,Janeiro,Inhambane,Homoine,Pagamentos,51801.0,4815741.63
2025,Fevereiro,Inhambane,Homoine,Pagamentos,45151.0,4266805.47
2025,Março,Inhambane,Homoine,Pagamentos,49428.0,5195869.890000001
2025,Abril,Inhambane,Homoine,Pagamentos,50714.0,4841775.3
2025,Maio,Inhambane,Homoine,Pagamentos,50819.0,4507557.83
2025,Junho,Inhambane,Homoine,Pagamentos,50578.0,3695918.18
2025,Julho,Inhambane,Homoine,Pagamentos,59024.0,3898906.52
2025,Agosto,Inhambane,Homoine,Pagamentos,66780.0,4529557.25
2025,Setembro,Inhambane,Homoine,Pagamentos,56600.0,4694817.16
2025,Outubro,Inhambane,Homoine,Pagamentos,65568.0,5703689.470000001
2025,Novembro,Inhambane,Homoine,Pagamentos,66597.0,5615624.65
2025,Dezembro,Inhambane,Homoine,Pagamentos,76968.0,7431996.17
2025,Janeiro,Inhambane,Inharrime,Pagamentos,77746.0,8193243.68
2025,Fevereiro,Inhambane,Inharrime,Pagamentos,65871.0,7019828.430000001
2025,Março,Inhambane,Inharrime,Pagamentos,75970.0,8106461.63
2025,Abril,Inhambane,Inharrime,Pagamentos,71993.0,7278443.13
2025,Maio,Inhambane,Inharrime,Pagamentos,71262.0,6874406.9799999995
2025,Junho,Inhambane,Inharrime,Pagamentos,69961.0,5384847.45
2025,Julho,Inhambane,Inharrime,Pagamentos,78776.0,5447683.02
2025,Agosto,Inhambane,Inharrime,Pagamentos,94472.0,7895002.89
2025,Setembro,Inhambane,Inharrime,Pagamentos,69788.0,7883243.67
2025,Outubro,Inhambane,Inharrime,Pagamentos,78432.0,8852339.48
2025,Novembro,Inhambane,Inharrime,Pagamentos,81506.0,9179960.95
2025,Dezembro,Inhambane,Inharrime,Pagamentos,89762.0,12163478.25
2025,Janeiro,Inhambane,Inhassoro,Pagamentos,56300.0,7217323.98
2025,Fevereiro,Inhambane,Inhassoro,Pagamentos,53438.0,7985899.23
2025,Março,Inhambane,Inhassoro,Pagamentos,64303.0,9370949.45
2025,Abril,Inhambane,Inhassoro,Pagamentos,61668.0,7907719.62
2025,Maio,Inhambane,Inhassoro,Pagamentos,62540.0,8232526.3
2025,Junho,Inhambane,Inhassoro,Pagamentos,63512.0,7865348.640000001
2025,Julho,Inhambane,Inhassoro,Pagamentos,75890.0,8414694.1
2025,Agosto,Inhambane,Inhassoro,Pagamentos,85010.0,9662057.59
2025,Setembro,Inhambane,Inhassoro,Pagamentos,69963.0,9174219.12
2025,Outubro,Inhambane,Inhassoro,Pagamentos,76543.0,9740453.96
2025,Novembro,Inhambane,Inhassoro,Pagamentos,77755.0,9219065.56
2025,Dezembro,Inhambane,Inhassoro,Pagamentos,80692.0,9297098.07
2025,Janeiro,Inhambane,Jangamo,Pagamentos,57445.0,5350028.82
2025,Fevereiro,Inhambane,Jangamo,Pagamentos,49514.0,4312766.84
2025,Março,Inhambane,Jangamo,Pagamentos,56015.0,5000647.66
2025,Abril,Inhambane,Jangamo,Pagamentos,56593.0,5033043.34
2025,Maio,Inhambane,Jangamo,Pagamentos,57782.0,4893387.68
2025,Junho,Inhambane,Jangamo,Pagamentos,50358.0,3264809.9699999997
2025,Julho,Inhambane,Jangamo,Pagamentos,57252.0,3921883.07
2025,Agosto,Inhambane,Jangamo,Pagamentos,66460.0,4800989.55
2025,Setembro,Inhambane,Jangamo,Pagamentos,44953.0,4669753.529999999
2025,Outubro,Inhambane,Jangamo,Pagamentos,52940.0,5806635.28
2025,Novembro,Inhambane,Jangamo,Pagamentos,54852.0,6257035.43
2025,Dezembro,Inhambane,Jangamo,Pagamentos,62279.0,8904795.35
2025,Janeiro,Inhambane,Mabote,Pagamentos,20614.0,2172461.16
2025,Fevereiro,Inhambane,Mabote,Pagamentos,19480.0,2061523.4
2025,Março,Inhambane,Mabote,Pagamentos,22774.0,2614032.4
2025,Abril,Inhambane,Mabote,Pagamentos,20785.0,1878641.22
2025,Maio,Inhambane,Mabote,Pagamentos,20629.0,1856539.59
2025,Junho,Inhambane,Mabote,Pagamentos,23173.0,2063345.3
2025,Julho,Inhambane,Mabote,Pagamentos,28227.0,1979300.4
2025,Agosto,Inhambane,Mabote,Pagamentos,30326.0,2431606.52
2025,Setembro,Inhambane,Mabote,Pagamentos,26383.0,2948453.1399999997
2025,Outubro,Inhambane,Mabote,Pagamentos,28410.0,3182219.65
2025,Novembro,Inhambane,Mabote,Pagamentos,28901.0,2804196.9699999997
2025,Dezembro,Inhambane,Mabote,Pagamentos,31114.0,2781524.49
2025,Janeiro,Inhambane,Massinga,Pagamentos,145275.0,18519860.23
2025,Fevereiro,Inhambane,Massinga,Pagamentos,131638.0,16170684.829999998
2025,Março,Inhambane,Massinga,Pagamentos,155161.0,21230115.61
2025,Abril,Inhambane,Massinga,Pagamentos,145950.0,18481719.46
2025,Maio,Inhambane,Massinga,Pagamentos,142454.0,17233541.73
2025,Junho,Inhambane,Massinga,Pagamentos,136214.0,13538818.93
2025,Julho,Inhambane,Massinga,Pagamentos,152302.0,13881503.69
2025,Agosto,Inhambane,Massinga,Pagamentos,178799.0,17958414.58
2025,Setembro,Inhambane,Massinga,Pagamentos,134610.0,17855810.46
2025,Outubro,Inhambane,Massinga,Pagamentos,152379.0,20512696.130000003
2025,Novembro,Inhambane,Massinga,Pagamentos,156408.0,20351547.41
2025,Dezembro,Inhambane,Massinga,Pagamentos,172134.0,25016562.87
2025,Janeiro,Inhambane,Morrumbene,Pagamentos,66232.0,6956127.46
2025,Fevereiro,Inhambane,Morrumbene,Pagamentos,58055.0,6792196.77
2025,Março,Inhambane,Morrumbene,Pagamentos,66698.0,8665227.61
2025,Abril,Inhambane,Morrumbene,Pagamentos,65634.0,7253201.89
2025,Maio,Inhambane,Morrumbene,Pagamentos,64843.0,7284544.78
2025,Junho,Inhambane,Morrumbene,Pagamentos,61068.0,6522406.6899999995
2025,Julho,Inhambane,Morrumbene,Pagamentos,70443.0,7003715.359999999
2025,Agosto,Inhambane,Morrumbene,Pagamentos,80576.0,7900051.06
2025,Setembro,Inhambane,Morrumbene,Pagamentos,62905.0,8125506.92
2025,Outubro,Inhambane,Morrumbene,Pagamentos,67785.0,8598031.129999999
2025,Novembro,Inhambane,Morrumbene,Pagamentos,69301.0,8503961.219999999
2025,Dezembro,Inhambane,Morrumbene,Pagamentos,78215.0,9232458.11
2025,Janeiro,Inhambane,Panda,Pagamentos,19138.0,1485069.81
2025,Fevereiro,Inhambane,Panda,Pagamentos,17217.0,1367298.25
2025,Março,Inhambane,Panda,Pagamentos,19682.0,1601323.23
2025,Abril,Inhambane,Panda,Pagamentos,19997.0,1609195.61
2025,Maio,Inhambane,Panda,Pagamentos,18138.0,1416002.61
2025,Junho,Inhambane,Panda,Pagamentos,18304.0,1222623.31
2025,Julho,Inhambane,Panda,Pagamentos,21012.0,1226103.95
2025,Agosto,Inhambane,Panda,Pagamentos,22147.0,1485281.41
2025,Setembro,Inhambane,Panda,Pagamentos,18577.0,1295733.36
2025,Outubro,Inhambane,Panda,Pagamentos,20910.0,1627945.11
2025,Novembro,Inhambane,Panda,Pagamentos,21751.0,1517001.63
2025,Dezembro,Inhambane,Panda,Pagamentos,24305.0,1945804.66
2025,Janeiro,Inhambane,Vilankulo,Pagamentos,158770.0,20066765.59
2025,Fevereiro,Inhambane,Vilankulo,Pagamentos,150044.0,18350157.62
2025,Março,Inhambane,Vilankulo,Pagamentos,195860.0,23156222.21
2025,Abril,Inhambane,Vilankulo,Pagamentos,170290.0,19665573.49
2025,Maio,Inhambane,Vilankulo,Pagamentos,170731.0,19510991.66
2025,Junho,Inhambane,Vilankulo,Pagamentos,163507.0,15791179.25
2025,Julho,Inhambane,Vilankulo,Pagamentos,186383.0,16699381.6
2025,Agosto,Inhambane,Vilankulo,Pagamentos,217311.0,20844907.78
2025,Setembro,Inhambane,Vilankulo,Pagamentos,174625.0,19827111.81
2025,Outubro,Inhambane,Vilankulo,Pagamentos,187249.0,22300447.5
2025,Novembro,Inhambane,Vilankulo,Pagamentos,193013.0,23224130.2
2025,Dezembro,Inhambane,Vilankulo,Pagamentos,203876.0,27159740.6
2025,Janeiro,Inhambane,Zavala (Quissico),Pagamentos,86482.0,7665463.66
2025,Fevereiro,Inhambane,Zavala (Quissico),Pagamentos,73889.0,6844529.84
2025,Março,Inhambane,Zavala (Quissico),Pagamentos,84613.0,8213080.07
2025,Abril,Inhambane,Zavala (Quissico),Pagamentos,85989.0,7822131.51
2025,Maio,Inhambane,Zavala (Quissico),Pagamentos,79930.0,7064097.55
2025,Junho,Inhambane,Zavala (Quissico),Pagamentos,76619.0,5692475.359999999
2025,Julho,Inhambane,Zavala (Quissico),Pagamentos,85707.0,5717141.51
2025,Agosto,Inhambane,Zavala (Quissico),Pagamentos,95107.0,6982228.3100000005
2025,Setembro,Inhambane,Zavala (Quissico),Pagamentos,75404.0,6963457.18
2025,Outubro,Inhambane,Zavala (Quissico),Pagamentos,85560.0,8083060.04
2025,Novembro,Inhambane,Zavala (Quissico),Pagamentos,88264.0,8471308.129999999
2025,Dezembro,Inhambane,Zavala (Quissico),Pagamentos,98331.0,10092857.36
2025,Janeiro,Sofala,Cidade da Beira,Pagamentos,1306849.0,202392017.48
2025,Fevereiro,Sofala,Cidade da Beira,Pagamentos,1199508.0,184416062.74
2025,Março,Sofala,Cidade da Beira,Pagamentos,1416220.0,209528040.13
2025,Abril,Sofala,Cidade da Beira,Pagamentos,1229756.0,182240424.21
2025,Maio,Sofala,Cidade da Beira,Pagamentos,1306963.0,187974168.87
2025,Junho,Sofala,Cidade da Beira,Pagamentos,1299942.0,173810369.88
2025,Julho,Sofala,Cidade da Beira,Pagamentos,1479682.0,182518410.52999997
2025,Agosto,Sofala,Cidade da Beira,Pagamentos,1763418.0,229077220.39
2025,Setembro,Sofala,Cidade da Beira,Pagamentos,1420098.0,219110244.95
2025,Outubro,Sofala,Cidade da Beira,Pagamentos,1582458.0,244466350.32
2025,Novembro,Sofala,Cidade da Beira,Pagamentos,1603769.0,237506786.33
2025,Dezembro,Sofala,Cidade da Beira,Pagamentos,1673948.0,261184978.27999997
2025,Janeiro,Sofala,Buzi,Pagamentos,52014.0,4298511.58
2025,Fevereiro,Sofala,Buzi,Pagamentos,47073.0,3355722.88
2025,Março,Sofala,Buzi,Pagamentos,56406.0,4131413.46
2025,Abril,Sofala,Buzi,Pagamentos,48849.0,5565897.3100000005
2025,Maio,Sofala,Buzi,Pagamentos,51543.0,3733623.51
2025,Junho,Sofala,Buzi,Pagamentos,61208.0,4185453.83
2025,Julho,Sofala,Buzi,Pagamentos,70624.0,4729506.01
2025,Agosto,Sofala,Buzi,Pagamentos,76601.0,4692457.48
2025,Setembro,Sofala,Buzi,Pagamentos,60491.0,4596938.45
2025,Outubro,Sofala,Buzi,Pagamentos,67972.0,5228117.08
2025,Novembro,Sofala,Buzi,Pagamentos,67707.0,5143279.73
2025,Dezembro,Sofala,Buzi,Pagamentos,69255.0,5633759.59
2025,Janeiro,Sofala,Caia,Pagamentos,74799.0,6270170.4
2025,Fevereiro,Sofala,Caia,Pagamentos,69747.0,5809854.609999999
2025,Março,Sofala,Caia,Pagamentos,78673.0,6376324.109999999
2025,Abril,Sofala,Caia,Pagamentos,72813.0,6194288.17
2025,Maio,Sofala,Caia,Pagamentos,78730.0,6495172.8
2025,Junho,Sofala,Caia,Pagamentos,85121.0,5997466.76
2025,Julho,Sofala,Caia,Pagamentos,103362.0,7082976.6899999995
2025,Agosto,Sofala,Caia,Pagamentos,116732.0,8288541.029999999
2025,Setembro,Sofala,Caia,Pagamentos,84265.0,7779532.52
2025,Outubro,Sofala,Caia,Pagamentos,96584.0,8942620.79
2025,Novembro,Sofala,Caia,Pagamentos,101543.0,8751688.89
2025,Dezembro,Sofala,Caia,Pagamentos,103114.0,9292975.65
2025,Janeiro,Sofala,Chemba,Pagamentos,19193.0,1301839.46
2025,Fevereiro,Sofala,Chemba,Pagamentos,18601.0,1263284.16
2025,Março,Sofala,Chemba,Pagamentos,21400.0,1477963.54
2025,Abril,Sofala,Chemba,Pagamentos,16204.0,1290098.13
2025,Maio,Sofala,Chemba,Pagamentos,16004.0,1063146.3
2025,Junho,Sofala,Chemba,Pagamentos,18196.0,1236730.87
2025,Julho,Sofala,Chemba,Pagamentos,20947.0,1213574.62
2025,Agosto,Sofala,Chemba,Pagamentos,22688.0,1264781.59
2025,Setembro,Sofala,Chemba,Pagamentos,21965.0,1515408.59
2025,Outubro,Sofala,Chemba,Pagamentos,24431.0,1864620.14
2025,Novembro,Sofala,Chemba,Pagamentos,23435.0,1629292.6
2025,Dezembro,Sofala,Chemba,Pagamentos,21836.0,1603180.61
2025,Janeiro,Sofala,Cheringoma,Pagamentos,21509.0,1899885.31
2025,Fevereiro,Sofala,Cheringoma,Pagamentos,19371.0,1810130.41
2025,Março,Sofala,Cheringoma,Pagamentos,24956.0,2129068.5
2025,Abril,Sofala,Cheringoma,Pagamentos,22135.0,2113066.06
2025,Maio,Sofala,Cheringoma,Pagamentos,23575.0,2137306.52
2025,Junho,Sofala,Cheringoma,Pagamentos,25556.0,2284897.19
2025,Julho,Sofala,Cheringoma,Pagamentos,30222.0,2427041.5700000003
2025,Agosto,Sofala,Cheringoma,Pagamentos,34763.0,2971011.01
2025,Setembro,Sofala,Cheringoma,Pagamentos,26506.0,2812874.91
2025,Outubro,Sofala,Cheringoma,Pagamentos,29645.0,3156177.75
2025,Novembro,Sofala,Cheringoma,Pagamentos,27626.0,2636935.62
2025,Dezembro,Sofala,Cheringoma,Pagamentos,26550.0,2826545.48
2025,Janeiro,Sofala,Chibabava,Pagamentos,34401.0,3881720.13
2025,Fevereiro,Sofala,Chibabava,Pagamentos,33806.0,4383709.26
2025,Março,Sofala,Chibabava,Pagamentos,40878.0,5359204.64
2025,Abril,Sofala,Chibabava,Pagamentos,35367.0,4059651.72
2025,Maio,Sofala,Chibabava,Pagamentos,36253.0,4889295.73
2025,Junho,Sofala,Chibabava,Pagamentos,39450.0,3928918.31
2025,Julho,Sofala,Chibabava,Pagamentos,45644.0,4406836.1
2025,Agosto,Sofala,Chibabava,Pagamentos,47136.0,5592853.95
2025,Setembro,Sofala,Chibabava,Pagamentos,35171.0,4957053.33
2025,Outubro,Sofala,Chibabava,Pagamentos,39980.0,6092067.970000001
2025,Novembro,Sofala,Chibabava,Pagamentos,39490.0,4628372.35
2025,Dezembro,Sofala,Chibabava,Pagamentos,42205.0,4688998.93
2025,Janeiro,Sofala,Dondo,Pagamentos,227644.0,20626824.94
2025,Fevereiro,Sofala,Dondo,Pagamentos,208746.0,19245248.94
2025,Março,Sofala,Dondo,Pagamentos,252366.0,22755859.9
2025,Abril,Sofala,Dondo,Pagamentos,217918.0,20028835.18
2025,Maio,Sofala,Dondo,Pagamentos,224925.0,20170560.9
2025,Junho,Sofala,Dondo,Pagamentos,226392.0,18117252.35
2025,Julho,Sofala,Dondo,Pagamentos,253054.0,19242034.59
2025,Agosto,Sofala,Dondo,Pagamentos,287871.0,22942771.25
2025,Setembro,Sofala,Dondo,Pagamentos,204182.0,22346489.47
2025,Outubro,Sofala,Dondo,Pagamentos,225586.0,24117277.36
2025,Novembro,Sofala,Dondo,Pagamentos,232019.0,24211469.68
2025,Dezembro,Sofala,Dondo,Pagamentos,242658.0,27766999.88
2025,Janeiro,Sofala,Gorongoza,Pagamentos,65446.0,5441115.98
2025,Fevereiro,Sofala,Gorongoza,Pagamentos,60326.0,5218975.95
2025,Março,Sofala,Gorongoza,Pagamentos,75377.0,6459021.2
2025,Abril,Sofala,Gorongoza,Pagamentos,69976.0,5973440.2
2025,Maio,Sofala,Gorongoza,Pagamentos,72323.0,5911249.67
2025,Junho,Sofala,Gorongoza,Pagamentos,78260.0,6237257.59
2025,Julho,Sofala,Gorongoza,Pagamentos,92952.0,6812339.55
2025,Agosto,Sofala,Gorongoza,Pagamentos,98898.0,7949829.24
2025,Setembro,Sofala,Gorongoza,Pagamentos,87968.0,7713486.84
2025,Outubro,Sofala,Gorongoza,Pagamentos,97426.0,8645898.58
2025,Novembro,Sofala,Gorongoza,Pagamentos,93900.0,7479498.92
2025,Dezembro,Sofala,Gorongoza,Pagamentos,96628.0,7488103.02
2025,Janeiro,Sofala,Machanga,Pagamentos,9497.0,898099.56
2025,Fevereiro,Sofala,Machanga,Pagamentos,8921.0,946401.32
2025,Março,Sofala,Machanga,Pagamentos,10595.0,1084044.89
2025,Abril,Sofala,Machanga,Pagamentos,10911.0,1163732.64
2025,Maio,Sofala,Machanga,Pagamentos,11239.0,1187485.23
2025,Junho,Sofala,Machanga,Pagamentos,13058.0,908644.09
2025,Julho,Sofala,Machanga,Pagamentos,16091.0,1035827.89
2025,Agosto,Sofala,Machanga,Pagamentos,16320.0,994400.02
2025,Setembro,Sofala,Machanga,Pagamentos,13434.0,1049627.0
2025,Outubro,Sofala,Machanga,Pagamentos,15548.0,1242624.92
2025,Novembro,Sofala,Machanga,Pagamentos,15640.0,1342947.27
2025,Dezembro,Sofala,Machanga,Pagamentos,16562.0,1556795.04
2025,Janeiro,Sofala,Maringue,Pagamentos,19282.0,1441552.13
2025,Fevereiro,Sofala,Maringue,Pagamentos,19275.0,1615698.56
2025,Março,Sofala,Maringue,Pagamentos,24401.0,1875671.08
2025,Abril,Sofala,Maringue,Pagamentos,21829.0,2054267.17
2025,Maio,Sofala,Maringue,Pagamentos,23162.0,2022056.12
2025,Junho,Sofala,Maringue,Pagamentos,27523.0,2515603.75
2025,Julho,Sofala,Maringue,Pagamentos,32814.0,2469690.14
2025,Agosto,Sofala,Maringue,Pagamentos,35451.0,2378748.11
2025,Setembro,Sofala,Maringue,Pagamentos,37504.0,2440240.2199999997
2025,Outubro,Sofala,Maringue,Pagamentos,41861.0,2912906.07
2025,Novembro,Sofala,Maringue,Pagamentos,38434.0,2835912.4699999997
2025,Dezembro,Sofala,Maringue,Pagamentos,37107.0,2619646.0300000003
2025,Janeiro,Sofala,Marromeu,Pagamentos,64661.0,4468809.25
2025,Fevereiro,Sofala,Marromeu,Pagamentos,57311.0,4368810.13
2025,Março,Sofala,Marromeu,Pagamentos,65673.0,5246359.18
2025,Abril,Sofala,Marromeu,Pagamentos,64525.0,5084213.73
2025,Maio,Sofala,Marromeu,Pagamentos,65573.0,4652927.11
2025,Junho,Sofala,Marromeu,Pagamentos,66813.0,4196265.14
2025,Julho,Sofala,Marromeu,Pagamentos,81170.0,4582343.02
2025,Agosto,Sofala,Marromeu,Pagamentos,87917.0,5097966.02
2025,Setembro,Sofala,Marromeu,Pagamentos,57401.0,5181130.21
2025,Outubro,Sofala,Marromeu,Pagamentos,66101.0,5795213.77
2025,Novembro,Sofala,Marromeu,Pagamentos,64639.0,5577483.98
2025,Dezembro,Sofala,Marromeu,Pagamentos,67548.0,6003510.74
2025,Janeiro,Sofala,Muanza,Pagamentos,11413.0,702304.87
2025,Fevereiro,Sofala,Muanza,Pagamentos,15260.0,805644.8
2025,Março,Sofala,Muanza,Pagamentos,16539.0,920611.99
2025,Abril,Sofala,Muanza,Pagamentos,9658.0,864511.86
2025,Maio,Sofala,Muanza,Pagamentos,8702.0,747086.05
2025,Junho,Sofala,Muanza,Pagamentos,10365.0,670741.1799999999
2025,Julho,Sofala,Muanza,Pagamentos,12497.0,746322.1
2025,Agosto,Sofala,Muanza,Pagamentos,13936.0,877906.21
2025,Setembro,Sofala,Muanza,Pagamentos,16851.0,1043255.95
2025,Outubro,Sofala,Muanza,Pagamentos,18727.0,1236947.35
2025,Novembro,Sofala,Muanza,Pagamentos,17647.0,1085741.0
2025,Dezembro,Sofala,Muanza,Pagamentos,16052.0,1094310.44
2025,Janeiro,Sofala,Nhamatanda,Pagamentos,132448.0,9924343.56
2025,Fevereiro,Sofala,Nhamatanda,Pagamentos,124714.0,9065469.55
2025,Março,Sofala,Nhamatanda,Pagamentos,146784.0,10554976.13
2025,Abril,Sofala,Nhamatanda,Pagamentos,151050.0,11278125.32
2025,Maio,Sofala,Nhamatanda,Pagamentos,141569.0,10124941.14
2025,Junho,Sofala,Nhamatanda,Pagamentos,138858.0,8834398.83
2025,Julho,Sofala,Nhamatanda,Pagamentos,160352.0,9455622.9
2025,Agosto,Sofala,Nhamatanda,Pagamentos,173618.0,10639774.18
2025,Setembro,Sofala,Nhamatanda,Pagamentos,126834.0,10778737.03
2025,Outubro,Sofala,Nhamatanda,Pagamentos,138154.0,12145882.97
2025,Novembro,Sofala,Nhamatanda,Pagamentos,138927.0,11525943.13
2025,Dezembro,Sofala,Nhamatanda,Pagamentos,144271.0,12804830.22
2025,Janeiro,Manica,Cidade de Chimoio,Pagamentos,663512.0,78222238.03
2025,Fevereiro,Manica,Cidade de Chimoio,Pagamentos,623992.0,74300058.61
2025,Março,Manica,Cidade de Chimoio,Pagamentos,718522.0,90192109.53
2025,Abril,Manica,Cidade de Chimoio,Pagamentos,671511.0,80211489.73
2025,Maio,Manica,Cidade de Chimoio,Pagamentos,725677.0,87275192.56
2025,Junho,Manica,Cidade de Chimoio,Pagamentos,765787.0,86916425.48
2025,Julho,Manica,Cidade de Chimoio,Pagamentos,873546.0,87714795.14
2025,Agosto,Manica,Cidade de Chimoio,Pagamentos,940829.0,98127443.52
2025,Setembro,Manica,Cidade de Chimoio,Pagamentos,835318.0,95934963.42
2025,Outubro,Manica,Cidade de Chimoio,Pagamentos,932573.0,108891726.23
2025,Novembro,Manica,Cidade de Chimoio,Pagamentos,905057.0,101550345.42
2025,Dezembro,Manica,Cidade de Chimoio,Pagamentos,925539.0,111416179.07
2025,Janeiro,Manica,Bárue,Pagamentos,77822.0,7402442.69
2025,Fevereiro,Manica,Bárue,Pagamentos,74602.0,7185999.63
2025,Março,Manica,Bárue,Pagamentos,88606.0,8836666.31
2025,Abril,Manica,Bárue,Pagamentos,77699.0,8183877.49
2025,Maio,Manica,Bárue,Pagamentos,92872.0,9252973.21
2025,Junho,Manica,Bárue,Pagamentos,102041.0,9014756.48
2025,Julho,Manica,Bárue,Pagamentos,121401.0,9395119.9
2025,Agosto,Manica,Bárue,Pagamentos,135253.0,10246270.88
2025,Setembro,Manica,Bárue,Pagamentos,111951.0,9752535.41
2025,Outubro,Manica,Bárue,Pagamentos,124451.0,10516041.95
2025,Novembro,Manica,Bárue,Pagamentos,116914.0,9612711.77
2025,Dezembro,Manica,Bárue,Pagamentos,117145.0,9783800.61
2025,Janeiro,Manica,Gondola,Pagamentos,132033.0,8653718.19
2025,Fevereiro,Manica,Gondola,Pagamentos,122327.0,8654227.04
2025,Março,Manica,Gondola,Pagamentos,146565.0,11444607.260000002
2025,Abril,Manica,Gondola,Pagamentos,138858.0,10066855.79
2025,Maio,Manica,Gondola,Pagamentos,165461.0,14194483.03
2025,Junho,Manica,Gondola,Pagamentos,174486.0,11938546.3
2025,Julho,Manica,Gondola,Pagamentos,196257.0,12625294.91
2025,Agosto,Manica,Gondola,Pagamentos,217890.0,14585533.91
2025,Setembro,Manica,Gondola,Pagamentos,165461.0,14023853.9
2025,Outubro,Manica,Gondola,Pagamentos,183518.0,16650935.65
2025,Novembro,Manica,Gondola,Pagamentos,183238.0,15280699.63
2025,Dezembro,Manica,Gondola,Pagamentos,195866.0,18142004.48
2025,Janeiro,Manica,Guro,Pagamentos,29626.0,2628110.4
2025,Fevereiro,Manica,Guro,Pagamentos,29544.0,3032561.73
2025,Março,Manica,Guro,Pagamentos,36298.0,3488107.1399999997
2025,Abril,Manica,Guro,Pagamentos,32995.0,3090249.72
2025,Maio,Manica,Guro,Pagamentos,36584.0,3215590.3899999997
2025,Junho,Manica,Guro,Pagamentos,38686.0,2623513.1
2025,Julho,Manica,Guro,Pagamentos,46388.0,3070856.7
2025,Agosto,Manica,Guro,Pagamentos,50357.0,3091629.35
2025,Setembro,Manica,Guro,Pagamentos,38089.0,3138059.69
2025,Outubro,Manica,Guro,Pagamentos,42804.0,3656161.07
2025,Novembro,Manica,Guro,Pagamentos,39875.0,3007828.96
2025,Dezembro,Manica,Guro,Pagamentos,38626.0,3109049.54
2025,Janeiro,Manica,Machaze,Pagamentos,25613.0,1891475.51
2025,Fevereiro,Manica,Machaze,Pagamentos,23168.0,1697236.38
2025,Março,Manica,Machaze,Pagamentos,27839.0,2260274.96
2025,Abril,Manica,Machaze,Pagamentos,26879.0,2078678.32
2025,Maio,Manica,Machaze,Pagamentos,25182.0,2056344.47
2025,Junho,Manica,Machaze,Pagamentos,29075.0,2111822.14
2025,Julho,Manica,Machaze,Pagamentos,34220.0,2233374.38
2025,Agosto,Manica,Machaze,Pagamentos,36664.0,2308293.7
2025,Setembro,Manica,Machaze,Pagamentos,35376.0,2446332.66
2025,Outubro,Manica,Machaze,Pagamentos,39182.0,2802477.17
2025,Novembro,Manica,Machaze,Pagamentos,37260.0,2663549.24
2025,Dezembro,Manica,Machaze,Pagamentos,41526.0,2923451.26
2025,Janeiro,Manica,Macossa,Pagamentos,8044.0,662349.58
2025,Fevereiro,Manica,Macossa,Pagamentos,8603.0,781038.53
2025,Março,Manica,Macossa,Pagamentos,10879.0,983623.22
2025,Abril,Manica,Macossa,Pagamentos,9833.0,976230.03
2025,Maio,Manica,Macossa,Pagamentos,10187.0,903594.73
2025,Junho,Manica,Macossa,Pagamentos,11839.0,897656.5
2025,Julho,Manica,Macossa,Pagamentos,14395.0,900146.54
2025,Agosto,Manica,Macossa,Pagamentos,15224.0,940711.8
2025,Setembro,Manica,Macossa,Pagamentos,15664.0,1068704.07
2025,Outubro,Manica,Macossa,Pagamentos,17415.0,1391370.35
2025,Novembro,Manica,Macossa,Pagamentos,16260.0,1253182.05
2025,Dezembro,Manica,Macossa,Pagamentos,16460.0,1142128.81
2025,Janeiro,Manica,Manica,Pagamentos,199722.0,22019085.33
2025,Fevereiro,Manica,Manica,Pagamentos,186273.0,20241480.76
2025,Março,Manica,Manica,Pagamentos,223299.0,25917200.25
2025,Abril,Manica,Manica,Pagamentos,210819.0,24262985.39
2025,Maio,Manica,Manica,Pagamentos,204779.0,22746999.28
2025,Junho,Manica,Manica,Pagamentos,213922.0,21904141.27
2025,Julho,Manica,Manica,Pagamentos,248132.0,22486763.130000003
2025,Agosto,Manica,Manica,Pagamentos,273195.0,25049880.86
2025,Setembro,Manica,Manica,Pagamentos,244707.0,25998550.61
2025,Outubro,Manica,Manica,Pagamentos,276362.0,29176724.369999997
2025,Novembro,Manica,Manica,Pagamentos,270112.0,27504605.83
2025,Dezembro,Manica,Manica,Pagamentos,277044.0,29491336.77
2025,Janeiro,Manica,Mossurize,Pagamentos,30072.0,3243368.71
2025,Fevereiro,Manica,Mossurize,Pagamentos,28844.0,3075551.01
2025,Março,Manica,Mossurize,Pagamentos,33417.0,3536140.85
2025,Abril,Manica,Mossurize,Pagamentos,32797.0,3880142.53
2025,Maio,Manica,Mossurize,Pagamentos,33791.0,4067925.01
2025,Junho,Manica,Mossurize,Pagamentos,36885.0,4163435.18
2025,Julho,Manica,Mossurize,Pagamentos,43458.0,4586236.58
2025,Agosto,Manica,Mossurize,Pagamentos,48818.0,4445823.52
2025,Setembro,Manica,Mossurize,Pagamentos,45465.0,5646179.05
2025,Outubro,Manica,Mossurize,Pagamentos,50947.0,5617402.15
2025,Novembro,Manica,Mossurize,Pagamentos,47218.0,4983213.55
2025,Dezembro,Manica,Mossurize,Pagamentos,49247.0,5375767.77
2025,Janeiro,Manica,Sussundenga,Pagamentos,47199.0,4268480.2
2025,Fevereiro,Manica,Sussundenga,Pagamentos,43997.0,4091925.93
2025,Março,Manica,Sussundenga,Pagamentos,52858.0,4708865.33
2025,Abril,Manica,Sussundenga,Pagamentos,52310.0,4789645.33
2025,Maio,Manica,Sussundenga,Pagamentos,49663.0,4257713.93
2025,Junho,Manica,Sussundenga,Pagamentos,53202.0,3653110.13
2025,Julho,Manica,Sussundenga,Pagamentos,64951.0,3817870.23
2025,Agosto,Manica,Sussundenga,Pagamentos,66810.0,4187408.33
2025,Setembro,Manica,Sussundenga,Pagamentos,62398.0,4488393.41
2025,Outubro,Manica,Sussundenga,Pagamentos,69805.0,4943501.88
2025,Novembro,Manica,Sussundenga,Pagamentos,65419.0,4566137.98
2025,Dezembro,Manica,Sussundenga,Pagamentos,76088.0,6351270.99
2025,Janeiro,Manica,Tambara,Pagamentos,6117.0,533407.16
2025,Fevereiro,Manica,Tambara,Pagamentos,7398.0,572292.23
2025,Março,Manica,Tambara,Pagamentos,10546.0,782580.0
2025,Abril,Manica,Tambara,Pagamentos,8402.0,816388.0
2025,Maio,Manica,Tambara,Pagamentos,8123.0,902859.0
2025,Junho,Manica,Tambara,Pagamentos,10396.0,725443.05
2025,Julho,Manica,Tambara,Pagamentos,12936.0,729869.1
2025,Agosto,Manica,Tambara,Pagamentos,13503.0,800528.13
2025,Setembro,Manica,Tambara,Pagamentos,13742.0,790561.29
2025,Outubro,Manica,Tambara,Pagamentos,15226.0,1043017.86
2025,Novembro,Manica,Tambara,Pagamentos,15142.0,999921.9
2025,Dezembro,Manica,Tambara,Pagamentos,14246.0,870957.06
2025,Janeiro,Manica,Macate,Pagamentos,19037.0,962221.17
2025,Fevereiro,Manica,Macate,Pagamentos,18526.0,988661.38
2025,Março,Manica,Macate,Pagamentos,20114.0,1037618.61
2025,Abril,Manica,Macate,Pagamentos,22356.0,1198470.89
2025,Maio,Manica,Macate,Pagamentos,26419.0,1645926.78
2025,Junho,Manica,Macate,Pagamentos,29035.0,1597766.33
2025,Julho,Manica,Macate,Pagamentos,33641.0,1842402.3
2025,Agosto,Manica,Macate,Pagamentos,34039.0,1809688.89
2025,Setembro,Manica,Macate,Pagamentos,22223.0,1276555.77
2025,Outubro,Manica,Macate,Pagamentos,23943.0,1212385.43
2025,Novembro,Manica,Macate,Pagamentos,22276.0,1085032.16
2025,Dezembro,Manica,Macate,Pagamentos,24338.0,1127480.28
2025,Janeiro,Manica,Vanduzi,Pagamentos,67033.0,6303013.28
2025,Fevereiro,Manica,Vanduzi,Pagamentos,64848.0,6086112.26
2025,Março,Manica,Vanduzi,Pagamentos,75533.0,7085063.6899999995
2025,Abril,Manica,Vanduzi,Pagamentos,75691.0,8492071.88
2025,Maio,Manica,Vanduzi,Pagamentos,67290.0,6090259.72
2025,Junho,Manica,Vanduzi,Pagamentos,72176.0,5448306.17
2025,Julho,Manica,Vanduzi,Pagamentos,90395.0,5795808.98
2025,Agosto,Manica,Vanduzi,Pagamentos,96439.0,6365292.53
2025,Setembro,Manica,Vanduzi,Pagamentos,91196.0,7280110.8
2025,Outubro,Manica,Vanduzi,Pagamentos,103838.0,8369813.69
2025,Novembro,Manica,Vanduzi,Pagamentos,99706.0,7527928.44
2025,Dezembro,Manica,Vanduzi,Pagamentos,100231.0,7734914.48
2025,Janeiro,Tete,Cidade de Tete,Pagamentos,673884.0,105812419.4
2025,Fevereiro,Tete,Cidade de Tete,Pagamentos,633688.0,97712497.01
2025,Março,Tete,Cidade de Tete,Pagamentos,733344.0,113322778.23
2025,Abril,Tete,Cidade de Tete,Pagamentos,676679.0,99981095.84
2025,Maio,Tete,Cidade de Tete,Pagamentos,684977.0,99058479.45
2025,Junho,Tete,Cidade de Tete,Pagamentos,649875.0,81751361.66
2025,Julho,Tete,Cidade de Tete,Pagamentos,734274.0,86870911.94
2025,Agosto,Tete,Cidade de Tete,Pagamentos,835010.0,104625231.29
2025,Setembro,Tete,Cidade de Tete,Pagamentos,674574.0,102080795.42
2025,Outubro,Tete,Cidade de Tete,Pagamentos,758103.0,118429789.74
2025,Novembro,Tete,Cidade de Tete,Pagamentos,764260.0,114425241.13
2025,Dezembro,Tete,Cidade de Tete,Pagamentos,778599.0,121174020.04
2025,Janeiro,Tete,Angónia,Pagamentos,100087.0,11245112.06
2025,Fevereiro,Tete,Angónia,Pagamentos,100539.0,13099103.52
2025,Março,Tete,Angónia,Pagamentos,116952.0,14281798.7
2025,Abril,Tete,Angónia,Pagamentos,114995.0,12295330.03
2025,Maio,Tete,Angónia,Pagamentos,126693.0,13970894.65
2025,Junho,Tete,Angónia,Pagamentos,130561.0,13272503.8
2025,Julho,Tete,Angónia,Pagamentos,137308.0,13023024.15
2025,Agosto,Tete,Angónia,Pagamentos,148065.0,14150379.5
2025,Setembro,Tete,Angónia,Pagamentos,119511.0,13569262.54
2025,Outubro,Tete,Angónia,Pagamentos,128961.0,14271596.02
2025,Novembro,Tete,Angónia,Pagamentos,122355.0,12428014.47
2025,Dezembro,Tete,Angónia,Pagamentos,121131.0,13377811.16
2025,Janeiro,Tete,Cahora-Bassa,Pagamentos,94098.0,11980439.96
2025,Fevereiro,Tete,Cahora-Bassa,Pagamentos,91504.0,9842409.67
2025,Março,Tete,Cahora-Bassa,Pagamentos,106367.0,12026621.14
2025,Abril,Tete,Cahora-Bassa,Pagamentos,92445.0,11150741.04
2025,Maio,Tete,Cahora-Bassa,Pagamentos,98372.0,11520006.42
2025,Junho,Tete,Cahora-Bassa,Pagamentos,107410.0,10809703.86
2025,Julho,Tete,Cahora-Bassa,Pagamentos,117760.0,11829211.98
2025,Agosto,Tete,Cahora-Bassa,Pagamentos,138625.0,13889618.59
2025,Setembro,Tete,Cahora-Bassa,Pagamentos,105808.0,19623308.82
2025,Outubro,Tete,Cahora-Bassa,Pagamentos,95924.0,14011037.78
2025,Novembro,Tete,Cahora-Bassa,Pagamentos,95701.0,13183724.27
2025,Dezembro,Tete,Cahora-Bassa,Pagamentos,94712.0,12079035.07
2025,Janeiro,Tete,Changara,Pagamentos,67869.0,6456747.5
2025,Fevereiro,Tete,Changara,Pagamentos,67933.0,6934707.51
2025,Março,Tete,Changara,Pagamentos,80435.0,7826592.46
2025,Abril,Tete,Changara,Pagamentos,72401.0,9970863.66
2025,Maio,Tete,Changara,Pagamentos,82517.0,8156928.16
2025,Junho,Tete,Changara,Pagamentos,83721.0,6774950.59
2025,Julho,Tete,Changara,Pagamentos,93821.0,7468689.67
2025,Agosto,Tete,Changara,Pagamentos,104193.0,9229583.36
2025,Setembro,Tete,Changara,Pagamentos,73069.0,9231511.13
2025,Outubro,Tete,Changara,Pagamentos,78471.0,9423340.21
2025,Novembro,Tete,Changara,Pagamentos,76497.0,9029481.14
2025,Dezembro,Tete,Changara,Pagamentos,77983.0,8778528.34
2025,Janeiro,Tete,Chifunde,Pagamentos,12907.0,1418686.57
2025,Fevereiro,Tete,Chifunde,Pagamentos,13241.0,1458403.65
2025,Março,Tete,Chifunde,Pagamentos,15989.0,2059068.67
2025,Abril,Tete,Chifunde,Pagamentos,15293.0,1359080.78
2025,Maio,Tete,Chifunde,Pagamentos,19231.0,2028568.16
2025,Junho,Tete,Chifunde,Pagamentos,19877.0,1551272.12
2025,Julho,Tete,Chifunde,Pagamentos,22196.0,1585751.78
2025,Agosto,Tete,Chifunde,Pagamentos,24642.0,2963355.49
2025,Setembro,Tete,Chifunde,Pagamentos,17632.0,1565774.4
2025,Outubro,Tete,Chifunde,Pagamentos,19432.0,1715132.21
2025,Novembro,Tete,Chifunde,Pagamentos,18449.0,1600910.48
2025,Dezembro,Tete,Chifunde,Pagamentos,18100.0,1588737.36
2025,Janeiro,Tete,Chiuta,Pagamentos,24951.0,2716597.37
2025,Fevereiro,Tete,Chiuta,Pagamentos,25058.0,2836172.48
2025,Março,Tete,Chiuta,Pagamentos,28275.0,4365976.33
2025,Abril,Tete,Chiuta,Pagamentos,25570.0,2836757.01
2025,Maio,Tete,Chiuta,Pagamentos,27207.0,2862402.02
2025,Junho,Tete,Chiuta,Pagamentos,29104.0,2583553.65
2025,Julho,Tete,Chiuta,Pagamentos,34307.0,2785624.37
2025,Agosto,Tete,Chiuta,Pagamentos,35380.0,3056102.24
2025,Setembro,Tete,Chiuta,Pagamentos,30807.0,3127208.27
2025,Outubro,Tete,Chiuta,Pagamentos,36001.0,3634530.11
2025,Novembro,Tete,Chiuta,Pagamentos,33613.0,3155259.13
2025,Dezembro,Tete,Chiuta,Pagamentos,32665.0,3194800.3
2025,Janeiro,Tete,Macanga,Pagamentos,35106.0,2844409.4
2025,Fevereiro,Tete,Macanga,Pagamentos,37637.0,3032536.85
2025,Março,Tete,Macanga,Pagamentos,45427.0,3422145.6100000003
2025,Abril,Tete,Macanga,Pagamentos,47446.0,4107513.55
2025,Maio,Tete,Macanga,Pagamentos,53723.0,4170952.16
2025,Junho,Tete,Macanga,Pagamentos,52507.0,3684442.6
2025,Julho,Tete,Macanga,Pagamentos,63997.0,3859591.35
2025,Agosto,Tete,Macanga,Pagamentos,59523.0,3515930.15
2025,Setembro,Tete,Macanga,Pagamentos,48083.0,3181333.59
2025,Outubro,Tete,Macanga,Pagamentos,53856.0,3927346.18
2025,Novembro,Tete,Macanga,Pagamentos,47122.0,3253131.02
2025,Dezembro,Tete,Macanga,Pagamentos,48427.0,3481135.31
2025,Janeiro,Tete,Mágoe,Pagamentos,16165.0,1602634.22
2025,Fevereiro,Tete,Mágoe,Pagamentos,16768.0,1699579.56
2025,Março,Tete,Mágoe,Pagamentos,19042.0,1930647.82
2025,Abril,Tete,Mágoe,Pagamentos,19176.0,2149464.84
2025,Maio,Tete,Mágoe,Pagamentos,17439.0,1722892.27
2025,Junho,Tete,Mágoe,Pagamentos,20109.0,1700950.52
2025,Julho,Tete,Mágoe,Pagamentos,23449.0,1800655.23
2025,Agosto,Tete,Mágoe,Pagamentos,24286.0,1795797.69
2025,Setembro,Tete,Mágoe,Pagamentos,23573.0,1991471.08
2025,Outubro,Tete,Mágoe,Pagamentos,26763.0,2247375.06
2025,Novembro,Tete,Mágoe,Pagamentos,26650.0,2376382.86
2025,Dezembro,Tete,Mágoe,Pagamentos,24582.0,2322929.88
2025,Janeiro,Tete,Maravia,Pagamentos,12381.0,1591601.22
2025,Fevereiro,Tete,Maravia,Pagamentos,13358.0,1354669.52
2025,Março,Tete,Maravia,Pagamentos,15044.0,1576144.35
2025,Abril,Tete,Maravia,Pagamentos,14752.0,1964326.62
2025,Maio,Tete,Maravia,Pagamentos,15447.0,3427549.57
2025,Junho,Tete,Maravia,Pagamentos,16799.0,1682820.95
2025,Julho,Tete,Maravia,Pagamentos,21481.0,1963815.73
2025,Agosto,Tete,Maravia,Pagamentos,21935.0,1930488.08
2025,Setembro,Tete,Maravia,Pagamentos,18634.0,1722864.62
2025,Outubro,Tete,Maravia,Pagamentos,19945.0,1999043.49
2025,Novembro,Tete,Maravia,Pagamentos,17250.0,2008174.03
2025,Dezembro,Tete,Maravia,Pagamentos,15524.0,1816599.14
2025,Janeiro,Tete,Moatize,Pagamentos,189304.0,18541794.77
2025,Fevereiro,Tete,Moatize,Pagamentos,182643.0,19166685.83
2025,Março,Tete,Moatize,Pagamentos,227863.0,23761469.09
2025,Abril,Tete,Moatize,Pagamentos,215376.0,25824767.209999997
2025,Maio,Tete,Moatize,Pagamentos,202232.0,20192187.91
2025,Junho,Tete,Moatize,Pagamentos,198215.0,17624522.87
2025,Julho,Tete,Moatize,Pagamentos,224959.0,19570884.61
2025,Agosto,Tete,Moatize,Pagamentos,244928.0,19734910.9
2025,Setembro,Tete,Moatize,Pagamentos,179573.0,18670429.15
2025,Outubro,Tete,Moatize,Pagamentos,203837.0,22074117.619999997
2025,Novembro,Tete,Moatize,Pagamentos,201273.0,21857437.82
2025,Dezembro,Tete,Moatize,Pagamentos,211937.0,25721894.86
2025,Janeiro,Tete,Mutarara,Pagamentos,34212.0,2890068.87
2025,Fevereiro,Tete,Mutarara,Pagamentos,32525.0,2698803.71
2025,Março,Tete,Mutarara,Pagamentos,36979.0,3164363.87
2025,Abril,Tete,Mutarara,Pagamentos,37962.0,3494289.46
2025,Maio,Tete,Mutarara,Pagamentos,33363.0,2900986.51
2025,Junho,Tete,Mutarara,Pagamentos,31375.0,2186119.3
2025,Julho,Tete,Mutarara,Pagamentos,39113.0,2364860.42
2025,Agosto,Tete,Mutarara,Pagamentos,41010.0,2611300.07
2025,Setembro,Tete,Mutarara,Pagamentos,36137.0,2875001.18
2025,Outubro,Tete,Mutarara,Pagamentos,40965.0,3244986.45
2025,Novembro,Tete,Mutarara,Pagamentos,40227.0,3345668.42
2025,Dezembro,Tete,Mutarara,Pagamentos,40638.0,3392882.2199999997
2025,Janeiro,Tete,Tsangano,Pagamentos,17281.0,1304001.28
2025,Fevereiro,Tete,Tsangano,Pagamentos,17657.0,1761965.71
2025,Março,Tete,Tsangano,Pagamentos,19979.0,1727130.38
2025,Abril,Tete,Tsangano,Pagamentos,23437.0,2435788.9299999997
2025,Maio,Tete,Tsangano,Pagamentos,24687.0,1981144.7
2025,Junho,Tete,Tsangano,Pagamentos,27259.0,1914059.07
2025,Julho,Tete,Tsangano,Pagamentos,32461.0,2040758.56
2025,Agosto,Tete,Tsangano,Pagamentos,31984.0,1912108.58
2025,Setembro,Tete,Tsangano,Pagamentos,26892.0,1630510.72
2025,Outubro,Tete,Tsangano,Pagamentos,29247.0,2071623.26
2025,Novembro,Tete,Tsangano,Pagamentos,26818.0,1783828.3
2025,Dezembro,Tete,Tsangano,Pagamentos,27066.0,2455889.82
2025,Janeiro,Tete,Zumbo,Pagamentos,4985.0,462472.48
2025,Fevereiro,Tete,Zumbo,Pagamentos,4989.0,481336.0
2025,Março,Tete,Zumbo,Pagamentos,6473.0,603056.73
2025,Abril,Tete,Zumbo,Pagamentos,5961.0,578596.85
2025,Maio,Tete,Zumbo,Pagamentos,5400.0,506221.0
2025,Junho,Tete,Zumbo,Pagamentos,6682.0,512830.7
2025,Julho,Tete,Zumbo,Pagamentos,9135.0,530045.0
2025,Agosto,Tete,Zumbo,Pagamentos,9513.0,563673.5
2025,Setembro,Tete,Zumbo,Pagamentos,9219.0,603243.6
2025,Outubro,Tete,Zumbo,Pagamentos,10136.0,726008.7
2025,Novembro,Tete,Zumbo,Pagamentos,9401.0,750018.99
2025,Dezembro,Tete,Zumbo,Pagamentos,7826.0,624466.4
2025,Janeiro,Tete,Doa,Pagamentos,7651.0,718249.4
2025,Fevereiro,Tete,Doa,Pagamentos,8296.0,912179.66
2025,Março,Tete,Doa,Pagamentos,9896.0,1099626.68
2025,Abril,Tete,Doa,Pagamentos,10023.0,1295378.95
2025,Maio,Tete,Doa,Pagamentos,10054.0,1102949.47
2025,Junho,Tete,Doa,Pagamentos,12279.0,1041541.39
2025,Julho,Tete,Doa,Pagamentos,15741.0,1109954.74
2025,Agosto,Tete,Doa,Pagamentos,15424.0,1059740.62
2025,Setembro,Tete,Doa,Pagamentos,14154.0,1098761.84
2025,Outubro,Tete,Doa,Pagamentos,16199.0,1252114.64
2025,Novembro,Tete,Doa,Pagamentos,15053.0,1203531.97
2025,Dezembro,Tete,Doa,Pagamentos,14165.0,1196507.21
2025,Janeiro,Tete,Marara,Pagamentos,31162.0,2695820.27
2025,Fevereiro,Tete,Marara,Pagamentos,30970.0,2931276.57
2025,Março,Tete,Marara,Pagamentos,38624.0,3474983.64
2025,Abril,Tete,Marara,Pagamentos,40173.0,3632385.42
2025,Maio,Tete,Marara,Pagamentos,40443.0,2877742.04
2025,Junho,Tete,Marara,Pagamentos,33468.0,1985353.33
2025,Julho,Tete,Marara,Pagamentos,35188.0,2027873.95
2025,Agosto,Tete,Marara,Pagamentos,40404.0,2973292.89
2025,Setembro,Tete,Marara,Pagamentos,17905.0,2792443.04
2025,Outubro,Tete,Marara,Pagamentos,20259.0,3278282.18
2025,Novembro,Tete,Marara,Pagamentos,19433.0,2965525.17
2025,Dezembro,Tete,Marara,Pagamentos,21863.0,3607202.91
2025,Janeiro,Zambézia,Cidade de Quelimane,Pagamentos,574096.0,63275031.35
2025,Fevereiro,Zambézia,Cidade de Quelimane,Pagamentos,504125.0,53701918.85
2025,Março,Zambézia,Cidade de Quelimane,Pagamentos,555079.0,58274373.89
2025,Abril,Zambézia,Cidade de Quelimane,Pagamentos,503015.0,57825407.91
2025,Maio,Zambézia,Cidade de Quelimane,Pagamentos,512098.0,54875394.81
2025,Junho,Zambézia,Cidade de Quelimane,Pagamentos,507592.0,48495827.78
2025,Julho,Zambézia,Cidade de Quelimane,Pagamentos,589710.0,51061511.41
2025,Agosto,Zambézia,Cidade de Quelimane,Pagamentos,631513.0,54364279.48
2025,Setembro,Zambézia,Cidade de Quelimane,Pagamentos,505498.0,53366685.150000006
2025,Outubro,Zambézia,Cidade de Quelimane,Pagamentos,569743.0,61959063.77
2025,Novembro,Zambézia,Cidade de Quelimane,Pagamentos,587679.0,59819836.440000005
2025,Dezembro,Zambézia,Cidade de Quelimane,Pagamentos,598678.0,67490012.11
2025,Janeiro,Zambézia,Alto Molócuè,Pagamentos,118818.0,9227153.19
2025,Fevereiro,Zambézia,Alto Molócuè,Pagamentos,111587.0,9516293.57
2025,Março,Zambézia,Alto Molócuè,Pagamentos,125926.0,11054370.76
2025,Abril,Zambézia,Alto Molócuè,Pagamentos,116924.0,10347215.53
2025,Maio,Zambézia,Alto Molócuè,Pagamentos,130263.0,11660274.86
2025,Junho,Zambézia,Alto Molócuè,Pagamentos,134877.0,10606690.65
2025,Julho,Zambézia,Alto Molócuè,Pagamentos,155124.0,11392640.34
2025,Agosto,Zambézia,Alto Molócuè,Pagamentos,172611.0,13947512.62
2025,Setembro,Zambézia,Alto Molócuè,Pagamentos,138248.0,11814954.31
2025,Outubro,Zambézia,Alto Molócuè,Pagamentos,153550.0,13221116.36
2025,Novembro,Zambézia,Alto Molócuè,Pagamentos,147740.0,11466829.95
2025,Dezembro,Zambézia,Alto Molócuè,Pagamentos,139556.0,12143947.94
2025,Janeiro,Zambézia,Chinde,Pagamentos,16152.0,857033.77
2025,Fevereiro,Zambézia,Chinde,Pagamentos,11153.0,733848.01
2025,Março,Zambézia,Chinde,Pagamentos,8283.0,606796.14
2025,Abril,Zambézia,Chinde,Pagamentos,8267.0,506610.0
2025,Maio,Zambézia,Chinde,Pagamentos,9366.0,709369.11
2025,Junho,Zambézia,Chinde,Pagamentos,12484.0,1035503.27
2025,Julho,Zambézia,Chinde,Pagamentos,17757.0,1162915.01
2025,Agosto,Zambézia,Chinde,Pagamentos,20391.0,1338648.2
2025,Setembro,Zambézia,Chinde,Pagamentos,14785.0,1221870.39
2025,Outubro,Zambézia,Chinde,Pagamentos,15302.0,1271816.35
2025,Novembro,Zambézia,Chinde,Pagamentos,15046.0,1354304.15
2025,Dezembro,Zambézia,Chinde,Pagamentos,14160.0,1121627.48
2025,Janeiro,Zambézia,Gurúè,Pagamentos,131346.0,9645238.25
2025,Fevereiro,Zambézia,Gurúè,Pagamentos,124127.0,9316094.41
2025,Março,Zambézia,Gurúè,Pagamentos,143408.0,11199254.76
2025,Abril,Zambézia,Gurúè,Pagamentos,144794.0,12664498.24
2025,Maio,Zambézia,Gurúè,Pagamentos,155690.0,12623432.21
2025,Junho,Zambézia,Gurúè,Pagamentos,159579.0,11088527.0
2025,Julho,Zambézia,Gurúè,Pagamentos,183295.0,11282261.4
2025,Agosto,Zambézia,Gurúè,Pagamentos,189034.0,11454699.67
2025,Setembro,Zambézia,Gurúè,Pagamentos,158969.0,11438015.29
2025,Outubro,Zambézia,Gurúè,Pagamentos,177780.0,13897425.0
2025,Novembro,Zambézia,Gurúè,Pagamentos,167631.0,12521762.37
2025,Dezembro,Zambézia,Gurúè,Pagamentos,161932.0,12305081.82
2025,Janeiro,Zambézia,Ile,Pagamentos,33829.0,2557510.6799999997
2025,Fevereiro,Zambézia,Ile,Pagamentos,33491.0,2676400.7
2025,Março,Zambézia,Ile,Pagamentos,38480.0,3033751.08
2025,Abril,Zambézia,Ile,Pagamentos,37798.0,3095585.81
2025,Maio,Zambézia,Ile,Pagamentos,36143.0,3072995.6399999997
2025,Junho,Zambézia,Ile,Pagamentos,37699.0,2929150.16
2025,Julho,Zambézia,Ile,Pagamentos,43201.0,2996238.0300000003
2025,Agosto,Zambézia,Ile,Pagamentos,47001.0,2965310.75
2025,Setembro,Zambézia,Ile,Pagamentos,38889.0,3229678.75
2025,Outubro,Zambézia,Ile,Pagamentos,44948.0,4072349.48
2025,Novembro,Zambézia,Ile,Pagamentos,42126.0,3674568.54
2025,Dezembro,Zambézia,Ile,Pagamentos,38219.0,3339722.3899999997
2025,Janeiro,Zambézia,Inhassunge,Pagamentos,20111.0,862253.89
2025,Fevereiro,Zambézia,Inhassunge,Pagamentos,18156.0,832382.44
2025,Março,Zambézia,Inhassunge,Pagamentos,17437.0,803429.74
2025,Abril,Zambézia,Inhassunge,Pagamentos,17981.0,841193.12
2025,Maio,Zambézia,Inhassunge,Pagamentos,19346.0,869879.52
2025,Junho,Zambézia,Inhassunge,Pagamentos,21455.0,802544.52
2025,Julho,Zambézia,Inhassunge,Pagamentos,25816.0,895077.0
2025,Agosto,Zambézia,Inhassunge,Pagamentos,25686.0,1002773.09
2025,Setembro,Zambézia,Inhassunge,Pagamentos,19322.0,913503.96
2025,Outubro,Zambézia,Inhassunge,Pagamentos,22736.0,1137459.89
2025,Novembro,Zambézia,Inhassunge,Pagamentos,23083.0,1118179.1
2025,Dezembro,Zambézia,Inhassunge,Pagamentos,23961.0,1169664.85
2025,Janeiro,Zambézia,Lugela,Pagamentos,24474.0,1276701.66
2025,Fevereiro,Zambézia,Lugela,Pagamentos,23044.0,1337061.69
2025,Março,Zambézia,Lugela,Pagamentos,25227.0,1629175.14
2025,Abril,Zambézia,Lugela,Pagamentos,23532.0,1648013.02
2025,Maio,Zambézia,Lugela,Pagamentos,23516.0,1610838.94
2025,Junho,Zambézia,Lugela,Pagamentos,26793.0,1596480.0
2025,Julho,Zambézia,Lugela,Pagamentos,33488.0,1561646.64
2025,Agosto,Zambézia,Lugela,Pagamentos,33104.0,1720013.65
2025,Setembro,Zambézia,Lugela,Pagamentos,31575.0,1815596.86
2025,Outubro,Zambézia,Lugela,Pagamentos,24352.0,1514009.56
2025,Novembro,Zambézia,Lugela,Pagamentos,42447.0,2749887.1100000003
2025,Dezembro,Zambézia,Lugela,Pagamentos,42979.0,4919448.17
2025,Janeiro,Zambézia,Gilé,Pagamentos,45775.0,3489464.13
2025,Fevereiro,Zambézia,Gilé,Pagamentos,44386.0,3418257.56
2025,Março,Zambézia,Gilé,Pagamentos,49711.0,3772122.47
2025,Abril,Zambézia,Gilé,Pagamentos,49103.0,4819283.12
2025,Maio,Zambézia,Gilé,Pagamentos,50993.0,4470770.8
2025,Junho,Zambézia,Gilé,Pagamentos,55464.0,4067758.02
2025,Julho,Zambézia,Gilé,Pagamentos,65712.0,4283126.0600000005
2025,Agosto,Zambézia,Gilé,Pagamentos,67469.0,4114260.9
2025,Setembro,Zambézia,Gilé,Pagamentos,59079.0,3958736.36
2025,Outubro,Zambézia,Gilé,Pagamentos,68794.0,5058684.66
2025,Novembro,Zambézia,Gilé,Pagamentos,70716.0,5203783.96
2025,Dezembro,Zambézia,Gilé,Pagamentos,72959.0,5527528.16
2025,Janeiro,Zambézia,Maganja da Costa,Pagamentos,77783.0,5452207.33
2025,Fevereiro,Zambézia,Maganja da Costa,Pagamentos,76301.0,5560784.51
2025,Março,Zambézia,Maganja da Costa,Pagamentos,83510.0,5373173.47
2025,Abril,Zambézia,Maganja da Costa,Pagamentos,71090.0,5870609.720000001
2025,Maio,Zambézia,Maganja da Costa,Pagamentos,72416.0,5537194.96
2025,Junho,Zambézia,Maganja da Costa,Pagamentos,74826.0,4780836.76
2025,Julho,Zambézia,Maganja da Costa,Pagamentos,88472.0,5337467.5600000005
2025,Agosto,Zambézia,Maganja da Costa,Pagamentos,93857.0,5477703.72
2025,Setembro,Zambézia,Maganja da Costa,Pagamentos,67959.0,5286618.6899999995
2025,Outubro,Zambézia,Maganja da Costa,Pagamentos,77849.0,6408720.53
2025,Novembro,Zambézia,Maganja da Costa,Pagamentos,75234.0,5981640.15
2025,Dezembro,Zambézia,Maganja da Costa,Pagamentos,80024.0,6359974.25
2025,Janeiro,Zambézia,Milange,Pagamentos,104356.0,7759269.220000001
2025,Fevereiro,Zambézia,Milange,Pagamentos,106258.0,7202551.26
2025,Março,Zambézia,Milange,Pagamentos,103425.0,8697770.809999999
2025,Abril,Zambézia,Milange,Pagamentos,107272.0,9627786.48
2025,Maio,Zambézia,Milange,Pagamentos,108362.0,9558724.77
2025,Junho,Zambézia,Milange,Pagamentos,105848.0,8025807.02
2025,Julho,Zambézia,Milange,Pagamentos,120083.0,8033484.869999999
2025,Agosto,Zambézia,Milange,Pagamentos,127991.0,9440323.03
2025,Setembro,Zambézia,Milange,Pagamentos,111170.0,8262106.26
2025,Outubro,Zambézia,Milange,Pagamentos,125629.0,10211660.56
2025,Novembro,Zambézia,Milange,Pagamentos,108459.0,8510667.17
2025,Dezembro,Zambézia,Milange,Pagamentos,105117.0,8408582.8
2025,Janeiro,Zambézia,Mocuba,Pagamentos,283578.0,27690148.56
2025,Fevereiro,Zambézia,Mocuba,Pagamentos,260048.0,26212908.46
2025,Março,Zambézia,Mocuba,Pagamentos,291010.0,29270896.32
2025,Abril,Zambézia,Mocuba,Pagamentos,287381.0,30554673.910000004
2025,Maio,Zambézia,Mocuba,Pagamentos,282705.0,29872659.41
2025,Junho,Zambézia,Mocuba,Pagamentos,273105.0,24141390.11
2025,Julho,Zambézia,Mocuba,Pagamentos,316724.0,25542062.21
2025,Agosto,Zambézia,Mocuba,Pagamentos,344758.0,28359540.93
2025,Setembro,Zambézia,Mocuba,Pagamentos,295262.0,30316875.32
2025,Outubro,Zambézia,Mocuba,Pagamentos,340595.0,36119197.23
2025,Novembro,Zambézia,Mocuba,Pagamentos,324293.0,33396963.01
2025,Dezembro,Zambézia,Mocuba,Pagamentos,315767.0,36897101.3
2025,Janeiro,Zambézia,Mopeia,Pagamentos,37451.0,2559627.8
2025,Fevereiro,Zambézia,Mopeia,Pagamentos,36846.0,2654770.68
2025,Março,Zambézia,Mopeia,Pagamentos,42480.0,3199462.79
2025,Abril,Zambézia,Mopeia,Pagamentos,43356.0,3699340.1
2025,Maio,Zambézia,Mopeia,Pagamentos,40845.0,3334038.33
2025,Junho,Zambézia,Mopeia,Pagamentos,43136.0,2955917.0300000003
2025,Julho,Zambézia,Mopeia,Pagamentos,55242.0,3403838.9
2025,Agosto,Zambézia,Mopeia,Pagamentos,57332.0,3134134.2800000003
2025,Setembro,Zambézia,Mopeia,Pagamentos,48775.0,3091589.39
2025,Outubro,Zambézia,Mopeia,Pagamentos,57518.0,3960886.83
2025,Novembro,Zambézia,Mopeia,Pagamentos,56874.0,3736984.4
2025,Dezembro,Zambézia,Mopeia,Pagamentos,54385.0,3702966.98
2025,Janeiro,Zambézia,Morrumbala,Pagamentos,53988.0,3984353.03
2025,Fevereiro,Zambézia,Morrumbala,Pagamentos,57195.0,4286595.03
2025,Março,Zambézia,Morrumbala,Pagamentos,66325.0,6123075.65
2025,Abril,Zambézia,Morrumbala,Pagamentos,61426.0,6207060.95
2025,Maio,Zambézia,Morrumbala,Pagamentos,60239.0,6059385.71
2025,Junho,Zambézia,Morrumbala,Pagamentos,62131.0,4899782.28
2025,Julho,Zambézia,Morrumbala,Pagamentos,78258.0,5412475.39
2025,Agosto,Zambézia,Morrumbala,Pagamentos,77157.0,5013838.86
2025,Setembro,Zambézia,Morrumbala,Pagamentos,75870.0,4859005.62
2025,Outubro,Zambézia,Morrumbala,Pagamentos,87708.0,6533495.18
2025,Novembro,Zambézia,Morrumbala,Pagamentos,79053.0,5482807.35
2025,Dezembro,Zambézia,Morrumbala,Pagamentos,75036.0,5467371.92
2025,Janeiro,Zambézia,Namacurra,Pagamentos,64748.0,4405143.66
2025,Fevereiro,Zambézia,Namacurra,Pagamentos,59089.0,3687208.92
2025,Março,Zambézia,Namacurra,Pagamentos,62265.0,4268623.58
2025,Abril,Zambézia,Namacurra,Pagamentos,60874.0,4382070.95
2025,Maio,Zambézia,Namacurra,Pagamentos,58816.0,4156668.84
2025,Junho,Zambézia,Namacurra,Pagamentos,63227.0,3817279.13
2025,Julho,Zambézia,Namacurra,Pagamentos,76288.0,4106891.63
2025,Agosto,Zambézia,Namacurra,Pagamentos,77005.0,4099844.8
2025,Setembro,Zambézia,Namacurra,Pagamentos,59453.0,3754812.02
2025,Outubro,Zambézia,Namacurra,Pagamentos,67617.0,4530214.03
2025,Novembro,Zambézia,Namacurra,Pagamentos,65824.0,4129991.15
2025,Dezembro,Zambézia,Namacurra,Pagamentos,70187.0,4649838.04
2025,Janeiro,Zambézia,Namarroi,Pagamentos,13367.0,847627.8
2025,Fevereiro,Zambézia,Namarroi,Pagamentos,13296.0,970200.54
2025,Março,Zambézia,Namarroi,Pagamentos,14542.0,1213000.24
2025,Abril,Zambézia,Namarroi,Pagamentos,13143.0,1606574.03
2025,Maio,Zambézia,Namarroi,Pagamentos,13764.0,1150976.03
2025,Junho,Zambézia,Namarroi,Pagamentos,16057.0,1078029.66
2025,Julho,Zambézia,Namarroi,Pagamentos,20046.0,1103850.18
2025,Agosto,Zambézia,Namarroi,Pagamentos,21095.0,1165749.08
2025,Setembro,Zambézia,Namarroi,Pagamentos,19433.0,1055704.35
2025,Outubro,Zambézia,Namarroi,Pagamentos,22186.0,1713257.89
2025,Novembro,Zambézia,Namarroi,Pagamentos,20529.0,1647440.7
2025,Dezembro,Zambézia,Namarroi,Pagamentos,17706.0,1462989.73
2025,Janeiro,Zambézia,Nicoadala,Pagamentos,119133.0,8186243.32
2025,Fevereiro,Zambézia,Nicoadala,Pagamentos,104721.0,7312237.15
2025,Março,Zambézia,Nicoadala,Pagamentos,114626.0,8319711.77
2025,Abril,Zambézia,Nicoadala,Pagamentos,119921.0,8827740.36
2025,Maio,Zambézia,Nicoadala,Pagamentos,119451.0,8570086.69
2025,Junho,Zambézia,Nicoadala,Pagamentos,121840.0,7905698.56
2025,Julho,Zambézia,Nicoadala,Pagamentos,140799.0,8108125.52
2025,Agosto,Zambézia,Nicoadala,Pagamentos,140462.0,8329926.76
2025,Setembro,Zambézia,Nicoadala,Pagamentos,117176.0,8128641.17
2025,Outubro,Zambézia,Nicoadala,Pagamentos,135616.0,9571855.51
2025,Novembro,Zambézia,Nicoadala,Pagamentos,135337.0,10454612.03
2025,Dezembro,Zambézia,Nicoadala,Pagamentos,138129.0,10808031.71
2025,Janeiro,Zambézia,Pebane,Pagamentos,74182.0,4910267.89
2025,Fevereiro,Zambézia,Pebane,Pagamentos,72142.0,4138092.87
2025,Março,Zambézia,Pebane,Pagamentos,76799.0,4781467.5
2025,Abril,Zambézia,Pebane,Pagamentos,61259.0,4282681.77
2025,Maio,Zambézia,Pebane,Pagamentos,58428.0,3959902.01
2025,Junho,Zambézia,Pebane,Pagamentos,61599.0,3730571.05
2025,Julho,Zambézia,Pebane,Pagamentos,71017.0,3838313.44
2025,Agosto,Zambézia,Pebane,Pagamentos,73694.0,4047856.0
2025,Setembro,Zambézia,Pebane,Pagamentos,61309.0,4175386.72
2025,Outubro,Zambézia,Pebane,Pagamentos,71818.0,4734302.65
2025,Novembro,Zambézia,Pebane,Pagamentos,73385.0,4573570.7
2025,Dezembro,Zambézia,Pebane,Pagamentos,75752.0,4774041.09
2025,Janeiro,Zambézia,Molumbo,Pagamentos,24791.0,1817784.65
2025,Fevereiro,Zambézia,Molumbo,Pagamentos,25282.0,2056575.8
2025,Março,Zambézia,Molumbo,Pagamentos,30516.0,2635184.92
2025,Abril,Zambézia,Molumbo,Pagamentos,31862.0,2787822.19
2025,Maio,Zambézia,Molumbo,Pagamentos,36818.0,3167502.76
2025,Junho,Zambézia,Molumbo,Pagamentos,37690.0,2832236.0
2025,Julho,Zambézia,Molumbo,Pagamentos,47602.0,2829906.15
2025,Agosto,Zambézia,Molumbo,Pagamentos,48435.0,2963794.65
2025,Setembro,Zambézia,Molumbo,Pagamentos,40905.0,2306725.63
2025,Outubro,Zambézia,Molumbo,Pagamentos,45187.0,2723780.88
2025,Novembro,Zambézia,Molumbo,Pagamentos,38802.0,2150800.25
2025,Dezembro,Zambézia,Molumbo,Pagamentos,37715.0,2338169.54
2025,Janeiro,Zambézia,Mocubela,Pagamentos,12782.0,733022.36
2025,Fevereiro,Zambézia,Mocubela,Pagamentos,12069.0,649685.23
2025,Março,Zambézia,Mocubela,Pagamentos,13231.0,842858.06
2025,Abril,Zambézia,Mocubela,Pagamentos,14209.0,888544.83
2025,Maio,Zambézia,Mocubela,Pagamentos,13017.0,832364.08
2025,Junho,Zambézia,Mocubela,Pagamentos,10866.0,566432.53
2025,Julho,Zambézia,Mocubela,Pagamentos,11313.0,489678.92
2025,Agosto,Zambézia,Mocubela,Pagamentos,14435.0,698324.03
2025,Setembro,Zambézia,Mocubela,Pagamentos,6085.0,653462.99
2025,Outubro,Zambézia,Mocubela,Pagamentos,7050.0,1108687.18
2025,Novembro,Zambézia,Mocubela,Pagamentos,6659.0,818123.58
2025,Dezembro,Zambézia,Mocubela,Pagamentos,7470.0,1063525.18
2025,Janeiro,Zambézia,Mulevala,Pagamentos,41221.0,2064101.2
2025,Fevereiro,Zambézia,Mulevala,Pagamentos,43080.0,2178831.0
2025,Março,Zambézia,Mulevala,Pagamentos,43208.0,2404138.54
2025,Abril,Zambézia,Mulevala,Pagamentos,26500.0,2088119.38
2025,Maio,Zambézia,Mulevala,Pagamentos,24899.0,1919277.19
2025,Junho,Zambézia,Mulevala,Pagamentos,26453.0,1753392.5
2025,Julho,Zambézia,Mulevala,Pagamentos,33628.0,1924151.04
2025,Agosto,Zambézia,Mulevala,Pagamentos,33882.0,1830592.43
2025,Setembro,Zambézia,Mulevala,Pagamentos,34535.0,1853768.7
2025,Outubro,Zambézia,Mulevala,Pagamentos,40742.0,2288008.65
2025,Novembro,Zambézia,Mulevala,Pagamentos,40409.0,2114253.42
2025,Dezembro,Zambézia,Mulevala,Pagamentos,38781.0,2175450.47
2025,Janeiro,Zambézia,Luabo,Pagamentos,12350.0,362495.5
2025,Fevereiro,Zambézia,Luabo,Pagamentos,11638.0,296749.71
2025,Março,Zambézia,Luabo,Pagamentos,13097.0,473538.66
2025,Abril,Zambézia,Luabo,Pagamentos,12372.0,392147.26
2025,Maio,Zambézia,Luabo,Pagamentos,13661.0,389439.31
2025,Junho,Zambézia,Luabo,Pagamentos,13265.0,481153.66
2025,Julho,Zambézia,Luabo,Pagamentos,15641.0,464769.96
2025,Agosto,Zambézia,Luabo,Pagamentos,14537.0,395293.27
2025,Setembro,Zambézia,Luabo,Pagamentos,3589.0,492497.3
2025,Outubro,Zambézia,Luabo,Pagamentos,4108.0,384090.13
2025,Novembro,Zambézia,Luabo,Pagamentos,4215.0,339436.28
2025,Dezembro,Zambézia,Luabo,Pagamentos,4987.0,504198.23
2025,Janeiro,Zambézia,Derre,Pagamentos,4062.0,116089.88
2025,Fevereiro,Zambézia,Derre,Pagamentos,3147.0,181444.97
2025,Março,Zambézia,Derre,Pagamentos,3646.0,189875.03
2025,Abril,Zambézia,Derre,Pagamentos,4667.0,419493.31
2025,Maio,Zambézia,Derre,Pagamentos,4507.0,248373.25
2025,Junho,Zambézia,Derre,Pagamentos,4896.0,274407.0
2025,Julho,Zambézia,Derre,Pagamentos,5395.0,144486.2
2025,Agosto,Zambézia,Derre,Pagamentos,5697.0,254574.29
2025,Setembro,Zambézia,Derre,Pagamentos,1348.0,200812.89
2025,Outubro,Zambézia,Derre,Pagamentos,1249.0,342839.72
2025,Novembro,Zambézia,Derre,Pagamentos,1731.0,531692.7
2025,Dezembro,Zambézia,Derre,Pagamentos,1378.0,355950.04
2025,Janeiro,Nampula,Cidade de Nampula,Pagamentos,1158554.0,140792387.66
2025,Fevereiro,Nampula,Cidade de Nampula,Pagamentos,1091490.0,136333650.97
2025,Março,Nampula,Cidade de Nampula,Pagamentos,1197756.0,151306088.6
2025,Abril,Nampula,Cidade de Nampula,Pagamentos,1162478.0,148973009.78
2025,Maio,Nampula,Cidade de Nampula,Pagamentos,1232305.0,157489408.77
2025,Junho,Nampula,Cidade de Nampula,Pagamentos,1277530.0,128881939.75
2025,Julho,Nampula,Cidade de Nampula,Pagamentos,1479277.0,141357418.79
2025,Agosto,Nampula,Cidade de Nampula,Pagamentos,1553376.0,145229013.34
2025,Setembro,Nampula,Cidade de Nampula,Pagamentos,1296025.0,140147509.72
2025,Outubro,Nampula,Cidade de Nampula,Pagamentos,1489886.0,161605764.61
2025,Novembro,Nampula,Cidade de Nampula,Pagamentos,1551589.0,167231107.61
2025,Dezembro,Nampula,Cidade de Nampula,Pagamentos,1574495.0,179942014.07
2025,Janeiro,Nampula,Cidade de Nacala-Porto,Pagamentos,425604.0,40936392.49
2025,Fevereiro,Nampula,Cidade de Nacala-Porto,Pagamentos,415635.0,38795458.94
2025,Março,Nampula,Cidade de Nacala-Porto,Pagamentos,424731.0,43639517.34
2025,Abril,Nampula,Cidade de Nacala-Porto,Pagamentos,433844.0,41890182.3
2025,Maio,Nampula,Cidade de Nacala-Porto,Pagamentos,458227.0,44698964.94
2025,Junho,Nampula,Cidade de Nacala-Porto,Pagamentos,480801.0,40637357.91
2025,Julho,Nampula,Cidade de Nacala-Porto,Pagamentos,548284.0,41202855.18
2025,Agosto,Nampula,Cidade de Nacala-Porto,Pagamentos,561310.0,43457247.59
2025,Setembro,Nampula,Cidade de Nacala-Porto,Pagamentos,482968.0,43265139.099999994
2025,Outubro,Nampula,Cidade de Nacala-Porto,Pagamentos,546411.0,47566904.39
2025,Novembro,Nampula,Cidade de Nacala-Porto,Pagamentos,573272.0,50696183.8
2025,Dezembro,Nampula,Cidade de Nacala-Porto,Pagamentos,591320.0,52750608.36
2025,Janeiro,Nampula,Angoche,Pagamentos,177705.0,10208378.55
2025,Fevereiro,Nampula,Angoche,Pagamentos,187457.0,10002992.64
2025,Março,Nampula,Angoche,Pagamentos,195831.0,10537091.0
2025,Abril,Nampula,Angoche,Pagamentos,191454.0,10609156.35
2025,Maio,Nampula,Angoche,Pagamentos,215858.0,11932892.15
2025,Junho,Nampula,Angoche,Pagamentos,218018.0,12571611.57
2025,Julho,Nampula,Angoche,Pagamentos,234134.0,12636311.38
2025,Agosto,Nampula,Angoche,Pagamentos,244822.0,12982582.18
2025,Setembro,Nampula,Angoche,Pagamentos,197239.0,11877848.48
2025,Outubro,Nampula,Angoche,Pagamentos,223327.0,13370426.93
2025,Novembro,Nampula,Angoche,Pagamentos,234207.0,13867841.31
2025,Dezembro,Nampula,Angoche,Pagamentos,221945.0,13399774.94
2025,Janeiro,Nampula,Ilha de Moçambique,Pagamentos,55142.0,3449791.24
2025,Fevereiro,Nampula,Ilha de Moçambique,Pagamentos,66086.0,3797787.6
2025,Março,Nampula,Ilha de Moçambique,Pagamentos,64143.0,3463350.42
2025,Abril,Nampula,Ilha de Moçambique,Pagamentos,73244.0,4252095.13
2025,Maio,Nampula,Ilha de Moçambique,Pagamentos,71069.0,3987042.4
2025,Junho,Nampula,Ilha de Moçambique,Pagamentos,70815.0,3716641.21
2025,Julho,Nampula,Ilha de Moçambique,Pagamentos,78734.0,3783710.34
2025,Agosto,Nampula,Ilha de Moçambique,Pagamentos,84837.0,4217667.14
2025,Setembro,Nampula,Ilha de Moçambique,Pagamentos,67443.0,4208841.5
2025,Outubro,Nampula,Ilha de Moçambique,Pagamentos,76074.0,4600580.55
2025,Novembro,Nampula,Ilha de Moçambique,Pagamentos,78178.0,4547767.49
2025,Dezembro,Nampula,Ilha de Moçambique,Pagamentos,94632.0,5570414.39
2025,Janeiro,Nampula,Lalaua,Pagamentos,7600.0,549698.17
2025,Fevereiro,Nampula,Lalaua,Pagamentos,9505.0,774804.04
2025,Março,Nampula,Lalaua,Pagamentos,7790.0,615805.05
2025,Abril,Nampula,Lalaua,Pagamentos,10359.0,852578.35
2025,Maio,Nampula,Lalaua,Pagamentos,12478.0,888377.26
2025,Junho,Nampula,Lalaua,Pagamentos,14946.0,952425.39
2025,Julho,Nampula,Lalaua,Pagamentos,18961.0,1099189.03
2025,Agosto,Nampula,Lalaua,Pagamentos,20516.0,1032811.0
2025,Setembro,Nampula,Lalaua,Pagamentos,16970.0,1047294.6
2025,Outubro,Nampula,Lalaua,Pagamentos,18363.0,1131753.0
2025,Novembro,Nampula,Lalaua,Pagamentos,16551.0,943644.21
2025,Dezembro,Nampula,Lalaua,Pagamentos,14980.0,893960.1
2025,Janeiro,Nampula,Malema,Pagamentos,41219.0,3096252.5300000003
2025,Fevereiro,Nampula,Malema,Pagamentos,40201.0,3190872.1
2025,Março,Nampula,Malema,Pagamentos,46740.0,3760186.44
2025,Abril,Nampula,Malema,Pagamentos,48215.0,3829016.86
2025,Maio,Nampula,Malema,Pagamentos,49524.0,3758975.76
2025,Junho,Nampula,Malema,Pagamentos,58590.0,3925918.21
2025,Julho,Nampula,Malema,Pagamentos,72260.0,4096341.42
2025,Agosto,Nampula,Malema,Pagamentos,77038.0,4258654.92
2025,Setembro,Nampula,Malema,Pagamentos,64659.0,4269110.61
2025,Outubro,Nampula,Malema,Pagamentos,71499.0,4657446.99
2025,Novembro,Nampula,Malema,Pagamentos,66252.0,4265385.4
2025,Dezembro,Nampula,Malema,Pagamentos,62107.0,4122240.36
2025,Janeiro,Nampula,Meconta (Namialo),Pagamentos,118830.0,7039669.04
2025,Fevereiro,Nampula,Meconta (Namialo),Pagamentos,114366.0,6595455.98
2025,Março,Nampula,Meconta (Namialo),Pagamentos,120477.0,6947931.25
2025,Abril,Nampula,Meconta (Namialo),Pagamentos,124182.0,8057414.26
2025,Maio,Nampula,Meconta (Namialo),Pagamentos,122990.0,7590547.52
2025,Junho,Nampula,Meconta (Namialo),Pagamentos,127439.0,6980164.39
2025,Julho,Nampula,Meconta (Namialo),Pagamentos,143774.0,7265555.88
2025,Agosto,Nampula,Meconta (Namialo),Pagamentos,153532.0,6865006.6
2025,Setembro,Nampula,Meconta (Namialo),Pagamentos,123586.0,7622798.43
2025,Outubro,Nampula,Meconta (Namialo),Pagamentos,127921.0,7519548.46
2025,Novembro,Nampula,Meconta (Namialo),Pagamentos,139403.0,8641029.62
2025,Dezembro,Nampula,Meconta (Namialo),Pagamentos,129918.0,8527193.44
2025,Janeiro,Nampula,Mecuburi,Pagamentos,24230.0,1463084.44
2025,Fevereiro,Nampula,Mecuburi,Pagamentos,24334.0,1562833.9
2025,Março,Nampula,Mecuburi,Pagamentos,23769.0,1532199.7
2025,Abril,Nampula,Mecuburi,Pagamentos,30261.0,2051055.52
2025,Maio,Nampula,Mecuburi,Pagamentos,32476.0,2162041.61
2025,Junho,Nampula,Mecuburi,Pagamentos,35983.0,2008833.47
2025,Julho,Nampula,Mecuburi,Pagamentos,43137.0,2112709.06
2025,Agosto,Nampula,Mecuburi,Pagamentos,43903.0,1951591.58
2025,Setembro,Nampula,Mecuburi,Pagamentos,39367.0,2062887.24
2025,Outubro,Nampula,Mecuburi,Pagamentos,52903.0,3201834.57
2025,Novembro,Nampula,Mecuburi,Pagamentos,45114.0,2257545.33
2025,Dezembro,Nampula,Mecuburi,Pagamentos,42326.0,2176577.21
2025,Janeiro,Nampula,Memba,Pagamentos,52162.0,2740603.98
2025,Fevereiro,Nampula,Memba,Pagamentos,53566.0,2920663.14
2025,Março,Nampula,Memba,Pagamentos,48093.0,2749710.27
2025,Abril,Nampula,Memba,Pagamentos,61902.0,3781094.35
2025,Maio,Nampula,Memba,Pagamentos,67340.0,3526137.92
2025,Junho,Nampula,Memba,Pagamentos,69673.0,3180636.8200000003
2025,Julho,Nampula,Memba,Pagamentos,80149.0,3329935.93
2025,Agosto,Nampula,Memba,Pagamentos,83805.0,3255085.15
2025,Setembro,Nampula,Memba,Pagamentos,72285.0,3418707.25
2025,Outubro,Nampula,Memba,Pagamentos,80877.0,4114059.76
2025,Novembro,Nampula,Memba,Pagamentos,80742.0,3890528.24
2025,Dezembro,Nampula,Memba,Pagamentos,76541.0,3538670.9699999997
2025,Janeiro,Nampula,Mogincual,Pagamentos,34379.0,1637836.76
2025,Fevereiro,Nampula,Mogincual,Pagamentos,47054.0,2247429.24
2025,Março,Nampula,Mogincual,Pagamentos,40692.0,2044528.67
2025,Abril,Nampula,Mogincual,Pagamentos,40133.0,2320103.58
2025,Maio,Nampula,Mogincual,Pagamentos,40343.0,2064606.6
2025,Junho,Nampula,Mogincual,Pagamentos,42321.0,1998482.66
2025,Julho,Nampula,Mogincual,Pagamentos,49706.0,2347041.7800000003
2025,Agosto,Nampula,Mogincual,Pagamentos,49254.0,2104630.48
2025,Setembro,Nampula,Mogincual,Pagamentos,43587.0,2007961.67
2025,Outubro,Nampula,Mogincual,Pagamentos,50618.0,2442403.52
2025,Novembro,Nampula,Mogincual,Pagamentos,53614.0,2424590.5300000003
2025,Dezembro,Nampula,Mogincual,Pagamentos,49709.0,2226869.04
2025,Janeiro,Nampula,Mogovolas,Pagamentos,48380.0,3270613.01
2025,Fevereiro,Nampula,Mogovolas,Pagamentos,49467.0,3368028.67
2025,Março,Nampula,Mogovolas,Pagamentos,52938.0,3559829.61
2025,Abril,Nampula,Mogovolas,Pagamentos,59893.0,4246246.79
2025,Maio,Nampula,Mogovolas,Pagamentos,65614.0,4413242.48
2025,Junho,Nampula,Mogovolas,Pagamentos,70484.0,4072779.0
2025,Julho,Nampula,Mogovolas,Pagamentos,81127.0,4051344.38
2025,Agosto,Nampula,Mogovolas,Pagamentos,80626.0,3870008.54
2025,Setembro,Nampula,Mogovolas,Pagamentos,71598.0,3492163.93
2025,Outubro,Nampula,Mogovolas,Pagamentos,81757.0,4203632.61
2025,Novembro,Nampula,Mogovolas,Pagamentos,89803.0,4721007.13
2025,Dezembro,Nampula,Mogovolas,Pagamentos,83043.0,4445951.38
2025,Janeiro,Nampula,Moma,Pagamentos,153542.0,10647775.85
2025,Fevereiro,Nampula,Moma,Pagamentos,160760.0,10022544.07
2025,Março,Nampula,Moma,Pagamentos,161638.0,10709246.99
2025,Abril,Nampula,Moma,Pagamentos,150986.0,10645907.8
2025,Maio,Nampula,Moma,Pagamentos,156632.0,10662737.97
2025,Junho,Nampula,Moma,Pagamentos,167124.0,10323573.88
2025,Julho,Nampula,Moma,Pagamentos,195893.0,11888245.5
2025,Agosto,Nampula,Moma,Pagamentos,199491.0,10968506.52
2025,Setembro,Nampula,Moma,Pagamentos,154195.0,10688734.63
2025,Outubro,Nampula,Moma,Pagamentos,167723.0,10374655.28
2025,Novembro,Nampula,Moma,Pagamentos,177280.0,10098014.99
2025,Dezembro,Nampula,Moma,Pagamentos,175405.0,9928959.78
2025,Janeiro,Nampula,Monapo,Pagamentos,80064.0,4726733.7
2025,Fevereiro,Nampula,Monapo,Pagamentos,75946.0,4576854.09
2025,Março,Nampula,Monapo,Pagamentos,68727.0,4411882.05
2025,Abril,Nampula,Monapo,Pagamentos,85443.0,6023512.6
2025,Maio,Nampula,Monapo,Pagamentos,81190.0,5417406.68
2025,Junho,Nampula,Monapo,Pagamentos,84422.0,4825910.76
2025,Julho,Nampula,Monapo,Pagamentos,95323.0,4996156.38
2025,Agosto,Nampula,Monapo,Pagamentos,100810.0,4915164.04
2025,Setembro,Nampula,Monapo,Pagamentos,91871.0,4694865.08
2025,Outubro,Nampula,Monapo,Pagamentos,105231.0,5433426.98
2025,Novembro,Nampula,Monapo,Pagamentos,111321.0,5663941.37
2025,Dezembro,Nampula,Monapo,Pagamentos,106044.0,5956071.71
2025,Janeiro,Nampula,Mossuril,Pagamentos,42080.0,2171442.69
2025,Fevereiro,Nampula,Mossuril,Pagamentos,45136.0,2428203.81
2025,Março,Nampula,Mossuril,Pagamentos,45031.0,2351908.3200000003
2025,Abril,Nampula,Mossuril,Pagamentos,55222.0,3196775.43
2025,Maio,Nampula,Mossuril,Pagamentos,56583.0,2749117.22
2025,Junho,Nampula,Mossuril,Pagamentos,55111.0,2384953.3
2025,Julho,Nampula,Mossuril,Pagamentos,61276.0,2629418.7
2025,Agosto,Nampula,Mossuril,Pagamentos,63379.0,2928501.24
2025,Setembro,Nampula,Mossuril,Pagamentos,46944.0,2798192.03
2025,Outubro,Nampula,Mossuril,Pagamentos,54630.0,3019511.96
2025,Novembro,Nampula,Mossuril,Pagamentos,57171.0,3018517.2800000003
2025,Dezembro,Nampula,Mossuril,Pagamentos,60885.0,3480810.3200000003
2025,Janeiro,Nampula,Muecate,Pagamentos,14142.0,821554.79
2025,Fevereiro,Nampula,Muecate,Pagamentos,13189.0,814492.0
2025,Março,Nampula,Muecate,Pagamentos,10782.0,694392.0
2025,Abril,Nampula,Muecate,Pagamentos,15042.0,953249.67
2025,Maio,Nampula,Muecate,Pagamentos,16191.0,948359.68
2025,Junho,Nampula,Muecate,Pagamentos,19846.0,1051071.26
2025,Julho,Nampula,Muecate,Pagamentos,24243.0,1148358.62
2025,Agosto,Nampula,Muecate,Pagamentos,23972.0,1036938.82
2025,Setembro,Nampula,Muecate,Pagamentos,21350.0,987690.26
2025,Outubro,Nampula,Muecate,Pagamentos,24874.0,1191380.84
2025,Novembro,Nampula,Muecate,Pagamentos,27846.0,1221280.27
2025,Dezembro,Nampula,Muecate,Pagamentos,26303.0,1254821.27
2025,Janeiro,Nampula,Murrupula,Pagamentos,36174.0,2345554.73
2025,Fevereiro,Nampula,Murrupula,Pagamentos,31933.0,1998659.29
2025,Março,Nampula,Murrupula,Pagamentos,36540.0,2421638.62
2025,Abril,Nampula,Murrupula,Pagamentos,41421.0,2887985.42
2025,Maio,Nampula,Murrupula,Pagamentos,39018.0,2563725.02
2025,Junho,Nampula,Murrupula,Pagamentos,42051.0,2338303.6
2025,Julho,Nampula,Murrupula,Pagamentos,49218.0,2426852.19
2025,Agosto,Nampula,Murrupula,Pagamentos,48123.0,2247017.54
2025,Setembro,Nampula,Murrupula,Pagamentos,43475.0,2278793.98
2025,Outubro,Nampula,Murrupula,Pagamentos,50208.0,2847757.5300000003
2025,Novembro,Nampula,Murrupula,Pagamentos,57260.0,3495398.59
2025,Dezembro,Nampula,Murrupula,Pagamentos,50862.0,2905868.7800000003
2025,Janeiro,Nampula,Nacala-Velha,Pagamentos,29917.0,1633734.34
2025,Fevereiro,Nampula,Nacala-Velha,Pagamentos,31113.0,1763787.78
2025,Março,Nampula,Nacala-Velha,Pagamentos,27051.0,1506701.16
2025,Abril,Nampula,Nacala-Velha,Pagamentos,37298.0,2320069.47
2025,Maio,Nampula,Nacala-Velha,Pagamentos,39218.0,2449607.35
2025,Junho,Nampula,Nacala-Velha,Pagamentos,40497.0,2210379.2
2025,Julho,Nampula,Nacala-Velha,Pagamentos,46953.0,2443219.1399999997
2025,Agosto,Nampula,Nacala-Velha,Pagamentos,47303.0,2253109.88
2025,Setembro,Nampula,Nacala-Velha,Pagamentos,42346.0,1940497.02
2025,Outubro,Nampula,Nacala-Velha,Pagamentos,48631.0,2248455.04
2025,Novembro,Nampula,Nacala-Velha,Pagamentos,50698.0,2385091.64
2025,Dezembro,Nampula,Nacala-Velha,Pagamentos,51840.0,2543280.13
2025,Janeiro,Nampula,Nacaroa,Pagamentos,24789.0,1344896.81
2025,Fevereiro,Nampula,Nacaroa,Pagamentos,24316.0,1431308.3
2025,Março,Nampula,Nacaroa,Pagamentos,18191.0,864526.5
2025,Abril,Nampula,Nacaroa,Pagamentos,28051.0,1755791.5
2025,Maio,Nampula,Nacaroa,Pagamentos,30289.0,1776968.54
2025,Junho,Nampula,Nacaroa,Pagamentos,33221.0,1510114.41
2025,Julho,Nampula,Nacaroa,Pagamentos,37564.0,1575476.33
2025,Agosto,Nampula,Nacaroa,Pagamentos,39163.0,1511517.54
2025,Setembro,Nampula,Nacaroa,Pagamentos,32415.0,1504705.45
2025,Outubro,Nampula,Nacaroa,Pagamentos,37217.0,1854584.97
2025,Novembro,Nampula,Nacaroa,Pagamentos,40624.0,1876364.36
2025,Dezembro,Nampula,Nacaroa,Pagamentos,40484.0,1891893.68
2025,Janeiro,Nampula,Namapa-Erati,Pagamentos,34089.0,2216061.15
2025,Fevereiro,Nampula,Namapa-Erati,Pagamentos,45316.0,3358407.85
2025,Março,Nampula,Namapa-Erati,Pagamentos,50103.0,3622496.7
2025,Abril,Nampula,Namapa-Erati,Pagamentos,60247.0,4745748.53
2025,Maio,Nampula,Namapa-Erati,Pagamentos,63703.0,4549251.21
2025,Junho,Nampula,Namapa-Erati,Pagamentos,62555.0,4090664.44
2025,Julho,Nampula,Namapa-Erati,Pagamentos,74447.0,4248330.8
2025,Agosto,Nampula,Namapa-Erati,Pagamentos,81074.0,4862310.36
2025,Setembro,Nampula,Namapa-Erati,Pagamentos,72005.0,4929794.11
2025,Outubro,Nampula,Namapa-Erati,Pagamentos,80026.0,5219201.65
2025,Novembro,Nampula,Namapa-Erati,Pagamentos,81808.0,5066255.73
2025,Dezembro,Nampula,Namapa-Erati,Pagamentos,80722.0,4784749.98
2025,Janeiro,Nampula,Rapale-Nampula,Pagamentos,102165.0,7180560.8
2025,Fevereiro,Nampula,Rapale-Nampula,Pagamentos,94846.0,6436852.92
2025,Março,Nampula,Rapale-Nampula,Pagamentos,86839.0,6153086.75
2025,Abril,Nampula,Rapale-Nampula,Pagamentos,97660.0,7030897.3
2025,Maio,Nampula,Rapale-Nampula,Pagamentos,111404.0,7866166.83
2025,Junho,Nampula,Rapale-Nampula,Pagamentos,125741.0,8033574.22
2025,Julho,Nampula,Rapale-Nampula,Pagamentos,149013.0,8113200.640000001
2025,Agosto,Nampula,Rapale-Nampula,Pagamentos,170604.0,10743714.07
2025,Setembro,Nampula,Rapale-Nampula,Pagamentos,175832.0,10850703.569999998
2025,Outubro,Nampula,Rapale-Nampula,Pagamentos,217076.0,13697386.26
2025,Novembro,Nampula,Rapale-Nampula,Pagamentos,246705.0,15987568.59
2025,Dezembro,Nampula,Rapale-Nampula,Pagamentos,231443.0,15616728.93
2025,Janeiro,Nampula,Ribaué,Pagamentos,45471.0,3405772.01
2025,Fevereiro,Nampula,Ribaué,Pagamentos,46226.0,3915713.63
2025,Março,Nampula,Ribaué,Pagamentos,44479.0,3433659.16
2025,Abril,Nampula,Ribaué,Pagamentos,57803.0,4612319.89
2025,Maio,Nampula,Ribaué,Pagamentos,58715.0,4548515.18
2025,Junho,Nampula,Ribaué,Pagamentos,64252.0,4086240.78
2025,Julho,Nampula,Ribaué,Pagamentos,76295.0,4433315.17
2025,Agosto,Nampula,Ribaué,Pagamentos,80826.0,4323334.1
2025,Setembro,Nampula,Ribaué,Pagamentos,69480.0,4208422.2
2025,Outubro,Nampula,Ribaué,Pagamentos,76071.0,4677476.92
2025,Novembro,Nampula,Ribaué,Pagamentos,70519.0,4055810.55
2025,Dezembro,Nampula,Ribaué,Pagamentos,75636.0,4616646.27
2025,Janeiro,Nampula,Liupo,Pagamentos,3600.0,117028.0
2025,Fevereiro,Nampula,Liupo,Pagamentos,3541.0,119999.0
2025,Março,Nampula,Liupo,Pagamentos,2787.0,96764.0
2025,Abril,Nampula,Liupo,Pagamentos,3274.0,108463.99
2025,Maio,Nampula,Liupo,Pagamentos,4340.0,139481.0
2025,Junho,Nampula,Liupo,Pagamentos,4740.0,163277.2
2025,Julho,Nampula,Liupo,Pagamentos,4848.0,171620.0
2025,Agosto,Nampula,Liupo,Pagamentos,5322.0,178277.6
2025,Setembro,Nampula,Liupo,Pagamentos,3693.0,128860.0
2025,Outubro,Nampula,Liupo,Pagamentos,4593.0,303725.73
2025,Novembro,Nampula,Liupo,Pagamentos,4354.0,224746.99
2025,Dezembro,Nampula,Liupo,Pagamentos,4459.0,209486.0
2025,Janeiro,Nampula,Larde,Pagamentos,2271.0,86298.0
2025,Fevereiro,Nampula,Larde,Pagamentos,2609.0,135092.0
2025,Março,Nampula,Larde,Pagamentos,1281.0,47500.0
2025,Abril,Nampula,Larde,Pagamentos,3048.0,146761.0
2025,Maio,Nampula,Larde,Pagamentos,4750.0,208661.04
2025,Junho,Nampula,Larde,Pagamentos,4048.0,193233.5
2025,Julho,Nampula,Larde,Pagamentos,4655.0,198137.0
2025,Agosto,Nampula,Larde,Pagamentos,5526.0,290668.9
2025,Setembro,Nampula,Larde,Pagamentos,2752.0,1222970.54
2025,Outubro,Nampula,Larde,Pagamentos,10252.0,2126042.44
2025,Novembro,Nampula,Larde,Pagamentos,10101.0,2678493.31
2025,Dezembro,Nampula,Larde,Pagamentos,10716.0,2862131.18
2025,Janeiro,Cabo Delgado,Cidade de Pemba,Pagamentos,439077.0,70792778.49
2025,Fevereiro,Cabo Delgado,Cidade de Pemba,Pagamentos,419105.0,70768124.2
2025,Março,Cabo Delgado,Cidade de Pemba,Pagamentos,491802.0,74328379.28
2025,Abril,Cabo Delgado,Cidade de Pemba,Pagamentos,440907.0,67181265.17
2025,Maio,Cabo Delgado,Cidade de Pemba,Pagamentos,459396.0,70545017.56
2025,Junho,Cabo Delgado,Cidade de Pemba,Pagamentos,455283.0,61576232.97
2025,Julho,Cabo Delgado,Cidade de Pemba,Pagamentos,532964.0,65263777.31999999
2025,Agosto,Cabo Delgado,Cidade de Pemba,Pagamentos,577009.0,67363579.64
2025,Setembro,Cabo Delgado,Cidade de Pemba,Pagamentos,496546.0,67619982.19
2025,Outubro,Cabo Delgado,Cidade de Pemba,Pagamentos,565268.0,78872994.28999999
2025,Novembro,Cabo Delgado,Cidade de Pemba,Pagamentos,582003.0,74365561.82
2025,Dezembro,Cabo Delgado,Cidade de Pemba,Pagamentos,598743.0,78279875.21000001
2025,Janeiro,Cabo Delgado,Ancuabe,Pagamentos,35485.0,3365460.54
2025,Fevereiro,Cabo Delgado,Ancuabe,Pagamentos,36659.0,3948914.12
2025,Março,Cabo Delgado,Ancuabe,Pagamentos,40331.0,3988004.31
2025,Abril,Cabo Delgado,Ancuabe,Pagamentos,37423.0,3940322.63
2025,Maio,Cabo Delgado,Ancuabe,Pagamentos,43425.0,4636428.96
2025,Junho,Cabo Delgado,Ancuabe,Pagamentos,50133.0,5287656.37
2025,Julho,Cabo Delgado,Ancuabe,Pagamentos,62113.0,5300276.640000001
2025,Agosto,Cabo Delgado,Ancuabe,Pagamentos,68540.0,4860170.78
2025,Setembro,Cabo Delgado,Ancuabe,Pagamentos,52551.0,4904190.32
2025,Outubro,Cabo Delgado,Ancuabe,Pagamentos,58590.0,5463163.1899999995
2025,Novembro,Cabo Delgado,Ancuabe,Pagamentos,57424.0,4678692.61
2025,Dezembro,Cabo Delgado,Ancuabe,Pagamentos,58375.0,4479411.97
2025,Janeiro,Cabo Delgado,Balama,Pagamentos,27642.0,2770052.19
2025,Fevereiro,Cabo Delgado,Balama,Pagamentos,26760.0,2935147.13
2025,Março,Cabo Delgado,Balama,Pagamentos,29434.0,4072496.83
2025,Abril,Cabo Delgado,Balama,Pagamentos,28665.0,2904847.54
2025,Maio,Cabo Delgado,Balama,Pagamentos,33685.0,3398605.4
2025,Junho,Cabo Delgado,Balama,Pagamentos,42832.0,3506113.1799999997
2025,Julho,Cabo Delgado,Balama,Pagamentos,50498.0,3893167.59
2025,Agosto,Cabo Delgado,Balama,Pagamentos,56771.0,4165537.19
2025,Setembro,Cabo Delgado,Balama,Pagamentos,40302.0,4049633.31
2025,Outubro,Cabo Delgado,Balama,Pagamentos,44829.0,4690008.75
2025,Novembro,Cabo Delgado,Balama,Pagamentos,42233.0,4317981.53
2025,Dezembro,Cabo Delgado,Balama,Pagamentos,43587.0,4356278.08
2025,Janeiro,Cabo Delgado,Chiúre,Pagamentos,35263.0,3542510.0700000003
2025,Fevereiro,Cabo Delgado,Chiúre,Pagamentos,40811.0,4552348.21
2025,Março,Cabo Delgado,Chiúre,Pagamentos,48594.0,4802091.63
2025,Abril,Cabo Delgado,Chiúre,Pagamentos,50776.0,5759085.84
2025,Maio,Cabo Delgado,Chiúre,Pagamentos,58423.0,5829917.98
2025,Junho,Cabo Delgado,Chiúre,Pagamentos,69610.0,6120487.35
2025,Julho,Cabo Delgado,Chiúre,Pagamentos,87743.0,6515881.99
2025,Agosto,Cabo Delgado,Chiúre,Pagamentos,92870.0,6968143.96
2025,Setembro,Cabo Delgado,Chiúre,Pagamentos,71475.0,6373990.21
2025,Outubro,Cabo Delgado,Chiúre,Pagamentos,81730.0,7189768.65
2025,Novembro,Cabo Delgado,Chiúre,Pagamentos,80392.0,6568580.529999999
2025,Dezembro,Cabo Delgado,Chiúre,Pagamentos,81064.0,6608385.05
2025,Janeiro,Cabo Delgado,Ibo,Pagamentos,4264.0,375938.0
2025,Fevereiro,Cabo Delgado,Ibo,Pagamentos,5970.0,516866.0
2025,Março,Cabo Delgado,Ibo,Pagamentos,7359.0,613153.0
2025,Abril,Cabo Delgado,Ibo,Pagamentos,6257.0,591062.0
2025,Maio,Cabo Delgado,Ibo,Pagamentos,4869.0,388475.0
2025,Junho,Cabo Delgado,Ibo,Pagamentos,6027.0,421025.5
2025,Julho,Cabo Delgado,Ibo,Pagamentos,7479.0,441682.0
2025,Agosto,Cabo Delgado,Ibo,Pagamentos,8372.0,493673.8
2025,Setembro,Cabo Delgado,Ibo,Pagamentos,8032.0,529458.23
2025,Outubro,Cabo Delgado,Ibo,Pagamentos,9281.0,666786.0
2025,Novembro,Cabo Delgado,Ibo,Pagamentos,9187.0,636432.45
2025,Dezembro,Cabo Delgado,Ibo,Pagamentos,9079.0,591475.39
2025,Janeiro,Cabo Delgado,Macomia,Pagamentos,12488.0,914953.79
2025,Fevereiro,Cabo Delgado,Macomia,Pagamentos,15853.0,1235549.59
2025,Março,Cabo Delgado,Macomia,Pagamentos,19563.0,1694115.77
2025,Abril,Cabo Delgado,Macomia,Pagamentos,16670.0,1602267.9
2025,Maio,Cabo Delgado,Macomia,Pagamentos,18804.0,1334849.66
2025,Junho,Cabo Delgado,Macomia,Pagamentos,19650.0,1267809.58
2025,Julho,Cabo Delgado,Macomia,Pagamentos,23568.0,1535925.08
2025,Agosto,Cabo Delgado,Macomia,Pagamentos,26040.0,1699737.33
2025,Setembro,Cabo Delgado,Macomia,Pagamentos,17594.0,1596701.09
2025,Outubro,Cabo Delgado,Macomia,Pagamentos,18975.0,1794903.4300000002
2025,Novembro,Cabo Delgado,Macomia,Pagamentos,18856.0,1610653.12
2025,Dezembro,Cabo Delgado,Macomia,Pagamentos,19860.0,1496337.37
2025,Janeiro,Cabo Delgado,Mecufi,Pagamentos,3363.0,190154.0
2025,Fevereiro,Cabo Delgado,Mecufi,Pagamentos,4150.0,267079.0
2025,Março,Cabo Delgado,Mecufi,Pagamentos,5595.0,374313.0
2025,Abril,Cabo Delgado,Mecufi,Pagamentos,6959.0,572803.0
2025,Maio,Cabo Delgado,Mecufi,Pagamentos,7204.0,505283.0
2025,Junho,Cabo Delgado,Mecufi,Pagamentos,9084.0,531672.5
2025,Julho,Cabo Delgado,Mecufi,Pagamentos,12074.0,588081.5
2025,Agosto,Cabo Delgado,Mecufi,Pagamentos,11155.0,570998.5
2025,Setembro,Cabo Delgado,Mecufi,Pagamentos,13128.0,721901.96
2025,Outubro,Cabo Delgado,Mecufi,Pagamentos,16071.0,909809.14
2025,Novembro,Cabo Delgado,Mecufi,Pagamentos,17367.0,965426.99
2025,Dezembro,Cabo Delgado,Mecufi,Pagamentos,19299.0,1612329.04
2025,Janeiro,Cabo Delgado,Meluco,Pagamentos,4011.0,418606.0
2025,Fevereiro,Cabo Delgado,Meluco,Pagamentos,6609.0,595903.46
2025,Março,Cabo Delgado,Meluco,Pagamentos,6413.0,640186.77
2025,Abril,Cabo Delgado,Meluco,Pagamentos,6021.0,691502.0
2025,Maio,Cabo Delgado,Meluco,Pagamentos,6478.0,710206.0
2025,Junho,Cabo Delgado,Meluco,Pagamentos,7808.0,725519.31
2025,Julho,Cabo Delgado,Meluco,Pagamentos,9988.0,781680.0
2025,Agosto,Cabo Delgado,Meluco,Pagamentos,10425.0,790598.29
2025,Setembro,Cabo Delgado,Meluco,Pagamentos,9294.0,756885.86
2025,Outubro,Cabo Delgado,Meluco,Pagamentos,10720.0,978680.79
2025,Novembro,Cabo Delgado,Meluco,Pagamentos,10851.0,939306.13
2025,Dezembro,Cabo Delgado,Meluco,Pagamentos,10971.0,1264177.15
2025,Janeiro,Cabo Delgado,Mocimboa da Praia,Pagamentos,75130.0,3980652.6
2025,Fevereiro,Cabo Delgado,Mocimboa da Praia,Pagamentos,82881.0,4688937.62
2025,Março,Cabo Delgado,Mocimboa da Praia,Pagamentos,112048.0,7816253.02
2025,Abril,Cabo Delgado,Mocimboa da Praia,Pagamentos,84072.0,4931336.48
2025,Maio,Cabo Delgado,Mocimboa da Praia,Pagamentos,88758.0,4692537.41
2025,Junho,Cabo Delgado,Mocimboa da Praia,Pagamentos,82593.0,4257287.970000001
2025,Julho,Cabo Delgado,Mocimboa da Praia,Pagamentos,83775.0,4216128.859999999
2025,Agosto,Cabo Delgado,Mocimboa da Praia,Pagamentos,90686.0,5321036.42
2025,Setembro,Cabo Delgado,Mocimboa da Praia,Pagamentos,41776.0,4148099.33
2025,Outubro,Cabo Delgado,Mocimboa da Praia,Pagamentos,37384.0,3315910.5
2025,Novembro,Cabo Delgado,Mocimboa da Praia,Pagamentos,34901.0,3324432.17
2025,Dezembro,Cabo Delgado,Mocimboa da Praia,Pagamentos,38795.0,3935139.44
2025,Janeiro,Cabo Delgado,Montepuez,Pagamentos,121477.0,14182440.79
2025,Fevereiro,Cabo Delgado,Montepuez,Pagamentos,119840.0,14972477.16
2025,Março,Cabo Delgado,Montepuez,Pagamentos,130765.0,16849825.06
2025,Abril,Cabo Delgado,Montepuez,Pagamentos,136430.0,20600547.08
2025,Maio,Cabo Delgado,Montepuez,Pagamentos,138192.0,18411673.79
2025,Junho,Cabo Delgado,Montepuez,Pagamentos,151567.0,16356865.53
2025,Julho,Cabo Delgado,Montepuez,Pagamentos,152245.0,16545041.92
2025,Agosto,Cabo Delgado,Montepuez,Pagamentos,190240.0,16788614.79
2025,Setembro,Cabo Delgado,Montepuez,Pagamentos,163560.0,16884532.71
2025,Outubro,Cabo Delgado,Montepuez,Pagamentos,186671.0,19365853.01
2025,Novembro,Cabo Delgado,Montepuez,Pagamentos,184683.0,19302449.05
2025,Dezembro,Cabo Delgado,Montepuez,Pagamentos,192468.0,20980833.21
2025,Janeiro,Cabo Delgado,Mueda,Pagamentos,53405.0,4564170.71
2025,Fevereiro,Cabo Delgado,Mueda,Pagamentos,55191.0,5289892.050000001
2025,Março,Cabo Delgado,Mueda,Pagamentos,68468.0,6917263.83
2025,Abril,Cabo Delgado,Mueda,Pagamentos,58635.0,5613165.42
2025,Maio,Cabo Delgado,Mueda,Pagamentos,60801.0,6174777.4399999995
2025,Junho,Cabo Delgado,Mueda,Pagamentos,66344.0,4951614.73
2025,Julho,Cabo Delgado,Mueda,Pagamentos,65943.0,5188280.88
2025,Agosto,Cabo Delgado,Mueda,Pagamentos,86354.0,5822321.4399999995
2025,Setembro,Cabo Delgado,Mueda,Pagamentos,64540.0,5445668.97
2025,Outubro,Cabo Delgado,Mueda,Pagamentos,75545.0,6681493.9399999995
2025,Novembro,Cabo Delgado,Mueda,Pagamentos,75206.0,6356681.890000001
2025,Dezembro,Cabo Delgado,Mueda,Pagamentos,80602.0,6928949.15
2025,Janeiro,Cabo Delgado,Muidumbe,Pagamentos,5313.0,344169.0
2025,Fevereiro,Cabo Delgado,Muidumbe,Pagamentos,5483.0,396480.0
2025,Março,Cabo Delgado,Muidumbe,Pagamentos,5837.0,460043.0
2025,Abril,Cabo Delgado,Muidumbe,Pagamentos,5800.0,560695.6
2025,Maio,Cabo Delgado,Muidumbe,Pagamentos,6265.0,616616.0
2025,Junho,Cabo Delgado,Muidumbe,Pagamentos,7804.0,562661.4
2025,Julho,Cabo Delgado,Muidumbe,Pagamentos,7469.0,581643.7
2025,Agosto,Cabo Delgado,Muidumbe,Pagamentos,11336.0,677109.5
2025,Setembro,Cabo Delgado,Muidumbe,Pagamentos,10637.0,719555.1
2025,Outubro,Cabo Delgado,Muidumbe,Pagamentos,11568.0,870478.46
2025,Novembro,Cabo Delgado,Muidumbe,Pagamentos,12393.0,800055.05
2025,Dezembro,Cabo Delgado,Muidumbe,Pagamentos,13378.0,741698.49
2025,Janeiro,Cabo Delgado,Namuno,Pagamentos,20642.0,1921021.39
2025,Fevereiro,Cabo Delgado,Namuno,Pagamentos,21358.0,2104219.06
2025,Março,Cabo Delgado,Namuno,Pagamentos,25517.0,2392471.34
2025,Abril,Cabo Delgado,Namuno,Pagamentos,28362.0,2759480.15
2025,Maio,Cabo Delgado,Namuno,Pagamentos,28137.0,2632467.4
2025,Junho,Cabo Delgado,Namuno,Pagamentos,35182.0,2404506.7
2025,Julho,Cabo Delgado,Namuno,Pagamentos,42661.0,2744189.15
2025,Agosto,Cabo Delgado,Namuno,Pagamentos,44544.0,2803246.01
2025,Setembro,Cabo Delgado,Namuno,Pagamentos,36700.0,2753414.77
2025,Outubro,Cabo Delgado,Namuno,Pagamentos,41519.0,3129451.45
2025,Novembro,Cabo Delgado,Namuno,Pagamentos,40326.0,3130365.96
2025,Dezembro,Cabo Delgado,Namuno,Pagamentos,40637.0,2979960.92
2025,Janeiro,Cabo Delgado,Nangade,Pagamentos,9695.0,865854.6799999999
2025,Fevereiro,Cabo Delgado,Nangade,Pagamentos,9628.0,1848707.74
2025,Março,Cabo Delgado,Nangade,Pagamentos,9979.0,3770562.31
2025,Abril,Cabo Delgado,Nangade,Pagamentos,10006.0,1512456.49
2025,Maio,Cabo Delgado,Nangade,Pagamentos,10314.0,1229350.0
2025,Junho,Cabo Delgado,Nangade,Pagamentos,11912.0,1079088.35
2025,Julho,Cabo Delgado,Nangade,Pagamentos,15857.0,1209023.1
2025,Agosto,Cabo Delgado,Nangade,Pagamentos,16901.0,1145963.1
2025,Setembro,Cabo Delgado,Nangade,Pagamentos,13501.0,1008972.2
2025,Outubro,Cabo Delgado,Nangade,Pagamentos,15110.0,1288824.14
2025,Novembro,Cabo Delgado,Nangade,Pagamentos,17587.0,1397311.94
2025,Dezembro,Cabo Delgado,Nangade,Pagamentos,19518.0,1507017.1
2025,Janeiro,Cabo Delgado,Palma,Pagamentos,63893.0,4742833.04
2025,Fevereiro,Cabo Delgado,Palma,Pagamentos,69335.0,5387826.39
2025,Março,Cabo Delgado,Palma,Pagamentos,88508.0,8353395.81
2025,Abril,Cabo Delgado,Palma,Pagamentos,77277.0,6464708.99
2025,Maio,Cabo Delgado,Palma,Pagamentos,81940.0,6819453.8
2025,Junho,Cabo Delgado,Palma,Pagamentos,69245.0,5425805.8
2025,Julho,Cabo Delgado,Palma,Pagamentos,71207.0,6081794.15
2025,Agosto,Cabo Delgado,Palma,Pagamentos,82215.0,6832204.74
2025,Setembro,Cabo Delgado,Palma,Pagamentos,40578.0,7757767.14
2025,Outubro,Cabo Delgado,Palma,Pagamentos,43471.0,7601297.32
2025,Novembro,Cabo Delgado,Palma,Pagamentos,46089.0,7894769.21
2025,Dezembro,Cabo Delgado,Palma,Pagamentos,54256.0,10799746.4
2025,Janeiro,Cabo Delgado,Pemba-Metuge,Pagamentos,16301.0,1388363.0
2025,Fevereiro,Cabo Delgado,Pemba-Metuge,Pagamentos,14541.0,1041208.13
2025,Março,Cabo Delgado,Pemba-Metuge,Pagamentos,17433.0,1268627.12
2025,Abril,Cabo Delgado,Pemba-Metuge,Pagamentos,18854.0,1564006.01
2025,Maio,Cabo Delgado,Pemba-Metuge,Pagamentos,21308.0,1684114.99
2025,Junho,Cabo Delgado,Pemba-Metuge,Pagamentos,25845.0,1758634.0
2025,Julho,Cabo Delgado,Pemba-Metuge,Pagamentos,420162.0,37693256.23
2025,Agosto,Cabo Delgado,Pemba-Metuge,Pagamentos,431063.0,37309934.88
2025,Setembro,Cabo Delgado,Pemba-Metuge,Pagamentos,32515.0,1623303.52
2025,Outubro,Cabo Delgado,Pemba-Metuge,Pagamentos,36836.0,1872429.28
2025,Novembro,Cabo Delgado,Pemba-Metuge,Pagamentos,40340.0,2177978.5300000003
2025,Dezembro,Cabo Delgado,Pemba-Metuge,Pagamentos,41063.0,2190101.3
2025,Janeiro,Cabo Delgado,Quissanga,Pagamentos,2158.0,147961.0
2025,Fevereiro,Cabo Delgado,Quissanga,Pagamentos,2169.0,150406.0
2025,Março,Cabo Delgado,Quissanga,Pagamentos,2193.0,154435.0
2025,Abril,Cabo Delgado,Quissanga,Pagamentos,2752.0,217455.77
2025,Maio,Cabo Delgado,Quissanga,Pagamentos,4087.0,288450.0
2025,Junho,Cabo Delgado,Quissanga,Pagamentos,4611.0,224683.0
2025,Julho,Cabo Delgado,Quissanga,Pagamentos,6910.0,256557.5
2025,Agosto,Cabo Delgado,Quissanga,Pagamentos,8143.0,380364.6
2025,Setembro,Cabo Delgado,Quissanga,Pagamentos,5716.0,269357.2
2025,Outubro,Cabo Delgado,Quissanga,Pagamentos,6850.0,450864.75
2025,Novembro,Cabo Delgado,Quissanga,Pagamentos,6918.0,416768.37
2025,Dezembro,Cabo Delgado,Quissanga,Pagamentos,7143.0,365383.32
2025,Janeiro,Niassa,Cidade de Lichinga,Pagamentos,297879.0,33284640.58
2025,Fevereiro,Niassa,Cidade de Lichinga,Pagamentos,283351.0,33306613.76
2025,Março,Niassa,Cidade de Lichinga,Pagamentos,323690.0,33231283.74
2025,Abril,Niassa,Cidade de Lichinga,Pagamentos,306697.0,32917586.26
2025,Maio,Niassa,Cidade de Lichinga,Pagamentos,334328.0,36243790.239999995
2025,Junho,Niassa,Cidade de Lichinga,Pagamentos,333782.0,33331225.52
2025,Julho,Niassa,Cidade de Lichinga,Pagamentos,393014.0,37019314.44
2025,Agosto,Niassa,Cidade de Lichinga,Pagamentos,438343.0,39151296.53
2025,Setembro,Niassa,Cidade de Lichinga,Pagamentos,368099.0,37787872.21
2025,Outubro,Niassa,Cidade de Lichinga,Pagamentos,407150.0,42372910.66
2025,Novembro,Niassa,Cidade de Lichinga,Pagamentos,417880.0,40257089.65
2025,Dezembro,Niassa,Cidade de Lichinga,Pagamentos,410746.0,43462336.89
2025,Janeiro,Niassa,Cuamba,Pagamentos,148252.0,10944700.75
2025,Fevereiro,Niassa,Cuamba,Pagamentos,136658.0,10317364.45
2025,Março,Niassa,Cuamba,Pagamentos,155525.0,11972995.42
2025,Abril,Niassa,Cuamba,Pagamentos,152583.0,12306821.35
2025,Maio,Niassa,Cuamba,Pagamentos,168379.0,12888409.29
2025,Junho,Niassa,Cuamba,Pagamentos,178808.0,12195971.489999998
2025,Julho,Niassa,Cuamba,Pagamentos,206316.0,12892242.43
2025,Agosto,Niassa,Cuamba,Pagamentos,222993.0,13770359.239999998
2025,Setembro,Niassa,Cuamba,Pagamentos,158138.0,12711922.3
2025,Outubro,Niassa,Cuamba,Pagamentos,174551.0,14205830.13
2025,Novembro,Niassa,Cuamba,Pagamentos,166087.0,13010432.63
2025,Dezembro,Niassa,Cuamba,Pagamentos,160710.0,13445482.62
2025,Janeiro,Niassa,Lago,Pagamentos,38010.0,3339197.98
2025,Fevereiro,Niassa,Lago,Pagamentos,37867.0,3257721.38
2025,Março,Niassa,Lago,Pagamentos,44610.0,3405491.89
2025,Abril,Niassa,Lago,Pagamentos,43333.0,3775952.95
2025,Maio,Niassa,Lago,Pagamentos,45500.0,3831157.81
2025,Junho,Niassa,Lago,Pagamentos,49276.0,3640382.09
2025,Julho,Niassa,Lago,Pagamentos,59724.0,3839241.73
2025,Agosto,Niassa,Lago,Pagamentos,60115.0,3865467.73
2025,Setembro,Niassa,Lago,Pagamentos,52055.0,3840977.87
2025,Outubro,Niassa,Lago,Pagamentos,55257.0,4459795.1
2025,Novembro,Niassa,Lago,Pagamentos,55746.0,4219195.93
2025,Dezembro,Niassa,Lago,Pagamentos,63866.0,4880719.68
2025,Janeiro,Niassa,Manjune,Pagamentos,10347.0,887279.58
2025,Fevereiro,Niassa,Manjune,Pagamentos,9814.0,892690.0
2025,Março,Niassa,Manjune,Pagamentos,11783.0,998566.69
2025,Abril,Niassa,Manjune,Pagamentos,12088.0,1161283.18
2025,Maio,Niassa,Manjune,Pagamentos,12422.0,1196063.13
2025,Junho,Niassa,Manjune,Pagamentos,14921.0,1192131.34
2025,Julho,Niassa,Manjune,Pagamentos,17714.0,1242078.54
2025,Agosto,Niassa,Manjune,Pagamentos,17500.0,1067239.53
2025,Setembro,Niassa,Manjune,Pagamentos,16267.0,1141972.58
2025,Outubro,Niassa,Manjune,Pagamentos,17447.0,1241704.6
2025,Novembro,Niassa,Manjune,Pagamentos,16981.0,1157648.37
2025,Dezembro,Niassa,Manjune,Pagamentos,17764.0,1188086.89
2025,Janeiro,Niassa,Mandimba,Pagamentos,44838.0,3073924.49
2025,Fevereiro,Niassa,Mandimba,Pagamentos,41187.0,2894589.88
2025,Março,Niassa,Mandimba,Pagamentos,49566.0,3595349.77
2025,Abril,Niassa,Mandimba,Pagamentos,50992.0,3972885.14
2025,Maio,Niassa,Mandimba,Pagamentos,52446.0,4089764.79
2025,Junho,Niassa,Mandimba,Pagamentos,57508.0,3947721.7
2025,Julho,Niassa,Mandimba,Pagamentos,81576.0,5673102.22
2025,Agosto,Niassa,Mandimba,Pagamentos,88237.0,5725351.57
2025,Setembro,Niassa,Mandimba,Pagamentos,68183.0,4624760.62
2025,Outubro,Niassa,Mandimba,Pagamentos,73828.0,4991917.46
2025,Novembro,Niassa,Mandimba,Pagamentos,72399.0,4747824.78
2025,Dezembro,Niassa,Mandimba,Pagamentos,72699.0,4787677.1
2025,Janeiro,Niassa,Marrupa,Pagamentos,18126.0,1721096.76
2025,Fevereiro,Niassa,Marrupa,Pagamentos,17700.0,1775653.66
2025,Março,Niassa,Marrupa,Pagamentos,20392.0,2110879.83
2025,Abril,Niassa,Marrupa,Pagamentos,20328.0,2106780.1
2025,Maio,Niassa,Marrupa,Pagamentos,22013.0,2195792.74
2025,Junho,Niassa,Marrupa,Pagamentos,25015.0,2254985.41
2025,Julho,Niassa,Marrupa,Pagamentos,29998.0,2492862.27
2025,Agosto,Niassa,Marrupa,Pagamentos,31492.0,2360952.61
2025,Setembro,Niassa,Marrupa,Pagamentos,27170.0,2143970.53
2025,Outubro,Niassa,Marrupa,Pagamentos,31147.0,2674062.94
2025,Novembro,Niassa,Marrupa,Pagamentos,30379.0,2541381.85
2025,Dezembro,Niassa,Marrupa,Pagamentos,24785.0,2042780.61
2025,Janeiro,Niassa,Maúa,Pagamentos,11231.0,1001549.91
2025,Fevereiro,Niassa,Maúa,Pagamentos,10852.0,932612.92
2025,Março,Niassa,Maúa,Pagamentos,13041.0,1278073.87
2025,Abril,Niassa,Maúa,Pagamentos,12366.0,1148025.95
2025,Maio,Niassa,Maúa,Pagamentos,12215.0,969054.6
2025,Junho,Niassa,Maúa,Pagamentos,14607.0,981947.8
2025,Julho,Niassa,Maúa,Pagamentos,18260.0,1190861.81
2025,Agosto,Niassa,Maúa,Pagamentos,19109.0,1079676.35
2025,Setembro,Niassa,Maúa,Pagamentos,15688.0,1112520.36
2025,Outubro,Niassa,Maúa,Pagamentos,17230.0,1833654.01
2025,Novembro,Niassa,Maúa,Pagamentos,17191.0,2030384.23
2025,Dezembro,Niassa,Maúa,Pagamentos,15026.0,1088010.34
2025,Janeiro,Niassa,Mavago,Pagamentos,4361.0,359005.13
2025,Fevereiro,Niassa,Mavago,Pagamentos,4264.0,373159.0
2025,Março,Niassa,Mavago,Pagamentos,4933.0,347282.33999999997
2025,Abril,Niassa,Mavago,Pagamentos,4950.0,358932.83
2025,Maio,Niassa,Mavago,Pagamentos,5991.0,384229.19
2025,Junho,Niassa,Mavago,Pagamentos,7332.0,468471.06
2025,Julho,Niassa,Mavago,Pagamentos,9529.0,531422.0
2025,Agosto,Niassa,Mavago,Pagamentos,9503.0,479684.13
2025,Setembro,Niassa,Mavago,Pagamentos,7871.0,491821.5
2025,Outubro,Niassa,Mavago,Pagamentos,8956.0,637610.0
2025,Novembro,Niassa,Mavago,Pagamentos,8439.0,588280.3
2025,Dezembro,Niassa,Mavago,Pagamentos,8169.0,554532.8
2025,Janeiro,Niassa,Mecanhelas,Pagamentos,32696.0,3040159.25
2025,Fevereiro,Niassa,Mecanhelas,Pagamentos,31885.0,2965126.39
2025,Março,Niassa,Mecanhelas,Pagamentos,42357.0,4111743.47
2025,Abril,Niassa,Mecanhelas,Pagamentos,40751.0,4159229.83
2025,Maio,Niassa,Mecanhelas,Pagamentos,44559.0,3845500.6
2025,Junho,Niassa,Mecanhelas,Pagamentos,47783.0,3647745.1
2025,Julho,Niassa,Mecanhelas,Pagamentos,60165.0,4071264.62
2025,Agosto,Niassa,Mecanhelas,Pagamentos,63288.0,3885667.85
2025,Setembro,Niassa,Mecanhelas,Pagamentos,50715.0,3813081.92
2025,Outubro,Niassa,Mecanhelas,Pagamentos,56735.0,4580687.54
2025,Novembro,Niassa,Mecanhelas,Pagamentos,52977.0,4034792.25
2025,Dezembro,Niassa,Mecanhelas,Pagamentos,49960.0,3806882.66
2025,Janeiro,Niassa,Mecula,Pagamentos,3232.0,338343.77
2025,Fevereiro,Niassa,Mecula,Pagamentos,3365.0,390117.75
2025,Março,Niassa,Mecula,Pagamentos,3908.0,424417.77
2025,Abril,Niassa,Mecula,Pagamentos,4244.0,525175.19
2025,Maio,Niassa,Mecula,Pagamentos,4783.0,510270.4
2025,Junho,Niassa,Mecula,Pagamentos,5290.0,459312.5
2025,Julho,Niassa,Mecula,Pagamentos,6688.0,568134.5
2025,Agosto,Niassa,Mecula,Pagamentos,7030.0,597619.45
2025,Setembro,Niassa,Mecula,Pagamentos,6541.0,608950.1
2025,Outubro,Niassa,Mecula,Pagamentos,7134.0,628898.21
2025,Novembro,Niassa,Mecula,Pagamentos,7242.0,691356.66
2025,Dezembro,Niassa,Mecula,Pagamentos,6775.0,612886.4
2025,Janeiro,Niassa,Metarica,Pagamentos,9729.0,767492.42
2025,Fevereiro,Niassa,Metarica,Pagamentos,9425.0,925367.74
2025,Março,Niassa,Metarica,Pagamentos,12165.0,990427.35
2025,Abril,Niassa,Metarica,Pagamentos,13158.0,1127429.76
2025,Maio,Niassa,Metarica,Pagamentos,12711.0,1317889.56
2025,Junho,Niassa,Metarica,Pagamentos,13172.0,1046272.81
2025,Julho,Niassa,Metarica,Pagamentos,15622.0,1020604.15
2025,Agosto,Niassa,Metarica,Pagamentos,18118.0,1216068.63
2025,Setembro,Niassa,Metarica,Pagamentos,15223.0,1121767.36
2025,Outubro,Niassa,Metarica,Pagamentos,17065.0,1413947.6800000002
2025,Novembro,Niassa,Metarica,Pagamentos,15542.0,1361595.78
2025,Dezembro,Niassa,Metarica,Pagamentos,14921.0,1270021.77
2025,Janeiro,Niassa,Muembe,Pagamentos,14037.0,1228448.43
2025,Fevereiro,Niassa,Muembe,Pagamentos,12677.0,952538.08
2025,Março,Niassa,Muembe,Pagamentos,15032.0,1120073.69
2025,Abril,Niassa,Muembe,Pagamentos,15340.0,1337688.61
2025,Maio,Niassa,Muembe,Pagamentos,18275.0,1707713.0
2025,Junho,Niassa,Muembe,Pagamentos,19857.0,1709471.47
2025,Julho,Niassa,Muembe,Pagamentos,23166.0,1857997.73
2025,Agosto,Niassa,Muembe,Pagamentos,22442.0,1621872.8
2025,Setembro,Niassa,Muembe,Pagamentos,20249.0,1690234.78
2025,Outubro,Niassa,Muembe,Pagamentos,21118.0,2062707.4
2025,Novembro,Niassa,Muembe,Pagamentos,19526.0,1896173.37
2025,Dezembro,Niassa,Muembe,Pagamentos,18556.0,1742972.55
2025,Janeiro,Niassa,N´gauma,Pagamentos,11561.0,1021163.56
2025,Fevereiro,Niassa,N´gauma,Pagamentos,10556.0,982823.2
2025,Março,Niassa,N´gauma,Pagamentos,13442.0,1284540.54
2025,Abril,Niassa,N´gauma,Pagamentos,14106.0,1362436.0
2025,Maio,Niassa,N´gauma,Pagamentos,14101.0,1354501.0
2025,Junho,Niassa,N´gauma,Pagamentos,15027.0,1256739.5
2025,Julho,Niassa,N´gauma,Pagamentos,18406.0,1582934.0
2025,Agosto,Niassa,N´gauma,Pagamentos,18135.0,1399893.81
2025,Setembro,Niassa,N´gauma,Pagamentos,16872.0,1630899.61
2025,Outubro,Niassa,N´gauma,Pagamentos,18132.0,1547527.67
2025,Novembro,Niassa,N´gauma,Pagamentos,17488.0,1520140.08
2025,Dezembro,Niassa,N´gauma,Pagamentos,17150.0,1354477.96
2025,Janeiro,Niassa,Nipepe,Pagamentos,7919.0,599497.49
2025,Fevereiro,Niassa,Nipepe,Pagamentos,6832.0,542690.83
2025,Março,Niassa,Nipepe,Pagamentos,8604.0,664395.83
2025,Abril,Niassa,Nipepe,Pagamentos,8624.0,707052.39
2025,Maio,Niassa,Nipepe,Pagamentos,8942.0,645351.99
2025,Junho,Niassa,Nipepe,Pagamentos,9984.0,627562.77
2025,Julho,Niassa,Nipepe,Pagamentos,13597.0,831867.01
2025,Agosto,Niassa,Nipepe,Pagamentos,14363.0,772706.52
2025,Setembro,Niassa,Nipepe,Pagamentos,11412.0,725470.39
2025,Outubro,Niassa,Nipepe,Pagamentos,12591.0,838254.87
2025,Novembro,Niassa,Nipepe,Pagamentos,11967.0,702563.37
2025,Dezembro,Niassa,Nipepe,Pagamentos,12241.0,778197.58
2025,Janeiro,Niassa,Sanga,Pagamentos,24424.0,2032633.2
2025,Fevereiro,Niassa,Sanga,Pagamentos,25355.0,2313875.05
2025,Março,Niassa,Sanga,Pagamentos,30089.0,2206139.42
2025,Abril,Niassa,Sanga,Pagamentos,29950.0,2316333.81
2025,Maio,Niassa,Sanga,Pagamentos,32068.0,2609596.45
2025,Junho,Niassa,Sanga,Pagamentos,33485.0,2421329.29
2025,Julho,Niassa,Sanga,Pagamentos,43058.0,2882439.06
2025,Agosto,Niassa,Sanga,Pagamentos,42902.0,2821534.8
2025,Setembro,Niassa,Sanga,Pagamentos,36481.0,2812795.04
2025,Outubro,Niassa,Sanga,Pagamentos,39186.0,3414913.09
2025,Novembro,Niassa,Sanga,Pagamentos,38425.0,3269496.37
2025,Dezembro,Niassa,Sanga,Pagamentos,35331.0,2506917.85
2025,Janeiro,Niassa,Chimbunhila,Pagamentos,13529.0,1202609.23
2025,Fevereiro,Niassa,Chimbunhila,Pagamentos,14511.0,1381742.46
2025,Março,Niassa,Chimbunhila,Pagamentos,18131.0,1596301.13
2025,Abril,Niassa,Chimbunhila,Pagamentos,15965.0,1490843.36
2025,Maio,Niassa,Chimbunhila,Pagamentos,18174.0,1779865.79
2025,Junho,Niassa,Chimbunhila,Pagamentos,20311.0,1772683.57
2025,Julho,Niassa,Chimbunhila,Pagamentos,24595.0,2255003.2
2025,Agosto,Niassa,Chimbunhila,Pagamentos,25207.0,2380211.08
2025,Setembro,Niassa,Chimbunhila,Pagamentos,21896.0,2573831.1
2025,Outubro,Niassa,Chimbunhila,Pagamentos,23946.0,2686030.09
2025,Novembro,Niassa,Chimbunhila,Pagamentos,20243.0,2002881.09
2025,Dezembro,Niassa,Chimbunhila,Pagamentos,19365.0,1800890.25
