Year,Province,District,Month,POSs_Number
2020,Nampula,Lalaua,Agosto,2.0
2020,Nampula,Lalaua,Setembro,3.0
2020,Nampula,Lalaua,Outubro,3.0
2020,Nampula,Lalaua,Dezembro,3.0
2020,Nampula,Malema,Janeiro,37.0
2020,Nampula,Malema,Fevereiro,35.0
2020,Nampula,Malema,Março,35.0
2020,Nampula,Malema,Abril,37.0
2020,Nampula,Malema,Maio,39.0
2020,Nampula,Lalaua,Novembro,3.0
2020,Nampula,Lalaua,Julho,2.0
2020,Nampula,Lalaua,Abril,6.0
2020,Zambézia,Namarroi,Junho,20.0
2020,Nampula,Lalaua,Maio,2.0
2020,Nampula,Lalaua,Fevereiro,8.0
2020,Nampula,Lalaua,Janeiro,6.0
2020,Nampula,Ilha de Moçambique,Novembro,54.0
2020,Nampula,Ilha de Moçambique,Outubro,55.0
2020,Nampula,Ilha de Moçambique,Setembro,56.0
2020,Nampula,Ilha de Moçambique,Agosto,56.0
2020,Nampula,Ilha de Moçambique,Julho,56.0
2020,Nampula,Malema,Junho,39.0
2020,Nampula,Ilha de Moçambique,Junho,57.0
2020,Nampula,Ilha de Moçambique,Maio,57.0
2020,Nampula,Lalaua,Junho,2.0
2020,Nampula,Lalaua,Março,7.0
2020,Nampula,Ilha de Moçambique,Dezembro,52.0
2020,Nampula,Cidade de Nampula,Setembro,1166.0
2020,Nampula,Meconta (Namialo),Julho,44.0
2020,Nampula,Mecuburi,Agosto,16.0
2020,Nampula,Mecuburi,Julho,13.0
2020,Nampula,Mecuburi,Junho,14.0
2020,Nampula,Mecuburi,Maio,14.0
2020,Nampula,Mecuburi,Abril,13.0
2020,Nampula,Mecuburi,Março,13.0
2020,Nampula,Mecuburi,Fevereiro,9.0
2020,Nampula,Mecuburi,Janeiro,11.0
2020,Nampula,Meconta (Namialo),Dezembro,42.0
2020,Nampula,Meconta (Namialo),Novembro,42.0
2020,Nampula,Meconta (Namialo),Outubro,43.0
2020,Nampula,Meconta (Namialo),Setembro,44.0
2020,Nampula,Meconta (Namialo),Agosto,45.0
2020,Nampula,Meconta (Namialo),Junho,44.0
2020,Nampula,Meconta (Namialo),Maio,45.0
2020,Nampula,Meconta (Namialo),Abril,43.0
2020,Nampula,Meconta (Namialo),Março,43.0
2020,Nampula,Meconta (Namialo),Fevereiro,41.0
2020,Nampula,Meconta (Namialo),Janeiro,42.0
2020,Nampula,Malema,Dezembro,37.0
2020,Nampula,Malema,Novembro,39.0
2020,Nampula,Malema,Outubro,39.0
2020,Nampula,Malema,Setembro,39.0
2020,Nampula,Malema,Julho,39.0
2020,Nampula,Mecuburi,Setembro,16.0
2020,Nampula,Ilha de Moçambique,Março,58.0
2020,Nampula,Ilha de Moçambique,Janeiro,58.0
2020,Nampula,Mecuburi,Novembro,19.0
2020,Nampula,Cidade de Nampula,Novembro,1144.0
2020,Nampula,Cidade de Nampula,Junho,2185.0
2020,Nampula,Cidade de Nampula,Maio,2155.0
2020,Nampula,Cidade de Nampula,Abril,2166.0
2020,Nampula,Cidade de Nampula,Março,2176.0
2020,Nampula,Cidade de Nampula,Fevereiro,2184.0
2020,Nampula,Cidade de Nampula,Janeiro,2157.0
2020,Zambézia,Derre,Dezembro,0.0
2020,Zambézia,Derre,Novembro,0.0
2020,Zambézia,Derre,Outubro,0.0
2020,Zambézia,Derre,Setembro,0.0
2020,Zambézia,Derre,Agosto,0.0
2020,Zambézia,Derre,Julho,0.0
2020,Zambézia,Derre,Junho,0.0
2020,Zambézia,Derre,Maio,0.0
2020,Zambézia,Derre,Abril,0.0
2020,Zambézia,Derre,Março,0.0
2020,Zambézia,Derre,Fevereiro,0.0
2020,Zambézia,Derre,Janeiro,0.0
2020,Zambézia,Luabo,Dezembro,0.0
2020,Zambézia,Luabo,Novembro,0.0
2020,Zambézia,Luabo,Outubro,0.0
2020,Zambézia,Luabo,Setembro,0.0
2020,Zambézia,Luabo,Agosto,0.0
2020,Zambézia,Luabo,Julho,0.0
2020,Nampula,Cidade de Nampula,Agosto,1139.0
2020,Nampula,Ilha de Moçambique,Fevereiro,58.0
2020,Nampula,Ilha de Moçambique,Abril,57.0
2020,Nampula,Cidade de Nampula,Julho,2190.0
2020,Nampula,Angoche,Dezembro,1175.0
2020,Nampula,Angoche,Novembro,1163.0
2020,Nampula,Angoche,Outubro,1154.0
2020,Nampula,Angoche,Setembro,1145.0
2020,Nampula,Angoche,Agosto,1135.0
2020,Nampula,Angoche,Julho,73.0
2020,Nampula,Angoche,Junho,77.0
2020,Nampula,Angoche,Maio,77.0
2020,Nampula,Angoche,Abril,74.0
2020,Nampula,Angoche,Março,75.0
2020,Nampula,Angoche,Fevereiro,71.0
2020,Nampula,Angoche,Janeiro,47.0
2020,Nampula,Cidade de Nacala-Porto,Dezembro,622.0
2020,Nampula,Cidade de Nacala-Porto,Novembro,617.0
2020,Nampula,Cidade de Nacala-Porto,Outubro,615.0
2020,Nampula,Cidade de Nacala-Porto,Setembro,603.0
2020,Nampula,Cidade de Nacala-Porto,Agosto,614.0
2020,Nampula,Cidade de Nacala-Porto,Julho,614.0
2020,Nampula,Cidade de Nacala-Porto,Junho,627.0
2020,Nampula,Cidade de Nacala-Porto,Maio,629.0
2020,Nampula,Cidade de Nacala-Porto,Abril,616.0
2020,Nampula,Cidade de Nacala-Porto,Março,624.0
2020,Nampula,Cidade de Nacala-Porto,Fevereiro,618.0
2020,Nampula,Cidade de Nacala-Porto,Janeiro,617.0
2020,Nampula,Cidade de Nampula,Dezembro,1126.0
2020,Nampula,Cidade de Nampula,Outubro,1170.0
2020,Nampula,Mecuburi,Outubro,19.0
2020,Nampula,Malema,Agosto,39.0
2020,Niassa,Lago,Julho,24.0
2020,Nampula,Mogovolas,Abril,13.0
2020,Nampula,Muecate,Outubro,6.0
2020,Nampula,Muecate,Setembro,6.0
2020,Nampula,Muecate,Agosto,6.0
2020,Nampula,Muecate,Julho,6.0
2020,Nampula,Muecate,Junho,6.0
2020,Nampula,Muecate,Maio,6.0
2020,Nampula,Muecate,Abril,5.0
2020,Nampula,Muecate,Março,5.0
2020,Nampula,Muecate,Fevereiro,5.0
2020,Nampula,Muecate,Janeiro,7.0
2020,Nampula,Mossuril,Dezembro,19.0
2020,Nampula,Mossuril,Novembro,19.0
2020,Nampula,Mossuril,Outubro,19.0
2020,Nampula,Mossuril,Setembro,19.0
2020,Nampula,Mossuril,Agosto,19.0
2020,Nampula,Mossuril,Julho,19.0
2020,Nampula,Mossuril,Junho,19.0
2020,Nampula,Mossuril,Maio,19.0
2020,Nampula,Mossuril,Abril,21.0
2020,Nampula,Mossuril,Março,21.0
2020,Nampula,Mossuril,Fevereiro,22.0
2020,Nampula,Mossuril,Janeiro,22.0
2020,Nampula,Monapo,Dezembro,29.0
2020,Nampula,Murrupula,Janeiro,26.0
2020,Nampula,Mecuburi,Dezembro,19.0
2020,Nampula,Muecate,Novembro,6.0
2020,Nampula,Monapo,Agosto,29.0
2020,Nampula,Monapo,Novembro,27.0
2020,Nampula,Murrupula,Fevereiro,23.0
2020,Nampula,Nacaroa,Março,9.0
2020,Nampula,Nacaroa,Fevereiro,7.0
2020,Nampula,Nacaroa,Janeiro,7.0
2020,Nampula,Nacala-Velha,Dezembro,54.0
2020,Nampula,Nacala-Velha,Novembro,54.0
2020,Nampula,Nacala-Velha,Outubro,54.0
2020,Nampula,Nacala-Velha,Setembro,56.0
2020,Nampula,Nacala-Velha,Agosto,55.0
2020,Nampula,Nacala-Velha,Julho,55.0
2020,Nampula,Nacala-Velha,Junho,54.0
2020,Nampula,Nacala-Velha,Maio,55.0
2020,Nampula,Nacala-Velha,Abril,54.0
2020,Nampula,Nacala-Velha,Março,54.0
2020,Nampula,Nacala-Velha,Fevereiro,55.0
2020,Nampula,Nacala-Velha,Janeiro,56.0
2020,Nampula,Murrupula,Dezembro,25.0
2020,Nampula,Murrupula,Novembro,25.0
2020,Nampula,Murrupula,Outubro,26.0
2020,Nampula,Murrupula,Setembro,26.0
2020,Nampula,Murrupula,Agosto,24.0
2020,Nampula,Murrupula,Julho,24.0
2020,Nampula,Murrupula,Junho,24.0
2020,Nampula,Murrupula,Maio,23.0
2020,Nampula,Murrupula,Março,24.0
2020,Nampula,Nacaroa,Maio,11.0
2020,Nampula,Monapo,Outubro,27.0
2020,Zambézia,Luabo,Maio,0.0
2020,Nampula,Memba,Janeiro,9.0
2020,Nampula,Monapo,Junho,30.0
2020,Nampula,Mogincual,Dezembro,13.0
2020,Nampula,Mogincual,Novembro,13.0
2020,Nampula,Mogincual,Outubro,13.0
2020,Nampula,Mogincual,Setembro,11.0
2020,Nampula,Mogincual,Agosto,13.0
2020,Nampula,Mogincual,Julho,14.0
2020,Nampula,Mogincual,Junho,13.0
2020,Nampula,Mogincual,Maio,13.0
2020,Nampula,Mogincual,Abril,13.0
2020,Nampula,Mogincual,Março,14.0
2020,Nampula,Mogincual,Fevereiro,13.0
2020,Nampula,Mogincual,Janeiro,15.0
2020,Nampula,Memba,Dezembro,10.0
2020,Nampula,Memba,Novembro,8.0
2020,Nampula,Memba,Outubro,8.0
2020,Nampula,Memba,Setembro,8.0
2020,Nampula,Memba,Agosto,10.0
2020,Nampula,Memba,Julho,10.0
2020,Nampula,Memba,Junho,10.0
2020,Nampula,Memba,Maio,11.0
2020,Nampula,Memba,Abril,9.0
2020,Nampula,Memba,Março,9.0
2020,Nampula,Memba,Fevereiro,9.0
2020,Nampula,Mogovolas,Março,13.0
2020,Nampula,Muecate,Dezembro,6.0
2020,Nampula,Mogovolas,Janeiro,14.0
2020,Nampula,Mogovolas,Junho,13.0
2020,Nampula,Monapo,Setembro,26.0
2020,Zambézia,Luabo,Junho,0.0
2020,Nampula,Monapo,Maio,29.0
2020,Nampula,Monapo,Abril,29.0
2020,Nampula,Monapo,Março,29.0
2020,Nampula,Monapo,Fevereiro,30.0
2020,Nampula,Monapo,Janeiro,28.0
2020,Nampula,Moma,Dezembro,40.0
2020,Nampula,Moma,Novembro,39.0
2020,Nampula,Moma,Outubro,39.0
2020,Nampula,Moma,Setembro,40.0
2020,Nampula,Moma,Agosto,36.0
2020,Nampula,Moma,Julho,36.0
2020,Nampula,Moma,Junho,35.0
2020,Nampula,Moma,Maio,34.0
2020,Nampula,Moma,Abril,35.0
2020,Nampula,Moma,Março,35.0
2020,Nampula,Moma,Fevereiro,34.0
2020,Nampula,Moma,Janeiro,39.0
2020,Nampula,Mogovolas,Dezembro,12.0
2020,Nampula,Mogovolas,Novembro,12.0
2020,Nampula,Mogovolas,Outubro,12.0
2020,Nampula,Mogovolas,Setembro,12.0
2020,Nampula,Mogovolas,Agosto,12.0
2020,Nampula,Mogovolas,Julho,12.0
2020,Nampula,Mogovolas,Maio,13.0
2020,Nampula,Monapo,Julho,29.0
2020,Nampula,Mogovolas,Fevereiro,14.0
2020,Nampula,Nacaroa,Abril,11.0
2020,Zambézia,Molumbo,Dezembro,0.0
2020,Zambézia,Luabo,Fevereiro,0.0
2020,Zambézia,Gilé,Setembro,20.0
2020,Zambézia,Gilé,Agosto,20.0
2020,Zambézia,Gilé,Julho,30.0
2020,Zambézia,Gilé,Junho,31.0
2020,Zambézia,Gilé,Maio,32.0
2020,Zambézia,Gilé,Abril,31.0
2020,Zambézia,Gilé,Março,33.0
2020,Zambézia,Gilé,Fevereiro,31.0
2020,Zambézia,Gilé,Janeiro,37.0
2020,Zambézia,Gilé,Dezembro,21.0
2020,Zambézia,Lugela,Dezembro,9.0
2020,Zambézia,Maganja da Costa,Março,33.0
2020,Zambézia,Lugela,Outubro,9.0
2020,Zambézia,Lugela,Agosto,11.0
2020,Zambézia,Lugela,Julho,15.0
2020,Zambézia,Lugela,Junho,15.0
2020,Zambézia,Lugela,Maio,15.0
2020,Zambézia,Lugela,Abril,15.0
2020,Zambézia,Lugela,Março,15.0
2020,Zambézia,Lugela,Fevereiro,16.0
2020,Zambézia,Lugela,Janeiro,16.0
2020,Zambézia,Inhassunge,Dezembro,14.0
2020,Zambézia,Lugela,Novembro,9.0
2020,Zambézia,Maganja da Costa,Janeiro,36.0
2020,Zambézia,Lugela,Setembro,11.0
2020,Zambézia,Mocuba,Julho,175.0
2020,Zambézia,Mocuba,Abril,182.0
2020,Zambézia,Mocuba,Fevereiro,182.0
2020,Zambézia,Mocuba,Janeiro,188.0
2020,Zambézia,Milange,Dezembro,54.0
2020,Zambézia,Milange,Novembro,54.0
2020,Zambézia,Milange,Outubro,57.0
2020,Zambézia,Milange,Setembro,57.0
2020,Zambézia,Milange,Agosto,55.0
2020,Zambézia,Milange,Julho,58.0
2020,Zambézia,Milange,Junho,57.0
2020,Zambézia,Milange,Maio,56.0
2020,Zambézia,Milange,Abril,55.0
2020,Zambézia,Milange,Março,57.0
2020,Zambézia,Milange,Fevereiro,56.0
2020,Zambézia,Milange,Janeiro,58.0
2020,Zambézia,Maganja da Costa,Dezembro,38.0
2020,Zambézia,Maganja da Costa,Novembro,38.0
2020,Zambézia,Maganja da Costa,Outubro,38.0
2020,Zambézia,Maganja da Costa,Setembro,37.0
2020,Zambézia,Maganja da Costa,Agosto,37.0
2020,Zambézia,Maganja da Costa,Julho,35.0
2020,Zambézia,Maganja da Costa,Junho,34.0
2020,Zambézia,Maganja da Costa,Maio,33.0
2020,Zambézia,Maganja da Costa,Abril,31.0
2020,Zambézia,Inhassunge,Novembro,14.0
2020,Zambézia,Inhassunge,Outubro,13.0
2020,Zambézia,Inhassunge,Setembro,14.0
2020,Zambézia,Maganja da Costa,Fevereiro,33.0
2020,Zambézia,Inhassunge,Agosto,14.0
2020,Zambézia,Gurúè,Fevereiro,68.0
2020,Zambézia,Gurúè,Janeiro,70.0
2020,Zambézia,Alto Molócuè,Dezembro,46.0
2020,Zambézia,Chinde,Novembro,378.0
2020,Zambézia,Chinde,Outubro,376.0
2020,Zambézia,Chinde,Setembro,379.0
2020,Zambézia,Chinde,Agosto,377.0
2020,Zambézia,Chinde,Julho,22.0
2020,Zambézia,Chinde,Junho,23.0
2020,Zambézia,Chinde,Maio,22.0
2020,Zambézia,Chinde,Abril,24.0
2020,Zambézia,Chinde,Março,20.0
2020,Zambézia,Chinde,Fevereiro,17.0
2020,Zambézia,Chinde,Janeiro,17.0
2020,Zambézia,Alto Molócuè,Novembro,48.0
2020,Zambézia,Gurúè,Abril,65.0
2020,Zambézia,Alto Molócuè,Outubro,50.0
2020,Zambézia,Alto Molócuè,Setembro,48.0
2020,Zambézia,Alto Molócuè,Agosto,50.0
2020,Zambézia,Alto Molócuè,Julho,71.0
2020,Zambézia,Alto Molócuè,Junho,70.0
2020,Zambézia,Alto Molócuè,Maio,70.0
2020,Zambézia,Alto Molócuè,Abril,65.0
2020,Zambézia,Alto Molócuè,Março,68.0
2020,Nampula,Nacaroa,Junho,11.0
2020,Zambézia,Gurúè,Março,70.0
2020,Zambézia,Mocuba,Maio,180.0
2020,Zambézia,Gurúè,Junho,64.0
2020,Zambézia,Mocuba,Março,187.0
2020,Zambézia,Inhassunge,Julho,4.0
2020,Zambézia,Mocuba,Junho,180.0
2020,Zambézia,Chinde,Dezembro,377.0
2020,Zambézia,Inhassunge,Maio,4.0
2020,Zambézia,Inhassunge,Abril,4.0
2020,Zambézia,Inhassunge,Março,3.0
2020,Zambézia,Inhassunge,Fevereiro,5.0
2020,Zambézia,Inhassunge,Janeiro,5.0
2020,Zambézia,Ile,Dezembro,52.0
2020,Zambézia,Ile,Novembro,51.0
2020,Zambézia,Ile,Outubro,49.0
2020,Zambézia,Ile,Setembro,59.0
2020,Zambézia,Ile,Agosto,57.0
2020,Zambézia,Ile,Julho,25.0
2020,Zambézia,Ile,Junho,21.0
2020,Zambézia,Ile,Maio,23.0
2020,Zambézia,Ile,Abril,21.0
2020,Zambézia,Ile,Março,22.0
2020,Zambézia,Ile,Fevereiro,22.0
2020,Zambézia,Ile,Janeiro,24.0
2020,Zambézia,Gurúè,Dezembro,40.0
2020,Zambézia,Gurúè,Novembro,38.0
2020,Zambézia,Gurúè,Outubro,37.0
2020,Zambézia,Gurúè,Setembro,40.0
2020,Zambézia,Gurúè,Agosto,38.0
2020,Zambézia,Gurúè,Julho,64.0
2020,Zambézia,Gurúè,Maio,65.0
2020,Zambézia,Inhassunge,Junho,4.0
2020,Zambézia,Mocuba,Agosto,175.0
2020,Zambézia,Molumbo,Agosto,0.0
2020,Zambézia,Molumbo,Julho,0.0
2020,Zambézia,Molumbo,Junho,0.0
2020,Zambézia,Molumbo,Maio,0.0
2020,Zambézia,Molumbo,Abril,0.0
2020,Zambézia,Molumbo,Março,0.0
2020,Zambézia,Molumbo,Fevereiro,0.0
2020,Zambézia,Molumbo,Janeiro,0.0
2020,Zambézia,Pebane,Dezembro,44.0
2020,Zambézia,Pebane,Novembro,46.0
2020,Zambézia,Pebane,Outubro,46.0
2020,Zambézia,Pebane,Setembro,47.0
2020,Zambézia,Pebane,Agosto,47.0
2020,Zambézia,Pebane,Julho,52.0
2020,Zambézia,Pebane,Junho,51.0
2020,Zambézia,Pebane,Maio,57.0
2020,Zambézia,Pebane,Abril,45.0
2020,Zambézia,Pebane,Março,46.0
2020,Zambézia,Pebane,Fevereiro,52.0
2020,Zambézia,Pebane,Janeiro,60.0
2020,Zambézia,Nicoadala,Dezembro,32.0
2020,Zambézia,Nicoadala,Novembro,32.0
2020,Zambézia,Nicoadala,Outubro,33.0
2020,Zambézia,Nicoadala,Setembro,33.0
2020,Zambézia,Nicoadala,Agosto,33.0
2020,Zambézia,Molumbo,Setembro,0.0
2020,Zambézia,Nicoadala,Julho,33.0
2020,Zambézia,Molumbo,Outubro,0.0
2020,Zambézia,Nicoadala,Junho,32.0
2020,Zambézia,Nicoadala,Abril,31.0
2020,Zambézia,Luabo,Janeiro,0.0
2020,Zambézia,Mulevala,Dezembro,0.0
2020,Zambézia,Mulevala,Novembro,0.0
2020,Zambézia,Mulevala,Outubro,0.0
2020,Zambézia,Mulevala,Setembro,0.0
2020,Zambézia,Mulevala,Agosto,0.0
2020,Zambézia,Mulevala,Julho,0.0
2020,Zambézia,Mulevala,Junho,0.0
2020,Zambézia,Mulevala,Maio,0.0
2020,Zambézia,Mulevala,Abril,0.0
2020,Zambézia,Mulevala,Março,0.0
2020,Zambézia,Mulevala,Fevereiro,0.0
2020,Zambézia,Mulevala,Janeiro,0.0
2020,Zambézia,Mocubela,Dezembro,0.0
2020,Zambézia,Mocubela,Novembro,0.0
2020,Zambézia,Mocubela,Outubro,0.0
2020,Zambézia,Mocubela,Setembro,0.0
2020,Zambézia,Mocubela,Agosto,0.0
2020,Zambézia,Mocubela,Julho,0.0
2020,Zambézia,Mocubela,Junho,0.0
2020,Zambézia,Mocubela,Maio,0.0
2020,Zambézia,Mocubela,Abril,0.0
2020,Zambézia,Mocubela,Março,0.0
2020,Zambézia,Mocubela,Fevereiro,0.0
2020,Zambézia,Molumbo,Novembro,0.0
2020,Zambézia,Luabo,Abril,0.0
2020,Zambézia,Mocubela,Janeiro,0.0
2020,Zambézia,Luabo,Março,0.0
2020,Zambézia,Morrumbala,Setembro,40.0
2020,Zambézia,Nicoadala,Março,31.0
2020,Zambézia,Morrumbala,Julho,40.0
2020,Zambézia,Morrumbala,Junho,38.0
2020,Zambézia,Morrumbala,Maio,39.0
2020,Zambézia,Morrumbala,Abril,30.0
2020,Zambézia,Morrumbala,Março,31.0
2020,Zambézia,Morrumbala,Fevereiro,34.0
2020,Zambézia,Morrumbala,Janeiro,35.0
2020,Zambézia,Mopeia,Dezembro,36.0
2020,Zambézia,Mopeia,Novembro,34.0
2020,Zambézia,Mopeia,Outubro,32.0
2020,Zambézia,Mopeia,Setembro,32.0
2020,Zambézia,Mopeia,Agosto,31.0
2020,Zambézia,Mopeia,Julho,30.0
2020,Zambézia,Mopeia,Junho,29.0
2020,Zambézia,Mopeia,Maio,30.0
2020,Zambézia,Mopeia,Abril,30.0
2020,Zambézia,Mopeia,Março,32.0
2020,Zambézia,Mopeia,Fevereiro,35.0
2020,Zambézia,Mopeia,Janeiro,35.0
2020,Zambézia,Mocuba,Dezembro,174.0
2020,Zambézia,Mocuba,Novembro,169.0
2020,Zambézia,Mocuba,Outubro,169.0
2020,Zambézia,Mocuba,Setembro,171.0
2020,Zambézia,Morrumbala,Outubro,43.0
2020,Zambézia,Nicoadala,Maio,31.0
2020,Zambézia,Morrumbala,Novembro,43.0
2020,Zambézia,Gilé,Novembro,21.0
2020,Zambézia,Morrumbala,Agosto,40.0
2020,Zambézia,Nicoadala,Fevereiro,28.0
2020,Zambézia,Nicoadala,Janeiro,34.0
2020,Zambézia,Namarroi,Dezembro,19.0
2020,Zambézia,Namarroi,Novembro,19.0
2020,Zambézia,Namarroi,Outubro,19.0
2020,Zambézia,Namarroi,Setembro,20.0
2020,Zambézia,Namarroi,Agosto,20.0
2020,Zambézia,Namarroi,Julho,20.0
2020,Zambézia,Namarroi,Maio,20.0
2020,Zambézia,Namarroi,Abril,19.0
2020,Zambézia,Namarroi,Março,20.0
2020,Zambézia,Namarroi,Fevereiro,23.0
2020,Zambézia,Namarroi,Janeiro,25.0
2020,Zambézia,Namacurra,Dezembro,15.0
2020,Zambézia,Namacurra,Novembro,16.0
2020,Zambézia,Namacurra,Outubro,16.0
2020,Zambézia,Namacurra,Setembro,17.0
2020,Zambézia,Namacurra,Agosto,18.0
2020,Zambézia,Namacurra,Julho,19.0
2020,Zambézia,Namacurra,Junho,21.0
2020,Zambézia,Namacurra,Maio,21.0
2020,Zambézia,Namacurra,Abril,26.0
2020,Zambézia,Namacurra,Março,22.0
2020,Zambézia,Namacurra,Fevereiro,23.0
2020,Zambézia,Morrumbala,Dezembro,43.0
2020,Nampula,Nacaroa,Julho,12.0
2020,Zambézia,Namacurra,Janeiro,22.0
2020,Nampula,Nacaroa,Setembro,10.0
2020,Zambézia,Gilé,Outubro,21.0
2020,Cabo Delgado,Mecufi,Setembro,8.0
2020,Niassa,Manjune,Outubro,209.0
2020,Cabo Delgado,Nangade,Novembro,12.0
2020,Niassa,Manjune,Agosto,213.0
2020,Niassa,Manjune,Julho,7.0
2020,Niassa,Manjune,Junho,7.0
2020,Niassa,Manjune,Maio,7.0
2020,Niassa,Manjune,Abril,6.0
2020,Niassa,Manjune,Março,7.0
2020,Niassa,Manjune,Fevereiro,6.0
2020,Niassa,Manjune,Janeiro,6.0
2020,Niassa,Manjune,Dezembro,219.0
2020,Niassa,Mandimba,Fevereiro,12.0
2020,Niassa,Lago,Dezembro,9.0
2020,Niassa,Lago,Setembro,10.0
2020,Niassa,Lago,Agosto,10.0
2020,Zambézia,Alto Molócuè,Fevereiro,67.0
2020,Niassa,Lago,Junho,24.0
2020,Niassa,Lago,Maio,24.0
2020,Niassa,Lago,Abril,23.0
2020,Niassa,Lago,Março,23.0
2020,Niassa,Lago,Fevereiro,25.0
2020,Niassa,Lago,Janeiro,25.0
2020,Niassa,Cuamba,Dezembro,91.0
2020,Niassa,Lago,Novembro,10.0
2020,Niassa,Lago,Outubro,10.0
2020,Niassa,Cuamba,Agosto,58.0
2020,Niassa,Mandimba,Março,12.0
2020,Niassa,Maúa,Março,12.0
2020,Niassa,Maúa,Fevereiro,13.0
2020,Niassa,Maúa,Janeiro,15.0
2020,Niassa,Marrupa,Dezembro,6.0
2020,Niassa,Marrupa,Novembro,6.0
2020,Niassa,Marrupa,Outubro,6.0
2020,Niassa,Marrupa,Setembro,7.0
2020,Niassa,Marrupa,Agosto,7.0
2020,Niassa,Marrupa,Julho,23.0
2020,Niassa,Marrupa,Junho,24.0
2020,Niassa,Marrupa,Maio,24.0
2020,Niassa,Marrupa,Abril,24.0
2020,Niassa,Marrupa,Março,25.0
2020,Niassa,Marrupa,Fevereiro,25.0
2020,Niassa,Marrupa,Janeiro,24.0
2020,Niassa,Mandimba,Dezembro,11.0
2020,Niassa,Mandimba,Novembro,11.0
2020,Niassa,Mandimba,Outubro,12.0
2020,Niassa,Mandimba,Setembro,12.0
2020,Niassa,Mandimba,Agosto,12.0
2020,Niassa,Mandimba,Julho,10.0
2020,Niassa,Mandimba,Junho,10.0
2020,Niassa,Mandimba,Maio,10.0
2020,Niassa,Mandimba,Abril,12.0
2020,Niassa,Cuamba,Novembro,82.0
2020,Niassa,Cuamba,Outubro,79.0
2020,Niassa,Mandimba,Janeiro,12.0
2020,Niassa,Cuamba,Setembro,82.0
2020,Cabo Delgado,Quissanga,Fevereiro,6.0
2020,Niassa,Maúa,Julho,12.0
2020,Cabo Delgado,Quissanga,Abril,6.0
2020,Cabo Delgado,Pemba-Metuge,Dezembro,28.0
2020,Cabo Delgado,Pemba-Metuge,Novembro,31.0
2020,Cabo Delgado,Pemba-Metuge,Outubro,31.0
2020,Cabo Delgado,Pemba-Metuge,Setembro,30.0
2020,Cabo Delgado,Pemba-Metuge,Agosto,31.0
2020,Cabo Delgado,Pemba-Metuge,Julho,32.0
2020,Cabo Delgado,Pemba-Metuge,Junho,31.0
2020,Cabo Delgado,Pemba-Metuge,Maio,31.0
2020,Cabo Delgado,Pemba-Metuge,Abril,31.0
2020,Cabo Delgado,Pemba-Metuge,Março,32.0
2020,Cabo Delgado,Pemba-Metuge,Fevereiro,32.0
2020,Cabo Delgado,Pemba-Metuge,Janeiro,35.0
2020,Cabo Delgado,Palma,Dezembro,48.0
2020,Cabo Delgado,Palma,Novembro,50.0
2020,Cabo Delgado,Palma,Outubro,52.0
2020,Cabo Delgado,Palma,Setembro,57.0
2020,Cabo Delgado,Palma,Agosto,56.0
2020,Cabo Delgado,Palma,Julho,54.0
2020,Cabo Delgado,Palma,Junho,54.0
2020,Cabo Delgado,Palma,Maio,55.0
2020,Cabo Delgado,Palma,Abril,59.0
2020,Cabo Delgado,Palma,Março,60.0
2020,Cabo Delgado,Palma,Fevereiro,60.0
2020,Cabo Delgado,Quissanga,Março,6.0
2020,Cabo Delgado,Quissanga,Janeiro,7.0
2020,Niassa,Maúa,Abril,12.0
2020,Cabo Delgado,Quissanga,Junho,5.0
2020,Niassa,Maúa,Junho,12.0
2020,Niassa,Cuamba,Julho,115.0
2020,Niassa,Cuamba,Maio,115.0
2020,Niassa,Cuamba,Abril,125.0
2020,Niassa,Cuamba,Março,124.0
2020,Niassa,Cuamba,Fevereiro,129.0
2020,Niassa,Cuamba,Janeiro,138.0
2020,Niassa,Cidade de Lichinga,Dezembro,209.0
2020,Niassa,Cidade de Lichinga,Novembro,208.0
2020,Niassa,Cidade de Lichinga,Outubro,213.0
2020,Niassa,Cidade de Lichinga,Setembro,216.0
2020,Niassa,Cidade de Lichinga,Agosto,241.0
2020,Niassa,Cidade de Lichinga,Julho,377.0
2020,Niassa,Cidade de Lichinga,Junho,401.0
2020,Niassa,Cidade de Lichinga,Maio,391.0
2020,Niassa,Cidade de Lichinga,Abril,382.0
2020,Niassa,Cidade de Lichinga,Março,378.0
2020,Niassa,Cidade de Lichinga,Fevereiro,384.0
2020,Niassa,Cidade de Lichinga,Janeiro,388.0
2020,Cabo Delgado,Quissanga,Dezembro,5.0
2020,Cabo Delgado,Quissanga,Novembro,5.0
2020,Cabo Delgado,Quissanga,Outubro,5.0
2020,Cabo Delgado,Quissanga,Setembro,5.0
2020,Cabo Delgado,Quissanga,Agosto,5.0
2020,Cabo Delgado,Quissanga,Julho,5.0
2020,Cabo Delgado,Quissanga,Maio,5.0
2020,Niassa,Cuamba,Junho,117.0
2020,Niassa,Maúa,Agosto,23.0
2020,Niassa,Manjune,Setembro,213.0
2020,Niassa,Nipepe,Junho,12.0
2020,Niassa,N´gauma,Julho,2.0
2020,Niassa,Muembe,Maio,4.0
2020,Niassa,Nipepe,Maio,9.0
2020,Niassa,Nipepe,Abril,8.0
2020,Niassa,Nipepe,Março,8.0
2020,Niassa,Nipepe,Fevereiro,9.0
2020,Niassa,Nipepe,Janeiro,9.0
2020,Niassa,N´gauma,Dezembro,6.0
2020,Niassa,N´gauma,Novembro,6.0
2020,Niassa,N´gauma,Outubro,6.0
2020,Niassa,N´gauma,Setembro,6.0
2020,Niassa,N´gauma,Agosto,6.0
2020,Niassa,N´gauma,Junho,2.0
2020,Niassa,Muembe,Junho,4.0
2020,Niassa,N´gauma,Maio,2.0
2020,Niassa,N´gauma,Março,2.0
2020,Niassa,N´gauma,Fevereiro,2.0
2020,Niassa,N´gauma,Janeiro,2.0
2020,Niassa,Muembe,Dezembro,3.0
2020,Niassa,Muembe,Novembro,3.0
2020,Niassa,Muembe,Outubro,3.0
2020,Niassa,Muembe,Setembro,3.0
2020,Niassa,Muembe,Agosto,3.0
2020,Niassa,Muembe,Julho,4.0
2020,Niassa,Nipepe,Agosto,12.0
2020,Niassa,Nipepe,Setembro,12.0
2020,Cabo Delgado,Palma,Janeiro,63.0
2020,Niassa,N´gauma,Abril,2.0
2020,Niassa,Nipepe,Novembro,9.0
2020,Niassa,Chimbunhila,Maio,0.0
2020,Niassa,Chimbunhila,Janeiro,0.0
2020,Niassa,Chimbunhila,Fevereiro,0.0
2020,Niassa,Chimbunhila,Março,0.0
2020,Niassa,Chimbunhila,Abril,0.0
2020,Niassa,Chimbunhila,Outubro,0.0
2020,Niassa,Chimbunhila,Junho,0.0
2020,Niassa,Chimbunhila,Julho,0.0
2020,Niassa,Chimbunhila,Agosto,0.0
2020,Niassa,Chimbunhila,Setembro,0.0
2020,Niassa,Sanga,Dezembro,1.0
2020,Niassa,Chimbunhila,Novembro,0.0
2020,Niassa,Nipepe,Outubro,11.0
2020,Niassa,Sanga,Julho,4.0
2020,Niassa,Sanga,Novembro,3.0
2020,Niassa,Sanga,Outubro,4.0
2020,Niassa,Sanga,Setembro,4.0
2020,Niassa,Sanga,Agosto,4.0
2020,Niassa,Sanga,Junho,4.0
2020,Niassa,Sanga,Maio,3.0
2020,Niassa,Sanga,Abril,3.0
2020,Niassa,Sanga,Março,3.0
2020,Niassa,Sanga,Fevereiro,3.0
2020,Niassa,Sanga,Janeiro,3.0
2020,Niassa,Nipepe,Dezembro,10.0
2020,Niassa,Chimbunhila,Dezembro,0.0
2020,Niassa,Maúa,Maio,12.0
2020,Niassa,Mecanhelas,Dezembro,16.0
2020,Niassa,Mecula,Janeiro,8.0
2020,Niassa,Mecanhelas,Agosto,12.0
2020,Niassa,Mecanhelas,Julho,36.0
2020,Niassa,Mecanhelas,Junho,36.0
2020,Niassa,Mecanhelas,Maio,34.0
2020,Niassa,Mecanhelas,Abril,30.0
2020,Niassa,Mecanhelas,Março,30.0
2020,Niassa,Mecanhelas,Fevereiro,31.0
2020,Niassa,Mecanhelas,Janeiro,33.0
2020,Niassa,Mavago,Dezembro,10.0
2020,Niassa,Mavago,Novembro,10.0
2020,Niassa,Mavago,Outubro,10.0
2020,Niassa,Mavago,Setembro,10.0
2020,Niassa,Mavago,Agosto,10.0
2020,Niassa,Mavago,Julho,8.0
2020,Niassa,Mavago,Junho,8.0
2020,Niassa,Mavago,Maio,8.0
2020,Niassa,Mavago,Abril,6.0
2020,Niassa,Mavago,Março,7.0
2020,Niassa,Mavago,Fevereiro,8.0
2020,Niassa,Mavago,Janeiro,8.0
2020,Niassa,Maúa,Dezembro,22.0
2020,Niassa,Maúa,Novembro,21.0
2020,Niassa,Maúa,Outubro,22.0
2020,Niassa,Maúa,Setembro,23.0
2020,Niassa,Mecanhelas,Outubro,14.0
2020,Niassa,Muembe,Abril,4.0
2020,Niassa,Muembe,Março,4.0
2020,Niassa,Mecanhelas,Setembro,14.0
2020,Niassa,Muembe,Fevereiro,4.0
2020,Niassa,Muembe,Janeiro,4.0
2020,Niassa,Metarica,Dezembro,8.0
2020,Niassa,Metarica,Novembro,8.0
2020,Niassa,Metarica,Outubro,9.0
2020,Niassa,Metarica,Setembro,9.0
2020,Niassa,Metarica,Agosto,8.0
2020,Niassa,Metarica,Julho,4.0
2020,Niassa,Metarica,Junho,4.0
2020,Niassa,Metarica,Maio,4.0
2020,Niassa,Metarica,Abril,4.0
2020,Niassa,Metarica,Março,4.0
2020,Niassa,Metarica,Fevereiro,5.0
2020,Niassa,Metarica,Janeiro,5.0
2020,Niassa,Mecula,Dezembro,37.0
2020,Niassa,Mecula,Novembro,37.0
2020,Niassa,Mecula,Outubro,37.0
2020,Niassa,Mecula,Setembro,35.0
2020,Niassa,Mecula,Agosto,34.0
2020,Niassa,Mecula,Julho,9.0
2020,Niassa,Mecula,Junho,8.0
2020,Niassa,Mecula,Maio,8.0
2020,Niassa,Mecula,Abril,6.0
2020,Niassa,Mecula,Março,6.0
2020,Niassa,Mecula,Fevereiro,7.0
2020,Niassa,Nipepe,Julho,12.0
2020,Niassa,Mecanhelas,Novembro,14.0
2020,Cabo Delgado,Nangade,Dezembro,12.0
2020,Nampula,Ribaué,Janeiro,59.0
2020,Cabo Delgado,Nangade,Outubro,12.0
2020,Nampula,Larde,Julho,0.0
2020,Cabo Delgado,Ancuabe,Julho,32.0
2020,Cabo Delgado,Ancuabe,Junho,33.0
2020,Cabo Delgado,Ancuabe,Maio,31.0
2020,Cabo Delgado,Ancuabe,Abril,35.0
2020,Cabo Delgado,Ancuabe,Março,34.0
2020,Cabo Delgado,Ancuabe,Fevereiro,23.0
2020,Cabo Delgado,Ancuabe,Janeiro,32.0
2020,Cabo Delgado,Cidade de Pemba,Dezembro,413.0
2020,Cabo Delgado,Cidade de Pemba,Novembro,412.0
2020,Cabo Delgado,Cidade de Pemba,Outubro,421.0
2020,Cabo Delgado,Cidade de Pemba,Setembro,414.0
2020,Cabo Delgado,Cidade de Pemba,Agosto,392.0
2020,Cabo Delgado,Cidade de Pemba,Julho,762.0
2020,Cabo Delgado,Cidade de Pemba,Junho,760.0
2020,Cabo Delgado,Cidade de Pemba,Maio,762.0
2020,Cabo Delgado,Cidade de Pemba,Abril,776.0
2020,Cabo Delgado,Cidade de Pemba,Março,781.0
2020,Cabo Delgado,Cidade de Pemba,Fevereiro,760.0
2020,Cabo Delgado,Cidade de Pemba,Janeiro,779.0
2020,Nampula,Larde,Dezembro,0.0
2020,Nampula,Larde,Novembro,0.0
2020,Nampula,Larde,Outubro,0.0
2020,Nampula,Larde,Setembro,0.0
2020,Nampula,Larde,Agosto,0.0
2020,Nampula,Nacaroa,Agosto,10.0
2020,Cabo Delgado,Ancuabe,Setembro,43.0
2020,Cabo Delgado,Ancuabe,Outubro,42.0
2020,Cabo Delgado,Ancuabe,Novembro,40.0
2020,Cabo Delgado,Ancuabe,Dezembro,40.0
2020,Cabo Delgado,Chiúre,Dezembro,397.0
2020,Cabo Delgado,Chiúre,Novembro,390.0
2020,Cabo Delgado,Chiúre,Outubro,389.0
2020,Cabo Delgado,Chiúre,Setembro,388.0
2020,Cabo Delgado,Chiúre,Agosto,387.0
2020,Cabo Delgado,Chiúre,Julho,39.0
2020,Cabo Delgado,Chiúre,Junho,39.0
2020,Cabo Delgado,Chiúre,Maio,39.0
2020,Cabo Delgado,Chiúre,Abril,38.0
2020,Cabo Delgado,Chiúre,Março,38.0
2020,Cabo Delgado,Chiúre,Fevereiro,40.0
2020,Cabo Delgado,Chiúre,Janeiro,39.0
2020,Cabo Delgado,Balama,Dezembro,43.0
2020,Cabo Delgado,Balama,Novembro,44.0
2020,Cabo Delgado,Balama,Outubro,42.0
2020,Cabo Delgado,Balama,Setembro,46.0
2020,Cabo Delgado,Balama,Agosto,46.0
2020,Cabo Delgado,Balama,Julho,31.0
2020,Cabo Delgado,Balama,Junho,30.0
2020,Cabo Delgado,Balama,Maio,28.0
2020,Cabo Delgado,Balama,Abril,28.0
2020,Cabo Delgado,Balama,Março,30.0
2020,Cabo Delgado,Balama,Fevereiro,28.0
2020,Cabo Delgado,Balama,Janeiro,28.0
2020,Cabo Delgado,Ibo,Janeiro,10.0
2020,Cabo Delgado,Ibo,Março,10.0
2020,Cabo Delgado,Ibo,Fevereiro,10.0
2020,Nampula,Larde,Abril,0.0
2020,Nampula,Namapa-Erati,Outubro,28.0
2020,Nampula,Rapale-Nampula,Setembro,18.0
2020,Nampula,Rapale-Nampula,Agosto,18.0
2020,Nampula,Rapale-Nampula,Julho,19.0
2020,Nampula,Rapale-Nampula,Junho,18.0
2020,Nampula,Rapale-Nampula,Maio,20.0
2020,Nampula,Rapale-Nampula,Abril,20.0
2020,Nampula,Rapale-Nampula,Março,20.0
2020,Nampula,Rapale-Nampula,Fevereiro,15.0
2020,Nampula,Rapale-Nampula,Janeiro,16.0
2020,Nampula,Namapa-Erati,Dezembro,29.0
2020,Nampula,Namapa-Erati,Novembro,29.0
2020,Nampula,Namapa-Erati,Setembro,29.0
2020,Nampula,Rapale-Nampula,Novembro,16.0
2020,Nampula,Namapa-Erati,Agosto,29.0
2020,Nampula,Namapa-Erati,Julho,30.0
2020,Nampula,Namapa-Erati,Junho,30.0
2020,Nampula,Namapa-Erati,Maio,33.0
2020,Nampula,Namapa-Erati,Abril,35.0
2020,Nampula,Namapa-Erati,Março,36.0
2020,Nampula,Namapa-Erati,Fevereiro,37.0
2020,Nampula,Namapa-Erati,Janeiro,36.0
2020,Nampula,Nacaroa,Dezembro,11.0
2020,Nampula,Nacaroa,Novembro,11.0
2020,Nampula,Nacaroa,Outubro,10.0
2020,Nampula,Larde,Maio,0.0
2020,Nampula,Larde,Junho,0.0
2020,Nampula,Rapale-Nampula,Dezembro,16.0
2020,Nampula,Ribaué,Março,61.0
2020,Nampula,Rapale-Nampula,Outubro,16.0
2020,Nampula,Larde,Março,0.0
2020,Nampula,Larde,Fevereiro,0.0
2020,Nampula,Larde,Janeiro,0.0
2020,Nampula,Liupo,Dezembro,0.0
2020,Nampula,Liupo,Novembro,0.0
2020,Nampula,Liupo,Outubro,0.0
2020,Nampula,Liupo,Setembro,0.0
2020,Nampula,Liupo,Agosto,0.0
2020,Nampula,Liupo,Julho,0.0
2020,Nampula,Liupo,Junho,0.0
2020,Nampula,Liupo,Maio,0.0
2020,Nampula,Liupo,Abril,0.0
2020,Nampula,Liupo,Março,0.0
2020,Nampula,Liupo,Fevereiro,0.0
2020,Nampula,Liupo,Janeiro,0.0
2020,Nampula,Ribaué,Dezembro,66.0
2020,Nampula,Ribaué,Novembro,66.0
2020,Nampula,Ribaué,Outubro,66.0
2020,Nampula,Ribaué,Setembro,66.0
2020,Nampula,Ribaué,Agosto,67.0
2020,Nampula,Ribaué,Julho,67.0
2020,Nampula,Ribaué,Junho,66.0
2020,Nampula,Ribaué,Maio,63.0
2020,Nampula,Ribaué,Abril,62.0
2020,Nampula,Ribaué,Fevereiro,63.0
2020,Zambézia,Alto Molócuè,Janeiro,68.0
2020,Cabo Delgado,Ibo,Maio,8.0
2020,Cabo Delgado,Mecufi,Julho,9.0
2020,Cabo Delgado,Montepuez,Março,124.0
2020,Cabo Delgado,Muidumbe,Março,3.0
2020,Cabo Delgado,Muidumbe,Fevereiro,5.0
2020,Cabo Delgado,Muidumbe,Janeiro,7.0
2020,Cabo Delgado,Mueda,Dezembro,13.0
2020,Cabo Delgado,Mueda,Novembro,13.0
2020,Cabo Delgado,Mueda,Outubro,14.0
2020,Cabo Delgado,Mueda,Setembro,15.0
2020,Cabo Delgado,Mueda,Agosto,15.0
2020,Cabo Delgado,Mueda,Julho,15.0
2020,Cabo Delgado,Mueda,Junho,15.0
2020,Cabo Delgado,Mueda,Maio,15.0
2020,Cabo Delgado,Mueda,Abril,15.0
2020,Cabo Delgado,Mueda,Março,18.0
2020,Cabo Delgado,Mueda,Fevereiro,19.0
2020,Cabo Delgado,Mueda,Janeiro,23.0
2020,Cabo Delgado,Montepuez,Dezembro,120.0
2020,Cabo Delgado,Montepuez,Novembro,118.0
2020,Cabo Delgado,Montepuez,Outubro,115.0
2020,Cabo Delgado,Montepuez,Setembro,118.0
2020,Cabo Delgado,Montepuez,Agosto,118.0
2020,Cabo Delgado,Montepuez,Julho,113.0
2020,Cabo Delgado,Montepuez,Junho,114.0
2020,Cabo Delgado,Montepuez,Maio,117.0
2020,Cabo Delgado,Montepuez,Abril,119.0
2020,Cabo Delgado,Montepuez,Fevereiro,123.0
2020,Cabo Delgado,Muidumbe,Maio,3.0
2020,Cabo Delgado,Muidumbe,Junho,3.0
2020,Cabo Delgado,Muidumbe,Julho,5.0
2020,Cabo Delgado,Muidumbe,Agosto,3.0
2020,Cabo Delgado,Nangade,Agosto,13.0
2020,Cabo Delgado,Nangade,Julho,13.0
2020,Cabo Delgado,Nangade,Junho,13.0
2020,Cabo Delgado,Nangade,Maio,13.0
2020,Cabo Delgado,Nangade,Abril,13.0
2020,Cabo Delgado,Nangade,Março,13.0
2020,Cabo Delgado,Nangade,Fevereiro,12.0
2020,Cabo Delgado,Nangade,Janeiro,14.0
2020,Cabo Delgado,Namuno,Dezembro,17.0
2020,Cabo Delgado,Namuno,Novembro,17.0
2020,Cabo Delgado,Namuno,Outubro,17.0
2020,Cabo Delgado,Namuno,Setembro,17.0
2020,Cabo Delgado,Namuno,Agosto,17.0
2020,Cabo Delgado,Namuno,Julho,19.0
2020,Cabo Delgado,Namuno,Junho,17.0
2020,Cabo Delgado,Namuno,Maio,17.0
2020,Cabo Delgado,Namuno,Abril,17.0
2020,Cabo Delgado,Namuno,Março,16.0
2020,Cabo Delgado,Namuno,Fevereiro,16.0
2020,Cabo Delgado,Namuno,Janeiro,17.0
2020,Cabo Delgado,Muidumbe,Dezembro,3.0
2020,Cabo Delgado,Muidumbe,Novembro,3.0
2020,Cabo Delgado,Muidumbe,Outubro,3.0
2020,Cabo Delgado,Muidumbe,Setembro,3.0
2020,Cabo Delgado,Nangade,Setembro,13.0
2020,Cabo Delgado,Muidumbe,Abril,3.0
2020,Cabo Delgado,Ibo,Abril,8.0
2020,Cabo Delgado,Ancuabe,Agosto,43.0
2020,Cabo Delgado,Montepuez,Janeiro,133.0
2020,Cabo Delgado,Mecufi,Maio,10.0
2020,Cabo Delgado,Mecufi,Abril,10.0
2020,Cabo Delgado,Mecufi,Março,10.0
2020,Cabo Delgado,Mecufi,Fevereiro,10.0
2020,Cabo Delgado,Mecufi,Janeiro,10.0
2020,Cabo Delgado,Macomia,Dezembro,17.0
2020,Cabo Delgado,Macomia,Novembro,16.0
2020,Cabo Delgado,Macomia,Outubro,16.0
2020,Cabo Delgado,Macomia,Setembro,17.0
2020,Cabo Delgado,Macomia,Agosto,17.0
2020,Cabo Delgado,Macomia,Julho,17.0
2020,Cabo Delgado,Macomia,Junho,18.0
2020,Cabo Delgado,Macomia,Maio,20.0
2020,Cabo Delgado,Macomia,Abril,21.0
2020,Cabo Delgado,Macomia,Março,24.0
2020,Cabo Delgado,Macomia,Fevereiro,24.0
2020,Cabo Delgado,Macomia,Janeiro,25.0
2020,Cabo Delgado,Ibo,Dezembro,10.0
2020,Cabo Delgado,Ibo,Novembro,10.0
2020,Cabo Delgado,Ibo,Outubro,8.0
2020,Cabo Delgado,Ibo,Setembro,8.0
2020,Cabo Delgado,Ibo,Agosto,8.0
2020,Cabo Delgado,Ibo,Julho,8.0
2020,Cabo Delgado,Ibo,Junho,8.0
2020,Cabo Delgado,Mecufi,Junho,9.0
2020,Cabo Delgado,Mocimboa da Praia,Dezembro,63.0
2020,Cabo Delgado,Mecufi,Agosto,9.0
2020,Niassa,Manjune,Novembro,217.0
2020,Cabo Delgado,Mecufi,Outubro,7.0
2020,Cabo Delgado,Mocimboa da Praia,Outubro,64.0
2020,Cabo Delgado,Mocimboa da Praia,Setembro,65.0
2020,Cabo Delgado,Mocimboa da Praia,Agosto,70.0
2020,Cabo Delgado,Mocimboa da Praia,Julho,74.0
2020,Cabo Delgado,Mocimboa da Praia,Junho,72.0
2020,Cabo Delgado,Mocimboa da Praia,Maio,74.0
2020,Cabo Delgado,Mocimboa da Praia,Abril,73.0
2020,Cabo Delgado,Mocimboa da Praia,Março,74.0
2020,Cabo Delgado,Mocimboa da Praia,Fevereiro,77.0
2020,Cabo Delgado,Mocimboa da Praia,Janeiro,84.0
2020,Cabo Delgado,Meluco,Dezembro,3.0
2020,Cabo Delgado,Meluco,Novembro,3.0
2020,Cabo Delgado,Meluco,Outubro,5.0
2020,Cabo Delgado,Meluco,Setembro,5.0
2020,Cabo Delgado,Meluco,Agosto,5.0
2020,Cabo Delgado,Meluco,Julho,5.0
2020,Cabo Delgado,Meluco,Junho,5.0
2020,Cabo Delgado,Meluco,Maio,5.0
2020,Cabo Delgado,Meluco,Abril,3.0
2020,Cabo Delgado,Meluco,Março,3.0
2020,Cabo Delgado,Meluco,Fevereiro,3.0
2020,Cabo Delgado,Meluco,Janeiro,6.0
2020,Cabo Delgado,Mecufi,Dezembro,7.0
2020,Cabo Delgado,Mecufi,Novembro,7.0
2020,Cabo Delgado,Mocimboa da Praia,Novembro,63.0
2020,Sofala,Buzi,Maio,44.0
2020,Nampula,Murrupula,Abril,23.0
2020,Sofala,Buzi,Junho,44.0
2020,Inhambane,Govuro,Maio,26.0
2020,Inhambane,Govuro,Janeiro,24.0
2020,Inhambane,Funhaloro,Dezembro,40.0
2020,Inhambane,Funhaloro,Novembro,40.0
2020,Inhambane,Funhaloro,Outubro,40.0
2020,Inhambane,Funhaloro,Setembro,40.0
2020,Inhambane,Funhaloro,Agosto,40.0
2020,Inhambane,Funhaloro,Julho,38.0
2020,Inhambane,Funhaloro,Junho,37.0
2020,Inhambane,Funhaloro,Maio,37.0
2020,Inhambane,Funhaloro,Abril,35.0
2020,Inhambane,Inharrime,Setembro,55.0
2020,Inhambane,Govuro,Março,25.0
2020,Inhambane,Funhaloro,Janeiro,35.0
2020,Inhambane,Cidade de Maxixe,Dezembro,354.0
2020,Inhambane,Cidade de Maxixe,Novembro,354.0
2020,Inhambane,Cidade de Maxixe,Outubro,347.0
2020,Inhambane,Cidade de Maxixe,Setembro,344.0
2020,Inhambane,Cidade de Maxixe,Agosto,342.0
2020,Inhambane,Cidade de Maxixe,Julho,339.0
2020,Inhambane,Cidade de Maxixe,Junho,340.0
2020,Inhambane,Cidade de Maxixe,Maio,335.0
2020,Inhambane,Cidade de Maxixe,Abril,340.0
2020,Inhambane,Cidade de Maxixe,Março,344.0
2020,Inhambane,Funhaloro,Março,35.0
2020,Inhambane,Govuro,Junho,28.0
2020,Inhambane,Inharrime,Junho,56.0
2020,Inhambane,Cidade de Maxixe,Janeiro,331.0
2020,Inhambane,Inharrime,Julho,54.0
2020,Inhambane,Inharrime,Maio,56.0
2020,Inhambane,Inharrime,Abril,56.0
2020,Inhambane,Inharrime,Março,56.0
2020,Inhambane,Inharrime,Fevereiro,58.0
2020,Inhambane,Inharrime,Janeiro,59.0
2020,Inhambane,Homoine,Dezembro,24.0
2020,Inhambane,Homoine,Novembro,24.0
2020,Inhambane,Homoine,Outubro,24.0
2020,Inhambane,Homoine,Setembro,25.0
2020,Inhambane,Homoine,Agosto,25.0
2020,Inhambane,Homoine,Julho,27.0
2020,Inhambane,Homoine,Junho,26.0
2020,Inhambane,Homoine,Maio,26.0
2020,Inhambane,Homoine,Abril,25.0
2020,Inhambane,Homoine,Março,26.0
2020,Inhambane,Homoine,Fevereiro,28.0
2020,Inhambane,Homoine,Janeiro,29.0
2020,Inhambane,Govuro,Dezembro,24.0
2020,Inhambane,Govuro,Novembro,26.0
2020,Inhambane,Govuro,Outubro,26.0
2020,Inhambane,Govuro,Setembro,28.0
2020,Inhambane,Govuro,Agosto,28.0
2020,Inhambane,Govuro,Julho,29.0
2020,Inhambane,Cidade de Maxixe,Fevereiro,330.0
2020,Inhambane,Funhaloro,Fevereiro,31.0
2020,Inhambane,Govuro,Abril,25.0
2020,Inhambane,Cidade de Inhambane,Dezembro,465.0
2020,Inhambane,Cidade de Inhambane,Novembro,442.0
2020,Gaza,Mapai,Julho,0.0
2020,Gaza,Chonguene,Abril,0.0
2020,Gaza,Mapai,Março,0.0
2020,Gaza,Mapai,Fevereiro,0.0
2020,Gaza,Mapai,Janeiro,0.0
2020,Gaza,Chonguene,Dezembro,0.0
2020,Gaza,Chonguene,Novembro,0.0
2020,Gaza,Chonguene,Outubro,0.0
2020,Gaza,Chonguene,Setembro,0.0
2020,Gaza,Chonguene,Agosto,0.0
2020,Gaza,Chonguene,Julho,0.0
2020,Gaza,Chonguene,Junho,0.0
2020,Gaza,Chonguene,Maio,0.0
2020,Gaza,Chonguene,Março,0.0
2020,Inhambane,Inharrime,Agosto,55.0
2020,Gaza,Chonguene,Fevereiro,0.0
2020,Gaza,Chonguene,Janeiro,0.0
2020,Gaza,Massingir,Dezembro,36.0
2020,Gaza,Massingir,Novembro,38.0
2020,Gaza,Massingir,Outubro,39.0
2020,Gaza,Massingir,Setembro,39.0
2020,Gaza,Massingir,Agosto,39.0
2020,Gaza,Massingir,Julho,31.0
2020,Gaza,Massingir,Junho,31.0
2020,Gaza,Massingir,Maio,32.0
2020,Gaza,Mapai,Setembro,0.0
2020,Inhambane,Inharrime,Outubro,54.0
2020,Inhambane,Cidade de Inhambane,Outubro,438.0
2020,Gaza,Mapai,Outubro,0.0
2020,Gaza,Mapai,Maio,0.0
2020,Gaza,Mapai,Abril,0.0
2020,Inhambane,Cidade de Inhambane,Setembro,436.0
2020,Inhambane,Cidade de Inhambane,Agosto,439.0
2020,Inhambane,Cidade de Inhambane,Julho,443.0
2020,Inhambane,Cidade de Inhambane,Junho,443.0
2020,Inhambane,Cidade de Inhambane,Maio,468.0
2020,Inhambane,Cidade de Inhambane,Abril,481.0
2020,Inhambane,Cidade de Inhambane,Março,490.0
2020,Inhambane,Cidade de Inhambane,Fevereiro,490.0
2020,Inhambane,Cidade de Inhambane,Janeiro,494.0
2020,Gaza,Limpopo,Dezembro,0.0
2020,Gaza,Limpopo,Novembro,0.0
2020,Gaza,Limpopo,Outubro,0.0
2020,Gaza,Limpopo,Setembro,0.0
2020,Gaza,Limpopo,Agosto,0.0
2020,Gaza,Limpopo,Julho,0.0
2020,Gaza,Limpopo,Junho,0.0
2020,Gaza,Limpopo,Maio,0.0
2020,Gaza,Limpopo,Abril,0.0
2020,Gaza,Limpopo,Março,0.0
2020,Gaza,Limpopo,Fevereiro,0.0
2020,Gaza,Limpopo,Janeiro,0.0
2020,Gaza,Mapai,Dezembro,0.0
2020,Gaza,Mapai,Novembro,0.0
2020,Gaza,Mapai,Agosto,0.0
2020,Inhambane,Inharrime,Novembro,54.0
2020,Inhambane,Vilankulo,Outubro,278.0
2020,Inhambane,Mabote,Janeiro,36.0
2020,Inhambane,Morrumbene,Setembro,64.0
2020,Inhambane,Vilankulo,Setembro,277.0
2020,Inhambane,Vilankulo,Agosto,280.0
2020,Inhambane,Vilankulo,Julho,281.0
2020,Inhambane,Vilankulo,Junho,276.0
2020,Inhambane,Vilankulo,Maio,277.0
2020,Inhambane,Vilankulo,Abril,278.0
2020,Inhambane,Vilankulo,Março,279.0
2020,Inhambane,Vilankulo,Fevereiro,268.0
2020,Inhambane,Vilankulo,Janeiro,270.0
2020,Inhambane,Panda,Dezembro,15.0
2020,Inhambane,Panda,Novembro,16.0
2020,Inhambane,Panda,Outubro,16.0
2020,Inhambane,Panda,Setembro,16.0
2020,Inhambane,Panda,Agosto,16.0
2020,Inhambane,Panda,Julho,16.0
2020,Inhambane,Panda,Junho,15.0
2020,Inhambane,Panda,Maio,14.0
2020,Inhambane,Panda,Abril,15.0
2020,Inhambane,Panda,Março,14.0
2020,Inhambane,Panda,Fevereiro,14.0
2020,Inhambane,Panda,Janeiro,15.0
2020,Inhambane,Morrumbene,Dezembro,62.0
2020,Inhambane,Morrumbene,Novembro,63.0
2020,Inhambane,Morrumbene,Outubro,64.0
2020,Inhambane,Morrumbene,Agosto,64.0
2020,Inhambane,Vilankulo,Novembro,278.0
2020,Inhambane,Vilankulo,Dezembro,280.0
2020,Inhambane,Zavala (Quissico),Janeiro,42.0
2020,Inhambane,Zavala (Quissico),Fevereiro,42.0
2020,Sofala,Buzi,Fevereiro,34.0
2020,Sofala,Buzi,Janeiro,45.0
2020,Sofala,Cidade da Beira,Dezembro,2514.0
2020,Sofala,Cidade da Beira,Novembro,2489.0
2020,Sofala,Cidade da Beira,Outubro,2490.0
2020,Sofala,Cidade da Beira,Setembro,2509.0
2020,Sofala,Cidade da Beira,Agosto,2481.0
2020,Sofala,Cidade da Beira,Julho,2485.0
2020,Sofala,Cidade da Beira,Junho,2490.0
2020,Sofala,Cidade da Beira,Maio,2494.0
2020,Sofala,Cidade da Beira,Abril,2499.0
2020,Sofala,Cidade da Beira,Março,2521.0
2020,Sofala,Cidade da Beira,Fevereiro,2534.0
2020,Sofala,Cidade da Beira,Janeiro,2547.0
2020,Inhambane,Zavala (Quissico),Dezembro,48.0
2020,Inhambane,Zavala (Quissico),Novembro,46.0
2020,Inhambane,Zavala (Quissico),Outubro,47.0
2020,Inhambane,Zavala (Quissico),Setembro,46.0
2020,Inhambane,Zavala (Quissico),Agosto,45.0
2020,Inhambane,Zavala (Quissico),Julho,44.0
2020,Inhambane,Zavala (Quissico),Junho,44.0
2020,Inhambane,Zavala (Quissico),Maio,41.0
2020,Inhambane,Zavala (Quissico),Abril,43.0
2020,Inhambane,Zavala (Quissico),Março,44.0
2020,Sofala,Buzi,Março,46.0
2020,Gaza,Massingir,Março,30.0
2020,Gaza,Massingir,Abril,30.0
2020,Gaza,Massingir,Fevereiro,32.0
2020,Inhambane,Morrumbene,Julho,61.0
2020,Inhambane,Jangamo,Novembro,49.0
2020,Inhambane,Jangamo,Outubro,46.0
2020,Inhambane,Jangamo,Setembro,45.0
2020,Inhambane,Jangamo,Agosto,45.0
2020,Inhambane,Jangamo,Julho,48.0
2020,Inhambane,Jangamo,Junho,46.0
2020,Inhambane,Jangamo,Maio,44.0
2020,Inhambane,Jangamo,Abril,48.0
2020,Inhambane,Jangamo,Março,50.0
2020,Inhambane,Jangamo,Fevereiro,49.0
2020,Inhambane,Jangamo,Janeiro,53.0
2020,Inhambane,Inhassoro,Dezembro,82.0
2020,Inhambane,Inhassoro,Novembro,81.0
2020,Inhambane,Inhassoro,Outubro,89.0
2020,Inhambane,Inhassoro,Setembro,89.0
2020,Inhambane,Inhassoro,Agosto,89.0
2020,Inhambane,Inhassoro,Julho,89.0
2020,Inhambane,Inhassoro,Junho,88.0
2020,Inhambane,Inhassoro,Maio,86.0
2020,Inhambane,Inhassoro,Abril,88.0
2020,Inhambane,Inhassoro,Março,89.0
2020,Inhambane,Inhassoro,Fevereiro,84.0
2020,Inhambane,Inhassoro,Janeiro,90.0
2020,Inhambane,Inharrime,Dezembro,54.0
2020,Inhambane,Jangamo,Dezembro,48.0
2020,Inhambane,Morrumbene,Junho,59.0
2020,Inhambane,Mabote,Fevereiro,37.0
2020,Inhambane,Mabote,Março,38.0
2020,Inhambane,Mabote,Abril,37.0
2020,Inhambane,Morrumbene,Abril,60.0
2020,Inhambane,Morrumbene,Março,60.0
2020,Inhambane,Morrumbene,Fevereiro,62.0
2020,Inhambane,Morrumbene,Janeiro,63.0
2020,Inhambane,Massinga,Dezembro,131.0
2020,Inhambane,Massinga,Novembro,133.0
2020,Inhambane,Massinga,Outubro,133.0
2020,Inhambane,Massinga,Setembro,134.0
2020,Inhambane,Massinga,Agosto,138.0
2020,Inhambane,Massinga,Julho,141.0
2020,Inhambane,Massinga,Junho,136.0
2020,Inhambane,Massinga,Maio,136.0
2020,Inhambane,Massinga,Abril,140.0
2020,Inhambane,Massinga,Março,138.0
2020,Inhambane,Massinga,Fevereiro,137.0
2020,Inhambane,Massinga,Janeiro,137.0
2020,Inhambane,Mabote,Dezembro,38.0
2020,Inhambane,Mabote,Novembro,38.0
2020,Inhambane,Mabote,Outubro,37.0
2020,Inhambane,Mabote,Setembro,37.0
2020,Inhambane,Mabote,Agosto,37.0
2020,Inhambane,Mabote,Julho,37.0
2020,Inhambane,Mabote,Junho,37.0
2020,Inhambane,Mabote,Maio,37.0
2020,Inhambane,Morrumbene,Maio,59.0
2020,Gaza,Massingir,Janeiro,34.0
2020,Gaza,Chibuto,Dezembro,58.0
2020,Gaza,Mabalane,Setembro,45.0
2020,Província de Maputo,Matutuíne,Outubro,344.0
2020,Província de Maputo,Matutuíne,Setembro,340.0
2020,Província de Maputo,Matutuíne,Agosto,344.0
2020,Província de Maputo,Matutuíne,Julho,347.0
2020,Província de Maputo,Matutuíne,Junho,348.0
2020,Província de Maputo,Matutuíne,Maio,351.0
2020,Província de Maputo,Matutuíne,Abril,362.0
2020,Província de Maputo,Matutuíne,Março,357.0
2020,Província de Maputo,Matutuíne,Fevereiro,363.0
2020,Província de Maputo,Matutuíne,Janeiro,353.0
2020,Província de Maputo,Marracuene,Dezembro,549.0
2020,Província de Maputo,Marracuene,Novembro,542.0
2020,Província de Maputo,Marracuene,Outubro,519.0
2020,Província de Maputo,Marracuene,Setembro,504.0
2020,Província de Maputo,Marracuene,Agosto,492.0
2020,Província de Maputo,Marracuene,Julho,504.0
2020,Província de Maputo,Marracuene,Junho,506.0
2020,Província de Maputo,Marracuene,Maio,508.0
2020,Província de Maputo,Marracuene,Abril,514.0
2020,Província de Maputo,Marracuene,Março,503.0
2020,Província de Maputo,Marracuene,Fevereiro,492.0
2020,Província de Maputo,Marracuene,Janeiro,500.0
2020,Província de Maputo,Manhiça,Dezembro,175.0
2020,Província de Maputo,Manhiça,Novembro,170.0
2020,Província de Maputo,Matutuíne,Dezembro,357.0
2020,Província de Maputo,Manhiça,Outubro,172.0
2020,Gaza,Cidade de Xai-Xai,Maio,734.0
2020,Província de Maputo,Boane,Abril,771.0
2020,Gaza,Cidade de Xai-Xai,Abril,755.0
2020,Gaza,Cidade de Xai-Xai,Março,756.0
2020,Gaza,Cidade de Xai-Xai,Fevereiro,998.0
2020,Gaza,Cidade de Xai-Xai,Janeiro,755.0
2020,Província de Maputo,Moamba,Dezembro,123.0
2020,Província de Maputo,Moamba,Novembro,120.0
2020,Província de Maputo,Moamba,Outubro,123.0
2020,Província de Maputo,Moamba,Setembro,120.0
2020,Província de Maputo,Moamba,Agosto,81.0
2020,Província de Maputo,Moamba,Julho,125.0
2020,Província de Maputo,Moamba,Junho,121.0
2020,Província de Maputo,Moamba,Maio,121.0
2020,Província de Maputo,Moamba,Abril,122.0
2020,Província de Maputo,Moamba,Março,123.0
2020,Província de Maputo,Moamba,Fevereiro,113.0
2020,Província de Maputo,Moamba,Janeiro,113.0
2020,Província de Maputo,Namaacha,Dezembro,107.0
2020,Província de Maputo,Namaacha,Novembro,108.0
2020,Província de Maputo,Namaacha,Outubro,111.0
2020,Província de Maputo,Namaacha,Setembro,114.0
2020,Província de Maputo,Namaacha,Agosto,117.0
2020,Província de Maputo,Namaacha,Julho,120.0
2020,Província de Maputo,Namaacha,Junho,120.0
2020,Província de Maputo,Namaacha,Maio,117.0
2020,Província de Maputo,Namaacha,Abril,117.0
2020,Província de Maputo,Namaacha,Fevereiro,117.0
2020,Província de Maputo,Namaacha,Janeiro,124.0
2020,Província de Maputo,Namaacha,Março,120.0
2020,Província de Maputo,Manhiça,Setembro,176.0
2020,Província de Maputo,Boane,Janeiro,794.0
2020,Província de Maputo,Cidade da Matola,Dezembro,3570.0
2020,Província de Maputo,Cidade da Matola,Novembro,3497.0
2020,Província de Maputo,Cidade da Matola,Outubro,3484.0
2020,Província de Maputo,Cidade da Matola,Setembro,2126.0
2020,Província de Maputo,Cidade da Matola,Agosto,2178.0
2020,Província de Maputo,Cidade da Matola,Julho,3458.0
2020,Província de Maputo,Cidade da Matola,Junho,3460.0
2020,Província de Maputo,Cidade da Matola,Maio,3471.0
2020,Província de Maputo,Cidade da Matola,Abril,3476.0
2020,Província de Maputo,Cidade da Matola,Março,3471.0
2020,Província de Maputo,Cidade da Matola,Fevereiro,3468.0
2020,Província de Maputo,Cidade de Maputo,Dezembro,14818.0
2020,Província de Maputo,Boane,Fevereiro,779.0
2020,Província de Maputo,Cidade de Maputo,Novembro,14609.0
2020,Província de Maputo,Cidade de Maputo,Outubro,14551.0
2020,Província de Maputo,Cidade de Maputo,Setembro,14585.0
2020,Província de Maputo,Cidade de Maputo,Agosto,14628.0
2020,Província de Maputo,Cidade de Maputo,Julho,14707.0
2020,Província de Maputo,Cidade de Maputo,Junho,14702.0
2020,Província de Maputo,Cidade de Maputo,Maio,14693.0
2020,Província de Maputo,Cidade de Maputo,Abril,14739.0
2020,Província de Maputo,Cidade de Maputo,Março,14729.0
2020,Província de Maputo,Cidade de Maputo,Fevereiro,14538.0
2020,Zambézia,Cidade de Quelimane,Dezembro,334.0
2020,Zambézia,Cidade de Quelimane,Novembro,328.0
2020,Província de Maputo,Cidade da Matola,Janeiro,3536.0
2020,Província de Maputo,Manhiça,Julho,179.0
2020,Província de Maputo,Manhiça,Agosto,177.0
2020,Província de Maputo,Boane,Maio,775.0
2020,Província de Maputo,Manhiça,Junho,179.0
2020,Província de Maputo,Manhiça,Maio,179.0
2020,Província de Maputo,Manhiça,Abril,172.0
2020,Província de Maputo,Manhiça,Março,173.0
2020,Província de Maputo,Manhiça,Fevereiro,179.0
2020,Província de Maputo,Manhiça,Janeiro,173.0
2020,Província de Maputo,Magude,Dezembro,76.0
2020,Província de Maputo,Magude,Novembro,76.0
2020,Província de Maputo,Magude,Outubro,74.0
2020,Província de Maputo,Magude,Setembro,75.0
2020,Província de Maputo,Magude,Agosto,76.0
2020,Província de Maputo,Magude,Julho,74.0
2020,Província de Maputo,Magude,Junho,75.0
2020,Província de Maputo,Magude,Maio,73.0
2020,Província de Maputo,Magude,Abril,74.0
2020,Província de Maputo,Magude,Março,74.0
2020,Província de Maputo,Magude,Fevereiro,69.0
2020,Província de Maputo,Magude,Janeiro,71.0
2020,Província de Maputo,Boane,Dezembro,802.0
2020,Província de Maputo,Boane,Novembro,801.0
2020,Província de Maputo,Boane,Outubro,791.0
2020,Província de Maputo,Boane,Setembro,446.0
2020,Província de Maputo,Boane,Agosto,454.0
2020,Província de Maputo,Boane,Julho,778.0
2020,Província de Maputo,Boane,Junho,782.0
2020,Província de Maputo,Boane,Março,777.0
2020,Província de Maputo,Cidade de Maputo,Janeiro,14647.0
2020,Sofala,Buzi,Abril,45.0
2020,Gaza,Cidade de Xai-Xai,Agosto,502.0
2020,Gaza,Mabalane,Julho,17.0
2020,Gaza,Mabalane,Junho,17.0
2020,Gaza,Mabalane,Maio,16.0
2020,Gaza,Mabalane,Abril,16.0
2020,Gaza,Mabalane,Março,15.0
2020,Gaza,Mabalane,Fevereiro,17.0
2020,Gaza,Mabalane,Janeiro,16.0
2020,Gaza,Guijá,Dezembro,27.0
2020,Gaza,Guijá,Novembro,27.0
2020,Gaza,Guijá,Outubro,28.0
2020,Gaza,Guijá,Setembro,27.0
2020,Gaza,Guijá,Agosto,27.0
2020,Gaza,Guijá,Julho,24.0
2020,Gaza,Guijá,Junho,22.0
2020,Gaza,Guijá,Maio,22.0
2020,Gaza,Guijá,Abril,21.0
2020,Gaza,Guijá,Março,20.0
2020,Gaza,Guijá,Fevereiro,21.0
2020,Gaza,Guijá,Janeiro,18.0
2020,Gaza,Chókwè,Dezembro,72.0
2020,Gaza,Chókwè,Novembro,71.0
2020,Gaza,Chókwè,Outubro,68.0
2020,Gaza,Chókwè,Setembro,74.0
2020,Gaza,Chókwè,Agosto,74.0
2020,Gaza,Chókwè,Julho,196.0
2020,Gaza,Mabalane,Agosto,47.0
2020,Gaza,Mabalane,Outubro,46.0
2020,Gaza,Cidade de Xai-Xai,Julho,692.0
2020,Gaza,Mabalane,Novembro,49.0
2020,Gaza,Massangena,Dezembro,34.0
2020,Gaza,Massangena,Novembro,33.0
2020,Gaza,Massangena,Outubro,36.0
2020,Gaza,Massangena,Setembro,39.0
2020,Gaza,Massangena,Agosto,39.0
2020,Gaza,Massangena,Julho,18.0
2020,Gaza,Massangena,Junho,18.0
2020,Gaza,Massangena,Maio,16.0
2020,Gaza,Massangena,Abril,10.0
2020,Gaza,Massangena,Março,10.0
2020,Gaza,Massangena,Fevereiro,9.0
2020,Gaza,Massangena,Janeiro,12.0
2020,Gaza,Manjacaze,Dezembro,47.0
2020,Gaza,Manjacaze,Novembro,49.0
2020,Gaza,Manjacaze,Outubro,49.0
2020,Gaza,Manjacaze,Setembro,49.0
2020,Gaza,Manjacaze,Agosto,48.0
2020,Gaza,Manjacaze,Julho,91.0
2020,Gaza,Manjacaze,Junho,91.0
2020,Gaza,Manjacaze,Maio,90.0
2020,Gaza,Manjacaze,Abril,89.0
2020,Gaza,Manjacaze,Março,88.0
2020,Gaza,Manjacaze,Fevereiro,89.0
2020,Gaza,Manjacaze,Janeiro,90.0
2020,Gaza,Mabalane,Dezembro,49.0
2020,Gaza,Chókwè,Junho,193.0
2020,Gaza,Cidade de Xai-Xai,Junho,739.0
2020,Gaza,Chókwè,Maio,191.0
2020,Gaza,Chibuto,Novembro,61.0
2020,Gaza,Chibuto,Setembro,62.0
2020,Gaza,Chibuto,Agosto,60.0
2020,Gaza,Chibuto,Julho,111.0
2020,Gaza,Chibuto,Junho,111.0
2020,Gaza,Chibuto,Maio,109.0
2020,Gaza,Chibuto,Abril,96.0
2020,Gaza,Chibuto,Março,96.0
2020,Gaza,Chibuto,Fevereiro,94.0
2020,Gaza,Chibuto,Janeiro,96.0
2020,Gaza,Bilene-Macia,Dezembro,169.0
2020,Gaza,Bilene-Macia,Novembro,161.0
2020,Gaza,Bilene-Macia,Outubro,157.0
2020,Gaza,Bilene-Macia,Setembro,163.0
2020,Gaza,Bilene-Macia,Agosto,152.0
2020,Gaza,Bilene-Macia,Julho,243.0
2020,Gaza,Bilene-Macia,Junho,251.0
2020,Gaza,Bilene-Macia,Maio,248.0
2020,Gaza,Bilene-Macia,Abril,255.0
2020,Gaza,Bilene-Macia,Março,268.0
2020,Gaza,Bilene-Macia,Fevereiro,256.0
2020,Gaza,Bilene-Macia,Janeiro,250.0
2020,Gaza,Cidade de Xai-Xai,Dezembro,496.0
2020,Gaza,Cidade de Xai-Xai,Novembro,496.0
2020,Gaza,Cidade de Xai-Xai,Outubro,498.0
2020,Gaza,Cidade de Xai-Xai,Setembro,500.0
2020,Gaza,Chibuto,Outubro,61.0
2020,Província de Maputo,Matutuíne,Novembro,349.0
2020,Gaza,Chókwè,Março,197.0
2020,Gaza,Chicualacuala,Janeiro,30.0
2020,Gaza,Chókwè,Fevereiro,203.0
2020,Gaza,Chókwè,Janeiro,200.0
2020,Gaza,Chigubo,Dezembro,342.0
2020,Gaza,Chigubo,Novembro,341.0
2020,Gaza,Chigubo,Outubro,339.0
2020,Gaza,Chigubo,Setembro,328.0
2020,Gaza,Chigubo,Agosto,329.0
2020,Gaza,Chigubo,Julho,9.0
2020,Gaza,Chigubo,Junho,9.0
2020,Gaza,Chigubo,Maio,9.0
2020,Gaza,Chigubo,Abril,9.0
2020,Gaza,Chigubo,Março,7.0
2020,Gaza,Chigubo,Fevereiro,6.0
2020,Gaza,Chigubo,Janeiro,7.0
2020,Gaza,Chicualacuala,Dezembro,146.0
2020,Gaza,Chicualacuala,Novembro,147.0
2020,Gaza,Chicualacuala,Outubro,151.0
2020,Gaza,Chicualacuala,Setembro,150.0
2020,Gaza,Chicualacuala,Agosto,143.0
2020,Gaza,Chicualacuala,Julho,27.0
2020,Gaza,Chicualacuala,Junho,26.0
2020,Gaza,Chicualacuala,Maio,27.0
2020,Gaza,Chicualacuala,Abril,26.0
2020,Gaza,Chicualacuala,Março,26.0
2020,Gaza,Chicualacuala,Fevereiro,29.0
2020,Gaza,Chókwè,Abril,195.0
2020,Sofala,Buzi,Julho,44.0
2020,Gaza,Mapai,Junho,0.0
2020,Zambézia,Cidade de Quelimane,Agosto,333.0
2020,Tete,Changara,Julho,9.0
2020,Tete,Changara,Junho,11.0
2020,Tete,Changara,Maio,11.0
2020,Tete,Changara,Abril,10.0
2020,Tete,Changara,Março,12.0
2020,Tete,Changara,Fevereiro,10.0
2020,Tete,Changara,Janeiro,10.0
2020,Tete,Cahora-Bassa,Dezembro,38.0
2020,Tete,Cahora-Bassa,Novembro,37.0
2020,Tete,Changara,Outubro,6.0
2020,Tete,Cahora-Bassa,Outubro,35.0
2020,Tete,Changara,Agosto,7.0
2020,Tete,Cahora-Bassa,Agosto,36.0
2020,Tete,Cahora-Bassa,Junho,92.0
2020,Tete,Cahora-Bassa,Maio,93.0
2020,Tete,Cahora-Bassa,Abril,97.0
2020,Tete,Cahora-Bassa,Março,97.0
2020,Tete,Cahora-Bassa,Fevereiro,98.0
2020,Tete,Cahora-Bassa,Janeiro,98.0
2020,Tete,Angónia,Dezembro,118.0
2020,Tete,Angónia,Novembro,118.0
2020,Tete,Angónia,Outubro,120.0
2020,Tete,Cahora-Bassa,Setembro,38.0
2020,Tete,Changara,Novembro,6.0
2020,Tete,Cahora-Bassa,Julho,91.0
2020,Tete,Changara,Dezembro,6.0
2020,Tete,Angónia,Junho,104.0
2020,Tete,Chifunde,Janeiro,4.0
2020,Tete,Chiuta,Novembro,618.0
2020,Tete,Chiuta,Outubro,612.0
2020,Tete,Chiuta,Setembro,608.0
2020,Tete,Chiuta,Agosto,605.0
2020,Tete,Chiuta,Julho,7.0
2020,Tete,Chiuta,Junho,7.0
2020,Tete,Chiuta,Maio,7.0
2020,Tete,Chiuta,Abril,7.0
2020,Tete,Chiuta,Março,7.0
2020,Tete,Chiuta,Fevereiro,7.0
2020,Tete,Chiuta,Janeiro,6.0
2020,Tete,Chifunde,Dezembro,9.0
2020,Tete,Chifunde,Novembro,9.0
2020,Tete,Chifunde,Outubro,10.0
2020,Tete,Chifunde,Setembro,9.0
2020,Tete,Chifunde,Agosto,9.0
2020,Tete,Chifunde,Julho,6.0
2020,Tete,Chifunde,Junho,5.0
2020,Tete,Chifunde,Maio,5.0
2020,Tete,Chifunde,Abril,5.0
2020,Tete,Chifunde,Março,5.0
2020,Tete,Chifunde,Fevereiro,4.0
2020,Tete,Angónia,Setembro,123.0
2020,Tete,Angónia,Agosto,128.0
2020,Tete,Macanga,Janeiro,5.0
2020,Tete,Angónia,Julho,103.0
2020,Manica,Macate,Dezembro,4.0
2020,Tete,Macanga,Maio,10.0
2020,Tete,Angónia,Maio,105.0
2020,Manica,Macate,Outubro,4.0
2020,Manica,Macate,Setembro,0.0
2020,Manica,Macate,Agosto,0.0
2020,Manica,Macate,Julho,0.0
2020,Manica,Macate,Junho,0.0
2020,Manica,Macate,Maio,0.0
2020,Manica,Macate,Abril,0.0
2020,Manica,Macate,Março,0.0
2020,Manica,Macate,Fevereiro,0.0
2020,Manica,Macate,Janeiro,0.0
2020,Manica,Tambara,Dezembro,26.0
2020,Manica,Tambara,Novembro,26.0
2020,Manica,Tambara,Outubro,28.0
2020,Manica,Tambara,Setembro,12.0
2020,Manica,Tambara,Agosto,12.0
2020,Manica,Tambara,Julho,12.0
2020,Manica,Tambara,Junho,12.0
2020,Manica,Tambara,Maio,11.0
2020,Manica,Tambara,Abril,10.0
2020,Manica,Tambara,Março,10.0
2020,Manica,Tambara,Fevereiro,12.0
2020,Manica,Tambara,Janeiro,13.0
2020,Manica,Sussundenga,Dezembro,32.0
2020,Manica,Vanduzi,Janeiro,0.0
2020,Tete,Macanga,Março,5.0
2020,Manica,Vanduzi,Fevereiro,0.0
2020,Tete,Macanga,Fevereiro,5.0
2020,Manica,Macate,Novembro,4.0
2020,Tete,Angónia,Abril,103.0
2020,Tete,Angónia,Março,100.0
2020,Tete,Angónia,Fevereiro,91.0
2020,Tete,Angónia,Janeiro,92.0
2020,Tete,Cidade de Tete,Dezembro,879.0
2020,Tete,Cidade de Tete,Novembro,887.0
2020,Tete,Cidade de Tete,Outubro,888.0
2020,Tete,Cidade de Tete,Setembro,897.0
2020,Tete,Cidade de Tete,Agosto,866.0
2020,Tete,Cidade de Tete,Julho,1419.0
2020,Tete,Cidade de Tete,Junho,1446.0
2020,Tete,Cidade de Tete,Maio,1467.0
2020,Tete,Cidade de Tete,Abril,1464.0
2020,Tete,Cidade de Tete,Março,1481.0
2020,Tete,Cidade de Tete,Fevereiro,1493.0
2020,Tete,Cidade de Tete,Janeiro,1499.0
2020,Manica,Vanduzi,Dezembro,0.0
2020,Manica,Vanduzi,Novembro,0.0
2020,Manica,Vanduzi,Outubro,0.0
2020,Manica,Vanduzi,Setembro,0.0
2020,Manica,Vanduzi,Agosto,0.0
2020,Manica,Vanduzi,Julho,0.0
2020,Manica,Vanduzi,Junho,0.0
2020,Manica,Vanduzi,Maio,0.0
2020,Manica,Vanduzi,Março,0.0
2020,Tete,Macanga,Abril,5.0
2020,Manica,Vanduzi,Abril,0.0
2020,Inhambane,Govuro,Fevereiro,24.0
2020,Tete,Macanga,Junho,10.0
2020,Tete,Doa,Abril,6.0
2020,Tete,Doa,Março,6.0
2020,Tete,Doa,Fevereiro,7.0
2020,Tete,Doa,Janeiro,7.0
2020,Tete,Zumbo,Dezembro,6.0
2020,Tete,Zumbo,Novembro,6.0
2020,Tete,Zumbo,Outubro,8.0
2020,Tete,Zumbo,Setembro,6.0
2020,Tete,Zumbo,Agosto,6.0
2020,Tete,Zumbo,Julho,6.0
2020,Tete,Zumbo,Junho,6.0
2020,Tete,Zumbo,Maio,6.0
2020,Tete,Zumbo,Abril,0.0
2020,Tete,Zumbo,Março,0.0
2020,Tete,Zumbo,Fevereiro,0.0
2020,Tete,Zumbo,Janeiro,0.0
2020,Tete,Tsangano,Dezembro,6.0
2020,Tete,Tsangano,Novembro,8.0
2020,Tete,Tsangano,Outubro,7.0
2020,Tete,Tsangano,Setembro,7.0
2020,Tete,Tsangano,Agosto,9.0
2020,Tete,Tsangano,Julho,9.0
2020,Tete,Tsangano,Junho,9.0
2020,Tete,Tsangano,Maio,9.0
2020,Tete,Doa,Junho,0.0
2020,Tete,Tsangano,Abril,10.0
2020,Tete,Doa,Julho,0.0
2020,Tete,Tsangano,Março,7.0
2020,Tete,Tsangano,Janeiro,8.0
2020,Zambézia,Cidade de Quelimane,Setembro,354.0
2020,Tete,Changara,Setembro,7.0
2020,Zambézia,Cidade de Quelimane,Julho,658.0
2020,Zambézia,Cidade de Quelimane,Junho,658.0
2020,Zambézia,Cidade de Quelimane,Maio,649.0
2020,Zambézia,Cidade de Quelimane,Abril,647.0
2020,Zambézia,Cidade de Quelimane,Março,660.0
2020,Zambézia,Cidade de Quelimane,Fevereiro,648.0
2020,Zambézia,Cidade de Quelimane,Janeiro,674.0
2020,Tete,Marara,Dezembro,0.0
2020,Tete,Marara,Novembro,0.0
2020,Tete,Marara,Outubro,0.0
2020,Tete,Marara,Setembro,0.0
2020,Tete,Marara,Agosto,0.0
2020,Tete,Marara,Julho,0.0
2020,Tete,Marara,Junho,0.0
2020,Tete,Marara,Maio,0.0
2020,Tete,Marara,Abril,0.0
2020,Tete,Marara,Março,0.0
2020,Tete,Marara,Fevereiro,0.0
2020,Tete,Marara,Janeiro,0.0
2020,Tete,Doa,Dezembro,0.0
2020,Tete,Doa,Novembro,0.0
2020,Tete,Doa,Outubro,0.0
2020,Tete,Doa,Agosto,0.0
2020,Manica,Sussundenga,Novembro,32.0
2020,Tete,Doa,Setembro,0.0
2020,Zambézia,Cidade de Quelimane,Outubro,341.0
2020,Tete,Maravia,Julho,25.0
2020,Tete,Mutarara,Dezembro,24.0
2020,Tete,Maravia,Maio,25.0
2020,Tete,Maravia,Abril,16.0
2020,Tete,Maravia,Março,15.0
2020,Tete,Maravia,Fevereiro,14.0
2020,Tete,Maravia,Janeiro,16.0
2020,Tete,Mágoe,Dezembro,16.0
2020,Tete,Mágoe,Novembro,16.0
2020,Tete,Mágoe,Outubro,16.0
2020,Tete,Mágoe,Setembro,16.0
2020,Tete,Mágoe,Agosto,17.0
2020,Tete,Mágoe,Julho,16.0
2020,Tete,Mágoe,Junho,15.0
2020,Tete,Mágoe,Maio,15.0
2020,Tete,Mágoe,Abril,15.0
2020,Tete,Mágoe,Março,15.0
2020,Tete,Mágoe,Fevereiro,18.0
2020,Tete,Mágoe,Janeiro,18.0
2020,Tete,Macanga,Dezembro,16.0
2020,Tete,Macanga,Novembro,16.0
2020,Tete,Macanga,Outubro,17.0
2020,Tete,Macanga,Setembro,17.0
2020,Tete,Macanga,Agosto,16.0
2020,Tete,Macanga,Julho,14.0
2020,Tete,Maravia,Agosto,26.0
2020,Tete,Tsangano,Fevereiro,8.0
2020,Tete,Maravia,Setembro,25.0
2020,Tete,Doa,Maio,0.0
2020,Tete,Maravia,Junho,25.0
2020,Tete,Mutarara,Novembro,25.0
2020,Tete,Mutarara,Outubro,24.0
2020,Tete,Mutarara,Setembro,25.0
2020,Tete,Mutarara,Agosto,25.0
2020,Tete,Mutarara,Julho,25.0
2020,Tete,Mutarara,Junho,23.0
2020,Tete,Mutarara,Maio,23.0
2020,Tete,Mutarara,Abril,21.0
2020,Tete,Mutarara,Março,22.0
2020,Tete,Mutarara,Fevereiro,22.0
2020,Tete,Mutarara,Janeiro,20.0
2020,Tete,Moatize,Dezembro,146.0
2020,Tete,Moatize,Novembro,144.0
2020,Tete,Moatize,Outubro,144.0
2020,Tete,Moatize,Setembro,143.0
2020,Tete,Moatize,Agosto,143.0
2020,Tete,Moatize,Julho,146.0
2020,Tete,Moatize,Junho,144.0
2020,Tete,Moatize,Maio,140.0
2020,Tete,Moatize,Abril,141.0
2020,Tete,Moatize,Março,141.0
2020,Tete,Moatize,Fevereiro,137.0
2020,Tete,Moatize,Janeiro,131.0
2020,Tete,Maravia,Dezembro,22.0
2020,Tete,Maravia,Outubro,25.0
2020,Manica,Sussundenga,Outubro,36.0
2020,Tete,Maravia,Novembro,24.0
2020,Manica,Sussundenga,Agosto,26.0
2020,Tete,Chiuta,Dezembro,633.0
2020,Manica,Macossa,Junho,17.0
2020,Sofala,Machanga,Agosto,11.0
2020,Sofala,Machanga,Abril,8.0
2020,Sofala,Machanga,Março,7.0
2020,Sofala,Machanga,Fevereiro,7.0
2020,Sofala,Machanga,Janeiro,7.0
2020,Sofala,Gorongoza,Dezembro,25.0
2020,Sofala,Gorongoza,Novembro,24.0
2020,Sofala,Gorongoza,Outubro,26.0
2020,Sofala,Gorongoza,Setembro,27.0
2020,Sofala,Gorongoza,Agosto,27.0
2020,Sofala,Gorongoza,Julho,27.0
2020,Sofala,Gorongoza,Junho,28.0
2020,Sofala,Gorongoza,Maio,27.0
2020,Sofala,Gorongoza,Abril,27.0
2020,Sofala,Gorongoza,Março,29.0
2020,Sofala,Gorongoza,Fevereiro,29.0
2020,Sofala,Gorongoza,Janeiro,29.0
2020,Sofala,Dondo,Dezembro,116.0
2020,Sofala,Dondo,Novembro,113.0
2020,Sofala,Dondo,Outubro,114.0
2020,Sofala,Dondo,Setembro,114.0
2020,Sofala,Dondo,Agosto,115.0
2020,Sofala,Dondo,Julho,115.0
2020,Sofala,Dondo,Junho,116.0
2020,Sofala,Machanga,Julho,12.0
2020,Sofala,Muanza,Janeiro,1.0
2020,Sofala,Dondo,Maio,112.0
2020,Sofala,Machanga,Outubro,12.0
2020,Sofala,Marromeu,Dezembro,28.0
2020,Sofala,Marromeu,Novembro,27.0
2020,Sofala,Marromeu,Setembro,28.0
2020,Sofala,Marromeu,Agosto,28.0
2020,Sofala,Marromeu,Julho,28.0
2020,Sofala,Marromeu,Junho,29.0
2020,Sofala,Marromeu,Maio,29.0
2020,Sofala,Marromeu,Abril,28.0
2020,Sofala,Marromeu,Março,27.0
2020,Sofala,Marromeu,Fevereiro,27.0
2020,Sofala,Marromeu,Janeiro,29.0
2020,Sofala,Maringue,Dezembro,10.0
2020,Sofala,Maringue,Novembro,10.0
2020,Sofala,Maringue,Outubro,11.0
2020,Sofala,Maringue,Setembro,11.0
2020,Sofala,Maringue,Agosto,11.0
2020,Sofala,Maringue,Julho,11.0
2020,Sofala,Maringue,Junho,10.0
2020,Sofala,Maringue,Maio,9.0
2020,Sofala,Maringue,Abril,8.0
2020,Sofala,Maringue,Março,7.0
2020,Sofala,Maringue,Fevereiro,8.0
2020,Sofala,Maringue,Janeiro,8.0
2020,Sofala,Machanga,Dezembro,12.0
2020,Sofala,Machanga,Novembro,12.0
2020,Sofala,Machanga,Setembro,12.0
2020,Sofala,Marromeu,Outubro,26.0
2020,Sofala,Buzi,Setembro,42.0
2020,Sofala,Dondo,Abril,111.0
2020,Sofala,Chemba,Agosto,10.0
2020,Sofala,Caia,Julho,33.0
2020,Sofala,Chemba,Junho,10.0
2020,Sofala,Chemba,Maio,10.0
2020,Sofala,Chemba,Abril,10.0
2020,Sofala,Chemba,Março,9.0
2020,Sofala,Chemba,Fevereiro,10.0
2020,Sofala,Chemba,Janeiro,11.0
2020,Sofala,Caia,Dezembro,35.0
2020,Sofala,Caia,Novembro,35.0
2020,Sofala,Caia,Outubro,35.0
2020,Sofala,Caia,Setembro,35.0
2020,Sofala,Caia,Agosto,35.0
2020,Sofala,Caia,Junho,33.0
2020,Sofala,Dondo,Março,111.0
2020,Sofala,Caia,Maio,33.0
2020,Sofala,Caia,Abril,34.0
2020,Sofala,Caia,Março,36.0
2020,Sofala,Caia,Fevereiro,36.0
2020,Sofala,Caia,Janeiro,37.0
2020,Sofala,Buzi,Dezembro,39.0
2020,Sofala,Buzi,Novembro,39.0
2020,Sofala,Buzi,Outubro,41.0
2020,Sofala,Buzi,Agosto,42.0
2020,Sofala,Machanga,Junho,12.0
2020,Sofala,Chemba,Setembro,9.0
2020,Sofala,Chemba,Outubro,10.0
2020,Sofala,Dondo,Fevereiro,114.0
2020,Sofala,Chemba,Dezembro,12.0
2020,Sofala,Chemba,Novembro,11.0
2020,Sofala,Chemba,Julho,10.0
2020,Sofala,Chibabava,Dezembro,28.0
2020,Sofala,Chibabava,Novembro,26.0
2020,Sofala,Chibabava,Outubro,28.0
2020,Sofala,Chibabava,Setembro,27.0
2020,Sofala,Chibabava,Agosto,26.0
2020,Sofala,Chibabava,Julho,26.0
2020,Sofala,Chibabava,Junho,27.0
2020,Sofala,Chibabava,Maio,27.0
2020,Sofala,Chibabava,Abril,26.0
2020,Sofala,Chibabava,Março,26.0
2020,Sofala,Chibabava,Fevereiro,28.0
2020,Sofala,Chibabava,Janeiro,27.0
2020,Sofala,Cheringoma,Dezembro,15.0
2020,Sofala,Cheringoma,Novembro,15.0
2020,Sofala,Cheringoma,Outubro,16.0
2020,Sofala,Cheringoma,Setembro,16.0
2020,Sofala,Cheringoma,Agosto,17.0
2020,Sofala,Cheringoma,Julho,18.0
2020,Sofala,Cheringoma,Junho,16.0
2020,Sofala,Cheringoma,Maio,15.0
2020,Sofala,Cheringoma,Abril,17.0
2020,Sofala,Cheringoma,Março,15.0
2020,Sofala,Cheringoma,Fevereiro,14.0
2020,Sofala,Cheringoma,Janeiro,12.0
2020,Sofala,Dondo,Janeiro,113.0
2020,Sofala,Muanza,Março,1.0
2020,Manica,Sussundenga,Setembro,26.0
2020,Manica,Cidade de Chimoio,Maio,960.0
2020,Manica,Macossa,Janeiro,13.0
2020,Manica,Machaze,Dezembro,33.0
2020,Manica,Machaze,Novembro,33.0
2020,Manica,Machaze,Outubro,34.0
2020,Manica,Machaze,Setembro,34.0
2020,Manica,Machaze,Agosto,35.0
2020,Manica,Machaze,Julho,37.0
2020,Manica,Machaze,Junho,29.0
2020,Manica,Machaze,Maio,29.0
2020,Manica,Machaze,Abril,29.0
2020,Manica,Machaze,Março,27.0
2020,Manica,Machaze,Fevereiro,27.0
2020,Manica,Machaze,Janeiro,27.0
2020,Manica,Guro,Dezembro,15.0
2020,Manica,Guro,Novembro,15.0
2020,Manica,Guro,Outubro,14.0
2020,Manica,Guro,Setembro,15.0
2020,Manica,Guro,Agosto,15.0
2020,Manica,Guro,Julho,15.0
2020,Manica,Guro,Junho,15.0
2020,Manica,Guro,Maio,15.0
2020,Manica,Guro,Abril,14.0
2020,Manica,Guro,Março,14.0
2020,Manica,Guro,Fevereiro,21.0
2020,Manica,Macossa,Março,13.0
2020,Manica,Guro,Janeiro,22.0
2020,Manica,Gondola,Dezembro,59.0
2020,Manica,Sussundenga,Junho,27.0
2020,Sofala,Muanza,Fevereiro,1.0
2020,Manica,Macossa,Fevereiro,13.0
2020,Manica,Sussundenga,Maio,27.0
2020,Manica,Sussundenga,Abril,25.0
2020,Manica,Sussundenga,Março,27.0
2020,Manica,Sussundenga,Fevereiro,24.0
2020,Manica,Sussundenga,Janeiro,27.0
2020,Manica,Mossurize,Dezembro,1.0
2020,Manica,Mossurize,Novembro,1.0
2020,Manica,Mossurize,Outubro,1.0
2020,Manica,Mossurize,Setembro,31.0
2020,Manica,Mossurize,Agosto,32.0
2020,Manica,Mossurize,Julho,32.0
2020,Manica,Mossurize,Junho,32.0
2020,Manica,Mossurize,Maio,33.0
2020,Manica,Mossurize,Abril,34.0
2020,Manica,Mossurize,Março,35.0
2020,Manica,Mossurize,Fevereiro,34.0
2020,Manica,Mossurize,Janeiro,32.0
2020,Manica,Macossa,Dezembro,18.0
2020,Manica,Macossa,Novembro,18.0
2020,Manica,Macossa,Outubro,16.0
2020,Manica,Macossa,Setembro,16.0
2020,Manica,Macossa,Agosto,16.0
2020,Manica,Macossa,Julho,16.0
2020,Manica,Macossa,Maio,17.0
2020,Manica,Macossa,Abril,13.0
2020,Manica,Gondola,Outubro,62.0
2020,Manica,Sussundenga,Julho,26.0
2020,Manica,Cidade de Chimoio,Agosto,523.0
2020,Manica,Cidade de Chimoio,Março,986.0
2020,Manica,Cidade de Chimoio,Fevereiro,989.0
2020,Manica,Cidade de Chimoio,Janeiro,982.0
2020,Sofala,Nhamatanda,Dezembro,47.0
2020,Sofala,Nhamatanda,Novembro,46.0
2020,Sofala,Nhamatanda,Outubro,45.0
2020,Sofala,Nhamatanda,Setembro,47.0
2020,Sofala,Nhamatanda,Agosto,45.0
2020,Sofala,Nhamatanda,Julho,44.0
2020,Sofala,Nhamatanda,Junho,43.0
2020,Sofala,Nhamatanda,Abril,38.0
2020,Manica,Cidade de Chimoio,Junho,963.0
2020,Sofala,Nhamatanda,Março,36.0
2020,Sofala,Nhamatanda,Janeiro,40.0
2020,Sofala,Muanza,Dezembro,4.0
2020,Sofala,Muanza,Novembro,4.0
2020,Sofala,Muanza,Outubro,4.0
2020,Sofala,Muanza,Setembro,3.0
2020,Sofala,Muanza,Agosto,3.0
2020,Sofala,Muanza,Julho,4.0
2020,Sofala,Muanza,Junho,2.0
2020,Sofala,Muanza,Abril,2.0
2020,Manica,Gondola,Novembro,59.0
2020,Sofala,Machanga,Maio,10.0
2020,Sofala,Nhamatanda,Fevereiro,39.0
2020,Manica,Cidade de Chimoio,Abril,967.0
2020,Sofala,Nhamatanda,Maio,39.0
2020,Manica,Cidade de Chimoio,Julho,978.0
2020,Sofala,Muanza,Maio,2.0
2020,Manica,Gondola,Julho,67.0
2020,Manica,Gondola,Junho,70.0
2020,Manica,Gondola,Maio,64.0
2020,Manica,Gondola,Abril,60.0
2020,Manica,Gondola,Março,63.0
2020,Manica,Gondola,Fevereiro,60.0
2020,Manica,Gondola,Janeiro,64.0
2020,Manica,Bárue,Novembro,506.0
2020,Manica,Bárue,Outubro,510.0
2020,Manica,Gondola,Agosto,66.0
2020,Manica,Bárue,Agosto,511.0
2020,Manica,Bárue,Dezembro,514.0
2020,Manica,Gondola,Setembro,66.0
2020,Manica,Bárue,Março,38.0
2020,Manica,Cidade de Chimoio,Setembro,529.0
2020,Manica,Bárue,Junho,44.0
2020,Manica,Bárue,Maio,42.0
2020,Manica,Bárue,Abril,41.0
2020,Manica,Cidade de Chimoio,Outubro,523.0
2020,Manica,Bárue,Julho,46.0
2020,Manica,Bárue,Janeiro,36.0
2020,Manica,Cidade de Chimoio,Dezembro,510.0
2020,Manica,Cidade de Chimoio,Novembro,503.0
2020,Manica,Bárue,Setembro,514.0
2020,Manica,Bárue,Fevereiro,34.0
2021,Nampula,Lalaua,Julho,3.0
2021,Cabo Delgado,Meluco,Dezembro,6.0
2021,Nampula,Malema,Fevereiro,39.0
2021,Nampula,Malema,Janeiro,37.0
2021,Nampula,Lalaua,Dezembro,3.0
2021,Nampula,Lalaua,Novembro,3.0
2021,Nampula,Lalaua,Outubro,3.0
2021,Nampula,Lalaua,Setembro,3.0
2021,Nampula,Malema,Março,35.0
2021,Nampula,Lalaua,Agosto,3.0
2021,Nampula,Lalaua,Maio,3.0
2021,Nampula,Lalaua,Abril,3.0
2021,Nampula,Lalaua,Março,3.0
2021,Nampula,Lalaua,Fevereiro,3.0
2021,Nampula,Lalaua,Janeiro,3.0
2021,Nampula,Ilha de Moçambique,Dezembro,44.0
2021,Nampula,Ilha de Moçambique,Outubro,45.0
2021,Nampula,Ilha de Moçambique,Setembro,47.0
2021,Nampula,Ilha de Moçambique,Agosto,49.0
2021,Nampula,Ilha de Moçambique,Julho,49.0
2021,Nampula,Ilha de Moçambique,Junho,50.0
2021,Nampula,Ilha de Moçambique,Maio,47.0
2021,Nampula,Ilha de Moçambique,Abril,48.0
2021,Nampula,Meconta (Namialo),Maio,38.0
2021,Nampula,Ilha de Moçambique,Novembro,45.0
2021,Nampula,Ilha de Moçambique,Janeiro,52.0
2021,Nampula,Mecuburi,Junho,16.0
2021,Nampula,Mecuburi,Julho,15.0
2021,Nampula,Cidade de Nampula,Julho,2179.0
2021,Nampula,Mecuburi,Maio,16.0
2021,Nampula,Mecuburi,Abril,16.0
2021,Nampula,Mecuburi,Março,17.0
2021,Nampula,Mecuburi,Fevereiro,18.0
2021,Nampula,Mecuburi,Janeiro,18.0
2021,Nampula,Meconta (Namialo),Dezembro,36.0
2021,Nampula,Meconta (Namialo),Novembro,35.0
2021,Nampula,Meconta (Namialo),Outubro,37.0
2021,Nampula,Meconta (Namialo),Setembro,37.0
2021,Nampula,Meconta (Namialo),Agosto,40.0
2021,Nampula,Meconta (Namialo),Julho,40.0
2021,Nampula,Meconta (Namialo),Junho,37.0
2021,Nampula,Meconta (Namialo),Abril,39.0
2021,Nampula,Meconta (Namialo),Março,41.0
2021,Nampula,Meconta (Namialo),Fevereiro,43.0
2021,Nampula,Meconta (Namialo),Janeiro,43.0
2021,Nampula,Malema,Dezembro,31.0
2021,Nampula,Malema,Novembro,28.0
2021,Nampula,Malema,Outubro,35.0
2021,Nampula,Malema,Setembro,34.0
2021,Nampula,Malema,Agosto,33.0
2021,Nampula,Malema,Julho,33.0
2021,Nampula,Malema,Maio,33.0
2021,Nampula,Ilha de Moçambique,Março,46.0
2021,Nampula,Malema,Junho,36.0
2021,Nampula,Malema,Abril,31.0
2021,Nampula,Cidade de Nampula,Setembro,2205.0
2021,Nampula,Cidade de Nampula,Junho,2183.0
2021,Nampula,Cidade de Nampula,Agosto,2197.0
2021,Nampula,Cidade de Nampula,Abril,2117.0
2021,Nampula,Cidade de Nampula,Março,2156.0
2021,Nampula,Cidade de Nampula,Fevereiro,2244.0
2021,Nampula,Cidade de Nampula,Janeiro,2244.0
2021,Zambézia,Derre,Dezembro,0.0
2021,Zambézia,Derre,Novembro,0.0
2021,Zambézia,Derre,Outubro,0.0
2021,Zambézia,Derre,Setembro,0.0
2021,Zambézia,Derre,Agosto,0.0
2021,Zambézia,Derre,Julho,0.0
2021,Zambézia,Derre,Junho,0.0
2021,Zambézia,Derre,Maio,0.0
2021,Zambézia,Derre,Abril,0.0
2021,Zambézia,Derre,Março,0.0
2021,Zambézia,Derre,Fevereiro,0.0
2021,Zambézia,Derre,Janeiro,0.0
2021,Zambézia,Luabo,Dezembro,0.0
2021,Zambézia,Luabo,Novembro,0.0
2021,Zambézia,Luabo,Outubro,0.0
2021,Zambézia,Luabo,Setembro,0.0
2021,Zambézia,Luabo,Agosto,0.0
2021,Zambézia,Luabo,Julho,0.0
2021,Zambézia,Luabo,Junho,0.0
2021,Nampula,Mecuburi,Agosto,15.0
2021,Nampula,Cidade de Nampula,Maio,2157.0
2021,Nampula,Cidade de Nampula,Novembro,2203.0
2021,Nampula,Cidade de Nampula,Outubro,2211.0
2021,Nampula,Mecuburi,Setembro,16.0
2021,Nampula,Monapo,Junho,28.0
2021,Nampula,Angoche,Dezembro,95.0
2021,Nampula,Angoche,Outubro,95.0
2021,Nampula,Angoche,Setembro,99.0
2021,Nampula,Angoche,Agosto,99.0
2021,Nampula,Angoche,Julho,95.0
2021,Nampula,Angoche,Junho,93.0
2021,Nampula,Angoche,Maio,90.0
2021,Nampula,Angoche,Abril,70.0
2021,Nampula,Angoche,Março,72.0
2021,Nampula,Angoche,Fevereiro,76.0
2021,Nampula,Angoche,Janeiro,76.0
2021,Nampula,Cidade de Nacala-Porto,Dezembro,585.0
2021,Nampula,Cidade de Nacala-Porto,Novembro,575.0
2021,Nampula,Cidade de Nacala-Porto,Outubro,565.0
2021,Nampula,Cidade de Nacala-Porto,Setembro,563.0
2021,Nampula,Cidade de Nacala-Porto,Agosto,568.0
2021,Nampula,Cidade de Nacala-Porto,Julho,564.0
2021,Nampula,Cidade de Nacala-Porto,Junho,566.0
2021,Nampula,Cidade de Nacala-Porto,Maio,561.0
2021,Nampula,Cidade de Nacala-Porto,Abril,563.0
2021,Nampula,Cidade de Nacala-Porto,Março,596.0
2021,Nampula,Cidade de Nacala-Porto,Fevereiro,606.0
2021,Nampula,Cidade de Nacala-Porto,Janeiro,608.0
2021,Nampula,Cidade de Nampula,Dezembro,2212.0
2021,Nampula,Angoche,Novembro,93.0
2021,Nampula,Nacaroa,Junho,9.0
2021,Nampula,Monapo,Maio,28.0
2021,Nampula,Muecate,Outubro,5.0
2021,Nampula,Murrupula,Janeiro,24.0
2021,Nampula,Muecate,Setembro,6.0
2021,Nampula,Muecate,Agosto,5.0
2021,Nampula,Muecate,Julho,5.0
2021,Nampula,Muecate,Junho,5.0
2021,Nampula,Muecate,Maio,5.0
2021,Nampula,Muecate,Abril,5.0
2021,Nampula,Muecate,Março,5.0
2021,Nampula,Muecate,Fevereiro,5.0
2021,Nampula,Muecate,Janeiro,6.0
2021,Nampula,Mossuril,Dezembro,21.0
2021,Nampula,Mossuril,Novembro,21.0
2021,Nampula,Mossuril,Outubro,21.0
2021,Nampula,Mossuril,Setembro,21.0
2021,Nampula,Mossuril,Agosto,20.0
2021,Nampula,Mossuril,Julho,20.0
2021,Nampula,Mossuril,Junho,18.0
2021,Nampula,Mossuril,Maio,18.0
2021,Nampula,Mossuril,Abril,18.0
2021,Nampula,Mossuril,Março,19.0
2021,Nampula,Mossuril,Fevereiro,19.0
2021,Nampula,Mossuril,Janeiro,19.0
2021,Nampula,Monapo,Dezembro,27.0
2021,Nampula,Monapo,Novembro,26.0
2021,Nampula,Muecate,Dezembro,4.0
2021,Nampula,Monapo,Julho,28.0
2021,Nampula,Monapo,Outubro,28.0
2021,Nampula,Murrupula,Março,22.0
2021,Nampula,Mecuburi,Outubro,15.0
2021,Nampula,Ilha de Moçambique,Fevereiro,51.0
2021,Nampula,Nacaroa,Fevereiro,10.0
2021,Nampula,Nacaroa,Janeiro,10.0
2021,Nampula,Nacala-Velha,Dezembro,53.0
2021,Nampula,Nacala-Velha,Novembro,51.0
2021,Nampula,Nacala-Velha,Outubro,50.0
2021,Nampula,Nacala-Velha,Setembro,53.0
2021,Nampula,Nacala-Velha,Agosto,54.0
2021,Nampula,Nacala-Velha,Julho,54.0
2021,Nampula,Nacala-Velha,Junho,54.0
2021,Nampula,Nacala-Velha,Maio,51.0
2021,Nampula,Nacala-Velha,Abril,53.0
2021,Nampula,Nacala-Velha,Março,57.0
2021,Nampula,Nacala-Velha,Fevereiro,60.0
2021,Nampula,Nacala-Velha,Janeiro,58.0
2021,Nampula,Murrupula,Dezembro,19.0
2021,Nampula,Murrupula,Novembro,20.0
2021,Nampula,Murrupula,Outubro,19.0
2021,Nampula,Murrupula,Setembro,21.0
2021,Nampula,Murrupula,Agosto,21.0
2021,Nampula,Murrupula,Julho,21.0
2021,Nampula,Murrupula,Junho,21.0
2021,Nampula,Murrupula,Maio,23.0
2021,Nampula,Murrupula,Abril,24.0
2021,Nampula,Murrupula,Fevereiro,23.0
2021,Nampula,Nacaroa,Março,10.0
2021,Nampula,Mecuburi,Novembro,14.0
2021,Nampula,Monapo,Setembro,28.0
2021,Nampula,Muecate,Novembro,5.0
2021,Nampula,Mogincual,Outubro,12.0
2021,Nampula,Mogincual,Setembro,11.0
2021,Nampula,Mogincual,Agosto,10.0
2021,Nampula,Mogincual,Julho,10.0
2021,Nampula,Mogincual,Junho,10.0
2021,Nampula,Mogincual,Maio,10.0
2021,Nampula,Mogincual,Abril,9.0
2021,Nampula,Mogincual,Março,11.0
2021,Nampula,Mogincual,Fevereiro,15.0
2021,Nampula,Mogincual,Janeiro,12.0
2021,Nampula,Memba,Dezembro,9.0
2021,Nampula,Memba,Novembro,9.0
2021,Nampula,Memba,Outubro,9.0
2021,Nampula,Memba,Setembro,9.0
2021,Nampula,Memba,Agosto,8.0
2021,Nampula,Memba,Julho,8.0
2021,Nampula,Memba,Junho,8.0
2021,Nampula,Memba,Maio,8.0
2021,Nampula,Memba,Abril,8.0
2021,Nampula,Memba,Março,9.0
2021,Nampula,Memba,Fevereiro,9.0
2021,Nampula,Memba,Janeiro,10.0
2021,Nampula,Mecuburi,Dezembro,13.0
2021,Nampula,Mogovolas,Janeiro,12.0
2021,Nampula,Monapo,Agosto,28.0
2021,Nampula,Mogovolas,Fevereiro,12.0
2021,Nampula,Mogincual,Dezembro,13.0
2021,Nampula,Mogincual,Novembro,12.0
2021,Nampula,Monapo,Abril,29.0
2021,Nampula,Monapo,Março,29.0
2021,Nampula,Monapo,Fevereiro,29.0
2021,Nampula,Monapo,Janeiro,29.0
2021,Nampula,Moma,Dezembro,29.0
2021,Nampula,Moma,Novembro,29.0
2021,Nampula,Moma,Outubro,29.0
2021,Nampula,Moma,Setembro,28.0
2021,Nampula,Moma,Agosto,30.0
2021,Nampula,Moma,Julho,30.0
2021,Nampula,Moma,Junho,31.0
2021,Nampula,Moma,Maio,29.0
2021,Nampula,Moma,Abril,35.0
2021,Nampula,Moma,Março,39.0
2021,Nampula,Moma,Fevereiro,43.0
2021,Nampula,Moma,Janeiro,43.0
2021,Nampula,Mogovolas,Dezembro,15.0
2021,Nampula,Mogovolas,Novembro,16.0
2021,Nampula,Mogovolas,Outubro,15.0
2021,Nampula,Mogovolas,Setembro,15.0
2021,Nampula,Mogovolas,Agosto,16.0
2021,Nampula,Mogovolas,Julho,16.0
2021,Nampula,Mogovolas,Junho,16.0
2021,Nampula,Mogovolas,Maio,13.0
2021,Nampula,Mogovolas,Março,13.0
2021,Zambézia,Luabo,Maio,0.0
2021,Nampula,Mogovolas,Abril,14.0
2021,Zambézia,Mocuba,Outubro,176.0
2021,Zambézia,Gurúè,Março,53.0
2021,Zambézia,Gilé,Dezembro,41.0
2021,Zambézia,Maganja da Costa,Fevereiro,40.0
2021,Zambézia,Gilé,Outubro,40.0
2021,Zambézia,Gilé,Setembro,39.0
2021,Zambézia,Gilé,Agosto,37.0
2021,Zambézia,Gilé,Julho,38.0
2021,Zambézia,Gilé,Junho,38.0
2021,Zambézia,Gilé,Maio,33.0
2021,Zambézia,Gilé,Abril,32.0
2021,Zambézia,Gilé,Março,31.0
2021,Zambézia,Gilé,Fevereiro,36.0
2021,Zambézia,Gilé,Janeiro,35.0
2021,Zambézia,Lugela,Dezembro,21.0
2021,Zambézia,Lugela,Novembro,21.0
2021,Zambézia,Lugela,Outubro,20.0
2021,Zambézia,Lugela,Setembro,20.0
2021,Zambézia,Lugela,Agosto,13.0
2021,Zambézia,Lugela,Julho,12.0
2021,Zambézia,Lugela,Junho,11.0
2021,Zambézia,Lugela,Maio,11.0
2021,Zambézia,Lugela,Abril,11.0
2021,Zambézia,Lugela,Março,11.0
2021,Zambézia,Lugela,Fevereiro,11.0
2021,Zambézia,Lugela,Janeiro,11.0
2021,Zambézia,Inhassunge,Dezembro,1.0
2021,Zambézia,Maganja da Costa,Janeiro,42.0
2021,Zambézia,Luabo,Abril,0.0
2021,Zambézia,Inhassunge,Novembro,1.0
2021,Zambézia,Maganja da Costa,Abril,34.0
2021,Zambézia,Mocuba,Junho,166.0
2021,Zambézia,Mocuba,Maio,165.0
2021,Zambézia,Mocuba,Março,172.0
2021,Zambézia,Mocuba,Fevereiro,179.0
2021,Zambézia,Mocuba,Janeiro,178.0
2021,Zambézia,Milange,Dezembro,52.0
2021,Zambézia,Milange,Novembro,51.0
2021,Zambézia,Milange,Outubro,52.0
2021,Zambézia,Milange,Setembro,50.0
2021,Zambézia,Milange,Agosto,50.0
2021,Zambézia,Milange,Julho,51.0
2021,Zambézia,Milange,Junho,52.0
2021,Zambézia,Milange,Maio,47.0
2021,Zambézia,Milange,Abril,44.0
2021,Zambézia,Milange,Março,48.0
2021,Zambézia,Milange,Fevereiro,51.0
2021,Zambézia,Milange,Janeiro,55.0
2021,Zambézia,Maganja da Costa,Dezembro,28.0
2021,Zambézia,Maganja da Costa,Novembro,29.0
2021,Zambézia,Maganja da Costa,Outubro,31.0
2021,Zambézia,Maganja da Costa,Setembro,31.0
2021,Zambézia,Maganja da Costa,Agosto,30.0
2021,Zambézia,Maganja da Costa,Julho,30.0
2021,Zambézia,Maganja da Costa,Junho,32.0
2021,Zambézia,Maganja da Costa,Maio,35.0
2021,Zambézia,Maganja da Costa,Março,36.0
2021,Zambézia,Mocuba,Abril,166.0
2021,Zambézia,Mocuba,Julho,171.0
2021,Zambézia,Inhassunge,Outubro,1.0
2021,Zambézia,Gurúè,Fevereiro,53.0
2021,Zambézia,Chinde,Janeiro,21.0
2021,Zambézia,Chinde,Dezembro,24.0
2021,Zambézia,Chinde,Novembro,22.0
2021,Zambézia,Chinde,Outubro,24.0
2021,Zambézia,Chinde,Setembro,25.0
2021,Zambézia,Chinde,Agosto,23.0
2021,Zambézia,Chinde,Julho,25.0
2021,Zambézia,Chinde,Junho,25.0
2021,Zambézia,Chinde,Maio,24.0
2021,Zambézia,Chinde,Abril,21.0
2021,Zambézia,Chinde,Março,22.0
2021,Zambézia,Chinde,Fevereiro,22.0
2021,Zambézia,Alto Molócuè,Dezembro,70.0
2021,Zambézia,Inhassunge,Setembro,3.0
2021,Zambézia,Alto Molócuè,Novembro,67.0
2021,Zambézia,Alto Molócuè,Outubro,67.0
2021,Zambézia,Alto Molócuè,Setembro,69.0
2021,Zambézia,Alto Molócuè,Agosto,69.0
2021,Zambézia,Alto Molócuè,Julho,72.0
2021,Zambézia,Alto Molócuè,Junho,74.0
2021,Zambézia,Alto Molócuè,Maio,72.0
2021,Zambézia,Alto Molócuè,Abril,69.0
2021,Nampula,Nacaroa,Maio,10.0
2021,Zambézia,Alto Molócuè,Março,69.0
2021,Nampula,Nacaroa,Abril,10.0
2021,Zambézia,Gurúè,Abril,48.0
2021,Zambézia,Inhassunge,Agosto,3.0
2021,Zambézia,Gurúè,Junho,50.0
2021,Zambézia,Gurúè,Maio,49.0
2021,Zambézia,Gurúè,Janeiro,63.0
2021,Zambézia,Inhassunge,Junho,3.0
2021,Zambézia,Inhassunge,Maio,3.0
2021,Zambézia,Inhassunge,Abril,3.0
2021,Zambézia,Inhassunge,Março,3.0
2021,Zambézia,Inhassunge,Fevereiro,4.0
2021,Zambézia,Inhassunge,Janeiro,4.0
2021,Zambézia,Ile,Dezembro,26.0
2021,Zambézia,Ile,Novembro,23.0
2021,Zambézia,Ile,Outubro,28.0
2021,Zambézia,Ile,Setembro,27.0
2021,Zambézia,Ile,Agosto,26.0
2021,Zambézia,Ile,Julho,25.0
2021,Zambézia,Ile,Junho,25.0
2021,Zambézia,Ile,Maio,26.0
2021,Zambézia,Ile,Abril,27.0
2021,Zambézia,Ile,Março,27.0
2021,Zambézia,Ile,Fevereiro,26.0
2021,Zambézia,Ile,Janeiro,25.0
2021,Zambézia,Gurúè,Dezembro,50.0
2021,Zambézia,Gurúè,Novembro,50.0
2021,Zambézia,Gurúè,Outubro,48.0
2021,Zambézia,Gurúè,Setembro,49.0
2021,Zambézia,Gurúè,Agosto,47.0
2021,Zambézia,Gurúè,Julho,49.0
2021,Zambézia,Inhassunge,Julho,3.0
2021,Zambézia,Luabo,Março,0.0
2021,Zambézia,Mocuba,Setembro,175.0
2021,Zambézia,Morrumbala,Dezembro,38.0
2021,Zambézia,Nicoadala,Agosto,31.0
2021,Zambézia,Molumbo,Agosto,0.0
2021,Zambézia,Molumbo,Julho,0.0
2021,Zambézia,Molumbo,Junho,0.0
2021,Zambézia,Molumbo,Maio,0.0
2021,Zambézia,Molumbo,Abril,0.0
2021,Zambézia,Molumbo,Março,0.0
2021,Zambézia,Molumbo,Fevereiro,0.0
2021,Zambézia,Molumbo,Janeiro,0.0
2021,Zambézia,Pebane,Dezembro,45.0
2021,Zambézia,Pebane,Novembro,48.0
2021,Zambézia,Pebane,Outubro,49.0
2021,Zambézia,Pebane,Setembro,51.0
2021,Zambézia,Pebane,Agosto,45.0
2021,Zambézia,Pebane,Julho,44.0
2021,Zambézia,Pebane,Junho,44.0
2021,Zambézia,Pebane,Maio,44.0
2021,Zambézia,Pebane,Abril,43.0
2021,Zambézia,Pebane,Março,41.0
2021,Zambézia,Pebane,Fevereiro,44.0
2021,Zambézia,Pebane,Janeiro,44.0
2021,Zambézia,Nicoadala,Dezembro,31.0
2021,Zambézia,Nicoadala,Novembro,30.0
2021,Zambézia,Nicoadala,Outubro,30.0
2021,Zambézia,Nicoadala,Setembro,31.0
2021,Zambézia,Nicoadala,Julho,32.0
2021,Zambézia,Molumbo,Outubro,0.0
2021,Zambézia,Molumbo,Novembro,0.0
2021,Zambézia,Molumbo,Dezembro,0.0
2021,Zambézia,Mocubela,Janeiro,0.0
2021,Zambézia,Luabo,Janeiro,0.0
2021,Zambézia,Mulevala,Dezembro,0.0
2021,Zambézia,Mulevala,Novembro,0.0
2021,Zambézia,Mulevala,Outubro,0.0
2021,Zambézia,Mulevala,Setembro,0.0
2021,Zambézia,Mulevala,Agosto,0.0
2021,Zambézia,Mulevala,Julho,0.0
2021,Zambézia,Mulevala,Junho,0.0
2021,Zambézia,Mulevala,Maio,0.0
2021,Zambézia,Mulevala,Abril,0.0
2021,Zambézia,Mulevala,Março,0.0
2021,Zambézia,Mulevala,Fevereiro,0.0
2021,Zambézia,Mulevala,Janeiro,0.0
2021,Zambézia,Mocubela,Dezembro,0.0
2021,Zambézia,Mocubela,Novembro,0.0
2021,Zambézia,Mocubela,Outubro,0.0
2021,Zambézia,Mocubela,Setembro,0.0
2021,Zambézia,Mocubela,Agosto,0.0
2021,Zambézia,Mocubela,Julho,0.0
2021,Zambézia,Mocubela,Junho,0.0
2021,Zambézia,Mocubela,Maio,0.0
2021,Zambézia,Mocubela,Abril,0.0
2021,Zambézia,Mocubela,Março,0.0
2021,Zambézia,Mocubela,Fevereiro,0.0
2021,Zambézia,Luabo,Fevereiro,0.0
2021,Zambézia,Molumbo,Setembro,0.0
2021,Zambézia,Mocuba,Agosto,175.0
2021,Zambézia,Gilé,Novembro,42.0
2021,Zambézia,Nicoadala,Junho,29.0
2021,Zambézia,Morrumbala,Outubro,41.0
2021,Zambézia,Morrumbala,Setembro,43.0
2021,Zambézia,Morrumbala,Agosto,45.0
2021,Zambézia,Morrumbala,Julho,46.0
2021,Zambézia,Morrumbala,Junho,45.0
2021,Zambézia,Morrumbala,Maio,43.0
2021,Zambézia,Morrumbala,Abril,36.0
2021,Zambézia,Morrumbala,Março,39.0
2021,Zambézia,Morrumbala,Fevereiro,40.0
2021,Zambézia,Morrumbala,Janeiro,43.0
2021,Zambézia,Mopeia,Dezembro,28.0
2021,Zambézia,Mopeia,Novembro,28.0
2021,Zambézia,Mopeia,Outubro,28.0
2021,Zambézia,Mopeia,Setembro,27.0
2021,Zambézia,Mopeia,Agosto,28.0
2021,Zambézia,Mopeia,Julho,28.0
2021,Zambézia,Mopeia,Junho,26.0
2021,Zambézia,Mopeia,Maio,27.0
2021,Zambézia,Mopeia,Abril,25.0
2021,Zambézia,Mopeia,Março,32.0
2021,Zambézia,Mopeia,Fevereiro,33.0
2021,Zambézia,Mopeia,Janeiro,36.0
2021,Zambézia,Mocuba,Dezembro,171.0
2021,Zambézia,Mocuba,Novembro,174.0
2021,Zambézia,Morrumbala,Novembro,40.0
2021,Zambézia,Nicoadala,Maio,30.0
2021,Zambézia,Namacurra,Janeiro,15.0
2021,Zambézia,Namacurra,Fevereiro,15.0
2021,Zambézia,Namacurra,Março,14.0
2021,Zambézia,Nicoadala,Março,31.0
2021,Zambézia,Nicoadala,Fevereiro,32.0
2021,Zambézia,Nicoadala,Janeiro,32.0
2021,Zambézia,Namarroi,Dezembro,18.0
2021,Zambézia,Namarroi,Novembro,19.0
2021,Zambézia,Namarroi,Outubro,19.0
2021,Zambézia,Namarroi,Setembro,19.0
2021,Zambézia,Namarroi,Agosto,17.0
2021,Zambézia,Namarroi,Julho,17.0
2021,Zambézia,Namarroi,Junho,18.0
2021,Zambézia,Namarroi,Maio,19.0
2021,Zambézia,Namarroi,Abril,17.0
2021,Zambézia,Namarroi,Março,18.0
2021,Zambézia,Namarroi,Fevereiro,18.0
2021,Zambézia,Namarroi,Janeiro,19.0
2021,Zambézia,Namacurra,Dezembro,16.0
2021,Zambézia,Namacurra,Novembro,16.0
2021,Zambézia,Namacurra,Outubro,17.0
2021,Zambézia,Namacurra,Setembro,16.0
2021,Zambézia,Namacurra,Agosto,13.0
2021,Zambézia,Namacurra,Julho,12.0
2021,Zambézia,Namacurra,Junho,13.0
2021,Zambézia,Namacurra,Maio,13.0
2021,Zambézia,Namacurra,Abril,13.0
2021,Zambézia,Nicoadala,Abril,29.0
2021,Cabo Delgado,Nangade,Outubro,11.0
2021,Niassa,Chimbunhila,Janeiro,5.0
2021,Niassa,Manjune,Dezembro,8.0
2021,Niassa,Mandimba,Fevereiro,9.0
2021,Cabo Delgado,Nangade,Dezembro,10.0
2021,Niassa,Manjune,Novembro,8.0
2021,Niassa,Manjune,Outubro,8.0
2021,Niassa,Manjune,Setembro,10.0
2021,Niassa,Manjune,Agosto,9.0
2021,Niassa,Manjune,Julho,10.0
2021,Niassa,Manjune,Junho,11.0
2021,Niassa,Manjune,Maio,12.0
2021,Niassa,Manjune,Abril,12.0
2021,Niassa,Manjune,Março,13.0
2021,Niassa,Maúa,Julho,18.0
2021,Niassa,Manjune,Fevereiro,13.0
2021,Niassa,Manjune,Janeiro,13.0
2021,Niassa,Lago,Novembro,14.0
2021,Niassa,Lago,Outubro,16.0
2021,Niassa,Lago,Setembro,18.0
2021,Niassa,Lago,Agosto,19.0
2021,Niassa,Lago,Julho,16.0
2021,Niassa,Lago,Junho,18.0
2021,Niassa,Lago,Maio,19.0
2021,Niassa,Lago,Abril,18.0
2021,Niassa,Lago,Março,22.0
2021,Niassa,Lago,Fevereiro,25.0
2021,Niassa,Mandimba,Janeiro,9.0
2021,Niassa,Mandimba,Março,11.0
2021,Niassa,Maúa,Maio,6.0
2021,Niassa,Cuamba,Dezembro,120.0
2021,Niassa,Mandimba,Abril,11.0
2021,Niassa,Maúa,Abril,8.0
2021,Niassa,Maúa,Março,12.0
2021,Niassa,Maúa,Fevereiro,13.0
2021,Niassa,Maúa,Janeiro,13.0
2021,Niassa,Marrupa,Dezembro,22.0
2021,Niassa,Marrupa,Novembro,22.0
2021,Niassa,Marrupa,Outubro,21.0
2021,Niassa,Marrupa,Setembro,18.0
2021,Niassa,Marrupa,Agosto,19.0
2021,Niassa,Marrupa,Julho,18.0
2021,Niassa,Marrupa,Junho,19.0
2021,Niassa,Marrupa,Maio,18.0
2021,Niassa,Marrupa,Abril,18.0
2021,Niassa,Marrupa,Março,19.0
2021,Niassa,Marrupa,Fevereiro,23.0
2021,Niassa,Marrupa,Janeiro,22.0
2021,Niassa,Mandimba,Dezembro,9.0
2021,Niassa,Mandimba,Novembro,10.0
2021,Niassa,Mandimba,Outubro,10.0
2021,Niassa,Mandimba,Setembro,10.0
2021,Niassa,Mandimba,Agosto,10.0
2021,Niassa,Mandimba,Julho,10.0
2021,Niassa,Mandimba,Junho,9.0
2021,Niassa,Mandimba,Maio,11.0
2021,Niassa,Lago,Janeiro,26.0
2021,Niassa,Lago,Dezembro,13.0
2021,Niassa,Cuamba,Novembro,118.0
2021,Niassa,Cuamba,Outubro,118.0
2021,Cabo Delgado,Quissanga,Maio,5.0
2021,Cabo Delgado,Pemba-Metuge,Fevereiro,28.0
2021,Cabo Delgado,Quissanga,Janeiro,5.0
2021,Cabo Delgado,Pemba-Metuge,Dezembro,29.0
2021,Cabo Delgado,Pemba-Metuge,Novembro,30.0
2021,Cabo Delgado,Pemba-Metuge,Outubro,31.0
2021,Cabo Delgado,Pemba-Metuge,Setembro,33.0
2021,Cabo Delgado,Pemba-Metuge,Agosto,29.0
2021,Cabo Delgado,Pemba-Metuge,Julho,28.0
2021,Cabo Delgado,Pemba-Metuge,Junho,27.0
2021,Cabo Delgado,Pemba-Metuge,Maio,27.0
2021,Cabo Delgado,Pemba-Metuge,Abril,28.0
2021,Cabo Delgado,Pemba-Metuge,Março,27.0
2021,Cabo Delgado,Pemba-Metuge,Janeiro,28.0
2021,Niassa,Maúa,Junho,17.0
2021,Cabo Delgado,Palma,Dezembro,22.0
2021,Cabo Delgado,Palma,Novembro,22.0
2021,Cabo Delgado,Palma,Outubro,22.0
2021,Cabo Delgado,Palma,Setembro,41.0
2021,Cabo Delgado,Palma,Agosto,45.0
2021,Cabo Delgado,Palma,Julho,45.0
2021,Cabo Delgado,Palma,Junho,45.0
2021,Cabo Delgado,Palma,Maio,35.0
2021,Cabo Delgado,Palma,Abril,44.0
2021,Cabo Delgado,Palma,Março,47.0
2021,Cabo Delgado,Quissanga,Julho,5.0
2021,Niassa,Maúa,Agosto,24.0
2021,Niassa,Cuamba,Agosto,115.0
2021,Cabo Delgado,Quissanga,Agosto,5.0
2021,Niassa,Cuamba,Setembro,118.0
2021,Cabo Delgado,Quissanga,Março,5.0
2021,Niassa,Cuamba,Julho,108.0
2021,Niassa,Cuamba,Junho,109.0
2021,Niassa,Cuamba,Maio,105.0
2021,Niassa,Cuamba,Abril,108.0
2021,Niassa,Cuamba,Março,116.0
2021,Niassa,Cuamba,Fevereiro,118.0
2021,Niassa,Cuamba,Janeiro,116.0
2021,Niassa,Cidade de Lichinga,Dezembro,343.0
2021,Niassa,Cidade de Lichinga,Novembro,357.0
2021,Niassa,Cidade de Lichinga,Outubro,357.0
2021,Niassa,Cidade de Lichinga,Setembro,353.0
2021,Niassa,Cidade de Lichinga,Agosto,357.0
2021,Niassa,Cidade de Lichinga,Julho,352.0
2021,Niassa,Cidade de Lichinga,Junho,349.0
2021,Niassa,Cidade de Lichinga,Maio,334.0
2021,Niassa,Cidade de Lichinga,Abril,340.0
2021,Niassa,Cidade de Lichinga,Março,382.0
2021,Niassa,Cidade de Lichinga,Fevereiro,389.0
2021,Niassa,Cidade de Lichinga,Janeiro,387.0
2021,Cabo Delgado,Quissanga,Dezembro,3.0
2021,Cabo Delgado,Quissanga,Novembro,5.0
2021,Cabo Delgado,Quissanga,Outubro,5.0
2021,Cabo Delgado,Quissanga,Setembro,6.0
2021,Cabo Delgado,Quissanga,Junho,5.0
2021,Cabo Delgado,Quissanga,Fevereiro,5.0
2021,Niassa,Nipepe,Agosto,5.0
2021,Niassa,Maúa,Outubro,26.0
2021,Niassa,Muembe,Julho,3.0
2021,Cabo Delgado,Palma,Fevereiro,55.0
2021,Niassa,Nipepe,Junho,5.0
2021,Niassa,Nipepe,Maio,4.0
2021,Niassa,Nipepe,Abril,4.0
2021,Niassa,Nipepe,Março,7.0
2021,Niassa,Nipepe,Fevereiro,7.0
2021,Niassa,Nipepe,Janeiro,7.0
2021,Niassa,N´gauma,Dezembro,1.0
2021,Niassa,N´gauma,Novembro,1.0
2021,Niassa,N´gauma,Outubro,1.0
2021,Niassa,N´gauma,Setembro,4.0
2021,Niassa,N´gauma,Agosto,0.0
2021,Niassa,N´gauma,Julho,0.0
2021,Niassa,N´gauma,Junho,0.0
2021,Niassa,N´gauma,Maio,0.0
2021,Niassa,N´gauma,Abril,0.0
2021,Niassa,N´gauma,Março,1.0
2021,Niassa,N´gauma,Fevereiro,2.0
2021,Niassa,N´gauma,Janeiro,2.0
2021,Niassa,Muembe,Dezembro,3.0
2021,Niassa,Muembe,Novembro,3.0
2021,Niassa,Muembe,Outubro,3.0
2021,Niassa,Muembe,Setembro,3.0
2021,Niassa,Muembe,Agosto,3.0
2021,Niassa,Nipepe,Outubro,6.0
2021,Niassa,Nipepe,Setembro,6.0
2021,Niassa,Nipepe,Julho,5.0
2021,Niassa,Nipepe,Dezembro,6.0
2021,Zambézia,Alto Molócuè,Janeiro,72.0
2021,Niassa,Chimbunhila,Dezembro,3.0
2021,Niassa,Chimbunhila,Novembro,0.0
2021,Niassa,Chimbunhila,Outubro,1.0
2021,Niassa,Chimbunhila,Setembro,2.0
2021,Niassa,Chimbunhila,Agosto,3.0
2021,Niassa,Chimbunhila,Julho,3.0
2021,Niassa,Chimbunhila,Junho,3.0
2021,Niassa,Chimbunhila,Maio,4.0
2021,Niassa,Chimbunhila,Abril,4.0
2021,Niassa,Chimbunhila,Março,4.0
2021,Niassa,Chimbunhila,Fevereiro,4.0
2021,Niassa,Nipepe,Novembro,6.0
2021,Niassa,Sanga,Dezembro,9.0
2021,Niassa,Sanga,Novembro,9.0
2021,Niassa,Sanga,Outubro,9.0
2021,Niassa,Sanga,Setembro,6.0
2021,Niassa,Sanga,Agosto,7.0
2021,Niassa,Sanga,Julho,6.0
2021,Niassa,Sanga,Junho,4.0
2021,Niassa,Sanga,Maio,4.0
2021,Niassa,Sanga,Abril,4.0
2021,Niassa,Sanga,Março,4.0
2021,Niassa,Sanga,Fevereiro,4.0
2021,Niassa,Sanga,Janeiro,4.0
2021,Zambézia,Alto Molócuè,Fevereiro,71.0
2021,Cabo Delgado,Quissanga,Abril,5.0
2021,Niassa,Mecula,Janeiro,11.0
2021,Niassa,Muembe,Junho,3.0
2021,Niassa,Muembe,Maio,3.0
2021,Niassa,Mecanhelas,Outubro,26.0
2021,Niassa,Mecanhelas,Setembro,28.0
2021,Niassa,Mecanhelas,Agosto,27.0
2021,Niassa,Mecanhelas,Julho,27.0
2021,Niassa,Mecanhelas,Junho,29.0
2021,Niassa,Mecanhelas,Maio,30.0
2021,Niassa,Mecanhelas,Abril,29.0
2021,Niassa,Mecanhelas,Março,35.0
2021,Niassa,Mecanhelas,Fevereiro,39.0
2021,Niassa,Mecanhelas,Janeiro,39.0
2021,Niassa,Mavago,Dezembro,2.0
2021,Niassa,Mavago,Novembro,3.0
2021,Niassa,Mavago,Outubro,3.0
2021,Niassa,Mavago,Setembro,3.0
2021,Niassa,Mavago,Agosto,3.0
2021,Niassa,Mavago,Julho,3.0
2021,Niassa,Mavago,Junho,5.0
2021,Niassa,Mavago,Maio,4.0
2021,Niassa,Mavago,Abril,5.0
2021,Niassa,Mavago,Março,12.0
2021,Niassa,Mavago,Fevereiro,12.0
2021,Niassa,Mavago,Janeiro,12.0
2021,Niassa,Maúa,Dezembro,23.0
2021,Niassa,Maúa,Novembro,26.0
2021,Niassa,Muembe,Abril,3.0
2021,Niassa,Mecanhelas,Novembro,25.0
2021,Niassa,Mecanhelas,Dezembro,22.0
2021,Niassa,Maúa,Setembro,26.0
2021,Niassa,Mecula,Fevereiro,12.0
2021,Niassa,Muembe,Fevereiro,4.0
2021,Niassa,Muembe,Janeiro,4.0
2021,Niassa,Metarica,Dezembro,4.0
2021,Niassa,Metarica,Novembro,5.0
2021,Niassa,Metarica,Outubro,5.0
2021,Niassa,Metarica,Setembro,5.0
2021,Niassa,Metarica,Agosto,4.0
2021,Niassa,Metarica,Julho,4.0
2021,Niassa,Metarica,Junho,4.0
2021,Niassa,Metarica,Maio,4.0
2021,Niassa,Metarica,Abril,4.0
2021,Niassa,Metarica,Março,4.0
2021,Niassa,Metarica,Fevereiro,4.0
2021,Niassa,Metarica,Janeiro,4.0
2021,Niassa,Mecula,Dezembro,6.0
2021,Niassa,Mecula,Novembro,6.0
2021,Niassa,Mecula,Outubro,7.0
2021,Niassa,Mecula,Setembro,7.0
2021,Niassa,Mecula,Agosto,6.0
2021,Niassa,Mecula,Julho,6.0
2021,Niassa,Mecula,Junho,6.0
2021,Niassa,Mecula,Maio,5.0
2021,Niassa,Mecula,Abril,5.0
2021,Niassa,Mecula,Março,12.0
2021,Niassa,Muembe,Março,3.0
2021,Cabo Delgado,Palma,Janeiro,48.0
2021,Cabo Delgado,Mecufi,Agosto,6.0
2021,Cabo Delgado,Nangade,Novembro,10.0
2021,Nampula,Larde,Junho,0.0
2021,Cabo Delgado,Ancuabe,Junho,29.0
2021,Cabo Delgado,Ancuabe,Maio,30.0
2021,Cabo Delgado,Ancuabe,Abril,30.0
2021,Cabo Delgado,Ancuabe,Março,30.0
2021,Cabo Delgado,Ancuabe,Fevereiro,30.0
2021,Cabo Delgado,Ancuabe,Janeiro,29.0
2021,Cabo Delgado,Cidade de Pemba,Dezembro,799.0
2021,Cabo Delgado,Cidade de Pemba,Novembro,789.0
2021,Cabo Delgado,Cidade de Pemba,Outubro,773.0
2021,Cabo Delgado,Cidade de Pemba,Setembro,762.0
2021,Cabo Delgado,Cidade de Pemba,Agosto,766.0
2021,Cabo Delgado,Cidade de Pemba,Julho,763.0
2021,Cabo Delgado,Cidade de Pemba,Junho,765.0
2021,Cabo Delgado,Cidade de Pemba,Maio,765.0
2021,Cabo Delgado,Cidade de Pemba,Abril,757.0
2021,Cabo Delgado,Cidade de Pemba,Março,778.0
2021,Cabo Delgado,Cidade de Pemba,Fevereiro,794.0
2021,Cabo Delgado,Cidade de Pemba,Janeiro,798.0
2021,Nampula,Larde,Dezembro,0.0
2021,Nampula,Larde,Novembro,0.0
2021,Nampula,Larde,Outubro,0.0
2021,Nampula,Larde,Setembro,0.0
2021,Nampula,Larde,Agosto,0.0
2021,Nampula,Larde,Julho,0.0
2021,Nampula,Rapale-Nampula,Dezembro,9.0
2021,Cabo Delgado,Ancuabe,Agosto,34.0
2021,Cabo Delgado,Ancuabe,Setembro,30.0
2021,Cabo Delgado,Ancuabe,Outubro,30.0
2021,Cabo Delgado,Ancuabe,Novembro,28.0
2021,Cabo Delgado,Chiúre,Novembro,29.0
2021,Cabo Delgado,Chiúre,Outubro,31.0
2021,Cabo Delgado,Chiúre,Setembro,32.0
2021,Cabo Delgado,Chiúre,Agosto,28.0
2021,Cabo Delgado,Chiúre,Julho,28.0
2021,Cabo Delgado,Chiúre,Junho,30.0
2021,Cabo Delgado,Chiúre,Maio,30.0
2021,Cabo Delgado,Chiúre,Abril,31.0
2021,Cabo Delgado,Chiúre,Março,30.0
2021,Cabo Delgado,Chiúre,Fevereiro,33.0
2021,Cabo Delgado,Chiúre,Janeiro,35.0
2021,Cabo Delgado,Balama,Dezembro,40.0
2021,Cabo Delgado,Balama,Novembro,41.0
2021,Cabo Delgado,Balama,Outubro,41.0
2021,Cabo Delgado,Balama,Setembro,42.0
2021,Cabo Delgado,Balama,Agosto,38.0
2021,Cabo Delgado,Balama,Julho,34.0
2021,Cabo Delgado,Balama,Junho,33.0
2021,Cabo Delgado,Balama,Maio,34.0
2021,Cabo Delgado,Balama,Abril,28.0
2021,Cabo Delgado,Balama,Março,29.0
2021,Cabo Delgado,Balama,Fevereiro,30.0
2021,Cabo Delgado,Balama,Janeiro,32.0
2021,Cabo Delgado,Ancuabe,Dezembro,28.0
2021,Cabo Delgado,Chiúre,Dezembro,27.0
2021,Nampula,Nacaroa,Julho,10.0
2021,Cabo Delgado,Ibo,Janeiro,10.0
2021,Nampula,Larde,Março,0.0
2021,Nampula,Namapa-Erati,Setembro,26.0
2021,Nampula,Rapale-Nampula,Agosto,6.0
2021,Nampula,Rapale-Nampula,Julho,6.0
2021,Nampula,Rapale-Nampula,Junho,8.0
2021,Nampula,Rapale-Nampula,Maio,9.0
2021,Nampula,Rapale-Nampula,Abril,9.0
2021,Nampula,Rapale-Nampula,Março,16.0
2021,Nampula,Rapale-Nampula,Fevereiro,16.0
2021,Nampula,Rapale-Nampula,Janeiro,16.0
2021,Nampula,Namapa-Erati,Dezembro,26.0
2021,Nampula,Namapa-Erati,Novembro,27.0
2021,Nampula,Namapa-Erati,Outubro,27.0
2021,Nampula,Namapa-Erati,Agosto,26.0
2021,Nampula,Rapale-Nampula,Outubro,8.0
2021,Nampula,Namapa-Erati,Julho,25.0
2021,Nampula,Namapa-Erati,Junho,26.0
2021,Nampula,Namapa-Erati,Maio,22.0
2021,Nampula,Namapa-Erati,Abril,22.0
2021,Nampula,Namapa-Erati,Março,27.0
2021,Nampula,Namapa-Erati,Fevereiro,27.0
2021,Nampula,Namapa-Erati,Janeiro,29.0
2021,Nampula,Nacaroa,Dezembro,11.0
2021,Nampula,Nacaroa,Novembro,11.0
2021,Nampula,Nacaroa,Outubro,11.0
2021,Nampula,Nacaroa,Setembro,11.0
2021,Nampula,Larde,Abril,0.0
2021,Nampula,Larde,Maio,0.0
2021,Nampula,Rapale-Nampula,Novembro,9.0
2021,Nampula,Ribaué,Fevereiro,66.0
2021,Nampula,Rapale-Nampula,Setembro,8.0
2021,Nampula,Larde,Fevereiro,0.0
2021,Nampula,Larde,Janeiro,0.0
2021,Nampula,Liupo,Dezembro,0.0
2021,Nampula,Liupo,Novembro,0.0
2021,Nampula,Liupo,Outubro,0.0
2021,Nampula,Liupo,Setembro,0.0
2021,Nampula,Liupo,Agosto,0.0
2021,Nampula,Liupo,Julho,0.0
2021,Nampula,Liupo,Junho,0.0
2021,Nampula,Liupo,Maio,0.0
2021,Nampula,Liupo,Abril,0.0
2021,Nampula,Liupo,Março,0.0
2021,Nampula,Liupo,Fevereiro,0.0
2021,Nampula,Liupo,Janeiro,0.0
2021,Nampula,Ribaué,Dezembro,50.0
2021,Nampula,Ribaué,Novembro,50.0
2021,Nampula,Ribaué,Outubro,51.0
2021,Nampula,Ribaué,Setembro,48.0
2021,Nampula,Ribaué,Agosto,52.0
2021,Nampula,Ribaué,Julho,52.0
2021,Nampula,Ribaué,Junho,54.0
2021,Nampula,Ribaué,Maio,54.0
2021,Nampula,Ribaué,Abril,53.0
2021,Nampula,Ribaué,Março,60.0
2021,Nampula,Ribaué,Janeiro,67.0
2021,Nampula,Lalaua,Junho,3.0
2021,Cabo Delgado,Ibo,Fevereiro,10.0
2021,Cabo Delgado,Ibo,Maio,8.0
2021,Cabo Delgado,Muidumbe,Maio,3.0
2021,Cabo Delgado,Muidumbe,Abril,3.0
2021,Cabo Delgado,Muidumbe,Março,3.0
2021,Cabo Delgado,Muidumbe,Fevereiro,3.0
2021,Cabo Delgado,Muidumbe,Janeiro,3.0
2021,Cabo Delgado,Mueda,Dezembro,21.0
2021,Cabo Delgado,Mueda,Novembro,23.0
2021,Cabo Delgado,Mueda,Outubro,25.0
2021,Cabo Delgado,Mueda,Setembro,24.0
2021,Cabo Delgado,Mueda,Agosto,23.0
2021,Cabo Delgado,Mueda,Julho,22.0
2021,Cabo Delgado,Mueda,Junho,21.0
2021,Cabo Delgado,Mueda,Maio,17.0
2021,Cabo Delgado,Mueda,Abril,16.0
2021,Cabo Delgado,Mueda,Março,15.0
2021,Cabo Delgado,Mueda,Fevereiro,14.0
2021,Cabo Delgado,Mueda,Janeiro,13.0
2021,Cabo Delgado,Montepuez,Dezembro,97.0
2021,Cabo Delgado,Montepuez,Novembro,96.0
2021,Cabo Delgado,Montepuez,Outubro,96.0
2021,Cabo Delgado,Montepuez,Setembro,96.0
2021,Cabo Delgado,Montepuez,Agosto,108.0
2021,Cabo Delgado,Montepuez,Julho,108.0
2021,Cabo Delgado,Montepuez,Junho,115.0
2021,Cabo Delgado,Montepuez,Maio,107.0
2021,Cabo Delgado,Ibo,Março,10.0
2021,Cabo Delgado,Montepuez,Abril,108.0
2021,Cabo Delgado,Montepuez,Março,111.0
2021,Cabo Delgado,Muidumbe,Setembro,2.0
2021,Cabo Delgado,Muidumbe,Junho,3.0
2021,Cabo Delgado,Nangade,Setembro,12.0
2021,Cabo Delgado,Nangade,Agosto,12.0
2021,Cabo Delgado,Nangade,Julho,12.0
2021,Cabo Delgado,Nangade,Junho,13.0
2021,Cabo Delgado,Nangade,Maio,13.0
2021,Cabo Delgado,Nangade,Abril,13.0
2021,Cabo Delgado,Nangade,Março,14.0
2021,Cabo Delgado,Nangade,Fevereiro,13.0
2021,Cabo Delgado,Nangade,Janeiro,12.0
2021,Cabo Delgado,Namuno,Dezembro,13.0
2021,Cabo Delgado,Namuno,Novembro,11.0
2021,Cabo Delgado,Namuno,Outubro,11.0
2021,Cabo Delgado,Namuno,Setembro,11.0
2021,Cabo Delgado,Namuno,Agosto,15.0
2021,Cabo Delgado,Namuno,Julho,15.0
2021,Cabo Delgado,Namuno,Junho,15.0
2021,Cabo Delgado,Namuno,Maio,14.0
2021,Cabo Delgado,Namuno,Abril,14.0
2021,Cabo Delgado,Namuno,Março,14.0
2021,Cabo Delgado,Namuno,Fevereiro,16.0
2021,Cabo Delgado,Namuno,Janeiro,17.0
2021,Cabo Delgado,Muidumbe,Dezembro,2.0
2021,Cabo Delgado,Muidumbe,Novembro,2.0
2021,Cabo Delgado,Muidumbe,Outubro,2.0
2021,Cabo Delgado,Muidumbe,Agosto,3.0
2021,Cabo Delgado,Ibo,Abril,8.0
2021,Cabo Delgado,Muidumbe,Julho,3.0
2021,Cabo Delgado,Ancuabe,Julho,32.0
2021,Cabo Delgado,Mecufi,Junho,6.0
2021,Cabo Delgado,Mecufi,Maio,6.0
2021,Cabo Delgado,Mecufi,Abril,6.0
2021,Cabo Delgado,Mecufi,Março,6.0
2021,Cabo Delgado,Mecufi,Fevereiro,8.0
2021,Cabo Delgado,Mecufi,Janeiro,7.0
2021,Cabo Delgado,Macomia,Dezembro,14.0
2021,Cabo Delgado,Macomia,Novembro,13.0
2021,Cabo Delgado,Macomia,Outubro,16.0
2021,Cabo Delgado,Macomia,Setembro,16.0
2021,Cabo Delgado,Macomia,Agosto,17.0
2021,Cabo Delgado,Macomia,Julho,17.0
2021,Cabo Delgado,Macomia,Junho,17.0
2021,Cabo Delgado,Macomia,Maio,17.0
2021,Cabo Delgado,Macomia,Abril,17.0
2021,Cabo Delgado,Macomia,Março,17.0
2021,Cabo Delgado,Macomia,Fevereiro,17.0
2021,Cabo Delgado,Macomia,Janeiro,17.0
2021,Cabo Delgado,Ibo,Dezembro,8.0
2021,Cabo Delgado,Ibo,Novembro,9.0
2021,Cabo Delgado,Ibo,Outubro,10.0
2021,Cabo Delgado,Ibo,Setembro,10.0
2021,Cabo Delgado,Ibo,Agosto,10.0
2021,Cabo Delgado,Ibo,Julho,9.0
2021,Cabo Delgado,Ibo,Junho,9.0
2021,Cabo Delgado,Mocimboa da Praia,Dezembro,45.0
2021,Cabo Delgado,Montepuez,Fevereiro,120.0
2021,Cabo Delgado,Montepuez,Janeiro,119.0
2021,Cabo Delgado,Mecufi,Outubro,6.0
2021,Cabo Delgado,Mecufi,Julho,6.0
2021,Cabo Delgado,Mocimboa da Praia,Novembro,46.0
2021,Cabo Delgado,Mocimboa da Praia,Outubro,49.0
2021,Cabo Delgado,Mocimboa da Praia,Setembro,57.0
2021,Cabo Delgado,Mocimboa da Praia,Agosto,57.0
2021,Cabo Delgado,Mocimboa da Praia,Julho,58.0
2021,Cabo Delgado,Mocimboa da Praia,Junho,58.0
2021,Cabo Delgado,Mocimboa da Praia,Maio,56.0
2021,Cabo Delgado,Mocimboa da Praia,Abril,55.0
2021,Cabo Delgado,Mocimboa da Praia,Março,56.0
2021,Cabo Delgado,Mocimboa da Praia,Fevereiro,60.0
2021,Cabo Delgado,Mocimboa da Praia,Janeiro,66.0
2021,Cabo Delgado,Meluco,Novembro,6.0
2021,Cabo Delgado,Meluco,Outubro,6.0
2021,Cabo Delgado,Meluco,Setembro,7.0
2021,Cabo Delgado,Meluco,Agosto,5.0
2021,Cabo Delgado,Meluco,Julho,5.0
2021,Cabo Delgado,Meluco,Junho,4.0
2021,Cabo Delgado,Meluco,Maio,3.0
2021,Cabo Delgado,Meluco,Abril,3.0
2021,Cabo Delgado,Meluco,Março,4.0
2021,Cabo Delgado,Meluco,Fevereiro,3.0
2021,Cabo Delgado,Meluco,Janeiro,3.0
2021,Cabo Delgado,Mecufi,Dezembro,6.0
2021,Cabo Delgado,Mecufi,Novembro,5.0
2021,Cabo Delgado,Mecufi,Setembro,6.0
2021,Nampula,Nacaroa,Agosto,11.0
2021,Manica,Bárue,Agosto,34.0
2021,Tete,Doa,Setembro,0.0
2021,Sofala,Buzi,Maio,32.0
2021,Inhambane,Funhaloro,Dezembro,37.0
2021,Inhambane,Funhaloro,Novembro,37.0
2021,Inhambane,Funhaloro,Outubro,34.0
2021,Inhambane,Funhaloro,Setembro,35.0
2021,Inhambane,Funhaloro,Agosto,35.0
2021,Inhambane,Funhaloro,Julho,35.0
2021,Inhambane,Funhaloro,Junho,36.0
2021,Inhambane,Funhaloro,Maio,34.0
2021,Inhambane,Funhaloro,Abril,36.0
2021,Inhambane,Govuro,Março,22.0
2021,Inhambane,Govuro,Maio,20.0
2021,Inhambane,Funhaloro,Março,38.0
2021,Inhambane,Cidade de Maxixe,Dezembro,350.0
2021,Inhambane,Cidade de Maxixe,Novembro,348.0
2021,Inhambane,Cidade de Maxixe,Outubro,342.0
2021,Inhambane,Cidade de Maxixe,Setembro,338.0
2021,Inhambane,Cidade de Maxixe,Agosto,335.0
2021,Inhambane,Cidade de Maxixe,Julho,334.0
2021,Inhambane,Cidade de Maxixe,Junho,334.0
2021,Inhambane,Cidade de Maxixe,Maio,331.0
2021,Inhambane,Cidade de Maxixe,Abril,335.0
2021,Inhambane,Cidade de Maxixe,Março,331.0
2021,Inhambane,Funhaloro,Fevereiro,43.0
2021,Inhambane,Funhaloro,Janeiro,43.0
2021,Inhambane,Cidade de Inhambane,Novembro,427.0
2021,Inhambane,Govuro,Junho,22.0
2021,Inhambane,Inharrime,Junho,53.0
2021,Inhambane,Inharrime,Maio,46.0
2021,Inhambane,Inharrime,Abril,46.0
2021,Inhambane,Inharrime,Março,47.0
2021,Inhambane,Inharrime,Fevereiro,52.0
2021,Inhambane,Inharrime,Janeiro,53.0
2021,Inhambane,Homoine,Dezembro,22.0
2021,Inhambane,Homoine,Novembro,23.0
2021,Inhambane,Homoine,Outubro,24.0
2021,Inhambane,Homoine,Setembro,24.0
2021,Inhambane,Homoine,Agosto,23.0
2021,Inhambane,Homoine,Julho,24.0
2021,Inhambane,Homoine,Junho,23.0
2021,Inhambane,Homoine,Maio,22.0
2021,Inhambane,Homoine,Abril,23.0
2021,Inhambane,Homoine,Março,23.0
2021,Inhambane,Homoine,Fevereiro,24.0
2021,Inhambane,Homoine,Janeiro,24.0
2021,Inhambane,Govuro,Dezembro,26.0
2021,Inhambane,Govuro,Novembro,25.0
2021,Inhambane,Govuro,Outubro,26.0
2021,Inhambane,Govuro,Setembro,25.0
2021,Inhambane,Govuro,Agosto,24.0
2021,Inhambane,Govuro,Julho,22.0
2021,Inhambane,Cidade de Maxixe,Fevereiro,341.0
2021,Inhambane,Cidade de Maxixe,Janeiro,347.0
2021,Inhambane,Govuro,Abril,21.0
2021,Inhambane,Cidade de Inhambane,Dezembro,438.0
2021,Gaza,Mapai,Maio,0.0
2021,Inhambane,Inharrime,Outubro,54.0
2021,Gaza,Mapai,Julho,0.0
2021,Gaza,Mapai,Março,0.0
2021,Gaza,Mapai,Fevereiro,0.0
2021,Gaza,Mapai,Janeiro,0.0
2021,Gaza,Chonguene,Dezembro,0.0
2021,Gaza,Chonguene,Novembro,0.0
2021,Gaza,Chonguene,Outubro,0.0
2021,Gaza,Chonguene,Setembro,0.0
2021,Gaza,Chonguene,Agosto,0.0
2021,Gaza,Chonguene,Julho,0.0
2021,Gaza,Chonguene,Junho,0.0
2021,Gaza,Chonguene,Maio,0.0
2021,Gaza,Chonguene,Abril,0.0
2021,Gaza,Chonguene,Março,0.0
2021,Gaza,Chonguene,Fevereiro,0.0
2021,Gaza,Chonguene,Janeiro,0.0
2021,Gaza,Massingir,Dezembro,18.0
2021,Gaza,Massingir,Novembro,19.0
2021,Gaza,Massingir,Outubro,19.0
2021,Gaza,Massingir,Setembro,19.0
2021,Gaza,Massingir,Agosto,20.0
2021,Gaza,Massingir,Julho,21.0
2021,Gaza,Massingir,Junho,20.0
2021,Gaza,Massingir,Maio,20.0
2021,Gaza,Mapai,Junho,0.0
2021,Gaza,Mapai,Abril,0.0
2021,Inhambane,Inharrime,Julho,54.0
2021,Gaza,Mapai,Setembro,0.0
2021,Inhambane,Inharrime,Setembro,55.0
2021,Inhambane,Cidade de Inhambane,Outubro,422.0
2021,Inhambane,Cidade de Inhambane,Agosto,414.0
2021,Inhambane,Cidade de Inhambane,Julho,416.0
2021,Inhambane,Cidade de Inhambane,Junho,421.0
2021,Inhambane,Cidade de Inhambane,Maio,421.0
2021,Inhambane,Cidade de Inhambane,Abril,422.0
2021,Inhambane,Cidade de Inhambane,Março,430.0
2021,Inhambane,Cidade de Inhambane,Fevereiro,464.0
2021,Inhambane,Cidade de Inhambane,Janeiro,460.0
2021,Gaza,Limpopo,Dezembro,0.0
2021,Gaza,Limpopo,Novembro,0.0
2021,Gaza,Limpopo,Outubro,0.0
2021,Gaza,Limpopo,Setembro,0.0
2021,Gaza,Limpopo,Agosto,0.0
2021,Gaza,Limpopo,Julho,0.0
2021,Gaza,Limpopo,Junho,0.0
2021,Gaza,Limpopo,Maio,0.0
2021,Gaza,Limpopo,Abril,0.0
2021,Gaza,Limpopo,Março,0.0
2021,Gaza,Limpopo,Fevereiro,0.0
2021,Gaza,Limpopo,Janeiro,0.0
2021,Gaza,Mapai,Dezembro,0.0
2021,Gaza,Mapai,Novembro,0.0
2021,Gaza,Mapai,Outubro,0.0
2021,Gaza,Mapai,Agosto,0.0
2021,Inhambane,Cidade de Inhambane,Setembro,418.0
2021,Gaza,Massingir,Janeiro,32.0
2021,Inhambane,Inharrime,Novembro,55.0
2021,Inhambane,Vilankulo,Setembro,262.0
2021,Inhambane,Vilankulo,Agosto,257.0
2021,Inhambane,Vilankulo,Julho,257.0
2021,Inhambane,Vilankulo,Junho,256.0
2021,Inhambane,Vilankulo,Maio,253.0
2021,Inhambane,Vilankulo,Abril,253.0
2021,Inhambane,Vilankulo,Março,255.0
2021,Inhambane,Vilankulo,Fevereiro,274.0
2021,Inhambane,Vilankulo,Janeiro,275.0
2021,Inhambane,Panda,Dezembro,10.0
2021,Inhambane,Panda,Novembro,9.0
2021,Inhambane,Panda,Outubro,10.0
2021,Inhambane,Panda,Setembro,11.0
2021,Inhambane,Panda,Agosto,10.0
2021,Inhambane,Panda,Julho,10.0
2021,Inhambane,Panda,Junho,11.0
2021,Inhambane,Panda,Maio,12.0
2021,Inhambane,Panda,Abril,14.0
2021,Inhambane,Panda,Março,15.0
2021,Inhambane,Panda,Fevereiro,15.0
2021,Inhambane,Panda,Janeiro,15.0
2021,Inhambane,Morrumbene,Dezembro,57.0
2021,Inhambane,Morrumbene,Novembro,55.0
2021,Inhambane,Morrumbene,Outubro,56.0
2021,Inhambane,Vilankulo,Novembro,263.0
2021,Inhambane,Morrumbene,Setembro,55.0
2021,Inhambane,Vilankulo,Dezembro,271.0
2021,Inhambane,Morrumbene,Agosto,55.0
2021,Inhambane,Morrumbene,Junho,55.0
2021,Sofala,Buzi,Fevereiro,38.0
2021,Sofala,Buzi,Janeiro,39.0
2021,Sofala,Cidade da Beira,Dezembro,2355.0
2021,Sofala,Cidade da Beira,Novembro,2356.0
2021,Sofala,Cidade da Beira,Outubro,2338.0
2021,Sofala,Cidade da Beira,Setembro,2353.0
2021,Sofala,Cidade da Beira,Agosto,2366.0
2021,Sofala,Cidade da Beira,Julho,2378.0
2021,Sofala,Cidade da Beira,Junho,2388.0
2021,Sofala,Cidade da Beira,Maio,2360.0
2021,Sofala,Cidade da Beira,Abril,2371.0
2021,Sofala,Cidade da Beira,Março,2425.0
2021,Sofala,Cidade da Beira,Fevereiro,2525.0
2021,Sofala,Cidade da Beira,Janeiro,2536.0
2021,Inhambane,Zavala (Quissico),Dezembro,51.0
2021,Inhambane,Zavala (Quissico),Novembro,52.0
2021,Inhambane,Zavala (Quissico),Outubro,52.0
2021,Inhambane,Zavala (Quissico),Setembro,54.0
2021,Inhambane,Zavala (Quissico),Agosto,48.0
2021,Inhambane,Zavala (Quissico),Julho,44.0
2021,Inhambane,Zavala (Quissico),Junho,45.0
2021,Inhambane,Zavala (Quissico),Maio,43.0
2021,Inhambane,Zavala (Quissico),Abril,42.0
2021,Inhambane,Zavala (Quissico),Março,44.0
2021,Inhambane,Zavala (Quissico),Janeiro,48.0
2021,Gaza,Massingir,Abril,21.0
2021,Inhambane,Zavala (Quissico),Fevereiro,46.0
2021,Gaza,Massingir,Fevereiro,33.0
2021,Inhambane,Jangamo,Dezembro,37.0
2021,Inhambane,Morrumbene,Maio,54.0
2021,Inhambane,Jangamo,Outubro,43.0
2021,Inhambane,Jangamo,Setembro,42.0
2021,Inhambane,Jangamo,Agosto,45.0
2021,Inhambane,Jangamo,Julho,47.0
2021,Inhambane,Jangamo,Junho,48.0
2021,Inhambane,Jangamo,Maio,46.0
2021,Inhambane,Jangamo,Abril,44.0
2021,Inhambane,Jangamo,Março,46.0
2021,Inhambane,Jangamo,Fevereiro,50.0
2021,Inhambane,Jangamo,Janeiro,52.0
2021,Inhambane,Inhassoro,Dezembro,82.0
2021,Inhambane,Inhassoro,Novembro,85.0
2021,Inhambane,Inhassoro,Outubro,88.0
2021,Inhambane,Inhassoro,Setembro,88.0
2021,Inhambane,Inhassoro,Agosto,85.0
2021,Inhambane,Inhassoro,Julho,85.0
2021,Inhambane,Inhassoro,Junho,87.0
2021,Inhambane,Inhassoro,Maio,84.0
2021,Inhambane,Inhassoro,Abril,75.0
2021,Inhambane,Inhassoro,Março,81.0
2021,Inhambane,Inhassoro,Fevereiro,82.0
2021,Inhambane,Inhassoro,Janeiro,83.0
2021,Inhambane,Inharrime,Dezembro,51.0
2021,Inhambane,Mabote,Janeiro,37.0
2021,Inhambane,Morrumbene,Julho,55.0
2021,Inhambane,Mabote,Fevereiro,37.0
2021,Inhambane,Vilankulo,Outubro,259.0
2021,Inhambane,Jangamo,Novembro,38.0
2021,Inhambane,Morrumbene,Abril,56.0
2021,Inhambane,Morrumbene,Março,58.0
2021,Inhambane,Morrumbene,Fevereiro,62.0
2021,Inhambane,Morrumbene,Janeiro,62.0
2021,Inhambane,Massinga,Dezembro,127.0
2021,Inhambane,Massinga,Novembro,128.0
2021,Inhambane,Massinga,Outubro,128.0
2021,Inhambane,Massinga,Setembro,129.0
2021,Inhambane,Massinga,Agosto,127.0
2021,Inhambane,Massinga,Julho,122.0
2021,Inhambane,Massinga,Junho,123.0
2021,Inhambane,Massinga,Maio,118.0
2021,Inhambane,Massinga,Abril,116.0
2021,Inhambane,Massinga,Março,124.0
2021,Inhambane,Massinga,Fevereiro,133.0
2021,Inhambane,Massinga,Janeiro,133.0
2021,Inhambane,Mabote,Dezembro,34.0
2021,Inhambane,Mabote,Novembro,33.0
2021,Inhambane,Mabote,Outubro,35.0
2021,Inhambane,Mabote,Setembro,35.0
2021,Inhambane,Mabote,Agosto,32.0
2021,Inhambane,Mabote,Julho,32.0
2021,Inhambane,Mabote,Junho,32.0
2021,Inhambane,Mabote,Maio,34.0
2021,Inhambane,Mabote,Março,35.0
2021,Gaza,Massingir,Março,22.0
2021,Inhambane,Mabote,Abril,33.0
2021,Inhambane,Govuro,Janeiro,24.0
2021,Província de Maputo,Matutuíne,Novembro,319.0
2021,Gaza,Mabalane,Novembro,10.0
2021,Sofala,Buzi,Abril,30.0
2021,Província de Maputo,Matutuíne,Agosto,275.0
2021,Província de Maputo,Matutuíne,Julho,274.0
2021,Província de Maputo,Matutuíne,Junho,286.0
2021,Província de Maputo,Matutuíne,Maio,328.0
2021,Província de Maputo,Matutuíne,Abril,327.0
2021,Província de Maputo,Matutuíne,Março,336.0
2021,Província de Maputo,Matutuíne,Fevereiro,350.0
2021,Província de Maputo,Matutuíne,Janeiro,365.0
2021,Província de Maputo,Marracuene,Dezembro,639.0
2021,Província de Maputo,Marracuene,Novembro,633.0
2021,Província de Maputo,Marracuene,Outubro,626.0
2021,Província de Maputo,Marracuene,Setembro,610.0
2021,Província de Maputo,Marracuene,Agosto,619.0
2021,Província de Maputo,Marracuene,Julho,612.0
2021,Província de Maputo,Marracuene,Junho,607.0
2021,Província de Maputo,Marracuene,Maio,591.0
2021,Província de Maputo,Marracuene,Abril,584.0
2021,Província de Maputo,Marracuene,Março,581.0
2021,Província de Maputo,Marracuene,Fevereiro,583.0
2021,Província de Maputo,Marracuene,Janeiro,568.0
2021,Província de Maputo,Manhiça,Dezembro,182.0
2021,Província de Maputo,Manhiça,Novembro,180.0
2021,Província de Maputo,Matutuíne,Dezembro,327.0
2021,Província de Maputo,Manhiça,Outubro,178.0
2021,Província de Maputo,Namaacha,Janeiro,107.0
2021,Província de Maputo,Manhiça,Julho,177.0
2021,Província de Maputo,Boane,Janeiro,821.0
2021,Gaza,Cidade de Xai-Xai,Março,633.0
2021,Gaza,Cidade de Xai-Xai,Janeiro,676.0
2021,Província de Maputo,Moamba,Dezembro,115.0
2021,Província de Maputo,Moamba,Novembro,116.0
2021,Província de Maputo,Moamba,Outubro,123.0
2021,Província de Maputo,Moamba,Setembro,118.0
2021,Província de Maputo,Moamba,Agosto,116.0
2021,Província de Maputo,Moamba,Julho,115.0
2021,Província de Maputo,Moamba,Junho,118.0
2021,Província de Maputo,Moamba,Maio,115.0
2021,Província de Maputo,Moamba,Abril,116.0
2021,Província de Maputo,Moamba,Março,116.0
2021,Província de Maputo,Moamba,Fevereiro,121.0
2021,Província de Maputo,Moamba,Janeiro,124.0
2021,Província de Maputo,Namaacha,Dezembro,119.0
2021,Província de Maputo,Namaacha,Novembro,118.0
2021,Província de Maputo,Namaacha,Outubro,122.0
2021,Província de Maputo,Namaacha,Setembro,121.0
2021,Província de Maputo,Namaacha,Agosto,114.0
2021,Província de Maputo,Namaacha,Julho,116.0
2021,Província de Maputo,Namaacha,Junho,116.0
2021,Província de Maputo,Namaacha,Maio,116.0
2021,Província de Maputo,Namaacha,Abril,108.0
2021,Província de Maputo,Namaacha,Fevereiro,107.0
2021,Gaza,Cidade de Xai-Xai,Maio,579.0
2021,Província de Maputo,Manhiça,Setembro,181.0
2021,Província de Maputo,Namaacha,Março,110.0
2021,Gaza,Cidade de Xai-Xai,Abril,587.0
2021,Gaza,Cidade de Xai-Xai,Fevereiro,680.0
2021,Província de Maputo,Boane,Maio,796.0
2021,Província de Maputo,Manhiça,Agosto,178.0
2021,Província de Maputo,Cidade da Matola,Outubro,3686.0
2021,Província de Maputo,Cidade da Matola,Setembro,3669.0
2021,Província de Maputo,Cidade da Matola,Agosto,3653.0
2021,Província de Maputo,Cidade da Matola,Julho,3662.0
2021,Província de Maputo,Cidade da Matola,Junho,3667.0
2021,Província de Maputo,Cidade da Matola,Maio,3625.0
2021,Província de Maputo,Cidade da Matola,Abril,3549.0
2021,Província de Maputo,Cidade da Matola,Março,3580.0
2021,Província de Maputo,Cidade da Matola,Fevereiro,3609.0
2021,Província de Maputo,Cidade da Matola,Janeiro,3602.0
2021,Província de Maputo,Cidade de Maputo,Dezembro,15339.0
2021,Província de Maputo,Cidade da Matola,Novembro,3716.0
2021,Província de Maputo,Cidade de Maputo,Outubro,15091.0
2021,Província de Maputo,Cidade de Maputo,Agosto,14900.0
2021,Província de Maputo,Cidade de Maputo,Julho,14909.0
2021,Província de Maputo,Cidade de Maputo,Junho,14835.0
2021,Província de Maputo,Cidade de Maputo,Maio,14627.0
2021,Província de Maputo,Cidade de Maputo,Abril,14347.0
2021,Província de Maputo,Cidade de Maputo,Março,14629.0
2021,Província de Maputo,Cidade de Maputo,Fevereiro,14920.0
2021,Zambézia,Cidade de Quelimane,Dezembro,621.0
2021,Província de Maputo,Boane,Fevereiro,813.0
2021,Província de Maputo,Cidade de Maputo,Setembro,15042.0
2021,Zambézia,Cidade de Quelimane,Novembro,624.0
2021,Província de Maputo,Cidade de Maputo,Novembro,15147.0
2021,Província de Maputo,Cidade da Matola,Dezembro,3758.0
2021,Província de Maputo,Boane,Março,807.0
2021,Província de Maputo,Manhiça,Junho,177.0
2021,Província de Maputo,Manhiça,Maio,171.0
2021,Província de Maputo,Manhiça,Abril,169.0
2021,Província de Maputo,Manhiça,Março,176.0
2021,Província de Maputo,Manhiça,Fevereiro,172.0
2021,Província de Maputo,Manhiça,Janeiro,173.0
2021,Província de Maputo,Magude,Dezembro,71.0
2021,Província de Maputo,Magude,Novembro,72.0
2021,Província de Maputo,Magude,Outubro,71.0
2021,Província de Maputo,Magude,Setembro,71.0
2021,Província de Maputo,Magude,Agosto,76.0
2021,Província de Maputo,Magude,Julho,76.0
2021,Província de Maputo,Magude,Junho,75.0
2021,Província de Maputo,Magude,Maio,73.0
2021,Província de Maputo,Magude,Abril,70.0
2021,Província de Maputo,Magude,Março,78.0
2021,Província de Maputo,Magude,Fevereiro,73.0
2021,Província de Maputo,Magude,Janeiro,75.0
2021,Província de Maputo,Boane,Dezembro,876.0
2021,Província de Maputo,Boane,Novembro,858.0
2021,Província de Maputo,Boane,Outubro,844.0
2021,Província de Maputo,Boane,Setembro,831.0
2021,Província de Maputo,Boane,Agosto,814.0
2021,Província de Maputo,Boane,Julho,816.0
2021,Província de Maputo,Boane,Junho,810.0
2021,Província de Maputo,Matutuíne,Setembro,276.0
2021,Província de Maputo,Boane,Abril,791.0
2021,Sofala,Buzi,Março,32.0
2021,Gaza,Cidade de Xai-Xai,Junho,612.0
2021,Gaza,Mabalane,Julho,12.0
2021,Gaza,Mabalane,Junho,12.0
2021,Gaza,Mabalane,Maio,13.0
2021,Gaza,Mabalane,Abril,13.0
2021,Gaza,Mabalane,Março,14.0
2021,Gaza,Mabalane,Fevereiro,16.0
2021,Gaza,Mabalane,Janeiro,17.0
2021,Gaza,Guijá,Dezembro,20.0
2021,Gaza,Guijá,Novembro,18.0
2021,Gaza,Guijá,Outubro,17.0
2021,Gaza,Guijá,Setembro,18.0
2021,Gaza,Guijá,Agosto,13.0
2021,Gaza,Guijá,Julho,13.0
2021,Gaza,Guijá,Junho,13.0
2021,Gaza,Guijá,Maio,12.0
2021,Gaza,Guijá,Abril,13.0
2021,Gaza,Guijá,Março,19.0
2021,Gaza,Guijá,Fevereiro,21.0
2021,Gaza,Guijá,Janeiro,21.0
2021,Gaza,Chókwè,Dezembro,148.0
2021,Gaza,Chókwè,Novembro,151.0
2021,Gaza,Chókwè,Outubro,152.0
2021,Gaza,Chókwè,Setembro,150.0
2021,Gaza,Chókwè,Agosto,152.0
2021,Gaza,Chókwè,Julho,152.0
2021,Gaza,Mabalane,Agosto,12.0
2021,Gaza,Chókwè,Junho,150.0
2021,Gaza,Chókwè,Maio,149.0
2021,Gaza,Chókwè,Março,164.0
2021,Gaza,Massangena,Dezembro,10.0
2021,Gaza,Massangena,Novembro,11.0
2021,Gaza,Massangena,Outubro,11.0
2021,Gaza,Massangena,Setembro,11.0
2021,Gaza,Massangena,Agosto,7.0
2021,Gaza,Massangena,Julho,7.0
2021,Gaza,Massangena,Junho,8.0
2021,Gaza,Massangena,Maio,8.0
2021,Gaza,Massangena,Abril,8.0
2021,Gaza,Massangena,Março,9.0
2021,Gaza,Massangena,Fevereiro,11.0
2021,Gaza,Massangena,Janeiro,13.0
2021,Gaza,Manjacaze,Dezembro,82.0
2021,Gaza,Manjacaze,Novembro,82.0
2021,Gaza,Manjacaze,Outubro,84.0
2021,Gaza,Manjacaze,Setembro,81.0
2021,Gaza,Manjacaze,Agosto,82.0
2021,Gaza,Manjacaze,Julho,81.0
2021,Gaza,Manjacaze,Junho,81.0
2021,Gaza,Manjacaze,Maio,81.0
2021,Gaza,Manjacaze,Abril,81.0
2021,Gaza,Manjacaze,Março,90.0
2021,Gaza,Manjacaze,Fevereiro,90.0
2021,Gaza,Manjacaze,Janeiro,89.0
2021,Gaza,Mabalane,Dezembro,10.0
2021,Gaza,Mabalane,Outubro,10.0
2021,Gaza,Mabalane,Setembro,10.0
2021,Gaza,Cidade de Xai-Xai,Julho,615.0
2021,Gaza,Chibuto,Setembro,94.0
2021,Gaza,Chókwè,Fevereiro,191.0
2021,Gaza,Chibuto,Julho,127.0
2021,Gaza,Chibuto,Junho,126.0
2021,Gaza,Chibuto,Maio,121.0
2021,Gaza,Chibuto,Abril,122.0
2021,Gaza,Chibuto,Março,131.0
2021,Gaza,Chibuto,Fevereiro,138.0
2021,Gaza,Chibuto,Janeiro,146.0
2021,Gaza,Bilene-Macia,Dezembro,220.0
2021,Gaza,Bilene-Macia,Novembro,225.0
2021,Gaza,Bilene-Macia,Outubro,221.0
2021,Gaza,Bilene-Macia,Setembro,219.0
2021,Gaza,Bilene-Macia,Agosto,220.0
2021,Gaza,Bilene-Macia,Julho,218.0
2021,Gaza,Bilene-Macia,Junho,221.0
2021,Gaza,Bilene-Macia,Maio,227.0
2021,Gaza,Bilene-Macia,Abril,226.0
2021,Gaza,Bilene-Macia,Março,237.0
2021,Gaza,Bilene-Macia,Fevereiro,261.0
2021,Gaza,Bilene-Macia,Janeiro,262.0
2021,Gaza,Cidade de Xai-Xai,Dezembro,591.0
2021,Gaza,Cidade de Xai-Xai,Novembro,594.0
2021,Gaza,Cidade de Xai-Xai,Outubro,594.0
2021,Gaza,Cidade de Xai-Xai,Setembro,586.0
2021,Gaza,Chibuto,Outubro,93.0
2021,Gaza,Chókwè,Abril,149.0
2021,Gaza,Chibuto,Novembro,90.0
2021,Gaza,Cidade de Xai-Xai,Agosto,636.0
2021,Gaza,Chibuto,Agosto,112.0
2021,Gaza,Chókwè,Janeiro,193.0
2021,Gaza,Chigubo,Dezembro,5.0
2021,Gaza,Chigubo,Novembro,5.0
2021,Gaza,Chigubo,Outubro,5.0
2021,Gaza,Chigubo,Setembro,5.0
2021,Gaza,Chigubo,Agosto,5.0
2021,Gaza,Chigubo,Julho,4.0
2021,Gaza,Chigubo,Junho,4.0
2021,Gaza,Chigubo,Maio,3.0
2021,Gaza,Chigubo,Abril,3.0
2021,Gaza,Chigubo,Março,4.0
2021,Gaza,Chigubo,Fevereiro,6.0
2021,Gaza,Chigubo,Janeiro,6.0
2021,Gaza,Chicualacuala,Dezembro,12.0
2021,Gaza,Chicualacuala,Novembro,16.0
2021,Gaza,Chicualacuala,Outubro,12.0
2021,Gaza,Chicualacuala,Setembro,14.0
2021,Gaza,Chicualacuala,Agosto,14.0
2021,Gaza,Chicualacuala,Julho,9.0
2021,Gaza,Chicualacuala,Junho,10.0
2021,Gaza,Chicualacuala,Maio,11.0
2021,Gaza,Chicualacuala,Abril,10.0
2021,Gaza,Chicualacuala,Março,11.0
2021,Gaza,Chicualacuala,Fevereiro,13.0
2021,Gaza,Chibuto,Dezembro,97.0
2021,Província de Maputo,Matutuíne,Outubro,313.0
2021,Gaza,Chicualacuala,Janeiro,15.0
2021,Província de Maputo,Cidade de Maputo,Janeiro,14878.0
2021,Inhambane,Inharrime,Agosto,56.0
2021,Tete,Changara,Setembro,11.0
2021,Tete,Changara,Julho,10.0
2021,Tete,Changara,Junho,11.0
2021,Tete,Changara,Maio,11.0
2021,Tete,Changara,Abril,11.0
2021,Tete,Changara,Março,11.0
2021,Tete,Changara,Fevereiro,8.0
2021,Tete,Changara,Janeiro,8.0
2021,Tete,Cahora-Bassa,Dezembro,85.0
2021,Tete,Cahora-Bassa,Novembro,84.0
2021,Tete,Cahora-Bassa,Outubro,84.0
2021,Tete,Cahora-Bassa,Setembro,84.0
2021,Tete,Changara,Agosto,10.0
2021,Tete,Cahora-Bassa,Agosto,91.0
2021,Tete,Cahora-Bassa,Junho,96.0
2021,Tete,Cahora-Bassa,Maio,92.0
2021,Tete,Cahora-Bassa,Abril,92.0
2021,Tete,Cahora-Bassa,Março,93.0
2021,Tete,Cahora-Bassa,Fevereiro,95.0
2021,Tete,Cahora-Bassa,Janeiro,95.0
2021,Tete,Angónia,Dezembro,88.0
2021,Tete,Angónia,Novembro,90.0
2021,Tete,Angónia,Outubro,90.0
2021,Tete,Angónia,Setembro,92.0
2021,Tete,Changara,Outubro,11.0
2021,Tete,Cahora-Bassa,Julho,94.0
2021,Tete,Angónia,Agosto,87.0
2021,Tete,Angónia,Julho,88.0
2021,Tete,Changara,Novembro,9.0
2021,Tete,Chiuta,Dezembro,7.0
2021,Tete,Chiuta,Novembro,7.0
2021,Tete,Chiuta,Outubro,7.0
2021,Tete,Chiuta,Setembro,8.0
2021,Tete,Chiuta,Agosto,9.0
2021,Tete,Chiuta,Julho,9.0
2021,Tete,Chiuta,Junho,8.0
2021,Tete,Chiuta,Maio,8.0
2021,Tete,Chiuta,Abril,8.0
2021,Tete,Chiuta,Março,9.0
2021,Tete,Chiuta,Fevereiro,9.0
2021,Tete,Chiuta,Janeiro,9.0
2021,Tete,Chifunde,Dezembro,8.0
2021,Tete,Chifunde,Novembro,9.0
2021,Tete,Chifunde,Outubro,9.0
2021,Tete,Chifunde,Setembro,9.0
2021,Tete,Chifunde,Agosto,8.0
2021,Tete,Chifunde,Julho,8.0
2021,Tete,Chifunde,Junho,6.0
2021,Tete,Chifunde,Maio,6.0
2021,Tete,Chifunde,Abril,6.0
2021,Tete,Chifunde,Março,7.0
2021,Tete,Chifunde,Fevereiro,6.0
2021,Tete,Changara,Dezembro,8.0
2021,Sofala,Buzi,Junho,52.0
2021,Tete,Macanga,Março,15.0
2021,Tete,Angónia,Maio,85.0
2021,Manica,Sussundenga,Outubro,32.0
2021,Manica,Vanduzi,Março,0.0
2021,Manica,Macate,Outubro,0.0
2021,Manica,Macate,Setembro,0.0
2021,Manica,Macate,Agosto,0.0
2021,Manica,Macate,Julho,0.0
2021,Manica,Macate,Junho,0.0
2021,Manica,Macate,Maio,0.0
2021,Manica,Macate,Abril,0.0
2021,Manica,Macate,Março,0.0
2021,Manica,Macate,Fevereiro,0.0
2021,Manica,Macate,Janeiro,0.0
2021,Manica,Tambara,Dezembro,11.0
2021,Manica,Tambara,Novembro,11.0
2021,Manica,Tambara,Outubro,10.0
2021,Manica,Tambara,Setembro,10.0
2021,Manica,Tambara,Agosto,6.0
2021,Manica,Tambara,Julho,6.0
2021,Manica,Tambara,Junho,6.0
2021,Manica,Tambara,Maio,5.0
2021,Manica,Tambara,Abril,9.0
2021,Manica,Tambara,Março,9.0
2021,Manica,Tambara,Fevereiro,9.0
2021,Manica,Tambara,Janeiro,10.0
2021,Manica,Sussundenga,Dezembro,37.0
2021,Manica,Sussundenga,Novembro,33.0
2021,Manica,Macate,Dezembro,0.0
2021,Tete,Angónia,Junho,89.0
2021,Tete,Macanga,Janeiro,16.0
2021,Manica,Macate,Novembro,0.0
2021,Tete,Angónia,Abril,85.0
2021,Tete,Angónia,Março,89.0
2021,Tete,Angónia,Fevereiro,93.0
2021,Tete,Angónia,Janeiro,94.0
2021,Tete,Cidade de Tete,Dezembro,1446.0
2021,Tete,Cidade de Tete,Novembro,1445.0
2021,Tete,Cidade de Tete,Outubro,1425.0
2021,Tete,Cidade de Tete,Setembro,1437.0
2021,Tete,Cidade de Tete,Agosto,1456.0
2021,Tete,Cidade de Tete,Julho,1464.0
2021,Tete,Cidade de Tete,Junho,1443.0
2021,Tete,Cidade de Tete,Maio,1426.0
2021,Tete,Cidade de Tete,Abril,1396.0
2021,Tete,Cidade de Tete,Março,1401.0
2021,Tete,Cidade de Tete,Fevereiro,1448.0
2021,Tete,Cidade de Tete,Janeiro,1462.0
2021,Manica,Vanduzi,Dezembro,0.0
2021,Manica,Vanduzi,Novembro,0.0
2021,Manica,Vanduzi,Outubro,0.0
2021,Manica,Vanduzi,Setembro,0.0
2021,Manica,Vanduzi,Agosto,0.0
2021,Manica,Vanduzi,Julho,0.0
2021,Manica,Vanduzi,Junho,0.0
2021,Manica,Vanduzi,Maio,0.0
2021,Manica,Vanduzi,Abril,0.0
2021,Manica,Vanduzi,Fevereiro,0.0
2021,Manica,Vanduzi,Janeiro,0.0
2021,Tete,Chifunde,Janeiro,6.0
2021,Sofala,Buzi,Julho,52.0
2021,Tete,Macanga,Abril,15.0
2021,Tete,Doa,Março,0.0
2021,Tete,Doa,Fevereiro,0.0
2021,Tete,Doa,Janeiro,0.0
2021,Tete,Zumbo,Dezembro,5.0
2021,Tete,Zumbo,Novembro,6.0
2021,Tete,Zumbo,Outubro,8.0
2021,Tete,Zumbo,Setembro,9.0
2021,Tete,Zumbo,Agosto,7.0
2021,Tete,Zumbo,Julho,10.0
2021,Tete,Zumbo,Junho,10.0
2021,Tete,Zumbo,Maio,9.0
2021,Tete,Zumbo,Abril,8.0
2021,Tete,Zumbo,Março,6.0
2021,Tete,Zumbo,Fevereiro,6.0
2021,Tete,Zumbo,Janeiro,6.0
2021,Tete,Tsangano,Dezembro,6.0
2021,Tete,Tsangano,Novembro,6.0
2021,Tete,Tsangano,Outubro,6.0
2021,Tete,Tsangano,Setembro,7.0
2021,Tete,Tsangano,Agosto,6.0
2021,Tete,Tsangano,Julho,6.0
2021,Tete,Tsangano,Junho,6.0
2021,Tete,Tsangano,Maio,6.0
2021,Tete,Doa,Junho,0.0
2021,Tete,Macanga,Maio,16.0
2021,Tete,Doa,Abril,0.0
2021,Tete,Tsangano,Janeiro,6.0
2021,Tete,Tsangano,Abril,7.0
2021,Tete,Doa,Julho,0.0
2021,Zambézia,Cidade de Quelimane,Agosto,621.0
2021,Zambézia,Cidade de Quelimane,Julho,627.0
2021,Zambézia,Cidade de Quelimane,Junho,616.0
2021,Zambézia,Cidade de Quelimane,Maio,608.0
2021,Zambézia,Cidade de Quelimane,Abril,609.0
2021,Zambézia,Cidade de Quelimane,Março,638.0
2021,Zambézia,Cidade de Quelimane,Fevereiro,679.0
2021,Zambézia,Cidade de Quelimane,Janeiro,671.0
2021,Tete,Marara,Dezembro,0.0
2021,Tete,Marara,Novembro,0.0
2021,Tete,Marara,Outubro,0.0
2021,Tete,Marara,Setembro,0.0
2021,Tete,Marara,Agosto,0.0
2021,Tete,Marara,Julho,0.0
2021,Tete,Marara,Junho,0.0
2021,Tete,Marara,Maio,0.0
2021,Tete,Marara,Abril,0.0
2021,Tete,Marara,Março,0.0
2021,Tete,Marara,Fevereiro,0.0
2021,Tete,Marara,Janeiro,0.0
2021,Tete,Doa,Dezembro,0.0
2021,Tete,Doa,Novembro,0.0
2021,Tete,Doa,Outubro,0.0
2021,Tete,Doa,Agosto,0.0
2021,Zambézia,Cidade de Quelimane,Outubro,612.0
2021,Tete,Tsangano,Março,8.0
2021,Manica,Sussundenga,Setembro,31.0
2021,Tete,Macanga,Junho,9.0
2021,Tete,Mutarara,Novembro,23.0
2021,Tete,Maravia,Maio,19.0
2021,Tete,Maravia,Abril,19.0
2021,Tete,Maravia,Março,20.0
2021,Tete,Maravia,Fevereiro,20.0
2021,Tete,Maravia,Janeiro,21.0
2021,Tete,Mágoe,Dezembro,23.0
2021,Tete,Mágoe,Novembro,23.0
2021,Tete,Mágoe,Outubro,25.0
2021,Tete,Mágoe,Setembro,26.0
2021,Tete,Mágoe,Agosto,26.0
2021,Tete,Mágoe,Julho,26.0
2021,Tete,Mágoe,Junho,17.0
2021,Tete,Mágoe,Maio,16.0
2021,Tete,Mágoe,Abril,16.0
2021,Tete,Mágoe,Março,16.0
2021,Tete,Mágoe,Fevereiro,16.0
2021,Tete,Mágoe,Janeiro,16.0
2021,Tete,Macanga,Dezembro,10.0
2021,Tete,Macanga,Novembro,9.0
2021,Tete,Macanga,Outubro,10.0
2021,Tete,Macanga,Setembro,10.0
2021,Tete,Macanga,Agosto,9.0
2021,Tete,Macanga,Julho,9.0
2021,Tete,Maravia,Agosto,15.0
2021,Tete,Doa,Maio,0.0
2021,Tete,Maravia,Junho,19.0
2021,Tete,Maravia,Novembro,20.0
2021,Tete,Tsangano,Fevereiro,7.0
2021,Tete,Maravia,Setembro,22.0
2021,Tete,Mutarara,Outubro,24.0
2021,Tete,Mutarara,Setembro,24.0
2021,Tete,Mutarara,Agosto,24.0
2021,Tete,Mutarara,Julho,24.0
2021,Tete,Mutarara,Junho,22.0
2021,Tete,Mutarara,Maio,23.0
2021,Tete,Mutarara,Abril,24.0
2021,Tete,Mutarara,Março,24.0
2021,Tete,Mutarara,Fevereiro,24.0
2021,Tete,Mutarara,Janeiro,25.0
2021,Tete,Moatize,Dezembro,136.0
2021,Tete,Moatize,Novembro,133.0
2021,Tete,Moatize,Outubro,128.0
2021,Tete,Moatize,Setembro,131.0
2021,Tete,Moatize,Agosto,138.0
2021,Tete,Moatize,Julho,137.0
2021,Tete,Moatize,Junho,131.0
2021,Tete,Moatize,Maio,130.0
2021,Tete,Moatize,Abril,131.0
2021,Tete,Moatize,Março,136.0
2021,Tete,Moatize,Fevereiro,145.0
2021,Tete,Moatize,Janeiro,144.0
2021,Tete,Maravia,Dezembro,19.0
2021,Tete,Maravia,Outubro,21.0
2021,Tete,Mutarara,Dezembro,23.0
2021,Tete,Maravia,Julho,14.0
2021,Tete,Macanga,Fevereiro,16.0
2021,Zambézia,Cidade de Quelimane,Setembro,615.0
2021,Manica,Macossa,Março,15.0
2021,Sofala,Dondo,Maio,129.0
2021,Sofala,Machanga,Maio,10.0
2021,Sofala,Machanga,Abril,9.0
2021,Sofala,Machanga,Março,10.0
2021,Sofala,Machanga,Fevereiro,10.0
2021,Sofala,Machanga,Janeiro,11.0
2021,Sofala,Gorongoza,Dezembro,27.0
2021,Sofala,Gorongoza,Novembro,30.0
2021,Sofala,Gorongoza,Outubro,32.0
2021,Sofala,Gorongoza,Setembro,44.0
2021,Sofala,Gorongoza,Agosto,29.0
2021,Sofala,Gorongoza,Julho,31.0
2021,Sofala,Gorongoza,Junho,24.0
2021,Sofala,Gorongoza,Maio,24.0
2021,Sofala,Gorongoza,Abril,24.0
2021,Sofala,Gorongoza,Março,21.0
2021,Sofala,Gorongoza,Fevereiro,25.0
2021,Sofala,Gorongoza,Janeiro,25.0
2021,Sofala,Dondo,Dezembro,129.0
2021,Sofala,Dondo,Novembro,134.0
2021,Sofala,Dondo,Outubro,131.0
2021,Sofala,Dondo,Setembro,122.0
2021,Sofala,Dondo,Agosto,136.0
2021,Sofala,Dondo,Julho,139.0
2021,Sofala,Dondo,Junho,135.0
2021,Sofala,Chemba,Novembro,25.0
2021,Sofala,Machanga,Julho,10.0
2021,Sofala,Machanga,Agosto,9.0
2021,Sofala,Machanga,Setembro,12.0
2021,Sofala,Machanga,Outubro,10.0
2021,Sofala,Marromeu,Outubro,38.0
2021,Sofala,Marromeu,Setembro,39.0
2021,Sofala,Marromeu,Agosto,35.0
2021,Sofala,Marromeu,Julho,34.0
2021,Sofala,Marromeu,Junho,34.0
2021,Sofala,Marromeu,Maio,30.0
2021,Sofala,Marromeu,Abril,29.0
2021,Sofala,Marromeu,Março,30.0
2021,Sofala,Marromeu,Fevereiro,30.0
2021,Sofala,Marromeu,Janeiro,30.0
2021,Sofala,Maringue,Dezembro,11.0
2021,Sofala,Maringue,Novembro,11.0
2021,Sofala,Maringue,Outubro,12.0
2021,Sofala,Maringue,Setembro,12.0
2021,Sofala,Maringue,Agosto,8.0
2021,Sofala,Maringue,Julho,8.0
2021,Sofala,Maringue,Junho,9.0
2021,Sofala,Maringue,Maio,9.0
2021,Sofala,Maringue,Abril,8.0
2021,Sofala,Maringue,Março,8.0
2021,Sofala,Maringue,Fevereiro,8.0
2021,Sofala,Maringue,Janeiro,9.0
2021,Sofala,Machanga,Dezembro,10.0
2021,Sofala,Machanga,Novembro,10.0
2021,Sofala,Marromeu,Novembro,40.0
2021,Sofala,Muanza,Janeiro,4.0
2021,Sofala,Marromeu,Dezembro,40.0
2021,Sofala,Dondo,Fevereiro,121.0
2021,Sofala,Caia,Agosto,31.0
2021,Sofala,Chemba,Julho,25.0
2021,Sofala,Chemba,Junho,27.0
2021,Sofala,Chemba,Maio,17.0
2021,Sofala,Chemba,Abril,12.0
2021,Sofala,Chemba,Março,13.0
2021,Sofala,Chemba,Fevereiro,13.0
2021,Sofala,Chemba,Janeiro,13.0
2021,Sofala,Caia,Dezembro,33.0
2021,Sofala,Caia,Novembro,37.0
2021,Sofala,Caia,Outubro,36.0
2021,Sofala,Caia,Setembro,35.0
2021,Sofala,Caia,Julho,29.0
2021,Sofala,Chemba,Setembro,25.0
2021,Sofala,Caia,Junho,30.0
2021,Sofala,Caia,Maio,28.0
2021,Sofala,Caia,Abril,28.0
2021,Sofala,Caia,Março,35.0
2021,Sofala,Caia,Fevereiro,36.0
2021,Sofala,Caia,Janeiro,34.0
2021,Sofala,Buzi,Dezembro,105.0
2021,Sofala,Buzi,Novembro,91.0
2021,Sofala,Buzi,Outubro,90.0
2021,Sofala,Buzi,Setembro,95.0
2021,Manica,Sussundenga,Julho,14.0
2021,Sofala,Dondo,Março,115.0
2021,Sofala,Dondo,Abril,127.0
2021,Sofala,Chemba,Outubro,26.0
2021,Sofala,Cheringoma,Janeiro,15.0
2021,Sofala,Chemba,Agosto,25.0
2021,Sofala,Dondo,Janeiro,122.0
2021,Sofala,Chibabava,Dezembro,14.0
2021,Sofala,Chibabava,Novembro,15.0
2021,Sofala,Chibabava,Outubro,15.0
2021,Sofala,Chibabava,Setembro,17.0
2021,Sofala,Chibabava,Agosto,20.0
2021,Sofala,Chibabava,Julho,18.0
2021,Sofala,Chibabava,Junho,18.0
2021,Sofala,Chibabava,Maio,18.0
2021,Sofala,Chibabava,Abril,20.0
2021,Sofala,Chibabava,Março,23.0
2021,Sofala,Chibabava,Fevereiro,25.0
2021,Sofala,Chibabava,Janeiro,26.0
2021,Sofala,Cheringoma,Dezembro,16.0
2021,Sofala,Cheringoma,Novembro,17.0
2021,Sofala,Cheringoma,Outubro,16.0
2021,Sofala,Cheringoma,Setembro,14.0
2021,Sofala,Cheringoma,Agosto,14.0
2021,Sofala,Cheringoma,Julho,14.0
2021,Sofala,Cheringoma,Junho,15.0
2021,Sofala,Cheringoma,Maio,13.0
2021,Sofala,Cheringoma,Abril,13.0
2021,Sofala,Cheringoma,Março,13.0
2021,Sofala,Cheringoma,Fevereiro,15.0
2021,Sofala,Chemba,Dezembro,23.0
2021,Sofala,Buzi,Agosto,55.0
2021,Manica,Sussundenga,Agosto,14.0
2021,Sofala,Nhamatanda,Março,50.0
2021,Manica,Macossa,Janeiro,17.0
2021,Manica,Machaze,Dezembro,28.0
2021,Manica,Machaze,Novembro,31.0
2021,Manica,Machaze,Outubro,32.0
2021,Manica,Machaze,Setembro,34.0
2021,Manica,Machaze,Agosto,32.0
2021,Manica,Machaze,Julho,33.0
2021,Manica,Machaze,Junho,31.0
2021,Manica,Machaze,Maio,31.0
2021,Manica,Machaze,Abril,30.0
2021,Manica,Machaze,Março,30.0
2021,Manica,Gondola,Novembro,70.0
2021,Manica,Machaze,Fevereiro,31.0
2021,Manica,Guro,Dezembro,7.0
2021,Manica,Guro,Novembro,8.0
2021,Manica,Guro,Outubro,8.0
2021,Manica,Guro,Setembro,8.0
2021,Manica,Guro,Agosto,7.0
2021,Manica,Guro,Julho,7.0
2021,Manica,Guro,Junho,8.0
2021,Manica,Guro,Maio,8.0
2021,Manica,Guro,Abril,9.0
2021,Manica,Guro,Março,10.0
2021,Manica,Guro,Fevereiro,14.0
2021,Manica,Machaze,Janeiro,33.0
2021,Manica,Gondola,Dezembro,67.0
2021,Manica,Macossa,Maio,7.0
2021,Manica,Macossa,Junho,8.0
2021,Sofala,Muanza,Março,4.0
2021,Sofala,Muanza,Fevereiro,4.0
2021,Manica,Sussundenga,Maio,14.0
2021,Manica,Sussundenga,Abril,25.0
2021,Manica,Sussundenga,Março,25.0
2021,Manica,Sussundenga,Fevereiro,28.0
2021,Manica,Sussundenga,Janeiro,28.0
2021,Manica,Mossurize,Dezembro,20.0
2021,Manica,Mossurize,Novembro,20.0
2021,Manica,Mossurize,Outubro,26.0
2021,Manica,Mossurize,Setembro,26.0
2021,Manica,Mossurize,Agosto,22.0
2021,Manica,Mossurize,Julho,22.0
2021,Manica,Mossurize,Junho,23.0
2021,Manica,Mossurize,Maio,19.0
2021,Manica,Mossurize,Abril,26.0
2021,Manica,Mossurize,Março,29.0
2021,Manica,Mossurize,Fevereiro,30.0
2021,Manica,Mossurize,Janeiro,28.0
2021,Manica,Macossa,Dezembro,8.0
2021,Manica,Macossa,Novembro,8.0
2021,Manica,Macossa,Outubro,8.0
2021,Manica,Macossa,Setembro,8.0
2021,Manica,Macossa,Agosto,8.0
2021,Manica,Macossa,Julho,7.0
2021,Manica,Guro,Janeiro,15.0
2021,Manica,Macossa,Abril,14.0
2021,Manica,Macossa,Fevereiro,16.0
2021,Sofala,Machanga,Junho,10.0
2021,Manica,Gondola,Setembro,68.0
2021,Manica,Cidade de Chimoio,Junho,954.0
2021,Manica,Cidade de Chimoio,Abril,940.0
2021,Manica,Cidade de Chimoio,Março,962.0
2021,Manica,Cidade de Chimoio,Fevereiro,993.0
2021,Manica,Cidade de Chimoio,Janeiro,982.0
2021,Sofala,Nhamatanda,Dezembro,35.0
2021,Sofala,Nhamatanda,Novembro,35.0
2021,Sofala,Nhamatanda,Outubro,36.0
2021,Sofala,Nhamatanda,Setembro,38.0
2021,Sofala,Nhamatanda,Junho,45.0
2021,Sofala,Nhamatanda,Maio,43.0
2021,Manica,Cidade de Chimoio,Maio,954.0
2021,Sofala,Nhamatanda,Abril,46.0
2021,Sofala,Nhamatanda,Fevereiro,47.0
2021,Sofala,Nhamatanda,Janeiro,49.0
2021,Sofala,Muanza,Dezembro,6.0
2021,Sofala,Muanza,Novembro,6.0
2021,Sofala,Muanza,Outubro,6.0
2021,Sofala,Muanza,Setembro,6.0
2021,Sofala,Muanza,Agosto,4.0
2021,Sofala,Muanza,Julho,5.0
2021,Sofala,Muanza,Junho,5.0
2021,Sofala,Muanza,Maio,5.0
2021,Manica,Sussundenga,Junho,14.0
2021,Sofala,Nhamatanda,Julho,45.0
2021,Manica,Gondola,Agosto,61.0
2021,Sofala,Nhamatanda,Agosto,45.0
2021,Manica,Gondola,Outubro,67.0
2021,Inhambane,Govuro,Fevereiro,24.0
2021,Manica,Cidade de Chimoio,Julho,952.0
2021,Manica,Gondola,Junho,59.0
2021,Manica,Gondola,Maio,58.0
2021,Manica,Gondola,Abril,54.0
2021,Manica,Gondola,Março,53.0
2021,Manica,Gondola,Fevereiro,55.0
2021,Manica,Gondola,Janeiro,60.0
2021,Manica,Bárue,Dezembro,36.0
2021,Manica,Bárue,Novembro,34.0
2021,Sofala,Muanza,Abril,4.0
2021,Manica,Bárue,Outubro,35.0
2021,Manica,Bárue,Setembro,35.0
2021,Manica,Cidade de Chimoio,Agosto,958.0
2021,Manica,Bárue,Julho,34.0
2021,Manica,Gondola,Julho,62.0
2021,Manica,Cidade de Chimoio,Novembro,969.0
2021,Manica,Cidade de Chimoio,Dezembro,956.0
2021,Manica,Bárue,Janeiro,41.0
2021,Manica,Bárue,Fevereiro,41.0
2021,Manica,Cidade de Chimoio,Outubro,962.0
2021,Manica,Bárue,Abril,38.0
2021,Manica,Bárue,Maio,35.0
2021,Manica,Bárue,Junho,34.0
2021,Manica,Cidade de Chimoio,Setembro,952.0
2021,Manica,Bárue,Março,39.0
2022,Nampula,Lalaua,Junho,3.0
2022,Nampula,Malema,Fevereiro,27.0
2022,Nampula,Malema,Janeiro,28.0
2022,Nampula,Mecuburi,Agosto,9.0
2022,Nampula,Lalaua,Dezembro,4.0
2022,Nampula,Lalaua,Outubro,4.0
2022,Nampula,Lalaua,Setembro,3.0
2022,Nampula,Lalaua,Agosto,4.0
2022,Nampula,Nacaroa,Junho,11.0
2022,Nampula,Lalaua,Novembro,4.0
2022,Nampula,Malema,Março,26.0
2022,Nampula,Lalaua,Maio,3.0
2022,Nampula,Ilha de Moçambique,Outubro,38.0
2022,Nampula,Lalaua,Março,3.0
2022,Nampula,Lalaua,Fevereiro,3.0
2022,Nampula,Lalaua,Janeiro,3.0
2022,Nampula,Ilha de Moçambique,Novembro,40.0
2022,Nampula,Ilha de Moçambique,Setembro,38.0
2022,Nampula,Ilha de Moçambique,Agosto,45.0
2022,Nampula,Ilha de Moçambique,Julho,44.0
2022,Nampula,Ilha de Moçambique,Junho,44.0
2022,Nampula,Ilha de Moçambique,Maio,44.0
2022,Nampula,Malema,Abril,28.0
2022,Nampula,Cidade de Nampula,Dezembro,2200.0
2022,Nampula,Ilha de Moçambique,Dezembro,41.0
2022,Nampula,Malema,Julho,27.0
2022,Nampula,Mecuburi,Setembro,8.0
2022,Nampula,Meconta (Namialo),Agosto,35.0
2022,Nampula,Lalaua,Abril,3.0
2022,Nampula,Mecuburi,Julho,10.0
2022,Nampula,Mecuburi,Junho,11.0
2022,Nampula,Mecuburi,Maio,11.0
2022,Nampula,Mecuburi,Abril,11.0
2022,Nampula,Mecuburi,Março,12.0
2022,Nampula,Mecuburi,Fevereiro,12.0
2022,Nampula,Mecuburi,Janeiro,13.0
2022,Nampula,Meconta (Namialo),Dezembro,28.0
2022,Nampula,Meconta (Namialo),Novembro,31.0
2022,Nampula,Meconta (Namialo),Outubro,25.0
2022,Nampula,Malema,Junho,27.0
2022,Nampula,Meconta (Namialo),Setembro,26.0
2022,Nampula,Meconta (Namialo),Julho,34.0
2022,Nampula,Meconta (Namialo),Junho,33.0
2022,Nampula,Meconta (Namialo),Maio,33.0
2022,Nampula,Meconta (Namialo),Abril,34.0
2022,Nampula,Meconta (Namialo),Março,37.0
2022,Nampula,Meconta (Namialo),Fevereiro,37.0
2022,Nampula,Meconta (Namialo),Janeiro,36.0
2022,Nampula,Malema,Dezembro,22.0
2022,Nampula,Malema,Novembro,23.0
2022,Nampula,Malema,Outubro,20.0
2022,Nampula,Malema,Setembro,20.0
2022,Nampula,Malema,Agosto,27.0
2022,Nampula,Ilha de Moçambique,Abril,45.0
2022,Nampula,Malema,Maio,27.0
2022,Nampula,Mecuburi,Outubro,8.0
2022,Nampula,Ilha de Moçambique,Janeiro,42.0
2022,Nampula,Cidade de Nampula,Junho,2199.0
2022,Nampula,Ilha de Moçambique,Fevereiro,46.0
2022,Nampula,Cidade de Nampula,Maio,2206.0
2022,Nampula,Cidade de Nampula,Abril,2152.0
2022,Nampula,Cidade de Nampula,Março,2227.0
2022,Nampula,Cidade de Nampula,Fevereiro,2259.0
2022,Nampula,Cidade de Nampula,Janeiro,2272.0
2022,Zambézia,Derre,Dezembro,0.0
2022,Zambézia,Derre,Novembro,0.0
2022,Zambézia,Derre,Outubro,0.0
2022,Zambézia,Derre,Setembro,0.0
2022,Zambézia,Derre,Agosto,0.0
2022,Zambézia,Derre,Julho,0.0
2022,Zambézia,Derre,Junho,0.0
2022,Zambézia,Derre,Maio,0.0
2022,Zambézia,Derre,Abril,0.0
2022,Zambézia,Derre,Março,0.0
2022,Zambézia,Derre,Fevereiro,0.0
2022,Zambézia,Derre,Janeiro,0.0
2022,Zambézia,Luabo,Dezembro,0.0
2022,Zambézia,Luabo,Novembro,0.0
2022,Zambézia,Luabo,Outubro,0.0
2022,Zambézia,Luabo,Setembro,0.0
2022,Zambézia,Luabo,Agosto,0.0
2022,Nampula,Nacaroa,Maio,10.0
2022,Nampula,Cidade de Nampula,Agosto,2232.0
2022,Nampula,Ilha de Moçambique,Março,44.0
2022,Nampula,Angoche,Dezembro,59.0
2022,Nampula,Cidade de Nampula,Novembro,2176.0
2022,Nampula,Mecuburi,Novembro,8.0
2022,Nampula,Cidade de Nampula,Outubro,2076.0
2022,Nampula,Angoche,Novembro,60.0
2022,Nampula,Angoche,Outubro,56.0
2022,Nampula,Angoche,Setembro,58.0
2022,Nampula,Angoche,Agosto,63.0
2022,Nampula,Angoche,Julho,64.0
2022,Nampula,Angoche,Junho,65.0
2022,Nampula,Angoche,Maio,65.0
2022,Nampula,Angoche,Abril,66.0
2022,Nampula,Angoche,Março,68.0
2022,Nampula,Angoche,Fevereiro,73.0
2022,Nampula,Angoche,Janeiro,74.0
2022,Nampula,Cidade de Nacala-Porto,Dezembro,545.0
2022,Nampula,Cidade de Nacala-Porto,Novembro,539.0
2022,Nampula,Cidade de Nacala-Porto,Outubro,522.0
2022,Nampula,Cidade de Nacala-Porto,Setembro,515.0
2022,Nampula,Cidade de Nacala-Porto,Agosto,558.0
2022,Nampula,Cidade de Nacala-Porto,Julho,565.0
2022,Nampula,Cidade de Nacala-Porto,Junho,555.0
2022,Nampula,Cidade de Nacala-Porto,Maio,580.0
2022,Nampula,Cidade de Nacala-Porto,Abril,555.0
2022,Nampula,Cidade de Nacala-Porto,Março,566.0
2022,Nampula,Cidade de Nacala-Porto,Fevereiro,652.0
2022,Nampula,Cidade de Nacala-Porto,Janeiro,658.0
2022,Nampula,Cidade de Nampula,Setembro,2069.0
2022,Nampula,Nacaroa,Julho,11.0
2022,Nampula,Monapo,Agosto,25.0
2022,Nampula,Muecate,Dezembro,3.0
2022,Nampula,Murrupula,Março,21.0
2022,Nampula,Muecate,Novembro,4.0
2022,Nampula,Muecate,Outubro,3.0
2022,Nampula,Muecate,Setembro,3.0
2022,Nampula,Muecate,Agosto,5.0
2022,Nampula,Muecate,Julho,5.0
2022,Nampula,Muecate,Junho,5.0
2022,Nampula,Muecate,Maio,5.0
2022,Nampula,Muecate,Abril,5.0
2022,Nampula,Muecate,Março,5.0
2022,Nampula,Muecate,Fevereiro,5.0
2022,Nampula,Murrupula,Janeiro,21.0
2022,Nampula,Muecate,Janeiro,4.0
2022,Nampula,Mossuril,Novembro,26.0
2022,Nampula,Mossuril,Outubro,26.0
2022,Nampula,Mossuril,Setembro,26.0
2022,Nampula,Mossuril,Agosto,26.0
2022,Nampula,Mossuril,Julho,26.0
2022,Nampula,Mossuril,Junho,23.0
2022,Nampula,Mossuril,Maio,23.0
2022,Nampula,Mossuril,Abril,22.0
2022,Nampula,Mossuril,Março,23.0
2022,Nampula,Mossuril,Fevereiro,24.0
2022,Nampula,Mossuril,Janeiro,22.0
2022,Nampula,Mossuril,Dezembro,25.0
2022,Nampula,Monapo,Setembro,20.0
2022,Nampula,Murrupula,Fevereiro,22.0
2022,Nampula,Murrupula,Abril,17.0
2022,Nampula,Monapo,Novembro,22.0
2022,Zambézia,Luabo,Julho,0.0
2022,Nampula,Nacaroa,Março,10.0
2022,Nampula,Nacaroa,Fevereiro,11.0
2022,Nampula,Nacaroa,Janeiro,10.0
2022,Nampula,Nacala-Velha,Dezembro,50.0
2022,Nampula,Nacala-Velha,Novembro,46.0
2022,Nampula,Nacala-Velha,Outubro,45.0
2022,Nampula,Nacala-Velha,Setembro,58.0
2022,Nampula,Nacala-Velha,Agosto,49.0
2022,Nampula,Nacala-Velha,Julho,47.0
2022,Nampula,Nacala-Velha,Junho,49.0
2022,Nampula,Nacala-Velha,Maio,49.0
2022,Nampula,Nacala-Velha,Abril,51.0
2022,Nampula,Nacala-Velha,Março,52.0
2022,Nampula,Nacala-Velha,Fevereiro,53.0
2022,Nampula,Nacala-Velha,Janeiro,51.0
2022,Nampula,Murrupula,Dezembro,14.0
2022,Nampula,Murrupula,Novembro,14.0
2022,Nampula,Murrupula,Outubro,14.0
2022,Nampula,Murrupula,Setembro,15.0
2022,Nampula,Murrupula,Agosto,17.0
2022,Nampula,Murrupula,Julho,18.0
2022,Nampula,Murrupula,Junho,19.0
2022,Nampula,Murrupula,Maio,21.0
2022,Nampula,Monapo,Dezembro,22.0
2022,Nampula,Nacaroa,Abril,9.0
2022,Nampula,Monapo,Julho,26.0
2022,Nampula,Monapo,Outubro,21.0
2022,Nampula,Memba,Janeiro,9.0
2022,Nampula,Mogincual,Dezembro,15.0
2022,Nampula,Mogincual,Novembro,15.0
2022,Nampula,Mogincual,Outubro,13.0
2022,Nampula,Mogincual,Setembro,13.0
2022,Nampula,Mogincual,Agosto,14.0
2022,Nampula,Mogincual,Julho,14.0
2022,Nampula,Mogincual,Junho,13.0
2022,Nampula,Mogincual,Maio,13.0
2022,Nampula,Mogincual,Abril,14.0
2022,Nampula,Mogincual,Março,12.0
2022,Nampula,Mogincual,Fevereiro,13.0
2022,Nampula,Mogincual,Janeiro,14.0
2022,Nampula,Memba,Dezembro,12.0
2022,Nampula,Memba,Novembro,10.0
2022,Nampula,Memba,Outubro,6.0
2022,Nampula,Memba,Setembro,6.0
2022,Nampula,Memba,Agosto,11.0
2022,Nampula,Memba,Julho,11.0
2022,Nampula,Memba,Junho,11.0
2022,Nampula,Memba,Maio,11.0
2022,Nampula,Memba,Abril,11.0
2022,Nampula,Memba,Março,12.0
2022,Nampula,Memba,Fevereiro,11.0
2022,Nampula,Mogovolas,Março,14.0
2022,Nampula,Mecuburi,Dezembro,8.0
2022,Nampula,Mogovolas,Abril,14.0
2022,Nampula,Mogovolas,Fevereiro,15.0
2022,Nampula,Mogovolas,Janeiro,15.0
2022,Nampula,Monapo,Junho,27.0
2022,Nampula,Monapo,Maio,27.0
2022,Nampula,Monapo,Abril,27.0
2022,Nampula,Monapo,Março,30.0
2022,Nampula,Monapo,Fevereiro,30.0
2022,Nampula,Monapo,Janeiro,27.0
2022,Nampula,Moma,Dezembro,26.0
2022,Nampula,Moma,Novembro,26.0
2022,Nampula,Moma,Outubro,22.0
2022,Nampula,Moma,Setembro,21.0
2022,Nampula,Moma,Agosto,28.0
2022,Nampula,Moma,Julho,28.0
2022,Nampula,Moma,Junho,27.0
2022,Nampula,Moma,Maio,29.0
2022,Nampula,Moma,Abril,29.0
2022,Nampula,Moma,Março,29.0
2022,Nampula,Moma,Fevereiro,29.0
2022,Nampula,Moma,Janeiro,29.0
2022,Nampula,Mogovolas,Dezembro,12.0
2022,Nampula,Mogovolas,Novembro,12.0
2022,Nampula,Mogovolas,Outubro,11.0
2022,Nampula,Mogovolas,Setembro,11.0
2022,Nampula,Mogovolas,Agosto,15.0
2022,Nampula,Mogovolas,Julho,14.0
2022,Nampula,Mogovolas,Maio,14.0
2022,Zambézia,Luabo,Junho,0.0
2022,Nampula,Mogovolas,Junho,14.0
2022,Nampula,Cidade de Nampula,Julho,2209.0
2022,Zambézia,Mocuba,Dezembro,177.0
2022,Zambézia,Luabo,Abril,0.0
2022,Zambézia,Maganja da Costa,Abril,23.0
2022,Zambézia,Gilé,Dezembro,38.0
2022,Zambézia,Gilé,Novembro,39.0
2022,Zambézia,Gilé,Outubro,37.0
2022,Zambézia,Gilé,Setembro,36.0
2022,Zambézia,Gilé,Agosto,38.0
2022,Zambézia,Gilé,Julho,36.0
2022,Zambézia,Gilé,Junho,35.0
2022,Zambézia,Gilé,Maio,36.0
2022,Zambézia,Gilé,Abril,35.0
2022,Zambézia,Gilé,Março,36.0
2022,Zambézia,Gilé,Fevereiro,37.0
2022,Zambézia,Gilé,Janeiro,38.0
2022,Zambézia,Lugela,Dezembro,14.0
2022,Zambézia,Lugela,Novembro,14.0
2022,Zambézia,Lugela,Outubro,14.0
2022,Zambézia,Lugela,Setembro,14.0
2022,Zambézia,Lugela,Agosto,14.0
2022,Zambézia,Lugela,Julho,14.0
2022,Zambézia,Lugela,Junho,15.0
2022,Zambézia,Lugela,Maio,16.0
2022,Zambézia,Lugela,Abril,17.0
2022,Zambézia,Lugela,Março,18.0
2022,Zambézia,Lugela,Fevereiro,18.0
2022,Zambézia,Maganja da Costa,Março,26.0
2022,Zambézia,Luabo,Maio,0.0
2022,Zambézia,Lugela,Janeiro,18.0
2022,Zambézia,Maganja da Costa,Junho,22.0
2022,Zambézia,Mocuba,Agosto,171.0
2022,Zambézia,Mocuba,Julho,173.0
2022,Zambézia,Mocuba,Maio,169.0
2022,Zambézia,Mocuba,Abril,162.0
2022,Zambézia,Mocuba,Março,161.0
2022,Zambézia,Mocuba,Fevereiro,167.0
2022,Zambézia,Mocuba,Janeiro,169.0
2022,Zambézia,Milange,Dezembro,42.0
2022,Zambézia,Milange,Novembro,43.0
2022,Zambézia,Milange,Outubro,39.0
2022,Zambézia,Milange,Setembro,39.0
2022,Zambézia,Milange,Agosto,44.0
2022,Zambézia,Milange,Julho,45.0
2022,Zambézia,Milange,Junho,44.0
2022,Zambézia,Milange,Maio,44.0
2022,Zambézia,Milange,Abril,46.0
2022,Zambézia,Milange,Março,48.0
2022,Zambézia,Milange,Fevereiro,47.0
2022,Zambézia,Milange,Janeiro,48.0
2022,Zambézia,Maganja da Costa,Dezembro,23.0
2022,Zambézia,Maganja da Costa,Novembro,23.0
2022,Zambézia,Maganja da Costa,Outubro,22.0
2022,Zambézia,Maganja da Costa,Setembro,22.0
2022,Zambézia,Maganja da Costa,Agosto,25.0
2022,Zambézia,Maganja da Costa,Julho,23.0
2022,Zambézia,Maganja da Costa,Maio,22.0
2022,Zambézia,Mocuba,Junho,166.0
2022,Zambézia,Mocuba,Setembro,163.0
2022,Zambézia,Inhassunge,Dezembro,1.0
2022,Zambézia,Gurúè,Abril,45.0
2022,Zambézia,Chinde,Março,26.0
2022,Zambézia,Gurúè,Fevereiro,44.0
2022,Zambézia,Gurúè,Janeiro,46.0
2022,Zambézia,Chinde,Dezembro,25.0
2022,Zambézia,Chinde,Novembro,25.0
2022,Zambézia,Chinde,Outubro,21.0
2022,Zambézia,Chinde,Setembro,21.0
2022,Zambézia,Chinde,Agosto,25.0
2022,Zambézia,Chinde,Julho,25.0
2022,Zambézia,Chinde,Junho,25.0
2022,Zambézia,Chinde,Maio,25.0
2022,Zambézia,Chinde,Abril,25.0
2022,Zambézia,Chinde,Fevereiro,24.0
2022,Zambézia,Inhassunge,Novembro,1.0
2022,Zambézia,Chinde,Janeiro,24.0
2022,Zambézia,Alto Molócuè,Dezembro,56.0
2022,Zambézia,Alto Molócuè,Novembro,53.0
2022,Zambézia,Alto Molócuè,Outubro,55.0
2022,Zambézia,Alto Molócuè,Setembro,56.0
2022,Zambézia,Alto Molócuè,Agosto,53.0
2022,Zambézia,Alto Molócuè,Julho,56.0
2022,Zambézia,Alto Molócuè,Junho,59.0
2022,Zambézia,Alto Molócuè,Maio,58.0
2022,Zambézia,Alto Molócuè,Março,65.0
2022,Cabo Delgado,Nangade,Setembro,4.0
2022,Zambézia,Gurúè,Junho,44.0
2022,Zambézia,Inhassunge,Outubro,1.0
2022,Zambézia,Gurúè,Agosto,46.0
2022,Zambézia,Gurúè,Julho,45.0
2022,Zambézia,Gurúè,Março,46.0
2022,Zambézia,Inhassunge,Agosto,1.0
2022,Zambézia,Inhassunge,Julho,1.0
2022,Zambézia,Inhassunge,Junho,1.0
2022,Zambézia,Inhassunge,Maio,1.0
2022,Zambézia,Inhassunge,Abril,1.0
2022,Zambézia,Inhassunge,Março,1.0
2022,Zambézia,Inhassunge,Fevereiro,1.0
2022,Zambézia,Inhassunge,Janeiro,1.0
2022,Zambézia,Ile,Dezembro,17.0
2022,Zambézia,Ile,Novembro,17.0
2022,Zambézia,Ile,Outubro,15.0
2022,Zambézia,Ile,Setembro,16.0
2022,Zambézia,Ile,Agosto,19.0
2022,Zambézia,Ile,Julho,19.0
2022,Zambézia,Ile,Junho,18.0
2022,Zambézia,Ile,Maio,19.0
2022,Zambézia,Ile,Abril,18.0
2022,Zambézia,Ile,Março,24.0
2022,Zambézia,Ile,Fevereiro,23.0
2022,Zambézia,Ile,Janeiro,22.0
2022,Zambézia,Gurúè,Dezembro,40.0
2022,Zambézia,Gurúè,Novembro,40.0
2022,Zambézia,Gurúè,Outubro,38.0
2022,Zambézia,Gurúè,Setembro,38.0
2022,Zambézia,Inhassunge,Setembro,1.0
2022,Zambézia,Alto Molócuè,Abril,60.0
2022,Zambézia,Mocuba,Novembro,176.0
2022,Zambézia,Namacurra,Janeiro,14.0
2022,Zambézia,Nicoadala,Agosto,29.0
2022,Zambézia,Nicoadala,Setembro,28.0
2022,Zambézia,Molumbo,Setembro,0.0
2022,Zambézia,Molumbo,Agosto,0.0
2022,Zambézia,Molumbo,Julho,0.0
2022,Zambézia,Molumbo,Junho,0.0
2022,Zambézia,Molumbo,Maio,0.0
2022,Zambézia,Molumbo,Abril,0.0
2022,Zambézia,Molumbo,Março,0.0
2022,Zambézia,Molumbo,Fevereiro,0.0
2022,Zambézia,Molumbo,Janeiro,0.0
2022,Zambézia,Pebane,Dezembro,41.0
2022,Zambézia,Pebane,Novembro,40.0
2022,Zambézia,Pebane,Outubro,39.0
2022,Zambézia,Pebane,Setembro,38.0
2022,Zambézia,Pebane,Agosto,38.0
2022,Zambézia,Pebane,Julho,37.0
2022,Zambézia,Pebane,Junho,38.0
2022,Zambézia,Pebane,Maio,43.0
2022,Zambézia,Pebane,Abril,44.0
2022,Zambézia,Pebane,Março,45.0
2022,Zambézia,Pebane,Fevereiro,42.0
2022,Zambézia,Pebane,Janeiro,45.0
2022,Zambézia,Nicoadala,Dezembro,27.0
2022,Zambézia,Nicoadala,Novembro,27.0
2022,Zambézia,Molumbo,Dezembro,0.0
2022,Zambézia,Nicoadala,Outubro,28.0
2022,Zambézia,Luabo,Março,0.0
2022,Zambézia,Mocubela,Março,0.0
2022,Zambézia,Maganja da Costa,Fevereiro,26.0
2022,Zambézia,Mocubela,Fevereiro,0.0
2022,Zambézia,Luabo,Fevereiro,0.0
2022,Zambézia,Luabo,Janeiro,0.0
2022,Zambézia,Mulevala,Dezembro,0.0
2022,Zambézia,Mulevala,Novembro,0.0
2022,Zambézia,Mulevala,Outubro,0.0
2022,Zambézia,Mulevala,Setembro,0.0
2022,Zambézia,Mulevala,Agosto,0.0
2022,Zambézia,Mulevala,Julho,0.0
2022,Zambézia,Mulevala,Junho,0.0
2022,Zambézia,Mulevala,Maio,0.0
2022,Zambézia,Mulevala,Abril,0.0
2022,Zambézia,Mulevala,Março,0.0
2022,Zambézia,Mulevala,Fevereiro,0.0
2022,Zambézia,Mulevala,Janeiro,0.0
2022,Zambézia,Mocubela,Dezembro,0.0
2022,Zambézia,Mocubela,Novembro,0.0
2022,Zambézia,Mocubela,Outubro,0.0
2022,Zambézia,Mocubela,Setembro,0.0
2022,Zambézia,Mocubela,Agosto,0.0
2022,Zambézia,Mocubela,Julho,0.0
2022,Zambézia,Mocubela,Junho,0.0
2022,Zambézia,Mocubela,Maio,0.0
2022,Zambézia,Mocubela,Abril,0.0
2022,Zambézia,Mocubela,Janeiro,0.0
2022,Zambézia,Molumbo,Outubro,0.0
2022,Zambézia,Molumbo,Novembro,0.0
2022,Zambézia,Nicoadala,Junho,25.0
2022,Zambézia,Morrumbala,Dezembro,32.0
2022,Zambézia,Nicoadala,Julho,27.0
2022,Zambézia,Morrumbala,Novembro,32.0
2022,Zambézia,Morrumbala,Outubro,32.0
2022,Zambézia,Morrumbala,Setembro,29.0
2022,Zambézia,Morrumbala,Agosto,33.0
2022,Zambézia,Morrumbala,Julho,33.0
2022,Zambézia,Morrumbala,Junho,34.0
2022,Zambézia,Morrumbala,Maio,35.0
2022,Zambézia,Morrumbala,Abril,33.0
2022,Zambézia,Morrumbala,Março,32.0
2022,Zambézia,Morrumbala,Fevereiro,32.0
2022,Zambézia,Morrumbala,Janeiro,35.0
2022,Zambézia,Mopeia,Dezembro,22.0
2022,Zambézia,Mopeia,Novembro,22.0
2022,Zambézia,Mopeia,Outubro,19.0
2022,Zambézia,Mopeia,Setembro,19.0
2022,Zambézia,Mopeia,Agosto,21.0
2022,Zambézia,Mopeia,Julho,21.0
2022,Zambézia,Mopeia,Junho,23.0
2022,Zambézia,Mopeia,Maio,24.0
2022,Zambézia,Mopeia,Abril,24.0
2022,Zambézia,Mopeia,Março,25.0
2022,Zambézia,Mopeia,Fevereiro,25.0
2022,Zambézia,Mopeia,Janeiro,25.0
2022,Zambézia,Namacurra,Fevereiro,13.0
2022,Zambézia,Mocuba,Outubro,162.0
2022,Zambézia,Nicoadala,Maio,27.0
2022,Zambézia,Namacurra,Maio,13.0
2022,Zambézia,Maganja da Costa,Janeiro,29.0
2022,Zambézia,Namacurra,Abril,13.0
2022,Zambézia,Nicoadala,Abril,27.0
2022,Zambézia,Nicoadala,Março,31.0
2022,Zambézia,Nicoadala,Fevereiro,31.0
2022,Zambézia,Nicoadala,Janeiro,30.0
2022,Zambézia,Namarroi,Dezembro,17.0
2022,Zambézia,Namarroi,Novembro,16.0
2022,Zambézia,Namarroi,Outubro,15.0
2022,Zambézia,Namarroi,Setembro,15.0
2022,Zambézia,Namarroi,Agosto,16.0
2022,Zambézia,Namarroi,Julho,16.0
2022,Zambézia,Namarroi,Junho,16.0
2022,Zambézia,Namarroi,Maio,17.0
2022,Zambézia,Namarroi,Abril,17.0
2022,Zambézia,Namarroi,Março,19.0
2022,Zambézia,Namarroi,Fevereiro,18.0
2022,Zambézia,Namarroi,Janeiro,18.0
2022,Zambézia,Namacurra,Dezembro,11.0
2022,Zambézia,Namacurra,Novembro,11.0
2022,Zambézia,Namacurra,Outubro,11.0
2022,Zambézia,Namacurra,Setembro,18.0
2022,Zambézia,Namacurra,Agosto,18.0
2022,Zambézia,Namacurra,Julho,12.0
2022,Zambézia,Namacurra,Junho,12.0
2022,Zambézia,Namacurra,Março,13.0
2022,Nampula,Lalaua,Julho,3.0
2022,Niassa,Chimbunhila,Maio,0.0
2022,Nampula,Rapale-Nampula,Novembro,12.0
2022,Niassa,Mandimba,Março,8.0
2022,Niassa,Manjune,Novembro,6.0
2022,Niassa,Manjune,Outubro,7.0
2022,Cabo Delgado,Nangade,Novembro,6.0
2022,Niassa,Manjune,Agosto,7.0
2022,Niassa,Manjune,Julho,7.0
2022,Niassa,Manjune,Junho,7.0
2022,Niassa,Manjune,Maio,7.0
2022,Niassa,Manjune,Abril,8.0
2022,Niassa,Manjune,Março,10.0
2022,Niassa,Manjune,Fevereiro,8.0
2022,Niassa,Cuamba,Setembro,105.0
2022,Niassa,Mandimba,Janeiro,8.0
2022,Niassa,Lago,Novembro,12.0
2022,Niassa,Lago,Outubro,9.0
2022,Niassa,Lago,Setembro,9.0
2022,Niassa,Lago,Agosto,11.0
2022,Niassa,Lago,Julho,11.0
2022,Niassa,Lago,Junho,10.0
2022,Niassa,Lago,Maio,10.0
2022,Niassa,Lago,Abril,11.0
2022,Niassa,Lago,Março,12.0
2022,Niassa,Lago,Fevereiro,14.0
2022,Niassa,Lago,Janeiro,13.0
2022,Niassa,Manjune,Janeiro,8.0
2022,Niassa,Mandimba,Abril,8.0
2022,Niassa,Maúa,Abril,20.0
2022,Niassa,Cuamba,Novembro,115.0
2022,Niassa,Maúa,Maio,14.0
2022,Niassa,Maúa,Março,23.0
2022,Niassa,Maúa,Fevereiro,23.0
2022,Niassa,Maúa,Janeiro,23.0
2022,Niassa,Marrupa,Dezembro,17.0
2022,Niassa,Marrupa,Novembro,17.0
2022,Niassa,Marrupa,Outubro,15.0
2022,Niassa,Marrupa,Setembro,14.0
2022,Niassa,Marrupa,Agosto,16.0
2022,Niassa,Marrupa,Julho,14.0
2022,Niassa,Marrupa,Junho,14.0
2022,Niassa,Marrupa,Maio,14.0
2022,Niassa,Marrupa,Abril,14.0
2022,Niassa,Marrupa,Março,16.0
2022,Niassa,Marrupa,Fevereiro,18.0
2022,Niassa,Marrupa,Janeiro,20.0
2022,Niassa,Mandimba,Dezembro,10.0
2022,Niassa,Mandimba,Novembro,8.0
2022,Niassa,Mandimba,Outubro,8.0
2022,Niassa,Mandimba,Setembro,8.0
2022,Niassa,Mandimba,Agosto,8.0
2022,Niassa,Mandimba,Julho,8.0
2022,Niassa,Mandimba,Junho,8.0
2022,Niassa,Mandimba,Maio,8.0
2022,Niassa,Cuamba,Dezembro,116.0
2022,Niassa,Lago,Dezembro,14.0
2022,Niassa,Mandimba,Fevereiro,8.0
2022,Niassa,Cuamba,Outubro,108.0
2022,Cabo Delgado,Quissanga,Março,3.0
2022,Cabo Delgado,Quissanga,Fevereiro,3.0
2022,Cabo Delgado,Quissanga,Maio,3.0
2022,Cabo Delgado,Quissanga,Janeiro,3.0
2022,Cabo Delgado,Pemba-Metuge,Dezembro,33.0
2022,Cabo Delgado,Pemba-Metuge,Novembro,34.0
2022,Cabo Delgado,Pemba-Metuge,Outubro,34.0
2022,Cabo Delgado,Pemba-Metuge,Setembro,33.0
2022,Cabo Delgado,Pemba-Metuge,Agosto,32.0
2022,Cabo Delgado,Pemba-Metuge,Julho,32.0
2022,Cabo Delgado,Pemba-Metuge,Junho,31.0
2022,Cabo Delgado,Pemba-Metuge,Maio,31.0
2022,Cabo Delgado,Pemba-Metuge,Abril,32.0
2022,Cabo Delgado,Pemba-Metuge,Março,31.0
2022,Cabo Delgado,Pemba-Metuge,Fevereiro,30.0
2022,Cabo Delgado,Pemba-Metuge,Janeiro,30.0
2022,Cabo Delgado,Palma,Dezembro,20.0
2022,Cabo Delgado,Palma,Novembro,18.0
2022,Cabo Delgado,Palma,Outubro,11.0
2022,Cabo Delgado,Palma,Setembro,11.0
2022,Cabo Delgado,Palma,Agosto,18.0
2022,Cabo Delgado,Palma,Julho,18.0
2022,Cabo Delgado,Palma,Junho,17.0
2022,Cabo Delgado,Palma,Maio,16.0
2022,Cabo Delgado,Palma,Abril,16.0
2022,Cabo Delgado,Palma,Março,20.0
2022,Cabo Delgado,Quissanga,Julho,3.0
2022,Niassa,Maúa,Setembro,12.0
2022,Niassa,Cuamba,Julho,115.0
2022,Cabo Delgado,Quissanga,Junho,3.0
2022,Niassa,Maúa,Agosto,14.0
2022,Niassa,Cuamba,Agosto,113.0
2022,Niassa,Cuamba,Junho,117.0
2022,Niassa,Cuamba,Maio,114.0
2022,Niassa,Cuamba,Abril,113.0
2022,Niassa,Cuamba,Março,118.0
2022,Niassa,Cuamba,Fevereiro,116.0
2022,Niassa,Cuamba,Janeiro,117.0
2022,Niassa,Cidade de Lichinga,Dezembro,302.0
2022,Niassa,Cidade de Lichinga,Novembro,301.0
2022,Niassa,Cidade de Lichinga,Outubro,283.0
2022,Niassa,Cidade de Lichinga,Setembro,282.0
2022,Niassa,Cidade de Lichinga,Agosto,305.0
2022,Niassa,Cidade de Lichinga,Julho,305.0
2022,Niassa,Cidade de Lichinga,Junho,301.0
2022,Niassa,Cidade de Lichinga,Maio,298.0
2022,Niassa,Cidade de Lichinga,Abril,298.0
2022,Niassa,Cidade de Lichinga,Março,315.0
2022,Niassa,Cidade de Lichinga,Fevereiro,327.0
2022,Niassa,Cidade de Lichinga,Janeiro,333.0
2022,Cabo Delgado,Quissanga,Dezembro,4.0
2022,Cabo Delgado,Quissanga,Novembro,4.0
2022,Cabo Delgado,Quissanga,Outubro,4.0
2022,Cabo Delgado,Quissanga,Setembro,4.0
2022,Cabo Delgado,Quissanga,Agosto,4.0
2022,Niassa,Maúa,Julho,16.0
2022,Niassa,Manjune,Setembro,6.0
2022,Niassa,Nipepe,Julho,5.0
2022,Niassa,Mecanhelas,Novembro,17.0
2022,Niassa,Nipepe,Outubro,4.0
2022,Niassa,Muembe,Junho,3.0
2022,Cabo Delgado,Palma,Janeiro,22.0
2022,Niassa,Nipepe,Maio,5.0
2022,Niassa,Nipepe,Abril,6.0
2022,Niassa,Nipepe,Março,5.0
2022,Niassa,Nipepe,Fevereiro,5.0
2022,Niassa,Nipepe,Janeiro,5.0
2022,Niassa,N´gauma,Dezembro,3.0
2022,Niassa,N´gauma,Novembro,3.0
2022,Niassa,N´gauma,Outubro,3.0
2022,Niassa,N´gauma,Setembro,3.0
2022,Niassa,N´gauma,Agosto,3.0
2022,Niassa,N´gauma,Julho,1.0
2022,Niassa,N´gauma,Junho,1.0
2022,Niassa,N´gauma,Maio,1.0
2022,Niassa,N´gauma,Abril,3.0
2022,Niassa,N´gauma,Fevereiro,1.0
2022,Niassa,N´gauma,Janeiro,1.0
2022,Niassa,Muembe,Dezembro,2.0
2022,Niassa,Muembe,Novembro,2.0
2022,Niassa,Muembe,Outubro,2.0
2022,Niassa,Muembe,Setembro,2.0
2022,Niassa,Muembe,Agosto,3.0
2022,Niassa,Nipepe,Setembro,5.0
2022,Niassa,Nipepe,Dezembro,4.0
2022,Niassa,Muembe,Julho,3.0
2022,Niassa,N´gauma,Março,1.0
2022,Niassa,Sanga,Janeiro,9.0
2022,Zambézia,Gurúè,Maio,44.0
2022,Niassa,Chimbunhila,Fevereiro,0.0
2022,Niassa,Nipepe,Novembro,4.0
2022,Niassa,Chimbunhila,Março,0.0
2022,Niassa,Chimbunhila,Abril,0.0
2022,Niassa,Chimbunhila,Outubro,0.0
2022,Niassa,Chimbunhila,Junho,0.0
2022,Niassa,Chimbunhila,Julho,0.0
2022,Niassa,Chimbunhila,Agosto,0.0
2022,Niassa,Chimbunhila,Setembro,0.0
2022,Niassa,Sanga,Dezembro,9.0
2022,Niassa,Chimbunhila,Novembro,0.0
2022,Niassa,Chimbunhila,Janeiro,0.0
2022,Niassa,Sanga,Julho,8.0
2022,Niassa,Sanga,Novembro,8.0
2022,Niassa,Sanga,Outubro,8.0
2022,Niassa,Sanga,Setembro,8.0
2022,Niassa,Sanga,Agosto,8.0
2022,Niassa,Sanga,Junho,8.0
2022,Niassa,Nipepe,Junho,5.0
2022,Niassa,Sanga,Maio,8.0
2022,Niassa,Sanga,Abril,6.0
2022,Niassa,Sanga,Março,9.0
2022,Niassa,Sanga,Fevereiro,9.0
2022,Niassa,Chimbunhila,Dezembro,0.0
2022,Zambézia,Alto Molócuè,Fevereiro,65.0
2022,Cabo Delgado,Quissanga,Abril,2.0
2022,Cabo Delgado,Palma,Fevereiro,22.0
2022,Niassa,Muembe,Abril,3.0
2022,Niassa,Muembe,Maio,3.0
2022,Niassa,Mecanhelas,Setembro,14.0
2022,Niassa,Mecanhelas,Agosto,18.0
2022,Niassa,Mecanhelas,Julho,20.0
2022,Niassa,Mecanhelas,Junho,18.0
2022,Niassa,Mecanhelas,Maio,18.0
2022,Niassa,Mecanhelas,Abril,20.0
2022,Niassa,Mecanhelas,Março,21.0
2022,Niassa,Mecanhelas,Fevereiro,21.0
2022,Niassa,Mecanhelas,Janeiro,22.0
2022,Niassa,Mavago,Dezembro,0.0
2022,Niassa,Mavago,Novembro,0.0
2022,Niassa,Mavago,Outubro,0.0
2022,Niassa,Mavago,Setembro,0.0
2022,Niassa,Mavago,Agosto,1.0
2022,Niassa,Mavago,Julho,1.0
2022,Niassa,Mavago,Junho,2.0
2022,Niassa,Mavago,Maio,2.0
2022,Niassa,Mavago,Abril,2.0
2022,Niassa,Mavago,Março,2.0
2022,Niassa,Mavago,Fevereiro,2.0
2022,Niassa,Mavago,Janeiro,2.0
2022,Niassa,Maúa,Dezembro,18.0
2022,Niassa,Maúa,Novembro,13.0
2022,Niassa,Maúa,Outubro,12.0
2022,Niassa,Mecanhelas,Outubro,14.0
2022,Niassa,Mecula,Março,3.0
2022,Niassa,Mecanhelas,Dezembro,17.0
2022,Niassa,Mecula,Janeiro,4.0
2022,Niassa,Mecula,Fevereiro,3.0
2022,Niassa,Muembe,Fevereiro,3.0
2022,Niassa,Muembe,Janeiro,3.0
2022,Niassa,Metarica,Dezembro,4.0
2022,Niassa,Metarica,Novembro,4.0
2022,Niassa,Metarica,Outubro,4.0
2022,Niassa,Metarica,Setembro,5.0
2022,Niassa,Metarica,Agosto,4.0
2022,Niassa,Metarica,Julho,3.0
2022,Niassa,Metarica,Junho,2.0
2022,Niassa,Metarica,Maio,2.0
2022,Niassa,Metarica,Abril,3.0
2022,Niassa,Metarica,Março,4.0
2022,Niassa,Metarica,Fevereiro,4.0
2022,Niassa,Metarica,Janeiro,4.0
2022,Niassa,Mecula,Dezembro,5.0
2022,Niassa,Mecula,Novembro,5.0
2022,Niassa,Mecula,Outubro,5.0
2022,Niassa,Mecula,Setembro,5.0
2022,Niassa,Mecula,Agosto,5.0
2022,Niassa,Mecula,Julho,4.0
2022,Niassa,Mecula,Junho,4.0
2022,Niassa,Mecula,Maio,4.0
2022,Niassa,Mecula,Abril,4.0
2022,Niassa,Nipepe,Agosto,5.0
2022,Niassa,Muembe,Março,3.0
2022,Niassa,Maúa,Junho,14.0
2022,Cabo Delgado,Nangade,Dezembro,6.0
2022,Nampula,Nacaroa,Agosto,11.0
2022,Cabo Delgado,Ibo,Março,7.0
2022,Cabo Delgado,Ancuabe,Outubro,29.0
2022,Cabo Delgado,Ancuabe,Junho,31.0
2022,Cabo Delgado,Ancuabe,Maio,29.0
2022,Cabo Delgado,Ancuabe,Abril,30.0
2022,Cabo Delgado,Ancuabe,Março,28.0
2022,Cabo Delgado,Ancuabe,Fevereiro,27.0
2022,Cabo Delgado,Ancuabe,Janeiro,29.0
2022,Cabo Delgado,Cidade de Pemba,Dezembro,777.0
2022,Cabo Delgado,Cidade de Pemba,Novembro,766.0
2022,Cabo Delgado,Cidade de Pemba,Outubro,744.0
2022,Cabo Delgado,Cidade de Pemba,Setembro,749.0
2022,Cabo Delgado,Cidade de Pemba,Agosto,793.0
2022,Cabo Delgado,Cidade de Pemba,Julho,769.0
2022,Cabo Delgado,Cidade de Pemba,Junho,746.0
2022,Cabo Delgado,Cidade de Pemba,Maio,758.0
2022,Cabo Delgado,Cidade de Pemba,Abril,738.0
2022,Cabo Delgado,Cidade de Pemba,Março,762.0
2022,Cabo Delgado,Cidade de Pemba,Fevereiro,779.0
2022,Cabo Delgado,Cidade de Pemba,Janeiro,787.0
2022,Nampula,Larde,Dezembro,0.0
2022,Nampula,Larde,Novembro,0.0
2022,Nampula,Larde,Outubro,0.0
2022,Nampula,Larde,Setembro,0.0
2022,Nampula,Larde,Agosto,0.0
2022,Cabo Delgado,Ancuabe,Dezembro,31.0
2022,Cabo Delgado,Ancuabe,Setembro,29.0
2022,Cabo Delgado,Chiúre,Dezembro,19.0
2022,Cabo Delgado,Ancuabe,Novembro,29.0
2022,Cabo Delgado,Ibo,Maio,6.0
2022,Cabo Delgado,Ibo,Janeiro,8.0
2022,Cabo Delgado,Chiúre,Novembro,19.0
2022,Cabo Delgado,Chiúre,Outubro,15.0
2022,Cabo Delgado,Chiúre,Setembro,15.0
2022,Cabo Delgado,Chiúre,Agosto,18.0
2022,Cabo Delgado,Chiúre,Julho,18.0
2022,Cabo Delgado,Chiúre,Junho,21.0
2022,Cabo Delgado,Chiúre,Maio,21.0
2022,Cabo Delgado,Chiúre,Abril,23.0
2022,Cabo Delgado,Chiúre,Março,26.0
2022,Cabo Delgado,Chiúre,Fevereiro,25.0
2022,Cabo Delgado,Chiúre,Janeiro,28.0
2022,Cabo Delgado,Balama,Dezembro,32.0
2022,Cabo Delgado,Balama,Novembro,32.0
2022,Cabo Delgado,Balama,Outubro,30.0
2022,Cabo Delgado,Balama,Setembro,30.0
2022,Cabo Delgado,Balama,Agosto,32.0
2022,Cabo Delgado,Balama,Julho,33.0
2022,Cabo Delgado,Balama,Junho,34.0
2022,Cabo Delgado,Balama,Maio,34.0
2022,Cabo Delgado,Balama,Abril,36.0
2022,Cabo Delgado,Balama,Março,38.0
2022,Cabo Delgado,Balama,Fevereiro,38.0
2022,Cabo Delgado,Balama,Janeiro,39.0
2022,Cabo Delgado,Ibo,Fevereiro,6.0
2022,Cabo Delgado,Muidumbe,Abril,3.0
2022,Nampula,Larde,Julho,0.0
2022,Nampula,Larde,Abril,0.0
2022,Nampula,Rapale-Nampula,Dezembro,12.0
2022,Nampula,Namapa-Erati,Setembro,18.0
2022,Nampula,Rapale-Nampula,Agosto,10.0
2022,Nampula,Rapale-Nampula,Julho,11.0
2022,Nampula,Rapale-Nampula,Junho,9.0
2022,Nampula,Rapale-Nampula,Maio,10.0
2022,Nampula,Rapale-Nampula,Abril,10.0
2022,Nampula,Rapale-Nampula,Março,10.0
2022,Nampula,Rapale-Nampula,Fevereiro,12.0
2022,Nampula,Rapale-Nampula,Janeiro,12.0
2022,Nampula,Namapa-Erati,Dezembro,20.0
2022,Nampula,Namapa-Erati,Novembro,21.0
2022,Nampula,Namapa-Erati,Outubro,19.0
2022,Nampula,Namapa-Erati,Agosto,24.0
2022,Nampula,Larde,Maio,0.0
2022,Nampula,Namapa-Erati,Julho,23.0
2022,Nampula,Namapa-Erati,Junho,23.0
2022,Nampula,Namapa-Erati,Maio,23.0
2022,Nampula,Namapa-Erati,Abril,23.0
2022,Nampula,Namapa-Erati,Março,24.0
2022,Nampula,Namapa-Erati,Fevereiro,24.0
2022,Nampula,Namapa-Erati,Janeiro,25.0
2022,Nampula,Nacaroa,Dezembro,13.0
2022,Nampula,Nacaroa,Novembro,14.0
2022,Nampula,Nacaroa,Outubro,12.0
2022,Nampula,Ribaué,Fevereiro,49.0
2022,Nampula,Larde,Junho,0.0
2022,Nampula,Larde,Março,0.0
2022,Nampula,Ribaué,Março,47.0
2022,Nampula,Rapale-Nampula,Outubro,10.0
2022,Nampula,Rapale-Nampula,Setembro,9.0
2022,Nampula,Larde,Fevereiro,0.0
2022,Nampula,Larde,Janeiro,0.0
2022,Nampula,Liupo,Dezembro,0.0
2022,Nampula,Liupo,Novembro,0.0
2022,Nampula,Liupo,Outubro,0.0
2022,Nampula,Liupo,Setembro,0.0
2022,Nampula,Liupo,Agosto,0.0
2022,Nampula,Liupo,Julho,0.0
2022,Nampula,Liupo,Junho,0.0
2022,Nampula,Liupo,Maio,0.0
2022,Nampula,Liupo,Abril,0.0
2022,Nampula,Liupo,Março,0.0
2022,Nampula,Liupo,Fevereiro,0.0
2022,Nampula,Liupo,Janeiro,0.0
2022,Nampula,Ribaué,Dezembro,35.0
2022,Nampula,Ribaué,Novembro,35.0
2022,Nampula,Ribaué,Outubro,35.0
2022,Nampula,Ribaué,Setembro,39.0
2022,Nampula,Ribaué,Agosto,43.0
2022,Nampula,Ribaué,Julho,44.0
2022,Nampula,Ribaué,Junho,44.0
2022,Nampula,Ribaué,Maio,44.0
2022,Nampula,Ribaué,Abril,43.0
2022,Nampula,Ribaué,Janeiro,49.0
2022,Niassa,Manjune,Dezembro,5.0
2022,Cabo Delgado,Muidumbe,Março,3.0
2022,Cabo Delgado,Mecufi,Julho,8.0
2022,Cabo Delgado,Mocimboa da Praia,Dezembro,30.0
2022,Cabo Delgado,Muidumbe,Junho,3.0
2022,Cabo Delgado,Muidumbe,Fevereiro,3.0
2022,Cabo Delgado,Muidumbe,Janeiro,3.0
2022,Cabo Delgado,Mueda,Dezembro,16.0
2022,Cabo Delgado,Mueda,Novembro,16.0
2022,Cabo Delgado,Mueda,Outubro,14.0
2022,Cabo Delgado,Mueda,Setembro,14.0
2022,Cabo Delgado,Mueda,Agosto,17.0
2022,Cabo Delgado,Mueda,Julho,17.0
2022,Cabo Delgado,Mueda,Junho,18.0
2022,Cabo Delgado,Mueda,Maio,17.0
2022,Cabo Delgado,Mueda,Abril,18.0
2022,Cabo Delgado,Mueda,Março,21.0
2022,Cabo Delgado,Mueda,Fevereiro,21.0
2022,Cabo Delgado,Mueda,Janeiro,21.0
2022,Cabo Delgado,Montepuez,Dezembro,77.0
2022,Cabo Delgado,Montepuez,Novembro,81.0
2022,Cabo Delgado,Montepuez,Outubro,76.0
2022,Cabo Delgado,Montepuez,Setembro,77.0
2022,Cabo Delgado,Montepuez,Agosto,85.0
2022,Cabo Delgado,Montepuez,Julho,85.0
2022,Cabo Delgado,Montepuez,Junho,83.0
2022,Cabo Delgado,Montepuez,Maio,83.0
2022,Cabo Delgado,Montepuez,Abril,86.0
2022,Cabo Delgado,Muidumbe,Agosto,3.0
2022,Cabo Delgado,Muidumbe,Maio,3.0
2022,Cabo Delgado,Nangade,Agosto,8.0
2022,Cabo Delgado,Muidumbe,Julho,3.0
2022,Cabo Delgado,Ancuabe,Agosto,30.0
2022,Cabo Delgado,Nangade,Outubro,4.0
2022,Cabo Delgado,Nangade,Julho,7.0
2022,Cabo Delgado,Nangade,Junho,7.0
2022,Cabo Delgado,Nangade,Maio,7.0
2022,Cabo Delgado,Nangade,Abril,8.0
2022,Cabo Delgado,Nangade,Março,10.0
2022,Cabo Delgado,Nangade,Fevereiro,9.0
2022,Cabo Delgado,Nangade,Janeiro,10.0
2022,Cabo Delgado,Namuno,Dezembro,13.0
2022,Cabo Delgado,Namuno,Novembro,13.0
2022,Cabo Delgado,Namuno,Outubro,14.0
2022,Cabo Delgado,Namuno,Setembro,13.0
2022,Cabo Delgado,Namuno,Agosto,14.0
2022,Cabo Delgado,Namuno,Julho,11.0
2022,Cabo Delgado,Namuno,Junho,11.0
2022,Cabo Delgado,Namuno,Maio,11.0
2022,Cabo Delgado,Namuno,Abril,11.0
2022,Cabo Delgado,Namuno,Março,12.0
2022,Cabo Delgado,Namuno,Fevereiro,13.0
2022,Cabo Delgado,Namuno,Janeiro,12.0
2022,Cabo Delgado,Muidumbe,Dezembro,2.0
2022,Cabo Delgado,Muidumbe,Novembro,2.0
2022,Cabo Delgado,Muidumbe,Outubro,2.0
2022,Cabo Delgado,Muidumbe,Setembro,2.0
2022,Cabo Delgado,Ibo,Abril,6.0
2022,Cabo Delgado,Montepuez,Janeiro,92.0
2022,Cabo Delgado,Montepuez,Março,89.0
2022,Cabo Delgado,Mecufi,Junho,7.0
2022,Cabo Delgado,Mecufi,Maio,6.0
2022,Cabo Delgado,Mecufi,Agosto,8.0
2022,Cabo Delgado,Mecufi,Abril,7.0
2022,Cabo Delgado,Mecufi,Março,7.0
2022,Cabo Delgado,Mecufi,Fevereiro,6.0
2022,Cabo Delgado,Mecufi,Janeiro,6.0
2022,Cabo Delgado,Macomia,Dezembro,9.0
2022,Cabo Delgado,Macomia,Novembro,9.0
2022,Cabo Delgado,Macomia,Outubro,9.0
2022,Cabo Delgado,Macomia,Setembro,8.0
2022,Cabo Delgado,Macomia,Agosto,9.0
2022,Cabo Delgado,Macomia,Julho,9.0
2022,Cabo Delgado,Macomia,Junho,10.0
2022,Cabo Delgado,Macomia,Maio,10.0
2022,Cabo Delgado,Macomia,Abril,11.0
2022,Cabo Delgado,Macomia,Março,14.0
2022,Cabo Delgado,Macomia,Fevereiro,14.0
2022,Cabo Delgado,Macomia,Janeiro,14.0
2022,Cabo Delgado,Ibo,Dezembro,6.0
2022,Cabo Delgado,Ibo,Novembro,6.0
2022,Cabo Delgado,Ibo,Outubro,6.0
2022,Cabo Delgado,Ibo,Setembro,6.0
2022,Cabo Delgado,Ibo,Agosto,6.0
2022,Cabo Delgado,Ibo,Julho,6.0
2022,Cabo Delgado,Ibo,Junho,6.0
2022,Cabo Delgado,Mecufi,Outubro,9.0
2022,Cabo Delgado,Montepuez,Fevereiro,91.0
2022,Cabo Delgado,Mocimboa da Praia,Outubro,31.0
2022,Cabo Delgado,Mecufi,Setembro,8.0
2022,Cabo Delgado,Ancuabe,Julho,29.0
2022,Cabo Delgado,Mocimboa da Praia,Novembro,31.0
2022,Cabo Delgado,Mocimboa da Praia,Setembro,30.0
2022,Cabo Delgado,Mocimboa da Praia,Agosto,41.0
2022,Cabo Delgado,Mocimboa da Praia,Julho,40.0
2022,Cabo Delgado,Mocimboa da Praia,Junho,42.0
2022,Cabo Delgado,Mocimboa da Praia,Maio,43.0
2022,Cabo Delgado,Mocimboa da Praia,Abril,42.0
2022,Cabo Delgado,Mocimboa da Praia,Março,43.0
2022,Cabo Delgado,Mocimboa da Praia,Fevereiro,45.0
2022,Cabo Delgado,Mocimboa da Praia,Janeiro,46.0
2022,Cabo Delgado,Meluco,Dezembro,5.0
2022,Cabo Delgado,Meluco,Novembro,5.0
2022,Cabo Delgado,Meluco,Outubro,5.0
2022,Cabo Delgado,Meluco,Setembro,5.0
2022,Cabo Delgado,Meluco,Agosto,5.0
2022,Cabo Delgado,Meluco,Julho,4.0
2022,Cabo Delgado,Meluco,Junho,4.0
2022,Cabo Delgado,Meluco,Maio,4.0
2022,Cabo Delgado,Meluco,Abril,5.0
2022,Cabo Delgado,Meluco,Março,6.0
2022,Cabo Delgado,Meluco,Fevereiro,6.0
2022,Cabo Delgado,Meluco,Janeiro,5.0
2022,Cabo Delgado,Mecufi,Dezembro,9.0
2022,Cabo Delgado,Mecufi,Novembro,9.0
2022,Nampula,Nacaroa,Setembro,10.0
2022,Zambézia,Alto Molócuè,Janeiro,68.0
2022,Província de Maputo,Boane,Fevereiro,936.0
2022,Zambézia,Cidade de Quelimane,Novembro,585.0
2022,Inhambane,Govuro,Abril,24.0
2022,Sofala,Buzi,Maio,100.0
2022,Inhambane,Govuro,Janeiro,27.0
2022,Inhambane,Funhaloro,Dezembro,31.0
2022,Inhambane,Funhaloro,Novembro,30.0
2022,Inhambane,Funhaloro,Outubro,29.0
2022,Inhambane,Funhaloro,Setembro,31.0
2022,Inhambane,Funhaloro,Agosto,31.0
2022,Inhambane,Funhaloro,Julho,32.0
2022,Inhambane,Funhaloro,Junho,32.0
2022,Inhambane,Funhaloro,Maio,33.0
2022,Inhambane,Inharrime,Setembro,36.0
2022,Inhambane,Funhaloro,Abril,35.0
2022,Inhambane,Funhaloro,Março,36.0
2022,Inhambane,Funhaloro,Janeiro,35.0
2022,Inhambane,Cidade de Maxixe,Dezembro,357.0
2022,Inhambane,Cidade de Maxixe,Novembro,343.0
2022,Inhambane,Cidade de Maxixe,Outubro,344.0
2022,Inhambane,Cidade de Maxixe,Setembro,354.0
2022,Inhambane,Cidade de Maxixe,Agosto,357.0
2022,Inhambane,Cidade de Maxixe,Julho,355.0
2022,Inhambane,Cidade de Maxixe,Junho,343.0
2022,Inhambane,Cidade de Maxixe,Maio,353.0
2022,Inhambane,Cidade de Maxixe,Abril,354.0
2022,Inhambane,Govuro,Março,24.0
2022,Inhambane,Govuro,Maio,24.0
2022,Inhambane,Inharrime,Julho,40.0
2022,Inhambane,Cidade de Maxixe,Fevereiro,361.0
2022,Inhambane,Govuro,Junho,23.0
2022,Inhambane,Inharrime,Junho,42.0
2022,Inhambane,Inharrime,Maio,42.0
2022,Inhambane,Inharrime,Abril,42.0
2022,Inhambane,Inharrime,Março,47.0
2022,Inhambane,Inharrime,Fevereiro,46.0
2022,Inhambane,Inharrime,Janeiro,49.0
2022,Inhambane,Homoine,Dezembro,23.0
2022,Inhambane,Homoine,Novembro,21.0
2022,Inhambane,Homoine,Outubro,22.0
2022,Inhambane,Homoine,Setembro,20.0
2022,Inhambane,Homoine,Agosto,21.0
2022,Inhambane,Homoine,Julho,21.0
2022,Inhambane,Homoine,Junho,21.0
2022,Inhambane,Homoine,Maio,21.0
2022,Inhambane,Homoine,Abril,21.0
2022,Inhambane,Homoine,Março,21.0
2022,Inhambane,Homoine,Fevereiro,22.0
2022,Inhambane,Homoine,Janeiro,22.0
2022,Inhambane,Govuro,Dezembro,26.0
2022,Inhambane,Govuro,Novembro,24.0
2022,Inhambane,Govuro,Outubro,24.0
2022,Inhambane,Govuro,Setembro,23.0
2022,Inhambane,Govuro,Agosto,23.0
2022,Inhambane,Govuro,Julho,23.0
2022,Inhambane,Cidade de Maxixe,Março,362.0
2022,Inhambane,Funhaloro,Fevereiro,38.0
2022,Inhambane,Cidade de Maxixe,Janeiro,353.0
2022,Inhambane,Cidade de Inhambane,Dezembro,423.0
2022,Gaza,Mapai,Julho,0.0
2022,Gaza,Chonguene,Abril,0.0
2022,Gaza,Mapai,Abril,0.0
2022,Gaza,Mapai,Março,0.0
2022,Gaza,Mapai,Fevereiro,0.0
2022,Gaza,Mapai,Janeiro,0.0
2022,Gaza,Chonguene,Dezembro,27.0
2022,Gaza,Chonguene,Novembro,29.0
2022,Gaza,Chonguene,Setembro,26.0
2022,Gaza,Chonguene,Agosto,25.0
2022,Gaza,Chonguene,Julho,25.0
2022,Gaza,Chonguene,Junho,0.0
2022,Gaza,Chonguene,Maio,0.0
2022,Gaza,Chonguene,Março,0.0
2022,Inhambane,Inharrime,Agosto,39.0
2022,Gaza,Chonguene,Fevereiro,0.0
2022,Gaza,Chonguene,Janeiro,0.0
2022,Gaza,Massingir,Dezembro,17.0
2022,Gaza,Massingir,Novembro,16.0
2022,Gaza,Massingir,Outubro,19.0
2022,Gaza,Massingir,Setembro,18.0
2022,Gaza,Massingir,Agosto,19.0
2022,Gaza,Massingir,Julho,16.0
2022,Gaza,Massingir,Junho,14.0
2022,Gaza,Massingir,Maio,14.0
2022,Gaza,Mapai,Setembro,0.0
2022,Inhambane,Inharrime,Outubro,37.0
2022,Inhambane,Cidade de Inhambane,Outubro,398.0
2022,Gaza,Mapai,Outubro,0.0
2022,Inhambane,Cidade de Inhambane,Novembro,413.0
2022,Gaza,Mapai,Maio,0.0
2022,Inhambane,Cidade de Inhambane,Setembro,401.0
2022,Inhambane,Cidade de Inhambane,Agosto,412.0
2022,Inhambane,Cidade de Inhambane,Julho,404.0
2022,Inhambane,Cidade de Inhambane,Junho,425.0
2022,Inhambane,Cidade de Inhambane,Maio,412.0
2022,Inhambane,Cidade de Inhambane,Abril,409.0
2022,Inhambane,Cidade de Inhambane,Março,421.0
2022,Inhambane,Cidade de Inhambane,Fevereiro,430.0
2022,Inhambane,Cidade de Inhambane,Janeiro,424.0
2022,Gaza,Limpopo,Dezembro,0.0
2022,Gaza,Limpopo,Novembro,0.0
2022,Gaza,Limpopo,Outubro,0.0
2022,Gaza,Limpopo,Setembro,0.0
2022,Gaza,Limpopo,Agosto,0.0
2022,Gaza,Limpopo,Julho,0.0
2022,Gaza,Limpopo,Junho,0.0
2022,Gaza,Limpopo,Maio,0.0
2022,Gaza,Limpopo,Abril,0.0
2022,Gaza,Limpopo,Março,0.0
2022,Gaza,Limpopo,Fevereiro,0.0
2022,Gaza,Limpopo,Janeiro,0.0
2022,Gaza,Mapai,Dezembro,0.0
2022,Gaza,Mapai,Novembro,0.0
2022,Gaza,Mapai,Agosto,0.0
2022,Inhambane,Inharrime,Novembro,38.0
2022,Inhambane,Vilankulo,Outubro,287.0
2022,Inhambane,Morrumbene,Julho,58.0
2022,Inhambane,Vilankulo,Dezembro,292.0
2022,Inhambane,Vilankulo,Setembro,278.0
2022,Inhambane,Vilankulo,Julho,280.0
2022,Inhambane,Vilankulo,Junho,275.0
2022,Inhambane,Vilankulo,Maio,271.0
2022,Inhambane,Vilankulo,Abril,268.0
2022,Inhambane,Vilankulo,Março,272.0
2022,Inhambane,Vilankulo,Fevereiro,267.0
2022,Inhambane,Vilankulo,Janeiro,265.0
2022,Inhambane,Panda,Dezembro,10.0
2022,Inhambane,Panda,Novembro,10.0
2022,Inhambane,Panda,Outubro,10.0
2022,Inhambane,Panda,Setembro,11.0
2022,Inhambane,Panda,Agosto,11.0
2022,Inhambane,Panda,Julho,10.0
2022,Inhambane,Panda,Junho,10.0
2022,Inhambane,Panda,Maio,9.0
2022,Inhambane,Panda,Abril,9.0
2022,Inhambane,Panda,Março,9.0
2022,Inhambane,Panda,Fevereiro,10.0
2022,Inhambane,Panda,Janeiro,10.0
2022,Inhambane,Morrumbene,Dezembro,57.0
2022,Inhambane,Morrumbene,Novembro,60.0
2022,Inhambane,Morrumbene,Outubro,55.0
2022,Inhambane,Vilankulo,Novembro,290.0
2022,Inhambane,Morrumbene,Junho,51.0
2022,Inhambane,Morrumbene,Setembro,59.0
2022,Inhambane,Zavala (Quissico),Fevereiro,46.0
2022,Zambézia,Cidade de Quelimane,Dezembro,609.0
2022,Sofala,Buzi,Março,100.0
2022,Sofala,Buzi,Janeiro,102.0
2022,Sofala,Cidade da Beira,Dezembro,2339.0
2022,Sofala,Cidade da Beira,Novembro,2312.0
2022,Sofala,Cidade da Beira,Outubro,2260.0
2022,Sofala,Cidade da Beira,Setembro,2255.0
2022,Sofala,Cidade da Beira,Agosto,2326.0
2022,Sofala,Cidade da Beira,Julho,2314.0
2022,Sofala,Cidade da Beira,Junho,2297.0
2022,Sofala,Cidade da Beira,Maio,2315.0
2022,Sofala,Cidade da Beira,Abril,2279.0
2022,Sofala,Cidade da Beira,Março,2291.0
2022,Sofala,Cidade da Beira,Fevereiro,2378.0
2022,Sofala,Cidade da Beira,Janeiro,2386.0
2022,Inhambane,Zavala (Quissico),Dezembro,39.0
2022,Inhambane,Zavala (Quissico),Novembro,37.0
2022,Inhambane,Zavala (Quissico),Outubro,40.0
2022,Inhambane,Zavala (Quissico),Setembro,40.0
2022,Inhambane,Zavala (Quissico),Agosto,39.0
2022,Inhambane,Zavala (Quissico),Julho,35.0
2022,Inhambane,Zavala (Quissico),Junho,38.0
2022,Inhambane,Zavala (Quissico),Maio,41.0
2022,Inhambane,Zavala (Quissico),Abril,42.0
2022,Inhambane,Zavala (Quissico),Março,44.0
2022,Inhambane,Zavala (Quissico),Janeiro,45.0
2022,Sofala,Buzi,Fevereiro,101.0
2022,Gaza,Mapai,Junho,0.0
2022,Inhambane,Morrumbene,Agosto,61.0
2022,Gaza,Massingir,Janeiro,17.0
2022,Inhambane,Mabote,Fevereiro,30.0
2022,Inhambane,Jangamo,Outubro,41.0
2022,Inhambane,Jangamo,Setembro,43.0
2022,Inhambane,Jangamo,Agosto,40.0
2022,Inhambane,Jangamo,Julho,41.0
2022,Inhambane,Jangamo,Junho,38.0
2022,Inhambane,Jangamo,Maio,40.0
2022,Inhambane,Jangamo,Abril,40.0
2022,Inhambane,Jangamo,Março,38.0
2022,Inhambane,Jangamo,Fevereiro,38.0
2022,Inhambane,Jangamo,Janeiro,39.0
2022,Inhambane,Inhassoro,Dezembro,83.0
2022,Inhambane,Inhassoro,Novembro,81.0
2022,Inhambane,Inhassoro,Outubro,80.0
2022,Inhambane,Inhassoro,Setembro,76.0
2022,Inhambane,Inhassoro,Agosto,77.0
2022,Inhambane,Inhassoro,Julho,76.0
2022,Inhambane,Inhassoro,Junho,77.0
2022,Inhambane,Inhassoro,Maio,78.0
2022,Inhambane,Inhassoro,Abril,77.0
2022,Inhambane,Inhassoro,Março,79.0
2022,Inhambane,Inhassoro,Fevereiro,82.0
2022,Inhambane,Inhassoro,Janeiro,78.0
2022,Inhambane,Inharrime,Dezembro,38.0
2022,Inhambane,Mabote,Janeiro,32.0
2022,Inhambane,Jangamo,Novembro,43.0
2022,Inhambane,Jangamo,Dezembro,43.0
2022,Inhambane,Mabote,Abril,27.0
2022,Gaza,Massingir,Março,17.0
2022,Inhambane,Morrumbene,Maio,53.0
2022,Inhambane,Morrumbene,Março,53.0
2022,Inhambane,Morrumbene,Fevereiro,54.0
2022,Inhambane,Morrumbene,Janeiro,55.0
2022,Inhambane,Massinga,Dezembro,124.0
2022,Inhambane,Massinga,Novembro,122.0
2022,Inhambane,Massinga,Outubro,107.0
2022,Inhambane,Massinga,Setembro,105.0
2022,Inhambane,Massinga,Agosto,126.0
2022,Inhambane,Massinga,Julho,119.0
2022,Inhambane,Massinga,Junho,116.0
2022,Inhambane,Massinga,Maio,117.0
2022,Inhambane,Massinga,Abril,114.0
2022,Inhambane,Massinga,Março,119.0
2022,Inhambane,Massinga,Fevereiro,122.0
2022,Inhambane,Massinga,Janeiro,120.0
2022,Inhambane,Mabote,Dezembro,24.0
2022,Inhambane,Mabote,Novembro,21.0
2022,Inhambane,Mabote,Outubro,22.0
2022,Inhambane,Mabote,Setembro,21.0
2022,Inhambane,Mabote,Agosto,22.0
2022,Inhambane,Mabote,Julho,23.0
2022,Inhambane,Mabote,Junho,27.0
2022,Inhambane,Mabote,Maio,27.0
2022,Inhambane,Mabote,Março,30.0
2022,Inhambane,Morrumbene,Abril,53.0
2022,Gaza,Massingir,Abril,15.0
2022,Inhambane,Vilankulo,Agosto,282.0
2022,Gaza,Mabalane,Novembro,11.0
2022,Sofala,Buzi,Abril,102.0
2022,Província de Maputo,Matutuíne,Agosto,308.0
2022,Província de Maputo,Matutuíne,Julho,300.0
2022,Província de Maputo,Matutuíne,Junho,304.0
2022,Província de Maputo,Matutuíne,Maio,304.0
2022,Província de Maputo,Matutuíne,Abril,304.0
2022,Província de Maputo,Matutuíne,Março,322.0
2022,Província de Maputo,Matutuíne,Fevereiro,357.0
2022,Província de Maputo,Matutuíne,Janeiro,364.0
2022,Província de Maputo,Marracuene,Dezembro,662.0
2022,Província de Maputo,Marracuene,Novembro,651.0
2022,Província de Maputo,Namaacha,Janeiro,119.0
2022,Província de Maputo,Marracuene,Outubro,617.0
2022,Província de Maputo,Marracuene,Agosto,640.0
2022,Província de Maputo,Marracuene,Julho,626.0
2022,Província de Maputo,Marracuene,Junho,628.0
2022,Província de Maputo,Marracuene,Maio,628.0
2022,Província de Maputo,Marracuene,Abril,626.0
2022,Província de Maputo,Marracuene,Março,646.0
2022,Província de Maputo,Marracuene,Fevereiro,668.0
2022,Província de Maputo,Marracuene,Janeiro,668.0
2022,Província de Maputo,Manhiça,Dezembro,181.0
2022,Província de Maputo,Manhiça,Novembro,176.0
2022,Província de Maputo,Matutuíne,Dezembro,329.0
2022,Província de Maputo,Marracuene,Setembro,619.0
2022,Província de Maputo,Manhiça,Julho,175.0
2022,Província de Maputo,Namaacha,Março,115.0
2022,Gaza,Cidade de Xai-Xai,Março,588.0
2022,Gaza,Cidade de Xai-Xai,Fevereiro,591.0
2022,Gaza,Cidade de Xai-Xai,Janeiro,601.0
2022,Província de Maputo,Moamba,Dezembro,121.0
2022,Província de Maputo,Moamba,Novembro,126.0
2022,Província de Maputo,Moamba,Outubro,120.0
2022,Província de Maputo,Moamba,Setembro,120.0
2022,Província de Maputo,Moamba,Agosto,123.0
2022,Província de Maputo,Moamba,Julho,120.0
2022,Província de Maputo,Moamba,Junho,114.0
2022,Província de Maputo,Moamba,Maio,119.0
2022,Província de Maputo,Moamba,Abril,116.0
2022,Província de Maputo,Moamba,Março,113.0
2022,Província de Maputo,Moamba,Fevereiro,113.0
2022,Província de Maputo,Moamba,Janeiro,115.0
2022,Província de Maputo,Namaacha,Dezembro,112.0
2022,Província de Maputo,Namaacha,Novembro,110.0
2022,Província de Maputo,Namaacha,Outubro,110.0
2022,Província de Maputo,Namaacha,Setembro,105.0
2022,Província de Maputo,Namaacha,Agosto,110.0
2022,Província de Maputo,Namaacha,Julho,109.0
2022,Província de Maputo,Namaacha,Junho,110.0
2022,Província de Maputo,Namaacha,Maio,113.0
2022,Província de Maputo,Namaacha,Abril,107.0
2022,Província de Maputo,Namaacha,Fevereiro,119.0
2022,Gaza,Cidade de Xai-Xai,Maio,578.0
2022,Província de Maputo,Manhiça,Outubro,177.0
2022,Província de Maputo,Manhiça,Setembro,178.0
2022,Província de Maputo,Matutuíne,Setembro,283.0
2022,Província de Maputo,Boane,Janeiro,910.0
2022,Província de Maputo,Cidade de Maputo,Novembro,15240.0
2022,Província de Maputo,Manhiça,Agosto,177.0
2022,Província de Maputo,Cidade da Matola,Outubro,3545.0
2022,Província de Maputo,Cidade da Matola,Setembro,3562.0
2022,Província de Maputo,Cidade da Matola,Agosto,3657.0
2022,Província de Maputo,Cidade da Matola,Julho,3602.0
2022,Província de Maputo,Cidade da Matola,Junho,3600.0
2022,Província de Maputo,Cidade da Matola,Maio,3611.0
2022,Província de Maputo,Cidade da Matola,Março,3706.0
2022,Província de Maputo,Cidade da Matola,Fevereiro,4006.0
2022,Província de Maputo,Cidade da Matola,Janeiro,3940.0
2022,Província de Maputo,Cidade de Maputo,Dezembro,15424.0
2022,Província de Maputo,Cidade da Matola,Abril,3555.0
2022,Província de Maputo,Cidade de Maputo,Outubro,14843.0
2022,Província de Maputo,Cidade de Maputo,Maio,15072.0
2022,Província de Maputo,Cidade da Matola,Novembro,3681.0
2022,Província de Maputo,Cidade de Maputo,Janeiro,15959.0
2022,Província de Maputo,Cidade de Maputo,Fevereiro,16024.0
2022,Província de Maputo,Cidade de Maputo,Março,15364.0
2022,Província de Maputo,Cidade de Maputo,Abril,14900.0
2022,Província de Maputo,Cidade de Maputo,Junho,15125.0
2022,Província de Maputo,Cidade de Maputo,Julho,15134.0
2022,Província de Maputo,Cidade de Maputo,Agosto,15152.0
2022,Província de Maputo,Cidade de Maputo,Setembro,14893.0
2022,Gaza,Chonguene,Outubro,27.0
2022,Província de Maputo,Boane,Março,841.0
2022,Gaza,Cidade de Xai-Xai,Abril,581.0
2022,Província de Maputo,Magude,Junho,64.0
2022,Província de Maputo,Cidade da Matola,Dezembro,3734.0
2022,Província de Maputo,Boane,Maio,817.0
2022,Província de Maputo,Manhiça,Maio,176.0
2022,Província de Maputo,Manhiça,Abril,175.0
2022,Província de Maputo,Manhiça,Março,178.0
2022,Província de Maputo,Manhiça,Fevereiro,183.0
2022,Província de Maputo,Manhiça,Janeiro,184.0
2022,Província de Maputo,Magude,Dezembro,60.0
2022,Província de Maputo,Magude,Novembro,61.0
2022,Província de Maputo,Magude,Outubro,57.0
2022,Província de Maputo,Magude,Setembro,59.0
2022,Província de Maputo,Magude,Agosto,61.0
2022,Província de Maputo,Magude,Julho,61.0
2022,Província de Maputo,Magude,Maio,65.0
2022,Província de Maputo,Magude,Abril,66.0
2022,Província de Maputo,Magude,Março,69.0
2022,Província de Maputo,Magude,Fevereiro,77.0
2022,Província de Maputo,Magude,Janeiro,72.0
2022,Província de Maputo,Boane,Dezembro,882.0
2022,Província de Maputo,Boane,Novembro,861.0
2022,Província de Maputo,Boane,Outubro,823.0
2022,Província de Maputo,Boane,Setembro,813.0
2022,Província de Maputo,Boane,Agosto,844.0
2022,Província de Maputo,Boane,Julho,817.0
2022,Província de Maputo,Boane,Junho,818.0
2022,Província de Maputo,Boane,Abril,798.0
2022,Província de Maputo,Manhiça,Junho,177.0
2022,Gaza,Cidade de Xai-Xai,Junho,578.0
2022,Gaza,Chibuto,Dezembro,92.0
2022,Gaza,Mabalane,Julho,10.0
2022,Gaza,Mabalane,Junho,11.0
2022,Gaza,Mabalane,Maio,11.0
2022,Gaza,Mabalane,Abril,11.0
2022,Gaza,Mabalane,Março,11.0
2022,Gaza,Mabalane,Fevereiro,11.0
2022,Gaza,Mabalane,Janeiro,11.0
2022,Gaza,Guijá,Dezembro,15.0
2022,Gaza,Guijá,Novembro,15.0
2022,Gaza,Guijá,Outubro,15.0
2022,Gaza,Guijá,Setembro,15.0
2022,Gaza,Guijá,Agosto,14.0
2022,Gaza,Guijá,Julho,14.0
2022,Gaza,Guijá,Junho,15.0
2022,Gaza,Guijá,Maio,16.0
2022,Gaza,Guijá,Abril,17.0
2022,Gaza,Guijá,Março,16.0
2022,Gaza,Guijá,Fevereiro,18.0
2022,Gaza,Guijá,Janeiro,20.0
2022,Gaza,Chókwè,Dezembro,144.0
2022,Gaza,Chókwè,Novembro,143.0
2022,Gaza,Chókwè,Outubro,143.0
2022,Gaza,Chókwè,Setembro,144.0
2022,Gaza,Chókwè,Agosto,148.0
2022,Gaza,Chókwè,Julho,152.0
2022,Gaza,Mabalane,Agosto,10.0
2022,Gaza,Chókwè,Junho,149.0
2022,Gaza,Cidade de Xai-Xai,Julho,571.0
2022,Gaza,Chókwè,Maio,145.0
2022,Gaza,Massangena,Dezembro,14.0
2022,Gaza,Massangena,Novembro,12.0
2022,Gaza,Massangena,Outubro,12.0
2022,Gaza,Massangena,Setembro,12.0
2022,Gaza,Massangena,Agosto,12.0
2022,Gaza,Massangena,Julho,12.0
2022,Gaza,Massangena,Junho,12.0
2022,Gaza,Massangena,Maio,12.0
2022,Gaza,Massangena,Abril,10.0
2022,Gaza,Massangena,Março,10.0
2022,Gaza,Massangena,Fevereiro,10.0
2022,Gaza,Massangena,Janeiro,10.0
2022,Gaza,Manjacaze,Dezembro,91.0
2022,Gaza,Manjacaze,Novembro,92.0
2022,Gaza,Manjacaze,Outubro,89.0
2022,Gaza,Manjacaze,Setembro,88.0
2022,Gaza,Manjacaze,Agosto,87.0
2022,Gaza,Manjacaze,Julho,88.0
2022,Gaza,Manjacaze,Junho,85.0
2022,Gaza,Manjacaze,Maio,86.0
2022,Gaza,Manjacaze,Abril,83.0
2022,Gaza,Manjacaze,Março,83.0
2022,Gaza,Manjacaze,Fevereiro,81.0
2022,Gaza,Manjacaze,Janeiro,85.0
2022,Gaza,Mabalane,Dezembro,12.0
2022,Gaza,Mabalane,Outubro,12.0
2022,Gaza,Mabalane,Setembro,9.0
2022,Província de Maputo,Matutuíne,Novembro,330.0
2022,Gaza,Chókwè,Março,142.0
2022,Gaza,Chicualacuala,Janeiro,10.0
2022,Gaza,Chibuto,Agosto,84.0
2022,Gaza,Chibuto,Julho,86.0
2022,Gaza,Chibuto,Junho,93.0
2022,Gaza,Chibuto,Maio,92.0
2022,Gaza,Chibuto,Abril,91.0
2022,Gaza,Chibuto,Março,93.0
2022,Gaza,Chibuto,Fevereiro,91.0
2022,Gaza,Chibuto,Janeiro,95.0
2022,Gaza,Bilene-Macia,Dezembro,225.0
2022,Gaza,Bilene-Macia,Novembro,220.0
2022,Gaza,Bilene-Macia,Outubro,213.0
2022,Gaza,Bilene-Macia,Setembro,219.0
2022,Gaza,Bilene-Macia,Agosto,215.0
2022,Gaza,Bilene-Macia,Julho,214.0
2022,Gaza,Bilene-Macia,Junho,208.0
2022,Gaza,Bilene-Macia,Maio,212.0
2022,Gaza,Bilene-Macia,Abril,213.0
2022,Gaza,Bilene-Macia,Março,217.0
2022,Gaza,Bilene-Macia,Fevereiro,213.0
2022,Gaza,Bilene-Macia,Janeiro,221.0
2022,Gaza,Cidade de Xai-Xai,Dezembro,563.0
2022,Gaza,Cidade de Xai-Xai,Novembro,552.0
2022,Gaza,Cidade de Xai-Xai,Outubro,550.0
2022,Gaza,Cidade de Xai-Xai,Setembro,558.0
2022,Gaza,Chibuto,Outubro,92.0
2022,Gaza,Chókwè,Abril,142.0
2022,Gaza,Cidade de Xai-Xai,Agosto,570.0
2022,Gaza,Chibuto,Setembro,89.0
2022,Gaza,Chókwè,Fevereiro,144.0
2022,Gaza,Chókwè,Janeiro,147.0
2022,Gaza,Chigubo,Dezembro,3.0
2022,Gaza,Chigubo,Novembro,3.0
2022,Gaza,Chigubo,Outubro,5.0
2022,Gaza,Chigubo,Setembro,5.0
2022,Gaza,Chigubo,Agosto,8.0
2022,Gaza,Chigubo,Julho,5.0
2022,Gaza,Chigubo,Junho,5.0
2022,Gaza,Chigubo,Maio,5.0
2022,Gaza,Chigubo,Abril,4.0
2022,Gaza,Chigubo,Março,4.0
2022,Gaza,Chigubo,Fevereiro,4.0
2022,Gaza,Chigubo,Janeiro,5.0
2022,Gaza,Chicualacuala,Dezembro,10.0
2022,Gaza,Chicualacuala,Novembro,10.0
2022,Gaza,Chicualacuala,Outubro,11.0
2022,Gaza,Chicualacuala,Setembro,10.0
2022,Gaza,Chicualacuala,Agosto,11.0
2022,Gaza,Chicualacuala,Julho,11.0
2022,Gaza,Chicualacuala,Junho,11.0
2022,Gaza,Chicualacuala,Maio,11.0
2022,Gaza,Chicualacuala,Abril,12.0
2022,Gaza,Chicualacuala,Março,10.0
2022,Gaza,Chicualacuala,Fevereiro,10.0
2022,Província de Maputo,Matutuíne,Outubro,298.0
2022,Gaza,Chibuto,Novembro,92.0
2022,Manica,Sussundenga,Outubro,25.0
2022,Gaza,Massingir,Fevereiro,16.0
2022,Sofala,Chemba,Setembro,18.0
2022,Tete,Changara,Dezembro,9.0
2022,Tete,Changara,Agosto,9.0
2022,Tete,Changara,Julho,9.0
2022,Tete,Changara,Junho,9.0
2022,Tete,Changara,Maio,9.0
2022,Tete,Changara,Abril,9.0
2022,Tete,Changara,Março,8.0
2022,Tete,Changara,Fevereiro,9.0
2022,Tete,Changara,Janeiro,8.0
2022,Tete,Cahora-Bassa,Dezembro,74.0
2022,Tete,Cahora-Bassa,Novembro,73.0
2022,Tete,Changara,Outubro,7.0
2022,Tete,Cahora-Bassa,Outubro,74.0
2022,Tete,Cahora-Bassa,Agosto,76.0
2022,Tete,Cahora-Bassa,Julho,73.0
2022,Tete,Cahora-Bassa,Junho,74.0
2022,Tete,Cahora-Bassa,Maio,74.0
2022,Tete,Cahora-Bassa,Abril,76.0
2022,Tete,Cahora-Bassa,Março,87.0
2022,Tete,Cahora-Bassa,Fevereiro,85.0
2022,Tete,Cahora-Bassa,Janeiro,84.0
2022,Tete,Angónia,Dezembro,84.0
2022,Tete,Angónia,Novembro,85.0
2022,Tete,Angónia,Outubro,80.0
2022,Tete,Cahora-Bassa,Setembro,72.0
2022,Tete,Angónia,Junho,78.0
2022,Tete,Changara,Novembro,9.0
2022,Tete,Chifunde,Janeiro,6.0
2022,Tete,Angónia,Agosto,86.0
2022,Sofala,Buzi,Julho,101.0
2022,Tete,Chiuta,Dezembro,6.0
2022,Tete,Chiuta,Novembro,6.0
2022,Tete,Chiuta,Outubro,6.0
2022,Tete,Chiuta,Setembro,5.0
2022,Tete,Chiuta,Agosto,6.0
2022,Tete,Chiuta,Julho,6.0
2022,Tete,Chiuta,Junho,7.0
2022,Tete,Chiuta,Maio,7.0
2022,Tete,Chiuta,Abril,7.0
2022,Tete,Chiuta,Março,7.0
2022,Tete,Chiuta,Fevereiro,8.0
2022,Tete,Chiuta,Janeiro,8.0
2022,Tete,Chifunde,Dezembro,5.0
2022,Tete,Chifunde,Novembro,5.0
2022,Tete,Chifunde,Outubro,6.0
2022,Tete,Chifunde,Setembro,6.0
2022,Tete,Chifunde,Agosto,6.0
2022,Tete,Chifunde,Julho,5.0
2022,Tete,Chifunde,Junho,5.0
2022,Tete,Chifunde,Maio,5.0
2022,Tete,Chifunde,Abril,6.0
2022,Tete,Chifunde,Março,6.0
2022,Tete,Chifunde,Fevereiro,6.0
2022,Tete,Angónia,Setembro,82.0
2022,Tete,Macanga,Janeiro,12.0
2022,Tete,Macanga,Julho,10.0
2022,Tete,Angónia,Julho,85.0
2022,Tete,Macanga,Junho,10.0
2022,Manica,Vanduzi,Fevereiro,0.0
2022,Manica,Macate,Outubro,0.0
2022,Manica,Macate,Setembro,0.0
2022,Manica,Macate,Agosto,0.0
2022,Manica,Macate,Julho,0.0
2022,Manica,Macate,Junho,0.0
2022,Manica,Macate,Maio,0.0
2022,Manica,Macate,Abril,0.0
2022,Manica,Macate,Março,0.0
2022,Manica,Macate,Fevereiro,0.0
2022,Manica,Macate,Janeiro,0.0
2022,Manica,Tambara,Dezembro,10.0
2022,Manica,Tambara,Novembro,10.0
2022,Manica,Tambara,Outubro,8.0
2022,Manica,Tambara,Setembro,8.0
2022,Manica,Tambara,Agosto,11.0
2022,Manica,Tambara,Julho,11.0
2022,Manica,Tambara,Junho,11.0
2022,Manica,Tambara,Maio,11.0
2022,Manica,Tambara,Abril,10.0
2022,Manica,Tambara,Março,10.0
2022,Manica,Tambara,Fevereiro,10.0
2022,Manica,Tambara,Janeiro,10.0
2022,Manica,Sussundenga,Dezembro,24.0
2022,Manica,Vanduzi,Janeiro,0.0
2022,Manica,Macate,Novembro,0.0
2022,Manica,Macate,Dezembro,0.0
2022,Manica,Vanduzi,Abril,0.0
2022,Tete,Macanga,Maio,10.0
2022,Tete,Angónia,Maio,77.0
2022,Tete,Angónia,Março,77.0
2022,Tete,Angónia,Fevereiro,81.0
2022,Tete,Angónia,Janeiro,85.0
2022,Tete,Cidade de Tete,Dezembro,1351.0
2022,Tete,Cidade de Tete,Novembro,1338.0
2022,Tete,Cidade de Tete,Outubro,1293.0
2022,Tete,Cidade de Tete,Setembro,1334.0
2022,Tete,Cidade de Tete,Agosto,1399.0
2022,Tete,Cidade de Tete,Julho,1361.0
2022,Tete,Cidade de Tete,Junho,1383.0
2022,Tete,Cidade de Tete,Maio,1370.0
2022,Tete,Cidade de Tete,Abril,1338.0
2022,Tete,Cidade de Tete,Março,1395.0
2022,Tete,Cidade de Tete,Fevereiro,1502.0
2022,Tete,Cidade de Tete,Janeiro,1502.0
2022,Manica,Vanduzi,Dezembro,0.0
2022,Manica,Vanduzi,Novembro,0.0
2022,Manica,Vanduzi,Outubro,0.0
2022,Manica,Vanduzi,Setembro,0.0
2022,Manica,Vanduzi,Agosto,0.0
2022,Manica,Vanduzi,Julho,0.0
2022,Manica,Vanduzi,Junho,0.0
2022,Manica,Vanduzi,Maio,0.0
2022,Manica,Vanduzi,Março,0.0
2022,Tete,Angónia,Abril,76.0
2022,Tete,Macanga,Abril,10.0
2022,Tete,Doa,Maio,0.0
2022,Tete,Maravia,Setembro,15.0
2022,Tete,Tsangano,Fevereiro,7.0
2022,Tete,Doa,Agosto,0.0
2022,Tete,Doa,Abril,0.0
2022,Tete,Doa,Março,0.0
2022,Tete,Doa,Fevereiro,0.0
2022,Tete,Doa,Janeiro,0.0
2022,Tete,Zumbo,Dezembro,6.0
2022,Tete,Zumbo,Novembro,6.0
2022,Tete,Zumbo,Outubro,6.0
2022,Tete,Zumbo,Setembro,6.0
2022,Tete,Zumbo,Agosto,6.0
2022,Tete,Zumbo,Julho,5.0
2022,Tete,Zumbo,Junho,5.0
2022,Tete,Zumbo,Maio,6.0
2022,Tete,Zumbo,Abril,7.0
2022,Tete,Zumbo,Março,5.0
2022,Tete,Zumbo,Fevereiro,5.0
2022,Tete,Zumbo,Janeiro,5.0
2022,Tete,Tsangano,Dezembro,7.0
2022,Tete,Tsangano,Novembro,7.0
2022,Tete,Tsangano,Outubro,6.0
2022,Tete,Tsangano,Setembro,6.0
2022,Tete,Tsangano,Agosto,7.0
2022,Tete,Tsangano,Julho,7.0
2022,Tete,Tsangano,Junho,7.0
2022,Tete,Doa,Outubro,0.0
2022,Tete,Doa,Julho,0.0
2022,Zambézia,Cidade de Quelimane,Outubro,575.0
2022,Tete,Doa,Setembro,0.0
2022,Sofala,Buzi,Junho,106.0
2022,Tete,Changara,Setembro,8.0
2022,Zambézia,Cidade de Quelimane,Setembro,572.0
2022,Zambézia,Cidade de Quelimane,Agosto,591.0
2022,Zambézia,Cidade de Quelimane,Julho,588.0
2022,Zambézia,Cidade de Quelimane,Junho,576.0
2022,Zambézia,Cidade de Quelimane,Maio,584.0
2022,Zambézia,Cidade de Quelimane,Abril,585.0
2022,Zambézia,Cidade de Quelimane,Março,600.0
2022,Zambézia,Cidade de Quelimane,Fevereiro,598.0
2022,Zambézia,Cidade de Quelimane,Janeiro,613.0
2022,Tete,Marara,Dezembro,0.0
2022,Tete,Marara,Novembro,0.0
2022,Tete,Marara,Outubro,0.0
2022,Tete,Marara,Setembro,0.0
2022,Tete,Marara,Agosto,0.0
2022,Tete,Marara,Julho,0.0
2022,Tete,Marara,Junho,0.0
2022,Tete,Marara,Maio,0.0
2022,Tete,Marara,Abril,0.0
2022,Tete,Marara,Março,0.0
2022,Tete,Marara,Fevereiro,0.0
2022,Tete,Marara,Janeiro,0.0
2022,Tete,Doa,Dezembro,0.0
2022,Tete,Doa,Novembro,0.0
2022,Manica,Sussundenga,Novembro,25.0
2022,Tete,Tsangano,Março,8.0
2022,Tete,Tsangano,Maio,7.0
2022,Tete,Maravia,Agosto,18.0
2022,Tete,Maravia,Julho,19.0
2022,Tete,Maravia,Outubro,15.0
2022,Tete,Maravia,Junho,19.0
2022,Tete,Maravia,Maio,19.0
2022,Tete,Maravia,Abril,19.0
2022,Tete,Maravia,Março,20.0
2022,Tete,Maravia,Fevereiro,19.0
2022,Tete,Maravia,Janeiro,19.0
2022,Tete,Mágoe,Dezembro,17.0
2022,Tete,Mágoe,Novembro,17.0
2022,Tete,Mágoe,Outubro,15.0
2022,Tete,Mágoe,Setembro,15.0
2022,Tete,Mágoe,Agosto,18.0
2022,Tete,Mágoe,Julho,18.0
2022,Tete,Mágoe,Junho,18.0
2022,Tete,Mágoe,Maio,18.0
2022,Tete,Mágoe,Abril,18.0
2022,Tete,Mágoe,Março,18.0
2022,Tete,Mágoe,Fevereiro,24.0
2022,Tete,Mágoe,Janeiro,23.0
2022,Tete,Macanga,Dezembro,9.0
2022,Tete,Macanga,Novembro,9.0
2022,Tete,Macanga,Outubro,9.0
2022,Tete,Macanga,Setembro,10.0
2022,Tete,Macanga,Agosto,10.0
2022,Tete,Maravia,Dezembro,22.0
2022,Tete,Tsangano,Abril,7.0
2022,Tete,Mutarara,Dezembro,13.0
2022,Tete,Maravia,Novembro,22.0
2022,Tete,Doa,Junho,0.0
2022,Tete,Tsangano,Janeiro,6.0
2022,Tete,Mutarara,Novembro,13.0
2022,Tete,Mutarara,Outubro,14.0
2022,Tete,Mutarara,Setembro,14.0
2022,Tete,Mutarara,Agosto,16.0
2022,Tete,Mutarara,Julho,16.0
2022,Tete,Mutarara,Junho,17.0
2022,Tete,Mutarara,Maio,17.0
2022,Tete,Mutarara,Abril,19.0
2022,Tete,Mutarara,Março,18.0
2022,Tete,Mutarara,Fevereiro,20.0
2022,Tete,Mutarara,Janeiro,22.0
2022,Tete,Moatize,Dezembro,126.0
2022,Tete,Moatize,Novembro,120.0
2022,Tete,Moatize,Outubro,120.0
2022,Tete,Moatize,Setembro,120.0
2022,Tete,Moatize,Agosto,124.0
2022,Tete,Moatize,Julho,124.0
2022,Tete,Moatize,Junho,129.0
2022,Tete,Moatize,Maio,127.0
2022,Tete,Moatize,Abril,127.0
2022,Tete,Moatize,Março,134.0
2022,Tete,Moatize,Fevereiro,143.0
2022,Tete,Moatize,Janeiro,142.0
2022,Inhambane,Govuro,Fevereiro,24.0
2022,Tete,Macanga,Março,10.0
2022,Tete,Macanga,Fevereiro,12.0
2022,Manica,Sussundenga,Agosto,34.0
2022,Sofala,Machanga,Outubro,8.0
2022,Sofala,Muanza,Janeiro,5.0
2022,Sofala,Machanga,Agosto,9.0
2022,Sofala,Machanga,Abril,9.0
2022,Sofala,Machanga,Março,8.0
2022,Sofala,Machanga,Fevereiro,8.0
2022,Sofala,Machanga,Janeiro,10.0
2022,Sofala,Gorongoza,Dezembro,37.0
2022,Sofala,Gorongoza,Novembro,28.0
2022,Sofala,Gorongoza,Outubro,25.0
2022,Sofala,Gorongoza,Setembro,24.0
2022,Sofala,Gorongoza,Agosto,27.0
2022,Sofala,Gorongoza,Julho,26.0
2022,Sofala,Gorongoza,Junho,24.0
2022,Sofala,Gorongoza,Maio,25.0
2022,Sofala,Gorongoza,Abril,26.0
2022,Sofala,Gorongoza,Março,27.0
2022,Sofala,Gorongoza,Fevereiro,25.0
2022,Sofala,Gorongoza,Janeiro,26.0
2022,Sofala,Dondo,Dezembro,165.0
2022,Sofala,Dondo,Novembro,154.0
2022,Sofala,Dondo,Outubro,139.0
2022,Sofala,Dondo,Setembro,139.0
2022,Sofala,Dondo,Agosto,150.0
2022,Sofala,Dondo,Julho,142.0
2022,Sofala,Marromeu,Outubro,47.0
2022,Sofala,Dondo,Junho,137.0
2022,Sofala,Marromeu,Dezembro,48.0
2022,Sofala,Machanga,Novembro,9.0
2022,Sofala,Muanza,Março,5.0
2022,Sofala,Buzi,Agosto,102.0
2022,Sofala,Marromeu,Novembro,48.0
2022,Sofala,Marromeu,Setembro,43.0
2022,Sofala,Marromeu,Agosto,43.0
2022,Sofala,Marromeu,Julho,40.0
2022,Sofala,Marromeu,Junho,40.0
2022,Sofala,Marromeu,Maio,39.0
2022,Sofala,Marromeu,Abril,38.0
2022,Sofala,Marromeu,Março,39.0
2022,Sofala,Marromeu,Fevereiro,39.0
2022,Sofala,Marromeu,Janeiro,39.0
2022,Sofala,Maringue,Dezembro,16.0
2022,Sofala,Maringue,Novembro,16.0
2022,Sofala,Maringue,Outubro,14.0
2022,Sofala,Maringue,Setembro,13.0
2022,Sofala,Maringue,Agosto,12.0
2022,Sofala,Maringue,Julho,12.0
2022,Sofala,Maringue,Junho,12.0
2022,Sofala,Maringue,Maio,12.0
2022,Sofala,Maringue,Abril,13.0
2022,Sofala,Maringue,Março,10.0
2022,Sofala,Maringue,Fevereiro,10.0
2022,Sofala,Maringue,Janeiro,11.0
2022,Sofala,Machanga,Dezembro,9.0
2022,Sofala,Machanga,Setembro,9.0
2022,Manica,Macossa,Fevereiro,9.0
2022,Sofala,Machanga,Julho,9.0
2022,Sofala,Dondo,Abril,135.0
2022,Sofala,Chemba,Dezembro,21.0
2022,Sofala,Chemba,Outubro,19.0
2022,Sofala,Caia,Julho,35.0
2022,Sofala,Chemba,Junho,19.0
2022,Sofala,Chemba,Maio,20.0
2022,Sofala,Chemba,Abril,19.0
2022,Sofala,Chemba,Março,19.0
2022,Sofala,Chemba,Fevereiro,19.0
2022,Sofala,Chemba,Janeiro,22.0
2022,Sofala,Caia,Dezembro,36.0
2022,Sofala,Caia,Novembro,35.0
2022,Sofala,Caia,Outubro,32.0
2022,Sofala,Caia,Setembro,32.0
2022,Sofala,Caia,Agosto,35.0
2022,Sofala,Caia,Junho,36.0
2022,Sofala,Dondo,Março,130.0
2022,Sofala,Caia,Maio,36.0
2022,Sofala,Caia,Abril,35.0
2022,Sofala,Caia,Março,34.0
2022,Sofala,Caia,Fevereiro,35.0
2022,Sofala,Caia,Janeiro,33.0
2022,Sofala,Buzi,Dezembro,98.0
2022,Sofala,Buzi,Novembro,97.0
2022,Sofala,Buzi,Setembro,96.0
2022,Manica,Sussundenga,Setembro,24.0
2022,Sofala,Dondo,Janeiro,124.0
2022,Sofala,Dondo,Maio,137.0
2022,Sofala,Chemba,Novembro,21.0
2022,Sofala,Cheringoma,Fevereiro,13.0
2022,Sofala,Dondo,Fevereiro,126.0
2022,Sofala,Chemba,Agosto,18.0
2022,Sofala,Chemba,Julho,19.0
2022,Sofala,Chibabava,Dezembro,11.0
2022,Sofala,Chibabava,Novembro,11.0
2022,Sofala,Chibabava,Outubro,9.0
2022,Sofala,Chibabava,Setembro,9.0
2022,Sofala,Chibabava,Agosto,10.0
2022,Sofala,Chibabava,Julho,10.0
2022,Sofala,Chibabava,Junho,10.0
2022,Sofala,Chibabava,Maio,10.0
2022,Sofala,Chibabava,Abril,9.0
2022,Sofala,Chibabava,Março,10.0
2022,Sofala,Chibabava,Fevereiro,13.0
2022,Sofala,Chibabava,Janeiro,13.0
2022,Sofala,Cheringoma,Dezembro,14.0
2022,Sofala,Cheringoma,Novembro,13.0
2022,Sofala,Cheringoma,Outubro,13.0
2022,Sofala,Cheringoma,Setembro,13.0
2022,Sofala,Cheringoma,Agosto,11.0
2022,Sofala,Cheringoma,Julho,11.0
2022,Sofala,Cheringoma,Junho,11.0
2022,Sofala,Cheringoma,Maio,11.0
2022,Sofala,Cheringoma,Abril,12.0
2022,Sofala,Cheringoma,Março,11.0
2022,Sofala,Cheringoma,Janeiro,14.0
2022,Manica,Cidade de Chimoio,Maio,914.0
2022,Sofala,Buzi,Outubro,100.0
2022,Sofala,Muanza,Abril,5.0
2022,Manica,Macossa,Abril,6.0
2022,Manica,Guro,Janeiro,7.0
2022,Manica,Macossa,Janeiro,8.0
2022,Manica,Machaze,Dezembro,20.0
2022,Manica,Machaze,Novembro,19.0
2022,Manica,Machaze,Outubro,16.0
2022,Manica,Machaze,Setembro,17.0
2022,Manica,Machaze,Agosto,20.0
2022,Manica,Machaze,Julho,20.0
2022,Manica,Machaze,Junho,21.0
2022,Manica,Machaze,Maio,23.0
2022,Manica,Machaze,Abril,24.0
2022,Manica,Machaze,Março,24.0
2022,Manica,Machaze,Fevereiro,28.0
2022,Manica,Machaze,Janeiro,29.0
2022,Manica,Guro,Dezembro,9.0
2022,Manica,Guro,Novembro,10.0
2022,Manica,Guro,Outubro,6.0
2022,Manica,Guro,Setembro,4.0
2022,Manica,Guro,Agosto,7.0
2022,Manica,Guro,Julho,7.0
2022,Manica,Guro,Junho,9.0
2022,Manica,Guro,Maio,9.0
2022,Manica,Guro,Abril,7.0
2022,Manica,Guro,Março,7.0
2022,Sofala,Muanza,Fevereiro,5.0
2022,Manica,Guro,Fevereiro,7.0
2022,Manica,Macossa,Maio,6.0
2022,Manica,Macossa,Agosto,6.0
2022,Manica,Gondola,Novembro,54.0
2022,Sofala,Machanga,Junho,8.0
2022,Manica,Macossa,Junho,6.0
2022,Manica,Sussundenga,Junho,32.0
2022,Manica,Sussundenga,Maio,32.0
2022,Manica,Sussundenga,Abril,32.0
2022,Manica,Sussundenga,Março,34.0
2022,Manica,Sussundenga,Fevereiro,33.0
2022,Manica,Sussundenga,Janeiro,35.0
2022,Manica,Mossurize,Dezembro,15.0
2022,Manica,Mossurize,Novembro,16.0
2022,Manica,Mossurize,Outubro,13.0
2022,Manica,Mossurize,Setembro,13.0
2022,Manica,Mossurize,Agosto,18.0
2022,Manica,Mossurize,Julho,18.0
2022,Manica,Mossurize,Junho,18.0
2022,Manica,Mossurize,Maio,17.0
2022,Manica,Mossurize,Abril,17.0
2022,Manica,Mossurize,Março,17.0
2022,Manica,Mossurize,Fevereiro,18.0
2022,Manica,Mossurize,Janeiro,18.0
2022,Manica,Macossa,Dezembro,6.0
2022,Manica,Macossa,Novembro,6.0
2022,Manica,Macossa,Outubro,5.0
2022,Manica,Macossa,Setembro,5.0
2022,Manica,Macossa,Julho,6.0
2022,Manica,Macossa,Março,7.0
2022,Manica,Sussundenga,Julho,34.0
2022,Manica,Gondola,Outubro,49.0
2022,Sofala,Nhamatanda,Junho,37.0
2022,Manica,Cidade de Chimoio,Abril,909.0
2022,Manica,Cidade de Chimoio,Junho,917.0
2022,Manica,Cidade de Chimoio,Março,964.0
2022,Manica,Cidade de Chimoio,Fevereiro,988.0
2022,Manica,Cidade de Chimoio,Janeiro,994.0
2022,Sofala,Nhamatanda,Dezembro,33.0
2022,Sofala,Nhamatanda,Novembro,35.0
2022,Sofala,Nhamatanda,Outubro,32.0
2022,Sofala,Nhamatanda,Setembro,31.0
2022,Sofala,Nhamatanda,Julho,38.0
2022,Sofala,Nhamatanda,Maio,34.0
2022,Sofala,Nhamatanda,Abril,38.0
2022,Sofala,Nhamatanda,Março,38.0
2022,Sofala,Nhamatanda,Fevereiro,37.0
2022,Sofala,Nhamatanda,Janeiro,34.0
2022,Sofala,Muanza,Dezembro,4.0
2022,Sofala,Muanza,Novembro,4.0
2022,Sofala,Muanza,Outubro,4.0
2022,Sofala,Muanza,Setembro,4.0
2022,Sofala,Muanza,Agosto,4.0
2022,Sofala,Muanza,Julho,4.0
2022,Manica,Gondola,Dezembro,53.0
2022,Sofala,Muanza,Junho,4.0
2022,Sofala,Muanza,Maio,5.0
2022,Manica,Cidade de Chimoio,Julho,912.0
2022,Manica,Bárue,Março,32.0
2022,Sofala,Nhamatanda,Agosto,39.0
2022,Manica,Bárue,Junho,33.0
2022,Sofala,Machanga,Maio,8.0
2022,Manica,Cidade de Chimoio,Agosto,919.0
2022,Manica,Gondola,Setembro,47.0
2022,Manica,Gondola,Julho,61.0
2022,Manica,Gondola,Junho,58.0
2022,Manica,Gondola,Maio,58.0
2022,Manica,Gondola,Abril,59.0
2022,Manica,Gondola,Março,66.0
2022,Manica,Gondola,Fevereiro,68.0
2022,Manica,Bárue,Dezembro,34.0
2022,Manica,Bárue,Novembro,34.0
2022,Manica,Bárue,Outubro,30.0
2022,Manica,Bárue,Setembro,29.0
2022,Manica,Gondola,Agosto,60.0
2022,Manica,Bárue,Julho,32.0
2022,Manica,Gondola,Janeiro,67.0
2022,Manica,Bárue,Abril,32.0
2022,Manica,Cidade de Chimoio,Outubro,836.0
2022,Manica,Bárue,Fevereiro,33.0
2022,Manica,Bárue,Janeiro,34.0
2022,Manica,Bárue,Maio,33.0
2022,Manica,Cidade de Chimoio,Dezembro,879.0
2022,Manica,Cidade de Chimoio,Novembro,874.0
2022,Manica,Bárue,Agosto,33.0
2022,Manica,Cidade de Chimoio,Setembro,839.0
2023,Manica,Gondola,Janeiro,55.0
2023,Manica,Bárue,Maio,31.0
2023,Manica,Bárue,Junho,29.0
2023,Manica,Bárue,Julho,28.0
2023,Manica,Bárue,Agosto,29.0
2023,Manica,Bárue,Setembro,36.0
2023,Manica,Bárue,Outubro,16.0
2023,Manica,Bárue,Março,29.0
2023,Manica,Bárue,Novembro,12.0
2023,Manica,Bárue,Dezembro,13.0
2023,Manica,Bárue,Abril,31.0
2023,Manica,Gondola,Fevereiro,55.0
2023,Manica,Gondola,Julho,53.0
2023,Manica,Gondola,Abril,53.0
2023,Manica,Gondola,Maio,54.0
2023,Manica,Gondola,Junho,50.0
2023,Manica,Gondola,Agosto,57.0
2023,Manica,Gondola,Setembro,56.0
2023,Manica,Gondola,Outubro,39.0
2023,Manica,Gondola,Novembro,39.0
2023,Manica,Gondola,Dezembro,42.0
2023,Sofala,Muanza,Setembro,15.0
2023,Manica,Guro,Janeiro,9.0
2023,Manica,Bárue,Fevereiro,34.0
2023,Manica,Gondola,Março,55.0
2023,Manica,Bárue,Janeiro,34.0
2023,Sofala,Muanza,Novembro,3.0
2023,Manica,Cidade de Chimoio,Novembro,1430.0
2023,Manica,Guro,Fevereiro,10.0
2023,Sofala,Muanza,Outubro,6.0
2023,Sofala,Muanza,Dezembro,3.0
2023,Sofala,Nhamatanda,Janeiro,33.0
2023,Sofala,Nhamatanda,Fevereiro,33.0
2023,Sofala,Nhamatanda,Março,29.0
2023,Sofala,Nhamatanda,Abril,29.0
2023,Sofala,Nhamatanda,Maio,31.0
2023,Sofala,Nhamatanda,Junho,30.0
2023,Sofala,Nhamatanda,Julho,31.0
2023,Sofala,Nhamatanda,Agosto,31.0
2023,Sofala,Nhamatanda,Setembro,30.0
2023,Sofala,Nhamatanda,Outubro,28.0
2023,Sofala,Nhamatanda,Novembro,17.0
2023,Sofala,Nhamatanda,Dezembro,29.0
2023,Manica,Cidade de Chimoio,Janeiro,894.0
2023,Manica,Cidade de Chimoio,Fevereiro,919.0
2023,Manica,Cidade de Chimoio,Março,845.0
2023,Manica,Cidade de Chimoio,Abril,855.0
2023,Manica,Cidade de Chimoio,Maio,856.0
2023,Manica,Cidade de Chimoio,Junho,821.0
2023,Manica,Cidade de Chimoio,Julho,824.0
2023,Manica,Cidade de Chimoio,Agosto,826.0
2023,Manica,Cidade de Chimoio,Setembro,841.0
2023,Manica,Cidade de Chimoio,Outubro,780.0
2023,Manica,Cidade de Chimoio,Dezembro,857.0
2023,Manica,Guro,Março,8.0
2023,Manica,Mossurize,Setembro,7.0
2023,Manica,Guro,Maio,8.0
2023,Manica,Macossa,Novembro,2.0
2023,Manica,Macossa,Dezembro,2.0
2023,Manica,Manica,Janeiro,106.0
2023,Manica,Manica,Fevereiro,108.0
2023,Manica,Manica,Março,102.0
2023,Manica,Manica,Abril,104.0
2023,Manica,Manica,Maio,106.0
2023,Manica,Manica,Junho,100.0
2023,Manica,Manica,Julho,97.0
2023,Manica,Manica,Agosto,128.0
2023,Manica,Manica,Setembro,128.0
2023,Manica,Manica,Outubro,200.0
2023,Manica,Manica,Novembro,191.0
2023,Manica,Manica,Dezembro,210.0
2023,Manica,Mossurize,Janeiro,15.0
2023,Manica,Mossurize,Fevereiro,16.0
2023,Manica,Mossurize,Março,14.0
2023,Manica,Mossurize,Abril,13.0
2023,Manica,Mossurize,Maio,13.0
2023,Manica,Mossurize,Junho,12.0
2023,Manica,Mossurize,Julho,13.0
2023,Manica,Mossurize,Agosto,12.0
2023,Sofala,Muanza,Agosto,11.0
2023,Manica,Mossurize,Outubro,5.0
2023,Manica,Mossurize,Novembro,1.0
2023,Manica,Macossa,Outubro,2.0
2023,Manica,Guro,Abril,8.0
2023,Manica,Macossa,Setembro,10.0
2023,Manica,Macossa,Julho,8.0
2023,Manica,Guro,Junho,8.0
2023,Manica,Guro,Julho,7.0
2023,Manica,Guro,Agosto,7.0
2023,Manica,Guro,Setembro,7.0
2023,Manica,Guro,Outubro,1.0
2023,Manica,Guro,Novembro,1.0
2023,Manica,Guro,Dezembro,1.0
2023,Manica,Machaze,Janeiro,21.0
2023,Manica,Machaze,Fevereiro,22.0
2023,Manica,Machaze,Março,18.0
2023,Manica,Machaze,Abril,18.0
2023,Manica,Machaze,Maio,21.0
2023,Manica,Machaze,Junho,19.0
2023,Manica,Machaze,Julho,20.0
2023,Manica,Machaze,Agosto,21.0
2023,Manica,Machaze,Setembro,27.0
2023,Manica,Machaze,Outubro,17.0
2023,Manica,Machaze,Novembro,14.0
2023,Manica,Machaze,Dezembro,16.0
2023,Manica,Macossa,Janeiro,6.0
2023,Manica,Macossa,Fevereiro,6.0
2023,Manica,Macossa,Março,5.0
2023,Manica,Macossa,Abril,5.0
2023,Manica,Macossa,Maio,5.0
2023,Manica,Macossa,Junho,8.0
2023,Manica,Macossa,Agosto,9.0
2023,Sofala,Muanza,Julho,8.0
2023,Sofala,Dondo,Outubro,109.0
2023,Sofala,Muanza,Maio,5.0
2023,Sofala,Cheringoma,Maio,19.0
2023,Sofala,Cheringoma,Junho,21.0
2023,Sofala,Cheringoma,Julho,20.0
2023,Sofala,Cheringoma,Agosto,20.0
2023,Sofala,Cheringoma,Setembro,24.0
2023,Sofala,Cheringoma,Outubro,10.0
2023,Sofala,Cheringoma,Novembro,7.0
2023,Sofala,Cheringoma,Dezembro,5.0
2023,Sofala,Chibabava,Janeiro,12.0
2023,Sofala,Chibabava,Fevereiro,13.0
2023,Sofala,Chibabava,Março,14.0
2023,Sofala,Chibabava,Abril,12.0
2023,Sofala,Chibabava,Maio,15.0
2023,Sofala,Chibabava,Junho,16.0
2023,Sofala,Chibabava,Julho,16.0
2023,Sofala,Chibabava,Agosto,15.0
2023,Sofala,Chibabava,Setembro,17.0
2023,Sofala,Chibabava,Outubro,14.0
2023,Sofala,Chibabava,Novembro,9.0
2023,Sofala,Chibabava,Dezembro,10.0
2023,Sofala,Dondo,Janeiro,160.0
2023,Sofala,Dondo,Fevereiro,165.0
2023,Sofala,Dondo,Março,154.0
2023,Sofala,Dondo,Abril,151.0
2023,Sofala,Dondo,Maio,158.0
2023,Sofala,Cheringoma,Abril,19.0
2023,Sofala,Dondo,Junho,151.0
2023,Sofala,Cheringoma,Março,18.0
2023,Sofala,Cheringoma,Janeiro,14.0
2023,Manica,Mossurize,Dezembro,1.0
2023,Sofala,Caia,Fevereiro,38.0
2023,Sofala,Caia,Janeiro,36.0
2023,Sofala,Caia,Março,39.0
2023,Sofala,Caia,Abril,41.0
2023,Sofala,Caia,Maio,42.0
2023,Sofala,Caia,Junho,42.0
2023,Sofala,Caia,Julho,43.0
2023,Sofala,Caia,Agosto,41.0
2023,Sofala,Caia,Setembro,42.0
2023,Sofala,Caia,Outubro,40.0
2023,Sofala,Caia,Novembro,18.0
2023,Sofala,Caia,Dezembro,26.0
2023,Sofala,Chemba,Janeiro,22.0
2023,Sofala,Chemba,Fevereiro,23.0
2023,Sofala,Chemba,Março,20.0
2023,Sofala,Chemba,Abril,20.0
2023,Sofala,Chemba,Maio,22.0
2023,Sofala,Chemba,Junho,22.0
2023,Sofala,Chemba,Julho,20.0
2023,Sofala,Chemba,Agosto,20.0
2023,Sofala,Chemba,Setembro,24.0
2023,Sofala,Chemba,Outubro,5.0
2023,Sofala,Chemba,Novembro,2.0
2023,Sofala,Chemba,Dezembro,2.0
2023,Sofala,Cheringoma,Fevereiro,17.0
2023,Sofala,Muanza,Junho,5.0
2023,Sofala,Dondo,Julho,151.0
2023,Sofala,Dondo,Setembro,168.0
2023,Sofala,Maringue,Abril,15.0
2023,Sofala,Maringue,Maio,16.0
2023,Sofala,Maringue,Junho,16.0
2023,Sofala,Maringue,Julho,15.0
2023,Sofala,Maringue,Agosto,15.0
2023,Sofala,Maringue,Setembro,16.0
2023,Sofala,Maringue,Outubro,6.0
2023,Sofala,Maringue,Novembro,5.0
2023,Sofala,Maringue,Dezembro,3.0
2023,Sofala,Marromeu,Janeiro,47.0
2023,Sofala,Marromeu,Fevereiro,52.0
2023,Sofala,Marromeu,Março,54.0
2023,Sofala,Marromeu,Abril,53.0
2023,Sofala,Marromeu,Maio,54.0
2023,Sofala,Marromeu,Junho,54.0
2023,Sofala,Marromeu,Julho,54.0
2023,Sofala,Marromeu,Agosto,62.0
2023,Sofala,Marromeu,Setembro,55.0
2023,Sofala,Marromeu,Outubro,24.0
2023,Sofala,Marromeu,Novembro,17.0
2023,Sofala,Marromeu,Dezembro,18.0
2023,Sofala,Muanza,Janeiro,4.0
2023,Sofala,Muanza,Fevereiro,4.0
2023,Sofala,Muanza,Março,4.0
2023,Sofala,Muanza,Abril,4.0
2023,Sofala,Maringue,Março,17.0
2023,Sofala,Dondo,Agosto,154.0
2023,Sofala,Maringue,Fevereiro,17.0
2023,Sofala,Machanga,Dezembro,5.0
2023,Sofala,Dondo,Novembro,82.0
2023,Sofala,Dondo,Dezembro,94.0
2023,Sofala,Gorongoza,Janeiro,26.0
2023,Sofala,Gorongoza,Fevereiro,30.0
2023,Sofala,Gorongoza,Março,28.0
2023,Sofala,Gorongoza,Abril,27.0
2023,Sofala,Gorongoza,Maio,27.0
2023,Sofala,Gorongoza,Junho,25.0
2023,Sofala,Gorongoza,Julho,27.0
2023,Sofala,Gorongoza,Agosto,31.0
2023,Sofala,Gorongoza,Setembro,33.0
2023,Sofala,Gorongoza,Outubro,25.0
2023,Sofala,Gorongoza,Novembro,21.0
2023,Sofala,Gorongoza,Dezembro,24.0
2023,Sofala,Machanga,Janeiro,9.0
2023,Sofala,Machanga,Fevereiro,10.0
2023,Sofala,Machanga,Março,10.0
2023,Sofala,Machanga,Abril,11.0
2023,Sofala,Machanga,Maio,11.0
2023,Sofala,Machanga,Junho,11.0
2023,Sofala,Machanga,Julho,11.0
2023,Sofala,Machanga,Agosto,11.0
2023,Sofala,Machanga,Setembro,13.0
2023,Sofala,Machanga,Outubro,7.0
2023,Sofala,Machanga,Novembro,5.0
2023,Sofala,Maringue,Janeiro,16.0
2023,Manica,Sussundenga,Janeiro,25.0
2023,Zambézia,Cidade de Quelimane,Março,569.0
2023,Manica,Sussundenga,Março,22.0
2023,Tete,Maravia,Junho,21.0
2023,Tete,Maravia,Julho,21.0
2023,Tete,Maravia,Agosto,21.0
2023,Tete,Maravia,Setembro,27.0
2023,Tete,Maravia,Outubro,5.0
2023,Tete,Maravia,Novembro,1.0
2023,Tete,Maravia,Dezembro,1.0
2023,Tete,Moatize,Janeiro,127.0
2023,Tete,Moatize,Fevereiro,125.0
2023,Tete,Moatize,Março,121.0
2023,Tete,Moatize,Abril,115.0
2023,Tete,Moatize,Maio,115.0
2023,Tete,Moatize,Junho,112.0
2023,Tete,Moatize,Julho,111.0
2023,Tete,Moatize,Agosto,113.0
2023,Tete,Moatize,Setembro,112.0
2023,Tete,Moatize,Outubro,96.0
2023,Tete,Moatize,Novembro,80.0
2023,Tete,Moatize,Dezembro,93.0
2023,Tete,Mutarara,Janeiro,12.0
2023,Tete,Mutarara,Fevereiro,13.0
2023,Tete,Mutarara,Março,12.0
2023,Tete,Mutarara,Abril,12.0
2023,Tete,Mutarara,Maio,11.0
2023,Tete,Mutarara,Junho,12.0
2023,Tete,Maravia,Maio,23.0
2023,Tete,Mutarara,Julho,12.0
2023,Tete,Maravia,Abril,22.0
2023,Tete,Maravia,Fevereiro,22.0
2023,Tete,Macanga,Janeiro,8.0
2023,Tete,Macanga,Fevereiro,8.0
2023,Tete,Macanga,Março,10.0
2023,Tete,Macanga,Abril,7.0
2023,Tete,Macanga,Maio,8.0
2023,Tete,Macanga,Junho,8.0
2023,Tete,Macanga,Julho,8.0
2023,Tete,Macanga,Agosto,9.0
2023,Tete,Macanga,Setembro,15.0
2023,Tete,Macanga,Outubro,3.0
2023,Tete,Macanga,Novembro,3.0
2023,Tete,Macanga,Dezembro,3.0
2023,Tete,Mágoe,Janeiro,17.0
2023,Tete,Mágoe,Fevereiro,17.0
2023,Tete,Mágoe,Março,17.0
2023,Tete,Mágoe,Abril,16.0
2023,Tete,Mágoe,Maio,15.0
2023,Tete,Mágoe,Junho,15.0
2023,Tete,Mágoe,Julho,15.0
2023,Tete,Mágoe,Agosto,14.0
2023,Tete,Mágoe,Setembro,14.0
2023,Tete,Mágoe,Outubro,8.0
2023,Tete,Mágoe,Novembro,4.0
2023,Tete,Mágoe,Dezembro,5.0
2023,Tete,Maravia,Janeiro,22.0
2023,Tete,Maravia,Março,23.0
2023,Tete,Chiuta,Dezembro,4.0
2023,Tete,Mutarara,Agosto,11.0
2023,Tete,Mutarara,Outubro,6.0
2023,Tete,Doa,Abril,0.0
2023,Tete,Doa,Maio,0.0
2023,Tete,Doa,Junho,0.0
2023,Tete,Doa,Julho,0.0
2023,Tete,Doa,Agosto,0.0
2023,Tete,Doa,Setembro,0.0
2023,Tete,Doa,Outubro,0.0
2023,Tete,Doa,Novembro,0.0
2023,Tete,Doa,Dezembro,0.0
2023,Tete,Marara,Janeiro,0.0
2023,Tete,Marara,Fevereiro,0.0
2023,Tete,Marara,Março,0.0
2023,Tete,Marara,Abril,0.0
2023,Tete,Marara,Maio,0.0
2023,Tete,Marara,Junho,0.0
2023,Tete,Marara,Julho,0.0
2023,Tete,Marara,Agosto,0.0
2023,Tete,Marara,Setembro,0.0
2023,Tete,Marara,Outubro,0.0
2023,Tete,Marara,Novembro,0.0
2023,Tete,Marara,Dezembro,0.0
2023,Zambézia,Cidade de Quelimane,Janeiro,583.0
2023,Zambézia,Cidade de Quelimane,Fevereiro,590.0
2023,Zambézia,Cidade de Quelimane,Abril,557.0
2023,Sofala,Buzi,Dezembro,13.0
2023,Tete,Doa,Março,0.0
2023,Tete,Mutarara,Setembro,13.0
2023,Tete,Doa,Fevereiro,0.0
2023,Tete,Zumbo,Dezembro,4.0
2023,Tete,Mutarara,Novembro,2.0
2023,Tete,Mutarara,Dezembro,2.0
2023,Tete,Tsangano,Janeiro,7.0
2023,Tete,Tsangano,Fevereiro,7.0
2023,Tete,Tsangano,Março,6.0
2023,Tete,Tsangano,Abril,6.0
2023,Tete,Tsangano,Maio,6.0
2023,Tete,Tsangano,Junho,6.0
2023,Tete,Tsangano,Julho,4.0
2023,Tete,Tsangano,Agosto,4.0
2023,Tete,Tsangano,Setembro,6.0
2023,Tete,Tsangano,Outubro,0.0
2023,Tete,Tsangano,Novembro,0.0
2023,Tete,Tsangano,Dezembro,0.0
2023,Tete,Zumbo,Janeiro,6.0
2023,Tete,Zumbo,Fevereiro,6.0
2023,Tete,Zumbo,Março,6.0
2023,Tete,Zumbo,Abril,6.0
2023,Tete,Zumbo,Maio,6.0
2023,Tete,Zumbo,Junho,6.0
2023,Tete,Zumbo,Julho,6.0
2023,Tete,Zumbo,Agosto,7.0
2023,Tete,Zumbo,Setembro,9.0
2023,Tete,Zumbo,Outubro,5.0
2023,Tete,Zumbo,Novembro,4.0
2023,Tete,Doa,Janeiro,0.0
2023,Tete,Chiuta,Novembro,2.0
2023,Tete,Chiuta,Outubro,3.0
2023,Tete,Chiuta,Setembro,7.0
2023,Manica,Macate,Setembro,1.0
2023,Manica,Macate,Outubro,1.0
2023,Manica,Macate,Novembro,1.0
2023,Manica,Macate,Dezembro,1.0
2023,Manica,Vanduzi,Janeiro,0.0
2023,Manica,Vanduzi,Fevereiro,0.0
2023,Manica,Vanduzi,Março,0.0
2023,Manica,Vanduzi,Abril,0.0
2023,Manica,Vanduzi,Maio,0.0
2023,Manica,Vanduzi,Junho,0.0
2023,Manica,Vanduzi,Julho,0.0
2023,Manica,Vanduzi,Agosto,0.0
2023,Manica,Vanduzi,Setembro,0.0
2023,Manica,Vanduzi,Outubro,5.0
2023,Manica,Vanduzi,Novembro,5.0
2023,Manica,Vanduzi,Dezembro,5.0
2023,Tete,Cidade de Tete,Janeiro,1353.0
2023,Tete,Cidade de Tete,Fevereiro,1368.0
2023,Tete,Cidade de Tete,Março,1305.0
2023,Tete,Cidade de Tete,Abril,1270.0
2023,Tete,Cidade de Tete,Maio,1291.0
2023,Tete,Cidade de Tete,Junho,1236.0
2023,Tete,Cidade de Tete,Julho,1246.0
2023,Tete,Cidade de Tete,Agosto,1292.0
2023,Tete,Cidade de Tete,Setembro,1328.0
2023,Manica,Macate,Agosto,0.0
2023,Tete,Cidade de Tete,Outubro,1344.0
2023,Manica,Macate,Julho,0.0
2023,Manica,Macate,Maio,0.0
2023,Manica,Sussundenga,Abril,19.0
2023,Manica,Sussundenga,Maio,20.0
2023,Manica,Sussundenga,Junho,20.0
2023,Manica,Sussundenga,Julho,19.0
2023,Manica,Sussundenga,Agosto,19.0
2023,Manica,Sussundenga,Setembro,20.0
2023,Manica,Sussundenga,Outubro,6.0
2023,Manica,Sussundenga,Novembro,5.0
2023,Manica,Sussundenga,Dezembro,5.0
2023,Manica,Tambara,Janeiro,10.0
2023,Manica,Tambara,Fevereiro,15.0
2023,Manica,Tambara,Março,16.0
2023,Manica,Tambara,Abril,13.0
2023,Manica,Tambara,Maio,13.0
2023,Manica,Tambara,Junho,14.0
2023,Manica,Tambara,Julho,13.0
2023,Manica,Tambara,Agosto,14.0
2023,Manica,Tambara,Setembro,16.0
2023,Manica,Tambara,Outubro,12.0
2023,Manica,Tambara,Novembro,13.0
2023,Manica,Tambara,Dezembro,12.0
2023,Manica,Macate,Janeiro,0.0
2023,Manica,Macate,Fevereiro,0.0
2023,Manica,Macate,Março,1.0
2023,Manica,Macate,Abril,0.0
2023,Manica,Macate,Junho,0.0
2023,Tete,Cidade de Tete,Novembro,1378.0
2023,Tete,Cidade de Tete,Dezembro,1443.0
2023,Tete,Angónia,Janeiro,83.0
2023,Tete,Changara,Agosto,10.0
2023,Tete,Changara,Setembro,10.0
2023,Tete,Changara,Outubro,2.0
2023,Tete,Changara,Novembro,2.0
2023,Tete,Changara,Dezembro,2.0
2023,Tete,Chifunde,Janeiro,5.0
2023,Tete,Chifunde,Fevereiro,5.0
2023,Tete,Chifunde,Março,5.0
2023,Tete,Chifunde,Abril,5.0
2023,Tete,Chifunde,Maio,5.0
2023,Tete,Chifunde,Junho,5.0
2023,Tete,Chifunde,Julho,5.0
2023,Tete,Chifunde,Agosto,5.0
2023,Tete,Chifunde,Setembro,6.0
2023,Tete,Chifunde,Outubro,1.0
2023,Tete,Chifunde,Novembro,1.0
2023,Tete,Chifunde,Dezembro,1.0
2023,Tete,Chiuta,Janeiro,6.0
2023,Tete,Chiuta,Fevereiro,6.0
2023,Tete,Chiuta,Março,5.0
2023,Tete,Chiuta,Abril,5.0
2023,Tete,Chiuta,Maio,6.0
2023,Tete,Chiuta,Junho,6.0
2023,Tete,Chiuta,Julho,6.0
2023,Tete,Chiuta,Agosto,6.0
2023,Tete,Changara,Julho,10.0
2023,Tete,Changara,Junho,10.0
2023,Tete,Changara,Maio,11.0
2023,Tete,Changara,Abril,11.0
2023,Tete,Angónia,Fevereiro,86.0
2023,Tete,Angónia,Março,84.0
2023,Tete,Angónia,Abril,75.0
2023,Tete,Angónia,Maio,75.0
2023,Tete,Angónia,Junho,69.0
2023,Tete,Angónia,Julho,74.0
2023,Tete,Angónia,Agosto,70.0
2023,Tete,Angónia,Setembro,96.0
2023,Tete,Angónia,Outubro,25.0
2023,Tete,Angónia,Novembro,27.0
2023,Tete,Angónia,Dezembro,23.0
2023,Tete,Cahora-Bassa,Janeiro,74.0
2023,Manica,Sussundenga,Fevereiro,25.0
2023,Tete,Cahora-Bassa,Fevereiro,74.0
2023,Tete,Cahora-Bassa,Abril,76.0
2023,Tete,Cahora-Bassa,Maio,70.0
2023,Tete,Cahora-Bassa,Junho,67.0
2023,Tete,Cahora-Bassa,Julho,67.0
2023,Tete,Cahora-Bassa,Agosto,68.0
2023,Tete,Cahora-Bassa,Setembro,73.0
2023,Tete,Cahora-Bassa,Outubro,45.0
2023,Tete,Cahora-Bassa,Novembro,45.0
2023,Tete,Cahora-Bassa,Dezembro,47.0
2023,Tete,Changara,Janeiro,9.0
2023,Tete,Changara,Fevereiro,8.0
2023,Tete,Changara,Março,9.0
2023,Tete,Cahora-Bassa,Março,76.0
2023,Sofala,Buzi,Novembro,14.0
2023,Província de Maputo,Cidade de Maputo,Junho,15509.0
2023,Sofala,Buzi,Setembro,143.0
2023,Gaza,Chicualacuala,Maio,12.0
2023,Gaza,Chicualacuala,Junho,9.0
2023,Gaza,Chicualacuala,Julho,8.0
2023,Gaza,Chicualacuala,Agosto,8.0
2023,Gaza,Chicualacuala,Setembro,7.0
2023,Gaza,Chicualacuala,Outubro,5.0
2023,Gaza,Chicualacuala,Novembro,5.0
2023,Gaza,Chicualacuala,Dezembro,4.0
2023,Gaza,Chigubo,Janeiro,3.0
2023,Gaza,Chigubo,Fevereiro,3.0
2023,Gaza,Chigubo,Março,2.0
2023,Gaza,Chigubo,Abril,3.0
2023,Gaza,Chigubo,Maio,3.0
2023,Gaza,Chigubo,Junho,3.0
2023,Gaza,Chigubo,Julho,3.0
2023,Gaza,Chigubo,Agosto,3.0
2023,Gaza,Chigubo,Setembro,3.0
2023,Gaza,Chigubo,Outubro,1.0
2023,Gaza,Chigubo,Novembro,1.0
2023,Gaza,Chigubo,Dezembro,1.0
2023,Gaza,Chókwè,Janeiro,144.0
2023,Gaza,Chókwè,Fevereiro,141.0
2023,Gaza,Chókwè,Março,142.0
2023,Gaza,Chókwè,Abril,143.0
2023,Gaza,Chókwè,Maio,145.0
2023,Gaza,Chicualacuala,Abril,11.0
2023,Gaza,Chókwè,Junho,140.0
2023,Gaza,Chicualacuala,Março,13.0
2023,Gaza,Chicualacuala,Janeiro,12.0
2023,Gaza,Cidade de Xai-Xai,Dezembro,656.0
2023,Gaza,Bilene-Macia,Janeiro,226.0
2023,Gaza,Bilene-Macia,Fevereiro,228.0
2023,Gaza,Bilene-Macia,Março,231.0
2023,Gaza,Bilene-Macia,Abril,231.0
2023,Gaza,Bilene-Macia,Maio,234.0
2023,Gaza,Bilene-Macia,Junho,235.0
2023,Gaza,Bilene-Macia,Julho,232.0
2023,Gaza,Bilene-Macia,Agosto,233.0
2023,Gaza,Bilene-Macia,Setembro,251.0
2023,Gaza,Bilene-Macia,Outubro,252.0
2023,Gaza,Bilene-Macia,Novembro,251.0
2023,Gaza,Bilene-Macia,Dezembro,264.0
2023,Gaza,Chibuto,Janeiro,94.0
2023,Gaza,Chibuto,Fevereiro,95.0
2023,Gaza,Chibuto,Março,94.0
2023,Gaza,Chibuto,Abril,95.0
2023,Gaza,Chibuto,Maio,97.0
2023,Gaza,Chibuto,Junho,99.0
2023,Gaza,Chibuto,Julho,96.0
2023,Gaza,Chibuto,Agosto,98.0
2023,Gaza,Chibuto,Setembro,101.0
2023,Gaza,Chibuto,Outubro,69.0
2023,Gaza,Chibuto,Novembro,71.0
2023,Gaza,Chibuto,Dezembro,61.0
2023,Gaza,Chicualacuala,Fevereiro,12.0
2023,Gaza,Cidade de Xai-Xai,Novembro,670.0
2023,Gaza,Chókwè,Julho,138.0
2023,Gaza,Chókwè,Setembro,145.0
2023,Gaza,Manjacaze,Março,90.0
2023,Gaza,Manjacaze,Abril,91.0
2023,Gaza,Manjacaze,Maio,91.0
2023,Gaza,Manjacaze,Junho,85.0
2023,Gaza,Manjacaze,Julho,85.0
2023,Gaza,Manjacaze,Agosto,91.0
2023,Gaza,Manjacaze,Setembro,98.0
2023,Gaza,Manjacaze,Outubro,96.0
2023,Gaza,Manjacaze,Novembro,88.0
2023,Gaza,Manjacaze,Dezembro,98.0
2023,Gaza,Massangena,Janeiro,14.0
2023,Gaza,Massangena,Fevereiro,14.0
2023,Gaza,Massangena,Março,16.0
2023,Gaza,Massangena,Abril,16.0
2023,Gaza,Massangena,Maio,15.0
2023,Gaza,Massangena,Junho,15.0
2023,Gaza,Massangena,Julho,15.0
2023,Gaza,Massangena,Agosto,13.0
2023,Gaza,Massangena,Setembro,14.0
2023,Gaza,Massangena,Outubro,9.0
2023,Gaza,Massangena,Novembro,9.0
2023,Gaza,Massangena,Dezembro,9.0
2023,Gaza,Massingir,Janeiro,17.0
2023,Gaza,Massingir,Fevereiro,20.0
2023,Gaza,Massingir,Março,20.0
2023,Gaza,Manjacaze,Fevereiro,97.0
2023,Gaza,Chókwè,Agosto,150.0
2023,Gaza,Manjacaze,Janeiro,90.0
2023,Gaza,Mabalane,Novembro,6.0
2023,Gaza,Chókwè,Outubro,142.0
2023,Gaza,Chókwè,Novembro,119.0
2023,Gaza,Chókwè,Dezembro,140.0
2023,Gaza,Guijá,Janeiro,15.0
2023,Gaza,Guijá,Fevereiro,14.0
2023,Gaza,Guijá,Março,15.0
2023,Gaza,Guijá,Abril,14.0
2023,Gaza,Guijá,Maio,14.0
2023,Gaza,Guijá,Junho,14.0
2023,Gaza,Guijá,Julho,14.0
2023,Gaza,Guijá,Agosto,15.0
2023,Gaza,Guijá,Setembro,16.0
2023,Gaza,Guijá,Outubro,4.0
2023,Gaza,Guijá,Novembro,5.0
2023,Gaza,Guijá,Dezembro,4.0
2023,Gaza,Mabalane,Janeiro,11.0
2023,Gaza,Mabalane,Fevereiro,11.0
2023,Gaza,Mabalane,Março,10.0
2023,Gaza,Mabalane,Abril,10.0
2023,Gaza,Mabalane,Maio,10.0
2023,Gaza,Mabalane,Junho,10.0
2023,Gaza,Mabalane,Julho,10.0
2023,Gaza,Mabalane,Agosto,9.0
2023,Gaza,Mabalane,Setembro,10.0
2023,Gaza,Mabalane,Outubro,7.0
2023,Gaza,Mabalane,Dezembro,6.0
2023,Gaza,Cidade de Xai-Xai,Outubro,677.0
2023,Gaza,Cidade de Xai-Xai,Setembro,709.0
2023,Gaza,Cidade de Xai-Xai,Agosto,626.0
2023,Província de Maputo,Boane,Agosto,799.0
2023,Província de Maputo,Boane,Setembro,743.0
2023,Província de Maputo,Boane,Outubro,707.0
2023,Província de Maputo,Boane,Novembro,662.0
2023,Província de Maputo,Boane,Dezembro,700.0
2023,Província de Maputo,Magude,Janeiro,59.0
2023,Província de Maputo,Magude,Fevereiro,68.0
2023,Província de Maputo,Magude,Março,59.0
2023,Província de Maputo,Magude,Abril,56.0
2023,Província de Maputo,Magude,Maio,58.0
2023,Província de Maputo,Magude,Junho,57.0
2023,Província de Maputo,Magude,Julho,53.0
2023,Província de Maputo,Magude,Agosto,40.0
2023,Província de Maputo,Magude,Setembro,42.0
2023,Província de Maputo,Magude,Outubro,16.0
2023,Província de Maputo,Magude,Novembro,17.0
2023,Província de Maputo,Magude,Dezembro,15.0
2023,Província de Maputo,Manhiça,Janeiro,179.0
2023,Província de Maputo,Manhiça,Fevereiro,190.0
2023,Província de Maputo,Manhiça,Março,189.0
2023,Província de Maputo,Manhiça,Abril,181.0
2023,Província de Maputo,Manhiça,Maio,181.0
2023,Província de Maputo,Manhiça,Junho,181.0
2023,Província de Maputo,Manhiça,Julho,168.0
2023,Província de Maputo,Manhiça,Agosto,180.0
2023,Província de Maputo,Boane,Julho,883.0
2023,Província de Maputo,Manhiça,Setembro,174.0
2023,Província de Maputo,Boane,Junho,901.0
2023,Província de Maputo,Boane,Abril,924.0
2023,Província de Maputo,Cidade de Maputo,Março,15759.0
2023,Província de Maputo,Cidade de Maputo,Abril,15693.0
2023,Província de Maputo,Cidade de Maputo,Maio,15953.0
2023,Zambézia,Cidade de Quelimane,Maio,552.0
2023,Província de Maputo,Cidade de Maputo,Julho,14779.0
2023,Província de Maputo,Cidade de Maputo,Agosto,14973.0
2023,Província de Maputo,Cidade de Maputo,Setembro,14273.0
2023,Província de Maputo,Cidade de Maputo,Outubro,14792.0
2023,Província de Maputo,Cidade de Maputo,Novembro,14600.0
2023,Província de Maputo,Cidade de Maputo,Dezembro,14651.0
2023,Província de Maputo,Cidade da Matola,Janeiro,3753.0
2023,Província de Maputo,Cidade da Matola,Fevereiro,3851.0
2023,Província de Maputo,Cidade da Matola,Março,3742.0
2023,Província de Maputo,Cidade da Matola,Abril,3745.0
2023,Província de Maputo,Cidade da Matola,Maio,3786.0
2023,Província de Maputo,Cidade da Matola,Junho,3638.0
2023,Província de Maputo,Cidade da Matola,Julho,3527.0
2023,Província de Maputo,Cidade da Matola,Agosto,3520.0
2023,Província de Maputo,Cidade da Matola,Setembro,3325.0
2023,Província de Maputo,Cidade da Matola,Outubro,3513.0
2023,Província de Maputo,Cidade da Matola,Novembro,3659.0
2023,Província de Maputo,Cidade da Matola,Dezembro,3694.0
2023,Província de Maputo,Boane,Janeiro,901.0
2023,Província de Maputo,Boane,Fevereiro,948.0
2023,Província de Maputo,Boane,Março,924.0
2023,Província de Maputo,Boane,Maio,931.0
2023,Província de Maputo,Manhiça,Outubro,147.0
2023,Província de Maputo,Manhiça,Novembro,136.0
2023,Província de Maputo,Manhiça,Dezembro,156.0
2023,Província de Maputo,Namaacha,Julho,114.0
2023,Província de Maputo,Namaacha,Agosto,107.0
2023,Província de Maputo,Namaacha,Setembro,118.0
2023,Província de Maputo,Namaacha,Outubro,50.0
2023,Província de Maputo,Namaacha,Novembro,52.0
2023,Província de Maputo,Namaacha,Dezembro,53.0
2023,Província de Maputo,Moamba,Janeiro,127.0
2023,Província de Maputo,Moamba,Fevereiro,129.0
2023,Província de Maputo,Moamba,Março,125.0
2023,Província de Maputo,Moamba,Abril,127.0
2023,Província de Maputo,Moamba,Maio,121.0
2023,Província de Maputo,Moamba,Junho,123.0
2023,Província de Maputo,Moamba,Julho,119.0
2023,Província de Maputo,Moamba,Agosto,108.0
2023,Província de Maputo,Moamba,Setembro,111.0
2023,Província de Maputo,Moamba,Outubro,99.0
2023,Província de Maputo,Moamba,Novembro,64.0
2023,Província de Maputo,Moamba,Dezembro,88.0
2023,Gaza,Cidade de Xai-Xai,Janeiro,567.0
2023,Gaza,Cidade de Xai-Xai,Fevereiro,579.0
2023,Gaza,Cidade de Xai-Xai,Março,595.0
2023,Gaza,Cidade de Xai-Xai,Abril,601.0
2023,Gaza,Cidade de Xai-Xai,Maio,609.0
2023,Gaza,Cidade de Xai-Xai,Junho,606.0
2023,Gaza,Cidade de Xai-Xai,Julho,597.0
2023,Província de Maputo,Namaacha,Junho,120.0
2023,Província de Maputo,Namaacha,Maio,117.0
2023,Província de Maputo,Namaacha,Abril,116.0
2023,Província de Maputo,Namaacha,Março,112.0
2023,Província de Maputo,Marracuene,Janeiro,653.0
2023,Província de Maputo,Marracuene,Fevereiro,664.0
2023,Província de Maputo,Marracuene,Março,649.0
2023,Província de Maputo,Marracuene,Abril,630.0
2023,Província de Maputo,Marracuene,Maio,637.0
2023,Província de Maputo,Marracuene,Junho,622.0
2023,Província de Maputo,Marracuene,Julho,614.0
2023,Província de Maputo,Marracuene,Agosto,598.0
2023,Província de Maputo,Marracuene,Setembro,556.0
2023,Província de Maputo,Marracuene,Outubro,602.0
2023,Província de Maputo,Marracuene,Novembro,588.0
2023,Província de Maputo,Marracuene,Dezembro,627.0
2023,Gaza,Massingir,Abril,19.0
2023,Província de Maputo,Matutuíne,Janeiro,337.0
2023,Província de Maputo,Matutuíne,Março,345.0
2023,Província de Maputo,Matutuíne,Abril,345.0
2023,Província de Maputo,Matutuíne,Maio,350.0
2023,Província de Maputo,Matutuíne,Junho,333.0
2023,Província de Maputo,Matutuíne,Julho,331.0
2023,Província de Maputo,Matutuíne,Agosto,346.0
2023,Província de Maputo,Matutuíne,Setembro,341.0
2023,Província de Maputo,Matutuíne,Outubro,318.0
2023,Província de Maputo,Matutuíne,Novembro,311.0
2023,Província de Maputo,Matutuíne,Dezembro,331.0
2023,Província de Maputo,Namaacha,Janeiro,114.0
2023,Província de Maputo,Namaacha,Fevereiro,119.0
2023,Província de Maputo,Matutuíne,Fevereiro,344.0
2023,Sofala,Buzi,Outubro,34.0
2023,Gaza,Massingir,Maio,17.0
2023,Gaza,Massingir,Julho,16.0
2023,Inhambane,Mabote,Outubro,7.0
2023,Inhambane,Mabote,Novembro,6.0
2023,Inhambane,Mabote,Dezembro,5.0
2023,Inhambane,Massinga,Janeiro,120.0
2023,Inhambane,Massinga,Fevereiro,125.0
2023,Inhambane,Massinga,Março,118.0
2023,Inhambane,Massinga,Abril,115.0
2023,Inhambane,Massinga,Maio,116.0
2023,Inhambane,Massinga,Junho,106.0
2023,Inhambane,Massinga,Julho,111.0
2023,Inhambane,Massinga,Agosto,97.0
2023,Inhambane,Massinga,Setembro,110.0
2023,Inhambane,Massinga,Outubro,83.0
2023,Inhambane,Massinga,Novembro,80.0
2023,Inhambane,Massinga,Dezembro,85.0
2023,Inhambane,Morrumbene,Janeiro,56.0
2023,Inhambane,Morrumbene,Fevereiro,56.0
2023,Inhambane,Morrumbene,Março,60.0
2023,Inhambane,Morrumbene,Abril,65.0
2023,Inhambane,Morrumbene,Maio,68.0
2023,Inhambane,Morrumbene,Junho,66.0
2023,Inhambane,Morrumbene,Julho,65.0
2023,Inhambane,Morrumbene,Agosto,62.0
2023,Inhambane,Morrumbene,Setembro,68.0
2023,Inhambane,Morrumbene,Outubro,47.0
2023,Inhambane,Mabote,Setembro,21.0
2023,Inhambane,Morrumbene,Novembro,50.0
2023,Inhambane,Mabote,Agosto,18.0
2023,Inhambane,Mabote,Junho,19.0
2023,Inhambane,Inhassoro,Maio,91.0
2023,Inhambane,Inhassoro,Junho,88.0
2023,Inhambane,Inhassoro,Julho,88.0
2023,Inhambane,Inhassoro,Agosto,88.0
2023,Inhambane,Inhassoro,Setembro,113.0
2023,Inhambane,Inhassoro,Outubro,63.0
2023,Inhambane,Inhassoro,Novembro,67.0
2023,Inhambane,Inhassoro,Dezembro,66.0
2023,Inhambane,Jangamo,Janeiro,43.0
2023,Inhambane,Jangamo,Fevereiro,44.0
2023,Inhambane,Jangamo,Março,44.0
2023,Inhambane,Jangamo,Abril,44.0
2023,Inhambane,Jangamo,Maio,46.0
2023,Inhambane,Jangamo,Junho,46.0
2023,Inhambane,Jangamo,Julho,44.0
2023,Inhambane,Jangamo,Agosto,39.0
2023,Inhambane,Jangamo,Setembro,39.0
2023,Inhambane,Jangamo,Outubro,23.0
2023,Inhambane,Jangamo,Novembro,27.0
2023,Inhambane,Jangamo,Dezembro,27.0
2023,Inhambane,Mabote,Janeiro,23.0
2023,Inhambane,Mabote,Fevereiro,25.0
2023,Inhambane,Mabote,Março,21.0
2023,Inhambane,Mabote,Abril,21.0
2023,Inhambane,Mabote,Maio,21.0
2023,Inhambane,Mabote,Julho,18.0
2023,Inhambane,Inhassoro,Abril,90.0
2023,Inhambane,Morrumbene,Dezembro,42.0
2023,Inhambane,Panda,Fevereiro,13.0
2023,Inhambane,Zavala (Quissico),Agosto,48.0
2023,Inhambane,Zavala (Quissico),Setembro,48.0
2023,Inhambane,Zavala (Quissico),Outubro,32.0
2023,Inhambane,Zavala (Quissico),Novembro,33.0
2023,Inhambane,Zavala (Quissico),Dezembro,32.0
2023,Sofala,Cidade da Beira,Janeiro,2334.0
2023,Sofala,Cidade da Beira,Fevereiro,2394.0
2023,Sofala,Cidade da Beira,Março,2344.0
2023,Sofala,Cidade da Beira,Abril,2340.0
2023,Sofala,Cidade da Beira,Maio,2366.0
2023,Sofala,Cidade da Beira,Junho,2237.0
2023,Sofala,Cidade da Beira,Julho,2294.0
2023,Sofala,Cidade da Beira,Agosto,2228.0
2023,Sofala,Cidade da Beira,Setembro,2413.0
2023,Sofala,Cidade da Beira,Outubro,2514.0
2023,Sofala,Cidade da Beira,Novembro,2344.0
2023,Sofala,Cidade da Beira,Dezembro,2616.0
2023,Sofala,Buzi,Janeiro,103.0
2023,Sofala,Buzi,Fevereiro,110.0
2023,Sofala,Buzi,Março,104.0
2023,Sofala,Buzi,Abril,106.0
2023,Sofala,Buzi,Maio,108.0
2023,Sofala,Buzi,Junho,111.0
2023,Sofala,Buzi,Julho,109.0
2023,Sofala,Buzi,Agosto,90.0
2023,Inhambane,Zavala (Quissico),Julho,42.0
2023,Inhambane,Panda,Janeiro,13.0
2023,Inhambane,Zavala (Quissico),Junho,41.0
2023,Inhambane,Zavala (Quissico),Abril,41.0
2023,Inhambane,Panda,Março,16.0
2023,Inhambane,Panda,Abril,18.0
2023,Inhambane,Panda,Maio,18.0
2023,Inhambane,Panda,Junho,18.0
2023,Inhambane,Panda,Julho,18.0
2023,Inhambane,Panda,Agosto,17.0
2023,Inhambane,Panda,Setembro,23.0
2023,Inhambane,Panda,Outubro,14.0
2023,Inhambane,Panda,Novembro,10.0
2023,Inhambane,Panda,Dezembro,10.0
2023,Inhambane,Vilankulo,Janeiro,296.0
2023,Inhambane,Vilankulo,Fevereiro,311.0
2023,Inhambane,Vilankulo,Março,289.0
2023,Inhambane,Vilankulo,Abril,291.0
2023,Inhambane,Vilankulo,Maio,297.0
2023,Inhambane,Vilankulo,Junho,288.0
2023,Inhambane,Vilankulo,Julho,281.0
2023,Inhambane,Vilankulo,Agosto,293.0
2023,Inhambane,Vilankulo,Setembro,337.0
2023,Inhambane,Vilankulo,Outubro,287.0
2023,Inhambane,Vilankulo,Novembro,271.0
2023,Inhambane,Vilankulo,Dezembro,270.0
2023,Inhambane,Zavala (Quissico),Janeiro,40.0
2023,Inhambane,Zavala (Quissico),Fevereiro,40.0
2023,Inhambane,Zavala (Quissico),Março,39.0
2023,Inhambane,Zavala (Quissico),Maio,39.0
2023,Inhambane,Inhassoro,Março,86.0
2023,Inhambane,Inhassoro,Fevereiro,83.0
2023,Inhambane,Inhassoro,Janeiro,85.0
2023,Gaza,Limpopo,Janeiro,0.0
2023,Gaza,Limpopo,Fevereiro,0.0
2023,Gaza,Limpopo,Março,0.0
2023,Gaza,Limpopo,Abril,0.0
2023,Gaza,Limpopo,Maio,0.0
2023,Gaza,Limpopo,Junho,0.0
2023,Gaza,Limpopo,Julho,0.0
2023,Gaza,Limpopo,Agosto,0.0
2023,Gaza,Limpopo,Setembro,0.0
2023,Gaza,Limpopo,Outubro,0.0
2023,Gaza,Limpopo,Novembro,0.0
2023,Gaza,Limpopo,Dezembro,0.0
2023,Inhambane,Cidade de Inhambane,Janeiro,422.0
2023,Inhambane,Cidade de Inhambane,Fevereiro,432.0
2023,Inhambane,Cidade de Inhambane,Março,421.0
2023,Inhambane,Cidade de Inhambane,Abril,418.0
2023,Inhambane,Cidade de Inhambane,Maio,421.0
2023,Inhambane,Cidade de Inhambane,Junho,402.0
2023,Inhambane,Cidade de Inhambane,Julho,401.0
2023,Inhambane,Cidade de Inhambane,Agosto,458.0
2023,Inhambane,Cidade de Inhambane,Setembro,522.0
2023,Inhambane,Cidade de Inhambane,Outubro,600.0
2023,Inhambane,Cidade de Inhambane,Novembro,591.0
2023,Inhambane,Cidade de Inhambane,Dezembro,621.0
2023,Inhambane,Cidade de Maxixe,Janeiro,353.0
2023,Gaza,Mapai,Dezembro,2.0
2023,Inhambane,Cidade de Maxixe,Fevereiro,367.0
2023,Gaza,Mapai,Novembro,1.0
2023,Gaza,Mapai,Setembro,0.0
2023,Gaza,Massingir,Agosto,14.0
2023,Gaza,Massingir,Setembro,14.0
2023,Gaza,Massingir,Outubro,10.0
2023,Gaza,Massingir,Novembro,7.0
2023,Gaza,Massingir,Dezembro,8.0
2023,Gaza,Chonguene,Janeiro,27.0
2023,Gaza,Chonguene,Fevereiro,27.0
2023,Gaza,Chonguene,Março,29.0
2023,Gaza,Chonguene,Abril,26.0
2023,Gaza,Chonguene,Maio,26.0
2023,Gaza,Chonguene,Junho,27.0
2023,Gaza,Chonguene,Julho,27.0
2023,Gaza,Chonguene,Agosto,26.0
2023,Gaza,Chonguene,Setembro,26.0
2023,Gaza,Chonguene,Outubro,26.0
2023,Gaza,Chonguene,Novembro,20.0
2023,Gaza,Chonguene,Dezembro,26.0
2023,Gaza,Mapai,Janeiro,0.0
2023,Gaza,Mapai,Fevereiro,0.0
2023,Gaza,Mapai,Março,0.0
2023,Gaza,Mapai,Abril,0.0
2023,Gaza,Mapai,Maio,0.0
2023,Gaza,Mapai,Junho,0.0
2023,Gaza,Mapai,Julho,0.0
2023,Gaza,Mapai,Agosto,0.0
2023,Gaza,Mapai,Outubro,1.0
2023,Inhambane,Cidade de Maxixe,Março,353.0
2023,Inhambane,Cidade de Maxixe,Abril,348.0
2023,Inhambane,Cidade de Maxixe,Maio,341.0
2023,Inhambane,Govuro,Dezembro,9.0
2023,Inhambane,Homoine,Janeiro,22.0
2023,Inhambane,Homoine,Fevereiro,21.0
2023,Inhambane,Homoine,Março,21.0
2023,Inhambane,Homoine,Abril,22.0
2023,Inhambane,Homoine,Maio,24.0
2023,Inhambane,Homoine,Junho,20.0
2023,Inhambane,Homoine,Julho,20.0
2023,Inhambane,Homoine,Agosto,21.0
2023,Inhambane,Homoine,Setembro,24.0
2023,Inhambane,Homoine,Outubro,17.0
2023,Inhambane,Homoine,Novembro,17.0
2023,Inhambane,Homoine,Dezembro,16.0
2023,Inhambane,Inharrime,Janeiro,38.0
2023,Inhambane,Inharrime,Fevereiro,41.0
2023,Inhambane,Inharrime,Março,40.0
2023,Inhambane,Inharrime,Abril,40.0
2023,Inhambane,Inharrime,Maio,42.0
2023,Inhambane,Inharrime,Junho,43.0
2023,Inhambane,Inharrime,Julho,44.0
2023,Inhambane,Inharrime,Agosto,43.0
2023,Inhambane,Inharrime,Setembro,45.0
2023,Inhambane,Inharrime,Outubro,23.0
2023,Inhambane,Inharrime,Novembro,25.0
2023,Inhambane,Inharrime,Dezembro,23.0
2023,Inhambane,Govuro,Novembro,8.0
2023,Inhambane,Govuro,Outubro,14.0
2023,Inhambane,Govuro,Setembro,28.0
2023,Inhambane,Govuro,Agosto,25.0
2023,Inhambane,Cidade de Maxixe,Junho,334.0
2023,Inhambane,Cidade de Maxixe,Julho,331.0
2023,Inhambane,Cidade de Maxixe,Agosto,335.0
2023,Inhambane,Cidade de Maxixe,Setembro,371.0
2023,Inhambane,Cidade de Maxixe,Outubro,287.0
2023,Inhambane,Cidade de Maxixe,Novembro,271.0
2023,Inhambane,Cidade de Maxixe,Dezembro,290.0
2023,Inhambane,Funhaloro,Janeiro,30.0
2023,Inhambane,Funhaloro,Fevereiro,33.0
2023,Inhambane,Funhaloro,Março,31.0
2023,Inhambane,Funhaloro,Abril,30.0
2023,Inhambane,Funhaloro,Maio,29.0
2023,Gaza,Massingir,Junho,17.0
2023,Inhambane,Funhaloro,Junho,27.0
2023,Inhambane,Funhaloro,Agosto,23.0
2023,Inhambane,Funhaloro,Setembro,31.0
2023,Inhambane,Funhaloro,Outubro,18.0
2023,Inhambane,Funhaloro,Novembro,20.0
2023,Inhambane,Funhaloro,Dezembro,19.0
2023,Inhambane,Govuro,Janeiro,22.0
2023,Inhambane,Govuro,Fevereiro,28.0
2023,Inhambane,Govuro,Março,24.0
2023,Inhambane,Govuro,Abril,26.0
2023,Inhambane,Govuro,Maio,26.0
2023,Inhambane,Govuro,Junho,26.0
2023,Inhambane,Govuro,Julho,26.0
2023,Inhambane,Funhaloro,Julho,27.0
2023,Zambézia,Cidade de Quelimane,Junho,540.0
2023,Nampula,Nacala-Velha,Novembro,14.0
2023,Zambézia,Cidade de Quelimane,Agosto,522.0
2023,Cabo Delgado,Mecufi,Agosto,6.0
2023,Cabo Delgado,Mecufi,Setembro,7.0
2023,Cabo Delgado,Mecufi,Outubro,6.0
2023,Cabo Delgado,Mecufi,Novembro,7.0
2023,Cabo Delgado,Mecufi,Dezembro,6.0
2023,Cabo Delgado,Meluco,Janeiro,5.0
2023,Cabo Delgado,Meluco,Fevereiro,6.0
2023,Cabo Delgado,Meluco,Março,6.0
2023,Cabo Delgado,Meluco,Abril,6.0
2023,Cabo Delgado,Meluco,Maio,6.0
2023,Cabo Delgado,Meluco,Junho,6.0
2023,Cabo Delgado,Meluco,Julho,6.0
2023,Cabo Delgado,Meluco,Agosto,6.0
2023,Cabo Delgado,Meluco,Setembro,6.0
2023,Cabo Delgado,Meluco,Outubro,8.0
2023,Cabo Delgado,Meluco,Novembro,9.0
2023,Cabo Delgado,Meluco,Dezembro,10.0
2023,Cabo Delgado,Mocimboa da Praia,Janeiro,31.0
2023,Cabo Delgado,Mocimboa da Praia,Fevereiro,32.0
2023,Cabo Delgado,Mocimboa da Praia,Março,32.0
2023,Cabo Delgado,Mocimboa da Praia,Abril,34.0
2023,Cabo Delgado,Mocimboa da Praia,Maio,36.0
2023,Cabo Delgado,Mocimboa da Praia,Junho,36.0
2023,Cabo Delgado,Mocimboa da Praia,Julho,38.0
2023,Cabo Delgado,Mocimboa da Praia,Agosto,34.0
2023,Cabo Delgado,Mecufi,Julho,7.0
2023,Cabo Delgado,Mocimboa da Praia,Setembro,34.0
2023,Cabo Delgado,Mecufi,Junho,6.0
2023,Cabo Delgado,Mecufi,Abril,9.0
2023,Cabo Delgado,Ibo,Março,6.0
2023,Cabo Delgado,Ibo,Abril,6.0
2023,Cabo Delgado,Ibo,Maio,6.0
2023,Cabo Delgado,Ibo,Junho,6.0
2023,Cabo Delgado,Ibo,Julho,6.0
2023,Cabo Delgado,Ibo,Agosto,6.0
2023,Cabo Delgado,Ibo,Setembro,5.0
2023,Cabo Delgado,Ibo,Outubro,11.0
2023,Cabo Delgado,Ibo,Novembro,3.0
2023,Cabo Delgado,Ibo,Dezembro,3.0
2023,Cabo Delgado,Macomia,Janeiro,9.0
2023,Cabo Delgado,Macomia,Fevereiro,10.0
2023,Cabo Delgado,Macomia,Março,9.0
2023,Cabo Delgado,Macomia,Abril,9.0
2023,Cabo Delgado,Macomia,Maio,9.0
2023,Cabo Delgado,Macomia,Junho,8.0
2023,Cabo Delgado,Macomia,Julho,8.0
2023,Cabo Delgado,Macomia,Agosto,7.0
2023,Cabo Delgado,Macomia,Setembro,7.0
2023,Cabo Delgado,Macomia,Outubro,3.0
2023,Cabo Delgado,Macomia,Novembro,4.0
2023,Cabo Delgado,Macomia,Dezembro,4.0
2023,Cabo Delgado,Mecufi,Janeiro,10.0
2023,Cabo Delgado,Mecufi,Fevereiro,9.0
2023,Cabo Delgado,Mecufi,Março,9.0
2023,Cabo Delgado,Mecufi,Maio,9.0
2023,Cabo Delgado,Ibo,Fevereiro,6.0
2023,Cabo Delgado,Mocimboa da Praia,Outubro,5.0
2023,Cabo Delgado,Mocimboa da Praia,Dezembro,4.0
2023,Cabo Delgado,Muidumbe,Junho,2.0
2023,Cabo Delgado,Muidumbe,Julho,2.0
2023,Cabo Delgado,Muidumbe,Agosto,2.0
2023,Cabo Delgado,Muidumbe,Setembro,2.0
2023,Cabo Delgado,Muidumbe,Outubro,10.0
2023,Cabo Delgado,Muidumbe,Novembro,1.0
2023,Cabo Delgado,Muidumbe,Dezembro,0.0
2023,Cabo Delgado,Namuno,Janeiro,13.0
2023,Cabo Delgado,Namuno,Fevereiro,13.0
2023,Cabo Delgado,Namuno,Março,15.0
2023,Cabo Delgado,Namuno,Abril,15.0
2023,Cabo Delgado,Namuno,Maio,15.0
2023,Cabo Delgado,Namuno,Junho,13.0
2023,Cabo Delgado,Namuno,Julho,12.0
2023,Cabo Delgado,Namuno,Agosto,13.0
2023,Cabo Delgado,Namuno,Setembro,15.0
2023,Cabo Delgado,Namuno,Outubro,8.0
2023,Cabo Delgado,Namuno,Novembro,5.0
2023,Cabo Delgado,Namuno,Dezembro,6.0
2023,Cabo Delgado,Nangade,Janeiro,5.0
2023,Cabo Delgado,Nangade,Fevereiro,2.0
2023,Cabo Delgado,Nangade,Março,4.0
2023,Cabo Delgado,Nangade,Abril,5.0
2023,Cabo Delgado,Nangade,Maio,5.0
2023,Cabo Delgado,Nangade,Junho,5.0
2023,Cabo Delgado,Muidumbe,Maio,2.0
2023,Cabo Delgado,Mocimboa da Praia,Novembro,3.0
2023,Cabo Delgado,Muidumbe,Abril,2.0
2023,Cabo Delgado,Muidumbe,Fevereiro,4.0
2023,Cabo Delgado,Montepuez,Janeiro,77.0
2023,Cabo Delgado,Montepuez,Fevereiro,77.0
2023,Cabo Delgado,Montepuez,Março,81.0
2023,Cabo Delgado,Montepuez,Abril,75.0
2023,Cabo Delgado,Montepuez,Maio,76.0
2023,Cabo Delgado,Montepuez,Junho,69.0
2023,Cabo Delgado,Montepuez,Julho,70.0
2023,Cabo Delgado,Montepuez,Agosto,68.0
2023,Cabo Delgado,Montepuez,Setembro,65.0
2023,Cabo Delgado,Montepuez,Outubro,60.0
2023,Cabo Delgado,Montepuez,Novembro,63.0
2023,Cabo Delgado,Montepuez,Dezembro,68.0
2023,Cabo Delgado,Mueda,Janeiro,16.0
2023,Cabo Delgado,Mueda,Fevereiro,18.0
2023,Cabo Delgado,Mueda,Março,17.0
2023,Cabo Delgado,Mueda,Abril,17.0
2023,Cabo Delgado,Mueda,Maio,17.0
2023,Cabo Delgado,Mueda,Junho,15.0
2023,Cabo Delgado,Mueda,Julho,15.0
2023,Cabo Delgado,Mueda,Agosto,15.0
2023,Cabo Delgado,Mueda,Setembro,15.0
2023,Cabo Delgado,Mueda,Outubro,15.0
2023,Cabo Delgado,Mueda,Novembro,14.0
2023,Cabo Delgado,Mueda,Dezembro,12.0
2023,Cabo Delgado,Muidumbe,Janeiro,2.0
2023,Cabo Delgado,Muidumbe,Março,2.0
2023,Cabo Delgado,Nangade,Julho,5.0
2023,Cabo Delgado,Ibo,Janeiro,6.0
2023,Cabo Delgado,Chiúre,Novembro,10.0
2023,Nampula,Rapale-Nampula,Dezembro,2.0
2023,Nampula,Ribaué,Janeiro,34.0
2023,Nampula,Ribaué,Fevereiro,36.0
2023,Nampula,Ribaué,Março,33.0
2023,Nampula,Ribaué,Abril,34.0
2023,Nampula,Ribaué,Maio,34.0
2023,Nampula,Ribaué,Junho,33.0
2023,Nampula,Ribaué,Julho,33.0
2023,Nampula,Ribaué,Agosto,31.0
2023,Nampula,Ribaué,Setembro,26.0
2023,Nampula,Ribaué,Outubro,29.0
2023,Nampula,Ribaué,Novembro,23.0
2023,Nampula,Ribaué,Dezembro,30.0
2023,Nampula,Liupo,Janeiro,0.0
2023,Nampula,Liupo,Fevereiro,0.0
2023,Nampula,Liupo,Março,0.0
2023,Nampula,Liupo,Abril,0.0
2023,Nampula,Liupo,Maio,0.0
2023,Nampula,Liupo,Junho,0.0
2023,Nampula,Liupo,Julho,0.0
2023,Nampula,Liupo,Agosto,0.0
2023,Nampula,Liupo,Setembro,0.0
2023,Nampula,Liupo,Outubro,0.0
2023,Nampula,Liupo,Novembro,0.0
2023,Nampula,Liupo,Dezembro,0.0
2023,Nampula,Rapale-Nampula,Novembro,2.0
2023,Nampula,Larde,Janeiro,0.0
2023,Nampula,Rapale-Nampula,Outubro,2.0
2023,Nampula,Rapale-Nampula,Agosto,3.0
2023,Nampula,Nacaroa,Julho,11.0
2023,Nampula,Nacaroa,Agosto,9.0
2023,Nampula,Nacaroa,Setembro,7.0
2023,Nampula,Nacaroa,Outubro,11.0
2023,Nampula,Nacaroa,Novembro,4.0
2023,Nampula,Nacaroa,Dezembro,4.0
2023,Nampula,Namapa-Erati,Janeiro,19.0
2023,Nampula,Namapa-Erati,Fevereiro,22.0
2023,Nampula,Namapa-Erati,Março,19.0
2023,Nampula,Namapa-Erati,Abril,18.0
2023,Nampula,Namapa-Erati,Maio,17.0
2023,Nampula,Namapa-Erati,Junho,16.0
2023,Nampula,Namapa-Erati,Julho,17.0
2023,Nampula,Namapa-Erati,Agosto,15.0
2023,Nampula,Namapa-Erati,Setembro,16.0
2023,Nampula,Namapa-Erati,Outubro,5.0
2023,Nampula,Namapa-Erati,Novembro,4.0
2023,Nampula,Namapa-Erati,Dezembro,3.0
2023,Nampula,Rapale-Nampula,Janeiro,12.0
2023,Nampula,Rapale-Nampula,Fevereiro,10.0
2023,Nampula,Rapale-Nampula,Março,10.0
2023,Nampula,Rapale-Nampula,Abril,9.0
2023,Nampula,Rapale-Nampula,Maio,9.0
2023,Nampula,Rapale-Nampula,Junho,5.0
2023,Nampula,Rapale-Nampula,Julho,8.0
2023,Nampula,Rapale-Nampula,Setembro,1.0
2023,Cabo Delgado,Chiúre,Dezembro,11.0
2023,Nampula,Larde,Fevereiro,0.0
2023,Nampula,Larde,Abril,0.0
2023,Cabo Delgado,Ancuabe,Outubro,9.0
2023,Cabo Delgado,Ancuabe,Novembro,8.0
2023,Cabo Delgado,Ancuabe,Dezembro,8.0
2023,Cabo Delgado,Balama,Janeiro,34.0
2023,Cabo Delgado,Balama,Fevereiro,34.0
2023,Cabo Delgado,Balama,Março,33.0
2023,Cabo Delgado,Balama,Abril,32.0
2023,Cabo Delgado,Balama,Maio,32.0
2023,Cabo Delgado,Balama,Junho,32.0
2023,Cabo Delgado,Balama,Julho,32.0
2023,Cabo Delgado,Balama,Agosto,30.0
2023,Cabo Delgado,Balama,Setembro,31.0
2023,Cabo Delgado,Balama,Outubro,6.0
2023,Cabo Delgado,Balama,Novembro,7.0
2023,Cabo Delgado,Balama,Dezembro,6.0
2023,Cabo Delgado,Chiúre,Janeiro,19.0
2023,Cabo Delgado,Chiúre,Fevereiro,20.0
2023,Cabo Delgado,Chiúre,Março,19.0
2023,Cabo Delgado,Chiúre,Abril,20.0
2023,Cabo Delgado,Chiúre,Maio,19.0
2023,Cabo Delgado,Chiúre,Junho,20.0
2023,Cabo Delgado,Chiúre,Julho,19.0
2023,Cabo Delgado,Chiúre,Agosto,18.0
2023,Cabo Delgado,Chiúre,Setembro,19.0
2023,Cabo Delgado,Chiúre,Outubro,13.0
2023,Cabo Delgado,Ancuabe,Setembro,44.0
2023,Nampula,Larde,Março,0.0
2023,Cabo Delgado,Ancuabe,Agosto,33.0
2023,Cabo Delgado,Ancuabe,Junho,35.0
2023,Nampula,Larde,Maio,0.0
2023,Nampula,Larde,Junho,0.0
2023,Nampula,Larde,Julho,0.0
2023,Nampula,Larde,Agosto,0.0
2023,Nampula,Larde,Setembro,0.0
2023,Nampula,Larde,Outubro,0.0
2023,Nampula,Larde,Novembro,0.0
2023,Nampula,Larde,Dezembro,0.0
2023,Cabo Delgado,Cidade de Pemba,Janeiro,794.0
2023,Cabo Delgado,Cidade de Pemba,Fevereiro,799.0
2023,Cabo Delgado,Cidade de Pemba,Março,791.0
2023,Cabo Delgado,Cidade de Pemba,Abril,786.0
2023,Cabo Delgado,Cidade de Pemba,Maio,798.0
2023,Cabo Delgado,Cidade de Pemba,Junho,770.0
2023,Cabo Delgado,Cidade de Pemba,Julho,772.0
2023,Cabo Delgado,Cidade de Pemba,Agosto,779.0
2023,Cabo Delgado,Cidade de Pemba,Setembro,772.0
2023,Cabo Delgado,Cidade de Pemba,Outubro,835.0
2023,Cabo Delgado,Cidade de Pemba,Novembro,866.0
2023,Cabo Delgado,Cidade de Pemba,Dezembro,870.0
2023,Cabo Delgado,Ancuabe,Janeiro,30.0
2023,Cabo Delgado,Ancuabe,Fevereiro,31.0
2023,Cabo Delgado,Ancuabe,Março,32.0
2023,Cabo Delgado,Ancuabe,Abril,33.0
2023,Cabo Delgado,Ancuabe,Maio,35.0
2023,Cabo Delgado,Ancuabe,Julho,35.0
2023,Cabo Delgado,Nangade,Agosto,5.0
2023,Cabo Delgado,Nangade,Setembro,5.0
2023,Cabo Delgado,Nangade,Outubro,8.0
2023,Niassa,Mecula,Janeiro,5.0
2023,Niassa,Mecula,Fevereiro,5.0
2023,Niassa,Mecula,Março,6.0
2023,Niassa,Mecula,Abril,6.0
2023,Niassa,Mecula,Maio,6.0
2023,Niassa,Mecula,Junho,14.0
2023,Niassa,Mecula,Julho,6.0
2023,Niassa,Mecula,Agosto,6.0
2023,Niassa,Mecula,Setembro,8.0
2023,Niassa,Mecula,Outubro,4.0
2023,Niassa,Mecula,Novembro,3.0
2023,Niassa,Mecula,Dezembro,3.0
2023,Niassa,Metarica,Janeiro,7.0
2023,Niassa,Metarica,Fevereiro,8.0
2023,Niassa,Metarica,Março,6.0
2023,Niassa,Metarica,Abril,6.0
2023,Niassa,Metarica,Maio,6.0
2023,Niassa,Metarica,Junho,6.0
2023,Niassa,Metarica,Julho,6.0
2023,Niassa,Metarica,Agosto,6.0
2023,Niassa,Metarica,Setembro,7.0
2023,Niassa,Metarica,Outubro,1.0
2023,Niassa,Metarica,Novembro,1.0
2023,Niassa,Metarica,Dezembro,0.0
2023,Niassa,Muembe,Janeiro,0.0
2023,Niassa,Mecanhelas,Dezembro,9.0
2023,Niassa,Muembe,Fevereiro,0.0
2023,Niassa,Mecanhelas,Novembro,9.0
2023,Niassa,Mecanhelas,Setembro,14.0
2023,Niassa,Maúa,Agosto,11.0
2023,Niassa,Maúa,Setembro,13.0
2023,Niassa,Maúa,Outubro,6.0
2023,Niassa,Maúa,Novembro,7.0
2023,Niassa,Maúa,Dezembro,6.0
2023,Niassa,Mavago,Janeiro,15.0
2023,Niassa,Mavago,Fevereiro,15.0
2023,Niassa,Mavago,Março,0.0
2023,Niassa,Mavago,Abril,0.0
2023,Niassa,Mavago,Maio,0.0
2023,Niassa,Mavago,Junho,0.0
2023,Niassa,Mavago,Julho,0.0
2023,Niassa,Mavago,Agosto,0.0
2023,Niassa,Mavago,Setembro,0.0
2023,Niassa,Mavago,Outubro,0.0
2023,Niassa,Mavago,Novembro,0.0
2023,Niassa,Mavago,Dezembro,0.0
2023,Niassa,Mecanhelas,Janeiro,4.0
2023,Niassa,Mecanhelas,Fevereiro,4.0
2023,Niassa,Mecanhelas,Março,15.0
2023,Niassa,Mecanhelas,Abril,15.0
2023,Niassa,Mecanhelas,Maio,14.0
2023,Niassa,Mecanhelas,Junho,13.0
2023,Niassa,Mecanhelas,Julho,13.0
2023,Niassa,Mecanhelas,Agosto,12.0
2023,Niassa,Mecanhelas,Outubro,11.0
2023,Niassa,Maúa,Julho,11.0
2023,Niassa,Muembe,Março,3.0
2023,Niassa,Muembe,Maio,3.0
2023,Niassa,Nipepe,Novembro,3.0
2023,Niassa,Nipepe,Dezembro,3.0
2023,Niassa,Sanga,Janeiro,9.0
2023,Niassa,Sanga,Fevereiro,9.0
2023,Niassa,Sanga,Março,10.0
2023,Niassa,Sanga,Abril,10.0
2023,Niassa,Sanga,Maio,10.0
2023,Niassa,Sanga,Junho,10.0
2023,Niassa,Sanga,Julho,10.0
2023,Niassa,Sanga,Agosto,9.0
2023,Niassa,Sanga,Setembro,9.0
2023,Niassa,Sanga,Outubro,5.0
2023,Niassa,Sanga,Novembro,3.0
2023,Niassa,Sanga,Dezembro,1.0
2023,Niassa,Chimbunhila,Janeiro,0.0
2023,Niassa,Chimbunhila,Fevereiro,0.0
2023,Niassa,Chimbunhila,Março,0.0
2023,Niassa,Chimbunhila,Abril,0.0
2023,Niassa,Chimbunhila,Maio,0.0
2023,Niassa,Chimbunhila,Junho,3.0
2023,Niassa,Chimbunhila,Julho,0.0
2023,Niassa,Chimbunhila,Agosto,0.0
2023,Niassa,Chimbunhila,Setembro,0.0
2023,Niassa,Chimbunhila,Outubro,0.0
2023,Província de Maputo,Cidade de Maputo,Fevereiro,16142.0
2023,Niassa,Nipepe,Outubro,3.0
2023,Niassa,Muembe,Abril,3.0
2023,Niassa,Nipepe,Setembro,5.0
2023,Niassa,Nipepe,Julho,4.0
2023,Niassa,Muembe,Junho,1.0
2023,Niassa,Muembe,Julho,3.0
2023,Niassa,Muembe,Agosto,3.0
2023,Niassa,Muembe,Setembro,3.0
2023,Niassa,Muembe,Outubro,4.0
2023,Niassa,Muembe,Novembro,3.0
2023,Niassa,Muembe,Dezembro,5.0
2023,Niassa,N´gauma,Janeiro,3.0
2023,Niassa,N´gauma,Fevereiro,3.0
2023,Niassa,N´gauma,Março,3.0
2023,Niassa,N´gauma,Abril,3.0
2023,Niassa,N´gauma,Maio,3.0
2023,Niassa,N´gauma,Junho,6.0
2023,Niassa,N´gauma,Julho,3.0
2023,Niassa,N´gauma,Agosto,3.0
2023,Niassa,N´gauma,Setembro,4.0
2023,Niassa,N´gauma,Outubro,1.0
2023,Niassa,N´gauma,Novembro,0.0
2023,Niassa,N´gauma,Dezembro,0.0
2023,Niassa,Nipepe,Janeiro,4.0
2023,Niassa,Nipepe,Fevereiro,5.0
2023,Niassa,Nipepe,Março,4.0
2023,Niassa,Nipepe,Abril,4.0
2023,Niassa,Nipepe,Maio,4.0
2023,Niassa,Nipepe,Junho,4.0
2023,Niassa,Nipepe,Agosto,4.0
2023,Niassa,Maúa,Junho,11.0
2023,Niassa,Maúa,Maio,11.0
2023,Niassa,Maúa,Abril,12.0
2023,Cabo Delgado,Quissanga,Abril,4.0
2023,Cabo Delgado,Quissanga,Maio,4.0
2023,Cabo Delgado,Quissanga,Junho,4.0
2023,Cabo Delgado,Quissanga,Julho,4.0
2023,Cabo Delgado,Quissanga,Agosto,4.0
2023,Cabo Delgado,Quissanga,Setembro,4.0
2023,Cabo Delgado,Quissanga,Outubro,1.0
2023,Cabo Delgado,Quissanga,Novembro,9.0
2023,Cabo Delgado,Quissanga,Dezembro,0.0
2023,Niassa,Cidade de Lichinga,Janeiro,306.0
2023,Niassa,Cidade de Lichinga,Fevereiro,312.0
2023,Niassa,Cidade de Lichinga,Março,292.0
2023,Niassa,Cidade de Lichinga,Abril,289.0
2023,Niassa,Cidade de Lichinga,Maio,306.0
2023,Niassa,Cidade de Lichinga,Junho,298.0
2023,Niassa,Cidade de Lichinga,Julho,296.0
2023,Niassa,Cidade de Lichinga,Agosto,288.0
2023,Niassa,Cidade de Lichinga,Setembro,299.0
2023,Niassa,Cidade de Lichinga,Outubro,330.0
2023,Niassa,Cidade de Lichinga,Novembro,354.0
2023,Niassa,Cidade de Lichinga,Dezembro,327.0
2023,Niassa,Cuamba,Janeiro,110.0
2023,Niassa,Cuamba,Fevereiro,112.0
2023,Niassa,Cuamba,Março,112.0
2023,Niassa,Cuamba,Abril,110.0
2023,Cabo Delgado,Quissanga,Março,4.0
2023,Niassa,Cuamba,Maio,112.0
2023,Cabo Delgado,Quissanga,Fevereiro,4.0
2023,Cabo Delgado,Pemba-Metuge,Dezembro,19.0
2023,Cabo Delgado,Nangade,Novembro,7.0
2023,Cabo Delgado,Nangade,Dezembro,8.0
2023,Cabo Delgado,Palma,Janeiro,19.0
2023,Cabo Delgado,Palma,Fevereiro,16.0
2023,Cabo Delgado,Palma,Março,19.0
2023,Cabo Delgado,Palma,Abril,20.0
2023,Cabo Delgado,Palma,Maio,20.0
2023,Cabo Delgado,Palma,Junho,20.0
2023,Cabo Delgado,Palma,Julho,18.0
2023,Cabo Delgado,Palma,Agosto,19.0
2023,Cabo Delgado,Palma,Setembro,20.0
2023,Cabo Delgado,Palma,Outubro,14.0
2023,Cabo Delgado,Palma,Novembro,24.0
2023,Cabo Delgado,Palma,Dezembro,16.0
2023,Cabo Delgado,Pemba-Metuge,Janeiro,33.0
2023,Cabo Delgado,Pemba-Metuge,Fevereiro,33.0
2023,Cabo Delgado,Pemba-Metuge,Março,33.0
2023,Cabo Delgado,Pemba-Metuge,Abril,34.0
2023,Cabo Delgado,Pemba-Metuge,Maio,33.0
2023,Cabo Delgado,Pemba-Metuge,Junho,35.0
2023,Cabo Delgado,Pemba-Metuge,Julho,34.0
2023,Cabo Delgado,Pemba-Metuge,Agosto,34.0
2023,Cabo Delgado,Pemba-Metuge,Setembro,36.0
2023,Cabo Delgado,Pemba-Metuge,Outubro,19.0
2023,Cabo Delgado,Pemba-Metuge,Novembro,10.0
2023,Cabo Delgado,Quissanga,Janeiro,5.0
2023,Niassa,Cuamba,Junho,112.0
2023,Niassa,Cuamba,Julho,107.0
2023,Niassa,Cuamba,Agosto,103.0
2023,Niassa,Mandimba,Março,11.0
2023,Niassa,Mandimba,Abril,12.0
2023,Niassa,Mandimba,Maio,12.0
2023,Niassa,Mandimba,Junho,11.0
2023,Niassa,Mandimba,Julho,12.0
2023,Niassa,Mandimba,Agosto,11.0
2023,Niassa,Mandimba,Setembro,12.0
2023,Niassa,Mandimba,Outubro,16.0
2023,Niassa,Mandimba,Novembro,15.0
2023,Niassa,Mandimba,Dezembro,17.0
2023,Niassa,Marrupa,Janeiro,17.0
2023,Niassa,Marrupa,Fevereiro,17.0
2023,Niassa,Marrupa,Março,15.0
2023,Niassa,Marrupa,Abril,15.0
2023,Niassa,Marrupa,Maio,16.0
2023,Niassa,Marrupa,Junho,14.0
2023,Niassa,Marrupa,Julho,14.0
2023,Niassa,Marrupa,Agosto,14.0
2023,Niassa,Marrupa,Setembro,14.0
2023,Niassa,Marrupa,Outubro,10.0
2023,Niassa,Marrupa,Novembro,12.0
2023,Niassa,Marrupa,Dezembro,10.0
2023,Niassa,Maúa,Janeiro,18.0
2023,Niassa,Maúa,Fevereiro,13.0
2023,Niassa,Maúa,Março,12.0
2023,Niassa,Mandimba,Fevereiro,11.0
2023,Niassa,Mandimba,Janeiro,11.0
2023,Niassa,Manjune,Dezembro,4.0
2023,Niassa,Manjune,Novembro,4.0
2023,Niassa,Cuamba,Setembro,110.0
2023,Niassa,Cuamba,Outubro,92.0
2023,Niassa,Cuamba,Novembro,82.0
2023,Niassa,Cuamba,Dezembro,86.0
2023,Niassa,Lago,Janeiro,13.0
2023,Niassa,Lago,Fevereiro,12.0
2023,Niassa,Lago,Março,12.0
2023,Niassa,Lago,Abril,13.0
2023,Niassa,Lago,Maio,15.0
2023,Niassa,Lago,Junho,15.0
2023,Niassa,Lago,Julho,15.0
2023,Niassa,Lago,Agosto,14.0
2023,Nampula,Nacaroa,Junho,11.0
2023,Niassa,Lago,Setembro,16.0
2023,Niassa,Lago,Novembro,11.0
2023,Niassa,Lago,Dezembro,11.0
2023,Niassa,Manjune,Janeiro,5.0
2023,Niassa,Manjune,Fevereiro,5.0
2023,Niassa,Manjune,Março,5.0
2023,Niassa,Manjune,Abril,4.0
2023,Niassa,Manjune,Maio,4.0
2023,Niassa,Manjune,Junho,3.0
2023,Niassa,Manjune,Julho,3.0
2023,Niassa,Manjune,Agosto,3.0
2023,Niassa,Manjune,Setembro,3.0
2023,Niassa,Manjune,Outubro,4.0
2023,Niassa,Lago,Outubro,9.0
2023,Zambézia,Cidade de Quelimane,Julho,547.0
2023,Nampula,Nacaroa,Maio,12.0
2023,Nampula,Nacaroa,Março,12.0
2023,Zambézia,Morrumbala,Outubro,16.0
2023,Zambézia,Morrumbala,Novembro,11.0
2023,Zambézia,Morrumbala,Dezembro,12.0
2023,Zambézia,Namacurra,Janeiro,12.0
2023,Zambézia,Namacurra,Fevereiro,14.0
2023,Zambézia,Namacurra,Março,14.0
2023,Zambézia,Namacurra,Abril,13.0
2023,Zambézia,Namacurra,Maio,15.0
2023,Zambézia,Namacurra,Junho,14.0
2023,Zambézia,Namacurra,Julho,15.0
2023,Zambézia,Namacurra,Agosto,14.0
2023,Zambézia,Namacurra,Setembro,15.0
2023,Zambézia,Namacurra,Outubro,10.0
2023,Zambézia,Namacurra,Novembro,9.0
2023,Zambézia,Namacurra,Dezembro,8.0
2023,Zambézia,Namarroi,Janeiro,19.0
2023,Zambézia,Namarroi,Fevereiro,21.0
2023,Zambézia,Namarroi,Março,23.0
2023,Zambézia,Namarroi,Abril,22.0
2023,Zambézia,Namarroi,Maio,22.0
2023,Zambézia,Namarroi,Junho,22.0
2023,Zambézia,Namarroi,Julho,22.0
2023,Zambézia,Namarroi,Agosto,20.0
2023,Zambézia,Namarroi,Setembro,20.0
2023,Zambézia,Namarroi,Outubro,7.0
2023,Zambézia,Morrumbala,Setembro,31.0
2023,Zambézia,Namarroi,Novembro,6.0
2023,Zambézia,Morrumbala,Agosto,31.0
2023,Zambézia,Morrumbala,Junho,30.0
2023,Zambézia,Mocuba,Maio,170.0
2023,Zambézia,Mocuba,Junho,166.0
2023,Zambézia,Mocuba,Julho,165.0
2023,Zambézia,Mocuba,Agosto,164.0
2023,Zambézia,Mocuba,Setembro,161.0
2023,Zambézia,Mocuba,Outubro,149.0
2023,Zambézia,Mocuba,Novembro,134.0
2023,Zambézia,Mocuba,Dezembro,165.0
2023,Zambézia,Mopeia,Janeiro,22.0
2023,Zambézia,Mopeia,Fevereiro,21.0
2023,Zambézia,Mopeia,Março,19.0
2023,Zambézia,Mopeia,Abril,18.0
2023,Zambézia,Mopeia,Maio,19.0
2023,Zambézia,Mopeia,Junho,15.0
2023,Zambézia,Mopeia,Julho,16.0
2023,Zambézia,Mopeia,Agosto,15.0
2023,Zambézia,Mopeia,Setembro,16.0
2023,Zambézia,Mopeia,Outubro,12.0
2023,Zambézia,Mopeia,Novembro,9.0
2023,Zambézia,Mopeia,Dezembro,12.0
2023,Zambézia,Morrumbala,Janeiro,33.0
2023,Zambézia,Morrumbala,Fevereiro,34.0
2023,Zambézia,Morrumbala,Março,30.0
2023,Zambézia,Morrumbala,Abril,29.0
2023,Zambézia,Morrumbala,Maio,30.0
2023,Zambézia,Morrumbala,Julho,31.0
2023,Zambézia,Mocuba,Abril,172.0
2023,Zambézia,Namarroi,Dezembro,6.0
2023,Zambézia,Nicoadala,Fevereiro,26.0
2023,Zambézia,Molumbo,Agosto,0.0
2023,Zambézia,Molumbo,Setembro,0.0
2023,Zambézia,Molumbo,Outubro,0.0
2023,Zambézia,Molumbo,Novembro,0.0
2023,Zambézia,Molumbo,Dezembro,0.0
2023,Zambézia,Mocubela,Janeiro,0.0
2023,Zambézia,Mocubela,Fevereiro,0.0
2023,Zambézia,Mocubela,Março,0.0
2023,Zambézia,Mocubela,Abril,0.0
2023,Zambézia,Mocubela,Maio,0.0
2023,Zambézia,Mocubela,Junho,0.0
2023,Zambézia,Mocubela,Julho,0.0
2023,Zambézia,Mocubela,Agosto,0.0
2023,Zambézia,Mocubela,Setembro,0.0
2023,Zambézia,Mocubela,Outubro,0.0
2023,Zambézia,Mocubela,Novembro,0.0
2023,Zambézia,Mocubela,Dezembro,0.0
2023,Zambézia,Mulevala,Janeiro,0.0
2023,Zambézia,Mulevala,Fevereiro,0.0
2023,Zambézia,Mulevala,Março,0.0
2023,Zambézia,Mulevala,Abril,0.0
2023,Zambézia,Mulevala,Maio,0.0
2023,Zambézia,Mulevala,Junho,0.0
2023,Zambézia,Mulevala,Julho,0.0
2023,Zambézia,Mulevala,Agosto,0.0
2023,Zambézia,Molumbo,Julho,0.0
2023,Zambézia,Nicoadala,Janeiro,27.0
2023,Zambézia,Molumbo,Junho,0.0
2023,Zambézia,Molumbo,Abril,0.0
2023,Zambézia,Nicoadala,Março,27.0
2023,Zambézia,Nicoadala,Abril,26.0
2023,Zambézia,Nicoadala,Maio,31.0
2023,Zambézia,Nicoadala,Junho,29.0
2023,Zambézia,Nicoadala,Julho,31.0
2023,Zambézia,Nicoadala,Agosto,32.0
2023,Zambézia,Nicoadala,Setembro,34.0
2023,Zambézia,Nicoadala,Outubro,28.0
2023,Zambézia,Nicoadala,Novembro,27.0
2023,Zambézia,Nicoadala,Dezembro,27.0
2023,Zambézia,Pebane,Janeiro,42.0
2023,Zambézia,Pebane,Fevereiro,43.0
2023,Zambézia,Pebane,Março,41.0
2023,Zambézia,Pebane,Abril,39.0
2023,Zambézia,Pebane,Maio,43.0
2023,Zambézia,Pebane,Junho,39.0
2023,Zambézia,Pebane,Julho,40.0
2023,Zambézia,Pebane,Agosto,38.0
2023,Zambézia,Pebane,Setembro,39.0
2023,Zambézia,Pebane,Outubro,26.0
2023,Zambézia,Pebane,Novembro,18.0
2023,Zambézia,Pebane,Dezembro,28.0
2023,Zambézia,Molumbo,Janeiro,0.0
2023,Zambézia,Molumbo,Fevereiro,0.0
2023,Zambézia,Molumbo,Março,0.0
2023,Zambézia,Molumbo,Maio,0.0
2023,Zambézia,Mulevala,Setembro,0.0
2023,Zambézia,Mocuba,Março,178.0
2023,Zambézia,Mocuba,Janeiro,183.0
2023,Zambézia,Gurúè,Fevereiro,41.0
2023,Zambézia,Gurúè,Março,40.0
2023,Zambézia,Gurúè,Abril,37.0
2023,Zambézia,Gurúè,Maio,37.0
2023,Zambézia,Gurúè,Junho,35.0
2023,Zambézia,Gurúè,Julho,34.0
2023,Zambézia,Gurúè,Agosto,31.0
2023,Zambézia,Gurúè,Setembro,32.0
2023,Zambézia,Gurúè,Outubro,28.0
2023,Zambézia,Gurúè,Novembro,28.0
2023,Zambézia,Gurúè,Dezembro,27.0
2023,Zambézia,Ile,Janeiro,17.0
2023,Zambézia,Ile,Fevereiro,16.0
2023,Zambézia,Ile,Março,14.0
2023,Zambézia,Ile,Abril,14.0
2023,Zambézia,Ile,Maio,13.0
2023,Zambézia,Ile,Junho,13.0
2023,Zambézia,Ile,Julho,13.0
2023,Zambézia,Ile,Agosto,13.0
2023,Zambézia,Ile,Setembro,13.0
2023,Zambézia,Ile,Outubro,9.0
2023,Zambézia,Ile,Novembro,6.0
2023,Zambézia,Ile,Dezembro,10.0
2023,Zambézia,Inhassunge,Janeiro,1.0
2023,Zambézia,Inhassunge,Fevereiro,1.0
2023,Zambézia,Gurúè,Janeiro,40.0
2023,Zambézia,Inhassunge,Março,1.0
2023,Zambézia,Chinde,Dezembro,13.0
2023,Zambézia,Chinde,Outubro,12.0
2023,Zambézia,Cidade de Quelimane,Setembro,499.0
2023,Zambézia,Cidade de Quelimane,Outubro,660.0
2023,Zambézia,Cidade de Quelimane,Novembro,649.0
2023,Zambézia,Cidade de Quelimane,Dezembro,695.0
2023,Zambézia,Alto Molócuè,Janeiro,57.0
2023,Zambézia,Alto Molócuè,Fevereiro,58.0
2023,Zambézia,Alto Molócuè,Março,59.0
2023,Zambézia,Alto Molócuè,Abril,57.0
2023,Zambézia,Alto Molócuè,Maio,59.0
2023,Zambézia,Alto Molócuè,Junho,59.0
2023,Zambézia,Alto Molócuè,Julho,60.0
2023,Zambézia,Alto Molócuè,Agosto,59.0
2023,Zambézia,Alto Molócuè,Setembro,59.0
2023,Zambézia,Alto Molócuè,Outubro,38.0
2023,Zambézia,Alto Molócuè,Novembro,23.0
2023,Zambézia,Alto Molócuè,Dezembro,31.0
2023,Zambézia,Chinde,Janeiro,25.0
2023,Zambézia,Chinde,Fevereiro,23.0
2023,Zambézia,Chinde,Março,21.0
2023,Zambézia,Chinde,Abril,21.0
2023,Zambézia,Chinde,Maio,21.0
2023,Zambézia,Chinde,Junho,17.0
2023,Zambézia,Chinde,Julho,18.0
2023,Zambézia,Chinde,Agosto,17.0
2023,Zambézia,Chinde,Setembro,17.0
2023,Zambézia,Chinde,Novembro,10.0
2023,Zambézia,Mocuba,Fevereiro,185.0
2023,Zambézia,Inhassunge,Abril,1.0
2023,Zambézia,Inhassunge,Junho,1.0
2023,Zambézia,Gilé,Dezembro,18.0
2023,Zambézia,Maganja da Costa,Janeiro,23.0
2023,Zambézia,Maganja da Costa,Fevereiro,22.0
2023,Zambézia,Maganja da Costa,Março,22.0
2023,Zambézia,Maganja da Costa,Abril,21.0
2023,Zambézia,Maganja da Costa,Maio,19.0
2023,Zambézia,Maganja da Costa,Junho,19.0
2023,Zambézia,Maganja da Costa,Julho,18.0
2023,Zambézia,Maganja da Costa,Agosto,18.0
2023,Zambézia,Maganja da Costa,Setembro,18.0
2023,Zambézia,Maganja da Costa,Outubro,16.0
2023,Zambézia,Maganja da Costa,Novembro,5.0
2023,Zambézia,Maganja da Costa,Dezembro,9.0
2023,Zambézia,Milange,Janeiro,41.0
2023,Zambézia,Milange,Fevereiro,40.0
2023,Zambézia,Milange,Março,37.0
2023,Zambézia,Milange,Abril,37.0
2023,Zambézia,Milange,Maio,36.0
2023,Zambézia,Milange,Junho,36.0
2023,Zambézia,Milange,Julho,36.0
2023,Zambézia,Milange,Agosto,35.0
2023,Zambézia,Milange,Setembro,34.0
2023,Zambézia,Milange,Outubro,23.0
2023,Zambézia,Milange,Novembro,25.0
2023,Zambézia,Milange,Dezembro,24.0
2023,Zambézia,Gilé,Novembro,9.0
2023,Zambézia,Inhassunge,Maio,1.0
2023,Zambézia,Gilé,Outubro,18.0
2023,Zambézia,Gilé,Agosto,31.0
2023,Zambézia,Inhassunge,Julho,1.0
2023,Zambézia,Inhassunge,Agosto,1.0
2023,Zambézia,Inhassunge,Setembro,1.0
2023,Zambézia,Inhassunge,Outubro,1.0
2023,Zambézia,Inhassunge,Novembro,0.0
2023,Zambézia,Inhassunge,Dezembro,1.0
2023,Zambézia,Lugela,Janeiro,13.0
2023,Zambézia,Lugela,Fevereiro,11.0
2023,Zambézia,Lugela,Março,11.0
2023,Zambézia,Lugela,Abril,12.0
2023,Zambézia,Lugela,Maio,12.0
2023,Zambézia,Lugela,Junho,12.0
2023,Zambézia,Lugela,Julho,12.0
2023,Zambézia,Lugela,Agosto,12.0
2023,Zambézia,Lugela,Setembro,13.0
2023,Zambézia,Lugela,Outubro,5.0
2023,Zambézia,Lugela,Novembro,2.0
2023,Zambézia,Lugela,Dezembro,4.0
2023,Zambézia,Gilé,Janeiro,36.0
2023,Zambézia,Gilé,Fevereiro,37.0
2023,Zambézia,Gilé,Março,36.0
2023,Zambézia,Gilé,Abril,36.0
2023,Zambézia,Gilé,Maio,37.0
2023,Zambézia,Gilé,Junho,33.0
2023,Zambézia,Gilé,Julho,32.0
2023,Zambézia,Gilé,Setembro,32.0
2023,Zambézia,Mulevala,Outubro,0.0
2023,Zambézia,Mulevala,Novembro,0.0
2023,Zambézia,Mulevala,Dezembro,0.0
2023,Nampula,Mogovolas,Março,11.0
2023,Nampula,Mogovolas,Abril,8.0
2023,Nampula,Mogovolas,Maio,8.0
2023,Nampula,Mogovolas,Junho,11.0
2023,Nampula,Mogovolas,Julho,11.0
2023,Nampula,Mogovolas,Agosto,11.0
2023,Nampula,Mogovolas,Setembro,12.0
2023,Nampula,Mogovolas,Outubro,7.0
2023,Nampula,Mogovolas,Novembro,6.0
2023,Nampula,Mogovolas,Dezembro,5.0
2023,Nampula,Moma,Janeiro,26.0
2023,Nampula,Moma,Fevereiro,26.0
2023,Nampula,Moma,Março,23.0
2023,Nampula,Moma,Abril,28.0
2023,Nampula,Moma,Maio,28.0
2023,Nampula,Moma,Junho,25.0
2023,Nampula,Moma,Julho,26.0
2023,Nampula,Moma,Agosto,25.0
2023,Nampula,Moma,Setembro,25.0
2023,Nampula,Moma,Outubro,14.0
2023,Nampula,Moma,Novembro,12.0
2023,Nampula,Moma,Dezembro,13.0
2023,Nampula,Monapo,Janeiro,22.0
2023,Nampula,Monapo,Fevereiro,23.0
2023,Nampula,Monapo,Março,20.0
2023,Nampula,Mogovolas,Fevereiro,11.0
2023,Nampula,Monapo,Abril,21.0
2023,Nampula,Mogovolas,Janeiro,12.0
2023,Nampula,Mogincual,Novembro,5.0
2023,Nampula,Mecuburi,Outubro,3.0
2023,Nampula,Mecuburi,Novembro,2.0
2023,Nampula,Mecuburi,Dezembro,3.0
2023,Nampula,Memba,Janeiro,11.0
2023,Nampula,Memba,Fevereiro,10.0
2023,Nampula,Memba,Março,8.0
2023,Nampula,Memba,Abril,8.0
2023,Nampula,Memba,Maio,8.0
2023,Nampula,Memba,Junho,4.0
2023,Nampula,Memba,Julho,4.0
2023,Nampula,Memba,Agosto,4.0
2023,Nampula,Memba,Setembro,3.0
2023,Nampula,Memba,Outubro,1.0
2023,Nampula,Memba,Novembro,4.0
2023,Nampula,Memba,Dezembro,3.0
2023,Nampula,Mogincual,Janeiro,14.0
2023,Nampula,Mogincual,Fevereiro,14.0
2023,Nampula,Mogincual,Março,13.0
2023,Nampula,Mogincual,Abril,13.0
2023,Nampula,Mogincual,Maio,13.0
2023,Nampula,Mogincual,Junho,11.0
2023,Nampula,Mogincual,Julho,13.0
2023,Nampula,Mogincual,Agosto,10.0
2023,Nampula,Mogincual,Setembro,10.0
2023,Nampula,Mogincual,Outubro,5.0
2023,Nampula,Mogincual,Dezembro,5.0
2023,Nampula,Mecuburi,Setembro,12.0
2023,Nampula,Monapo,Maio,20.0
2023,Nampula,Monapo,Julho,21.0
2023,Nampula,Murrupula,Janeiro,14.0
2023,Nampula,Murrupula,Fevereiro,15.0
2023,Nampula,Murrupula,Março,15.0
2023,Nampula,Murrupula,Abril,15.0
2023,Nampula,Murrupula,Maio,14.0
2023,Nampula,Murrupula,Junho,14.0
2023,Nampula,Murrupula,Julho,14.0
2023,Nampula,Murrupula,Agosto,14.0
2023,Nampula,Murrupula,Setembro,14.0
2023,Nampula,Murrupula,Outubro,5.0
2023,Nampula,Murrupula,Novembro,5.0
2023,Nampula,Murrupula,Dezembro,5.0
2023,Nampula,Nacala-Velha,Janeiro,47.0
2023,Nampula,Nacala-Velha,Fevereiro,49.0
2023,Nampula,Nacala-Velha,Março,47.0
2023,Nampula,Nacala-Velha,Abril,50.0
2023,Nampula,Nacala-Velha,Maio,50.0
2023,Nampula,Nacala-Velha,Junho,44.0
2023,Nampula,Nacala-Velha,Julho,47.0
2023,Nampula,Nacala-Velha,Agosto,43.0
2023,Nampula,Nacala-Velha,Setembro,39.0
2023,Nampula,Nacala-Velha,Outubro,28.0
2023,Nampula,Nacala-Velha,Dezembro,26.0
2023,Nampula,Nacaroa,Janeiro,13.0
2023,Nampula,Nacaroa,Fevereiro,13.0
2023,Nampula,Muecate,Dezembro,2.0
2023,Nampula,Monapo,Junho,19.0
2023,Nampula,Muecate,Novembro,2.0
2023,Nampula,Muecate,Setembro,5.0
2023,Nampula,Monapo,Agosto,17.0
2023,Nampula,Monapo,Setembro,16.0
2023,Nampula,Monapo,Outubro,12.0
2023,Nampula,Monapo,Novembro,14.0
2023,Nampula,Monapo,Dezembro,12.0
2023,Nampula,Mossuril,Janeiro,25.0
2023,Nampula,Mossuril,Fevereiro,26.0
2023,Nampula,Mossuril,Março,27.0
2023,Nampula,Mossuril,Abril,25.0
2023,Nampula,Mossuril,Maio,25.0
2023,Nampula,Mossuril,Junho,25.0
2023,Nampula,Mossuril,Julho,26.0
2023,Nampula,Mossuril,Agosto,23.0
2023,Nampula,Mossuril,Setembro,21.0
2023,Nampula,Mossuril,Outubro,21.0
2023,Nampula,Mossuril,Novembro,20.0
2023,Nampula,Mossuril,Dezembro,18.0
2023,Nampula,Muecate,Janeiro,3.0
2023,Nampula,Muecate,Fevereiro,3.0
2023,Nampula,Muecate,Março,5.0
2023,Nampula,Muecate,Abril,5.0
2023,Nampula,Muecate,Maio,6.0
2023,Nampula,Muecate,Junho,5.0
2023,Nampula,Muecate,Julho,6.0
2023,Nampula,Muecate,Agosto,5.0
2023,Nampula,Muecate,Outubro,2.0
2023,Nampula,Mecuburi,Agosto,11.0
2023,Nampula,Mecuburi,Julho,10.0
2023,Nampula,Mecuburi,Junho,10.0
2023,Nampula,Cidade de Nampula,Junho,2118.0
2023,Nampula,Cidade de Nampula,Julho,2090.0
2023,Nampula,Cidade de Nampula,Agosto,2039.0
2023,Nampula,Cidade de Nampula,Setembro,2099.0
2023,Nampula,Cidade de Nampula,Outubro,2217.0
2023,Nampula,Cidade de Nampula,Novembro,2064.0
2023,Nampula,Cidade de Nampula,Dezembro,2213.0
2023,Nampula,Cidade de Nacala-Porto,Janeiro,539.0
2023,Nampula,Cidade de Nacala-Porto,Fevereiro,545.0
2023,Nampula,Cidade de Nacala-Porto,Março,531.0
2023,Nampula,Cidade de Nacala-Porto,Abril,534.0
2023,Nampula,Cidade de Nacala-Porto,Maio,528.0
2023,Nampula,Cidade de Nacala-Porto,Junho,492.0
2023,Nampula,Cidade de Nacala-Porto,Julho,501.0
2023,Nampula,Cidade de Nacala-Porto,Agosto,469.0
2023,Nampula,Cidade de Nacala-Porto,Setembro,443.0
2023,Nampula,Cidade de Nacala-Porto,Outubro,449.0
2023,Nampula,Cidade de Nacala-Porto,Novembro,474.0
2023,Nampula,Cidade de Nacala-Porto,Dezembro,481.0
2023,Nampula,Angoche,Janeiro,58.0
2023,Nampula,Angoche,Fevereiro,60.0
2023,Nampula,Angoche,Março,58.0
2023,Nampula,Angoche,Abril,60.0
2023,Nampula,Angoche,Maio,62.0
2023,Nampula,Angoche,Junho,63.0
2023,Nampula,Cidade de Nampula,Maio,2196.0
2023,Nampula,Angoche,Julho,64.0
2023,Nampula,Cidade de Nampula,Abril,2184.0
2023,Nampula,Cidade de Nampula,Fevereiro,2226.0
2023,Zambézia,Luabo,Janeiro,0.0
2023,Zambézia,Luabo,Fevereiro,0.0
2023,Zambézia,Luabo,Março,0.0
2023,Zambézia,Luabo,Abril,0.0
2023,Zambézia,Luabo,Maio,0.0
2023,Zambézia,Luabo,Junho,0.0
2023,Zambézia,Luabo,Julho,0.0
2023,Zambézia,Luabo,Agosto,0.0
2023,Zambézia,Luabo,Setembro,0.0
2023,Zambézia,Luabo,Outubro,0.0
2023,Zambézia,Luabo,Novembro,0.0
2023,Zambézia,Luabo,Dezembro,0.0
2023,Zambézia,Derre,Janeiro,0.0
2023,Zambézia,Derre,Fevereiro,0.0
2023,Zambézia,Derre,Março,0.0
2023,Zambézia,Derre,Abril,0.0
2023,Zambézia,Derre,Maio,0.0
2023,Zambézia,Derre,Junho,0.0
2023,Zambézia,Derre,Julho,0.0
2023,Zambézia,Derre,Agosto,0.0
2023,Zambézia,Derre,Setembro,0.0
2023,Zambézia,Derre,Outubro,0.0
2023,Zambézia,Derre,Novembro,0.0
2023,Zambézia,Derre,Dezembro,0.0
2023,Nampula,Cidade de Nampula,Janeiro,2200.0
2023,Nampula,Cidade de Nampula,Março,2193.0
2023,Nampula,Angoche,Agosto,62.0
2023,Nampula,Angoche,Setembro,62.0
2023,Nampula,Angoche,Outubro,20.0
2023,Nampula,Malema,Maio,24.0
2023,Nampula,Malema,Junho,23.0
2023,Nampula,Malema,Julho,24.0
2023,Nampula,Malema,Agosto,20.0
2023,Nampula,Malema,Setembro,18.0
2023,Nampula,Malema,Outubro,10.0
2023,Nampula,Malema,Novembro,7.0
2023,Nampula,Malema,Dezembro,8.0
2023,Nampula,Meconta (Namialo),Janeiro,28.0
2023,Nampula,Meconta (Namialo),Fevereiro,32.0
2023,Nampula,Meconta (Namialo),Março,28.0
2023,Nampula,Meconta (Namialo),Abril,28.0
2023,Nampula,Meconta (Namialo),Maio,28.0
2023,Nampula,Meconta (Namialo),Junho,25.0
2023,Nampula,Meconta (Namialo),Julho,25.0
2023,Nampula,Meconta (Namialo),Agosto,25.0
2023,Nampula,Meconta (Namialo),Setembro,25.0
2023,Nampula,Meconta (Namialo),Outubro,15.0
2023,Nampula,Meconta (Namialo),Novembro,15.0
2023,Nampula,Meconta (Namialo),Dezembro,13.0
2023,Nampula,Mecuburi,Janeiro,8.0
2023,Nampula,Mecuburi,Fevereiro,8.0
2023,Nampula,Mecuburi,Março,7.0
2023,Nampula,Mecuburi,Abril,9.0
2023,Nampula,Mecuburi,Maio,10.0
2023,Nampula,Malema,Abril,23.0
2023,Nampula,Malema,Março,24.0
2023,Nampula,Malema,Fevereiro,24.0
2023,Nampula,Malema,Janeiro,22.0
2023,Nampula,Angoche,Novembro,19.0
2023,Nampula,Angoche,Dezembro,15.0
2023,Nampula,Ilha de Moçambique,Janeiro,41.0
2023,Nampula,Ilha de Moçambique,Fevereiro,44.0
2023,Nampula,Ilha de Moçambique,Março,42.0
2023,Nampula,Ilha de Moçambique,Abril,42.0
2023,Nampula,Ilha de Moçambique,Maio,41.0
2023,Nampula,Ilha de Moçambique,Junho,39.0
2023,Nampula,Ilha de Moçambique,Julho,42.0
2023,Nampula,Ilha de Moçambique,Agosto,38.0
2023,Nampula,Ilha de Moçambique,Setembro,38.0
2023,Nampula,Ilha de Moçambique,Outubro,35.0
2023,Nampula,Nacaroa,Abril,13.0
2023,Nampula,Ilha de Moçambique,Novembro,34.0
2023,Nampula,Lalaua,Janeiro,4.0
2023,Nampula,Lalaua,Fevereiro,5.0
2023,Nampula,Lalaua,Março,5.0
2023,Nampula,Lalaua,Abril,5.0
2023,Nampula,Lalaua,Maio,5.0
2023,Nampula,Lalaua,Junho,5.0
2023,Nampula,Lalaua,Julho,5.0
2023,Nampula,Lalaua,Agosto,5.0
2023,Nampula,Lalaua,Setembro,5.0
2023,Nampula,Lalaua,Outubro,2.0
2023,Nampula,Lalaua,Novembro,0.0
2023,Nampula,Lalaua,Dezembro,0.0
2023,Nampula,Ilha de Moçambique,Dezembro,32.0
2023,Província de Maputo,Cidade de Maputo,Janeiro,15533.0
2023,Niassa,Chimbunhila,Dezembro,0.0
2023,Niassa,Chimbunhila,Novembro,1.0
2024,Província de Maputo,Marracuene,Novembro,703.0
2024,Nampula,Lalaua,Abril,0.0
2024,Sofala,Buzi,Junho,9.0
2024,Nampula,Lalaua,Junho,0.0
2024,Nampula,Malema,Março,9.0
2024,Nampula,Malema,Fevereiro,9.0
2024,Nampula,Malema,Janeiro,8.0
2024,Nampula,Lalaua,Dezembro,0.0
2024,Nampula,Lalaua,Novembro,0.0
2024,Nampula,Lalaua,Outubro,0.0
2024,Nampula,Lalaua,Setembro,0.0
2024,Nampula,Lalaua,Agosto,0.0
2024,Nampula,Lalaua,Julho,0.0
2024,Nampula,Lalaua,Maio,0.0
2024,Nampula,Ilha de Moçambique,Abril,39.0
2024,Nampula,Lalaua,Março,0.0
2024,Nampula,Lalaua,Fevereiro,0.0
2024,Nampula,Lalaua,Janeiro,0.0
2024,Nampula,Ilha de Moçambique,Dezembro,35.0
2024,Nampula,Ilha de Moçambique,Novembro,36.0
2024,Nampula,Ilha de Moçambique,Outubro,36.0
2024,Nampula,Ilha de Moçambique,Setembro,36.0
2024,Nampula,Ilha de Moçambique,Agosto,37.0
2024,Nampula,Ilha de Moçambique,Julho,37.0
2024,Nampula,Ilha de Moçambique,Junho,39.0
2024,Nampula,Ilha de Moçambique,Março,38.0
2024,Nampula,Ilha de Moçambique,Maio,30.0
2024,Nampula,Malema,Maio,7.0
2024,Nampula,Malema,Agosto,8.0
2024,Nampula,Mecuburi,Agosto,3.0
2024,Zambézia,Luabo,Junho,0.0
2024,Nampula,Mecuburi,Julho,3.0
2024,Nampula,Mecuburi,Junho,2.0
2024,Nampula,Mecuburi,Maio,2.0
2024,Nampula,Mecuburi,Abril,2.0
2024,Nampula,Mecuburi,Março,2.0
2024,Nampula,Mecuburi,Fevereiro,2.0
2024,Nampula,Mecuburi,Janeiro,2.0
2024,Nampula,Meconta (Namialo),Dezembro,23.0
2024,Nampula,Meconta (Namialo),Novembro,23.0
2024,Nampula,Meconta (Namialo),Outubro,23.0
2024,Nampula,Meconta (Namialo),Setembro,21.0
2024,Nampula,Meconta (Namialo),Agosto,21.0
2024,Nampula,Meconta (Namialo),Julho,18.0
2024,Nampula,Meconta (Namialo),Junho,17.0
2024,Nampula,Meconta (Namialo),Maio,15.0
2024,Nampula,Meconta (Namialo),Abril,16.0
2024,Nampula,Meconta (Namialo),Março,16.0
2024,Nampula,Meconta (Namialo),Fevereiro,16.0
2024,Nampula,Meconta (Namialo),Janeiro,16.0
2024,Nampula,Malema,Dezembro,8.0
2024,Nampula,Malema,Novembro,8.0
2024,Nampula,Malema,Outubro,9.0
2024,Nampula,Malema,Setembro,8.0
2024,Nampula,Malema,Julho,6.0
2024,Nampula,Nacaroa,Maio,3.0
2024,Nampula,Malema,Abril,9.0
2024,Nampula,Cidade de Nampula,Novembro,2109.0
2024,Nampula,Ilha de Moçambique,Janeiro,38.0
2024,Nampula,Cidade de Nampula,Julho,1992.0
2024,Nampula,Cidade de Nampula,Junho,2066.0
2024,Nampula,Cidade de Nampula,Maio,1946.0
2024,Nampula,Cidade de Nampula,Abril,2058.0
2024,Nampula,Cidade de Nampula,Março,2072.0
2024,Nampula,Cidade de Nampula,Fevereiro,2058.0
2024,Nampula,Cidade de Nampula,Janeiro,2116.0
2024,Zambézia,Derre,Dezembro,0.0
2024,Zambézia,Derre,Novembro,0.0
2024,Zambézia,Derre,Outubro,0.0
2024,Zambézia,Derre,Setembro,0.0
2024,Zambézia,Derre,Agosto,0.0
2024,Zambézia,Derre,Julho,0.0
2024,Zambézia,Derre,Junho,0.0
2024,Zambézia,Derre,Maio,0.0
2024,Zambézia,Derre,Abril,0.0
2024,Zambézia,Derre,Março,0.0
2024,Zambézia,Derre,Fevereiro,0.0
2024,Zambézia,Derre,Janeiro,0.0
2024,Zambézia,Luabo,Dezembro,0.0
2024,Zambézia,Luabo,Novembro,0.0
2024,Zambézia,Luabo,Outubro,0.0
2024,Zambézia,Luabo,Setembro,0.0
2024,Zambézia,Luabo,Agosto,0.0
2024,Nampula,Ilha de Moçambique,Fevereiro,39.0
2024,Nampula,Malema,Junho,7.0
2024,Nampula,Cidade de Nampula,Outubro,2078.0
2024,Nampula,Cidade de Nacala-Porto,Janeiro,486.0
2024,Nampula,Cidade de Nampula,Setembro,2080.0
2024,Nampula,Cidade de Nampula,Agosto,2063.0
2024,Nampula,Angoche,Dezembro,24.0
2024,Nampula,Angoche,Novembro,22.0
2024,Nampula,Angoche,Outubro,22.0
2024,Nampula,Angoche,Setembro,22.0
2024,Nampula,Angoche,Agosto,25.0
2024,Nampula,Angoche,Julho,20.0
2024,Nampula,Angoche,Junho,21.0
2024,Nampula,Angoche,Maio,20.0
2024,Nampula,Angoche,Abril,20.0
2024,Nampula,Angoche,Março,22.0
2024,Nampula,Angoche,Fevereiro,22.0
2024,Nampula,Angoche,Janeiro,19.0
2024,Nampula,Cidade de Nacala-Porto,Dezembro,531.0
2024,Nampula,Cidade de Nacala-Porto,Novembro,524.0
2024,Nampula,Cidade de Nacala-Porto,Outubro,521.0
2024,Nampula,Cidade de Nacala-Porto,Setembro,534.0
2024,Nampula,Cidade de Nacala-Porto,Agosto,544.0
2024,Nampula,Cidade de Nacala-Porto,Julho,521.0
2024,Nampula,Cidade de Nacala-Porto,Junho,521.0
2024,Nampula,Cidade de Nacala-Porto,Maio,499.0
2024,Nampula,Cidade de Nacala-Porto,Abril,507.0
2024,Nampula,Cidade de Nacala-Porto,Março,515.0
2024,Nampula,Cidade de Nacala-Porto,Fevereiro,508.0
2024,Nampula,Cidade de Nampula,Dezembro,2105.0
2024,Nampula,Mecuburi,Outubro,3.0
2024,Nampula,Mecuburi,Dezembro,3.0
2024,Nampula,Memba,Janeiro,4.0
2024,Nampula,Murrupula,Janeiro,6.0
2024,Nampula,Muecate,Dezembro,1.0
2024,Nampula,Muecate,Novembro,1.0
2024,Nampula,Muecate,Outubro,1.0
2024,Nampula,Muecate,Setembro,1.0
2024,Nampula,Muecate,Agosto,1.0
2024,Nampula,Muecate,Julho,1.0
2024,Nampula,Muecate,Junho,1.0
2024,Nampula,Muecate,Maio,1.0
2024,Nampula,Muecate,Abril,2.0
2024,Nampula,Muecate,Março,2.0
2024,Nampula,Muecate,Fevereiro,2.0
2024,Nampula,Muecate,Janeiro,2.0
2024,Nampula,Mossuril,Dezembro,16.0
2024,Nampula,Mossuril,Novembro,16.0
2024,Nampula,Mossuril,Outubro,17.0
2024,Nampula,Mossuril,Setembro,15.0
2024,Nampula,Mossuril,Agosto,17.0
2024,Nampula,Mossuril,Julho,15.0
2024,Nampula,Mossuril,Junho,19.0
2024,Nampula,Mossuril,Maio,15.0
2024,Nampula,Mossuril,Abril,20.0
2024,Nampula,Mossuril,Março,20.0
2024,Nampula,Mossuril,Fevereiro,20.0
2024,Nampula,Mossuril,Janeiro,22.0
2024,Nampula,Mecuburi,Novembro,3.0
2024,Nampula,Monapo,Dezembro,22.0
2024,Nampula,Monapo,Novembro,16.0
2024,Nampula,Murrupula,Maio,7.0
2024,Nampula,Murrupula,Fevereiro,7.0
2024,Zambézia,Luabo,Maio,0.0
2024,Nampula,Nacaroa,Abril,4.0
2024,Nampula,Nacaroa,Março,4.0
2024,Nampula,Nacaroa,Fevereiro,4.0
2024,Nampula,Nacaroa,Janeiro,4.0
2024,Nampula,Nacala-Velha,Dezembro,12.0
2024,Nampula,Nacala-Velha,Novembro,12.0
2024,Nampula,Nacala-Velha,Outubro,12.0
2024,Nampula,Nacala-Velha,Setembro,13.0
2024,Nampula,Nacala-Velha,Agosto,12.0
2024,Nampula,Nacala-Velha,Julho,12.0
2024,Nampula,Nacala-Velha,Junho,15.0
2024,Nampula,Nacala-Velha,Maio,14.0
2024,Nampula,Nacala-Velha,Abril,12.0
2024,Nampula,Nacala-Velha,Março,13.0
2024,Nampula,Nacala-Velha,Fevereiro,12.0
2024,Nampula,Nacala-Velha,Janeiro,28.0
2024,Nampula,Murrupula,Dezembro,9.0
2024,Nampula,Murrupula,Novembro,10.0
2024,Nampula,Murrupula,Outubro,7.0
2024,Nampula,Murrupula,Setembro,6.0
2024,Nampula,Murrupula,Agosto,7.0
2024,Nampula,Murrupula,Julho,7.0
2024,Nampula,Murrupula,Junho,7.0
2024,Nampula,Murrupula,Abril,7.0
2024,Zambézia,Luabo,Julho,0.0
2024,Nampula,Murrupula,Março,7.0
2024,Nampula,Monapo,Julho,16.0
2024,Nampula,Mogovolas,Fevereiro,6.0
2024,Nampula,Mogovolas,Janeiro,6.0
2024,Nampula,Mogincual,Dezembro,5.0
2024,Nampula,Mogincual,Novembro,5.0
2024,Nampula,Mogincual,Outubro,4.0
2024,Nampula,Mogincual,Setembro,4.0
2024,Nampula,Mogincual,Agosto,4.0
2024,Nampula,Mogincual,Julho,4.0
2024,Nampula,Mogincual,Junho,4.0
2024,Nampula,Mogincual,Maio,3.0
2024,Nampula,Mogincual,Abril,4.0
2024,Nampula,Mogincual,Março,4.0
2024,Nampula,Mogincual,Fevereiro,4.0
2024,Nampula,Mogincual,Janeiro,5.0
2024,Nampula,Memba,Dezembro,1.0
2024,Nampula,Memba,Novembro,2.0
2024,Nampula,Memba,Outubro,2.0
2024,Nampula,Memba,Setembro,2.0
2024,Nampula,Memba,Agosto,2.0
2024,Nampula,Memba,Julho,3.0
2024,Nampula,Memba,Junho,3.0
2024,Nampula,Memba,Maio,3.0
2024,Nampula,Memba,Abril,4.0
2024,Nampula,Memba,Março,4.0
2024,Nampula,Memba,Fevereiro,4.0
2024,Nampula,Monapo,Agosto,15.0
2024,Nampula,Monapo,Outubro,16.0
2024,Nampula,Monapo,Setembro,15.0
2024,Nampula,Mogovolas,Abril,6.0
2024,Nampula,Mogovolas,Março,6.0
2024,Nampula,Monapo,Junho,16.0
2024,Nampula,Monapo,Maio,14.0
2024,Nampula,Monapo,Abril,17.0
2024,Nampula,Monapo,Março,17.0
2024,Nampula,Monapo,Fevereiro,16.0
2024,Nampula,Monapo,Janeiro,15.0
2024,Nampula,Moma,Dezembro,19.0
2024,Nampula,Moma,Novembro,15.0
2024,Nampula,Moma,Outubro,15.0
2024,Nampula,Moma,Setembro,14.0
2024,Nampula,Moma,Agosto,13.0
2024,Nampula,Moma,Julho,10.0
2024,Nampula,Moma,Maio,11.0
2024,Nampula,Moma,Abril,13.0
2024,Nampula,Moma,Março,14.0
2024,Nampula,Moma,Fevereiro,14.0
2024,Nampula,Moma,Janeiro,14.0
2024,Nampula,Mogovolas,Dezembro,7.0
2024,Nampula,Mogovolas,Novembro,7.0
2024,Nampula,Mogovolas,Outubro,7.0
2024,Nampula,Mogovolas,Setembro,7.0
2024,Nampula,Mogovolas,Agosto,6.0
2024,Nampula,Mogovolas,Julho,5.0
2024,Nampula,Mogovolas,Junho,6.0
2024,Nampula,Mogovolas,Maio,6.0
2024,Nampula,Mecuburi,Setembro,3.0
2024,Zambézia,Luabo,Abril,0.0
2024,Zambézia,Alto Molócuè,Fevereiro,33.0
2024,Zambézia,Mocuba,Julho,151.0
2024,Zambézia,Maganja da Costa,Março,6.0
2024,Zambézia,Gilé,Novembro,19.0
2024,Zambézia,Gilé,Outubro,17.0
2024,Zambézia,Gilé,Setembro,18.0
2024,Zambézia,Gilé,Agosto,18.0
2024,Zambézia,Gilé,Julho,15.0
2024,Zambézia,Gilé,Junho,16.0
2024,Zambézia,Gilé,Maio,13.0
2024,Zambézia,Gilé,Abril,12.0
2024,Zambézia,Gilé,Março,11.0
2024,Zambézia,Maganja da Costa,Abril,8.0
2024,Zambézia,Gilé,Fevereiro,11.0
2024,Zambézia,Gilé,Janeiro,11.0
2024,Zambézia,Lugela,Novembro,1.0
2024,Zambézia,Lugela,Outubro,1.0
2024,Zambézia,Lugela,Setembro,1.0
2024,Zambézia,Lugela,Agosto,2.0
2024,Zambézia,Lugela,Julho,2.0
2024,Zambézia,Lugela,Junho,2.0
2024,Zambézia,Lugela,Maio,2.0
2024,Zambézia,Lugela,Abril,2.0
2024,Zambézia,Lugela,Março,2.0
2024,Zambézia,Lugela,Fevereiro,2.0
2024,Zambézia,Maganja da Costa,Janeiro,5.0
2024,Zambézia,Mocuba,Abril,149.0
2024,Zambézia,Inhassunge,Novembro,2.0
2024,Zambézia,Inhassunge,Dezembro,2.0
2024,Zambézia,Mocuba,Agosto,162.0
2024,Zambézia,Mocuba,Maio,148.0
2024,Zambézia,Mocuba,Março,152.0
2024,Zambézia,Mocuba,Fevereiro,152.0
2024,Zambézia,Mocuba,Janeiro,156.0
2024,Zambézia,Milange,Dezembro,31.0
2024,Zambézia,Milange,Novembro,31.0
2024,Zambézia,Milange,Outubro,29.0
2024,Zambézia,Milange,Setembro,28.0
2024,Zambézia,Milange,Agosto,27.0
2024,Zambézia,Milange,Julho,23.0
2024,Zambézia,Milange,Junho,26.0
2024,Zambézia,Milange,Maio,23.0
2024,Zambézia,Milange,Abril,25.0
2024,Zambézia,Milange,Março,24.0
2024,Zambézia,Milange,Fevereiro,25.0
2024,Zambézia,Milange,Janeiro,25.0
2024,Zambézia,Maganja da Costa,Dezembro,12.0
2024,Zambézia,Maganja da Costa,Novembro,13.0
2024,Zambézia,Maganja da Costa,Outubro,13.0
2024,Zambézia,Maganja da Costa,Setembro,13.0
2024,Zambézia,Maganja da Costa,Agosto,12.0
2024,Zambézia,Maganja da Costa,Julho,11.0
2024,Zambézia,Maganja da Costa,Junho,8.0
2024,Zambézia,Maganja da Costa,Maio,8.0
2024,Zambézia,Lugela,Janeiro,2.0
2024,Zambézia,Lugela,Dezembro,1.0
2024,Zambézia,Maganja da Costa,Fevereiro,6.0
2024,Zambézia,Inhassunge,Outubro,2.0
2024,Zambézia,Gurúè,Maio,32.0
2024,Zambézia,Chinde,Fevereiro,9.0
2024,Zambézia,Gurúè,Janeiro,32.0
2024,Zambézia,Chinde,Dezembro,7.0
2024,Zambézia,Chinde,Novembro,7.0
2024,Zambézia,Chinde,Outubro,7.0
2024,Zambézia,Chinde,Setembro,7.0
2024,Zambézia,Chinde,Agosto,7.0
2024,Zambézia,Chinde,Julho,7.0
2024,Zambézia,Chinde,Junho,7.0
2024,Zambézia,Chinde,Maio,6.0
2024,Zambézia,Chinde,Abril,6.0
2024,Zambézia,Chinde,Março,9.0
2024,Zambézia,Chinde,Janeiro,10.0
2024,Zambézia,Mocuba,Junho,154.0
2024,Zambézia,Alto Molócuè,Dezembro,30.0
2024,Zambézia,Alto Molócuè,Novembro,31.0
2024,Zambézia,Alto Molócuè,Outubro,29.0
2024,Zambézia,Alto Molócuè,Setembro,31.0
2024,Zambézia,Alto Molócuè,Agosto,33.0
2024,Zambézia,Alto Molócuè,Julho,24.0
2024,Zambézia,Alto Molócuè,Junho,29.0
2024,Zambézia,Alto Molócuè,Maio,29.0
2024,Zambézia,Alto Molócuè,Abril,33.0
2024,Zambézia,Alto Molócuè,Março,32.0
2024,Zambézia,Gurúè,Julho,36.0
2024,Zambézia,Mocuba,Setembro,164.0
2024,Zambézia,Inhassunge,Agosto,2.0
2024,Zambézia,Gurúè,Agosto,41.0
2024,Zambézia,Inhassunge,Setembro,2.0
2024,Zambézia,Gurúè,Março,32.0
2024,Zambézia,Gurúè,Fevereiro,31.0
2024,Zambézia,Inhassunge,Julho,2.0
2024,Zambézia,Inhassunge,Junho,2.0
2024,Zambézia,Inhassunge,Maio,2.0
2024,Zambézia,Inhassunge,Abril,2.0
2024,Zambézia,Inhassunge,Março,1.0
2024,Zambézia,Inhassunge,Fevereiro,1.0
2024,Zambézia,Inhassunge,Janeiro,0.0
2024,Zambézia,Ile,Dezembro,8.0
2024,Zambézia,Ile,Novembro,9.0
2024,Zambézia,Ile,Outubro,8.0
2024,Zambézia,Ile,Setembro,10.0
2024,Zambézia,Ile,Agosto,8.0
2024,Zambézia,Ile,Julho,8.0
2024,Zambézia,Ile,Junho,8.0
2024,Zambézia,Ile,Maio,8.0
2024,Zambézia,Ile,Abril,7.0
2024,Zambézia,Ile,Março,9.0
2024,Zambézia,Ile,Fevereiro,9.0
2024,Zambézia,Ile,Janeiro,10.0
2024,Zambézia,Gurúè,Dezembro,42.0
2024,Zambézia,Gurúè,Novembro,42.0
2024,Zambézia,Gurúè,Outubro,42.0
2024,Zambézia,Gurúè,Junho,37.0
2024,Zambézia,Molumbo,Agosto,0.0
2024,Zambézia,Morrumbala,Novembro,12.0
2024,Zambézia,Mocuba,Outubro,167.0
2024,Zambézia,Nicoadala,Junho,24.0
2024,Zambézia,Nicoadala,Julho,24.0
2024,Zambézia,Molumbo,Julho,0.0
2024,Zambézia,Molumbo,Junho,0.0
2024,Zambézia,Molumbo,Maio,0.0
2024,Zambézia,Molumbo,Abril,0.0
2024,Zambézia,Molumbo,Março,0.0
2024,Zambézia,Molumbo,Fevereiro,0.0
2024,Zambézia,Molumbo,Janeiro,0.0
2024,Zambézia,Pebane,Dezembro,28.0
2024,Zambézia,Pebane,Novembro,27.0
2024,Zambézia,Pebane,Outubro,27.0
2024,Zambézia,Pebane,Setembro,27.0
2024,Zambézia,Pebane,Agosto,27.0
2024,Zambézia,Pebane,Julho,23.0
2024,Zambézia,Pebane,Junho,21.0
2024,Zambézia,Pebane,Maio,21.0
2024,Zambézia,Pebane,Abril,20.0
2024,Zambézia,Pebane,Março,17.0
2024,Zambézia,Pebane,Fevereiro,18.0
2024,Zambézia,Pebane,Janeiro,19.0
2024,Zambézia,Nicoadala,Dezembro,31.0
2024,Zambézia,Nicoadala,Novembro,31.0
2024,Zambézia,Nicoadala,Outubro,29.0
2024,Zambézia,Nicoadala,Setembro,29.0
2024,Zambézia,Molumbo,Outubro,0.0
2024,Zambézia,Nicoadala,Agosto,24.0
2024,Zambézia,Luabo,Janeiro,0.0
2024,Zambézia,Mocubela,Janeiro,0.0
2024,Zambézia,Luabo,Fevereiro,0.0
2024,Zambézia,Molumbo,Dezembro,0.0
2024,Zambézia,Mulevala,Dezembro,0.0
2024,Zambézia,Mulevala,Novembro,0.0
2024,Zambézia,Mulevala,Outubro,0.0
2024,Zambézia,Mulevala,Setembro,0.0
2024,Zambézia,Mulevala,Agosto,0.0
2024,Zambézia,Mulevala,Julho,0.0
2024,Zambézia,Mulevala,Junho,0.0
2024,Zambézia,Mulevala,Maio,0.0
2024,Zambézia,Mulevala,Abril,0.0
2024,Zambézia,Mulevala,Março,0.0
2024,Zambézia,Mulevala,Fevereiro,0.0
2024,Zambézia,Mulevala,Janeiro,0.0
2024,Zambézia,Mocubela,Dezembro,0.0
2024,Zambézia,Mocubela,Novembro,0.0
2024,Zambézia,Mocubela,Outubro,0.0
2024,Zambézia,Mocubela,Setembro,0.0
2024,Zambézia,Mocubela,Agosto,0.0
2024,Zambézia,Mocubela,Julho,0.0
2024,Zambézia,Mocubela,Junho,0.0
2024,Zambézia,Mocubela,Maio,0.0
2024,Zambézia,Mocubela,Abril,0.0
2024,Zambézia,Mocubela,Março,0.0
2024,Zambézia,Mocubela,Fevereiro,1.0
2024,Zambézia,Molumbo,Novembro,0.0
2024,Niassa,Chimbunhila,Outubro,1.0
2024,Zambézia,Molumbo,Setembro,0.0
2024,Zambézia,Nicoadala,Abril,22.0
2024,Zambézia,Morrumbala,Outubro,12.0
2024,Zambézia,Nicoadala,Maio,23.0
2024,Zambézia,Morrumbala,Setembro,12.0
2024,Zambézia,Morrumbala,Agosto,12.0
2024,Zambézia,Morrumbala,Julho,12.0
2024,Zambézia,Morrumbala,Junho,12.0
2024,Zambézia,Morrumbala,Maio,11.0
2024,Zambézia,Morrumbala,Abril,11.0
2024,Zambézia,Morrumbala,Março,11.0
2024,Zambézia,Morrumbala,Fevereiro,11.0
2024,Zambézia,Morrumbala,Janeiro,11.0
2024,Zambézia,Mopeia,Dezembro,12.0
2024,Zambézia,Mopeia,Novembro,11.0
2024,Zambézia,Mopeia,Outubro,11.0
2024,Zambézia,Mopeia,Setembro,11.0
2024,Zambézia,Mopeia,Agosto,11.0
2024,Zambézia,Mopeia,Julho,11.0
2024,Zambézia,Mopeia,Junho,11.0
2024,Zambézia,Mopeia,Maio,10.0
2024,Zambézia,Mopeia,Abril,11.0
2024,Zambézia,Mopeia,Março,9.0
2024,Zambézia,Mopeia,Fevereiro,9.0
2024,Zambézia,Mopeia,Janeiro,9.0
2024,Zambézia,Mocuba,Dezembro,168.0
2024,Zambézia,Mocuba,Novembro,168.0
2024,Zambézia,Morrumbala,Dezembro,12.0
2024,Zambézia,Luabo,Março,0.0
2024,Zambézia,Nicoadala,Março,23.0
2024,Zambézia,Namacurra,Março,10.0
2024,Zambézia,Gilé,Dezembro,19.0
2024,Zambézia,Namacurra,Fevereiro,10.0
2024,Zambézia,Nicoadala,Fevereiro,23.0
2024,Zambézia,Nicoadala,Janeiro,27.0
2024,Zambézia,Namarroi,Dezembro,6.0
2024,Zambézia,Namarroi,Novembro,6.0
2024,Zambézia,Namarroi,Outubro,6.0
2024,Zambézia,Namarroi,Setembro,6.0
2024,Zambézia,Namarroi,Agosto,5.0
2024,Zambézia,Namarroi,Julho,5.0
2024,Zambézia,Namarroi,Junho,6.0
2024,Zambézia,Namarroi,Maio,6.0
2024,Zambézia,Namarroi,Abril,6.0
2024,Zambézia,Namarroi,Março,6.0
2024,Zambézia,Namarroi,Fevereiro,6.0
2024,Zambézia,Namarroi,Janeiro,6.0
2024,Zambézia,Namacurra,Dezembro,10.0
2024,Zambézia,Namacurra,Novembro,9.0
2024,Zambézia,Namacurra,Outubro,9.0
2024,Zambézia,Namacurra,Setembro,9.0
2024,Zambézia,Namacurra,Agosto,9.0
2024,Zambézia,Namacurra,Julho,9.0
2024,Zambézia,Namacurra,Junho,9.0
2024,Zambézia,Namacurra,Maio,9.0
2024,Zambézia,Namacurra,Abril,9.0
2024,Zambézia,Namacurra,Janeiro,10.0
2024,Nampula,Moma,Junho,11.0
2024,Niassa,Manjune,Setembro,2.0
2024,Nampula,Rapale-Nampula,Setembro,7.0
2024,Niassa,Manjune,Novembro,2.0
2024,Niassa,Manjune,Agosto,2.0
2024,Niassa,Manjune,Julho,2.0
2024,Cabo Delgado,Nangade,Agosto,7.0
2024,Niassa,Manjune,Junho,2.0
2024,Niassa,Manjune,Maio,3.0
2024,Niassa,Manjune,Abril,3.0
2024,Niassa,Manjune,Março,4.0
2024,Niassa,Manjune,Fevereiro,3.0
2024,Niassa,Manjune,Janeiro,3.0
2024,Niassa,Lago,Dezembro,24.0
2024,Niassa,Cuamba,Julho,88.0
2024,Niassa,Lago,Novembro,23.0
2024,Niassa,Lago,Outubro,23.0
2024,Niassa,Lago,Agosto,20.0
2024,Niassa,Lago,Julho,17.0
2024,Niassa,Lago,Junho,12.0
2024,Niassa,Lago,Maio,11.0
2024,Niassa,Lago,Abril,11.0
2024,Niassa,Lago,Março,11.0
2024,Niassa,Lago,Fevereiro,10.0
2024,Niassa,Lago,Janeiro,12.0
2024,Niassa,Cuamba,Dezembro,85.0
2024,Niassa,Cuamba,Novembro,84.0
2024,Niassa,Manjune,Outubro,2.0
2024,Niassa,Manjune,Dezembro,2.0
2024,Niassa,Maúa,Fevereiro,4.0
2024,Niassa,Cuamba,Setembro,86.0
2024,Niassa,Mandimba,Janeiro,16.0
2024,Niassa,Maúa,Janeiro,7.0
2024,Niassa,Marrupa,Dezembro,11.0
2024,Niassa,Marrupa,Novembro,11.0
2024,Niassa,Marrupa,Outubro,11.0
2024,Niassa,Marrupa,Setembro,12.0
2024,Niassa,Marrupa,Agosto,12.0
2024,Niassa,Marrupa,Julho,10.0
2024,Niassa,Marrupa,Junho,13.0
2024,Niassa,Marrupa,Maio,14.0
2024,Niassa,Marrupa,Abril,14.0
2024,Niassa,Marrupa,Março,14.0
2024,Niassa,Marrupa,Fevereiro,12.0
2024,Niassa,Marrupa,Janeiro,12.0
2024,Niassa,Mandimba,Dezembro,24.0
2024,Niassa,Mandimba,Novembro,24.0
2024,Niassa,Mandimba,Outubro,24.0
2024,Niassa,Mandimba,Setembro,24.0
2024,Niassa,Mandimba,Agosto,20.0
2024,Niassa,Mandimba,Julho,17.0
2024,Niassa,Mandimba,Junho,13.0
2024,Niassa,Mandimba,Maio,15.0
2024,Niassa,Mandimba,Abril,18.0
2024,Niassa,Mandimba,Março,16.0
2024,Niassa,Mandimba,Fevereiro,16.0
2024,Niassa,Cuamba,Outubro,85.0
2024,Niassa,Lago,Setembro,22.0
2024,Niassa,Cuamba,Agosto,91.0
2024,Cabo Delgado,Pemba-Metuge,Dezembro,7.0
2024,Cabo Delgado,Pemba-Metuge,Novembro,7.0
2024,Cabo Delgado,Quissanga,Fevereiro,0.0
2024,Cabo Delgado,Pemba-Metuge,Outubro,7.0
2024,Cabo Delgado,Pemba-Metuge,Setembro,7.0
2024,Cabo Delgado,Pemba-Metuge,Agosto,6.0
2024,Cabo Delgado,Pemba-Metuge,Julho,6.0
2024,Cabo Delgado,Pemba-Metuge,Junho,6.0
2024,Cabo Delgado,Pemba-Metuge,Maio,6.0
2024,Cabo Delgado,Pemba-Metuge,Abril,6.0
2024,Cabo Delgado,Pemba-Metuge,Março,6.0
2024,Cabo Delgado,Pemba-Metuge,Fevereiro,6.0
2024,Cabo Delgado,Pemba-Metuge,Janeiro,14.0
2024,Cabo Delgado,Palma,Dezembro,30.0
2024,Cabo Delgado,Palma,Novembro,29.0
2024,Cabo Delgado,Palma,Outubro,29.0
2024,Cabo Delgado,Palma,Setembro,32.0
2024,Cabo Delgado,Palma,Agosto,32.0
2024,Cabo Delgado,Palma,Julho,30.0
2024,Cabo Delgado,Palma,Junho,27.0
2024,Cabo Delgado,Palma,Maio,23.0
2024,Cabo Delgado,Palma,Abril,22.0
2024,Cabo Delgado,Palma,Março,22.0
2024,Cabo Delgado,Palma,Fevereiro,23.0
2024,Cabo Delgado,Palma,Janeiro,24.0
2024,Cabo Delgado,Nangade,Dezembro,7.0
2024,Cabo Delgado,Quissanga,Abril,9.0
2024,Niassa,Maúa,Junho,4.0
2024,Niassa,Cuamba,Abril,91.0
2024,Cabo Delgado,Quissanga,Março,9.0
2024,Niassa,Maúa,Maio,5.0
2024,Niassa,Cuamba,Maio,89.0
2024,Niassa,Cuamba,Março,101.0
2024,Niassa,Cuamba,Fevereiro,84.0
2024,Niassa,Cuamba,Janeiro,86.0
2024,Niassa,Cidade de Lichinga,Dezembro,388.0
2024,Niassa,Cidade de Lichinga,Novembro,379.0
2024,Niassa,Cidade de Lichinga,Outubro,364.0
2024,Niassa,Cidade de Lichinga,Setembro,366.0
2024,Niassa,Cidade de Lichinga,Agosto,360.0
2024,Niassa,Cidade de Lichinga,Julho,343.0
2024,Niassa,Cidade de Lichinga,Junho,362.0
2024,Niassa,Cidade de Lichinga,Maio,355.0
2024,Niassa,Cidade de Lichinga,Abril,362.0
2024,Niassa,Cidade de Lichinga,Março,383.0
2024,Niassa,Cidade de Lichinga,Fevereiro,360.0
2024,Niassa,Cidade de Lichinga,Janeiro,382.0
2024,Cabo Delgado,Quissanga,Dezembro,9.0
2024,Cabo Delgado,Quissanga,Novembro,9.0
2024,Cabo Delgado,Quissanga,Outubro,9.0
2024,Cabo Delgado,Quissanga,Setembro,10.0
2024,Cabo Delgado,Quissanga,Agosto,9.0
2024,Cabo Delgado,Quissanga,Julho,10.0
2024,Cabo Delgado,Quissanga,Junho,9.0
2024,Cabo Delgado,Quissanga,Maio,9.0
2024,Niassa,Maúa,Abril,4.0
2024,Niassa,Cuamba,Junho,91.0
2024,Niassa,Nipepe,Abril,3.0
2024,Niassa,Muembe,Fevereiro,5.0
2024,Niassa,Nipepe,Março,3.0
2024,Niassa,Nipepe,Fevereiro,3.0
2024,Niassa,Nipepe,Janeiro,3.0
2024,Niassa,N´gauma,Dezembro,0.0
2024,Niassa,Muembe,Janeiro,4.0
2024,Niassa,N´gauma,Novembro,0.0
2024,Niassa,N´gauma,Outubro,0.0
2024,Niassa,N´gauma,Setembro,0.0
2024,Niassa,N´gauma,Agosto,0.0
2024,Niassa,N´gauma,Julho,0.0
2024,Niassa,N´gauma,Junho,0.0
2024,Niassa,N´gauma,Maio,0.0
2024,Niassa,N´gauma,Março,0.0
2024,Niassa,Nipepe,Setembro,3.0
2024,Niassa,N´gauma,Fevereiro,0.0
2024,Niassa,N´gauma,Janeiro,0.0
2024,Niassa,Muembe,Novembro,3.0
2024,Niassa,Muembe,Outubro,3.0
2024,Niassa,Muembe,Setembro,3.0
2024,Niassa,Muembe,Agosto,3.0
2024,Niassa,Muembe,Julho,3.0
2024,Niassa,Muembe,Junho,3.0
2024,Niassa,Muembe,Maio,3.0
2024,Niassa,Nipepe,Junho,3.0
2024,Niassa,Muembe,Abril,2.0
2024,Niassa,N´gauma,Abril,0.0
2024,Niassa,Nipepe,Julho,3.0
2024,Zambézia,Alto Molócuè,Janeiro,37.0
2024,Niassa,Chimbunhila,Setembro,1.0
2024,Niassa,Chimbunhila,Junho,0.0
2024,Niassa,Chimbunhila,Maio,0.0
2024,Niassa,Sanga,Setembro,4.0
2024,Niassa,Chimbunhila,Julho,0.0
2024,Niassa,Chimbunhila,Abril,0.0
2024,Niassa,Chimbunhila,Março,0.0
2024,Niassa,Chimbunhila,Fevereiro,0.0
2024,Niassa,Chimbunhila,Janeiro,0.0
2024,Niassa,Sanga,Dezembro,4.0
2024,Niassa,Sanga,Novembro,4.0
2024,Niassa,Chimbunhila,Agosto,1.0
2024,Niassa,Sanga,Outubro,4.0
2024,Niassa,Sanga,Maio,3.0
2024,Niassa,Sanga,Agosto,4.0
2024,Niassa,Sanga,Julho,2.0
2024,Niassa,Sanga,Junho,3.0
2024,Niassa,Sanga,Abril,3.0
2024,Niassa,Sanga,Março,3.0
2024,Niassa,Sanga,Fevereiro,3.0
2024,Niassa,Sanga,Janeiro,3.0
2024,Niassa,Nipepe,Dezembro,3.0
2024,Niassa,Nipepe,Novembro,3.0
2024,Niassa,Nipepe,Outubro,3.0
2024,Niassa,Nipepe,Agosto,3.0
2024,Cabo Delgado,Nangade,Novembro,7.0
2024,Niassa,Muembe,Dezembro,3.0
2024,Cabo Delgado,Quissanga,Janeiro,0.0
2024,Niassa,Muembe,Março,4.0
2024,Niassa,Mecanhelas,Julho,15.0
2024,Niassa,Mecanhelas,Novembro,17.0
2024,Niassa,Mecanhelas,Maio,10.0
2024,Niassa,Mecanhelas,Abril,9.0
2024,Niassa,Mecanhelas,Março,9.0
2024,Niassa,Mecanhelas,Fevereiro,9.0
2024,Niassa,Mecanhelas,Janeiro,9.0
2024,Niassa,Mavago,Dezembro,0.0
2024,Niassa,Mavago,Novembro,0.0
2024,Niassa,Mavago,Outubro,0.0
2024,Niassa,Mavago,Setembro,0.0
2024,Niassa,Mavago,Agosto,0.0
2024,Niassa,Mavago,Julho,0.0
2024,Niassa,Mavago,Junho,0.0
2024,Niassa,Mavago,Maio,0.0
2024,Niassa,Mavago,Abril,0.0
2024,Niassa,Mavago,Março,0.0
2024,Niassa,Mavago,Fevereiro,0.0
2024,Niassa,Mavago,Janeiro,0.0
2024,Niassa,Maúa,Dezembro,7.0
2024,Niassa,Maúa,Novembro,6.0
2024,Niassa,Maúa,Outubro,6.0
2024,Niassa,Maúa,Setembro,6.0
2024,Niassa,Maúa,Agosto,4.0
2024,Niassa,Maúa,Julho,4.0
2024,Niassa,Mecanhelas,Agosto,17.0
2024,Niassa,Mecanhelas,Junho,16.0
2024,Niassa,Mecanhelas,Setembro,17.0
2024,Niassa,Metarica,Dezembro,0.0
2024,Cabo Delgado,Nangade,Outubro,7.0
2024,Niassa,Metarica,Novembro,0.0
2024,Niassa,Metarica,Setembro,0.0
2024,Niassa,Metarica,Agosto,0.0
2024,Niassa,Metarica,Julho,0.0
2024,Niassa,Metarica,Junho,0.0
2024,Niassa,Metarica,Maio,0.0
2024,Niassa,Metarica,Abril,2.0
2024,Niassa,Metarica,Março,1.0
2024,Niassa,Metarica,Fevereiro,1.0
2024,Niassa,Metarica,Janeiro,1.0
2024,Niassa,Mecula,Dezembro,6.0
2024,Niassa,Mecula,Novembro,5.0
2024,Niassa,Mecula,Outubro,5.0
2024,Niassa,Mecula,Setembro,3.0
2024,Niassa,Mecula,Agosto,3.0
2024,Niassa,Mecula,Julho,3.0
2024,Niassa,Mecula,Junho,3.0
2024,Niassa,Mecula,Maio,3.0
2024,Niassa,Mecula,Abril,3.0
2024,Niassa,Mecula,Março,3.0
2024,Niassa,Mecula,Fevereiro,3.0
2024,Niassa,Mecula,Janeiro,3.0
2024,Niassa,Nipepe,Maio,3.0
2024,Niassa,Mecanhelas,Dezembro,16.0
2024,Niassa,Mecanhelas,Outubro,17.0
2024,Niassa,Metarica,Outubro,0.0
2024,Niassa,Maúa,Março,4.0
2024,Cabo Delgado,Nangade,Setembro,7.0
2024,Cabo Delgado,Mueda,Outubro,14.0
2024,Nampula,Nacaroa,Junho,3.0
2024,Cabo Delgado,Ancuabe,Agosto,10.0
2024,Cabo Delgado,Ancuabe,Abril,8.0
2024,Cabo Delgado,Ancuabe,Março,8.0
2024,Cabo Delgado,Ancuabe,Fevereiro,8.0
2024,Cabo Delgado,Ancuabe,Janeiro,8.0
2024,Cabo Delgado,Cidade de Pemba,Dezembro,950.0
2024,Cabo Delgado,Cidade de Pemba,Novembro,958.0
2024,Cabo Delgado,Cidade de Pemba,Outubro,955.0
2024,Cabo Delgado,Cidade de Pemba,Setembro,960.0
2024,Cabo Delgado,Cidade de Pemba,Agosto,947.0
2024,Cabo Delgado,Cidade de Pemba,Julho,935.0
2024,Cabo Delgado,Cidade de Pemba,Junho,938.0
2024,Cabo Delgado,Cidade de Pemba,Maio,928.0
2024,Cabo Delgado,Cidade de Pemba,Abril,931.0
2024,Cabo Delgado,Cidade de Pemba,Março,916.0
2024,Cabo Delgado,Cidade de Pemba,Fevereiro,882.0
2024,Cabo Delgado,Cidade de Pemba,Janeiro,898.0
2024,Nampula,Larde,Dezembro,0.0
2024,Nampula,Larde,Novembro,0.0
2024,Nampula,Larde,Outubro,0.0
2024,Nampula,Larde,Setembro,0.0
2024,Nampula,Larde,Agosto,0.0
2024,Nampula,Larde,Julho,0.0
2024,Nampula,Larde,Junho,0.0
2024,Cabo Delgado,Ancuabe,Outubro,8.0
2024,Cabo Delgado,Ancuabe,Julho,7.0
2024,Cabo Delgado,Chiúre,Outubro,16.0
2024,Cabo Delgado,Ancuabe,Setembro,8.0
2024,Cabo Delgado,Ibo,Janeiro,3.0
2024,Cabo Delgado,Chiúre,Novembro,16.0
2024,Cabo Delgado,Chiúre,Setembro,16.0
2024,Cabo Delgado,Chiúre,Agosto,16.0
2024,Cabo Delgado,Chiúre,Julho,14.0
2024,Cabo Delgado,Chiúre,Junho,13.0
2024,Cabo Delgado,Chiúre,Maio,10.0
2024,Cabo Delgado,Chiúre,Abril,12.0
2024,Cabo Delgado,Chiúre,Março,11.0
2024,Cabo Delgado,Chiúre,Fevereiro,11.0
2024,Cabo Delgado,Chiúre,Janeiro,12.0
2024,Cabo Delgado,Balama,Dezembro,8.0
2024,Cabo Delgado,Balama,Novembro,8.0
2024,Cabo Delgado,Balama,Outubro,8.0
2024,Cabo Delgado,Balama,Setembro,8.0
2024,Cabo Delgado,Balama,Agosto,8.0
2024,Cabo Delgado,Balama,Julho,8.0
2024,Cabo Delgado,Balama,Junho,8.0
2024,Cabo Delgado,Balama,Maio,8.0
2024,Cabo Delgado,Balama,Abril,8.0
2024,Cabo Delgado,Balama,Março,7.0
2024,Cabo Delgado,Balama,Fevereiro,7.0
2024,Cabo Delgado,Balama,Janeiro,7.0
2024,Cabo Delgado,Ancuabe,Dezembro,7.0
2024,Cabo Delgado,Ancuabe,Novembro,8.0
2024,Cabo Delgado,Chiúre,Dezembro,18.0
2024,Cabo Delgado,Ibo,Março,4.0
2024,Nampula,Larde,Maio,0.0
2024,Nampula,Larde,Fevereiro,0.0
2024,Nampula,Rapale-Nampula,Outubro,7.0
2024,Nampula,Namapa-Erati,Julho,6.0
2024,Nampula,Rapale-Nampula,Junho,7.0
2024,Nampula,Rapale-Nampula,Maio,7.0
2024,Nampula,Rapale-Nampula,Abril,7.0
2024,Nampula,Rapale-Nampula,Março,7.0
2024,Nampula,Rapale-Nampula,Fevereiro,7.0
2024,Nampula,Rapale-Nampula,Janeiro,2.0
2024,Nampula,Namapa-Erati,Dezembro,7.0
2024,Nampula,Namapa-Erati,Novembro,7.0
2024,Nampula,Namapa-Erati,Outubro,7.0
2024,Nampula,Namapa-Erati,Setembro,7.0
2024,Nampula,Namapa-Erati,Agosto,7.0
2024,Nampula,Namapa-Erati,Junho,6.0
2024,Nampula,Larde,Março,0.0
2024,Nampula,Namapa-Erati,Maio,6.0
2024,Nampula,Namapa-Erati,Abril,5.0
2024,Nampula,Namapa-Erati,Março,4.0
2024,Nampula,Namapa-Erati,Fevereiro,4.0
2024,Nampula,Namapa-Erati,Janeiro,4.0
2024,Nampula,Nacaroa,Dezembro,2.0
2024,Nampula,Nacaroa,Novembro,2.0
2024,Nampula,Nacaroa,Outubro,2.0
2024,Nampula,Nacaroa,Setembro,3.0
2024,Nampula,Nacaroa,Agosto,3.0
2024,Nampula,Rapale-Nampula,Dezembro,7.0
2024,Nampula,Larde,Abril,0.0
2024,Nampula,Larde,Janeiro,0.0
2024,Nampula,Ribaué,Janeiro,24.0
2024,Nampula,Rapale-Nampula,Agosto,7.0
2024,Nampula,Rapale-Nampula,Julho,7.0
2024,Nampula,Liupo,Dezembro,0.0
2024,Nampula,Liupo,Novembro,0.0
2024,Nampula,Liupo,Outubro,0.0
2024,Nampula,Liupo,Setembro,0.0
2024,Nampula,Liupo,Agosto,0.0
2024,Nampula,Liupo,Julho,0.0
2024,Nampula,Liupo,Junho,0.0
2024,Nampula,Liupo,Maio,0.0
2024,Nampula,Liupo,Abril,0.0
2024,Nampula,Liupo,Março,0.0
2024,Nampula,Liupo,Fevereiro,0.0
2024,Nampula,Liupo,Janeiro,0.0
2024,Nampula,Ribaué,Dezembro,22.0
2024,Nampula,Ribaué,Novembro,22.0
2024,Nampula,Ribaué,Outubro,22.0
2024,Nampula,Ribaué,Setembro,22.0
2024,Nampula,Ribaué,Agosto,22.0
2024,Nampula,Ribaué,Julho,22.0
2024,Nampula,Ribaué,Junho,24.0
2024,Nampula,Ribaué,Maio,21.0
2024,Nampula,Ribaué,Abril,25.0
2024,Nampula,Ribaué,Março,24.0
2024,Nampula,Ribaué,Fevereiro,24.0
2024,Nampula,Rapale-Nampula,Novembro,7.0
2024,Zambézia,Gurúè,Abril,32.0
2024,Cabo Delgado,Muidumbe,Fevereiro,0.0
2024,Cabo Delgado,Mecufi,Maio,6.0
2024,Cabo Delgado,Mocimboa da Praia,Outubro,6.0
2024,Cabo Delgado,Muidumbe,Abril,0.0
2024,Cabo Delgado,Muidumbe,Janeiro,0.0
2024,Cabo Delgado,Mueda,Dezembro,13.0
2024,Cabo Delgado,Mueda,Novembro,13.0
2024,Cabo Delgado,Mueda,Setembro,13.0
2024,Cabo Delgado,Mueda,Agosto,14.0
2024,Cabo Delgado,Mueda,Julho,13.0
2024,Cabo Delgado,Mueda,Junho,14.0
2024,Cabo Delgado,Mueda,Maio,10.0
2024,Cabo Delgado,Mueda,Abril,13.0
2024,Cabo Delgado,Mueda,Março,14.0
2024,Cabo Delgado,Mueda,Fevereiro,14.0
2024,Cabo Delgado,Mueda,Janeiro,14.0
2024,Cabo Delgado,Montepuez,Dezembro,69.0
2024,Cabo Delgado,Montepuez,Novembro,68.0
2024,Cabo Delgado,Montepuez,Outubro,67.0
2024,Cabo Delgado,Montepuez,Setembro,67.0
2024,Cabo Delgado,Montepuez,Agosto,65.0
2024,Cabo Delgado,Montepuez,Julho,55.0
2024,Cabo Delgado,Montepuez,Junho,58.0
2024,Cabo Delgado,Montepuez,Maio,60.0
2024,Cabo Delgado,Montepuez,Abril,63.0
2024,Cabo Delgado,Montepuez,Março,66.0
2024,Cabo Delgado,Montepuez,Fevereiro,66.0
2024,Cabo Delgado,Muidumbe,Junho,0.0
2024,Cabo Delgado,Muidumbe,Março,0.0
2024,Cabo Delgado,Nangade,Junho,7.0
2024,Cabo Delgado,Muidumbe,Maio,0.0
2024,Cabo Delgado,Ancuabe,Junho,7.0
2024,Cabo Delgado,Nangade,Julho,7.0
2024,Cabo Delgado,Nangade,Maio,7.0
2024,Cabo Delgado,Nangade,Abril,8.0
2024,Cabo Delgado,Nangade,Março,8.0
2024,Cabo Delgado,Nangade,Fevereiro,8.0
2024,Cabo Delgado,Nangade,Janeiro,7.0
2024,Cabo Delgado,Namuno,Dezembro,4.0
2024,Cabo Delgado,Namuno,Novembro,5.0
2024,Cabo Delgado,Namuno,Outubro,5.0
2024,Cabo Delgado,Namuno,Setembro,5.0
2024,Cabo Delgado,Namuno,Agosto,4.0
2024,Cabo Delgado,Namuno,Julho,4.0
2024,Cabo Delgado,Namuno,Junho,5.0
2024,Cabo Delgado,Namuno,Maio,4.0
2024,Cabo Delgado,Namuno,Abril,5.0
2024,Cabo Delgado,Namuno,Março,5.0
2024,Cabo Delgado,Namuno,Fevereiro,5.0
2024,Cabo Delgado,Namuno,Janeiro,5.0
2024,Cabo Delgado,Muidumbe,Dezembro,0.0
2024,Cabo Delgado,Muidumbe,Novembro,0.0
2024,Cabo Delgado,Muidumbe,Outubro,0.0
2024,Cabo Delgado,Muidumbe,Setembro,0.0
2024,Cabo Delgado,Muidumbe,Agosto,0.0
2024,Cabo Delgado,Muidumbe,Julho,0.0
2024,Cabo Delgado,Ibo,Fevereiro,4.0
2024,Cabo Delgado,Mocimboa da Praia,Novembro,8.0
2024,Cabo Delgado,Montepuez,Janeiro,71.0
2024,Cabo Delgado,Mecufi,Abril,6.0
2024,Cabo Delgado,Mecufi,Março,7.0
2024,Cabo Delgado,Mecufi,Junho,6.0
2024,Cabo Delgado,Mecufi,Fevereiro,7.0
2024,Cabo Delgado,Mecufi,Janeiro,7.0
2024,Cabo Delgado,Macomia,Dezembro,5.0
2024,Cabo Delgado,Macomia,Novembro,6.0
2024,Cabo Delgado,Macomia,Outubro,6.0
2024,Cabo Delgado,Macomia,Setembro,6.0
2024,Cabo Delgado,Macomia,Agosto,5.0
2024,Cabo Delgado,Macomia,Julho,5.0
2024,Cabo Delgado,Macomia,Junho,4.0
2024,Cabo Delgado,Macomia,Maio,5.0
2024,Cabo Delgado,Macomia,Abril,5.0
2024,Cabo Delgado,Macomia,Março,5.0
2024,Cabo Delgado,Macomia,Fevereiro,5.0
2024,Cabo Delgado,Macomia,Janeiro,5.0
2024,Cabo Delgado,Ibo,Dezembro,3.0
2024,Cabo Delgado,Ibo,Novembro,3.0
2024,Cabo Delgado,Ibo,Outubro,4.0
2024,Cabo Delgado,Ibo,Setembro,4.0
2024,Cabo Delgado,Ibo,Agosto,4.0
2024,Cabo Delgado,Ibo,Julho,4.0
2024,Cabo Delgado,Ibo,Junho,4.0
2024,Cabo Delgado,Ibo,Maio,4.0
2024,Cabo Delgado,Ibo,Abril,4.0
2024,Cabo Delgado,Mecufi,Agosto,6.0
2024,Cabo Delgado,Mocimboa da Praia,Dezembro,8.0
2024,Cabo Delgado,Mocimboa da Praia,Agosto,5.0
2024,Nampula,Nacaroa,Julho,3.0
2024,Cabo Delgado,Ancuabe,Maio,7.0
2024,Cabo Delgado,Mocimboa da Praia,Setembro,7.0
2024,Cabo Delgado,Mocimboa da Praia,Julho,5.0
2024,Cabo Delgado,Mocimboa da Praia,Junho,5.0
2024,Cabo Delgado,Mocimboa da Praia,Maio,5.0
2024,Cabo Delgado,Mocimboa da Praia,Abril,4.0
2024,Cabo Delgado,Mocimboa da Praia,Março,4.0
2024,Cabo Delgado,Mocimboa da Praia,Fevereiro,4.0
2024,Cabo Delgado,Mocimboa da Praia,Janeiro,4.0
2024,Cabo Delgado,Meluco,Dezembro,8.0
2024,Cabo Delgado,Meluco,Novembro,8.0
2024,Cabo Delgado,Meluco,Outubro,8.0
2024,Cabo Delgado,Meluco,Setembro,8.0
2024,Cabo Delgado,Meluco,Agosto,8.0
2024,Cabo Delgado,Meluco,Julho,8.0
2024,Cabo Delgado,Meluco,Junho,7.0
2024,Cabo Delgado,Meluco,Maio,7.0
2024,Cabo Delgado,Meluco,Abril,9.0
2024,Cabo Delgado,Meluco,Março,10.0
2024,Cabo Delgado,Meluco,Fevereiro,9.0
2024,Cabo Delgado,Meluco,Janeiro,10.0
2024,Cabo Delgado,Mecufi,Dezembro,6.0
2024,Cabo Delgado,Mecufi,Novembro,6.0
2024,Cabo Delgado,Mecufi,Outubro,6.0
2024,Cabo Delgado,Mecufi,Setembro,6.0
2024,Cabo Delgado,Mecufi,Julho,6.0
2024,Zambézia,Cidade de Quelimane,Dezembro,700.0
2024,Zambézia,Gurúè,Setembro,44.0
2024,Zambézia,Cidade de Quelimane,Outubro,696.0
2024,Inhambane,Cidade de Inhambane,Setembro,681.0
2024,Inhambane,Govuro,Março,9.0
2024,Inhambane,Funhaloro,Novembro,17.0
2024,Sofala,Buzi,Março,13.0
2024,Inhambane,Funhaloro,Setembro,18.0
2024,Inhambane,Funhaloro,Agosto,17.0
2024,Inhambane,Funhaloro,Julho,16.0
2024,Inhambane,Funhaloro,Junho,16.0
2024,Inhambane,Funhaloro,Maio,16.0
2024,Inhambane,Funhaloro,Abril,19.0
2024,Inhambane,Funhaloro,Março,20.0
2024,Inhambane,Govuro,Abril,8.0
2024,Inhambane,Funhaloro,Fevereiro,21.0
2024,Inhambane,Funhaloro,Janeiro,21.0
2024,Inhambane,Cidade de Maxixe,Novembro,338.0
2024,Inhambane,Cidade de Maxixe,Outubro,340.0
2024,Inhambane,Cidade de Maxixe,Setembro,339.0
2024,Inhambane,Cidade de Maxixe,Agosto,335.0
2024,Inhambane,Cidade de Maxixe,Julho,316.0
2024,Inhambane,Cidade de Maxixe,Junho,313.0
2024,Inhambane,Cidade de Maxixe,Maio,310.0
2024,Inhambane,Cidade de Maxixe,Abril,306.0
2024,Inhambane,Cidade de Maxixe,Março,306.0
2024,Inhambane,Cidade de Maxixe,Fevereiro,295.0
2024,Inhambane,Govuro,Janeiro,9.0
2024,Inhambane,Inharrime,Abril,30.0
2024,Inhambane,Cidade de Inhambane,Novembro,692.0
2024,Inhambane,Cidade de Inhambane,Dezembro,701.0
2024,Gaza,Massangena,Novembro,7.0
2024,Inhambane,Inharrime,Maio,30.0
2024,Inhambane,Inharrime,Março,33.0
2024,Inhambane,Inharrime,Fevereiro,33.0
2024,Inhambane,Inharrime,Janeiro,32.0
2024,Inhambane,Homoine,Dezembro,16.0
2024,Inhambane,Homoine,Novembro,17.0
2024,Inhambane,Homoine,Outubro,17.0
2024,Inhambane,Homoine,Setembro,16.0
2024,Inhambane,Homoine,Agosto,14.0
2024,Inhambane,Homoine,Julho,15.0
2024,Inhambane,Homoine,Junho,14.0
2024,Inhambane,Homoine,Maio,15.0
2024,Inhambane,Homoine,Abril,15.0
2024,Inhambane,Homoine,Março,15.0
2024,Inhambane,Homoine,Fevereiro,17.0
2024,Inhambane,Homoine,Janeiro,16.0
2024,Inhambane,Govuro,Dezembro,8.0
2024,Inhambane,Govuro,Novembro,9.0
2024,Inhambane,Govuro,Outubro,9.0
2024,Inhambane,Govuro,Setembro,9.0
2024,Inhambane,Govuro,Agosto,8.0
2024,Inhambane,Govuro,Julho,7.0
2024,Inhambane,Govuro,Junho,8.0
2024,Inhambane,Govuro,Maio,8.0
2024,Inhambane,Cidade de Maxixe,Janeiro,292.0
2024,Inhambane,Cidade de Maxixe,Dezembro,344.0
2024,Inhambane,Govuro,Fevereiro,8.0
2024,Inhambane,Cidade de Inhambane,Outubro,680.0
2024,Gaza,Mapai,Julho,3.0
2024,Gaza,Mapai,Fevereiro,2.0
2024,Gaza,Mapai,Maio,3.0
2024,Gaza,Mapai,Janeiro,2.0
2024,Gaza,Chonguene,Dezembro,39.0
2024,Gaza,Chonguene,Novembro,36.0
2024,Gaza,Chonguene,Outubro,33.0
2024,Gaza,Chonguene,Setembro,29.0
2024,Gaza,Chonguene,Agosto,29.0
2024,Gaza,Chonguene,Julho,28.0
2024,Gaza,Chonguene,Junho,28.0
2024,Gaza,Chonguene,Maio,28.0
2024,Gaza,Chonguene,Abril,27.0
2024,Gaza,Chonguene,Março,25.0
2024,Gaza,Chonguene,Fevereiro,24.0
2024,Gaza,Chonguene,Janeiro,24.0
2024,Gaza,Massingir,Dezembro,16.0
2024,Gaza,Massingir,Novembro,14.0
2024,Gaza,Massingir,Outubro,14.0
2024,Gaza,Massingir,Setembro,14.0
2024,Gaza,Massingir,Agosto,15.0
2024,Gaza,Massingir,Julho,14.0
2024,Gaza,Massingir,Junho,14.0
2024,Gaza,Massingir,Maio,11.0
2024,Gaza,Massingir,Abril,11.0
2024,Inhambane,Cidade de Inhambane,Julho,637.0
2024,Inhambane,Inharrime,Setembro,42.0
2024,Inhambane,Inharrime,Julho,36.0
2024,Gaza,Mapai,Agosto,3.0
2024,Gaza,Mapai,Março,3.0
2024,Inhambane,Inharrime,Agosto,38.0
2024,Inhambane,Cidade de Inhambane,Agosto,661.0
2024,Inhambane,Cidade de Inhambane,Junho,634.0
2024,Inhambane,Cidade de Inhambane,Maio,619.0
2024,Inhambane,Cidade de Inhambane,Abril,642.0
2024,Inhambane,Cidade de Inhambane,Março,625.0
2024,Inhambane,Cidade de Inhambane,Fevereiro,600.0
2024,Inhambane,Cidade de Inhambane,Janeiro,624.0
2024,Gaza,Limpopo,Dezembro,0.0
2024,Gaza,Limpopo,Novembro,2.0
2024,Gaza,Limpopo,Outubro,0.0
2024,Gaza,Limpopo,Setembro,0.0
2024,Gaza,Limpopo,Agosto,0.0
2024,Gaza,Limpopo,Julho,0.0
2024,Gaza,Limpopo,Junho,0.0
2024,Gaza,Limpopo,Maio,0.0
2024,Gaza,Limpopo,Abril,0.0
2024,Gaza,Limpopo,Março,0.0
2024,Gaza,Limpopo,Fevereiro,0.0
2024,Gaza,Limpopo,Janeiro,0.0
2024,Gaza,Mapai,Dezembro,4.0
2024,Gaza,Mapai,Novembro,1.0
2024,Gaza,Mapai,Outubro,3.0
2024,Gaza,Mapai,Setembro,3.0
2024,Gaza,Mapai,Junho,3.0
2024,Inhambane,Vilankulo,Julho,294.0
2024,Inhambane,Morrumbene,Maio,51.0
2024,Inhambane,Jangamo,Novembro,39.0
2024,Manica,Macate,Abril,1.0
2024,Inhambane,Vilankulo,Outubro,334.0
2024,Inhambane,Vilankulo,Junho,300.0
2024,Inhambane,Vilankulo,Maio,286.0
2024,Inhambane,Vilankulo,Abril,300.0
2024,Inhambane,Vilankulo,Março,295.0
2024,Inhambane,Vilankulo,Fevereiro,290.0
2024,Inhambane,Vilankulo,Janeiro,287.0
2024,Inhambane,Panda,Dezembro,12.0
2024,Inhambane,Panda,Novembro,11.0
2024,Inhambane,Panda,Outubro,11.0
2024,Inhambane,Panda,Setembro,11.0
2024,Inhambane,Panda,Agosto,11.0
2024,Inhambane,Panda,Julho,11.0
2024,Inhambane,Panda,Junho,10.0
2024,Inhambane,Panda,Maio,10.0
2024,Inhambane,Panda,Abril,11.0
2024,Inhambane,Panda,Março,13.0
2024,Inhambane,Panda,Fevereiro,12.0
2024,Inhambane,Panda,Janeiro,12.0
2024,Inhambane,Morrumbene,Dezembro,56.0
2024,Inhambane,Morrumbene,Novembro,56.0
2024,Inhambane,Morrumbene,Outubro,57.0
2024,Inhambane,Morrumbene,Setembro,54.0
2024,Inhambane,Morrumbene,Agosto,54.0
2024,Inhambane,Vilankulo,Dezembro,339.0
2024,Inhambane,Vilankulo,Setembro,319.0
2024,Sofala,Cidade da Beira,Dezembro,2548.0
2024,Inhambane,Vilankulo,Novembro,340.0
2024,Sofala,Buzi,Abril,16.0
2024,Sofala,Buzi,Janeiro,14.0
2024,Sofala,Cidade da Beira,Novembro,2529.0
2024,Sofala,Cidade da Beira,Outubro,2511.0
2024,Sofala,Cidade da Beira,Setembro,2523.0
2024,Sofala,Cidade da Beira,Agosto,2499.0
2024,Sofala,Cidade da Beira,Julho,2443.0
2024,Sofala,Cidade da Beira,Junho,2472.0
2024,Sofala,Cidade da Beira,Maio,2357.0
2024,Sofala,Cidade da Beira,Abril,2476.0
2024,Sofala,Cidade da Beira,Março,2463.0
2024,Sofala,Cidade da Beira,Fevereiro,2455.0
2024,Sofala,Cidade da Beira,Janeiro,2434.0
2024,Inhambane,Zavala (Quissico),Dezembro,40.0
2024,Inhambane,Zavala (Quissico),Novembro,41.0
2024,Inhambane,Zavala (Quissico),Outubro,39.0
2024,Inhambane,Zavala (Quissico),Setembro,41.0
2024,Inhambane,Zavala (Quissico),Agosto,39.0
2024,Inhambane,Zavala (Quissico),Julho,37.0
2024,Inhambane,Zavala (Quissico),Junho,35.0
2024,Inhambane,Zavala (Quissico),Maio,33.0
2024,Inhambane,Zavala (Quissico),Abril,33.0
2024,Inhambane,Zavala (Quissico),Março,33.0
2024,Inhambane,Zavala (Quissico),Fevereiro,34.0
2024,Inhambane,Zavala (Quissico),Janeiro,35.0
2024,Gaza,Massingir,Fevereiro,8.0
2024,Gaza,Massingir,Março,9.0
2024,Inhambane,Morrumbene,Julho,52.0
2024,Inhambane,Jangamo,Outubro,38.0
2024,Inhambane,Jangamo,Setembro,36.0
2024,Inhambane,Jangamo,Dezembro,40.0
2024,Inhambane,Jangamo,Agosto,36.0
2024,Inhambane,Jangamo,Julho,28.0
2024,Inhambane,Jangamo,Junho,29.0
2024,Inhambane,Jangamo,Maio,27.0
2024,Inhambane,Jangamo,Abril,26.0
2024,Inhambane,Jangamo,Março,25.0
2024,Inhambane,Jangamo,Fevereiro,26.0
2024,Inhambane,Jangamo,Janeiro,27.0
2024,Inhambane,Inhassoro,Dezembro,86.0
2024,Inhambane,Inhassoro,Novembro,83.0
2024,Inhambane,Inhassoro,Outubro,79.0
2024,Inhambane,Inhassoro,Setembro,81.0
2024,Inhambane,Inhassoro,Agosto,80.0
2024,Inhambane,Inhassoro,Julho,75.0
2024,Inhambane,Inhassoro,Junho,76.0
2024,Inhambane,Inhassoro,Maio,76.0
2024,Inhambane,Inhassoro,Abril,82.0
2024,Inhambane,Inhassoro,Março,82.0
2024,Inhambane,Inhassoro,Fevereiro,78.0
2024,Inhambane,Inhassoro,Janeiro,75.0
2024,Inhambane,Inharrime,Dezembro,39.0
2024,Inhambane,Inharrime,Novembro,40.0
2024,Inhambane,Inharrime,Outubro,41.0
2024,Inhambane,Mabote,Fevereiro,5.0
2024,Inhambane,Morrumbene,Junho,78.0
2024,Inhambane,Morrumbene,Fevereiro,43.0
2024,Inhambane,Mabote,Janeiro,5.0
2024,Inhambane,Vilankulo,Agosto,314.0
2024,Inhambane,Morrumbene,Março,44.0
2024,Inhambane,Morrumbene,Janeiro,45.0
2024,Inhambane,Massinga,Dezembro,98.0
2024,Inhambane,Massinga,Novembro,99.0
2024,Inhambane,Massinga,Outubro,98.0
2024,Inhambane,Massinga,Setembro,95.0
2024,Inhambane,Massinga,Agosto,94.0
2024,Inhambane,Massinga,Julho,91.0
2024,Inhambane,Massinga,Junho,89.0
2024,Inhambane,Massinga,Maio,90.0
2024,Inhambane,Massinga,Abril,90.0
2024,Inhambane,Massinga,Março,88.0
2024,Inhambane,Massinga,Fevereiro,88.0
2024,Inhambane,Massinga,Janeiro,87.0
2024,Inhambane,Mabote,Dezembro,12.0
2024,Inhambane,Mabote,Novembro,11.0
2024,Inhambane,Mabote,Outubro,11.0
2024,Inhambane,Mabote,Setembro,11.0
2024,Inhambane,Mabote,Agosto,7.0
2024,Inhambane,Mabote,Julho,7.0
2024,Inhambane,Mabote,Junho,7.0
2024,Inhambane,Mabote,Maio,5.0
2024,Inhambane,Mabote,Abril,5.0
2024,Inhambane,Mabote,Março,5.0
2024,Sofala,Buzi,Fevereiro,13.0
2024,Gaza,Mapai,Abril,3.0
2024,Inhambane,Inharrime,Junho,31.0
2024,Gaza,Massingir,Janeiro,7.0
2024,Província de Maputo,Namaacha,Janeiro,56.0
2024,Província de Maputo,Cidade da Matola,Dezembro,4129.0
2024,Província de Maputo,Matutuíne,Dezembro,370.0
2024,Província de Maputo,Matutuíne,Julho,332.0
2024,Gaza,Cidade de Xai-Xai,Abril,660.0
2024,Província de Maputo,Matutuíne,Junho,353.0
2024,Província de Maputo,Matutuíne,Maio,332.0
2024,Província de Maputo,Matutuíne,Abril,329.0
2024,Província de Maputo,Matutuíne,Março,328.0
2024,Província de Maputo,Matutuíne,Fevereiro,317.0
2024,Província de Maputo,Matutuíne,Janeiro,319.0
2024,Província de Maputo,Marracuene,Dezembro,705.0
2024,Província de Maputo,Matutuíne,Outubro,359.0
2024,Província de Maputo,Marracuene,Outubro,697.0
2024,Província de Maputo,Marracuene,Agosto,672.0
2024,Província de Maputo,Marracuene,Julho,647.0
2024,Província de Maputo,Marracuene,Junho,627.0
2024,Província de Maputo,Marracuene,Maio,643.0
2024,Província de Maputo,Marracuene,Abril,629.0
2024,Província de Maputo,Marracuene,Março,623.0
2024,Província de Maputo,Marracuene,Fevereiro,615.0
2024,Província de Maputo,Marracuene,Janeiro,609.0
2024,Província de Maputo,Manhiça,Dezembro,175.0
2024,Província de Maputo,Manhiça,Novembro,175.0
2024,Província de Maputo,Manhiça,Outubro,169.0
2024,Gaza,Cidade de Xai-Xai,Janeiro,700.0
2024,Província de Maputo,Marracuene,Setembro,720.0
2024,Província de Maputo,Manhiça,Julho,160.0
2024,Província de Maputo,Manhiça,Setembro,172.0
2024,Gaza,Mabalane,Agosto,7.0
2024,Gaza,Cidade de Xai-Xai,Maio,653.0
2024,Gaza,Cidade de Xai-Xai,Fevereiro,660.0
2024,Província de Maputo,Moamba,Dezembro,104.0
2024,Província de Maputo,Moamba,Outubro,105.0
2024,Província de Maputo,Moamba,Setembro,97.0
2024,Província de Maputo,Moamba,Agosto,97.0
2024,Província de Maputo,Moamba,Julho,97.0
2024,Província de Maputo,Moamba,Junho,97.0
2024,Província de Maputo,Moamba,Maio,96.0
2024,Província de Maputo,Moamba,Abril,91.0
2024,Província de Maputo,Moamba,Março,85.0
2024,Província de Maputo,Moamba,Fevereiro,76.0
2024,Província de Maputo,Moamba,Janeiro,73.0
2024,Província de Maputo,Namaacha,Dezembro,38.0
2024,Província de Maputo,Namaacha,Novembro,38.0
2024,Província de Maputo,Namaacha,Outubro,39.0
2024,Província de Maputo,Namaacha,Setembro,40.0
2024,Província de Maputo,Namaacha,Agosto,39.0
2024,Província de Maputo,Namaacha,Julho,40.0
2024,Província de Maputo,Namaacha,Junho,42.0
2024,Província de Maputo,Namaacha,Maio,41.0
2024,Província de Maputo,Namaacha,Abril,52.0
2024,Província de Maputo,Namaacha,Março,49.0
2024,Província de Maputo,Namaacha,Fevereiro,46.0
2024,Província de Maputo,Manhiça,Agosto,165.0
2024,Gaza,Mabalane,Maio,6.0
2024,Província de Maputo,Matutuíne,Novembro,369.0
2024,Província de Maputo,Moamba,Novembro,106.0
2024,Província de Maputo,Boane,Maio,707.0
2024,Gaza,Cidade de Xai-Xai,Março,669.0
2024,Província de Maputo,Cidade de Maputo,Outubro,14723.0
2024,Província de Maputo,Boane,Janeiro,661.0
2024,Província de Maputo,Cidade da Matola,Agosto,4042.0
2024,Província de Maputo,Cidade da Matola,Julho,3952.0
2024,Província de Maputo,Cidade da Matola,Junho,3977.0
2024,Província de Maputo,Cidade da Matola,Maio,3935.0
2024,Província de Maputo,Cidade da Matola,Abril,3871.0
2024,Província de Maputo,Cidade da Matola,Março,3925.0
2024,Província de Maputo,Cidade da Matola,Fevereiro,3780.0
2024,Província de Maputo,Cidade da Matola,Janeiro,3774.0
2024,Província de Maputo,Cidade de Maputo,Dezembro,14653.0
2024,Província de Maputo,Cidade de Maputo,Novembro,14711.0
2024,Província de Maputo,Cidade da Matola,Setembro,4104.0
2024,Província de Maputo,Cidade de Maputo,Setembro,14911.0
2024,Província de Maputo,Cidade de Maputo,Julho,14472.0
2024,Província de Maputo,Cidade de Maputo,Junho,14711.0
2024,Província de Maputo,Cidade de Maputo,Maio,14503.0
2024,Província de Maputo,Cidade de Maputo,Abril,14656.0
2024,Província de Maputo,Cidade de Maputo,Março,14596.0
2024,Província de Maputo,Cidade de Maputo,Fevereiro,14133.0
2024,Província de Maputo,Cidade de Maputo,Janeiro,14694.0
2024,Niassa,Chimbunhila,Novembro,1.0
2024,Província de Maputo,Cidade de Maputo,Agosto,14684.0
2024,Província de Maputo,Boane,Abril,702.0
2024,Província de Maputo,Manhiça,Junho,159.0
2024,Província de Maputo,Boane,Março,678.0
2024,Província de Maputo,Boane,Junho,733.0
2024,Província de Maputo,Cidade da Matola,Novembro,4137.0
2024,Província de Maputo,Magude,Maio,21.0
2024,Província de Maputo,Manhiça,Maio,156.0
2024,Província de Maputo,Manhiça,Abril,153.0
2024,Província de Maputo,Manhiça,Março,143.0
2024,Província de Maputo,Manhiça,Fevereiro,138.0
2024,Província de Maputo,Manhiça,Janeiro,139.0
2024,Província de Maputo,Magude,Dezembro,36.0
2024,Província de Maputo,Magude,Novembro,36.0
2024,Província de Maputo,Magude,Outubro,28.0
2024,Província de Maputo,Magude,Setembro,28.0
2024,Província de Maputo,Magude,Agosto,20.0
2024,Província de Maputo,Magude,Julho,20.0
2024,Província de Maputo,Magude,Junho,21.0
2024,Província de Maputo,Magude,Abril,26.0
2024,Província de Maputo,Boane,Fevereiro,699.0
2024,Província de Maputo,Magude,Março,16.0
2024,Província de Maputo,Magude,Fevereiro,16.0
2024,Província de Maputo,Magude,Janeiro,16.0
2024,Província de Maputo,Boane,Dezembro,769.0
2024,Província de Maputo,Boane,Novembro,770.0
2024,Província de Maputo,Boane,Outubro,759.0
2024,Província de Maputo,Boane,Setembro,759.0
2024,Província de Maputo,Boane,Agosto,732.0
2024,Província de Maputo,Boane,Julho,722.0
2024,Província de Maputo,Cidade da Matola,Outubro,4088.0
2024,Manica,Sussundenga,Agosto,18.0
2024,Gaza,Chókwè,Fevereiro,127.0
2024,Gaza,Cidade de Xai-Xai,Julho,671.0
2024,Gaza,Mabalane,Julho,7.0
2024,Gaza,Chókwè,Janeiro,130.0
2024,Gaza,Chókwè,Abril,130.0
2024,Gaza,Mabalane,Abril,6.0
2024,Gaza,Mabalane,Março,6.0
2024,Gaza,Mabalane,Fevereiro,6.0
2024,Gaza,Mabalane,Janeiro,6.0
2024,Gaza,Guijá,Dezembro,6.0
2024,Gaza,Guijá,Novembro,12.0
2024,Gaza,Guijá,Outubro,6.0
2024,Gaza,Guijá,Setembro,5.0
2024,Gaza,Guijá,Agosto,4.0
2024,Gaza,Guijá,Julho,4.0
2024,Gaza,Guijá,Junho,5.0
2024,Gaza,Guijá,Maio,4.0
2024,Gaza,Guijá,Abril,5.0
2024,Gaza,Guijá,Março,4.0
2024,Gaza,Guijá,Fevereiro,4.0
2024,Gaza,Guijá,Janeiro,5.0
2024,Gaza,Chókwè,Dezembro,137.0
2024,Gaza,Chókwè,Novembro,128.0
2024,Gaza,Chókwè,Outubro,131.0
2024,Gaza,Chókwè,Setembro,122.0
2024,Gaza,Chókwè,Agosto,121.0
2024,Gaza,Chókwè,Julho,118.0
2024,Gaza,Massangena,Outubro,7.0
2024,Gaza,Chókwè,Junho,121.0
2024,Gaza,Massangena,Dezembro,7.0
2024,Gaza,Mabalane,Novembro,7.0
2024,Inhambane,Funhaloro,Outubro,17.0
2024,Província de Maputo,Matutuíne,Setembro,353.0
2024,Gaza,Mabalane,Setembro,7.0
2024,Gaza,Massangena,Setembro,7.0
2024,Gaza,Massangena,Agosto,6.0
2024,Gaza,Massangena,Julho,8.0
2024,Gaza,Massangena,Junho,8.0
2024,Gaza,Massangena,Maio,7.0
2024,Gaza,Massangena,Abril,8.0
2024,Gaza,Massangena,Março,8.0
2024,Gaza,Massangena,Fevereiro,8.0
2024,Gaza,Massangena,Janeiro,8.0
2024,Gaza,Manjacaze,Dezembro,99.0
2024,Gaza,Manjacaze,Novembro,99.0
2024,Gaza,Manjacaze,Outubro,97.0
2024,Gaza,Manjacaze,Setembro,96.0
2024,Gaza,Manjacaze,Agosto,93.0
2024,Gaza,Manjacaze,Julho,91.0
2024,Gaza,Manjacaze,Junho,93.0
2024,Gaza,Manjacaze,Maio,85.0
2024,Gaza,Manjacaze,Abril,85.0
2024,Gaza,Manjacaze,Março,86.0
2024,Gaza,Manjacaze,Fevereiro,89.0
2024,Gaza,Manjacaze,Janeiro,91.0
2024,Gaza,Mabalane,Dezembro,7.0
2024,Gaza,Mabalane,Outubro,7.0
2024,Gaza,Chibuto,Agosto,75.0
2024,Gaza,Chókwè,Maio,123.0
2024,Gaza,Chókwè,Março,125.0
2024,Gaza,Chibuto,Novembro,80.0
2024,Gaza,Chibuto,Junho,71.0
2024,Gaza,Chibuto,Setembro,77.0
2024,Gaza,Chibuto,Maio,69.0
2024,Gaza,Chibuto,Abril,71.0
2024,Gaza,Chibuto,Março,70.0
2024,Gaza,Chibuto,Fevereiro,73.0
2024,Gaza,Chibuto,Janeiro,72.0
2024,Gaza,Bilene-Macia,Dezembro,281.0
2024,Gaza,Bilene-Macia,Novembro,314.0
2024,Gaza,Bilene-Macia,Outubro,270.0
2024,Gaza,Bilene-Macia,Setembro,262.0
2024,Gaza,Bilene-Macia,Agosto,258.0
2024,Gaza,Bilene-Macia,Julho,256.0
2024,Gaza,Bilene-Macia,Junho,258.0
2024,Gaza,Bilene-Macia,Maio,257.0
2024,Gaza,Bilene-Macia,Abril,264.0
2024,Gaza,Bilene-Macia,Março,266.0
2024,Gaza,Bilene-Macia,Fevereiro,266.0
2024,Gaza,Bilene-Macia,Janeiro,268.0
2024,Gaza,Cidade de Xai-Xai,Dezembro,696.0
2024,Gaza,Cidade de Xai-Xai,Novembro,662.0
2024,Gaza,Cidade de Xai-Xai,Outubro,693.0
2024,Gaza,Cidade de Xai-Xai,Setembro,682.0
2024,Gaza,Cidade de Xai-Xai,Agosto,675.0
2024,Gaza,Chigubo,Novembro,2.0
2024,Gaza,Mabalane,Junho,7.0
2024,Província de Maputo,Matutuíne,Agosto,334.0
2024,Gaza,Chibuto,Dezembro,76.0
2024,Gaza,Chibuto,Julho,69.0
2024,Gaza,Cidade de Xai-Xai,Junho,677.0
2024,Gaza,Chigubo,Dezembro,1.0
2024,Gaza,Chigubo,Outubro,1.0
2024,Gaza,Chigubo,Setembro,1.0
2024,Gaza,Chigubo,Agosto,1.0
2024,Gaza,Chigubo,Julho,1.0
2024,Gaza,Chigubo,Junho,1.0
2024,Gaza,Chigubo,Maio,1.0
2024,Gaza,Chigubo,Abril,1.0
2024,Gaza,Chigubo,Março,1.0
2024,Gaza,Chigubo,Fevereiro,1.0
2024,Gaza,Chigubo,Janeiro,1.0
2024,Gaza,Chicualacuala,Dezembro,4.0
2024,Gaza,Chicualacuala,Novembro,4.0
2024,Gaza,Chicualacuala,Outubro,4.0
2024,Gaza,Chicualacuala,Setembro,4.0
2024,Gaza,Chicualacuala,Agosto,4.0
2024,Gaza,Chicualacuala,Julho,4.0
2024,Gaza,Chicualacuala,Junho,4.0
2024,Gaza,Chicualacuala,Maio,4.0
2024,Gaza,Chicualacuala,Abril,4.0
2024,Gaza,Chicualacuala,Março,4.0
2024,Gaza,Chicualacuala,Fevereiro,5.0
2024,Gaza,Chicualacuala,Janeiro,6.0
2024,Gaza,Chibuto,Outubro,77.0
2024,Tete,Changara,Agosto,5.0
2024,Inhambane,Morrumbene,Abril,49.0
2024,Sofala,Dondo,Fevereiro,93.0
2024,Tete,Changara,Novembro,5.0
2024,Tete,Changara,Julho,5.0
2024,Tete,Changara,Junho,5.0
2024,Tete,Changara,Maio,4.0
2024,Tete,Changara,Abril,3.0
2024,Tete,Changara,Março,3.0
2024,Tete,Changara,Fevereiro,3.0
2024,Tete,Changara,Janeiro,2.0
2024,Tete,Cahora-Bassa,Dezembro,63.0
2024,Tete,Cahora-Bassa,Novembro,63.0
2024,Tete,Cahora-Bassa,Outubro,64.0
2024,Tete,Angónia,Maio,34.0
2024,Tete,Changara,Setembro,5.0
2024,Tete,Cahora-Bassa,Julho,60.0
2024,Tete,Cahora-Bassa,Junho,58.0
2024,Tete,Cahora-Bassa,Maio,54.0
2024,Tete,Cahora-Bassa,Abril,52.0
2024,Tete,Cahora-Bassa,Março,51.0
2024,Tete,Cahora-Bassa,Fevereiro,50.0
2024,Tete,Cahora-Bassa,Janeiro,47.0
2024,Tete,Angónia,Dezembro,34.0
2024,Tete,Angónia,Novembro,32.0
2024,Tete,Angónia,Outubro,32.0
2024,Tete,Angónia,Setembro,31.0
2024,Tete,Cahora-Bassa,Setembro,63.0
2024,Tete,Changara,Dezembro,6.0
2024,Tete,Chiuta,Dezembro,10.0
2024,Tete,Angónia,Julho,28.0
2024,Tete,Macanga,Janeiro,3.0
2024,Tete,Chiuta,Novembro,7.0
2024,Tete,Chiuta,Outubro,7.0
2024,Tete,Chiuta,Setembro,7.0
2024,Tete,Chiuta,Agosto,7.0
2024,Tete,Chiuta,Julho,6.0
2024,Tete,Chiuta,Junho,5.0
2024,Tete,Chiuta,Maio,5.0
2024,Tete,Chiuta,Abril,5.0
2024,Tete,Chiuta,Março,2.0
2024,Tete,Chiuta,Fevereiro,2.0
2024,Tete,Chiuta,Janeiro,2.0
2024,Tete,Chifunde,Dezembro,1.0
2024,Tete,Chifunde,Novembro,1.0
2024,Tete,Chifunde,Outubro,1.0
2024,Tete,Chifunde,Setembro,1.0
2024,Tete,Chifunde,Agosto,2.0
2024,Tete,Chifunde,Julho,1.0
2024,Tete,Chifunde,Junho,1.0
2024,Tete,Chifunde,Maio,1.0
2024,Tete,Chifunde,Abril,1.0
2024,Tete,Chifunde,Março,1.0
2024,Tete,Chifunde,Fevereiro,1.0
2024,Tete,Chifunde,Janeiro,1.0
2024,Tete,Angónia,Agosto,28.0
2024,Tete,Cahora-Bassa,Agosto,63.0
2024,Tete,Changara,Outubro,5.0
2024,Tete,Angónia,Junho,34.0
2024,Manica,Macate,Novembro,2.0
2024,Manica,Macate,Outubro,2.0
2024,Manica,Vanduzi,Março,6.0
2024,Manica,Macate,Setembro,2.0
2024,Manica,Macate,Agosto,2.0
2024,Manica,Macate,Julho,1.0
2024,Manica,Macate,Junho,1.0
2024,Manica,Macate,Maio,1.0
2024,Manica,Macate,Março,1.0
2024,Manica,Macate,Fevereiro,1.0
2024,Manica,Macate,Janeiro,1.0
2024,Manica,Tambara,Dezembro,14.0
2024,Manica,Tambara,Novembro,14.0
2024,Manica,Tambara,Outubro,14.0
2024,Manica,Tambara,Setembro,14.0
2024,Manica,Tambara,Agosto,14.0
2024,Manica,Tambara,Julho,12.0
2024,Manica,Tambara,Junho,14.0
2024,Manica,Tambara,Maio,13.0
2024,Manica,Tambara,Abril,14.0
2024,Manica,Tambara,Março,14.0
2024,Manica,Tambara,Fevereiro,13.0
2024,Manica,Tambara,Janeiro,13.0
2024,Manica,Sussundenga,Dezembro,19.0
2024,Manica,Sussundenga,Novembro,20.0
2024,Manica,Macate,Dezembro,3.0
2024,Tete,Angónia,Abril,34.0
2024,Sofala,Buzi,Maio,8.0
2024,Tete,Angónia,Fevereiro,33.0
2024,Tete,Macanga,Março,4.0
2024,Tete,Macanga,Maio,4.0
2024,Tete,Angónia,Março,32.0
2024,Tete,Angónia,Janeiro,28.0
2024,Tete,Cidade de Tete,Dezembro,1401.0
2024,Tete,Cidade de Tete,Novembro,1404.0
2024,Tete,Cidade de Tete,Outubro,1394.0
2024,Tete,Cidade de Tete,Setembro,1439.0
2024,Tete,Cidade de Tete,Agosto,1442.0
2024,Tete,Cidade de Tete,Julho,1476.0
2024,Tete,Cidade de Tete,Junho,1496.0
2024,Tete,Cidade de Tete,Maio,1475.0
2024,Tete,Cidade de Tete,Abril,1469.0
2024,Tete,Cidade de Tete,Março,1493.0
2024,Tete,Cidade de Tete,Fevereiro,1480.0
2024,Tete,Cidade de Tete,Janeiro,1467.0
2024,Manica,Vanduzi,Dezembro,7.0
2024,Manica,Vanduzi,Novembro,7.0
2024,Manica,Vanduzi,Outubro,7.0
2024,Manica,Vanduzi,Setembro,7.0
2024,Manica,Vanduzi,Agosto,7.0
2024,Manica,Vanduzi,Julho,7.0
2024,Manica,Vanduzi,Junho,7.0
2024,Manica,Vanduzi,Maio,6.0
2024,Sofala,Chemba,Setembro,3.0
2024,Manica,Vanduzi,Fevereiro,5.0
2024,Tete,Macanga,Abril,4.0
2024,Tete,Doa,Abril,0.0
2024,Tete,Doa,Fevereiro,0.0
2024,Tete,Maravia,Agosto,1.0
2024,Tete,Doa,Agosto,0.0
2024,Tete,Doa,Janeiro,0.0
2024,Tete,Zumbo,Dezembro,3.0
2024,Tete,Zumbo,Novembro,3.0
2024,Tete,Zumbo,Outubro,4.0
2024,Tete,Zumbo,Setembro,4.0
2024,Tete,Zumbo,Agosto,4.0
2024,Tete,Zumbo,Julho,4.0
2024,Tete,Zumbo,Junho,4.0
2024,Tete,Zumbo,Maio,4.0
2024,Tete,Zumbo,Abril,4.0
2024,Tete,Zumbo,Março,3.0
2024,Tete,Zumbo,Fevereiro,4.0
2024,Tete,Zumbo,Janeiro,4.0
2024,Tete,Tsangano,Dezembro,0.0
2024,Tete,Tsangano,Novembro,0.0
2024,Tete,Tsangano,Outubro,0.0
2024,Tete,Tsangano,Setembro,0.0
2024,Tete,Tsangano,Agosto,0.0
2024,Tete,Tsangano,Julho,0.0
2024,Tete,Tsangano,Junho,0.0
2024,Tete,Tsangano,Maio,0.0
2024,Tete,Tsangano,Abril,0.0
2024,Tete,Doa,Maio,0.0
2024,Tete,Tsangano,Março,0.0
2024,Tete,Maravia,Junho,0.0
2024,Tete,Doa,Junho,0.0
2024,Zambézia,Cidade de Quelimane,Setembro,696.0
2024,Tete,Tsangano,Fevereiro,0.0
2024,Zambézia,Cidade de Quelimane,Agosto,687.0
2024,Zambézia,Cidade de Quelimane,Junho,674.0
2024,Zambézia,Cidade de Quelimane,Maio,668.0
2024,Zambézia,Cidade de Quelimane,Abril,693.0
2024,Zambézia,Cidade de Quelimane,Março,695.0
2024,Zambézia,Cidade de Quelimane,Fevereiro,682.0
2024,Zambézia,Cidade de Quelimane,Janeiro,684.0
2024,Tete,Marara,Dezembro,0.0
2024,Tete,Marara,Novembro,0.0
2024,Tete,Marara,Outubro,0.0
2024,Tete,Marara,Setembro,0.0
2024,Tete,Marara,Agosto,0.0
2024,Tete,Marara,Julho,0.0
2024,Tete,Marara,Junho,0.0
2024,Tete,Marara,Maio,0.0
2024,Tete,Marara,Abril,0.0
2024,Tete,Marara,Março,0.0
2024,Tete,Marara,Fevereiro,0.0
2024,Tete,Marara,Janeiro,0.0
2024,Tete,Doa,Dezembro,0.0
2024,Tete,Doa,Novembro,0.0
2024,Tete,Doa,Outubro,0.0
2024,Tete,Doa,Setembro,0.0
2024,Tete,Doa,Julho,0.0
2024,Manica,Sussundenga,Outubro,18.0
2024,Zambézia,Cidade de Quelimane,Julho,679.0
2024,Tete,Macanga,Fevereiro,4.0
2024,Tete,Mutarara,Dezembro,4.0
2024,Tete,Doa,Março,0.0
2024,Tete,Maravia,Outubro,1.0
2024,Tete,Maravia,Março,0.0
2024,Tete,Maravia,Fevereiro,0.0
2024,Tete,Maravia,Janeiro,0.0
2024,Tete,Mágoe,Dezembro,5.0
2024,Tete,Mágoe,Novembro,5.0
2024,Tete,Mágoe,Outubro,5.0
2024,Tete,Mágoe,Setembro,6.0
2024,Tete,Mágoe,Agosto,6.0
2024,Tete,Mágoe,Julho,4.0
2024,Tete,Mágoe,Junho,4.0
2024,Tete,Mágoe,Maio,4.0
2024,Tete,Mágoe,Abril,4.0
2024,Tete,Mágoe,Março,4.0
2024,Tete,Mágoe,Fevereiro,4.0
2024,Tete,Mágoe,Janeiro,4.0
2024,Tete,Macanga,Dezembro,4.0
2024,Tete,Macanga,Novembro,4.0
2024,Tete,Macanga,Outubro,4.0
2024,Tete,Macanga,Setembro,4.0
2024,Tete,Macanga,Agosto,4.0
2024,Tete,Macanga,Julho,4.0
2024,Tete,Macanga,Junho,4.0
2024,Tete,Maravia,Julho,1.0
2024,Tete,Tsangano,Janeiro,0.0
2024,Tete,Maravia,Abril,0.0
2024,Tete,Maravia,Maio,0.0
2024,Tete,Mutarara,Novembro,3.0
2024,Manica,Sussundenga,Julho,16.0
2024,Tete,Mutarara,Outubro,3.0
2024,Tete,Mutarara,Agosto,3.0
2024,Tete,Mutarara,Julho,1.0
2024,Tete,Mutarara,Junho,0.0
2024,Tete,Mutarara,Maio,0.0
2024,Tete,Mutarara,Abril,0.0
2024,Tete,Mutarara,Março,0.0
2024,Tete,Mutarara,Fevereiro,0.0
2024,Tete,Mutarara,Janeiro,0.0
2024,Tete,Moatize,Dezembro,87.0
2024,Tete,Moatize,Novembro,87.0
2024,Tete,Moatize,Outubro,86.0
2024,Tete,Moatize,Setembro,89.0
2024,Tete,Moatize,Agosto,88.0
2024,Tete,Moatize,Julho,87.0
2024,Tete,Moatize,Junho,92.0
2024,Tete,Moatize,Maio,90.0
2024,Tete,Moatize,Abril,87.0
2024,Tete,Moatize,Março,83.0
2024,Tete,Moatize,Fevereiro,83.0
2024,Tete,Moatize,Janeiro,80.0
2024,Tete,Maravia,Dezembro,1.0
2024,Tete,Maravia,Novembro,1.0
2024,Tete,Maravia,Setembro,1.0
2024,Manica,Sussundenga,Setembro,18.0
2024,Tete,Mutarara,Setembro,3.0
2024,Manica,Vanduzi,Janeiro,5.0
2024,Manica,Vanduzi,Abril,7.0
2024,Sofala,Machanga,Abril,10.0
2024,Sofala,Machanga,Maio,5.0
2024,Sofala,Marromeu,Outubro,24.0
2024,Sofala,Machanga,Janeiro,5.0
2024,Sofala,Gorongoza,Dezembro,23.0
2024,Sofala,Gorongoza,Novembro,23.0
2024,Sofala,Gorongoza,Outubro,23.0
2024,Sofala,Gorongoza,Setembro,23.0
2024,Sofala,Gorongoza,Agosto,23.0
2024,Sofala,Gorongoza,Julho,21.0
2024,Sofala,Gorongoza,Junho,19.0
2024,Sofala,Gorongoza,Maio,17.0
2024,Sofala,Marromeu,Setembro,24.0
2024,Sofala,Gorongoza,Abril,24.0
2024,Sofala,Gorongoza,Fevereiro,21.0
2024,Sofala,Gorongoza,Janeiro,21.0
2024,Sofala,Dondo,Dezembro,86.0
2024,Sofala,Dondo,Novembro,86.0
2024,Sofala,Dondo,Outubro,85.0
2024,Sofala,Dondo,Setembro,84.0
2024,Sofala,Dondo,Agosto,80.0
2024,Sofala,Dondo,Julho,76.0
2024,Sofala,Dondo,Junho,79.0
2024,Sofala,Dondo,Maio,80.0
2024,Sofala,Machanga,Junho,6.0
2024,Sofala,Gorongoza,Março,20.0
2024,Sofala,Marromeu,Julho,24.0
2024,Sofala,Dondo,Janeiro,88.0
2024,Sofala,Dondo,Março,93.0
2024,Manica,Macossa,Janeiro,2.0
2024,Sofala,Marromeu,Agosto,24.0
2024,Sofala,Marromeu,Junho,22.0
2024,Sofala,Marromeu,Maio,19.0
2024,Sofala,Marromeu,Abril,18.0
2024,Sofala,Marromeu,Março,17.0
2024,Sofala,Marromeu,Fevereiro,17.0
2024,Sofala,Marromeu,Janeiro,17.0
2024,Sofala,Maringue,Dezembro,2.0
2024,Sofala,Maringue,Novembro,2.0
2024,Sofala,Maringue,Outubro,2.0
2024,Sofala,Maringue,Setembro,2.0
2024,Sofala,Maringue,Agosto,2.0
2024,Sofala,Maringue,Julho,2.0
2024,Sofala,Maringue,Junho,3.0
2024,Sofala,Maringue,Maio,3.0
2024,Sofala,Maringue,Abril,3.0
2024,Sofala,Maringue,Março,4.0
2024,Sofala,Maringue,Fevereiro,5.0
2024,Sofala,Maringue,Janeiro,6.0
2024,Sofala,Machanga,Dezembro,5.0
2024,Sofala,Machanga,Novembro,5.0
2024,Sofala,Machanga,Outubro,5.0
2024,Sofala,Machanga,Agosto,5.0
2024,Sofala,Marromeu,Novembro,26.0
2024,Sofala,Dondo,Abril,82.0
2024,Sofala,Machanga,Julho,5.0
2024,Sofala,Machanga,Setembro,5.0
2024,Sofala,Chemba,Julho,2.0
2024,Sofala,Chibabava,Novembro,16.0
2024,Sofala,Chibabava,Dezembro,16.0
2024,Sofala,Caia,Abril,12.0
2024,Sofala,Chemba,Março,2.0
2024,Sofala,Chemba,Fevereiro,2.0
2024,Sofala,Chemba,Janeiro,2.0
2024,Sofala,Caia,Dezembro,15.0
2024,Sofala,Caia,Novembro,15.0
2024,Sofala,Caia,Outubro,14.0
2024,Sofala,Caia,Setembro,15.0
2024,Sofala,Caia,Agosto,14.0
2024,Sofala,Caia,Julho,14.0
2024,Sofala,Caia,Junho,13.0
2024,Sofala,Caia,Maio,12.0
2024,Sofala,Caia,Março,12.0
2024,Sofala,Chemba,Novembro,3.0
2024,Sofala,Caia,Fevereiro,17.0
2024,Sofala,Caia,Janeiro,18.0
2024,Sofala,Buzi,Dezembro,8.0
2024,Sofala,Buzi,Novembro,8.0
2024,Sofala,Buzi,Outubro,8.0
2024,Sofala,Buzi,Setembro,8.0
2024,Sofala,Buzi,Agosto,20.0
2024,Sofala,Buzi,Julho,9.0
2024,Sofala,Chemba,Agosto,3.0
2024,Sofala,Chibabava,Outubro,16.0
2024,Manica,Machaze,Dezembro,10.0
2024,Sofala,Marromeu,Dezembro,27.0
2024,Sofala,Chemba,Outubro,3.0
2024,Sofala,Chemba,Junho,3.0
2024,Sofala,Chemba,Maio,2.0
2024,Sofala,Chemba,Abril,3.0
2024,Sofala,Chibabava,Setembro,12.0
2024,Sofala,Chibabava,Agosto,13.0
2024,Sofala,Chibabava,Julho,10.0
2024,Sofala,Chibabava,Junho,13.0
2024,Sofala,Chibabava,Maio,13.0
2024,Sofala,Chibabava,Abril,16.0
2024,Sofala,Chibabava,Março,14.0
2024,Sofala,Chibabava,Fevereiro,10.0
2024,Sofala,Chibabava,Janeiro,10.0
2024,Sofala,Cheringoma,Dezembro,12.0
2024,Sofala,Cheringoma,Novembro,8.0
2024,Sofala,Cheringoma,Outubro,8.0
2024,Sofala,Cheringoma,Setembro,9.0
2024,Sofala,Cheringoma,Agosto,9.0
2024,Sofala,Cheringoma,Julho,7.0
2024,Sofala,Cheringoma,Junho,8.0
2024,Sofala,Cheringoma,Maio,8.0
2024,Sofala,Cheringoma,Abril,8.0
2024,Sofala,Cheringoma,Março,6.0
2024,Sofala,Cheringoma,Fevereiro,7.0
2024,Sofala,Cheringoma,Janeiro,7.0
2024,Sofala,Chemba,Dezembro,3.0
2024,Zambézia,Cidade de Quelimane,Novembro,696.0
2024,Manica,Machaze,Novembro,10.0
2024,Sofala,Muanza,Fevereiro,3.0
2024,Manica,Gondola,Outubro,37.0
2024,Manica,Cidade de Chimoio,Março,859.0
2024,Manica,Macossa,Maio,3.0
2024,Manica,Machaze,Outubro,10.0
2024,Manica,Machaze,Setembro,10.0
2024,Manica,Machaze,Agosto,10.0
2024,Manica,Machaze,Julho,10.0
2024,Manica,Machaze,Junho,12.0
2024,Manica,Machaze,Maio,10.0
2024,Manica,Machaze,Abril,12.0
2024,Manica,Machaze,Março,12.0
2024,Manica,Machaze,Fevereiro,12.0
2024,Manica,Machaze,Janeiro,14.0
2024,Manica,Guro,Dezembro,5.0
2024,Manica,Guro,Novembro,5.0
2024,Manica,Guro,Outubro,4.0
2024,Manica,Guro,Setembro,4.0
2024,Manica,Guro,Agosto,1.0
2024,Manica,Guro,Julho,0.0
2024,Manica,Guro,Junho,1.0
2024,Manica,Guro,Maio,0.0
2024,Manica,Guro,Abril,0.0
2024,Manica,Guro,Março,1.0
2024,Manica,Guro,Fevereiro,1.0
2024,Manica,Guro,Janeiro,1.0
2024,Manica,Macossa,Fevereiro,2.0
2024,Manica,Sussundenga,Junho,15.0
2024,Manica,Gondola,Dezembro,36.0
2024,Manica,Sussundenga,Abril,11.0
2024,Sofala,Muanza,Janeiro,3.0
2024,Sofala,Machanga,Março,8.0
2024,Manica,Sussundenga,Maio,14.0
2024,Manica,Sussundenga,Março,7.0
2024,Manica,Sussundenga,Fevereiro,5.0
2024,Manica,Sussundenga,Janeiro,5.0
2024,Manica,Mossurize,Dezembro,2.0
2024,Manica,Mossurize,Novembro,2.0
2024,Manica,Mossurize,Outubro,2.0
2024,Manica,Mossurize,Setembro,2.0
2024,Manica,Mossurize,Agosto,3.0
2024,Manica,Mossurize,Julho,2.0
2024,Manica,Mossurize,Junho,2.0
2024,Manica,Mossurize,Maio,2.0
2024,Manica,Mossurize,Abril,2.0
2024,Manica,Mossurize,Março,2.0
2024,Manica,Mossurize,Fevereiro,2.0
2024,Manica,Mossurize,Janeiro,2.0
2024,Manica,Macossa,Dezembro,4.0
2024,Manica,Macossa,Novembro,4.0
2024,Manica,Macossa,Outubro,4.0
2024,Manica,Macossa,Setembro,4.0
2024,Manica,Macossa,Agosto,3.0
2024,Manica,Macossa,Julho,3.0
2024,Manica,Macossa,Junho,3.0
2024,Manica,Cidade de Chimoio,Maio,841.0
2024,Manica,Gondola,Novembro,37.0
2024,Manica,Macossa,Março,2.0
2024,Manica,Macossa,Abril,3.0
2024,Manica,Cidade de Chimoio,Fevereiro,808.0
2024,Manica,Cidade de Chimoio,Janeiro,862.0
2024,Manica,Cidade de Chimoio,Julho,852.0
2024,Sofala,Nhamatanda,Dezembro,34.0
2024,Sofala,Nhamatanda,Novembro,34.0
2024,Sofala,Nhamatanda,Outubro,33.0
2024,Sofala,Nhamatanda,Setembro,33.0
2024,Sofala,Nhamatanda,Agosto,32.0
2024,Sofala,Nhamatanda,Julho,26.0
2024,Sofala,Nhamatanda,Junho,30.0
2024,Sofala,Nhamatanda,Maio,29.0
2024,Sofala,Nhamatanda,Abril,31.0
2024,Sofala,Nhamatanda,Março,28.0
2024,Sofala,Nhamatanda,Janeiro,22.0
2024,Sofala,Muanza,Dezembro,3.0
2024,Sofala,Muanza,Novembro,2.0
2024,Sofala,Muanza,Outubro,2.0
2024,Sofala,Muanza,Setembro,2.0
2024,Sofala,Muanza,Agosto,2.0
2024,Sofala,Muanza,Julho,2.0
2024,Sofala,Muanza,Junho,2.0
2024,Sofala,Muanza,Maio,2.0
2024,Sofala,Muanza,Abril,3.0
2024,Sofala,Muanza,Março,4.0
2024,Manica,Cidade de Chimoio,Abril,851.0
2024,Manica,Gondola,Setembro,40.0
2024,Manica,Gondola,Agosto,41.0
2024,Manica,Gondola,Junho,38.0
2024,Sofala,Nhamatanda,Fevereiro,22.0
2024,Inhambane,Funhaloro,Dezembro,18.0
2024,Sofala,Machanga,Fevereiro,5.0
2024,Niassa,Chimbunhila,Dezembro,1.0
2024,Manica,Gondola,Julho,37.0
2024,Manica,Gondola,Maio,37.0
2024,Manica,Gondola,Abril,36.0
2024,Manica,Gondola,Março,29.0
2024,Manica,Gondola,Fevereiro,33.0
2024,Manica,Gondola,Janeiro,40.0
2024,Manica,Bárue,Novembro,25.0
2024,Manica,Bárue,Outubro,23.0
2024,Manica,Bárue,Setembro,23.0
2024,Manica,Bárue,Agosto,25.0
2024,Manica,Bárue,Julho,23.0
2024,Manica,Bárue,Dezembro,26.0
2024,Manica,Bárue,Junho,22.0
2024,Manica,Cidade de Chimoio,Junho,853.0
2024,Manica,Cidade de Chimoio,Agosto,836.0
2024,Manica,Cidade de Chimoio,Setembro,852.0
2024,Manica,Cidade de Chimoio,Outubro,850.0
2024,Manica,Cidade de Chimoio,Dezembro,892.0
2024,Manica,Cidade de Chimoio,Novembro,879.0
2024,Manica,Bárue,Fevereiro,16.0
2024,Manica,Bárue,Março,20.0
2024,Manica,Bárue,Abril,22.0
2024,Manica,Bárue,Maio,22.0
2024,Manica,Bárue,Janeiro,17.0
2025,Sofala,Marromeu,Outubro,27.0
2025,Manica,Bárue,Julho,19.0
2025,Sofala,Marromeu,Setembro,27.0
2025,Sofala,Marromeu,Agosto,26.0
2025,Sofala,Nhamatanda,Novembro,33.0
2025,Sofala,Nhamatanda,Dezembro,33.0
2025,Manica,Bárue,Março,25.0
2025,Manica,Bárue,Janeiro,25.0
2025,Manica,Bárue,Maio,23.0
2025,Manica,Bárue,Abril,24.0
2025,Manica,Bárue,Fevereiro,25.0
2025,Sofala,Marromeu,Novembro,25.0
2025,Manica,Manica,Fevereiro,1227.0
2025,Sofala,Marromeu,Dezembro,23.0
2025,Sofala,Nhamatanda,Janeiro,35.0
2025,Sofala,Muanza,Fevereiro,3.0
2025,Sofala,Muanza,Março,3.0
2025,Sofala,Muanza,Abril,3.0
2025,Sofala,Muanza,Maio,3.0
2025,Sofala,Muanza,Junho,3.0
2025,Sofala,Muanza,Julho,3.0
2025,Sofala,Muanza,Agosto,3.0
2025,Sofala,Muanza,Setembro,2.0
2025,Sofala,Muanza,Outubro,2.0
2025,Sofala,Muanza,Novembro,2.0
2025,Sofala,Muanza,Dezembro,2.0
2025,Sofala,Nhamatanda,Fevereiro,35.0
2025,Manica,Cidade de Chimoio,Dezembro,788.0
2025,Sofala,Nhamatanda,Março,36.0
2025,Sofala,Muanza,Janeiro,3.0
2025,Manica,Cidade de Chimoio,Novembro,913.0
2025,Nampula,Ilha de Moçambique,Maio,30.0
2025,Manica,Cidade de Chimoio,Setembro,881.0
2025,Sofala,Nhamatanda,Abril,36.0
2025,Nampula,Cidade de Nacala-Porto,Junho,501.0
2025,Nampula,Angoche,Novembro,27.0
2025,Nampula,Angoche,Dezembro,27.0
2025,Nampula,Ilha de Moçambique,Janeiro,32.0
2025,Nampula,Ilha de Moçambique,Março,33.0
2025,Nampula,Ilha de Moçambique,Abril,32.0
2025,Nampula,Ilha de Moçambique,Junho,31.0
2025,Nampula,Angoche,Outubro,26.0
2025,Nampula,Ilha de Moçambique,Julho,30.0
2025,Niassa,Chimbunhila,Dezembro,1.0
2025,Manica,Manica,Janeiro,1208.0
2025,Manica,Manica,Março,1246.0
2025,Manica,Manica,Abril,1228.0
2025,Manica,Cidade de Chimoio,Outubro,898.0
2025,Manica,Manica,Maio,1232.0
2025,Manica,Manica,Julho,1205.0
2025,Manica,Manica,Agosto,1182.0
2025,Manica,Manica,Setembro,1177.0
2025,Manica,Manica,Outubro,1190.0
2025,Manica,Manica,Novembro,1206.0
2025,Manica,Manica,Dezembro,1076.0
2025,Manica,Cidade de Chimoio,Janeiro,893.0
2025,Manica,Cidade de Chimoio,Fevereiro,907.0
2025,Manica,Cidade de Chimoio,Março,930.0
2025,Manica,Cidade de Chimoio,Abril,915.0
2025,Manica,Cidade de Chimoio,Maio,921.0
2025,Manica,Cidade de Chimoio,Junho,933.0
2025,Manica,Cidade de Chimoio,Julho,907.0
2025,Manica,Cidade de Chimoio,Agosto,886.0
2025,Manica,Manica,Junho,1238.0
2025,Nampula,Ilha de Moçambique,Fevereiro,32.0
2025,Nampula,Angoche,Setembro,27.0
2025,Sofala,Nhamatanda,Julho,33.0
2025,Niassa,Muembe,Maio,3.0
2025,Niassa,Muembe,Abril,3.0
2025,Niassa,Muembe,Março,3.0
2025,Niassa,Muembe,Fevereiro,3.0
2025,Niassa,Muembe,Janeiro,3.0
2025,Niassa,Nipepe,Abril,3.0
2025,Niassa,Metarica,Dezembro,0.0
2025,Niassa,Nipepe,Maio,3.0
2025,Niassa,Nipepe,Julho,3.0
2025,Niassa,Chimbunhila,Outubro,1.0
2025,Niassa,Chimbunhila,Setembro,1.0
2025,Niassa,Chimbunhila,Agosto,1.0
2025,Niassa,Chimbunhila,Julho,1.0
2025,Niassa,Chimbunhila,Junho,1.0
2025,Niassa,Chimbunhila,Maio,1.0
2025,Niassa,Chimbunhila,Abril,1.0
2025,Niassa,Chimbunhila,Março,2.0
2025,Niassa,Chimbunhila,Fevereiro,1.0
2025,Niassa,Chimbunhila,Janeiro,2.0
2025,Niassa,Sanga,Dezembro,2.0
2025,Niassa,Sanga,Novembro,2.0
2025,Niassa,Sanga,Outubro,2.0
2025,Niassa,Sanga,Setembro,2.0
2025,Niassa,Sanga,Agosto,4.0
2025,Niassa,Sanga,Julho,4.0
2025,Niassa,Muembe,Junho,3.0
2025,Niassa,Muembe,Julho,3.0
2025,Niassa,Muembe,Agosto,3.0
2025,Niassa,Muembe,Setembro,4.0
2025,Cabo Delgado,Quissanga,Maio,3.0
2025,Cabo Delgado,Quissanga,Abril,7.0
2025,Cabo Delgado,Quissanga,Março,8.0
2025,Cabo Delgado,Quissanga,Fevereiro,9.0
2025,Cabo Delgado,Pemba-Metuge,Dezembro,7.0
2025,Cabo Delgado,Nangade,Junho,7.0
2025,Niassa,Marrupa,Agosto,7.0
2025,Niassa,Marrupa,Outubro,9.0
2025,Niassa,Nipepe,Março,3.0
2025,Niassa,Nipepe,Fevereiro,3.0
2025,Tete,Marara,Julho,0.0
2025,Niassa,N´gauma,Dezembro,0.0
2025,Niassa,Sanga,Junho,4.0
2025,Niassa,N´gauma,Novembro,0.0
2025,Niassa,N´gauma,Setembro,0.0
2025,Niassa,N´gauma,Agosto,0.0
2025,Niassa,N´gauma,Julho,0.0
2025,Niassa,N´gauma,Junho,0.0
2025,Niassa,N´gauma,Maio,0.0
2025,Niassa,N´gauma,Abril,0.0
2025,Niassa,N´gauma,Março,0.0
2025,Niassa,N´gauma,Fevereiro,0.0
2025,Niassa,N´gauma,Janeiro,0.0
2025,Niassa,Muembe,Dezembro,3.0
2025,Niassa,Muembe,Novembro,4.0
2025,Niassa,Muembe,Outubro,4.0
2025,Niassa,N´gauma,Outubro,0.0
2025,Niassa,Sanga,Maio,4.0
2025,Niassa,Sanga,Abril,4.0
2025,Niassa,Sanga,Março,4.0
2025,Niassa,Maúa,Junho,6.0
2025,Niassa,Maúa,Maio,6.0
2025,Niassa,Maúa,Abril,6.0
2025,Niassa,Maúa,Março,7.0
2025,Niassa,Maúa,Fevereiro,7.0
2025,Niassa,Maúa,Janeiro,7.0
2025,Niassa,Marrupa,Dezembro,9.0
2025,Niassa,Marrupa,Novembro,9.0
2025,Niassa,Mecanhelas,Fevereiro,14.0
2025,Niassa,Metarica,Outubro,0.0
2025,Niassa,Mecanhelas,Março,15.0
2025,Niassa,Mecanhelas,Maio,13.0
2025,Niassa,Maúa,Julho,7.0
2025,Niassa,Metarica,Agosto,0.0
2025,Niassa,Metarica,Junho,0.0
2025,Niassa,Metarica,Maio,0.0
2025,Niassa,Metarica,Abril,0.0
2025,Niassa,Metarica,Março,0.0
2025,Niassa,Metarica,Fevereiro,0.0
2025,Niassa,Metarica,Janeiro,0.0
2025,Niassa,Mecula,Dezembro,4.0
2025,Niassa,Mecula,Novembro,4.0
2025,Niassa,Mecula,Outubro,4.0
2025,Niassa,Mecula,Setembro,4.0
2025,Niassa,Mecula,Agosto,5.0
2025,Niassa,Mecula,Julho,5.0
2025,Niassa,Metarica,Julho,0.0
2025,Cabo Delgado,Quissanga,Junho,4.0
2025,Niassa,Maúa,Agosto,7.0
2025,Niassa,Maúa,Outubro,7.0
2025,Niassa,Sanga,Fevereiro,4.0
2025,Niassa,Sanga,Janeiro,4.0
2025,Niassa,Nipepe,Dezembro,4.0
2025,Niassa,Nipepe,Novembro,4.0
2025,Niassa,Nipepe,Outubro,4.0
2025,Niassa,Nipepe,Setembro,3.0
2025,Niassa,Nipepe,Agosto,3.0
2025,Niassa,Nipepe,Junho,3.0
2025,Niassa,Marrupa,Setembro,8.0
2025,Niassa,Metarica,Novembro,0.0
2025,Niassa,Metarica,Setembro,0.0
2025,Niassa,Mecanhelas,Janeiro,15.0
2025,Niassa,Maúa,Setembro,7.0
2025,Niassa,Mavago,Dezembro,0.0
2025,Niassa,Mavago,Outubro,0.0
2025,Niassa,Mavago,Setembro,0.0
2025,Niassa,Mavago,Agosto,0.0
2025,Niassa,Mavago,Julho,0.0
2025,Niassa,Mavago,Junho,0.0
2025,Niassa,Mavago,Maio,0.0
2025,Niassa,Mavago,Abril,0.0
2025,Niassa,Mavago,Março,0.0
2025,Niassa,Mavago,Fevereiro,0.0
2025,Niassa,Mavago,Janeiro,0.0
2025,Niassa,Maúa,Dezembro,7.0
2025,Niassa,Maúa,Novembro,7.0
2025,Niassa,Mavago,Novembro,0.0
2025,Cabo Delgado,Quissanga,Julho,3.0
2025,Cabo Delgado,Quissanga,Agosto,3.0
2025,Cabo Delgado,Quissanga,Setembro,4.0
2025,Niassa,Cidade de Lichinga,Setembro,356.0
2025,Niassa,Lago,Dezembro,18.0
2025,Niassa,Cidade de Lichinga,Agosto,359.0
2025,Niassa,Manjune,Janeiro,3.0
2025,Niassa,Manjune,Março,3.0
2025,Niassa,Marrupa,Junho,9.0
2025,Niassa,Marrupa,Maio,9.0
2025,Niassa,Marrupa,Abril,10.0
2025,Niassa,Marrupa,Março,11.0
2025,Niassa,Marrupa,Fevereiro,11.0
2025,Niassa,Marrupa,Janeiro,11.0
2025,Niassa,Mandimba,Dezembro,14.0
2025,Niassa,Cidade de Lichinga,Outubro,364.0
2025,Niassa,Mandimba,Novembro,15.0
2025,Niassa,Mandimba,Setembro,16.0
2025,Niassa,Mandimba,Agosto,17.0
2025,Niassa,Mandimba,Julho,16.0
2025,Niassa,Mandimba,Junho,16.0
2025,Niassa,Mandimba,Maio,14.0
2025,Niassa,Mandimba,Abril,16.0
2025,Niassa,Mandimba,Março,17.0
2025,Niassa,Mandimba,Fevereiro,18.0
2025,Niassa,Mandimba,Janeiro,20.0
2025,Niassa,Manjune,Dezembro,3.0
2025,Niassa,Manjune,Novembro,3.0
2025,Niassa,Manjune,Outubro,3.0
2025,Niassa,Mandimba,Outubro,16.0
2025,Niassa,Manjune,Setembro,3.0
2025,Niassa,Cidade de Lichinga,Novembro,361.0
2025,Niassa,Cuamba,Janeiro,83.0
2025,Zambézia,Mopeia,Maio,17.0
2025,Nampula,Nacala-Velha,Agosto,10.0
2025,Niassa,Nipepe,Janeiro,3.0
2025,Nampula,Nacala-Velha,Outubro,9.0
2025,Niassa,Lago,Novembro,18.0
2025,Niassa,Lago,Outubro,19.0
2025,Niassa,Lago,Setembro,19.0
2025,Niassa,Lago,Agosto,18.0
2025,Niassa,Lago,Julho,20.0
2025,Niassa,Lago,Junho,20.0
2025,Niassa,Lago,Maio,20.0
2025,Niassa,Lago,Abril,20.0
2025,Niassa,Cidade de Lichinga,Dezembro,361.0
2025,Niassa,Lago,Março,22.0
2025,Niassa,Lago,Janeiro,22.0
2025,Niassa,Cuamba,Dezembro,82.0
2025,Niassa,Cuamba,Novembro,82.0
2025,Niassa,Cuamba,Outubro,82.0
2025,Niassa,Cuamba,Setembro,81.0
2025,Niassa,Cuamba,Agosto,81.0
2025,Niassa,Cuamba,Julho,79.0
2025,Niassa,Cuamba,Junho,84.0
2025,Niassa,Cuamba,Maio,82.0
2025,Niassa,Cuamba,Abril,78.0
2025,Niassa,Cuamba,Março,82.0
2025,Niassa,Cuamba,Fevereiro,84.0
2025,Niassa,Lago,Fevereiro,22.0
2025,Niassa,Mecula,Junho,6.0
2025,Niassa,Manjune,Agosto,3.0
2025,Niassa,Manjune,Junho,3.0
2025,Cabo Delgado,Nangade,Setembro,6.0
2025,Cabo Delgado,Nangade,Agosto,6.0
2025,Cabo Delgado,Nangade,Julho,7.0
2025,Cabo Delgado,Pemba-Metuge,Outubro,7.0
2025,Niassa,Cidade de Lichinga,Junho,406.0
2025,Cabo Delgado,Pemba-Metuge,Novembro,12.0
2025,Cabo Delgado,Quissanga,Janeiro,9.0
2025,Niassa,Cidade de Lichinga,Abril,388.0
2025,Niassa,Cidade de Lichinga,Março,387.0
2025,Niassa,Cidade de Lichinga,Fevereiro,386.0
2025,Niassa,Cidade de Lichinga,Janeiro,379.0
2025,Niassa,Niassa,Dezembro,519.0
2025,Cabo Delgado,Nangade,Outubro,5.0
2025,Niassa,Niassa,Novembro,521.0
2025,Niassa,Niassa,Setembro,515.0
2025,Niassa,Niassa,Agosto,518.0
2025,Niassa,Niassa,Julho,530.0
2025,Niassa,Niassa,Junho,574.0
2025,Niassa,Niassa,Maio,559.0
2025,Niassa,Niassa,Abril,553.0
2025,Niassa,Niassa,Março,563.0
2025,Niassa,Niassa,Fevereiro,563.0
2025,Niassa,Niassa,Janeiro,559.0
2025,Cabo Delgado,Quissanga,Dezembro,8.0
2025,Cabo Delgado,Quissanga,Novembro,3.0
2025,Cabo Delgado,Quissanga,Outubro,4.0
2025,Niassa,Niassa,Outubro,526.0
2025,Niassa,Manjune,Julho,3.0
2025,Cabo Delgado,Nangade,Novembro,5.0
2025,Cabo Delgado,Palma,Janeiro,30.0
2025,Niassa,Manjune,Maio,3.0
2025,Niassa,Manjune,Abril,3.0
2025,Niassa,Manjune,Fevereiro,3.0
2025,Niassa,Marrupa,Julho,8.0
2025,Niassa,Cidade de Lichinga,Julho,368.0
2025,Niassa,Cidade de Lichinga,Maio,395.0
2025,Cabo Delgado,Pemba-Metuge,Setembro,7.0
2025,Cabo Delgado,Pemba-Metuge,Agosto,6.0
2025,Cabo Delgado,Pemba-Metuge,Julho,6.0
2025,Cabo Delgado,Pemba-Metuge,Junho,6.0
2025,Cabo Delgado,Pemba-Metuge,Maio,6.0
2025,Cabo Delgado,Pemba-Metuge,Abril,6.0
2025,Cabo Delgado,Nangade,Dezembro,5.0
2025,Cabo Delgado,Pemba-Metuge,Março,7.0
2025,Cabo Delgado,Pemba-Metuge,Janeiro,7.0
2025,Cabo Delgado,Palma,Dezembro,36.0
2025,Cabo Delgado,Palma,Novembro,37.0
2025,Cabo Delgado,Palma,Outubro,37.0
2025,Cabo Delgado,Palma,Setembro,37.0
2025,Cabo Delgado,Palma,Agosto,36.0
2025,Cabo Delgado,Palma,Julho,35.0
2025,Cabo Delgado,Palma,Junho,37.0
2025,Cabo Delgado,Palma,Maio,37.0
2025,Cabo Delgado,Palma,Abril,35.0
2025,Cabo Delgado,Palma,Março,36.0
2025,Cabo Delgado,Palma,Fevereiro,31.0
2025,Cabo Delgado,Pemba-Metuge,Fevereiro,7.0
2025,Zambézia,Mopeia,Julho,16.0
2025,Niassa,Mecula,Maio,6.0
2025,Niassa,Mecula,Março,7.0
2025,Cabo Delgado,Montepuez,Junho,77.0
2025,Cabo Delgado,Montepuez,Maio,77.0
2025,Cabo Delgado,Montepuez,Abril,73.0
2025,Cabo Delgado,Montepuez,Março,66.0
2025,Cabo Delgado,Montepuez,Fevereiro,66.0
2025,Cabo Delgado,Montepuez,Janeiro,66.0
2025,Cabo Delgado,Mocimboa da Praia,Dezembro,7.0
2025,Cabo Delgado,Mocimboa da Praia,Novembro,7.0
2025,Cabo Delgado,Mocimboa da Praia,Outubro,7.0
2025,Cabo Delgado,Mocimboa da Praia,Setembro,7.0
2025,Cabo Delgado,Mocimboa da Praia,Agosto,6.0
2025,Cabo Delgado,Mocimboa da Praia,Julho,8.0
2025,Cabo Delgado,Mocimboa da Praia,Junho,8.0
2025,Cabo Delgado,Mocimboa da Praia,Maio,8.0
2025,Cabo Delgado,Mueda,Agosto,7.0
2025,Cabo Delgado,Mocimboa da Praia,Abril,8.0
2025,Cabo Delgado,Mueda,Setembro,7.0
2025,Cabo Delgado,Mueda,Novembro,8.0
2025,Cabo Delgado,Nangade,Fevereiro,7.0
2025,Cabo Delgado,Nangade,Janeiro,7.0
2025,Cabo Delgado,Namuno,Dezembro,4.0
2025,Cabo Delgado,Namuno,Novembro,4.0
2025,Cabo Delgado,Namuno,Outubro,4.0
2025,Cabo Delgado,Namuno,Setembro,4.0
2025,Cabo Delgado,Namuno,Agosto,4.0
2025,Cabo Delgado,Montepuez,Julho,70.0
2025,Cabo Delgado,Montepuez,Agosto,58.0
2025,Cabo Delgado,Montepuez,Setembro,56.0
2025,Cabo Delgado,Montepuez,Outubro,57.0
2025,Nampula,Ribaué,Junho,25.0
2025,Nampula,Ribaué,Maio,23.0
2025,Nampula,Ribaué,Abril,21.0
2025,Nampula,Ribaué,Março,23.0
2025,Nampula,Ribaué,Fevereiro,23.0
2025,Nampula,Ribaué,Janeiro,23.0
2025,Nampula,Rapale-Nampula,Dezembro,8.0
2025,Nampula,Rapale-Nampula,Novembro,8.0
2025,Nampula,Rapale-Nampula,Outubro,8.0
2025,Nampula,Rapale-Nampula,Setembro,8.0
2025,Nampula,Rapale-Nampula,Agosto,8.0
2025,Nampula,Rapale-Nampula,Julho,9.0
2025,Cabo Delgado,Namuno,Julho,5.0
2025,Nampula,Rapale-Nampula,Junho,9.0
2025,Cabo Delgado,Nangade,Abril,7.0
2025,Cabo Delgado,Balama,Dezembro,5.0
2025,Cabo Delgado,Chiúre,Fevereiro,17.0
2025,Cabo Delgado,Mueda,Julho,9.0
2025,Cabo Delgado,Mueda,Junho,13.0
2025,Cabo Delgado,Mueda,Maio,15.0
2025,Cabo Delgado,Mueda,Abril,12.0
2025,Cabo Delgado,Mueda,Março,12.0
2025,Cabo Delgado,Mueda,Fevereiro,11.0
2025,Cabo Delgado,Mueda,Janeiro,10.0
2025,Cabo Delgado,Montepuez,Dezembro,56.0
2025,Cabo Delgado,Montepuez,Novembro,58.0
2025,Nampula,Rapale-Nampula,Abril,9.0
2025,Cabo Delgado,Namuno,Junho,5.0
2025,Cabo Delgado,Namuno,Maio,4.0
2025,Cabo Delgado,Namuno,Abril,5.0
2025,Cabo Delgado,Ibo,Julho,2.0
2025,Cabo Delgado,Ibo,Junho,2.0
2025,Cabo Delgado,Ibo,Maio,2.0
2025,Cabo Delgado,Ibo,Abril,2.0
2025,Cabo Delgado,Ibo,Março,2.0
2025,Cabo Delgado,Ibo,Fevereiro,3.0
2025,Cabo Delgado,Ibo,Janeiro,3.0
2025,Cabo Delgado,Chiúre,Dezembro,21.0
2025,Cabo Delgado,Chiúre,Novembro,19.0
2025,Cabo Delgado,Chiúre,Outubro,18.0
2025,Cabo Delgado,Chiúre,Setembro,18.0
2025,Cabo Delgado,Chiúre,Agosto,18.0
2025,Cabo Delgado,Ibo,Agosto,2.0
2025,Cabo Delgado,Chiúre,Julho,18.0
2025,Cabo Delgado,Chiúre,Maio,19.0
2025,Cabo Delgado,Chiúre,Abril,17.0
2025,Cabo Delgado,Chiúre,Março,17.0
2025,Cabo Delgado,Macomia,Junho,1.0
2025,Cabo Delgado,Mocimboa da Praia,Fevereiro,7.0
2025,Cabo Delgado,Macomia,Julho,1.0
2025,Cabo Delgado,Macomia,Setembro,2.0
2025,Cabo Delgado,Meluco,Dezembro,8.0
2025,Cabo Delgado,Meluco,Novembro,8.0
2025,Cabo Delgado,Meluco,Outubro,8.0
2025,Cabo Delgado,Meluco,Setembro,8.0
2025,Cabo Delgado,Meluco,Agosto,8.0
2025,Cabo Delgado,Chiúre,Junho,18.0
2025,Nampula,Ribaué,Julho,24.0
2025,Cabo Delgado,Ibo,Setembro,2.0
2025,Cabo Delgado,Ibo,Novembro,2.0
2025,Cabo Delgado,Namuno,Março,5.0
2025,Cabo Delgado,Namuno,Fevereiro,4.0
2025,Cabo Delgado,Namuno,Janeiro,4.0
2025,Cabo Delgado,Muidumbe,Dezembro,0.0
2025,Cabo Delgado,Muidumbe,Novembro,0.0
2025,Cabo Delgado,Muidumbe,Outubro,0.0
2025,Cabo Delgado,Muidumbe,Setembro,0.0
2025,Cabo Delgado,Muidumbe,Agosto,0.0
2025,Cabo Delgado,Muidumbe,Julho,0.0
2025,Cabo Delgado,Muidumbe,Junho,0.0
2025,Cabo Delgado,Muidumbe,Maio,0.0
2025,Cabo Delgado,Muidumbe,Abril,0.0
2025,Cabo Delgado,Ibo,Outubro,2.0
2025,Cabo Delgado,Muidumbe,Março,0.0
2025,Cabo Delgado,Muidumbe,Janeiro,0.0
2025,Cabo Delgado,Mueda,Dezembro,8.0
2025,Cabo Delgado,Mueda,Outubro,8.0
2025,Cabo Delgado,Chiúre,Janeiro,17.0
2025,Cabo Delgado,Mocimboa da Praia,Março,8.0
2025,Cabo Delgado,Mocimboa da Praia,Janeiro,6.0
2025,Cabo Delgado,Macomia,Maio,2.0
2025,Cabo Delgado,Macomia,Abril,2.0
2025,Cabo Delgado,Macomia,Março,2.0
2025,Cabo Delgado,Macomia,Fevereiro,2.0
2025,Cabo Delgado,Macomia,Janeiro,2.0
2025,Cabo Delgado,Ibo,Dezembro,2.0
2025,Cabo Delgado,Muidumbe,Fevereiro,0.0
2025,Nampula,Ribaué,Agosto,23.0
2025,Nampula,Ribaué,Setembro,24.0
2025,Nampula,Ribaué,Outubro,24.0
2025,Nampula,Larde,Outubro,0.0
2025,Nampula,Larde,Setembro,0.0
2025,Nampula,Larde,Agosto,0.0
2025,Nampula,Larde,Julho,0.0
2025,Nampula,Larde,Junho,0.0
2025,Nampula,Larde,Maio,0.0
2025,Nampula,Larde,Abril,0.0
2025,Nampula,Larde,Março,0.0
2025,Nampula,Larde,Fevereiro,0.0
2025,Nampula,Larde,Janeiro,0.0
2025,Cabo Delgado,Cidade de Pemba,Abril,968.0
2025,Nampula,Liupo,Dezembro,0.0
2025,Nampula,Larde,Novembro,0.0
2025,Cabo Delgado,Cidade de Pemba,Maio,963.0
2025,Cabo Delgado,Balama,Outubro,5.0
2025,Cabo Delgado,Balama,Setembro,5.0
2025,Cabo Delgado,Balama,Agosto,6.0
2025,Cabo Delgado,Balama,Julho,6.0
2025,Cabo Delgado,Balama,Junho,6.0
2025,Cabo Delgado,Balama,Maio,7.0
2025,Cabo Delgado,Balama,Abril,7.0
2025,Cabo Delgado,Balama,Março,7.0
2025,Cabo Delgado,Balama,Fevereiro,7.0
2025,Cabo Delgado,Balama,Janeiro,7.0
2025,Cabo Delgado,Ancuabe,Dezembro,7.0
2025,Cabo Delgado,Ancuabe,Novembro,7.0
2025,Cabo Delgado,Cidade de Pemba,Julho,919.0
2025,Cabo Delgado,Ancuabe,Outubro,6.0
2025,Nampula,Larde,Dezembro,0.0
2025,Cabo Delgado,Cabo Delgado,Fevereiro,1149.0
2025,Niassa,Mecula,Fevereiro,7.0
2025,Niassa,Mecula,Janeiro,7.0
2025,Niassa,Mecanhelas,Dezembro,11.0
2025,Niassa,Mecanhelas,Novembro,11.0
2025,Niassa,Mecanhelas,Outubro,11.0
2025,Niassa,Mecanhelas,Setembro,11.0
2025,Niassa,Mecanhelas,Agosto,10.0
2025,Niassa,Mecanhelas,Julho,13.0
2025,Niassa,Mecanhelas,Junho,13.0
2025,Niassa,Mecanhelas,Abril,15.0
2025,Nampula,Nacala-Velha,Setembro,9.0
2025,Cabo Delgado,Nangade,Maio,7.0
2025,Cabo Delgado,Cabo Delgado,Janeiro,1136.0
2025,Cabo Delgado,Nangade,Março,8.0
2025,Cabo Delgado,Cidade de Pemba,Fevereiro,956.0
2025,Cabo Delgado,Cidade de Pemba,Janeiro,946.0
2025,Cabo Delgado,Cabo Delgado,Dezembro,1016.0
2025,Cabo Delgado,Cabo Delgado,Novembro,1097.0
2025,Cabo Delgado,Cabo Delgado,Outubro,1090.0
2025,Cabo Delgado,Cabo Delgado,Setembro,1084.0
2025,Cabo Delgado,Cabo Delgado,Agosto,1081.0
2025,Cabo Delgado,Cabo Delgado,Julho,1109.0
2025,Cabo Delgado,Cabo Delgado,Junho,1173.0
2025,Cabo Delgado,Cabo Delgado,Maio,1172.0
2025,Cabo Delgado,Cabo Delgado,Abril,1172.0
2025,Cabo Delgado,Cabo Delgado,Março,1161.0
2025,Cabo Delgado,Cidade de Pemba,Março,961.0
2025,Niassa,Mecula,Abril,6.0
2025,Cabo Delgado,Ancuabe,Setembro,6.0
2025,Cabo Delgado,Ancuabe,Julho,6.0
2025,Nampula,Nacaroa,Outubro,3.0
2025,Nampula,Nacaroa,Setembro,2.0
2025,Nampula,Nacaroa,Agosto,2.0
2025,Nampula,Nacaroa,Julho,2.0
2025,Nampula,Nacaroa,Junho,2.0
2025,Nampula,Nacaroa,Maio,2.0
2025,Nampula,Nacaroa,Abril,2.0
2025,Nampula,Nacaroa,Março,2.0
2025,Nampula,Nacaroa,Fevereiro,2.0
2025,Nampula,Nacaroa,Janeiro,2.0
2025,Nampula,Nacala-Velha,Dezembro,9.0
2025,Nampula,Nacala-Velha,Novembro,9.0
2025,Nampula,Nacaroa,Novembro,3.0
2025,Nampula,Rapale-Nampula,Fevereiro,7.0
2025,Nampula,Rapale-Nampula,Março,7.0
2025,Nampula,Rapale-Nampula,Maio,9.0
2025,Nampula,Liupo,Agosto,0.0
2025,Nampula,Liupo,Julho,0.0
2025,Nampula,Liupo,Junho,0.0
2025,Nampula,Liupo,Maio,0.0
2025,Nampula,Liupo,Abril,0.0
2025,Nampula,Liupo,Março,0.0
2025,Nampula,Liupo,Fevereiro,0.0
2025,Nampula,Liupo,Janeiro,0.0
2025,Nampula,Ribaué,Dezembro,26.0
2025,Nampula,Ribaué,Novembro,25.0
2025,Nampula,Liupo,Outubro,0.0
2025,Cabo Delgado,Ancuabe,Agosto,6.0
2025,Nampula,Nacaroa,Dezembro,2.0
2025,Nampula,Namapa-Erati,Fevereiro,7.0
2025,Cabo Delgado,Ancuabe,Junho,8.0
2025,Cabo Delgado,Ancuabe,Maio,7.0
2025,Cabo Delgado,Ancuabe,Abril,8.0
2025,Cabo Delgado,Ancuabe,Março,8.0
2025,Cabo Delgado,Ancuabe,Fevereiro,8.0
2025,Cabo Delgado,Ancuabe,Janeiro,8.0
2025,Cabo Delgado,Cidade de Pemba,Dezembro,833.0
2025,Cabo Delgado,Cidade de Pemba,Novembro,914.0
2025,Cabo Delgado,Cidade de Pemba,Outubro,914.0
2025,Cabo Delgado,Cidade de Pemba,Setembro,908.0
2025,Cabo Delgado,Cidade de Pemba,Agosto,906.0
2025,Cabo Delgado,Cidade de Pemba,Junho,966.0
2025,Nampula,Namapa-Erati,Janeiro,7.0
2025,Cabo Delgado,Balama,Novembro,5.0
2025,Nampula,Liupo,Setembro,0.0
2025,Nampula,Rapale-Nampula,Janeiro,7.0
2025,Nampula,Namapa-Erati,Dezembro,6.0
2025,Nampula,Namapa-Erati,Novembro,6.0
2025,Nampula,Namapa-Erati,Outubro,6.0
2025,Nampula,Namapa-Erati,Setembro,6.0
2025,Nampula,Namapa-Erati,Agosto,6.0
2025,Nampula,Namapa-Erati,Julho,7.0
2025,Nampula,Namapa-Erati,Junho,6.0
2025,Nampula,Namapa-Erati,Maio,6.0
2025,Nampula,Namapa-Erati,Abril,6.0
2025,Nampula,Namapa-Erati,Março,7.0
2025,Nampula,Liupo,Novembro,0.0
2025,Zambézia,Mopeia,Agosto,14.0
2025,Zambézia,Mopeia,Setembro,14.0
2025,Zambézia,Mopeia,Outubro,14.0
2025,Nampula,Murrupula,Novembro,6.0
2025,Nampula,Murrupula,Outubro,6.0
2025,Nampula,Murrupula,Agosto,6.0
2025,Nampula,Murrupula,Julho,6.0
2025,Nampula,Murrupula,Junho,6.0
2025,Nampula,Murrupula,Maio,6.0
2025,Nampula,Murrupula,Abril,7.0
2025,Nampula,Murrupula,Março,8.0
2025,Nampula,Murrupula,Fevereiro,8.0
2025,Nampula,Murrupula,Janeiro,10.0
2025,Nampula,Muecate,Dezembro,2.0
2025,Nampula,Muecate,Novembro,2.0
2025,Nampula,Muecate,Outubro,2.0
2025,Nampula,Muecate,Setembro,2.0
2025,Nampula,Muecate,Agosto,2.0
2025,Nampula,Muecate,Julho,2.0
2025,Nampula,Muecate,Junho,2.0
2025,Nampula,Muecate,Maio,1.0
2025,Nampula,Muecate,Abril,1.0
2025,Nampula,Muecate,Fevereiro,0.0
2025,Nampula,Meconta (Namialo),Maio,25.0
2025,Nampula,Moma,Julho,19.0
2025,Nampula,Moma,Maio,20.0
2025,Nampula,Memba,Setembro,2.0
2025,Nampula,Memba,Agosto,2.0
2025,Nampula,Murrupula,Dezembro,6.0
2025,Nampula,Nacala-Velha,Janeiro,11.0
2025,Nampula,Nacala-Velha,Fevereiro,11.0
2025,Nampula,Nacala-Velha,Março,11.0
2025,Nampula,Mossuril,Fevereiro,17.0
2025,Nampula,Mossuril,Janeiro,15.0
2025,Nampula,Monapo,Dezembro,16.0
2025,Nampula,Monapo,Novembro,16.0
2025,Nampula,Monapo,Outubro,16.0
2025,Nampula,Monapo,Setembro,17.0
2025,Nampula,Monapo,Agosto,18.0
2025,Nampula,Monapo,Julho,20.0
2025,Nampula,Monapo,Junho,20.0
2025,Nampula,Monapo,Maio,21.0
2025,Nampula,Monapo,Abril,19.0
2025,Nampula,Monapo,Março,20.0
2025,Nampula,Memba,Julho,1.0
2025,Nampula,Monapo,Fevereiro,21.0
2025,Nampula,Moma,Dezembro,18.0
2025,Nampula,Moma,Novembro,18.0
2025,Nampula,Moma,Outubro,18.0
2025,Nampula,Moma,Setembro,18.0
2025,Nampula,Mossuril,Dezembro,11.0
2025,Nampula,Moma,Agosto,16.0
2025,Nampula,Muecate,Janeiro,0.0
2025,Nampula,Muecate,Março,0.0
2025,Nampula,Nacala-Velha,Junho,10.0
2025,Zambézia,Mulevala,Março,0.0
2025,Nampula,Nacala-Velha,Maio,10.0
2025,Nampula,Nacala-Velha,Abril,9.0
2025,Nampula,Monapo,Janeiro,21.0
2025,Nampula,Memba,Junho,1.0
2025,Nampula,Memba,Maio,1.0
2025,Nampula,Memba,Abril,1.0
2025,Nampula,Mogovolas,Novembro,6.0
2025,Nampula,Mogovolas,Outubro,6.0
2025,Nampula,Mogovolas,Setembro,6.0
2025,Nampula,Mogovolas,Agosto,6.0
2025,Nampula,Mogovolas,Julho,8.0
2025,Nampula,Mogovolas,Junho,9.0
2025,Nampula,Mogovolas,Maio,8.0
2025,Nampula,Mogovolas,Abril,7.0
2025,Nampula,Mogovolas,Março,8.0
2025,Nampula,Mogovolas,Fevereiro,8.0
2025,Nampula,Mogovolas,Janeiro,8.0
2025,Nampula,Mogincual,Dezembro,5.0
2025,Nampula,Mogovolas,Dezembro,5.0
2025,Nampula,Mogincual,Novembro,5.0
2025,Nampula,Mogincual,Setembro,5.0
2025,Nampula,Mogincual,Agosto,5.0
2025,Nampula,Mogincual,Julho,5.0
2025,Nampula,Mogincual,Junho,5.0
2025,Nampula,Mogincual,Maio,5.0
2025,Nampula,Mogincual,Abril,5.0
2025,Nampula,Mogincual,Março,5.0
2025,Nampula,Mogincual,Fevereiro,5.0
2025,Nampula,Memba,Dezembro,3.0
2025,Zambézia,Mulevala,Fevereiro,0.0
2025,Zambézia,Zambézia,Dezembro,1043.0
2025,Zambézia,Mocubela,Dezembro,0.0
2025,Nampula,Mogincual,Outubro,5.0
2025,Nampula,Mossuril,Março,15.0
2025,Nampula,Moma,Janeiro,19.0
2025,Nampula,Moma,Março,20.0
2025,Nampula,Memba,Março,1.0
2025,Nampula,Memba,Fevereiro,1.0
2025,Nampula,Memba,Janeiro,1.0
2025,Nampula,Mecuburi,Dezembro,2.0
2025,Nampula,Mecuburi,Novembro,2.0
2025,Nampula,Mecuburi,Outubro,2.0
2025,Nampula,Mecuburi,Setembro,2.0
2025,Nampula,Mecuburi,Agosto,2.0
2025,Nampula,Mecuburi,Julho,3.0
2025,Nampula,Mecuburi,Junho,2.0
2025,Nampula,Mecuburi,Maio,3.0
2025,Nampula,Mecuburi,Abril,3.0
2025,Nampula,Moma,Fevereiro,20.0
2025,Nampula,Mecuburi,Março,3.0
2025,Nampula,Mecuburi,Janeiro,3.0
2025,Nampula,Meconta (Namialo),Dezembro,19.0
2025,Nampula,Meconta (Namialo),Novembro,19.0
2025,Nampula,Meconta (Namialo),Outubro,19.0
2025,Nampula,Meconta (Namialo),Setembro,19.0
2025,Nampula,Meconta (Namialo),Agosto,19.0
2025,Nampula,Meconta (Namialo),Julho,23.0
2025,Nampula,Memba,Outubro,3.0
2025,Nampula,Moma,Junho,20.0
2025,Nampula,Memba,Novembro,3.0
2025,Nampula,Mogincual,Janeiro,5.0
2025,Nampula,Moma,Abril,17.0
2025,Nampula,Mecuburi,Fevereiro,3.0
2025,Nampula,Mossuril,Abril,15.0
2025,Nampula,Mossuril,Maio,16.0
2025,Nampula,Mossuril,Junho,15.0
2025,Nampula,Malema,Fevereiro,9.0
2025,Nampula,Malema,Janeiro,8.0
2025,Nampula,Lalaua,Dezembro,1.0
2025,Nampula,Lalaua,Novembro,1.0
2025,Nampula,Lalaua,Outubro,1.0
2025,Nampula,Lalaua,Setembro,1.0
2025,Nampula,Lalaua,Agosto,0.0
2025,Nampula,Lalaua,Julho,0.0
2025,Nampula,Lalaua,Junho,0.0
2025,Nampula,Lalaua,Maio,0.0
2025,Nampula,Lalaua,Abril,0.0
2025,Nampula,Lalaua,Março,0.0
2025,Nampula,Malema,Março,10.0
2025,Nampula,Lalaua,Fevereiro,0.0
2025,Nampula,Ilha de Moçambique,Dezembro,29.0
2025,Nampula,Ilha de Moçambique,Outubro,29.0
2025,Nampula,Cidade de Nacala-Porto,Abril,513.0
2025,Zambézia,Mulevala,Outubro,0.0
2025,Nampula,Cidade de Nacala-Porto,Fevereiro,526.0
2025,Zambézia,Derre,Junho,0.0
2025,Zambézia,Derre,Maio,0.0
2025,Zambézia,Derre,Abril,0.0
2025,Zambézia,Derre,Março,0.0
2025,Zambézia,Derre,Fevereiro,0.0
2025,Zambézia,Derre,Janeiro,0.0
2025,Zambézia,Luabo,Dezembro,0.0
2025,Nampula,Lalaua,Janeiro,0.0
2025,Zambézia,Luabo,Novembro,0.0
2025,Nampula,Malema,Abril,10.0
2025,Nampula,Malema,Junho,10.0
2025,Nampula,Cidade de Nacala-Porto,Novembro,440.0
2025,Nampula,Angoche,Julho,27.0
2025,Nampula,Angoche,Junho,27.0
2025,Nampula,Angoche,Maio,23.0
2025,Nampula,Angoche,Abril,24.0
2025,Nampula,Angoche,Março,25.0
2025,Nampula,Angoche,Fevereiro,25.0
2025,Nampula,Angoche,Janeiro,25.0
2025,Nampula,Cidade de Nacala-Porto,Dezembro,386.0
2025,Nampula,Cidade de Nacala-Porto,Julho,476.0
2025,Nampula,Cidade de Nacala-Porto,Outubro,432.0
2025,Nampula,Cidade de Nacala-Porto,Setembro,434.0
2025,Nampula,Malema,Maio,10.0
2025,Nampula,Cidade de Nacala-Porto,Agosto,450.0
2025,Nampula,Angoche,Agosto,26.0
2025,Nampula,Ilha de Moçambique,Setembro,28.0
2025,Nampula,Malema,Setembro,6.0
2025,Nampula,Ilha de Moçambique,Novembro,29.0
2025,Nampula,Meconta (Namialo),Janeiro,24.0
2025,Nampula,Cidade de Nacala-Porto,Maio,502.0
2025,Nampula,Malema,Dezembro,7.0
2025,Nampula,Meconta (Namialo),Fevereiro,26.0
2025,Nampula,Malema,Novembro,6.0
2025,Nampula,Malema,Outubro,6.0
2025,Nampula,Malema,Agosto,6.0
2025,Nampula,Malema,Julho,9.0
2025,Nampula,Ilha de Moçambique,Agosto,30.0
2025,Zambézia,Inhassunge,Dezembro,2.0
2025,Zambézia,Luabo,Outubro,0.0
2025,Zambézia,Luabo,Agosto,0.0
2025,Nampula,Cidade de Nampula,Março,2169.0
2025,Nampula,Cidade de Nampula,Fevereiro,2153.0
2025,Nampula,Cidade de Nampula,Janeiro,2105.0
2025,Nampula,Nampula,Dezembro,2554.0
2025,Nampula,Nampula,Novembro,2739.0
2025,Nampula,Nampula,Outubro,2710.0
2025,Nampula,Nampula,Setembro,2655.0
2025,Nampula,Nampula,Agosto,2668.0
2025,Nampula,Nampula,Julho,2791.0
2025,Nampula,Nampula,Junho,2908.0
2025,Nampula,Nampula,Maio,2880.0
2025,Nampula,Nampula,Abril,2863.0
2025,Nampula,Cidade de Nampula,Abril,2137.0
2025,Nampula,Nampula,Março,2915.0
2025,Nampula,Nampula,Janeiro,2845.0
2025,Zambézia,Derre,Dezembro,0.0
2025,Zambézia,Derre,Novembro,0.0
2025,Zambézia,Derre,Setembro,0.0
2025,Nampula,Meconta (Namialo),Abril,25.0
2025,Nampula,Murrupula,Setembro,6.0
2025,Nampula,Meconta (Namialo),Junho,24.0
2025,Nampula,Mossuril,Novembro,11.0
2025,Nampula,Mossuril,Outubro,11.0
2025,Nampula,Mossuril,Setembro,11.0
2025,Nampula,Mossuril,Agosto,13.0
2025,Nampula,Mossuril,Julho,15.0
2025,Nampula,Nampula,Fevereiro,2904.0
2025,Zambézia,Luabo,Setembro,0.0
2025,Nampula,Cidade de Nampula,Maio,2159.0
2025,Nampula,Cidade de Nampula,Julho,2095.0
2025,Zambézia,Luabo,Julho,0.0
2025,Zambézia,Luabo,Junho,0.0
2025,Zambézia,Luabo,Maio,0.0
2025,Zambézia,Luabo,Abril,0.0
2025,Zambézia,Luabo,Março,0.0
2025,Zambézia,Luabo,Fevereiro,0.0
2025,Zambézia,Luabo,Janeiro,0.0
2025,Zambézia,Mulevala,Dezembro,0.0
2025,Zambézia,Mulevala,Novembro,0.0
2025,Zambézia,Mulevala,Setembro,0.0
2025,Zambézia,Mulevala,Agosto,0.0
2025,Zambézia,Mulevala,Julho,0.0
2025,Nampula,Cidade de Nampula,Junho,2183.0
2025,Zambézia,Mulevala,Junho,0.0
2025,Nampula,Meconta (Namialo),Março,26.0
2025,Zambézia,Mulevala,Maio,0.0
2025,Zambézia,Derre,Julho,0.0
2025,Nampula,Cidade de Nacala-Porto,Março,522.0
2025,Zambézia,Derre,Agosto,0.0
2025,Zambézia,Derre,Outubro,0.0
2025,Nampula,Cidade de Nacala-Porto,Janeiro,519.0
2025,Nampula,Cidade de Nampula,Dezembro,1966.0
2025,Nampula,Cidade de Nampula,Novembro,2097.0
2025,Nampula,Cidade de Nampula,Outubro,2078.0
2025,Nampula,Cidade de Nampula,Setembro,2022.0
2025,Nampula,Cidade de Nampula,Agosto,2018.0
2025,Zambézia,Mulevala,Abril,0.0
2025,Zambézia,Inhassunge,Novembro,2.0
2025,Zambézia,Inhassunge,Outubro,2.0
2025,Zambézia,Inhassunge,Setembro,2.0
2025,Zambézia,Pebane,Agosto,23.0
2025,Zambézia,Mocubela,Novembro,0.0
2025,Zambézia,Mocubela,Outubro,0.0
2025,Zambézia,Mocubela,Setembro,0.0
2025,Zambézia,Mocubela,Agosto,0.0
2025,Zambézia,Mocubela,Julho,0.0
2025,Zambézia,Mocubela,Junho,0.0
2025,Zambézia,Mocubela,Maio,0.0
2025,Zambézia,Mocubela,Abril,0.0
2025,Zambézia,Mocubela,Março,0.0
2025,Zambézia,Mocubela,Fevereiro,0.0
2025,Zambézia,Mocubela,Janeiro,0.0
2025,Zambézia,Pebane,Junho,27.0
2025,Zambézia,Molumbo,Dezembro,0.0
2025,Zambézia,Molumbo,Outubro,0.0
2025,Zambézia,Molumbo,Setembro,0.0
2025,Zambézia,Molumbo,Agosto,0.0
2025,Zambézia,Molumbo,Julho,0.0
2025,Zambézia,Molumbo,Junho,0.0
2025,Zambézia,Molumbo,Maio,0.0
2025,Zambézia,Molumbo,Abril,0.0
2025,Zambézia,Molumbo,Março,0.0
2025,Zambézia,Molumbo,Fevereiro,0.0
2025,Zambézia,Molumbo,Janeiro,0.0
2025,Zambézia,Pebane,Dezembro,22.0
2025,Zambézia,Pebane,Novembro,22.0
2025,Zambézia,Molumbo,Novembro,0.0
2025,Zambézia,Pebane,Outubro,21.0
2025,Zambézia,Namarroi,Janeiro,6.0
2025,Zambézia,Namarroi,Fevereiro,6.0
2025,Zambézia,Pebane,Abril,25.0
2025,Zambézia,Pebane,Março,28.0
2025,Zambézia,Pebane,Fevereiro,27.0
2025,Zambézia,Pebane,Janeiro,27.0
2025,Zambézia,Nicoadala,Dezembro,30.0
2025,Zambézia,Nicoadala,Novembro,30.0
2025,Zambézia,Nicoadala,Outubro,30.0
2025,Zambézia,Nicoadala,Setembro,29.0
2025,Zambézia,Nicoadala,Agosto,27.0
2025,Zambézia,Nicoadala,Julho,27.0
2025,Zambézia,Nicoadala,Junho,28.0
2025,Zambézia,Nicoadala,Maio,28.0
2025,Zambézia,Pebane,Maio,27.0
2025,Zambézia,Nicoadala,Abril,28.0
2025,Zambézia,Nicoadala,Fevereiro,31.0
2025,Zambézia,Nicoadala,Janeiro,31.0
2025,Zambézia,Namarroi,Dezembro,10.0
2025,Zambézia,Namarroi,Novembro,8.0
2025,Zambézia,Namarroi,Outubro,8.0
2025,Zambézia,Namarroi,Setembro,8.0
2025,Zambézia,Namarroi,Agosto,8.0
2025,Zambézia,Namarroi,Julho,8.0
2025,Zambézia,Namarroi,Junho,8.0
2025,Zambézia,Namarroi,Maio,8.0
2025,Zambézia,Namarroi,Abril,7.0
2025,Zambézia,Namarroi,Março,7.0
2025,Zambézia,Nicoadala,Março,30.0
2025,Zambézia,Maganja da Costa,Novembro,14.0
2025,Zambézia,Pebane,Setembro,23.0
2025,Zambézia,Maganja da Costa,Outubro,14.0
2025,Zambézia,Namacurra,Novembro,12.0
2025,Zambézia,Mopeia,Abril,17.0
2025,Zambézia,Mopeia,Junho,18.0
2025,Zambézia,Namacurra,Setembro,11.0
2025,Zambézia,Namacurra,Agosto,12.0
2025,Zambézia,Namacurra,Julho,13.0
2025,Zambézia,Namacurra,Junho,13.0
2025,Zambézia,Namacurra,Maio,11.0
2025,Zambézia,Namacurra,Abril,11.0
2025,Zambézia,Namacurra,Março,11.0
2025,Zambézia,Namacurra,Fevereiro,11.0
2025,Zambézia,Namacurra,Janeiro,11.0
2025,Zambézia,Mopeia,Março,15.0
2025,Zambézia,Morrumbala,Dezembro,9.0
2025,Zambézia,Morrumbala,Outubro,9.0
2025,Zambézia,Morrumbala,Setembro,9.0
2025,Zambézia,Morrumbala,Agosto,9.0
2025,Zambézia,Morrumbala,Julho,9.0
2025,Zambézia,Morrumbala,Junho,10.0
2025,Zambézia,Morrumbala,Maio,13.0
2025,Zambézia,Morrumbala,Abril,13.0
2025,Zambézia,Morrumbala,Março,14.0
2025,Zambézia,Morrumbala,Fevereiro,12.0
2025,Zambézia,Morrumbala,Janeiro,12.0
2025,Zambézia,Mopeia,Dezembro,14.0
2025,Zambézia,Mopeia,Novembro,14.0
2025,Zambézia,Morrumbala,Novembro,9.0
2025,Zambézia,Pebane,Julho,26.0
2025,Zambézia,Maganja da Costa,Dezembro,14.0
2025,Zambézia,Milange,Fevereiro,31.0
2025,Zambézia,Namacurra,Dezembro,12.0
2025,Zambézia,Namacurra,Outubro,12.0
2025,Zambézia,Mopeia,Fevereiro,15.0
2025,Zambézia,Mopeia,Janeiro,15.0
2025,Zambézia,Mocuba,Dezembro,159.0
2025,Zambézia,Mocuba,Novembro,162.0
2025,Zambézia,Mocuba,Outubro,161.0
2025,Zambézia,Mocuba,Setembro,157.0
2025,Zambézia,Mocuba,Agosto,160.0
2025,Zambézia,Mocuba,Julho,159.0
2025,Zambézia,Mocuba,Junho,179.0
2025,Zambézia,Mocuba,Maio,177.0
2025,Zambézia,Milange,Janeiro,31.0
2025,Zambézia,Mocuba,Abril,175.0
2025,Zambézia,Mocuba,Fevereiro,175.0
2025,Zambézia,Mocuba,Janeiro,172.0
2025,Zambézia,Milange,Dezembro,28.0
2025,Zambézia,Milange,Novembro,27.0
2025,Zambézia,Milange,Outubro,27.0
2025,Zambézia,Milange,Setembro,27.0
2025,Zambézia,Milange,Agosto,28.0
2025,Zambézia,Milange,Julho,33.0
2025,Zambézia,Milange,Junho,33.0
2025,Zambézia,Milange,Maio,30.0
2025,Zambézia,Milange,Abril,29.0
2025,Zambézia,Milange,Março,30.0
2025,Zambézia,Mocuba,Março,179.0
2025,Cabo Delgado,Meluco,Julho,7.0
2025,Zambézia,Maganja da Costa,Setembro,12.0
2025,Zambézia,Alto Molócuè,Janeiro,29.0
2025,Zambézia,Maganja da Costa,Abril,14.0
2025,Zambézia,Maganja da Costa,Março,13.0
2025,Zambézia,Maganja da Costa,Fevereiro,12.0
2025,Zambézia,Maganja da Costa,Janeiro,12.0
2025,Zambézia,Gilé,Dezembro,15.0
2025,Zambézia,Gilé,Novembro,15.0
2025,Zambézia,Gilé,Outubro,15.0
2025,Zambézia,Gilé,Setembro,16.0
2025,Zambézia,Gilé,Agosto,14.0
2025,Zambézia,Gilé,Julho,16.0
2025,Zambézia,Gilé,Junho,16.0
2025,Zambézia,Gilé,Maio,16.0
2025,Zambézia,Maganja da Costa,Maio,15.0
2025,Zambézia,Gilé,Abril,16.0
2025,Zambézia,Gilé,Fevereiro,19.0
2025,Zambézia,Gilé,Janeiro,19.0
2025,Zambézia,Lugela,Dezembro,2.0
2025,Zambézia,Lugela,Novembro,2.0
2025,Zambézia,Lugela,Outubro,2.0
2025,Zambézia,Lugela,Setembro,2.0
2025,Zambézia,Lugela,Agosto,2.0
2025,Zambézia,Lugela,Julho,2.0
2025,Zambézia,Lugela,Junho,2.0
2025,Zambézia,Lugela,Maio,1.0
2025,Zambézia,Lugela,Março,1.0
2025,Zambézia,Maganja da Costa,Agosto,12.0
2025,Zambézia,Gilé,Março,18.0
2025,Zambézia,Gurúè,Agosto,41.0
2025,Zambézia,Maganja da Costa,Junho,13.0
2025,Zambézia,Lugela,Abril,1.0
2025,Zambézia,Inhassunge,Agosto,2.0
2025,Zambézia,Inhassunge,Julho,2.0
2025,Zambézia,Inhassunge,Junho,2.0
2025,Zambézia,Inhassunge,Maio,2.0
2025,Zambézia,Inhassunge,Abril,2.0
2025,Zambézia,Inhassunge,Março,2.0
2025,Zambézia,Inhassunge,Fevereiro,2.0
2025,Zambézia,Inhassunge,Janeiro,2.0
2025,Zambézia,Ile,Dezembro,8.0
2025,Zambézia,Ile,Novembro,7.0
2025,Zambézia,Ile,Outubro,7.0
2025,Zambézia,Ile,Setembro,7.0
2025,Zambézia,Maganja da Costa,Julho,14.0
2025,Zambézia,Ile,Agosto,6.0
2025,Zambézia,Ile,Junho,10.0
2025,Zambézia,Ile,Maio,9.0
2025,Zambézia,Ile,Abril,8.0
2025,Zambézia,Ile,Março,10.0
2025,Zambézia,Ile,Fevereiro,11.0
2025,Zambézia,Ile,Janeiro,11.0
2025,Zambézia,Gurúè,Dezembro,36.0
2025,Zambézia,Gurúè,Novembro,39.0
2025,Zambézia,Gurúè,Outubro,39.0
2025,Zambézia,Lugela,Janeiro,1.0
2025,Zambézia,Gurúè,Setembro,39.0
2025,Zambézia,Lugela,Fevereiro,1.0
2025,Zambézia,Ile,Julho,8.0
2025,Zambézia,Mulevala,Janeiro,0.0
2025,Zambézia,Gurúè,Junho,40.0
2025,Zambézia,Cidade de Quelimane,Setembro,633.0
2025,Zambézia,Gurúè,Abril,44.0
2025,Zambézia,Gurúè,Março,45.0
2025,Zambézia,Gurúè,Fevereiro,41.0
2025,Zambézia,Gurúè,Janeiro,41.0
2025,Zambézia,Chinde,Dezembro,7.0
2025,Zambézia,Chinde,Novembro,7.0
2025,Zambézia,Chinde,Outubro,8.0
2025,Zambézia,Chinde,Setembro,8.0
2025,Zambézia,Chinde,Agosto,8.0
2025,Zambézia,Chinde,Julho,8.0
2025,Zambézia,Chinde,Junho,9.0
2025,Zambézia,Chinde,Maio,9.0
2025,Zambézia,Gurúè,Maio,43.0
2025,Zambézia,Chinde,Abril,8.0
2025,Zambézia,Chinde,Fevereiro,8.0
2025,Zambézia,Chinde,Janeiro,8.0
2025,Zambézia,Alto Molócuè,Dezembro,26.0
2025,Zambézia,Alto Molócuè,Novembro,26.0
2025,Zambézia,Alto Molócuè,Outubro,26.0
2025,Zambézia,Alto Molócuè,Setembro,26.0
2025,Zambézia,Alto Molócuè,Agosto,24.0
2025,Zambézia,Alto Molócuè,Julho,29.0
2025,Zambézia,Alto Molócuè,Junho,28.0
2025,Zambézia,Alto Molócuè,Maio,28.0
2025,Zambézia,Alto Molócuè,Abril,27.0
2025,Zambézia,Alto Molócuè,Março,28.0
2025,Zambézia,Chinde,Março,9.0
2025,Zambézia,Cidade de Quelimane,Outubro,632.0
2025,Zambézia,Alto Molócuè,Fevereiro,29.0
2025,Zambézia,Gurúè,Julho,42.0
2025,Zambézia,Cidade de Quelimane,Agosto,632.0
2025,Zambézia,Cidade de Quelimane,Julho,653.0
2025,Zambézia,Cidade de Quelimane,Junho,688.0
2025,Zambézia,Cidade de Quelimane,Maio,687.0
2025,Zambézia,Cidade de Quelimane,Abril,683.0
2025,Zambézia,Cidade de Quelimane,Março,694.0
2025,Zambézia,Cidade de Quelimane,Fevereiro,696.0
2025,Zambézia,Cidade de Quelimane,Janeiro,704.0
2025,Zambézia,Zambézia,Novembro,1034.0
2025,Zambézia,Zambézia,Outubro,1027.0
2025,Zambézia,Zambézia,Setembro,1023.0
2025,Zambézia,Zambézia,Agosto,1022.0
2025,Zambézia,Cidade de Quelimane,Dezembro,649.0
2025,Zambézia,Zambézia,Julho,1065.0
2025,Zambézia,Zambézia,Maio,1121.0
2025,Zambézia,Zambézia,Abril,1108.0
2025,Zambézia,Zambézia,Março,1134.0
2025,Zambézia,Zambézia,Fevereiro,1127.0
2025,Zambézia,Zambézia,Janeiro,1132.0
2025,Tete,Marara,Dezembro,0.0
2025,Tete,Marara,Novembro,0.0
2025,Tete,Marara,Outubro,0.0
2025,Tete,Marara,Setembro,0.0
2025,Tete,Marara,Agosto,0.0
2025,Nampula,Nacala-Velha,Julho,10.0
2025,Zambézia,Cidade de Quelimane,Novembro,638.0
2025,Zambézia,Zambézia,Junho,1124.0
2025,Cabo Delgado,Meluco,Junho,8.0
2025,Cabo Delgado,Meluco,Maio,8.0
2025,Cabo Delgado,Meluco,Abril,8.0
2025,Manica,Macate,Fevereiro,3.0
2025,Manica,Macate,Janeiro,3.0
2025,Manica,Tambara,Dezembro,11.0
2025,Manica,Tambara,Novembro,11.0
2025,Manica,Tambara,Outubro,11.0
2025,Manica,Tambara,Setembro,11.0
2025,Manica,Tambara,Agosto,12.0
2025,Manica,Tambara,Julho,13.0
2025,Manica,Tambara,Maio,14.0
2025,Manica,Manica,Novembro,183.0
2025,Tete,Chifunde,Janeiro,1.0
2025,Tete,Chifunde,Março,1.0
2025,Tete,Tsangano,Agosto,0.0
2025,Tete,Tsangano,Julho,0.0
2025,Tete,Tsangano,Junho,0.0
2025,Tete,Tsangano,Maio,0.0
2025,Tete,Tsangano,Abril,0.0
2025,Tete,Tsangano,Março,0.0
2025,Tete,Tsangano,Fevereiro,0.0
2025,Tete,Tsangano,Janeiro,0.0
2025,Tete,Mutarara,Dezembro,7.0
2025,Tete,Mutarara,Novembro,7.0
2025,Tete,Mutarara,Outubro,7.0
2025,Tete,Mutarara,Setembro,7.0
2025,Tete,Mutarara,Agosto,7.0
2025,Manica,Macate,Março,3.0
2025,Manica,Macate,Abril,3.0
2025,Manica,Macate,Maio,3.0
2025,Manica,Macate,Junho,3.0
2025,Manica,Mossurize,Junho,1.0
2025,Manica,Mossurize,Maio,2.0
2025,Manica,Mossurize,Abril,1.0
2025,Manica,Mossurize,Março,1.0
2025,Manica,Mossurize,Fevereiro,1.0
2025,Manica,Mossurize,Janeiro,1.0
2025,Manica,Manica,Dezembro,181.0
2025,Manica,Tambara,Março,14.0
2025,Manica,Vanduzi,Novembro,2.0
2025,Manica,Tambara,Abril,14.0
2025,Manica,Tambara,Junho,14.0
2025,Manica,Vanduzi,Setembro,2.0
2025,Tete,Mutarara,Julho,7.0
2025,Manica,Vanduzi,Agosto,3.0
2025,Manica,Vanduzi,Junho,4.0
2025,Manica,Vanduzi,Maio,5.0
2025,Manica,Vanduzi,Abril,5.0
2025,Manica,Vanduzi,Março,7.0
2025,Manica,Vanduzi,Fevereiro,6.0
2025,Manica,Vanduzi,Janeiro,7.0
2025,Manica,Macate,Dezembro,3.0
2025,Manica,Macate,Novembro,3.0
2025,Manica,Macate,Outubro,3.0
2025,Manica,Macate,Setembro,3.0
2025,Manica,Macate,Agosto,3.0
2025,Manica,Macate,Julho,3.0
2025,Manica,Vanduzi,Julho,4.0
2025,Tete,Mutarara,Junho,8.0
2025,Tete,Mutarara,Maio,8.0
2025,Tete,Mutarara,Abril,6.0
2025,Tete,Zumbo,Novembro,2.0
2025,Tete,Zumbo,Outubro,2.0
2025,Tete,Zumbo,Setembro,2.0
2025,Tete,Zumbo,Agosto,2.0
2025,Tete,Zumbo,Julho,2.0
2025,Tete,Zumbo,Junho,2.0
2025,Tete,Zumbo,Maio,2.0
2025,Tete,Zumbo,Abril,2.0
2025,Tete,Zumbo,Março,2.0
2025,Tete,Zumbo,Fevereiro,2.0
2025,Tete,Zumbo,Janeiro,2.0
2025,Tete,Tsangano,Novembro,0.0
2025,Tete,Zumbo,Dezembro,2.0
2025,Tete,Chifunde,Fevereiro,1.0
2025,Tete,Moatize,Fevereiro,90.0
2025,Tete,Macanga,Junho,4.0
2025,Tete,Macanga,Maio,4.0
2025,Tete,Macanga,Abril,4.0
2025,Tete,Macanga,Março,4.0
2025,Tete,Macanga,Fevereiro,4.0
2025,Tete,Macanga,Janeiro,4.0
2025,Tete,Chiuta,Dezembro,12.0
2025,Tete,Chiuta,Novembro,12.0
2025,Tete,Chiuta,Outubro,12.0
2025,Tete,Chiuta,Setembro,12.0
2025,Tete,Chiuta,Agosto,12.0
2025,Tete,Moatize,Abril,93.0
2025,Manica,Mossurize,Julho,1.0
2025,Tete,Doa,Janeiro,0.0
2025,Tete,Doa,Março,0.0
2025,Tete,Mutarara,Março,6.0
2025,Tete,Mutarara,Fevereiro,4.0
2025,Tete,Mutarara,Janeiro,4.0
2025,Tete,Moatize,Dezembro,88.0
2025,Tete,Moatize,Novembro,91.0
2025,Tete,Moatize,Outubro,90.0
2025,Tete,Moatize,Setembro,91.0
2025,Tete,Moatize,Agosto,89.0
2025,Tete,Moatize,Julho,91.0
2025,Tete,Moatize,Junho,95.0
2025,Tete,Tsangano,Setembro,0.0
2025,Tete,Moatize,Maio,95.0
2025,Tete,Doa,Fevereiro,0.0
2025,Tete,Tsangano,Outubro,0.0
2025,Tete,Marara,Março,0.0
2025,Tete,Marara,Fevereiro,0.0
2025,Tete,Marara,Janeiro,0.0
2025,Tete,Doa,Dezembro,0.0
2025,Tete,Doa,Novembro,0.0
2025,Tete,Doa,Outubro,0.0
2025,Tete,Doa,Setembro,0.0
2025,Tete,Doa,Agosto,0.0
2025,Tete,Doa,Julho,0.0
2025,Tete,Doa,Junho,0.0
2025,Tete,Doa,Maio,0.0
2025,Tete,Doa,Abril,0.0
2025,Tete,Tsangano,Dezembro,0.0
2025,Manica,Mossurize,Agosto,1.0
2025,Manica,Mossurize,Setembro,0.0
2025,Manica,Mossurize,Outubro,0.0
2025,Gaza,Chibuto,Fevereiro,69.0
2025,Gaza,Chibuto,Janeiro,71.0
2025,Gaza,Bilene-Macia,Dezembro,233.0
2025,Gaza,Bilene-Macia,Novembro,244.0
2025,Gaza,Bilene-Macia,Setembro,240.0
2025,Sofala,Sofala,Dezembro,2444.0
2025,Sofala,Cidade da Beira,Janeiro,2520.0
2025,Sofala,Cidade da Beira,Fevereiro,2538.0
2025,Tete,Angónia,Abril,34.0
2025,Tete,Angónia,Março,31.0
2025,Tete,Angónia,Fevereiro,31.0
2025,Tete,Angónia,Janeiro,32.0
2025,Gaza,Chibuto,Março,72.0
2025,Tete,Cidade de Tete,Dezembro,1341.0
2025,Tete,Cidade de Tete,Outubro,1434.0
2025,Tete,Cidade de Tete,Setembro,1439.0
2025,Tete,Cidade de Tete,Agosto,1439.0
2025,Tete,Cidade de Tete,Julho,1416.0
2025,Tete,Cidade de Tete,Junho,1464.0
2025,Tete,Cidade de Tete,Maio,1426.0
2025,Tete,Cidade de Tete,Abril,1419.0
2025,Tete,Cidade de Tete,Março,1424.0
2025,Tete,Cidade de Tete,Fevereiro,1404.0
2025,Tete,Cidade de Tete,Janeiro,1396.0
2025,Tete,Tete,Dezembro,1569.0
2025,Tete,Tete,Novembro,1682.0
2025,Tete,Cidade de Tete,Novembro,1451.0
2025,Tete,Tete,Outubro,1666.0
2025,Gaza,Chibuto,Abril,71.0
2025,Gaza,Chibuto,Junho,70.0
2025,Gaza,Gaza,Junho,1383.0
2025,Gaza,Gaza,Maio,1370.0
2025,Gaza,Gaza,Abril,1357.0
2025,Gaza,Bilene-Macia,Julho,255.0
2025,Gaza,Chigubo,Março,2.0
2025,Gaza,Bilene-Macia,Agosto,241.0
2025,Gaza,Bilene-Macia,Outubro,239.0
2025,Gaza,Chigubo,Janeiro,1.0
2025,Gaza,Chicualacuala,Dezembro,2.0
2025,Gaza,Chicualacuala,Novembro,2.0
2025,Gaza,Chicualacuala,Outubro,2.0
2025,Gaza,Chicualacuala,Setembro,2.0
2025,Gaza,Chibuto,Maio,72.0
2025,Gaza,Chicualacuala,Agosto,2.0
2025,Gaza,Chicualacuala,Junho,4.0
2025,Gaza,Chicualacuala,Maio,4.0
2025,Gaza,Chicualacuala,Abril,5.0
2025,Gaza,Chicualacuala,Março,5.0
2025,Gaza,Chicualacuala,Fevereiro,5.0
2025,Gaza,Chicualacuala,Janeiro,5.0
2025,Gaza,Chibuto,Dezembro,72.0
2025,Gaza,Chibuto,Novembro,72.0
2025,Gaza,Chibuto,Outubro,71.0
2025,Gaza,Chibuto,Setembro,71.0
2025,Gaza,Chibuto,Agosto,70.0
2025,Gaza,Chibuto,Julho,69.0
2025,Gaza,Chicualacuala,Julho,4.0
2025,Tete,Chiuta,Julho,12.0
2025,Tete,Tete,Setembro,1668.0
2025,Tete,Tete,Julho,1650.0
2025,Tete,Cahora-Bassa,Fevereiro,63.0
2025,Tete,Cahora-Bassa,Janeiro,60.0
2025,Tete,Angónia,Dezembro,35.0
2025,Tete,Angónia,Novembro,34.0
2025,Tete,Angónia,Outubro,35.0
2025,Tete,Angónia,Setembro,35.0
2025,Tete,Angónia,Julho,39.0
2025,Tete,Changara,Dezembro,7.0
2025,Manica,Vanduzi,Dezembro,2.0
2025,Manica,Vanduzi,Outubro,2.0
2025,Manica,Tambara,Fevereiro,14.0
2025,Manica,Tambara,Janeiro,14.0
2025,Tete,Cahora-Bassa,Março,67.0
2025,Manica,Sussundenga,Dezembro,20.0
2025,Manica,Sussundenga,Outubro,19.0
2025,Manica,Sussundenga,Setembro,18.0
2025,Manica,Sussundenga,Agosto,18.0
2025,Manica,Sussundenga,Julho,18.0
2025,Manica,Sussundenga,Junho,18.0
2025,Manica,Sussundenga,Maio,18.0
2025,Manica,Sussundenga,Abril,15.0
2025,Manica,Sussundenga,Março,18.0
2025,Manica,Sussundenga,Fevereiro,19.0
2025,Manica,Sussundenga,Janeiro,19.0
2025,Manica,Mossurize,Dezembro,0.0
2025,Manica,Mossurize,Novembro,0.0
2025,Manica,Sussundenga,Novembro,20.0
2025,Tete,Tete,Agosto,1665.0
2025,Tete,Cahora-Bassa,Abril,67.0
2025,Tete,Cahora-Bassa,Junho,71.0
2025,Tete,Tete,Junho,1709.0
2025,Tete,Tete,Maio,1664.0
2025,Tete,Tete,Abril,1651.0
2025,Tete,Tete,Março,1651.0
2025,Tete,Tete,Fevereiro,1623.0
2025,Tete,Angónia,Maio,34.0
2025,Tete,Tete,Janeiro,1608.0
2025,Tete,Angónia,Junho,38.0
2025,Tete,Angónia,Agosto,36.0
2025,Tete,Changara,Novembro,7.0
2025,Tete,Changara,Outubro,7.0
2025,Tete,Changara,Setembro,7.0
2025,Tete,Cahora-Bassa,Maio,69.0
2025,Tete,Changara,Agosto,6.0
2025,Tete,Changara,Junho,7.0
2025,Tete,Changara,Maio,6.0
2025,Tete,Changara,Abril,6.0
2025,Tete,Changara,Março,6.0
2025,Tete,Changara,Fevereiro,6.0
2025,Tete,Changara,Janeiro,5.0
2025,Tete,Cahora-Bassa,Dezembro,62.0
2025,Tete,Cahora-Bassa,Novembro,62.0
2025,Tete,Cahora-Bassa,Outubro,63.0
2025,Tete,Cahora-Bassa,Setembro,62.0
2025,Tete,Cahora-Bassa,Agosto,61.0
2025,Tete,Cahora-Bassa,Julho,65.0
2025,Tete,Changara,Julho,7.0
2025,Tete,Chiuta,Junho,13.0
2025,Tete,Chiuta,Maio,13.0
2025,Tete,Chiuta,Abril,13.0
2025,Sofala,Cheringoma,Março,13.0
2025,Sofala,Cheringoma,Fevereiro,12.0
2025,Sofala,Cheringoma,Janeiro,12.0
2025,Sofala,Chemba,Dezembro,2.0
2025,Sofala,Chemba,Novembro,2.0
2025,Sofala,Chemba,Outubro,2.0
2025,Sofala,Chemba,Setembro,2.0
2025,Sofala,Chemba,Agosto,2.0
2025,Sofala,Chemba,Julho,3.0
2025,Sofala,Chemba,Junho,5.0
2025,Sofala,Chemba,Maio,5.0
2025,Sofala,Chemba,Abril,5.0
2025,Sofala,Cheringoma,Abril,11.0
2025,Sofala,Chemba,Março,5.0
2025,Sofala,Chemba,Janeiro,4.0
2025,Sofala,Caia,Novembro,15.0
2025,Sofala,Caia,Outubro,15.0
2025,Sofala,Caia,Agosto,18.0
2025,Manica,Manica,Setembro,187.0
2025,Sofala,Marromeu,Maio,27.0
2025,Sofala,Marromeu,Julho,25.0
2025,Manica,Guro,Dezembro,3.0
2025,Manica,Guro,Novembro,3.0
2025,Manica,Guro,Outubro,3.0
2025,Manica,Guro,Setembro,3.0
2025,Manica,Guro,Agosto,2.0
2025,Sofala,Chemba,Fevereiro,4.0
2025,Manica,Guro,Julho,3.0
2025,Sofala,Cheringoma,Maio,11.0
2025,Sofala,Cheringoma,Julho,13.0
2025,Sofala,Buzi,Junho,8.0
2025,Sofala,Buzi,Maio,8.0
2025,Sofala,Buzi,Abril,8.0
2025,Sofala,Buzi,Março,8.0
2025,Sofala,Buzi,Fevereiro,8.0
2025,Sofala,Buzi,Janeiro,8.0
2025,Sofala,Cidade da Beira,Dezembro,2232.0
2025,Sofala,Cidade da Beira,Novembro,2405.0
2025,Sofala,Cidade da Beira,Outubro,2375.0
2025,Sofala,Cidade da Beira,Setembro,2348.0
2025,Sofala,Cidade da Beira,Agosto,2369.0
2025,Sofala,Cidade da Beira,Julho,2425.0
2025,Sofala,Cheringoma,Junho,13.0
2025,Sofala,Cidade da Beira,Junho,2521.0
2025,Sofala,Cidade da Beira,Abril,2495.0
2025,Sofala,Cidade da Beira,Março,2545.0
2025,Sofala,Caia,Junho,23.0
2025,Sofala,Chibabava,Março,14.0
2025,Sofala,Caia,Julho,21.0
2025,Sofala,Caia,Setembro,17.0
2025,Sofala,Chibabava,Janeiro,15.0
2025,Sofala,Cheringoma,Dezembro,10.0
2025,Sofala,Cheringoma,Novembro,10.0
2025,Sofala,Cheringoma,Outubro,10.0
2025,Sofala,Cheringoma,Setembro,10.0
2025,Sofala,Cheringoma,Agosto,11.0
2025,Sofala,Cidade da Beira,Maio,2516.0
2025,Sofala,Buzi,Julho,7.0
2025,Manica,Guro,Junho,4.0
2025,Manica,Guro,Abril,5.0
2025,Manica,Macossa,Novembro,4.0
2025,Manica,Macossa,Outubro,4.0
2025,Manica,Macossa,Setembro,4.0
2025,Manica,Macossa,Agosto,4.0
2025,Manica,Macossa,Julho,4.0
2025,Manica,Macossa,Junho,4.0
2025,Manica,Macossa,Maio,4.0
2025,Manica,Macossa,Abril,4.0
2025,Manica,Macossa,Março,4.0
2025,Manica,Macossa,Fevereiro,4.0
2025,Manica,Macossa,Janeiro,3.0
2025,Manica,Machaze,Dezembro,11.0
2025,Manica,Macossa,Dezembro,4.0
2025,Manica,Machaze,Novembro,11.0
2025,Manica,Machaze,Setembro,11.0
2025,Manica,Machaze,Agosto,10.0
2025,Manica,Machaze,Julho,10.0
2025,Manica,Machaze,Junho,10.0
2025,Manica,Machaze,Maio,10.0
2025,Manica,Machaze,Março,10.0
2025,Sofala,Marromeu,Junho,26.0
2025,Manica,Bárue,Agosto,19.0
2025,Manica,Bárue,Junho,20.0
2025,Sofala,Nhamatanda,Outubro,34.0
2025,Sofala,Nhamatanda,Setembro,35.0
2025,Sofala,Nhamatanda,Agosto,34.0
2025,Manica,Machaze,Outubro,11.0
2025,Manica,Guro,Maio,4.0
2025,Manica,Manica,Janeiro,194.0
2025,Manica,Manica,Março,195.0
2025,Manica,Guro,Março,5.0
2025,Manica,Guro,Fevereiro,5.0
2025,Manica,Guro,Janeiro,5.0
2025,Manica,Gondola,Dezembro,36.0
2025,Manica,Gondola,Novembro,37.0
2025,Manica,Gondola,Outubro,38.0
2025,Manica,Gondola,Setembro,38.0
2025,Manica,Gondola,Agosto,36.0
2025,Manica,Gondola,Julho,36.0
2025,Manica,Gondola,Junho,36.0
2025,Manica,Gondola,Maio,36.0
2025,Manica,Gondola,Abril,36.0
2025,Manica,Manica,Fevereiro,197.0
2025,Manica,Gondola,Março,34.0
2025,Manica,Gondola,Janeiro,34.0
2025,Manica,Bárue,Dezembro,17.0
2025,Manica,Bárue,Novembro,19.0
2025,Manica,Bárue,Outubro,19.0
2025,Manica,Machaze,Janeiro,10.0
2025,Manica,Bárue,Setembro,19.0
2025,Manica,Machaze,Fevereiro,10.0
2025,Manica,Machaze,Abril,10.0
2025,Manica,Manica,Julho,187.0
2025,Manica,Manica,Junho,191.0
2025,Manica,Manica,Maio,192.0
2025,Manica,Manica,Abril,196.0
2025,Manica,Gondola,Fevereiro,36.0
2025,Gaza,Gaza,Julho,1291.0
2025,Sofala,Buzi,Agosto,7.0
2025,Sofala,Buzi,Outubro,7.0
2025,Tete,Mágoe,Novembro,8.0
2025,Tete,Mágoe,Outubro,8.0
2025,Tete,Mágoe,Setembro,5.0
2025,Tete,Mágoe,Agosto,5.0
2025,Tete,Mágoe,Julho,5.0
2025,Tete,Mágoe,Junho,5.0
2025,Tete,Mágoe,Maio,5.0
2025,Tete,Mágoe,Abril,5.0
2025,Tete,Mágoe,Março,5.0
2025,Tete,Mágoe,Fevereiro,5.0
2025,Tete,Mágoe,Janeiro,5.0
2025,Tete,Macanga,Dezembro,5.0
2025,Tete,Mágoe,Dezembro,7.0
2025,Tete,Macanga,Novembro,5.0
2025,Tete,Marara,Maio,0.0
2025,Manica,Manica,Outubro,182.0
2025,Manica,Manica,Agosto,188.0
2025,Sofala,Gorongoza,Agosto,23.0
2025,Sofala,Gorongoza,Julho,23.0
2025,Sofala,Gorongoza,Junho,24.0
2025,Sofala,Gorongoza,Maio,24.0
2025,Sofala,Gorongoza,Abril,21.0
2025,Sofala,Gorongoza,Março,22.0
2025,Sofala,Gorongoza,Fevereiro,23.0
2025,Sofala,Gorongoza,Janeiro,23.0
2025,Sofala,Dondo,Dezembro,79.0
2025,Tete,Macanga,Setembro,5.0
2025,Sofala,Dondo,Novembro,80.0
2025,Tete,Maravia,Janeiro,1.0
2025,Tete,Maravia,Março,1.0
2025,Tete,Chiuta,Março,12.0
2025,Tete,Chiuta,Fevereiro,12.0
2025,Tete,Chiuta,Janeiro,12.0
2025,Tete,Chifunde,Dezembro,1.0
2025,Tete,Chifunde,Novembro,1.0
2025,Tete,Chifunde,Outubro,1.0
2025,Tete,Chifunde,Setembro,1.0
2025,Tete,Chifunde,Agosto,1.0
2025,Tete,Chifunde,Julho,1.0
2025,Tete,Chifunde,Junho,1.0
2025,Tete,Chifunde,Maio,1.0
2025,Tete,Chifunde,Abril,1.0
2025,Tete,Maravia,Fevereiro,1.0
2025,Tete,Macanga,Julho,4.0
2025,Tete,Macanga,Agosto,5.0
2025,Tete,Macanga,Outubro,5.0
2025,Tete,Moatize,Janeiro,86.0
2025,Tete,Maravia,Dezembro,2.0
2025,Tete,Maravia,Novembro,2.0
2025,Tete,Maravia,Outubro,2.0
2025,Tete,Maravia,Setembro,2.0
2025,Tete,Maravia,Agosto,2.0
2025,Tete,Maravia,Julho,1.0
2025,Tete,Maravia,Junho,1.0
2025,Tete,Maravia,Maio,1.0
2025,Tete,Maravia,Abril,1.0
2025,Tete,Moatize,Março,92.0
2025,Sofala,Buzi,Setembro,7.0
2025,Sofala,Dondo,Outubro,75.0
2025,Sofala,Dondo,Agosto,76.0
2025,Sofala,Maringue,Março,2.0
2025,Sofala,Maringue,Fevereiro,2.0
2025,Sofala,Maringue,Janeiro,2.0
2025,Sofala,Machanga,Dezembro,4.0
2025,Sofala,Machanga,Novembro,4.0
2025,Sofala,Machanga,Outubro,4.0
2025,Sofala,Machanga,Setembro,5.0
2025,Sofala,Machanga,Agosto,5.0
2025,Sofala,Machanga,Julho,5.0
2025,Sofala,Machanga,Junho,5.0
2025,Sofala,Machanga,Maio,5.0
2025,Sofala,Machanga,Abril,5.0
2025,Sofala,Maringue,Abril,2.0
2025,Sofala,Machanga,Março,5.0
2025,Sofala,Machanga,Janeiro,5.0
2025,Sofala,Gorongoza,Novembro,21.0
2025,Sofala,Marromeu,Abril,27.0
2025,Sofala,Chibabava,Abril,15.0
2025,Sofala,Chibabava,Fevereiro,15.0
2025,Sofala,Caia,Maio,23.0
2025,Sofala,Caia,Abril,19.0
2025,Sofala,Caia,Março,19.0
2025,Sofala,Caia,Fevereiro,19.0
2025,Sofala,Caia,Janeiro,19.0
2025,Sofala,Buzi,Dezembro,7.0
2025,Sofala,Buzi,Novembro,7.0
2025,Sofala,Machanga,Fevereiro,5.0
2025,Sofala,Dondo,Setembro,77.0
2025,Sofala,Maringue,Maio,2.0
2025,Sofala,Maringue,Julho,2.0
2025,Sofala,Dondo,Julho,84.0
2025,Sofala,Dondo,Junho,89.0
2025,Sofala,Dondo,Maio,87.0
2025,Sofala,Dondo,Abril,83.0
2025,Sofala,Dondo,Março,88.0
2025,Sofala,Dondo,Fevereiro,89.0
2025,Sofala,Dondo,Janeiro,90.0
2025,Sofala,Chibabava,Dezembro,14.0
2025,Sofala,Chibabava,Novembro,14.0
2025,Sofala,Chibabava,Outubro,14.0
2025,Sofala,Chibabava,Setembro,14.0
2025,Sofala,Chibabava,Agosto,14.0
2025,Sofala,Maringue,Junho,2.0
2025,Sofala,Chibabava,Julho,18.0
2025,Sofala,Gorongoza,Setembro,23.0
2025,Sofala,Chibabava,Maio,17.0
2025,Sofala,Gorongoza,Outubro,22.0
2025,Sofala,Gorongoza,Dezembro,21.0
2025,Sofala,Marromeu,Março,27.0
2025,Sofala,Marromeu,Fevereiro,27.0
2025,Sofala,Marromeu,Janeiro,27.0
2025,Sofala,Maringue,Dezembro,2.0
2025,Sofala,Maringue,Novembro,2.0
2025,Sofala,Maringue,Outubro,2.0
2025,Sofala,Maringue,Setembro,2.0
2025,Sofala,Maringue,Agosto,2.0
2025,Sofala,Chibabava,Junho,18.0
2025,Sofala,Nhamatanda,Junho,37.0
2025,Gaza,Gaza,Agosto,1272.0
2025,Gaza,Gaza,Outubro,1312.0
2025,Inhambane,Panda,Outubro,9.0
2025,Inhambane,Panda,Setembro,11.0
2025,Inhambane,Panda,Agosto,12.0
2025,Inhambane,Panda,Julho,12.0
2025,Inhambane,Panda,Junho,13.0
2025,Inhambane,Panda,Maio,13.0
2025,Inhambane,Panda,Abril,10.0
2025,Inhambane,Panda,Março,10.0
2025,Inhambane,Panda,Fevereiro,10.0
2025,Inhambane,Panda,Janeiro,11.0
2025,Inhambane,Morrumbene,Dezembro,52.0
2025,Inhambane,Morrumbene,Novembro,53.0
2025,Inhambane,Morrumbene,Outubro,53.0
2025,Inhambane,Morrumbene,Setembro,53.0
2025,Inhambane,Morrumbene,Agosto,53.0
2025,Inhambane,Morrumbene,Julho,54.0
2025,Inhambane,Morrumbene,Junho,56.0
2025,Inhambane,Morrumbene,Maio,56.0
2025,Inhambane,Morrumbene,Abril,56.0
2025,Inhambane,Morrumbene,Março,56.0
2025,Inhambane,Morrumbene,Fevereiro,56.0
2025,Inhambane,Morrumbene,Janeiro,56.0
2025,Inhambane,Vilankulo,Abril,360.0
2025,Inhambane,Massinga,Dezembro,103.0
2025,Inhambane,Vilankulo,Maio,362.0
2025,Inhambane,Panda,Novembro,8.0
2025,Inhambane,Panda,Dezembro,9.0
2025,Inhambane,Vilankulo,Janeiro,334.0
2025,Inhambane,Vilankulo,Fevereiro,343.0
2025,Gaza,Limpopo,Novembro,0.0
2025,Gaza,Limpopo,Outubro,0.0
2025,Gaza,Limpopo,Setembro,0.0
2025,Gaza,Limpopo,Agosto,0.0
2025,Gaza,Limpopo,Julho,0.0
2025,Gaza,Limpopo,Junho,0.0
2025,Gaza,Limpopo,Maio,0.0
2025,Gaza,Limpopo,Abril,0.0
2025,Gaza,Limpopo,Março,0.0
2025,Gaza,Limpopo,Fevereiro,0.0
2025,Gaza,Limpopo,Janeiro,0.0
2025,Gaza,Mapai,Dezembro,5.0
2025,Inhambane,Vilankulo,Julho,340.0
2025,Gaza,Mapai,Novembro,5.0
2025,Gaza,Mapai,Setembro,6.0
2025,Gaza,Mapai,Agosto,6.0
2025,Gaza,Mapai,Julho,6.0
2025,Gaza,Mapai,Junho,5.0
2025,Gaza,Mapai,Maio,5.0
2025,Gaza,Mapai,Abril,5.0
2025,Gaza,Mapai,Março,4.0
2025,Gaza,Mapai,Janeiro,4.0
2025,Inhambane,Homoine,Agosto,17.0
2025,Inhambane,Homoine,Setembro,17.0
2025,Inhambane,Homoine,Outubro,16.0
2025,Inhambane,Vilankulo,Março,355.0
2025,Gaza,Mapai,Outubro,6.0
2025,Sofala,Sofala,Outubro,2589.0
2025,Sofala,Sofala,Setembro,2569.0
2025,Sofala,Sofala,Agosto,2590.0
2025,Inhambane,Inhassoro,Novembro,84.0
2025,Inhambane,Inhassoro,Outubro,84.0
2025,Inhambane,Inhassoro,Setembro,86.0
2025,Inhambane,Inhassoro,Agosto,88.0
2025,Inhambane,Inhassoro,Julho,91.0
2025,Inhambane,Inhassoro,Junho,92.0
2025,Inhambane,Inhassoro,Maio,90.0
2025,Inhambane,Inhassoro,Abril,88.0
2025,Inhambane,Inhassoro,Março,89.0
2025,Inhambane,Inhassoro,Fevereiro,85.0
2025,Inhambane,Inhassoro,Janeiro,81.0
2025,Inhambane,Inharrime,Dezembro,40.0
2025,Inhambane,Inhassoro,Dezembro,84.0
2025,Inhambane,Inharrime,Novembro,41.0
2025,Inhambane,Inharrime,Setembro,40.0
2025,Inhambane,Inharrime,Agosto,40.0
2025,Inhambane,Inharrime,Julho,40.0
2025,Inhambane,Inharrime,Junho,39.0
2025,Inhambane,Inharrime,Maio,39.0
2025,Inhambane,Inharrime,Abril,36.0
2025,Inhambane,Inharrime,Março,37.0
2025,Inhambane,Inharrime,Fevereiro,38.0
2025,Inhambane,Inharrime,Janeiro,37.0
2025,Inhambane,Homoine,Dezembro,17.0
2025,Inhambane,Homoine,Novembro,17.0
2025,Inhambane,Jangamo,Fevereiro,39.0
2025,Inhambane,Inharrime,Outubro,40.0
2025,Gaza,Limpopo,Dezembro,0.0
2025,Inhambane,Jangamo,Janeiro,38.0
2025,Inhambane,Massinga,Novembro,100.0
2025,Sofala,Sofala,Julho,2662.0
2025,Sofala,Sofala,Junho,2774.0
2025,Sofala,Sofala,Maio,2762.0
2025,Sofala,Sofala,Abril,2730.0
2025,Sofala,Sofala,Março,2787.0
2025,Sofala,Sofala,Fevereiro,2780.0
2025,Sofala,Sofala,Janeiro,2763.0
2025,Inhambane,Zavala (Quissico),Dezembro,31.0
2025,Inhambane,Zavala (Quissico),Novembro,31.0
2025,Inhambane,Zavala (Quissico),Outubro,31.0
2025,Inhambane,Zavala (Quissico),Setembro,32.0
2025,Inhambane,Zavala (Quissico),Agosto,32.0
2025,Inhambane,Massinga,Setembro,98.0
2025,Inhambane,Zavala (Quissico),Julho,35.0
2025,Inhambane,Zavala (Quissico),Maio,36.0
2025,Inhambane,Zavala (Quissico),Abril,32.0
2025,Inhambane,Zavala (Quissico),Março,34.0
2025,Inhambane,Zavala (Quissico),Fevereiro,40.0
2025,Inhambane,Zavala (Quissico),Janeiro,38.0
2025,Inhambane,Vilankulo,Dezembro,357.0
2025,Inhambane,Vilankulo,Novembro,362.0
2025,Inhambane,Vilankulo,Outubro,357.0
2025,Inhambane,Vilankulo,Setembro,352.0
2025,Inhambane,Vilankulo,Agosto,348.0
2025,Inhambane,Vilankulo,Junho,358.0
2025,Gaza,Massangena,Julho,5.0
2025,Inhambane,Zavala (Quissico),Junho,34.0
2025,Inhambane,Inhambane,Janeiro,1769.0
2025,Inhambane,Inhambane,Fevereiro,1800.0
2025,Inhambane,Inhambane,Março,1805.0
2025,Inhambane,Cidade de Maxixe,Março,348.0
2025,Inhambane,Cidade de Maxixe,Fevereiro,349.0
2025,Inhambane,Cidade de Maxixe,Janeiro,342.0
2025,Inhambane,Cidade de Inhambane,Dezembro,645.0
2025,Inhambane,Cidade de Maxixe,Dezembro,325.0
2025,Inhambane,Cidade de Inhambane,Novembro,650.0
2025,Inhambane,Cidade de Inhambane,Setembro,631.0
2025,Inhambane,Cidade de Inhambane,Agosto,629.0
2025,Inhambane,Cidade de Inhambane,Julho,622.0
2025,Inhambane,Cidade de Inhambane,Junho,656.0
2025,Inhambane,Cidade de Inhambane,Maio,664.0
2025,Inhambane,Cidade de Inhambane,Abril,672.0
2025,Inhambane,Cidade de Maxixe,Abril,347.0
2025,Inhambane,Cidade de Inhambane,Março,680.0
2025,Inhambane,Cidade de Inhambane,Janeiro,681.0
2025,Inhambane,Inhambane,Dezembro,1741.0
2025,Inhambane,Inhambane,Novembro,1798.0
2025,Inhambane,Inhambane,Outubro,1773.0
2025,Inhambane,Cidade de Inhambane,Outubro,640.0
2025,Inhambane,Funhaloro,Janeiro,17.0
2025,Inhambane,Funhaloro,Fevereiro,18.0
2025,Inhambane,Funhaloro,Março,19.0
2025,Inhambane,Homoine,Junho,16.0
2025,Inhambane,Homoine,Maio,16.0
2025,Inhambane,Homoine,Abril,16.0
2025,Inhambane,Homoine,Março,15.0
2025,Inhambane,Cidade de Inhambane,Fevereiro,684.0
2025,Inhambane,Homoine,Fevereiro,16.0
2025,Inhambane,Cidade de Maxixe,Maio,364.0
2025,Inhambane,Cidade de Maxixe,Julho,373.0
2025,Cabo Delgado,Meluco,Março,8.0
2025,Cabo Delgado,Meluco,Fevereiro,8.0
2025,Cabo Delgado,Meluco,Janeiro,8.0
2025,Cabo Delgado,Mecufi,Dezembro,7.0
2025,Cabo Delgado,Mecufi,Novembro,7.0
2025,Cabo Delgado,Mecufi,Outubro,7.0
2025,Cabo Delgado,Mecufi,Setembro,7.0
2025,Cabo Delgado,Mecufi,Agosto,7.0
2025,Cabo Delgado,Mecufi,Julho,7.0
2025,Cabo Delgado,Mecufi,Junho,7.0
2025,Cabo Delgado,Mecufi,Maio,7.0
2025,Cabo Delgado,Mecufi,Abril,7.0
2025,Inhambane,Cidade de Maxixe,Junho,376.0
2025,Cabo Delgado,Mecufi,Março,6.0
2025,Cabo Delgado,Mecufi,Janeiro,6.0
2025,Cabo Delgado,Macomia,Dezembro,2.0
2025,Cabo Delgado,Macomia,Novembro,1.0
2025,Cabo Delgado,Macomia,Outubro,1.0
2025,Cabo Delgado,Macomia,Agosto,2.0
2025,Tete,Marara,Junho,0.0
2025,Sofala,Caia,Dezembro,15.0
2025,Tete,Marara,Abril,0.0
2025,Inhambane,Cidade de Maxixe,Novembro,370.0
2025,Inhambane,Cidade de Maxixe,Outubro,364.0
2025,Inhambane,Cidade de Maxixe,Setembro,366.0
2025,Inhambane,Cidade de Maxixe,Agosto,369.0
2025,Cabo Delgado,Mecufi,Fevereiro,6.0
2025,Inhambane,Massinga,Outubro,98.0
2025,Inhambane,Homoine,Janeiro,16.0
2025,Inhambane,Govuro,Novembro,15.0
2025,Gaza,Chonguene,Março,35.0
2025,Gaza,Chonguene,Fevereiro,36.0
2025,Gaza,Chonguene,Janeiro,37.0
2025,Gaza,Massingir,Dezembro,15.0
2025,Gaza,Massingir,Novembro,14.0
2025,Gaza,Massingir,Outubro,15.0
2025,Gaza,Massingir,Setembro,15.0
2025,Gaza,Massingir,Agosto,15.0
2025,Gaza,Massingir,Julho,14.0
2025,Gaza,Massingir,Junho,18.0
2025,Gaza,Massingir,Maio,18.0
2025,Gaza,Massingir,Abril,17.0
2025,Gaza,Chonguene,Abril,34.0
2025,Gaza,Massingir,Março,17.0
2025,Gaza,Massingir,Janeiro,16.0
2025,Gaza,Massangena,Dezembro,4.0
2025,Gaza,Massangena,Novembro,4.0
2025,Gaza,Massangena,Outubro,4.0
2025,Gaza,Massangena,Setembro,4.0
2025,Gaza,Massangena,Agosto,4.0
2025,Gaza,Chonguene,Novembro,34.0
2025,Inhambane,Homoine,Julho,16.0
2025,Gaza,Chonguene,Dezembro,34.0
2025,Gaza,Mapai,Fevereiro,5.0
2025,Inhambane,Inhambane,Maio,1828.0
2025,Inhambane,Inhambane,Abril,1798.0
2025,Gaza,Massingir,Fevereiro,16.0
2025,Inhambane,Govuro,Dezembro,15.0
2025,Gaza,Chonguene,Maio,35.0
2025,Gaza,Chonguene,Julho,31.0
2025,Inhambane,Govuro,Outubro,15.0
2025,Inhambane,Govuro,Setembro,14.0
2025,Inhambane,Govuro,Agosto,12.0
2025,Inhambane,Govuro,Julho,10.0
2025,Inhambane,Govuro,Junho,11.0
2025,Inhambane,Govuro,Maio,10.0
2025,Inhambane,Govuro,Abril,9.0
2025,Inhambane,Govuro,Março,9.0
2025,Inhambane,Govuro,Fevereiro,8.0
2025,Inhambane,Govuro,Janeiro,8.0
2025,Inhambane,Funhaloro,Dezembro,15.0
2025,Inhambane,Funhaloro,Novembro,15.0
2025,Gaza,Chonguene,Junho,35.0
2025,Inhambane,Funhaloro,Outubro,16.0
2025,Inhambane,Funhaloro,Agosto,19.0
2025,Inhambane,Funhaloro,Julho,17.0
2025,Inhambane,Funhaloro,Junho,18.0
2025,Inhambane,Funhaloro,Maio,19.0
2025,Inhambane,Funhaloro,Abril,20.0
2025,Inhambane,Inhambane,Setembro,1766.0
2025,Inhambane,Inhambane,Agosto,1766.0
2025,Inhambane,Inhambane,Julho,1762.0
2025,Inhambane,Inhambane,Junho,1827.0
2025,Gaza,Chonguene,Outubro,34.0
2025,Gaza,Chonguene,Setembro,34.0
2025,Gaza,Chonguene,Agosto,34.0
2025,Inhambane,Funhaloro,Setembro,16.0
2025,Inhambane,Jangamo,Março,38.0
2025,Inhambane,Jangamo,Maio,41.0
2025,Inhambane,Massinga,Agosto,97.0
2025,Província de Maputo,Cidade da Matola,Maio,3983.0
2025,Sofala,Sofala,Novembro,2620.0
2025,Gaza,Gaza,Janeiro,1343.0
2025,Gaza,Gaza,Março,1367.0
2025,Gaza,Guijá,Agosto,10.0
2025,Gaza,Guijá,Julho,10.0
2025,Gaza,Guijá,Junho,10.0
2025,Gaza,Guijá,Maio,7.0
2025,Gaza,Guijá,Abril,6.0
2025,Gaza,Guijá,Março,7.0
2025,Gaza,Guijá,Fevereiro,7.0
2025,Gaza,Guijá,Janeiro,5.0
2025,Província de Maputo,Cidade da Matola,Julho,3864.0
2025,Gaza,Chókwè,Dezembro,136.0
2025,Gaza,Chókwè,Outubro,137.0
2025,Gaza,Chókwè,Setembro,135.0
2025,Gaza,Chókwè,Agosto,130.0
2025,Gaza,Chókwè,Julho,131.0
2025,Gaza,Chókwè,Junho,136.0
2025,Gaza,Chókwè,Maio,135.0
2025,Gaza,Chókwè,Abril,134.0
2025,Gaza,Chókwè,Março,135.0
2025,Gaza,Chókwè,Fevereiro,136.0
2025,Gaza,Chókwè,Janeiro,132.0
2025,Gaza,Chigubo,Dezembro,2.0
2025,Gaza,Chigubo,Novembro,2.0
2025,Gaza,Chókwè,Novembro,142.0
2025,Gaza,Chigubo,Outubro,2.0
2025,Província de Maputo,Cidade da Matola,Agosto,3753.0
2025,Província de Maputo,Cidade da Matola,Outubro,3876.0
2025,Província de Maputo,Magude,Novembro,29.0
2025,Província de Maputo,Cidade da Matola,Abril,3987.0
2025,Província de Maputo,Cidade da Matola,Junho,4054.0
2025,Província de Maputo,Magude,Setembro,29.0
2025,Província de Maputo,Magude,Agosto,29.0
2025,Província de Maputo,Magude,Julho,31.0
2025,Província de Maputo,Magude,Junho,38.0
2025,Província de Maputo,Magude,Maio,38.0
2025,Província de Maputo,Magude,Abril,38.0
2025,Província de Maputo,Magude,Março,40.0
2025,Província de Maputo,Magude,Fevereiro,41.0
2025,Província de Maputo,Magude,Janeiro,36.0
2025,Província de Maputo,Cidade da Matola,Setembro,3789.0
2025,Província de Maputo,Boane,Dezembro,656.0
2025,Província de Maputo,Boane,Outubro,673.0
2025,Província de Maputo,Boane,Setembro,657.0
2025,Província de Maputo,Boane,Agosto,630.0
2025,Província de Maputo,Boane,Julho,682.0
2025,Província de Maputo,Boane,Junho,719.0
2025,Província de Maputo,Boane,Maio,727.0
2025,Província de Maputo,Boane,Abril,703.0
2025,Província de Maputo,Boane,Março,729.0
2025,Província de Maputo,Boane,Fevereiro,732.0
2025,Província de Maputo,Boane,Janeiro,728.0
2025,Província de Maputo,Cidade da Matola,Dezembro,3823.0
2025,Província de Maputo,Cidade da Matola,Novembro,3952.0
2025,Província de Maputo,Boane,Novembro,698.0
2025,Província de Maputo,Cidade da Matola,Março,4018.0
2025,Gaza,Chigubo,Setembro,2.0
2025,Gaza,Chigubo,Julho,2.0
2025,Gaza,Mabalane,Fevereiro,7.0
2025,Gaza,Mabalane,Janeiro,7.0
2025,Gaza,Guijá,Novembro,10.0
2025,Gaza,Gaza,Fevereiro,1359.0
2025,Gaza,Chigubo,Abril,3.0
2025,Gaza,Chigubo,Fevereiro,1.0
2025,Gaza,Bilene-Macia,Junho,287.0
2025,Gaza,Bilene-Macia,Maio,292.0
2025,Gaza,Bilene-Macia,Abril,289.0
2025,Gaza,Bilene-Macia,Março,291.0
2025,Gaza,Bilene-Macia,Fevereiro,285.0
2025,Gaza,Bilene-Macia,Janeiro,283.0
2025,Gaza,Mabalane,Março,7.0
2025,Gaza,Cidade de Xai-Xai,Dezembro,657.0
2025,Gaza,Cidade de Xai-Xai,Outubro,695.0
2025,Gaza,Cidade de Xai-Xai,Setembro,689.0
2025,Gaza,Cidade de Xai-Xai,Agosto,666.0
2025,Gaza,Cidade de Xai-Xai,Julho,669.0
2025,Gaza,Cidade de Xai-Xai,Junho,708.0
2025,Gaza,Cidade de Xai-Xai,Maio,692.0
2025,Gaza,Cidade de Xai-Xai,Abril,690.0
2025,Gaza,Cidade de Xai-Xai,Março,693.0
2025,Gaza,Cidade de Xai-Xai,Fevereiro,694.0
2025,Gaza,Cidade de Xai-Xai,Janeiro,680.0
2025,Gaza,Gaza,Dezembro,1261.0
2025,Gaza,Gaza,Novembro,1336.0
2025,Gaza,Cidade de Xai-Xai,Novembro,711.0
2025,Gaza,Chigubo,Agosto,2.0
2025,Gaza,Mabalane,Abril,7.0
2025,Gaza,Mabalane,Junho,7.0
2025,Gaza,Chigubo,Junho,2.0
2025,Gaza,Guijá,Setembro,11.0
2025,Gaza,Chigubo,Maio,2.0
2025,Gaza,Guijá,Outubro,10.0
2025,Gaza,Guijá,Dezembro,8.0
2025,Gaza,Massangena,Março,5.0
2025,Gaza,Massangena,Fevereiro,5.0
2025,Gaza,Massangena,Janeiro,6.0
2025,Gaza,Manjacaze,Dezembro,86.0
2025,Gaza,Manjacaze,Novembro,89.0
2025,Gaza,Manjacaze,Outubro,90.0
2025,Gaza,Manjacaze,Setembro,85.0
2025,Gaza,Mabalane,Maio,7.0
2025,Gaza,Manjacaze,Agosto,85.0
2025,Gaza,Manjacaze,Junho,96.0
2025,Gaza,Manjacaze,Maio,96.0
2025,Gaza,Manjacaze,Abril,91.0
2025,Gaza,Manjacaze,Março,94.0
2025,Gaza,Manjacaze,Fevereiro,93.0
2025,Gaza,Manjacaze,Janeiro,96.0
2025,Gaza,Mabalane,Dezembro,7.0
2025,Gaza,Mabalane,Novembro,7.0
2025,Gaza,Mabalane,Outubro,7.0
2025,Gaza,Mabalane,Setembro,7.0
2025,Gaza,Mabalane,Agosto,7.0
2025,Gaza,Mabalane,Julho,7.0
2025,Gaza,Manjacaze,Julho,88.0
2025,Gaza,Gaza,Setembro,1301.0
2025,Niassa,Chimbunhila,Novembro,1.0
2025,Província de Maputo,Cidade de Maputo,Fevereiro,20616.0
2025,Província de Maputo,Matutuíne,Abril,338.0
2025,Província de Maputo,Matutuíne,Março,346.0
2025,Província de Maputo,Matutuíne,Fevereiro,350.0
2025,Província de Maputo,Matutuíne,Janeiro,348.0
2025,Província de Maputo,Marracuene,Dezembro,700.0
2025,Província de Maputo,Marracuene,Novembro,702.0
2025,Província de Maputo,Marracuene,Outubro,690.0
2025,Província de Maputo,Marracuene,Setembro,681.0
2025,Província de Maputo,Marracuene,Agosto,680.0
2025,Província de Maputo,Marracuene,Julho,682.0
2025,Província de Maputo,Marracuene,Junho,700.0
2025,Província de Maputo,Marracuene,Maio,696.0
2025,Gaza,Massangena,Abril,5.0
2025,Província de Maputo,Marracuene,Abril,694.0
2025,Província de Maputo,Marracuene,Fevereiro,703.0
2025,Província de Maputo,Marracuene,Janeiro,692.0
2025,Província de Maputo,Manhiça,Dezembro,162.0
2025,Província de Maputo,Manhiça,Novembro,159.0
2025,Província de Maputo,Manhiça,Outubro,155.0
2025,Província de Maputo,Manhiça,Setembro,155.0
2025,Província de Maputo,Manhiça,Agosto,151.0
2025,Província de Maputo,Manhiça,Julho,156.0
2025,Província de Maputo,Manhiça,Junho,168.0
2025,Província de Maputo,Manhiça,Maio,171.0
2025,Província de Maputo,Manhiça,Abril,170.0
2025,Província de Maputo,Manhiça,Março,171.0
2025,Província de Maputo,Marracuene,Março,700.0
2025,Província de Maputo,Manhiça,Fevereiro,162.0
2025,Gaza,Massangena,Maio,5.0
2025,Inhambane,Jangamo,Abril,39.0
2025,Inhambane,Massinga,Julho,102.0
2025,Inhambane,Massinga,Junho,102.0
2025,Inhambane,Massinga,Maio,103.0
2025,Inhambane,Massinga,Abril,99.0
2025,Inhambane,Massinga,Março,101.0
2025,Inhambane,Massinga,Fevereiro,100.0
2025,Inhambane,Massinga,Janeiro,98.0
2025,Inhambane,Mabote,Dezembro,12.0
2025,Inhambane,Mabote,Novembro,12.0
2025,Inhambane,Mabote,Outubro,12.0
2025,Inhambane,Mabote,Setembro,12.0
2025,Inhambane,Mabote,Agosto,12.0
2025,Gaza,Massangena,Junho,5.0
2025,Inhambane,Mabote,Julho,14.0
2025,Inhambane,Mabote,Maio,15.0
2025,Inhambane,Mabote,Abril,14.0
2025,Inhambane,Mabote,Março,14.0
2025,Inhambane,Mabote,Fevereiro,14.0
2025,Inhambane,Mabote,Janeiro,12.0
2025,Inhambane,Jangamo,Dezembro,36.0
2025,Inhambane,Jangamo,Novembro,40.0
2025,Inhambane,Jangamo,Outubro,38.0
2025,Inhambane,Jangamo,Setembro,38.0
2025,Inhambane,Jangamo,Agosto,38.0
2025,Inhambane,Jangamo,Julho,36.0
2025,Inhambane,Jangamo,Junho,42.0
2025,Inhambane,Mabote,Junho,14.0
2025,Província de Maputo,Cidade de Maputo,Janeiro,20478.0
2025,Província de Maputo,Matutuíne,Maio,332.0
2025,Província de Maputo,Matutuíne,Junho,338.0
2025,Província de Maputo,Magude,Dezembro,29.0
2025,Província de Maputo,Magude,Outubro,29.0
2025,Província de Maputo,Cidade da Matola,Fevereiro,4047.0
2025,Província de Maputo,Cidade da Matola,Janeiro,3983.0
2025,Província de Maputo,Cidade de Maputo,Dezembro,13182.0
2025,Província de Maputo,Cidade de Maputo,Novembro,13626.0
2025,Província de Maputo,Cidade de Maputo,Outubro,13433.0
2025,Província de Maputo,Cidade de Maputo,Setembro,13298.0
2025,Província de Maputo,Cidade de Maputo,Agosto,13295.0
2025,Província de Maputo,Cidade de Maputo,Julho,13416.0
2025,Província de Maputo,Cidade de Maputo,Junho,14010.0
2025,Província de Maputo,Cidade de Maputo,Maio,13994.0
2025,Província de Maputo,Moamba,Dezembro,92.0
2025,Província de Maputo,Cidade de Maputo,Abril,14014.0
2025,Província de Maputo,Cidade de Maputo,Fevereiro,14438.0
2025,Província de Maputo,Cidade de Maputo,Janeiro,14395.0
2025,Província de Maputo,Cidade de Maputo,Dezembro,19013.0
2025,Província de Maputo,Cidade de Maputo,Novembro,19629.0
2025,Província de Maputo,Cidade de Maputo,Outubro,19308.0
2025,Província de Maputo,Cidade de Maputo,Setembro,19048.0
2025,Província de Maputo,Cidade de Maputo,Agosto,18984.0
2025,Província de Maputo,Cidade de Maputo,Julho,19292.0
2025,Província de Maputo,Cidade de Maputo,Junho,20167.0
2025,Província de Maputo,Cidade de Maputo,Maio,20080.0
2025,Província de Maputo,Cidade de Maputo,Abril,20080.0
2025,Província de Maputo,Cidade de Maputo,Março,20516.0
2025,Província de Maputo,Cidade de Maputo,Março,14364.0
2025,Província de Maputo,Manhiça,Janeiro,156.0
2025,Província de Maputo,Matutuíne,Julho,325.0
2025,Província de Maputo,Matutuíne,Outubro,322.0
2025,Província de Maputo,Matutuíne,Agosto,320.0
2025,Província de Maputo,Moamba,Novembro,92.0
2025,Província de Maputo,Moamba,Outubro,92.0
2025,Província de Maputo,Moamba,Setembro,91.0
2025,Província de Maputo,Moamba,Agosto,90.0
2025,Província de Maputo,Moamba,Julho,101.0
2025,Província de Maputo,Moamba,Junho,105.0
2025,Província de Maputo,Moamba,Maio,106.0
2025,Província de Maputo,Moamba,Abril,103.0
2025,Província de Maputo,Moamba,Março,112.0
2025,Província de Maputo,Moamba,Fevereiro,107.0
2025,Província de Maputo,Moamba,Janeiro,104.0
2025,Província de Maputo,Matutuíne,Setembro,311.0
2025,Província de Maputo,Namaacha,Dezembro,37.0
2025,Província de Maputo,Namaacha,Outubro,38.0
2025,Província de Maputo,Namaacha,Setembro,37.0
2025,Província de Maputo,Namaacha,Agosto,36.0
2025,Província de Maputo,Namaacha,Julho,35.0
2025,Província de Maputo,Namaacha,Junho,35.0
2025,Província de Maputo,Namaacha,Maio,33.0
2025,Província de Maputo,Namaacha,Abril,33.0
2025,Província de Maputo,Namaacha,Março,36.0
2025,Província de Maputo,Namaacha,Fevereiro,36.0
2025,Província de Maputo,Namaacha,Janeiro,36.0
2025,Província de Maputo,Matutuíne,Dezembro,332.0
2025,Província de Maputo,Matutuíne,Novembro,333.0
2025,Província de Maputo,Namaacha,Novembro,38.0
2025,Sofala,Nhamatanda,Maio,34.0
